/*--------------------------------*- C++ -*----------------------------------*\
  =========                 |
  \\      /  F ield         | OpenFOAM: The Open Source CFD Toolbox
   \\    /   O peration     | Website:  https://openfoam.org
    \\  /    A nd           | Version:  13
     \\/     M anipulation  |
\*---------------------------------------------------------------------------*/
FoamFile
{
    format      ascii;
    class       volScalarField;
    location    "0.0018";
    object      p;
}
// * * * * * * * * * * * * * * * * * * * * * * * * * * * * * * * * * * * * * //

dimensions      [1 -1 -2 0 0 0 0];

internalField   nonuniform List<scalar> 
16072
(
4507.78
4657.59
4627.5
4569.25
4502.62
4430.22
4407.53
4682.49
4628.5
4609.99
4602.6
4550.79
4332.79
4623.43
4657.15
4606.07
4556.91
4497.17
4236.65
4586.43
4663.19
4592.79
4531.42
4474.25
4157.33
4520.57
4631.24
4605.19
4533.18
4463.4
4095.15
4465.66
4619.98
4627.76
4553.59
4471.92
4054.74
4356.94
4573.87
4626.73
4579.15
4494.07
4031.52
4258.82
4540.94
4620.72
4598.2
4520.57
4020.18
4158.86
4451.23
4604.1
4601.45
4551.89
4014.44
4095.73
4350.15
4578.42
4586.82
4571.17
4012.07
4055.01
4225.61
4505.81
4567.63
4578.77
4010.95
4031.79
4137.89
4393.22
4544.25
4577.42
4010.41
4020.15
4075.79
4250.01
4471.2
4572.23
4010.17
4014.51
4041.59
4140.9
4363.8
4553.03
4010.06
4012.01
4023.88
4074.18
4223.01
4461.33
4010.02
4010.84
4015.97
4038.12
4118.95
4313.57
4010.01
4010.32
4012.48
4021.84
4058.61
4163.53
4010
4010.11
4010.96
4014.75
4029.96
4072.74
4010
4010.04
4010.34
4011.83
4017.54
4035.12
4010
4010.01
4010.11
4010.63
4012.8
4019.44
4010
4010
4010.03
4010.2
4010.94
4013.37
4010
4010
4010.01
4010.06
4010.28
4011.09
4010
4010
4010
4010.02
4010.08
4010.32
4010
4010
4010
4010
4010.02
4010.08
4010
4010
4010
4010
4010
4010.02
4010
4010
4010
4010
4010
4010
4010
4010
4010
4010
4010
4010
4010
4010
4010
4010
4010
4010
4010
4010
4010
4010
4010
4010
4010
4010
4010
4010
4010
4010
4010
4010
4010
4010
4010
4010
4010
4010
4010
4010
4010
4010
4010
4010
4010
4010
4010
4010
4010
4010
4010
4010
4010
4010
4010
4010
4010
4010
4010
4010
4010
4010
4010
4010
4010
4010
4010
4010
4010
4010
4010
4010
4010
4010
4010
4010
4010
4010
4010
4010
4010
4010
4010
4010
4010
4010
4010
4010
4010
4010
4010
4010
4010
4010
4010
4010
4010
4010
4010
4010
4010
4010
4010
4010
4010
4010
4010
4010
4010
4010
4010
4010
4010
4010
4010
4010
4010
4010
4010
4010
4010
4010
4010
4010
4010
4010
4010
4010
4010
4010
4010
4010
4010
4010
4010
4010
4010
4010
4010
4010
4010
4010
4010
4010
4010
4010
4010
4010
4010
4010
4010
4010
4010
4010
4010
4010
4010
4010
4010
4010
4010
4010
4010
4010
4010
4010
4010
4010
4010
4010
4010
4010
4010
4010
4010
4010
4010
4010
4010
4010
4010
4010
4010
4010
4010
4010
4010
4010
4010
4010
4010
4010
4010
4010
4010
4010
4010
4010
4010
4010
4010
4010
4010
4010
4010
4010
4010
4010
4010
4010
4010
4010
4010
4010
4010
4010
4010
4010
4010
4010
4010
4010
4010
4010
4010
4010
4010
4010
4010
4010
4010
4010
4010
4010
4010
4010
4010
4010
4010
4010
4010
4010
4010
4010
4010
4010
4010
4010
4010
4010
4010
4010.01
4010
4010
4010
4010
4010
4010.01
4010
4010
4010
4010
4010
4010.03
4010
4010
4010
4010
4010
4010.04
4010
4010
4010
4010
4010
4010.07
4010
4010
4010
4010
4010
4010.12
4010
4010
4010
4010
4010
4010.17
4010
4010
4010
4010
4010.01
4010.23
4010
4010
4010
4010
4010.01
4010.21
4010
4010
4010
4010
4010.02
4009.96
4010
4010
4010
4010
4010.02
4009.72
4010
4010
4010
4010
4010.03
4009.59
4010
4010
4010
4010
4010.04
4009.6
4010
4010
4010
4010
4010.04
4009.5
4010
4010
4010
4010
4010.05
4009.96
4010
4010
4010
4010
4010.05
4004.76
4382.68
4330.69
4319.49
4295.11
4273.4
4275.34
4275.69
4271.55
4270.5
4271.95
4272.81
4272.93
4273.17
4273.57
4273.75
4274.36
4274.73
4273.87
4272.29
4270.33
4268.61
4266.96
4265.17
4263.75
4262.87
4262.37
4261.82
4261.31
4260.54
4259.68
4258.76
4257.99
4257.53
4257.07
4256.18
4254.86
4253.19
4251.71
4250.22
4249.11
4248.63
4248.13
4247.7
4248.5
4250.02
4252.25
4256.58
4253.02
4238.78
4225.9
4216.05
4208.63
4202.46
4197.65
4193.57
4190.16
4187.44
4185.38
4183.48
4182.03
4180.9
4180
4178.94
4178.05
4177.2
4176.52
4175.81
4175.42
4175.09
4174.88
4174.45
4174.12
4173.65
4173.31
4172.8
4172.45
4171.94
4171.6
4171.13
4170.86
4170.5
4170.33
4169.98
4169.78
4169.37
4169.12
4168.68
4168.38
4167.84
4167.46
4166.89
4166.56
4166.08
4165.85
4165.48
4165.31
4164.97
4164.8
4164.44
4164.17
4163.8
4163.51
4163.19
4162.9
4162.61
4162.26
4161.96
4161.64
4161.62
4162.14
4496.27
4428.33
4403.22
4367.65
4336.62
4330.1
4324.16
4314.27
4308.52
4305.82
4302.78
4299.27
4296.44
4293.84
4291.42
4289.63
4287.77
4285.08
4281.94
4278.48
4275.35
4272.49
4269.83
4267.41
4265.73
4264.53
4263.43
4262.42
4261.1
4259.95
4258.77
4257.96
4257.55
4257.03
4256.19
4254.69
4252.94
4251.26
4250.08
4249.48
4248.45
4248.03
4247.47
4247.87
4248.67
4249.18
4251.81
4249.37
4237.5
4225.57
4215.97
4208.61
4202.45
4197.64
4193.58
4190.18
4187.46
4185.4
4183.51
4182.06
4180.93
4180.03
4178.98
4178.09
4177.24
4176.56
4175.86
4175.47
4175.14
4174.93
4174.51
4174.18
4173.72
4173.38
4172.87
4172.52
4172.02
4171.68
4171.22
4170.96
4170.6
4170.43
4170.08
4169.88
4169.48
4169.23
4168.79
4168.5
4167.96
4167.58
4167.02
4166.7
4166.21
4165.99
4165.62
4165.46
4165.12
4164.95
4164.6
4164.34
4163.96
4163.68
4163.36
4163.08
4162.79
4162.44
4162.15
4161.82
4161.8
4162.31
4448.64
4394.39
4378.16
4347.46
4321.25
4317.93
4313.15
4304.76
4300.65
4299.56
4298.26
4296.47
4295.18
4294.08
4292.95
4292.25
4291.36
4289.57
4287
4284.18
4281.57
4279.01
4276.51
4274.31
4272.55
4271.41
4270.27
4269.07
4267.54
4265.96
4264.54
4263.49
4262.8
4261.93
4260.88
4259.42
4257.57
4255.53
4254.09
4253.31
4251.81
4251.29
4250.79
4251.23
4252.16
4253.24
4256.64
4253.93
4241.04
4228.38
4218.45
4210.99
4204.79
4199.95
4195.84
4192.41
4189.65
4187.55
4185.62
4184.13
4182.96
4182.01
4180.91
4179.98
4179.08
4178.36
4177.61
4177.18
4176.8
4176.53
4176.06
4175.68
4175.18
4174.79
4174.25
4173.85
4173.31
4172.93
4172.43
4172.13
4171.73
4171.53
4171.14
4170.91
4170.47
4170.19
4169.72
4169.39
4168.83
4168.41
4167.83
4167.47
4166.96
4166.71
4166.31
4166.12
4165.76
4165.57
4165.18
4164.9
4164.5
4164.19
4163.85
4163.55
4163.23
4162.86
4162.55
4162.2
4162.15
4162.58
4441
4394.32
4385.81
4364.08
4342.38
4339.8
4335.26
4325.73
4319.63
4316.44
4313.13
4309.64
4306.69
4304.13
4301.83
4300.05
4298.57
4296.18
4293.07
4289.86
4286.96
4284.09
4281.34
4279
4277.16
4275.87
4274.68
4273.46
4271.92
4270.39
4269.05
4267.89
4266.94
4265.97
4264.71
4263.2
4261.43
4259.63
4257.81
4256.35
4255.39
4254.93
4254.25
4254.29
4254.66
4254.53
4256.38
4253.76
4242.15
4230.25
4220.6
4213.2
4206.99
4202.15
4198.06
4194.63
4191.88
4189.78
4187.86
4186.37
4185.19
4184.24
4183.13
4182.2
4181.29
4180.56
4179.8
4179.36
4178.98
4178.71
4178.24
4177.85
4177.34
4176.95
4176.4
4176
4175.45
4175.07
4174.56
4174.25
4173.84
4173.63
4173.24
4173
4172.55
4172.27
4171.78
4171.45
4170.88
4170.46
4169.86
4169.5
4168.98
4168.72
4168.31
4168.11
4167.74
4167.54
4167.15
4166.86
4166.45
4166.14
4165.79
4165.47
4165.15
4164.77
4164.45
4164.09
4164.02
4164.29
4409.47
4361.33
4350.17
4329.5
4315.76
4320.23
4320.94
4318.17
4317.86
4318.04
4316.52
4314.1
4311.78
4309.44
4306.96
4304.95
4303.18
4300.53
4297.3
4293.92
4290.86
4287.93
4285.06
4282.64
4280.81
4279.5
4278.24
4277
4275.44
4273.92
4272.62
4271.36
4270.26
4269.21
4267.84
4266.11
4264.13
4262.26
4260.42
4258.92
4258.25
4257.44
4256.5
4256.57
4257.01
4257.07
4259.42
4257.28
4245.24
4232.5
4222.4
4214.79
4208.48
4203.58
4199.45
4196.01
4193.25
4191.14
4189.2
4187.7
4186.52
4185.55
4184.44
4183.49
4182.57
4181.83
4181.06
4180.6
4180.19
4179.91
4179.43
4179.03
4178.51
4178.1
4177.54
4177.12
4176.56
4176.16
4175.64
4175.31
4174.89
4174.67
4174.26
4174.01
4173.55
4173.25
4172.75
4172.41
4171.83
4171.39
4170.79
4170.42
4169.88
4169.61
4169.2
4168.99
4168.61
4168.4
4168
4167.69
4167.27
4166.95
4166.59
4166.27
4165.94
4165.56
4165.22
4164.84
4164.74
4164.82
4416.11
4356.18
4337.46
4314.75
4301.11
4303.07
4304.96
4306.38
4310.43
4314.62
4316.96
4317.76
4317.66
4316.6
4314.62
4312.64
4310.64
4307.67
4303.99
4300.08
4296.4
4292.89
4289.52
4286.65
4284.43
4282.78
4281.3
4279.84
4278.08
4276.44
4275.06
4273.69
4272.49
4271.34
4269.87
4268.01
4265.96
4263.86
4262.08
4260.81
4260.05
4258.85
4257.82
4257.88
4258.18
4257.84
4259.75
4258.06
4246.53
4233.78
4223.47
4215.68
4209.25
4204.27
4200.1
4196.63
4193.86
4191.75
4189.81
4188.31
4187.12
4186.15
4185.04
4184.1
4183.19
4182.44
4181.67
4181.2
4180.79
4180.51
4180.04
4179.64
4179.12
4178.71
4178.15
4177.73
4177.17
4176.77
4176.24
4175.92
4175.5
4175.27
4174.86
4174.61
4174.15
4173.85
4173.35
4173.01
4172.43
4172
4171.39
4171.02
4170.49
4170.22
4169.81
4169.59
4169.22
4169.01
4168.6
4168.3
4167.88
4167.56
4167.2
4166.89
4166.56
4166.18
4165.84
4165.45
4165.34
4165.15
4424.49
4366.79
4336.99
4305.89
4292.43
4287.96
4282.48
4283.38
4289.15
4294.56
4299.15
4303.87
4308.18
4311.18
4312.74
4313.59
4313.76
4312.36
4309.59
4306.17
4302.61
4299
4295.36
4292.1
4289.47
4287.42
4285.65
4283.8
4281.75
4279.84
4278.22
4276.66
4275.3
4273.92
4272.25
4270.27
4268.1
4265.92
4264.07
4262.71
4261.63
4260.39
4259.29
4259.27
4259.49
4259.04
4260.95
4260.06
4248.97
4235.62
4224.77
4216.62
4209.98
4204.87
4200.62
4197.1
4194.3
4192.15
4190.19
4188.66
4187.45
4186.46
4185.34
4184.38
4183.46
4182.71
4181.93
4181.44
4181.03
4180.74
4180.28
4179.88
4179.35
4178.94
4178.38
4177.95
4177.39
4176.99
4176.46
4176.13
4175.71
4175.48
4175.07
4174.8
4174.34
4174.04
4173.54
4173.19
4172.61
4172.18
4171.57
4171.2
4170.68
4170.4
4169.99
4169.77
4169.4
4169.19
4168.78
4168.48
4168.05
4167.74
4167.37
4167.06
4166.72
4166.35
4166.02
4165.61
4165.49
4164.96
4444.5
4377.57
4343.28
4309.69
4296.95
4286.73
4276.31
4275.35
4278.55
4280.98
4283.49
4287.29
4291.81
4296.02
4299.64
4303.14
4306.38
4308.22
4308.38
4307.35
4305.51
4303.14
4300.26
4297.41
4294.92
4292.86
4290.96
4288.87
4286.62
4284.42
4282.49
4280.66
4279.02
4277.35
4275.43
4273.26
4270.88
4268.58
4266.56
4265.03
4263.62
4262.54
4261.26
4261.02
4261.07
4260.4
4262.09
4261.93
4251.77
4238.07
4226.58
4217.98
4211.06
4205.77
4201.41
4197.82
4194.96
4192.76
4190.76
4189.2
4187.95
4186.93
4185.78
4184.8
4183.86
4183.09
4182.29
4181.79
4181.35
4181.06
4180.59
4180.19
4179.65
4179.23
4178.65
4178.22
4177.65
4177.24
4176.7
4176.36
4175.93
4175.69
4175.28
4175.01
4174.54
4174.23
4173.73
4173.37
4172.79
4172.35
4171.74
4171.37
4170.84
4170.56
4170.15
4169.93
4169.55
4169.34
4168.92
4168.62
4168.18
4167.87
4167.5
4167.19
4166.85
4166.48
4166.15
4165.71
4165.59
4164.7
4466
4399.27
4351.14
4313.93
4304.93
4288.25
4272.07
4272.83
4276.01
4275.83
4275.92
4278.07
4280.66
4282.69
4284.62
4287.36
4290.86
4293.99
4296.23
4297.78
4298.62
4298.78
4298.16
4297.25
4296.39
4295.61
4294.63
4293.16
4291.34
4289.31
4287.44
4285.59
4283.8
4281.95
4279.83
4277.46
4274.84
4272.33
4270.08
4268.33
4266.71
4265.67
4264.03
4263.49
4263.36
4262.49
4263.92
4264.54
4255.59
4241.65
4229.32
4220.08
4212.74
4207.2
4202.69
4198.98
4196.03
4193.76
4191.7
4190.08
4188.77
4187.69
4186.5
4185.49
4184.51
4183.7
4182.87
4182.34
4181.87
4181.55
4181.08
4180.67
4180.11
4179.67
4179.08
4178.63
4178.05
4177.62
4177.07
4176.72
4176.27
4176.02
4175.6
4175.31
4174.83
4174.51
4174
4173.64
4173.04
4172.6
4171.98
4171.6
4171.07
4170.79
4170.37
4170.15
4169.76
4169.54
4169.12
4168.81
4168.36
4168.04
4167.67
4167.37
4167.02
4166.65
4166.31
4165.85
4165.73
4164.46
4498.81
4418.98
4363.77
4322.79
4313.18
4292.18
4272.75
4273.58
4275.68
4274.36
4274.03
4275.77
4277.53
4278.31
4278.66
4279.5
4281.13
4282.73
4283.82
4284.67
4285.48
4286.25
4286.84
4287.56
4288.56
4289.75
4290.76
4291.23
4291.13
4290.51
4289.76
4288.73
4287.48
4285.99
4284.14
4281.92
4279.39
4276.9
4274.6
4272.65
4271.02
4269.74
4267.77
4266.95
4266.65
4265.52
4266.59
4268.01
4260.53
4246.64
4233.32
4223.19
4215.29
4209.4
4204.65
4200.79
4197.72
4195.34
4193.18
4191.47
4190.07
4188.91
4187.65
4186.58
4185.55
4184.68
4183.81
4183.23
4182.71
4182.36
4181.87
4181.43
4180.85
4180.38
4179.77
4179.3
4178.69
4178.24
4177.66
4177.28
4176.81
4176.55
4176.11
4175.81
4175.31
4174.97
4174.45
4174.07
4173.46
4173.01
4172.38
4171.99
4171.45
4171.16
4170.73
4170.5
4170.11
4169.89
4169.45
4169.12
4168.66
4168.34
4167.95
4167.66
4167.3
4166.93
4166.59
4166.1
4166
4164.4
4533.2
4452.09
4376.01
4336.14
4322.46
4294.28
4274.06
4275.54
4276.07
4273.28
4273.19
4275.33
4276.95
4277.08
4276.8
4276.95
4277.68
4278.44
4278.74
4278.55
4277.92
4277.04
4276.18
4275.94
4276.63
4278.02
4279.64
4281.11
4282.29
4283.23
4284.18
4284.91
4285.27
4285.15
4284.51
4283.33
4281.71
4279.94
4278.2
4276.55
4275.35
4273.89
4271.99
4271.04
4270.54
4269.23
4269.82
4272.06
4266.57
4253.33
4239.05
4227.72
4219
4212.62
4207.55
4203.44
4200.2
4197.68
4195.39
4193.55
4192.02
4190.72
4189.37
4188.23
4187.12
4186.17
4185.22
4184.57
4183.98
4183.58
4183.05
4182.58
4181.96
4181.45
4180.8
4180.28
4179.64
4179.15
4178.55
4178.13
4177.63
4177.33
4176.87
4176.54
4176.02
4175.66
4175.12
4174.71
4174.08
4173.61
4172.97
4172.57
4172.02
4171.71
4171.27
4171.03
4170.63
4170.39
4169.93
4169.59
4169.11
4168.78
4168.38
4168.09
4167.71
4167.35
4167
4166.47
4166.41
4164.64
4553.39
4487.75
4401.51
4353.7
4333.05
4298.91
4280.06
4278.82
4275.65
4272.44
4273.53
4275.69
4276.75
4276.46
4276.22
4276.43
4276.95
4277.44
4277.54
4277.17
4276.21
4274.68
4272.78
4271.16
4270.3
4270.28
4270.71
4271.23
4271.73
4272.32
4273.32
4274.48
4275.57
4276.47
4277.09
4277.34
4277.22
4276.92
4276.51
4276.03
4275.89
4275.15
4274.1
4273.66
4273.4
4272.36
4272.61
4275.56
4272.64
4261.02
4246.27
4233.69
4224
4216.96
4211.49
4207.14
4203.7
4200.93
4198.43
4196.44
4194.79
4193.35
4191.85
4190.56
4189.32
4188.27
4187.26
4186.53
4185.85
4185.34
4184.74
4184.2
4183.53
4182.98
4182.28
4181.71
4181.02
4180.47
4179.8
4179.33
4178.78
4178.45
4177.96
4177.6
4177.04
4176.66
4176.08
4175.64
4174.97
4174.48
4173.81
4173.39
4172.82
4172.5
4172.03
4171.79
4171.37
4171.12
4170.63
4170.27
4169.76
4169.42
4169
4168.71
4168.31
4167.94
4167.58
4167.02
4167
4165.28
4561.3
4521.66
4439.77
4381.06
4341.64
4301.33
4289.18
4283.61
4275.02
4270.79
4273.51
4276.19
4276.89
4276.25
4276.08
4276.51
4276.9
4277.24
4277.42
4277.16
4276.17
4274.45
4272.31
4270.46
4269.24
4268.6
4268.19
4267.77
4267.29
4266.86
4266.75
4266.87
4267.02
4267.11
4267.18
4267.24
4267.4
4267.69
4268.11
4268.61
4269.44
4269.73
4269.94
4270.32
4271.05
4271.14
4271.73
4275.57
4275.77
4267.18
4253.14
4239.7
4229.1
4221.53
4215.7
4211.11
4207.58
4204.81
4202.28
4200.1
4198.19
4196.57
4195.04
4193.74
4192.4
4191.15
4189.96
4189.1
4188.34
4187.78
4187.12
4186.51
4185.75
4185.1
4184.31
4183.67
4182.93
4182.32
4181.59
4181.06
4180.44
4180.04
4179.49
4179.08
4178.47
4178.05
4177.42
4176.94
4176.24
4175.7
4174.99
4174.54
4173.95
4173.6
4173.1
4172.85
4172.4
4172.12
4171.59
4171.19
4170.64
4170.3
4169.84
4169.56
4169.12
4168.76
4168.37
4167.79
4167.8
4166.36
4543.08
4530.74
4479.47
4414.92
4353.86
4313.1
4299.77
4290.32
4274.83
4271.8
4274.11
4276.03
4276.11
4275.51
4275.95
4276.7
4276.87
4276.78
4276.97
4277.19
4276.73
4275.24
4272.99
4270.84
4269.38
4268.55
4267.94
4267.23
4266.35
4265.48
4264.8
4264.29
4263.78
4263.18
4262.49
4261.74
4261.1
4260.61
4260.35
4260.32
4260.68
4261.02
4261.4
4261.94
4262.69
4263.62
4264.43
4268.47
4271.7
4267.52
4256.01
4242.64
4231.28
4223.16
4217.46
4213.3
4209.92
4207.1
4204.74
4203
4201.45
4199.84
4198.11
4196.62
4195.31
4194.26
4193.24
4192.37
4191.44
4190.64
4189.84
4189.2
4188.49
4187.88
4187.06
4186.31
4185.44
4184.7
4183.87
4183.27
4182.62
4182.2
4181.63
4181.18
4180.52
4180.02
4179.31
4178.76
4177.99
4177.41
4176.66
4176.18
4175.55
4175.17
4174.64
4174.37
4173.88
4173.57
4172.97
4172.54
4171.92
4171.56
4171.05
4170.78
4170.29
4169.94
4169.49
4168.92
4168.91
4168.07
4514.46
4540.24
4517.23
4455.5
4378.41
4334.73
4311.12
4296.66
4275.51
4273.19
4276.06
4276.96
4275.99
4274.97
4275.41
4276.45
4276.85
4276.61
4276.53
4276.76
4276.75
4275.86
4274.05
4271.89
4270.08
4268.86
4268.06
4267.4
4266.65
4265.76
4264.86
4264.04
4263.23
4262.34
4261.35
4260.34
4259.44
4258.61
4257.85
4257.08
4256.49
4255.94
4255.54
4255.13
4255.17
4255.66
4255.98
4258.72
4263
4262.75
4254.67
4241.95
4229.77
4220.6
4214.02
4209.82
4207.32
4205.48
4203.47
4201.6
4200.21
4199.45
4198.87
4198.1
4196.84
4195.52
4194.46
4193.94
4193.59
4193.24
4192.58
4191.84
4190.96
4190.23
4189.45
4188.83
4188.1
4187.47
4186.66
4185.97
4185.19
4184.65
4183.99
4183.49
4182.82
4182.33
4181.62
4181.06
4180.26
4179.64
4178.84
4178.31
4177.64
4177.23
4176.67
4176.38
4175.84
4175.49
4174.82
4174.36
4173.67
4173.3
4172.72
4172.45
4171.9
4171.55
4171.02
4170.51
4170.33
4170.28
4475.27
4540.52
4532.38
4491.63
4416.49
4363.61
4321
4303.57
4281.11
4278.92
4278.84
4275.32
4273.55
4274.04
4275.23
4276.14
4276.5
4276.41
4276.44
4276.66
4276.74
4276.21
4274.95
4273.18
4271.42
4269.96
4268.86
4267.99
4267.2
4266.29
4265.26
4264.2
4263.21
4262.26
4261.29
4260.29
4259.39
4258.55
4257.75
4256.92
4256.06
4255.17
4254.4
4253.47
4252.46
4252.51
4252.04
4252.67
4256.03
4258.32
4254.45
4243.48
4229.99
4218.69
4210.86
4205.34
4201.23
4198.87
4197.91
4197.29
4196.07
4194.5
4193.36
4193.11
4193.36
4193.56
4193.23
4192.58
4191.88
4191.52
4191.46
4191.68
4191.75
4191.59
4190.96
4190.16
4189.23
4188.53
4187.9
4187.52
4187.1
4186.85
4186.38
4185.91
4185.16
4184.52
4183.72
4183.12
4182.35
4181.77
4181.01
4180.53
4179.88
4179.49
4178.93
4178.64
4178.05
4177.67
4176.94
4176.47
4175.7
4175.34
4174.71
4174.5
4173.87
4173.61
4172.94
4172.64
4172.04
4172.66
4357.89
4529.04
4524
4507.81
4464.02
4403.72
4341.3
4317.81
4293.03
4289.47
4283.23
4275.78
4272.71
4273.66
4275.64
4276.49
4276.5
4276.16
4276.35
4276.88
4277.34
4277.22
4276.31
4274.63
4272.65
4270.92
4269.69
4268.81
4268.02
4267.07
4265.87
4264.56
4263.37
4262.4
4261.58
4260.83
4260.13
4259.44
4258.65
4257.71
4256.63
4255.47
4254.54
4253.74
4252.58
4251.96
4251.82
4251.03
4252.41
4255.57
4255.97
4249.63
4237.14
4222.72
4211.58
4205.02
4200.46
4196.19
4192.53
4190.67
4190.37
4190.35
4189.46
4187.75
4186.11
4185.51
4186.02
4187.12
4187.84
4187.76
4187.05
4186.45
4186.26
4186.66
4187.25
4187.83
4187.97
4187.79
4187.22
4186.67
4186.15
4185.96
4185.81
4185.82
4185.56
4185.32
4184.83
4184.45
4183.79
4183.27
4182.52
4182.08
4181.49
4181.21
4180.7
4180.48
4179.92
4179.64
4178.95
4178.54
4177.76
4177.43
4176.76
4176.58
4175.89
4175.68
4174.91
4174.82
4173.91
4174.5
4229.64
4475.2
4481.55
4497.12
4490.84
4448.31
4385.41
4340.92
4306.17
4297.17
4286.46
4274.53
4272.69
4274.08
4275.95
4276.18
4275.92
4275.62
4275.92
4276.65
4277.51
4278.01
4277.7
4276.32
4274.17
4272
4270.52
4269.71
4269.12
4268.35
4267.11
4265.52
4264
4262.87
4262.1
4261.5
4260.95
4260.38
4259.68
4258.78
4257.61
4256.3
4255.11
4254.24
4253.28
4252.32
4251.92
4251.48
4250.93
4252.9
4255.5
4254.59
4247.68
4234.52
4219.81
4208.43
4201.76
4198.42
4195.19
4191.2
4187.69
4185.87
4185.8
4186.19
4185.63
4183.84
4181.82
4180.67
4180.76
4181.72
4182.73
4183.14
4182.76
4181.95
4181.13
4180.72
4180.74
4181.21
4181.79
4182.36
4182.64
4182.75
4182.59
4182.38
4182.03
4181.83
4181.66
4181.72
4181.67
4181.69
4181.47
4181.43
4181.21
4181.16
4180.83
4180.68
4180.23
4180.06
4179.49
4179.22
4178.55
4178.41
4177.85
4177.93
4177.31
4177.36
4176.42
4176.64
4175.43
4175.85
4115.84
4294.16
4414.02
4500.69
4500.71
4484.76
4442.16
4377.16
4330.24
4307.9
4293.22
4276.79
4275.02
4276.66
4276.58
4276.12
4275.68
4275.68
4275.85
4276.37
4277.23
4278.04
4278.37
4277.66
4275.88
4273.56
4271.63
4270.59
4270.06
4269.5
4268.43
4266.77
4264.97
4263.59
4262.77
4262.34
4262
4261.58
4260.92
4260.01
4258.78
4257.42
4256.14
4255.16
4254.34
4253.47
4252.75
4252.17
4251.51
4251.14
4253.2
4255.06
4253.87
4247.01
4234.77
4220.27
4207.66
4199.95
4196.4
4194.9
4192.45
4188.72
4185.26
4183.28
4182.96
4183.37
4183.41
4182.45
4180.65
4178.84
4177.78
4177.72
4178.41
4179.37
4179.87
4179.58
4178.58
4177.36
4176.36
4175.94
4176.03
4176.61
4177.24
4177.78
4177.86
4177.72
4177.31
4177.06
4176.73
4176.66
4176.47
4176.65
4176.7
4177.06
4177.13
4177.46
4177.39
4177.62
4177.35
4177.42
4176.94
4177.02
4176.62
4176.82
4176.37
4176.6
4175.87
4176.03
4175.31
4175.41
4051.04
4142.11
4317.78
4492.12
4493.69
4478.91
4464.27
4423.3
4375.46
4329.25
4309.13
4285.24
4280.75
4279.32
4276.59
4275.59
4275.99
4276.37
4276.12
4276.2
4276.85
4277.69
4278.13
4277.83
4276.78
4274.97
4273.16
4271.97
4271.24
4270.64
4269.73
4268.21
4266.36
4264.8
4263.79
4263.24
4262.92
4262.59
4262.04
4261.15
4259.91
4258.51
4257.2
4256.16
4255.42
4254.77
4254.08
4253.25
4252.46
4251.66
4251.37
4253.08
4254.42
4253.08
4247.34
4236.47
4222.46
4208.83
4199.26
4194.57
4193.04
4192.24
4190.28
4187
4183.66
4181.46
4180.93
4181.51
4182.19
4182.06
4180.69
4178.58
4176.77
4175.93
4176.04
4176.62
4177.17
4177.41
4177.13
4176.32
4175.22
4174.28
4173.69
4173.47
4173.38
4173.42
4173.46
4173.54
4173.47
4173.29
4172.93
4172.72
4172.52
4172.49
4172.39
4172.47
4172.41
4172.53
4172.41
4172.48
4172.29
4172.51
4172.41
4172.81
4172.64
4172.88
4172.4
4172.54
4171.78
4172.27
4024.73
4063.91
4174.54
4339.96
4424.54
4466.24
4477.08
4463.62
4426.65
4370.23
4332.81
4297.5
4289.46
4282.1
4276.43
4275.94
4277.26
4276.99
4276.19
4276.02
4276.35
4277.01
4277.47
4277.51
4277.06
4276.08
4274.87
4273.91
4273.04
4272.1
4270.97
4269.48
4267.78
4266.34
4265.29
4264.55
4264.01
4263.5
4262.87
4261.99
4260.81
4259.46
4258.2
4257.15
4256.41
4255.84
4255.23
4254.38
4253.4
4252.48
4251.6
4251.17
4252.55
4253.57
4252.66
4248.33
4238.94
4226
4212.41
4201.23
4194.16
4191.53
4190.81
4190.32
4188.75
4185.9
4182.94
4180.8
4180.09
4180.29
4180.67
4180.66
4180.11
4179.03
4177.76
4176.42
4175.49
4175.08
4175.15
4175.31
4175.38
4175.24
4174.95
4174.38
4173.55
4172.63
4171.91
4171.5
4171.29
4171.13
4170.92
4170.82
4170.7
4170.69
4170.49
4170.42
4170.13
4170.03
4169.57
4169.34
4168.73
4168.7
4168.31
4168.52
4168.2
4168.38
4167.8
4167.89
4166.88
4167
4015.07
4029.6
4074.28
4176.31
4329.94
4457.71
4474.95
4466.49
4452.67
4423.73
4376.4
4331.77
4306.38
4289.37
4278.05
4278.43
4278.61
4277.39
4276.19
4275.72
4275.9
4276.27
4276.8
4276.89
4276.84
4276.65
4276.19
4275.53
4274.84
4273.88
4272.55
4270.93
4269.19
4267.73
4266.67
4265.85
4265.19
4264.61
4263.96
4263.1
4262.01
4260.79
4259.63
4258.6
4257.78
4257.11
4256.42
4255.46
4254.37
4253.32
4252.43
4251.45
4251.18
4252.16
4253.01
4252.84
4249.04
4241.65
4230.77
4217.62
4204.92
4196.08
4191.26
4189.32
4188.66
4188.42
4187.55
4185.51
4183.16
4181.03
4179.58
4178.65
4178.48
4178.83
4179.21
4178.96
4178.15
4176.98
4176
4175.05
4174.4
4174
4174.03
4174
4173.82
4173.29
4172.84
4172.35
4172
4171.44
4170.94
4170.39
4170.12
4169.78
4169.59
4169.32
4169.29
4169.08
4168.97
4168.51
4168.18
4167.63
4167.36
4166.92
4166.59
4165.84
4165.6
4164.57
4164.43
4162.59
4011.63
4016.67
4032.43
4075.95
4175.56
4320.24
4417.16
4436.2
4453.11
4452.65
4431.39
4388.6
4339.66
4312.25
4288.19
4283.41
4278.81
4276.07
4275.85
4275.51
4275.15
4275.17
4275.59
4276.15
4276.66
4276.87
4276.8
4276.6
4276.23
4275.46
4274.21
4272.65
4270.97
4269.48
4268.25
4267.18
4266.35
4265.7
4265.02
4264.19
4263.21
4262.24
4261.32
4260.43
4259.6
4258.79
4257.87
4256.69
4255.36
4254.16
4253.14
4252.22
4251.43
4251.27
4251.85
4252.48
4252.16
4249.41
4243.93
4235.15
4223.52
4210.84
4200.34
4192.78
4188.73
4187.23
4186.8
4186.75
4186.34
4185.2
4183.49
4181.17
4179.26
4178.23
4178.15
4178.12
4177.98
4177.68
4177.49
4176.99
4176.33
4175.47
4174.97
4174.38
4173.82
4172.98
4172.52
4172.18
4172.18
4171.94
4171.8
4171.42
4171.25
4170.78
4170.41
4169.79
4169.51
4169.02
4168.78
4168.19
4167.88
4167.35
4167.16
4166.75
4166.42
4165.84
4165.65
4164.92
4166.59
4167.2
4010.47
4012.1
4017.47
4032.56
4072.11
4160.62
4290.1
4391.33
4451.85
4452.15
4444.71
4428.24
4395.65
4355.42
4319.77
4296.78
4281.23
4277.4
4278.16
4276.68
4274.92
4274.9
4275.19
4276.12
4276.7
4276.71
4276.64
4276.65
4276.35
4275.88
4275.18
4274.2
4272.85
4271.36
4269.98
4268.73
4267.72
4266.98
4266.26
4265.38
4264.39
4263.5
4262.71
4261.89
4261.02
4260.11
4259.06
4257.75
4256.24
4254.92
4253.91
4253
4252.2
4251.56
4251.36
4251.58
4251.76
4251.31
4249.45
4245.71
4239.28
4229.85
4218.45
4206.75
4197.29
4190.75
4187.61
4185.91
4185.33
4185.27
4185.02
4184.05
4182.66
4181.25
4180.28
4179.24
4178.24
4177.34
4177.08
4176.85
4176.58
4176.19
4176.13
4175.88
4175.46
4174.49
4173.75
4173.05
4172.78
4172.26
4172.02
4171.61
4171.6
4171.25
4171.1
4170.6
4170.5
4169.96
4169.75
4168.83
4168.57
4167.53
4167.71
4166.78
4167.2
4167.45
4169.11
4171.7
4179.71
4194.65
4010.12
4010.6
4012.31
4017.2
4031.04
4062.71
4136.89
4249.22
4368.56
4417.02
4423.16
4428.15
4427.9
4411.11
4377.11
4336.28
4307.35
4294.1
4287.66
4279.9
4275.23
4275.37
4276.39
4276.87
4276.78
4276.6
4276.46
4276.21
4276.23
4276.14
4275.97
4275.66
4274.88
4273.47
4271.84
4270.41
4269.24
4268.34
4267.54
4266.65
4265.61
4264.68
4263.91
4263.08
4262.13
4261.13
4260.08
4258.88
4257.49
4256.2
4255.16
4254.29
4253.37
4252.53
4251.9
4251.48
4251.24
4251
4250.54
4249.43
4247.08
4242.74
4235.79
4226.12
4215.13
4204.19
4196.29
4191.14
4187.46
4185.4
4184.8
4184.21
4183.3
4182.68
4182.54
4182.11
4181.13
4179.61
4178.55
4177.78
4177.11
4176.34
4176.19
4176.16
4176.01
4175.37
4174.85
4174.39
4174.19
4173.74
4173.38
4172.81
4172.5
4171.92
4171.52
4170.98
4170.81
4170.5
4170.27
4169.74
4169.5
4169
4169.54
4169.6
4171.53
4175
4182.35
4196.05
4224.38
4276.84
4010.03
4010.16
4010.64
4012.17
4016.38
4027.32
4051.82
4110.11
4206.35
4314.47
4381.18
4427.13
4429.94
4424.68
4413.65
4390.44
4357.18
4323.18
4301.21
4285.95
4280.34
4280.37
4279.07
4277.05
4276.13
4276.12
4276.01
4275.59
4275.4
4275.42
4275.52
4275.68
4275.54
4274.98
4273.81
4272.29
4270.92
4269.77
4268.8
4267.86
4266.83
4265.85
4265.06
4264.23
4263.24
4262.2
4261.27
4260.35
4259.29
4258.22
4257.27
4256.4
4255.47
4254.38
4253.37
4252.48
4251.7
4251.11
4250.7
4250.4
4249.86
4248.58
4245.89
4241.04
4233.65
4224.08
4213.73
4204.77
4197.67
4191.21
4188.1
4186.39
4184.38
4182.73
4182.77
4183.02
4182.69
4181.64
4180.75
4180.12
4179.4
4178.23
4177.46
4177.04
4176.72
4175.98
4175.33
4174.98
4174.94
4174.75
4174.57
4174.16
4173.84
4173.2
4172.71
4172.06
4171.83
4171.39
4171.29
4171.26
4171.57
4172.39
4174.37
4178.05
4185.01
4197.58
4223.45
4272.98
4384.36
4641.86
4010.01
4010.04
4010.16
4010.58
4011.82
4015.16
4023.05
4041.64
4080.89
4155.13
4251.96
4342.72
4401.06
4399.56
4404.17
4405.8
4399.76
4380.14
4349.18
4321.49
4303.64
4291.72
4282.72
4277.62
4276.91
4277.3
4276.77
4275.61
4275.28
4275.45
4275.77
4275.85
4275.76
4275.48
4274.89
4274.02
4273.05
4271.97
4270.77
4269.58
4268.41
4267.28
4266.36
4265.47
4264.43
4263.38
4262.58
4261.96
4261.28
4260.48
4259.69
4258.89
4257.97
4256.82
4255.58
4254.44
4253.43
4252.51
4251.76
4251.46
4251.32
4251.02
4250.17
4248.34
4244.95
4239.85
4232.89
4224.09
4215.13
4206.26
4198.18
4193.2
4189.82
4186.02
4184.37
4184.26
4183.84
4182.64
4181.73
4181.46
4181.12
4180.25
4179.4
4178.91
4178.54
4177.79
4176.73
4175.98
4175.76
4175.66
4175.51
4175.24
4174.88
4174.38
4173.94
4173.6
4173.63
4173.62
4174.16
4175.26
4177.51
4181.47
4188.44
4201.83
4228.12
4277.5
4401.91
4651.44
5213.28
6391.31
4010
4010.01
4010.04
4010.14
4010.47
4011.39
4013.76
4019.33
4031.87
4056.1
4108.93
4189.78
4285.49
4338.55
4388.84
4406.55
4403.89
4399.02
4390.81
4373.4
4345.91
4319.43
4301.51
4292.13
4288.4
4284.38
4280.04
4277.73
4278.1
4278.87
4278.44
4277.48
4276.62
4276.18
4275.74
4275.11
4274.43
4273.76
4272.88
4271.8
4270.66
4269.45
4268.31
4267.22
4266.02
4264.81
4264.01
4263.58
4263.18
4262.59
4261.89
4261.16
4260.29
4259.2
4257.96
4256.83
4255.86
4254.94
4254.02
4253.34
4253.02
4252.74
4252.25
4251.31
4249.66
4247.1
4243.78
4239.45
4233.42
4225.97
4217
4207.58
4201.22
4195.92
4190.58
4188.18
4187.2
4185.7
4183.62
4182.72
4182.3
4181.44
4180.35
4180.1
4179.98
4179.49
4178.42
4177.37
4177.01
4176.87
4176.74
4176.34
4175.95
4175.78
4175.72
4176.08
4176.78
4178.2
4180.8
4185.46
4194.08
4210.39
4239.55
4306.85
4448.37
4716.71
5442.32
6553.95
7944.33
9197.42
4010
4010
4010.01
4010.03
4010.11
4010.34
4010.97
4012.53
4016.13
4023.72
4039.56
4070.92
4123.33
4206.35
4291.28
4350.33
4363.91
4380.91
4389.93
4387.81
4380.01
4363.73
4343.57
4324.63
4307.63
4293.27
4282.96
4282.02
4282.51
4281.69
4279.33
4278.13
4278.23
4278.22
4277.73
4276.72
4275.8
4275.24
4274.76
4274.13
4273.36
4272.4
4271.21
4269.88
4268.44
4266.96
4265.9
4265.38
4264.95
4264.37
4263.57
4262.81
4262.08
4261.21
4260.26
4259.36
4258.54
4257.71
4256.75
4255.74
4255.01
4254.43
4253.81
4253.08
4252.13
4250.65
4248.69
4246.64
4244.09
4240.45
4235.28
4227.98
4219.41
4211.97
4204.97
4198.18
4194.66
4192.22
4188.96
4185.63
4184.63
4183.8
4182.17
4181.54
4181.41
4180.98
4179.82
4178.4
4178.04
4178.03
4178.13
4177.98
4177.88
4178.3
4179.37
4181.3
4184.73
4190.94
4202.6
4223.77
4269.8
4363.7
4524.82
4973.49
5769.92
6853.15
8198.91
9588.79
11032.6
11521.8
4010
4010
4010
4010.01
4010.02
4010.08
4010.23
4010.62
4011.56
4013.71
4018.17
4027.55
4044.26
4078.86
4131.76
4205.21
4276.13
4331.75
4374.09
4375.97
4372.27
4372.53
4370.47
4363.16
4347.6
4328.27
4309.6
4298.58
4291.33
4282.86
4278.53
4278.4
4279.75
4279.72
4278.7
4277.44
4276.96
4276.97
4276.91
4276.64
4276.15
4275.58
4274.79
4273.64
4272.04
4270.17
4268.57
4267.62
4266.92
4266.13
4265.11
4264.12
4263.42
4262.77
4262.1
4261.5
4260.9
4260.17
4259.21
4258.03
4256.95
4256.08
4255.29
4254.62
4253.95
4252.98
4251.6
4250.31
4249.12
4247.61
4245.26
4241.77
4236.68
4230.39
4224.13
4217.04
4209.88
4204.23
4199.59
4193.66
4190.13
4188.66
4186.65
4184.7
4184.02
4183.32
4181.94
4180.36
4179.95
4180.13
4180.69
4181.53
4182.78
4185.49
4190.9
4201.04
4219.28
4256.81
4328.03
4448.44
4778.71
5361.02
6189.48
7490.6
8849.21
10279.6
10925.8
11378.5
11975.2
12507.7
4010
4010
4010
4010
4010
4010.02
4010.05
4010.14
4010.36
4010.89
4012.07
4014.58
4019.48
4029.01
4046.55
4075.85
4128.18
4192.02
4259.31
4310.72
4341.26
4368.7
4370.46
4367.46
4361.68
4357.95
4351.2
4339
4322.42
4306.26
4292.99
4288.67
4286.36
4283.05
4278.89
4277.47
4277.72
4278.11
4277.91
4277.22
4276.76
4276.56
4276.2
4275.44
4274.36
4273.06
4271.73
4270.64
4269.73
4268.7
4267.38
4266.05
4265.21
4264.6
4263.97
4263.36
4262.72
4261.9
4260.81
4259.54
4258.49
4257.69
4256.98
4256.34
4255.7
4254.88
4253.77
4252.81
4252.13
4251.42
4250.38
4248.76
4246.26
4242.94
4239.09
4234.97
4229.86
4223.49
4217.17
4210.18
4203.31
4198.31
4195.45
4191.86
4189.77
4188.08
4186.48
4185.31
4185.38
4186.37
4188.95
4193.89
4203.2
4221.06
4257.85
4321.56
4433
4719.01
5174.35
5886.37
7133.45
8355.83
9702.85
10500.9
11109.5
11864.9
12445.9
12540.5
12563.4
12625.4
4010
4010
4010
4010
4010
4010
4010.01
4010.03
4010.07
4010.19
4010.47
4011.08
4012.37
4014.87
4019.74
4028.39
4043.35
4070.85
4110.42
4169.41
4231.73
4281.18
4321.11
4338.83
4353.87
4358.94
4358.67
4356.35
4351
4342.19
4331.05
4318.72
4307.77
4298.99
4290.23
4284.27
4282.19
4280.9
4278.96
4276.88
4276.13
4276.11
4276.27
4276.23
4276.01
4275.76
4275.52
4275.08
4274.26
4273.01
4271.33
4269.59
4268.38
4267.56
4266.73
4265.81
4264.87
4263.88
4262.71
4261.31
4260.22
4259.54
4258.97
4258.36
4257.66
4256.86
4255.88
4255.05
4254.52
4254.1
4253.61
4252.91
4251.69
4249.89
4247.75
4245.74
4243.39
4240.44
4236.05
4230.63
4223.98
4216.66
4211.77
4206.86
4203.33
4199.98
4199.39
4200.57
4204.5
4213.94
4232.63
4267.47
4327.5
4458.04
4752.72
5163.06
5897.55
7087.08
8187.3
9446.7
10253.9
10963.3
11855.2
12330.9
12349.8
12442.9
12623.8
12826
12902
12909.6
4010
4010
4010
4010
4010
4010
4010
4010
4010.01
4010.04
4010.1
4010.23
4010.52
4011.13
4012.33
4014.65
4018.75
4026.1
4038.7
4058.09
4092.76
4138.78
4192.23
4243.57
4286.83
4316.81
4332.26
4338.89
4346.05
4346.45
4344.84
4341.7
4336.99
4330.01
4320.73
4309.95
4300.24
4293.86
4288.95
4283.7
4279.25
4278.23
4278.55
4278.65
4277.91
4277.35
4277.17
4276.85
4276.17
4275.07
4273.85
4272.97
4272.33
4271.68
4270.78
4269.52
4268.16
4267.01
4265.9
4264.53
4263.24
4262.36
4261.71
4261.04
4260.26
4259.29
4258.17
4257.23
4256.66
4256.34
4256.05
4255.61
4254.83
4253.6
4252.25
4251.27
4250.34
4249.28
4247.58
4245.2
4241.78
4238.07
4234.57
4231.6
4231.86
4235.35
4244.21
4263.79
4305.07
4383.22
4551.39
4820.19
5243.84
6154.77
7322.54
8352.55
9495.73
10292.7
11090.4
12004.7
12154.9
12244.9
12475.3
12763
12842.9
12839.3
12843.3
12868.1
12920
12955.1
4010
4010
4010
4010
4010
4010
4010
4010
4010
4010.01
4010.02
4010.04
4010.11
4010.24
4010.51
4011.05
4012.08
4013.95
4017.28
4022.98
4032.02
4047.56
4069.98
4103.97
4150.78
4201.04
4245.29
4278.91
4312.88
4327.13
4327
4329.83
4334.61
4335.98
4334.62
4331.32
4326.38
4319.81
4312.48
4304.7
4296.28
4290.26
4287.1
4284.5
4281.17
4277.97
4277.63
4277.36
4276.57
4275.5
4275.17
4274.95
4274.56
4273.88
4272.98
4271.95
4270.99
4270.3
4269.64
4268.73
4267.61
4266.53
4265.65
4264.87
4264.03
4262.99
4261.63
4260.25
4259.34
4258.8
4258.4
4257.9
4257.1
4256
4255.15
4254.64
4254.67
4254.86
4255.24
4256.17
4258.13
4262.28
4270.21
4286.07
4318.35
4375.65
4485
4680.83
5031.21
5755.65
6770.98
7661.38
8810.26
9954.59
10622.3
11419.2
12060.4
12192.8
12409.7
12723.1
12781.9
12750.6
12765.5
12838.8
12951.7
12994.7
12999.2
12996.9
12992.2
12982.1
4010
4010
4010
4010
4010
4010
4010
4010
4010
4010
4010
4010.01
4010.02
4010.05
4010.1
4010.22
4010.46
4010.9
4011.72
4013.18
4015.69
4019.77
4026.49
4036.98
4052.73
4078.65
4114.08
4155.76
4199.51
4244.73
4273.33
4294.1
4319.12
4328.04
4325.85
4323.91
4324.51
4326.11
4325.54
4323.38
4318.99
4313.04
4305.9
4299.63
4294.62
4289.32
4285.41
4283.5
4281.79
4279.94
4278.72
4277.85
4276.95
4275.89
4274.75
4274.11
4273.65
4273.07
4272.26
4271.08
4269.96
4269.3
4268.88
4268.54
4268.06
4267.3
4266.19
4264.62
4263.3
4262.3
4261.6
4261
4260.22
4259.64
4259.79
4260.46
4262.24
4266.21
4274.1
4288.51
4314.95
4364.27
4459.55
4626.43
4942.3
5533.07
6320.4
7212.35
8455.03
9757.62
10426.5
11164.1
12038.6
12208.9
12342
12645.9
12830.6
12807.2
12823.7
12902.2
12995.9
13027.1
13027.2
13028
13029.9
13022
13012.4
13005.6
12995.1
12981.4
4010
4010
4010
4010
4010
4010
4010
4010
4010
4010
4010
4010
4010
4010.01
4010.02
4010.05
4010.1
4010.2
4010.4
4010.76
4011.4
4012.53
4014.38
4017.42
4022.42
4029.77
4041.38
4059.72
4083.56
4117.74
4165.89
4203.08
4235.85
4271.07
4288.26
4302.25
4319.3
4323.16
4321.82
4320.41
4320.84
4320.85
4319.77
4317.1
4313.13
4308.22
4301.82
4295.68
4291.57
4288.43
4285.26
4282.84
4281.49
4280.29
4278.89
4277.69
4276.84
4276.1
4275.21
4273.99
4272.94
4272.43
4271.95
4271.27
4270.34
4269.33
4268.5
4267.61
4267.1
4266.62
4266.54
4266.92
4268.14
4270.98
4276.63
4287.16
4306.74
4346.14
4424.96
4555.11
4805.22
5303.08
6022.32
6983.32
8262.26
9372.26
10129.5
11062.4
11829.8
12095.4
12355.2
12760.1
12944.3
12915.8
12903.7
12962.6
13054
13070.7
13067.2
13061.5
13059
13062.2
13064.6
13062.5
13054.9
13043.4
13036.7
13033.6
13033.2
13031.3
4010
4010
4010
4010
4010
4010
4010
4010
4010
4010
4010
4010
4010
4010
4010
4010.01
4010.02
4010.04
4010.09
4010.18
4010.34
4010.63
4011.14
4011.99
4013.4
4015.74
4019.27
4024.68
4033.43
4045.46
4064.34
4094.08
4124.62
4160.39
4204.11
4235.64
4266.56
4286.73
4295.38
4306.27
4318.31
4319.77
4318.77
4317.01
4316.73
4316.3
4314.87
4311.51
4307.26
4303.37
4299.27
4294.54
4290.45
4287.37
4284.2
4281.54
4280.08
4279.45
4278.72
4277.76
4276.75
4275.93
4275.16
4274.3
4273.11
4271.91
4271.65
4272
4273.07
4275.34
4279.63
4287.77
4304.17
4336.09
4396.8
4508.51
4686.67
5095.92
5807.1
6648.18
7781.98
8947.21
9949.13
10983.4
11532.1
11890.4
12339.7
12870.1
12977.1
12945
12961.4
13051.3
13089.3
13074.9
13051.2
13058.2
13080.8
13107.5
13125.4
13125.9
13121.3
13114.5
13109.6
13108.8
13110.1
13111.9
13112.5
13111.5
13108.5
13100.2
4010
4010
4010
4010
4010
4010
4010
4010
4010
4010
4010
4010
4010
4010
4010
4010
4010
4010.01
4010.02
4010.04
4010.08
4010.15
4010.28
4010.52
4010.91
4011.58
4012.67
4014.37
4017.02
4021.25
4027.31
4036.69
4050.47
4068.03
4096.94
4133.71
4166.64
4204.5
4235.72
4258.4
4284.25
4295.31
4300.54
4308.53
4315.92
4316.34
4315.13
4313.28
4312.74
4312.37
4311.37
4308.94
4304.73
4300.03
4295.86
4292.14
4288.33
4285.77
4283.75
4281.98
4279.82
4278.95
4278.51
4278.72
4279.45
4280.9
4283.92
4290.11
4302.53
4327.24
4373.23
4459
4612.22
4943.44
5562.1
6335.2
7354.83
8638.26
9595.25
10642.3
11444.9
11832.1
12248
12749.6
12912.4
12923.5
12976.3
12996.5
12994.3
12990.3
13039.5
13119.5
13176.4
13188.8
13183.8
13171.1
13158.2
13157.3
13159.7
13160.8
13159.5
13156.2
13150.8
13142.4
13131.4
13125.1
13123.6
13122.2
13119.1
13112.6
4010
4010
4010
4010
4010
4010
4010
4010
4010
4010
4010
4010
4010
4010
4010
4010
4010
4010
4010
4010.01
4010.02
4010.04
4010.07
4010.13
4010.24
4010.43
4010.74
4011.25
4012.08
4013.39
4015.44
4018.47
4023.13
4029.87
4039.49
4055.56
4075.73
4100.52
4137.03
4172.06
4203.82
4237.27
4257.53
4275.38
4295.24
4299.84
4302.32
4307.3
4312.26
4312.61
4312.11
4311.01
4310.15
4309.31
4307.84
4305.13
4301.47
4297.42
4294.05
4292.18
4289.6
4288.89
4289.88
4293.49
4301.93
4319.65
4355.88
4425.16
4551.92
4836.42
5333.57
6012.61
7010.23
8298.33
9313.82
10305.5
11280.4
11713.4
12108.1
12699.3
12965
12987.7
12938.9
12877.6
12914
12983.8
13094.1
13159.8
13161.7
13168
13194.7
13214.9
13221
13217.2
13208
13195.3
13178.9
13166.9
13162.5
13160.2
13157.4
13153.3
13147.6
13140.1
13133.5
13131.1
13130.9
13130.3
13127.7
13122.9
4010
4010
4010
4010
4010
4010
4010
4010
4010
4010
4010
4010
4010
4010
4010
4010
4010
4010
4010
4010
4010
4010.01
4010.02
4010.03
4010.06
4010.11
4010.2
4010.35
4010.6
4011
4011.64
4012.65
4014.16
4016.53
4020
4025.14
4032.97
4043.16
4058.41
4081.93
4107.44
4139.21
4176.68
4205.66
4234.85
4258.31
4272.03
4286.98
4298.29
4300.34
4303.16
4308.02
4310.41
4310.19
4309.57
4308.82
4308.74
4308.7
4309.58
4312.08
4317.33
4327.93
4352.45
4404.75
4500.29
4710.27
5116.41
5726.74
6701.72
7991.56
9036.27
10075
10999.5
11517.9
12001.9
12684.1
12948.4
12946
12869.3
12863.8
12966.7
13086.8
13116.3
13111.2
13121.2
13164
13219.9
13243
13243.7
13238.8
13223.4
13200.1
13180.7
13171.6
13168.7
13170.4
13172.8
13172.3
13171
13168
13163.4
13158.2
13151.7
13144.4
13140.2
13138.5
13138.6
13138.9
13137.3
13133.2
4010
4010
4010
4010
4010
4010
4010
4010
4010
4010
4010
4010
4010
4010
4010
4010
4010
4010
4010
4010
4010
4010
4010
4010.01
4010.02
4010.03
4010.05
4010.09
4010.17
4010.29
4010.48
4010.8
4011.3
4012.07
4013.27
4015.06
4017.72
4021.68
4027.16
4035.48
4047.37
4062.48
4085.83
4115.02
4143.53
4176.33
4209.13
4234.58
4255.71
4269.91
4282.33
4295.87
4304.49
4304.85
4306.24
4310.1
4318.08
4331.96
4356.1
4400.28
4479.36
4620.23
4948.74
5519.12
6319.68
7502.04
8693.37
9828.11
10785.2
11345.7
11909.6
12607.6
12864.9
12849.1
12785.9
12828
12975.2
13086.5
13100.8
13115.7
13170.3
13240.3
13257.3
13258.6
13254.4
13251.2
13249
13233.9
13209.5
13186.6
13169.1
13161
13159.6
13162.2
13166.7
13175
13183.3
13187.2
13187.2
13182.3
13173.1
13163.2
13153.4
13145.3
13142.1
13141
13141.1
13142.1
13144
13142.9
4010
4010
4010
4010
4010
4010
4010
4010
4010
4010
4010
4010
4010
4010
4010
4010
4010
4010
4010
4010
4010
4010
4010
4010
4010
4010.01
4010.01
4010.03
4010.05
4010.08
4010.14
4010.24
4010.39
4010.64
4011.03
4011.65
4012.56
4013.95
4016
4018.99
4023.35
4029.54
4038.15
4050.85
4067.39
4089.63
4119
4148.88
4180.27
4212.67
4239.39
4262.33
4287.98
4306.66
4330.57
4368.82
4437.12
4553.38
4807.17
5347.92
6076.67
7048.69
8339.78
9491.46
10549.1
11212.6
11739.4
12372.9
12724.8
12740
12799.8
12955.5
13129.6
13204.4
13201
13181.8
13209.7
13261.8
13286.9
13290.6
13291.9
13289.1
13280.6
13261
13236.8
13217.3
13200.1
13185.1
13177
13173.8
13172.9
13173.4
13179.5
13186.9
13193
13198.1
13199.6
13198.5
13193.5
13184.3
13172.5
13163.4
13157
13150.2
13145.8
13145.2
13146.4
13148.5
13152
13155.3
4010
4010
4010
4010
4010
4010
4010
4010
4010
4010
4010
4010
4010
4010
4010
4010
4010
4010
4010
4010
4010
4010
4010
4010
4010
4010
4010
4010.01
4010.01
4010.02
4010.04
4010.07
4010.12
4010.19
4010.32
4010.52
4010.83
4011.3
4012.01
4013.12
4014.74
4017.2
4020.74
4025.91
4033.2
4043.85
4058.73
4079.65
4111.92
4136.13
4165.39
4208.08
4273.7
4381.69
4576.76
5007.68
5675.8
6608.08
7939.54
9205.73
10202.8
11104.9
11573.1
12029.5
12630.4
12860.4
12956.8
13094.5
13198.5
13220
13211.6
13190.4
13198.5
13226.3
13261.8
13282.7
13297.1
13305
13304.5
13293.7
13274.5
13254.3
13236.3
13221.6
13212.7
13207.2
13203.8
13204.5
13207.6
13210.3
13214.2
13220.7
13221.8
13218.4
13212.3
13206.2
13200.9
13195.3
13189.6
13184.6
13179.1
13171.8
13165.1
13160.4
13156.5
13155.7
13157.1
13159.5
13161.7
13162.4
4010
4010
4010
4010
4010
4010
4010
4010
4010
4010
4010
4010
4010
4010
4010
4010
4010
4010
4010
4010
4010
4010
4010
4010
4010
4010
4010
4010
4010
4010.01
4010.01
4010.02
4010.03
4010.06
4010.1
4010.17
4010.29
4010.47
4010.8
4011.13
4011.64
4012.47
4013.79
4015.99
4019.76
4026.28
4037.43
4057.77
4097.31
4178.99
4321.72
4654.03
5218.71
6010.98
7206.89
8530.23
9614.93
10773.6
11363.9
11744.9
12259.3
12820.5
12950.3
12991.1
13075.5
13127
13116.3
13133.7
13201.7
13263.8
13279.7
13284.5
13284.8
13286.1
13292.2
13299.2
13304.9
13303.7
13293.7
13272.7
13250.4
13238.7
13237.5
13241
13242.7
13244.4
13251.4
13256.3
13253.9
13249.7
13248.6
13248.9
13245.3
13236.6
13226.6
13217.4
13209.5
13202.3
13195.9
13192.1
13190.7
13188
13180.6
13171.2
13163.7
13162.1
13163
13164
13164.1
13163.3
4010
4010
4010
4010
4010
4010
4010
4010
4010
4010
4010
4010
4010
4010
4010
4010
4010
4010
4010
4010
4010
4010
4010
4010
4010
4010
4010
4010
4010
4010
4010
4010.01
4010.01
4010.02
4010.04
4010.08
4010.17
4010.33
4010.66
4011.4
4012.84
4015.71
4021.21
4032.14
4056.23
4108.29
4200.72
4406.4
4857.01
5505.93
6491.1
7836.35
8978.65
10122.6
10942.6
11370.1
11877.3
12465.8
12667.2
12682.5
12728.6
12888.7
12992.7
13028.7
13085.7
13121.8
13117.8
13123.6
13150.5
13211
13272.8
13293.1
13291.7
13286.7
13284
13282.5
13282.7
13279.5
13268.1
13248.3
13236.9
13237
13241.4
13248.4
13253.6
13257.9
13264.2
13270.3
13269.7
13266.6
13264.4
13264.2
13261.9
13254.6
13243.8
13232.3
13222.8
13215.9
13211.3
13207.9
13203.4
13196.4
13190.5
13183.9
13176
13174
13173.7
13173
13171.4
13168.6
4010
4010
4010
4010
4010
4010
4010
4010
4010
4010
4010
4010
4010
4010
4010
4010
4010
4010
4010
4010
4010
4010
4010
4010
4010
4010
4010
4010
4010
4010
4010.01
4010.02
4010.05
4010.11
4010.27
4010.61
4011.32
4012.9
4016.26
4023.17
4037.91
4070.77
4136.22
4259.18
4588.38
5193.58
6005.76
7213.4
8456.47
9577.52
10598.2
11031.6
11475.8
12064.3
12388.7
12414.3
12415.8
12479.6
12640.4
12695.8
12714.7
12747.4
12799.9
12862.6
12942.9
13018.8
13073.9
13096.3
13099.3
13104.8
13126.4
13160.1
13187.5
13197.2
13198.7
13202.4
13214.4
13234.1
13245.8
13249.6
13252.9
13257.9
13266.1
13275.1
13277.7
13277
13272.2
13264.4
13261
13259
13258.6
13262.8
13271.1
13271.6
13267
13258.8
13251.5
13245.8
13239.3
13229.9
13217.6
13209.1
13203.9
13197.9
13189.8
13186.7
13185
13183
13180.4
13177.3
4010
4010
4010
4010
4010
4010
4010
4010
4010
4010
4010
4010
4010
4010
4010
4010
4010
4010
4010
4010
4010
4010
4010
4010
4010
4010
4010
4010.01
4010.01
4010.04
4010.09
4010.24
4010.59
4011.37
4013.27
4017.53
4026.73
4047.55
4095.23
4187.72
4391.07
4879.49
5561.09
6531.98
7905.52
9067.13
10297.9
10941.5
11306.2
11818.4
12279.3
12307.5
12326.7
12430.4
12570.1
12588.3
12580.8
12568.8
12579.2
12603.4
12634.5
12671.3
12719.9
12769.6
12811.7
12853.4
12898.1
12936.3
12959.9
12977.3
12993.1
13011.8
13034.7
13061.1
13091.2
13122.8
13152.3
13182.1
13211.5
13235.2
13249
13258.1
13267.7
13271.2
13270.1
13262.7
13244
13230.5
13228
13228.6
13235.5
13253.4
13263.2
13263.4
13261.5
13258.6
13256
13252.2
13245.6
13236.4
13226.8
13219.8
13215.8
13211.8
13206.1
13200.3
13196.4
13192.9
13189.8
13186.6
4010
4010
4010
4010
4010
4010
4010
4010
4010
4010
4010
4010
4010
4010
4010
4010
4010
4010
4010
4010
4010
4010
4010
4010
4010
4010.01
4010.03
4010.07
4010.2
4010.51
4011.29
4013.37
4018.3
4029.48
4058.2
4123.43
4254.41
4598.36
5235.51
6101.7
7367.63
8654.37
9715.63
10844.5
11292.1
11697.3
12271.1
12412.3
12410.2
12455.5
12528.3
12527.4
12492.7
12482
12506.1
12567.4
12589.6
12583.3
12582.5
12589.5
12610.3
12639
12663.1
12687.7
12706.3
12719.8
12734.9
12755.1
12776.4
12798.3
12823.8
12848
12871.7
12899.5
12934.2
12973.7
13013.5
13046.3
13073.7
13102
13129.6
13145.8
13159
13174.7
13191.7
13199.5
13201.3
13202.1
13204.8
13212.3
13225.5
13247.2
13261.8
13264.2
13264.3
13263.3
13260.3
13254
13244.3
13235.7
13231.4
13229.2
13228.7
13227.9
13226
13222
13218.6
13215.3
13211.3
13207
4010
4010
4010
4010
4010
4010
4010
4010
4010
4010
4010
4010
4010
4010
4010
4010
4010
4010
4010
4010
4010
4010
4010
4010.01
4010.04
4010.13
4010.38
4011.06
4012.97
4017.88
4030.35
4066.49
4150.77
4326.21
4811.27
5642.68
6754.85
8150.63
9371.87
10661.5
11352.1
11487.3
11795.2
12148.5
12150.9
12178.5
12281.5
12423.9
12450.8
12477.1
12518.2
12547.8
12545.3
12526.7
12518.1
12526.6
12539.6
12550.4
12556.1
12556.9
12559.7
12570.6
12584.5
12590.3
12592.6
12596.1
12604.2
12618.4
12633.7
12649.4
12670.1
12697.7
12729
12761.8
12794.2
12824.2
12856.4
12893.5
12931.8
12961.8
12988
13016.1
13043.9
13069.9
13095
13120.9
13146.3
13167.1
13186.1
13204.1
13217.9
13231.4
13246.5
13250.8
13250.3
13246.1
13239.2
13232.3
13226.5
13223.4
13222.7
13223.9
13229.1
13232.3
13232.1
13230.2
13228.1
13226.2
13222.8
13216.9
4010
4010
4010
4010
4010
4010
4010
4010
4010
4010
4010
4010
4010
4010
4010
4010
4010
4010
4010
4010
4010.01
4010.02
4010.07
4010.23
4010.68
4012.07
4016.06
4027.66
4062.88
4150.4
4361.78
4990.15
5957.24
7217.79
8727.55
9968.86
11292.4
11644.6
11833.6
12167.2
12389
12455.1
12562
12627.1
12619.1
12578
12507.1
12517
12526.1
12533.3
12540.4
12549.1
12562.9
12562.7
12552.4
12538.4
12539.5
12540.5
12538.2
12530.7
12522.9
12521.3
12522.5
12525.5
12531
12540.3
12554.3
12570.2
12582
12590.7
12600.5
12615.2
12634.6
12656.2
12678.6
12701.6
12724.7
12748
12774.1
12801.9
12829.7
12857.8
12888.8
12922.5
12952.7
12980.9
13012
13045.4
13075.3
13101
13119.3
13135.3
13155.6
13177.7
13187.8
13191.9
13195.6
13202
13210.1
13216.9
13223.2
13231.5
13242.3
13247.5
13247.4
13245.9
13243.4
13240.8
13237.2
13230.1
4010
4010
4010
4010
4010
4010
4010
4010
4010
4010
4010
4010
4010
4010
4010
4010
4010
4010
4010.01
4010.03
4010.1
4010.33
4011.1
4013.54
4020.97
4046.4
4119.27
4326.43
4952.55
5958.78
7426.05
9017.54
10351.2
11726.8
12036.2
12250.3
12504.6
12499.5
12431.5
12401.2
12410.9
12472.2
12587.8
12657.4
12669.3
12661.2
12640.7
12617.2
12590.9
12561.6
12540.3
12533.2
12538.7
12549.4
12555.9
12555.8
12553.5
12549.2
12539.8
12528.5
12520
12517.7
12517.8
12518.7
12521
12526.4
12536.8
12546.4
12551.6
12554.9
12558.3
12565
12576.6
12586.4
12592.5
12598.5
12607.4
12620.3
12636.9
12655.9
12677
12700.2
12726.7
12758.3
12796.6
12840
12883.7
12926.9
12963.9
12989.2
13007.9
13028.9
13055.6
13081.7
13104.5
13127.4
13148.7
13168
13187.5
13203.8
13216
13226.7
13239.7
13246.8
13247.7
13247
13245.5
13243.5
13240.2
13233.7
4010
4010
4010
4010
4010
4010
4010
4010
4010
4010
4010
4010
4010
4010
4010
4010
4010.01
4010.03
4010.11
4010.4
4011.45
4015.08
4028.93
4073.2
4210.86
4677.89
5608.8
7242.48
8954.8
10493.7
11636.4
11652
11834.6
12101.5
12136.3
12235.8
12354.7
12461.5
12488.4
12474.1
12451.2
12466.9
12514.1
12571.9
12602.1
12609.5
12606
12597.7
12581.8
12553.7
12521.6
12503.5
12502.9
12510.7
12528.6
12544.4
12546.3
12543.8
12538.7
12533.6
12527.8
12525.4
12523.3
12522.3
12523.5
12526.1
12530.9
12534.6
12536
12536.1
12534.2
12533.6
12536.9
12540.4
12541.1
12541.8
12544
12549.1
12557.5
12569.4
12583.9
12601
12622.6
12648.9
12679.3
12715
12755.4
12796.1
12834.3
12866.8
12893.5
12917.3
12944.7
12969.7
12988.8
13010.6
13038.5
13066.3
13093.1
13123.4
13153.3
13171.6
13185.8
13201.8
13214.4
13220.2
13227.5
13231
13230.8
13229.2
4010
4010
4010
4010
4010
4010
4010
4010
4010
4010
4010
4010
4010
4010
4010.01
4010.02
4010.1
4010.39
4011.53
4016.16
4034.1
4098.55
4373.69
5074.27
6463.4
8353.69
10335.2
11491.9
11856.3
12335.3
12567.5
12561.5
12524.4
12473.5
12363.4
12288.2
12328
12417.1
12520.7
12556.5
12550.4
12532.9
12520.2
12498.5
12497.4
12502.4
12513.1
12530
12531.8
12521.2
12502.7
12494.5
12493.7
12496.1
12505
12524
12537.5
12538.9
12537.8
12534.8
12532.6
12532.2
12532.6
12533.5
12532.3
12531.3
12530.7
12530
12528.6
12526.4
12524.3
12524
12525.5
12525.1
12525
12525.1
12525.5
12527.6
12532.4
12540.2
12550.9
12563.2
12579.1
12599.9
12624
12648.5
12674.4
12700.5
12723.7
12742.6
12761.5
12780.2
12801.1
12828.7
12861.4
12893.9
12928.3
12967.5
13005.5
13042
13078.1
13110.1
13130.3
13147.3
13166.4
13181.1
13193.4
13204.3
13209.5
13212.7
4010
4010
4010
4010
4010
4010
4010
4010
4010
4010
4010
4010
4010
4010.02
4010.07
4010.3
4011.35
4015.73
4034.14
4122.84
4439.16
5414.21
7358.92
9445.74
10972
11326.6
11940.2
12092.4
12126.8
12289.6
12512.2
12597.7
12627.1
12625.8
12608.9
12550.3
12512
12529.8
12576.2
12593.5
12593.6
12584.4
12551.1
12503.7
12474.7
12469.7
12472.1
12481.5
12495.7
12504.2
12503.1
12499.4
12498.7
12500.6
12507.7
12516.6
12527
12531.5
12532.3
12533.1
12534.6
12536.1
12538.1
12538.6
12537.3
12533.5
12528.2
12524.1
12521.6
12520.6
12521.8
12524.6
12525.8
12526
12526.1
12526.4
12526.9
12528.1
12530.7
12535.2
12543.2
12557
12572.6
12586.5
12598.6
12609.8
12620.9
12632.8
12646.3
12658.1
12668.8
12683.2
12703.7
12726.4
12754
12787.5
12822.6
12860.9
12903
12945.3
12980.3
13013.5
13045.6
13069.9
13092.2
13116
13136
13154
13170.9
13186.8
4010
4010
4010
4010
4010
4010
4010
4010
4010
4010
4010
4010.01
4010.03
4010.19
4010.86
4014.18
4031.44
4109.17
4446.33
5656.22
7685.34
9905.29
10757.4
11715.8
12436.5
12498.9
12552.7
12515.8
12387.9
12327.5
12384.3
12474
12573.2
12615.9
12618.4
12610.6
12588.8
12581.7
12588.7
12593.8
12592.6
12583.2
12566.3
12529.9
12489.5
12477.4
12477
12482.2
12493.6
12506
12515.2
12517.2
12518
12519.2
12521.8
12523.4
12522.4
12520.7
12518.5
12517.2
12516.6
12516.4
12516
12514.4
12511.9
12508.1
12505
12504.2
12505.4
12508.7
12514
12520.5
12525.2
12529.8
12533.2
12535.6
12537.9
12540.2
12543.2
12547.3
12552.7
12560.1
12569.3
12577.4
12582.4
12586.1
12589.4
12591.8
12595.2
12603
12610.7
12617.7
12630.2
12652
12681.8
12715.3
12751.6
12788.3
12824.8
12862.7
12898.8
12931.3
12964.3
12996.9
13024.2
13051.1
13077.5
13105
13130.2
13161.5
4010
4010
4010
4010
4010
4010
4010
4010
4010
4010
4010.01
4010.08
4010.39
4012.3
4022.28
4079.97
4399.65
5536.07
7643.47
9812.28
11940.7
12572.3
12534.6
12544.4
12606.1
12632.5
12644.7
12643.7
12620.6
12544.1
12475.5
12483.6
12506.3
12550.7
12585
12595.6
12589.6
12576.9
12568.6
12564.6
12558.5
12555.1
12548.3
12537.4
12522
12510.1
12504
12502.5
12506.4
12513.5
12518
12520.8
12522.2
12523.5
12525.1
12525.6
12522.4
12514.6
12503.4
12493.7
12487.4
12482.9
12480.5
12478.7
12476.9
12476.2
12477.8
12482.8
12489.3
12496.1
12503.5
12511.5
12519.7
12528.2
12535.6
12539.8
12542.4
12545
12548.1
12552.1
12556.1
12558.8
12561.5
12564.1
12565.2
12565.7
12566.5
12567.3
12567.1
12569.3
12575.7
12583.3
12594.9
12615.9
12643.2
12671.6
12701
12730.8
12761.8
12793
12826.1
12859.5
12889.6
12923.7
12955
12982.1
13007.9
13036.4
13064.2
13101.1
4010
4010
4010
4010
4010
4010
4010
4010
4010
4010.02
4010.15
4010.82
4014.96
4044.34
4228.14
5157.79
7400.82
9685.47
11527.4
11692
12061.2
12628.4
12635.1
12602.8
12601.7
12579.4
12581.5
12609.6
12626.5
12622.9
12590.6
12535.6
12496.7
12496
12511.4
12529.9
12538
12534.5
12522.6
12513.4
12510.3
12511.2
12517.9
12524.9
12521.4
12517.5
12516.8
12515.9
12517.4
12522.3
12529.9
12534.4
12535.9
12536.2
12534
12528.2
12517.1
12500.8
12482.6
12470.6
12461.5
12457.8
12456.7
12456.6
12457.8
12461.8
12468.4
12476.3
12484.4
12491.9
12498.9
12505.1
12511.3
12517.9
12523.2
12526.4
12528.7
12530.8
12533.2
12536
12537.9
12538.8
12540
12540.6
12540.5
12540.7
12541.9
12544.8
12550.8
12559.2
12571.8
12589.3
12606.7
12620.4
12635.5
12653.9
12675.3
12696.3
12719.1
12741.3
12766.2
12795
12822.4
12852.9
12886.5
12920.4
12949.1
12979
13011.1
13049.3
4010
4010
4010
4010
4010
4010
4010
4010
4010.03
4010.24
4011.52
4020.47
4090.14
4620.57
6371.38
9207.53
11455.7
12339.8
12717.6
12615
12321.2
12436.8
12506.8
12495.3
12455.1
12429.1
12437.6
12500
12595.7
12624.1
12613
12580.5
12516.8
12491.2
12489.9
12494.8
12504.8
12508.9
12507
12502.7
12497
12492.1
12493.7
12506.1
12519.7
12527.5
12533.4
12535.6
12535.7
12538.9
12544.4
12548
12548.5
12547.1
12541.8
12531.3
12515.2
12494.4
12477.8
12467
12460.7
12458.9
12458.3
12459
12461.1
12465.5
12472.1
12480.4
12487.5
12493.2
12497.3
12499.8
12501.8
12503.7
12505.1
12505.5
12505.4
12505
12504.3
12503.4
12502.1
12499.9
12498.5
12498.9
12500.7
12503.7
12508.6
12516.3
12528.6
12546.7
12568.9
12593.3
12611.6
12624.8
12638.4
12652.5
12665.8
12677.8
12692.5
12708.9
12726.6
12747.4
12774.4
12799.5
12825.8
12860.5
12889.1
12915.1
12945.5
12985.6
4010
4010
4010
4010
4010
4010
4010.01
4010.04
4010.32
4012.36
4028.67
4187.59
5165.34
7905.18
11079
11997.5
12093.1
12420.6
12780.3
12753.8
12637.8
12515.4
12468.2
12425.1
12393.7
12389
12397.2
12432.4
12510.2
12572
12581.7
12570
12541.2
12506.4
12503.5
12512.7
12529.2
12535.5
12533.2
12525.4
12513.4
12503.1
12494.6
12498
12511.7
12529.8
12542.2
12545.8
12548.6
12550.8
12551.6
12552.1
12552.2
12550.5
12543.8
12531.8
12515.1
12495.8
12484.3
12474.1
12469.6
12469.3
12470.7
12472.6
12475.4
12479.6
12484.5
12490.4
12493.2
12494.4
12494.6
12494.3
12493.5
12493
12492.7
12491.9
12490.6
12489.1
12486.9
12484.4
12482
12479.1
12476.6
12477.5
12480.7
12486.2
12494.1
12504.6
12518.9
12538
12559.3
12580.7
12600
12616
12629.8
12642.8
12651.1
12657.6
12664.6
12677.2
12690.2
12702.4
12723.9
12749.1
12773.1
12801.2
12834.2
12866.1
12893.7
12931.5
4010
4010
4010
4010
4010
4010.01
4010.05
4010.37
4013.08
4039.63
4288.18
6100.87
9644.99
11006.7
12405.5
12495.9
12313
12360.3
12531.9
12669.9
12638.3
12585.5
12490.5
12436.7
12415.5
12414.7
12420.2
12438.1
12473.9
12512.2
12541.5
12559.9
12553.7
12540.6
12540.9
12551.3
12559.1
12558.4
12552.5
12540.2
12523.1
12510.4
12500.9
12501.2
12507.3
12522
12537.6
12546.7
12551.7
12551
12547.5
12545.2
12544.7
12542.5
12535.2
12525
12512.8
12501.6
12494.3
12491.3
12491
12492.2
12493.4
12494.2
12494.6
12495.3
12498.8
12501.1
12499.6
12496.2
12492.7
12489.7
12487.7
12487.3
12486.6
12485.2
12483.3
12481.2
12478.5
12475.7
12473.2
12470.4
12467.9
12469.4
12474.2
12482.6
12494.1
12508.8
12525.5
12542.1
12557.1
12571.1
12584.3
12596.5
12607
12616.4
12625.1
12632.5
12636.7
12644.2
12657
12667.6
12679.6
12701.8
12729.7
12749.4
12775.7
12811.2
12842.2
12873.7
4010
4010
4010
4010
4010
4010.04
4010.37
4013.13
4049.82
4472.01
6806.6
10015.4
12215.7
12113.9
12323.9
12565.3
12537
12456.4
12490.4
12553.2
12614.3
12594.2
12541.7
12501.1
12493.1
12491.5
12491.1
12485.7
12483.9
12494.4
12504.6
12526.5
12552.7
12565.2
12578.2
12585.9
12585.9
12580.5
12569.2
12551.7
12530
12504.9
12501.7
12505.4
12510.2
12518.7
12529.1
12536.1
12536.3
12533.4
12529.8
12526
12521.7
12514.6
12509
12507.1
12507
12508.4
12507.8
12506.9
12508.8
12510.1
12511.3
12513
12514.1
12514.1
12513.2
12510.4
12505.4
12499.5
12492.9
12486.7
12481.9
12479
12476.6
12474.8
12473
12471
12468.6
12465.9
12462.5
12459
12455.7
12456.1
12461.8
12471.5
12484.8
12501.1
12518.6
12535.3
12551.1
12566.5
12579.1
12589.3
12596.9
12601.3
12604.2
12609.4
12617.5
12623.7
12633
12644.5
12652.8
12666.5
12689.3
12715.3
12738.5
12762.5
12799.3
12834
4010
4010
4010
4010
4010.03
4010.3
4012.9
4046.46
4603.64
7196.34
10554.1
11794.6
12663.5
12665.9
12549.3
12606.9
12655.2
12598.8
12519.8
12538
12567.6
12576.5
12559.6
12550
12553.4
12563.6
12564
12548.1
12515.1
12500.8
12505
12519.8
12545.2
12568.2
12582.8
12590.6
12583.4
12566.8
12541
12517.9
12502.5
12494.7
12499.6
12506
12509.4
12512.6
12512.1
12509.4
12504.9
12500.7
12497
12492.7
12487.8
12483.3
12487.2
12496.1
12504.8
12512.2
12517.7
12522
12526
12527.7
12527.8
12526.7
12524.1
12520.2
12515.6
12510.6
12504.2
12496.3
12487.6
12480
12475.1
12473
12472
12471.5
12470.6
12469.1
12467.5
12465.4
12461.5
12457.6
12454.8
12454.8
12457.5
12464.3
12474.5
12487.7
12503.5
12522.2
12540.3
12555.7
12569
12579.4
12585.3
12588.4
12589.5
12591.4
12595.1
12600.8
12608.9
12617.6
12629.4
12642
12654.2
12677
12706
12725.7
12756.9
12780
4010
4010
4010
4010.02
4010.18
4011.89
4041.05
4479.57
7688.07
11811
12560.6
12647.6
12800.2
12786.7
12678
12628.5
12653.8
12659.2
12600.5
12558.7
12550.2
12550.5
12548.5
12552.8
12560.2
12574.8
12578.2
12570.4
12546.6
12509.8
12506.7
12516.5
12538.5
12564.1
12573.2
12567
12549.8
12527.7
12504.5
12495.3
12494.9
12496.6
12500.5
12502.4
12501.3
12497.9
12492.4
12484.2
12477.7
12473.9
12472
12470.7
12467.6
12470.6
12480.5
12495.3
12506.4
12514.8
12518.8
12520.4
12520
12520.5
12520.8
12520.4
12519.4
12517.1
12512.6
12505.9
12496.9
12487.3
12478.7
12474
12474.1
12477.1
12480.7
12483.3
12484
12483
12481
12478.5
12475
12472.6
12472
12473.3
12475.1
12479.8
12487.4
12499.3
12511.6
12523.6
12534.3
12545.4
12556.1
12565.3
12570.5
12573.7
12575.7
12578.5
12580.3
12584.7
12591.2
12599.3
12607.4
12621
12639.7
12657.6
12677
12694.4
12728.6
12732.3
4010
4010
4010.01
4010.09
4011.01
4024.96
4441.94
7326.11
10494.6
12447.2
12711.6
12709.8
12782.7
12740.5
12631
12595
12613.6
12643
12630.1
12589.8
12545.5
12530.7
12527.5
12537.5
12553.9
12568.9
12569.1
12560.1
12543.3
12515
12509.2
12515.5
12529.8
12542.3
12546.3
12539.5
12522.7
12503.5
12494.3
12494.1
12500.6
12506.6
12509
12506.2
12499.9
12492.3
12482.9
12473.5
12466.8
12464.1
12464.4
12466
12466
12472.2
12482.2
12492.7
12502.3
12510
12514.3
12516.5
12517.7
12518.9
12519.7
12519.7
12518.4
12516
12511.8
12505.2
12496.6
12487.6
12479.9
12476
12476.1
12478.7
12481.9
12484.5
12485.4
12484.8
12483
12479.9
12476.1
12473.1
12471.6
12471
12472.3
12476.8
12483.7
12493.5
12505.6
12519.1
12531.9
12544
12553.8
12560.5
12563.8
12565.5
12565.9
12568.4
12571.3
12576.7
12582.9
12593
12601.2
12608.7
12621.2
12640.3
12660
12676.6
12709.1
12696.2
4010
4010
4010.04
4010.52
4016.94
4202.72
6768.85
11342.1
11823.9
12509
12627
12627.6
12664.5
12644.4
12577
12530.8
12539.4
12580.5
12590.5
12567.8
12550.1
12529.4
12507.3
12518.9
12536.1
12540.5
12537.7
12536.8
12529.2
12524.8
12519.4
12520.2
12519.5
12524.7
12529.2
12521.3
12510.3
12500.9
12499.1
12502.4
12510.7
12515.1
12515.2
12511.9
12504.1
12493.1
12480.4
12468.5
12460.2
12457.3
12458.1
12460.5
12463.1
12469.2
12477.3
12485.7
12494.3
12501.7
12507.2
12510.7
12513.8
12517.2
12519.8
12520.8
12519.6
12515.6
12509.1
12500.8
12491.3
12481.6
12474
12470.9
12472.7
12477.5
12483.4
12488.3
12491.2
12492.6
12493.3
12492.8
12490
12486.3
12482.5
12479.9
12479.2
12481.6
12487.7
12496.5
12506.8
12517.7
12528.5
12539.1
12547.9
12553.4
12555.8
12557.8
12559.7
12562.3
12564.8
12570
12575.2
12581.5
12588.4
12600.3
12614
12630.6
12646.1
12664.2
12697.5
12694.8
4010
4010.02
4010.19
4012.51
4087.66
5739.03
10189
12891.7
12863.9
12762.8
12678.8
12570.2
12517.3
12509.1
12480
12449.8
12456.9
12496.3
12551.8
12545.5
12547.1
12542.3
12522.8
12509.1
12505.5
12496.1
12489.6
12501.6
12518
12530.2
12526.4
12520.6
12518.9
12519
12516.4
12508.6
12506.6
12507.7
12509.1
12511.6
12516.2
12520.1
12521.4
12516.9
12505.6
12490.5
12474.1
12459.6
12450.4
12447.6
12449.5
12453
12459.3
12469.3
12480.3
12490.5
12498.5
12503.4
12505.8
12507
12508.7
12511.1
12513.3
12513.6
12511.8
12507.9
12501.4
12492.3
12482.4
12474.1
12470
12471.6
12477.8
12486.5
12495.6
12502.7
12506.8
12509.4
12511.1
12511.4
12510.3
12508
12506.1
12504.4
12503.5
12504.2
12507
12511.7
12517.9
12524.8
12532
12539.1
12545
12549.6
12553.1
12555.7
12557.9
12560.9
12563.8
12569.5
12576.7
12585.1
12591
12599
12611.7
12627.4
12641.1
12657.4
12687
12720.6
4010.01
4010.07
4010.81
4026.82
4793.35
9379.21
12030.8
12953.1
12920.1
12834.9
12732
12570.9
12487.5
12465.8
12449.7
12442.4
12447.1
12463.6
12515.2
12541
12564.9
12562.9
12545.3
12516.6
12480.8
12452.3
12453.8
12471.5
12508
12534.1
12540.4
12536.7
12527.8
12517.7
12509.4
12507.1
12513.6
12516.5
12523.7
12529
12531.2
12531.7
12526.5
12515.6
12503
12489.4
12476.1
12466
12461.4
12462.7
12467.5
12473.5
12480.8
12487.9
12493.1
12495.6
12496.2
12495.1
12493.8
12493.9
12496.2
12500.1
12503.8
12506.5
12507.9
12506.6
12501.8
12494.5
12486.7
12480.3
12476.9
12477.3
12480.9
12486.6
12493.4
12499
12503.2
12506.9
12510.1
12511
12509.6
12507.7
12505.8
12504
12503.4
12504.7
12508.9
12514.8
12522
12529.5
12537.1
12544
12549.3
12552.6
12555
12557.2
12559.7
12562.5
12566.1
12570.9
12575.8
12581.5
12587.8
12596.7
12608
12621.8
12635.3
12652.8
12680.8
12769.9
4010.03
4010.25
4013.4
4192.41
7587.52
12018.4
12499.3
12838
12804.6
12706.6
12630.1
12550
12464.9
12463.3
12476.3
12482.6
12483.6
12481.2
12506.9
12554.8
12582.2
12584.8
12568.5
12521
12465
12428.3
12438.1
12460.7
12500.9
12533.3
12545.6
12539.7
12523.2
12512.4
12511.1
12518.7
12527
12533.6
12536.4
12534.8
12529.3
12525
12520.3
12514.7
12507
12497.3
12487.1
12478.6
12474.2
12474.2
12478.2
12483
12488.4
12494
12497.2
12497.6
12495.8
12493.3
12491.9
12492.9
12496.5
12500.9
12504.8
12506.8
12506.1
12502.6
12496.5
12488.4
12480.4
12475
12474.3
12478.4
12486.2
12495.7
12505.5
12513.7
12520.2
12526.3
12530.9
12532.7
12532
12529.7
12527
12524.7
12523.5
12523.6
12525.3
12528
12531.7
12535.4
12539.5
12543.1
12546.1
12548.5
12551.1
12553.4
12556.2
12559
12562.4
12567.2
12573.1
12578.5
12584.3
12592.7
12604.2
12616.8
12629.7
12646
12671.1
12821.6
4010.08
4010.89
4033.69
5356.73
10500.5
12696.7
12732.4
12775.1
12687.1
12621.9
12574.5
12496.4
12431.6
12455.1
12508.6
12521.5
12516.2
12504.3
12512.2
12555.7
12588.9
12592.3
12567.4
12517.5
12462.5
12431.6
12446.4
12473
12508.1
12541.2
12550.6
12541
12526.5
12519.6
12519.8
12524.4
12530.4
12529.9
12526.2
12521.5
12517.8
12517.6
12516.8
12513.4
12507.9
12499.3
12488.6
12479.7
12475.9
12478.4
12484.5
12492.3
12501.5
12508.8
12512
12510.3
12504.8
12497.6
12491.5
12488.7
12489.6
12493.2
12497.9
12502.2
12505
12504.3
12499.7
12492.8
12486.6
12483.1
12483.8
12488.5
12495.8
12504.6
12513.5
12520.7
12526.6
12532.4
12537
12538.3
12537.2
12535
12532.8
12530.6
12529.1
12528.7
12529.7
12531.7
12534.5
12537.1
12539.9
12542.3
12544.2
12546.1
12548.4
12550.5
12553.6
12556.6
12560.7
12565
12570
12575
12581.4
12589.4
12600
12611.6
12624.7
12641.1
12663.9
12873.3
4010.21
4012.76
4225.94
8322.77
12348.2
12833
12913.4
12845.3
12724.9
12607.7
12562
12515.6
12465.1
12478.3
12523.7
12543.9
12528.4
12504.8
12501.8
12538.8
12578.1
12588.1
12567.8
12521.1
12475.6
12459.2
12476.2
12498.8
12524.1
12547.6
12552.4
12543.9
12532.4
12525
12523.2
12528.1
12532.7
12534.1
12534.8
12532.6
12525.7
12519.1
12514.3
12512.2
12511.3
12509.7
12506.9
12504.2
12504.6
12508.2
12514.8
12522
12526.3
12527.8
12525.6
12519
12509.5
12499.9
12493.1
12490.9
12493
12497.5
12502.9
12507.4
12509.6
12507.9
12502.6
12495.5
12489.4
12486.3
12487.1
12491.3
12498.1
12506.4
12514.9
12522.1
12528.5
12535.5
12540.9
12542.4
12541.4
12539.2
12537
12535
12533.8
12533.3
12533.7
12534.6
12535.9
12536.9
12538.2
12538.8
12539.5
12540.8
12543.1
12545.4
12548.9
12552.1
12556.5
12560.7
12565.7
12570.3
12577
12584.9
12595.5
12606.4
12619.7
12635.9
12655.9
12922.7
4010.69
4024.08
5480.8
11374.4
12703.9
12837.1
12909.8
12891.7
12772.9
12658.7
12603
12564.4
12532.2
12533.9
12548.4
12536.4
12501.7
12481.5
12509.7
12548.6
12583.9
12590.2
12562.3
12519
12491
12486
12501
12517.1
12534.7
12549.2
12548.8
12540
12532.9
12533.1
12536.1
12542
12544.3
12541
12533.5
12522.9
12514.4
12511.4
12513.5
12518.1
12522.5
12523.7
12520.7
12516.7
12515.3
12518
12523.4
12530
12537.4
12541.6
12540.1
12532.7
12521
12508.4
12498.4
12493.1
12492.4
12495.1
12499.4
12503.3
12505.2
12503.5
12498.3
12491.6
12486.2
12484
12485.8
12491
12498.5
12507.3
12516
12523.3
12529.9
12537.6
12543
12544.4
12543.3
12541.3
12539.3
12537.2
12535.9
12535
12535
12535.1
12535.6
12535.5
12535.7
12535.2
12535.2
12536.1
12538.5
12541
12545
12548.7
12553.5
12557.4
12562.3
12566.9
12573.8
12581.6
12591.9
12602.4
12616
12632.2
12648.8
12971.8
4011.46
4114.27
8319.09
12204.2
12628.7
12655.7
12699.6
12727
12705.7
12685.2
12655.6
12632.4
12614.7
12599.9
12570.6
12532.4
12500.3
12503.8
12528.6
12554.7
12573.7
12571.5
12550.5
12526
12513
12516.4
12531.6
12543.8
12551.8
12554.6
12551
12546.9
12545.9
12544.7
12545.2
12545.5
12545.8
12541.1
12533.8
12525.5
12517.6
12514.8
12517.5
12524.3
12531.7
12535.7
12535.5
12533.8
12534.4
12538.4
12544.9
12551.9
12556.1
12556.4
12551.3
12540.3
12524.9
12509
12496.4
12489.6
12488.2
12490.6
12495
12499.1
12501.2
12499.8
12494.9
12488.8
12484.1
12482.3
12484.3
12489.3
12496.4
12504.7
12513
12520.2
12527.2
12535.6
12541.3
12542.7
12541.8
12540.1
12538.4
12536.8
12535.8
12535.2
12535.1
12535
12534.9
12534
12533.4
12531.9
12531.4
12532.1
12534.3
12537.2
12541.6
12545.6
12550.7
12554.6
12559.4
12563.8
12570.9
12578.5
12588.8
12599.1
12613.1
12629.1
12642.4
13016.1
4012.92
4772.95
10249.5
12430.2
12686.5
12651.5
12637.9
12650.5
12624.4
12621.1
12653.5
12658.8
12622.2
12581.4
12555.1
12526.8
12508.5
12506.2
12517.2
12544.4
12565.7
12566.6
12553.9
12544.9
12548.6
12558.4
12566.7
12567.3
12564.1
12559.6
12555.1
12552.5
12552
12554.7
12557
12564.1
12567.7
12564.1
12556.1
12544.3
12532.3
12526
12528.2
12535.9
12544.3
12549.7
12550.2
12547.9
12546.6
12548.1
12552
12557
12561
12560.8
12554.4
12541.6
12524.5
12506.9
12492.9
12485
12482.8
12484.7
12488.9
12492.9
12494.8
12493.4
12488.9
12483.4
12479.2
12478
12480.5
12486
12493.6
12502.2
12510.7
12518.1
12525.7
12534.5
12540.3
12541.7
12541.1
12539.5
12538.1
12536.7
12536
12535.5
12535.3
12535
12534.4
12533.1
12531.7
12529.5
12528.6
12529
12531.3
12534.3
12539.2
12543.5
12548.9
12552.7
12557.5
12561.8
12569
12576.4
12586.7
12596.8
12611.1
12626.5
12635.5
13045
4024.87
6466.97
11489.2
12836.8
12920
12768
12744.4
12739.6
12691.1
12605.9
12602.5
12629
12626.3
12596.2
12549.4
12508.6
12498.5
12516.2
12545.3
12567.8
12573
12560
12546.7
12547.4
12556.8
12571
12583.7
12585.7
12580.2
12572.6
12567.9
12568.1
12572.8
12576.2
12581.1
12582.5
12581.7
12574.6
12561.5
12545.1
12530.8
12524.7
12527.7
12536.6
12546.1
12551.4
12551.6
12549.3
12548.3
12550.3
12554.8
12560.2
12563.8
12562.7
12555.3
12541.3
12522.8
12503.8
12488.7
12479.9
12477.3
12479.1
12483.4
12487.6
12489.7
12488.5
12484.6
12479.7
12476.2
12475.4
12478.2
12483.9
12491.5
12500.2
12508.6
12516.1
12524.1
12533.3
12539.1
12540.5
12540.1
12538.8
12537.5
12536.5
12536.1
12535.8
12535.7
12535.2
12534.4
12532.7
12530.8
12528.1
12526.8
12526.9
12529.1
12532.4
12537.5
12542.1
12547.8
12551.4
12556.1
12560.5
12567.7
12574.9
12585.2
12595.3
12609.9
12624.2
12630.6
13045.8
4109.18
8828.47
12574.1
13143.8
13164.3
13000.6
12925.9
12903.2
12805.3
12673.8
12610.8
12621.2
12622.7
12582.8
12530.1
12499.8
12508.8
12542.5
12559.9
12566.7
12566.2
12560.4
12561.5
12576.7
12598.3
12619.3
12628.7
12622.3
12606.1
12590.3
12582.5
12582
12583.7
12585.1
12585
12587.3
12586.2
12577.8
12564.5
12547.7
12532
12524.1
12526.3
12535.1
12544.9
12551.2
12552.4
12550.5
12549.5
12551.2
12555.3
12560.4
12564
12562.7
12554.7
12539.9
12520.7
12501
12485.3
12476.2
12473.3
12475.1
12479.5
12483.7
12485.8
12484.8
12481.4
12477
12473.8
12473.3
12476.3
12482.2
12490
12498.8
12507.3
12514.8
12523.2
12533
12538.4
12539.9
12539.6
12538.5
12537.3
12536.4
12536.3
12536
12535.9
12535.5
12534.4
12532.4
12530.2
12527.1
12525.5
12525.4
12527.5
12531
12536.3
12541
12546.9
12550.5
12555.2
12559.4
12566.7
12573.9
12584.1
12594.3
12609.1
12622.6
12627.2
13025
4565.11
10487.2
12734.1
13216.5
13314.5
13252.8
13040
12761
12638.8
12593
12566.8
12560.7
12554.5
12537.2
12508.5
12494.9
12512.5
12543.8
12576.1
12593
12589.2
12575.7
12573.6
12591.3
12616.4
12635.9
12644.6
12636.5
12616.9
12597.8
12587.7
12585.4
12587.3
12588.2
12589.7
12589.6
12586.3
12577.4
12562.7
12543.8
12526.8
12518.7
12521.5
12531.4
12542.2
12549.1
12550.7
12549.3
12548.7
12550.6
12555
12560.4
12564.1
12562.8
12554.6
12539.3
12519.5
12499.4
12483.1
12473.6
12470.6
12472.3
12476.7
12481
12483.2
12482.5
12479.3
12475.3
12472.4
12472.1
12475.3
12481.2
12489.1
12497.9
12506.4
12514
12522.6
12533
12537.9
12539.6
12539.6
12538.4
12537.4
12536.6
12536.5
12536.5
12536.4
12535.9
12534.7
12532.4
12529.9
12526.5
12524.9
12524.5
12526.5
12530.2
12535.6
12540.5
12546.4
12550
12554.6
12558.7
12566
12573.2
12583.5
12593.5
12608.7
12621.5
12625.9
12986.8
6139.08
11517.7
12877.7
13298.4
13283.8
13075.7
12833.5
12640.5
12561.6
12534.7
12544.2
12581.3
12605.4
12589.1
12551.1
12534.6
12555.7
12600.9
12628.7
12626.7
12607.2
12590.3
12591.8
12613
12638.2
12659.4
12664.5
12649.5
12622.6
12598.4
12586.4
12584
12585.7
12586.3
12586.1
12585.9
12582.4
12573.5
12559.5
12541.4
12524.5
12516.3
12519.3
12529.5
12540.7
12548.2
12550.3
12549.3
12548.8
12550.8
12555.2
12560.6
12564.3
12563.1
12554.6
12539
12518.9
12498.3
12481.7
12472
12468.8
12470.5
12474.9
12479.3
12481.5
12480.8
12477.9
12474.1
12471.4
12471.1
12474.3
12480.3
12488.3
12497.1
12505.7
12513.3
12522.3
12532.1
12537.5
12539.1
12539.3
12538.2
12537.1
12536.5
12536.5
12536.4
12536.6
12535.9
12534.7
12532.3
12529.5
12525.8
12524.1
12523.6
12525.5
12529.3
12534.9
12540
12545.9
12549.4
12553.9
12558.2
12565.3
12572.5
12582.7
12592.6
12608
12620.3
12624.3
12933.5
7693.19
12180.5
13231.6
13243.4
12886.2
12804.3
12780
12700.3
12649.2
12584.3
12545.2
12570.9
12578.9
12551.7
12519.5
12518.3
12554.8
12597.5
12624.7
12626.4
12607.3
12588
12587.3
12608.2
12635.6
12655.9
12660.7
12645.4
12617.4
12592.6
12580.5
12578.4
12580.8
12582
12582.9
12582.5
12578.7
12570.5
12557
12538.7
12521.6
12513.3
12516.5
12527.2
12539
12547
12549.4
12548.6
12548.3
12550.5
12555
12560.6
12564.4
12563.2
12554.8
12539
12518.7
12497.8
12481
12471.1
12467.8
12469.4
12473.9
12478.3
12480.6
12480
12477.2
12473.6
12471
12470.8
12474
12480
12488
12496.8
12505.4
12513
12522.4
12531.3
12538.2
12538.4
12538.4
12538.2
12537.1
12536.3
12536.6
12536.4
12536.8
12536
12534.6
12532.3
12529.4
12525.7
12523.4
12522.9
12524.9
12528.4
12534.2
12539.6
12545.6
12549
12553.3
12557.9
12565
12572
12582.3
12592
12607.3
12619.1
12623.9
12862.9
9135.02
12757.1
13315
13047.2
12819.3
12902.8
12770.1
12571.9
12560.5
12596.8
12606.2
12613.4
12614.7
12594.4
12563.7
12558.5
12587.5
12628
12650.6
12643.2
12615.3
12592.1
12591.4
12613.4
12641.2
12663.2
12667.9
12651.1
12621.4
12595.4
12582.9
12580.9
12583.4
12584.5
12584.7
12583.8
12579.6
12571.3
12558.1
12540
12522.8
12514.3
12517.3
12527.8
12539.6
12547.6
12550.1
12549.2
12548.9
12550.9
12555.2
12560.7
12564.4
12563.1
12554.4
12538.4
12517.8
12496.6
12479.6
12469.4
12465.9
12467.4
12471.8
12476.1
12478.4
12477.7
12475
12471.3
12468.7
12468.4
12471.5
12477.4
12485.3
12494
12502.5
12510.1
12519.6
12529
12535.4
12535.8
12535.6
12534.9
12534.4
12533.3
12533.6
12533.7
12534.2
12533.3
12531.9
12529.3
12526.5
12523
12520.5
12519.8
12521.9
12525.4
12531.2
12536.8
12542.7
12546.2
12550.5
12554.9
12562.2
12569.2
12579.8
12589.6
12604.7
12616
12621.8
12787.4
10146.9
12988.8
13303.6
12890.4
12794.2
12875.3
12737
12558.4
12545.2
12568
12575
12594.6
12595.8
12565.2
12527.7
12522.9
12555.8
12596.8
12619.8
12615.7
12591.4
12570.9
12572.2
12596.2
12626.3
12649.6
12655.4
12639.5
12610.3
12584.7
12572.7
12571.2
12574.2
12575.9
12576.7
12576
12572
12564.4
12551.7
12534
12516.9
12508.5
12511.7
12522.6
12534.7
12543
12545.8
12545.2
12545
12547.1
12551.5
12557.1
12561
12559.9
12551.4
12535.4
12514.7
12493.5
12476.3
12466
12462.5
12463.9
12468.4
12472.8
12475.1
12474.5
12471.8
12468.2
12465.5
12465.2
12468.2
12474.1
12481.9
12490.7
12499.1
12506.8
12516.3
12526.6
12530.5
12533.4
12533.4
12530.5
12530.4
12530.3
12530.2
12530.3
12530.8
12530.4
12528.6
12526
12523.1
12519.3
12517.4
12516.3
12518.3
12522.3
12528
12533.5
12539.3
12543
12547.5
12551.3
12558.6
12565.8
12576.1
12586.6
12601.4
12612.3
12620.3
12680.9
11355.5
13137.5
13274.8
12813.3
12701.6
12896.1
12816.8
12634
12617.5
12646
12639.3
12634.1
12630.5
12604.6
12569.4
12564.6
12595.6
12635.6
12657.4
12650.1
12622.2
12598.9
12598.1
12620.3
12648.6
12670.5
12674.7
12656.9
12625.8
12598.5
12585
12582
12583.6
12583.9
12583.2
12581.1
12576.1
12567.6
12554.3
12535.9
12518
12508.7
12510.9
12520.8
12532.2
12539.9
12542.2
12541.2
12540.6
12542.2
12546.3
12551.4
12555
12553.5
12544.7
12528.5
12507.5
12486.1
12468.8
12458.3
12454.6
12456
12460.4
12464.7
12466.9
12466.3
12463.6
12460
12457.4
12457
12460.1
12466
12473.9
12482.7
12491.3
12499.1
12508.8
12520
12523
12526.2
12525.7
12523.7
12523
12523.3
12523.4
12523.6
12523.9
12523.8
12522.4
12519.7
12516.9
12513.1
12511.2
12510.2
12512.2
12516.5
12522.1
12527.6
12533.6
12537.1
12542.1
12546
12553.2
12560.3
12570.5
12581.1
12596.2
12606.7
12616.1
12612
12483
13374.6
13175.8
12731.9
12623.8
12777.7
12657.7
12460.2
12448.8
12497.3
12513.6
12523.4
12523.2
12499.3
12467.9
12467.5
12503.8
12548
12574
12572.5
12550
12531.2
12534.1
12559.5
12591.2
12616.3
12623.8
12609.1
12580.8
12556
12544.7
12543.8
12547.6
12550
12551.2
12551
12547.7
12540.8
12529.1
12512.1
12495.4
12487.3
12490.9
12502.3
12515
12524
12527.4
12527.3
12527.4
12529.8
12534.6
12540.5
12544.9
12544.4
12536.3
12520.8
12500.4
12479.5
12462.5
12452.5
12449.2
12450.9
12455.7
12460.4
12463
12462.8
12460.3
12457.1
12454.7
12454.6
12458
12464.1
12472.3
12481.4
12490.2
12498.3
12507.9
12519.5
12522.8
12525.3
12524.2
12525.1
12523.8
12522.5
12523
12524.5
12524.4
12523.5
12523.1
12519.7
12516.7
12513.6
12510.7
12509.9
12512.6
12516
12521.7
12527
12533.3
12537.3
12542.2
12546.8
12553.7
12560.3
12570.8
12580.5
12596.4
12606.9
12618.6
12504
4167.09
4202.25
4403.41
5150.68
6398.06
7276.42
7874.89
8279.16
8901.14
8968.45
9459.62
10345.8
11377.8
12816
14437.5
16203.1
17967.6
19730.8
21274
22731.3
23937
25616.8
26400.8
28165
29012.1
29307.3
29711.9
30469.8
31054.3
31126.4
31342.5
31729.1
32092.3
32079.1
31992.1
32021.8
32195.9
32447.9
32514.2
32400.3
32334.5
32371.9
32500.9
32623.6
32596.8
32507.3
32455
32467
32527.6
32568.2
32532.6
32507.3
32521.3
32580.1
32661.5
32679.9
32640.5
32540.1
32386.7
32276.2
32257.3
32280.9
32286.8
32237.6
32082
31759.1
31243.2
30567.1
29844.8
29167.3
28611.4
28107.6
27575.7
26970.7
26219.5
25310.1
24233.7
23078
21967.9
20381.6
4167.26
4202.24
4403.7
5157.46
6409.2
7285.88
7882.29
8284.35
8908.52
9017.84
9477.14
10350
11376.6
12806.2
14418.7
16182.5
17937.9
19693.1
21239.2
22698.4
23912
25581
26368
28130.1
28978.2
29276.1
29687.4
30449.1
31034.3
31109.1
31328.6
31717.1
32080.8
32068.9
31983.5
32014.5
32189.6
32441.9
32508.9
32396
32331
32368.9
32498.1
32620.7
32594.3
32505.2
32453.2
32465.6
32526.1
32566.8
32531.3
32506.3
32520.3
32579
32660.3
32678.8
32639.3
32539.1
32385.8
32275.5
32256.5
32280
32285.8
32236.5
32081
31758.3
31242.6
30567.1
29845.2
29168
28612.3
28108.5
27576.4
26971.5
26220.3
25311.1
24235
23079.5
21969.7
20383.5
4167.37
4201.18
4397.99
5156.45
6416.5
7289.07
7883.29
8285.68
8906.34
8988.05
9464.57
10350.4
11374
12799.2
14402.7
16150.3
17899.9
19652.2
21197.4
22651.7
23866.6
25538.2
26339.8
28104.8
28957.2
29257.7
29671.8
30435.5
31022.9
31100.8
31322.7
31712.4
32076.8
32066.3
31982.4
32014.7
32190.9
32443.9
32511.8
32399.9
32335.8
32374.3
32503.7
32626.4
32600.6
32512.1
32460.6
32473.5
32534.1
32574.8
32539.8
32514.9
32528.9
32587.8
32669.1
32687.7
32648.2
32547.8
32394.6
32284.5
32265.4
32289
32294.8
32245.4
32089.8
31766.9
31251.1
30575.5
29853.7
29176.6
28620.9
28117
27584.9
26979.8
26228.4
25318.9
24242.6
23087
21977.1
20391.1
4168.87
4201.12
4391.4
5133.69
6425.65
7296.22
7887.6
8288.62
8910.82
8972
9468.39
10351
11370
12786.8
14377.2
16110.9
17848.7
19590
21131.3
22600.8
23829.7
25485.7
26287.2
28055.1
28915.4
29221.2
29641.1
30409.2
30999.6
31083.2
31309
31699.8
32064.1
32055.5
31973.9
32007.9
32185.2
32438.3
32507.4
32397.2
32334.6
32373.7
32502.8
32625.1
32600.4
32512.7
32462
32475.2
32535.9
32576.7
32542.1
32517.7
32531.9
32590.6
32671.8
32690.8
32651.1
32550.6
32397.7
32288.1
32269.1
32292.3
32297.9
32248.6
32092.8
31769.8
31254.2
30579.1
29857.9
29181.1
28625.6
28121.5
27589.3
26983.9
26232.3
25322.7
24246.5
23091.1
21981.5
20395.6
4168.94
4198.65
4377.48
5096.71
6417.76
7310.84
7896.74
8294.2
8919.42
8977.37
9476.03
10351.7
11367.6
12775.4
14351.9
16070.8
17785.9
19518.5
21082
22552.7
23782.5
25432.3
26243
28015.2
28886.3
29196.3
29617
30386.9
30980.7
31071
31299.6
31689.6
32052.3
32045.8
31966.5
32001.8
32179.7
32432.1
32502.5
32394.4
32333.4
32373.1
32501.6
32622.9
32599.8
32513.2
32463.6
32476.9
32537.7
32578.2
32544.5
32520.7
32534.9
32593.5
32674.4
32694
32653.8
32553
32400.8
32291.7
32272.7
32295.5
32300.6
32251.3
32095.2
31771.8
31256.1
30581.5
29860.9
29184.6
28628.9
28124.5
27591.9
26986
26234
25324.1
24247.9
23092.6
21983.4
20398
4169.04
4195.21
4361.47
5037.73
6377.67
7330.39
7907.84
8304.76
8930.03
8980.51
9484.27
10352.8
11367.7
12767.8
14327.4
16024.2
17717.1
19456
21030.1
22509.7
23745
25381.2
26197
27969.9
28855.1
29171
29590.1
30360.7
30957.6
31057.5
31289.3
31676.5
32035.4
32031.8
31956
31993
32171.1
32421.4
32493.2
32388.6
32330
32370.3
32497.3
32616.6
32595.5
32510.9
32462.5
32475.8
32536.4
32576.1
32543.5
32520.5
32534.6
32592.7
32672.9
32693.2
32652.5
32551.1
32400
32291.8
32272.3
32294.9
32298.8
32249.4
32092.4
31768.6
31253.2
30579.8
29860.8
29185.2
28629.3
28124.1
27590.8
26984.2
26231.6
25321.4
24245.6
23091
21982.8
20398.3
4168.94
4191.06
4338.32
4967.77
6311.08
7327.13
7926.99
8317.73
8943.85
8968.25
9492.49
10354.4
11370.9
12761.6
14298.2
15978.4
17658.1
19399.4
20996.4
22479.4
23713.9
25334.8
26157.3
27927.5
28828.3
29153.2
29567.3
30335.7
30935.2
31047.9
31283
31664.3
32016.3
32016.6
31945.9
31984.7
32162.2
32408.4
32481.9
32382.4
32327.2
32368.3
32492.8
32609.1
32590.8
32509.2
32462.5
32475.8
32535.8
32574.3
32543.1
32521.3
32535.4
32592.8
32671.6
32693.1
32651.5
32549
32400.1
32292.4
32272.9
32295.2
32297.5
32247.4
32088.9
31764.3
31249.3
30577.8
29861.1
29186.7
28630.4
28123.9
27589.4
26981.7
26228
25317.4
24242.2
23088.7
21982
20399
4168.82
4186.95
4307.69
4892.09
6199.71
7313.62
7951.14
8339.21
8959.76
8951.94
9503.38
10357
11373.6
12752.3
14274.7
15945.4
17610.1
19360.9
20978.6
22463.1
23699.9
25302.4
26135.4
27894.6
28808.4
29143.6
29549.7
30312.6
30912.9
31042.7
31282.2
31653.8
31994.8
32000.4
31937.1
31978.3
32153.9
32392.9
32468
32376.1
32325.7
32367.8
32488.3
32599.8
32585.2
32508
32463.7
32476.9
32535.6
32572
32542.8
32522.7
32536.8
32593.2
32669.5
32692.7
32650
32545.8
32400.4
32292.5
32274.5
32295.2
32296.4
32244.3
32083.4
31757.3
31243
30574.5
29861.4
29188.9
28632
28123.3
27587.1
26977.6
26222.2
25311.1
24236.8
23085.1
21980.9
20400
4168.7
4182.91
4278.79
4813.2
6032.1
7262.45
7962.1
8370.07
8979.98
8938.97
9516.74
10360
11374.9
12749.3
14261.9
15913.2
17570.2
19322.7
20958.7
22445.6
23696.4
25280
26137.3
27873.3
28800.2
29152.7
29542
30292.6
30891
31044.1
31289.9
31646.2
31970.7
31983.7
31931.7
31976.1
32147.7
32374.9
32451.5
32370.7
32326.9
32370.3
32484.7
32589.2
32579.5
32508.4
32467.1
32480.2
32536.6
32570
32543.5
32525.6
32539.9
32594.7
32667.3
32692.6
32648.3
32542
32401.5
32294
32277.7
32295.9
32295.9
32240.5
32075.9
31747.7
31234.2
30570.2
29862.3
29192.7
28634.7
28122.9
27584.1
26971.8
26213.9
25302
24229.2
23080.2
21979.5
20401.8
4168.38
4179.42
4253.97
4704.88
5846.61
7183.84
7970.38
8392.05
9004.11
8921.24
9532.76
10366.4
11378.6
12743.9
14241
15872
17530.5
19269.4
20914
22404.5
23689
25252.1
26151
27849.3
28793.4
29184.9
29553.7
30280.1
30868.4
31049.6
31306.5
31641.4
31943
31966.9
31931.4
31980.3
32145
32353.8
32432.2
32366.8
32331.9
32377.4
32482.9
32577.6
32573.5
32511
32473.7
32486.5
32538.8
32568.2
32545.2
32529.9
32544.9
32597.6
32665
32691.8
32645.2
32537.1
32403.8
32296.9
32283.4
32298.3
32295
32235.2
32065.5
31734
31221.8
30564.2
29863.8
29198.1
28638.8
28122.2
27579.6
26963.3
26201.9
25289
24218.3
23073.2
21977.8
20404.6
4167.6
4176.86
4231.96
4555.9
5660.31
7046.28
7942.06
8430.91
9017.71
8898.99
9555.37
10380.7
11377.9
12719.8
14201.5
15809
17484.7
19182.1
20814
22301.8
23649.6
25179.4
26145.3
27777.4
28723.6
29199.6
29569.5
30268.7
30846.1
31074
31337.4
31637.9
31906.5
31945.6
31936.1
31994.2
32149.1
32330.2
32407.3
32365.4
32343
32390.6
32483.6
32564.7
32567.7
32517.2
32484.4
32497
32542.5
32567.1
32548.7
32536.7
32553.7
32602.8
32662.5
32691.3
32640
32531.4
32407.5
32304.5
32289.4
32302.8
32294.3
32227.7
32050.8
31714.6
31204.2
30555.6
29865.8
29205.8
28644.3
28121.3
27573.4
26951.4
26184.8
25270.4
24202.9
23063.3
21975.4
20408.7
4166.58
4175.06
4212.87
4433.82
5468.22
6801.79
7859.58
8460.82
9032.89
8905.05
9585.33
10405.9
11376.4
12672.5
14125.4
15699
17390.9
19026.2
20617.5
22099.3
23552.5
25039.3
26130.3
27677.6
28628
29213.1
29590.9
30230.7
30772.5
31055.8
31365.2
31629.1
31861.8
31926.3
31947.4
32022.3
32158.5
32299.4
32383.4
32361
32356.6
32414.7
32487.8
32552.6
32559.4
32524.5
32498.8
32513.7
32547.5
32565.9
32550.9
32542.8
32565.9
32610.9
32662.1
32686.3
32630.1
32524.1
32413.2
32318.5
32297.1
32308
32293
32217.3
32030.7
31688.6
31180.9
30544.4
29868.9
29216.5
28651.9
28119.6
27563.8
26933.9
26160.5
25244.7
24181.5
23049.5
21971.9
20414.5
4165.79
4173.74
4197.58
4346.9
5150.97
6518.41
7744.17
8471.65
9029.67
8959.02
9650.16
10469.5
11391.6
12589.5
13973.6
15480.8
17173.5
18742.2
20260.5
21663.2
23259.7
24651.4
25894
27306
28188.7
29025.6
29504.3
30146.2
30689.7
31115.8
31400.1
31606.2
31773.2
31856.1
31937.6
32075.2
32192.5
32275.8
32341.6
32350.7
32378.5
32445.6
32497.5
32541.7
32550.5
32532.6
32519.9
32534.5
32557.7
32567.3
32554.4
32556.7
32583
32622.9
32666.1
32677.9
32616.6
32516.6
32422.2
32337.9
32310
32313.2
32289.6
32203.3
32001.5
31649.8
31146.4
30527.5
29871.4
29230.2
28661.6
28117.2
27551.6
26910.2
26126.5
25208.3
24151.7
23030.5
21967.1
20422.3
4165.62
4171.91
4187.1
4280.53
4770.16
6241.87
7556.66
8380.72
9003.19
9124.95
9792.61
10619.3
11456.2
12463.7
13697.5
15078.1
16687.2
18275.6
19817.1
21227.1
22990.3
24306.1
25816.4
27139.1
27936.4
28890.6
29481.4
29977.6
30391.8
30869.9
31370.1
31556.6
31670.9
31765.1
31942.8
32103.1
32193.9
32238
32257.3
32324.3
32406.8
32471.7
32497.2
32512.2
32526.2
32537.7
32543.9
32551.5
32561.7
32554.6
32553.1
32570.9
32601.1
32632.7
32663.3
32661.4
32596.3
32507.6
32433.7
32363.8
32328.8
32317.8
32283.3
32180.8
31964.2
31603.6
31105.6
30508.1
29877
29248.1
28674
28111.8
27530
26874.2
26080
25160.5
24112
23004.9
21960.6
20432.9
4166.88
4168.73
4180.74
4232.94
4516.09
5764.13
7218.58
8204.26
8955.41
9463.04
10082.1
10955.9
11668.1
12317.7
13244.2
14439.8
15948.9
17437.4
18908.4
20199.3
22090.2
23329.5
25049.4
26326.3
27128.5
28481.2
29277
29894.9
30307.6
30880.5
31253.6
31400
31430.7
31604.3
31949.7
32158
32201.1
32163
32179.2
32321.7
32436.1
32495.5
32496.1
32478.5
32499.2
32540.3
32565.5
32568.6
32559.2
32540.2
32552.9
32585.8
32617.5
32638.8
32652.8
32632.9
32565.6
32493.9
32445.4
32392.9
32347.6
32323.2
32269.5
32148.3
31896.9
31521.5
31036.8
30473.5
29876
29269.1
28688.7
28106.4
27509.5
26828.4
26012.9
25091.3
24056.7
22970.5
21951.4
20446.5
4170.09
4165.29
4177.34
4203.43
4357.28
5089.7
6875.14
7971.06
8827.31
10037.3
10680.2
11661.6
12171.1
12310.1
12782.1
13496.2
14738.1
16277.8
17992.4
19448.4
21492.8
22930.4
24770.4
25895.9
26582.7
27893.3
28937.9
29438
29800.6
30522.6
31329.5
31317.8
31229.6
31485.9
31888.2
32122.9
32154.5
32048.1
32030.4
32250.5
32427.5
32494.9
32450.2
32409.2
32456.2
32529.8
32575.9
32576.3
32549
32519.9
32554.1
32610.6
32652.6
32665.4
32655.6
32617.3
32545.1
32489.9
32463
32428.4
32376.9
32318.8
32245.8
32093.7
31836
31449.5
30971.7
30441.7
29883.8
29291.4
28703.2
28086.4
27456.4
26755.2
25930.7
25008.5
23986.2
22925.3
21939.9
20465.5
4173.69
4165.76
4173.49
4186.24
4256.81
4605.44
5993.52
7669.86
8658.32
10841.5
11963.1
13052
13108.8
12684.5
12601.9
12766.6
13384.9
14421.9
16042.6
17749.3
19799.5
21470.8
23694.7
24806.6
25824.3
27450.4
28700.8
29535.3
29690.9
30227.8
30909.9
31091.7
31057.1
31347.7
31965.4
32188.6
32146.8
31990.3
32007.7
32244.8
32417.6
32482.7
32410.2
32313.1
32366
32468.8
32533
32530
32474
32445.4
32499.8
32563.8
32600.9
32596.6
32558.9
32496.5
32443.1
32434.8
32451.3
32441
32386.4
32316.1
32195.7
32003.4
31661.2
31272.4
30837.8
30369.7
29864.4
29317.9
28718.9
28082
27429.5
26662.1
25791.7
24878.2
23889.9
22866.6
21923.2
20487.2
4175.34
4171.71
4166.03
4174.4
4202.65
4363.82
5053.82
7072.23
8654.54
12048.7
14199.1
15307.8
14732.2
13839.8
13248
12886.1
12891.3
13232.9
14234.2
15865.4
17869.1
19847.5
22216.8
23514.5
24784.8
26575
27762.4
28740.3
29323.4
30134.6
30783.6
30799.5
30978.2
31389.1
31813.4
32043.6
32015.9
31887.3
31987.9
32262.1
32491.7
32542.2
32453.6
32368.6
32415.8
32515.7
32578.6
32572.1
32502.3
32469.5
32542.1
32624.5
32667.1
32657.7
32597.4
32517.6
32454.9
32450.8
32473.6
32475.4
32404.6
32278.7
32136.2
31900.4
31593.1
31158.7
30729.7
30312.7
29857.4
29316.6
28713.4
28003.7
27297.4
26533.5
25671.5
24740.3
23766.1
22792.3
21906.7
20520
4174.09
4174.36
4165.05
4160.66
4176.35
4242.19
4576.18
5924.34
8744.87
14974.2
17123
17606.7
16198.6
15060.3
14252.5
13492.9
13229.6
12932.1
12958.5
13501.1
14615.3
16526.6
19004.3
21091.9
23714.9
25662
26752.1
27996.7
28841.8
29734.3
30311.5
30360.5
30752.9
31471.5
31757.6
31871.9
31784.9
31817.7
31987.5
32174.9
32351.9
32409.5
32350.9
32299.2
32368.5
32466.9
32532.2
32536.1
32481.5
32478.5
32551
32621.3
32656.4
32615
32499.8
32395.3
32368.1
32410.8
32465
32483.8
32432.4
32281.5
32037.3
31702
31269.4
30912.8
30552.5
30203.3
29817.3
29347.7
28723.9
28027.3
27239.2
26305
25394.1
24528.3
23620.5
22698.6
21873.9
20552.1
4169.34
4169.89
4163.64
4154.08
4169.63
4226.08
4488.73
5506.48
8794.13
15029.3
20349.5
20877.2
19674.1
18099.5
16377.6
15031.2
14244.8
13465.9
13455.7
13533.3
13526.8
13894.9
15102.7
17596.3
21467.4
23422.5
25162.5
26991.6
28320.4
29366.3
29634.2
29960.6
30654
31388.2
31597.9
31582.7
31551.3
31741.3
32077.6
32181.1
32267.7
32248.9
32274.8
32302.3
32338.3
32380.6
32414.9
32423.6
32408.3
32440
32510.7
32565.2
32578.1
32528.7
32414
32301.1
32297.4
32372.2
32449.1
32482.2
32406.6
32219.7
31954.5
31577.5
31162
30703.8
30402.2
30112.1
29752.4
29280.4
28649.3
27834.7
27041.2
26188.1
25232.6
24283.7
23421.5
22602.2
21856.5
20599.2
4164.47
4162.87
4161.57
4169.15
4210.8
4378.73
4841.56
6398.09
9417.23
12455.7
16626.6
18540.9
20265.9
20507.7
19676.1
18460.6
17112.4
15920.1
14938.2
14120.5
13746.2
13840.9
14002
14497.9
16165.6
18774.4
22327.3
25289.8
27231.8
28427.5
28652.8
29453.2
30675.8
31297.1
31288
31182.5
31371.4
31766.5
32133.6
32204.5
32190.2
32145
32194.6
32345.1
32392.4
32398.8
32374.1
32393.9
32446
32533.1
32584.9
32617
32626.3
32543.1
32405.1
32318.6
32336
32407.9
32466.2
32481.9
32411.9
32169.7
31772.7
31266.9
30793.8
30497
30214.3
29986.8
29706.3
29289.1
28645.4
27862.3
26813.3
25756.1
24869.7
24065.1
23235.1
22460.5
21800.4
20638.8
4164.78
4165.94
4184.58
4241.79
4400.7
4858.02
6150.46
8452.14
10775.4
11388.7
13137.5
15707.5
18244.2
19036.2
19247
19382.9
19189
18610.5
17596.6
16512.6
15505.9
14792.5
14332.7
14361.1
14567.6
15213.2
17237.5
20274.7
23768.6
26449.4
27711.3
29330.3
30557.1
30731.6
30501.7
30746.2
31178.9
31842.3
32126
32123.7
31995.6
32022.3
32165
32356.4
32398.3
32386.1
32335.3
32354.4
32463.2
32614.4
32652.8
32632.1
32576.9
32461.5
32356.4
32303.5
32336.3
32393.9
32446.7
32443
32326.2
32130.6
31720.6
31154.8
30641.8
30263
30072
29844.2
29553.9
29117.1
28425.4
27563.8
26816.6
25751.5
24557.8
23688.5
23033.2
22384.2
21772.4
20675.8
4177.76
4205.81
4278.54
4467.22
4997.43
6364.01
8586.92
10261
11769.5
12199.9
12455.5
12808.6
13915
15495.6
17265.2
18704.1
18906.8
18854
18694.2
18388.1
17843.7
17030.3
16088.5
15374.2
14924.5
14972.2
15218.9
16027.9
18437.1
22114.1
25684
28907.5
29069.9
29445.5
29756
30315.4
31349.9
31822.6
31874.5
31758.2
31772.8
31925.7
32225.4
32355
32367.3
32289.3
32251.4
32317.8
32487.5
32611.2
32623.8
32584.9
32444.5
32297.5
32287.8
32306.2
32354.9
32392.3
32405.3
32371.2
32226.1
31831.8
31246
30686.5
30331.8
30042
29856.5
29726.5
29480.5
29052.8
28391.6
27514.5
26187.6
25116.8
24167.7
23375.3
22765.4
22223.7
21723
20718.1
4234.8
4332.73
4582.59
5331.72
6834.94
8800.85
10883.3
11953.7
12273
12301.8
12297.5
12398.9
12625
13004.1
13814.4
15049.8
16471.5
17500.5
18136.2
18323
18258.9
18100.2
17808.7
17323.1
16646.6
16000.3
15555.3
15622.5
15937.3
17013.1
19884.4
23815.1
26305.3
28179.6
29288.1
30615.2
31323.7
31427.4
31281.9
31358.8
31592.1
32061
32234.2
32265.7
32183.7
32133.5
32198.6
32398
32515
32598.2
32575.2
32461.9
32270.9
32229.2
32274.9
32384.6
32418.5
32406.6
32369.6
32222
31863.9
31366.2
30892.7
30482.7
30196.7
29961.2
29745.7
29466.6
29046.3
28453
27652.3
26714.2
25637.8
24841.6
24109.2
23438.8
22854.7
22168.1
21647.3
20717.7
4426.86
4847.63
5797.37
7549.44
9719.59
11298.8
11779.7
11907.5
12162.1
12459.6
12635.2
12701.6
12753.8
12793.4
12861.5
13026.2
13435.2
14203.1
15309
16427.2
17197.8
17672.2
17737
17682.2
17554.4
17316.4
16926.7
16489.4
16178.1
16276.3
16685.7
18080.2
21287.8
25064.1
28045
30371.9
30557.2
30351.6
30455.4
30887.7
31736.2
32071.6
32112.7
32001.5
31915.4
32002.5
32268.9
32487.6
32523.4
32521.3
32421.5
32244.1
32171.2
32212.7
32345.5
32463
32455.3
32410.3
32247.5
31898.8
31389.9
30861.9
30503.3
30216.4
29946.7
29689
29391.4
29026
28522.7
27852.4
27000.8
26068.2
25127.1
24254.4
23604.1
23022.8
22484.5
21998.4
21544.4
20640.1
5310.55
6717.56
8759.36
10297.1
11177.9
11866.1
12322.1
12565.5
12653.2
12716.1
12773.4
12796.8
12782.5
12789.2
12815.8
12850.3
12901.6
12993.3
13175.7
13572.2
14243.4
15125.2
15997
16638.2
17041.4
17191.2
17160.6
17082.7
16920
16696.1
16692
16841.2
17417.6
19080.5
22334.5
25649.2
27863.5
29028.6
29890.7
31201.8
31682
31842.2
31677.4
31543
31746.4
32092
32423.6
32501.1
32486.4
32362
32141.8
32098.3
32144
32306
32437.2
32472.7
32442.3
32289
31917
31364.6
30886.8
30524.3
30258.4
30036.3
29784.6
29481.1
29068.5
28517.2
27804.4
27031.3
26240.7
25457.4
24699.2
23984.4
23368.9
22801.1
22278
22008.9
21649.1
20799.5
8113.57
9587.21
10764.4
11709.3
12441.5
12651.5
12668
12637
12644.2
12709.3
12816.6
12873.6
12879.3
12874.8
12869.4
12878.3
12886.6
12892.1
12907.3
12947.7
13032.1
13195.2
13508.2
14019.9
14698.6
15433
16046.4
16423.6
16679.3
16682.8
16678.3
16700.7
16818.1
17143.7
17950.8
19827
23062.5
26852.8
29207.1
30840.6
30995.8
30847
30773.8
31092.7
31630
32282.9
32413.8
32436.8
32249
31981.4
31891.1
31975.9
32223.2
32430.6
32461.7
32434.8
32278.6
31894.2
31333
30749.8
30339.4
30125.2
29993
29836.9
29579.2
29166.4
28539.5
27727
26804.2
25969.9
25239.5
24654.6
24179.9
23667.3
23186.1
22637.1
22286.9
21803.1
21248.5
20266.4
10622
11916.7
12232.2
12352.6
12405.4
12512
12687.9
12807.7
12835.9
12864.7
12901.9
12925
12929.5
12925.5
12919.1
12914.7
12910
12907.6
12907.4
12909.2
12916.5
12935.3
12967.2
13023.4
13129.8
13341
13712.4
14221.6
14825.6
15391.8
15807.5
16106
16281.3
16452.2
16726.1
17211.9
18277.2
20447.3
23471.9
26500.2
28149.8
29226
30150.2
31411.2
32029.5
32226
32248.4
31982
31642.7
31704.4
31857.7
32148
32394.4
32464.9
32425.1
32228.9
31785.5
31180.5
30694.2
30402.3
30152.2
29928.4
29711.8
29450.7
29046.5
28427
27580.3
26704.7
25844.6
25141.8
24572.9
24098.4
23756.4
23381.8
22978.8
22512.8
21950.9
21380.8
20862
19928.2
11792.4
12094.1
12473.3
12736.4
12797.5
12814.8
12855.8
12878.2
12904.7
12932.8
12951.1
12956.7
12954.6
12945
12936.7
12937.4
12941.6
12940.7
12935.1
12925.8
12924
12922
12921.6
12924.2
12932.3
12952.8
12995.7
13071.8
13204
13433.1
13774.7
14202
14649.8
15064.2
15409.1
15738.6
16156.2
16828.6
18186.2
20424.9
23576.8
27138.5
29544.5
31074.6
31716.2
31672.7
31291.2
30883.2
31074.5
31468.2
32106.4
32395
32457.8
32394.5
32110.1
31516.4
30907.1
30418.1
30046.2
29993.6
29911.9
29739.4
29424.3
28921.6
28184.1
27293.3
26290.4
25418.3
24681.4
24125.3
23828.8
23617.9
23417.8
23137.7
22746.5
22251.2
21633.7
20923.7
20320.6
19420.3
12711.7
12723.2
12741
12767.5
12825.3
12894
12941
12952.6
12953.3
12959.2
12965.6
12967.6
12965.9
12962
12958.5
12959.1
12960.4
12957.5
12949.8
12944.4
12941.4
12938.4
12934.3
12928.1
12924.5
12924.6
12927.1
12935
12951.3
12980
13026.7
13099.5
13214.4
13385.6
13611.9
13870.8
14148
14459.6
14880
15525.2
16928.9
19290.6
22499.3
25639.4
27528.3
29166.8
29669.9
30516.2
31382.1
32044.2
32268.5
32417.4
32291.3
31822.8
31043.9
30510.8
30314.6
30176.5
30003.2
29801.2
29543.9
29145.3
28507.4
27672.8
26699.7
25899.7
25224.4
24626.4
24120.3
23654
23315.2
23063.7
22843.3
22558
22158.1
21651.6
21078.8
20450.6
19845
18981.4
12736.8
12829.1
12890
12912
12925.6
12941.9
12960.3
12976.3
12980.6
12980.5
12978.4
12973.1
12969.6
12969.8
12972.3
12973.7
12972.5
12968.8
12962.8
12957.4
12951
12950.5
12950.1
12947.4
12942.5
12934.5
12931.4
12931.8
12933.6
12937.7
12944
12953.9
12969.8
12994.1
13029
13078.7
13146
13235.7
13350.7
13510.3
13769
14243.4
15375
17355.1
20505.4
24202.7
27352.6
30308.7
31250.9
32004.8
31901.9
31618.6
30956.4
30185.7
29659.6
29681
29760.3
29892.9
29817.6
29548.2
28971.9
28092.3
26958.8
25911.9
24985.9
24277
23895.1
23674.9
23544.4
23315.4
23020.8
22628.5
22191.9
21735.5
21256.7
20768.5
20273.2
19758.4
19307.3
18625.3
12910.6
12898.7
12905.9
12936.9
12964.8
12981
12985.3
12985.3
12984.2
12983.6
12982.3
12980.1
12979.5
12979.7
12978.9
12976
12971.4
12966
12960.6
12957.7
12957.1
12954.7
12952.2
12950
12946.6
12944.8
12943
12942.4
12943.6
12944.2
12944.6
12946
12947.6
12950.5
12955.2
12963.3
12976.6
12994.7
13016.8
13045.1
13084.2
13145.9
13262.4
13506.9
14115
15442.5
18054.7
21464.2
24403.2
27279
28226.2
29114.4
29279.7
29464.7
29729
29739.3
29655.4
29463.8
29015.9
28150.8
27000
25923.9
25172.3
24620.9
24209.6
23779.2
23414.4
23063.3
22812.7
22535.2
22164.5
21717.4
21199.3
20713.9
20287.1
19907.5
19559.6
19190.1
18841.8
18277.3
12959
12958.9
12959.2
12962.8
12970.5
12982.9
12987.3
12987.6
12986.2
12983.8
12980.8
12979.2
12978.9
12978.5
12977
12973.9
12969.5
12964.5
12960.2
12957.4
12955.9
12955.1
12954.5
12954.2
12953.5
12950.1
12945.9
12944.3
12945.1
12947.3
12949.1
12949.9
12950.6
12952.1
12953.5
12955.1
12958.6
12962.8
12966.7
12969.7
12974.6
12979.5
12987.9
13004.3
13046.7
13150.6
13436.7
14065.6
15575.6
17972.2
21151.5
24302.9
26674
28630.2
29542.3
29430.6
28949.3
28032.1
26712.2
25329.4
24281.2
23640.1
23377
23337.1
23385.7
23281.7
23046.1
22645.3
22125.1
21555
20967.7
20410
19918.5
19541.8
19289.2
19160
18999.5
18768.1
18495.6
17984.5
12973.3
12964.2
12954.1
12950.8
12952.8
12964.9
12975.7
12978.1
12978.1
12977.1
12977.3
12979.6
12981.8
12981.7
12979.4
12974.2
12966.7
12960.3
12956.2
12954
12953.2
12953.4
12953.9
12954
12953.1
12951.3
12949.9
12949.7
12950.8
12952.9
12954.7
12955.3
12955
12956.2
12958
12958.9
12960.3
12963.2
12965.5
12965.8
12963.4
12956.3
12943
12923.9
12897.9
12868.5
12830.6
12796.5
12820.6
12958.4
13494.9
14684.2
16817.1
19412.4
21606.9
23600.7
23995.7
24195
24097.8
23942.6
23702.9
23412.5
23100
22735.1
22396.6
22000.1
21522.9
21011.4
20547.3
20139.5
19809.6
19447.9
19128.3
18819.4
18570.8
18364.5
18211.1
18091.1
17904.2
17484.1
12978.3
12977.7
12979.5
12982.2
12981.3
12978.7
12977.2
12976.8
12977.5
12978.7
12981.8
12986.5
12989.8
12989.6
12985.4
12977.7
12968.3
12961
12956.4
12953.9
12953
12952.7
12952.4
12951.7
12950.9
12951.3
12953.3
12955.5
12957.1
12957.5
12957.3
12957.2
12955.7
12956
12958.7
12961.2
12962.4
12963.3
12963.5
12960
12950.3
12933.9
12905.8
12865.8
12803.6
12719.1
12591.9
12432.6
12214.7
11987.6
11739.6
11485.1
11540
11910.2
12955.7
14788.4
17134.3
19465.1
21294.8
22738.6
23223
23093.5
22717.6
22056
21174
20226.5
19511.4
19013.5
18784.4
18775.7
18804
18752.1
18639.5
18474.5
18233.2
17891.5
17585.8
17321.5
17173.5
16879
13032.5
13034.7
13033.8
13030.1
13022
13008.7
12996.9
12992.5
12992.4
12995.4
12999.8
13003.5
13005.9
13004.8
12999.2
12991.4
12983.5
12976.8
12971.8
12967.4
12963.5
12960.4
12958.9
12959.6
12961.9
12965
12967.9
12969.5
12969.4
12966.8
12962
12958.5
12958.7
12960.8
12963.3
12964
12962.5
12960
12953.3
12941.6
12922.1
12891.8
12841.8
12768.2
12656.1
12500.4
12288.4
12022.8
11685
11326.8
10930.6
10516.6
10178.3
9876.36
9664.01
9765.19
10318.9
11539.6
13616.7
15910.1
18155.2
19410.1
19428
19552.7
19519.4
19322.1
19019.1
18707.1
18411.2
18129.4
17827.6
17781.1
17697.1
17531.8
17274.7
16977.4
16749.2
16509.2
16397.5
16199.3
13088.6
13074.9
13063.5
13053.4
13042.5
13035.8
13034.8
13036.6
13041.4
13045.4
13046.7
13044.9
13038.8
13029
13019.2
13013
13009.2
13003.8
12995.3
12986.6
12980.6
12976.8
12974.8
12975.6
12978.4
12982.6
12985.5
12986.8
12986.1
12982.4
12975.9
12972.3
12971.9
12973.1
12972
12968.3
12962.4
12952.1
12935.4
12909.3
12868.6
12805.1
12708.5
12569.2
12369.3
12105.3
11797.8
11408.5
11007.2
10612.7
10190.2
9757.64
9419.8
9041.23
8710.75
8493.28
8268.95
8327.77
8615.92
9524.98
11305.6
13774.1
15695.6
17522.2
18485.8
18868.5
18820.5
18645.1
18362.3
17896.9
17340.9
16836.5
16387.9
16347.2
16341.8
16306.4
16220.4
16082.8
15899.4
15631.9
13103.2
13091.6
13081.5
13077.8
13079
13083.6
13092.3
13100.3
13100.9
13096.5
13089.6
13080.4
13067.9
13057.8
13051.9
13048.9
13046.4
13041.6
13034.2
13024.4
13015.3
13010.4
13009.7
13011.8
13014.8
13017.7
13018.7
13016.4
13010.5
13002.2
12994.2
12990.6
12989
12987.6
12980.8
12971.5
12956.3
12932.4
12894.5
12837.6
12751.2
12621.8
12444.3
12194.3
11876.1
11521.6
11111.2
10653.8
10263
9858.28
9411.14
9060.18
8745.94
8391.21
8089.58
7838.35
7584.75
7394.84
7228.57
7280.01
7495.22
8187.05
9859.37
12223.9
14335.9
15842.2
16962.1
16968.3
16786.8
16656.7
16558.3
16368
16075.9
15846.2
15665.4
15689.2
15700.2
15647.3
15510
15254.4
13119.2
13119.1
13120.3
13122.3
13125.5
13126.9
13125.1
13120.2
13116
13112.1
13106.2
13100
13095.9
13093.7
13092.2
13090.4
13088.6
13085.3
13079.3
13070.9
13062.8
13057.8
13055.2
13053
13051
13049.1
13046.3
13042.7
13038
13031.7
13026.2
13020.3
13014.1
13004.8
12990.6
12970
12935.4
12881.5
12797.7
12678.8
12502
12270
11969.9
11587.9
11188.4
10771.3
10284.5
9869.49
9508.89
9068.51
8687.91
8427.68
8095.94
7779.43
7547.18
7330.5
7092.22
6877.95
6722.78
6591.18
6467.56
6512.12
6747.19
7385.77
8923.11
11217.7
13887.8
15003.9
15706.9
16184.9
16162.8
16084.4
15934.3
15681.6
15434.6
15233.2
15064.6
15025
15019.3
14929.9
13129.8
13128.6
13128.4
13129.5
13131.3
13132.8
13132.8
13130.7
13128.2
13127.7
13127.2
13125.5
13123.3
13121.3
13119.1
13115.5
13109.2
13103.8
13103.3
13104
13103.6
13101.4
13098.3
13094.5
13088.9
13082.6
13076.2
13070.6
13066.6
13063.4
13057.8
13055.3
13048.3
13032.7
13005.8
12955.3
12870.8
12749
12575.4
12339.3
12037.1
11692.8
11255.5
10810.5
10390.4
9917.3
9459.69
9122.05
8747.46
8337.95
8072.12
7819.46
7484.24
7254.42
7074.4
6856.93
6647.85
6492.32
6353.85
6190.12
6066.98
5976.91
5923.38
5970.65
6208.36
6944.52
8482.71
10737.5
13385.7
14787.2
14995.6
15195.7
15187
15020.4
14841.5
14611.2
14466.4
14429.6
14485.8
14554.6
13141.8
13141.3
13141
13141.1
13142.6
13143.3
13142.5
13140.8
13138.3
13135.5
13132.9
13131
13129.6
13128.3
13127.4
13126.3
13124.4
13123.3
13122.4
13121.9
13120.8
13118.8
13115.5
13111.6
13109.6
13108.1
13104.4
13100.5
13095.5
13092
13083.6
13061.8
13024.1
12968.2
12887.7
12771.7
12604.4
12394.5
12099.6
11732.2
11344.4
10886.9
10375
9968.42
9533.52
9048.44
8708.11
8404.17
8017.74
7725.44
7509.3
7236.93
6976.28
6811.76
6637.05
6425.05
6285.7
6155.15
6023.13
5879.69
5789.17
5672.16
5596.63
5509.82
5519.14
5587.83
5858
6748.81
8494.35
10678.6
12821.1
14519
14923.8
14929.8
14798.9
14514.9
14390.5
14271.9
14205.2
14206.6
13157.4
13157.7
13157.4
13156.6
13155.4
13154
13151.8
13148.9
13145.7
13143.1
13141.3
13140.5
13140.6
13140.5
13139.9
13141.2
13143.7
13144.9
13144.4
13143.1
13141.1
13137.5
13134
13130.6
13123.9
13119.8
13118.7
13115.2
13108.4
13091.8
13062.3
13016.5
12943
12835.2
12683.7
12460.1
12175.8
11834.9
11375.1
10925.7
10475.8
9930.08
9487.64
9115.94
8659.1
8275.4
8029.51
7705.18
7387.96
7192.58
6986.91
6725.38
6565.24
6405.47
6245.67
6080.64
5978.82
5846.11
5741.54
5632.27
5546.34
5447.41
5378.03
5304.48
5240.84
5198.65
5220.6
5338.07
5686.67
6771.1
8850.29
11042.9
12791.7
14189.4
14591.4
14606.1
14548.3
14382
14173.2
14048.3
13162.8
13162.5
13161.9
13161
13159.3
13157.1
13154.5
13152.1
13150.1
13149.8
13150.5
13151.7
13153.1
13154.1
13155.1
13156
13156.2
13156
13154.9
13152.9
13149.9
13146.5
13141.9
13138.2
13133.1
13126.4
13115.9
13099.7
13073.1
13028.6
12958.6
12852.4
12688.8
12479.4
12191.6
11804.1
11409.6
10923.3
10387.2
9957.69
9476.34
8975.53
8641.84
8274.39
7875.66
7620.55
7392.98
7069.25
6876.2
6711.15
6510.53
6317.4
6200.1
6053
5919.75
5794.46
5694.48
5596.96
5508.91
5413.62
5329.73
5272.83
5198.23
5143.58
5084.17
5050.72
5007.95
5009.79
5048.67
5215.5
5684.57
7042.28
9487.83
11802.9
12995.7
13817.1
14190.7
14299.8
14298.1
14200.3
13162.5
13162.1
13162
13160.9
13158.6
13156.7
13155.9
13156.3
13157.2
13158.5
13160.7
13163.4
13166.1
13168.2
13169.4
13169.8
13169.2
13168.4
13166.9
13164.2
13159.6
13154.3
13147.6
13141.2
13136
13125
13101.8
13060.6
12990.7
12879.3
12725
12499.3
12194.9
11847.5
11373.9
10867
10407.7
9829.17
9358.05
8970.37
8506.4
8127.94
7857.99
7510.37
7221.07
7034.77
6811.86
6567.47
6433.97
6278.55
6109.01
5988.76
5879.19
5757.71
5637.35
5551.09
5471.65
5391.34
5299.62
5232.22
5179.95
5127.33
5063.33
5025.1
4990.82
4953.73
4920.71
4888.33
4888.81
4907.27
4984.87
5248.29
5963.38
7728.43
10484.2
12579.8
13249.6
13595.1
13853.9
13974.1
13167.2
13167
13167.2
13166.1
13164.1
13163.7
13164.4
13165.7
13167.3
13169.1
13171.8
13176
13181.5
13185.8
13187.7
13188.3
13188.5
13187.8
13185.7
13180.9
13172.5
13162
13152.5
13139
13115.6
13074.2
13004.7
12900.7
12737.4
12506.8
12216.1
11799.9
11342.5
10846.9
10246.2
9761.16
9284.97
8744.16
8397.99
8059.01
7662.23
7392.07
7160.71
6867.76
6677.93
6528.41
6319.69
6157.53
6052.15
5923.24
5791.26
5700.41
5606.95
5504.65
5416.89
5355.84
5280.84
5197.99
5142.72
5100.73
5050.4
4995.83
4970.89
4946.78
4918.16
4888.12
4868.94
4849.18
4824.65
4810.95
4816.36
4850.89
4975.86
5399.56
6527.78
8726.99
11269.4
13332.4
13583.1
13615.8
13175.6
13175
13175.1
13174.1
13172.3
13172.3
13173.6
13175.9
13179.4
13184.3
13190.2
13196.7
13202.2
13205.1
13206.2
13206.6
13206.4
13204.2
13199.8
13190.5
13176.4
13158.8
13134.5
13096.3
13034
12927
12768.6
12541
12194.9
11799.7
11318.1
10706.6
10188.4
9636.33
9076.97
8665.44
8207.47
7813.26
7567.43
7263.3
6951.73
6770.61
6577.84
6360.1
6230.51
6096.2
5922.66
5826.38
5742.84
5624.69
5524.33
5458.65
5380.19
5302.27
5250.04
5191.83
5116.12
5070.57
5040.69
5000.5
4951.12
4924.39
4907.45
4888.53
4866.65
4854.73
4841.13
4824.87
4802
4788.65
4775.75
4776.27
4791.97
4854.84
5057.48
5743.17
7359.64
9746.25
12177
13551.4
13186
13186.1
13186
13185.2
13184.4
13185.4
13187.9
13191.2
13195
13199.8
13205.4
13211.4
13215.3
13216.8
13217.4
13217.4
13216.2
13213.5
13203.3
13185.2
13158.9
13119.6
13052.5
12944.5
12778.8
12527.8
12196.2
11735.8
11205.1
10667.1
9985.7
9414.01
8979.72
8436.16
7988.82
7674.45
7324.42
7069.38
6869.21
6593.56
6390.7
6272.83
6117.52
5965.47
5865.15
5737.32
5615
5556.17
5484.67
5381.67
5317.96
5265.58
5194.03
5145.27
5107.87
5053.69
5005.39
4980.49
4948.72
4913.28
4893.14
4881.26
4866.5
4852.64
4842.76
4835.93
4824.59
4809.99
4797
4784.82
4774.06
4761.63
4758.43
4764.81
4795.15
4895.6
5240.4
6299.54
8339.84
11633
13205.6
13203.7
13200
13194.6
13192.9
13193.5
13195.3
13197.8
13201.1
13206.5
13214.2
13220.6
13224
13226.7
13229.9
13229
13223.7
13208.7
13181.1
13135.3
13064.7
12948.4
12763.2
12514.5
12138.8
11633
11096.3
10469.9
9829.78
9183.41
8641.27
8288.22
7844.9
7326.95
7101.98
6915.5
6659.84
6464.26
6289.04
6077.75
5970.97
5888.75
5763.41
5653.38
5566.21
5450.99
5384.29
5344.66
5276.48
5198.11
5157.33
5107.97
5057.82
5035.86
5007.73
4965.32
4938.33
4918.32
4890.5
4870.4
4859.25
4844.62
4834.32
4827.74
4823.23
4818.37
4811.75
4802.89
4796.08
4786.73
4776.79
4764.8
4755.62
4749.75
4751.71
4765.88
4817.56
5000.08
5571.01
8356.58
13211.9
13207.1
13205.1
13204.2
13203.3
13203.1
13204.4
13208.1
13215.3
13224.4
13230.6
13234.6
13236.4
13235.8
13230.5
13218.4
13193.8
13148.6
13073.5
12951.7
12753.5
12463.5
12072.7
11523.6
10852
10271.1
9618.46
8882.24
8344.11
7966.02
7630.59
7243.91
6779.86
6581.49
6498.59
6342.68
6110.58
5975.85
5851.17
5721.26
5660.6
5591.17
5476.95
5395.21
5322.35
5243.1
5207.03
5167.14
5095.97
5056.02
5033.36
4996.74
4971.82
4957.26
4930.8
4904.49
4893.03
4879.22
4860.37
4848.59
4838.22
4824.67
4817.91
4813.98
4810.57
4807.64
4804.43
4799.77
4794.25
4786.85
4777.36
4767.77
4757.56
4749.78
4742.78
4742.52
4747.78
4775.48
4869.86
5816.33
13221.2
13213.6
13209.5
13209.5
13211.3
13214.1
13217.9
13222.8
13229.1
13234.3
13236.5
13237.6
13235.5
13228.3
13211
13172.4
13099.4
12974.3
12761.9
12446.3
12012.5
11416.7
10686.5
10010.7
9394.1
8725.22
7974.04
7643.7
7420.6
7079.79
6643.8
6343.65
6231.79
6172.78
6056.62
5830.94
5693.29
5651.44
5582.52
5491.45
5427.08
5342.6
5254.57
5212.25
5159.16
5108.41
5075.56
5025.7
4982.07
4972.67
4959.48
4934.87
4918.79
4903.06
4879.73
4869.36
4863.04
4851.05
4837.54
4831.38
4825.45
4818.01
4812.66
4809.26
4806.23
4803.97
4801.46
4797.81
4792.08
4785.93
4778.47
4771.7
4763.04
4752.74
4743.99
4736.01
4730.33
4733.05
4748.98
4955.77
13225.5
13220.1
13216.8
13215.6
13215.9
13218.3
13225.2
13232.7
13238.1
13242.5
13245.9
13244.2
13233.9
13204.1
13139
13018.6
12803.2
12466.4
12000.6
11359.4
10564.3
9849.85
9201.46
8544.99
7835.62
7379.95
7165.62
6965.71
6617.86
6166.62
6014.59
6003.13
5960.96
5837.4
5623.15
5473.4
5464.26
5453.38
5388.08
5296.49
5229.05
5157.05
5121.95
5095.82
5053.08
5018.34
4985.92
4943.42
4931.27
4926.57
4915.12
4897.73
4885.59
4871.95
4858.85
4853.06
4845.52
4830.67
4821.47
4819.77
4817.75
4814.12
4810.66
4807.6
4804.72
4801.95
4799.13
4795.1
4789.96
4783.75
4778.08
4771.93
4764.64
4754.16
4743.91
4734.05
4726.84
4721.92
4724.42
4772.3
13224.9
13221.2
13221.1
13222.2
13224.5
13230.1
13238
13246.2
13251.2
13254.5
13250.8
13233.5
13184.8
13080.8
12880.3
12546.1
12072.5
11405.1
10555.8
9779.14
9099.24
8431.13
7704.71
7214.12
6997.57
6817.14
6557.73
6158.45
5874.76
5829.6
5837.51
5805.07
5676.92
5473.38
5339.21
5318.68
5321.56
5292.05
5196.54
5122.79
5083.31
5050.09
5031.48
5006.86
4975.98
4956.72
4933.14
4911.1
4906.25
4900.93
4889.41
4876.23
4867.36
4858.29
4851.82
4846.6
4837.63
4821.67
4812.49
4810.61
4809.02
4808.59
4808.74
4807.89
4805.45
4801.69
4797.02
4791.58
4785.36
4778.3
4771.1
4764.71
4758.9
4753.05
4744.94
4737.06
4729.82
4722.79
4721.07
4732.22
13211
13210.6
13212.4
13217
13225.1
13238.5
13248.3
13252.5
13256.3
13248.9
13219.6
13145.1
12983.1
12684
12230.9
11560.6
10677.1
9832.65
9090.85
8380.92
7634.97
7124.3
6877.52
6684.59
6473.31
6149.65
5834.16
5720.95
5718.45
5713.47
5660.67
5526.59
5346.9
5256.8
5236.05
5220.24
5192.44
5126.65
5045.5
5021.14
5003.94
4984.88
4969.88
4950.35
4931.67
4920.65
4906.22
4896.45
4892.07
4885.75
4872.74
4860.83
4854.44
4848.37
4844.62
4841.13
4834.47
4822.84
4812.8
4805.97
4801.64
4801.09
4802.28
4803.46
4802.78
4799.66
4794.39
4788.51
4783.62
4778.64
4772.15
4764.01
4756.78
4751.57
4747.13
4741.14
4734.34
4726.37
4721.22
4718.91
13193.8
13201.3
13208.6
13218.1
13228.8
13235.1
13241.3
13247
13240
13200.7
13095.4
12864.7
12472.4
11842.9
10950.4
10040.8
9216.33
8432.71
7635.9
7103.66
6829.82
6596.15
6375.91
6129.83
5869.34
5683.08
5632.58
5635.48
5615.96
5538.52
5403.66
5265.95
5200.01
5183.41
5163.79
5125.79
5067.59
5001
4980.87
4980.41
4972.85
4960.23
4947.95
4929.45
4911.86
4900.82
4888.69
4880.37
4873.35
4863.16
4850.27
4846.55
4844.94
4841.97
4838.27
4833.45
4828
4823.95
4820.09
4813.46
4803.98
4796.51
4794.41
4795.35
4796.43
4795.17
4790.44
4782.89
4776.06
4771.89
4768.67
4763.93
4756.02
4749.83
4745.51
4743.68
4739.02
4733.06
4725.22
4716.11
13170
13178.1
13186.7
13193.5
13199.5
13206.9
13215.7
13216.5
13171.9
13035.3
12745
12213.5
11368
10400.6
9479.56
8587.83
7739.9
7191.86
6827.47
6547.41
6324.57
6075.71
5855.82
5711.84
5600.38
5566.42
5558.61
5528.98
5451.89
5319.94
5190.76
5143.27
5136.13
5124.68
5094.36
5046.45
4987.56
4957.23
4958.27
4960.84
4954.55
4944.57
4931.83
4910.18
4893.44
4883.99
4875.07
4867.61
4857.25
4841.67
4837.15
4841.11
4847.71
4849.82
4845.28
4833.32
4819.27
4814.64
4816.93
4817.52
4811.88
4801.72
4792.3
4787.81
4787.1
4788.03
4787.38
4782.95
4774.97
4767.89
4764.61
4763.53
4760.7
4754.44
4748.3
4744.56
4741.81
4738.1
4732.03
4721.01
13112.8
13123.3
13131.6
13138.7
13148.9
13163
13173.7
13121.8
12956.8
12585.7
11878.6
10927.3
9913.9
8891.78
7969.63
7347.15
6914.41
6582.45
6298.37
6076.83
5868.94
5713.68
5627.85
5564.86
5521.09
5489.44
5454.38
5396.35
5289.97
5149.35
5085.35
5077.35
5077.82
5067.3
5040.46
4998.08
4956.13
4943.69
4945.1
4945.39
4936.12
4923.22
4904.3
4882.67
4877.14
4875.53
4875.28
4871.73
4859.17
4837.53
4826.81
4827.82
4835.39
4842.97
4844.74
4836.27
4819.65
4806.56
4802.92
4805.74
4808.57
4807.63
4801.1
4791.29
4783.03
4779.38
4778.74
4778.54
4775.63
4769.17
4762.43
4759.63
4759.07
4757.51
4752.21
4745.75
4739.56
4734.29
4729.02
4720.39
13066.9
13081.5
13087.6
13093
13117
13139
13100.4
12910.5
12441.6
11612.7
10572.4
9426.57
8352.46
7619.67
7063.76
6646.56
6324.39
6078
5885.97
5771.04
5660.03
5567.27
5514.44
5483.12
5452.89
5404.68
5339.78
5252.65
5124.56
5044.99
5041.15
5055.37
5059.69
5043.65
5008.58
4958.63
4930.64
4928.86
4935.57
4935.25
4927.38
4914.54
4892.57
4873.57
4868.81
4870.01
4874.53
4875.59
4866.38
4846.84
4827.45
4815.93
4815.4
4824.14
4834.25
4839.13
4835.74
4824.49
4810.22
4800.67
4798.52
4799.69
4799.2
4794.65
4786.53
4778.54
4773.34
4771.49
4771.32
4770.22
4766.41
4761.78
4758.74
4756.9
4754.52
4750.35
4744.43
4737.75
4731.6
4722.85
12999.2
13009.7
13007.7
13033.2
13069.1
13063.4
12844.4
12300.5
11398.7
10203.5
8997.54
8050.59
7320.97
6808.73
6418.05
6143.44
5923.38
5811.71
5746.43
5659.6
5547.4
5486
5451.97
5406.62
5338.66
5260.69
5197.64
5119.92
5039.18
5027.16
5037.68
5049.83
5045.55
5019.85
4972.93
4923.58
4907.53
4911.45
4921.55
4925.65
4923
4911.74
4892.08
4875.08
4864.2
4858.36
4857.64
4859.19
4859.31
4855.88
4847.36
4833.27
4818.68
4812.77
4816.04
4822.66
4827.42
4826.74
4818.17
4805.37
4796.56
4793.63
4792.98
4792.21
4788.95
4783.2
4777.12
4772.6
4769.45
4767.02
4764.69
4762.86
4760.77
4757.68
4753.17
4748.11
4743.07
4737.89
4732.72
4725.02
12950.2
12950.4
12970.6
13024.8
13072.3
12868.9
12281.5
11262
9972.07
8743.22
7787.28
7073.35
6573.9
6242.54
5984.13
5863.98
5787.54
5698
5618.97
5570.38
5507.3
5421.99
5350.17
5290.45
5225.97
5170.84
5118.55
5055.1
5027.79
5034.34
5045.39
5042.94
5020.39
4979.02
4930.47
4907.68
4908.03
4916.79
4922.74
4921.41
4914.2
4902.52
4890.81
4883.06
4876.39
4867.42
4856.85
4849.93
4849.36
4852.59
4854.72
4849.28
4832.8
4814.12
4807.52
4811.41
4817.75
4821.39
4819.23
4810.81
4802.39
4798.01
4795.35
4792.22
4787.55
4781.93
4777.5
4775.09
4773.26
4770.38
4766.35
4763.01
4761.25
4759.43
4755.85
4750.36
4744.12
4737.98
4733.19
4726.97
12877.2
12875.3
12938.8
12996.4
12897.3
12291.4
11170.5
9840.84
8586.09
7595.97
6964.92
6474.71
6134.81
5989.39
5870.09
5743.18
5637.52
5594.32
5562.6
5491.63
5389.11
5313.27
5278.1
5227.62
5155.13
5108.54
5074.18
5035.07
5024.29
5028.58
5029.83
5018.09
4991.21
4949.11
4914.87
4907.38
4913.12
4918.81
4916.6
4907.4
4895.51
4887.26
4885.97
4888.9
4889.36
4880.76
4861.76
4843.2
4838.4
4843.63
4850.29
4850.82
4839.33
4818.4
4805.83
4807.52
4814.37
4818.71
4816.92
4808.6
4799.45
4795.35
4794.42
4793.32
4789.89
4784.2
4778.59
4775.15
4773.15
4770.83
4767.18
4763.41
4760.47
4757.71
4754.14
4749.54
4744.5
4739.26
4734.65
4728.51
12821.1
12875.7
12963.3
12957.1
12441.4
11323.7
9861.32
8576.55
7574.97
6870.42
6411.54
6150.63
6009.14
5867.3
5734.25
5665.08
5600.25
5520.29
5454.14
5397.25
5327.32
5270.1
5223.51
5166.74
5110.12
5077.17
5046.25
5022.96
5024.01
5029.18
5024.65
5002.66
4963.84
4924.59
4910.18
4915.22
4925.77
4929.12
4919.39
4899.01
4880.84
4875.27
4880.74
4890.46
4895.63
4890.45
4870.82
4845.95
4836.1
4841.1
4850.29
4853.67
4844.56
4822.77
4804.57
4802.34
4809.14
4815.35
4815.95
4809.88
4801.47
4796.27
4794.34
4793.09
4790.56
4786.23
4781.44
4777.77
4775
4771.9
4767.99
4764.06
4760.86
4757.63
4753.73
4748.92
4743.79
4738.8
4734.84
4729.64
12773.2
12879.9
12950.5
12657.6
11587.5
10100.1
8651.36
7628.02
6857.42
6416.58
6160.16
5958.14
5837.67
5774.59
5703.71
5599.27
5502.44
5440.37
5403.96
5342.78
5258.2
5212.53
5182.39
5128.46
5076.98
5055.32
5038.71
5027.74
5024.72
5020.13
5005.59
4974.77
4934
4909.07
4908.63
4921.95
4936.1
4938.85
4923.41
4892.01
4867.27
4862.81
4872.91
4886.98
4895.17
4893.53
4876.71
4850.56
4835.01
4836.23
4845.12
4849.89
4843.48
4824.95
4806.2
4800.68
4805.39
4811.05
4812.07
4807.62
4800.96
4796.16
4793.93
4792.57
4790.13
4786.07
4781.6
4778.16
4775.41
4772.05
4767.68
4763.26
4759.58
4756.06
4752.28
4747.87
4743.33
4738.81
4735.07
4730.09
12781.9
12929.9
12852.6
11986.9
10551.1
8955.8
7723.14
6957.93
6457.5
6184.22
5982.13
5858.71
5791.99
5716.57
5626.88
5544.68
5466.11
5394.71
5341.77
5283.37
5221.34
5185.02
5149.72
5099.36
5067.58
5052.85
5038.22
5026.58
5019.46
5009.82
4988.48
4950.64
4914.8
4903.18
4911.36
4929.63
4943.63
4943.41
4923.88
4889.11
4862.55
4857.08
4868.04
4883.33
4893.13
4893.44
4879.96
4857.13
4839.49
4836.15
4842.48
4846.81
4841.4
4825.56
4808.27
4800.94
4803.42
4808.04
4809.09
4805.74
4800.47
4796.08
4793.66
4792.31
4790.36
4786.91
4782.73
4779.1
4776.01
4772.44
4768.05
4763.34
4759.1
4755.08
4751.19
4746.95
4742.7
4738.49
4735.07
4730.38
12817.3
12938.9
12495.5
11074.5
9505.36
8013.29
7091.3
6554.18
6215.37
6047.37
5907.5
5797.45
5724.25
5660.97
5584.84
5489.62
5404.18
5346.77
5306.04
5247.82
5188.65
5159.52
5129
5084.73
5059.34
5048.02
5037.24
5025.35
5013.6
4998.42
4971.46
4932.11
4905.09
4900.55
4912.62
4932.01
4944.75
4942.65
4921.05
4888.36
4863.85
4854.81
4862.8
4877.82
4888.98
4890.53
4879.67
4861.22
4844.51
4837.43
4839.92
4842.65
4837.59
4824.1
4809.14
4801.23
4801.58
4804.79
4805.89
4803.77
4799.9
4795.99
4793.28
4791.59
4789.7
4786.67
4782.96
4779.51
4776.26
4772.38
4767.77
4762.85
4758.31
4754.02
4750.06
4745.95
4742
4738.03
4734.76
4730.15
12869.7
12856.2
11838.4
10163
8578.45
7338.02
6700.67
6321.53
6096.39
5970.07
5848.84
5762.18
5695
5617.05
5530.65
5441.96
5369.89
5319.47
5275.67
5219.33
5173.48
5146.68
5113.38
5075.01
5057.41
5047.93
5036.35
5022.01
5007.25
4988.39
4957.49
4921.21
4902.62
4902.45
4915.65
4932.6
4942.51
4938
4915.71
4888.52
4869.09
4858.64
4861.23
4873.4
4884.44
4886.65
4878.24
4864.32
4850.09
4840.65
4838.86
4839.1
4834
4822.69
4810.31
4802.53
4800.98
4802.5
4803.29
4802.08
4799.41
4796.07
4793.29
4791.34
4789.47
4786.71
4783.32
4779.93
4776.52
4772.44
4767.69
4762.51
4757.6
4753.02
4749.01
4745
4741.25
4737.41
4734.24
4729.7
12901
12610.9
11042.1
9300.19
7839.73
6905.96
6483.83
6199.19
6025.64
5922.58
5817.93
5735.53
5662.47
5579.99
5493.75
5403.55
5336.13
5294.69
5254.86
5200.78
5161.24
5136.65
5104.16
5070.61
5054.81
5045.14
5033.15
5017.72
5000.69
4978.87
4947.08
4917.51
4905.05
4906.76
4918
4930.57
4936.95
4930.03
4909.29
4888.82
4874.52
4864.92
4862.6
4869.9
4879.11
4881.31
4875.36
4865.92
4854.81
4844.22
4838.52
4835.85
4830.3
4820.85
4810.85
4803.57
4800.62
4800.65
4801.12
4800.68
4799.01
4796.12
4793.17
4790.84
4788.85
4786.33
4783.28
4779.99
4776.42
4772.1
4767.22
4761.9
4756.79
4751.99
4747.9
4743.92
4740.34
4736.59
4733.49
4728.96
12900.1
12166.5
10250
8541.24
7315.02
6658.5
6368.28
6134.67
5987.73
5894.92
5795.59
5715.91
5639.28
5550.01
5460.89
5374.43
5315.2
5277.38
5237.53
5187.46
5155.6
5131.44
5097.85
5067.49
5053
5042.58
5029.29
5013.03
4994.85
4971.03
4940.36
4917.89
4910.25
4912.81
4920.75
4928.35
4930.26
4920.31
4902.82
4889.58
4880.3
4871.9
4865.89
4867.96
4874.21
4875.74
4872.25
4867.04
4859.07
4848.03
4838.95
4833.33
4827.19
4819.45
4811.53
4804.74
4800.59
4799.17
4799.23
4799.39
4798.58
4796.12
4793.03
4790.32
4788.19
4785.84
4783.08
4779.87
4776.16
4771.66
4766.65
4761.19
4755.89
4750.93
4746.79
4742.84
4739.38
4735.67
4732.62
4728.12
12847.8
11586.9
9476.84
7940.52
6980.24
6530.97
6307.89
6097.94
5960.12
5877.52
5783.83
5699.45
5616.02
5524.35
5436.22
5353.01
5298.37
5263
5224.26
5178.41
5151.38
5127.76
5094.35
5065.74
5050.79
5039.05
5024.84
5008.3
4989.32
4964.32
4936.5
4920.56
4916.81
4919.37
4923.54
4925.87
4922.63
4910.04
4896.52
4889.95
4885.67
4878.81
4870.1
4866.94
4869.64
4870.24
4869.11
4867.69
4862.59
4851.6
4839.6
4831.05
4824.27
4817.97
4811.83
4805.56
4800.43
4797.81
4797.52
4798.17
4798.06
4795.96
4792.69
4789.61
4787.33
4785.12
4782.62
4779.49
4775.66
4770.99
4765.9
4760.36
4754.94
4749.87
4745.69
4741.77
4738.4
4734.73
4731.71
4727.26
12711.4
10945
8776.37
7505.75
6778.91
6471.73
6274.79
6074.71
5940.64
5864.83
5774.43
5685.72
5597.19
5504.08
5416.14
5337.36
5287.19
5252.36
5213.43
5172.22
5149.41
5125.88
5092.21
5064.41
5048.86
5035.75
5020.52
5003.86
4984.5
4959.18
4934.66
4924.01
4923.56
4925.92
4926.62
4923.65
4914.84
4900.38
4891.09
4890.28
4890.66
4885.39
4874.81
4866.63
4865.26
4865.12
4866.17
4867.98
4865.42
4854.66
4840.17
4828.99
4821.69
4816.62
4811.97
4806.16
4800.17
4796.51
4795.93
4796.97
4797.46
4795.67
4792.24
4788.81
4786.39
4784.32
4782.06
4779.01
4775.07
4770.28
4765.12
4759.52
4754.03
4748.88
4744.69
4740.79
4737.51
4733.88
4730.88
4726.48
12456.4
10292.5
8199.92
7214.05
6658.86
6441.7
6255.64
6060.9
5927.57
5854.36
5765.52
5673.03
5581.23
5489.02
5402.15
5326.35
5278.8
5243.96
5205.06
5168.16
5148.1
5124.63
5091.07
5063.56
5047.05
5032.59
5016.52
4999.86
4980.13
4955.1
4933.9
4927.4
4929.81
4932.12
4929.67
4921.82
4907.26
4891.62
4886.51
4890.48
4894.99
4891.46
4879.29
4866.63
4860.85
4860.44
4863.45
4867.89
4867.52
4857.12
4840.51
4827.02
4819.3
4815.25
4811.85
4806.48
4799.76
4795.24
4794.45
4795.81
4796.81
4795.28
4791.71
4787.98
4785.45
4783.51
4781.45
4778.47
4774.46
4769.57
4764.37
4758.74
4753.21
4748.02
4743.81
4739.95
4736.74
4733.14
4730.15
4725.79
12102.6
9640.66
7773.97
7033.37
6587.9
6419.69
6242.57
6053.1
5921.5
5847.04
5757.08
5661.19
5568.66
5477.93
5392.37
5318.93
5273.16
5237.63
5198.5
5165.58
5147.62
5124.01
5090.4
5062.97
5045.6
5029.86
5013.04
4996.35
4976.38
4952.11
4933.84
4930.49
4935.25
4937.92
4932.65
4920.16
4900.07
4883.87
4882.7
4890.41
4898.35
4896.83
4883.16
4866.63
4856.58
4856.24
4861.05
4867.53
4869.05
4859.01
4840.62
4825.18
4817.16
4813.98
4811.61
4806.62
4799.29
4794.05
4793.11
4794.76
4796.18
4794.89
4791.19
4787.2
4784.59
4782.76
4780.88
4777.97
4773.9
4768.93
4763.69
4758.06
4752.51
4747.29
4743.09
4739.25
4736.1
4732.52
4729.55
4725.23
11668.5
9035.5
7479.16
6920.27
6549.46
6400.83
6231.93
6048.56
5919.91
5842.69
5749.88
5650.87
5558.5
5469.85
5385.66
5314.04
5269.17
5232.85
5193.56
5163.99
5147.38
5123.58
5089.99
5062.58
5044.38
5027.47
5010.1
4993.38
4973.26
4949.89
4934.15
4933.22
4939.74
4943.02
4935.51
4918.28
4893.59
4877.17
4879.53
4890.14
4900.74
4901.41
4886.42
4866.27
4852.8
4852.37
4858.98
4867.04
4870.09
4860.44
4840.58
4823.48
4815.27
4812.81
4811.29
4806.64
4798.83
4792.98
4791.96
4793.85
4795.62
4794.54
4790.73
4786.51
4783.84
4782.11
4780.38
4777.53
4773.41
4768.38
4763.12
4757.49
4751.93
4746.69
4742.49
4738.68
4735.58
4732.02
4729.04
4724.77
11187.8
8506.86
7289.96
6845.4
6530.68
6387.51
6224.1
6046.13
5920.18
5839.75
5743.55
5642.48
5550.85
5464.09
5380.87
5310.89
5266.55
5229.32
5189.82
5163.03
5147.35
5123.24
5089.7
5062.33
5043.38
5025.52
5007.76
4990.92
4970.66
4948.07
4934.41
4935.31
4943.14
4947.11
4938.31
4916.21
4887.77
4871.64
4876.76
4889.78
4902.4
4905.08
4889.26
4865.5
4849.68
4848.86
4857.29
4866.57
4870.79
4861.56
4840.45
4821.99
4813.67
4811.82
4810.98
4806.61
4798.42
4792.05
4790.99
4793.09
4795.15
4794.24
4790.34
4785.92
4783.2
4781.56
4779.95
4777.14
4772.98
4767.91
4762.64
4757.02
4751.46
4746.22
4742.03
4738.25
4735.18
4731.64
4728.67
4724.42
10691.6
8070.64
7171.25
6798.26
6519.85
6378.8
6219.05
6044.33
5920.67
5837.48
5738.13
5635.93
5545.31
5460.11
5377.54
5308.82
5264.76
5226.68
5187.05
5162.42
5147.28
5122.88
5089.44
5062.1
5042.5
5023.9
5005.89
4988.77
4968.39
4946.49
4934.47
4936.81
4945.63
4950.25
4940.88
4914.17
4882.55
4867.38
4874.16
4889.47
4903.54
4907.81
4891.82
4864.44
4846.97
4845.9
4855.91
4866.12
4871.2
4862.4
4840.25
4820.7
4812.31
4810.95
4810.67
4806.57
4798.06
4791.27
4790.2
4792.48
4794.77
4794.01
4790.02
4785.45
4782.69
4781.13
4779.62
4776.85
4772.66
4767.55
4762.29
4756.68
4751.13
4745.89
4741.71
4737.95
4734.92
4731.38
4728.42
4724.19
10191.8
7743.63
7099.39
6771.1
6513.06
6374.49
6215.53
6041.66
5920.53
5835.46
5733.54
5630.89
5541.33
5457.38
5375.15
5307.41
5263.54
5224.67
5184.95
5161.95
5147.15
5122.53
5089.14
5061.86
5041.75
5022.53
5004.33
4986.91
4966.43
4945.13
4934.27
4937.86
4947.35
4952.59
4943.04
4912.41
4878.1
4864.1
4871.73
4889.31
4904.36
4909.84
4894.18
4863.23
4844.6
4843.75
4854.73
4865.82
4871.48
4863.09
4840.13
4819.68
4811.25
4810.3
4810.48
4806.59
4797.83
4790.7
4789.63
4792.06
4794.53
4793.89
4789.83
4785.13
4782.35
4780.86
4779.42
4776.69
4772.48
4767.34
4762.08
4756.48
4750.93
4745.68
4741.51
4737.76
4734.75
4731.22
4728.25
4724.04
9693.65
7512.48
7056.59
6755.33
6509.42
6374.97
6212.86
6038.74
5920.19
5834.19
5730.23
5627.17
5538.37
5455.37
5373.31
5306.35
5262.56
5223.04
5183.3
5161.47
5146.88
5122.08
5088.72
5061.51
5040.99
5021.28
5002.97
4985.24
4964.68
4943.85
4933.8
4938.5
4948.42
4954.32
4944.72
4911.07
4874.19
4861.38
4869.96
4889.13
4904.74
4911.28
4895.98
4862.17
4842.69
4842.11
4853.58
4865.7
4871.64
4863.56
4840.02
4818.84
4810.38
4809.78
4810.29
4806.57
4797.61
4790.21
4789.14
4791.7
4794.3
4793.74
4789.65
4784.83
4782.03
4780.59
4779.21
4776.5
4772.27
4767.1
4761.83
4756.25
4750.7
4745.46
4741.3
4737.56
4734.56
4731.04
4728.07
4723.86
9236.53
7361.94
7033.34
6746.75
6509.66
6376
6211.39
6036.98
5919
5831.6
5726.67
5624.02
5535.99
5453.76
5371.76
5305.39
5261.63
5221.61
5181.86
5160.87
5146.43
5121.51
5088.18
5061.05
5040.24
5020.16
5001.83
4983.84
4963.21
4942.7
4933.33
4938.8
4949.05
4955.54
4946.1
4910.42
4870.62
4859.15
4868.93
4888.65
4905.15
4912.16
4897.05
4861.58
4841.21
4840.71
4852.63
4865.68
4871.68
4863.78
4839.88
4818.09
4809.65
4809.32
4810.07
4806.49
4797.39
4789.78
4788.69
4791.36
4794.07
4793.58
4789.45
4784.55
4781.74
4780.33
4778.99
4776.3
4772.06
4766.87
4761.6
4756.02
4750.49
4745.24
4741.09
4737.36
4734.38
4730.86
4727.88
4723.68
8807.9
7261.16
7019.51
6741.31
6510.97
6376.75
6210.25
6035.84
5919.14
5831
5724.47
5621.35
5533.6
5451.92
5369.95
5304.06
5260.35
5219.94
5180.15
5159.78
5145.46
5120.42
5087.1
5060.07
5039.04
5018.7
5000.37
4982.18
4961.47
4941.15
4932.39
4938.33
4948.96
4955.85
4946.57
4909.54
4867.18
4856.87
4867.7
4887.31
4905.42
4912.38
4897.29
4860.72
4839.11
4839.23
4851.45
4865.15
4871.27
4863.46
4839.28
4816.99
4808.62
4808.49
4809.42
4805.95
4796.75
4788.96
4787.87
4790.64
4793.42
4793.01
4788.84
4783.87
4781.05
4779.67
4778.37
4775.69
4771.43
4766.23
4760.97
4755.4
4749.88
4744.64
4740.49
4736.76
4733.8
4730.28
4727.29
4723.1
8481.37
7208.84
7013.83
6738.98
6512.45
6377.18
6208.24
6031.18
5913.39
5824.88
5719.72
5617.95
5530.84
5449.73
5367.81
5302.27
5258.6
5217.97
5178.15
5158.22
5143.98
5118.89
5085.62
5058.68
5037.54
5017.07
4998.79
4980.48
4959.71
4939.57
4931.2
4937.5
4948.51
4955.62
4946.53
4908.44
4864.67
4855.13
4866.49
4885.98
4905.21
4912.49
4897.45
4860.05
4836.97
4838.15
4850.57
4864.55
4870.81
4863.14
4838.79
4816.09
4807.78
4807.8
4808.88
4805.51
4796.24
4788.32
4787.25
4790.09
4792.93
4792.57
4788.38
4783.36
4780.54
4779.19
4777.91
4775.25
4771
4765.79
4760.54
4754.99
4749.47
4744.24
4740.09
4736.38
4733.42
4729.91
4726.93
4722.74
8181.27
7172.16
7006.97
6732.35
6507.87
6371.11
6204.09
6029.3
5914.35
5825.44
5717.82
5614.85
5527.58
5446.67
5364.64
5299.36
5255.78
5215
5175.16
5155.64
5141.48
5116.4
5083.2
5056.38
5035.18
5014.67
4996.45
4978.08
4957.27
4937.26
4929.16
4935.79
4947.12
4954.37
4945.53
4906.41
4861.72
4852.78
4864.46
4884.08
4903.87
4911.58
4896.48
4858.48
4834.41
4836.42
4848.78
4863.17
4869.51
4861.88
4837.4
4814.4
4806.16
4806.3
4807.5
4804.22
4794.87
4786.85
4785.8
4788.72
4791.61
4791.29
4787.09
4782.03
4779.21
4777.89
4776.64
4773.99
4769.74
4764.54
4759.29
4753.76
4748.25
4743.02
4738.89
4735.18
4732.24
4728.73
4725.75
4721.57
8049.2
7164.8
7003.26
6726.2
6504.1
6365.47
6197.55
6022.72
5906.44
5818.77
5713.83
5612.08
5525.26
5444.67
5362.73
5297.69
5254.26
5213.54
5173.78
5154.51
5140.47
5115.48
5082.36
5055.62
5034.44
5013.95
4995.8
4977.4
4956.58
4936.65
4928.64
4935.61
4946.94
4954.34
4945.82
4906.37
4860.64
4851.97
4864.17
4883.77
4903.88
4911.76
4896.7
4858.28
4833.96
4836.54
4848.4
4863.13
4869.68
4861.96
4837.46
4814.28
4806.06
4806.29
4807.55
4804.32
4794.95
4786.86
4785.83
4788.8
4791.71
4791.42
4787.21
4782.13
4779.31
4778
4776.76
4774.13
4769.88
4764.68
4759.44
4753.91
4748.41
4743.18
4739.05
4735.35
4732.41
4728.91
4725.93
4721.76
7878.92
7146.7
6993.82
6718.83
6501.19
6363.53
6195.58
6027.65
5914.25
5823.41
5714.59
5611.65
5524.76
5444.27
5362.28
5297.29
5253.95
5213.21
5173.39
5154.27
5140.29
5115.31
5082.15
5055.42
5034.23
5013.71
4995.55
4977.11
4956.26
4936.31
4928.37
4935.47
4946.83
4954.42
4946.01
4906.32
4859.79
4851.44
4863.86
4883.46
4903.73
4911.8
4896.76
4857.89
4833.48
4836.4
4847.93
4862.87
4869.59
4861.81
4837.24
4813.93
4805.72
4806.02
4807.3
4804.1
4794.7
4786.55
4785.52
4788.52
4791.45
4791.16
4786.94
4781.84
4779.02
4777.72
4776.49
4773.86
4769.6
4764.4
4759.16
4753.63
4748.12
4742.9
4738.76
4735.06
4732.12
4728.62
4725.64
4721.46
)
;

boundaryField
{
    inlet
    {
        type            fixedValue;
        value           uniform 4010;
    }
    outlet
    {
        type            zeroGradient;
    }
    bottom
    {
        type            zeroGradient;
    }
    top
    {
        type            zeroGradient;
    }
    upstream
    {
        type            symmetryPlane;
    }
    defaultFaces
    {
        type            empty;
    }
}


// ************************************************************************* //
