/*--------------------------------*- C++ -*----------------------------------*\
  =========                 |
  \\      /  F ield         | OpenFOAM: The Open Source CFD Toolbox
   \\    /   O peration     | Website:  https://openfoam.org
    \\  /    A nd           | Version:  13
     \\/     M anipulation  |
\*---------------------------------------------------------------------------*/
FoamFile
{
    format      ascii;
    class       volScalarField;
    location    "0.0004";
    object      omega;
}
// * * * * * * * * * * * * * * * * * * * * * * * * * * * * * * * * * * * * * //

dimensions      [0 0 -1 0 0 0 0];

internalField   nonuniform List<scalar> 
16072
(
6.69692e+06
7.14407e+06
7.00278e+06
6.65015e+06
6.70424e+06
6.71741e+06
2.19361e+06
2.90663e+06
2.8957e+06
2.83037e+06
2.92934e+06
3.13899e+06
482723
1.21813e+06
1.34936e+06
1.33344e+06
1.37629e+06
1.5304e+06
45557.2
339902
615307
696748
712885
743486
4223.71
52669.8
181317
303687
370716
399217
1728.37
7780.34
33556.1
86997.4
143298
185538
1634.83
2215.09
6265.15
18062.6
38108.8
63900.8
1616.13
1769.27
2286
4478.07
9136.61
19379.6
1610.83
1691.27
1858.85
2224.41
3250.27
5715
1608.64
1658.78
1918.49
1987.37
2200.6
2720.21
1607.68
1626.53
1725.88
1959.63
2001.44
2138.71
1607.18
1613.25
1680.7
1939.3
1964.93
2013.66
1606.75
1608.8
1633.16
1731.88
1952.37
1993.49
1606.44
1607.01
1615.21
1673.47
1887.11
1984.59
1606.39
1606.23
1608.4
1629.89
1711.29
1894.53
1606.68
1605.65
1606.14
1611.66
1655.98
1806.37
1606.7
1605.6
1605.22
1606.61
1618.22
1676.74
1606.48
1605.89
1604.71
1604.87
1607.61
1622.4
1606.62
1605.67
1604.9
1604.02
1604.42
1608.39
1606.59
1605.72
1604.81
1603.99
1603.32
1604.06
1606.5
1605.84
1604.68
1604.1
1602.93
1602.72
1606.68
1605.6
1604.92
1603.78
1603.2
1602.02
1606.53
1605.79
1604.72
1604.03
1602.9
1602.3
1606.65
1605.64
1604.88
1603.84
1603.1
1602.03
1606.55
1605.76
1604.75
1604
1602.93
1602.21
1606.68
1605.62
1604.9
1603.84
1603.11
1602.01
1606.61
1605.69
1604.81
1603.93
1603.02
1602.1
1606.55
1605.76
1604.75
1604
1602.96
1602.17
1606.6
1605.7
1604.8
1603.95
1603.01
1602.11
1606.69
1605.6
1604.9
1603.85
1603.12
1602.01
1606.7
1605.59
1604.91
1603.84
1603.13
1602
1606.7
1605.6
1604.9
1603.84
1603.12
1602
1606.69
1605.59
1604.89
1603.83
1603.1
1601.99
1606.66
1605.61
1604.84
1603.81
1603.04
1601.96
1606.58
1605.66
1604.72
1603.86
1602.89
1601.98
1606.56
1605.64
1604.69
1603.82
1602.8
1601.94
1606.58
1605.61
1604.69
1603.73
1602.8
1601.8
1606.58
1605.6
1604.65
1603.7
1602.76
1601.73
1606.57
1605.6
1604.62
1603.7
1602.71
1601.71
1606.57
1605.59
1604.61
1603.69
1602.68
1601.7
1606.57
1605.58
1604.6
1603.67
1602.66
1601.68
1606.57
1605.57
1604.6
1603.66
1602.66
1601.67
1606.57
1605.58
1604.6
1603.67
1602.67
1601.69
1606.57
1605.58
1604.61
1603.68
1602.69
1601.71
1606.57
1605.58
1604.63
1603.69
1602.72
1601.73
1606.56
1605.6
1604.63
1603.73
1602.74
1601.78
1606.58
1605.6
1604.65
1603.75
1602.78
1601.83
1606.58
1605.61
1604.7
1603.76
1602.85
1601.87
1606.56
1605.65
1604.69
1603.84
1602.88
1601.98
1606.58
1605.67
1604.71
1603.89
1602.91
1602.04
1606.61
1605.65
1604.77
1603.89
1602.98
1602.05
1606.62
1605.65
1604.8
1603.89
1603.02
1602.06
1606.61
1605.67
1604.8
1603.92
1603.02
1602.09
1606.59
1605.69
1604.79
1603.94
1603
1602.12
1606.58
1605.7
1604.79
1603.95
1603
1602.13
1606.59
1605.7
1604.79
1603.95
1603.01
1602.13
1606.6
1605.68
1604.81
1603.93
1603.02
1602.12
1606.61
1605.67
1604.82
1603.92
1603.03
1602.11
1606.62
1605.67
1604.82
1603.92
1603.04
1602.1
1606.62
1605.67
1604.83
1603.92
1603.04
1602.1
1606.62
1605.67
1604.82
1603.92
1603.04
1602.1
1606.62
1605.67
1604.82
1603.92
1603.04
1602.1
1606.62
1605.68
1604.81
1603.93
1603.03
1602.1
1606.61
1605.69
1604.81
1603.93
1603.03
1602.1
1606.61
1605.69
1604.8
1603.94
1603.02
1602.1
1606.6
1605.7
1604.8
1603.95
1603.01
1602.11
1606.6
1605.7
1604.8
1603.95
1603.02
1602.11
1606.6
1605.7
1604.8
1603.94
1603.02
1602.1
1606.59
1605.72
1604.78
1603.96
1602.99
1602.14
1606.59
1605.71
1604.79
1603.96
1602.98
1602.19
1606.6
1605.69
1604.83
1603.89
1603.08
1602.04
1606.57
1605.73
1604.8
1603.9
1603.09
1601.9
1606.52
1605.81
1604.7
1604.07
1602.73
1602.53
1606.51
1605.83
1604.67
1604.07
1602.64
1604.87
1606.53
1605.82
1604.68
1604.08
1602.64
1612.24
1606.58
1605.75
1604.74
1604.05
1602.7
1638.51
1606.64
1605.66
1604.87
1603.83
1603.02
1739.81
1606.69
1605.59
1604.95
1603.58
1603.73
1893.17
1606.72
1605.57
1604.96
1603.52
1605.34
2025.18
1606.73
1605.56
1604.96
1603.52
1610.47
2733.54
1606.74
1605.55
1604.96
1603.54
1625.39
9963.44
1606.74
1605.55
1604.95
1603.57
1651.43
69193.6
6.86889e+06
5.98389e+06
7.23279e+06
6.19719e+06
7.53685e+06
6.39313e+06
7.64504e+06
7.72232e+06
6.6581e+06
6.74503e+06
6.83368e+06
6.92283e+06
8.3238e+06
7.10225e+06
8.55884e+06
7.28679e+06
8.72156e+06
7.47666e+06
8.87732e+06
7.6763e+06
7.77671e+06
9.28798e+06
9.38575e+06
8.08154e+06
8.18487e+06
9.76971e+06
8.39395e+06
8.49948e+06
8.60568e+06
8.71251e+06
8.82052e+06
8.93029e+06
9.04121e+06
9.15376e+06
9.267e+06
1.10081e+07
9.49646e+06
9.61143e+06
9.7289e+06
9.84565e+06
9.96225e+06
1.00822e+07
1.02005e+07
1.03187e+07
1.04372e+07
1.05532e+07
1.06659e+07
1.0797e+07
1.09539e+07
1.11111e+07
1.12631e+07
1.14117e+07
1.15583e+07
1.17031e+07
1.18469e+07
1.19902e+07
1.21324e+07
1.22739e+07
1.24153e+07
1.25573e+07
1.26997e+07
1.28435e+07
1.29891e+07
1.31358e+07
1.32831e+07
1.34307e+07
1.35783e+07
1.37257e+07
1.38733e+07
1.40217e+07
1.4171e+07
1.43219e+07
1.44745e+07
1.46287e+07
1.47839e+07
1.49395e+07
1.50961e+07
1.52542e+07
1.54141e+07
1.5575e+07
1.57356e+07
1.58957e+07
1.60555e+07
1.62164e+07
1.63781e+07
1.65429e+07
1.67088e+07
1.68753e+07
1.70429e+07
1.72102e+07
1.73789e+07
1.75458e+07
1.77118e+07
1.78761e+07
1.804e+07
1.82037e+07
1.83674e+07
1.85313e+07
1.86954e+07
1.88613e+07
1.90287e+07
1.91968e+07
1.93658e+07
1.95358e+07
1.97069e+07
1.98784e+07
2.00516e+07
2.02239e+07
2.03974e+07
2.05778e+07
3.35776e+06
3.46347e+06
3.47897e+06
3.45589e+06
3.41583e+06
3.34054e+06
3.26005e+06
3.19123e+06
3.13714e+06
3.10815e+06
3.08416e+06
3.07132e+06
3.06513e+06
3.05652e+06
3.05969e+06
3.0576e+06
3.07433e+06
3.08427e+06
3.1044e+06
3.11028e+06
3.12957e+06
3.15481e+06
3.1735e+06
3.18912e+06
3.20382e+06
3.23453e+06
3.25179e+06
3.26429e+06
3.29592e+06
3.3152e+06
3.33032e+06
3.35358e+06
3.37709e+06
3.39122e+06
3.41404e+06
3.44196e+06
3.4503e+06
3.47258e+06
3.4957e+06
3.51846e+06
3.55528e+06
3.58366e+06
3.60409e+06
3.62669e+06
3.64363e+06
3.65897e+06
3.65664e+06
3.65809e+06
3.69102e+06
3.73965e+06
3.78815e+06
3.83155e+06
3.87064e+06
3.90677e+06
3.94095e+06
3.97403e+06
4.00603e+06
4.03733e+06
4.06815e+06
4.09844e+06
4.12823e+06
4.15788e+06
4.18758e+06
4.21717e+06
4.24663e+06
4.27595e+06
4.305e+06
4.33373e+06
4.36215e+06
4.39049e+06
4.41876e+06
4.44714e+06
4.47548e+06
4.50389e+06
4.53229e+06
4.56066e+06
4.58919e+06
4.61787e+06
4.64672e+06
4.67565e+06
4.70456e+06
4.73345e+06
4.76217e+06
4.79108e+06
4.82014e+06
4.85032e+06
4.88089e+06
4.91187e+06
4.94344e+06
4.97485e+06
5.00677e+06
5.03837e+06
5.07011e+06
5.10165e+06
5.13312e+06
5.16443e+06
5.19566e+06
5.22681e+06
5.25787e+06
5.28911e+06
5.32037e+06
5.35162e+06
5.38311e+06
5.41468e+06
5.44632e+06
5.4778e+06
5.50964e+06
5.54093e+06
5.57386e+06
5.60389e+06
1.79507e+06
1.95055e+06
1.99979e+06
1.98463e+06
1.93494e+06
1.84611e+06
1.76798e+06
1.72109e+06
1.69328e+06
1.67466e+06
1.66201e+06
1.65358e+06
1.64841e+06
1.64609e+06
1.64668e+06
1.64951e+06
1.65504e+06
1.6627e+06
1.67206e+06
1.68219e+06
1.69289e+06
1.70421e+06
1.71569e+06
1.72808e+06
1.7407e+06
1.75383e+06
1.76664e+06
1.78017e+06
1.79379e+06
1.80731e+06
1.82113e+06
1.8316e+06
1.83998e+06
1.84784e+06
1.85614e+06
1.86486e+06
1.87372e+06
1.88305e+06
1.89286e+06
1.90235e+06
1.91345e+06
1.9241e+06
1.93654e+06
1.94619e+06
1.95415e+06
1.96264e+06
1.96905e+06
1.9769e+06
1.9954e+06
2.02632e+06
2.05788e+06
2.0861e+06
2.11087e+06
2.1329e+06
2.15305e+06
2.17211e+06
2.19027e+06
2.20786e+06
2.22511e+06
2.24197e+06
2.25839e+06
2.27462e+06
2.29077e+06
2.30677e+06
2.32267e+06
2.33846e+06
2.35407e+06
2.36943e+06
2.38457e+06
2.39965e+06
2.41467e+06
2.4296e+06
2.44444e+06
2.45923e+06
2.4739e+06
2.48849e+06
2.50309e+06
2.5177e+06
2.5323e+06
2.54682e+06
2.56126e+06
2.57567e+06
2.58994e+06
2.6041e+06
2.61823e+06
2.63271e+06
2.64724e+06
2.66209e+06
2.67743e+06
2.69289e+06
2.70869e+06
2.72441e+06
2.74032e+06
2.75628e+06
2.77232e+06
2.78832e+06
2.80426e+06
2.82018e+06
2.83605e+06
2.85205e+06
2.8679e+06
2.88367e+06
2.89952e+06
2.91547e+06
2.93136e+06
2.94724e+06
2.96308e+06
2.97878e+06
2.99439e+06
3.01176e+06
854101
1.02407e+06
1.14762e+06
1.21844e+06
1.24448e+06
1.23676e+06
1.21264e+06
1.17506e+06
1.13554e+06
1.10028e+06
1.07344e+06
1.05446e+06
1.04245e+06
1.03538e+06
1.03195e+06
1.03123e+06
1.03241e+06
1.03517e+06
1.03946e+06
1.0446e+06
1.05044e+06
1.0569e+06
1.06366e+06
1.07119e+06
1.07915e+06
1.08751e+06
1.09595e+06
1.10491e+06
1.11402e+06
1.12317e+06
1.13278e+06
1.14145e+06
1.14874e+06
1.1551e+06
1.16128e+06
1.16754e+06
1.17371e+06
1.18012e+06
1.18666e+06
1.19318e+06
1.19998e+06
1.20678e+06
1.21497e+06
1.22134e+06
1.22752e+06
1.23333e+06
1.239e+06
1.24075e+06
1.24226e+06
1.24872e+06
1.25987e+06
1.27206e+06
1.28448e+06
1.29639e+06
1.30783e+06
1.319e+06
1.32979e+06
1.34037e+06
1.35089e+06
1.36129e+06
1.37148e+06
1.38166e+06
1.39188e+06
1.40204e+06
1.41224e+06
1.42244e+06
1.43261e+06
1.44264e+06
1.45267e+06
1.46275e+06
1.47286e+06
1.48294e+06
1.49293e+06
1.50286e+06
1.51266e+06
1.52237e+06
1.53207e+06
1.54177e+06
1.55144e+06
1.56101e+06
1.57048e+06
1.57993e+06
1.58929e+06
1.59859e+06
1.6075e+06
1.61639e+06
1.62499e+06
1.63369e+06
1.64279e+06
1.65203e+06
1.66163e+06
1.67121e+06
1.68099e+06
1.69089e+06
1.70094e+06
1.71105e+06
1.72114e+06
1.73128e+06
1.7414e+06
1.75171e+06
1.7619e+06
1.77199e+06
1.7821e+06
1.79235e+06
1.80247e+06
1.8128e+06
1.82279e+06
1.83332e+06
1.84204e+06
1.8554e+06
427067
488313
566299
656692
731060
783450
819769
834376
831086
819865
801292
781637
763295
747776
736010
728038
723182
720453
719923
720389
722134
724653
727714
731399
735635
740293
745180
750445
755956
761622
767563
773739
779608
784975
790007
794952
799719
804602
809521
814428
819374
824543
830191
834923
840181
844648
849279
849356
847488
844985
845379
847825
852182
857220
862739
868580
874476
880443
886557
892750
898909
905175
911567
917978
924498
931102
937771
944407
951108
957819
964530
971266
977950
984605
991150
997607
1.00408e+06
1.01057e+06
1.01701e+06
1.02335e+06
1.02961e+06
1.03588e+06
1.04212e+06
1.04836e+06
1.05428e+06
1.06009e+06
1.06547e+06
1.07078e+06
1.07634e+06
1.082e+06
1.08798e+06
1.0939e+06
1.10002e+06
1.10623e+06
1.11259e+06
1.11906e+06
1.12549e+06
1.13203e+06
1.1385e+06
1.14529e+06
1.15186e+06
1.15847e+06
1.16494e+06
1.17171e+06
1.17809e+06
1.1851e+06
1.19122e+06
1.19878e+06
1.20335e+06
1.21337e+06
215283
249594
274934
314362
362992
413126
468894
522363
563481
589129
601584
601515
598305
590812
580876
570844
561641
553712
547948
543934
541586
540462
540355
540905
542310
544272
546596
549273
552214
555431
558822
562604
566610
570631
574489
578302
581950
585638
589362
593073
596757
600724
604658
608256
612619
616305
620003
620719
618990
615541
612691
611354
611534
612674
614691
617230
620089
623182
626534
630082
633704
637490
641438
645450
649603
653884
658276
662721
667268
671845
676407
681015
685610
690212
694734
699196
703691
708196
712664
717049
721362
725719
730090
734509
738699
742796
746423
749873
753433
757047
760930
764739
768719
772759
776936
781244
785483
789890
794173
798836
803206
807756
812017
816724
820830
825831
829681
835193
838044
845042
84086
111720
130572
149613
171842
193937
223441
260129
302945
346890
387994
419904
442547
455832
461610
461321
459361
455075
449715
444101
438816
434349
430922
428593
427283
426872
426976
427583
428581
429998
431651
433614
435899
438469
441103
443817
446460
449150
451890
454606
457319
460280
463040
465770
469152
472232
475013
476692
475862
473690
470709
468230
466707
465923
465938
466424
467395
468637
470181
471987
473921
476047
478342
480728
483267
485953
488770
491687
494747
497900
501064
504288
507526
510802
514032
517235
520479
523742
526977
530145
533256
536431
539644
542946
546097
549186
551828
554234
556627
559045
561674
564239
566941
569706
572569
575588
578510
581641
584606
587980
591022
594333
597266
600715
603492
607204
609808
613881
615908
620933
27214.8
40706.5
52151.5
64212.2
75956.8
86633.5
100128
116300
135455
159321
188893
222104
257182
290566
319568
341315
356639
365646
370130
370148
369164
366826
363696
360546
357558
354975
352880
351372
350406
350107
350190
350639
351455
352649
354074
355701
357407
359224
361121
363013
364936
367049
368967
371003
373443
375901
377891
380017
379915
379043
377210
374980
373129
371660
370711
370163
370034
370112
370500
371175
371985
372987
374150
375417
376831
378391
380088
381908
383884
385984
388128
390350
392605
394926
397230
399539
401897
404289
406661
408985
411264
413620
416029
418559
420993
423408
425424
427205
428879
430545
432364
434137
436013
437965
439972
442160
444223
446526
448632
451159
453335
455827
457910
460518
462466
465283
467131
470205
471709
475465
8447.61
14197.8
18777.3
25164.1
30923.2
36113
42564.5
50448.1
58494.2
67866.1
79614.4
94471.7
112585
134768
160740
188420
216073
241864
264303
281489
293548
301026
304899
306274
306066
305332
303889
302241
300489
298919
297537
296470
295723
295495
295586
295979
296650
297521
298568
299695
300910
302304
303593
305052
306726
308534
309987
311789
312480
312182
311402
309975
308483
307056
305859
304913
304208
303697
303412
303377
303452
303711
304104
304604
305230
305986
306876
307894
309058
310362
311733
313196
314706
316301
317906
319541
321236
322978
324709
326410
328074
329824
331633
333586
335485
337414
338999
340377
341590
342766
344037
345278
346591
347993
349415
351036
352511
354244
355765
357702
359292
361208
362726
364735
366145
368315
369672
372036
373183
376069
3421.11
5072.3
6847
9530.98
11742
13962.4
16644
20586.5
24409.5
28694.3
33244.4
39316.9
45996.3
54267.4
64798.1
78348.3
94299.1
112802
133805
156367
178869
199740
217851
232596
243742
251461
256295
258819
259903
259874
259582
258954
258107
257285
256540
255904
255453
255182
255185
255319
255651
256216
256810
257612
258613
259761
260808
262053
263116
263126
262857
262236
261269
260205
259161
258216
257354
256597
255998
255566
255221
255025
254921
254918
255005
255196
255519
255952
256508
257209
257987
258864
259794
260822
261878
262986
264161
265398
266631
267847
269032
270307
271641
273134
274606
276155
277418
278517
279420
280267
281156
282025
282936
283947
284949
286159
287216
288531
289638
291139
292318
293804
294933
296496
297535
299224
300237
302081
302968
305226
2284.58
2657.98
3103.6
4190.87
4953.64
5992.07
6939.76
8518.12
10192.4
11998.5
13649.9
16036.5
18930.5
22198.2
26054
30993.4
36947.9
43909.5
52587.4
63335.1
76613.5
91803.4
108679
126219
144239
161532
177474
191175
202323
210809
216898
220943
223364
224612
225196
225274
225208
225033
224811
224535
224277
224098
223932
223936
224080
224418
224816
225389
226073
226152
226031
225764
225284
224642
223893
223140
222367
221614
220945
220364
219824
219391
219017
218701
218464
218286
218236
218255
218367
218627
218963
219388
219870
220454
221077
221766
222527
223362
224200
225032
225833
226722
227667
228777
229891
231122
232128
233016
233704
234327
234948
235550
236167
236886
237578
238476
239225
240219
241021
242185
243065
244220
245066
246288
247061
248382
249139
250587
251278
253062
2045.95
2131.09
2227.87
2474.99
2893.14
3215.05
3606.69
4178.38
4921.14
5630.76
6265.48
7091.93
8374.44
9609.6
11158.8
12669.3
15056.8
17697.2
20768.5
24469.6
29086.7
34902.4
42083.7
50438.1
60235.5
71482.3
84313.7
98384.9
113000
127510
141467
154245
165486
174830
182311
187958
192052
194863
196699
197782
198413
198769
198908
198996
199055
199080
199089
199171
199225
199067
198696
198137
197547
196916
196306
195740
195139
194524
193916
193331
192746
192228
191749
191290
190890
190526
190232
190006
189838
189798
189812
189896
190052
190299
190588
190950
191387
191906
192436
192966
193463
194039
194663
195447
196253
197205
197992
198711
199249
199718
200156
200567
200970
201466
201928
202579
203097
203833
204405
205300
205956
206848
207483
208440
209013
210047
210611
211744
212281
213692
2000.16
2015.61
2048.95
2090.74
2209.95
2291.15
2458.15
2660.03
3003.28
3310.93
3584.73
3880.69
4407.55
4939.44
5528.56
6073.91
6932.21
7976.82
9043.97
10311.6
11892.8
14105.2
16618.4
19601.3
22900.5
26960.2
32017
38188.3
45809.2
54244.6
63774.2
74177.2
85473.5
97088.9
108899
120346
131083
140912
149567
156759
162588
167142
170539
173053
174857
176083
176898
177440
177960
177992
177855
177509
176965
176304
175590
174861
174096
173302
172571
171906
171280
170733
170240
169758
169316
168885
168473
168103
167774
167533
167347
167203
167145
167149
167196
167323
167520
167802
168107
168413
168683
169014
169381
169892
170435
171138
171732
172306
172742
173115
173439
173719
173974
174301
174594
175046
175390
175917
176312
176988
177469
178152
178626
179372
179799
180602
181023
181897
182311
183419
1989.99
1990.61
2003.47
2014.85
2042.31
2060.35
2104.23
2167.3
2303.46
2443.57
2553.66
2679.55
2875.38
3165.63
3381.86
3641.85
3907.12
4381.87
4736.59
5243.17
5742.63
6650.45
7418.1
8565.77
9617.88
11144
12896.4
14982
17637.5
20779.4
24294.6
28495.3
33556.4
39458.8
46164.2
53977.5
62205.5
71019.7
80410.5
90017.2
99539.7
108788
117454
125440
132591
138805
144036
148268
151755
154305
156051
157065
157663
157832
157773
157580
157182
156644
156057
155438
154791
154158
153541
152915
152314
151733
151181
150668
150204
149820
149491
149213
149002
148840
148743
148726
148745
148845
149006
149153
149267
149421
149596
149888
150215
150697
151124
151566
151920
152221
152476
152672
152833
153041
153214
153518
153729
154096
154352
154857
155203
155725
156072
156658
156976
157596
157918
158589
158903
159770
1933.48
1948.2
1951.13
1960.13
1981.28
1986.51
1999.61
2016.05
2051.71
2112.84
2155.66
2207.04
2273
2417.16
2511.62
2638.18
2732.66
2946.39
3095.49
3314.27
3490.21
3856.66
4106.14
4589.72
4896.88
5477.37
6036
6824.02
7662.87
8944.36
10180.7
11623
13227.8
15349.5
17656.3
20732.1
24219.9
28101.8
32485.1
37624.9
43427.7
49914.8
56741.9
64088.4
71695
79412.5
87141.6
94768.4
102214
109189
115480
120864
125383
129117
132134
134547
136324
137562
138371
138800
138984
138960
138843
138590
138256
137856
137413
136951
136491
136054
135631
135230
134860
134533
134265
134053
133900
133838
133820
133802
133782
133785
133812
133899
134043
134323
134596
134898
135157
135377
135575
135715
135818
135949
136039
136234
136347
136593
136749
137110
137354
137760
138006
138472
138711
139193
139441
139965
140203
140889
1919.91
1937.76
1936.13
1938.15
1951.18
1955.86
1962.26
1965.3
1972.85
1992.92
2009.04
2025.81
2047.05
2101.98
2148.58
2204.09
2242.13
2331.5
2408.24
2492.37
2589.9
2732.67
2846.06
3046.95
3155.44
3358.96
3555.03
3886.11
4168.84
4602.99
5122.11
5594.46
6044.34
6824.57
7769.48
8742.12
10108
11545.9
12899.5
14615.1
16720.4
19393.6
22395.7
25778.7
29581.2
33713.1
38229.1
43205.6
48694.5
54654.1
60900.7
67192
73323.1
79167.5
84800.6
90241
95290
99921.8
104165
107883
111084
113812
116109
117982
119477
120623
121447
121997
122329
122526
122570
122547
122456
122309
122153
122006
121892
121835
121813
121786
121733
121666
121608
121592
121597
121645
121747
121865
121971
122055
122131
122173
122191
122224
122244
122313
122359
122478
122563
122782
122941
123236
123404
123751
123929
124288
124472
124867
125041
125568
1826.16
1933.57
1931.84
1928.19
1932.3
1936.76
1950.23
1950.04
1950.68
1953.52
1957.17
1961.49
1967.29
1982.61
2003.41
2023.41
2037.63
2071.39
2110.92
2137.39
2190.64
2248.03
2301.98
2391.2
2438.03
2516.42
2598.23
2745.96
2857.22
2997.65
3209.1
3402.36
3536.3
3771.29
4176.22
4491.22
4966.15
5550.67
6013.43
6623.85
7263.47
8199.23
9443.4
10613.7
12017.5
13484.9
15201.6
17027.1
19180.8
21936.8
25043
28396.4
32031.2
35703.2
39431
43451.6
47617.8
51891.5
56382.2
60973.4
65481.1
69898.4
74155.6
78159.9
81928.4
85486
88822.4
91906
94722.4
97280.4
99544.9
101498
103152
104536
105674
106601
107378
108066
108680
109195
109596
109904
110140
110342
110507
110687
110850
110989
111107
111193
111263
111294
111307
111312
111317
111337
111357
111409
111456
111583
111690
111900
112020
112271
112409
112670
112806
113095
113217
113597
1708.6
1893.1
1903.64
1909.87
1910.1
1914.03
1926.05
1930.9
1932.9
1933.75
1933.71
1934.26
1935.62
1938.96
1945.98
1951.89
1956.34
1966.86
1983.18
1992.86
2013.87
2037.3
2061.93
2099.51
2119.54
2150.67
2185.03
2253.74
2306.83
2362.84
2447.81
2535.4
2587
2651.33
2807.37
2935.41
3104.37
3344.07
3499.33
3733.02
3919.28
4168.79
4723.27
5144.87
5710.95
6231.74
6913.6
7497.52
8137.45
9146.66
10330.9
11531.4
13026.5
14614.6
16064.5
17734
19555.1
21562.7
23787.1
26356.3
29068.2
31889.4
34820.2
37721
40662
43695.9
46830.5
50049.7
53383.8
56810.5
60221.3
63565
66784.1
69882.2
72811.1
75532.1
78072.9
80452.4
82667.6
84691.9
86524.8
88238.4
89861.9
91446.4
92931.5
94356.7
95604.5
96653.6
97520.2
98197.9
98772.7
99202.8
99541.7
99823.9
100040
100267
100424
100619
100745
100980
101162
101423
101592
101888
102066
102372
102541
102868
103020
103435
1644.74
1740.61
1812.6
1866.83
1872.74
1874.24
1877.49
1887.64
1892.44
1898.4
1900.02
1902.41
1904.43
1906.59
1909.52
1911.62
1913.34
1917.4
1924.44
1928.23
1936.16
1945.16
1955.54
1969.74
1977.62
1988.92
2002.59
2032.43
2058.91
2083.32
2117.41
2155.62
2179.24
2201.82
2259.76
2323.34
2392.4
2491.2
2544.93
2625.96
2690.36
2763.2
2964.25
3133.55
3365.66
3546.14
3808.29
4018.27
4179.5
4528.8
5023.98
5460.87
6058.05
6737.43
7273.58
7860.94
8470.29
9221.46
9990.95
11009.1
12146.1
13322.8
14593.9
15824.7
17114.7
18516
20017.7
21620.7
23416.9
25422.3
27488.5
29677.2
31949.9
34324.8
36757.6
39192.6
41663.3
44116.4
46499.4
48760.8
50862.1
52985.1
55187.4
57675.2
60245
63053.3
65771.9
68301.5
70573.6
72511.3
74274.1
75763.6
77042.1
78194.5
79151.7
80139.4
80904.9
81805
82432.2
83325.6
83970.9
84795.9
85312
86120.5
86571
87379.8
87821.6
88654.5
89088
90154.4
1612.76
1651.89
1800.38
1873.56
1871.65
1868.92
1867.05
1870.85
1873.96
1881.17
1882.48
1882.83
1883.11
1883.48
1884.23
1885.23
1886.16
1888.31
1891.81
1893.53
1896.71
1900.02
1904.14
1909.08
1912.02
1915.79
1921.01
1932.82
1945.25
1956.17
1969.45
1984.39
1994.46
2003.06
2023.97
2055.89
2086.67
2128.93
2152.16
2181.39
2204.91
2230.11
2301.79
2373.82
2468.62
2536.33
2629.95
2710.6
2761.85
2865.54
3051.35
3209.43
3428.05
3721.23
3908.01
4132.89
4336.83
4623.64
4909.02
5317.14
5793.71
6275.9
6795.04
7263.74
7742.46
8258.37
8814.71
9397.23
10078.4
10898.8
11728.7
12639.7
13619.7
14690
15839.3
17032.9
18324.8
19662.1
20989.2
22269.6
23412.1
24614.9
25862.3
27502.3
29223.9
31387.2
33610.5
35853.1
37986.3
39904.4
41740.5
43414.3
44858.9
46304
47434.8
48811.6
49728.7
51137.6
51914.4
53387.7
54273.3
55680.4
56410.4
57751.8
58431.9
59757.4
60457
61872.1
62631.2
64477.5
1604.33
1616.23
1669.92
1759.49
1795.71
1821.74
1831.72
1833
1835.98
1841.25
1845.33
1845.22
1845.79
1847.77
1850.3
1852.95
1855.16
1857.8
1860.23
1861.38
1863.29
1865.42
1867.96
1870.57
1872.83
1875.01
1877.48
1882.22
1887.68
1892.63
1897.95
1903.19
1907.04
1910.39
1917.92
1932.54
1946.86
1964.68
1975.3
1986.07
1994.55
2003.85
2029.45
2063.27
2104.67
2135.12
2170.74
2202.83
2221.05
2248.62
2313.69
2368.09
2450.88
2567.72
2643.19
2729.33
2802.36
2893.59
2983.02
3131.17
3328.55
3518.16
3724.41
3904.37
4095.54
4304.82
4528.56
4755.63
5022.73
5352.71
5681.66
6040.87
6428.23
6849.59
7304.02
7774.92
8296.65
8848.51
9397.94
9932.7
10381.8
10864.1
11330.2
12031.9
12742.2
13743.8
14801.8
15933.7
17043.7
18077.1
19098.5
20077.2
20921.3
21822.8
22495.5
23409.6
23946
24915.6
25395.8
26429.1
27028.6
28087.2
28582.8
29580.7
30060.9
31063
31567.1
32646.4
33218
34730.4
1602.13
1604.42
1618.02
1660.02
1778.36
1831.55
1832.79
1832.05
1829.44
1828.11
1830.82
1832.24
1833.11
1834.84
1835.73
1836.69
1837.4
1838.09
1838.59
1838.9
1839.27
1839.93
1841.4
1843.62
1845.94
1847.98
1849.67
1851.64
1853.8
1855.79
1857.81
1859.49
1860.96
1862.37
1865.35
1871.59
1878.34
1886.05
1891.07
1895.25
1898.3
1901.73
1910.39
1925.94
1943.5
1957.85
1972.61
1985.15
1992.2
2000.56
2022.52
2044
2078.03
2125.36
2158.99
2195.03
2218.93
2249.93
2272.99
2320.2
2390.15
2464.72
2547.61
2614.83
2687.03
2767.38
2852.53
2938.53
3038
3162.58
3286.64
3420.34
3566.93
3735.27
3924.31
4124.21
4348.35
4587.59
4822.84
5046.11
5227.67
5418.48
5597.45
5871.03
6150.52
6539.83
6958.7
7413.78
7868.58
8296.26
8726.89
9147.42
9520.99
9917.75
10220.1
10626.9
10870.4
11303.5
11516
11980.4
12253.1
12724.5
12950.2
13402.2
13615.2
14054.6
14261.6
14722.5
14954.9
15642.4
1601.16
1601.38
1603.9
1616.9
1654.92
1733.22
1775.98
1788.6
1793.16
1792.81
1793.48
1797.8
1801.15
1805.71
1807.32
1808.08
1808.53
1808.96
1809.89
1811.12
1812.54
1814.14
1815.93
1817.7
1819.35
1820.88
1822.24
1823.62
1825.01
1826.23
1827.42
1828.43
1829.38
1830.15
1831.69
1834.58
1837.91
1841.85
1844.54
1846.66
1848.13
1849.51
1852.58
1859.29
1866.55
1873.05
1879.37
1884.41
1887.16
1890.01
1896.9
1906.77
1919.78
1940.36
1955.04
1970.97
1979.55
1991.62
1999.55
2016.41
2039.72
2068.36
2099.13
2125.56
2153.38
2182.55
2213.51
2244.74
2279.67
2324.21
2369.34
2417.25
2470.52
2533.53
2605.58
2683.33
2771.59
2868.07
2963.89
3052.89
3125.55
3197.71
3267.53
3368.03
3477.88
3632.35
3807.77
3998.11
4190.39
4373.74
4559.05
4740.22
4907.55
5077.63
5219.97
5384.98
5506.68
5671.81
5780.03
5941.76
6060.01
6220.39
6310.47
6447.13
6513.02
6643.15
6700.61
6828.79
6884.45
7083.17
1601.34
1600.21
1600.44
1602.74
1613.13
1650.13
1719.06
1765.76
1784.24
1785.77
1786.36
1787.54
1788.54
1789.72
1792.82
1792.65
1791.74
1791.78
1792.3
1793.24
1793.95
1794.84
1796.02
1797.2
1798.03
1798.59
1799.21
1800.21
1801.5
1802.78
1804.14
1805.43
1806.42
1806.93
1807.72
1808.99
1810.41
1812.34
1813.85
1815.26
1816.25
1816.98
1818.45
1821.45
1824.48
1827.38
1830.24
1832.5
1833.67
1834.88
1837.36
1841.94
1847.12
1855.81
1862.22
1868.95
1872.54
1877.02
1880.22
1887.08
1895.93
1907.21
1917.72
1927.86
1937.99
1949.83
1962.47
1974.47
1987.46
2003.67
2020.66
2038.45
2058.11
2081.03
2106.96
2134.92
2166.59
2202.29
2238.92
2273.14
2301.87
2329.02
2356.52
2393.1
2435.7
2493.89
2562.46
2637.11
2712.85
2786.65
2860.87
2933.9
3003.12
3070.28
3130.64
3191.46
3244.1
3298.95
3343.47
3390.29
3429.58
3467.56
3493.02
3513.93
3523.82
3530.29
3530.73
3534.79
3534.53
3587.81
1601.07
1600.38
1599.22
1599.37
1601.19
1608.75
1638.51
1678.68
1722.75
1752.62
1761.74
1762.71
1761.75
1758.19
1757.94
1758.34
1759.77
1763.92
1766.84
1768.52
1769.42
1769.76
1769.88
1770.1
1770.62
1772.02
1773.74
1775.41
1776.86
1777.95
1778.98
1780.02
1780.94
1781.61
1782.56
1783.71
1784.86
1786.23
1787.34
1788.52
1789.35
1789.98
1791.34
1792.95
1794.68
1796.24
1797.91
1799.26
1799.92
1800.79
1802.32
1804.38
1806.87
1810.4
1813.23
1816.15
1817.74
1819.63
1821.23
1824.26
1827.92
1832.81
1837.06
1841.07
1844.37
1848.7
1853.4
1858.09
1863.02
1868.69
1874.9
1881.55
1888.99
1897.73
1907.66
1918.38
1930.43
1944.18
1958.72
1972.59
1984.65
1995.8
2007.38
2021.74
2039.07
2061.03
2086.76
2114.66
2142.95
2170.83
2198.48
2225.56
2251.31
2275.43
2296.97
2316.35
2332.39
2345.03
2352.96
2357
2356.71
2351.68
2325.3
2287.74
2228.7
2190.41
2131.99
2102.97
2039.17
2041.86
1601.29
1600.02
1599.4
1598.16
1598.18
1599.3
1604.24
1624.04
1651.55
1705.48
1739.07
1749.25
1749.52
1747.48
1745.29
1745.25
1746.13
1749.49
1750.76
1751
1750.92
1750.51
1750
1749.96
1750.16
1751.14
1753.51
1755.51
1756.84
1757.66
1758.24
1758.68
1759
1759.31
1759.98
1761.22
1762.54
1763.88
1765
1765.99
1766.69
1767.2
1768.04
1768.83
1769.87
1770.81
1772.03
1773.05
1773.91
1774.87
1776.12
1777.38
1778.89
1780.44
1781.95
1783.26
1784.3
1785.22
1786.31
1787.63
1789.46
1791.64
1793.78
1795.78
1797.29
1798.77
1800.22
1801.74
1803.29
1805.15
1807.09
1809.35
1812.07
1815.54
1819.56
1823.89
1828.77
1834.38
1840.5
1846.56
1852.04
1857.09
1862.3
1868.4
1875.79
1884.8
1895.16
1906.2
1917.24
1927.97
1938.29
1948.09
1957.13
1965.08
1971.43
1975.76
1977.93
1978.29
1977.35
1972.78
1955.29
1911.75
1832.93
1770.11
1684.59
1625.18
1539.17
1490.86
1410.07
1369.88
1601.18
1600.19
1599.14
1598.27
1597.32
1596.87
1597.43
1600.4
1610.33
1634.81
1670.2
1695.95
1721.1
1723.92
1726.64
1727.61
1727.4
1726.47
1726.79
1727.03
1727.03
1727.27
1728.12
1728.86
1729.58
1730.3
1731.13
1732.13
1733.23
1734.25
1735.01
1735.49
1735.72
1736.02
1736.75
1737.89
1739.19
1740.57
1741.86
1742.97
1743.77
1744.28
1744.75
1745.16
1745.75
1746.42
1747.4
1748.45
1749.59
1750.81
1752.04
1753.2
1754.33
1755.26
1756.16
1756.87
1757.55
1758.15
1758.93
1759.79
1760.98
1762.31
1763.76
1765.01
1766.2
1767.16
1767.72
1768.17
1768.46
1768.9
1769.2
1769.68
1770.5
1771.79
1773.57
1775.54
1777.7
1780.15
1782.94
1785.94
1788.9
1791.66
1794.37
1797.26
1800.52
1804.32
1808.59
1813.04
1817.39
1821.47
1825.17
1828.43
1831.16
1833.18
1834.37
1834.74
1834.56
1833.64
1830.12
1819.22
1785.83
1716.31
1626.23
1545.26
1450.93
1373.95
1282.4
1215.55
1128.72
1071.97
1601.09
1600.27
1599.06
1598.26
1597.13
1596.46
1595.57
1595.74
1597.14
1601.82
1618.52
1642.92
1671.84
1696.03
1711.05
1715.82
1715.84
1715.61
1714.79
1712.76
1712.08
1712.24
1712.65
1713.6
1714.56
1714.81
1714.85
1714.89
1714.95
1715.13
1715.58
1716.6
1717.57
1718.48
1719.35
1720.16
1720.89
1721.49
1721.89
1722.14
1722.37
1722.68
1723.2
1723.86
1724.66
1725.5
1726.39
1727.25
1728.11
1728.99
1729.84
1730.66
1731.47
1732.22
1732.95
1733.6
1734.2
1734.77
1735.41
1736.03
1736.84
1737.79
1738.77
1739.76
1740.72
1741.47
1742.18
1742.59
1742.64
1742.61
1742.59
1742.54
1742.6
1742.8
1743.34
1744.45
1745.58
1746.73
1748.1
1749.77
1751.61
1753.44
1755.18
1756.84
1758.42
1760.08
1761.92
1763.84
1765.64
1767.29
1768.68
1769.7
1770.35
1770.66
1770.72
1770.64
1770.22
1768.62
1763.69
1749.76
1709.16
1628.67
1533.06
1441.92
1342.95
1253.94
1158.87
1080.93
990.268
937
1601.15
1600.17
1599.17
1598.13
1597.22
1596.19
1595.41
1594.52
1594.14
1594.6
1596.74
1603.91
1615.85
1649.34
1672.75
1685.59
1691.6
1694.88
1698.02
1699.77
1700.17
1700.05
1699.5
1697.5
1696.3
1695.9
1695.84
1695.97
1696.76
1698.04
1698.86
1699.26
1699.49
1699.6
1699.68
1699.76
1699.97
1700.59
1701.59
1702.46
1703.19
1703.82
1704.36
1704.76
1705.05
1705.31
1705.65
1706.15
1706.84
1707.65
1708.52
1709.39
1710.23
1711
1711.65
1712.13
1712.48
1712.8
1713.19
1713.64
1714.25
1715.02
1715.9
1716.82
1717.73
1718.5
1719.12
1719.71
1720.03
1720.03
1719.97
1719.78
1719.49
1719.4
1719.42
1719.58
1720.11
1720.83
1721.48
1722.44
1723.78
1725.21
1726.52
1727.73
1728.76
1729.62
1730.48
1731.42
1732.36
1733.21
1733.92
1734.36
1734.53
1734.55
1734.51
1734.39
1733.86
1732.1
1726.89
1712.46
1669.92
1588.09
1488.11
1397.07
1288.25
1213.88
1118.97
1056.08
1018.57
947.385
1601.28
1600.04
1599.28
1598.03
1597.31
1596.06
1595.41
1594.21
1593.68
1592.68
1592.69
1593.38
1595.9
1602.72
1618.71
1633.48
1665.37
1684.66
1685.51
1686.24
1685.82
1685.85
1686.75
1686.87
1686.73
1686.55
1686.13
1685.06
1684.16
1683.9
1683.73
1683.75
1683.81
1684
1684.56
1685.39
1686.06
1686.49
1686.72
1686.8
1686.82
1686.83
1686.88
1687.02
1687.44
1688.07
1688.71
1689.3
1689.74
1690.07
1690.38
1690.76
1691.24
1691.79
1692.36
1692.87
1693.28
1693.62
1693.92
1694.22
1694.57
1695.03
1695.59
1696.22
1696.89
1697.51
1698.09
1698.59
1699.02
1699.36
1699.47
1699.44
1699.34
1699.13
1698.87
1698.8
1698.81
1698.97
1699.38
1699.79
1700.5
1701.64
1702.85
1703.79
1704.53
1705.13
1705.65
1706.14
1706.66
1707.23
1707.81
1708.2
1708.36
1708.44
1708.48
1708.44
1708.15
1706.82
1702.44
1688.32
1656.12
1568.85
1497.66
1446.22
1348.54
1333.67
1289.24
1279.27
1300.94
1304.04
1601.28
1600.05
1599.27
1598.03
1597.31
1596.08
1595.35
1594.2
1593.53
1592.4
1591.85
1591.01
1591.07
1591.78
1594.31
1600.68
1610.43
1634.02
1648.23
1660.86
1673.27
1676.64
1677.19
1677.05
1676.61
1675.68
1674.6
1673.81
1672.45
1671.82
1671.83
1671.99
1672.07
1671.97
1671.51
1671.13
1671.03
1671.04
1671.17
1671.63
1672.38
1672.9
1673.16
1673.24
1673.23
1673.16
1673.13
1673.14
1673.21
1673.43
1674
1674.67
1675.27
1675.73
1676.05
1676.28
1676.46
1676.63
1676.78
1676.89
1676.98
1677.13
1677.5
1678.1
1678.75
1679.34
1679.83
1680.2
1680.5
1680.73
1680.84
1680.85
1680.82
1680.74
1680.56
1680.38
1680.19
1680.05
1680.05
1680.16
1680.56
1681.12
1681.96
1682.99
1683.78
1684.16
1684.5
1684.88
1685.24
1685.72
1686.35
1686.87
1687.35
1687.75
1688.44
1690.08
1693.62
1700.4
1719.19
1739.02
1755.18
1760.22
1752.69
1758.93
1796.5
1883.35
1930.18
2073.05
2116.92
2151.11
1601.28
1600.05
1599.26
1598.03
1597.29
1596.1
1595.36
1594.16
1593.49
1592.36
1591.66
1590.58
1590.08
1589.26
1589.3
1589.89
1591.78
1596.35
1609.76
1618.38
1633.02
1652.91
1656.99
1662.59
1667
1667.28
1667.11
1666.63
1665.86
1664.66
1663.27
1662.4
1661.86
1661.3
1661.06
1661.07
1661.07
1661.05
1660.95
1660.59
1660.23
1660.05
1660.03
1660.09
1660.38
1660.75
1660.95
1661.01
1661.03
1661.06
1661.1
1661.15
1661.2
1661.35
1661.58
1661.85
1662.1
1662.3
1662.45
1662.53
1662.57
1662.59
1662.63
1662.69
1662.86
1663.21
1663.57
1663.84
1664.04
1664.18
1664.29
1664.39
1664.43
1664.43
1664.4
1664.33
1664.2
1664.03
1663.89
1663.76
1663.77
1664.08
1664.46
1665.09
1665.77
1666.32
1666.57
1666.78
1667.28
1667.96
1669.18
1671.09
1675.25
1684.68
1711.34
1746.52
1829.22
1906.25
2024.49
2165.21
2359.89
2471.72
2705.68
2935.43
3043.43
3177.5
3313.12
3278.3
3148.72
3061.39
1601.25
1600.03
1599.24
1598.01
1597.26
1596.08
1595.32
1594.15
1593.45
1592.3
1591.61
1590.49
1589.81
1588.83
1588.3
1587.49
1587.35
1587.7
1589
1592.8
1597.81
1610.39
1624.09
1631.96
1645.1
1650.29
1653.7
1655.82
1655.89
1655.84
1655.75
1655.55
1655.19
1654.47
1653.5
1652.51
1651.35
1650.35
1649.99
1650.04
1650.24
1650.41
1650.43
1650.41
1650.18
1649.66
1649.33
1649.16
1649.12
1649.13
1649.29
1649.58
1649.74
1649.81
1649.83
1649.82
1649.74
1649.6
1649.52
1649.51
1649.52
1649.62
1649.71
1649.81
1649.94
1650.12
1650.26
1650.34
1650.38
1650.41
1650.41
1650.38
1650.29
1650.14
1649.99
1649.85
1649.76
1649.68
1649.62
1649.57
1649.52
1649.61
1649.98
1650.51
1651.05
1651.65
1652.52
1654.51
1659.36
1670.91
1702.63
1742.34
1840.05
1903.64
2060.82
2207.49
2453.69
2922.14
3189.36
3726.71
4192.81
4428.13
4683.38
4693.72
4611.55
4464.39
4312.99
3886.66
3606.02
3362.07
1601.16
1600.01
1599.13
1597.97
1597.14
1596.06
1595.19
1594.14
1593.29
1592.31
1591.43
1590.5
1589.62
1588.74
1587.91
1587.14
1586.31
1585.74
1585.28
1585.41
1586.1
1587.82
1593.15
1598.59
1607.12
1620.85
1628.77
1639.36
1643.16
1643.62
1645.84
1647.4
1647.32
1646.85
1646.13
1645.51
1644.92
1644.55
1643.96
1643.2
1642.43
1641.67
1640.96
1640.46
1640.23
1640.2
1640.23
1640.4
1640.48
1640.45
1640.18
1639.6
1639.28
1639.17
1639.17
1639.26
1639.43
1639.52
1639.54
1639.52
1639.39
1639.11
1638.89
1638.73
1638.64
1638.61
1638.6
1638.6
1638.6
1638.61
1638.61
1638.58
1638.48
1638.18
1637.86
1637.53
1637.34
1637.31
1637.33
1637.43
1637.55
1638.04
1639.24
1641.99
1648.13
1663.39
1694.75
1769.54
1842.16
1920.06
2128.5
2282.65
2616.1
2963.84
3486.26
4008.95
4689.53
5320.83
5706.09
5977.91
5950.02
5862.5
5627.51
5283.92
5047.8
4664.4
4240.24
3936.56
3582.09
3214.72
1600.97
1600.01
1598.9
1597.96
1596.86
1596.03
1594.9
1594.07
1592.99
1592.23
1591.13
1590.39
1589.31
1588.62
1587.58
1586.89
1585.89
1585.25
1584.32
1583.87
1583.2
1583.06
1583.33
1584.26
1586.22
1591.49
1597.9
1603.78
1617.81
1625.41
1627.65
1633.87
1638.92
1639.64
1639.29
1638.36
1638.1
1638.02
1637.89
1637.6
1636.97
1636.12
1635.12
1634.39
1634.04
1633.77
1633.25
1632.54
1631.9
1631.61
1631.52
1631.48
1631.48
1631.46
1631.33
1631.01
1630.75
1630.63
1630.57
1630.53
1630.45
1630.32
1630.15
1629.94
1629.7
1629.51
1629.43
1629.33
1629.22
1629.11
1629.03
1628.87
1628.54
1628.06
1627.74
1627.38
1627.38
1627.69
1628.73
1631.51
1638.83
1656.36
1703.44
1770.51
1833.32
2006.05
2134.29
2433.16
2806.67
3111.53
3802.84
4378.65
4805.78
5570.07
5848.39
6291.42
6517.47
6505.59
6459.6
6340.87
6091.11
5853.92
5546.13
5214.95
4850.59
4486.98
4120.45
3756.16
3402.97
3078.86
1600.83
1599.91
1598.8
1597.79
1596.75
1595.85
1594.78
1593.85
1592.89
1591.95
1591.03
1590.07
1589.19
1588.26
1587.45
1586.51
1585.71
1584.78
1584.08
1583.16
1582.56
1581.76
1581.27
1580.72
1580.76
1581.15
1582.39
1584.64
1588.28
1597.62
1604.87
1608.77
1618.5
1627.62
1630.36
1630.07
1630.05
1631.66
1632.94
1632.93
1632.62
1631.61
1630.64
1630.03
1629.55
1629.16
1628.85
1628.2
1627.41
1626.82
1626.27
1625.68
1625.18
1624.84
1624.67
1624.57
1624.45
1624.34
1624.27
1624.14
1623.8
1623.3
1622.86
1622.54
1622.33
1622.16
1622.1
1622.02
1621.96
1621.87
1621.8
1621.65
1621.12
1621.15
1621.8
1624.27
1631.51
1648.97
1709.29
1755.35
1875.27
1974.51
2224.76
2439.36
2934.7
3317.94
3979.42
4661.9
5175.62
5680.84
5869.44
6265.85
6318.48
6430.05
6454.28
6453.36
6441.26
6397.16
6296.05
6144.07
5920.91
5641.02
5322.6
4988.63
4639.51
4295.06
3943.56
3605.89
3267.12
2952.81
1600.81
1599.76
1598.72
1597.62
1596.67
1595.59
1594.68
1593.6
1592.71
1591.71
1590.82
1589.78
1588.98
1587.96
1587.18
1586.23
1585.39
1584.49
1583.68
1582.84
1582.09
1581.24
1580.51
1579.79
1579.12
1578.67
1578.35
1578.46
1578.96
1580.21
1583.45
1587.15
1592.14
1601.74
1609.34
1615.13
1618.92
1622.06
1625.97
1627.55
1627.38
1626.41
1625.92
1625.88
1625.86
1625.85
1625.69
1625.02
1623.76
1622.56
1621.86
1621.54
1621.28
1620.98
1620.49
1619.87
1619.3
1618.92
1618.75
1618.64
1618.44
1618.13
1617.68
1617.27
1616.95
1616.67
1616.53
1616.47
1616.5
1616.72
1617.47
1619.67
1625.85
1640.89
1698.75
1745.66
1868.33
1980.14
2166.75
2559.63
2878.22
3503.85
4096.24
4639.81
5268.4
5490.68
6006.27
6137.58
6203
6266.93
6244.87
6229.27
6214.42
6200.6
6185.33
6166.93
6133.97
6065.77
5941.7
5774.16
5563.13
5318.17
5036.19
4735.16
4412.84
4086
3746.21
3416.95
3088.33
2788.44
1600.78
1599.68
1598.61
1597.58
1596.5
1595.53
1594.51
1593.48
1592.5
1591.6
1590.52
1589.7
1588.65
1587.81
1586.86
1586.04
1585.04
1584.28
1583.29
1582.61
1581.64
1580.95
1580.03
1579.31
1578.47
1577.89
1577.11
1576.68
1576.13
1575.96
1576.12
1576.74
1578.16
1581.11
1584.55
1592.3
1600.2
1603.47
1607.75
1615.64
1621.22
1621.39
1620.53
1620.27
1620.87
1621.45
1621.53
1621.39
1620.73
1620
1619.52
1619.17
1618.48
1617.6
1616.86
1616.18
1615.67
1615.35
1615.22
1615.02
1614.62
1614.13
1613.72
1613.09
1612.64
1612.68
1613.12
1614.64
1619.23
1630.65
1680.95
1726.67
1829.15
1977.66
2155.99
2527.53
2837.19
3541.71
4003.89
4813.16
5072.95
5563.47
5697.57
5915.15
6093.47
6126.33
6129.07
6103.6
6029.43
5973.21
5940.89
5922.59
5905.99
5893.21
5878.33
5849.87
5795.27
5713.42
5599.25
5456.13
5274.7
5059.24
4804.6
4525.05
4217.71
3904.57
3580.34
3269.39
2958.94
2674.92
1600.73
1599.62
1598.55
1597.52
1596.4
1595.46
1594.38
1593.36
1592.42
1591.4
1590.43
1589.51
1588.5
1587.6
1586.72
1585.75
1584.91
1583.96
1583.14
1582.24
1581.48
1580.56
1579.8
1578.88
1578.19
1577.3
1576.72
1575.86
1575.32
1574.54
1574.12
1573.61
1573.62
1573.88
1574.63
1576.39
1578.71
1584.48
1590.75
1593.62
1600.61
1609.73
1611.36
1612.23
1615.56
1617.01
1616.93
1616.47
1616.08
1615.8
1615.71
1615.69
1615.62
1615.38
1614.67
1614.01
1613.1
1612.51
1611.97
1611.7
1611.37
1610.87
1610.94
1611.56
1614.07
1621.52
1656.33
1696.53
1782.31
1930.76
2097.11
2471.24
2763.77
3403.37
3877.61
4679.53
4935.92
5405.09
5527.29
5749.59
5805.36
5893.73
5905.04
5902.04
5881.79
5808.98
5742.38
5702.14
5677.83
5666.99
5662.15
5654.14
5644.99
5636.64
5628.05
5616.11
5594.1
5547.91
5441.81
5285.58
5091.55
4866.14
4604.5
4323.61
4022.51
3719.77
3407.17
3107.36
2809.27
2538.71
1600.69
1599.58
1598.52
1597.43
1596.36
1595.38
1594.29
1593.28
1592.33
1591.26
1590.37
1589.34
1588.4
1587.47
1586.56
1585.6
1584.75
1583.78
1582.96
1582.06
1581.25
1580.36
1579.55
1578.67
1577.87
1577.1
1576.32
1575.55
1574.82
1574.07
1573.31
1572.73
1572.09
1571.75
1571.38
1571.44
1571.77
1572.58
1574.51
1577.96
1580.67
1587.25
1595.47
1597.54
1600.94
1607.97
1610.45
1610.66
1611.12
1611.99
1612.17
1612.14
1612.01
1611.59
1611.16
1610.82
1610.62
1610.18
1610.18
1610.52
1612.03
1616.68
1633.72
1668.06
1736.8
1864.47
2018.98
2365.66
2638.46
3217.09
3657.95
4352.03
4711.66
5246.53
5388.09
5562.02
5595.97
5636.69
5667.94
5697.81
5714.3
5711.25
5686.03
5653.93
5635.45
5626.68
5620.72
5612.1
5602.19
5594.29
5589.16
5585.43
5582.51
5579.86
5575.98
5568.78
5553.75
5518.29
5426.58
5255.88
5042.52
4798.96
4525.67
4235.33
3927.4
3620.64
3310.16
3015.54
2724.8
2459.65
1600.65
1599.55
1598.49
1597.37
1596.33
1595.3
1594.23
1593.23
1592.21
1591.2
1590.27
1589.22
1588.3
1587.35
1586.39
1585.52
1584.54
1583.67
1582.76
1581.89
1581.04
1580.21
1579.28
1578.52
1577.59
1576.88
1576.04
1575.31
1574.48
1573.74
1572.94
1572.24
1571.5
1570.96
1570.31
1569.83
1569.38
1569.11
1569.21
1569.62
1570.62
1572.27
1576.42
1581.05
1583.67
1589.85
1597.8
1599.92
1601.42
1604.73
1607.1
1607.6
1607.96
1608.11
1608.3
1608.78
1610.1
1613.47
1624.75
1655.94
1711.37
1810.65
1982.42
2164.68
2559.33
3122.49
3412.14
3997.41
4505.16
5044.78
5215.95
5311.75
5503.73
5658.4
5685.6
5687.69
5695.28
5697.66
5693.18
5668.99
5639.84
5626.45
5624.58
5627.45
5631.82
5632.68
5631.29
5624.06
5616.51
5614.68
5614.73
5616.81
5619.17
5619.43
5618.8
5615.9
5605.19
5572.9
5482.9
5286.26
5043.55
4772.04
4474.04
4165.29
3845.21
3530.18
3214.99
2917.96
2629.04
2367.66
1600.64
1599.55
1598.47
1597.36
1596.33
1595.28
1594.22
1593.21
1592.17
1591.2
1590.21
1589.2
1588.26
1587.28
1586.36
1585.45
1584.46
1583.61
1582.66
1581.8
1580.98
1580.04
1579.24
1578.33
1577.49
1576.72
1575.89
1575.11
1574.35
1573.45
1572.8
1571.89
1571.29
1570.51
1569.91
1569.2
1568.61
1567.93
1567.54
1567.03
1567.01
1567.19
1567.75
1569.1
1570.79
1573.73
1579.79
1583.36
1588.03
1592.73
1599.18
1602.46
1605.44
1608.51
1616.73
1641.43
1683.64
1773.65
1934.88
2083.16
2414.04
3074.97
3349.28
3829.11
4327.37
4860.79
5169.35
5472.26
5749.09
5831.84
5812.09
5784.37
5786.87
5818.83
5833.89
5832.91
5816.28
5780.65
5765.53
5765.17
5776.77
5795.8
5802.08
5801.87
5796.35
5789.1
5787.9
5788.89
5793.47
5802.97
5810.28
5814.45
5816.12
5816.26
5815.27
5810.1
5792.37
5740.03
5585.45
5334.91
5058.82
4763.13
4447.14
4124.95
3795.02
3473.77
3155.42
2858.13
2570.37
2310.99
1600.66
1599.57
1598.48
1597.38
1596.34
1595.29
1594.24
1593.23
1592.19
1591.22
1590.22
1589.22
1588.28
1587.29
1586.38
1585.46
1584.48
1583.62
1582.67
1581.81
1580.98
1580.04
1579.25
1578.32
1577.51
1576.69
1575.9
1575.1
1574.31
1573.48
1572.69
1571.91
1571.17
1570.45
1569.77
1569.04
1568.35
1567.65
1566.93
1566.41
1565.81
1565.5
1565.23
1565.3
1565.59
1566.33
1568
1570.43
1575.53
1580.48
1590.08
1615.27
1665.04
1723.13
1881.04
2017.06
2233.53
2859.71
3228.66
3854.68
4409.79
4753.67
5163.35
5729.96
5894.2
5958.83
6019.88
6024.2
6016.13
6017.9
6042.63
6061.53
6061.26
6053.04
6046.66
6045.63
6045.39
6044.68
6041.97
6032.84
6012.05
5994.59
5983.49
5978.14
5976.85
5977.05
5977.21
5976.46
5975.77
5976.03
5978.23
5981.83
5983.61
5983.86
5982.34
5973.41
5940.82
5840.27
5607.62
5332.24
5029.1
4710.85
4376.49
4041.97
3703.26
3378.26
3057.95
2763.11
2478.18
2225.51
1600.68
1599.62
1598.51
1597.43
1596.38
1595.34
1594.29
1593.28
1592.24
1591.28
1590.27
1589.28
1588.33
1587.34
1586.44
1585.5
1584.54
1583.67
1582.71
1581.87
1581.01
1580.09
1579.28
1578.36
1577.55
1576.73
1575.94
1575.14
1574.33
1573.54
1572.7
1571.95
1571.2
1570.47
1569.78
1569.06
1568.31
1567.63
1566.87
1566.23
1565.61
1565.04
1564.61
1564.29
1564.45
1565.32
1568.3
1577.82
1617.99
1667.14
1757.9
1966.26
2119.98
2441.62
2985.96
3693.59
4388.47
4655.85
5028.43
5800.14
6058.45
6104.68
6225.18
6283.26
6263.01
6222.88
6219.88
6245.12
6278.52
6288.07
6288.26
6285.63
6279.44
6273.79
6269.54
6266.22
6260.93
6248.49
6231.3
6213.87
6195.9
6177.2
6160.38
6148.12
6140.77
6137.5
6136.66
6136.8
6138.82
6146.04
6152.28
6155
6155.4
6154.09
6146.72
6121.58
6048.54
5855.12
5581.53
5285.53
4964.72
4633.8
4289.33
3949.26
3605.9
3280.31
2959.27
2668.28
2385.48
2139.18
1600.74
1599.64
1598.58
1597.48
1596.47
1595.39
1594.39
1593.34
1592.35
1591.35
1590.38
1589.37
1588.44
1587.44
1586.57
1585.58
1584.68
1583.76
1582.84
1581.99
1581.11
1580.23
1579.38
1578.47
1577.67
1576.83
1576.04
1575.26
1574.42
1573.64
1572.8
1572.04
1571.29
1570.56
1569.84
1569.16
1568.36
1567.72
1566.95
1566.39
1565.91
1566.01
1566.9
1570.43
1584.75
1634.85
1693.29
1838.4
2045.38
2252.7
2821.32
3351.47
4099.75
4702.98
4955.01
5532.5
6003
6056.64
6140.58
6331.42
6407.45
6410.64
6374.59
6322.79
6317.01
6337.96
6395.99
6424.1
6429.24
6428.19
6419.95
6400.93
6387.05
6377.84
6370.74
6364.16
6359
6354.27
6344.82
6326.04
6303.88
6282.37
6264.49
6251.82
6244.34
6240.78
6239.63
6239.75
6241.44
6243.45
6244.14
6244.05
6243.11
6239.23
6226.74
6190.71
6091.82
5848.27
5535.31
5204.1
4853.65
4500.24
4139.69
3790.14
3441.91
3116.91
2799.84
2517.19
2243.52
2008.66
1600.77
1599.72
1598.62
1597.58
1596.52
1595.52
1594.46
1593.48
1592.43
1591.51
1590.47
1589.55
1588.53
1587.64
1586.68
1585.79
1584.81
1583.96
1582.98
1582.21
1581.24
1580.47
1579.53
1578.7
1577.83
1577.06
1576.18
1575.5
1574.57
1573.86
1572.99
1572.23
1571.47
1570.78
1570.03
1569.42
1568.71
1568.31
1568.51
1570.08
1576.87
1610.72
1671.72
1744.6
1956.13
2149.61
2500.82
3160.2
3643.73
4578.08
5152.95
5345.06
5850.81
6214.16
6261.93
6351.82
6471
6491.01
6478.01
6429.83
6410.15
6411.79
6434.43
6476.48
6492.86
6495.66
6495.4
6495.6
6495.95
6496.14
6496.54
6496.75
6495.18
6488.38
6480.58
6474.82
6468.9
6458.74
6443.93
6426.75
6409.81
6394.42
6381.27
6371.28
6365.02
6362.26
6361.82
6362.96
6365.64
6366.86
6367.01
6366.67
6364.84
6358.35
6339.94
6290.51
6155.98
5861.14
5517.78
5156.9
4782.91
4410.14
4037.39
3678.91
3327.61
3000.51
2686.54
2405.51
2138.86
1907.62
1600.84
1599.78
1598.72
1597.66
1596.63
1595.6
1594.6
1593.56
1592.61
1591.61
1590.67
1589.66
1588.74
1587.77
1586.9
1585.93
1585.06
1584.1
1583.26
1582.35
1581.54
1580.61
1579.85
1578.85
1578.14
1577.25
1576.49
1575.69
1574.91
1574.02
1573.34
1572.45
1571.87
1571.14
1571.06
1571.56
1574.49
1587.73
1644.99
1711.56
1819.61
2104.23
2321.6
2837.85
3536.97
4132.79
5183.82
5546.4
5823.45
6395.95
6506.5
6511.63
6548.77
6619.1
6628.86
6616.77
6570.25
6539.06
6534.52
6544.61
6574.89
6590.47
6593.36
6593.3
6593.39
6597.62
6618.91
6654.41
6675.55
6681.74
6681.2
6675.36
6660.99
6651.77
6647.62
6646.28
6645.76
6645.18
6643.31
6637.55
6622.36
6607.91
6597.04
6588.96
6583.82
6581.67
6581.4
6581.92
6583.19
6583.59
6583.42
6582.04
6577.32
6564.69
6532.98
6451.58
6229.33
5887.08
5518.67
5138.65
4750.49
4366.81
3986.68
3622.77
3269.45
2941.34
2628.52
2347.54
2082.71
1852.56
1600.93
1599.87
1598.82
1597.78
1596.76
1595.76
1594.73
1593.76
1592.75
1591.81
1590.83
1589.89
1588.9
1588.03
1587.05
1586.21
1585.21
1584.41
1583.41
1582.66
1581.72
1580.92
1580.03
1579.19
1578.31
1577.6
1576.67
1576.05
1575.13
1574.47
1573.64
1573.6
1574.48
1579.78
1607.47
1676.08
1753.39
1960.88
2220.71
2487.5
3318.9
4000.17
4656.52
5605.55
5853.42
6249.61
6579.17
6627.28
6651.8
6706.9
6763.25
6787.98
6788.78
6777.34
6765.57
6767.01
6782.29
6803.11
6809.36
6809.23
6803.8
6794.73
6793.3
6795.06
6804.22
6829.99
6848.85
6858.55
6865.26
6870.26
6872.55
6874.98
6878.18
6880.7
6881.65
6881.79
6878.57
6862.89
6839.26
6821.78
6808.34
6798.73
6794.32
6792.94
6792.85
6793.66
6794.76
6794.89
6794.83
6794.44
6793.05
6789.17
6779.94
6758.46
6706.03
6567.03
6252.63
5886.74
5497.15
5099.92
4697.17
4302.73
3913.59
3544.64
3187.72
2860.18
2547.83
2270.4
2007.42
1782.79
1600.99
1600
1598.92
1597.92
1596.88
1595.94
1594.89
1593.94
1592.95
1592
1591.05
1590.07
1589.17
1588.21
1587.35
1586.41
1585.5
1584.61
1583.73
1582.83
1582.08
1581.08
1580.38
1579.38
1578.67
1577.77
1577.14
1576.27
1576.21
1577.23
1583.97
1626.21
1690.92
1810.22
2108.18
2333.17
2826.24
3878.22
4357.78
5421.18
6209.68
6341.43
6730.52
7013.71
7041.99
7045.44
7051.63
7068.89
7073.7
7073.14
7056.67
7033.14
7027.91
7029.3
7036.36
7037.15
7032.74
7014.24
6996.32
6988.7
6986.74
6986.67
6987.52
6990.83
7001.08
7019.66
7034.9
7045.08
7051.53
7054.09
7053.95
7051.05
7043.46
7038.83
7036.76
7034.65
7029.92
7020.42
7009.47
6998.21
6984.78
6973.04
6965
6960.92
6958.9
6955.81
6952.9
6950.67
6949.05
6947.09
6943.59
6937.38
6924.62
6895.24
6820.9
6614.84
6248.61
5852.47
5437.43
5019.75
4599.94
4193.26
3795.1
3423.01
3066.62
2744.78
2438.64
2170.1
1914.06
1697.71
1601.06
1600.05
1599.05
1597.99
1597.03
1596.01
1595.07
1594.03
1593.15
1592.12
1591.26
1590.21
1589.4
1588.36
1587.57
1586.6
1585.72
1584.84
1583.93
1583.1
1582.25
1581.4
1580.54
1579.73
1578.87
1578.6
1579.37
1585.6
1628.94
1696.99
1871.04
2141.41
2438.78
3396.09
4218.08
5023.84
6290.09
6517.19
6675.33
6977.67
7035.16
7114.43
7222.72
7269.28
7271.03
7258.87
7244.26
7239.17
7235.73
7233.12
7227.38
7207.67
7191.3
7185.56
7185.42
7189.68
7201.97
7211.51
7215.79
7216.13
7213.68
7203.93
7194.87
7190.27
7189.27
7190.26
7196.57
7208.01
7215.61
7218.65
7219.54
7220.16
7220.14
7218.59
7211.37
7194.35
7175.47
7156.67
7140.58
7129.61
7123.61
7120.28
7118.69
7118.32
7119.13
7123.25
7127.5
7129.05
7129
7128.05
7125.08
7117.51
7098.82
7050.99
6921.87
6605.53
6209.74
5795.66
5366.53
4937.67
4509.21
4096.56
3694.78
3322.04
2967.08
2648.4
2345.55
2081.45
1829.37
1618.63
1601.13
1600.07
1599.12
1598.03
1597.13
1596.06
1595.18
1594.12
1593.23
1592.27
1591.34
1590.39
1589.49
1588.56
1587.66
1586.83
1585.81
1585.07
1584.04
1583.33
1582.4
1581.68
1580.83
1581.08
1584.46
1612.78
1680.04
1855.59
2066.47
2534.45
3350.28
3972.85
5533.99
6508.74
6571.77
6906.47
7250.31
7329.73
7356.58
7374.25
7416.44
7445.54
7452.17
7449.79
7437.38
7432.25
7433.82
7441.6
7444.54
7441.78
7426.5
7378.53
7334.04
7313.38
7308.94
7310.4
7318.52
7326.37
7329.06
7329.14
7325.55
7312.45
7302.05
7298.51
7298.33
7300.48
7306.82
7311.87
7314.43
7314.67
7313.68
7310.44
7309.13
7309.41
7310.15
7311.5
7312.08
7312.02
7311.19
7307.14
7298.01
7288.78
7279.86
7273.97
7272.23
7272.42
7273.03
7273.11
7272.62
7270.8
7265.96
7254.54
7226.66
7155.56
6959.6
6581.93
6160.43
5722.4
5274.57
4832.7
4395.6
3979.28
3578.02
3208.75
2858.51
2546.06
2250.08
1994.05
1749.32
1545.15
1601.16
1600.11
1599.12
1598.09
1597.14
1596.13
1595.19
1594.21
1593.23
1592.39
1591.35
1590.52
1589.52
1588.69
1587.73
1586.94
1585.94
1585.16
1584.23
1583.44
1582.9
1583.68
1593.02
1645.39
1785.41
2003.86
2429.1
3057.12
4296.62
5797.19
6417.22
7397.73
7909.58
7885.49
7784.12
7698.27
7657.9
7644.63
7644.23
7643.22
7632.74
7597.58
7555.38
7527.58
7514.59
7513.53
7518.56
7528.49
7529.96
7525.78
7503.43
7472.88
7457.72
7453.86
7455.28
7466.67
7487.26
7496.65
7497.8
7495.05
7482.01
7460.28
7444.28
7434.35
7429.67
7428.79
7429.55
7433.35
7442.99
7452.02
7458.98
7463.19
7464.9
7465.19
7464.18
7459.22
7443.56
7423.14
7408.87
7403.15
7402.77
7403.61
7406.16
7409.85
7415.4
7421.57
7426.52
7428.66
7428.86
7428.08
7424.51
7413.21
7379.93
7284.81
7013.86
6594.05
6147.18
5691.29
5227.68
4775.29
4330.95
3911.64
3508.99
3139.65
2788.85
2476.9
2181.25
1928.25
1684.78
1483.41
1601.15
1600.17
1599.1
1598.16
1597.13
1596.2
1595.19
1594.29
1593.24
1592.44
1591.39
1590.54
1589.59
1588.69
1587.84
1586.91
1586.11
1585.13
1584.82
1586.11
1603.86
1676.63
1858.42
2177.36
2942.65
3695.11
5676.88
6689.57
7379.86
7517.4
7558.91
7734.82
7835.43
7853.16
7837.46
7786.45
7751.3
7745.14
7756.1
7775.2
7779.84
7777.38
7764.19
7749.94
7744.2
7742.28
7739.63
7739.28
7738.37
7733.63
7712.72
7678.08
7652.23
7636.84
7627.51
7618.07
7609.66
7601.33
7586.38
7563.76
7539.27
7519.75
7508.24
7503.46
7502.67
7504.34
7512.84
7527.79
7539.62
7547.95
7552.11
7552.77
7552.32
7550.46
7544.98
7540.58
7539.43
7538.05
7535.43
7535
7535.81
7537.68
7540.13
7542.73
7546.35
7548.9
7550.11
7550.63
7550.64
7549.74
7545.31
7530.43
7486.79
7363.89
7036.02
6591.92
6120.15
5641.8
5158.9
4692.59
4239.82
3817.87
3413.98
3047.13
2698.29
2390.85
2099.52
1852.89
1614.53
1418.77
1601.13
1600.21
1599.09
1598.18
1597.14
1596.22
1595.21
1594.28
1593.29
1592.41
1591.48
1590.51
1589.7
1588.67
1587.99
1586.93
1586.51
1587.89
1610.65
1693.13
1897.04
2373.9
2971.33
4594.64
5461.85
6719.72
7841.8
7970.76
7982.48
7971.06
7972.13
8002.1
8070.85
8114.73
8130.71
8129.25
8106.93
8049.96
7994.9
7942.66
7893.16
7858.85
7844.89
7842.91
7846.42
7863.72
7879.67
7884.57
7885.21
7885.18
7885.18
7882.81
7873.42
7855.81
7833.34
7802.78
7763.07
7719.69
7680.45
7650.19
7630.91
7622.16
7620.36
7621.02
7624.78
7638.19
7659.64
7673.14
7677.98
7678.16
7676.42
7671.39
7659.49
7643.26
7627.7
7616.05
7609.51
7607.51
7607.56
7609
7614.34
7628.11
7642.77
7656.55
7667.74
7673.86
7677.34
7680.04
7681.28
7681.08
7677.74
7662.78
7613.42
7466.81
7087.06
6612.38
6117.44
5619.4
5121.87
4644.26
4182.82
3755.96
3347.82
2981.23
2631.55
2327.26
2037.49
1793.09
1559.38
1365.26
1601.12
1600.22
1599.1
1598.18
1597.16
1596.2
1595.26
1594.25
1593.37
1592.39
1591.53
1590.53
1589.72
1588.75
1588.07
1588.86
1603.42
1701.72
1928.57
2423.14
3584.91
4670.27
6966.93
8591.85
8605.35
8438.56
8185.6
8107.31
8108.69
8139.66
8157.82
8155.63
8153.78
8159.22
8178.01
8184.7
8180.62
8153.75
8078.49
8012.39
7980.56
7973.98
7975.83
7988.48
8036.94
8124.7
8185.4
8215.83
8226.79
8227.72
8221.16
8189.5
8112.94
8035.61
7961.87
7894.27
7836.34
7791.42
7762.17
7748.86
7746.67
7747.52
7751.31
7763.29
7782.19
7794.61
7799.05
7798.99
7796.48
7787.18
7762.49
7734.81
7713.49
7700.47
7694.78
7693.46
7693.49
7694.34
7697.86
7709.74
7737.94
7766.47
7790.44
7809.9
7823.15
7830.96
7836.51
7840.08
7841
7840.2
7834.62
7812.7
7743.9
7542.18
7095.63
6596.41
6077.74
5561.44
5049.72
4564.32
4095
3666.29
3256.51
2892.02
2547
2245.92
1964.88
1721.83
1497.74
1306.35
1601.13
1600.21
1599.13
1598.15
1597.2
1596.18
1595.28
1594.26
1593.37
1592.43
1591.46
1590.66
1589.56
1589.75
1596.73
1673.59
1869.02
2349.79
3387.14
5210.33
6721.77
7602.44
8291.23
8443.67
8402.13
8225.54
8125.54
8119.71
8161.41
8268.73
8352.65
8402.14
8418.41
8420.34
8417.38
8402.23
8350.69
8250.21
8157.58
8089.17
8055.21
8050.03
8056.8
8091.43
8190.08
8287.09
8351.23
8381.6
8388.23
8385.95
8370.6
8313.02
8203.45
8107.13
8033.41
7985.38
7961.52
7955.37
7956.32
7962.49
7982.36
8017.93
8044.87
8058.38
8061.83
8061.51
8058.24
8045.98
8009.24
7955.05
7907.52
7868.9
7840.93
7823.29
7814.13
7810.95
7810.73
7812.5
7820.89
7848.47
7895.25
7938.16
7974.33
8001.82
8019.77
8031.61
8039.5
8043.58
8044.52
8042.85
8033.4
7999.76
7898.19
7603.49
7101.79
6578.61
6035.42
5507.03
4980.66
4490.77
4015.32
3585.74
3176.62
2812.38
2475.22
2174.04
1902.81
1662.14
1443.22
1259.68
1601.14
1600.19
1599.14
1598.14
1597.19
1596.19
1595.26
1594.29
1593.33
1592.49
1591.48
1590.82
1592.44
1636.08
1772.63
2240.59
3399.77
4770.23
8037.47
8767.66
8743.85
8715.62
8709.56
8698.47
8661.58
8533.05
8405.74
8350.98
8342.05
8348.62
8387.22
8449.36
8471.08
8472.3
8466.19
8440.38
8359.53
8273.38
8228.91
8213.74
8213.15
8222.21
8269.1
8395.01
8504
8573.18
8609.73
8622.05
8621.69
8609.62
8557.14
8432.52
8326.83
8256.22
8218.86
8205.94
8205
8209.83
8232.8
8292.59
8345.67
8377.82
8392.05
8395.46
8394.66
8387.48
8360.99
8288.86
8204.64
8132.96
8077.56
8039.73
8016.67
8005.26
8001.66
8001.57
8004.13
8014.67
8047.47
8105.54
8162.21
8211.33
8252.05
8282.2
8302.2
8315.2
8322.22
8323.79
8322.7
8317.81
8298.88
8238.87
8064.07
7627.17
7090.07
6538.48
5983.24
5441.09
4916.82
4419.35
3950.85
3518.15
3117.41
2753.72
2418.71
2122.76
1846
1614.73
1388.86
1214.92
1601.16
1600.18
1599.16
1598.13
1597.2
1596.18
1595.28
1594.23
1593.46
1592.28
1592.23
1599.44
1698.84
2032.27
2976.15
4150.43
6965.26
7573.65
7795.59
8113.79
8416.27
8600.81
8658.36
8666.37
8649.09
8548.26
8430.33
8393.05
8397.22
8449.4
8581.56
8698.48
8766.76
8786.26
8785.07
8767
8696.02
8602.43
8542.47
8516.2
8511.75
8516.48
8546.48
8635.63
8716.67
8767.08
8790.36
8795.59
8792.79
8771.28
8693.05
8603.03
8546.4
8520.04
8513.31
8513.86
8521.75
8555.36
8635.85
8701.88
8743.35
8763.69
8770.09
8770
8763.02
8732.91
8643.58
8535.07
8442.59
8370.12
8318.85
8287.1
8271.63
8267.49
8268.01
8273.46
8291.64
8341.74
8410.5
8477.45
8537
8587.1
8627.14
8657.04
8677.03
8687.83
8691.55
8691.57
8689.16
8677.47
8637.79
8520.46
8188.11
7656.12
7101.71
6532.74
5975.77
5424.67
4905.7
4402.66
3940.26
3505.48
3108.11
2746.29
2408.53
2115.39
1835.55
1603.2
1380.17
1200.84
1601.17
1600.18
1599.16
1598.13
1597.19
1596.2
1595.24
1594.34
1593.28
1593.76
1617.18
1769.15
2201.17
3166.03
6398.52
7971.55
8749.84
8894.4
8938.45
9029.4
9208.99
9309.35
9326.76
9315.89
9248.7
9054.92
8889.05
8791.76
8759.56
8762.81
8797.46
8913.79
9039.97
9112.7
9134.65
9133.48
9112.07
9021.24
8916.26
8863.37
8847.43
8848.5
8870.01
8940.64
9004.9
9042.33
9058.74
9062.25
9059.08
9037.27
8965.3
8889.97
8842.42
8820.42
8815.26
8816.72
8828.99
8876.37
8944.05
8990.36
9015.26
9024.23
9025.12
9021.45
9002.05
8934.5
8827.47
8736.29
8666.85
8621.78
8599.12
8592.03
8591.89
8596.51
8614.09
8665.72
8753.63
8844.23
8931.28
9008.3
9071.24
9121.98
9162.19
9191.68
9210.14
9218.56
9220.16
9218.82
9211.1
9182.45
9094.92
8838.32
8319.76
7747.19
7171.1
6582.98
6023.11
5464.16
4953.87
4448.96
3998.71
3561.42
3174.17
2805.27
2469.9
2162.21
1883.48
1630.39
1421.42
1202.78
1601.17
1600.17
1599.16
1598.13
1597.2
1596.19
1595.29
1594.25
1595.17
1650.1
1886.68
2699.19
5348.96
8258.92
8827.83
9173.18
9332.73
9362.4
9419.15
9477.86
9549.99
9594.42
9598.38
9570.37
9431.16
9200.23
9080.41
9051.44
9060.07
9135.6
9376.6
9589.52
9706.32
9755.89
9765.1
9755.78
9694.06
9520.58
9368.82
9275.74
9228.32
9207.11
9200.43
9203.61
9226.48
9251.2
9262.53
9264.78
9261.88
9244.6
9197.33
9160.6
9143.46
9138.57
9138.51
9144.18
9170.21
9226.82
9272.05
9298.99
9310.19
9312.72
9311.71
9302.87
9268.44
9189.33
9117.36
9063.97
9032.01
9019.3
9017.62
9020.35
9034.22
9076.59
9180.11
9296.52
9408.35
9513.44
9608.45
9688.79
9752.65
9803.28
9843.15
9871.51
9887.11
9891.96
9891.67
9887.4
9868.52
9806.54
9623.8
9152.32
8566.64
7962.3
7367.8
6776.35
6216.91
5664.42
5168.38
4670.95
4245.03
3798.53
3438.37
3026.7
2726.51
2345.11
2115.7
1773.48
1619.63
1280.52
1601.17
1600.17
1599.16
1598.14
1597.18
1596.24
1595.21
1596.37
1657.75
1978.38
2923.24
4528.67
8851.02
9394.18
9079.62
8738.53
8740.06
9010.58
9526.29
9807.25
9914.27
9936.79
9916.82
9802.16
9595.28
9472.77
9431.57
9431.69
9461.07
9591.06
9805.31
9946.5
10020.5
10045.9
10047.2
10030.1
9943.35
9768.88
9642.78
9572.11
9542.87
9536.73
9539.65
9564.79
9611.4
9641.84
9657.65
9664.23
9664.83
9660.49
9641.56
9624.71
9620.14
9619.85
9622.97
9635.95
9665.93
9691.49
9706.64
9711.75
9712.3
9711.65
9708.65
9694.95
9655.5
9616.28
9592.41
9581.5
9578.82
9580.3
9590.77
9622.88
9711.71
9854.4
9996.13
10126.9
10247.1
10357.1
10455
10537.4
10604.4
10659.4
10703.8
10735.4
10752.2
10756.8
10755.7
10747.4
10712.8
10600
10260.4
9670.44
9061.64
8449.05
7858.96
7292.92
6757.4
6233.71
5769.54
5305.79
4912.25
4480.52
4127.21
3707.42
3402.69
2996.21
2748.37
2378.66
2207.5
1800.44
1601.17
1600.17
1599.17
1598.13
1597.23
1596.13
1596.98
1663.35
1998.08
3517.13
9510.04
10278.8
10297.7
10190.2
9852.07
9569.32
9502.94
9554.92
9823.88
10032.8
10089.5
10087.7
10024
9835.87
9721.84
9691
9693.53
9726.94
9858.36
10109
10290.2
10384.1
10414
10414.9
10401.6
10345
10224.2
10133.6
10087
10074.8
10075.8
10084.7
10114
10150.3
10179
10202
10219.5
10234.4
10247.7
10265.9
10284.1
10299.5
10316.3
10339.5
10368.7
10398.8
10426.3
10448.5
10462.9
10469.1
10471.9
10472.3
10470.3
10461.7
10448.7
10442.5
10440.9
10442.1
10450
10474.2
10540.1
10671.1
10820.4
10971.7
11109.6
11230.9
11340
11442.1
11536.4
11618.5
11692.7
11764.6
11833.9
11892
11930.9
11948.6
11950.5
11942
11900.7
11754.4
11333.3
10760.6
10198.1
9641.89
9126.77
8652.1
8210.94
7769.92
7387.86
6999.56
6674.49
6280.63
5971.42
5564.87
5309.91
4897.82
4653.01
4289.55
4123.1
3232.53
1601.17
1600.18
1599.14
1598.21
1597.03
1597.33
1643.85
2061.68
3607.06
5882.42
10252
10902.9
10936.3
10879.6
10554.9
10247.4
10219.2
10270.5
10487.4
10653.3
10684.4
10671.3
10575.4
10406.3
10354
10361.7
10409.5
10560.6
10773.2
10900.1
10932.1
10929.8
10911.8
10852.6
10739.8
10671.1
10650.1
10650.7
10662.4
10698.6
10776.5
10849.3
10899.4
10931.1
10954.5
10977.3
11003.8
11042.8
11095.4
11156.7
11220.4
11286.6
11352.4
11414.7
11470.7
11519.4
11564.2
11605.2
11638.9
11660.7
11679.4
11689.4
11693.5
11695.9
11700.1
11705.6
11718.3
11743.4
11803.2
11921.3
12071.6
12216.4
12369.4
12515.6
12639.9
12742.6
12842.4
12948.4
13062.2
13173.1
13315.3
13483.3
13674
13857.4
14019.5
14141.5
14215.8
14239.9
14233.3
14175.4
13948.8
13537.3
13153.4
12764.7
12439.9
12139.9
11895.7
11633.3
11409.7
11184.6
11001.8
10794.2
10606.9
10403.3
10268.4
10098.6
9948.81
9822.03
9839.77
7575.54
1601.16
1600.18
1599.17
1598.1
1597.58
1621.57
1961.54
3187.65
10212.9
10634.1
10618.9
10517.3
10373.2
10311.6
10292.4
10304.1
10445.9
10714.4
10870.7
10933.6
10938.7
10910.4
10866.5
10868.1
10904.6
11058.2
11413
11683.4
11840
11903.2
11906.6
11887.6
11799.7
11670.5
11609.6
11599.1
11603.7
11632.4
11726.9
11848.8
11938.8
11994.2
12021.8
12032.4
12037.7
12049.4
12079.1
12149
12256.5
12377.3
12490.7
12602.7
12717.8
12823.8
12913.8
12991
13067.5
13137.6
13214.8
13273.1
13331.7
13360.7
13390.9
13419.8
13468.6
13511.5
13610.5
13718.4
13909.1
14118.5
14368.8
14550.4
14769.4
14957.9
15136.7
15254.7
15434.6
15630.1
15897.2
16156.5
16583.2
17081.9
17703.2
18283.9
18868.4
19353.9
19790.5
20106
20347
20458.3
20513.1
20514.5
20493.9
20408.4
20316.6
20284.8
20307.9
20347.9
20507.6
20617.3
20920.3
21103.5
21554.8
21833.1
22493.3
22869
23678.9
24133.2
25468.5
19894.3
1601.16
1600.18
1599.17
1598.22
1604.81
1820.22
3028.6
8563.42
11237.6
10845.8
10321.7
10320.5
10603
10949.7
11169.7
11316.8
11355.4
11359.6
11368.5
11392.9
11453.1
11507.2
11552
11616.6
11757.2
12070.4
12418.8
12702.9
12902.5
13029.2
13088.5
13100.5
13101.3
13105.3
13117.4
13146.1
13214.5
13364.2
13514.7
13627.7
13696
13726.8
13741.1
13748.2
13753.9
13762.3
13781.8
13830.6
13957.1
14106.6
14219.4
14344.6
14506.1
14650.1
14759.9
14853.8
14978.2
15086.8
15259.4
15400.3
15568.9
15665.2
15797.5
15964.5
16246.9
16472.9
16804.2
17078
17580
18070.8
18687.6
19065.3
19614.9
20024.7
20535.5
20808.4
21383
21923.9
22779.5
23539
24831.1
26151
27906.3
29346.7
30932
32078.7
33349
34161.1
35079.4
35497.5
36123.7
36393.7
36983
37258.4
37880.4
38224.6
39033.4
39533.1
40671.2
41344.7
42814.5
43636.4
45379.6
46371.2
48487.3
49681
52141.6
53448.3
56843.3
47409.6
1601.15
1600.22
1599.05
1600.2
1718.67
2706.7
11638.5
15568.3
14526.7
12889.8
12035.5
11531.9
11396.4
11405.3
11529.2
11830.6
11985.5
12084.7
12267.7
12535.9
12818.2
13056.1
13261.5
13466.1
13689.8
13942.6
14201.3
14412.1
14565
14678.7
14765.5
14816.2
14845.2
14889.5
14984.8
15123.6
15285.7
15448.1
15581.1
15667.2
15709.4
15725
15732.8
15738.9
15748.5
15761.8
15781.4
15824.3
15949.4
16146.4
16256.6
16438.6
16760.5
17040.9
17255.9
17464.7
17794.7
18101.6
18617.4
19053.8
19583.7
19972.5
20566.1
21267.7
22212.9
23052.8
24041.4
25015.9
26380.9
27681.1
29183.6
30200.4
31552.3
32628
33895.9
34758.1
36231.8
37698.2
39800.1
41768.9
44668.6
47483.4
50850.2
53526.9
56286.4
58236.7
60314.2
61634.6
63130.8
63865.8
65008
65595
66751.2
67363.6
68599.3
69309.6
70789.4
71686.6
73547.6
74635.9
76855.2
78103.5
80605.9
81980.2
84692.4
86166.3
89005.1
90422.8
93971
83939.3
1601.15
1600.17
1599.48
1635.04
2187.32
4617.17
9661.03
11240.8
12798.3
13232.9
13389.2
13819.6
14587.2
15102.6
15377.5
15432
15418.9
15362.4
15345.6
15365.9
15492.7
15769
16009.8
16214.9
16376.7
16503.7
16598.8
16657.1
16684.3
16697
16704
16716.1
16745
16817.1
16924.2
17048.8
17188.8
17318.9
17417.1
17495.7
17538.4
17570.7
17597.9
17657.5
17731.2
17848
17966.2
18206.1
18664.8
19140.1
19448.2
20028.9
20889.7
21675
22358.6
23182.3
24207.6
25400.8
26852.3
28317.7
29846.2
31330.3
33114.9
35237
37605.3
39959.6
42440.4
45063.3
47947.6
50854.5
53565
55902.1
58216.8
60491.4
62537.3
64556.7
66816.2
69516.7
72375.3
75458.3
78719.3
82027.1
85099.3
87755.7
89895.5
91676.3
93085.2
94269.3
95199.3
95960.1
96714.8
97433
98280.4
99006.4
99927.7
100716
101795
102687
103952
104944
106412
107463
109010
110028
111609
112527
114129
114889
116989
110643
1601.19
1600.09
1603.03
1836.36
4017.71
11813.3
16062.2
17592.3
17642
17336.8
17252.3
17543.4
18050.4
18428.4
18609.3
18637.9
18625
18576.5
18447.6
18335.4
18294.3
18287.6
18291.2
18308.7
18369.3
18434.6
18461
18465.5
18462.3
18434.1
18385.3
18369.2
18372
18388.4
18425.8
18495.3
18647.3
18855.5
19045.7
19312
19499
19730.3
19957.5
20443.9
20911.4
21572.7
22299.6
23528.8
25069
26567.1
28021
29942.5
32145.6
34298.1
36455.6
38995.5
41860.7
45149.6
48573.3
52205.7
55726.7
59450.2
63289
67450.8
71499.2
75536.8
79352.9
83105.8
86496.4
89651.6
92270.4
94641
96725.3
98747.3
100410
102041
103585
105297
106823
108375
109736
111123
112266
113288
114030
114715
115204
115698
116052
116452
116884
117410
117998
118570
119226
119805
120538
121131
121977
122604
123578
124236
125271
125922
127015
127629
128755
129267
131105
125211
1601.15
1600.57
1648.32
2587.65
24480.4
25102.9
24594.7
23233.4
21995.8
21048.3
20528.9
20344.1
20244.6
20133.5
19994.2
19869
19761
19650.3
19516
19382.1
19300.7
19272.4
19271.5
19290.2
19359.2
19440.8
19488.2
19520.8
19539.6
19558.3
19586.2
19631.6
19733.4
19998.7
20297
20686.8
21314.1
22038.5
22805.8
23731.6
24606.6
25500.6
26813.2
28389.8
30413.6
32897
35795.7
39328.4
43301.8
47382.9
51674.5
56327.2
61101.2
65873.4
70847.5
76041
81350.8
86671.4
91720.8
96533
100990
105169
108917
112249
115123
117613
119655
121297
122498
123453
124177
124834
125384
125874
126175
126381
126532
126746
126903
127089
127311
127709
128133
128560
128912
129270
129579
129916
130216
130572
131020
131551
132167
132758
133433
134024
134761
135349
136194
136804
137791
138433
139506
140158
141314
141941
143136
143677
145934
138803
1601.06
1603.85
1875.61
4691.24
11288.4
15649.4
18872.7
20012.9
20164.1
20099
20091.2
20284.7
20481.2
20543.8
20543.3
20509.9
20427.1
20390.1
20374.8
20373
20385.4
20422.8
20510.2
20669.6
20837.4
21032
21206.4
21435
21657.2
21893.4
22155.5
22529.6
23369.4
24519
25763.6
27275.5
29347
31716.5
34399.1
37114.5
39957.1
43087.8
46913.3
51503.6
57209.6
63839.7
71165.2
78718
86253.2
93668.1
100720
107107
112869
118206
123198
127576
131353
134545
137137
139223
140884
142098
142893
143307
143547
143548
143484
143327
143083
142855
142656
142523
142414
142316
142132
141916
141726
141628
141612
141644
141782
142163
142704
143228
143728
144196
144656
145092
145530
145977
146583
147221
148014
148717
149576
150288
151220
151944
153005
153767
155002
155800
157129
157936
159356
160121
161578
162244
165126
155406
1601.32
1636.3
2701.7
21828.7
26320.5
25867.1
24805
23967.7
23296.5
22970
22926.6
22964
22991.3
22977.2
22906.6
22755.7
22623.8
22579.6
22586
22622.1
22741.7
22942.2
23085.6
23359.1
23748.2
24406.3
25128.4
26086.4
27128.3
28109.9
29224.8
31425.3
34556.9
38254.2
42354.3
47219.9
53002.7
59398.5
66241.8
73188.4
80424.3
88026
96149.4
105033
114487
123744
132266
139615
145796
150854
154720
157554
159589
161074
162180
162858
163289
163564
163618
163590
163486
163243
162841
162358
161858
161364
160888
160431
160017
159690
159441
159266
159152
159074
158933
158794
158765
158802
158953
159261
159820
160580
161478
162303
163092
163781
164467
165079
165709
166312
167121
167930
168936
169811
170886
171777
172934
173851
175162
176139
177657
178664
180274
181266
182952
183866
185577
186372
189859
176443
1602.9
1786.46
4810
17620.3
20462.3
21140.4
22454.3
23092.2
23335.6
23493.2
23755.9
24056.6
24202.1
24280.6
24310.1
24386.9
24497.8
24646.2
24950.2
25354.4
26100.9
26845.3
27543
28614
30319.5
32762.9
35646.9
39128
42794.9
46391.7
51318.8
58454.6
67029.3
76730.1
87756.8
99696.4
111679
123111
133784
143353
151946
159598
166399
172369
177266
180937
183542
185224
186273
186762
186768
186641
186298
185863
185467
185088
184751
184465
184194
183918
183632
183302
182926
182543
182201
181906
181667
181465
181316
181241
181215
181221
181287
181373
181398
181433
181540
181806
182256
182855
183752
184829
186025
187089
188083
188959
189839
190650
191485
192305
193344
194397
195641
196761
198064
199208
200607
201804
203403
204687
206540
207823
209749
210959
212934
214008
216003
216939
221033
202378
1612.16
2295.49
30415.6
35711.8
32483.7
29100
27273.3
26549.5
26116.8
26135.6
26238
26520.9
26745.8
27264.6
27648.7
28425.1
29095.3
29923
31485.4
33235.3
35709.2
38306.4
41113.8
45458.5
51729.3
59294
67923
77553.4
87697.1
99350
113291
128848
144482
159728
173766
185820
195125
201999
206933
210170
212244
213409
214037
214250
214194
214012
213684
213303
212881
212367
211767
211160
210602
210155
209878
209770
209784
209900
210043
210153
210189
210160
210065
209877
209703
209565
209480
209431
209423
209488
209583
209728
209965
210242
210455
210675
211077
211692
212506
213478
214766
216222
217765
219118
220376
221518
222681
223785
224911
226036
227392
228776
230337
231778
233379
234848
236565
238124
240102
241784
244058
245685
247997
249465
251801
253073
255433
256549
261251
234777
1651.94
3676.91
23236.9
23119.6
23078.1
23467.9
24106.5
25504.6
26593
27893.7
29045.3
30805.9
32103.7
34294
36336.5
39115.9
41624.1
44814.7
50278.4
56841.2
64877.4
73220.9
83558.7
97575.3
114857
134092
153466
171849
189262
205766
220251
232001
240609
246479
250001
252033
252318
252075
251392
250189
248903
247601
246453
245499
244730
244239
243991
243954
244009
244054
244034
243976
243907
243889
243974
244197
244504
244834
245138
245365
245491
245520
245505
245484
245500
245584
245756
245970
246238
246587
246938
247381
247957
248609
249175
249789
250657
251773
253089
254539
256313
258247
260250
262015
263670
265213
266787
268303
269831
271370
273150
274975
276953
278817
280803
282700
284823
286846
289281
291465
294213
296273
299012
300819
303575
305115
307911
309262
314562
276378
1781.06
6168.23
17009
22299.7
25045.6
26790.4
30259.2
34263
37931.3
41214.2
44853
49142
52940.6
58215.3
64806.1
72039.2
80382.7
91602.4
107741
127465
149165
172661
198715
224623
248338
267603
282246
292612
299262
303059
303877
303394
302017
299946
297900
295980
294070
292205
290516
288958
287722
286828
286384
286383
286620
287200
287863
288490
289006
289323
289454
289528
289641
289836
290182
290677
291266
291870
292438
292914
293287
293560
293820
294132
294530
295017
295612
296248
296935
297712
298474
299394
300476
301695
302809
304044
305589
307413
309408
311480
313900
316489
319140
321492
323725
325828
327968
330029
332084
334153
336475
338856
341354
343750
346215
348649
351280
353877
356863
359655
362942
365530
368745
370982
374233
376117
379450
381083
387198
330281
2140.84
37460.2
37935.5
38904.3
41849.3
45112.5
52591.2
60842.7
69685.5
76808.8
86406.6
97420.9
109727
124684
142324
163328
189522
222258
258178
292075
321677
345549
363447
373799
378998
378940
377769
375118
371444
367318
363030
358894
355234
352368
350455
349354
348653
348118
347667
347191
346790
346698
346833
347389
348281
349385
350511
351540
352426
353095
353579
354012
354508
355112
355893
356842
357892
358952
359966
360870
361664
362369
363109
363968
364963
366068
367291
368544
369834
371235
372614
374256
376077
378149
380085
382267
384795
387632
390594
393560
396930
400473
404049
407215
410251
413099
415985
418738
421468
424190
427192
430257
433402
436465
439528
442641
445917
449214
452872
456396
460308
463533
467293
470082
473930
476258
480258
482220
489495
416695
3304.12
21740.3
26809.7
44220.3
69632.5
86817.1
105472
122796
143862
163236
190682
224602
262016
299476
338339
379695
420422
453314
475945
488286
492960
492189
489103
482634
474604
466332
458749
452235
446869
442657
439612
437641
436418
435838
435769
435837
435797
435663
435566
435558
435740
436337
437321
438732
440504
442428
444279
445958
447464
448746
449839
450886
452021
453295
454781
456463
458260
460061
461802
463404
464891
466312
467837
469553
471462
473494
475634
477783
479952
482277
484594
487348
490274
493670
496841
500482
504499
508885
513335
517743
522583
527500
532334
536561
540655
544449
548297
551914
555510
559047
562933
566864
570843
574777
578625
582640
586761
590922
595422
599828
604492
608492
612899
616415
621006
623926
628747
631116
639841
545298
5508.02
20645.2
62002.7
137833
196162
222945
247992
284359
339113
398480
463176
527318
578286
614186
643396
665368
676671
675186
668508
655248
641085
627374
614644
603317
593869
586795
582027
578737
576263
574482
573472
573242
573416
573904
574598
575163
575415
575576
576067
577022
578404
580316
582693
585469
588545
591642
594518
597131
599556
601773
603826
605869
608063
610473
613157
616078
619125
622156
625088
627844
630489
633116
635943
639049
642406
645874
649407
652915
656435
660195
664009
668523
673169
678696
683687
689657
696116
703079
709986
716803
723799
730501
736866
742364
747804
752777
757912
762652
767422
772080
777224
782327
787480
792632
797585
802893
808167
813425
819003
824505
830097
835061
840283
844805
850371
854076
859901
862840
873235
740502
7454.76
103925
293420
425295
497932
521202
566488
668044
779689
867646
932365
972975
988290
986008
976738
960839
940717
915377
889264
867366
851697
841419
834321
828180
822258
817058
813084
810322
808538
807963
808512
810164
812125
814090
815888
817183
817987
818828
820481
823123
826483
830468
834916
839663
844556
849259
853520
857403
861113
864709
868267
871957
875972
880379
885162
890203
895322
900336
905179
909819
914398
919072
924102
929521
935240
941008
946755
952426
958131
964212
970489
977801
985163
994078
1.00154e+06
1.01142e+06
1.02208e+06
1.03338e+06
1.04442e+06
1.05487e+06
1.0645e+06
1.07314e+06
1.08115e+06
1.08814e+06
1.0954e+06
1.10193e+06
1.10903e+06
1.1154e+06
1.12199e+06
1.12843e+06
1.13561e+06
1.14245e+06
1.14946e+06
1.15648e+06
1.16313e+06
1.17046e+06
1.17734e+06
1.18408e+06
1.1911e+06
1.19804e+06
1.20487e+06
1.21107e+06
1.21745e+06
1.22356e+06
1.23047e+06
1.23518e+06
1.24232e+06
1.24636e+06
1.25845e+06
1.05316e+06
101771
709771
973392
1.04589e+06
1.0808e+06
1.12241e+06
1.2457e+06
1.40016e+06
1.50012e+06
1.55575e+06
1.57494e+06
1.56286e+06
1.52983e+06
1.47742e+06
1.42445e+06
1.39301e+06
1.37254e+06
1.35464e+06
1.33793e+06
1.32288e+06
1.30995e+06
1.29907e+06
1.28955e+06
1.28048e+06
1.2721e+06
1.26572e+06
1.26158e+06
1.25938e+06
1.25861e+06
1.25961e+06
1.26233e+06
1.26642e+06
1.2709e+06
1.27513e+06
1.2788e+06
1.28153e+06
1.28371e+06
1.28618e+06
1.29001e+06
1.29539e+06
1.30163e+06
1.3084e+06
1.3155e+06
1.32276e+06
1.32996e+06
1.33671e+06
1.34276e+06
1.34831e+06
1.35377e+06
1.35937e+06
1.36529e+06
1.37176e+06
1.37898e+06
1.38692e+06
1.39535e+06
1.4039e+06
1.41226e+06
1.42024e+06
1.42792e+06
1.43547e+06
1.44317e+06
1.45128e+06
1.46003e+06
1.46934e+06
1.47898e+06
1.48853e+06
1.49793e+06
1.5072e+06
1.51657e+06
1.52649e+06
1.53685e+06
1.54843e+06
1.56002e+06
1.57381e+06
1.58424e+06
1.60147e+06
1.61886e+06
1.63712e+06
1.65454e+06
1.66917e+06
1.68109e+06
1.69133e+06
1.70117e+06
1.71014e+06
1.72035e+06
1.72922e+06
1.73999e+06
1.74909e+06
1.75891e+06
1.76873e+06
1.77962e+06
1.7893e+06
1.79964e+06
1.8099e+06
1.81946e+06
1.83024e+06
1.83939e+06
1.8485e+06
1.85777e+06
1.86686e+06
1.87559e+06
1.88372e+06
1.89208e+06
1.90123e+06
1.90989e+06
1.91584e+06
1.92517e+06
1.93287e+06
1.94433e+06
1.60957e+06
1.42582e+06
2.45158e+06
2.41399e+06
2.38107e+06
2.33241e+06
2.32392e+06
2.46092e+06
2.65023e+06
2.73631e+06
2.76716e+06
2.76592e+06
2.74988e+06
2.71461e+06
2.6612e+06
2.59213e+06
2.52897e+06
2.47466e+06
2.42933e+06
2.39261e+06
2.3634e+06
2.33923e+06
2.31871e+06
2.30076e+06
2.28466e+06
2.27156e+06
2.26289e+06
2.25703e+06
2.25357e+06
2.25171e+06
2.25209e+06
2.25504e+06
2.25996e+06
2.26572e+06
2.27119e+06
2.27585e+06
2.27935e+06
2.28264e+06
2.28674e+06
2.29258e+06
2.30012e+06
2.3083e+06
2.31664e+06
2.32516e+06
2.33382e+06
2.34232e+06
2.35013e+06
2.35709e+06
2.3636e+06
2.37037e+06
2.37791e+06
2.38655e+06
2.39653e+06
2.40786e+06
2.42019e+06
2.43285e+06
2.44513e+06
2.45663e+06
2.46745e+06
2.47807e+06
2.48907e+06
2.50086e+06
2.51368e+06
2.52755e+06
2.54211e+06
2.55688e+06
2.57137e+06
2.58558e+06
2.59971e+06
2.61416e+06
2.62929e+06
2.64514e+06
2.66193e+06
2.67871e+06
2.69735e+06
2.7103e+06
2.7438e+06
2.77056e+06
2.79594e+06
2.82278e+06
2.83946e+06
2.85695e+06
2.87026e+06
2.88739e+06
2.90155e+06
2.92118e+06
2.93577e+06
2.95661e+06
2.97304e+06
2.98913e+06
3.00774e+06
3.02935e+06
3.03865e+06
3.06353e+06
3.08181e+06
3.09406e+06
3.11601e+06
3.12345e+06
3.14005e+06
3.15898e+06
3.17028e+06
3.18368e+06
3.20675e+06
3.21847e+06
3.24086e+06
3.25144e+06
3.25314e+06
3.27595e+06
3.29902e+06
3.29699e+06
2.86192e+06
5.48231e+06
5.98442e+06
5.93969e+06
5.66862e+06
5.18663e+06
4.77912e+06
4.52141e+06
4.36485e+06
4.29247e+06
4.26486e+06
4.26597e+06
4.28204e+06
4.31054e+06
4.35377e+06
4.41045e+06
4.46606e+06
4.51454e+06
4.55642e+06
4.5934e+06
4.6262e+06
4.65676e+06
4.68605e+06
4.71531e+06
4.74481e+06
4.77244e+06
4.79688e+06
4.81804e+06
4.83836e+06
4.86103e+06
4.88531e+06
4.91053e+06
4.93557e+06
4.95982e+06
4.9835e+06
5.00665e+06
5.02961e+06
5.05221e+06
5.07461e+06
5.0964e+06
5.11749e+06
5.13957e+06
5.16333e+06
5.1882e+06
5.21333e+06
5.23799e+06
5.26175e+06
5.28499e+06
5.30845e+06
5.33242e+06
5.35723e+06
5.3831e+06
5.40962e+06
5.43627e+06
5.46243e+06
5.48783e+06
5.51263e+06
5.53772e+06
5.56382e+06
5.59115e+06
5.61984e+06
5.64958e+06
5.67992e+06
5.71033e+06
5.74059e+06
5.77066e+06
5.80087e+06
5.83149e+06
5.86273e+06
5.89446e+06
5.92639e+06
5.95831e+06
5.98972e+06
6.02093e+06
6.05043e+06
6.08151e+06
6.15982e+06
6.32612e+06
6.27141e+06
6.35868e+06
6.61417e+06
6.61916e+06
6.75281e+06
6.74516e+06
6.89216e+06
6.80309e+06
6.96574e+06
6.98578e+06
7.00634e+06
7.28178e+06
7.37931e+06
7.24115e+06
6.21107e+06
7.47097e+06
7.4569e+06
7.7775e+06
7.77206e+06
6.50329e+06
6.56236e+06
8.05488e+06
6.68154e+06
6.74168e+06
8.04637e+06
8.3081e+06
8.20416e+06
8.36004e+06
7.04716e+06
8.6072e+06
8.43071e+06
7.23869e+06
9.00484e+06
2.06674e+07
2.06725e+07
2.06785e+07
2.06854e+07
2.06924e+07
2.06979e+07
2.07007e+07
2.07055e+07
2.07104e+07
2.07067e+07
2.07128e+07
2.07212e+07
2.07256e+07
2.0722e+07
2.07184e+07
2.07252e+07
2.0733e+07
2.0744e+07
2.07605e+07
2.07813e+07
2.08058e+07
2.08237e+07
2.08577e+07
2.093e+07
2.09642e+07
2.07388e+07
1.9462e+07
1.50751e+07
9.30675e+06
7.77526e+06
7.77607e+06
7.862e+06
7.90784e+06
7.82446e+06
7.89621e+06
7.90845e+06
7.79787e+06
7.77161e+06
7.75925e+06
7.66068e+06
7.58656e+06
7.53252e+06
7.51938e+06
7.47017e+06
7.4101e+06
7.366e+06
7.33439e+06
7.30276e+06
7.26643e+06
7.22634e+06
7.19368e+06
7.16106e+06
7.13198e+06
7.10952e+06
7.09168e+06
7.07143e+06
7.05419e+06
7.04588e+06
7.03801e+06
7.02968e+06
7.01695e+06
7.00422e+06
6.99529e+06
6.9896e+06
6.98716e+06
6.98634e+06
6.98706e+06
6.99261e+06
7.00849e+06
7.03131e+06
7.05593e+06
7.07484e+06
7.0927e+06
7.12063e+06
7.15647e+06
7.19077e+06
7.2216e+06
7.25225e+06
7.26197e+06
7.30911e+06
5.61374e+06
5.61806e+06
5.62209e+06
5.62617e+06
5.63029e+06
5.63438e+06
5.63758e+06
5.64064e+06
5.64418e+06
5.64574e+06
5.64784e+06
5.64998e+06
5.65195e+06
5.65304e+06
5.65396e+06
5.65628e+06
5.65815e+06
5.66061e+06
5.66481e+06
5.6708e+06
5.67861e+06
5.68514e+06
5.69558e+06
5.71003e+06
5.71364e+06
5.70354e+06
5.63912e+06
5.35873e+06
4.79133e+06
4.40822e+06
4.13622e+06
3.99538e+06
3.90183e+06
3.81811e+06
3.7308e+06
3.65749e+06
3.60058e+06
3.52804e+06
3.4623e+06
3.42019e+06
3.37783e+06
3.3381e+06
3.29933e+06
3.27935e+06
3.26358e+06
3.24582e+06
3.23122e+06
3.22189e+06
3.21803e+06
3.21753e+06
3.21812e+06
3.2233e+06
3.22871e+06
3.23303e+06
3.23274e+06
3.232e+06
3.22414e+06
3.21361e+06
3.20595e+06
3.20025e+06
3.19656e+06
3.19689e+06
3.19761e+06
3.19694e+06
3.19375e+06
3.18986e+06
3.18966e+06
3.19237e+06
3.1973e+06
3.20078e+06
3.20635e+06
3.22275e+06
3.2555e+06
3.28818e+06
3.31421e+06
3.33829e+06
3.36068e+06
3.38858e+06
3.41556e+06
3.47542e+06
3.01486e+06
3.01683e+06
3.01899e+06
3.02139e+06
3.024e+06
3.02677e+06
3.02941e+06
3.03198e+06
3.03466e+06
3.03651e+06
3.03842e+06
3.04015e+06
3.04143e+06
3.04223e+06
3.04315e+06
3.04415e+06
3.04468e+06
3.04523e+06
3.04625e+06
3.04812e+06
3.05074e+06
3.05368e+06
3.05836e+06
3.06364e+06
3.06767e+06
3.06099e+06
3.02286e+06
2.83468e+06
2.43581e+06
2.24808e+06
2.22628e+06
2.21765e+06
2.21764e+06
2.21383e+06
2.15932e+06
2.10192e+06
2.07571e+06
2.03274e+06
1.9896e+06
1.97375e+06
1.96188e+06
1.94786e+06
1.91789e+06
1.90302e+06
1.89718e+06
1.88738e+06
1.87772e+06
1.87037e+06
1.86605e+06
1.86729e+06
1.86937e+06
1.87454e+06
1.87822e+06
1.88041e+06
1.88108e+06
1.88291e+06
1.88548e+06
1.88139e+06
1.87647e+06
1.87003e+06
1.86354e+06
1.85976e+06
1.858e+06
1.85696e+06
1.85492e+06
1.8527e+06
1.85228e+06
1.85299e+06
1.85287e+06
1.84974e+06
1.84956e+06
1.85714e+06
1.87919e+06
1.90657e+06
1.92768e+06
1.94421e+06
1.95499e+06
1.96736e+06
1.9784e+06
2.01849e+06
1.8554e+06
1.85545e+06
1.85573e+06
1.85641e+06
1.85738e+06
1.85858e+06
1.86e+06
1.86159e+06
1.86313e+06
1.86441e+06
1.86625e+06
1.86774e+06
1.86862e+06
1.86897e+06
1.86954e+06
1.87009e+06
1.87008e+06
1.86992e+06
1.86962e+06
1.86952e+06
1.86977e+06
1.87016e+06
1.87202e+06
1.87535e+06
1.87721e+06
1.86764e+06
1.81884e+06
1.62733e+06
1.29434e+06
1.16573e+06
1.19379e+06
1.24194e+06
1.28401e+06
1.31318e+06
1.30226e+06
1.28154e+06
1.28226e+06
1.26806e+06
1.24657e+06
1.24276e+06
1.24167e+06
1.23777e+06
1.22059e+06
1.20992e+06
1.20675e+06
1.19997e+06
1.19244e+06
1.18589e+06
1.18012e+06
1.17883e+06
1.17879e+06
1.18028e+06
1.18047e+06
1.17955e+06
1.17834e+06
1.17842e+06
1.18146e+06
1.18059e+06
1.17894e+06
1.17575e+06
1.17161e+06
1.16731e+06
1.16463e+06
1.16371e+06
1.16316e+06
1.16265e+06
1.16209e+06
1.16191e+06
1.1619e+06
1.1605e+06
1.1602e+06
1.16386e+06
1.17569e+06
1.19428e+06
1.21021e+06
1.22291e+06
1.22909e+06
1.23477e+06
1.23675e+06
1.2577e+06
1.2127e+06
1.21184e+06
1.21126e+06
1.21094e+06
1.2109e+06
1.21101e+06
1.21141e+06
1.21213e+06
1.21275e+06
1.21333e+06
1.2148e+06
1.21598e+06
1.21648e+06
1.21664e+06
1.21706e+06
1.21754e+06
1.21753e+06
1.21737e+06
1.21697e+06
1.21629e+06
1.21578e+06
1.21526e+06
1.21591e+06
1.21801e+06
1.21938e+06
1.21171e+06
1.17048e+06
1.02284e+06
789302
711899
732341
775607
808867
837932
850155
850508
864592
862083
853002
854424
855860
855046
845241
838752
836925
832320
826406
821084
815557
812729
811142
810197
807981
805198
802596
801338
801786
800613
799255
797906
796047
792893
790738
790373
790557
790764
790566
790664
791397
792301
792729
794550
799836
809657
819201
828000
832138
836531
836270
847045
844525
843653
842890
842236
841690
841314
841233
841320
841446
841566
842444
843425
843763
843872
844217
844728
844809
844743
844508
843845
843027
842097
842294
843459
844306
838774
808278
705336
540077
504259
525707
550295
569817
591847
608608
615527
631482
635424
631677
634760
637137
637777
631622
627651
626465
623315
618513
614152
609090
605573
603123
600714
597346
593587
590178
587720
586237
583480
581305
579872
578220
575502
573757
573515
573750
573948
573957
574420
575615
577415
578156
579193
581883
587118
592342
597685
599966
603223
602468
608675
620589
619919
619244
618559
617881
617320
616980
616795
616607
616520
616940
617712
617989
618096
618391
618918
619118
619108
618992
618508
617577
616472
616396
617009
617331
613234
590910
520182
399727
392858
417326
431177
445264
461625
477591
486078
498922
505052
503987
506202
508107
508709
504723
501786
500681
498281
494139
490308
485633
481750
478799
475646
471823
467611
463778
460690
457961
454155
451046
448889
446466
443642
441868
441259
441105
440720
440472
440866
441874
443332
443926
444634
446407
449764
452701
455665
456525
458177
457082
460925
475219
474723
474181
473573
472918
472323
471894
471573
471224
471017
471171
471693
471918
472018
472280
472803
473097
473151
473105
472799
471933
470831
470559
470913
470961
467969
452645
402335
315174
291986
341246
367825
379495
387719
400314
410863
421553
429667
432061
434207
435903
435366
431561
427273
424614
421402
417006
412858
408270
404092
400706
397154
393195
388783
384721
381287
377899
373685
370039
367171
364066
360934
358798
357627
356788
355783
355007
354947
355314
355856
355962
356289
357395
359660
361382
362869
362933
363093
361568
363869
375889
375518
375085
374572
373982
373415
372974
372611
372197
371895
371910
372188
372357
372444
372667
373159
373509
373627
373626
373453
372753
371716
371355
371547
371517
369539
359692
323573
262566
226626
245733
308107
345961
347653
346576
348441
354071
362260
367472
372514
376390
380794
379968
379219
378350
376783
373700
369464
364640
359703
355297
350662
345924
340906
336181
331985
327880
323339
319299
315811
312243
308853
306315
304532
302965
301338
300013
299122
298770
298403
297880
297320
297583
298549
299273
299621
299197
298445
296060
297298
305091
304809
304460
304031
303511
302986
302562
302206
301786
301411
301326
301426
301525
301589
301757
302178
302563
302728
302765
302685
302175
301249
300866
300963
301043
300826
294787
268790
227200
193695
180689
199897
247990
289386
282950
277596
271593
267647
269783
273864
276708
285138
288051
294508
301190
307389
311371
314160
315428
315345
314459
312926
310963
307317
303391
299960
296549
292360
288365
284653
280901
277250
274150
271801
269665
267562
265702
264096
262929
261558
260245
258796
257862
257464
256852
256050
254876
253701
250483
250736
252959
252742
252458
252100
251648
251169
250771
250438
250050
249643
249441
249441
249462
249493
249594
249893
250288
250490
250557
250537
250201
249418
249080
249160
249495
252327
248902
230240
200696
175085
151118
137586
143053
159027
168902
167576
158384
147250
140448
136159
130142
133040
135006
139306
147257
156645
164215
175234
185070
193645
202733
211605
218445
222929
227566
231701
234969
235871
237174
237875
237712
237105
236484
236355
236142
235699
235261
235112
235218
234897
234217
233256
232329
231350
229791
227981
225631
223934
220230
218678
213613
213446
213214
212918
212533
212106
211738
211434
211092
210702
210417
210303
210260
210262
210304
210451
210795
211025
211112
211126
210925
210312
210079
210248
211690
217847
215541
201811
178539
156981
136006
113170
81565.8
65637.3
71306
76471.2
67452
60120.3
55052.2
50598.9
45194.7
43864.6
40932.6
40818.4
41029
42483
44338.1
47488
51849.8
55879.8
60822.8
68043.7
72957.2
77117.7
83946
91716.6
97542.5
102239
108700
115464
120927
124459
131324
138207
145691
151285
158170
165275
174132
181109
188348
193929
199380
203222
205287
205708
204903
203165
200240
196975
183354
183228
183040
182798
182480
182116
181787
181516
181227
180883
180563
180357
180248
180212
180207
180237
180412
180658
180765
180801
180688
180215
180151
180709
183955
194704
190029
177856
159066
139543
117753
88193.3
57482.7
28818.3
18896
16686
17857.4
18861.3
17754.1
16178.2
13726.5
12723.1
11085
10414.2
9532.72
9190.08
8653
8726.94
9048.11
9428.99
9812.5
10816.9
11715.5
12266.3
13431
15825.5
17362.2
18735
20996.9
24304.7
26608.7
28742
31855
37583.9
42051.3
47642.4
53195.2
61904.9
72447.8
83777
95577.5
108281
122111
135980
147942
157965
164121
169529
171107
172958
159706
159599
159459
159262
158999
158691
158404
158165
157924
157627
157312
157069
156915
156804
156708
156683
156727
156895
156995
157026
156966
156643
156803
158507
164880
177647
169819
156167
139406
117820
90738.3
59243.5
29737.1
14666.2
7372.48
4316.02
3232.38
3402.81
3593.46
3450.69
3064.56
2828.61
2330.75
2120.04
1862.08
1742.37
1568.93
1500.27
1510.86
1489.61
1474.37
1492.52
1497.73
1512.01
1561.43
1738.57
1894.63
2025.76
2275.68
2729.71
3119.1
3556.44
4087.66
5385.55
6443.49
8207.01
9780.49
13257.4
16664
23702.9
28741.5
38748.3
46854.2
60778.3
70664.4
86316.7
95046.2
108745
114494
126844
140823
140713
140610
140457
140234
139968
139718
139507
139298
139041
138755
138516
138340
138161
137973
137870
137862
137918
137973
137980
137931
137905
138748
142505
155233
158836
151298
134323
114944
88680.6
57521.1
29194.3
14677.9
7370.85
3722.85
1785.52
928.819
580.571
494.291
522.8
552.138
503.079
470.554
407.239
362.66
320.215
283.047
255.28
252.603
243.224
240.639
241.156
237.344
226.618
225.417
230.164
236.945
243.758
261.216
292.058
325.672
364.721
417.347
554.187
693.716
956.482
1246.05
1931.98
2742.64
4620.42
6339.82
10005.7
12794
19106.1
23672.5
33298.8
38955.6
50642.9
56680.5
70993.8
125500
125382
125289
125163
124971
124741
124527
124345
124164
123950
123720
123529
123384
123214
123006
122857
122800
122794
122789
122784
122767
123235
125765
133846
148473
140732
125576
108028
82921.5
51844.8
26370.3
13394.5
6780.42
3423.15
1676.39
819.448
396.735
192.526
109.301
77.9524
78.7762
83.7967
97.8536
91.3592
83.3676
81.3105
78.8083
74.6457
72.8075
68.4995
66.2745
65.3035
65.1555
66.1818
67.4786
68.5828
69.7937
70.4708
71.0266
72.0767
74.3725
79.4112
86.0091
99.2794
111.836
134.325
168.309
250.48
378.137
688.05
1064.28
1935.23
2761.87
4678.8
6217.76
9767.66
12382.5
18121.8
21720.5
31029.6
113520
113383
113280
113160
112979
112772
112587
112428
112265
112085
111910
111775
111677
111549
111363
111213
111141
111106
111074
111032
111311
112873
118213
133486
127545
114715
97880.7
70526.8
41234.2
21692.1
11100.5
5647.91
2866.66
1415.41
689.65
336.219
165.364
82.8182
42.9729
25.34
18.9342
20.168
24.5045
29.7456
42.5495
41.0657
40.2462
43.309
44.96
45.268
46.2637
46.304
45.5006
45.5658
45.4086
45.5836
46.7354
49.8468
51.1825
51.8282
53.264
55.386
56.8033
59.5508
62.8543
66.5499
69.8975
76.8783
91.0766
125.219
183.784
324.309
500.862
943.795
1369.13
2399.63
3318.66
5409.17
6946.06
11262.9
103349
103194
103071
102948
102774
102564
102371
102215
102060
101871
101670
101508
101405
101307
101158
101027
100980
100981
101043
101290
102331
106029
115849
110942
100463
83465
53080.3
28812
15537.7
8131.77
4168.26
2124.26
1058.53
519.032
253.832
125.875
64.4188
34.9307
20.8502
14.1847
10.9795
10.2044
11.1017
14.0803
21.2414
26.0213
33.862
35.7543
38.0023
37.8239
38.21
38.7461
40.0355
42.5634
44.0467
44.2709
44.501
44.965
45.3526
45.655
46.6976
49.8199
52.4502
53.4845
55.2028
57.0094
57.9404
59.2413
61.1156
64.5755
71.0914
86.2472
114.586
188.114
281.444
518.909
775.985
1386.64
1924.78
3624.44
90125.4
90085.9
90056.9
90025
89961
89803.6
89619.6
89504.7
89420.2
89256
88964.3
88641.1
88409.4
88302.1
88265.6
88266.4
88319.2
88540.2
88976.8
89996.7
93397.6
96256.8
91794.2
79771.6
57797.5
32182.3
17978.6
9782
5175.15
2681.44
1370.78
689.022
342.299
169.568
85.6465
45.2674
25.8763
16.5541
12.1199
10.0346
9.06755
8.55705
8.42457
9.03299
10.4877
13.6795
21.5703
25.3469
34.4265
36.251
41.9365
40.7635
38.4897
38.807
40.3874
41.1145
42.3512
44.5061
45.0094
44.8844
44.82
45.3071
47.8781
51.225
53.3494
54.578
54.9459
54.841
53.601
53.1163
53.5035
54.8813
58.4041
67.8216
86.5541
134.209
193.604
339.509
486.039
1011.84
64706.6
64994
65279.7
65496.7
65597.6
65607.2
65578.1
65477.9
65394.8
65275.8
65009.4
64375.3
63734.8
63339.9
63212.1
63214.2
63303.4
63648.3
64912.6
68040
67321.5
62539.9
48793.8
28734
16663
9502.88
5198.97
2774.69
1466.28
756.96
385.051
194.875
99.4947
52.4295
29.467
18.3144
12.9144
10.3041
9.04605
8.43205
8.13977
8.02478
8.04421
7.97552
8.16386
9.00316
10.326
13.5697
18.1406
32.3199
33.954
38.2862
40.731
45.0422
45.3307
44.3629
42.0559
41.1269
41.1731
42.0416
44.3402
46.859
48.249
48.8826
49.6707
50.6501
51.4817
52.1213
51.8553
49.5287
46.6339
45.5118
45.8359
47.2562
50.7518
60.1015
72.9447
104.632
138.436
276.945
34849.2
35027.5
35190.4
35287.7
35312.2
35296.6
35192.2
34885.7
34629.3
34381.1
33940.6
33248.4
32420.9
31688.9
31235.4
31027.6
30980.1
31442.6
32409.1
30879.7
26837.1
19296.4
12197.8
7139.27
4119.3
2292.02
1235.16
664.546
351.002
183.837
96.6067
52.3278
30.0165
18.8337
13.2201
10.4404
9.0346
8.30902
7.93214
7.74461
7.66154
7.67647
7.69222
7.73226
7.79996
7.74224
7.98896
8.82397
10.562
13.5539
17.1243
24.7087
30.3952
45.0057
47.2943
47.4836
47.269
47.8598
47.7286
46.0732
44.7338
45.0491
47.2735
49.331
49.3493
49.2606
49.2214
48.4698
45.8493
42.9734
40.9502
40.59
40.9305
42.0451
43.0087
45.4584
48.3521
55.2929
62.9328
97.2122
15597.7
15546.6
15506
15446.8
15341.4
15157.1
14871.4
14511.7
14142.6
13770.2
13365.7
12882.9
12272.9
11709
11006.3
11012.9
11438.9
11458.1
10903
9230.68
6610.58
4067.61
2473.6
1499.1
848.789
467.633
256.749
141.821
79.962
46.2651
28.0847
18.4352
13.3205
10.6062
9.14056
8.33915
7.88643
7.61896
7.46644
7.39772
7.39021
7.38921
7.39971
7.4451
7.50368
7.56146
7.62796
7.64829
7.92699
8.78125
10.8321
13.4397
18.0093
22.4065
27.2779
33.7472
36.254
43.1296
53.7341
55.2023
54.3766
53.2614
52.6524
50.9082
48.1633
47.5334
47.975
48.0762
46.9162
43.0366
40.3035
39.8262
39.7713
40.2454
41.1996
42.6924
43.7851
46.268
48.5678
58.2285
6987.52
6872.37
6744.7
6580.61
6375.6
6138.25
5874.07
5591.2
5293.82
5001.74
4699.61
4356.56
4102.4
3719.45
3648.71
3652.01
3550.22
3239.52
2738.12
1783.64
1102.89
762.234
473.197
277.289
166.048
101.79
63.3049
40.5313
27.1159
19.181
14.4551
11.5924
9.85239
8.79723
8.15543
7.75852
7.50299
7.33469
7.23701
7.20522
7.20236
7.20498
7.21588
7.25235
7.30962
7.38417
7.46034
7.55557
7.61354
7.66179
7.92806
8.69675
10.2372
13.0252
17.7132
27.0006
31.2301
32.2273
34.8605
39.2188
41.9898
53.5368
60.0028
59.9405
57.142
53.3413
51.554
49.8634
46.7838
44.431
44.2342
44.5159
44.3215
43.6658
43.3257
43.6287
44.3339
46.0784
47.6443
51.9838
3499.06
3411.09
3302.17
3169.32
3010.28
2824.07
2620.76
2401.8
2189.78
1975.72
1787.67
1636.2
1486.35
1498.45
1477.16
1349.09
1119.98
871.949
574.17
370.089
262.984
181.921
123.3
85.5908
60.9955
44.0401
32.2047
24.1044
18.566
14.767
12.1674
10.3913
9.1901
8.39177
7.88645
7.55479
7.33486
7.19307
7.12101
7.08511
7.07344
7.07375
7.08404
7.12672
7.19796
7.28111
7.36849
7.44895
7.52031
7.59648
7.70597
7.84043
8.1615
8.82209
9.97058
11.5025
14.9677
20.5283
34.0258
43.9336
42.0354
41.4283
44.6865
46.2011
47.9252
55.5
58.6659
58.3587
55.4625
50.885
48.3495
47.1819
46.6787
46.6016
46.4057
46.3917
46.8375
48.3333
49.3942
52.633
1965.53
1886.7
1800.13
1700.67
1581.82
1453.88
1303.08
1177.35
1037.26
941.107
869.987
818.136
835.76
814.668
703.148
601.639
442.604
310.325
232.228
180.61
135.741
102.848
79.7121
61.75
47.5834
36.654
28.3236
22.1205
17.5406
14.2152
11.8534
10.1928
9.0455
8.27735
7.78255
7.45554
7.24159
7.11656
7.04544
7.01454
7.00589
7.007
7.01977
7.0671
7.14988
7.23563
7.32606
7.39813
7.47317
7.5636
7.69717
7.85919
8.01088
8.11501
8.32609
8.84515
9.82124
11.4876
13.5069
16.5065
22.1282
39.1549
45.6182
51.9914
51.8088
52.5247
52.3646
50.5394
49.0859
48.8865
49.566
50.1045
50.3212
51.0063
52.1406
53.642
55.5774
57.2451
57.4976
58.7657
1292.3
1214.37
1129.29
1049.67
956.235
880.915
800.085
727.613
711.616
679.622
703.034
699.333
677.372
596.245
490.008
390.511
288.752
229.814
188.786
150.225
118.052
94.4755
75.9171
59.6991
46.4394
36.2044
28.1758
22.0829
17.5448
14.2175
11.8443
10.17
9.00876
8.23334
7.72471
7.39171
7.18253
7.06436
7.00486
6.98028
6.97536
6.9776
6.99231
7.04303
7.13278
7.22093
7.30802
7.37957
7.45762
7.56875
7.70511
7.86116
7.99591
8.11196
8.21481
8.30677
8.51827
8.95407
9.91755
11.6909
13.8892
16.5056
19.3619
29.5049
36.788
50.4541
52.5083
52.687
50.4295
48.6569
47.7774
47.6403
48.0349
49.2191
51.7322
54.2001
55.9165
58.0553
59.0222
61.3169
983.623
925.162
831.098
796.089
719.016
709.468
690.63
705.871
755.356
753.394
739.184
699.897
592.75
508.057
423.856
325.246
267.684
227.677
184.473
147.918
121.181
98.2681
77.8361
61.2236
48.1163
37.5273
29.1564
22.7551
17.9445
14.4158
11.9206
10.1892
8.99838
8.20243
7.67207
7.33395
7.1381
7.03653
6.98746
6.96799
6.96393
6.96654
6.9832
7.03727
7.12911
7.21898
7.3018
7.37625
7.45936
7.57187
7.70798
7.86294
7.98897
8.11482
8.20349
8.36267
8.59412
8.79443
9.06975
9.49676
10.1723
11.5955
14.116
17.101
23.4218
29.0479
34.7321
37.9794
43.6825
44.3622
46.4466
48.2922
51.0833
53.8891
55.5751
57.7936
58.6228
60.672
61.9646
65.3047
850.269
826.064
766.603
779.979
782.366
808.752
839.384
849.059
846.734
823.088
739.186
661.66
560.341
479.643
397.803
337.09
288.785
239.364
194.386
157.629
127.178
101.312
79.8923
62.6416
48.878
37.9464
29.437
22.9305
18.0321
14.4569
11.9369
10.1837
8.96718
8.14963
7.62592
7.30514
7.12087
7.02528
6.98088
6.96412
6.96159
6.9652
6.98366
7.04186
7.12901
7.22856
7.31313
7.37919
7.46058
7.57676
7.72056
7.87848
7.99984
8.12378
8.23138
8.47447
8.62689
8.9553
9.26001
9.73942
10.1392
10.6562
10.9682
11.7237
12.938
15.5585
18.7528
25.7585
36.819
38.2362
42.8545
43.4472
46.0944
49.3175
50.6885
53.0211
55.4043
57.8976
59.1604
62.8274
950.109
965.922
986.723
1057.41
1081.5
1090.3
1100.1
1073.5
981.649
920.655
792.424
688.966
599.546
502.237
421.88
353.614
294.034
240.111
194.998
158.178
127.109
100.986
79.7261
62.5768
48.7672
37.874
29.4202
22.9076
18.0009
14.4272
11.8833
10.1015
8.88697
8.09313
7.59279
7.28867
7.11534
7.02304
6.98192
6.96953
6.96915
6.97629
7.00288
7.07052
7.16271
7.25947
7.3294
7.39257
7.48694
7.61542
7.78021
7.92894
8.06038
8.19348
8.34347
8.59948
8.79418
9.23523
9.51927
10.1276
10.5861
11.2302
11.3295
11.5031
11.5068
11.6005
12.1576
13.3498
15.7716
20.4731
32.2817
36.4804
44.5642
48.6509
51.6717
52.3707
53.9434
57.1183
58.5539
62.0572
1411.71
1446.03
1523.72
1530.66
1521.31
1476.6
1365.57
1253.29
1086.87
957.187
826.274
706.459
601.822
503.858
423.189
352.983
289.988
237.99
193.705
156.31
125.209
99.5644
78.618
61.6468
48.0788
37.4117
29.1026
22.6797
17.8208
14.2623
11.7353
9.98709
8.81079
8.04259
7.56398
7.2787
7.1139
7.03099
6.99764
6.98969
6.9911
7.00374
7.04186
7.11118
7.21061
7.29941
7.368
7.43333
7.54565
7.69836
7.85214
8.02564
8.17861
8.33292
8.52202
8.86255
9.10751
9.49483
10.0603
10.6912
11.0707
11.6041
11.8858
11.9663
11.881
11.7122
11.3272
11.0642
11.4117
12.3662
14.227
19.3484
25.9267
35.1318
44.8641
47.8701
50.6537
52.8183
54.0439
56.8526
2203.02
2181.77
2145.92
1989.18
1849.04
1680.21
1441.58
1283.75
1116.33
956.05
822.784
698.22
590.693
495.834
413.821
343.402
283.055
231.872
188.527
152.191
121.98
97.0445
76.6911
60.2253
47.0524
36.6557
28.5327
22.2571
17.521
14.057
11.5999
9.89516
8.74552
8.00426
7.54956
7.27675
7.12934
7.06149
7.03776
7.03526
7.04099
7.06518
7.11976
7.19798
7.30713
7.39808
7.4596
7.54949
7.68942
7.83612
8.0097
8.23385
8.37769
8.58967
8.92928
9.14724
9.57626
10.1536
10.5975
11.2636
11.9368
12.2293
12.2148
12.1662
12.1357
11.9673
11.4281
11.1384
11.0564
10.9696
11.2184
11.9309
13.6895
18.637
24.0371
33.7746
44.3412
49.1146
50.445
52.4708
2859.77
2653.73
2437.34
2105.57
1896.14
1673.17
1445.41
1260.02
1091.84
939.406
801.962
679.253
572.661
480.056
400.031
331.754
273.324
223.678
181.862
146.84
117.745
93.7143
74.0973
58.2566
45.5692
35.5422
27.7102
21.6679
17.1088
13.7606
11.3732
9.73652
8.6624
7.97447
7.54674
7.30316
7.18025
7.12877
7.11728
7.1213
7.13959
7.18211
7.25265
7.33336
7.46441
7.55523
7.63454
7.77953
7.92149
8.10273
8.30508
8.54339
8.82159
9.01551
9.40148
9.91464
10.2491
10.7822
11.6361
12.2931
12.5185
12.493
12.5303
12.5682
12.4447
11.9335
11.6691
11.5697
11.281
11.0761
11.13
11.2502
11.5089
12.2444
14.0104
18.0626
22.5782
33.3518
38.905
45.499
2968.6
2682.34
2385.34
2098.69
1842.02
1612.01
1406.25
1216.8
1047.35
898.523
766.053
649.066
547.44
459.494
383.3
317.726
261.689
214.023
173.947
140.53
112.74
89.7852
71.0979
56.0195
43.9308
34.3352
26.8201
21.0271
16.6473
13.44
11.1752
9.63778
8.62459
7.98036
7.6015
7.40082
7.30678
7.27735
7.27755
7.29924
7.34537
7.40044
7.48908
7.58416
7.72955
7.86035
7.95419
8.13528
8.33387
8.50109
8.82524
9.12099
9.33643
9.82796
10.3205
10.6266
11.3093
12.236
12.6387
12.7483
13.0463
13.329
13.3436
13.0994
12.915
12.7943
12.4321
11.9134
11.8215
11.9203
11.9909
11.9721
12.1002
12.5621
12.8022
13.3902
14.8012
17.5475
21.2791
32.5813
2899.16
2582.73
2285.9
2021.11
1774.6
1547.89
1345.77
1163.8
1000.43
856.266
729.278
617.945
521.047
436.734
363.636
300.996
247.673
202.516
164.724
133.249
107.042
85.4674
67.8735
53.6305
42.1836
33.0432
25.8593
20.3345
16.1782
13.1432
11.0101
9.57182
8.63283
8.06702
7.75193
7.59965
7.54675
7.54085
7.56103
7.6313
7.71576
7.79917
7.86712
8.01541
8.18119
8.3284
8.48775
8.6479
8.92286
9.2327
9.45824
9.9085
10.4381
10.7516
11.3349
12.2834
12.8798
13.0364
13.4043
14.0535
14.294
14.1785
14.0951
14.1131
14.0159
13.3979
12.8789
12.8046
12.7556
12.5306
12.4744
12.671
13.0535
13.1725
13.4163
14.1046
14.4857
14.8269
15.657
19.2219
2753.63
2453.69
2173.71
1911.76
1674.12
1460.23
1266.67
1093.61
941.085
806.173
686.277
580.633
488.375
408.289
339.507
280.876
231.119
189.29
154.352
125.124
100.782
80.7148
64.2654
50.8953
40.1194
31.5198
24.7773
19.5942
15.7012
12.8754
10.9009
9.56027
8.71893
8.23106
7.97834
7.87284
7.84977
7.85616
7.91594
8.06398
8.18369
8.30524
8.41997
8.5907
8.81189
8.94391
9.11679
9.4231
9.63788
10.0043
10.5788
10.9204
11.4021
12.3212
13.078
13.3983
13.5932
14.1635
14.7351
14.8491
14.807
14.9793
15.0998
14.9175
14.2899
14.125
14.035
13.7186
13.3111
13.3063
13.5356
13.6008
13.6323
13.8886
14.5512
14.9071
15.0264
15.4716
15.8018
16.4493
2640.37
2346.27
2075.79
1830.38
1607.31
1404.43
1220.08
1053.09
903.936
772.417
656.362
554.422
465.871
389.233
323.385
267.426
220.154
180.392
147.066
119.289
96.2178
77.1102
61.4734
48.7547
38.4403
30.2523
23.9082
19.0467
15.3848
12.7333
10.8847
9.67118
8.9219
8.49935
8.29091
8.21043
8.1977
8.21427
8.30401
8.51837
8.68895
8.82772
9.03173
9.2303
9.41088
9.65148
9.8413
10.0692
10.5845
11.0751
11.3727
11.9873
12.8315
13.3856
13.5768
13.9435
14.6136
15.0049
14.9865
15.03
15.4718
15.6684
15.4734
15.0398
14.9916
14.8778
14.4103
14.0987
14.1334
14.1674
14.1299
14.1168
14.3465
14.8464
15.074
15.1865
15.631
16.3915
16.6484
16.8295
2495.97
2224.22
1971.74
1739
1525.65
1330.26
1152.6
993.361
852.449
728.529
619.092
522.451
438.363
365.982
303.963
251.29
206.889
169.622
138.373
112.287
90.6273
72.6458
57.8803
45.9485
36.3311
28.6853
22.8043
18.3913
15.0918
12.6722
10.998
9.91657
9.26225
8.90883
8.74876
8.69947
8.69816
8.73097
8.88608
9.09625
9.30558
9.46212
9.63828
9.90857
10.1421
10.2833
10.5374
11.0807
11.446
11.7232
12.3595
13.048
13.3823
13.4872
13.8735
14.6847
14.8917
14.8413
14.942
15.5513
15.8131
15.6216
15.4267
15.4715
15.4197
14.9837
14.6896
14.6499
14.6069
14.4915
14.47
14.6102
15.0319
15.1402
15.2252
15.732
16.4348
16.5207
16.5658
17.0337
2394.86
2132.52
1888.13
1662.98
1457.39
1270.11
1100.32
948.144
813.365
694.749
590.203
498.094
418.013
349.212
290.287
240.119
197.757
162.232
132.519
107.691
86.9963
69.7644
55.6022
44.1792
35.0466
27.8167
22.2071
17.9997
14.9296
12.7548
11.2901
10.3687
9.82205
9.52669
9.40001
9.36245
9.3633
9.3982
9.55166
9.79868
9.97567
10.1856
10.4716
10.692
10.7903
10.9677
11.4128
11.6976
11.9188
12.4905
13.0774
13.2685
13.3166
13.6762
14.4036
14.5034
14.4797
14.6904
15.3087
15.3929
15.2956
15.3339
15.5208
15.4592
15.0285
14.9258
14.9703
14.8775
14.6184
14.6248
14.8145
14.9634
15.015
15.1971
15.7176
15.938
15.9781
16.2178
16.7499
16.9722
2273.84
2025.69
1793.82
1579.17
1382.49
1203.52
1041.75
897.23
769.665
657.366
558.054
470.545
394.782
329.723
273.963
226.619
186.658
153.126
125.06
101.497
81.8097
65.5133
52.2128
41.488
32.9287
26.2469
21.1511
17.3715
14.65
12.7486
11.5004
10.7229
10.2679
10.0314
9.93889
9.92081
9.92881
9.97873
10.1369
10.336
10.5984
10.9408
11.2117
11.2951
11.3688
11.6458
11.8303
11.9882
12.4984
13.0454
13.1486
13.1776
13.4798
14.0746
14.1639
14.1579
14.3898
14.9394
14.9893
14.9743
15.0719
15.1859
15.0962
14.7979
14.8033
14.842
14.678
14.4604
14.5469
14.702
14.6866
14.6892
14.8478
15.119
15.1901
15.2971
15.674
15.8508
15.8403
15.9361
2200.12
1956.39
1729.14
1519.99
1329.77
1157.61
1002.26
863.507
740.948
632.606
536.021
451.127
378.462
316.369
262.944
217.3
178.815
146.707
119.854
97.2227
78.2355
62.5243
49.7639
39.5607
31.4684
25.1681
20.3918
16.8727
14.3741
12.6669
11.547
10.8536
10.4533
10.2533
10.184
10.1804
10.2008
10.2797
10.4901
10.8611
11.3478
11.7258
11.8472
11.8818
11.964
12.0287
12.1506
12.6569
13.1277
13.1666
13.2091
13.5512
13.9331
13.9803
14.0496
14.518
14.9357
14.9196
14.8555
14.9349
15.0115
14.9253
14.7258
14.7008
14.677
14.4954
14.3352
14.3963
14.4564
14.3855
14.3527
14.4891
14.6885
14.7316
14.8155
15.0236
15.0679
15.086
15.1948
15.3473
2114.4
1878.09
1659.3
1458.6
1275.38
1109.01
959.144
825.652
707.904
603.93
511.487
430.257
360.4
300.76
249.757
206.231
169.332
138.37
112.534
90.8999
72.8335
57.9276
45.8818
36.3915
29.0225
23.3678
19.1393
16.0728
13.9325
12.4865
11.5233
10.907
10.5521
10.3928
10.3641
10.3789
10.4432
10.5962
10.9353
11.6089
12.1589
12.4381
12.5754
12.5668
12.5007
12.5504
12.9989
13.3919
13.4393
13.5385
14.0124
14.3516
14.4168
14.5734
15.1442
15.4525
15.4344
15.4107
15.5002
15.5105
15.335
15.1455
15.094
14.9662
14.6986
14.5749
14.5586
14.5178
14.3865
14.3701
14.4874
14.5885
14.575
14.5759
14.6801
14.7985
14.8324
14.9306
14.9997
14.9992
2059.97
1826.41
1610.42
1412.39
1232.41
1070.22
924.95
795.633
681.092
579.539
489.654
411.119
343.477
285.765
236.707
194.995
159.577
129.74
104.926
84.3498
67.3235
53.4107
42.2492
33.5189
26.8492
21.8191
18.1015
15.434
13.5801
12.3283
11.5033
10.9813
10.7107
10.6398
10.6514
10.7206
10.8822
11.1972
11.9257
12.6456
13.1822
13.6176
13.6794
13.5351
13.5008
13.821
14.1906
14.2775
14.5039
15.2142
15.5562
15.6172
15.7872
16.3912
16.7315
16.748
16.7573
16.8877
16.9054
16.734
16.584
16.552
16.4117
16.077
15.9795
15.8675
15.6761
15.5957
15.5819
15.5785
15.5568
15.4929
15.5002
15.6527
15.7787
15.7658
15.724
15.712
15.7146
15.7531
1979.41
1751.52
1541.51
1349.48
1175.65
1019.58
880.088
755.667
644.989
546.9
460.836
386.296
322.195
267.309
220.579
180.944
147.392
119.102
95.625
76.401
60.7441
48.1099
38.1017
30.3645
24.5358
20.2207
17.0807
14.8397
13.2722
12.2164
11.5111
11.1173
11.002
11.0157
11.1088
11.324
11.6895
12.5163
13.2884
14.0461
14.9699
15.2723
15.1104
14.9257
15.1248
15.4438
15.5337
15.7948
16.6465
17.0947
17.1646
17.3294
17.9893
18.4201
18.4619
18.5161
18.7237
18.7512
18.5916
18.451
18.4337
18.3053
17.8465
17.6799
17.5786
17.3198
17.183
17.145
17.0366
16.9624
16.9534
16.9945
17.1043
17.112
17.0611
17.0562
17.1488
17.2253
17.223
17.1852
1896.26
1672.46
1467.21
1280.48
1112.19
961.946
828.044
708.129
601.49
508.011
426.874
356.766
296.465
245.022
201.447
164.681
133.782
107.924
86.566
69.1954
55.1946
43.9916
35.1371
28.2862
23.1144
19.2893
16.4971
14.4945
13.1363
12.1862
11.6535
11.5057
11.5293
11.6698
11.9512
12.5056
13.5583
14.1779
15.0438
16.5361
17.2285
17.1169
16.7301
16.765
16.9693
17.0194
17.2129
18.0859
18.7094
18.8101
18.9788
19.674
20.1879
20.2487
20.3458
20.6162
20.6423
20.4897
20.3568
20.3215
20.1589
19.608
19.3834
19.2819
18.9391
18.5285
18.4407
18.3015
18.1877
18.185
18.1764
18.1166
18.0346
18.0154
18.0639
18.1702
18.1891
18.1696
18.17
18.2271
1776.02
1562.73
1367.8
1191.55
1033.93
893.458
767.594
654.831
555.503
469.252
394.507
329.775
274.2
226.934
186.869
152.889
124.26
100.417
80.7182
64.6638
51.7331
41.4437
33.2846
26.9701
22.186
18.5794
16.0211
14.2932
13.0938
12.4635
12.3145
12.357
12.5715
12.9188
13.6467
15.0054
15.6647
16.2757
18.0494
19.3653
19.3638
18.9019
18.8105
18.8997
18.9052
19.0234
19.8676
20.7229
20.8878
21.0867
21.8479
22.4356
22.5072
22.6131
22.9474
22.9963
22.8513
22.7433
22.6775
22.4153
21.8948
21.6641
21.4003
20.8015
20.2684
20.1148
20.0027
19.7317
19.6329
19.4911
19.3625
19.342
19.3725
19.4214
19.4215
19.3787
19.3247
19.3197
19.3454
19.3854
1684.32
1480.39
1295.01
1127.72
977.86
844.432
724.918
618.231
524.854
443.766
373.174
312.072
259.558
214.704
176.536
144.13
116.909
94.3401
75.8006
60.772
48.5694
38.864
31.2317
25.2318
20.8613
17.8698
15.7305
14.2902
13.6659
13.5847
13.6714
14.0722
14.4972
15.3072
17.2252
18.132
18.5067
19.9272
21.7189
21.7914
21.4324
21.4752
21.7663
21.7642
21.844
22.6457
23.6499
23.8439
24.0061
24.7095
25.3845
25.4584
25.5127
25.8095
25.8796
25.7227
25.5812
25.491
25.1468
24.633
24.3864
23.9155
23.1165
22.4905
22.2621
22.0292
21.4834
21.0719
20.9685
20.9135
20.8009
20.7468
20.6629
20.5423
20.4607
20.4272
20.4277
20.4466
20.4535
20.4664
1633.35
1433.95
1253.05
1090.25
944.271
813.786
697.764
595.208
505.084
426.405
357.909
298.613
247.754
204.222
167.153
135.852
109.598
87.9711
70.4246
56.0928
44.5639
35.2944
28.3838
23.6201
20.2398
17.6814
16.0434
15.6281
15.6508
15.8397
16.7024
17.3894
18.1053
20.4499
22.3055
22.5428
23.1834
24.798
25.0232
24.9034
25.2049
26.56
27.0434
27.2809
28.2664
29.3897
29.5475
29.5905
30.0799
30.6884
30.6903
30.6245
30.6832
30.6556
30.3318
29.989
29.7965
29.2101
28.5119
28.2286
27.6231
26.7651
26.363
25.9223
25.2685
24.5438
24.1351
23.8617
23.3959
22.9513
22.6904
22.5507
22.49
22.4516
22.3692
22.2753
22.1715
21.9629
21.8116
21.5317
1566.65
1371.3
1195.31
1037.29
895.143
768.318
656.438
558.297
472.284
397.051
331.914
275.471
227.388
186.342
151.572
122.723
98.2693
78.7636
62.6506
49.5387
39.9426
32.7184
27.2052
23.4533
20.661
19.3508
19.3524
19.5858
20.028
21.6974
23.722
24.461
26.6085
29.792
30.0337
30.1973
31.4641
32.3304
32.3891
32.9986
35.6797
37.0602
37.5453
39.0234
41.534
42.2163
42.3631
43.0882
43.6769
43.5662
43.0095
42.7256
42.2669
40.9346
39.991
39.1128
37.4829
36.2679
35.6896
34.6376
33.7031
33.1551
32.2818
31.4847
30.8273
30.0758
29.3344
28.4939
27.6633
27.1686
26.8642
26.4376
26.0258
25.7718
25.639
25.3219
25.0834
24.5763
24.3038
23.6129
1487.66
1298.78
1128.77
976.167
839.378
718.461
612.697
519.96
439.279
368.568
307.554
254.968
209.946
172.059
139.617
112.83
90.4073
71.5677
57.4565
46.8115
38.7299
33.1173
28.9151
26.8447
26.7954
27.8465
29.5784
30.2534
32.2501
38.5673
40.895
41.9404
45.2369
46.5526
47.6573
51.5436
54.159
54.1843
54.3248
56.665
59.6005
60.4997
62.4293
66.9056
68.6298
69.0412
70.1373
70.6397
70.3295
68.997
68.2481
67.3694
65.1589
63.3029
61.4224
58.6105
56.0314
54.5827
53.202
51.6674
50.6394
49.7333
48.5799
47.0677
44.9579
42.9616
41.0649
39.0646
37.0501
35.7914
34.8181
33.932
33.3933
32.7125
32.199
31.083
30.4634
29.2096
28.5969
27.153
1412.98
1228.34
1062.4
915.139
784.404
669.498
570.109
482.553
407.288
340.48
283.35
234.985
192.221
157.824
126.514
101.24
83.1752
67.6202
55.984
47.5938
42.7444
41.6645
41.9899
43.6478
49.7488
56.6176
58.5473
62.4724
73.7463
79.1496
81.2816
88.5381
97.6226
99.6121
103.285
109.215
109.785
109.443
110.682
114.688
116.044
118.369
125.489
130.206
131.465
133.15
133.963
133.463
130.898
128.981
125.819
121.038
116.696
112.1
106.129
100.527
96.1905
93.0017
90.5563
88.955
87.5117
85.9141
84.0687
81.4291
77.6821
73.6403
68.9773
64.2035
60.0166
57.1997
54.9612
52.5205
51.202
49.3924
48.0994
45.405
43.51
40.7827
39.5683
36.8366
1344.22
1164.57
1003.63
861.402
737.041
627.803
534.545
451.565
381.213
318.248
264.665
218.886
176.949
144.393
116.162
96.0179
82.6098
70.4454
65.8109
66.5859
71.1067
78.005
92.0119
110.48
118.551
131.327
156.725
176.771
180.797
181.783
194.454
228.727
239.401
239.418
240.329
242.43
242.469
245.288
249.158
248.804
248.14
251.099
263.031
268.164
270.374
272.161
271.819
268.55
264.577
257.915
246.197
237.565
229.272
217.102
204.426
194.292
186.069
178.99
173.988
170.816
167.715
164.662
160.715
154.942
146.909
138.418
128.415
118.644
109.839
103.61
99.3984
94.8873
92.7162
89.1662
86.4257
80.6661
76.3902
70.3963
67.7697
61.8905
1285.54
1109.02
951.789
811.749
693.73
587.347
498.903
418.176
350.117
291.732
236.577
195.858
160.117
136.653
113.986
101.539
103.179
113.002
122.925
139.554
185.621
233.088
256.113
274.024
321.042
407.024
447.976
447.059
440.345
454.153
516.822
547.836
546.102
537.22
539.531
545.462
545.415
545.616
542.994
533.392
531.462
541.061
559.031
561.969
562.526
562.301
558.316
549.844
539.55
518.861
497.356
482.027
461.723
433.924
410.571
391.941
373.406
358.436
349.733
343.193
335.864
329.192
321.108
309.293
292.156
274.307
254.275
235.167
217.975
204.352
196.012
187.553
183.388
177.321
172.139
160.485
150.807
137.248
131.394
118.568
1226.48
1053.21
902.734
766.825
655.698
551.479
466.839
388.254
321.69
266.714
219.635
189.195
160.269
151.997
155.97
171.631
221.129
296.581
342.787
438.43
548.717
604.106
707.202
882.842
994.797
1005.53
988.981
993.226
1077.68
1166.67
1179.59
1167.26
1153.34
1163.78
1194.13
1193.23
1176.73
1156.51
1131.65
1117.98
1119.67
1139.59
1150.3
1149.78
1150.12
1147.6
1134.18
1119.26
1090.56
1046.66
1010.01
974.085
926.118
874.695
829.665
788.395
752.462
726.757
709.375
695.802
682.626
669.766
652.738
629.263
596.397
560.889
522.045
482.492
449.725
419.676
404.244
387.586
379.232
363.96
352.212
328.004
308.622
279.41
266.763
239.436
1179.24
1006.98
863.576
729.394
622.492
519.957
433.086
360.96
301.257
258.737
218.885
217.004
234.816
290.893
355.131
457.329
704.418
995.478
1136.77
1226.37
1443.78
1823.56
2070.49
2113.23
2090.59
2091.93
2222.1
2407.23
2451.06
2441.63
2415.18
2419.12
2473.36
2511.87
2507.67
2455.72
2400.94
2374.53
2334.03
2312.82
2308.18
2306.43
2303.47
2301
2299.46
2292.67
2274.93
2231.16
2160.4
2088.39
2017.91
1938.01
1845.6
1751.49
1665.83
1588.82
1524.2
1475.56
1438.9
1411.31
1384.2
1355.75
1318.58
1273.51
1212.24
1139.34
1064.09
983.475
921.165
859.195
824.506
790.386
773.614
741.061
715.83
666.984
630.3
570.624
544.21
486.42
1127.44
958.574
820.146
689.534
582.571
491.525
412.655
355.431
302.762
302.922
329.573
405.818
625.156
918.073
1170.28
1696.14
2219.88
2594.53
3002.02
3518.37
3914.97
4033.75
4068.58
4187.78
4566.59
4820.2
4878.14
4866.33
4836.76
4845.41
4937.77
5015.65
5023.98
4998.78
4894.85
4778.12
4732.82
4673.14
4568.91
4503.11
4469.16
4459.19
4462.06
4467.81
4465.34
4453.47
4417.6
4318.17
4196.12
4072.04
3937.04
3783.09
3610.35
3435.08
3269.37
3123.14
3006.13
2918.73
2849.53
2796.63
2751.66
2698.6
2629.21
2533.84
2419.44
2270.87
2124.4
1963.14
1840.93
1721.59
1653.72
1585.98
1552.49
1491.64
1441.41
1340.4
1265.8
1145.47
1092.14
975.233
1080.35
921.065
777.483
663.769
561.55
487.819
414.874
414.091
454.362
571.331
860.841
1292.44
2202.16
3331.81
3843.71
4537.96
5636.96
6684.35
7305.54
7457.3
7526.3
7821.58
8609.04
9083.46
9234.58
9243.3
9209.87
9212.86
9325.66
9449.01
9486.21
9478.9
9397.35
9224.28
9098.82
9021.52
8918.29
8685.6
8484.38
8391.25
8353.42
8343.7
8340.52
8337.57
8322.01
8276.25
8156
7973.45
7775.17
7564.21
7334.19
7070.37
6764.46
6451.87
6155.01
5896.06
5688.19
5537.14
5435.47
5349.64
5285.47
5169.71
5044.02
4849.16
4643.73
4366.45
4091.86
3788.45
3566.55
3348.05
3232.28
3106.43
3042.46
2927.91
2837.45
2643.48
2490.7
2260.15
2159.56
1940.19
1033.6
897.613
755.635
662.255
561.572
560.044
600.22
746.454
1160.93
1842.23
3091.28
5121.02
6559.18
8327.31
9933.03
11357.1
12538.5
12948.3
13284.6
14171.7
15226.7
15806.2
16006.2
16123.7
16422.7
16776.1
16848.2
16820.2
16801.5
16820.7
16818.5
16760.4
16562.7
16348.4
16201.3
16006.4
15703.6
15317.1
15031.7
14878.5
14781.4
14729
14697.7
14648.4
14592.7
14497.1
14286.8
13985.2
13634.5
13270.3
12882.3
12447.4
11944.1
11452
10989.8
10588.5
10253.8
9990.53
9821.52
9658.24
9549.71
9330.79
9118.59
8777.64
8426.63
7960.03
7509.22
7002.54
6620.25
6247.22
6047.43
5839.99
5735.08
5532.93
5371.78
5030.14
4748.9
4321.17
4135.88
3736.64
1025.37
905.026
768.896
731.882
776.542
958.845
1364.83
2267.52
4060.62
7026.75
9622.36
13049.6
16366.4
18882.6
20551
21222.5
22050.3
23593.2
25106.4
25955.7
26317.4
26733.9
27358.9
27941.5
28190.2
28266.2
28266.7
28249.7
28228.9
28167.4
27957.6
27630.5
27338.1
27135.4
26905.9
26537.7
26002.1
25427.8
24998.5
24779.2
24636.2
24490.6
24366.1
24260.5
24120.7
23861.8
23480
23033.9
22529.1
21982.8
21350.6
20662.8
19909.6
19221
18577.8
17998.5
17493.5
17053.4
16770.2
16484.7
16304.3
15939.9
15585.3
15045.1
14483.7
13739.6
13030
12251.3
11658.4
11081.5
10757.4
10437.3
10270.7
9943.32
9655.98
9076.07
8605.76
7884.34
7572.48
6900.76
1069.57
966.115
993.154
1140.73
1583.17
2773.34
4499.57
8441.33
12933.5
18013.4
24197.2
28454
30866
32371.1
34504.9
37100.7
38697.2
39429.4
40148.9
41282
42519.3
43199.5
43350.5
43366.9
43475.8
43686.5
43735.1
43699
43455.9
42888.7
42406.7
42047.6
41765
41389
40899.2
40257.5
39502.4
38850.3
38417.4
38117.9
37796.5
37496.5
37254.8
36971.9
36604.5
36131.8
35559.8
34963.8
34309.1
33603.9
32729.3
31782.5
30765.6
29885
29086.9
28356
27712.2
27084.8
26688.8
26219.1
25918.9
25311.7
24752.1
23953.8
23158.7
22088.1
21092.7
20010.4
19230.8
18426.6
17965.4
17467.3
17203.1
16689.2
16225.7
15310.8
14588.9
13512.6
13045.8
12028.7
1290.95
1403.09
1781.01
2724.79
4854.27
9582.53
15164.8
22654.5
33283.6
39565.9
43858.7
48286.7
51423.8
53560.5
55575.8
57607.1
58836.9
59573.4
60503.1
61385.2
61881.5
62043.4
62012.6
61921.3
61802.1
61700.7
61493.8
60916.7
60043.9
59537.3
59031
58382.1
57763.7
57192.3
56513.9
55619.9
54685.1
53929.4
53334.8
52811.1
52382.4
52013.2
51606.8
51080.2
50468.1
49768.3
48977.2
48206.8
47405.3
46615.6
45621.1
44560.4
43406.7
42420
41524.1
40664.5
39950.3
39188.1
38703.2
38031.5
37588.3
36758.7
36023.9
34971.4
33981
32648.5
31470.9
30156.3
29265.2
28252.2
27683.8
26982.3
26604.6
25883.2
25254.2
23962.5
22960.1
21518.5
20893.8
19510.7
2076.93
2868.82
4763.71
8505.99
16604.5
27132.5
40341.2
51714.5
60265.5
65986.9
69882
73491
75689.3
76858.8
77725.3
79065.4
80105
80332.7
80273.2
80030.1
79702.2
79422.2
79198.6
78692.9
77873.2
77440.3
76830.9
75672.5
74711.8
74051.9
73339.4
72550.5
71793.8
71039.6
70139.7
69095.9
68109
67288.8
66640.1
66024.9
65423.6
64799.1
64129.7
63405.6
62670.5
61857.5
60950.4
60132.6
59288.7
58475.8
57435.1
56399.9
55314.6
54419.2
53601.8
52745.6
52036.5
51214.8
50704.4
49921.3
49401
48427.2
47640.2
46475.1
45463.8
44080.7
42908.9
41565.7
40730.4
39646.6
39054.3
38192.9
37717.7
36809.1
36064.9
34521.7
33335
31648.1
30916.9
29261.1
4675.58
7942.41
14988.5
26135.4
44031.1
62365.4
75081
84690.7
90379.1
92163
93633.4
95318
95645.3
95502.8
95180
94884.6
94545.6
93854.5
92889
92053.9
91348.8
90591.3
89437.7
88289
87703.2
87176
85960.9
84464.1
83642.1
83088
82293.9
81365.7
80526.9
79719.3
78807.2
77866.6
76983.1
76244.7
75575.1
74842
74066.4
73287.1
72519.3
71732.5
70979.1
70211
69386.4
68656.8
67862.4
67116.1
66185.8
65360.4
64502.8
63842.9
63196.7
62514.2
61908.4
61213.1
60776.4
60071.1
59590.7
58688.7
58003.9
57029.8
56206.4
55150.7
54234.1
53197.4
52602.5
51725.6
51244.2
50486.4
50054.8
49194.1
48489.8
47042.4
45919
44316.3
43620.8
42019.6
12577.2
23143.4
41134.3
64066.8
85020.2
99872.9
105118
107077
107285
106868
105987
105617
105261
104375
103023
101737
100765
99893.5
98812.6
97493.2
96460.4
95740.8
94594.8
93257.3
92526.5
91907.1
90621.7
89386.6
88662.3
88051.1
87272.1
86410.9
85569.1
84723.9
83891.5
83062.6
82303.4
81694.9
81058.8
80337.9
79542.1
78784.6
78056
77307.5
76591.4
75906.3
75213.3
74580.4
73905.6
73282.6
72578.1
72026.4
71474.9
71104.7
70737.3
70386
69999.3
69615.4
69350.1
68960.5
68654.7
68105.3
67668.5
67200.7
66819.4
66481.6
66139.3
65852.4
65717.9
65439.1
65228.5
64967.3
64787.4
64504.4
64233.6
63638.7
63056.5
62237.7
61917.6
61210
32892.3
57462.3
85005.3
105552
114386
117438
117063
116232
114859
112905
112079
111750
111032
109263
107998
107133
106023
104659
103497
102571
101711
100677
99226
97998.3
97425.6
96753.3
95297.2
94063.7
93476.7
92926.6
92103
91160.1
90236.8
89375.2
88592.5
87835.4
87202.1
86704.8
86146.5
85512.6
84767.9
84053.3
83402.7
82729.8
82100.6
81547.9
81028.4
80540
80065.9
79636.8
79287.5
79073
79033.2
79063
79131.7
79273.3
79356.2
79411.5
79462.1
79476.9
79489.6
79509.3
79571.3
79727.4
80078.9
80646.1
81173.7
81719.9
82213.6
82494.2
82700.4
82955.1
83261.6
83703.1
84197.6
84532.5
84743.4
84857.6
84980
85401.9
71470.6
102069
116878
124050
125438
125006
123172
122156
121408
119767
118607
118174
117660
116438
115036
113771
112647
111506
110286
109063
108105
107137
105613
104201
103533
102879
101420
100156
99533.6
98977
98130.3
97107.9
96108.1
95219.8
94455.4
93824.2
93367.2
93008
92588.2
92103.7
91491.9
90887.9
90381.8
89866
89445.8
89159.3
88931.5
88758.5
88737.3
88775.6
88921
89371.8
89917.6
90597.3
91252.5
91991.6
92495
92907.3
93307.1
93723.5
94186.3
94556.9
95197.9
96125
97225.6
98478.2
99571.5
100596
101404
101854
102312
102822
103437
104203
105037
105595
106054
106438
106719
107438
108889
123574
129768
132617
133004
132480
130582
130341
130239
129359
128152
127699
127006
125487
124153
122911
121528
120060
118693
117468
116457
115280
113541
112076
111427
110772
109250
107900
107304
106857
105992
104872
103850
103027
102395
101985
101795
101724
101615
101411
101050
100720
100471
100425
100465
100675
101099
101476
101918
102670
103609
104744
105828
107002
108009
109025
109780
110418
111042
111728
112479
113208
114245
115527
116896
118280
119459
120470
121228
121668
122141
122632
123194
123780
124370
124670
125019
125241
125553
125935
125041
135114
141885
145038
145798
145132
142977
142999
143009
142292
140579
139867
138837
137006
135435
133944
132344
130742
129197
127785
126689
125446
123587
122040
121379
120806
119394
118025
117475
117172
116490
115377
114437
113771
113511
113525
113804
114419
114938
115210
115306
115422
115667
116199
116909
117803
118749
119649
120604
121756
123162
124667
126044
127331
128360
129304
130162
130875
131557
132294
133070
133917
134986
136201
137408
138500
139418
140183
140752
141097
141404
141688
141961
142195
142366
142428
142554
142646
142862
142829
137766
151740
160374
161739
161728
160532
158021
158202
158184
157243
154990
154057
152699
150495
148798
147231
145432
143637
142001
140571
139485
138214
136325
134833
134270
133868
132774
131544
131180
131120
130842
129967
129316
129198
129380
130184
131701
133234
134449
135177
135692
136198
136796
137590
138628
139862
141138
142343
143549
144866
146429
147948
149242
150348
151211
151882
152592
153203
153755
154340
154919
155591
156443
157428
158373
159143
159762
160290
160689
160901
161012
161056
161051
161024
160952
160862
160842
160840
160897
160708
154840
174621
181077
180296
180185
178525
175830
176099
176066
174918
172100
170965
169439
166911
165077
163498
161641
159826
158233
156858
155912
154809
153090
151808
151471
151363
150868
150116
150137
150563
150822
150743
150747
151102
152302
154372
156674
158763
160207
160915
161344
161919
162706
163718
164963
166368
167752
168986
170129
171342
172759
174030
175055
175906
176554
176941
177338
177783
178193
178598
178970
179418
180090
180959
181788
182423
182922
183343
183631
183712
183682
183533
183345
183136
182927
182693
182587
182441
182403
182011
178462
202223
204259
202714
202781
200663
197569
197922
197872
196415
193037
191812
190313
187511
185635
184267
182556
180875
179523
178423
177819
177077
175754
175024
175085
175562
175680
175838
176502
178122
179050
179473
180108
181424
183106
185248
187784
190096
191588
192174
192458
192977
193815
194879
196141
197515
198819
199903
200835
201852
203073
204155
205023
205766
206304
206563
206759
207054
207391
207690
207928
208206
208782
209652
210411
210887
211258
211477
211499
211391
211062
210562
210120
209613
209174
208665
208405
207964
207774
207019
209494
233750
232257
229837
230313
227758
224304
224899
224910
223122
219361
218251
217131
214444
212644
211732
210520
209257
208386
207796
207700
207602
207089
206991
207573
209260
210100
210913
212964
215555
216706
217077
217648
219063
220945
223281
226140
228673
230087
230471
230556
230808
231515
232542
233800
235195
236471
237457
238239
239174
240353
241413
242241
242920
243307
243332
243282
243295
243400
243513
243551
243625
243911
244619
245012
245056
245047
244920
244580
243961
243268
242465
241763
241001
240358
239590
239169
238461
238155
237155
248978
270232
265782
263939
264763
261656
257988
259179
259566
257520
253858
253336
252858
251093
249578
249321
249043
248428
248307
248414
248998
249911
250132
250596
252484
255427
256674
257693
260343
263343
264429
264643
265047
266421
268538
271128
274383
277214
278550
278727
278621
278647
279089
280143
281463
282938
284236
285118
285695
286423
287419
288243
288772
288921
288775
288289
287673
287256
287085
286909
286644
286493
286559
286891
286897
286663
286285
285731
284977
283960
282962
281921
281014
280057
279216
278235
277644
276762
276397
275283
299360
314902
308517
307496
308758
305045
301687
304259
306187
304104
301494
302151
302747
302038
301515
301979
302777
303058
303561
304503
306486
308288
308965
309980
313121
316507
317658
318728
321835
325414
326504
326567
326807
328110
330472
333336
337091
340147
341211
341113
340569
340212
340320
341043
342269
343635
344736
345265
345378
345500
346014
346354
346330
345994
345081
344011
342998
342281
341846
341438
340909
340544
340458
340436
340123
339547
338840
337892
336744
335389
334148
332942
331869
330751
329717
328571
327838
326899
326530
325415
363975
372456
364966
364665
366807
362728
360674
366438
372566
370934
369666
372095
374778
374644
374789
376474
378485
379420
380738
382729
385861
388302
389094
390391
394491
398248
399329
400567
404397
408610
409607
409462
409548
410635
412945
415761
419561
422243
422672
421957
420480
419431
419123
419350
420240
421496
422345
422471
422135
421602
421555
421488
420962
419903
418338
416751
415443
414570
413933
413325
412600
412106
411860
411546
410804
409985
408932
407616
406126
404521
403142
401861
400670
399417
398207
396959
396159
395277
394962
393925
448878
450648
441837
442373
446959
443752
444299
458388
472061
470877
470241
474871
479063
479060
479564
482928
486044
487602
489770
492648
496705
499710
500648
502364
507581
511577
512530
513910
518468
523017
523654
522909
522523
522980
524427
526599
530030
532224
532035
530167
527686
525947
525128
525034
525498
526765
527478
527340
526404
525248
524727
524225
522966
521361
519146
517106
515613
514699
513927
513135
512267
511674
511233
510537
509519
508363
506932
505260
503488
501724
500313
499031
497749
496373
495024
493764
493016
492311
492106
491183
556314
557940
549331
552629
565128
565817
572302
605188
625215
622726
621353
627064
631469
631326
632499
638599
643039
645416
648675
652610
657741
661397
662473
664619
670805
674588
675178
676462
681568
686134
686241
684349
682929
682425
682417
683412
686500
688685
687803
684376
680807
678281
676806
676306
676504
677835
678631
678219
676554
674755
673703
672661
670754
668542
665652
663228
661584
660637
659788
658825
657809
657049
656265
655195
653853
652298
650455
648405
646373
644511
643118
641840
640443
638948
637532
636406
635854
635475
635429
634630
709029
718075
712216
722862
753550
764822
788120
844762
860304
853391
850130
856923
861903
862159
865548
876870
883163
887052
891970
896912
902843
907180
908394
910900
917627
920875
920977
922139
927950
932737
932253
928804
925918
923344
921110
920575
922938
925941
924315
919177
914181
910403
907731
906474
906441
907945
908969
908146
905494
902673
900863
899260
896857
893999
890278
887324
885440
884383
883469
882339
881127
880120
878838
877360
875580
873543
871198
868686
866368
864456
863131
861899
860432
858900
857594
856816
856669
856782
857009
856298
943557
978775
981893
1.0153e+06
1.08892e+06
1.11745e+06
1.15455e+06
1.21211e+06
1.22231e+06
1.21152e+06
1.2102e+06
1.22346e+06
1.23171e+06
1.23469e+06
1.24513e+06
1.26366e+06
1.27305e+06
1.27955e+06
1.28669e+06
1.29244e+06
1.29851e+06
1.30329e+06
1.30464e+06
1.30747e+06
1.31407e+06
1.31618e+06
1.31544e+06
1.31644e+06
1.32257e+06
1.3274e+06
1.32616e+06
1.32125e+06
1.31664e+06
1.31091e+06
1.3048e+06
1.30134e+06
1.30273e+06
1.30685e+06
1.30459e+06
1.29819e+06
1.29163e+06
1.2862e+06
1.2816e+06
1.2788e+06
1.27807e+06
1.27954e+06
1.28082e+06
1.2795e+06
1.27576e+06
1.27148e+06
1.26857e+06
1.26646e+06
1.26377e+06
1.26046e+06
1.25586e+06
1.25225e+06
1.25004e+06
1.24872e+06
1.24774e+06
1.24646e+06
1.24499e+06
1.24369e+06
1.2418e+06
1.23981e+06
1.23754e+06
1.23497e+06
1.23211e+06
1.22914e+06
1.22664e+06
1.2249e+06
1.22388e+06
1.22297e+06
1.22176e+06
1.22056e+06
1.21981e+06
1.21983e+06
1.22038e+06
1.22135e+06
1.22205e+06
1.22153e+06
1.3452e+06
1.45037e+06
1.48429e+06
1.58519e+06
1.71294e+06
1.7258e+06
1.74751e+06
1.80648e+06
1.81428e+06
1.81047e+06
1.82261e+06
1.85721e+06
1.87068e+06
1.87945e+06
1.90098e+06
1.92437e+06
1.93714e+06
1.94631e+06
1.95494e+06
1.96019e+06
1.96443e+06
1.96771e+06
1.96832e+06
1.97055e+06
1.97502e+06
1.97431e+06
1.97114e+06
1.9714e+06
1.97566e+06
1.97874e+06
1.97676e+06
1.97131e+06
1.96542e+06
1.95627e+06
1.94504e+06
1.9364e+06
1.93523e+06
1.9394e+06
1.93699e+06
1.93092e+06
1.92418e+06
1.9176e+06
1.91097e+06
1.90573e+06
1.90292e+06
1.90332e+06
1.90435e+06
1.90244e+06
1.89804e+06
1.89246e+06
1.88821e+06
1.88576e+06
1.88288e+06
1.87987e+06
1.8753e+06
1.87148e+06
1.86904e+06
1.86745e+06
1.86646e+06
1.86505e+06
1.86341e+06
1.86186e+06
1.85942e+06
1.85707e+06
1.85454e+06
1.85183e+06
1.84907e+06
1.84649e+06
1.8447e+06
1.8441e+06
1.84432e+06
1.84472e+06
1.84484e+06
1.84514e+06
1.84597e+06
1.84777e+06
1.84998e+06
1.85226e+06
1.85398e+06
1.85446e+06
2.19047e+06
2.47891e+06
2.57557e+06
2.75135e+06
2.83641e+06
2.81521e+06
2.82326e+06
2.86672e+06
2.88353e+06
2.90487e+06
2.95723e+06
3.00643e+06
3.02221e+06
3.03695e+06
3.06431e+06
3.08708e+06
3.09899e+06
3.10752e+06
3.1138e+06
3.11498e+06
3.1146e+06
3.11429e+06
3.11265e+06
3.11262e+06
3.11226e+06
3.10662e+06
3.10004e+06
3.09837e+06
3.09771e+06
3.09726e+06
3.09495e+06
3.08898e+06
3.08133e+06
3.06918e+06
3.05404e+06
3.04091e+06
3.0351e+06
3.03752e+06
3.03485e+06
3.03083e+06
3.02516e+06
3.01798e+06
3.00987e+06
3.00247e+06
2.99661e+06
2.99429e+06
2.99366e+06
2.99053e+06
2.9862e+06
2.97947e+06
2.97391e+06
2.97114e+06
2.96794e+06
2.96603e+06
2.96266e+06
2.95953e+06
2.95731e+06
2.95561e+06
2.95458e+06
2.9529e+06
2.95101e+06
2.94908e+06
2.94644e+06
2.9443e+06
2.94226e+06
2.94049e+06
2.93921e+06
2.93874e+06
2.93928e+06
2.94119e+06
2.94411e+06
2.9471e+06
2.95004e+06
2.95354e+06
2.95767e+06
2.96247e+06
2.9672e+06
2.97156e+06
2.97504e+06
2.97837e+06
4.49041e+06
5.21396e+06
5.22655e+06
5.32034e+06
5.31022e+06
5.23459e+06
5.22124e+06
5.24882e+06
5.28089e+06
5.32034e+06
5.40266e+06
5.45874e+06
5.47369e+06
5.49445e+06
5.53068e+06
5.56007e+06
5.57706e+06
5.58768e+06
5.59419e+06
5.59569e+06
5.59789e+06
5.60587e+06
5.61079e+06
5.61496e+06
5.61615e+06
5.61326e+06
5.61446e+06
5.61969e+06
5.62421e+06
5.63573e+06
5.64793e+06
5.64002e+06
5.62606e+06
5.60724e+06
5.58783e+06
5.58222e+06
5.58634e+06
5.5986e+06
5.5977e+06
5.59903e+06
5.59108e+06
5.57636e+06
5.56296e+06
5.55633e+06
5.55295e+06
5.55292e+06
5.55196e+06
5.5476e+06
5.54358e+06
5.52949e+06
5.51951e+06
5.51622e+06
5.51141e+06
5.50842e+06
5.50193e+06
5.49796e+06
5.4963e+06
5.49562e+06
5.49464e+06
5.49222e+06
5.48916e+06
5.48566e+06
5.4819e+06
5.47971e+06
5.47809e+06
5.4773e+06
5.47745e+06
5.47853e+06
5.48099e+06
5.48469e+06
5.48907e+06
5.49337e+06
5.49799e+06
5.50384e+06
5.51045e+06
5.5175e+06
5.52396e+06
5.52935e+06
5.53302e+06
5.53647e+06
1.1489e+07
1.28286e+07
1.3116e+07
1.36706e+07
1.42182e+07
1.4564e+07
1.49717e+07
1.55669e+07
1.61344e+07
1.64312e+07
1.67747e+07
1.71753e+07
1.75313e+07
1.78491e+07
1.81922e+07
1.85393e+07
1.8821e+07
1.90357e+07
1.92249e+07
1.94061e+07
1.96094e+07
1.98404e+07
2.00283e+07
2.01769e+07
2.03168e+07
2.04524e+07
2.05901e+07
2.07442e+07
2.09328e+07
2.11569e+07
2.12256e+07
2.11897e+07
2.11346e+07
2.10804e+07
2.10599e+07
2.11318e+07
2.13505e+07
2.16043e+07
2.16122e+07
2.15642e+07
2.14647e+07
2.13865e+07
2.13472e+07
2.1347e+07
2.13935e+07
2.14814e+07
2.15254e+07
2.14935e+07
2.14222e+07
2.13267e+07
2.12797e+07
2.12721e+07
2.12464e+07
2.12019e+07
2.11226e+07
2.10731e+07
2.10633e+07
2.10717e+07
2.10733e+07
2.10623e+07
2.10433e+07
2.10193e+07
2.09909e+07
2.09706e+07
2.0955e+07
2.094e+07
2.09223e+07
2.09e+07
2.08771e+07
2.08569e+07
2.08376e+07
2.08153e+07
2.07923e+07
2.0775e+07
2.0763e+07
2.07559e+07
2.07481e+07
2.07348e+07
2.07112e+07
2.06548e+07
)
;

boundaryField
{
    inlet
    {
        type            turbulentMixingLengthFrequencyInlet;
        mixingLength    0.00575;
        phi             phi;
        k               k;
        value           uniform 1607.05;
    }
    outlet
    {
        type            inletOutlet;
        inletValue      uniform 1;
        value           nonuniform List<scalar> 
82
(
7.30911e+06
3.47542e+06
2.01849e+06
1.2577e+06
847045
608675
460925
363869
297298
250736
218678
196975
172958
126844
70993.8
31029.6
11262.9
3624.44
1011.84
276.945
97.2122
58.2285
51.9838
52.633
58.7657
61.3169
65.3047
62.8274
62.0572
56.8526
52.4708
45.499
32.5813
19.2219
16.4493
16.8295
17.0337
16.9722
15.9361
15.3473
14.9992
15.7531
17.1852
18.2271
19.3854
20.4664
21.5317
23.6129
27.153
36.8366
61.8905
118.568
239.436
486.42
975.233
1940.19
3736.64
6900.76
12028.7
19510.7
29261.1
42019.6
61210
85401.9
107438
125935
142829
160708
182011
207019
237155
275283
325415
393925
491183
634630
856298
1.22153e+06
1.85446e+06
2.97837e+06
5.53647e+06
2.06548e+07
)
;
    }
    bottom
    {
        beta1           0.075;
        blended         false;
        type            omegaWallFunction;
        value           nonuniform List<scalar> 
196
(
6.69692e+06
7.14407e+06
7.00278e+06
6.65015e+06
6.70424e+06
6.71741e+06
6.86889e+06
5.98389e+06
7.23279e+06
6.19719e+06
7.53685e+06
6.39313e+06
7.64504e+06
7.72232e+06
6.6581e+06
6.74503e+06
6.83368e+06
6.92283e+06
8.3238e+06
7.10225e+06
8.55884e+06
7.28679e+06
8.72156e+06
7.47666e+06
8.87732e+06
7.6763e+06
7.77671e+06
9.28798e+06
9.38575e+06
8.08154e+06
8.18487e+06
9.76971e+06
8.39395e+06
8.49948e+06
8.60568e+06
8.71251e+06
8.82052e+06
8.93029e+06
9.04121e+06
9.15376e+06
9.267e+06
1.10081e+07
9.49646e+06
9.61143e+06
9.7289e+06
9.84565e+06
9.96225e+06
1.00822e+07
1.02005e+07
1.03187e+07
1.04372e+07
1.05532e+07
1.06659e+07
1.0797e+07
1.09539e+07
1.11111e+07
1.12631e+07
1.14117e+07
1.15583e+07
1.17031e+07
1.18469e+07
1.19902e+07
1.21324e+07
1.22739e+07
1.24153e+07
1.25573e+07
1.26997e+07
1.28435e+07
1.29891e+07
1.31358e+07
1.32831e+07
1.34307e+07
1.35783e+07
1.37257e+07
1.38733e+07
1.40217e+07
1.4171e+07
1.43219e+07
1.44745e+07
1.46287e+07
1.47839e+07
1.49395e+07
1.50961e+07
1.52542e+07
1.54141e+07
1.5575e+07
1.57356e+07
1.58957e+07
1.60555e+07
1.62164e+07
1.63781e+07
1.65429e+07
1.67088e+07
1.68753e+07
1.70429e+07
1.72102e+07
1.73789e+07
1.75458e+07
1.77118e+07
1.78761e+07
1.804e+07
1.82037e+07
1.83674e+07
1.85313e+07
1.86954e+07
1.88613e+07
1.90287e+07
1.91968e+07
1.93658e+07
1.95358e+07
1.97069e+07
1.98784e+07
2.00516e+07
2.02239e+07
2.03974e+07
2.05778e+07
2.06674e+07
2.06725e+07
2.06785e+07
2.06854e+07
2.06924e+07
2.06979e+07
2.07007e+07
2.07055e+07
2.07104e+07
2.07067e+07
2.07128e+07
2.07212e+07
2.07256e+07
2.0722e+07
2.07184e+07
2.07252e+07
2.0733e+07
2.0744e+07
2.07605e+07
2.07813e+07
2.08058e+07
2.08237e+07
2.08577e+07
2.093e+07
2.09642e+07
2.07388e+07
1.9462e+07
1.50751e+07
9.30675e+06
7.77526e+06
7.77607e+06
7.862e+06
7.90784e+06
7.82446e+06
7.89621e+06
7.90845e+06
7.79787e+06
7.77161e+06
7.75925e+06
7.66068e+06
7.58656e+06
7.53252e+06
7.51938e+06
7.47017e+06
7.4101e+06
7.366e+06
7.33439e+06
7.30276e+06
7.26643e+06
7.22634e+06
7.19368e+06
7.16106e+06
7.13198e+06
7.10952e+06
7.09168e+06
7.07143e+06
7.05419e+06
7.04588e+06
7.03801e+06
7.02968e+06
7.01695e+06
7.00422e+06
6.99529e+06
6.9896e+06
6.98716e+06
6.98634e+06
6.98706e+06
6.99261e+06
7.00849e+06
7.03131e+06
7.05593e+06
7.07484e+06
7.0927e+06
7.12063e+06
7.15647e+06
7.19077e+06
7.2216e+06
7.25225e+06
7.26197e+06
7.30911e+06
)
;
    }
    top
    {
        beta1           0.075;
        blended         false;
        type            omegaWallFunction;
        value           nonuniform List<scalar> 
190
(
5.48231e+06
5.98442e+06
5.93969e+06
5.66862e+06
5.18663e+06
4.77912e+06
4.52141e+06
4.36485e+06
4.29247e+06
4.26486e+06
4.26597e+06
4.28204e+06
4.31054e+06
4.35377e+06
4.41045e+06
4.46606e+06
4.51454e+06
4.55642e+06
4.5934e+06
4.6262e+06
4.65676e+06
4.68605e+06
4.71531e+06
4.74481e+06
4.77244e+06
4.79688e+06
4.81804e+06
4.83836e+06
4.86103e+06
4.88531e+06
4.91053e+06
4.93557e+06
4.95982e+06
4.9835e+06
5.00665e+06
5.02961e+06
5.05221e+06
5.07461e+06
5.0964e+06
5.11749e+06
5.13957e+06
5.16333e+06
5.1882e+06
5.21333e+06
5.23799e+06
5.26175e+06
5.28499e+06
5.30845e+06
5.33242e+06
5.35723e+06
5.3831e+06
5.40962e+06
5.43627e+06
5.46243e+06
5.48783e+06
5.51263e+06
5.53772e+06
5.56382e+06
5.59115e+06
5.61984e+06
5.64958e+06
5.67992e+06
5.71033e+06
5.74059e+06
5.77066e+06
5.80087e+06
5.83149e+06
5.86273e+06
5.89446e+06
5.92639e+06
5.95831e+06
5.98972e+06
6.02093e+06
6.05043e+06
6.08151e+06
6.15982e+06
6.32612e+06
6.27141e+06
6.35868e+06
6.61417e+06
6.61916e+06
6.75281e+06
6.74516e+06
6.89216e+06
6.80309e+06
6.96574e+06
6.98578e+06
7.00634e+06
7.28178e+06
7.37931e+06
7.24115e+06
6.21107e+06
7.47097e+06
7.4569e+06
7.7775e+06
7.77206e+06
6.50329e+06
6.56236e+06
8.05488e+06
6.68154e+06
6.74168e+06
8.04637e+06
8.3081e+06
8.20416e+06
8.36004e+06
7.04716e+06
8.6072e+06
8.43071e+06
7.23869e+06
9.00484e+06
1.1489e+07
1.28286e+07
1.3116e+07
1.36706e+07
1.42182e+07
1.4564e+07
1.49717e+07
1.55669e+07
1.61344e+07
1.64312e+07
1.67747e+07
1.71753e+07
1.75313e+07
1.78491e+07
1.81922e+07
1.85393e+07
1.8821e+07
1.90357e+07
1.92249e+07
1.94061e+07
1.96094e+07
1.98404e+07
2.00283e+07
2.01769e+07
2.03168e+07
2.04524e+07
2.05901e+07
2.07442e+07
2.09328e+07
2.11569e+07
2.12256e+07
2.11897e+07
2.11346e+07
2.10804e+07
2.10599e+07
2.11318e+07
2.13505e+07
2.16043e+07
2.16122e+07
2.15642e+07
2.14647e+07
2.13865e+07
2.13472e+07
2.1347e+07
2.13935e+07
2.14814e+07
2.15254e+07
2.14935e+07
2.14222e+07
2.13267e+07
2.12797e+07
2.12721e+07
2.12464e+07
2.12019e+07
2.11226e+07
2.10731e+07
2.10633e+07
2.10717e+07
2.10733e+07
2.10623e+07
2.10433e+07
2.10193e+07
2.09909e+07
2.09706e+07
2.0955e+07
2.094e+07
2.09223e+07
2.09e+07
2.08771e+07
2.08569e+07
2.08376e+07
2.08153e+07
2.07923e+07
2.0775e+07
2.0763e+07
2.07559e+07
2.07481e+07
2.07348e+07
2.07112e+07
2.06548e+07
)
;
    }
    upstream
    {
        type            symmetryPlane;
    }
    defaultFaces
    {
        type            empty;
    }
}


// ************************************************************************* //
