/*--------------------------------*- C++ -*----------------------------------*\
  =========                 |
  \\      /  F ield         | OpenFOAM: The Open Source CFD Toolbox
   \\    /   O peration     | Website:  https://openfoam.org
    \\  /    A nd           | Version:  13
     \\/     M anipulation  |
\*---------------------------------------------------------------------------*/
FoamFile
{
    format      ascii;
    class       volScalarField;
    location    "0.0004";
    object      p;
}
// * * * * * * * * * * * * * * * * * * * * * * * * * * * * * * * * * * * * * //

dimensions      [1 -1 -2 0 0 0 0];

internalField   nonuniform List<scalar> 
16072
(
4510.2
4657.73
4627.48
4570.87
4503.41
4430.05
4407.55
4682.49
4628.13
4610.23
4603.37
4550.68
4332.76
4623.46
4657.09
4606.13
4557.4
4497.24
4236.63
4586.5
4663.16
4592.74
4531.69
4474.11
4157.32
4520.62
4631.17
4605.21
4533.48
4463.47
4095.16
4465.7
4619.9
4627.77
4553.67
4471.87
4054.74
4356.84
4573.93
4626.9
4579.15
4494.03
4031.52
4258.72
4541.24
4620.83
4598.02
4520.59
4020.18
4158.86
4451.41
4604.11
4601.25
4551.89
4014.43
4095.77
4350.14
4578.3
4586.88
4571.24
4012.07
4055.05
4225.32
4505.93
4568.09
4578.83
4010.95
4031.79
4137.92
4393.57
4544.27
4577.46
4010.41
4020.14
4075.92
4249.52
4470.54
4572.37
4010.17
4014.51
4041.58
4140.73
4364.01
4553.79
4010.06
4012.01
4023.88
4074.07
4222.86
4461.28
4010.02
4010.84
4015.97
4038.08
4118.91
4313.52
4010.01
4010.32
4012.48
4021.84
4058.59
4163.44
4010
4010.11
4010.96
4014.74
4029.96
4072.77
4010
4010.04
4010.34
4011.83
4017.54
4035.11
4010
4010.01
4010.11
4010.63
4012.8
4019.44
4010
4010
4010.03
4010.2
4010.94
4013.37
4010
4010
4010.01
4010.06
4010.28
4011.09
4010
4010
4010
4010.02
4010.08
4010.32
4010
4010
4010
4010
4010.02
4010.08
4010
4010
4010
4010
4010
4010.02
4010
4010
4010
4010
4010
4010
4010
4010
4010
4010
4010
4010
4010
4010
4010
4010
4010
4010
4010
4010
4010
4010
4010
4010
4010
4010
4010
4010
4010
4010
4010
4010
4010
4010
4010
4010
4010
4010
4010
4010
4010
4010
4010
4010
4010
4010
4010
4010
4010
4010
4010
4010
4010
4010
4010
4010
4010
4010
4010
4010
4010
4010
4010
4010
4010
4010
4010
4010
4010
4010
4010
4010
4010
4010
4010
4010
4010
4010
4010
4010
4010
4010
4010
4010
4010
4010
4010
4010
4010
4010
4010
4010
4010
4010
4010
4010
4010
4010
4010
4010
4010
4010
4010
4010
4010
4010
4010
4010
4010
4010
4010
4010
4010
4010
4010
4010
4010
4010
4010
4010
4010
4010
4010
4010
4010
4010
4010
4010
4010
4010
4010
4010
4010
4010
4010
4010
4010
4010
4010
4010
4010
4010
4010
4010
4010
4010
4010
4010
4010
4010
4010
4010
4010
4010
4010
4010
4010
4010
4010
4010
4010
4010
4010
4010
4010
4010
4010
4010
4010
4010
4010
4010
4010
4010
4010
4010
4010
4010
4010
4010
4010
4010
4010
4010
4010
4010
4010
4010
4010
4010
4010
4010
4010
4010
4010
4010
4010
4010
4010
4010
4010
4010
4010
4010
4010
4010
4010
4010
4010
4010
4010
4010
4010
4010
4010
4010
4010
4010
4010
4010
4010
4010
4010
4010
4010
4010
4010
4010
4010
4010
4010
4010
4010
4010
4010
4010
4010
4010
4010
4010
4010
4010
4010
4010
4010
4010
4010
4010
4010
4010
4010
4010.01
4010
4010
4010
4010
4010
4010.01
4010
4010
4010
4010
4010
4010.03
4010
4010
4010
4010
4010
4010.04
4010
4010
4010
4010
4010
4010.07
4010
4010
4010
4010
4010
4010.12
4010
4010
4010
4010
4010
4010.17
4010
4010
4010
4010
4010.01
4010.23
4010
4010
4010
4010
4010.01
4010.2
4010
4010
4010
4010
4010.02
4009.96
4010
4010
4010
4010
4010.02
4009.74
4010
4010
4010
4010
4010.03
4009.61
4010
4010
4010
4010
4010.04
4009.62
4010
4010
4010
4010
4010.04
4009.49
4010
4010
4010
4010
4010.05
4009.95
4010
4010
4010
4010
4010.05
4004.68
4383.22
4329.75
4319.55
4294.37
4273.45
4275.19
4275.22
4271.81
4271.09
4271.76
4271.89
4272.23
4273.28
4273.79
4273.85
4274.31
4274.82
4273.77
4271.86
4269.77
4268.26
4267.07
4265.93
4264.84
4263.79
4262.78
4261.9
4261.16
4260.55
4260.09
4259.5
4258.51
4257.43
4256.03
4254.75
4253.54
4252.17
4251.4
4249.96
4249.25
4249
4247.73
4247.53
4247.72
4248.15
4249.97
4253.39
4249.83
4236.69
4224.15
4214.25
4206.16
4199.36
4193.63
4188.74
4184.43
4180.9
4178
4175.45
4173.09
4170.9
4168.59
4166.01
4163.41
4160.94
4158.68
4156.73
4155.13
4153.76
4152.41
4151.03
4149.48
4147.68
4145.69
4143.7
4141.84
4139.95
4137.88
4135.59
4133.28
4131.28
4129.64
4128.29
4126.88
4125.46
4123.48
4121.43
4119.45
4117.39
4115.61
4113.69
4112.35
4111.42
4111.03
4110.89
4110.92
4111.09
4111.36
4111.7
4111.75
4111.6
4111.43
4111.16
4110.82
4110.36
4109.93
4109.25
4108.86
4108.35
4106.54
4496.84
4427.25
4403.36
4367.03
4336.71
4329.9
4323.71
4314.55
4309.11
4305.54
4301.83
4298.64
4296.54
4294.01
4291.6
4289.47
4287.87
4284.96
4281.55
4277.94
4275
4272.63
4270.59
4268.55
4266.65
4265.08
4263.53
4262.22
4261.25
4260.29
4259.56
4258.44
4257.28
4255.97
4254.67
4253.4
4251.83
4250.86
4250.24
4249.73
4248.55
4247.65
4247.45
4246.73
4246.64
4247.03
4248.78
4246.12
4235.3
4223.77
4214.15
4206.13
4199.35
4193.63
4188.74
4184.44
4180.91
4178.01
4175.47
4173.1
4170.91
4168.62
4166.04
4163.44
4160.97
4158.72
4156.77
4155.17
4153.8
4152.46
4151.08
4149.53
4147.74
4145.75
4143.76
4141.91
4140.02
4137.96
4135.67
4133.36
4131.36
4129.73
4128.38
4126.98
4125.56
4123.59
4121.54
4119.56
4117.49
4115.71
4113.8
4112.46
4111.54
4111.15
4111
4111.04
4111.21
4111.48
4111.82
4111.87
4111.72
4111.56
4111.3
4110.95
4110.5
4110.07
4109.39
4109.01
4108.5
4106.7
4449.09
4393.7
4378.12
4347.26
4321.17
4317.73
4312.77
4305.08
4301.3
4299.38
4297.23
4295.85
4295.2
4294.26
4293.02
4292.25
4291.37
4289.47
4286.68
4283.63
4281.12
4279.07
4277.2
4275.35
4273.52
4271.87
4270.32
4268.77
4267.63
4266.47
4265.32
4263.96
4262.53
4261.07
4259.47
4257.93
4256.4
4254.82
4254.15
4253.52
4252.34
4251.18
4250.76
4250.26
4250.19
4251.05
4253.56
4250.71
4238.88
4226.63
4216.66
4208.54
4201.7
4195.96
4191.03
4186.7
4183.14
4180.2
4177.62
4175.22
4172.99
4170.65
4168.03
4165.39
4162.89
4160.6
4158.61
4156.96
4155.55
4154.16
4152.73
4151.13
4149.29
4147.26
4145.23
4143.33
4141.4
4139.29
4136.96
4134.62
4132.59
4130.92
4129.53
4128.1
4126.65
4124.66
4122.59
4120.6
4118.51
4116.73
4114.8
4113.46
4112.51
4112.11
4111.95
4111.96
4112.11
4112.36
4112.68
4112.71
4112.54
4112.36
4112.07
4111.71
4111.24
4110.79
4110.09
4109.69
4109.17
4107.38
4441.51
4393.58
4385.82
4363.81
4342.37
4339.76
4334.74
4325.89
4320.28
4316.29
4312.18
4309
4306.66
4304.37
4301.89
4300.13
4298.58
4296.11
4292.74
4289.32
4286.47
4284.17
4282.04
4280.04
4278.09
4276.32
4274.64
4273.22
4271.96
4270.89
4269.8
4268.31
4266.76
4265.07
4263.36
4261.75
4260.34
4258.98
4257.85
4256.8
4256.01
4254.94
4254.06
4253.11
4252.61
4252.43
4253.44
4250.54
4239.9
4228.45
4218.79
4210.74
4203.91
4198.16
4193.25
4188.93
4185.37
4182.43
4179.86
4177.46
4175.23
4172.89
4170.27
4167.63
4165.13
4162.84
4160.85
4159.2
4157.79
4156.39
4154.97
4153.37
4151.53
4149.49
4147.46
4145.56
4143.62
4141.52
4139.18
4136.83
4134.79
4133.11
4131.72
4130.28
4128.81
4126.81
4124.74
4122.73
4120.64
4118.86
4116.94
4115.6
4114.66
4114.25
4114.1
4114.11
4114.27
4114.52
4114.83
4114.87
4114.7
4114.52
4114.23
4113.87
4113.39
4112.94
4112.25
4111.83
4111.35
4109.55
4409.75
4360.41
4350.85
4328.93
4315.6
4320.28
4320.76
4318.52
4318.43
4317.79
4315.75
4313.54
4311.79
4309.66
4307.11
4305.01
4303.22
4300.48
4296.9
4293.33
4290.33
4287.96
4285.75
4283.71
4281.72
4279.94
4278.16
4276.79
4275.49
4274.41
4273.35
4271.78
4270.14
4268.24
4266.43
4264.71
4263.07
4261.86
4260.6
4259.23
4258.48
4257.3
4256.4
4255.48
4255.01
4254.96
4256.45
4254.01
4242.97
4230.74
4220.61
4212.35
4205.4
4199.59
4194.64
4190.29
4186.72
4183.77
4181.18
4178.77
4176.52
4174.18
4171.55
4168.91
4166.4
4164.11
4162.11
4160.46
4159.03
4157.62
4156.18
4154.57
4152.73
4150.69
4148.64
4146.72
4144.78
4142.66
4140.31
4137.95
4135.9
4134.2
4132.79
4131.34
4129.85
4127.84
4125.74
4123.73
4121.62
4119.83
4117.91
4116.57
4115.63
4115.21
4115.05
4115.07
4115.22
4115.46
4115.78
4115.82
4115.64
4115.45
4115.16
4114.8
4114.32
4113.86
4113.16
4112.73
4112.27
4110.52
4416.57
4355.03
4338.41
4314.39
4300.94
4303.04
4304.54
4306.54
4311.19
4314.75
4316.45
4317.19
4317.6
4316.76
4314.83
4312.78
4310.79
4307.63
4303.55
4299.41
4295.82
4292.89
4290.19
4287.7
4285.34
4283.23
4281.23
4279.62
4278.13
4276.93
4275.76
4274.12
4272.33
4270.36
4268.49
4266.64
4264.9
4263.47
4262.13
4261.04
4260.12
4258.74
4257.79
4256.75
4256.19
4255.78
4256.83
4254.76
4244.18
4231.98
4221.68
4213.24
4206.17
4200.27
4195.28
4190.9
4187.3
4184.34
4181.74
4179.32
4177.07
4174.72
4172.1
4169.45
4166.96
4164.67
4162.68
4161.03
4159.6
4158.19
4156.75
4155.15
4153.32
4151.28
4149.23
4147.32
4145.38
4143.26
4140.92
4138.56
4136.5
4134.81
4133.39
4131.94
4130.45
4128.44
4126.32
4124.28
4122.16
4120.37
4118.45
4117.11
4116.16
4115.75
4115.59
4115.6
4115.76
4116
4116.32
4116.37
4116.2
4116.02
4115.73
4115.37
4114.89
4114.44
4113.74
4113.29
4112.87
4111.17
4424.48
4365.55
4338.09
4305.66
4292.64
4288.4
4282.5
4283.3
4289.13
4294.38
4298.82
4303.57
4308.2
4311.42
4313.04
4313.82
4313.9
4312.22
4309.07
4305.38
4301.93
4298.89
4295.94
4293.11
4290.39
4287.9
4285.62
4283.61
4281.8
4280.32
4278.88
4277.08
4275.08
4272.96
4270.91
4268.92
4267.08
4265.45
4264.05
4262.91
4261.67
4260.2
4259.23
4258.14
4257.55
4257.03
4258.07
4256.69
4246.55
4233.82
4223
4214.2
4206.91
4200.87
4195.8
4191.36
4187.71
4184.71
4182.07
4179.63
4177.35
4174.98
4172.33
4169.68
4167.17
4164.88
4162.88
4161.22
4159.79
4158.37
4156.93
4155.34
4153.51
4151.47
4149.43
4147.51
4145.57
4143.46
4141.12
4138.77
4136.7
4135
4133.58
4132.14
4130.64
4128.64
4126.5
4124.44
4122.28
4120.5
4118.57
4117.23
4116.28
4115.85
4115.69
4115.7
4115.85
4116.1
4116.41
4116.48
4116.31
4116.12
4115.83
4115.48
4114.99
4114.54
4113.85
4113.37
4112.99
4111.35
4444.45
4376.57
4344.05
4308.67
4296.61
4286.9
4276.42
4275.72
4278.95
4281.06
4283.16
4286.93
4291.69
4296.1
4299.87
4303.52
4306.73
4308.16
4307.8
4306.45
4304.83
4303.04
4300.82
4298.39
4295.81
4293.31
4290.96
4288.71
4286.67
4284.86
4283.12
4281.05
4278.77
4276.42
4274.12
4271.94
4269.92
4268.13
4266.62
4265.12
4263.79
4262.23
4261.09
4259.83
4259.18
4258.46
4259.27
4258.5
4249.24
4236.25
4224.82
4215.58
4208
4201.78
4196.59
4192.07
4188.35
4185.29
4182.61
4180.11
4177.79
4175.38
4172.71
4170.04
4167.51
4165.2
4163.19
4161.52
4160.06
4158.64
4157.18
4155.58
4153.75
4151.71
4149.66
4147.74
4145.8
4143.69
4141.35
4138.99
4136.91
4135.2
4133.78
4132.33
4130.83
4128.84
4126.68
4124.6
4122.41
4120.63
4118.69
4117.35
4116.37
4115.94
4115.76
4115.77
4115.92
4116.16
4116.47
4116.54
4116.38
4116.19
4115.9
4115.55
4115.05
4114.6
4113.91
4113.4
4113.06
4111.49
4465.74
4398.8
4352.02
4312.37
4304.28
4288.58
4272.46
4272.59
4275.85
4276.23
4276.4
4278.12
4280.5
4282.86
4285.22
4288.08
4291.36
4293.93
4295.5
4296.58
4297.52
4298.29
4298.51
4298.2
4297.36
4296.17
4294.7
4293.03
4291.37
4289.71
4288.04
4285.93
4283.53
4281.01
4278.54
4276.17
4273.94
4271.92
4270.14
4268.38
4267.01
4265.15
4263.7
4262.29
4261.55
4260.62
4261.17
4261.05
4252.93
4239.8
4227.6
4217.72
4209.72
4203.24
4197.88
4193.24
4189.41
4186.26
4183.51
4180.95
4178.57
4176.1
4173.38
4170.66
4168.11
4165.77
4163.72
4162.02
4160.54
4159.09
4157.61
4155.99
4154.15
4152.1
4150.04
4148.1
4146.16
4144.05
4141.71
4139.33
4137.24
4135.51
4134.09
4132.64
4131.12
4129.15
4126.96
4124.85
4122.63
4120.85
4118.89
4117.55
4116.55
4116.1
4115.9
4115.91
4116.05
4116.28
4116.6
4116.68
4116.51
4116.32
4116.03
4115.67
4115.17
4114.72
4114.03
4113.48
4113.16
4111.68
4498.39
4418.92
4364.6
4321.82
4313.12
4292.53
4273.54
4273.3
4274.86
4274.42
4274.7
4276.19
4277.53
4278.28
4279.01
4280.15
4281.59
4282.6
4283.09
4283.65
4284.61
4285.89
4287.12
4288.3
4289.36
4290.26
4290.87
4291.17
4291.18
4290.87
4290.27
4289
4287.23
4285.12
4282.94
4280.72
4278.57
4276.52
4274.59
4272.81
4271.19
4269.14
4267.41
4265.76
4264.89
4263.74
4263.94
4264.47
4257.7
4244.71
4231.63
4220.9
4212.32
4205.47
4199.88
4195.06
4191.09
4187.82
4184.96
4182.3
4179.82
4177.28
4174.49
4171.71
4169.1
4166.71
4164.62
4162.88
4161.35
4159.86
4158.33
4156.68
4154.82
4152.76
4150.68
4148.72
4146.76
4144.65
4142.3
4139.9
4137.78
4136.03
4134.6
4133.14
4131.61
4129.65
4127.44
4125.29
4123.03
4121.24
4119.27
4117.91
4116.88
4116.41
4116.2
4116.19
4116.32
4116.55
4116.86
4116.95
4116.79
4116.58
4116.29
4115.93
4115.42
4114.96
4114.28
4113.69
4113.37
4112
4532.98
4452.47
4376.29
4335.37
4322.93
4294.65
4275.34
4275.49
4275.34
4273.6
4274.28
4275.99
4276.95
4277.14
4277.34
4277.8
4278.39
4278.42
4277.76
4276.96
4276.47
4276.41
4276.54
4276.92
4277.6
4278.54
4279.67
4280.95
4282.26
4283.52
4284.63
4285.13
4284.96
4284.28
4283.36
4282.21
4280.94
4279.57
4278.13
4276.75
4275.17
4273.46
4271.72
4269.88
4268.84
4267.56
4267.33
4268.51
4263.54
4251.28
4237.36
4225.49
4216.11
4208.74
4202.82
4197.75
4193.56
4190.13
4187.14
4184.34
4181.73
4179.05
4176.16
4173.31
4170.64
4168.18
4166.01
4164.19
4162.6
4161.05
4159.46
4157.75
4155.86
4153.76
4151.64
4149.65
4147.68
4145.56
4143.19
4140.76
4138.61
4136.83
4135.38
4133.9
4132.36
4130.4
4128.16
4125.96
4123.65
4121.85
4119.86
4118.49
4117.42
4116.92
4116.68
4116.65
4116.77
4116.99
4117.3
4117.4
4117.24
4117.02
4116.72
4116.36
4115.85
4115.36
4114.69
4114.05
4113.72
4112.48
4553.3
4488.16
4400.96
4353.52
4333.81
4298.2
4282.13
4278.71
4274.28
4272.51
4274.91
4277.07
4277.09
4276.33
4276.44
4277.04
4277.52
4277.52
4276.94
4276.03
4274.93
4273.79
4272.68
4271.83
4271.29
4271.06
4271.08
4271.36
4271.87
4272.66
4273.71
4274.64
4275.26
4275.68
4276.06
4276.37
4276.57
4276.63
4276.51
4276.22
4275.61
4274.97
4273.84
4272.36
4271.67
4270.71
4270.29
4272.08
4269.39
4258.77
4244.54
4231.56
4221.21
4213.17
4206.84
4201.49
4197.06
4193.38
4190.15
4187.19
4184.44
4181.64
4178.61
4175.61
4172.81
4170.26
4168.02
4166.14
4164.47
4162.81
4161.11
4159.31
4157.35
4155.22
4153.07
4151.04
4149.03
4146.88
4144.47
4142
4139.79
4137.97
4136.5
4135.01
4133.44
4131.48
4129.2
4126.93
4124.57
4122.75
4120.73
4119.33
4118.21
4117.68
4117.41
4117.35
4117.46
4117.66
4117.97
4118.07
4117.92
4117.69
4117.38
4117.01
4116.48
4115.98
4115.32
4114.63
4114.26
4113.19
4561.46
4521.96
4438.9
4381.29
4343.6
4298.03
4291.23
4284.17
4273.57
4270.4
4274.11
4277.51
4277.58
4275.91
4275.52
4276.3
4277.02
4277.23
4276.94
4276.31
4275.3
4273.95
4272.4
4271.04
4269.93
4269.05
4268.32
4267.73
4267.29
4267.03
4266.98
4266.91
4266.69
4266.49
4266.45
4266.64
4266.99
4267.47
4268.03
4268.6
4269.05
4269.59
4269.5
4269.09
4269.38
4269.66
4269.67
4272.26
4272.38
4264.64
4251.23
4237.58
4226.39
4217.8
4211.12
4205.51
4200.9
4197.21
4193.95
4190.81
4187.8
4184.79
4181.7
4178.71
4175.87
4173.16
4170.72
4168.67
4166.91
4165.21
4163.45
4161.54
4159.46
4157.23
4154.99
4152.9
4150.87
4148.71
4146.29
4143.77
4141.49
4139.59
4138.06
4136.54
4134.94
4132.96
4130.63
4128.3
4125.88
4124.03
4121.99
4120.54
4119.37
4118.79
4118.48
4118.39
4118.47
4118.64
4118.95
4119.05
4118.9
4118.64
4118.33
4117.94
4117.41
4116.87
4116.23
4115.5
4115.05
4114.23
4543.32
4530.79
4478.68
4415.14
4356.55
4307.51
4301.61
4291.54
4274.52
4270.51
4274.41
4277.59
4277.52
4275.85
4275.16
4275.58
4276.34
4276.95
4277.24
4276.99
4276
4274.4
4272.7
4271.31
4270.26
4269.31
4268.35
4267.44
4266.55
4265.75
4265.04
4264.3
4263.43
4262.53
4261.72
4261.11
4260.67
4260.38
4260.25
4260.23
4260.35
4260.72
4260.77
4260.67
4261.29
4262.18
4262.7
4265.55
4268.24
4264.65
4253.86
4240.52
4228.67
4219.57
4212.96
4207.7
4203.28
4199.48
4196.27
4193.49
4190.88
4187.98
4184.72
4181.5
4178.6
4176.06
4173.86
4171.9
4170.01
4168.07
4166.08
4164.07
4162.01
4159.85
4157.61
4155.46
4153.33
4151.08
4148.57
4145.97
4143.65
4141.74
4140.2
4138.68
4137.05
4135.03
4132.62
4130.18
4127.69
4125.8
4123.74
4122.25
4121.02
4120.38
4120.04
4119.9
4119.96
4120.08
4120.38
4120.49
4120.33
4120.05
4119.72
4119.31
4118.77
4118.19
4117.56
4116.8
4116.26
4115.62
4514.14
4540.28
4516.76
4455.71
4380.68
4329.07
4314.61
4297.47
4276.2
4272.91
4276.13
4277.04
4275.92
4274.96
4274.95
4275.35
4275.76
4276.35
4277.14
4277.6
4277.12
4275.53
4273.54
4271.85
4270.66
4269.67
4268.71
4267.78
4266.83
4265.85
4264.87
4263.92
4262.97
4262.04
4261.09
4260.19
4259.36
4258.52
4257.75
4256.94
4256.2
4255.7
4255.01
4254.3
4254.18
4254.75
4254.55
4256.31
4259.74
4259.47
4252.01
4239.7
4227.29
4217.21
4209.74
4204.29
4200.53
4197.77
4195.04
4192.12
4189.46
4187.19
4185.07
4182.78
4180.13
4177.35
4174.92
4173.08
4171.71
4170.35
4168.64
4166.51
4164.17
4161.81
4159.57
4157.59
4155.75
4153.74
4151.33
4148.66
4146.16
4144.11
4142.52
4141.02
4139.42
4137.42
4134.99
4132.51
4129.96
4127.99
4125.92
4124.36
4123.07
4122.37
4121.99
4121.81
4121.84
4121.92
4122.21
4122.34
4122.18
4121.88
4121.55
4121.13
4120.55
4119.96
4119.32
4118.57
4117.97
4117.42
4475.39
4540.69
4532.43
4492.05
4417.51
4360.63
4324.87
4303.1
4281.05
4279.54
4279.25
4275.44
4273.33
4274.05
4275.26
4275.98
4275.94
4275.92
4276.65
4277.51
4277.64
4276.52
4274.68
4272.88
4271.54
4270.47
4269.47
4268.48
4267.47
4266.36
4265.21
4264.13
4263.19
4262.33
4261.46
4260.54
4259.57
4258.56
4257.55
4256.51
4255.52
4254.74
4253.86
4252.89
4252
4251.89
4251.29
4250.95
4253.34
4255.14
4251.33
4240.81
4227.39
4215.54
4206.8
4200.09
4194.85
4191.18
4189.15
4187.63
4185.49
4182.55
4179.59
4177.35
4175.92
4174.81
4173.46
4171.71
4169.85
4168.15
4166.74
4165.53
4164.22
4162.53
4160.48
4158.38
4156.38
4154.32
4152.08
4149.74
4147.58
4145.82
4144.43
4143.08
4141.54
4139.56
4137.08
4134.52
4131.95
4129.97
4127.93
4126.37
4125.09
4124.38
4124.01
4123.81
4123.83
4123.86
4124.12
4124.23
4124.08
4123.76
4123.4
4122.98
4122.38
4121.79
4121.18
4120.44
4119.84
4119.4
4358.05
4529.38
4524.18
4508.01
4463.15
4404.73
4341.62
4316.69
4293.48
4289.39
4284.13
4276.51
4272.68
4273.44
4275.7
4276.94
4276.84
4276.24
4276.38
4277.1
4277.53
4277.06
4275.79
4274.16
4272.63
4271.35
4270.26
4269.22
4268.13
4266.95
4265.7
4264.58
4263.68
4262.94
4262.23
4261.46
4260.56
4259.57
4258.48
4257.28
4256.06
4255.01
4254.02
4253.1
4252.06
4251.32
4250.85
4249.98
4250.36
4252.67
4252.75
4246.7
4234.54
4220.15
4208.08
4200.08
4194.37
4189.23
4184.5
4181.2
4179.44
4178.19
4176.15
4172.95
4169.53
4167.09
4166
4165.84
4165.68
4164.67
4162.69
4160.29
4158.19
4156.71
4155.73
4155
4154.16
4152.8
4150.69
4148.1
4145.73
4144.01
4142.92
4142.02
4140.98
4139.5
4137.42
4135.17
4132.84
4130.98
4129.05
4127.46
4126.15
4125.39
4125.04
4124.86
4124.92
4124.99
4125.33
4125.53
4125.46
4125.18
4124.86
4124.47
4123.85
4123.3
4122.7
4121.98
4121.38
4121.09
4229.54
4475.07
4481.33
4497.09
4490.39
4449.87
4383.07
4339.84
4309.65
4295.68
4286.05
4275.11
4272.18
4273.24
4276.29
4277.32
4276.84
4276.39
4276.46
4276.93
4277.4
4277.43
4276.8
4275.51
4273.85
4272.17
4270.8
4269.75
4268.77
4267.69
4266.47
4265.34
4264.47
4263.87
4263.33
4262.68
4261.78
4260.69
4259.48
4258.2
4256.93
4255.81
4254.76
4253.92
4253.07
4252.1
4251.29
4250.43
4249.58
4250.21
4251.77
4250.66
4244.02
4231.63
4216.57
4204.02
4195.85
4191
4187.3
4182.66
4177.76
4174.01
4171.96
4170.81
4169.26
4166.55
4163.17
4160.31
4158.69
4158.11
4157.87
4157.08
4155.22
4152.58
4149.97
4148.11
4146.99
4146.11
4144.97
4143.44
4141.75
4140.21
4139
4137.97
4136.83
4135.37
4133.4
4131.29
4129.38
4128
4126.73
4125.55
4124.55
4124
4123.84
4123.8
4123.96
4124.07
4124.4
4124.65
4124.68
4124.47
4124.23
4123.95
4123.41
4122.98
4122.48
4121.86
4121.33
4121.22
4115.83
4294.25
4414.03
4500.77
4500.58
4484.94
4441.29
4377.01
4334.93
4303.38
4290.93
4277.55
4274.01
4275.13
4277.43
4277.01
4276.04
4275.85
4276.27
4276.79
4277.1
4277.33
4277.2
4276.52
4275.19
4273.45
4271.81
4270.62
4269.69
4268.72
4267.57
4266.37
4265.34
4264.64
4264.17
4263.73
4263.07
4262.09
4260.82
4259.43
4258.07
4256.9
4255.86
4255.02
4254.27
4253.32
4252.26
4251.17
4250.03
4249.3
4249.91
4250.83
4249.33
4243.03
4231.1
4216.54
4202.89
4193.4
4188.16
4185.64
4182.6
4177.89
4172.64
4168.45
4166.16
4165.23
4164.42
4162.69
4159.8
4156.44
4153.55
4151.61
4150.49
4149.72
4148.7
4147.19
4145.3
4143.06
4140.52
4137.96
4135.96
4134.78
4134.18
4133.67
4132.81
4131.47
4129.45
4127.04
4124.85
4123.21
4122.05
4120.89
4119.95
4119.43
4119.41
4119.55
4119.87
4120.12
4120.59
4121
4121.2
4121.1
4120.92
4120.66
4120.09
4119.76
4119.34
4118.81
4118.35
4118.33
4051.03
4142.08
4317.7
4492.22
4493.53
4478.92
4463.99
4424.18
4376.37
4326
4306
4291.44
4278.23
4277.58
4278.1
4276.8
4275.08
4275.09
4275.59
4276.25
4276.69
4277.27
4277.49
4277.31
4276.45
4274.99
4273.35
4271.89
4270.66
4269.57
4268.53
4267.52
4266.58
4265.79
4265.16
4264.64
4264.07
4263.28
4262.17
4260.83
4259.43
4258.16
4257.08
4256.17
4255.37
4254.46
4253.38
4252.18
4250.92
4249.76
4249.21
4249.64
4250.06
4248.4
4242.55
4232.23
4218.1
4203.89
4192.69
4186
4182.84
4180.67
4177.68
4173.34
4168.49
4164.45
4162.15
4161.3
4160.73
4159.46
4156.96
4153.42
4149.66
4146.66
4144.88
4144.13
4143.76
4142.99
4141.33
4138.76
4135.85
4133.41
4131.75
4130.69
4129.61
4128.25
4126.32
4123.98
4122.05
4120.57
4119.7
4118.46
4117.21
4116.21
4115.9
4115.89
4116.07
4116.26
4116.59
4116.96
4117.22
4117.15
4116.96
4116.71
4116.09
4115.69
4115.23
4114.7
4114.24
4114.09
4024.73
4063.9
4174.55
4340.19
4424.03
4466.14
4477.38
4464.37
4425.37
4372.44
4329.43
4306.68
4284.46
4279.45
4278.86
4276.64
4274.47
4274.4
4275.06
4275.91
4276.52
4277.04
4277.76
4277.9
4277.51
4276.44
4274.95
4273.44
4271.97
4270.63
4269.48
4268.54
4267.76
4267.1
4266.45
4265.74
4264.95
4264.05
4262.95
4261.75
4260.56
4259.48
4258.54
4257.67
4256.81
4255.8
4254.61
4253.29
4251.85
4250.44
4249.32
4248.72
4248.9
4248.89
4247.14
4242.55
4233.35
4220.84
4206.8
4194.65
4185.41
4180.37
4177.69
4175.96
4173.62
4169.86
4165.55
4161.73
4158.94
4157.14
4155.83
4154.41
4152.42
4149.74
4146.79
4144.23
4142.41
4141.02
4139.5
4137.65
4135.75
4134.17
4132.8
4131.58
4130.12
4128.37
4126.09
4123.2
4120.78
4118.9
4118.23
4117.34
4116.38
4115.47
4115.26
4115.37
4115.48
4115.55
4115.57
4115.7
4115.82
4115.65
4115.35
4114.92
4114.21
4113.72
4113.18
4112.6
4111.91
4111.24
4015.08
4029.59
4074.28
4176.43
4329.8
4457.49
4475.3
4466.96
4451.51
4424.19
4376.13
4333.74
4302.94
4285.69
4283.42
4278.7
4274.62
4274.49
4275.37
4276.24
4276.3
4276.61
4277.29
4277.62
4277.53
4277.07
4276.28
4275.25
4274.03
4272.67
4271.29
4270.01
4268.87
4267.98
4267.25
4266.52
4265.71
4264.81
4263.77
4262.69
4261.73
4260.91
4260.17
4259.39
4258.46
4257.27
4255.86
4254.37
4252.85
4251.39
4250.12
4249.1
4248.53
4248.4
4247.96
4246.64
4242.38
4235.11
4224.55
4211.72
4198.34
4187.09
4179.85
4175.72
4173.61
4171.71
4169.87
4167.05
4163.02
4158.83
4155.32
4152.6
4150.46
4148.84
4147.6
4146.31
4144.72
4142.8
4140.51
4137.85
4135.23
4133.33
4132.15
4131.4
4130.36
4128.88
4126.88
4124.22
4121.87
4119.93
4119.24
4118.41
4117.28
4115.86
4115.2
4115.21
4115.24
4115.4
4115.4
4115.63
4115.88
4115.82
4115.51
4114.94
4114.18
4113.55
4113
4112.34
4111.54
4110.48
4011.63
4016.68
4032.41
4076.01
4175.61
4319.26
4418.14
4436.62
4453.33
4452.34
4432.29
4385.73
4342.48
4308.43
4294.77
4285.04
4276.38
4276.36
4277.4
4276.79
4275.8
4275.71
4276.43
4277.17
4277.16
4277.17
4277.08
4276.78
4276.14
4275.12
4273.76
4272.18
4270.54
4269.11
4268.05
4267.21
4266.44
4265.63
4264.71
4263.75
4262.94
4262.27
4261.64
4260.9
4259.92
4258.62
4257
4255.31
4253.74
4252.32
4251.07
4250.04
4249.16
4248.52
4247.99
4247.33
4245.74
4242.32
4236.69
4228.16
4216.87
4203.78
4191.39
4181.54
4175.31
4171.42
4169.07
4167.55
4165.6
4162.84
4159.44
4155.59
4151.73
4148.58
4146.4
4145.04
4144.22
4143.25
4141.7
4139.52
4137.01
4134.78
4133.05
4131.79
4130.49
4128.92
4126.94
4124.47
4122.15
4120.32
4119.78
4119.51
4118.82
4117.43
4116.46
4116.41
4116.46
4116.54
4116.29
4116.27
4116.4
4116.35
4116.04
4115.42
4114.68
4113.89
4113.39
4112.73
4111.97
4110.88
4010.47
4012.1
4017.47
4032.56
4072.06
4160.45
4290.54
4391.88
4451.51
4452.29
4445.23
4427.59
4395.24
4355.04
4317.48
4297.96
4282.33
4280.94
4279.15
4275.71
4274.11
4274.38
4275.6
4276.49
4276.65
4276.8
4277
4277.13
4277.01
4276.61
4275.78
4274.46
4272.72
4270.92
4269.48
4268.43
4267.58
4266.79
4265.91
4264.93
4264.06
4263.37
4262.7
4261.94
4260.97
4259.67
4258
4256.22
4254.63
4253.27
4252.07
4251.04
4250.09
4249.24
4248.44
4247.67
4246.69
4244.98
4242.29
4238
4231.46
4222.06
4210.37
4197.58
4186.24
4177.56
4171.34
4167.53
4164.5
4162.34
4160.45
4157.82
4154.81
4151.84
4148.94
4146.29
4144.21
4142.62
4141.08
4139.18
4137.02
4135.27
4134.08
4133.1
4131.88
4130.21
4128.15
4125.75
4123.27
4121.09
4120.15
4120.17
4120.12
4119.22
4117.98
4117.61
4117.68
4117.78
4117.54
4117.46
4117.49
4117.48
4117.1
4116.4
4115.65
4114.71
4114.25
4113.64
4112.81
4111.82
4010.12
4010.6
4012.3
4017.21
4030.98
4062.9
4136.51
4250.01
4364.7
4420.36
4424.66
4426.86
4427.15
4411.94
4375.56
4336.51
4310.23
4293.03
4283.62
4275.82
4274.1
4274.42
4275.73
4276.16
4276.06
4276.17
4276.62
4277
4277.04
4276.96
4276.65
4275.91
4274.63
4273.02
4271.46
4270.22
4269.2
4268.26
4267.31
4266.29
4265.37
4264.61
4263.84
4262.98
4261.99
4260.76
4259.25
4257.6
4256.11
4254.85
4253.68
4252.54
4251.47
4250.46
4249.47
4248.47
4247.37
4245.98
4244.29
4242.13
4239.01
4234.16
4227.01
4217.2
4205.31
4193.56
4182.62
4174.29
4167.99
4163.46
4160.38
4157.54
4155.02
4152.89
4150.85
4148.86
4146.81
4144.67
4142.52
4140.18
4137.58
4135.32
4133.96
4133.22
4132.44
4131.11
4129.24
4127.09
4125
4123.16
4121.9
4121.54
4121.56
4121.01
4119.62
4118.61
4118.58
4118.82
4118.76
4118.64
4118.6
4118.62
4118.28
4117.62
4116.9
4115.94
4115.58
4115.16
4114.52
4114.06
4010.03
4010.16
4010.64
4012.18
4016.36
4027.36
4051.76
4109.73
4206.82
4314.66
4381.64
4425.5
4430.3
4425.68
4414.24
4389.64
4357.09
4323.38
4303.65
4289.26
4280.37
4280.2
4279.07
4276.69
4275.39
4275.6
4276.12
4276.13
4276.06
4276.09
4276.19
4276.14
4275.8
4274.99
4273.75
4272.42
4271.22
4270.07
4268.95
4267.83
4266.83
4266.03
4265.23
4264.3
4263.28
4262.19
4260.98
4259.67
4258.41
4257.26
4256.12
4254.91
4253.66
4252.44
4251.23
4250
4248.67
4247.11
4245.4
4243.77
4242.01
4239.65
4236.09
4230.78
4223.08
4213.32
4201.83
4189.98
4179.81
4171.23
4165.21
4160.15
4156.09
4153.66
4151.3
4148.94
4147.45
4146.15
4144.51
4142.38
4139.67
4136.96
4135.19
4133.97
4132.89
4131.6
4130
4128.03
4126.04
4124.3
4122.99
4122.45
4122.61
4122.84
4122.12
4120.71
4120.1
4120.29
4120.45
4120.38
4120.2
4120.05
4119.83
4119.41
4118.95
4118.2
4118.17
4118.51
4118.97
4119.66
4010.01
4010.04
4010.16
4010.58
4011.82
4015.15
4023.07
4041.44
4081.4
4154.16
4252.7
4337.9
4402.99
4403.3
4404.59
4405.27
4400.22
4381.62
4349.77
4320.2
4300.4
4291.74
4284.15
4276.77
4275.7
4276.25
4276.4
4276.03
4275.72
4275.72
4275.94
4276.62
4276.79
4276.42
4275.47
4274.28
4273.2
4272.13
4270.99
4269.79
4268.6
4267.62
4266.72
4265.75
4264.74
4263.82
4262.94
4262.02
4261.05
4260.02
4258.87
4257.58
4256.22
4254.87
4253.52
4252.13
4250.64
4248.97
4247.07
4245.32
4243.81
4242.21
4240.09
4237.12
4232.97
4227.33
4219.92
4210.07
4198.92
4187.45
4177.51
4169.21
4162.07
4157.67
4153.87
4150.19
4147.8
4146.25
4144.88
4143.28
4140.99
4138.22
4136.48
4135.47
4134.44
4133.12
4131.48
4129.43
4127.24
4125.65
4124.43
4123.72
4123.82
4124.34
4124.33
4123.36
4122.12
4121.79
4121.91
4122.11
4122.33
4122.49
4122.57
4122.73
4123.12
4123.48
4124.46
4126.43
4129.54
4133.2
4010
4010.01
4010.04
4010.14
4010.47
4011.39
4013.75
4019.31
4031.84
4056.26
4107.86
4190.08
4285.03
4341.03
4384.39
4406.24
4404.78
4400.29
4391.3
4372.67
4346.4
4319.44
4301.7
4288.81
4285.6
4284.2
4281.09
4277.42
4276.01
4276.13
4277.17
4278.38
4278.27
4277.6
4276.56
4275.67
4274.99
4274.3
4273.42
4272.34
4271.02
4269.69
4268.51
4267.36
4266.29
4265.51
4264.9
4264.27
4263.52
4262.57
4261.36
4259.95
4258.54
4257.21
4255.89
4254.51
4253
4251.31
4249.43
4247.52
4245.88
4244.37
4242.67
4240.52
4237.73
4234.33
4230.24
4224.84
4217.68
4208.39
4197.14
4186.35
4176.06
4167.6
4160.87
4155.37
4151.09
4147.87
4145.9
4144.23
4142.07
4139.17
4136.95
4136.07
4135.44
4134.57
4133.21
4131.19
4128.74
4127.1
4126.24
4125.6
4125.26
4125.31
4125.52
4125.34
4124.57
4124.18
4124.35
4124.63
4125.17
4126.1
4127.52
4129.55
4132.2
4135.82
4140.86
4148.99
4162.43
4180.49
4010
4010
4010.01
4010.03
4010.11
4010.34
4010.97
4012.53
4016.1
4023.82
4039.12
4071.43
4123.32
4206.62
4288.44
4346.37
4369.96
4382.6
4386.79
4385.69
4380.47
4366.3
4344.62
4323.66
4306.93
4295.66
4286.41
4281.36
4279.6
4278.94
4279.01
4278.86
4278.26
4276.87
4276.09
4275.73
4275.5
4275.21
4274.68
4274
4273.15
4272.04
4270.78
4269.51
4268.31
4267.39
4266.72
4266.09
4265.37
4264.46
4263.31
4261.98
4260.65
4259.46
4258.3
4257.05
4255.63
4254.03
4252.27
4250.41
4248.63
4246.96
4245.23
4243.25
4240.88
4238.15
4235.33
4232.24
4228.39
4223.34
4216.26
4207.32
4196.99
4185.74
4175.34
4166.75
4159.75
4153.42
4149.65
4147.36
4144.77
4141.4
4138.23
4136.9
4136.43
4135.79
4134.69
4133.02
4130.69
4128.56
4127.67
4127.16
4126.72
4126.56
4126.81
4127.3
4127.71
4128.22
4128.8
4129.9
4131.99
4135.6
4141.24
4149.43
4161.79
4180.18
4209.14
4256.42
4338.07
4441.35
4010
4010
4010
4010.01
4010.02
4010.08
4010.22
4010.62
4011.56
4013.71
4018.15
4027.47
4044.78
4077.27
4132.68
4204.61
4277.93
4335.69
4359.86
4375.89
4377.95
4375.78
4371.17
4363.35
4349.35
4329.5
4311.48
4299.23
4291.47
4284.69
4279.46
4278.74
4277.9
4276.8
4276.42
4276.58
4277.04
4276.89
4276.3
4275.52
4274.9
4274.23
4273.31
4272.1
4270.81
4269.79
4268.96
4268.12
4267.16
4266.1
4265.04
4263.95
4262.83
4261.74
4260.64
4259.44
4258.14
4256.79
4255.35
4253.76
4252.04
4250.21
4248.26
4246.16
4243.83
4241.22
4238.62
4236.19
4233.64
4230.61
4226.61
4221.41
4214.82
4206.22
4196.37
4185.85
4175.94
4166.75
4159.52
4154.65
4150.58
4146.66
4142.26
4139.13
4138.41
4137.89
4136.88
4135.18
4132.85
4130.64
4129.83
4129.57
4129.33
4129.48
4130.2
4131.92
4134.75
4138.01
4141.98
4148.47
4159.75
4178.05
4206.85
4253.58
4321.41
4442.36
4621.3
4942.76
5441.43
5962.46
4010
4010
4010
4010
4010
4010.02
4010.05
4010.14
4010.36
4010.89
4012.08
4014.55
4019.57
4028.88
4046.24
4077.31
4125.04
4192.36
4257.32
4311.15
4350.72
4361.17
4365.29
4364.55
4362.7
4358.34
4349.99
4336.71
4321.69
4308.29
4295.75
4288.81
4285.06
4282.06
4280.88
4280.05
4279.24
4278.18
4277.24
4277.04
4277.07
4277.04
4276.74
4275.78
4274.14
4272.69
4271.7
4270.74
4269.61
4268.39
4267.36
4266.5
4265.56
4264.44
4263.15
4261.76
4260.41
4259.26
4258.21
4257.04
4255.57
4253.79
4251.76
4249.54
4247.17
4244.54
4241.81
4239.35
4237.02
4234.54
4231.65
4228.13
4223.88
4218.63
4212.44
4204.98
4196.26
4187.35
4178.21
4169.86
4162.49
4156.68
4151.52
4145.8
4142.77
4141.95
4141.09
4139.38
4136.63
4134.85
4134.84
4135.32
4136.41
4138.83
4143.44
4151.39
4163.66
4182.04
4210.05
4254.26
4325.21
4438.95
4632.2
4929.46
5394.07
5996.51
6674.41
7535.23
8250.43
8959.73
4010
4010
4010
4010
4010
4010
4010.01
4010.03
4010.07
4010.19
4010.47
4011.08
4012.36
4014.91
4019.62
4028.52
4043.57
4068.97
4113.57
4168.42
4229.02
4284.67
4316.55
4341.27
4356.53
4358.53
4357.52
4355.36
4350.62
4342.84
4331.98
4318.47
4306.14
4296.76
4290.19
4284.75
4280.04
4278.91
4278.26
4278.03
4278.25
4278.15
4278.06
4277.52
4276.75
4275.98
4275.29
4274.56
4273.67
4272.61
4271.48
4270.38
4269.23
4267.84
4266.2
4264.54
4263.01
4261.75
4260.76
4259.8
4258.58
4256.96
4255.07
4253.02
4250.84
4248.32
4245.55
4242.91
4240.4
4237.82
4235.13
4232.23
4229.01
4225.14
4220.71
4216.04
4210.8
4204.88
4197.97
4190.7
4182.96
4173.77
4166.76
4160.8
4154.08
4151.25
4150.64
4149.69
4148.51
4149.13
4151.77
4157.52
4168.26
4186.61
4217.92
4265.73
4344.29
4467.92
4667.47
4990.71
5473.34
6056.15
6812.8
7619.81
8323.18
8967.14
9724.99
10122.1
10480.9
10951.7
4010
4010
4010
4010
4010
4010
4010
4010
4010.01
4010.04
4010.1
4010.23
4010.52
4011.13
4012.34
4014.61
4018.8
4026.05
4038.2
4059.57
4090.25
4137.51
4193.74
4244.2
4290.86
4314.49
4331.4
4344.79
4345.76
4345.04
4344.3
4341.91
4336.75
4328.01
4317.31
4307.35
4299.35
4293.86
4288.9
4283.41
4279.21
4278.42
4278.37
4278.5
4278.18
4277.57
4277.01
4276.36
4275.6
4274.83
4274.21
4273.6
4272.65
4271.27
4269.67
4268.09
4266.52
4264.93
4263.52
4262.42
4261.3
4259.9
4258.21
4256.45
4254.6
4252.4
4249.8
4247.2
4244.65
4241.86
4238.94
4236.1
4233.31
4230.08
4226.02
4221.93
4218.16
4214.32
4209.98
4205.21
4200.54
4194.75
4187.95
4182.99
4177.71
4175.88
4177.34
4182.65
4193.45
4212.21
4244.34
4294.95
4385.7
4519.2
4771.01
5129.15
5634.47
6326.12
7044.56
7831.51
8586.28
9256.45
9837.58
10306.3
10670.6
11004.5
11245.6
11381.6
11579.7
11686.8
4010
4010
4010
4010
4010
4010
4010
4010
4010
4010.01
4010.02
4010.04
4010.11
4010.24
4010.51
4011.05
4012.07
4013.97
4017.25
4022.88
4032.34
4046.36
4071.36
4105.6
4148.9
4200.31
4244.4
4284.89
4308.36
4319.51
4332.1
4338.15
4337
4334.76
4332.66
4330.47
4326.67
4319.46
4310.64
4302.63
4295.47
4290.44
4286.7
4284.08
4281.9
4279.68
4277.9
4277.28
4276.8
4276.07
4275.17
4274.46
4273.8
4273.19
4272.73
4272.2
4271.34
4269.95
4268.1
4266.35
4264.94
4263.58
4262.02
4260.37
4258.74
4256.86
4254.44
4251.93
4249.65
4247.13
4243.93
4240.45
4237.77
4234.88
4231.15
4226.71
4223.18
4220.52
4218.09
4216
4214.35
4214.85
4216.34
4220.83
4231.33
4252.63
4288.75
4355.52
4464.62
4637.05
4951.8
5366.27
5989.77
6698.42
7512.95
8282.65
9017.37
9649.94
10186.3
10625.1
10934.4
11264.4
11433.3
11546.3
11701.3
11792.3
11840.1
11912.1
11989.3
11988.9
4010
4010
4010
4010
4010
4010
4010
4010
4010
4010
4010
4010.01
4010.02
4010.05
4010.1
4010.22
4010.46
4010.9
4011.73
4013.16
4015.69
4019.78
4026.44
4037.25
4052.63
4078.19
4114.05
4154.6
4202.33
4243.06
4272.44
4299.96
4313.12
4321.51
4328.94
4329.61
4328.8
4327.16
4324.99
4322.88
4319.09
4312.73
4305.2
4298.73
4293.75
4289.19
4285.36
4283.91
4282.63
4280.72
4278.27
4276.44
4275.94
4275.75
4275.4
4274.78
4273.99
4272.93
4271.63
4270.52
4269.67
4268.74
4267.4
4265.68
4263.68
4261.67
4259.11
4256.32
4254
4251.88
4249
4245.26
4242.31
4239.89
4237.36
4233.95
4231.43
4232.04
4234.98
4241.64
4255.28
4280.16
4325.71
4403.66
4528.71
4773.88
5114.26
5690.39
6406.86
7185.02
8053.36
8867.39
9540.41
10189.1
10618.6
10987.3
11355.6
11505.1
11662.6
11792.8
11850.2
11933.3
11984.2
12022.3
12062.6
12061.3
12053.1
12064.8
12083.8
12082.5
4010
4010
4010
4010
4010
4010
4010
4010
4010
4010
4010
4010
4010
4010.01
4010.02
4010.05
4010.1
4010.2
4010.4
4010.76
4011.4
4012.52
4014.38
4017.47
4022.31
4029.71
4041.76
4058.87
4083.98
4121.4
4161.94
4199.67
4238.45
4270.57
4294.57
4304.03
4311
4320.12
4325.24
4324.82
4323.53
4321.33
4319.31
4317.18
4313.89
4309.06
4302.43
4295.53
4290.93
4287.87
4284.89
4282.71
4281.35
4280.11
4278.95
4277.55
4275.64
4274.04
4273.53
4273.25
4272.73
4271.67
4270.32
4269.05
4267.72
4266.33
4264.47
4261.77
4259.29
4257.44
4255.52
4253.09
4250.44
4250.86
4253.42
4259.71
4272.78
4297.12
4347.45
4427.71
4588.51
4836.99
5286.28
5892.68
6686.48
7602.84
8487.07
9332.8
9995.26
10638.3
10986.3
11353.7
11589.3
11812.1
11908.5
11991.6
12052.3
12078.7
12121.4
12176.2
12201.4
12203.3
12187.2
12177.3
12179.5
12187
12188.2
12186.7
12185.7
12180.7
4010
4010
4010
4010
4010
4010
4010
4010
4010
4010
4010
4010
4010
4010
4010
4010.01
4010.02
4010.04
4010.09
4010.18
4010.34
4010.63
4011.14
4011.99
4013.41
4015.7
4019.26
4024.84
4033.27
4045.67
4064.89
4090.85
4124.66
4164.61
4204.17
4238.11
4263.17
4284.5
4302.18
4309.61
4313
4315.84
4318.75
4319.51
4319.27
4318.29
4316.38
4313.14
4308.66
4304.08
4299.08
4293.25
4288.68
4286.21
4284.83
4283.34
4281.23
4278.8
4277.25
4276.52
4275.74
4274.49
4272.85
4271.82
4271.33
4270.69
4269.9
4268.34
4267.47
4268.13
4270.97
4277.15
4289.4
4312.12
4361.63
4442.59
4608
4870.62
5370.11
6026.09
6907.81
7859.93
8814.58
9622.88
10355.3
10811
11343.4
11610
11816
12053.1
12078.5
12119
12166.4
12205.5
12232.5
12257.3
12261.4
12258.1
12251.8
12241.9
12232.2
12225.3
12220.1
12218.4
12221
12222.3
12217.2
12210.4
12206.3
12202.2
4010
4010
4010
4010
4010
4010
4010
4010
4010
4010
4010
4010
4010
4010
4010
4010
4010
4010.01
4010.02
4010.04
4010.08
4010.15
4010.28
4010.52
4010.91
4011.58
4012.67
4014.37
4017.06
4021.25
4027.26
4036.56
4050.06
4069.69
4096.62
4131.53
4169.74
4203.13
4232.31
4262.79
4287.35
4294.67
4299.87
4307.12
4312.09
4314.22
4315.67
4315.79
4315.41
4314.28
4312.32
4309.03
4304.53
4300.22
4296.31
4292.31
4288.46
4285.56
4282.39
4281.08
4280.37
4279.79
4278.85
4277.78
4277.56
4278.13
4280.26
4285.21
4295.82
4316.05
4361.17
4437.65
4594.67
4849.85
5364.37
6070.37
6972.92
7989.44
8985.14
9940.2
10506.8
11074.6
11443.2
11766
12060.7
12266.5
12342.8
12308
12279.4
12305
12348.7
12380.5
12386.8
12383.4
12374.5
12363.6
12350.8
12334.4
12322.2
12315.8
12310
12299.6
12291.5
12286.4
12281.6
12274.8
12264.8
12253.5
12245.5
12238.1
4010
4010
4010
4010
4010
4010
4010
4010
4010
4010
4010
4010
4010
4010
4010
4010
4010
4010
4010
4010.01
4010.02
4010.04
4010.07
4010.13
4010.24
4010.42
4010.74
4011.25
4012.09
4013.39
4015.42
4018.51
4023.06
4029.9
4040.14
4054.58
4074.54
4102.94
4136.77
4168.69
4205.06
4238.55
4256.9
4274.75
4294.43
4300.37
4302.85
4307.3
4311.33
4311.52
4311.43
4311.56
4311.29
4310.44
4308.69
4305.98
4302.23
4298.45
4294.36
4291.22
4288.93
4288.9
4289.96
4293.13
4301.17
4317.88
4354.14
4417.32
4550.51
4777.49
5244.99
5970.79
6885.59
7932.72
9021.89
10083.8
10763.7
11337.5
11614.2
11890.9
12133.4
12407.8
12514.9
12520
12466.9
12405.1
12398.7
12401.3
12400.2
12413.4
12432.9
12430.3
12419.6
12400.1
12375.4
12357.3
12349
12343.3
12338.1
12334.7
12333.2
12327.4
12318.3
12311.5
12305.7
12298.2
12289.5
12284.8
12282.2
12279.9
4010
4010
4010
4010
4010
4010
4010
4010
4010
4010
4010
4010
4010
4010
4010
4010
4010
4010
4010
4010
4010
4010.01
4010.02
4010.03
4010.06
4010.11
4010.2
4010.35
4010.6
4011
4011.64
4012.64
4014.18
4016.54
4020
4025.15
4032.84
4043.04
4058.64
4080.67
4106.46
4140.51
4177.54
4204.98
4232.92
4258.37
4272.51
4285.1
4297.78
4302.52
4305.24
4307.72
4309.28
4309.36
4309.54
4310.23
4310.97
4310.76
4311.28
4312.49
4316.86
4327.82
4353.18
4400.06
4503.65
4694.34
5085.11
5731.69
6640.52
7712.85
8878.43
10000.5
10762.6
11460.8
11744
12002.9
12260.3
12526.2
12659.4
12686.5
12674.8
12621
12590.6
12577.6
12559.8
12547.2
12548.8
12549.2
12533.3
12511.1
12488.5
12462.8
12438
12413.4
12387.1
12369.9
12360.8
12354.4
12349.5
12347.1
12344.4
12337.8
12329.4
12320.3
12314.5
12311.2
12309
12306.4
12303.4
12301.1
4010
4010
4010
4010
4010
4010
4010
4010
4010
4010
4010
4010
4010
4010
4010
4010
4010
4010
4010
4010
4010
4010
4010
4010.01
4010.02
4010.03
4010.05
4010.09
4010.17
4010.29
4010.48
4010.8
4011.3
4012.07
4013.27
4015.04
4017.73
4021.65
4027.14
4035.4
4047.04
4062.68
4086.3
4114.6
4142.63
4176
4209.36
4232.92
4253.85
4270.98
4284.21
4293.48
4300.88
4307.05
4311
4314.55
4320.06
4330.52
4352.18
4392.08
4474.19
4630.85
4952.73
5467.17
6355.3
7464.7
8590.36
9717.65
10606.7
11521.8
11890.3
12086
12329.1
12603.1
12772.7
12845.8
12879.7
12881.8
12855.3
12804.9
12741.6
12680.4
12657.7
12648.6
12641.4
12625.2
12603
12581.3
12558.7
12529.3
12494.4
12467.6
12448.2
12431.2
12415.2
12402.8
12392.5
12382.5
12372.5
12362.4
12355.4
12350.2
12344.9
12338.4
12332.4
12327.9
12324.8
12322.3
12320.5
12319.1
4010
4010
4010
4010
4010
4010
4010
4010
4010
4010
4010
4010
4010
4010
4010
4010
4010
4010
4010
4010
4010
4010
4010
4010
4010
4010.01
4010.01
4010.03
4010.05
4010.08
4010.14
4010.24
4010.39
4010.64
4011.03
4011.64
4012.56
4013.95
4015.99
4018.99
4023.3
4029.59
4038.25
4050.72
4067.24
4089.07
4118.22
4149.37
4179.85
4209.71
4238.63
4263.54
4287.93
4303.79
4327.03
4363.86
4427.24
4554.75
4821.82
5267.63
6078.71
7219.78
8280.64
9398.53
10383.4
11241
11950.4
12307
12540.5
12850.9
12985.1
12984.6
12986.6
12970.9
12917.1
12903.5
12885
12852
12812.7
12790.4
12778.3
12770
12755.1
12731.2
12699.7
12660.3
12617.5
12571.9
12524.6
12485.5
12465.2
12455.3
12446.8
12437
12429.2
12422.5
12414
12404.1
12392.1
12379.5
12371.8
12365.8
12360.8
12356.4
12350.8
12345.1
12340.5
12336.9
12333.9
12331.2
4010
4010
4010
4010
4010
4010
4010
4010
4010
4010
4010
4010
4010
4010
4010
4010
4010
4010
4010
4010
4010
4010
4010
4010
4010
4010
4010
4010.01
4010.01
4010.02
4010.04
4010.07
4010.12
4010.19
4010.32
4010.52
4010.82
4011.3
4012.01
4013.09
4014.69
4017.13
4020.63
4025.77
4033.02
4043.36
4058.55
4079.39
4111.04
4134.71
4164.88
4208.86
4270.64
4372.44
4587.84
4955.36
5592.25
6684.56
7899.73
9172.88
10237.4
10939.5
11579.5
12441.5
12815.2
12890.5
12954.6
12954
12907.6
12909.3
12981
13049.6
13069
13061.8
13043.8
13009.4
12965.8
12922
12884.3
12858.6
12839.9
12818.8
12788.9
12749.5
12706
12661.6
12613.6
12566.2
12527.5
12502.6
12487.9
12477.9
12468.8
12457.7
12443.9
12432.6
12422.8
12412
12398.5
12388.4
12382.1
12377
12373.1
12371.9
12368.5
12361.5
12355
12349.8
12345.1
12340.9
4010
4010
4010
4010
4010
4010
4010
4010
4010
4010
4010
4010
4010
4010
4010
4010
4010
4010
4010
4010
4010
4010
4010
4010
4010
4010
4010
4010
4010
4010.01
4010.01
4010.02
4010.03
4010.06
4010.1
4010.17
4010.29
4010.48
4010.77
4011.3
4011.84
4012.65
4013.96
4016.13
4019.82
4026.18
4037.27
4057.97
4097.7
4177.4
4331.77
4665.8
5164.36
5956.14
7175.09
8433.07
9714.8
10567.3
11245.9
12128.4
12694
12803.5
12802.4
12794.8
12858.7
12945.9
13067.4
13143.7
13152.6
13130.7
13129.2
13134.3
13120.6
13108.6
13097.3
13077.6
13046.6
13010.7
12974.6
12936.9
12892.4
12837.4
12781.6
12736.1
12696.4
12657.1
12616.7
12580.4
12556.3
12540.5
12527.7
12515.2
12501.4
12485.1
12466.8
12451.4
12440.7
12430.8
12418.6
12406.7
12398.3
12392.1
12387
12383.1
12378.2
12371.8
12365.6
12359.7
12354.2
12349.4
4010
4010
4010
4010
4010
4010
4010
4010
4010
4010
4010
4010
4010
4010
4010
4010
4010
4010
4010
4010
4010
4010
4010
4010
4010
4010
4010
4010
4010
4010
4010
4010.01
4010.01
4010.02
4010.04
4010.08
4010.16
4010.33
4010.65
4011.26
4012.71
4015.64
4021.3
4032.38
4056.31
4106.92
4198.73
4418.3
4855.04
5498.26
6551.14
7860.42
9019.7
10078.3
10701
11338
12102.2
12427.1
12469.5
12551.6
12727
12858.7
12876.3
12880.7
12907.5
12964.7
13059.3
13155
13180.5
13178.7
13167.5
13146.9
13128.9
13110.8
13084
13043.1
13002.3
12972.6
12943.2
12909.5
12869.5
12826.1
12784.5
12746.1
12710.5
12675.8
12643.3
12617.4
12597
12579.6
12563
12545.5
12528.3
12511
12490
12470.9
12460.1
12450.8
12440
12426.3
12413.6
12404.4
12397.1
12390.4
12383.5
12376.7
12370.6
12364.9
12360
12355.6
4010
4010
4010
4010
4010
4010
4010
4010
4010
4010
4010
4010
4010
4010
4010
4010
4010
4010
4010
4010
4010
4010
4010
4010
4010
4010
4010
4010
4010
4010
4010.01
4010.02
4010.05
4010.11
4010.27
4010.59
4011.29
4012.83
4016.11
4022.86
4037.57
4071.23
4137.51
4264.3
4595.41
5164.55
6010.19
7273.95
8456.97
9629.13
10516.7
10937.7
11496.5
12139.4
12323.4
12436.4
12623.3
12716.5
12709.2
12678
12697.6
12749.7
12826.4
12879.8
12913.4
12958.9
13013
13070.4
13102.3
13104.2
13093
13058.7
13007.2
12969.4
12935.9
12902.3
12886.2
12879.2
12877.3
12875.4
12863.6
12840.6
12809
12773.4
12739.6
12709.9
12684.1
12660.3
12636.3
12611.7
12589
12569.1
12549.8
12530.4
12508.2
12486.9
12474.9
12465.6
12456
12444.9
12431.6
12418.1
12409.1
12401.8
12394.6
12387.4
12380.8
12375.3
12370.7
12366.4
4010
4010
4010
4010
4010
4010
4010
4010
4010
4010
4010
4010
4010
4010
4010
4010
4010
4010
4010
4010
4010
4010
4010
4010
4010
4010
4010
4010
4010.01
4010.04
4010.09
4010.24
4010.58
4011.37
4013.26
4017.35
4026.21
4046.74
4093.15
4182.62
4388.4
4879.9
5574.02
6580.97
7915.83
9102.18
10356.9
10951.2
11335.1
11887.2
12282.7
12359.5
12480.3
12558.8
12544
12507.4
12518.9
12548.9
12602.1
12637.2
12646.9
12660.7
12698
12759.7
12802.5
12830.8
12847.1
12860.9
12878.6
12886.2
12882.4
12867.6
12850.4
12844.3
12841.8
12840.1
12840.2
12841
12843.9
12851.9
12848.2
12833.5
12809.8
12782.3
12752.9
12725.3
12700.9
12678
12654.5
12629.4
12604.1
12580.4
12559
12540.1
12522.9
12505
12490
12480.1
12471.5
12462.2
12450.4
12436.5
12426.6
12418.9
12411.5
12404
12396.8
12390.4
12384.9
12379.2
4010
4010
4010
4010
4010
4010
4010
4010
4010
4010
4010
4010
4010
4010
4010
4010
4010
4010
4010
4010
4010
4010
4010
4010
4010
4010.01
4010.03
4010.07
4010.19
4010.5
4011.29
4013.28
4018
4029.73
4059.21
4121.62
4248.4
4586.2
5198.96
6068.01
7369.96
8696.99
9761.59
10755.4
11145.8
11551.1
12045.5
12199.7
12214.7
12256.1
12329.9
12424.9
12497.9
12534.4
12528.3
12501.9
12477.8
12479.4
12498.2
12533
12559.1
12577.8
12596.5
12620.5
12651.3
12672.8
12676.9
12675.8
12679.5
12684.1
12678.1
12675.4
12680.5
12694.7
12718.9
12745.8
12748.4
12745.5
12749.4
12752.9
12738
12716.1
12708.7
12702.2
12687.4
12675
12668.7
12658.8
12642.8
12621.3
12598.5
12579.1
12563.9
12550.3
12536.3
12521.1
12504.4
12492.9
12484.1
12475
12464
12450
12439.2
12431.1
12423.9
12417.1
12410.5
12404.2
12398.5
12392.5
4010
4010
4010
4010
4010
4010
4010
4010
4010
4010
4010
4010
4010
4010
4010
4010
4010
4010
4010
4010
4010
4010
4010
4010.02
4010.05
4010.14
4010.38
4011.05
4012.9
4017.7
4030.6
4064.63
4141.65
4339.65
4846.79
5598.86
6711.76
8161.2
9360.18
10597
11206.1
11487.4
11922.4
12424.7
12474.4
12496.2
12566
12613.9
12612.9
12585
12498.3
12474.5
12485.8
12518.9
12566.2
12572.8
12567.8
12555.6
12550.2
12552.4
12553
12552.9
12552.2
12547.9
12544
12543.7
12543.6
12546.6
12553.3
12549.4
12539.3
12535.5
12539.2
12551.8
12561.2
12566.8
12567.2
12568.1
12578.8
12594.9
12592.9
12588.3
12590.2
12604
12616.6
12616.9
12615.4
12616.4
12613.5
12602.9
12587.5
12576.7
12569
12561.8
12552.6
12538.5
12520.8
12508.5
12498.7
12488.9
12477.6
12463
12449.9
12440.9
12433.2
12425.8
12419.1
12413.3
12407.9
12402.3
4010
4010
4010
4010
4010
4010
4010
4010
4010
4010
4010
4010
4010
4010
4010
4010
4010
4010
4010
4010
4010.01
4010.02
4010.07
4010.23
4010.71
4012.12
4016.1
4027.74
4061.75
4143.83
4387.63
4929.08
5840.74
7297.48
8834.52
10121.1
11144.1
11442.3
11774.8
12222.8
12327.2
12310.4
12354.7
12440.9
12494.6
12529.5
12584.6
12641.6
12645.1
12630.2
12592.2
12553.6
12545.2
12551.4
12572.2
12585.9
12586.8
12582.8
12569.7
12548.6
12535
12524.8
12513.3
12501.4
12493.5
12489
12487.4
12484.3
12474.9
12456.4
12444
12443.6
12445.5
12441.2
12427.4
12423.3
12423.4
12421.3
12421
12428.5
12443.5
12452.6
12459.9
12475.5
12501.3
12519.7
12530.4
12539.8
12546.2
12547.5
12546.3
12542.3
12538.1
12535.5
12531.4
12519.4
12504.6
12494.4
12487
12479.9
12470.5
12455.8
12443.6
12435.6
12429.9
12425.1
12421.1
12415.4
12410.7
12406.2
4010
4010
4010
4010
4010
4010
4010
4010
4010
4010
4010
4010
4010
4010
4010
4010
4010
4010
4010.01
4010.03
4010.1
4010.33
4011.09
4013.61
4021.64
4047.56
4118.94
4343.99
4884.17
5938.67
7523.88
8976.31
10539.9
11186.8
11427.5
11877.1
12275.2
12304.1
12373.9
12514.2
12578.6
12577
12559.1
12521.2
12485.1
12452
12446.5
12464.1
12497.8
12541
12554.4
12550
12546.4
12545
12549.1
12556.4
12557.8
12555.3
12546.1
12526.7
12501.7
12481
12467.5
12461.8
12459.5
12459.8
12461.1
12454.6
12437.8
12417.7
12404.1
12393.3
12381.3
12363.4
12339.4
12329.8
12326.9
12327.8
12330.4
12333.9
12341.5
12348.7
12353.7
12361.6
12377.4
12397.9
12410.5
12419.7
12425.1
12432.3
12441.4
12446.6
12446.2
12447.3
12450.2
12449.6
12448.3
12446.5
12447.4
12447.8
12446
12441.4
12437.4
12433.9
12433
12433.1
12432.7
12430.6
12426.9
12422.5
4010
4010
4010
4010
4010
4010
4010
4010
4010
4010
4010
4010
4010
4010
4010
4010
4010.01
4010.03
4010.11
4010.4
4011.43
4015.08
4028.32
4072.06
4226.19
4685.78
5648.8
7281.41
8985.25
10543.5
11257.2
11971.8
12542.5
12571.1
12541.5
12571.7
12598.2
12586.6
12557.9
12563.9
12583.7
12585.9
12580.5
12565.8
12533.6
12490.6
12456.2
12450.5
12455.6
12472.1
12499.2
12526.4
12535.3
12535
12531.8
12526.1
12518.8
12509.3
12496.7
12480.2
12463.8
12452
12445.3
12443
12444.3
12450.8
12452.8
12444.7
12426.9
12407.6
12391.8
12376.2
12358.6
12338.9
12316.6
12305.9
12300.8
12296.9
12294.4
12290.9
12284.1
12278.1
12277.7
12279.5
12286.4
12292.6
12296.3
12298.7
12301.4
12307.2
12318
12333.8
12348.2
12360
12372
12386.9
12399.3
12408.6
12416.2
12424.4
12431.4
12435.2
12436.3
12435.5
12434.5
12433.1
12430.6
12427.9
12425.1
12422.5
4010
4010
4010
4010
4010
4010
4010
4010
4010
4010
4010
4010
4010
4010
4010.01
4010.02
4010.1
4010.39
4011.56
4015.99
4034.19
4100.04
4354.19
5046.13
6565.78
8451.34
10397.3
11160.8
11777.9
12171
12147.9
12183.9
12390.6
12606.7
12604.5
12615.2
12623
12609
12567.1
12540.1
12542.2
12548.9
12555.3
12560.9
12565.7
12553.5
12523.2
12486.1
12466
12470.9
12490.4
12518.4
12532.8
12534.4
12532.8
12526.7
12514.1
12498
12483.9
12471.9
12460.8
12451.1
12444.3
12439.7
12439.2
12445.2
12445.3
12436.4
12418.8
12397.3
12376.3
12356.3
12335.1
12312.7
12291.8
12280.3
12274.2
12267.6
12257.1
12244.2
12227.4
12210.4
12200.3
12195.8
12194.3
12188.7
12183.1
12179.9
12179.7
12183.2
12193.6
12211.5
12233.8
12255.4
12275.8
12297.2
12317.4
12336.4
12351.2
12364.6
12376.8
12387.3
12394.4
12399.8
12403
12404.2
12404.7
12406.7
12406.6
12406.7
4010
4010
4010
4010
4010
4010
4010
4010
4010
4010
4010
4010
4010
4010.01
4010.07
4010.3
4011.28
4015.73
4035.9
4115.72
4453.26
5480.89
7220.6
9335.09
10656.9
11462.8
12171.2
12320.7
12500
12563.6
12527
12374.9
12378.2
12438.8
12495.7
12531.6
12542.7
12534.8
12511.2
12498.1
12499.6
12506.5
12517.8
12535.7
12557.7
12572.3
12570.4
12557.4
12532.8
12512.7
12514.8
12525.2
12537.8
12541.2
12540.8
12535.2
12520.7
12502.5
12487.6
12476.1
12466.5
12457.8
12450.8
12444.1
12438.9
12436.1
12430
12416.7
12395.4
12368.4
12342.4
12319.8
12297.5
12274.9
12256.6
12245.2
12236.8
12226
12211.5
12192.6
12170.5
12149.3
12130.2
12123.6
12116.5
12107.3
12099.2
12095.6
12097.3
12102
12111.2
12127
12149
12173.7
12199.2
12224.2
12248.6
12270.7
12290.4
12307.7
12323.1
12337.1
12347.2
12354.9
12361.8
12366.7
12370.3
12374.4
12376.4
12379.8
4010
4010
4010
4010
4010
4010
4010
4010
4010
4010
4010
4010.01
4010.03
4010.19
4010.85
4014.13
4029.42
4112.9
4472.6
5619.18
7674.71
9862.04
11384.4
12387.5
12568
12562.5
12559
12515.4
12537.1
12589.6
12620.6
12593.7
12522.4
12482.7
12467.4
12469.7
12479.1
12495.6
12510.3
12513.8
12514
12514.3
12515
12519.5
12529.9
12551.9
12563
12562.1
12561.4
12556.5
12549.2
12547.3
12549.3
12549.8
12547
12540.4
12528.4
12514.6
12504
12495.8
12487.2
12477.5
12467.3
12456.1
12443.6
12431.6
12417.9
12398.6
12372.5
12342.8
12317.8
12297.4
12277.1
12257.1
12239.6
12225.6
12213
12198.2
12180
12157.8
12135.4
12110.3
12093.9
12083.7
12071.2
12062.6
12056.2
12054.1
12054.7
12058.1
12065
12075.8
12090.3
12108.5
12128.8
12150.2
12170.9
12190.2
12208.1
12224.8
12240.6
12254.8
12265.9
12275.2
12284.8
12293.5
12303.6
12311.6
12319.8
12330.4
4010
4010
4010
4010
4010
4010
4010
4010
4010
4010
4010.01
4010.08
4010.4
4012.26
4021.85
4079.26
4347.47
5543.81
7800.11
9972.93
11254.7
11750.3
11979.9
12398.1
12631.4
12622.5
12594.5
12520.3
12507
12532.3
12586.6
12618.3
12610.4
12567.1
12506.1
12487.4
12491.4
12506.9
12530
12543.3
12542.9
12536
12525.8
12513.5
12510.4
12519.2
12540.1
12560.8
12568.1
12565.4
12558.9
12551.7
12547.8
12544.4
12538.7
12530.7
12520.8
12513.9
12513.1
12511.5
12508.3
12502.1
12491.8
12476.3
12455.9
12434.3
12411.1
12385
12356.3
12328.8
12309.1
12289.4
12270.9
12251.9
12233.5
12216.5
12201.7
12186.4
12167.8
12145.9
12122.9
12100.6
12086.9
12074.6
12061.7
12051.9
12044.8
12043.9
12047.1
12048.4
12049.9
12054.3
12062.4
12071.4
12081.2
12092.8
12105.4
12118.6
12132.3
12147.1
12162.6
12179.3
12193.2
12207
12219.4
12233.6
12247.3
12260.9
12272.2
12288.1
4010
4010
4010
4010
4010
4010
4010
4010
4010
4010.02
4010.15
4010.83
4015.02
4043.92
4203.04
5159.19
7249.68
9689.38
11851.8
12406.5
12601.5
12559.2
12371
12362.4
12415.2
12487.9
12488.3
12456.1
12440.7
12452.2
12510.1
12597.6
12617.2
12610.5
12581.9
12554
12550.1
12556.6
12574.3
12578
12574.3
12563.2
12533.9
12506.6
12498.3
12501.2
12510.4
12529.7
12543.4
12542.4
12537.3
12527.2
12518.8
12512
12508.2
12506.1
12505.4
12507.9
12514.7
12518.1
12516.1
12511.1
12502
12486.7
12465.1
12437.3
12407.1
12378
12349.6
12325.8
12308.5
12299.1
12287.1
12271.4
12254.3
12237.2
12221.5
12205
12185
12161.3
12135.4
12115.5
12104.6
12094
12083.7
12076.7
12069.1
12057.1
12049.8
12048
12044.8
12041.8
12041.6
12041.4
12041.7
12045.2
12052.7
12061.8
12072
12083.9
12097.2
12112.1
12126.7
12140.8
12152.6
12167.9
12182.1
12196.8
12210.1
12228.3
4010
4010
4010
4010
4010
4010
4010
4010
4010.03
4010.26
4011.57
4020.59
4092.44
4599.67
6430.43
8990.82
11418.7
11677.7
11979
12458.3
12671.4
12673.5
12636.6
12513.6
12439.1
12442.8
12454.6
12452.5
12447.1
12453.3
12476.4
12529.3
12579.3
12594.7
12596.8
12594.2
12590.5
12581.7
12568
12560.2
12553.7
12544.3
12527.9
12506.9
12493.4
12491.2
12493.9
12499.9
12510.7
12513.3
12509.5
12501.3
12493.4
12489.2
12489.3
12491.2
12495.5
12502.9
12512.2
12514.3
12513.2
12510
12501.7
12484.4
12459.7
12432.4
12405.2
12378.6
12353.8
12335.3
12323.4
12313.2
12300.9
12286.1
12269.2
12251.5
12234.1
12216.8
12197.6
12175.8
12152.1
12135.1
12124.2
12114.5
12106.3
12098.4
12089
12077.9
12066.2
12056.2
12045.4
12033.2
12027.2
12022
12017.1
12017.1
12020.6
12027
12034.8
12043.9
12054.2
12065.4
12076.9
12089.5
12099.9
12114
12128.7
12144.9
12159.6
12182.5
4010
4010
4010
4010
4010
4010
4010.01
4010.04
4010.33
4012.69
4029.86
4186.7
5229.48
7784.53
10726.5
11920.1
12763.6
12686
12338.3
12381.6
12482
12605.7
12622.2
12599.1
12521.2
12472.5
12475.6
12481.7
12479.2
12475.5
12486.2
12500.4
12523.8
12557.3
12577.8
12580.4
12577.3
12570
12561.2
12555.1
12549.4
12542.9
12533
12517
12498.6
12486
12481.3
12481.5
12485.1
12489
12487.9
12486.1
12487
12487.2
12487.7
12488.6
12490.7
12498
12504.7
12503.3
12499
12492.8
12481.2
12462
12441.2
12421.9
12402.7
12381.7
12360.8
12344.2
12333.1
12322.7
12310.5
12296
12279.7
12262.2
12244.8
12227.4
12208.5
12187.5
12165.3
12150
12139.5
12130.4
12123.1
12115.7
12106.8
12096.5
12083.1
12065
12045.1
12030
12020.5
12012.6
12003.8
11998.8
11999.7
12002.7
12007.3
12013.2
12021.1
12030.2
12039.5
12050.4
12060.5
12073.4
12086.6
12102.9
12115.4
12138
4010
4010
4010
4010
4010
4010.01
4010.05
4010.38
4013.08
4047.31
4331.25
6078.45
9493.39
11972.2
12533
12592.1
12787.2
12792.8
12690.1
12493.4
12472.3
12501.2
12570.8
12587.2
12568.9
12536
12532.8
12536.6
12538.4
12528.7
12509.3
12505.9
12503.6
12514.3
12539.8
12563.4
12568.1
12567.5
12562.1
12556
12548.7
12543.1
12537.8
12524.3
12505.5
12491.1
12483.5
12482.9
12485.5
12488.4
12492.3
12499
12508.3
12512.7
12511.7
12508.7
12503.5
12499.1
12492.8
12481.7
12470.3
12460.1
12445.2
12427.3
12415.9
12406.4
12394.4
12379.2
12363.9
12351.8
12342
12330.9
12317.8
12302.8
12285.7
12267
12248.9
12231.9
12214.9
12197.8
12180.8
12167.6
12157.3
12148.4
12139.6
12129.6
12116.6
12099.6
12079.9
12057.8
12036
12021.2
12008.4
11998.2
11989.8
11982.5
11982.2
11984.9
11988.7
11993.3
11999.7
12007.2
12015.8
12024.2
12032.8
12042.9
12053.6
12067.6
12078.7
12096.1
4010
4010
4010
4010
4010
4010.04
4010.37
4013.48
4049.44
4590.69
6877.25
9999.99
11334
12202.3
12594.2
12587.4
12630
12700.9
12672.5
12591.5
12490.4
12487.6
12506.8
12547.1
12547.9
12536.7
12538.4
12546.9
12555.5
12556.9
12543.5
12521
12511.6
12510.1
12516.3
12537.6
12542.4
12543.6
12538.5
12530.2
12523.9
12523
12528.3
12523.3
12510.5
12499.8
12490.9
12490.3
12492.2
12498.3
12507.3
12518.1
12528.9
12531.3
12528.9
12522.8
12514.8
12501.2
12482.7
12462.6
12448.8
12437.4
12421.2
12407.3
12402.3
12396.6
12386.3
12370.9
12355.1
12342.2
12329.7
12315.5
12299.8
12283.3
12264.8
12246.1
12228.3
12212.7
12197.9
12183
12170.7
12160.5
12151
12141.3
12131.5
12121.3
12108.4
12092.5
12073.3
12050
12027
12012.4
12000.3
11989
11981.7
11975.7
11973.6
11976.2
11979.8
11983.5
11987.9
11993
11999.7
12005.5
12012.2
12018.1
12024.6
12034.2
12042.8
12060.4
4010
4010
4010
4010
4010.03
4010.31
4012.77
4053.33
4546.89
7640.04
11534.6
12523.6
12351.4
12330.9
12435.4
12446
12441.6
12520.8
12625.7
12614.7
12547.9
12498.1
12496
12509.2
12525.8
12532.7
12542.9
12555.2
12565.6
12574.3
12571.5
12551.9
12527.7
12518.3
12517.4
12522.5
12537.6
12547.2
12546.2
12539.9
12533.3
12527
12525.5
12522.3
12513.4
12508.8
12504.5
12504.2
12506.1
12512
12521.4
12533.6
12544.4
12547.9
12545.2
12537
12521
12499.1
12475
12453.2
12438.3
12425.5
12409
12399
12397
12392.7
12383.1
12368.4
12352.5
12338.7
12325.3
12311.3
12296.8
12281.1
12264
12246.7
12230.4
12214.8
12198.4
12181.8
12167.7
12157.7
12149.8
12141.7
12132.7
12122.8
12109.3
12091.8
12070.8
12047.8
12026.8
12010.9
11998.8
11987.6
11979.8
11974
11968.6
11969.9
11972.8
11976
11979.1
11982.4
11987
11991.5
11997.9
12002.2
12008.8
12014.7
12022.3
12035.1
4010
4010
4010
4010.02
4010.17
4011.98
4037.4
4624.22
7701.88
10393.8
12265.9
12830.6
12806.2
12645
12519.7
12446
12423.5
12434.9
12517.8
12581.3
12576.9
12536.3
12510.5
12505.2
12499.6
12524.4
12529.3
12541.4
12558.1
12578.3
12584.5
12571.9
12550.8
12535.5
12531.7
12533.3
12538.3
12545.8
12547.1
12542.4
12534.8
12525.4
12517.4
12513.6
12512.3
12511.2
12509.4
12509.5
12512.1
12519.7
12531
12543.3
12549.8
12550.2
12543.1
12529.2
12510.5
12489.9
12467.2
12446.9
12430.8
12415
12398.8
12392.4
12391.6
12388.3
12380.2
12368.9
12356.8
12344.8
12331.6
12316.8
12301.1
12283.9
12266
12248.4
12232.7
12215.6
12198.5
12185
12174.1
12163.7
12152.3
12139.6
12126.7
12114.9
12101.6
12084.8
12062.8
12038.4
12017.7
12002.2
11990.9
11981.7
11974.7
11971.8
11967.1
11967.1
11969.8
11973.3
11976.1
11978.2
11980
11982.9
11985.4
11989.5
11994.8
12000.2
12008.3
12002.7
4010
4010
4010.01
4010.09
4010.98
4025.91
4402.87
7212.49
11638.6
11681
12146.9
12791.3
12808.8
12721.1
12610.3
12499.9
12436.7
12438.2
12463.7
12526
12562.1
12558.6
12543
12528.3
12521.3
12512
12531.1
12541.4
12549.4
12565
12584.6
12577.6
12566.1
12556.3
12549.3
12543.5
12542.7
12537.1
12528.8
12517.7
12503.7
12490.5
12487.2
12499.2
12509.9
12513
12513.6
12513.8
12515.1
12516.4
12520.5
12525.8
12530.8
12531.4
12525.9
12515.3
12500.8
12482.5
12460.7
12441.4
12425.5
12409.1
12395
12391.1
12390.3
12386.6
12378.4
12366.5
12353
12338.3
12321.7
12303.2
12283.7
12263.9
12244.3
12227.5
12211.3
12196.7
12185.5
12177.1
12169.2
12159.8
12148.3
12135.3
12122.2
12109.3
12093.7
12074.8
12052.1
12029.6
12011.9
11999.2
11989.5
11982.4
11977.3
11973.7
11970
11968.9
11969.8
11972.4
11974.1
11974.9
11975.6
11976.8
11978.9
11980.6
11982.2
11985.7
11992.9
11970.5
4010
4010
4010.04
4010.52
4016.74
4203.77
6749.05
10825.7
12906.2
12787.6
12508.4
12647.7
12726.8
12687.6
12630.9
12585.9
12511.7
12458.7
12467.9
12499.8
12548.5
12566.7
12567.2
12555.3
12540.3
12522.2
12529.8
12535.1
12534.9
12534.6
12554.2
12565.8
12566.6
12566.5
12558.8
12544.2
12531.8
12516.1
12500.6
12486.6
12472
12463.7
12472.2
12490.7
12511
12518.1
12519.4
12518.1
12516.6
12515.4
12518.2
12524.3
12529.8
12531.4
12527
12516.4
12501
12481.7
12461
12444.6
12431.1
12417.2
12405.9
12401.3
12397.8
12391.2
12380.7
12367.3
12352.3
12336.5
12319.5
12301.9
12284
12265.2
12247.4
12230.3
12214.3
12199.6
12186.6
12175.3
12164.6
12153.5
12141
12127
12112.5
12098.6
12083.9
12067.6
12048.6
12030
12014.3
12001.6
11991
11983.1
11978.5
11974.9
11971.9
11970.4
11971
11972.5
11973.4
11974
11974.2
11974.7
11975.8
11978.3
11980.9
11983.3
11986.2
11960
4010
4010.02
4010.19
4012.57
4084.95
5854.8
10809.1
12036.7
12979.8
12882.6
12661.4
12596.4
12623.6
12633.6
12632.7
12609.1
12577.4
12519.4
12504
12520.1
12549.8
12575.5
12583.6
12578.2
12564
12540.6
12521.6
12506.3
12494.4
12485.3
12501.1
12535.7
12558.6
12564.9
12560.1
12543.6
12522.7
12504.3
12489.9
12478.8
12469.5
12466.6
12476.2
12490
12507.3
12515.8
12515.7
12512.2
12509.3
12510.3
12515
12520
12523.8
12523.8
12518.4
12508.7
12496.4
12480.9
12463.9
12449.7
12436.1
12421.2
12409.8
12404
12399.4
12392.6
12382.9
12370.6
12356.7
12341.2
12324
12305.1
12285.4
12266
12246.4
12229.1
12213.5
12200
12189.1
12179.8
12169.5
12156.2
12139.7
12122.1
12105.5
12090.4
12074.8
12057.1
12037.2
12019
12006
11997
11989.9
11984.5
11981.2
11979.1
11976.9
11975.5
11975.3
11975.9
11976.7
11977
11976.9
11976.3
11975.8
11975.9
11976.3
11977.8
11980.1
11980.5
4010.01
4010.07
4010.81
4027.75
4840.1
9195.54
12355.3
12334.4
12633.4
12784.7
12653.2
12556.1
12527.7
12553.1
12587.4
12596.8
12583.5
12558
12543.4
12548.8
12567.4
12592.5
12595.3
12593.3
12576.7
12544.7
12497.6
12460.6
12439
12448
12472.6
12515.6
12551.8
12565.1
12564.4
12550
12529.3
12508.4
12491.6
12479.9
12472.8
12470.3
12474.8
12487.3
12502.1
12510.5
12512.3
12510.2
12507.9
12504.5
12503.6
12505.7
12508.6
12509.9
12507.7
12501.2
12490.6
12476.7
12462.6
12451.2
12439.8
12427.4
12417.7
12411.6
12405.8
12397.8
12387
12373.3
12357.5
12340.1
12320.6
12300.6
12280.3
12260
12241.8
12224.8
12210.1
12198.5
12189.1
12178.9
12167
12153.6
12138.7
12122
12104.3
12086.8
12070.1
12053.9
12037.4
12023
12012.6
12004.2
11996.7
11991.3
11988.4
11986.2
11984.5
11983
11982.2
11982.4
11982.5
11982.4
11982.1
11981.4
11981.5
11982
11981
11981.1
11981.7
12029.5
4010.03
4010.25
4013.36
4185.28
7640.24
11584.6
12871.3
12607.3
12597
12594
12555.2
12504.1
12465.3
12465.8
12491.3
12510.5
12542.4
12563
12561.9
12568.1
12584.1
12608
12608.5
12598.8
12574.6
12532.7
12481.6
12441.8
12420.5
12438.3
12465.6
12506.2
12545.4
12562.8
12563.1
12548
12522.6
12497.2
12478.4
12466.6
12461.6
12464.6
12474.3
12489.8
12503.8
12510.7
12511.2
12508.9
12503.8
12500.5
12501
12504.2
12507.5
12508.1
12505
12499.4
12492.3
12482.7
12472.4
12463.2
12453.4
12442.6
12433
12424.6
12415.6
12404.8
12392.1
12377.5
12361.4
12344
12325.8
12306.6
12287.3
12268.8
12249.7
12232.7
12219.5
12207.9
12196.6
12185.4
12173.3
12159
12141.4
12121.6
12102.1
12084.1
12068
12052.4
12036.7
12023.3
12013.7
12006.3
12000
11995.5
11993.1
11991.7
11990.4
11988.8
11987.9
11987.3
11987.3
11986.9
11985.9
11984.5
11983.6
11982.7
11980.6
11979.9
11977.7
12089.9
4010.08
4010.89
4032.58
5482.09
10615.2
12529.1
13116.8
12958.9
12644.6
12559.9
12510.9
12492
12470.5
12448
12432
12448.6
12490.1
12537.3
12569.4
12578.1
12578.9
12586.8
12591.2
12591.6
12578.1
12544.2
12495.1
12452.8
12433.9
12438.3
12461.4
12496.9
12534.1
12552.6
12553.3
12538.1
12517.3
12500.5
12490.3
12485.1
12485.3
12488.1
12491.7
12497
12501.8
12503.5
12500.9
12496.6
12493.8
12492.5
12493.6
12496.6
12500
12502.6
12502.9
12500
12493.8
12485.5
12477.4
12469.8
12460.1
12448.9
12439
12430.8
12423.2
12414.6
12403.9
12390.6
12374.9
12357
12336.5
12315.3
12293.7
12272.6
12253.2
12237.1
12224.1
12213.2
12202.8
12191
12176.9
12160.7
12142.5
12122.4
12101.9
12081.6
12063.6
12047
12032.1
12020.7
12013.2
12007
12001.7
11997.9
11995.9
11994.7
11993.6
11991.9
11990.5
11989.5
11988.8
11987.9
11986.6
11984.9
11983.7
11981.7
11978.6
11977.6
11973.6
12153.4
4010.21
4012.83
4212.24
8199.77
11934.7
12613.6
13127.1
13072.7
12810.5
12609
12529.2
12518.3
12506.5
12480.3
12436.4
12445.6
12485.3
12543.5
12567.8
12571.1
12567.3
12574.3
12584.9
12590.1
12581.5
12547.6
12496.9
12455.7
12434.3
12441.3
12469.1
12501.3
12532.3
12548.9
12551.7
12544.2
12531.3
12518.6
12508.7
12503.8
12499.5
12498.3
12499.6
12502
12504.2
12504.1
12502.5
12500.1
12496.4
12494.2
12495
12498.4
12502.1
12503.9
12503
12500.7
12497.6
12492.9
12487.5
12481.9
12474.5
12465.4
12455.7
12445.9
12435.4
12423.8
12410.5
12395.3
12378.1
12359.1
12338.9
12317.7
12296.5
12275.9
12255.6
12239.4
12226.9
12215.2
12202.9
12189.8
12175.5
12159.3
12140.2
12118.6
12096.7
12075.9
12058.2
12042.3
12028.5
12018.1
12011.1
12005.2
12000.3
11996.9
11995.3
11994.5
11993.4
11991.6
11990.2
11988.9
11987.9
11986.6
11984.9
11983.1
11981.5
11978.7
11975.4
11974.3
11968
12212.9
4010.7
4023.95
5535.39
10574.2
12695.3
12816.2
13099.6
13076.1
12912.6
12704
12610.8
12599.4
12581.4
12545.1
12482.6
12468.3
12497.4
12549.8
12574.7
12579.2
12571
12575.8
12589.8
12590.9
12570.7
12532.2
12490.2
12465.1
12459.5
12472
12488.2
12509.5
12532.4
12546.7
12548.6
12538.1
12521.6
12508.6
12502.1
12500.5
12505
12510.6
12514.4
12515.5
12512.7
12508
12502
12496.7
12494.1
12494.3
12496.9
12501.1
12505.5
12509.3
12511.3
12511.2
12508.7
12504.3
12499.1
12492.8
12484.3
12473.9
12463
12452
12440.9
12429
12415.9
12400.9
12383.8
12364.5
12343
12320.6
12298.1
12275.9
12255.3
12239.6
12227
12214.9
12202.4
12188.8
12173.6
12156.5
12136.8
12114.9
12092.5
12070.6
12052.1
12035.8
12022.5
12013.2
12007.2
12002.2
11998.1
11995.2
11993.8
11993.1
11992
11990.2
11988.7
11987.3
11985.9
11984.3
11982.5
11980.6
11978.6
11975.2
11971.9
11970.9
11962.3
12269.3
4011.47
4119.26
7956.83
12333.3
13194.9
13006.4
13016
12979.9
12860.3
12723.2
12674.4
12674.3
12662.2
12600.3
12515.3
12463.3
12478.1
12521.2
12550.1
12554.7
12548
12550.7
12562.3
12572
12568.8
12547.2
12518.8
12501
12496.5
12493.6
12500
12514
12529.2
12539.4
12543.2
12542.8
12540.7
12539.4
12540.2
12544.2
12545.2
12543.8
12539.2
12531.1
12522.1
12513.6
12507.5
12503.5
12500.9
12499.9
12500.9
12503.8
12507.2
12509.8
12510.4
12509.6
12507.7
12504.4
12500.2
12494.8
12487.1
12477.2
12466.1
12454.4
12442.3
12429.6
12415.9
12400.4
12382.9
12363.1
12341.5
12318.8
12296
12273.5
12252.7
12237.4
12224.8
12212.2
12199.2
12185.2
12170
12152.9
12133
12110.5
12087.6
12065.4
12046.8
12030.8
12018.1
12009.4
12003.8
11999.2
11995.5
11993
11991.7
11991.1
11990
11988.2
11986.7
11985.2
11983.6
11981.9
11980
11978.1
11975.7
11972
11969.1
11968.2
11956.9
12320.8
4012.93
4806.06
10313.8
12930.5
13229.1
13026.5
12775.1
12683.6
12623.6
12603.2
12674
12697.2
12646.8
12564.6
12493.3
12464.5
12485.8
12530.4
12554.1
12558.6
12552.9
12551.6
12564.9
12574.9
12568.6
12547.4
12526.6
12516.4
12515.6
12521.7
12526.6
12533
12541.9
12550.5
12557.5
12560.9
12559.3
12556.8
12554.6
12552.8
12555.3
12557.1
12554.5
12546.3
12533.5
12520.8
12510.3
12502.9
12498.6
12497.1
12498.2
12501.2
12504.6
12507.5
12508.9
12509
12507.6
12504.8
12500.7
12495.3
12487.5
12477.7
12466.5
12454.4
12441.7
12428.7
12414.9
12399.5
12382.2
12362.5
12340.7
12317.6
12294.4
12271.3
12250.5
12235.8
12223
12210.1
12196.9
12182.9
12167.6
12150.4
12130.3
12107.6
12084.4
12061.8
12042.9
12026.6
12014.2
12006.2
12001.1
11996.8
11993.5
11991.2
11990.2
11989.6
11988.4
11986.7
11985.3
11983.6
11982
11980.1
11978.2
11976.2
11973.6
11969.7
11967.1
11966
11952
12357.7
4024.75
6603
12192.1
12965.7
13141.1
12824.3
12426.6
12393.9
12485
12565.6
12640.8
12665.2
12631.7
12580
12538.7
12517.4
12523.8
12535.9
12545.3
12546.8
12544.3
12545.8
12553.7
12561.5
12561
12553.4
12548.7
12553.6
12562.1
12561.3
12555.4
12550.7
12552
12556.9
12561.9
12566.6
12570.3
12573.4
12576
12578.2
12578.5
12575.8
12567.6
12553.1
12535.2
12518.7
12506.4
12498.5
12494.1
12492.5
12493.3
12495.9
12499.3
12502.2
12503.8
12504.3
12503.7
12501.5
12498.1
12493.1
12485.8
12476.4
12465.4
12453.2
12440.5
12427.5
12413.7
12398.5
12381.3
12361.7
12339.8
12316.6
12293.2
12269.7
12248.9
12234.3
12221.7
12208.7
12195.1
12181
12165.7
12148.5
12128.4
12105.5
12081.9
12059.2
12040.2
12023.8
12011.7
12004.1
11999.3
11995.2
11992.2
11990.1
11989.2
11988.6
11987.5
11985.8
11984.5
11982.8
11981
11979
11977.1
11975
11972.2
11968.2
11966.1
11964.3
11946.2
12371.6
4107.04
8783.66
12858.7
12936.4
12941.1
12617.5
12320.2
12364.6
12521.6
12639.3
12679.8
12665.8
12613
12560
12521.4
12497.1
12498.9
12522.5
12541.1
12548.1
12545.9
12545.3
12557.3
12571.7
12580.5
12583.2
12584.4
12585.2
12586.5
12585.1
12577.3
12568.3
12564
12565.3
12570.8
12577.6
12582.6
12586
12587.1
12586
12584.7
12580.8
12571.3
12554.8
12534.3
12515.4
12501.5
12492.7
12488.1
12486.7
12488
12490.9
12494.5
12497.7
12499.9
12501.1
12501.1
12499.5
12496.4
12491.6
12484.7
12475.7
12464.9
12452.7
12439.9
12426.8
12413
12398
12381
12361.4
12339.5
12316.2
12292.6
12268.8
12248.3
12233.3
12220.7
12207.9
12194.2
12179.9
12164.6
12147.3
12127.1
12104.2
12080.4
12057.4
12038.3
12021.8
12009.9
12002.6
11998
11994
11991.3
11989.4
11988.5
11987.9
11986.8
11985.3
11984
11982.2
11980.3
11978.2
11976.2
11974.1
11971.1
11967.2
11965.4
11963.1
11943.5
12354.5
4525.47
10437.1
13035.7
12894.7
12789.7
12653.4
12519.3
12538.1
12579.5
12593.3
12583.1
12543.7
12506.5
12502.9
12514.1
12520.6
12532.9
12549.5
12564.8
12573.5
12574.5
12571.9
12575.4
12585.7
12593.7
12597.5
12602.7
12610.3
12614.4
12609
12594.6
12576.8
12565.8
12563.5
12567
12573.6
12580.2
12585.7
12588.9
12589.5
12588.1
12583.2
12572.1
12553.8
12531.6
12511.3
12496.7
12487.8
12483.4
12482.4
12484
12487.2
12490.9
12494.3
12496.9
12498.6
12499.1
12497.9
12495.1
12490.5
12483.9
12475.1
12464.6
12452.5
12439.7
12426.6
12412.9
12398
12381.2
12361.7
12339.8
12316.5
12292.6
12268.6
12248.2
12233.3
12220.1
12206.9
12193.8
12179.5
12164.1
12146.9
12126.6
12103.5
12079.5
12056.4
12037.1
12020.6
12008.9
12001.7
11997.1
11993.4
11990.9
11989.2
11988.3
11987.6
11986.4
11985
11983.8
11981.9
11980
11977.8
11975.9
11973.7
11970.5
11966.7
11965
11962.4
11942.4
12319.6
5928.25
11734.2
13163.3
12925.2
12839.5
12882.1
12835.7
12700.8
12614.6
12578
12540.6
12508.2
12500.4
12527.2
12563
12573.8
12562.4
12558.2
12564
12572.5
12577.7
12578.9
12583.1
12590.8
12600.9
12610.5
12618.2
12622.3
12622
12614
12596.9
12576.7
12563.1
12559.5
12563.6
12571.9
12580.4
12587.5
12591.5
12592.1
12590.5
12585.2
12573.3
12553.9
12530.4
12509.1
12493.9
12484.8
12480.5
12479.7
12481.6
12485
12488.7
12492.3
12495.2
12497.2
12498
12497.1
12494.4
12489.9
12483.5
12475
12464.6
12452.5
12439.7
12426.5
12412.9
12398.1
12381.4
12362
12340.1
12316.7
12292.7
12268.5
12248.1
12234
12219.8
12206.1
12192.8
12178.9
12163.6
12146.2
12126
12102.8
12078.6
12055.5
12036.2
12019.6
12008
12000.8
11996.3
11992.8
11990.3
11988.7
11988.1
11987.2
11986
11984.4
11983.4
11981.4
11979.6
11977.4
11975.5
11973.2
11969.8
11966.1
11964.5
11961.6
11941.4
12268.3
7482.45
12272.4
13218.8
13058.5
12862.2
12858.6
12816.6
12766.8
12702.4
12625
12548.3
12494.4
12476.1
12503.5
12538.9
12559.9
12569.2
12575.5
12583.8
12590.5
12590.1
12583.5
12580.1
12585.7
12596
12606.2
12615.1
12621.3
12621.8
12613.6
12595.6
12573.4
12558.2
12554
12558.3
12567.5
12577.5
12585.8
12590.8
12592.2
12590.9
12585.4
12573.1
12553
12528.9
12507
12491.5
12482.4
12478.2
12477.6
12479.7
12483.3
12487.3
12491
12494
12496.4
12497.4
12496.7
12494.1
12489.8
12483.5
12475.2
12464.9
12453
12440.1
12427
12413.5
12398.7
12382.2
12362.9
12341
12317.5
12293.4
12269
12248.5
12235.2
12220.1
12207.5
12192.5
12178.8
12163.6
12146.1
12125.8
12102.7
12078.1
12055.1
12035.7
12019
12007.4
12000.4
11995.9
11992.6
11990.1
11988.2
11987.8
11987
11985.8
11984.1
11982.8
11981.1
11979
11977.2
11975.2
11972.7
11969.3
11965.6
11964.4
11960.7
11941.3
12200.3
9170.06
12840
13152.1
12937.9
12768.5
12889.4
12919.6
12822
12647.6
12548.8
12504.9
12473.1
12480.3
12535.1
12589.7
12612
12604.2
12593.3
12591.6
12593.4
12591.5
12584.7
12580.4
12584.6
12596.5
12610.1
12621.1
12627.4
12627.4
12618.6
12599.8
12576.7
12560.4
12555.5
12559.8
12569.5
12580
12588.9
12594.2
12595.6
12594.1
12588.3
12575.4
12554.7
12529.7
12507.3
12491.3
12481.9
12477.6
12476.9
12479.1
12482.7
12486.5
12490.1
12493.1
12495.4
12496.4
12495.7
12493
12488.6
12482.2
12473.9
12463.7
12451.7
12438.7
12425.5
12411.8
12397.1
12380.5
12361.1
12339.2
12315.6
12291.2
12266.7
12246.2
12232.4
12217.5
12205.2
12190.6
12175.7
12160.4
12143.1
12122.5
12099.5
12075
12051.8
12032.3
12015.7
12004.2
11997.3
11992.7
11989.6
11987.2
11985.2
11984.4
11983.8
11982.5
11981.2
11979.6
11977.9
11975.8
11973.7
11972.3
11969.7
11966.2
11962.5
11961.7
11957.9
11938.9
12124.3
10252.6
12725.4
13144.9
13081.4
13000
13099.9
13028.2
12861.1
12701.1
12595.6
12521.7
12464.9
12458.8
12503.8
12547.5
12568.4
12569.4
12565.8
12567.6
12571.6
12571
12565
12561.2
12567.1
12581.4
12596.7
12609.2
12616.7
12617.5
12609.4
12591
12567.9
12551.4
12546.7
12551.5
12561.9
12573.3
12583
12588.8
12590.7
12589.5
12583.8
12571
12550.2
12525.2
12502.5
12486.5
12477.3
12473
12472.6
12475
12478.7
12482.7
12486.4
12489.5
12491.9
12493.1
12492.4
12489.8
12485.5
12479.3
12471.1
12461
12449
12436.1
12422.9
12409.3
12394.6
12378.1
12358.8
12336.8
12313.2
12288.7
12264
12243.5
12228.3
12214.9
12199.9
12187.7
12171.4
12156
12139.1
12118.7
12095.7
12071.7
12048.1
12028.3
12012
12000.6
11993.6
11989
11985.8
11983.4
11981.7
11980.6
11980
11978.9
11977.8
11976.4
11974.2
11972.3
11969.7
11968.5
11966.1
11962.7
11959.2
11958
11954.6
11937.6
12020.2
11565.3
12919.9
13136.5
13158.7
12989
13028.3
13063.5
12982.7
12807.1
12650.4
12543.7
12474.6
12478.4
12538.9
12592
12614.7
12611
12602.4
12601.1
12602.5
12599.8
12591.7
12585.9
12589.6
12602.5
12617.1
12628.4
12634.3
12633.5
12623.8
12603.8
12579.1
12560.9
12554.5
12557.9
12567.1
12577.5
12586.4
12591.4
12592.5
12590.5
12584
12570.4
12548.7
12522.9
12499.5
12482.9
12473.2
12468.5
12467.8
12469.8
12473.3
12476.9
12480.1
12482.9
12485
12485.9
12485
12482.2
12477.8
12471.5
12463.2
12453
12440.9
12427.8
12414.5
12400.8
12386.1
12369.5
12350.2
12328.2
12304.5
12280
12255.4
12235.2
12219.9
12207.1
12191.3
12178.4
12163.4
12148.5
12131.2
12111.6
12088.3
12064.4
12041.1
12021.4
12004.8
11993.3
11986.5
11982
11978.5
11976.3
11974.6
11973.8
11973.3
11972.1
11971.1
11969.8
11967.9
11965.9
11963.9
11962.1
11960.1
11956.6
11953.3
11952
11949.1
11933.2
11950
12610.3
12856
13119.2
13054.3
12940.7
12976.7
12955.9
12829.4
12653.1
12512.6
12423.4
12365.8
12372.6
12432.2
12485.5
12513.2
12518.1
12516.9
12521
12527.1
12528.7
12524.7
12522.5
12529.9
12546.2
12563.8
12578
12586.7
12588.5
12581.2
12563.7
12541.1
12524.9
12520.6
12526.1
12537.3
12549.7
12560.3
12566.8
12569.4
12568.7
12563.5
12551.2
12530.8
12506
12483.6
12467.9
12459.1
12455.2
12455.2
12458
12462.1
12466.5
12470.4
12473.9
12476.7
12478.3
12478
12475.8
12471.8
12466
12458.2
12448.4
12436.8
12424.1
12411.2
12397.9
12383.5
12367.4
12348.4
12326.7
12303.3
12279
12254.5
12234.5
12219.1
12206.8
12191.7
12176.7
12164.7
12149.8
12132.3
12112.5
12089.4
12064.2
12042
12021.9
12004.9
11993.7
11986.9
11982
11978.3
11976.7
11974.7
11974.4
11973.9
11972.1
11970.9
11970.2
11967.9
11966
11964.7
11962.3
11960.4
11957.4
11953.6
11952.5
11948.5
11936.5
11847.4
4105.85
4104.84
4103.66
4102.29
4100.9
4099.81
4099.26
4098.31
4097.33
4098.06
4096.86
4095.19
4094.32
4095.04
4095.74
4094.4
4092.87
4090.69
4087.45
4083.35
4078.55
4075.04
4068.39
4054.34
4047.73
4091.72
4360.15
5628.96
9117.84
13410.3
17069.1
19887.4
21860.6
23267.9
24934.1
26796
27591.5
28587.4
29767.7
30314.9
30603.7
30765.9
31443.9
31835.3
31903.7
31938.7
31978.9
32039.1
32125.9
32039.8
31932.5
31805.4
31742.5
31763.3
31853.4
31858.4
31832
31885.6
31925.9
31994.6
32046.8
32070.2
32034.6
31911.8
31682.1
31340.4
30894.2
30347.2
29662.9
28849.7
27916.9
26860.2
25648.8
24297.5
22979.6
21785.1
20724
19767
18965.6
17613.4
4106.01
4104.99
4103.82
4102.44
4101.06
4099.97
4099.4
4098.47
4097.47
4098.2
4097.02
4095.34
4094.49
4095.18
4095.88
4094.56
4093
4090.83
4087.61
4083.51
4078.71
4075.15
4068.5
4054.5
4048.05
4092.58
4363.33
5628.46
9073.39
13395.9
16972.6
19649.6
21751.2
23260
24907.6
26741.3
27575.7
28553.8
29710.6
30285
30587.3
30755.5
31421.1
31817.9
31896.1
31931.7
31971.3
32033.1
32120.3
32041
31935.2
31812.2
31749.7
31771.6
31859.7
31865.9
31839.2
31885.3
31927.5
31989.7
32042.8
32065.6
32030
31906.8
31677.8
31338
30893.7
30347.1
29663.4
28851.3
27918.6
26863.1
25654.7
24307
22991.1
21796.4
20734
19774.7
18971.5
17618.5
4106.66
4105.66
4104.5
4103.14
4101.77
4100.71
4100.13
4099.23
4098.19
4098.91
4097.81
4096.09
4095.25
4095.92
4096.62
4095.35
4093.76
4091.61
4088.44
4084.37
4079.61
4076.01
4069.4
4055.7
4049.61
4096.44
4375.7
5639.58
9014.77
13376.2
16901.3
19387
21685.5
23341.7
24964.5
26727.7
27618.4
28566.8
29677.5
30292.7
30615.7
30786.5
31430.7
31830.5
31921.2
31955.1
31992.2
32055.1
32141.3
32072.6
31967.5
31851.4
31786.1
31809.5
31896.3
31903.6
31876.3
31913.7
31955.3
32009.8
32064.2
32087.3
32051.5
31927.4
31699.1
31360.7
30916.3
30366.8
29681.7
28870.2
27937
26880.4
25670.7
24323.3
23007.8
21813.3
20751.2
19791.6
18987.4
17633.4
4108.78
4107.8
4106.65
4105.3
4103.95
4102.9
4102.33
4101.42
4100.46
4101.04
4100.13
4098.33
4097.5
4098.15
4098.86
4097.6
4095.96
4093.82
4090.68
4086.6
4081.85
4078.04
4071.58
4058.29
4053.08
4104.98
4402.67
5666.47
8877.67
13292.6
16465.6
19224.4
21763.1
23432.7
24970.2
26608.5
27619.2
28560.4
29596.9
30250.3
30625.6
30817.4
31416.1
31814.2
31930.9
31963.8
31997
32061.2
32144.9
32094.6
31995.2
31892.1
31821.8
31849.8
31935.1
31942.1
31916
31943
31974
32017.8
32066.6
32088.2
32049.1
31922.6
31695.5
31360.9
30917.9
30364.7
29677.7
28868.6
27933.8
26876.4
25669.2
24328.4
23018.7
21825.7
20763.5
19801.2
18993.8
17639.5
4109.66
4108.67
4107.52
4106.18
4104.85
4103.82
4103.25
4102.3
4101.53
4101.8
4101.13
4099.31
4098.44
4099.11
4099.81
4098.57
4096.86
4094.75
4091.65
4087.52
4082.79
4078.63
4072.3
4059.68
4056.66
4118.17
4450.82
5720.63
8675.56
12992.3
16156
19242.6
21736.7
23416.7
24959.1
26465.5
27640.4
28580.2
29516.1
30200.8
30653.2
30873.4
31401.6
31779.3
31933.9
31969.9
32000.3
32068.4
32148.2
32119.5
32032.6
31946.9
31867.7
31902.5
31984
31992.2
31972.1
31982.1
31998.9
32027.6
32068.8
32089.2
32045.7
31915.9
31690.7
31358.9
30914.5
30353.9
29662.7
28854.5
27919.5
26862.7
25656.6
24324.8
23024.1
21834.4
20774.8
19809.7
18997.7
17641.6
4110.23
4109.21
4108.04
4106.71
4105.37
4104.37
4103.76
4102.81
4102.17
4102.16
4101.7
4099.92
4098.99
4099.64
4100.34
4099.18
4097.32
4095.26
4092.2
4087.97
4083.2
4078.57
4072.29
4060.68
4062.01
4139.91
4532.95
5825.71
8396.23
12371.9
16109.4
19108.2
21329.7
23144.6
24886.1
26297.7
27667.7
28640
29416.9
30088.5
30666.1
30944.2
31396.9
31729.1
31926.4
31969.9
31997.8
32064
32132
32130.3
32070.9
32003.4
31924.5
31966.5
32046.3
32057.4
32045.4
32034.1
32035.4
32041.6
32063.4
32071.2
32016
31878.7
31654.4
31329.5
30890.9
30324.6
29627.6
28822.7
27884.1
26826.8
25628.3
24314.8
23030.8
21846.8
20788.5
19817.3
18997.1
17638.3
4110.38
4109.29
4108.1
4106.77
4105.43
4104.45
4103.8
4102.86
4102.23
4102.11
4101.81
4100.02
4099.04
4099.65
4100.45
4099.34
4097.25
4095.27
4092.32
4087.94
4083.06
4077.86
4071.32
4061.67
4070.67
4175.37
4664.75
6006.18
8081.34
11454.4
15998.5
18656.7
20762.5
23037.6
24958.1
26074.6
27579.7
28689
29373
29991.9
30709.4
31017.9
31375.3
31627.3
31882.9
31975.4
32014.1
32082.3
32136.9
32151.3
32126
32083.4
32008
32051.9
32121.5
32139.3
32135.6
32108.9
32083.6
32064.3
32063.3
32058.5
31993.7
31850.5
31627.4
31302.3
30857.4
30276.4
29566.3
28756.2
27822.9
26775.7
25585.4
24297.5
23036
21861.7
20809.5
19830.4
18997.5
17633.1
4110.51
4109.33
4108.12
4106.79
4105.46
4104.48
4103.79
4102.86
4102.17
4102.03
4101.86
4100.06
4099.02
4099.59
4100.54
4099.42
4097.01
4095.22
4092.42
4087.79
4082.67
4076.82
4070
4063.59
4085.16
4233.33
4866.62
6279.35
7881.04
10134.6
14458.1
18417.4
20614
22763.6
24830.1
26041.8
27599.8
28723.6
29127.8
29712.9
30673.6
31119.5
31453.8
31606.2
31872.8
31969.1
32003.8
32055.8
32088.8
32138.6
32176.7
32159.3
32109.4
32163.7
32224.1
32244.2
32252.4
32230.7
32180.7
32133
32078.1
32013.8
31913.4
31750.8
31523.4
31215.8
30794.6
30211.4
29485.3
28671.5
27724.1
26685.9
25525.8
24280
23052.5
21890
20837.7
19844.7
18995.7
17625.5
4110.71
4109.45
4108.19
4106.85
4105.54
4104.55
4103.78
4102.92
4102.19
4101.91
4101.91
4100.18
4099.02
4099.62
4100.63
4099.49
4096.79
4095.19
4092.58
4087.59
4082.03
4075.47
4069.09
4067.39
4109.33
4327.94
5160.06
6647.25
7908.64
8957.43
11657.2
16079.8
20383.9
23047.4
24434.8
25324.7
27073.8
28689.8
29244.6
29596.3
30544.3
31009.4
31261.2
31386.6
31743.3
31968.2
32093.7
32148.8
32135.8
32183.6
32249.2
32256.6
32236
32287.8
32325.3
32345.2
32349.5
32320.8
32241.8
32145
32045.2
31976
31882.8
31721.2
31491.9
31158.8
30703.8
30091.8
29344.8
28513.9
27594.8
26584.3
25438.4
24245.5
23062
21925.2
20884.4
19872.4
18994.8
17612
4111.04
4109.72
4108.4
4107.05
4105.74
4104.74
4103.88
4103.11
4102.36
4101.87
4102.01
4100.46
4099.08
4099.81
4100.8
4099.61
4096.83
4095
4092.76
4087.54
4081.04
4073.95
4068.82
4075.3
4150.8
4485.92
5567.2
7095.87
8115.03
8547.88
9083.76
12635.1
17058.2
21362.5
24230.5
25555.5
26781
27694.8
28541.1
29401.2
30548.7
31118.8
31395.1
31324.7
31667.9
31860.8
31950.8
32000.5
31975.7
32087.3
32244.1
32299.8
32326.1
32341.9
32347.5
32372.1
32433
32432.2
32339.2
32224.6
32088.6
31926
31760.2
31560
31310.5
31002.9
30589.6
29980.9
29196.7
28337.3
27370.7
26386.9
25335.6
24225.2
23094.2
21976.6
20927.5
19892.9
18989.3
17599.1
4111.53
4110.15
4108.78
4107.42
4106.11
4105.06
4104.13
4103.43
4102.67
4102
4102.19
4100.94
4099.24
4100.17
4101.06
4099.83
4097
4094.76
4092.82
4087.53
4079.7
4072.57
4069.83
4091.84
4223.52
4751.49
6110.17
7592.69
8407.2
8664.81
8875.14
9254.01
13041.7
17966.1
21384.9
24380.6
26784.2
27557.3
28251.2
29120.1
30012.9
30585.4
30986.8
31349
31697.9
31847.1
32081.8
32093.2
32003.1
32125.2
32255.4
32265
32388.6
32524.5
32558.1
32546.2
32560.8
32542.9
32439
32265.6
32033.5
31831.4
31667.3
31445.4
31153.1
30798.9
30366.3
29773.3
29022.6
28161.7
27254.3
26252.1
25167.3
24140.9
23092
22038
21009.8
19937.8
18978.9
17566
4112.18
4110.78
4109.39
4108.02
4106.7
4105.55
4104.58
4103.91
4103.15
4102.34
4102.5
4101.6
4099.6
4100.66
4101.42
4100.17
4097.34
4094.43
4092.75
4087.06
4078.03
4071.9
4074.43
4125.97
4359.81
5190.7
6778.27
8110.11
8732.81
8929.5
8921.4
9126
9258.74
11877.8
17287
22269.7
24849.7
26190.8
27985.9
29250.7
29929.9
30465.9
30925
31245.5
31531.8
31646.1
31993.8
32139.9
32053.6
32057.6
32221.5
32368.8
32482.4
32480.8
32391.5
32359.8
32382.6
32349.2
32222.4
32046.1
31928.5
31836.8
31677.6
31451.3
31174.8
30822.9
30315.6
29620.7
28783.7
27850.3
26891.2
25955.5
25060.8
24122
23120.8
22088.6
21052.7
19962.9
18970.2
17549.5
4113.03
4111.64
4110.29
4108.9
4107.57
4106.33
4105.32
4104.66
4103.91
4103
4103.06
4102.49
4100.35
4101.38
4101.99
4100.7
4097.82
4094.27
4092.28
4085.62
4076.4
4072.98
4089
4196.91
4621.55
5864.48
7524.28
8614.41
9085.57
9197.23
9246.79
9202.63
9345.5
9390.21
10918.1
15431.7
20909.9
24739.3
27021.3
28417.1
29120.9
30315.7
30508.2
31271.4
31671.6
31773.4
31974.6
32074.1
32001.1
32023.3
32068.1
32153.3
32341.2
32425.7
32376.7
32399.6
32529.1
32590.2
32488.7
32339.3
32116.7
31824.1
31561.4
31297.1
30994.6
30627.8
30156.9
29535.1
28729.6
27784
26825.6
25792.9
24838.6
23987.2
23083.9
22132.8
21108
19975.4
18933.3
17483.5
4114.3
4112.81
4111.62
4110.26
4108.86
4107.51
4106.44
4105.78
4105.04
4104.09
4103.97
4103.65
4101.58
4102.38
4102.77
4101.45
4098.45
4094.25
4090.79
4083.13
4075.63
4079.14
4127.59
4352.23
5128.38
6760.09
8264.27
9113.62
9414.86
9502.94
9581.72
9523.73
9600.67
9639.34
9614.82
10153.6
13210.9
19333.8
24285.8
27136.5
28298.4
29959.4
30113.8
31018.4
31366.8
31546.6
31929.8
31962
31993.4
32137.9
32136.6
32098.9
32212
32268.8
32227.7
32179
32251.9
32267.1
32209.1
32137.7
32030.4
31874.5
31705.6
31482.4
31149
30651.5
30033.3
29355.5
28583.3
27657.1
26660.6
25686.1
24766.7
23915.6
23061.4
22159.8
21164.8
20034.3
18952.8
17481.7
4116.03
4114.3
4113.34
4112.19
4110.68
4109.12
4107.93
4107.26
4106.53
4105.59
4105.18
4105
4103.28
4103.61
4103.6
4102.2
4098.92
4093.86
4087.92
4079.69
4078.69
4101.14
4226.51
4714.83
6008.32
7756.43
8969.77
9514.41
9799.07
9835.6
9812.72
9937.94
9954.57
9887.72
9881.14
9992.05
10168
11537.8
16154
22249
26394.1
28954.3
29604.8
30900.2
30883.9
31256.6
31874.6
31884.1
31926.2
32056.5
32042.5
32041
32180.3
32190.5
32108.4
32007.4
31879.2
31824.4
31846.2
31862.5
31827.8
31813.7
31738.9
31592.6
31295.4
30829.1
30221.1
29488.2
28643.1
27673.9
26593.5
25586.5
24707
23921
23094.1
22148.9
21099.9
19980.2
18921.7
17436.2
4117.84
4116
4115.13
4114.29
4112.81
4111.03
4109.61
4108.81
4108.12
4107.27
4106.6
4106.15
4104.77
4104.64
4104.04
4102.42
4098.48
4092.15
4083.44
4078.77
4093.71
4170.55
4497.97
5472.24
7228.67
8751.15
9471.95
10040.3
10107.7
10070.6
10233.5
10287.6
10209.9
10162.8
10307.1
10268.9
10245.6
10325.2
10786.7
13269.8
18876.9
24371.3
28411.3
30287.2
30233.3
30946.9
31643.4
31636.4
31885.4
31895.9
31695.1
31796.1
32000.3
31906.9
31865.4
31834.8
31700.1
31582.2
31634
31689.7
31743.5
31727.7
31640.9
31482.5
31183.6
30713.7
30175.4
29630.6
28935.5
28017.9
26922.7
25852.5
24758.1
23858.7
23015.6
22112.8
21104.5
20027.9
18980.7
17491.9
4119.35
4117.51
4116.65
4116.05
4114.78
4112.84
4111.07
4110.06
4109.36
4108.5
4107.48
4106.56
4105.56
4104.92
4103.08
4100.83
4095.94
4088.17
4081.75
4092
4154.78
4390.28
5166.05
6852.66
8467.89
9427.74
10264.1
10302.2
10320.5
10541.6
10612.6
10507.7
10473
10592.4
10615.2
10591.1
10586.2
10587
10622.8
10776.1
11575.9
14990.2
21104.7
26113.3
29023.6
30658.9
30791.2
31214.7
31803.2
31619.8
31468.4
31749.5
31761.3
31608.4
31771
31852.9
31760.7
31640.1
31727.3
31801.7
31786.1
31664.7
31544.8
31368.6
31054.3
30582.2
30090.3
29576.9
28962.8
28138.1
27166.6
26123.8
25049.6
23956.7
22948.4
21913.6
20867.5
19859.6
18913.1
17464.6
4119.48
4117.61
4116.81
4116.31
4115.31
4113.4
4111.31
4109.89
4109.13
4108.28
4107.06
4105.25
4103.17
4102.92
4099.5
4096.74
4091.56
4086.43
4098.74
4160.46
4378.45
5024.93
6617.83
8199.84
9578.99
10390
10490.4
10482.5
10890.1
10949
10814.6
10767.8
10876.6
10940.2
10920.4
10909
10917.1
10932.4
10929.2
10916.6
10979.5
11233.6
12501.1
16544.5
23003.9
27498.5
29152
30650.8
31530.7
31162.7
31364.2
31812.9
31651.9
31665.1
31909.2
32087.3
32034.6
32039.3
32132.7
32100.3
31966
31782.8
31558.2
31293
30905.8
30395.1
29906.5
29429
28828.9
28035.8
27098.6
26071.3
25193
24262
23142.4
21895.7
20813.5
19875.9
19048.2
17660.4
4116.74
4114.95
4114.16
4113.71
4112.93
4111.22
4108.93
4107.18
4106.08
4105.1
4103.38
4100.46
4097.81
4096.87
4093.76
4092.54
4093.13
4113.94
4186.37
4426.61
5098.07
6442.9
8145.16
9790.85
10398.2
10584.8
10764.4
11180.4
11180.7
11059.8
11020.9
11123.6
11205.7
11209.9
11195.2
11198.6
11204
11213.9
11228
11232.2
11230.9
11262.9
11352.2
11688.6
13418
17891
23988.1
28032.5
30186.9
30659.6
31621.6
31917.5
31572.6
31762
32298
32295.4
32302
32381.4
32371.9
32253.8
32065.3
31868.1
31665.4
31379.1
30936.6
30404.3
29876.8
29307.3
28644.9
27855.1
26949.7
26023.3
25145.6
24098.4
22796.1
21514.3
20457.6
19552.2
18850
17559.2
4112.81
4111.04
4110.11
4109.61
4108.78
4107.23
4105.06
4103.06
4101.74
4100.11
4097.96
4094.76
4091.78
4092.41
4093.6
4105.57
4145.21
4247
4519.18
5256.84
6589.1
8372.12
9828.77
10396.1
10755.5
11272.8
11386.5
11334.4
11240
11278.4
11413.5
11478.7
11472.8
11454.2
11455.5
11479.4
11505.4
11508.3
11508.4
11523.8
11532.5
11536.2
11542.1
11576.3
11686.1
12124.8
13995.2
18370.6
23907.1
28361
31107.8
31468.2
31490.4
32138.7
32409.5
32299.6
32352
32515.4
32453.5
32258.1
32086
31963.2
31769.1
31440.5
30998.8
30476.8
29888.2
29172.2
28391.1
27632.9
26771.3
25901.7
25002.7
23846.6
22613.6
21466.4
20394.9
19467.8
18783.9
17603.8
4110.13
4108.63
4107.74
4107.03
4106.05
4104.54
4102.66
4100.77
4098.84
4097.29
4095.64
4093.45
4095.34
4103.09
4130.67
4193.48
4338.54
4701.23
5459.03
6955.89
8850.38
9809.09
10513.1
11143
11459.6
11494.4
11477.2
11444.3
11543.7
11662.5
11700.4
11694.2
11694.3
11713.9
11738.6
11755.4
11773.2
11781.7
11788.1
11797.9
11813.1
11832.6
11851.7
11846
11846.4
11884.1
11997.6
12437.3
14281.5
18696.4
23594.7
27554.7
30536.4
31981.3
32018
31599
32156.2
32475.2
32208.8
31722.4
31782.1
31792.2
31442.1
30862.7
30532.6
30189.4
29533.2
28536.2
27647.4
26985.6
26396.8
25657
24525.6
23337.4
22285.1
21349.9
20428.7
19513.7
18771.2
17481.7
4109.58
4108.39
4107.42
4106.41
4105.22
4103.84
4102.26
4100.71
4099.73
4100.05
4101.85
4108.76
4127.45
4171.31
4265.22
4463.09
4986.45
5969.9
7545.16
9138.89
9987.47
10916.1
11215.2
11448.9
11619.2
11597.6
11638.1
11756.9
11840.2
11863.5
11864.5
11880.9
11912.3
11927.5
11941.5
11968.8
11992.2
11999.4
12006.9
12023.1
12049.4
12079.7
12101.2
12115.4
12115.3
12106
12107.3
12137.7
12241.2
12683.5
14301.4
18077.8
23139.7
26685
28750.7
29914.6
31127.7
31592.6
30903.9
30785.6
30984.1
30993.1
30473.5
30021
29719.9
29350.8
28645.5
27661.4
26903.1
26357.1
25720.1
24861.7
23927.5
23065.2
22204.8
21333.7
20460.1
19592.7
18794.5
17486.8
4110.17
4109.2
4108.18
4107.03
4105.96
4105.02
4104.42
4105.15
4108.54
4117.22
4134.35
4167.46
4237.41
4375.96
4716.05
5419.36
6749.58
8293.75
9670.3
10205.3
10913.4
11576.8
11595
11563.8
11686
11844.6
11871.1
11891.9
11921.3
11953.4
11963
11982.4
12007.1
12039.7
12079.6
12100.2
12108.7
12126.1
12158
12186.9
12202.7
12219.9
12244
12271.9
12290.6
12305.7
12313
12305.8
12296.7
12318.7
12407.7
12742.9
14033.3
17037.2
21713.4
26957.3
28768.7
29664.5
30039.9
30905.7
30906.3
30281.8
29711.1
29502.7
29128.6
28500.1
27829.3
27241.1
26692.8
25964.5
25067.6
24142.8
23386.6
22759.2
22109.3
21371.5
20604
19779.9
18936.7
17599.7
4111.38
4110.77
4110.1
4109.84
4110.28
4111.67
4115.57
4123.85
4140.48
4170.97
4230.65
4351.15
4608.58
5215.1
6269.2
7687.01
9106.79
10039.3
10611.6
11109.6
11587.6
11674.6
11679
11730
11867.3
11942.2
11954.1
11958.8
11982.4
12025.1
12048
12055.7
12075.9
12118.6
12147.8
12158.9
12178.2
12213
12243.3
12261.6
12279.3
12303.1
12335.3
12367.7
12392
12410.1
12425.9
12438.2
12437.5
12425.8
12418.1
12436.1
12506.9
12743.6
13586.8
16052.4
19905.7
24076.9
28397.1
30606.4
30601.7
29856.5
29871
29725.2
29116.8
27995.8
27384.9
26965.8
26423.3
25692.4
24801.3
24023.4
23341.6
22683.7
22062.3
21373.6
20526.4
19484.7
18533.7
17253.6
4114.21
4114.67
4115.93
4118.66
4123.68
4132.79
4149.07
4179.54
4238.76
4352.55
4616.58
5140.59
6169.67
7400.57
8566.74
10061.8
10475
10810
11347.3
11686.9
11699.2
11723
11827.8
11926.6
11949.7
11984.3
12005.6
12018.5
12050.8
12086.9
12093.7
12103.7
12136.3
12169.2
12179.9
12196
12227.6
12258.3
12271.6
12285.1
12309.1
12346.1
12383.9
12415.7
12440.6
12464.1
12486.9
12505
12512.4
12512.5
12508
12500.7
12495.7
12505.3
12538.1
12695.1
13146.7
14629.8
17719.2
21593.2
24880.8
27750.8
29575.3
29407.4
28863.7
27915.6
27397.3
26920.3
26242.1
25412.9
24557
23911.7
23331.4
22720.3
22118.3
21407.9
20374.7
19209.6
18319.4
17151.3
4121.67
4125.38
4131.76
4143.1
4162.78
4198.35
4267.75
4401.8
4705.34
5231.96
6246.96
7423.34
8603.45
9561.76
10484.6
10937.6
11117.7
11471.5
11761.9
11775.7
11800.2
11883.8
11963.2
11974.7
11989.2
12023.6
12042.1
12061.6
12094.4
12109.1
12117.3
12138.5
12168.7
12187.2
12204.5
12229.1
12257.8
12278.2
12294.6
12316
12346.7
12383.2
12418.4
12449
12470.1
12490.4
12510.9
12528.8
12539.7
12542.1
12542.5
12542
12536
12523.8
12509.1
12495.9
12462.9
12478.7
12682.9
13361.5
15205
18228.9
21451.4
24204.1
25633.3
27060.4
27074.3
26455.6
25693.7
24967.5
24329.7
23761.3
23141.1
22318.5
21380.5
20552.9
19769.7
18977.4
18244.9
17130.7
4141.84
4156.95
4183.38
4236.88
4326.81
4521.49
4882.19
5537.06
6573.94
7628
8726.07
9780.6
10278.9
10903.1
11281.1
11371.8
11582.4
11821.1
11845.4
11855
11915.9
11984
11994.6
11998.1
12022
12047.8
12059.9
12083
12111.1
12116.8
12127.7
12153.3
12176.6
12189.4
12206.4
12231.6
12255.6
12273.5
12292.8
12317.8
12348.5
12382.4
12415.8
12446.4
12479
12508.1
12534.3
12556.2
12567
12571.8
12574
12574.3
12569.4
12557.4
12531.4
12477
12384.1
12278.9
12144.2
12021.8
11869.2
12089.5
12962.8
15011.8
18144.8
20878.5
22824.5
23114
23566.5
23749.3
23600.9
23231.5
22360.6
21216.6
20380
19864.8
19395.2
18864.9
18256.5
17165.7
4224.05
4307.71
4441.94
4770.68
5239.12
6036.01
7090.11
8108.83
9047.26
9998.58
10428.9
10917
11285.3
11494.2
11599.1
11701.7
11863
11903.3
11909
11938.6
11990.8
12012.4
12014.9
12026.4
12047.7
12059.8
12074.2
12099
12112.2
12120
12136
12159.9
12175.1
12187.4
12204.4
12227.8
12250.4
12271.4
12295
12322.1
12351.6
12383
12414.8
12444
12471.9
12500
12528.4
12552.2
12563.4
12568.7
12569.9
12565.2
12552.3
12526.4
12479.7
12408.8
12303.2
12158.3
11954.3
11703.6
11437
11123
10889.4
10819.6
11160.2
12380.5
14634.7
17863.2
20326.2
21326.7
21733.4
21372.5
21214.9
20838.2
20343.1
19839.9
19359.3
18839.9
18261.9
17165.1
4726.58
5190.39
5841.65
6863.72
7821.46
8684.89
9584.13
10273.9
10640.9
11130.7
11322.4
11513.9
11711.2
11754.6
11811.6
11891.7
11930.9
11948.3
11965.2
11994.1
12014.6
12016.8
12023.7
12041.9
12057.3
12068.5
12086.4
12104.9
12113.2
12123.3
12141.9
12158.3
12169.4
12181.1
12196.7
12217.6
12242.1
12268.2
12294.9
12322.7
12351.9
12382
12412
12439.7
12467.4
12495.5
12524.8
12547.2
12559.1
12565.5
12564
12554.8
12532.5
12490.5
12422.3
12318.9
12173.6
11972
11736.9
11434.4
11124.6
10741.2
10433.7
10074.1
9779.65
9633.63
9790.45
10493.6
12113.3
14652.7
17592
18804.5
20215.1
20662.8
20496.3
20036.1
19452.7
18896.1
18318.8
17254.6
6908.99
7759.47
8750.95
9437.67
10105.1
10657
10953.1
11286.3
11462.9
11619.7
11741.7
11813.4
11881.8
11902.9
11933.5
11965.7
11974
11987.7
12000.8
12014.8
12026.7
12029.8
12037.9
12051
12058.2
12071.8
12093.9
12104.3
12110.6
12123.4
12140.2
12150.4
12160.5
12173.2
12190
12211.6
12237.1
12264.8
12293.3
12321.7
12351
12381.1
12410.6
12437
12462.8
12490.6
12517.6
12536.3
12550.1
12553.2
12546.7
12525.9
12483.8
12413.8
12311.5
12159.5
11969.2
11721.2
11432.7
11089.7
10759.9
10385.8
10030.9
9670.92
9366.11
9046.73
8757.6
8662.28
8666.78
8966.71
10041.6
12274.4
14697.9
16641.4
18319.9
18344.2
18159.1
17719.8
17305.1
16666.7
9613.23
10154.1
10750.8
10969
11270
11536.7
11600.8
11728.4
11837.7
11874.2
11928.5
11948.8
11970.2
11977.4
11983.5
11992
11997.6
12004.6
12013.2
12019.3
12027
12036.3
12044.9
12052.5
12061.2
12077.5
12095.1
12100.9
12105.4
12115
12129.8
12142
12153.2
12165.7
12182.4
12204.1
12230.3
12259.7
12288.6
12316.7
12345.5
12376.3
12405.8
12431.4
12456.3
12481.7
12501.6
12519.4
12531.9
12529.3
12512.1
12471.5
12400.6
12290.9
12138
11935.7
11684.9
11376.1
11047.7
10694.8
10318.8
9946.74
9617.02
9291.46
8957.04
8656.18
8399.89
8148.97
7878.74
7781.9
7725.61
7866.45
8532.89
10142.5
12390.2
14330.7
16251.8
16540.5
16699.3
16464.5
11124.4
11336.8
11573.7
11652.3
11777.6
11874.5
11896
11942.7
11978.5
11990.9
12010.6
12021
12024
12023
12016.4
12015.6
12016.7
12017.3
12020.5
12025.7
12035.4
12042.8
12046.1
12052.4
12060.4
12073.8
12087
12092
12097.1
12108.2
12123.5
12135.1
12145.7
12157.9
12174.6
12196.7
12223.1
12250.5
12279
12307.6
12337.4
12368.9
12396.3
12421.1
12444.4
12461
12472.8
12487.9
12493.3
12481.2
12443.7
12369.1
12249.3
12087.9
11870.7
11596.9
11289.8
10948.1
10576.1
10196.6
9834.71
9506.95
9152.3
8825.19
8551.52
8297.03
8027.99
7762.52
7547.39
7361.97
7131.69
7019.09
6926.89
6995.02
7384.2
8444.19
10126.9
12185.9
13871.8
14771.4
11744.6
11849.2
11907.4
11927.3
11978.7
12008.2
12015.6
12030.6
12043.2
12043.1
12037.9
12035.2
12036.1
12034.3
12030.7
12030.2
12027.4
12024
12023.1
12027.2
12035.3
12037.7
12041.3
12047.5
12055.9
12068.8
12077
12080.9
12087.3
12099
12110.8
12121.9
12133.7
12147.4
12164.7
12187.7
12213.6
12240.1
12268
12297.1
12327.7
12356.3
12382.1
12406.2
12420.3
12426.7
12431.7
12439.1
12430.9
12394.3
12313.9
12183.3
12003
11762.7
11466.6
11147.9
10787.6
10391.9
10023.1
9681.84
9316.43
8965.27
8660.76
8409.18
8132.33
7847.68
7621.49
7428.18
7215.61
6990.92
6798.94
6651.78
6483.48
6357.8
6245.39
6278.02
6489.33
7106.81
8217.55
10577.9
11993
12019.6
12039.8
12052.8
12074.7
12082.8
12080.5
12078.2
12077.6
12075.1
12067.8
12064.3
12063.3
12060.6
12056.3
12055.8
12056.2
12051.4
12049.4
12055.7
12058.7
12060
12066.5
12069
12071.3
12078.9
12088.6
12089.9
12089.9
12096.5
12103.9
12112.9
12123.6
12136.6
12153.3
12174.3
12199.3
12226.1
12255
12288.2
12319.1
12344
12365.7
12379.6
12376.8
12367
12362.9
12353.2
12312.7
12222.3
12074.1
11861.3
11587.8
11275.1
10929.4
10540.2
10139.9
9796.82
9451.09
9058.71
8720.31
8471.25
8205.93
7898.24
7631.31
7450.6
7257.97
7015.51
6805.29
6659.99
6498.72
6313.05
6145.4
6025.9
5908.05
5779.77
5664.64
5661.25
5766.91
6366.3
12084.2
12092.7
12100.5
12099.7
12088
12073.6
12068.2
12065.8
12065.8
12064.3
12058.4
12055.9
12053.5
12051.5
12051.6
12053.8
12052.8
12052
12058.8
12063.5
12063.5
12070.5
12078.6
12077.9
12077.2
12082.2
12088.4
12086.2
12086.3
12095.5
12100.9
12102.2
12107.9
12117
12130.8
12149.4
12172.6
12198.5
12231.5
12264.3
12295.6
12315.6
12327
12322.8
12303.4
12273.5
12246.2
12193.3
12086.8
11909.1
11649.8
11342.3
11014.5
10639.1
10219
9852.01
9524.83
9149.06
8750.61
8475.56
8248.05
7945.03
7622.83
7422.18
7249.44
7032.67
6787.86
6620.19
6486.91
6317.91
6115.82
5989.48
5879.4
5747.53
5597.38
5477.54
5400.05
5304.64
5190.64
5175.14
12178.2
12178.3
12179
12177.2
12170.1
12157.8
12146.2
12142
12141.2
12141.7
12136.7
12131.4
12126.5
12119
12115.9
12114.5
12111.8
12111.6
12114.4
12113.9
12111.8
12116.9
12120.9
12115.3
12111.2
12115.3
12115.7
12105.3
12105.3
12114.2
12122.9
12121.9
12123.3
12126.8
12132.3
12141.3
12156.9
12180.8
12209.7
12233.9
12255.2
12261.4
12255.6
12233.1
12182
12114.4
12028.2
11897.9
11688
11384
11050.5
10703.3
10290
9874.26
9550.83
9221.23
8807.57
8452.38
8230.15
7993.61
7653.45
7376.2
7210.02
7029.98
6787.53
6578.54
6436.62
6298.18
6119.54
5952.86
5832.71
5724.51
5586.72
5447.06
5351.56
5273.45
5170.25
5050.97
4971.52
4873.32
12199.7
12196.8
12197.4
12202.6
12205.1
12199.1
12192.1
12189
12188.1
12189.7
12188.2
12182.9
12178.2
12171.3
12165.8
12164.5
12166
12166.9
12163
12155.9
12155.8
12161.5
12165.5
12159
12146.3
12148.3
12154
12146.7
12138.3
12142
12150.5
12150.1
12150.4
12153.5
12157.4
12163.7
12175
12189.4
12198.6
12202.2
12195.6
12180.8
12149.2
12080.2
11966.4
11827.6
11652
11396.4
11061.9
10717.7
10346.5
9902.68
9521.2
9234.08
8882.87
8456.55
8170.83
7969.35
7706.84
7374.04
7134.74
6990.26
6801.75
6545.67
6371.44
6253.35
6099.89
5926.83
5790.07
5677.07
5563.19
5434.42
5307.92
5224.33
5149.15
5041.02
4940.08
4874.55
4810.25
4690.61
12236.1
12234.8
12234.3
12236
12239.8
12235.9
12225.8
12220.4
12218.2
12218.4
12218.9
12215.9
12212.8
12205.9
12198.2
12196.9
12200.2
12201.8
12196.3
12189.7
12191.5
12199.2
12207.3
12205.5
12195.2
12194.1
12198.9
12196.3
12184.8
12186.9
12195.4
12196.4
12192.6
12194
12193
12192.6
12192
12189.6
12178.1
12154.6
12114.1
12054.2
11955.8
11798.3
11604
11371.1
11056.8
10697.2
10344.9
9941.41
9491.26
9158.17
8889.16
8523.77
8113.47
7883.23
7695.11
7412.91
7097.52
6906.88
6765.38
6568.29
6323.41
6173.36
6067.72
5912.38
5729.2
5624.33
5533.9
5408.57
5278.88
5179.46
5099.6
5013.22
4916.26
4835.2
4776.77
4703.31
4629.69
4536.92
12279.2
12277.7
12277
12277.8
12281.6
12278.9
12268.1
12261.5
12259.6
12259.4
12259.1
12256.8
12256.3
12252.1
12243.2
12240.8
12243.1
12245.1
12239.3
12233.8
12235.9
12244.5
12254.3
12251.7
12244.5
12246
12250.7
12249.4
12242.1
12245.9
12250.1
12246.5
12242.7
12240
12231.7
12216.8
12199.9
12175.7
12136.8
12072.7
11978.5
11835.1
11623.3
11369.3
11068.2
10689.5
10315.2
9955.57
9514.46
9074.23
8786.83
8522.07
8154.21
7779.8
7586.72
7410.36
7119.62
6831.71
6681.34
6536.57
6333.21
6120.06
5987.39
5881.62
5724.04
5550.4
5468.73
5386.56
5251.02
5126.85
5054.93
4977.47
4882.76
4796.71
4733.55
4674.08
4601.61
4543.35
4501.86
4428.27
12300.9
12299.4
12298.2
12298.4
12301.9
12299.8
12291.3
12287.4
12286.7
12285.8
12282.1
12279.9
12282.1
12281.4
12275.6
12273.7
12276.6
12280.7
12275.4
12265.5
12265.2
12272.7
12284.3
12283.4
12274.8
12276.4
12281.4
12281.9
12284.1
12289.4
12292.2
12293.8
12292.7
12287.1
12276.5
12254.7
12207.1
12128.4
12016.5
11871.2
11668.4
11398
11087.3
10718.2
10286.1
9908.16
9549.82
9085.99
8658.22
8409.61
8146.75
7775.67
7453.75
7284.56
7112.92
6836.48
6572.76
6445.96
6311.95
6103.45
5922.76
5809.45
5692.13
5542.17
5403.29
5312.42
5229.19
5103.13
4991.76
4933.03
4862.9
4760.19
4678.35
4630.55
4577.98
4511.69
4466.69
4428.06
4384.87
4323.42
12318.6
12316
12314.2
12314
12317.3
12315.3
12307.5
12304
12303.3
12302.2
12298.4
12295.7
12296.7
12296.3
12291.2
12290.1
12292.8
12298.4
12296.3
12284.9
12283.7
12289.3
12300.9
12306.4
12298.2
12292.2
12296.1
12299.5
12302.9
12302.2
12298.7
12290.8
12276.8
12254.7
12222.7
12170.9
12081.4
11941.2
11744.3
11469.6
11133
10767.3
10331.3
9855.49
9480.72
9125.18
8656.99
8246.81
8026.32
7777.27
7408.11
7126.03
6983.66
6817.83
6558.26
6323.87
6213.98
6090.59
5886.57
5723.85
5632.69
5515.13
5366.57
5255.16
5168.81
5078.24
4973.41
4880.67
4816.88
4750.4
4653.22
4578.52
4538.5
4492.16
4427.78
4380.26
4354.19
4319.33
4282.34
4236.19
12328.7
12326.2
12324.8
12324.7
12327.4
12325.1
12318
12314.9
12314.1
12312.1
12308.1
12305.4
12305.5
12305.5
12303.6
12304
12305.6
12312.2
12315.7
12306.8
12299.3
12300.9
12309.5
12323.5
12323.3
12311.6
12305.1
12304.8
12301.7
12294.3
12282.3
12264.6
12234.5
12184
12100.1
11962.8
11766.9
11508.7
11161.8
10770.5
10371.4
9887.41
9382.44
9023.44
8678.61
8222.43
7834.59
7635.21
7408.34
7055.53
6797.85
6680.4
6526.04
6282.02
6086.78
5987.02
5869.12
5677.39
5529.68
5456.64
5350.58
5195.63
5103.78
5034.24
4935.19
4843.73
4776.14
4703.56
4632
4568.05
4508.24
4463.71
4417.04
4354.07
4316.61
4301.37
4281.91
4253.01
4230.33
4197.47
12337.3
12334.5
12333.3
12333.8
12339.2
12338.8
12331.4
12324.6
12321.6
12318.8
12316.3
12316
12317.7
12317.1
12316
12316.3
12318.1
12323
12332.2
12331.7
12320.5
12315.6
12320.2
12334.1
12342
12332.9
12318
12304
12287.6
12265.9
12231.7
12176.9
12095.5
11974.6
11788.4
11535.7
11208.7
10772.6
10320.9
9900.13
9389.47
8869.81
8536.98
8216.12
7778.77
7419.23
7239.77
7035.53
6715.71
6474.75
6373.27
6238.4
6012.99
5845.01
5761.32
5651.61
5476.25
5344.08
5275.7
5182.45
5036.72
4951.05
4898.13
4810.51
4716.32
4663.68
4606.63
4536.97
4487.45
4438.99
4388.27
4347.06
4303.02
4271.44
4258.32
4241.44
4215.05
4190.31
4168.83
4150.61
12345.8
12342.8
12341
12340.5
12343.4
12345.4
12340.8
12330.5
12326
12323.7
12322.4
12323.2
12324.9
12326.1
12327.9
12332.7
12339.8
12339.9
12345
12349.9
12344.5
12334.1
12336
12344.3
12349.8
12339.8
12317.6
12285.3
12243
12183.6
12094
11965.2
11777.5
11503.1
11164.7
10755.9
10237.2
9752.44
9343.25
8844.77
8333.93
8036.54
7757.12
7351.09
7011.88
6852.01
6671.6
6384.68
6164.18
6077.29
5963.93
5760.15
5606.23
5537.89
5442.17
5287.39
5173.85
5106.52
5017.18
4893.68
4813.33
4766.39
4691.98
4591.58
4554.82
4522.26
4463.95
4415.6
4379.92
4333.29
4292.94
4266.29
4243.65
4225.88
4207.43
4190.28
4177.22
4166.44
4151.56
4134.65
12353.1
12351.2
12349.6
12348.5
12349.3
12352.3
12349.3
12340.1
12336
12334.3
12334.7
12337.2
12335.5
12334.4
12336.9
12343.6
12355.1
12361.7
12361.5
12362.8
12361.4
12353.2
12348.7
12346.2
12337.8
12317.7
12279.5
12215.5
12116.6
11967.7
11766
11487.4
11101.1
10680.4
10217.3
9638.96
9135.42
8758.53
8296.08
7797
7527.02
7294.06
6936.59
6615.28
6476.24
6325.8
6071.84
5863.51
5787.17
5695.06
5521.22
5377.25
5318.12
5237.91
5102.42
5004.23
4947.04
4862.41
4756.59
4690.18
4636.68
4571.81
4497.57
4451.24
4423.03
4378.31
4336.45
4313.7
4281.95
4243.89
4221.88
4199.09
4178.28
4164.41
4155.36
4151.85
4148.47
4143.65
4136.29
4125.49
12364.1
12362.4
12360.6
12358.9
12359.1
12362.3
12358.3
12349
12345.8
12345.1
12345.7
12346.9
12349.5
12352.8
12354.5
12356.3
12365.3
12376.5
12377.5
12374.5
12369.6
12358.8
12342.9
12321.2
12290.1
12235.3
12141.1
11988.6
11751.7
11449.9
11064.9
10550
10055.4
9578.71
8978.77
8473.96
8146.96
7744.86
7273.1
7027.04
6840.09
6540.85
6237
6116.51
6002.67
5794.24
5591.36
5518.35
5442.78
5297.31
5164.8
5114.73
5050.8
4932.03
4843.3
4798.34
4730.69
4639.75
4582.59
4531.88
4469.9
4415.07
4376.97
4349.8
4313.03
4273
4261.1
4250.01
4225.66
4199.54
4181.26
4159.71
4144.66
4139.45
4135.11
4130.78
4124.84
4116.38
4109.21
4100.96
12375.9
12373.6
12371.1
12368.1
12367.3
12370.1
12374.5
12372.1
12369
12368
12368.3
12369
12369.2
12369.7
12371.3
12374.4
12382
12389.9
12388.6
12379.8
12363.2
12335.8
12294.5
12233.4
12132.5
11973.7
11739.4
11382.3
10954.7
10486.8
9875.65
9317.32
8878.42
8323.68
7811.51
7531.09
7210.2
6778.7
6542.29
6403.79
6180.49
5893.08
5769.98
5687.37
5535.67
5348.82
5271.8
5207.56
5085.43
4961.18
4919.04
4873.05
4778.01
4695.01
4658.69
4608.71
4532.52
4488.07
4449.39
4390.69
4349.05
4318.2
4282.76
4250.28
4223.45
4212.31
4203.75
4188.6
4174.21
4164.95
4153.06
4138.15
4128.44
4123.13
4116.11
4109.31
4103.02
4094.74
4086.69
4078.01
12389.2
12386.7
12383.4
12378.8
12376.7
12379
12388
12388.9
12386.2
12384.6
12385
12384
12382
12382.1
12383.5
12385.5
12391.7
12393.6
12383.5
12357.3
12308.1
12230.9
12116.2
11932.5
11670
11329.2
10831.4
10262
9758.35
9136.35
8504.86
8111.98
7684.47
7195.17
6931.12
6689.53
6322.4
6088.07
5991.87
5847.32
5601.1
5458.76
5396.26
5294.42
5133.06
5051.36
5000.36
4903.15
4781.83
4740.37
4705.46
4636.12
4563.69
4534.44
4501.3
4444.82
4403.77
4379.15
4341.09
4301.71
4278.62
4252.43
4224.42
4202.92
4188.36
4179.72
4168.38
4153.58
4145.74
4138.58
4127.32
4115.54
4106.07
4097.02
4088.56
4083.21
4078.74
4072.8
4066.18
4057.55
12399.8
12397.6
12395.1
12393.1
12392.3
12394.7
12402.8
12401.9
12398
12396.3
12397.6
12396.2
12392.6
12390.5
12388.7
12386.9
12378.9
12359.4
12315.3
12230
12094.3
11887.1
11571.8
11178.5
10698.4
10048.7
9380.8
8897.02
8335.74
7668.77
7312.26
7046.21
6662.94
6376.74
6197.87
5934.18
5690.13
5613.55
5528.58
5350.17
5183.83
5126.13
5061.53
4936.49
4842.06
4802.54
4737.84
4637.07
4594.7
4566.99
4511.7
4448.53
4428.53
4409.78
4372.27
4335.38
4314.85
4289.39
4258.08
4238.89
4218.73
4193.12
4178.32
4168.3
4159.55
4151.09
4141.01
4134.24
4130.22
4124.18
4114.03
4105.52
4099.15
4092.38
4086.16
4080.95
4075.29
4068.02
4060.53
4050.44
12404.3
12402.1
12401.2
12402.8
12403.3
12405.7
12413
12411.2
12406.1
12404.4
12406.3
12403.1
12395.2
12387
12376.2
12357
12316.3
12232.6
12087.8
11862.1
11512.1
11043.4
10515
9880.53
9109.5
8500.82
8084.01
7566.31
6909.54
6625.16
6482.86
6237.56
5918.23
5761.65
5619
5414.63
5321.1
5262.4
5143.67
4966.89
4899.07
4860.32
4785.9
4679.34
4632.19
4588.47
4513.11
4472.88
4454.54
4416
4357.53
4339.41
4332.83
4314.95
4291.65
4279.67
4264.86
4241.36
4224.48
4212.06
4195.35
4177.72
4164.71
4155.3
4149.39
4143.69
4136.3
4131.2
4126.93
4120.93
4111.61
4103.8
4097.8
4091.47
4085.56
4079.88
4073.64
4066.18
4058.82
4049.1
12418.6
12415.1
12413.5
12411.6
12409.2
12408.9
12412.1
12409.6
12405.2
12403.4
12403.1
12397.7
12386.2
12366.1
12329.1
12254.7
12115.9
11886.5
11514.5
10989.8
10397.8
9723.9
8956.17
8236.29
7790.81
7385.81
6846.67
6295.67
6142.13
6075.72
5906.43
5561.32
5381.65
5327.8
5244.34
5125.92
5052.53
4967.45
4808.28
4712.14
4694.17
4663.71
4586.88
4517.45
4479.47
4420.72
4374.24
4364.99
4348.58
4306.77
4280.57
4276.28
4267.5
4250.91
4243.4
4237.15
4222.56
4209.56
4204.08
4196.19
4184.78
4173.74
4163.77
4155.2
4149.41
4143.71
4137.56
4132.99
4127.88
4121.29
4112.79
4106.1
4101.21
4095.57
4089.26
4083.08
4076.62
4068.86
4061.13
4050.89
12417.6
12414
12412.2
12409
12401.5
12393.8
12389.7
12388.1
12390.7
12392.7
12385.6
12368.7
12336.8
12273.1
12147.5
11929.8
11561.3
11012.8
10374.5
9651.27
8856.8
8079.83
7600
7200.87
6743.97
6179.47
5899.88
5842.98
5789.05
5629.48
5322.81
5103.06
5085.35
5070.23
4989.13
4873.62
4794.74
4697.7
4588.88
4563.42
4544.56
4494.65
4420.35
4391.13
4361.98
4312.11
4298.96
4293.77
4274.6
4249.96
4245.06
4238.94
4224.3
4218.96
4217
4211.38
4202.2
4197.73
4193.16
4185.33
4180.14
4175.54
4169.43
4164.25
4161.27
4157.97
4153.87
4146.4
4138.16
4127.85
4118.12
4112.95
4108.67
4103.22
4098
4093.55
4088.76
4082.57
4075.36
4067.05
12401.9
12398.8
12395.9
12390.8
12383.4
12378.7
12376.9
12377.7
12383
12381.9
12365.4
12318.6
12216.8
12029.6
11690.5
11146.9
10479.2
9704.74
8849.71
8012.45
7498.2
7076.32
6639.55
6092.31
5761.05
5684.04
5639.44
5547.55
5332.4
5065.68
4955.33
4948.55
4933.73
4859.95
4702.13
4617.67
4579.78
4524.93
4484.31
4461.95
4419.4
4343.32
4311.88
4304.57
4282.96
4254.71
4249.39
4239.98
4219.34
4215.14
4215.26
4207.84
4198.92
4199.59
4200.35
4197.3
4194.75
4192.83
4187.67
4179.84
4176.97
4174.29
4169.48
4164.35
4161.13
4158.03
4153.58
4152.43
4148.92
4141.02
4130.81
4124.49
4119.94
4113.89
4109.24
4106.04
4102.76
4098.63
4093.34
4086.39
12372
12366
12361.6
12356.8
12351.9
12350
12352.1
12357
12360.4
12343.2
12278.9
12130.7
11838.4
11332.9
10667.1
9864.53
8954.35
8062.13
7487.96
7008.51
6561.06
6016.38
5681.91
5596.5
5539.99
5460.66
5292.79
5044.86
4883.53
4850.33
4852.18
4831.52
4751.85
4599.66
4474.58
4457.29
4449.71
4421.54
4391.64
4360.41
4301.92
4249.46
4244.4
4239.11
4219.4
4209.4
4204.73
4191.99
4184.47
4183.61
4185.86
4184.28
4182.07
4182.76
4185.86
4186.22
4187
4186.45
4182.17
4174.23
4169.93
4167.53
4164.89
4163.42
4162.37
4160.48
4157.39
4153.74
4148.3
4139.55
4128.75
4120.09
4115.92
4114.2
4115.15
4115.34
4114.64
4112.61
4110.2
4106.15
12326.5
12328
12327
12324.6
12324.4
12326.5
12331.4
12330.3
12302
12215.4
12009.5
11594.2
10976.3
10167.1
9191.7
8242.8
7596.83
7033.76
6535.05
5963.73
5648.83
5541.73
5458.78
5379.39
5254.39
5069.12
4874.92
4770.74
4754.6
4752.24
4724.81
4645.98
4517.89
4405.91
4374.21
4371.83
4359.31
4326.08
4295.97
4264.74
4219.94
4198.32
4194.35
4185.99
4169.57
4167.44
4165.54
4159.58
4155.88
4156.37
4162.08
4168.66
4169.77
4170.16
4172.8
4175.51
4177.73
4177.72
4175.16
4170.28
4164.94
4159.52
4155.92
4154.31
4153.18
4151.87
4149.58
4146.32
4142.86
4138.32
4131.64
4122.56
4114.51
4112.4
4113.2
4115.56
4115.58
4114.56
4113.59
4114
12291.2
12293.1
12291.4
12284.8
12282.5
12286.7
12287.2
12254.3
12147.3
11873.5
11374.1
10619.3
9607.95
8573.36
7808.55
7143.27
6571.96
5978.16
5685.09
5523.72
5402.19
5311.7
5195.8
5049.38
4910.53
4789.1
4705.23
4675.67
4650.34
4607.16
4533.24
4432.13
4353.49
4328.01
4326.2
4319.3
4290.26
4249.72
4222.42
4194.56
4165.81
4160.38
4158.21
4149.3
4135.63
4130.41
4128.68
4127.13
4124.83
4125.64
4132.77
4145.39
4155.25
4158.64
4157.05
4155.48
4155.83
4156.47
4157.15
4158.04
4157.35
4153.43
4147.17
4143.51
4141.77
4141.31
4140.85
4137.75
4133.58
4129.88
4126.75
4123.04
4117.88
4114.31
4113.11
4113.59
4113.65
4112.16
4110.19
4108.35
12230.3
12226.9
12220.5
12215.2
12223.3
12230.8
12207.4
12081.2
11763.6
11171.4
10210.3
9103.55
8195.87
7373.04
6669.47
6090.52
5781.36
5554.68
5403.05
5287.77
5158.58
5012.75
4893.88
4805.79
4722.93
4657.05
4614.54
4576.4
4526.07
4455.25
4366.93
4304.47
4289.02
4289.72
4288.4
4271.13
4229.87
4186.05
4159.86
4137.26
4122.48
4118.52
4114.67
4107.88
4102.09
4099.18
4097.51
4098.82
4101.78
4102.41
4104.13
4113.55
4130.29
4146.83
4153.78
4152.76
4148.62
4142.59
4138.8
4139.49
4142.9
4144.86
4141.63
4136.12
4133.18
4132.71
4134.39
4134.5
4130.03
4124.92
4120.63
4117.37
4115.13
4113.69
4112.48
4111.97
4112.57
4112.5
4109.32
4105.61
12185.2
12182.5
12173.8
12182.6
12199.8
12195.2
12063.8
11711.5
10982.4
9901.69
8808.48
7803.71
6938.94
6285.52
5898.25
5620.01
5433.87
5293.62
5162.92
5027.39
4923.73
4828.84
4728.23
4646.64
4579.67
4545.66
4524.34
4485.53
4414.24
4328.3
4273.04
4252.07
4246.87
4243.91
4228.42
4198.31
4153.58
4122.66
4114.6
4106.98
4102.76
4097.85
4086.51
4071.93
4067.05
4065.48
4067.35
4075.51
4088.29
4095.17
4092.95
4090.53
4097.52
4116.5
4136.62
4144.93
4141.97
4133.1
4122.32
4116.05
4114.38
4116.33
4119.57
4120.31
4118.16
4117.63
4119.38
4122.78
4124.96
4122.39
4117.36
4111.61
4107.42
4105.92
4106.04
4105.8
4105.5
4105.82
4106.59
4106.83
12135.8
12123.1
12112.8
12137.5
12162.6
12038.5
11643.6
10816.3
9731.34
8527.93
7417.67
6657.92
6130.12
5730.27
5494.89
5337.57
5180.94
5053.14
4986.75
4908.29
4791.85
4668
4583.27
4533.35
4495.81
4469.48
4435.93
4381.62
4306.18
4241.17
4215.51
4208.91
4208.89
4202.53
4179.37
4135.77
4092.67
4080.57
4080.39
4084.64
4089.79
4086.85
4074.15
4053.59
4037.5
4029.91
4028.41
4038.45
4060.65
4082.53
4091.72
4088.62
4084.09
4087.81
4101.26
4116.15
4123.58
4124.44
4120.24
4112.91
4107.34
4103.98
4104.99
4109.04
4111.14
4110.83
4111.03
4113.19
4117.81
4120.38
4119.68
4115.78
4111.33
4107.5
4104.25
4102.18
4100.92
4100.94
4102.02
4101.49
12090.3
12077.7
12102.3
12138.9
12096.2
11702.2
10844
9619.2
8356.18
7253.08
6478.31
5985.03
5624.56
5393.31
5215.27
5101.77
5048.37
4971.63
4857.05
4733.32
4637.3
4569.41
4516.66
4465.2
4423.54
4398.91
4362.93
4294.34
4214.76
4183.88
4178.76
4181.58
4183.12
4171.64
4144.24
4098.53
4059.39
4046.13
4042.24
4045.2
4050.56
4052.09
4050.05
4045.62
4037.35
4027.43
4019.48
4017.22
4026.45
4045.27
4067.02
4082.56
4087.69
4088.19
4088.76
4091.4
4095.5
4098.38
4100.16
4101
4099.01
4095.66
4093.25
4092.56
4093.67
4095.53
4098.1
4102.24
4107.12
4108.68
4107.53
4105.89
4104.08
4102.39
4100.66
4099.01
4097.69
4097.3
4097.26
4099.75
12038.5
12059
12113
12131.7
11786.4
10934.4
9577.09
8260.7
7214.5
6381.56
5927.79
5627.92
5345.88
5191.39
5132.41
5036.64
4908.35
4786.5
4708.31
4645.3
4570.54
4492.02
4445.79
4414.43
4382.21
4342.41
4285.11
4208.58
4168.79
4161.57
4160.04
4160.12
4151.88
4133.17
4100.16
4062.92
4045.14
4036.36
4032.69
4027.01
4020.95
4018.32
4017.79
4021.1
4027.15
4029.14
4025.69
4021.97
4020.59
4023.24
4034.51
4053.8
4072.15
4082.45
4084.32
4082.82
4082.21
4082.54
4083.33
4085.02
4086.4
4087.42
4089.01
4090.11
4089.45
4088.31
4089.15
4094.54
4104.2
4110.18
4109.49
4106.41
4103.13
4100.32
4097.87
4095.64
4095.01
4096.03
4099.35
4104.09
12012.8
12079.4
12142.6
11992.5
11159.2
9835.21
8323.31
7220.46
6466.6
5912.42
5576.16
5394.25
5290.22
5153.11
5006.7
4880.13
4795.25
4717.2
4638.85
4561.44
4501.99
4461.6
4412.31
4354.32
4313.52
4281.29
4230.19
4173.14
4148.28
4141.67
4140.14
4134.55
4119.79
4094.34
4061.85
4044.83
4038.06
4037.72
4036.88
4024.2
4004.45
3992.28
3988.36
3990.07
4001.4
4014.28
4019.12
4018.85
4017.44
4017.64
4024.34
4039.68
4055.88
4065.06
4067.16
4067.33
4069.41
4073.64
4077.69
4079.45
4078.98
4078.12
4078.71
4080.75
4082.62
4082.88
4082.3
4084.23
4091.47
4100.1
4104.57
4104.93
4103.33
4100.61
4097.5
4095.07
4093.23
4093.26
4094.99
4100.6
12015.5
12114.2
12111
11504.4
10202.8
8639.87
7307.85
6534.67
5941.18
5579.46
5443.43
5304.96
5146.54
5022.79
4935.31
4836.09
4721.04
4623.99
4574.37
4530.82
4470.8
4409.29
4353.75
4310.96
4278.78
4241.02
4185.73
4148.86
4141.76
4138.64
4129.99
4112.01
4084.96
4053.18
4031.65
4023.6
4026.21
4038.73
4037.74
4021.91
3994.07
3977.32
3973.38
3974.55
3986.55
4005.15
4016.42
4016.22
4010.42
4007.26
4013.6
4031.93
4050.71
4058.56
4059.08
4057.04
4057.42
4061.66
4067.24
4071.56
4073.77
4074.58
4075.45
4076.6
4077.59
4078.6
4080.19
4083.97
4090.51
4096.76
4099.91
4100.98
4100.56
4098.89
4097.01
4095.25
4095.62
4097.39
4100.85
4109.62
12038.3
12165.9
11933.5
10687.7
9150.6
7641.49
6606.03
6060.6
5675.74
5460.4
5321.79
5202.41
5095.27
4980.01
4863.89
4757.95
4669.93
4598.96
4537.77
4477.85
4425.51
4381.07
4326.23
4272.26
4240.96
4209.73
4167.49
4143.84
4137.42
4130.4
4116.7
4092.84
4056.14
4020.17
4005.61
4003.95
4015.71
4035.22
4034.63
4021.25
3992.43
3967.83
3961.77
3962.12
3973.06
3992.87
4008.21
4011.19
4005.53
4000.6
4004.58
4020.58
4038.92
4046.34
4049.23
4050.67
4052.03
4055.75
4060.61
4064.49
4066.72
4068.06
4069.92
4072.57
4074.49
4074.99
4075.57
4079.29
4087.08
4095.35
4100.29
4101.79
4101.46
4100.1
4098.17
4096.86
4096.29
4098.01
4101.3
4109.26
12096.4
12149.9
11395.3
9741.63
8199.11
6884.31
6172.99
5802.38
5503.08
5371.52
5280.99
5157.49
5015.03
4901.93
4813.1
4724.92
4632.12
4554.31
4503.75
4455.24
4402.45
4348.38
4292.17
4249.73
4222.03
4189.07
4154.09
4141.08
4135.46
4125.41
4105.3
4072.95
4033
4001.24
3989.57
3990.78
4007.02
4025
4025.7
4014.67
3991.62
3965.62
3956.13
3956.46
3966.73
3985.37
4000.23
4004.2
4000.22
3996.42
4001.25
4017.01
4032.89
4037.86
4040.49
4044.59
4047.73
4051.77
4056.63
4060.64
4063.07
4064.46
4065.73
4068.25
4070.96
4072.98
4074.95
4078.58
4084.32
4090.79
4095.87
4098.96
4100.06
4099.34
4098.26
4097.48
4098.57
4101.08
4105
4115.83
12152.6
11999.6
10621.4
8863.87
7432.04
6393.58
5929.27
5648.03
5429.71
5332.03
5231.84
5107.61
4973.28
4863.39
4769.65
4683.35
4605.31
4538.61
4482.96
4428.26
4379.03
4329.4
4273.98
4232.87
4206.13
4176.47
4151.18
4139.29
4129.27
4115.73
4091.91
4057.19
4019.92
3993.12
3981.14
3981.99
3997.15
4012.27
4015.28
4006.18
3988.63
3968.62
3955.2
3954.22
3962.83
3978.96
3992.01
3995.98
3993.56
3991.5
3996.69
4012.23
4025.51
4030.86
4034.47
4040.26
4043.74
4047.02
4051.22
4055.32
4058.33
4060.53
4062.46
4065.35
4068.03
4069.52
4072.22
4077.05
4083.32
4089.52
4094.22
4097.2
4098.77
4099.02
4098.52
4098.25
4099.06
4101.87
4105.83
4115.7
12186.7
11652
9798.86
8097.88
6869.84
6101.17
5805.18
5575.23
5386.4
5297.66
5201.64
5074.39
4932.59
4826.62
4741.8
4661.07
4582.98
4517.29
4465.31
4414.89
4365.58
4312.03
4258.64
4224.68
4198.3
4168.29
4146.94
4135.14
4122.76
4105.9
4078.12
4043.45
4012.33
3992.59
3981.7
3979.17
3988.64
4000.71
4004.3
3996.11
3982.52
3971.18
3959.38
3954.88
3960.92
3974.09
3985.3
3988.94
3988.06
3989.03
3995.59
4009.26
4019.95
4025.33
4030.21
4037.26
4042.51
4044.9
4048.21
4051.88
4054.93
4057.31
4059.6
4062.48
4065.88
4067.57
4070.52
4074.91
4080.36
4086.05
4090.88
4094.49
4096.73
4097.38
4097.39
4097.49
4098.9
4101.75
4106.03
4117.03
12164.4
11113.9
9024.07
7483.42
6498.28
5956.43
5742.93
5534.77
5366.44
5273.9
5171.67
5042.64
4906.67
4805.61
4720.57
4639.91
4566.46
4505.81
4453.48
4402.58
4354.63
4302.26
4250.7
4218.9
4192.02
4163.39
4144.45
4130.21
4114.11
4093.53
4064.84
4033.7
4010.2
3995.63
3985.21
3980.41
3983.02
3990.58
3992.99
3985.62
3976.73
3971.37
3965.1
3958.35
3960.69
3969.73
3978.72
3982.5
3983.44
3986.15
3994.36
4006.12
4015.3
4021.47
4026.77
4034.4
4040.71
4042.28
4044.36
4047.91
4051.38
4054.2
4056.92
4059.86
4063.19
4064.98
4068.37
4072.92
4078.16
4083.33
4087.81
4091.49
4094.23
4095.6
4096.09
4096.49
4097.89
4100.77
4105.03
4115.65
12076.1
10482.4
8317.2
7037.37
6270.95
5893.68
5711.7
5511.33
5348.38
5252.22
5149.36
5019.86
4886.38
4788.4
4706.06
4626.35
4553.16
4494.16
4444.29
4395.7
4347.85
4294.45
4245.69
4216.15
4188.76
4160.09
4141.1
4124.64
4105.58
4081.69
4052.1
4025.83
4011.02
4001.41
3991.7
3983.52
3980
3981.92
3982.13
3975.78
3972.08
3971.4
3968.69
3963.49
3961.31
3966.05
3973.14
3977.61
3980.08
3984.61
3994.02
4003.63
4011.49
4017.97
4024.37
4032.97
4039.46
4040.72
4041.55
4044.61
4048.23
4051.32
4054.3
4057.86
4060.66
4062.88
4066.21
4070.37
4075.41
4080.3
4084.67
4088.52
4091.62
4093.38
4094.26
4094.9
4096.42
4099.21
4103.64
4114.48
11872.6
9820.8
7733.11
6733.78
6135.23
5868.19
5695.25
5496.28
5333.44
5232.42
5129.01
5001.65
4873.94
4778.21
4694.84
4614.47
4543.05
4486.67
4437.86
4390.1
4343.11
4290.05
4243.59
4214.25
4186.32
4158
4138.39
4119.26
4096.72
4070.37
4041.14
4020.71
4012.75
4007.53
3998.77
3987.55
3978.77
3974.52
3971.83
3967.58
3968.28
3971.66
3971.9
3967.27
3962.94
3963.25
3967.89
3972.84
3976.72
3983.71
3993.71
4001.23
4008.1
4015.15
4022.66
4031.48
4037.67
4038.78
4038.71
4041.5
4045.31
4048.66
4052.06
4055.59
4058.46
4060.8
4064.15
4068.28
4073.15
4077.75
4081.95
4085.89
4089.32
4091.5
4092.72
4093.54
4095.08
4097.82
4102.28
4113.1
11551.4
9174.7
7290.16
6542.6
6055.69
5851.78
5686.35
5488.97
5321.12
5215.35
5112.16
4987.41
4865.13
4771.49
4687.58
4606.23
4535.17
4480.29
4433
4386.92
4340.11
4287.04
4242.51
4213.52
4185.07
4156.58
4135.71
4114.38
4088.77
4060.21
4031.82
4017.19
4014.63
4013.27
4005.82
3991.91
3978.39
3968.33
3962.06
3960.96
3965.57
3971.59
3974.45
3970.31
3964.02
3961.56
3963.26
3968.34
3973.98
3982.98
3993.16
3999.42
4005.13
4012.67
4021.78
4030.54
4036.08
4036.96
4036.4
4038.87
4042.77
4046.51
4050.16
4053.8
4056.52
4059.22
4062.4
4066.56
4071.25
4075.67
4079.78
4083.8
4087.47
4089.95
4091.46
4092.43
4094
4096.71
4101.24
4112.15
11138.2
8568.14
6982.99
6422.72
6011.72
5837.57
5679.67
5485.72
5312.32
5202.95
5098.92
4975.97
4859.19
4767.64
4682.5
4599.89
4529.49
4476
4429.57
4384.53
4338.05
4285.68
4242.2
4213.1
4184.17
4155.71
4133.58
4110.11
4081.66
4051.22
4024.56
4014.94
4016.31
4017.88
4012.34
3996.31
3978.15
3962.94
3953.3
3955.58
3963.77
3971.27
3975.96
3972.8
3964.74
3960.01
3959.49
3963.98
3971.9
3982.3
3992.46
3997.85
4002.8
4010.51
4021.36
4029.73
4034.51
4035.23
4034.46
4036.76
4040.61
4044.85
4048.55
4052.4
4054.98
4058.02
4061.06
4065.27
4069.83
4074.11
4078.15
4082.25
4086.13
4088.87
4090.6
4091.7
4093.27
4095.97
4100.53
4111.51
10665.5
8037.04
6784.29
6342.47
5990.25
5827.42
5674.92
5483.58
5305.09
5194.1
5089.41
4967.38
4855.24
4764.88
4679.2
4595.54
4525.36
4472.66
4427.1
4383.1
4336.7
4284.86
4242.16
4212.98
4183.69
4155.14
4131.72
4106.54
4075.74
4043.5
4018.94
4013.4
4017.72
4021.48
4018.04
4000.49
3977.87
3957.89
3946.11
3951.37
3962.56
3970.78
3976.68
3974.71
3965.43
3958.54
3956.46
3960.08
3970.46
3981.7
3991.77
3996.59
4000.96
4009.25
4020.9
4029.27
4033.25
4033.79
4032.97
4035.17
4038.96
4043.51
4047.36
4051.43
4053.98
4056.95
4060.15
4064.33
4068.8
4072.99
4076.97
4081.13
4085.17
4088.1
4090.01
4091.2
4092.78
4095.48
4100.08
4111.13
10168.6
7595.33
6659.7
6290.07
5979.58
5821.59
5672.37
5480.64
5298.76
5187.67
5082.46
4961.24
4852.45
4763.46
4676.96
4592.24
4522.51
4470.37
4425.29
4382.02
4335.77
4284.48
4242.3
4212.77
4183.3
4154.75
4130.19
4103.62
4070.82
4036.95
4014.5
4012.27
4018.59
4024.07
4022.39
4004.45
3977.49
3953.05
3940.44
3947.94
3961.61
3970.52
3976.92
3976.13
3965.91
3957.29
3953.88
3957.04
3969.44
3981.24
3990.99
3995.5
3999.43
4008.34
4020.3
4029.25
4032.3
4032.61
4031.83
4033.97
4037.73
4042.39
4046.55
4050.71
4053.31
4056.15
4059.51
4063.7
4068.12
4072.25
4076.19
4080.42
4084.59
4087.67
4089.72
4090.99
4092.58
4095.27
4099.9
4111
9677.77
7256.47
6583.74
6259.79
5973.74
5819.01
5671.14
5476.19
5292.47
5182.99
5077.4
4956.84
4850.84
4762.62
4675.47
4589.9
4520.44
4468.63
4423.94
4381.26
4335.09
4284.16
4242.46
4212.51
4183.04
4154.49
4128.94
4101.3
4066.87
4031.54
4010.96
4011.43
4019.06
4025.94
4025.52
4008.48
3976.84
3948.52
3936.17
3945.55
3960.42
3970.65
3977.03
3977.08
3966.46
3956.38
3951.67
3955.02
3968.14
3981.55
3990.36
3994.59
3998.4
4007.65
4019.9
4029.46
4031.76
4031.8
4031.07
4033.19
4036.92
4041.56
4046.18
4050.24
4052.92
4055.72
4059.15
4063.37
4067.78
4071.86
4075.78
4080.06
4084.34
4087.53
4089.69
4091.02
4092.61
4095.3
4099.96
4111.09
9187.52
7012.52
6537.89
6243.42
5971.27
5819.86
5671.01
5471.96
5286.8
5179.67
5073.56
4953.83
4849.91
4762.18
4674.28
4588.06
4518.88
4467.3
4422.82
4380.53
4334.49
4283.79
4242.46
4212.09
4182.7
4154.16
4127.84
4099.32
4063.73
4026.99
4008.07
4010.61
4019.18
4027.05
4027.62
4011.99
3976.04
3944.39
3933.21
3943.59
3959.04
3970.9
3977.14
3977.45
3967.18
3955.52
3949.68
3953.59
3966.73
3982.01
3989.88
3993.77
3997.8
4006.99
4019.62
4029.58
4031.43
4031.15
4030.5
4032.61
4036.31
4040.94
4045.86
4049.87
4052.6
4055.44
4058.88
4063.14
4067.56
4071.59
4075.49
4079.8
4084.17
4087.43
4089.67
4091.05
4092.65
4095.33
4100.01
4111.18
8736.93
6852.17
6512.56
6234.33
5973.13
5823.15
5670.03
5466.64
5280.94
5176.84
5070.61
4951.71
4849.24
4761.8
4673.25
4586.58
4517.54
4466.1
4421.77
4379.78
4333.87
4283.31
4242.3
4211.6
4182.29
4153.83
4126.95
4097.74
4061.46
4023.27
4005.89
4009.88
4019.15
4027.69
4029.17
4014.38
3975.68
3941.11
3931.46
3941.93
3957.92
3971.12
3977.27
3977.58
3968.06
3954.6
3948.05
3952.59
3965.85
3982.05
3989.53
3993.18
3997.49
4006.35
4019.52
4029.58
4031.23
4030.63
4030.06
4032.16
4035.83
4040.48
4045.56
4049.55
4052.36
4055.22
4058.66
4062.95
4067.38
4071.39
4075.26
4079.6
4084.02
4087.34
4089.64
4091.05
4092.65
4095.33
4100.02
4111.21
8309.59
6742.55
6498.04
6228.58
5975.7
5827.43
5671.28
5463.89
5276.43
5174.47
5068.05
4949.59
4848.04
4760.9
4671.81
4584.82
4515.89
4464.55
4420.3
4378.49
4332.7
4282.2
4241.46
4210.48
4181.22
4152.9
4125.63
4095.84
4059.19
4019.54
4003.62
4008.61
4018.32
4027.46
4029.83
4015.3
3974.88
3937.47
3929.9
3940.01
3956.55
3970.51
3976.73
3977.07
3968.03
3953.12
3946.26
3951.35
3964.6
3981.23
3988.86
3992.1
3996.62
4005.23
4018.97
4028.9
4030.56
4029.65
4029.16
4031.25
4034.9
4039.55
4044.78
4048.72
4051.61
4054.5
4057.94
4062.26
4066.7
4070.7
4074.55
4078.91
4083.37
4086.74
4089.09
4090.52
4092.11
4094.78
4099.48
4110.69
7986.8
6684.89
6492.35
6228.26
5977.75
5827.28
5665.14
5455.26
5269.74
5171.3
5065.24
4947.09
4846.1
4759.27
4669.85
4582.67
4513.82
4462.57
4418.39
4376.76
4331.12
4280.66
4240.15
4209
4179.83
4151.69
4124.18
4094.01
4057.27
4016.34
4001.55
4007.27
4017.25
4026.86
4029.99
4015.94
3974.63
3933.72
3928.71
3938.52
3955.45
3969.67
3976.23
3976.47
3967.71
3952.15
3944.96
3950.46
3963.41
3980.57
3988.54
3991.23
3995.9
4004.33
4018.59
4028.33
4030.08
4028.9
4028.5
4030.57
4034.21
4038.85
4044.19
4048.11
4051.07
4053.97
4057.41
4061.74
4066.2
4070.19
4074.02
4078.38
4082.87
4086.27
4088.63
4090.07
4091.64
4094.3
4098.98
4110.2
7682.71
6642.68
6484.3
6220.06
5973.16
5828.81
5667.82
5454.53
5265.27
5167.91
5061.73
4943.57
4842.89
4756.28
4666.59
4579.31
4510.6
4459.49
4415.42
4373.96
4328.46
4278.05
4237.74
4206.53
4177.46
4149.52
4121.87
4091.45
4054.65
4012.81
3998.91
4005.16
4015.38
4025.41
4028.92
4015.22
3973.6
3929.77
3926.72
3936.29
3953.62
3967.93
3974.96
3974.98
3966.32
3950.46
3942.88
3948.59
3961.52
3979.06
3987.32
3989.48
3994.23
4002.6
4017.25
4026.81
4028.64
4027.24
4026.9
4028.97
4032.6
4037.24
4042.64
4046.56
4049.55
4052.45
4055.88
4060.21
4064.67
4068.63
4072.42
4076.78
4081.28
4084.67
4087.03
4088.45
4090
4092.63
4097.3
4108.5
7554.23
6633.25
6478.55
6212.96
5970.49
5822.18
5657.34
5446.11
5260.17
5164.97
5059.12
4941.16
4840.76
4754.45
4664.81
4577.61
4509.07
4458.12
4414.2
4372.92
4327.58
4277.24
4237.08
4205.89
4176.91
4149.15
4121.46
4090.93
4054.14
4011.68
3998.32
4004.94
4015.27
4025.56
4029.22
4015.58
3974.38
3928.68
3926.72
3935.75
3953.6
3968.01
3975.26
3975.25
3966.63
3950.63
3942.65
3948.5
3961.58
3979.21
3987.84
3989.54
3994.35
4002.72
4017.6
4027.07
4028.94
4027.42
4027.09
4029.19
4032.83
4037.46
4042.89
4046.81
4049.82
4052.71
4056.13
4060.46
4064.91
4068.85
4072.62
4076.97
4081.48
4084.87
4087.22
4088.62
4090.15
4092.77
4097.43
4108.61
7385.94
6614.69
6469.78
6207.29
5968.22
5826.51
5667.84
5451.15
5259.41
5164.39
5058.65
4940.67
4840.34
4754.16
4664.48
4577.17
4508.66
4457.79
4413.92
4372.7
4327.38
4277
4236.87
4205.66
4176.71
4149.01
4121.26
4090.64
4053.79
4010.86
3997.87
4004.64
4015.09
4025.41
4029.33
4015.62
3974.49
3927.8
3926.37
3935.1
3953.34
3967.8
3975.1
3975.13
3966.5
3950.27
3942.19
3948.04
3961.19
3978.91
3987.71
3989.14
3993.97
4002.34
4017.36
4026.8
4028.68
4027.07
4026.77
4028.86
4032.5
4037.12
4042.57
4046.49
4049.51
4052.4
4055.82
4060.16
4064.61
4068.55
4072.32
4076.67
4081.19
4084.59
4086.94
4088.35
4089.88
4092.5
4097.16
4108.35
)
;

boundaryField
{
    inlet
    {
        type            fixedValue;
        value           uniform 4010;
    }
    outlet
    {
        type            zeroGradient;
    }
    bottom
    {
        type            zeroGradient;
    }
    top
    {
        type            zeroGradient;
    }
    upstream
    {
        type            symmetryPlane;
    }
    defaultFaces
    {
        type            empty;
    }
}


// ************************************************************************* //
