/*--------------------------------*- C++ -*----------------------------------*\
  =========                 |
  \\      /  F ield         | OpenFOAM: The Open Source CFD Toolbox
   \\    /   O peration     | Website:  https://openfoam.org
    \\  /    A nd           | Version:  13
     \\/     M anipulation  |
\*---------------------------------------------------------------------------*/
FoamFile
{
    format      ascii;
    class       surfaceScalarField;
    location    "0.0004";
    object      phi;
}
// * * * * * * * * * * * * * * * * * * * * * * * * * * * * * * * * * * * * * //

dimensions      [1 0 -1 0 0 0 0];

internalField   nonuniform List<scalar> 
31866
(
0.000172191
6.79963e-05
0.000120306
5.18699e-05
8.67779e-05
3.35077e-05
6.25802e-05
2.41812e-05
4.68898e-05
1.5695e-05
8.1614e-06
3.873e-05
0.000259373
7.29878e-05
0.000201781
0.000109459
0.000160249
7.50631e-05
0.000134011
5.04227e-05
0.000113926
3.57911e-05
2.35353e-05
9.85427e-05
0.000301428
5.4637e-05
0.000281198
0.000129842
0.000240702
0.00011551
0.000209635
8.14977e-05
0.000184814
6.06099e-05
4.41896e-05
0.000164144
0.000336208
4.62094e-05
0.000339165
0.000126848
0.000314696
0.000139955
0.00028518
0.00011103
0.000260833
8.49993e-05
6.58647e-05
0.000239161
0.000369761
2.70764e-05
0.00037879
0.000117853
0.000373655
0.000145071
0.000353608
0.000131087
0.000332865
0.000105768
8.52124e-05
0.000313518
0.000399189
1.44388e-05
0.00041961
9.74221e-05
0.000421933
0.000142731
0.000412262
0.000140763
0.000396296
0.000121742
0.000100362
0.000381119
0.000432142
7.26684e-06
0.000458847
7.07314e-05
0.00046485
0.000136709
0.000464314
0.000141297
0.00045359
0.000132476
0.000112687
0.000441255
0.000471034
3.56767e-06
0.000497226
4.45373e-05
0.00051186
0.000122059
0.000513385
0.000139747
0.000508038
0.000137812
0.000123014
0.000497707
0.000515807
1.67671e-06
0.000534081
2.62522e-05
0.00055987
9.63041e-05
0.000564637
0.000134951
0.000562674
0.000139765
0.000130332
0.000555359
0.000566009
8.08135e-07
0.000578028
1.42308e-05
0.000609145
6.5219e-05
0.000619198
0.000124856
0.000619009
0.000139913
0.000133129
0.000616191
0.000621899
3.80479e-07
0.00062888
7.25227e-06
0.000654411
3.96706e-05
0.000676714
0.000102578
0.000679691
0.000136929
0.000132783
0.000680062
0.000683628
1.69681e-07
0.000687328
3.55296e-06
0.000705624
2.1366e-05
0.000737539
7.06831e-05
0.000746473
0.000128104
0.000131382
0.000747901
0.000751635
7.10843e-08
0.000753516
1.67163e-06
0.000764185
1.07022e-05
0.000793715
4.1125e-05
0.000816815
0.000105015
0.000126348
0.000821876
0.00082649
2.77992e-08
0.00082739
7.70852e-07
0.000833109
4.98109e-06
0.000853066
2.11678e-05
0.000889561
6.84605e-05
0.000114439
0.000901456
0.00090884
1.03046e-08
0.000909278
3.32752e-07
0.000912008
2.24995e-06
0.000923322
9.84729e-06
0.000954608
3.71798e-05
8.76522e-05
0.000981396
0.000999416
3.6002e-09
0.000999616
1.32778e-07
0.00100089
9.77669e-07
0.00100636
4.37259e-06
0.00102606
1.74924e-05
4.93479e-05
0.00106437
0.00109903
1.18229e-09
0.00109911
4.92639e-08
0.00109969
3.96544e-07
0.00110221
1.85273e-06
0.00111217
7.54136e-06
2.21025e-05
0.00113943
0.00120857
3.6492e-10
0.00120861
1.69907e-08
0.00120886
1.46363e-07
0.00120996
7.52151e-07
0.0012145
2.99823e-06
9.52813e-06
0.00122708
0.00132904
1.0593e-10
0.00132905
5.40387e-09
0.00132914
5.01592e-08
0.00132962
2.76328e-07
0.00133145
1.17072e-06
3.79611e-06
0.00133718
0.00146151
2.87833e-11
0.00146151
1.59183e-09
0.00146155
1.57324e-08
0.00146173
9.32644e-08
0.00146248
4.17276e-07
1.44183e-06
0.00146484
0.00160719
7.32718e-12
0.00160719
4.32104e-10
0.0016072
4.54122e-09
0.00160726
2.87254e-08
0.00160754
1.35543e-07
5.00265e-07
0.00160849
0.00176738
1.73966e-12
0.00176738
1.08207e-10
0.00176739
1.2024e-09
0.00176741
8.07516e-09
0.0017675
4.02322e-08
1.56403e-07
0.00176785
0.00194355
3.84763e-13
0.00194355
2.49544e-11
0.00194355
2.91986e-10
0.00194355
2.07406e-09
0.00194358
1.08635e-08
4.4321e-08
0.0019437
0.00213727
7.90485e-14
0.00213727
5.29758e-12
0.00213727
6.49899e-11
0.00213727
4.86555e-10
0.00213728
2.66777e-09
1.14211e-08
0.00213731
0.0023503
1.50779e-14
0.0023503
1.03439e-12
0.0023503
1.32568e-11
0.0023503
1.04177e-10
0.00235031
5.96956e-10
2.66478e-09
0.00235031
0.00258457
2.65218e-15
0.00258457
1.85629e-13
0.00258457
2.47644e-12
0.00258457
2.0373e-11
0.00258457
1.21538e-10
5.64304e-10
0.00258457
0.00284219
4.42463e-16
0.00284219
3.06373e-14
0.00284219
4.23633e-13
0.00284219
3.63806e-12
0.00284219
2.25182e-11
1.08561e-10
0.00284219
0.00312548
7.54605e-17
0.00312548
4.68213e-15
0.00312548
6.64232e-14
0.00312548
5.93245e-13
0.00312548
3.79855e-12
1.8959e-11
0.00312548
0.00343702
-1.33357e-17
0.00343702
6.24392e-16
0.00343702
9.48417e-15
0.00343702
8.82925e-14
0.00343702
5.82933e-13
3.00949e-12
0.00343702
0.0037796
-1.72388e-17
0.0037796
3.46945e-17
0.0037796
1.16866e-15
0.0037796
1.18967e-14
0.0037796
8.12965e-14
4.34074e-13
0.0037796
0.00415634
8.67362e-19
0.00415634
8.0231e-18
0.00415634
1.35959e-16
0.00415634
1.45457e-15
0.00415634
1.02851e-14
5.68942e-14
0.00415634
0.00457062
1.96241e-17
0.00457062
2.30935e-17
0.00457062
3.89229e-17
0.00457062
1.63389e-16
0.00457062
1.15663e-15
6.73409e-15
0.00457062
0.0050262
4.33681e-19
0.0050262
6.72205e-18
0.0050262
-8.99888e-18
0.0050262
-3.36103e-17
0.0050262
5.75711e-17
6.5334e-16
0.0050262
0.00552719
-5.96311e-18
0.00552719
-1.66967e-17
0.00552719
-2.52619e-17
0.00552719
-1.92988e-17
0.00552719
-1.0842e-17
3.89229e-17
0.00552719
0.00557792
8.67362e-19
0.00557792
1.51788e-18
0.00557792
-1.6263e-18
0.00557792
2.71051e-18
0.00557792
5.42101e-18
1.02999e-17
0.00557792
0.00557792
-7.58942e-19
0.00557792
-1.13841e-17
0.00557792
-1.02999e-17
0.00557792
1.73472e-18
0.00557792
1.26852e-17
3.93565e-17
0.00557792
0.00557792
1.6263e-18
0.00557792
1.18178e-17
0.00557792
3.03577e-17
0.00557792
3.70797e-17
0.00557792
6.93889e-17
8.31583e-17
0.00557792
0.00557792
1.0842e-18
0.00557792
2.9924e-17
0.00557792
3.1984e-17
0.00557792
4.51028e-17
0.00557792
6.06069e-17
2.88398e-17
0.00557792
0.00557792
-1.30104e-18
0.00557792
-1.06252e-17
0.00557792
-9.75782e-19
0.00557792
1.73472e-18
0.00557792
-6.50521e-19
-1.84314e-17
0.00557792
0.00557792
-4.11997e-18
0.00557792
-1.86483e-17
0.00557792
-7.26415e-18
0.00557792
5.74627e-18
0.00557792
2.6563e-17
3.30682e-17
0.00557792
0.00557792
5.31259e-18
0.00557792
3.25261e-18
0.00557792
2.81893e-18
0.00557792
3.79471e-18
0.00557792
1.4962e-17
2.66714e-17
0.00557792
0.00557792
4.33681e-19
0.00557792
1.51788e-18
0.00557792
-2.92735e-18
0.00557792
2.81893e-18
0.00557792
6.50521e-19
3.79471e-18
0.00557792
0.00557792
-8.67362e-18
0.00557792
-5.09575e-18
0.00557792
-3.90313e-18
0.00557792
2.60209e-18
0.00557792
-9.75782e-18
-1.84314e-18
0.00557792
0.00557792
3.25261e-18
0.00557792
-4.66207e-18
0.00557792
1.73472e-18
0.00557792
-2.27682e-18
0.00557792
1.59378e-17
2.94903e-17
0.00557792
0.00557792
1.73472e-18
0.00557792
7.26415e-18
0.00557792
8.89046e-18
0.00557792
1.64799e-17
0.00557792
1.9082e-17
1.51788e-18
0.00557792
0.00557792
9.1073e-18
0.00557792
1.0842e-19
0.00557792
5.74627e-18
0.00557792
1.77809e-17
0.00557792
1.27936e-17
1.20346e-17
0.00557792
0.00557792
-8.78204e-18
0.00557792
-1.50704e-17
0.00557792
-1.26852e-17
0.00557792
-1.91904e-17
0.00557792
-1.19262e-18
1.79978e-17
0.00557792
0.00557792
-6.61363e-18
0.00557792
-1.22515e-17
0.00557792
-6.50521e-18
0.00557792
-2.82977e-17
0.00557792
-1.21431e-17
-2.46114e-17
0.00557792
0.00552719
4.66207e-18
0.00552719
4.77049e-18
0.00552719
0
0.00552719
-1.84314e-18
0.00552719
-1.76725e-17
-4.08744e-17
0.00552719
0.0050262
3.90313e-18
0.0050262
9.43256e-18
0.0050262
3.03577e-18
0.0050262
-7.58942e-19
0.0050262
-1.2902e-17
-3.14419e-17
0.0050262
0.00457062
-7.58942e-18
0.00457062
-2.71051e-18
0.00457062
-3.25261e-18
0.00457062
-2.29851e-17
0.00457062
-1.45283e-17
-3.5345e-17
0.00457062
0.00415634
8.78204e-18
0.00415634
7.58942e-19
0.00415634
6.07153e-18
0.00415634
-1.94072e-17
0.00415634
-1.55041e-17
-4.13081e-17
0.00415634
0.0037796
4.98733e-18
0.0037796
7.80626e-18
0.0037796
3.05745e-17
0.0037796
4.31512e-17
0.0037796
2.40693e-17
-1.10155e-16
0.0037796
0.00343702
-4.98733e-18
0.00343702
9.75782e-18
0.00343702
1.34441e-17
0.00343702
4.25007e-17
0.00343702
4.4127e-17
-7.61869e-16
0.00343702
0.00312548
-6.50521e-18
0.00312548
-3.10082e-17
0.00312548
-3.76218e-17
0.00312548
-2.84061e-17
0.00312548
-1.23274e-16
-4.22438e-15
0.00312548
0.00284219
-7.26415e-18
0.00284219
-2.29851e-17
0.00284219
-5.18249e-17
0.00284219
-7.13405e-17
0.00284219
-3.94866e-16
-1.9786e-14
0.00284219
0.00258457
4.77049e-18
0.00258457
3.04661e-17
0.00258457
-4.33681e-18
0.00258457
-5.55112e-17
0.00258457
-1.2734e-15
-8.56419e-14
0.00258457
0.0023503
1.20346e-17
0.0023503
3.98986e-17
0.0023503
1.96241e-17
0.0023503
-7.16658e-17
0.0023503
-5.03417e-15
-3.40607e-13
0.0023503
0.00213727
1.30104e-18
0.00213727
1.22515e-17
0.00213727
3.36103e-18
0.00213727
-3.07046e-16
0.00213727
-1.85254e-14
-1.24263e-12
0.00213727
0.00194355
-1.04083e-17
0.00194355
6.28837e-18
0.00194355
-1.10589e-17
0.00194355
-1.052e-15
0.00194355
-6.293e-14
-4.16872e-12
0.00194355
0.00176738
1.69136e-17
0.00176738
2.62377e-17
0.00176738
-3.51282e-17
0.00176738
-3.47584e-15
0.00176738
-1.98638e-13
-1.28927e-11
0.00176738
0.00160719
2.9924e-17
0.00160719
4.84638e-17
0.00160719
-1.87025e-16
0.00160719
-1.07246e-14
0.00160719
-5.82115e-13
-3.68752e-11
0.00160719
0.00146151
1.66967e-17
0.00146151
-1.66967e-17
0.00146151
-7.49726e-16
0.00146151
-3.06193e-14
0.00146151
-1.59037e-12
-9.77217e-11
0.00146151
0.00132904
3.25261e-18
0.00132904
-7.91468e-17
0.00132904
-2.10118e-15
0.00132904
-8.15225e-14
0.00132904
-4.06064e-12
-2.40773e-10
0.00132904
0.00120857
-1.0842e-19
0.00120857
-1.29779e-16
0.00120857
-5.18671e-15
0.00120857
-2.03308e-13
0.00120857
-9.71703e-12
-5.51235e-10
0.00120857
0.00109903
4.33681e-19
0.00109903
-2.65521e-16
0.00109903
-1.20238e-14
0.00109903
-4.76104e-13
0.00109903
-2.18064e-11
-1.17958e-09
0.00109903
0.00099941
-1.45283e-17
0.00099941
-5.82217e-16
0.00099941
-2.60699e-14
0.00099941
-1.04725e-12
0.00099941
-4.60139e-11
-2.35875e-09
0.000999411
0.000908823
-5.0307e-17
0.000908823
-1.22851e-15
0.000908823
-5.29284e-14
0.000908823
-2.16855e-12
0.000908823
-9.13658e-11
-4.44157e-09
0.000908825
0.000826447
-7.90383e-17
0.000826447
-2.29135e-15
0.000826447
-1.0061e-13
0.000826447
-4.2336e-12
0.000826447
-1.71205e-10
-7.85071e-09
0.00082645
0.000751537
-8.06646e-17
0.000751537
-3.94368e-15
0.000751537
-1.79349e-13
0.000751537
-7.81041e-12
0.000751537
-3.02245e-10
-1.31513e-08
0.000751542
0.000683417
-9.04225e-17
0.000683417
-6.52841e-15
0.000683417
-3.00346e-13
0.000683417
-1.366e-11
0.000683417
-5.02695e-10
-2.0668e-08
0.000683425
0.000621472
-1.31297e-16
0.000621472
-1.03642e-14
0.000621472
-4.73874e-13
0.000621472
-2.28344e-11
0.000621472
-7.88551e-10
-3.09323e-08
0.000621482
0.000565141
-1.89519e-16
0.000565141
-1.56002e-14
0.000565141
-7.06126e-13
0.000565141
-3.68933e-11
0.000565141
-1.17618e-09
-4.32561e-08
0.000565154
0.000513916
-2.60425e-16
0.000513916
-2.17264e-14
0.000513916
-9.83871e-13
0.000513916
-5.60443e-11
0.000513917
-1.77047e-09
-5.69283e-08
0.000513931
0.000467335
-3.41957e-16
0.000467335
-2.7752e-14
0.000467335
-1.26286e-12
0.000467335
-7.59782e-11
0.000467336
-2.61321e-09
-6.99262e-08
0.000467348
0.000424975
-4.1861e-16
0.000424975
-3.29879e-14
0.000424975
-1.50906e-12
0.000424975
-9.38372e-11
0.000424976
-3.25124e-09
-8.44943e-08
0.000424989
0.000386455
-4.70435e-16
0.000386455
-3.62462e-14
0.000386455
-1.66984e-12
0.000386455
-1.05826e-10
0.000386456
-3.73557e-09
-8.57267e-08
0.000386457
0.000351427
-4.674e-16
0.000351427
-3.55338e-14
0.000351427
-1.65845e-12
0.000351427
-1.06654e-10
0.000351427
-3.8404e-09
-6.66027e-08
0.000351409
0.000319573
-4.14274e-16
0.000319573
-2.97828e-14
0.000319573
-1.41445e-12
0.000319573
-9.32952e-11
0.000319573
-3.45049e-09
-3.86754e-08
0.000319546
0.000290607
-2.87639e-16
0.000290607
-2.06261e-14
0.000290607
-1.00205e-12
0.000290607
-6.72166e-11
0.000290606
-2.52083e-09
2.96295e-08
0.000290538
0.000264266
-1.41055e-16
0.000264266
-1.0173e-14
0.000264266
-4.9838e-13
0.000264266
-3.35685e-11
0.000264265
-1.21325e-09
-1.50016e-07
0.000264445
0.000240313
0.000240313
0.000240313
0.000240313
0.000240311
0.000240161
3.34425e-05
5.27808e-06
3.02896e-05
3.15636e-06
2.83436e-05
1.9382e-06
2.69787e-05
1.35123e-06
2.62456e-05
7.55417e-07
2.59587e-05
2.88386e-07
2.58004e-05
1.49947e-07
2.55694e-05
2.36841e-07
2.5256e-05
3.24321e-07
2.4914e-05
3.45182e-07
2.4565e-05
3.31695e-07
2.42121e-05
3.45968e-07
2.3873e-05
3.40977e-07
2.35354e-05
3.38183e-07
2.31984e-05
3.37611e-07
2.28379e-05
3.61768e-07
2.24208e-05
4.22419e-07
2.20037e-05
4.14105e-07
2.16025e-05
3.98035e-07
2.12199e-05
3.79978e-07
2.08562e-05
3.53672e-07
2.05067e-05
3.52196e-07
2.01725e-05
3.46587e-07
1.98536e-05
3.17498e-07
1.95412e-05
3.11217e-07
1.92412e-05
3.13191e-07
1.89497e-05
2.81531e-07
1.86706e-05
2.79766e-07
1.83994e-05
2.72139e-07
1.81338e-05
2.6071e-07
1.78788e-05
2.57018e-07
1.76253e-05
2.57097e-07
1.73729e-05
2.45106e-07
1.71224e-05
2.42318e-07
1.68826e-05
2.44903e-07
1.66422e-05
2.1914e-07
1.64098e-05
2.01667e-07
1.6192e-05
2.1312e-07
1.59839e-05
2.36859e-07
1.57852e-05
1.90933e-07
1.55901e-05
1.84791e-07
1.54229e-05
1.92755e-07
1.5246e-05
1.99237e-07
1.49956e-05
2.43111e-07
1.46643e-05
3.26197e-07
1.41891e-05
4.71398e-07
1.33538e-05
8.32695e-07
1.22691e-05
1.08508e-06
1.15072e-05
7.62275e-07
1.10245e-05
4.80677e-07
1.06878e-05
3.32921e-07
1.04387e-05
2.43261e-07
1.02374e-05
1.94357e-07
1.00635e-05
1.6744e-07
9.9062e-06
1.51215e-07
9.75927e-06
1.4197e-07
9.62129e-06
1.35184e-07
9.49006e-06
1.2917e-07
9.36383e-06
1.23363e-07
9.2422e-06
1.17496e-07
9.12477e-06
1.11333e-07
9.00999e-06
1.05723e-07
8.89722e-06
1.01666e-07
8.78731e-06
9.8355e-08
8.68055e-06
9.55075e-08
8.57701e-06
9.32967e-08
8.47678e-06
9.15329e-08
8.37986e-06
8.93325e-08
8.28509e-06
8.72014e-08
8.19119e-06
8.56926e-08
8.09679e-06
8.52741e-08
8.00075e-06
8.5786e-08
7.90528e-06
8.42165e-08
7.81121e-06
8.24892e-08
7.7194e-06
8.08212e-08
7.62996e-06
7.8841e-08
7.54202e-06
7.69806e-08
7.45511e-06
7.53624e-08
7.36948e-06
7.4334e-08
7.28617e-06
7.39195e-08
7.206e-06
7.38127e-08
7.12886e-06
7.36359e-08
7.05441e-06
7.27016e-08
6.98137e-06
7.24871e-08
6.90979e-06
7.16792e-08
6.8373e-06
7.26045e-08
6.76562e-06
7.25545e-08
6.69519e-06
7.11386e-08
6.62522e-06
7.05524e-08
6.55741e-06
6.74985e-08
6.49048e-06
6.69226e-08
6.42671e-06
6.54224e-08
6.36528e-06
6.49017e-08
6.30625e-06
6.40814e-08
6.24888e-06
6.29025e-08
6.19298e-06
6.16388e-08
6.13842e-06
6.0227e-08
6.08511e-06
5.87451e-08
6.03265e-06
5.67585e-08
5.98019e-06
5.50548e-08
5.92818e-06
5.3955e-08
5.87702e-06
5.28183e-08
5.82627e-06
5.19722e-08
5.77604e-06
5.10997e-08
5.72636e-06
5.04685e-08
5.67751e-06
4.93406e-08
5.62885e-06
4.92428e-08
5.58127e-06
4.89049e-08
5.53169e-06
5.09096e-08
3.68249e-08
5.4957e-06
8.53488e-05
1.84897e-05
7.61557e-05
1.23491e-05
6.97277e-05
8.33746e-06
6.45971e-05
6.47692e-06
6.07613e-05
4.59464e-06
5.79923e-05
3.04164e-06
5.56328e-05
2.50052e-06
5.34195e-05
2.45762e-06
5.13936e-05
2.35741e-06
4.95402e-05
2.18693e-06
4.78332e-05
2.02941e-06
4.62642e-05
1.91331e-06
4.48233e-05
1.78006e-06
4.34833e-05
1.67397e-06
4.22323e-05
1.59215e-06
4.10602e-05
1.54272e-06
3.99378e-05
1.53702e-06
3.88705e-05
1.47262e-06
3.78625e-05
1.39527e-06
3.69147e-05
1.31318e-06
3.60288e-05
1.23872e-06
3.52025e-05
1.1796e-06
3.44176e-05
1.13035e-06
3.36714e-05
1.07431e-06
3.29632e-05
1.02658e-06
3.22842e-05
9.85134e-07
3.16369e-05
9.39674e-07
3.10228e-05
8.94129e-07
3.04311e-05
8.69419e-07
2.98695e-05
8.32081e-07
2.93271e-05
7.99469e-07
2.88109e-05
7.70055e-07
2.83107e-05
7.37867e-07
2.78321e-05
7.2802e-07
2.73609e-05
6.97981e-07
2.69086e-05
6.66912e-07
2.64819e-05
6.409e-07
2.60646e-05
6.07309e-07
2.56631e-05
6.25393e-07
2.52707e-05
6.08133e-07
2.49047e-05
5.75072e-07
2.45402e-05
5.38683e-07
2.41866e-05
5.29853e-07
2.38482e-05
5.79952e-07
2.34912e-05
6.79439e-07
2.30983e-05
8.60342e-07
2.26521e-05
1.27681e-06
2.21314e-05
1.60661e-06
2.16455e-05
1.24921e-06
2.1256e-05
8.68223e-07
2.09371e-05
6.47896e-07
2.06656e-05
5.08748e-07
2.04203e-05
4.32267e-07
2.01909e-05
3.90041e-07
1.99718e-05
3.63991e-07
1.97591e-05
3.49759e-07
1.95533e-05
3.38466e-07
1.93532e-05
3.2758e-07
1.91569e-05
3.1712e-07
1.89639e-05
3.06398e-07
1.87747e-05
2.94363e-07
1.85874e-05
2.83564e-07
1.84016e-05
2.75819e-07
1.82186e-05
2.69113e-07
1.80391e-05
2.63087e-07
1.78632e-05
2.58367e-07
1.7691e-05
2.54384e-07
1.75227e-05
2.49504e-07
1.73567e-05
2.44939e-07
1.71913e-05
2.42062e-07
1.70268e-05
2.39793e-07
1.68624e-05
2.38877e-07
1.66994e-05
2.3482e-07
1.65386e-05
2.30613e-07
1.63812e-05
2.26167e-07
1.62275e-05
2.2096e-07
1.60762e-05
2.16239e-07
1.59266e-05
2.12452e-07
1.57789e-05
2.09773e-07
1.56349e-05
2.07875e-07
1.54961e-05
2.06035e-07
1.53622e-05
2.04114e-07
1.52325e-05
2.01073e-07
1.51061e-05
1.99287e-07
1.49833e-05
1.96192e-07
1.4862e-05
1.96001e-07
1.47441e-05
1.94125e-07
1.46289e-05
1.8992e-07
1.45152e-05
1.87677e-07
1.44039e-05
1.81165e-07
1.42941e-05
1.79231e-07
1.41883e-05
1.75292e-07
1.40859e-05
1.7333e-07
1.39864e-05
1.71111e-07
1.38886e-05
1.68481e-07
1.37921e-05
1.65773e-07
1.36974e-05
1.62499e-07
1.3604e-05
1.5923e-07
1.35116e-05
1.54912e-07
1.34186e-05
1.51771e-07
1.33264e-05
1.4926e-07
1.32355e-05
1.46461e-07
1.31457e-05
1.44079e-07
1.30564e-05
1.42282e-07
1.29683e-05
1.40392e-07
1.28809e-05
1.38192e-07
1.27946e-05
1.37216e-07
1.27101e-05
1.35899e-07
1.26249e-05
1.38885e-07
1.12197e-07
1.25517e-05
0.000143827
3.88169e-05
0.000128304
2.78555e-05
0.000116697
1.98896e-05
0.00010694
1.6232e-05
9.92412e-05
1.22966e-05
9.32241e-05
9.04324e-06
8.79826e-05
7.72947e-06
8.33489e-05
7.1e-06
7.9327e-05
6.39387e-06
7.57701e-05
5.73892e-06
7.25617e-05
5.22248e-06
6.96751e-05
4.79627e-06
6.70577e-05
4.39367e-06
6.46634e-05
4.06541e-06
6.24596e-05
3.79402e-06
6.04345e-05
3.57726e-06
5.85636e-05
3.41159e-06
5.68117e-05
3.21724e-06
5.51662e-05
3.01994e-06
5.36316e-05
2.83539e-06
5.22053e-05
2.66799e-06
5.08764e-05
2.51412e-06
4.96265e-05
2.38464e-06
4.8441e-05
2.26318e-06
4.73157e-05
2.15507e-06
4.62482e-05
2.04976e-06
4.52346e-05
1.955e-06
4.42674e-05
1.86278e-06
4.33474e-05
1.78594e-06
4.24683e-05
1.71737e-06
4.16286e-05
1.64106e-06
4.08335e-05
1.5615e-06
4.00743e-05
1.49546e-06
3.9344e-05
1.44428e-06
3.86404e-05
1.38642e-06
3.79665e-05
1.34696e-06
3.73202e-05
1.30601e-06
3.66969e-05
1.23257e-06
3.6102e-05
1.20673e-06
3.55232e-05
1.1855e-06
3.49638e-05
1.13025e-06
3.44226e-05
1.07485e-06
3.39018e-05
1.04457e-06
3.34229e-05
1.06035e-06
3.29627e-05
1.13632e-06
3.25313e-05
1.28687e-06
3.21527e-05
1.654e-06
3.17975e-05
1.96425e-06
3.14298e-05
1.61951e-06
3.10709e-05
1.22604e-06
3.07463e-05
9.68988e-07
3.04422e-05
8.06755e-07
3.01476e-05
7.19337e-07
2.98597e-05
6.71207e-07
2.95773e-05
6.40485e-07
2.9298e-05
6.24899e-07
2.90245e-05
6.10913e-07
2.87561e-05
5.9595e-07
2.84906e-05
5.81499e-07
2.82276e-05
5.66689e-07
2.79679e-05
5.48888e-07
2.77096e-05
5.32958e-07
2.74523e-05
5.21708e-07
2.71982e-05
5.11212e-07
2.69481e-05
5.01465e-07
2.6702e-05
4.93713e-07
2.64602e-05
4.87026e-07
2.62228e-05
4.7878e-07
2.59876e-05
4.71597e-07
2.5753e-05
4.67026e-07
2.55197e-05
4.62297e-07
2.52884e-05
4.58046e-07
2.50592e-05
4.50514e-07
2.4833e-05
4.43044e-07
2.46113e-05
4.34798e-07
2.43947e-05
4.25078e-07
2.41815e-05
4.16445e-07
2.39706e-05
4.09763e-07
2.37625e-05
4.04798e-07
2.35596e-05
4.00518e-07
2.33638e-05
3.95503e-07
2.31748e-05
3.90431e-07
2.29913e-05
3.8424e-07
2.28125e-05
3.80467e-07
2.26396e-05
3.74113e-07
2.2471e-05
3.72078e-07
2.2309e-05
3.66869e-07
2.21522e-05
3.58108e-07
2.1998e-05
3.53072e-07
2.18471e-05
3.41739e-07
2.16979e-05
3.38008e-07
2.1554e-05
3.30323e-07
2.14141e-05
3.25936e-07
2.12777e-05
3.21154e-07
2.1143e-05
3.16463e-07
2.10095e-05
3.11946e-07
2.08778e-05
3.06174e-07
2.07477e-05
3.00621e-07
2.06186e-05
2.93319e-07
2.04886e-05
2.88698e-07
2.03591e-05
2.84719e-07
2.02317e-05
2.79679e-07
2.01059e-05
2.75163e-07
1.99809e-05
2.72011e-07
1.98574e-05
2.68527e-07
1.97349e-05
2.6495e-07
1.96137e-05
2.62969e-07
1.94952e-05
2.60112e-07
1.93778e-05
2.62636e-07
2.27557e-07
1.92685e-05
0.000215376
6.2619e-05
0.000194693
4.85102e-05
0.000178156
3.641e-05
0.000163186
3.11932e-05
0.000150662
2.48415e-05
0.000140274
1.94231e-05
0.000130937
1.70432e-05
0.000122689
1.53565e-05
0.000115612
1.34903e-05
0.000109435
1.19092e-05
0.000103957
1.06913e-05
9.91049e-05
9.63754e-06
9.47656e-05
8.71932e-06
9.08553e-05
7.96968e-06
8.73115e-05
7.33793e-06
8.40976e-05
6.79101e-06
8.1165e-05
6.34978e-06
7.84589e-05
5.91837e-06
7.59442e-05
5.51405e-06
7.36191e-05
5.14577e-06
7.14722e-05
4.80938e-06
6.94821e-05
4.51227e-06
6.76249e-05
4.25342e-06
6.58748e-05
4.02463e-06
6.4222e-05
3.81303e-06
6.26607e-05
3.61391e-06
6.11862e-05
3.42023e-06
5.97854e-05
3.2656e-06
5.84568e-05
3.11351e-06
5.71918e-05
2.98203e-06
5.59863e-05
2.85029e-06
5.48451e-05
2.70223e-06
5.37601e-05
2.58095e-06
5.27235e-05
2.46575e-06
5.17309e-05
2.36517e-06
5.07805e-05
2.28191e-06
4.98726e-05
2.20044e-06
4.90012e-05
2.13386e-06
4.81662e-05
2.05526e-06
4.73653e-05
1.96188e-06
4.65921e-05
1.90384e-06
4.58417e-05
1.83976e-06
4.51136e-05
1.78165e-06
4.44355e-05
1.74119e-06
4.37916e-05
1.77811e-06
4.31967e-05
1.87604e-06
4.2696e-05
2.15374e-06
4.22877e-05
2.3774e-06
4.19192e-05
1.99266e-06
4.15575e-05
1.58772e-06
4.12029e-05
1.32066e-06
4.08503e-05
1.15342e-06
4.04942e-05
1.06778e-06
4.01374e-05
1.02167e-06
3.97815e-05
9.91234e-07
3.94264e-05
9.77467e-07
3.90763e-05
9.62585e-07
3.87312e-05
9.44229e-07
3.83884e-05
9.26188e-07
3.80472e-05
9.07817e-07
3.77091e-05
8.8419e-07
3.73719e-05
8.62966e-07
3.70354e-05
8.4816e-07
3.67028e-05
8.33297e-07
3.63751e-05
8.19104e-07
3.60521e-05
8.07597e-07
3.57339e-05
7.97604e-07
3.54207e-05
7.85172e-07
3.51096e-05
7.74864e-07
3.47993e-05
7.67845e-07
3.44905e-05
7.60056e-07
3.41841e-05
7.51763e-07
3.38807e-05
7.39784e-07
3.35809e-05
7.28123e-07
3.32871e-05
7.14939e-07
3.29998e-05
6.99336e-07
3.27168e-05
6.85606e-07
3.24368e-05
6.75129e-07
3.21606e-05
6.67185e-07
3.18913e-05
6.59613e-07
3.16314e-05
6.49964e-07
3.13801e-05
6.40225e-07
3.11357e-05
6.29656e-07
3.08969e-05
6.23605e-07
3.06659e-05
6.13576e-07
3.04423e-05
6.10086e-07
3.02299e-05
6.00808e-07
3.00265e-05
5.85463e-07
2.98278e-05
5.76097e-07
2.96341e-05
5.57972e-07
2.94424e-05
5.51732e-07
2.92576e-05
5.38521e-07
2.90779e-05
5.30423e-07
2.89022e-05
5.21522e-07
2.87281e-05
5.13887e-07
2.8555e-05
5.06871e-07
2.83838e-05
4.97739e-07
2.8214e-05
4.89204e-07
2.80454e-05
4.77929e-07
2.7875e-05
4.71598e-07
2.77052e-05
4.65912e-07
2.7538e-05
4.58165e-07
2.7373e-05
4.50811e-07
2.72093e-05
4.45723e-07
2.70475e-05
4.40139e-07
2.68869e-05
4.34785e-07
2.67277e-05
4.31658e-07
2.65722e-05
4.2685e-07
2.64191e-05
4.28018e-07
3.87827e-07
2.62712e-05
0.000290247
8.59053e-05
0.000268896
6.98419e-05
0.000250548
5.4798e-05
0.000232353
4.93573e-05
0.000216407
4.08135e-05
0.00020234
3.3486e-05
0.000188823
3.05404e-05
0.000176336
2.78665e-05
0.000165258
2.46025e-05
0.000155395
2.1768e-05
0.000146578
1.95035e-05
0.000138753
1.74458e-05
0.000131776
1.56873e-05
0.000125528
1.42083e-05
0.000119924
1.29472e-05
0.000114892
1.18275e-05
0.000110343
1.09037e-05
0.000106195
1.00511e-05
0.000102391
9.29778e-06
9.89066e-05
8.61147e-06
9.57165e-05
7.99047e-06
9.27821e-05
7.45314e-06
9.00638e-05
6.98666e-06
8.75239e-05
6.57779e-06
8.51413e-05
6.20388e-06
8.29032e-05
5.85527e-06
8.07982e-05
5.51992e-06
7.88129e-05
5.25044e-06
7.6935e-05
4.98915e-06
7.51553e-05
4.76362e-06
7.34645e-05
4.5455e-06
7.18612e-05
4.30529e-06
7.03424e-05
4.09511e-06
6.8897e-05
3.90023e-06
6.75199e-05
3.73163e-06
6.62056e-05
3.58214e-06
6.49534e-05
3.43197e-06
6.37569e-05
3.32029e-06
6.26106e-05
3.19516e-06
6.15146e-05
3.06643e-06
6.04651e-05
2.97365e-06
5.94475e-05
2.85817e-06
5.8463e-05
2.76524e-06
5.75315e-05
2.67216e-06
5.66399e-05
2.66623e-06
5.58105e-05
2.69856e-06
5.50815e-05
2.88234e-06
5.44599e-05
3.00731e-06
5.39305e-05
2.52993e-06
5.34585e-05
2.06123e-06
5.30093e-05
1.76768e-06
5.25648e-05
1.59196e-06
5.21152e-05
1.50956e-06
5.1663e-05
1.46801e-06
5.12103e-05
1.43995e-06
5.07585e-05
1.42905e-06
5.03124e-05
1.41396e-06
4.98724e-05
1.39205e-06
4.94351e-05
1.36993e-06
4.89992e-05
1.34777e-06
4.85664e-05
1.3176e-06
4.81346e-05
1.29032e-06
4.77037e-05
1.27144e-06
4.7278e-05
1.2513e-06
4.68588e-05
1.23157e-06
4.64456e-05
1.21528e-06
4.60382e-05
1.20111e-06
4.56365e-05
1.18338e-06
4.52375e-05
1.16844e-06
4.48398e-05
1.1575e-06
4.44438e-05
1.14566e-06
4.40502e-05
1.13299e-06
4.366e-05
1.11572e-06
4.32745e-05
1.09888e-06
4.28963e-05
1.07947e-06
4.25262e-05
1.05643e-06
4.21613e-05
1.0362e-06
4.18002e-05
1.0208e-06
4.14439e-05
1.00905e-06
4.10966e-05
9.97183e-07
4.07613e-05
9.8129e-07
4.04368e-05
9.6508e-07
4.01202e-05
9.48397e-07
3.98099e-05
9.39211e-07
3.95088e-05
9.25088e-07
3.92179e-05
9.20725e-07
3.89442e-05
9.07698e-07
3.86853e-05
8.83937e-07
3.84348e-05
8.68543e-07
3.81919e-05
8.41176e-07
3.79522e-05
8.31429e-07
3.77215e-05
8.10545e-07
3.74969e-05
7.97292e-07
3.72774e-05
7.82527e-07
3.70592e-05
7.70754e-07
3.68417e-05
7.60243e-07
3.66259e-05
7.46632e-07
3.64113e-05
7.3422e-07
3.61979e-05
7.17561e-07
3.59816e-05
7.09138e-07
3.57658e-05
7.01104e-07
3.55528e-05
6.90372e-07
3.5343e-05
6.792e-07
3.51348e-05
6.71639e-07
3.49293e-05
6.63e-07
3.4725e-05
6.55623e-07
3.45226e-05
6.50611e-07
3.43243e-05
6.43826e-07
3.41304e-05
6.42035e-07
6.00551e-07
3.39382e-05
0.000362056
0.00010497
0.000342841
8.90249e-05
0.000326294
7.13755e-05
0.000308561
6.71097e-05
0.000292217
5.72233e-05
0.000276998
4.86989e-05
0.000261487
4.60147e-05
0.000246225
4.31261e-05
0.000231767
3.90709e-05
0.000218169
3.53566e-05
0.000205489
3.21711e-05
0.00019386
2.90677e-05
0.000183255
2.6288e-05
0.000173606
2.38433e-05
0.000164883
2.16683e-05
0.000157034
1.96895e-05
0.000149943
1.80002e-05
0.000143511
1.64638e-05
0.000137665
1.51129e-05
0.000132359
1.38897e-05
0.000127542
1.27976e-05
0.000123149
1.18549e-05
0.000119116
1.10392e-05
0.000115383
1.03268e-05
0.000111913
9.68261e-06
0.000108679
9.08958e-06
0.000105659
8.54485e-06
0.000102829
8.07912e-06
0.000100169
7.64912e-06
9.76622e-05
7.27608e-06
9.52918e-05
6.91943e-06
9.30482e-05
6.55056e-06
9.09283e-05
6.20653e-06
8.8919e-05
5.89874e-06
8.70133e-05
5.62435e-06
8.52004e-05
5.37913e-06
8.34778e-05
5.14437e-06
8.1837e-05
4.93795e-06
8.02727e-05
4.74552e-06
7.87826e-05
4.58124e-06
7.73563e-05
4.40333e-06
7.59816e-05
4.2219e-06
7.46599e-05
4.08469e-06
7.33946e-05
3.93632e-06
7.21743e-05
3.88129e-06
7.10217e-05
3.84304e-06
6.99706e-05
3.93405e-06
6.90185e-05
3.97185e-06
6.82035e-05
3.35717e-06
6.75038e-05
2.76459e-06
6.68675e-05
2.4028e-06
6.62598e-05
2.19378e-06
6.566e-05
2.10132e-06
6.50652e-05
2.05742e-06
6.44757e-05
2.02714e-06
6.3891e-05
2.01628e-06
6.33162e-05
1.99886e-06
6.27512e-05
1.97081e-06
6.21913e-05
1.94224e-06
6.16339e-05
1.91448e-06
6.1081e-05
1.87566e-06
6.053e-05
1.8404e-06
5.99812e-05
1.81597e-06
5.94401e-05
1.78888e-06
5.89084e-05
1.76175e-06
5.8385e-05
1.739e-06
5.78692e-05
1.71919e-06
5.73603e-05
1.69462e-06
5.6855e-05
1.67302e-06
5.63513e-05
1.65639e-06
5.58497e-05
1.63899e-06
5.53504e-05
1.6212e-06
5.48553e-05
1.5977e-06
5.43657e-05
1.57455e-06
5.38853e-05
1.54736e-06
5.34146e-05
1.51501e-06
5.29505e-05
1.48649e-06
5.24908e-05
1.46473e-06
5.20372e-05
1.44808e-06
5.15951e-05
1.43069e-06
5.11683e-05
1.4066e-06
5.07547e-05
1.38161e-06
5.03503e-05
1.35647e-06
4.9952e-05
1.34236e-06
4.95637e-05
1.32308e-06
4.91879e-05
1.31803e-06
4.88366e-05
1.30185e-06
4.85085e-05
1.26852e-06
4.81951e-05
1.24521e-06
4.78935e-05
1.20581e-06
4.7597e-05
1.19123e-06
4.73125e-05
1.16034e-06
4.70358e-05
1.14023e-06
4.67653e-05
1.11767e-06
4.64961e-05
1.10028e-06
4.6227e-05
1.085e-06
4.59592e-05
1.06552e-06
4.56922e-05
1.04808e-06
4.54262e-05
1.02429e-06
4.51559e-05
1.01306e-06
4.48857e-05
1.00179e-06
4.46183e-05
9.87656e-07
4.43553e-05
9.71516e-07
4.40944e-05
9.60785e-07
4.38371e-05
9.47955e-07
4.3581e-05
9.37962e-07
4.33274e-05
9.30237e-07
4.30783e-05
9.20864e-07
4.28348e-05
9.15024e-07
8.7393e-07
4.25917e-05
0.000425749
0.000120447
0.000410626
0.000104142
0.000396864
8.51448e-05
0.000381699
8.22301e-05
0.000367842
7.11407e-05
0.00035407
6.24891e-05
0.000339441
6.06144e-05
0.00032471
5.78667e-05
0.000309897
5.38887e-05
0.000294945
5.02937e-05
0.000280138
4.6961e-05
0.000265779
4.34357e-05
0.000252
4.00682e-05
0.000238883
3.6948e-05
0.000226573
3.39743e-05
0.000215176
3.1107e-05
0.000204667
2.85223e-05
0.000194995
2.61163e-05
0.000186138
2.39275e-05
0.000178077
2.19135e-05
0.000170759
2.01077e-05
0.000164103
1.85266e-05
0.000158025
1.71438e-05
0.000152442
1.59346e-05
0.000147293
1.48454e-05
0.000142532
1.3854e-05
0.000138118
1.29645e-05
0.000134013
1.21824e-05
0.000130183
1.14827e-05
0.000126597
1.08674e-05
0.00012323
1.02909e-05
0.000120058
9.72446e-06
0.000117072
9.18533e-06
0.000114255
8.70418e-06
0.000111594
8.26465e-06
0.000109074
7.87714e-06
0.000106688
7.51485e-06
0.000104425
7.1925e-06
0.000102276
6.90249e-06
0.000100234
6.62648e-06
9.82863e-05
6.34114e-06
9.64213e-05
6.08073e-06
9.46392e-05
5.86895e-06
9.29261e-05
5.64687e-06
9.12701e-05
5.52847e-06
8.9694e-05
5.40937e-06
8.82318e-05
5.399e-06
8.68446e-05
5.37642e-06
8.55985e-05
4.62107e-06
8.45319e-05
3.83789e-06
8.35904e-05
3.34439e-06
8.27207e-05
3.05786e-06
8.18862e-05
2.92753e-06
8.10762e-05
2.86275e-06
8.0286e-05
2.81679e-06
7.95114e-05
2.79697e-06
7.87564e-05
2.76981e-06
7.80195e-05
2.72908e-06
7.72933e-05
2.6884e-06
7.65734e-05
2.65034e-06
7.58616e-05
2.59827e-06
7.51545e-05
2.55111e-06
7.44525e-05
2.51795e-06
7.37626e-05
2.48069e-06
7.3087e-05
2.44287e-06
7.24241e-05
2.41066e-06
7.17721e-05
2.38259e-06
7.11292e-05
2.34879e-06
7.04909e-05
2.31809e-06
6.98543e-05
2.29376e-06
6.92201e-05
2.26872e-06
6.85889e-05
2.24423e-06
6.79629e-05
2.21301e-06
6.7344e-05
2.18197e-06
6.67364e-05
2.14503e-06
6.61409e-05
2.10095e-06
6.55535e-05
2.06177e-06
6.49714e-05
2.03171e-06
6.4397e-05
2.00867e-06
6.38372e-05
1.98413e-06
6.3297e-05
1.94935e-06
6.27731e-05
1.91262e-06
6.22597e-05
1.87591e-06
6.17518e-05
1.8543e-06
6.12536e-05
1.82784e-06
6.07694e-05
1.82159e-06
6.03174e-05
1.80246e-06
5.99e-05
1.75899e-06
5.95072e-05
1.72575e-06
5.9133e-05
1.67105e-06
5.87677e-05
1.64987e-06
5.84183e-05
1.60623e-06
5.80791e-05
1.57722e-06
5.77478e-05
1.5446e-06
5.7418e-05
1.51977e-06
5.70877e-05
1.49811e-06
5.67582e-05
1.47106e-06
5.64287e-05
1.4471e-06
5.60997e-05
1.41415e-06
5.57647e-05
1.39894e-06
5.54288e-05
1.38338e-06
5.50957e-05
1.36503e-06
5.4768e-05
1.34272e-06
5.44433e-05
1.32771e-06
5.4123e-05
1.30959e-06
5.38047e-05
1.29562e-06
5.34886e-05
1.28467e-06
5.31785e-05
1.271e-06
5.28738e-05
1.26072e-06
1.21904e-06
5.25706e-05
0.000484255
0.000133885
0.000471613
0.000116835
0.000460764
9.6008e-05
0.000448631
9.42082e-05
0.00043795
8.17864e-05
0.000426596
7.3865e-05
0.000414487
7.27477e-05
0.000402407
6.99701e-05
0.000389759
6.65664e-05
0.000376322
6.37727e-05
0.000362383
6.09474e-05
0.000348171
5.76796e-05
0.000333757
5.44694e-05
0.000319231
5.14436e-05
0.000304836
4.83655e-05
0.000290824
4.51481e-05
0.000277314
4.20537e-05
0.000264367
3.90415e-05
0.000252109
3.61323e-05
0.000240655
3.33197e-05
0.000230055
3.06929e-05
0.000220278
2.83186e-05
0.000211269
2.61856e-05
0.000202962
2.42755e-05
0.000195296
2.25333e-05
0.000188221
2.09404e-05
0.000181682
1.95058e-05
0.000175626
1.82333e-05
0.000170007
1.71044e-05
0.000164779
1.60992e-05
0.000159901
1.51742e-05
0.000155335
1.42906e-05
0.000151059
1.34541e-05
0.000147045
1.27033e-05
0.000143271
1.20137e-05
0.000139716
1.14063e-05
0.000136363
1.08441e-05
0.000133198
1.03461e-05
0.000130207
9.89633e-06
0.000127373
9.449e-06
0.000124689
9.0381e-06
0.000122127
8.64581e-06
0.000119692
8.30409e-06
0.000117355
7.97646e-06
0.0001151
7.77001e-06
0.000112947
7.55181e-06
0.000110932
7.42087e-06
0.000108989
7.34244e-06
0.000107161
6.47343e-06
0.000105564
5.44584e-06
0.000104167
4.74317e-06
0.0001029
4.32013e-06
0.000101709
4.10944e-06
0.000100576
3.99198e-06
9.94885e-05
3.90581e-06
9.84364e-05
3.85932e-06
9.74223e-05
3.80722e-06
9.64411e-05
3.74116e-06
9.54816e-05
3.67746e-06
9.4537e-05
3.61965e-06
9.36076e-05
3.54567e-06
9.26886e-05
3.4793e-06
9.17804e-05
3.43123e-06
9.08918e-05
3.37785e-06
9.00259e-05
3.32352e-06
8.91799e-05
3.2766e-06
8.83507e-05
3.23567e-06
8.75348e-05
3.18847e-06
8.67264e-05
3.14455e-06
8.59203e-05
3.10924e-06
8.51173e-05
3.07355e-06
8.43187e-05
3.03964e-06
8.35272e-05
2.99816e-06
8.27455e-05
2.9568e-06
8.19781e-05
2.90727e-06
8.12261e-05
2.84818e-06
8.04841e-05
2.79515e-06
7.97488e-05
2.75415e-06
7.90231e-05
2.72262e-06
7.83161e-05
2.68871e-06
7.76342e-05
2.64002e-06
7.6973e-05
2.58777e-06
7.6324e-05
2.53536e-06
7.5679e-05
2.50312e-06
7.50424e-05
2.46621e-06
7.44196e-05
2.45739e-06
7.38363e-05
2.43476e-06
7.33014e-05
2.38071e-06
7.28054e-05
2.3356e-06
7.23393e-05
2.26156e-06
7.18886e-05
2.23131e-06
7.14596e-05
2.17159e-06
7.10445e-05
2.13114e-06
7.064e-05
2.08557e-06
7.02374e-05
2.05103e-06
6.9834e-05
2.02096e-06
6.94307e-05
1.98426e-06
6.90264e-05
1.95186e-06
6.86217e-05
1.90739e-06
6.8209e-05
1.88655e-06
6.77935e-05
1.86543e-06
6.73807e-05
1.84156e-06
6.69739e-05
1.81179e-06
6.65715e-05
1.7909e-06
6.61742e-05
1.76633e-06
6.57803e-05
1.74634e-06
6.53881e-05
1.73164e-06
6.50035e-05
1.71141e-06
6.46246e-05
1.69555e-06
1.6523e-06
6.42476e-05
0.000541312
0.000147905
0.000530141
0.000128043
0.000520104
0.000106131
0.000510417
0.000103801
0.0005025
8.97204e-05
0.000492865
8.35723e-05
0.000483095
8.25463e-05
0.00047412
7.88836e-05
0.000464402
7.61923e-05
0.000453662
7.4518e-05
0.000442309
7.23978e-05
0.000430425
6.9638e-05
0.000417929
6.6964e-05
0.000404812
6.45312e-05
0.000391209
6.19699e-05
0.000377301
5.90933e-05
0.000363207
5.61759e-05
0.000348995
5.32424e-05
0.000334857
5.02326e-05
0.000321014
4.71277e-05
0.000307659
4.40389e-05
0.000294889
4.11083e-05
0.000282752
3.83622e-05
0.000271283
3.5788e-05
0.00026049
3.33578e-05
0.000250384
3.1065e-05
0.000240942
2.89475e-05
0.000232134
2.70336e-05
0.000223929
2.53059e-05
0.000216287
2.37407e-05
0.000209165
2.2299e-05
0.000202515
2.09364e-05
0.000196309
1.96528e-05
0.000190502
1.84909e-05
0.000185063
1.7426e-05
0.000179959
1.64776e-05
0.000175164
1.56088e-05
0.000170659
1.48311e-05
0.000166418
1.41199e-05
0.000162425
1.34461e-05
0.000158662
1.28254e-05
0.00015508
1.22279e-05
0.000151695
1.16881e-05
0.000148464
1.11994e-05
0.000145359
1.08597e-05
0.000142398
1.05032e-05
0.000139616
1.0214e-05
0.000136933
1.00564e-05
0.000134332
9.10537e-06
0.00013199
7.80396e-06
0.000129931
6.80715e-06
0.000128074
6.17242e-06
0.000126355
5.82035e-06
0.000124741
5.60241e-06
0.000123212
5.43798e-06
0.000121752
5.33525e-06
0.000120359
5.23254e-06
0.000119023
5.11936e-06
0.000117729
5.01396e-06
0.000116465
4.91992e-06
0.000115229
4.80923e-06
0.000114013
4.71089e-06
0.000112819
4.63686e-06
0.000111657
4.5568e-06
0.00011053
4.47609e-06
0.000109436
4.40561e-06
0.000108368
4.34392e-06
0.000107321
4.27599e-06
0.000106288
4.21174e-06
0.000105259
4.15979e-06
0.000104236
4.1084e-06
0.000103219
4.06047e-06
0.000102214
4.00446e-06
0.000101222
3.94876e-06
0.00010025
3.88232e-06
9.92982e-05
3.80348e-06
9.83594e-05
3.73204e-06
9.74291e-05
3.67621e-06
9.65111e-05
3.63306e-06
9.56171e-05
3.58662e-06
9.47558e-05
3.5197e-06
9.39212e-05
3.44707e-06
9.31017e-05
3.37344e-06
9.22842e-05
3.32655e-06
9.1472e-05
3.27471e-06
9.06715e-05
3.26073e-06
8.9916e-05
3.23286e-06
8.92243e-05
3.16719e-06
8.85911e-05
3.10831e-06
8.80049e-05
3.01007e-06
8.74452e-05
2.96727e-06
8.69166e-05
2.88708e-06
8.64074e-05
2.83195e-06
8.59128e-05
2.76971e-06
8.54217e-05
2.72252e-06
8.49297e-05
2.6814e-06
8.4437e-05
2.63246e-06
8.39424e-05
2.58917e-06
8.34462e-05
2.53033e-06
8.29392e-05
2.50169e-06
8.24267e-05
2.47339e-06
8.19162e-05
2.44216e-06
8.14122e-05
2.40339e-06
8.09142e-05
2.37444e-06
8.04221e-05
2.34206e-06
7.99353e-05
2.31334e-06
7.94497e-05
2.29412e-06
7.89735e-05
2.26467e-06
7.85036e-05
2.24105e-06
2.19523e-06
7.80351e-05
0.000601564
0.000162494
0.000589361
0.000140234
0.000579514
0.000116081
0.000570959
0.000112334
0.000564358
9.63557e-05
0.000555637
9.23493e-05
0.000547612
9.06439e-05
0.000540783
8.56876e-05
0.000533236
8.36785e-05
0.000524907
8.28951e-05
0.000516176
8.12508e-05
0.000506974
7.89066e-05
0.000497125
7.68043e-05
0.0004866
7.50403e-05
0.000475474
7.31255e-05
0.000463793
7.08372e-05
0.000451553
6.84615e-05
0.000438738
6.60557e-05
0.00042545
6.34823e-05
0.000411857
6.0679e-05
0.000398119
5.77603e-05
0.000384363
5.48801e-05
0.000370694
5.2071e-05
0.000357247
4.92845e-05
0.000344109
4.65377e-05
0.000331385
4.38139e-05
0.000319125
4.12086e-05
0.000307383
3.87695e-05
0.000296204
3.64763e-05
0.000285611
3.43276e-05
0.000275613
3.22955e-05
0.000266192
3.03549e-05
0.000257338
2.85011e-05
0.000249017
2.67915e-05
0.000241202
2.52117e-05
0.000233856
2.37821e-05
0.000226955
2.24714e-05
0.000220475
2.12823e-05
0.000214388
2.01855e-05
0.000208679
1.9171e-05
0.000203307
1.81985e-05
0.000198225
1.7315e-05
0.00019344
1.64849e-05
0.000188894
1.57391e-05
0.00018455
1.51863e-05
0.000180422
1.4624e-05
0.000176546
1.41078e-05
0.000172817
1.38227e-05
0.000169165
1.27963e-05
0.000165782
1.12103e-05
0.000162764
9.83504e-06
0.000160044
8.89079e-06
0.000157544
8.3115e-06
0.000155218
7.9245e-06
0.000153037
7.62555e-06
0.000150972
7.42071e-06
0.000149021
7.22759e-06
0.000147166
7.03262e-06
0.000145383
6.85557e-06
0.000143656
6.69846e-06
0.000141979
6.52676e-06
0.00014034
6.3754e-06
0.000138739
6.25709e-06
0.000137189
6.13274e-06
0.000135696
6.00947e-06
0.000134254
5.90085e-06
0.000132855
5.80494e-06
0.000131491
5.70378e-06
0.00013015
5.60785e-06
0.00012882
5.52972e-06
0.0001275
5.45388e-06
0.000126192
5.38392e-06
0.000124902
5.30614e-06
0.000123633
5.22935e-06
0.000122392
5.13912e-06
0.000121178
5.03336e-06
0.000119982
4.93669e-06
0.000118799
4.8601e-06
0.000117631
4.80047e-06
0.000116495
4.73676e-06
0.000115402
4.64552e-06
0.000114344
4.54606e-06
0.000113307
4.44379e-06
0.000112269
4.3765e-06
0.000111232
4.3038e-06
0.000110202
4.28052e-06
0.00010922
4.24403e-06
0.000108317
4.1643e-06
0.000107497
4.08915e-06
0.00010675
3.9609e-06
0.000106047
3.90069e-06
0.00010539
3.79407e-06
0.000104761
3.71984e-06
0.000104154
3.63606e-06
0.000103552
3.57232e-06
0.000102951
3.51663e-06
0.000102348
3.45203e-06
0.000101743
3.3947e-06
0.000101134
3.31793e-06
0.000100512
3.27865e-06
9.988e-05
3.2411e-06
9.92488e-05
3.19994e-06
9.86239e-05
3.15023e-06
9.80067e-05
3.11033e-06
9.73965e-05
3.06847e-06
9.67943e-05
3.02748e-06
9.61932e-05
3.00248e-06
9.56032e-05
2.96061e-06
9.50203e-05
2.9263e-06
2.8753e-06
9.44376e-05
0.000667702
0.000174854
0.000653232
0.000154678
0.000641588
0.000127804
0.000633513
0.000120367
0.000626951
0.000102921
0.000618117
0.000101175
0.000611311
9.75736e-05
0.000605633
9.1356e-05
0.000599253
8.99522e-05
0.000592416
8.9823e-05
0.000585549
8.83432e-05
0.000578336
8.62417e-05
0.000570582
8.45143e-05
0.000562323
8.32177e-05
0.00055362
8.18262e-05
0.000544454
8.00619e-05
0.000534744
7.82203e-05
0.000524415
7.63871e-05
0.000513492
7.43775e-05
0.000502063
7.20795e-05
0.000490187
6.96206e-05
0.000477906
6.71615e-05
0.000465259
6.47415e-05
0.000452345
6.22441e-05
0.000439231
5.97028e-05
0.000426005
5.70758e-05
0.000412742
5.44863e-05
0.000399536
5.19721e-05
0.000386498
4.94993e-05
0.00037373
4.7085e-05
0.00036131
4.47096e-05
0.000349286
4.23739e-05
0.000337708
4.00645e-05
0.00032661
3.78614e-05
0.000316012
3.57693e-05
0.000305914
3.38299e-05
0.000296325
3.20149e-05
0.000287241
3.03301e-05
0.000278656
2.87534e-05
0.000270566
2.72682e-05
0.000262928
2.58309e-05
0.000255711
2.45588e-05
0.000248902
2.33134e-05
0.000242445
2.21813e-05
0.000236313
2.12932e-05
0.000230504
2.04275e-05
0.000225055
1.95796e-05
0.000219835
1.90875e-05
0.0002147
1.79792e-05
0.000209826
1.61173e-05
0.000205402
1.42756e-05
0.00020141
1.28839e-05
0.000197758
1.19544e-05
0.00019438
1.12994e-05
0.00019123
1.07842e-05
0.00018827
1.04093e-05
0.00018549
1.00652e-05
0.000182867
9.73433e-06
0.000180364
9.43898e-06
0.000177957
9.17778e-06
0.000175633
8.90732e-06
0.000173378
8.66921e-06
0.000171188
8.47641e-06
0.000169081
8.27902e-06
0.000167061
8.08749e-06
0.000165121
7.91799e-06
0.00016325
7.76613e-06
0.000161437
7.6114e-06
0.000159664
7.46542e-06
0.000157913
7.34483e-06
0.000156182
7.22976e-06
0.000154473
7.12449e-06
0.000152793
7.01304e-06
0.000151147
6.9039e-06
0.000149542
6.77878e-06
0.000147976
6.63483e-06
0.000146437
6.50221e-06
0.000144917
6.39547e-06
0.000143418
6.31164e-06
0.00014196
6.22334e-06
0.000140561
6.09914e-06
0.000139211
5.96377e-06
0.000137887
5.82289e-06
0.000136563
5.72664e-06
0.000135235
5.62475e-06
0.000133905
5.58583e-06
0.000132622
5.53505e-06
0.000131433
5.43638e-06
0.000130356
5.34098e-06
0.000129387
5.17517e-06
0.00012849
5.09101e-06
0.000127662
4.9497e-06
0.000126877
4.85015e-06
0.000126124
4.73819e-06
0.000125381
4.65267e-06
0.000124641
4.5775e-06
0.000123901
4.49265e-06
0.000123157
4.41703e-06
0.000122409
4.31773e-06
0.000121643
4.26404e-06
0.000120863
4.21447e-06
0.00012008
4.15979e-06
0.000119303
4.09661e-06
0.000118536
4.04191e-06
0.000117777
3.9883e-06
0.000117029
3.93051e-06
0.000116283
3.89768e-06
0.00011555
3.83938e-06
0.000114825
3.79088e-06
3.72855e-06
0.000114099
0.000738478
0.000184294
0.000723923
0.000169226
0.000709676
0.000142057
0.000700633
0.000129392
0.000693148
0.000110395
0.00068392
0.000110242
0.00067747
0.00010415
0.00067176
9.70553e-05
0.000665606
9.5891e-05
0.000659743
9.56858e-05
0.000654045
9.41837e-05
0.00064792
9.24487e-05
0.000641291
9.10719e-05
0.000634402
8.99921e-05
0.000627364
8.88294e-05
0.000620035
8.74319e-05
0.000612306
8.59983e-05
0.000604113
8.4601e-05
0.000595462
8.30412e-05
0.000586371
8.11968e-05
0.000576841
7.91823e-05
0.00056686
7.71653e-05
0.000556454
7.51669e-05
0.000545645
7.30774e-05
0.00053445
7.09246e-05
0.000522868
6.8679e-05
0.00051091
6.64538e-05
0.000498618
6.42572e-05
0.000486064
6.20415e-05
0.000473344
5.98016e-05
0.00046053
5.7526e-05
0.000447678
5.52237e-05
0.000434858
5.28677e-05
0.000422167
5.05275e-05
0.000409672
4.8225e-05
0.00039743
4.60269e-05
0.000385502
4.38988e-05
0.000373939
4.18561e-05
0.000362782
3.98907e-05
0.000352076
3.797e-05
0.000341821
3.60951e-05
0.000332019
3.43934e-05
0.000322657
3.26748e-05
0.000313717
3.10848e-05
0.000305218
2.97559e-05
0.000297133
2.8506e-05
0.000289524
2.72173e-05
0.000282266
2.64009e-05
0.000275103
2.52033e-05
0.000268159
2.31067e-05
0.00026173
2.0731e-05
0.000255893
1.87276e-05
0.000250555
1.72832e-05
0.000245629
1.6221e-05
0.000241053
1.53715e-05
0.00023677
1.47291e-05
0.000232764
1.41474e-05
0.000228999
1.36033e-05
0.000225427
1.31192e-05
0.000222015
1.2689e-05
0.000218742
1.22611e-05
0.000215581
1.18858e-05
0.000212527
1.15736e-05
0.000209603
1.12594e-05
0.000206814
1.09583e-05
0.00020415
1.06902e-05
0.000201597
1.04474e-05
0.000199136
1.02077e-05
0.00019674
9.98402e-06
0.000194387
9.79541e-06
0.000192071
9.61706e-06
0.000189797
9.45404e-06
0.00018757
9.28837e-06
0.000185399
9.1281e-06
0.000183288
8.95074e-06
0.000181238
8.75141e-06
0.000179229
8.5663e-06
0.000177248
8.41457e-06
0.000175298
8.29408e-06
0.000173405
8.16927e-06
0.000171591
7.99945e-06
0.000169846
7.81484e-06
0.00016814
7.62146e-06
0.000166436
7.48349e-06
0.000164721
7.34027e-06
0.000162994
7.27601e-06
0.000161308
7.20216e-06
0.000159728
7.07565e-06
0.000158293
6.95324e-06
0.000157013
6.73907e-06
0.000155846
6.62195e-06
0.000154784
6.43445e-06
0.000153789
6.30089e-06
0.000152842
6.15123e-06
0.000151914
6.03677e-06
0.000150994
5.93496e-06
0.000150075
5.82368e-06
0.000149155
5.72364e-06
0.00014823
5.59588e-06
0.000147282
5.52236e-06
0.000146312
5.45706e-06
0.000145338
5.38373e-06
0.000144368
5.30375e-06
0.000143408
5.22893e-06
0.000142458
5.1606e-06
0.000141524
5.07981e-06
0.000140593
5.03611e-06
0.000139678
4.95595e-06
0.000138772
4.88967e-06
4.80387e-06
0.000137865
0.000814297
0.000191895
0.000802125
0.000181382
0.000785496
0.000158613
0.000774091
0.000140809
0.000763992
0.000120601
0.000754752
0.000119125
0.000748519
0.00011045
0.000742072
0.000103556
0.000735384
0.000102443
0.000729831
0.000101152
0.000724646
9.94672e-05
0.00071909
9.80861e-05
0.000712928
9.7177e-05
0.000706573
9.62741e-05
0.000700333
9.50611e-05
0.000694021
9.37621e-05
0.000687463
9.2569e-05
0.000680591
9.14704e-05
0.000673424
9.02117e-05
0.00066596
8.86753e-05
0.000658185
8.69634e-05
0.000650069
8.52694e-05
0.000641636
8.35875e-05
0.000632883
8.18371e-05
0.000623818
8.00184e-05
0.000614389
7.81388e-05
0.000604585
7.62826e-05
0.000594401
7.4457e-05
0.000583841
7.26119e-05
0.000572936
7.0719e-05
0.0005617
6.87678e-05
0.000550139
6.67734e-05
0.000538279
6.46992e-05
0.00052619
6.25775e-05
0.00051392
6.04421e-05
0.000501521
5.83689e-05
0.000489067
5.63028e-05
0.000476619
5.42627e-05
0.000464244
5.22447e-05
0.000452019
5.01941e-05
0.000439989
4.81454e-05
0.000428194
4.62081e-05
0.000416647
4.42026e-05
0.000405397
4.22929e-05
0.000394522
4.05967e-05
0.000384015
3.90087e-05
0.000373961
3.73059e-05
0.000364351
3.60771e-05
0.000354831
3.47982e-05
0.000345387
3.26075e-05
0.000336398
2.97533e-05
0.000328104
2.7031e-05
0.000320476
2.49008e-05
0.00031342
2.32723e-05
0.00030685
2.19567e-05
0.000300691
2.09341e-05
0.000294934
2.00011e-05
0.000289533
1.91389e-05
0.000284418
1.83788e-05
0.000279539
1.77014e-05
0.000274873
1.7037e-05
0.000270392
1.64461e-05
0.000266088
1.59416e-05
0.00026198
1.5446e-05
0.00025807
1.49803e-05
0.000254346
1.45633e-05
0.000250791
1.41791e-05
0.000247384
1.38038e-05
0.000244086
1.34557e-05
0.000240865
1.31579e-05
0.00023771
1.28807e-05
0.000234622
1.26279e-05
0.000231613
1.2377e-05
0.000228692
1.21359e-05
0.000225867
1.18779e-05
0.000223135
1.15948e-05
0.00022047
1.13305e-05
0.00021785
1.11104e-05
0.000215276
1.0934e-05
0.00021278
1.07548e-05
0.000210391
1.05219e-05
0.000208101
1.02686e-05
0.000205871
1.00023e-05
0.000203648
9.80326e-06
0.000201409
9.60064e-06
0.000199146
9.49561e-06
0.000196915
9.38513e-06
0.0001948
9.21582e-06
0.000192865
9.05477e-06
0.000191144
8.77608e-06
0.000189595
8.61344e-06
0.000188204
8.36378e-06
0.000186916
8.18422e-06
0.000185703
7.9829e-06
0.000184523
7.82935e-06
0.000183362
7.69029e-06
0.000182208
7.54394e-06
0.000181056
7.41065e-06
0.000179898
7.2462e-06
0.000178714
7.14488e-06
0.000177501
7.05863e-06
0.000176279
6.95929e-06
0.000175057
6.85781e-06
0.000173848
6.75532e-06
0.00017265
6.66829e-06
0.000171474
6.55591e-06
0.000170303
6.49687e-06
0.000169153
6.38736e-06
0.00016801
6.29995e-06
6.17011e-06
0.000166871
0.000893007
0.000200372
0.000885133
0.000189274
0.000869678
0.00017401
0.000855271
0.000155243
0.0008419
0.000134201
0.000832426
0.000128042
0.000825814
0.000117135
0.000818468
0.00011101
0.000810808
0.000110064
0.000805084
0.00010695
0.00079989
0.000104796
0.000794357
0.000103659
0.000788225
0.000103197
0.000781994
0.000102435
0.000775946
0.000101112
0.000769948
9.97539e-05
0.000763872
9.86115e-05
0.00075765
9.76606e-05
0.000751245
9.66153e-05
0.000744622
9.53223e-05
0.000737761
9.38411e-05
0.000730688
9.23334e-05
0.000723448
9.08043e-05
0.000716045
8.92256e-05
0.000708461
8.76078e-05
0.000700636
8.59803e-05
0.000692563
8.43818e-05
0.000684221
8.28298e-05
0.000675595
8.12623e-05
0.000666667
7.96551e-05
0.000657431
7.79901e-05
0.000647873
7.62987e-05
0.000637984
7.45453e-05
0.00062777
7.2749e-05
0.000617247
7.0926e-05
0.000606427
6.91574e-05
0.000595341
6.73709e-05
0.000584013
6.55862e-05
0.00057248
6.37924e-05
0.00056078
6.19162e-05
0.000548955
5.99983e-05
0.000537028
5.8143e-05
0.000525017
5.61849e-05
0.000512986
5.4287e-05
0.000501054
5.25072e-05
0.000489232
5.08412e-05
0.000477621
4.89689e-05
0.000466338
4.74426e-05
0.000455059
4.61642e-05
0.000443544
4.41875e-05
0.000432126
4.12056e-05
0.000421263
3.79011e-05
0.000411111
3.50394e-05
0.000401638
3.27389e-05
0.000392755
3.08554e-05
0.000384354
2.93897e-05
0.000376415
2.80544e-05
0.000368906
2.68109e-05
0.000361779
2.56834e-05
0.000354982
2.46648e-05
0.000348467
2.36921e-05
0.000342186
2.28313e-05
0.000336139
2.20738e-05
0.000330373
2.13187e-05
0.000324902
2.06032e-05
0.000319706
1.99591e-05
0.000314754
1.93704e-05
0.000310005
1.88082e-05
0.000305412
1.82869e-05
0.000300939
1.78277e-05
0.000296578
1.73951e-05
0.000292335
1.69971e-05
0.000288222
1.66104e-05
0.000284244
1.62469e-05
0.000280409
1.58724e-05
0.00027671
1.54692e-05
0.000273117
1.50894e-05
0.000269597
1.47658e-05
0.00026615
1.45013e-05
0.000262815
1.42376e-05
0.000259628
1.39141e-05
0.00025658
1.35642e-05
0.00025362
1.31964e-05
0.000250677
1.29102e-05
0.000247715
1.26232e-05
0.000244715
1.24544e-05
0.000241736
1.22868e-05
0.000238885
1.20511e-05
0.000236258
1.18306e-05
0.000233921
1.14623e-05
0.000231827
1.12378e-05
0.000229964
1.09043e-05
0.000228259
1.06615e-05
0.00022667
1.03888e-05
0.000225141
1.01806e-05
0.000223647
9.98972e-06
0.000222172
9.795e-06
0.000220704
9.61689e-06
0.000219235
9.4029e-06
0.000217736
9.26333e-06
0.0002162
9.14752e-06
0.00021465
9.01231e-06
0.000213097
8.88107e-06
0.000211559
8.74134e-06
0.000210034
8.62853e-06
0.000208537
8.47445e-06
0.00020705
8.39183e-06
0.000205587
8.24477e-06
0.000204131
8.1292e-06
7.9387e-06
0.000202685
0.000980462
0.000201304
0.000975718
0.000194012
0.000963876
0.000185814
0.000946005
0.000173124
0.000929358
0.000151131
0.000918538
0.000138284
0.000910332
0.000125675
0.000901426
0.000119926
0.000893119
0.000118608
0.000886932
0.000113449
0.000881364
0.000110354
0.00087531
0.000109534
0.000868917
0.000109379
0.000862696
0.00010862
0.000856602
0.000107254
0.000850521
0.000105853
0.000844414
0.000104667
0.000838319
0.000103689
0.000832183
0.000102726
0.000825906
0.000101622
0.000819403
0.000100378
0.0008127
9.90423e-05
0.000805898
9.75857e-05
0.000799067
9.60322e-05
0.000792189
9.44748e-05
0.00078521
9.29682e-05
0.000778111
9.15129e-05
0.000770872
9.01145e-05
0.000763471
8.87055e-05
0.00075588
8.72671e-05
0.000748089
8.5775e-05
0.000740097
8.42725e-05
0.000731886
8.27361e-05
0.000723421
8.11963e-05
0.000714697
7.96413e-05
0.000705724
7.81279e-05
0.00069649
7.6602e-05
0.000687002
7.50788e-05
0.000677276
7.35315e-05
0.000667288
7.19128e-05
0.000657057
7.02401e-05
0.00064658
6.86157e-05
0.000635835
6.68994e-05
0.000624862
6.52364e-05
0.00061377
6.36038e-05
0.000602565
6.20813e-05
0.000591225
6.03747e-05
0.000580022
5.87344e-05
0.000568723
5.7547e-05
0.000556859
5.6102e-05
0.00054449
5.3588e-05
0.00053217
5.02066e-05
0.000520349
4.68322e-05
0.000509124
4.39451e-05
0.000498438
4.15537e-05
0.000488214
3.96655e-05
0.000478444
3.79432e-05
0.000469055
3.63768e-05
0.000459948
3.49835e-05
0.000451117
3.36772e-05
0.000442598
3.23668e-05
0.000434375
3.11724e-05
0.000426428
3.01238e-05
0.000418765
2.91143e-05
0.000411398
2.81615e-05
0.000404342
2.72665e-05
0.000397603
2.64092e-05
0.000391155
2.55788e-05
0.000384929
2.48155e-05
0.000378858
2.41535e-05
0.000372913
2.35413e-05
0.00036711
2.29693e-05
0.000361485
2.24008e-05
0.000356064
2.18574e-05
0.00035086
2.13069e-05
0.000345864
2.07278e-05
0.000341026
2.01852e-05
0.000336294
1.97199e-05
0.00033166
1.93363e-05
0.000327173
1.89582e-05
0.000322888
1.8507e-05
0.000318796
1.80211e-05
0.000314832
1.75116e-05
0.000310898
1.71037e-05
0.000306943
1.66982e-05
0.000302934
1.64348e-05
0.000298936
1.61821e-05
0.000295086
1.58461e-05
0.000291514
1.55346e-05
0.000288319
1.50402e-05
0.000285455
1.4732e-05
0.000282914
1.42863e-05
0.000280609
1.39559e-05
0.000278485
1.35846e-05
0.000276461
1.32987e-05
0.0002745
1.30362e-05
0.000272578
1.27729e-05
0.000270676
1.25349e-05
0.000268783
1.22518e-05
0.000266855
1.20603e-05
0.000264883
1.19015e-05
0.000262894
1.17174e-05
0.000260902
1.15427e-05
0.000258925
1.13537e-05
0.000256966
1.12038e-05
0.000255041
1.09961e-05
0.000253131
1.08774e-05
0.000251246
1.06845e-05
0.000249372
1.05277e-05
1.02741e-05
0.0002475
0.00107637
0.000189242
0.00107327
0.000197116
0.00106421
0.00019486
0.00104758
0.00018975
0.00102759
0.000171292
0.00101353
0.000151886
0.00100236
0.000137564
0.000992398
0.000129724
0.000983747
0.000127093
0.000977043
0.000120513
0.00097046
0.000116994
0.000963208
0.000116555
0.000956592
0.000116019
0.00095028
0.000115051
0.000943991
0.000113646
0.000937604
0.000112271
0.000931156
0.000111069
0.000924791
0.000110008
0.000918536
0.000108973
0.00091224
0.000107929
0.000905759
0.000106857
0.000899071
0.000105699
0.000892286
0.000104334
0.000885524
0.000102782
0.000878799
0.000101216
0.00087207
9.97421e-05
0.000865304
9.83472e-05
0.000858487
9.70019e-05
0.000851595
9.56447e-05
0.000844609
9.42637e-05
0.000837521
9.28392e-05
0.000830337
9.14172e-05
0.000823059
8.99848e-05
0.00081566
8.85804e-05
0.000808111
8.71945e-05
0.000800415
8.58431e-05
0.000792547
8.44912e-05
0.000784504
8.31482e-05
0.000776301
8.17644e-05
0.0007679
8.03379e-05
0.000759312
7.88542e-05
0.000750519
7.74129e-05
0.000741467
7.59291e-05
0.000732187
7.45019e-05
0.000722726
7.30642e-05
0.000713145
7.16675e-05
0.000703305
7.02431e-05
0.000693391
6.8704e-05
0.000683529
6.74679e-05
0.000673151
6.65095e-05
0.000661844
6.48864e-05
0.000649892
6.21286e-05
0.000637966
5.87217e-05
0.000626504
5.53818e-05
0.000615499
5.25654e-05
0.000604772
5.0441e-05
0.000594319
4.85036e-05
0.000584164
4.66887e-05
0.000574261
4.50568e-05
0.000564473
4.36208e-05
0.000554736
4.2228e-05
0.000545093
4.0905e-05
0.000535666
3.9632e-05
0.000526555
3.83461e-05
0.000517765
3.71431e-05
0.000509237
3.6061e-05
0.000500916
3.50593e-05
0.000492784
3.40684e-05
0.000484837
3.31022e-05
0.000477063
3.22127e-05
0.000469467
3.13686e-05
0.000462051
3.05829e-05
0.000454818
2.98299e-05
0.000447776
2.913e-05
0.000440956
2.84204e-05
0.000434378
2.76541e-05
0.000428005
2.69147e-05
0.000421784
2.62636e-05
0.000415703
2.57173e-05
0.000409814
2.51887e-05
0.000404179
2.45771e-05
0.000398783
2.39282e-05
0.000393542
2.3252e-05
0.000388334
2.26992e-05
0.000383086
2.21486e-05
0.000377757
2.17643e-05
0.000372423
2.13971e-05
0.000367261
2.09198e-05
0.000362432
2.04765e-05
0.000358077
1.98068e-05
0.000354157
1.93775e-05
0.000350679
1.87809e-05
0.000347539
1.83327e-05
0.000344666
1.78303e-05
0.000341956
1.74369e-05
0.000339349
1.70783e-05
0.000336812
1.67205e-05
0.000334314
1.64038e-05
0.000331842
1.60267e-05
0.000329334
1.57656e-05
0.000326779
1.55465e-05
0.000324204
1.52963e-05
0.00032163
1.50591e-05
0.000319077
1.48045e-05
0.000316544
1.46036e-05
0.000314055
1.43266e-05
0.000311584
1.41575e-05
0.000309138
1.3908e-05
0.000306705
1.36948e-05
1.33736e-05
0.000304263
0.001172
0.000156679
0.00117815
0.000190966
0.00116913
0.000203871
0.0011573
0.000201584
0.00113905
0.00018935
0.00112043
0.000170546
0.00110471
0.000153697
0.00109375
0.000140658
0.00108411
0.000135941
0.00107629
0.000128488
0.00106812
0.000125431
0.00105987
0.0001246
0.00105256
0.000123348
0.00104577
0.000121966
0.0010392
0.000120283
0.0010325
0.000118956
0.00102559
0.000117885
0.0010187
0.00011686
0.00101201
0.000115706
0.0010054
0.000114595
0.000998695
0.000113577
0.00099183
0.000112526
0.000984857
0.000111242
0.000977875
0.000109713
0.000970944
0.000108125
0.000964072
0.000106626
0.000957234
0.000105228
0.000950396
0.000103887
0.000943526
0.000102541
0.000936619
0.000101168
0.000929679
9.97544e-05
0.000922721
9.83484e-05
0.000915752
9.69491e-05
0.000908768
9.55967e-05
0.000901736
9.4291e-05
0.000894637
9.30228e-05
0.000887452
9.17505e-05
0.000880172
9.04845e-05
0.000872793
8.91742e-05
0.000865304
8.78388e-05
0.000857719
8.64479e-05
0.000850032
8.50915e-05
0.000842192
8.37458e-05
0.000834231
8.24547e-05
0.000826115
8.11895e-05
0.000817921
7.98753e-05
0.000809589
7.85984e-05
0.000801082
7.72559e-05
0.000792633
7.59516e-05
0.000784114
7.50198e-05
0.000774877
7.40739e-05
0.000764606
7.23275e-05
0.000753643
6.96125e-05
0.000742707
6.62537e-05
0.000732288
6.29556e-05
0.000722357
6.03714e-05
0.000712602
5.83067e-05
0.000702855
5.65238e-05
0.000693154
5.48548e-05
0.00068362
5.32333e-05
0.000674221
5.16721e-05
0.000664815
5.03306e-05
0.000655307
4.91624e-05
0.000645775
4.79486e-05
0.000636398
4.66659e-05
0.00062729
4.53937e-05
0.000618437
4.42026e-05
0.000609744
4.30846e-05
0.000601079
4.20748e-05
0.000592359
4.11868e-05
0.000583617
4.0305e-05
0.000574962
3.93999e-05
0.000566495
3.84689e-05
0.000558259
3.75876e-05
0.000550261
3.67202e-05
0.000542482
3.58126e-05
0.000534859
3.49502e-05
0.000527322
3.41914e-05
0.000519863
3.35453e-05
0.000512572
3.29002e-05
0.000505558
3.21328e-05
0.000498822
3.13092e-05
0.000492264
3.04519e-05
0.000485726
2.97476e-05
0.000479113
2.90504e-05
0.000472366
2.85485e-05
0.00046557
2.80717e-05
0.000458934
2.74463e-05
0.000452642
2.68593e-05
0.00044688
2.5985e-05
0.000441636
2.54021e-05
0.000436945
2.46205e-05
0.000432706
2.40248e-05
0.000428845
2.3358e-05
0.000425229
2.2824e-05
0.000421776
2.23421e-05
0.000418439
2.18609e-05
0.000415168
2.14461e-05
0.000411951
2.0948e-05
0.000408703
2.05991e-05
0.000405405
2.03019e-05
0.000402089
1.99669e-05
0.000398782
1.96473e-05
0.000395498
1.93095e-05
0.000392241
1.90447e-05
0.000389038
1.86795e-05
0.000385854
1.84466e-05
0.000382696
1.81288e-05
0.000379556
1.78414e-05
1.74489e-05
0.000376395
0.0012643
0.000119448
0.00128585
0.000169428
0.00127805
0.000211655
0.00127182
0.000207772
0.00126157
0.000199473
0.00124173
0.00019069
0.00122061
0.000174224
0.00120606
0.000155599
0.00119416
0.000147232
0.00118423
0.000138924
0.00117472
0.000135
0.00116551
0.000133324
0.00115764
0.000131177
0.00115035
0.000129388
0.00114338
0.000127394
0.00113609
0.000126106
0.00112857
0.000125217
0.00112121
0.000124233
0.00111399
0.000123023
0.00110685
0.00012183
0.00109972
0.000120724
0.00109252
0.000119635
0.00108522
0.000118378
0.00107785
0.00011692
0.00107048
0.000115385
0.00106319
0.000113883
0.001056
0.00011244
0.00104889
0.000111055
0.00104179
0.000109694
0.00103467
0.000108314
0.00102754
0.000106887
0.00102044
0.000105452
0.00101339
0.000104027
0.00100639
0.000102664
0.000999399
0.000101377
0.000992375
0.000100146
0.000985303
9.89041e-05
0.000978189
9.76474e-05
0.000971029
9.63448e-05
0.000963836
9.50207e-05
0.000956618
9.36574e-05
0.000949391
9.23227e-05
0.000942124
9.10326e-05
0.000934834
8.97873e-05
0.000927466
8.86112e-05
0.000920018
8.73656e-05
0.000912524
8.61154e-05
0.00090494
8.485e-05
0.00089732
8.35597e-05
0.000889814
8.24648e-05
0.000882185
8.16071e-05
0.00087385
8.05619e-05
0.000864514
7.88619e-05
0.000854437
7.62626e-05
0.000844321
7.30447e-05
0.000834818
6.98791e-05
0.000825917
6.72203e-05
0.000817331
6.51493e-05
0.000808714
6.35267e-05
0.000799855
6.21264e-05
0.000790976
6.05411e-05
0.000782261
5.89982e-05
0.000773726
5.76515e-05
0.000765242
5.64219e-05
0.000756662
5.52898e-05
0.000747949
5.42145e-05
0.000739226
5.30907e-05
0.000730637
5.18689e-05
0.0007222
5.06994e-05
0.000713829
4.97111e-05
0.000705422
4.88251e-05
0.0006969
4.80046e-05
0.000688269
4.71824e-05
0.000679637
4.63491e-05
0.000671149
4.54313e-05
0.000662882
4.43988e-05
0.000654789
4.34045e-05
0.000646777
4.25506e-05
0.000638803
4.18535e-05
0.000630913
4.11827e-05
0.000623189
4.03817e-05
0.00061565
3.95021e-05
0.000608226
3.85557e-05
0.000600777
3.77616e-05
0.000593196
3.6967e-05
0.000585419
3.63861e-05
0.000577522
3.58403e-05
0.00056973
3.51033e-05
0.000562254
3.43939e-05
0.000555282
3.33348e-05
0.000548814
3.26133e-05
0.000542914
3.16687e-05
0.000537527
3.09389e-05
0.000532598
3.01128e-05
0.000527991
2.94294e-05
0.000523597
2.88174e-05
0.000519362
2.81981e-05
0.000515219
2.76778e-05
0.000511157
2.70427e-05
0.000507076
2.6596e-05
0.000502956
2.62069e-05
0.000498819
2.57787e-05
0.000494704
2.53615e-05
0.000490618
2.49294e-05
0.000486558
2.45966e-05
0.000482563
2.41321e-05
0.000478586
2.3829e-05
0.000474634
2.34389e-05
0.000470704
2.30653e-05
2.26027e-05
0.000466749
0.00135529
0.000101338
0.0013884
0.000136371
0.00140012
0.000199924
0.0013994
0.000208406
0.0013903
0.000208495
0.00137599
0.000205051
0.00135443
0.000195438
0.00133221
0.000178138
0.0013161
0.000162891
0.00130309
0.00015273
0.00129238
0.000145504
0.00128208
0.000142517
0.00127345
0.000139719
0.00126557
0.000137553
0.00125773
0.000135471
0.00124952
0.000134227
0.00124129
0.000133259
0.00123336
0.000132219
0.00122555
0.000130921
0.0012178
0.000129621
0.00121005
0.000128397
0.00120235
0.000127156
0.00119461
0.000125887
0.00118679
0.000124516
0.00117892
0.000123112
0.00117106
0.00012169
0.00116333
0.000120218
0.00115574
0.000118728
0.0011482
0.000117274
0.00114068
0.000115838
0.00113315
0.000114389
0.00112566
0.000112928
0.00111826
0.000111468
0.00111094
0.000110059
0.0011037
0.000108735
0.00109648
0.000107488
0.00108922
0.00010625
0.00108193
0.000104991
0.0010746
0.000103685
0.00106727
0.000102338
0.00105996
0.000100956
0.00105271
9.95927e-05
0.00104551
9.82886e-05
0.00103833
9.70276e-05
0.00103116
9.58473e-05
0.00102392
9.46342e-05
0.00101665
9.33841e-05
0.00100936
9.2113e-05
0.00100205
9.0827e-05
0.000994817
8.96414e-05
0.000987752
8.86092e-05
0.000980571
8.76826e-05
0.000972774
8.66109e-05
0.000964045
8.49509e-05
0.000954522
8.25442e-05
0.000944858
7.95433e-05
0.000935632
7.64299e-05
0.000927186
7.35719e-05
0.000919319
7.13857e-05
0.000911661
6.97531e-05
0.000903733
6.83936e-05
0.000895503
6.71167e-05
0.000887276
6.57566e-05
0.000879299
6.42893e-05
0.00087161
6.29092e-05
0.000864053
6.17581e-05
0.00085643
6.07529e-05
0.000848617
5.9751e-05
0.000840629
5.87522e-05
0.000832595
5.77765e-05
0.000824635
5.67783e-05
0.000816781
5.58292e-05
0.000808993
5.49458e-05
0.000801206
5.41493e-05
0.000793374
5.33442e-05
0.000785515
5.24255e-05
0.000777648
5.14925e-05
0.000769767
5.06481e-05
0.000761885
4.99317e-05
0.000754086
4.92276e-05
0.000746477
4.83777e-05
0.000739053
4.74532e-05
0.000731703
4.64742e-05
0.000724271
4.56736e-05
0.000716644
4.48782e-05
0.00070876
4.43086e-05
0.000700661
4.37913e-05
0.000692548
4.30532e-05
0.000684652
4.23051e-05
0.000677148
4.11444e-05
0.000670056
4.03231e-05
0.000663418
3.92753e-05
0.000657249
3.84482e-05
0.000651537
3.75008e-05
0.000646178
3.66819e-05
0.000641054
3.59591e-05
0.000636112
3.52142e-05
0.000631272
3.46141e-05
0.000626535
3.38545e-05
0.000621784
3.33326e-05
0.000617002
3.28619e-05
0.000612196
3.23589e-05
0.000607416
3.18484e-05
0.000602654
3.13344e-05
0.000597918
3.09457e-05
0.00059326
3.03818e-05
0.000588615
3.00193e-05
0.000583991
2.95715e-05
0.000579396
2.91154e-05
2.86133e-05
0.000574765
0.00146672
9.94625e-05
0.00148736
0.000115729
0.00152758
0.000159842
0.00153772
0.000198088
0.00152702
0.000219287
0.0015117
0.000220593
0.00149814
0.000209084
0.00147633
0.000199827
0.00145505
0.000184609
0.00143683
0.000170885
0.00142399
0.000158987
0.00141188
0.000153362
0.00140125
0.000150149
0.00139216
0.000147311
0.00138331
0.000144685
0.00137406
0.000143434
0.00136499
0.000142328
0.0013563
0.000140976
0.00134779
0.000139538
0.00133935
0.000138073
0.00133096
0.0001367
0.00132266
0.000135342
0.00131435
0.000134067
0.00130598
0.000132748
0.00129753
0.000131426
0.00128905
0.000130089
0.00128064
0.000128604
0.00127236
0.000127
0.00126417
0.000125401
0.00125606
0.000123855
0.00124802
0.000122351
0.00124004
0.000120881
0.00123214
0.000119428
0.00122433
0.000117999
0.00121659
0.000116615
0.00120892
0.000115283
0.00120126
0.00011397
0.0011936
0.000112658
0.0011859
0.000111332
0.0011782
0.000109972
0.00117055
0.000108575
0.00116297
0.000107183
0.00115548
0.00010584
0.00114806
0.000104538
0.00114068
0.000103304
0.00113329
0.000102069
0.00112587
0.000100799
0.00111845
9.9494e-05
0.00111104
9.81711e-05
0.00110369
9.69196e-05
0.00109651
9.57268e-05
0.00108948
9.46382e-05
0.00108236
9.36498e-05
0.00107471
9.25154e-05
0.00106624
9.0923e-05
0.00105697
8.87362e-05
0.00104733
8.59962e-05
0.00103795
8.287e-05
0.00102937
7.99068e-05
0.00102158
7.745e-05
0.00101424
7.56038e-05
0.00100692
7.42791e-05
0.000999377
7.31462e-05
0.000991617
7.19136e-05
0.000983869
7.053e-05
0.000976364
6.91717e-05
0.000969178
6.7894e-05
0.000962178
6.67174e-05
0.000955147
6.57294e-05
0.000947931
6.49089e-05
0.000940488
6.40979e-05
0.000932901
6.32552e-05
0.000925337
6.23458e-05
0.000917942
6.14341e-05
0.000910748
6.05174e-05
0.0009037
5.95375e-05
0.000896677
5.86116e-05
0.000889559
5.78385e-05
0.000882296
5.7222e-05
0.00087494
5.66175e-05
0.00086763
5.58268e-05
0.000860472
5.4896e-05
0.000853446
5.38683e-05
0.000846437
5.30099e-05
0.000839302
5.21884e-05
0.000831971
5.16148e-05
0.000824429
5.11387e-05
0.000816816
5.04591e-05
0.000809351
4.97241e-05
0.00080213
4.85595e-05
0.000795181
4.76832e-05
0.000788459
4.66266e-05
0.000782057
4.57716e-05
0.000776016
4.47908e-05
0.000770314
4.38825e-05
0.000764838
4.30825e-05
0.000759535
4.22415e-05
0.000754338
4.15747e-05
0.000749241
4.07161e-05
0.000744156
4.01274e-05
0.000739054
3.95848e-05
0.000733919
3.90321e-05
0.00072881
3.84455e-05
0.00072371
3.78702e-05
0.000718617
3.74544e-05
0.000713609
3.68075e-05
0.000708621
3.64019e-05
0.000703661
3.59187e-05
0.000698743
3.53955e-05
3.48929e-05
0.000693799
0.00160226
0.000105695
0.00160641
0.000111574
0.00163574
0.000130608
0.00166402
0.000169112
0.00166749
0.00021637
0.00166274
0.000225549
0.00165325
0.000218412
0.0016374
0.00021545
0.00161331
0.000209307
0.00158886
0.000194837
0.00157033
0.000178473
0.00155521
0.000167852
0.00154164
0.000163212
0.00153114
0.000159008
0.00152121
0.000155176
0.0015109
0.000153576
0.00150092
0.000152189
0.00149136
0.000150581
0.00148209
0.000148944
0.0014729
0.000147288
0.00146376
0.000145841
0.00145469
0.000144479
0.00144569
0.000143093
0.00143667
0.000141742
0.00142758
0.000140404
0.00141836
0.000139091
0.00140919
0.000137593
0.00140012
0.000135941
0.00139115
0.000134253
0.00138229
0.0001326
0.00137356
0.000131003
0.00136496
0.000129474
0.00135646
0.000127993
0.00134804
0.000126531
0.00133968
0.000125087
0.00133136
0.000123661
0.00132308
0.000122237
0.00131483
0.000120829
0.00130659
0.000119451
0.00129839
0.000118068
0.00129028
0.000116664
0.00128225
0.000115263
0.0012743
0.000113893
0.00126643
0.000112548
0.0012586
0.00011124
0.00125077
0.00010994
0.00124294
0.00010861
0.00123512
0.000107243
0.00122732
0.000105859
0.0012196
0.000104533
0.001212
0.00010323
0.00120458
0.000101981
0.00119732
0.000100834
0.00118997
9.97763e-05
0.00118222
9.85751e-05
0.00117375
9.71035e-05
0.00116453
9.51191e-05
0.00115476
9.25532e-05
0.00114503
8.95861e-05
0.00113588
8.65176e-05
0.00112753
8.38223e-05
0.00111997
8.16818e-05
0.00111272
8.02276e-05
0.00110555
7.89285e-05
0.0010982
7.7719e-05
0.0010906
7.66112e-05
0.00108301
7.53425e-05
0.00107563
7.39609e-05
0.00106848
7.27064e-05
0.00106153
7.16763e-05
0.00105463
7.07739e-05
0.00104768
6.99605e-05
0.00104062
6.91692e-05
0.00103346
6.83942e-05
0.00102631
6.75372e-05
0.00101931
6.65069e-05
0.00101246
6.54634e-05
0.00100567
6.45863e-05
0.000998857
6.39246e-05
0.000992006
6.33343e-05
0.000985199
6.25873e-05
0.000978478
6.16933e-05
0.000971805
6.06975e-05
0.000965141
5.98272e-05
0.000958401
5.89944e-05
0.000951552
5.83901e-05
0.000944537
5.79205e-05
0.000937425
5.73003e-05
0.000930449
5.65667e-05
0.000923677
5.5432e-05
0.000917172
5.4468e-05
0.00091076
5.34205e-05
0.000904524
5.25477e-05
0.000898514
5.15903e-05
0.000892782
5.06289e-05
0.000887229
4.97707e-05
0.000881793
4.88715e-05
0.00087645
4.81464e-05
0.000871182
4.72337e-05
0.000865964
4.65868e-05
0.000860753
4.59856e-05
0.000855516
4.53973e-05
0.0008503
4.47457e-05
0.000845088
4.41183e-05
0.000839882
4.36847e-05
0.000834765
4.29667e-05
0.000829678
4.25293e-05
0.000824637
4.20061e-05
0.000819635
4.14413e-05
4.09323e-05
0.000814653
0.0017577
0.000115838
0.00175201
0.000117276
0.00175874
0.000123804
0.00178593
0.000142
0.00182114
0.000181046
0.00182822
0.000218845
0.00181819
0.000228145
0.00180236
0.000231109
0.00178508
0.00022811
0.00176373
0.000216893
0.00173725
0.000204514
0.00171589
0.000189309
0.00169829
0.000179623
0.00168506
0.000173057
0.00167373
0.000166992
0.00166177
0.000165071
0.00165055
0.000163262
0.00164001
0.000161172
0.00162992
0.000159216
0.00161978
0.000157505
0.00160963
0.00015604
0.00159966
0.000154534
0.00158983
0.000153067
0.00157996
0.000151618
0.00157012
0.000150189
0.00156021
0.00014879
0.00155032
0.000147261
0.00154049
0.000145633
0.00153071
0.000143956
0.001521
0.000142262
0.00151138
0.000140576
0.0015019
0.000138939
0.00149255
0.000137355
0.00148335
0.000135788
0.00147425
0.000134233
0.0014652
0.000132703
0.00145621
0.000131182
0.00144725
0.000129685
0.00143835
0.000128245
0.00142952
0.000126825
0.00142081
0.000125389
0.0014122
0.00012396
0.00140367
0.000122551
0.0013952
0.000121149
0.00138674
0.00011976
0.00137828
0.000118375
0.00136984
0.000116961
0.00136144
0.00011551
0.0013531
0.000114053
0.00134486
0.000112655
0.00133673
0.000111273
0.00132874
0.000109928
0.00132092
0.000108629
0.00131321
0.000107438
0.00130544
0.00010626
0.00129737
0.000105063
0.00128875
0.000103619
0.00127943
0.000101756
0.00126951
9.94354e-05
0.00125932
9.66352e-05
0.00124935
9.3678e-05
0.00124018
9.06951e-05
0.00123185
8.83627e-05
0.00122419
8.64345e-05
0.00121682
8.48643e-05
0.00120943
8.37694e-05
0.00120206
8.25331e-05
0.00119448
8.13312e-05
0.00118674
8.01872e-05
0.00117912
7.90274e-05
0.00117173
7.78699e-05
0.00116453
7.68302e-05
0.00115747
7.59001e-05
0.00115056
7.50635e-05
0.00114372
7.4209e-05
0.00113688
7.32375e-05
0.00113001
7.22493e-05
0.00112313
7.13724e-05
0.00111621
7.06691e-05
0.00110926
7.00388e-05
0.00110239
6.92598e-05
0.00109571
6.83065e-05
0.00108918
6.72589e-05
0.00108272
6.63139e-05
0.00107621
6.54549e-05
0.00106963
6.48066e-05
0.00106294
6.4321e-05
0.00105615
6.37636e-05
0.00104947
6.30512e-05
0.00104296
6.19958e-05
0.0010367
6.09437e-05
0.00103046
5.98911e-05
0.00102427
5.89691e-05
0.00101818
5.80378e-05
0.00101235
5.70404e-05
0.00100671
5.61115e-05
0.00100116
5.51754e-05
0.000995716
5.43758e-05
0.00099032
5.3439e-05
0.000985015
5.27178e-05
0.000979729
5.20616e-05
0.000974417
5.14364e-05
0.000969107
5.07295e-05
0.00096379
5.00592e-05
0.000958493
4.95955e-05
0.000953272
4.88225e-05
0.000948106
4.83389e-05
0.000942988
4.77772e-05
0.000937934
4.71852e-05
4.66446e-05
0.000932964
0.00193125
0.000128282
0.00192062
0.000127915
0.00191492
0.000129465
0.00192152
0.000135479
0.00194983
0.000152566
0.00198169
0.00018757
0.00198513
0.00022361
0.00197627
0.000240112
0.00196582
0.00023817
0.00195275
0.000229865
0.00193079
0.00022595
0.00190147
0.000218758
0.00187732
0.00020398
0.00185802
0.00019199
0.00184293
0.000182603
0.0018287
0.000178747
0.00181566
0.000176114
0.00180407
0.000173098
0.0017929
0.000170708
0.00178139
0.000169129
0.00177
0.000167681
0.0017589
0.00016601
0.0017482
0.000164205
0.00173742
0.00016247
0.00172663
0.000160899
0.00171596
0.000159421
0.00170534
0.000157807
0.00169474
0.000156184
0.00168415
0.000154552
0.00167356
0.000152886
0.00166298
0.000151173
0.00165247
0.000149432
0.00164207
0.000147705
0.00163186
0.000145984
0.00162184
0.000144276
0.00161194
0.00014261
0.00160213
0.000140974
0.00159239
0.000139381
0.0015827
0.000137862
0.00157311
0.000136377
0.00156366
0.000134863
0.00155433
0.000133358
0.00154507
0.000131878
0.00153586
0.000130399
0.00152666
0.000128924
0.00151744
0.000127456
0.00150823
0.00012596
0.00149909
0.000124419
0.00149008
0.000122877
0.0014812
0.000121395
0.00147245
0.000119942
0.00146382
0.000118517
0.0014553
0.000117127
0.00144691
0.00011579
0.0014386
0.000114496
0.00143026
0.000113261
0.0014217
0.000111997
0.00141274
0.000110533
0.00140326
0.000108767
0.00139315
0.000106641
0.00138254
0.000104173
0.00137181
0.000101293
0.00136158
9.83923e-05
0.00135219
9.56471e-05
0.0013436
9.32311e-05
0.0013355
9.15781e-05
0.00132775
9.00528e-05
0.00132014
8.86816e-05
0.00131244
8.75687e-05
0.00130461
8.65004e-05
0.00129671
8.53941e-05
0.00128882
8.43324e-05
0.00128104
8.32875e-05
0.00127353
8.22541e-05
0.00126628
8.12272e-05
0.00125924
8.01445e-05
0.00125233
7.9065e-05
0.0012454
7.81493e-05
0.00123838
7.74434e-05
0.00123127
7.68198e-05
0.00122416
7.60721e-05
0.00121717
7.51116e-05
0.00121033
7.402e-05
0.00120362
7.29714e-05
0.00119694
7.20281e-05
0.00119026
7.12852e-05
0.00118352
7.07332e-05
0.00117672
7.01801e-05
0.00117001
6.9457e-05
0.0011635
6.84558e-05
0.00115728
6.73334e-05
0.00115111
6.62509e-05
0.00114488
6.52948e-05
0.00113863
6.43968e-05
0.00113259
6.34184e-05
0.00112676
6.24174e-05
0.001121
6.14439e-05
0.0011153
6.05596e-05
0.00110961
5.96067e-05
0.00110405
5.87959e-05
0.00109854
5.80679e-05
0.00109303
5.73871e-05
0.00108751
5.66213e-05
0.00108199
5.59072e-05
0.00107649
5.53924e-05
0.00107104
5.45881e-05
0.00106569
5.40237e-05
0.00106039
5.34283e-05
0.00105518
5.27926e-05
5.21869e-05
0.0010501
0.00212314
0.000142451
0.00210973
0.000141334
0.00209829
0.000140895
0.00209169
0.000142089
0.00209673
0.000147588
0.00212277
0.000161311
0.00215528
0.000190858
0.00216852
0.000227459
0.00216222
0.000244291
0.00214822
0.000243433
0.0021306
0.000242998
0.0021089
0.000239965
0.00208236
0.000231341
0.00205508
0.000219158
0.00203214
0.000205638
0.00201392
0.000196681
0.00199844
0.000191529
0.00198517
0.00018678
0.00197191
0.000184041
0.00195847
0.000182343
0.00194595
0.000180424
0.00193388
0.000178437
0.0019223
0.000176309
0.0019105
0.000174417
0.0018987
0.000172755
0.00188702
0.000171099
0.00187545
0.00016945
0.00186395
0.000167805
0.00185251
0.00016613
0.00184107
0.000164444
0.0018296
0.000162723
0.0018181
0.000160939
0.00180661
0.000159126
0.00179527
0.000157266
0.00178417
0.000155391
0.00177326
0.000153559
0.00176249
0.000151784
0.00175182
0.000150068
0.00174121
0.000148444
0.00173069
0.000146858
0.00172033
0.000145223
0.0017101
0.000143594
0.00169998
0.000142007
0.00168991
0.000140429
0.00167986
0.00013886
0.00166979
0.000137311
0.00165972
0.000135743
0.00164974
0.000134124
0.00163992
0.000132497
0.00163027
0.000130926
0.00162076
0.000129395
0.00161138
0.000127883
0.0016021
0.000126402
0.00159293
0.000124949
0.00158385
0.000123522
0.00157483
0.000122146
0.00156579
0.000120827
0.00155662
0.000119457
0.00154724
0.000117941
0.00153747
0.000116253
0.00152716
0.000114359
0.00151619
0.000112152
0.00150485
0.000109604
0.00149356
0.000106745
0.00148294
0.000103686
0.00147309
0.000101143
0.00146394
9.89228e-05
0.00145534
9.69427e-05
0.00144697
9.55328e-05
0.00143885
9.42556e-05
0.00143079
9.30368e-05
0.00142262
9.20339e-05
0.00141445
9.10187e-05
0.00140638
8.99721e-05
0.00139839
8.89292e-05
0.00139057
8.77687e-05
0.00138296
8.65367e-05
0.00137551
8.54414e-05
0.00136811
8.4596e-05
0.00136066
8.38992e-05
0.0013532
8.31425e-05
0.00134594
8.21568e-05
0.00133882
8.10186e-05
0.00133177
7.99176e-05
0.00132473
7.89264e-05
0.00131768
7.81035e-05
0.00131061
7.7471e-05
0.00130351
7.68883e-05
0.00129643
7.61535e-05
0.00128956
7.51807e-05
0.00128304
7.40217e-05
0.00127671
7.28465e-05
0.00127036
7.18041e-05
0.00126385
7.08808e-05
0.00125741
6.99285e-05
0.00125121
6.88832e-05
0.00124513
6.78425e-05
0.00123909
6.68889e-05
0.00123304
6.59285e-05
0.00122711
6.504e-05
0.00122124
6.42475e-05
0.00121539
6.34902e-05
0.00120952
6.26752e-05
0.00120364
6.19053e-05
0.00119781
6.13117e-05
0.00119199
6.04971e-05
0.00118633
5.98147e-05
0.00118069
5.91723e-05
0.00117516
5.84728e-05
5.77437e-05
0.00116984
0.00233457
0.000158197
0.00231918
0.000156722
0.00230461
0.000155469
0.00229186
0.000154823
0.00228399
0.000155528
0.00228526
0.000159811
0.00230677
0.000169631
0.00233924
0.000195062
0.00235757
0.000228421
0.00235157
0.000247373
0.0023371
0.000256337
0.00232207
0.000255551
0.00230722
0.000246158
0.00228401
0.000242077
0.00225318
0.000235771
0.00222645
0.00022375
0.00220478
0.000212696
0.00218594
0.000205072
0.0021691
0.000199767
0.00215375
0.000197314
0.00213993
0.0001945
0.0021267
0.000192051
0.00211397
0.000189605
0.00210092
0.000187607
0.00208788
0.000185929
0.00207504
0.000184152
0.00206243
0.000182333
0.00204981
0.000180609
0.00203729
0.000178828
0.00202485
0.000177034
0.00201245
0.000175193
0.00200001
0.000173344
0.00198751
0.000171511
0.00197508
0.000169602
0.00196282
0.000167639
0.00195078
0.000165667
0.00193889
0.000163739
0.00192713
0.000161877
0.00191546
0.000160113
0.0019039
0.000158396
0.0018925
0.00015661
0.00188125
0.000154824
0.00187011
0.000153109
0.00185903
0.000151419
0.00184802
0.000149745
0.00183703
0.000148104
0.00182605
0.000146462
0.00181516
0.000144773
0.00180444
0.000143072
0.0017939
0.000141424
0.00178349
0.000139814
0.00177319
0.000138214
0.00176302
0.000136621
0.00175295
0.000135041
0.00174298
0.000133471
0.00173308
0.000131935
0.00172322
0.00013047
0.00171336
0.000129035
0.0017035
0.000127538
0.0016936
0.000125978
0.00168347
0.000124364
0.00167287
0.000122638
0.0016617
0.000120667
0.00164989
0.000118388
0.00163775
0.000115675
0.00162592
0.000112748
0.00161462
0.00010988
0.00160413
0.000107049
0.00159425
0.00010495
0.00158494
0.000103145
0.00157601
0.000101506
0.00156722
0.000100314
0.00155859
9.91843e-05
0.00155009
9.80659e-05
0.00154169
9.70209e-05
0.00153338
9.58736e-05
0.0015251
9.46393e-05
0.00151689
9.3481e-05
0.00150876
9.24935e-05
0.00150063
9.1663e-05
0.0014925
9.08316e-05
0.00148458
8.97742e-05
0.00147694
8.85298e-05
0.00146946
8.73141e-05
0.001462
8.62286e-05
0.00145451
8.53257e-05
0.00144699
8.46259e-05
0.00143947
8.40067e-05
0.00143201
8.32523e-05
0.00142467
8.22789e-05
0.00141762
8.11097e-05
0.00141081
7.98716e-05
0.00140406
7.87262e-05
0.00139719
7.77341e-05
0.0013902
7.67778e-05
0.00138346
7.57412e-05
0.00137695
7.46164e-05
0.00137051
7.3576e-05
0.00136403
7.25985e-05
0.00135762
7.16472e-05
0.00135128
7.07786e-05
0.001345
6.9922e-05
0.00133867
6.90572e-05
0.00133234
6.82196e-05
0.00132606
6.75259e-05
0.00131979
6.66947e-05
0.00131372
6.58565e-05
0.00130768
6.51415e-05
0.00130174
6.43567e-05
6.34636e-05
0.00129607
0.00256721
0.000175564
0.00255007
0.000173856
0.00253332
0.000172226
0.00251735
0.000170792
0.00250305
0.000169839
0.00249279
0.000170019
0.00248994
0.000172555
0.00250543
0.000180004
0.00253537
0.000198035
0.0025581
0.00022435
0.002563
0.000251396
0.00255451
0.000265148
0.0025389
0.000261583
0.0025198
0.000260375
0.00249774
0.000257172
0.00246967
0.000252067
0.00244013
0.000242621
0.0024135
0.000231453
0.002392
0.000220935
0.00237232
0.00021555
0.00235582
0.000210711
0.0023409
0.000206978
0.0023257
0.000204672
0.00231042
0.000202561
0.00229587
0.000200529
0.00228179
0.000198438
0.00226784
0.000196464
0.00225388
0.000194582
0.00224009
0.000192724
0.00222648
0.000190768
0.00221303
0.000188776
0.00219966
0.000186778
0.00218629
0.000184849
0.00217284
0.000182934
0.00215938
0.000180997
0.00214608
0.000178982
0.00213296
0.000176938
0.00211997
0.000174938
0.00210712
0.000173004
0.00209439
0.000171115
0.00208185
0.000169161
0.00206948
0.000167196
0.00205722
0.00016533
0.00204503
0.000163519
0.00203294
0.000161726
0.00202095
0.000159974
0.00200903
0.000158236
0.00199719
0.000156471
0.00198549
0.000154704
0.00197394
0.000152984
0.0019625
0.000151302
0.00195116
0.000149615
0.00193993
0.000147907
0.00192881
0.000146186
0.0019178
0.000144465
0.00190688
0.000142767
0.00189601
0.000141135
0.00188517
0.000139566
0.00187443
0.000137983
0.00186383
0.000136373
0.00185327
0.000134784
0.00184257
0.000133202
0.00183155
0.000131527
0.00182006
0.00012969
0.00180795
0.000127581
0.00179537
0.000125123
0.00178244
0.000122436
0.00176975
0.000119328
0.00175775
0.000116465
0.00174646
0.00011395
0.0017359
0.000111537
0.00172571
0.000109888
0.00171602
0.00010843
0.00170673
0.000106961
0.0016975
0.000105803
0.00168844
0.000104629
0.00167965
0.000103265
0.00167095
0.000102003
0.0016622
0.000100966
0.00165339
0.000100073
0.00164452
9.91923e-05
0.0016358
9.81143e-05
0.00162737
9.67792e-05
0.00161914
9.54425e-05
0.00161099
9.42274e-05
0.00160289
9.31856e-05
0.00159482
9.23694e-05
0.00158674
9.16775e-05
0.00157869
9.08865e-05
0.00157076
8.98586e-05
0.00156307
8.86428e-05
0.00155573
8.737e-05
0.00154852
8.62163e-05
0.00154133
8.51211e-05
0.0015339
8.41397e-05
0.00152642
8.31138e-05
0.00151929
8.19352e-05
0.00151233
8.07685e-05
0.00150538
7.97249e-05
0.00149841
7.8735e-05
0.00149149
7.77996e-05
0.00148464
7.68483e-05
0.00147782
7.58935e-05
0.00147101
7.49614e-05
0.00146423
7.41316e-05
0.00145748
7.32381e-05
0.00145098
7.21961e-05
0.0014446
7.13146e-05
0.00143835
7.03984e-05
6.92981e-05
0.00143231
0.00282308
0.000194675
0.00280417
0.000192763
0.00278551
0.000190885
0.00276723
0.000189076
0.00274964
0.000187426
0.00273353
0.000186139
0.00272036
0.000185674
0.0027137
0.00018687
0.0027197
0.000191751
0.00274216
0.000201657
0.00276949
0.000223121
0.00278477
0.000253042
0.00277962
0.000266688
0.0027624
0.000275044
0.00274508
0.000274841
0.00272742
0.00027048
0.00270676
0.000263872
0.00267877
0.000259202
0.00264687
0.000252078
0.00261948
0.000242082
0.00259725
0.000233072
0.00257782
0.000226258
0.00255856
0.000222686
0.00254078
0.000219896
0.00252481
0.000216675
0.00250947
0.00021397
0.00249405
0.000211774
0.00247853
0.000210043
0.00246334
0.000207896
0.00244837
0.000205766
0.00243368
0.000203592
0.00241927
0.000201308
0.00240475
0.00019927
0.00239012
0.00019738
0.00237537
0.000195517
0.00236077
0.000193494
0.00234639
0.000191387
0.00233214
0.000189307
0.002318
0.000187242
0.00230398
0.000185166
0.00229013
0.000183032
0.00227649
0.000180873
0.00226299
0.000178826
0.00224959
0.000176871
0.00223634
0.00017494
0.00222327
0.000173044
0.00221032
0.000171184
0.00219746
0.000169323
0.0021847
0.000167473
0.00217202
0.000165669
0.00215942
0.000163905
0.00214691
0.000162127
0.00213452
0.000160304
0.00212225
0.000158446
0.0021101
0.000156579
0.00209805
0.000154735
0.00208607
0.000152945
0.00207413
0.000151223
0.00206227
0.000149512
0.00205062
0.000147769
0.00203916
0.000146071
0.00202774
0.000144441
0.00201623
0.000142809
0.00200451
0.000141117
0.00199248
0.000139297
0.00198006
0.000137275
0.00196715
0.000135041
0.00195357
0.000132507
0.00193985
0.000129707
0.00192637
0.000126866
0.00191359
0.000123783
0.00190138
0.000121408
0.00188989
0.000119385
0.00187917
0.00011726
0.00186863
0.000115802
0.00185833
0.000114422
0.00184852
0.000112808
0.00183898
0.000111343
0.00182956
0.000110133
0.00182012
0.000109125
0.00181053
0.000108195
0.00180099
0.000107133
0.00179185
0.000105753
0.00178292
0.000104311
0.00177402
0.000103011
0.00176513
0.000101861
0.0017563
0.000100883
0.00174748
0.000100059
0.00173871
9.92195e-05
0.00173012
9.81256e-05
0.0017217
9.6856e-05
0.00171365
9.55486e-05
0.00170585
9.43158e-05
0.00169811
9.31271e-05
0.00169029
9.20332e-05
0.00168215
9.10013e-05
0.00167417
8.98126e-05
0.00166651
8.85428e-05
0.00165897
8.73921e-05
0.0016515
8.63403e-05
0.00164408
8.53162e-05
0.00163669
8.42723e-05
0.00162932
8.3214e-05
0.00162204
8.21281e-05
0.00161485
8.10706e-05
0.00160776
7.99705e-05
0.00160091
7.86703e-05
0.00159443
7.73865e-05
0.00158836
7.59476e-05
7.4275e-05
0.00158271
0.00310447
0.000215694
0.00308366
0.000213571
0.00306307
0.000211473
0.00304274
0.000209407
0.00302276
0.0002074
0.00300339
0.000205512
0.00298518
0.000203887
0.00296926
0.000202816
0.00295808
0.000202849
0.00295441
0.000205144
0.00296784
0.000210648
0.00299491
0.000225797
0.00301571
0.000243866
0.00301879
0.00027164
0.00301485
0.000282237
0.00299981
0.000285922
0.0029798
0.000284156
0.00295827
0.000281277
0.00293453
0.000276173
0.00290528
0.000271533
0.00287365
0.000264573
0.00284458
0.000255198
0.00282008
0.000246685
0.00279902
0.000241018
0.00278068
0.00023593
0.00276288
0.000231857
0.0027442
0.000229694
0.002726
0.000227309
0.00270908
0.000224627
0.00269272
0.000222135
0.00267711
0.000219596
0.00266123
0.000217366
0.00264514
0.000215318
0.00262886
0.000213376
0.00261266
0.000211389
0.00259678
0.000209262
0.00258114
0.000207091
0.00256562
0.000204971
0.00255016
0.000202846
0.00253476
0.000200643
0.00251942
0.000198357
0.00250427
0.000196018
0.00248932
0.000193762
0.00247455
0.000191631
0.00246
0.000189538
0.00244571
0.000187471
0.0024316
0.000185448
0.00241759
0.000183453
0.00240364
0.000181481
0.00238971
0.000179562
0.00237581
0.000177697
0.00236199
0.000175815
0.00234836
0.000173862
0.0023349
0.000171867
0.00232158
0.000169872
0.00230834
0.000167903
0.00229518
0.00016598
0.00228208
0.000164109
0.00226903
0.000162248
0.00225615
0.000160352
0.00224351
0.000158478
0.00223103
0.000156695
0.00221857
0.000154965
0.00220605
0.000153237
0.00219341
0.000151478
0.00218069
0.000149602
0.0021678
0.000147589
0.00215451
0.000145456
0.00214069
0.000143144
0.00212624
0.000140735
0.00211148
0.000137957
0.00209722
0.000135078
0.00208336
0.000132522
0.00207031
0.000129685
0.0020579
0.000127609
0.00204599
0.000125701
0.00203456
0.000123681
0.00202364
0.000121935
0.00201316
0.000120391
0.00200283
0.000119137
0.00199238
0.000118088
0.00198185
0.000116992
0.0019718
0.000115588
0.00196209
0.000114034
0.00195248
0.000112597
0.00194288
0.000111334
0.00193323
0.000110221
0.00192352
0.000109265
0.00191389
0.000108341
0.00190458
0.000107197
0.00189547
0.000105854
0.00188651
0.000104462
0.00187783
0.000103068
0.00186931
0.000101796
0.00186084
0.000100615
0.00185227
9.9474e-05
0.00184359
9.82607e-05
0.00183518
9.69468e-05
0.00182693
9.56452e-05
0.00181881
9.44655e-05
0.00181085
9.3292e-05
0.00180306
9.20674e-05
0.00179547
9.07683e-05
0.0017881
8.93283e-05
0.00178097
8.77694e-05
0.00177427
8.59331e-05
0.00176816
8.37796e-05
0.00176329
8.09628e-05
0.00176025
7.71427e-05
7.21714e-05
0.00175968
0.0034139
0.00023881
0.00339102
0.000236458
0.00336836
0.00023413
0.00334594
0.000231828
0.00332378
0.000229558
0.00330196
0.000227336
0.00328064
0.000225201
0.00326021
0.000223245
0.00324144
0.000221633
0.00322577
0.000220749
0.00321551
0.000221074
0.00321704
0.000224009
0.00322985
0.000230773
0.0032587
0.000244316
0.00327555
0.000265521
0.00327457
0.000285163
0.00326226
0.000295162
0.00324588
0.000299352
0.00322656
0.000297312
0.00320557
0.000293978
0.00318176
0.000289072
0.00315243
0.000284593
0.0031209
0.000278632
0.00309178
0.000270854
0.0030656
0.000262548
0.00304181
0.000255661
0.00301958
0.000251504
0.0029996
0.000247287
0.00298084
0.000243622
0.00296262
0.000240737
0.00294467
0.00023799
0.00292672
0.000235653
0.00290865
0.000233337
0.00289048
0.000231209
0.00287295
0.000228685
0.00285575
0.000226401
0.00283874
0.000224093
0.00282185
0.000221861
0.002805
0.000219685
0.00278827
0.00021741
0.00277162
0.00021503
0.00275499
0.000212633
0.00273848
0.000210266
0.00272216
0.00020798
0.00270609
0.000205701
0.00269034
0.000203415
0.00267481
0.000201183
0.00265942
0.000199006
0.0026441
0.000196873
0.00262882
0.000194807
0.00261356
0.00019281
0.00259839
0.000190794
0.00258343
0.000188692
0.00256869
0.000186555
0.0025541
0.000184446
0.00253961
0.000182372
0.00252518
0.000180333
0.00251083
0.000178324
0.00249656
0.000176299
0.00248241
0.000174233
0.00246845
0.000172171
0.00245466
0.000170197
0.00244097
0.000168298
0.00242731
0.00016643
0.00241361
0.000164595
0.00239994
0.000162713
0.00238638
0.000160713
0.00237281
0.000158663
0.00235902
0.000156574
0.00234482
0.00015447
0.00232993
0.000152247
0.00231457
0.000149821
0.00229896
0.000147354
0.00228336
0.000144422
0.00226845
0.000141742
0.00225437
0.000139079
0.0022408
0.000136405
0.00222775
0.000134298
0.00221576
0.000132208
0.00220421
0.000130479
0.00219259
0.000129197
0.00218082
0.000127954
0.00216948
0.000126506
0.00215877
0.000124833
0.00214828
0.00012319
0.00213781
0.000121779
0.00212729
0.000120521
0.00211673
0.000119406
0.00210614
0.00011837
0.00209585
0.000117161
0.00208587
0.000115706
0.00207601
0.000114178
0.00206635
0.000112619
0.00205696
0.00011123
0.0020478
0.000109974
0.00203865
0.000108681
0.00202956
0.000107286
0.00202052
0.000105792
0.00201168
0.000104235
0.00200315
0.000102753
0.00199506
0.000101198
0.0019876
9.93657e-05
0.00198095
9.7086e-05
0.0019753
9.42358e-05
0.00197131
9.03172e-05
0.00196962
8.50748e-05
0.00197204
7.73205e-05
0.00198138
6.55114e-05
0.00200227
4.53048e-05
2.31777e-05
0.00203516
0.00375418
0.000264229
0.00372902
0.000261627
0.00370409
0.000259051
0.00367942
0.0002565
0.003655
0.000253977
0.00363086
0.000251484
0.00360703
0.000249032
0.00358363
0.000246645
0.00356089
0.000244371
0.00353932
0.000242315
0.0035197
0.00024068
0.00350403
0.000239776
0.0034943
0.000240309
0.00349578
0.000243005
0.00351164
0.000249497
0.00353344
0.000263017
0.0035502
0.000279604
0.0035502
0.000297482
0.00353801
0.000308912
0.00352013
0.000312155
0.00349866
0.000310002
0.00347503
0.000307763
0.00345033
0.000303503
0.00342383
0.000298721
0.00339338
0.000293718
0.00336101
0.00028819
0.00333213
0.000280712
0.00330655
0.000273278
0.00328264
0.000267331
0.0032592
0.000263474
0.00323791
0.000259633
0.00321798
0.000255874
0.00319817
0.000253124
0.00317857
0.000250583
0.00315952
0.000247691
0.00314093
0.000244985
0.00312257
0.000242312
0.00310408
0.000240061
0.00308541
0.000237886
0.00306697
0.000235537
0.00304881
0.000233065
0.00303076
0.000230602
0.00301272
0.000228196
0.00299473
0.000225853
0.002977
0.000223488
0.00295961
0.000221032
0.00294244
0.000218592
0.0029254
0.000216207
0.00290845
0.000213879
0.00289162
0.000211628
0.00287493
0.000209431
0.00285839
0.000207211
0.00284201
0.000204935
0.00282582
0.000202653
0.00280979
0.000200426
0.00279386
0.000198254
0.00277807
0.000196104
0.00276241
0.000193943
0.00274687
0.000191749
0.00273141
0.000189516
0.00271605
0.000187288
0.00270079
0.000185132
0.00268564
0.000183047
0.00267059
0.000180983
0.00265558
0.000178975
0.00264061
0.000176992
0.00262585
0.000174906
0.00261129
0.000172778
0.00259678
0.000170679
0.00258216
0.000168625
0.00256723
0.00016658
0.00255193
0.000164435
0.00253617
0.000162289
0.00251973
0.000159907
0.00250309
0.000157382
0.00248656
0.000154649
0.00247049
0.000151549
0.00245495
0.000148907
0.00244054
0.000146155
0.002427
0.000143747
0.00241381
0.000142029
0.00240069
0.000140331
0.00238756
0.000138745
0.00237536
0.000136983
0.00236377
0.000135064
0.00235232
0.000133388
0.00234075
0.000131976
0.00232909
0.000130677
0.00231743
0.00012948
0.00230615
0.000128081
0.00229524
0.000126467
0.00228447
0.000124743
0.00227393
0.000122994
0.00226371
0.000121405
0.00225388
0.000119888
0.00224456
0.00011829
0.00223559
0.000116375
0.00222675
0.000114127
0.0022184
0.000111653
0.00221142
0.000108695
0.00220663
0.00010482
0.00220473
9.94774e-05
0.00220718
9.16545e-05
0.00221681
7.89256e-05
0.0022345
6.35231e-05
0.00227368
3.08589e-05
0.00233213
-6.33834e-06
0.00244314
-7.89147e-05
0.00259943
-0.000173316
-0.000215037
0.00277028
0.00412838
0.000292183
0.00410071
0.000289305
0.0040733
0.000286456
0.00404617
0.000283635
0.0040193
0.000280842
0.00399271
0.000278078
0.00396639
0.000275345
0.00394039
0.000272647
0.00391476
0.000269999
0.00388965
0.000267427
0.00386534
0.000264987
0.00384234
0.000262785
0.00382166
0.000260994
0.00380461
0.000259998
0.00379423
0.000260077
0.0037943
0.000262525
0.00380577
0.000267748
0.00382643
0.000277325
0.0038396
0.000295521
0.00384438
0.000309925
0.0038347
0.000318752
0.00381471
0.000324581
0.00379191
0.000325864
0.00376763
0.000322571
0.0037429
0.000318364
0.00371658
0.000314305
0.0036878
0.000309198
0.00365644
0.000304472
0.00362544
0.000298666
0.00359583
0.000292708
0.0035681
0.000286599
0.00354364
0.00028057
0.00352046
0.000276466
0.00349817
0.000272959
0.00347679
0.000269301
0.00345575
0.000266108
0.00343486
0.000263159
0.00341405
0.00026094
0.00339365
0.000258073
0.00337375
0.000255572
0.00335412
0.000252882
0.00333464
0.000250273
0.00331511
0.00024765
0.00329527
0.000245218
0.00327536
0.000242827
0.00325601
0.000240232
0.00323704
0.000237619
0.00321821
0.000235079
0.00319947
0.000232593
0.00318092
0.000230146
0.00316266
0.000227697
0.00314463
0.000225226
0.00312669
0.000222755
0.00310882
0.000220326
0.00309106
0.00021797
0.00307346
0.000215683
0.00305609
0.000213401
0.00303902
0.000211063
0.00302213
0.000208678
0.00300531
0.000206283
0.00298849
0.000203924
0.00297169
0.000201623
0.00295496
0.000199366
0.00293834
0.000197103
0.00292182
0.000194874
0.00290534
0.00019273
0.00288906
0.000190495
0.00287308
0.000188203
0.00285728
0.000185984
0.00284153
0.000183843
0.00282572
0.000181747
0.00280977
0.00017961
0.00279363
0.00017751
0.00277718
0.000175348
0.00276047
0.000173063
0.0027433
0.000170701
0.00272586
0.000167999
0.00270861
0.000165298
0.00269148
0.000162485
0.00267499
0.000159553
0.0026593
0.000157203
0.00264435
0.000154852
0.00262955
0.000152699
0.00261488
0.000150836
0.00260161
0.000148618
0.00258892
0.000146469
0.00257632
0.000144678
0.00256337
0.00014324
0.00255045
0.000141654
0.00253836
0.000139879
0.00252662
0.000137973
0.00251521
0.000135821
0.00250428
0.000133582
0.00249419
0.000131246
0.00248529
0.000128585
0.00247803
0.000125234
0.0024727
0.000120835
0.00247019
0.000114634
0.00247219
0.000106063
0.00248166
9.35333e-05
0.00250295
7.4645e-05
0.0025426
4.60879e-05
0.00261385
-3.69709e-06
0.00272394
-6.82949e-05
0.00289155
-0.000154911
0.00308953
-0.00024305
0.00330726
-0.000296635
0.00354629
-0.000392284
0.00373308
-0.000438538
-0.000456747
0.00391224
0.00453988
0.000322922
0.00450945
0.000319742
0.00447931
0.000316593
0.00444947
0.000313475
0.00441992
0.000310388
0.00439067
0.000307331
0.00436171
0.000304306
0.00433304
0.000301312
0.00430469
0.000298352
0.00427668
0.000295433
0.0042491
0.000292569
0.0042221
0.000289788
0.00419596
0.000287138
0.00417123
0.000284724
0.0041486
0.000282692
0.0041299
0.000281292
0.0041164
0.000280969
0.00411192
0.000282293
0.00412216
0.000285671
0.00413591
0.000294614
0.00415091
0.00030496
0.00415475
0.000319532
0.00414626
0.000333628
0.0041338
0.000337385
0.00411343
0.000338319
0.00408872
0.000338705
0.00406261
0.000335205
0.004036
0.000330974
0.00400757
0.000326908
0.00397742
0.000322859
0.00394566
0.000317988
0.00391306
0.000312639
0.00388247
0.000306815
0.00385422
0.000301148
0.00382756
0.000295833
0.00380151
0.00029155
0.00377717
0.000287548
0.00375452
0.000283966
0.00373242
0.000280814
0.00371076
0.000277917
0.00368923
0.000274945
0.00366769
0.000272246
0.0036464
0.000269195
0.00362493
0.000266547
0.00360359
0.00026386
0.00358256
0.000261004
0.0035618
0.000258256
0.00354119
0.000255632
0.00352068
0.000253045
0.00350029
0.000250462
0.0034801
0.000247823
0.00346013
0.000245138
0.0034403
0.000242456
0.0034205
0.000239844
0.00340078
0.000237316
0.00338127
0.000234843
0.00336207
0.000232373
0.00334326
0.000229855
0.00332475
0.000227289
0.00330638
0.000224704
0.00328798
0.000222201
0.00326956
0.000219772
0.00325121
0.000217342
0.00323301
0.000214883
0.00321491
0.00021244
0.00319682
0.000210132
0.00317886
0.000207732
0.00316118
0.000205219
0.00314372
0.000202806
0.00312637
0.000200517
0.00310916
0.00019825
0.00309201
0.000195958
0.00307484
0.000193704
0.0030575
0.000191529
0.0030401
0.000189311
0.00302278
0.000186985
0.00300529
0.0001845
0.0029876
0.00018204
0.00296965
0.000179608
0.00295176
0.00017678
0.00293365
0.000174293
0.00291549
0.00017201
0.0028987
0.000169008
0.00288214
0.000166529
0.00286585
0.000164243
0.00285151
0.00016126
0.00283777
0.000158707
0.00282406
0.000156725
0.0028107
0.000154227
0.0027982
0.000151533
0.00278701
0.000148249
0.00277756
0.000144193
0.0027709
0.000138955
0.0027683
0.000132087
0.00277236
0.000121564
0.00278435
0.000107991
0.00281167
8.50708e-05
0.00285892
5.18911e-05
0.00294041
-5.16782e-07
0.00307376
-7.58216e-05
0.0032607
-0.000169629
0.00347448
-0.000236014
0.00374022
-0.000337165
0.00398333
-0.000393846
0.00417936
-0.000437648
0.00437078
-0.000488952
0.00454367
-0.000518726
0.00462834
-0.000544141
0.00472168
-0.000557296
-0.00057245
0.00480759
0.0049924
0.000356726
0.00495893
0.000353213
0.00492578
0.000349734
0.00489297
0.00034629
0.00486048
0.000342879
0.00482831
0.000339502
0.00479645
0.000336159
0.00476492
0.000332849
0.0047337
0.000329572
0.0047028
0.000326331
0.00467224
0.000323126
0.00464206
0.000319966
0.00461234
0.000316862
0.00458322
0.00031384
0.00455497
0.000310943
0.00452801
0.000308252
0.00450314
0.000305866
0.0044813
0.000304052
0.00446423
0.000302982
0.00445555
0.000303122
0.00445435
0.00030555
0.00446652
0.000308829
0.00447986
0.000319646
0.00448705
0.000330717
0.00448526
0.000339485
0.00447106
0.000351161
0.00445392
0.000354411
0.00443162
0.000353337
0.00440506
0.00035304
0.00437774
0.000350526
0.00435064
0.000345747
0.00432215
0.000341381
0.0042918
0.000337
0.00425921
0.00033336
0.00422632
0.00032869
0.00419482
0.000323359
0.00416538
0.000317812
0.00413747
0.000312311
0.00411002
0.000307926
0.00408242
0.000304284
0.0040569
0.000300156
0.00403316
0.000296419
0.00400994
0.000293182
0.00398685
0.000290169
0.00396372
0.000287094
0.00394073
0.000284018
0.00391798
0.000281
0.00389533
0.000278222
0.00387284
0.000275478
0.00385062
0.000272728
0.00382875
0.000269887
0.00380707
0.000266972
0.00378533
0.000264162
0.00376354
0.000261407
0.00374188
0.000258648
0.00372047
0.000255901
0.00369925
0.000253182
0.00367827
0.000250485
0.0036577
0.000247765
0.00363744
0.000244978
0.00361729
0.000242288
0.00359715
0.000239705
0.00357709
0.000237105
0.00355724
0.000234432
0.00353753
0.000231768
0.00351776
0.000229311
0.00349805
0.000226771
0.0034786
0.000224026
0.00345933
0.000221361
0.00344009
0.000218899
0.00342105
0.000216419
0.00340229
0.000213899
0.00338371
0.000211343
0.00336498
0.000208997
0.00334601
0.000206796
0.0033274
0.00020436
0.00330913
0.000201773
0.00329089
0.000199309
0.00327253
0.000196969
0.00325422
0.000194298
0.00323606
0.000191638
0.00321727
0.00018947
0.00319872
0.000186455
0.0031811
0.000183277
0.00316401
0.000180266
0.00314858
0.000176084
0.00313493
0.000171902
0.00312401
0.000167173
0.00311637
0.000160772
0.00311333
0.00015215
0.00311793
0.000138974
0.00313282
0.000122563
0.00316963
9.1209e-05
0.00322632
5.90113e-05
0.00334447
-2.15081e-05
0.00350096
-9.32002e-05
0.00371917
-0.000184626
0.00399441
-0.0002924
0.00425834
-0.000344311
0.00452728
-0.00041711
0.00476586
-0.0004814
0.00496046
-0.000493215
0.00511119
-0.000541293
0.00523262
-0.000566003
0.00532431
-0.000563681
0.00539047
-0.000580387
0.00542903
-0.000592451
0.0054546
-0.000589293
0.00548498
-0.00059249
-0.000594764
0.00548769
0.00549001
0.000393899
0.00545321
0.00039002
0.00541676
0.000386178
0.00538068
0.000382375
0.00534495
0.000378609
0.00530957
0.000374881
0.00527454
0.000371189
0.00523986
0.000367533
0.00520552
0.000363914
0.00517152
0.00036033
0.00513786
0.000356783
0.00510455
0.000353274
0.00507161
0.000349804
0.00503907
0.00034638
0.005007
0.000343011
0.00497553
0.000339717
0.00494487
0.000336531
0.00491542
0.000333505
0.00488763
0.000330747
0.00486252
0.000328323
0.00484132
0.000326574
0.00482467
0.000325561
0.00481909
0.000325784
0.00482014
0.000328368
0.00482805
0.000331835
0.00483837
0.000340993
0.00484106
0.00035254
0.00483704
0.000358663
0.00482005
0.000366935
0.00479836
0.000371698
0.00477752
0.000369714
0.0047509
0.000367939
0.00472119
0.000365894
0.00469097
0.000362625
0.00466154
0.000358214
0.00463206
0.000353611
0.00460106
0.000349201
0.00456747
0.000345335
0.00453427
0.000341048
0.00450237
0.000336201
0.00447161
0.000330956
0.0044425
0.000325684
0.00441447
0.000321359
0.00438737
0.000317299
0.00436074
0.000313456
0.00433435
0.000310102
0.00430881
0.00030671
0.00428405
0.000303275
0.00425955
0.00030006
0.00423509
0.000297066
0.00421094
0.000294025
0.00418711
0.000290928
0.00416351
0.000287918
0.0041402
0.000284949
0.00411719
0.000281953
0.00409432
0.000278974
0.00407139
0.000276077
0.00404829
0.000273235
0.00402517
0.000270376
0.00400244
0.000267353
0.00398012
0.000264391
0.00395802
0.000261586
0.00393602
0.000258818
0.00391427
0.000255937
0.00389272
0.000253038
0.00387117
0.000250396
0.00384953
0.000247759
0.00382823
0.00024481
0.00380721
0.000241841
0.00378614
0.000239131
0.00376483
0.000236537
0.00374389
0.00023386
0.00372359
0.000230801
0.00370323
0.000228196
0.00368245
0.000225833
0.00366179
0.000223274
0.00364205
0.000220258
0.00362281
0.00021748
0.00360393
0.000214744
0.00358551
0.000211647
0.0035678
0.000208356
0.00355111
0.00020487
0.00353539
0.000200405
0.00352221
0.000194645
0.00351325
0.000187191
0.00351135
0.000175071
0.00351863
0.000160136
0.00354555
0.000134127
0.00359534
9.77066e-05
0.00368078
4.83453e-05
0.00384156
-5.53932e-05
0.00403918
-0.000123946
0.00433056
-0.00026022
0.00463235
-0.000311293
0.00495059
-0.000416071
0.00523759
-0.000456197
0.00547626
-0.00049174
0.00567345
-0.000549963
0.00583795
-0.000552702
0.0059451
-0.000572667
0.00602771
-0.000595205
0.00610211
-0.000588287
0.00612042
-0.000595971
0.00613542
-0.000598731
0.00616486
-0.000597193
0.00616388
-0.000595852
0.006157
-0.000595646
0.00616345
-0.000589795
0.0061519
-0.000587066
-0.000582699
0.00612574
0.00554041
0.000431413
0.00550326
0.000427164
0.00546648
0.000422957
0.00543006
0.000418792
0.00539401
0.000414667
0.0053583
0.000410583
0.00532295
0.00040654
0.00528795
0.000402536
0.00525329
0.000398572
0.00521898
0.000394646
0.005185
0.00039076
0.00515136
0.000386913
0.00511806
0.000383104
0.00508511
0.000379335
0.00505251
0.000375608
0.0050203
0.000371928
0.00498853
0.000368302
0.00495729
0.000364744
0.00492676
0.00036128
0.00489713
0.000357949
0.00486891
0.000354807
0.00484246
0.000351967
0.00481882
0.000349514
0.00479933
0.000347734
0.00478424
0.000346763
0.00477921
0.000346856
0.00478141
0.000349609
0.00478639
0.000353696
0.00479387
0.000360821
0.00479181
0.000372055
0.00478346
0.000378533
0.00477101
0.000381296
0.00475017
0.000385733
0.00472729
0.00038588
0.00470214
0.000383954
0.00467447
0.000381169
0.00464584
0.000377439
0.00461694
0.000373476
0.00458833
0.000369464
0.00455999
0.000364813
0.00453008
0.000360984
0.00449832
0.000357083
0.00446685
0.000352426
0.00443701
0.000347222
0.00440832
0.000342266
0.00438015
0.000337996
0.0043535
0.000333828
0.00432791
0.000329458
0.00430255
0.000325503
0.0042769
0.000322146
0.00425131
0.000318777
0.00422688
0.000315134
0.00420332
0.000311723
0.00418001
0.000308538
0.00415672
0.000305473
0.0041335
0.000302359
0.00411047
0.000299271
0.00408749
0.000296168
0.00406461
0.000293093
0.0040421
0.000289875
0.00401991
0.000286693
0.00399782
0.000283678
0.00397566
0.000280771
0.00395353
0.000277691
0.00393149
0.000274627
0.00390963
0.000271656
0.0038876
0.000268899
0.00386593
0.000265766
0.00384478
0.000262549
0.0038238
0.000259467
0.00380236
0.000256829
0.00378096
0.000253981
0.0037604
0.000250438
0.00374025
0.000247372
0.00372013
0.000244465
0.0036999
0.000241487
0.00368103
0.000237554
0.00366361
0.000233485
0.00364823
0.000228659
0.00363558
0.000222488
0.00362798
0.000213727
0.00362796
0.000201706
0.00364169
0.00018247
0.00367506
0.000153111
0.00373611
0.000116092
0.00386685
2.3268e-05
0.00403902
-4.47997e-05
0.00432742
-0.000189629
0.00464962
-0.000290533
0.00497477
-0.000346667
0.00531652
-0.000464944
0.00559808
-0.000474481
0.00581835
-0.000536341
0.00601056
-0.000551096
0.00612571
-0.00058099
0.00623706
-0.000589013
0.00630973
-0.000595187
0.00633228
-0.000604254
0.0063632
-0.000598347
0.00637001
-0.000598707
0.00636508
-0.000601335
0.00636803
-0.000596331
0.00635886
-0.000591839
0.00634755
-0.000588514
0.00632831
-0.000583502
0.0062995
-0.000579062
0.00627213
-0.000575192
0.00625413
-0.000570667
0.0062343
-0.000566204
-0.000560852
0.00620981
0.00554041
0.000468927
0.00550326
0.000464309
0.00546648
0.000459736
0.00543006
0.000455209
0.00539401
0.000450725
0.0053583
0.000446286
0.00532295
0.000441891
0.00528795
0.000437539
0.00525329
0.00043323
0.00521897
0.000428963
0.005185
0.000424739
0.00515135
0.000420556
0.00511804
0.000416414
0.00508506
0.000412314
0.00505242
0.000408255
0.0050201
0.000404239
0.00498814
0.000400266
0.00495654
0.00039634
0.00492536
0.000392468
0.00489465
0.000388659
0.00486452
0.000384933
0.00483517
0.000381317
0.00480682
0.000377857
0.00477996
0.000374614
0.00475498
0.000371681
0.00473272
0.00036921
0.00471511
0.000367345
0.00470191
0.000366421
0.00469648
0.000366816
0.00470061
0.000368823
0.00470313
0.000374082
0.00470332
0.000380367
0.0047032
0.00038763
0.00469612
0.000394627
0.0046801
0.000398177
0.00465796
0.000400948
0.0046354
0.000400229
0.00461448
0.000397198
0.00458916
0.000395076
0.00456199
0.000391857
0.00453418
0.000388214
0.00450595
0.00038429
0.00447845
0.000379709
0.00445102
0.000375065
0.00442278
0.000371047
0.00439364
0.000367055
0.00436363
0.000362952
0.00433462
0.000357875
0.00430755
0.000352799
0.00428143
0.000348479
0.00425581
0.000344403
0.00423094
0.000340205
0.00420668
0.000336162
0.00418268
0.000332692
0.00415879
0.00032928
0.00413487
0.000325737
0.00411094
0.000322212
0.0040881
0.000318837
0.00406596
0.000315535
0.00404397
0.000312203
0.00402188
0.000308937
0.00399965
0.000305817
0.00397761
0.000302731
0.00395584
0.000299417
0.0039342
0.00029616
0.00391271
0.000292885
0.00389099
0.000289907
0.00386913
0.000286692
0.00384793
0.00028315
0.00382719
0.000279639
0.00380644
0.000276637
0.00378572
0.000273209
0.00376587
0.000269017
0.00374748
0.000264675
0.00373107
0.000259637
0.00371753
0.000253196
0.00370901
0.000243569
0.00370837
0.000231041
0.00372582
0.00020688
0.0037607
0.000181171
0.00384711
0.000116467
0.00397812
5.07279e-05
0.00421677
-8.58917e-05
0.0045157
-0.000192473
0.00487935
-0.000291682
0.00526027
-0.000421103
0.00559876
-0.00043657
0.00587362
-0.000522122
0.0060988
-0.000554298
0.00626954
-0.000566095
0.00636125
-0.000595992
0.00646238
-0.000595153
0.00651521
-0.000604375
0.00654967
-0.000605096
0.0065503
-0.000603432
0.00654728
-0.000600606
0.0065358
-0.000600401
0.00651856
-0.000596518
0.00651307
-0.000591655
0.00650721
-0.000586558
0.00648489
-0.000582676
0.00645704
-0.000576513
0.00642254
-0.000571562
0.00639406
-0.000566424
0.00636952
-0.000561562
0.00634699
-0.000556163
0.00632181
-0.000550649
0.00629655
-0.000544492
0.00627076
-0.000538952
-0.000533792
0.00624375
0.00554041
0.000506441
0.00550326
0.000501454
0.00546648
0.000496515
0.00543006
0.000491625
0.00539401
0.000486783
0.0053583
0.000481989
0.00532295
0.000477242
0.00528795
0.000472542
0.00525329
0.000467888
0.00521897
0.00046328
0.00518499
0.000458718
0.00515135
0.0004542
0.00511804
0.000449727
0.00508505
0.000445298
0.0050524
0.000440913
0.00502006
0.000436571
0.00498806
0.000432274
0.00495638
0.00042802
0.00492503
0.000423812
0.00489404
0.000419652
0.00486343
0.000415545
0.00483325
0.000411499
0.00480358
0.000407525
0.00477454
0.000403649
0.00474633
0.000399896
0.00471922
0.000396314
0.00469358
0.000392995
0.00467008
0.000389959
0.00464937
0.000387458
0.00463256
0.000385677
0.00462212
0.000384522
0.00461678
0.000385155
0.00461752
0.000387088
0.00462134
0.000391606
0.00462204
0.000397821
0.00461659
0.00040534
0.0046058
0.000409912
0.00459318
0.00041182
0.00457517
0.000413605
0.00455218
0.000413649
0.00452752
0.000411806
0.00450312
0.000409123
0.00447893
0.000405167
0.00445355
0.000401097
0.00442788
0.000397118
0.00440167
0.000393208
0.00437491
0.000389232
0.00434736
0.000384701
0.00431945
0.000380389
0.00429194
0.000376073
0.00426433
0.000371777
0.00423676
0.000367106
0.0042109
0.000362136
0.0041865
0.000357843
0.00416267
0.000353686
0.00413874
0.00034965
0.00411452
0.000345711
0.00409079
0.000341981
0.00406809
0.000338382
0.00404584
0.000334664
0.00402366
0.000331128
0.00400116
0.000327936
0.00397901
0.000324534
0.00395766
0.000320941
0.00393659
0.000317356
0.00391556
0.000313835
0.00389461
0.000310423
0.00387359
0.000306807
0.00385345
0.000302616
0.00383437
0.000298174
0.00381726
0.000293212
0.00380264
0.000286692
0.00379266
0.000277049
0.00379034
0.000264699
0.00380752
0.000239546
0.00384336
0.000212652
0.00393495
0.000143314
0.00407697
7.50839e-05
0.00435002
-9.04905e-05
0.0046739
-0.000178455
0.0050836
-0.000332682
0.00548489
-0.000391085
0.0058354
-0.000493977
0.00611837
-0.000520224
0.00631912
-0.000545188
0.00645515
-0.000585952
0.00660143
-0.000598236
0.00665618
-0.000606456
0.00670817
-0.0006137
0.00672893
-0.000607195
0.00670718
-0.000604809
0.00669897
-0.000602197
0.00668752
-0.000598673
0.00667072
-0.000593226
0.00665207
-0.000587095
0.00663158
-0.000581915
0.00660388
-0.000576839
0.0065735
-0.000571281
0.00654249
-0.000566293
0.00651222
-0.000562081
0.00648331
-0.000557476
0.00645523
-0.000552112
0.00642889
-0.000546529
0.00640329
-0.000541349
0.00637886
-0.000536064
0.00635223
-0.000530722
0.00632422
-0.000525365
0.00629791
-0.000519853
0.00627205
-0.000514691
-0.000509894
0.00624611
0.00554041
0.000543956
0.00550326
0.000538598
0.00546648
0.000533294
0.00543006
0.000528042
0.00539401
0.000522841
0.0053583
0.000517692
0.00532295
0.000512594
0.00528795
0.000507545
0.00525329
0.000502547
0.00521897
0.000497598
0.00518499
0.000492697
0.00515135
0.000487845
0.00511804
0.00048304
0.00508505
0.000478283
0.00505239
0.000473573
0.00502006
0.000468909
0.00498804
0.000464291
0.00495634
0.000459719
0.00492496
0.000455193
0.0048939
0.000450714
0.00486316
0.000446281
0.00483276
0.000441898
0.00480272
0.000437567
0.00477307
0.000433295
0.00474388
0.000429091
0.00471522
0.00042497
0.00468726
0.000420957
0.00466013
0.000417082
0.00463421
0.000413406
0.00460989
0.000409973
0.00458743
0.000406925
0.00456828
0.000404367
0.00455294
0.000402414
0.00454298
0.000401523
0.00453903
0.00040211
0.00454085
0.000404164
0.0045416
0.000408272
0.00453743
0.000414333
0.00453159
0.00042001
0.00452706
0.00042283
0.00451143
0.00042545
0.00448922
0.000427739
0.00446689
0.000426649
0.00444629
0.000423392
0.00442348
0.000420442
0.00439957
0.000417823
0.00437514
0.000414232
0.00435039
0.000409704
0.00432547
0.000405407
0.00430019
0.000401286
0.00427454
0.000397177
0.00424807
0.0003931
0.00422125
0.000388659
0.0041951
0.000384215
0.00416942
0.000379647
0.00414391
0.000375065
0.00411902
0.00037047
0.00409486
0.000365971
0.00407126
0.000362011
0.00404882
0.000357614
0.00402674
0.000353645
0.00400479
0.000349968
0.00398281
0.000346086
0.00396137
0.000342029
0.00394056
0.000337801
0.00392053
0.000333472
0.00390193
0.000328582
0.00388563
0.000322441
0.00387384
0.000313531
0.00386921
0.000302103
0.00388338
0.000278779
0.00391687
0.000252027
0.00400489
0.000184585
0.00414628
0.000116472
0.00443753
-6.31813e-05
0.00479016
-0.000171582
0.00521411
-0.000320681
0.00564709
-0.000391198
0.00603232
-0.000505477
0.00632638
-0.000529562
0.00648972
-0.000552588
0.00665299
-0.000575793
0.00675215
-0.000608278
0.00684369
-0.000610454
0.00692461
-0.000610472
0.00694697
-0.000616721
0.00692397
-0.000614816
0.0068624
-0.000603066
0.00682454
-0.000598379
0.00681049
-0.000595006
0.0068022
-0.000588054
0.00678631
-0.000581642
0.00675917
-0.000572178
0.00672864
-0.000564985
0.00669636
-0.000558888
0.0066634
-0.000553957
0.00662976
-0.000548762
0.00659678
-0.000543306
0.00656652
-0.000537913
0.0065369
-0.000532849
0.00650748
-0.000528834
0.00647763
-0.00052364
0.00644956
-0.000518484
0.00642196
-0.00051341
0.00639422
-0.000508368
0.0063656
-0.000503273
0.00633617
-0.000498233
0.00630773
-0.000493458
0.00628056
-0.000488819
-0.000484595
0.00625415
0.00554041
0.00058147
0.00550326
0.000575743
0.00546648
0.000570073
0.00543006
0.000564459
0.00539401
0.000558899
0.0053583
0.000553395
0.00532295
0.000547945
0.00528795
0.000542549
0.00525329
0.000537205
0.00521897
0.000531915
0.00518499
0.000526676
0.00515135
0.000521489
0.00511804
0.000516353
0.00508505
0.000511268
0.00505239
0.000506233
0.00502005
0.000501247
0.00498803
0.000496311
0.00495633
0.000491423
0.00492494
0.000486583
0.00489386
0.000481792
0.0048631
0.000477049
0.00483264
0.000472353
0.0048025
0.000467707
0.00477268
0.000463111
0.00474321
0.000458567
0.0047141
0.000454081
0.0046854
0.000449659
0.00465717
0.000445312
0.00462951
0.000441059
0.00460256
0.000436925
0.00457655
0.000432941
0.00455173
0.00042917
0.00452845
0.000425669
0.00450751
0.000422569
0.00448974
0.000419963
0.00447556
0.000418045
0.00446639
0.000417439
0.0044642
0.000417247
0.0044631
0.000419709
0.00446067
0.000424508
0.00446172
0.000427368
0.00445494
0.00043327
0.00444081
0.000438817
0.00442835
0.000438234
0.0044127
0.000436988
0.00439022
0.00043774
0.00436697
0.0004365
0.0043457
0.000432389
0.00432274
0.000428621
0.0042986
0.000425265
0.00427458
0.00042145
0.00425088
0.000417171
0.00422702
0.000412793
0.00420294
0.000408516
0.00417842
0.00040443
0.00415347
0.000400209
0.00412823
0.000395835
0.00410333
0.000390958
0.00407861
0.000386473
0.00405492
0.000381193
0.00403238
0.000376485
0.00401088
0.000371489
0.00399058
0.000366207
0.0039722
0.000360115
0.00395792
0.000351977
0.00395025
0.00034129
0.00395748
0.000321636
0.00398247
0.000297766
0.00405694
0.000239077
0.00418517
0.000172626
0.00446057
8.07125e-06
0.0048395
-0.000137711
0.00527855
-0.00028346
0.00574148
-0.000358547
0.00617674
-0.000495322
0.00653591
-0.000547322
0.00672925
-0.000563973
0.00685063
-0.000572696
0.00691525
-0.000604243
0.00698348
-0.000611905
0.00705142
-0.000606472
0.00711245
-0.000606026
0.00709738
-0.000605849
0.00705798
-0.000602879
0.00698721
-0.00059581
0.00694491
-0.000595413
0.00691197
-0.000589929
0.00688681
-0.000580389
0.00686218
-0.000571828
0.00684451
-0.000564907
0.00681848
-0.000558711
0.00678718
-0.000552937
0.006755
-0.000546365
0.00672029
-0.000540993
0.00668377
-0.000535754
0.00665178
-0.000529972
0.00662178
-0.00052452
0.00659245
-0.000518775
0.00656407
-0.000512684
0.0065376
-0.000506499
0.00650983
-0.000500933
0.00648055
-0.000495959
0.0064519
-0.00049111
0.00642401
-0.000486249
0.00639616
-0.000481434
0.00636753
-0.00047668
0.00634003
-0.000472011
0.0063137
-0.000467541
0.0062882
-0.000463168
-0.000458995
0.00626311
0.00554041
0.000618984
0.00550326
0.000612888
0.00546648
0.000606852
0.00543006
0.000600875
0.00539401
0.000594957
0.0053583
0.000589098
0.00532295
0.000583296
0.00528795
0.000577552
0.00525329
0.000571864
0.00521897
0.000566232
0.00518499
0.000560655
0.00515135
0.000555133
0.00511804
0.000549666
0.00508505
0.000544253
0.00505239
0.000538893
0.00502005
0.000533585
0.00498803
0.00052833
0.00495633
0.000523127
0.00492494
0.000517975
0.00489386
0.000512874
0.00486308
0.000507824
0.00483261
0.000502823
0.00480245
0.000497872
0.00477258
0.000492972
0.00474303
0.000488121
0.00471379
0.000483322
0.00468487
0.000478576
0.0046563
0.000473887
0.0046281
0.00046926
0.00460032
0.000464703
0.00457303
0.000460229
0.00454634
0.000455857
0.0045204
0.000451613
0.00449544
0.000447536
0.00447169
0.000443702
0.0044497
0.000440112
0.00443003
0.000436994
0.00441268
0.000434404
0.00440047
0.000432339
0.00439286
0.000431664
0.004388
0.000432079
0.00438964
0.000433663
0.00438889
0.000438678
0.00438203
0.000443484
0.00437645
0.0004443
0.00436551
0.000448068
0.00434933
0.000451485
0.00433333
0.000449595
0.00431533
0.000447295
0.0042935
0.000446106
0.00427116
0.000443479
0.00424876
0.000439747
0.00422571
0.000435784
0.00420248
0.000431803
0.0041796
0.000427549
0.00415737
0.000422968
0.00413505
0.000418378
0.00411261
0.000413611
0.00409084
0.000408323
0.00406981
0.000401921
0.00405191
0.00039405
0.00403931
0.000383761
0.00403807
0.000366754
0.00405196
0.000345692
0.00410773
0.000297479
0.00421726
0.000233197
0.00445444
8.82721e-05
0.00481342
-6.14829e-05
0.00527005
-0.000230378
0.00576426
-0.000321167
0.00624325
-0.000456071
0.00663177
-0.000534802
0.00687978
-0.000556517
0.00702467
-0.000551503
0.00708327
-0.00059311
0.00714725
-0.000610068
0.00721342
-0.000608359
0.00727271
-0.00060046
0.00727096
-0.000598394
0.00723976
-0.000598105
0.00719281
-0.000593449
0.00713026
-0.000589513
0.0070897
-0.00058603
0.00705459
-0.000579403
0.00702143
-0.00057166
0.00699151
-0.000564008
0.00696741
-0.000555496
0.00693645
-0.000547811
0.00690092
-0.000540163
0.0068652
-0.000532154
0.00682798
-0.000526898
0.00678818
-0.000521877
0.00675
-0.000517002
0.00671247
-0.000511841
0.00667698
-0.000506273
0.00664605
-0.000500786
0.0066164
-0.00049555
0.00658749
-0.000490242
0.00655974
-0.000484626
0.00653348
-0.000479493
0.00650548
-0.000474631
0.00647685
-0.000469948
0.00644793
-0.00046534
0.00641955
-0.000460709
0.00639223
-0.00045611
0.00636562
-0.000451546
0.00633961
-0.000447087
0.00631395
-0.000442708
0.00628898
-0.000438526
-0.000434126
0.00626458
0.00554041
0.000656498
0.00550326
0.000650033
0.00546648
0.000643631
0.00543006
0.000637292
0.00539401
0.000631016
0.0053583
0.000624801
0.00532295
0.000618648
0.00528795
0.000612555
0.00525329
0.000606522
0.00521897
0.000600549
0.00518499
0.000594634
0.00515135
0.000588778
0.00511804
0.000582979
0.00508505
0.000577238
0.00505239
0.000571553
0.00502005
0.000565924
0.00498803
0.00056035
0.00495633
0.000554832
0.00492494
0.000549368
0.00489385
0.000543957
0.00486308
0.0005386
0.0048326
0.000533296
0.00480243
0.000528044
0.00477256
0.000522844
0.00474298
0.000517696
0.00471371
0.0005126
0.00468473
0.000507556
0.00465605
0.000502564
0.00462769
0.000497626
0.00459964
0.000492744
0.00457195
0.000487923
0.00454464
0.000483169
0.00451776
0.000478491
0.0044914
0.000473903
0.00446567
0.000469427
0.00444068
0.000465091
0.00441677
0.000460931
0.0043941
0.000457019
0.00437302
0.0004534
0.0043546
0.000450237
0.004339
0.000447535
0.00432699
0.000445875
0.00432172
0.000444724
0.00431796
0.000445715
0.00431391
0.000447215
0.00431379
0.000449815
0.00431015
0.000455047
0.00430052
0.000458294
0.00428961
0.000458497
0.00427583
0.00046024
0.00425946
0.000459875
0.00424117
0.000457974
0.00422223
0.000454789
0.00420246
0.000451974
0.00418154
0.000448156
0.00416095
0.000442838
0.00414247
0.000436174
0.00412835
0.000427417
0.00412341
0.000413167
0.00413199
0.000393109
0.00417224
0.000353687
0.00426191
0.000294866
0.0044601
0.000161569
0.00476027
4.12488e-05
0.00524951
-0.000180036
0.00576633
-0.00028603
0.00623375
-0.000387333
0.00665
-0.000481658
0.00697232
-0.000534823
0.00720439
-0.000551686
0.00725892
-0.00057808
0.00729768
-0.000595537
0.00736071
-0.000603519
0.0074315
-0.000600848
0.00745172
-0.000592274
0.00743686
-0.000584259
0.00740497
-0.000580404
0.00736589
-0.000575342
0.00731163
-0.000572561
0.00725416
-0.000570501
0.00719534
-0.00056621
0.00714701
-0.000560977
0.00711033
-0.000554121
0.0070767
-0.000545875
0.0070435
-0.000537262
0.00700732
-0.000529954
0.00697163
-0.000522599
0.00693632
-0.000515301
0.00689963
-0.000508419
0.00685858
-0.000501865
0.00681648
-0.000497124
0.00677953
-0.000492522
0.00674488
-0.000487135
0.00671119
-0.000481137
0.0066791
-0.000475812
0.0066487
-0.000470967
0.00661876
-0.000466362
0.00658894
-0.000461605
0.00655903
-0.000456521
0.00652984
-0.000452017
0.00650161
-0.000447598
0.00647384
-0.000443163
0.00644589
-0.000438725
0.00641812
-0.000434369
0.00639095
-0.000430072
0.00636448
-0.000425833
0.00633861
-0.000421745
0.00631325
-0.000417579
0.00628839
-0.000413494
-0.000409188
0.00626413
0.00554041
0.000694012
0.00550326
0.000687177
0.00546648
0.00068041
0.00543006
0.000673709
0.00539401
0.000667074
0.0053583
0.000660504
0.00532295
0.000653999
0.00528795
0.000647558
0.00525329
0.00064118
0.00521897
0.000634866
0.00518499
0.000628613
0.00515135
0.000622422
0.00511804
0.000616292
0.00508505
0.000610223
0.00505239
0.000604213
0.00502005
0.000598263
0.00498803
0.000592371
0.00495633
0.000586537
0.00492494
0.00058076
0.00489385
0.00057504
0.00486308
0.000569377
0.0048326
0.00056377
0.00480243
0.000558217
0.00477255
0.00055272
0.00474297
0.000547277
0.00471369
0.000541888
0.00468469
0.000536552
0.00465598
0.00053127
0.00462757
0.000526041
0.00459945
0.000520866
0.00457163
0.000515745
0.00454411
0.000510682
0.00451693
0.000505678
0.00449009
0.000500738
0.00446365
0.00049587
0.00443765
0.000491084
0.00441219
0.000486395
0.00438738
0.000481828
0.00436338
0.0004774
0.00434042
0.000473191
0.00431881
0.000469185
0.00429908
0.000465615
0.00428146
0.000462317
0.00426719
0.000459874
0.00425612
0.000457828
0.00424935
0.000456882
0.00424754
0.000457553
0.00424573
0.000459733
0.00424288
0.000460765
0.00423914
0.000464094
0.00423412
0.000465537
0.00422648
0.000465513
0.00421701
0.000463378
0.00420394
0.000465123
0.00419852
0.000454671
0.00420365
0.000438391
0.00422913
0.000411393
0.00430196
0.000359466
0.00446729
0.000242918
0.00473463
0.000119005
0.00521162
-0.000106227
0.00577069
-0.000275637
0.00622594
-0.000343888
0.00666485
-0.000396801
0.00700345
-0.000502272
0.00729641
-0.000538333
0.00747713
-0.00055705
0.00754921
-0.000583439
0.00760924
-0.000599956
0.00767352
-0.000606724
0.00765484
-0.000578723
0.00761647
-0.000572628
0.00757013
-0.000573008
0.00750407
-0.000572369
0.00745316
-0.00056997
0.00741581
-0.000564438
0.0073749
-0.000557296
0.00732684
-0.000551062
0.00728215
-0.000546733
0.00724518
-0.000540985
0.00721127
-0.000533225
0.00717746
-0.000523195
0.00713979
-0.000514829
0.00709908
-0.000506898
0.00705619
-0.000501454
0.00701093
-0.00049522
0.006965
-0.000489274
0.00691801
-0.000483784
0.00687165
-0.000478595
0.00683261
-0.000473246
0.00679971
-0.000467532
0.00676843
-0.000462366
0.00673741
-0.000456954
0.00670715
-0.000451292
0.00667823
-0.000446535
0.006649
-0.000441548
0.00661926
-0.000437156
0.00658922
-0.000432819
0.00655814
-0.000428461
0.0065283
-0.00042438
0.00649971
-0.000420276
0.00647175
-0.00041606
0.00644449
-0.000411853
0.00641732
-0.000407812
0.00639001
-0.000403833
0.0063632
-0.000399866
0.00633695
-0.000396016
0.00631123
-0.000392127
0.00628602
-0.00038835
-0.000384452
0.00626124
0.00554041
0.000731526
0.00550326
0.000724322
0.00546648
0.000717189
0.00543006
0.000710125
0.00539401
0.000703132
0.0053583
0.000696207
0.00532295
0.00068935
0.00528795
0.000682561
0.00525329
0.000675839
0.00521897
0.000669183
0.00518499
0.000662592
0.00515135
0.000656067
0.00511804
0.000649606
0.00508505
0.000643208
0.00505239
0.000636873
0.00502005
0.000630601
0.00498803
0.000624391
0.00495633
0.000618241
0.00492494
0.000612152
0.00489385
0.000606124
0.00486308
0.000600154
0.0048326
0.000594244
0.00480243
0.000588391
0.00477255
0.000582596
0.00474297
0.000576859
0.00471368
0.000571178
0.00468468
0.000565553
0.00465596
0.000559983
0.00462754
0.000554469
0.00459939
0.00054901
0.00457153
0.000543606
0.00454395
0.000538257
0.00451667
0.000532964
0.00448968
0.000527728
0.004463
0.000522552
0.00443664
0.000517437
0.00441064
0.000512393
0.00438505
0.000507422
0.00435991
0.000502538
0.00433534
0.000497769
0.00431146
0.000493068
0.00428852
0.000488551
0.00426669
0.000484135
0.00424646
0.000480088
0.00422814
0.000476077
0.00421258
0.00047249
0.00420112
0.000469207
0.00419435
0.000466425
0.00419352
0.000461304
0.00418585
0.000471555
0.0041853
0.000466452
0.00419564
0.000455053
0.00421911
0.00043726
0.00427427
0.000410149
0.00441189
0.000319136
0.00463922
0.00020003
0.00503144
3.25024e-05
0.00563559
-0.000209447
0.00620868
-0.000346024
0.00671969
-0.000377611
0.00704964
-0.000478473
0.00727323
-0.000527098
0.00752397
-0.000540023
0.00781278
-0.000548093
0.00783705
-0.000537082
0.00781193
-0.000572255
0.00777374
-0.000561203
0.0077106
-0.00057484
0.00765589
-0.000581188
0.00762283
-0.000584396
0.00762648
-0.000572953
0.00761421
-0.000557329
0.00758444
-0.000546704
0.00754608
-0.000539198
0.00749985
-0.000533307
0.00744784
-0.000527849
0.00739683
-0.000521578
0.00734862
-0.000514436
0.00730494
-0.000507785
0.00726664
-0.000501156
0.00722954
-0.000493077
0.0071906
-0.000483637
0.00714716
-0.000477277
0.00709946
-0.000469775
0.00705126
-0.000464696
0.00700323
-0.000460355
0.00695438
-0.000455822
0.00690816
-0.000450921
0.00686793
-0.000446631
0.00683321
-0.000441635
0.00680129
-0.000436412
0.0067702
-0.000431411
0.00673905
-0.000426711
0.00670749
-0.000422276
0.00667556
-0.000417791
0.00664492
-0.000413667
0.00661454
-0.000409702
0.00658362
-0.000405698
0.00655271
-0.000401618
0.0065237
-0.000397368
0.00649553
-0.000393332
0.00646816
-0.000389326
0.00644181
-0.000385332
0.00641609
-0.000381318
0.00638879
-0.00037746
0.00636135
-0.000373815
0.00633467
-0.000370205
0.00630858
-0.000366567
0.00628295
-0.000363036
-0.00035948
0.00625773
0.00554041
0.000769041
0.00550326
0.000761467
0.00546648
0.000753967
0.00543006
0.000746542
0.00539401
0.00073919
0.0053583
0.00073191
0.00532295
0.000724701
0.00528795
0.000717564
0.00525329
0.000710497
0.00521897
0.0007035
0.00518499
0.000696572
0.00515135
0.000689711
0.00511804
0.000682919
0.00508505
0.000676193
0.00505239
0.000669533
0.00502005
0.00066294
0.00498803
0.000656411
0.00495633
0.000649946
0.00492494
0.000643545
0.00489385
0.000637207
0.00486308
0.000630931
0.0048326
0.000624718
0.00480243
0.000618565
0.00477255
0.000612473
0.00474297
0.000606441
0.00471368
0.000600469
0.00468468
0.000594555
0.00465596
0.0005887
0.00462753
0.000582902
0.00459938
0.000577162
0.0045715
0.000571478
0.00454391
0.000565851
0.00451659
0.000560281
0.00448956
0.000554766
0.0044628
0.000549308
0.00443633
0.000543904
0.00441017
0.00053856
0.00438432
0.000533265
0.00435883
0.000528029
0.00433378
0.000522824
0.00430892
0.000517922
0.0042846
0.000512875
0.00426094
0.000507792
0.00423826
0.000502772
0.00421709
0.000497253
0.00419842
0.000491151
0.00418396
0.000483659
0.00417771
0.000472838
0.00418724
0.000451428
0.00423062
0.000426548
0.00432904
0.000372582
0.0045502
0.000224318
0.00485917
9.25823e-05
0.00533857
-6.71055e-05
0.00599278
-0.000320803
0.00658427
-0.000383191
0.00701712
-0.000421643
0.0072835
-0.000525686
0.00753356
-0.000569845
0.0078676
-0.000568971
0.00794991
-0.000543381
0.00791293
-0.000536528
0.00785121
-0.000555858
0.00781527
-0.000568021
0.00781492
-0.000566865
0.00780565
-0.000561844
0.00781647
-0.000554195
0.00779831
-0.000545298
0.0077602
-0.000541768
0.00771143
-0.000535992
0.00767204
-0.000530165
0.0076368
-0.000523993
0.00759809
-0.000513566
0.0075609
-0.000503159
0.0075225
-0.000496448
0.00747931
-0.000489339
0.00743193
-0.000481205
0.00738446
-0.000473111
0.00733775
-0.000466369
0.00729062
-0.000460608
0.00724114
-0.000454055
0.00718829
-0.000446188
0.00713667
-0.000439014
0.00708869
-0.000433714
0.00704216
-0.000430111
0.00699587
-0.000426867
0.00695039
-0.000423225
0.00690982
-0.000418901
0.00687422
-0.00041412
0.00684074
-0.000409267
0.00680802
-0.000404752
0.00677542
-0.000400574
0.00674245
-0.000396744
0.00670856
-0.000392725
0.00667447
-0.000388663
0.00664272
-0.000384871
0.00661208
-0.000381035
0.00658157
-0.000377267
0.00655068
-0.000373534
0.00652154
-0.000369707
0.00649337
-0.000365809
0.00646592
-0.000362079
0.00643904
-0.000358392
0.00641256
-0.000354661
0.00638542
-0.000351021
0.00635839
-0.000347486
0.00633176
-0.000344027
0.0063054
-0.000340605
0.00627939
-0.000337325
-0.000334038
0.00625387
0.00554041
0.000806555
0.00550326
0.000798611
0.00546648
0.000790746
0.00543006
0.000782959
0.00539401
0.000775248
0.0053583
0.000767613
0.00532295
0.000760053
0.00528795
0.000752567
0.00525329
0.000745156
0.00521897
0.000737817
0.00518499
0.000730551
0.00515135
0.000723356
0.00511804
0.000716232
0.00508505
0.000709178
0.00505239
0.000702194
0.00502005
0.000695278
0.00498803
0.000688431
0.00495633
0.000681651
0.00492494
0.000674937
0.00489385
0.00066829
0.00486308
0.000661709
0.0048326
0.000655192
0.00480243
0.000648739
0.00477255
0.00064235
0.00474297
0.000636024
0.00471368
0.00062976
0.00468468
0.000623558
0.00465596
0.000617416
0.00462752
0.000611336
0.00459937
0.000605315
0.0045715
0.000599354
0.0045439
0.000593451
0.00451657
0.000587606
0.00448952
0.000581818
0.00446274
0.000576083
0.00443625
0.000570398
0.00441005
0.000564757
0.00438418
0.000559132
0.00435871
0.000553498
0.00433376
0.000547773
0.00430985
0.000541839
0.00428749
0.00053524
0.00426777
0.000527456
0.00425307
0.000517484
0.00425002
0.000500859
0.00426943
0.000471243
0.00432
0.000431803
0.00447106
0.000328647
0.00475839
0.000147491
0.00515895
1.41608e-05
0.00577422
-0.000205562
0.00641917
-0.000424044
0.00692654
-0.000432595
0.00723293
-0.000456881
0.00743159
-0.000557449
0.00767654
-0.000574291
0.00791447
-0.000559712
0.00792313
-0.000567668
0.00789138
-0.000573802
0.00788813
-0.000579234
0.00792788
-0.000567201
0.00791373
-0.000557775
0.00787433
-0.000551229
0.00783187
-0.000543409
0.0078091
-0.000543109
0.00780355
-0.000538226
0.00781314
-0.000529362
0.00780292
-0.000514515
0.00776788
-0.00050274
0.00772757
-0.000495423
0.00768196
-0.000489703
0.00763513
-0.000483798
0.00759268
-0.000474631
0.00754967
-0.000465601
0.00750194
-0.000457919
0.00745007
-0.000449341
0.00740374
-0.000440845
0.00736074
-0.000433178
0.00731701
-0.000426487
0.00727119
-0.000420814
0.00722405
-0.000416366
0.00717693
-0.000410944
0.00713033
-0.000404944
0.00708462
-0.000400249
0.00703972
-0.000397001
0.00699559
-0.000394187
0.00695408
-0.000390825
0.00691625
-0.000386764
0.00688048
-0.000382182
0.00684558
-0.00037765
0.00681092
-0.000373741
0.00677631
-0.000369758
0.00674219
-0.000366246
0.0067077
-0.000362794
0.0066718
-0.000359061
0.0066398
-0.000355064
0.00660951
-0.000351413
0.0065795
-0.000347952
0.00654919
-0.000344637
0.00651846
-0.000341259
0.00648954
-0.000337764
0.00646145
-0.000334222
0.0064339
-0.000330873
0.00640644
-0.000327555
0.00637916
-0.000324247
0.00635222
-0.000320961
0.00632565
-0.000317748
0.00629943
-0.000314559
0.00627364
-0.00031156
-0.000308524
0.00624834
0.00554041
0.000844069
0.00550326
0.000835756
0.00546648
0.000827525
0.00543006
0.000819375
0.00539401
0.000811306
0.0053583
0.000803316
0.00532295
0.000795404
0.00528795
0.00078757
0.00525329
0.000779814
0.00521897
0.000772134
0.00518499
0.00076453
0.00515135
0.000757
0.00511804
0.000749545
0.00508505
0.000742163
0.00505239
0.000734854
0.00502005
0.000727617
0.00498803
0.000720451
0.00495633
0.000713355
0.00492494
0.00070633
0.00489385
0.000699373
0.00486308
0.000692486
0.0048326
0.000685666
0.00480243
0.000678913
0.00477255
0.000672227
0.00474297
0.000665606
0.00471368
0.000659051
0.00468468
0.00065256
0.00465596
0.000646133
0.00462753
0.000639769
0.00459937
0.000633468
0.0045715
0.000627226
0.00454391
0.000621042
0.00451661
0.00061491
0.00448961
0.000608817
0.00446296
0.000602732
0.00443673
0.000596617
0.00441111
0.000590378
0.00438654
0.000583702
0.00436382
0.000576179
0.00434452
0.000566999
0.00433272
0.000553808
0.00433807
0.00053023
0.00436969
0.000493052
0.00444853
0.000440359
0.00468548
0.00027329
0.0050535
8.56455e-05
0.0055705
-7.48889e-05
0.00623273
-0.000311471
0.00678536
-0.000433701
0.00725
-0.000420942
0.00746967
-0.000510717
0.00760528
-0.000570985
0.00783539
-0.000568736
0.00801066
-0.000567505
0.0080293
-0.000576838
0.00803618
-0.000579544
0.00806218
-0.000551614
0.00802964
-0.000547933
0.00797435
-0.000540747
0.00791467
-0.000541059
0.00787965
-0.000545148
0.00786257
-0.000544033
0.00785119
-0.000535083
0.00782957
-0.00052066
0.00780539
-0.000510957
0.00779006
-0.000504215
0.00777638
-0.000494545
0.00775843
-0.000484139
0.0077265
-0.000472654
0.00768707
-0.000463357
0.00764068
-0.000457112
0.00758429
-0.000450729
0.00752799
-0.000442783
0.00747902
-0.000436103
0.00743037
-0.000428825
0.00738622
-0.000418991
0.00734935
-0.000410259
0.00731561
-0.000403682
0.00728475
-0.000397022
0.00725032
-0.000389622
0.00721176
-0.000384243
0.00717013
-0.000379221
0.00712668
-0.000373933
0.0070828
-0.000369102
0.00704021
-0.000364963
0.00699919
-0.00036111
0.00696
-0.000357514
0.00692192
-0.000354038
0.00688404
-0.000350035
0.00684657
-0.000345847
0.00681055
-0.000342284
0.00677548
-0.000338889
0.00674038
-0.00033546
0.00670494
-0.000332027
0.00666861
-0.000328678
0.00663632
-0.000325119
0.00660631
-0.000321697
0.00657676
-0.000318624
0.00654717
-0.000315726
0.00651717
-0.000312755
0.00648651
-0.000309739
0.00645753
-0.000306645
0.00642963
-0.000303622
0.00640212
-0.000300649
0.00637476
-0.00029767
0.00634771
-0.00029467
0.00632113
-0.000291689
0.00629505
-0.000288692
0.00626943
-0.000285915
-0.000283146
0.00624429
0.00554041
0.000881583
0.00550326
0.000872901
0.00546648
0.000864304
0.00543006
0.000855792
0.00539401
0.000847364
0.0053583
0.000839018
0.00532295
0.000830755
0.00528795
0.000822574
0.00525329
0.000814472
0.00521897
0.000806451
0.00518499
0.000798509
0.00515135
0.000790645
0.00511804
0.000782858
0.00508505
0.000775148
0.00505239
0.000767514
0.00502005
0.000759955
0.00498803
0.000752471
0.00495633
0.00074506
0.00492494
0.000737722
0.00489385
0.000730457
0.00486308
0.000723263
0.0048326
0.00071614
0.00480243
0.000709087
0.00477255
0.000702103
0.00474297
0.000695189
0.00471368
0.000688342
0.00468468
0.000681562
0.00465596
0.000674847
0.00462754
0.000668195
0.00459941
0.000661599
0.00457158
0.000655048
0.00454412
0.000648502
0.00451712
0.000641916
0.00449083
0.000635115
0.00446585
0.000627693
0.0044432
0.000619156
0.00442526
0.000608217
0.00441844
0.000590654
0.00443477
0.000559488
0.00448523
0.000512712
0.00462924
0.000418552
0.00497217
0.000184793
0.00540784
2.45673e-05
0.00600668
-0.000139267
0.0066748
-0.00038048
0.00723021
-0.000438935
0.00762601
-0.000460127
0.00777617
-0.000536059
0.0078999
-0.00056965
0.00812457
-0.000556965
0.00817279
-0.000561692
0.00815944
-0.000547575
0.0081596
-0.000541154
0.00812461
-0.000545244
0.00805701
-0.000548512
0.00799846
-0.00055042
0.00796165
-0.000546305
0.00793418
-0.00053917
0.00791459
-0.000528542
0.00788123
-0.000517686
0.00784325
-0.000514965
0.00780871
-0.000511239
0.00778783
-0.000504221
0.00777396
-0.000494431
0.00775204
-0.000482668
0.00772348
-0.000472764
0.00769048
-0.000465268
0.00765748
-0.000459228
0.00762511
-0.000452577
0.00758784
-0.000443991
0.00754646
-0.000435481
0.00750094
-0.000427617
0.00746186
-0.000420311
0.00742577
-0.000412959
0.00739074
-0.000403837
0.0073571
-0.000392616
0.00732404
-0.000383114
0.00729165
-0.000376494
0.00726222
-0.000370367
0.00723161
-0.000362248
0.00719615
-0.000355485
0.00715638
-0.000348765
0.00711657
-0.000344011
0.00707707
-0.000338699
0.00703741
-0.000332723
0.00699845
-0.000327769
0.00696006
-0.000324016
0.00692192
-0.00032089
0.00688396
-0.000317597
0.00684605
-0.000313954
0.00680843
-0.000310502
0.0067716
-0.000307256
0.00673597
-0.000304202
0.0067016
-0.000301291
0.00666779
-0.000298416
0.00663434
-0.000295311
0.00660376
-0.000292758
0.00657433
-0.000290135
0.00654507
-0.000287594
0.00651558
-0.000284956
0.00648532
-0.000282257
0.00645573
-0.000279446
0.0064277
-0.000276595
0.00640015
-0.000273888
0.00637285
-0.000271208
0.00634574
-0.000268467
0.00631904
-0.000265699
0.00629283
-0.000262852
0.00626704
-0.000260269
-0.000257751
0.00624172
0.00554041
0.000919097
0.00550326
0.000910046
0.00546648
0.000901083
0.00543006
0.000892209
0.00539401
0.000883422
0.0053583
0.000874721
0.00532295
0.000866107
0.00528795
0.000857577
0.00525329
0.000849131
0.00521897
0.000840768
0.00518499
0.000832488
0.00515135
0.000824289
0.00511804
0.000816171
0.00508505
0.000808133
0.00505239
0.000800174
0.00502005
0.000792294
0.00498803
0.000784491
0.00495633
0.000776765
0.00492494
0.000769115
0.00489385
0.00076154
0.00486308
0.00075404
0.0048326
0.000746614
0.00480243
0.00073926
0.00477255
0.000731979
0.00474297
0.000724769
0.00471369
0.000717627
0.0046847
0.000710547
0.00465603
0.000703519
0.00462772
0.000696504
0.00459987
0.000689447
0.00457278
0.000682142
0.00454715
0.000674126
0.00452446
0.000664609
0.00450885
0.000650991
0.00451033
0.000626192
0.00454003
0.000585919
0.00462181
0.000525536
0.00487202
0.000346428
0.00528109
0.00012288
0.00582684
-4.4585e-05
0.00654845
-0.000257245
0.00714472
-0.000435019
0.00759931
-0.000413303
0.00784929
-0.000448453
0.00795795
-0.000523609
0.00810662
-0.000535497
0.00824112
-0.000525509
0.00822426
-0.000530218
0.00818059
-0.000536829
0.0081518
-0.000544487
0.00814537
-0.000549612
0.0081424
-0.000536061
0.00812371
-0.000525803
0.00808626
-0.000520309
0.00803721
-0.000513643
0.00797761
-0.00051003
0.00792978
-0.000506168
0.00788809
-0.000499335
0.00785768
-0.00049075
0.00783265
-0.000482274
0.00780291
-0.00047718
0.00777057
-0.000472849
0.00773821
-0.000467184
0.00770896
-0.000460851
0.00768195
-0.000453348
0.00764793
-0.000445715
0.00760982
-0.000439217
0.00757197
-0.000433116
0.00753672
-0.000425804
0.00749865
-0.000418944
0.00745917
-0.000410183
0.00742287
-0.000400919
0.00739156
-0.000393983
0.00736512
-0.000385707
0.00734411
-0.00037578
0.00731765
-0.000364607
0.00728337
-0.000355537
0.00724992
-0.000349372
0.00721997
-0.00034347
0.00718564
-0.000336058
0.00714294
-0.000329047
0.00710685
-0.000321413
0.00707392
-0.000316615
0.00704009
-0.000311433
0.00700614
-0.000305274
0.00697469
-0.00029915
0.00694321
-0.000293988
0.00690947
-0.000289936
0.00687357
-0.000286836
0.00683635
-0.000283663
0.00679957
-0.00028052
0.00676479
-0.000277632
0.00673148
-0.000274875
0.00669868
-0.000272065
0.00666588
-0.000269255
0.00663267
-0.000267107
0.00660112
-0.000265078
0.00657159
-0.00026275
0.00654239
-0.000260246
0.00651312
-0.000257867
0.00648325
-0.000255334
0.00645328
-0.000252565
0.00642517
-0.000249794
0.00639768
-0.000247308
0.00637063
-0.000244908
0.00634396
-0.000242467
0.00631761
-0.000240011
0.00629165
-0.00023743
0.00626605
-0.000235115
-0.000232857
0.0062408
0.00549001
0.00095627
0.00545321
0.000946852
0.00541676
0.000937527
0.00538068
0.000928294
0.00534495
0.000919152
0.00530957
0.0009101
0.00527454
0.000901136
0.00523985
0.000892262
0.00520551
0.000883474
0.00517151
0.000874773
0.00513784
0.000866158
0.0051045
0.000857628
0.00507149
0.000849181
0.0050388
0.000840818
0.00500644
0.000832537
0.00497439
0.000824338
0.00494267
0.000816219
0.00491125
0.000808181
0.00488014
0.000800221
0.00484934
0.00079234
0.00481885
0.000784537
0.00478865
0.00077681
0.00475875
0.000769157
0.00472916
0.000761573
0.00469988
0.000754051
0.00467094
0.000746558
0.00464245
0.000739035
0.00461468
0.000731288
0.00458838
0.000722782
0.00456532
0.000712483
0.00455058
0.000696899
0.00455639
0.000668244
0.00459974
0.000619805
0.00474517
0.000517298
0.00511572
0.000248934
0.00560601
5.4832e-05
0.00628085
-0.000136576
0.00699708
-0.000371361
0.00755096
-0.000430111
0.0079612
-0.00043053
0.00808734
-0.000489642
0.00815451
-0.000528904
0.0083473
-0.000512326
0.00845115
-0.000512306
0.00842127
-0.000502619
0.00839185
-0.000502896
0.00838223
-0.000488577
0.00834023
-0.000486636
0.00828718
-0.000487204
0.00821075
-0.000489022
0.00812149
-0.000488444
0.00807096
-0.000488007
0.00803446
-0.000484372
0.00801107
-0.000477227
0.00798356
-0.000467258
0.00794165
-0.000458817
0.00789542
-0.000452769
0.00784739
-0.000447283
0.00780439
-0.000441298
0.00776489
-0.000438234
0.00772397
-0.000434675
0.00768291
-0.000431264
0.00764181
-0.000427464
0.00759931
-0.000422916
0.00755919
-0.000417297
0.00752045
-0.000411504
0.00748258
-0.000405514
0.00744737
-0.000399705
0.00741191
-0.000393702
0.00737274
-0.000387329
0.00733344
-0.000378758
0.0072977
-0.000370424
0.00726603
-0.000363785
0.0072372
-0.000357141
0.00720711
-0.000348646
0.00717529
-0.000340927
0.00714277
-0.000333161
0.00711082
-0.000326672
0.00708501
-0.000321414
0.00705486
-0.000315476
0.00702126
-0.000308383
0.00698934
-0.000300549
0.0069607
-0.000295482
0.00693756
-0.000290392
0.00691118
-0.000283771
0.00688268
-0.000276116
0.00685494
-0.000270343
0.00682614
-0.000264455
0.0067946
-0.000260986
0.00676046
-0.000257667
0.00672813
-0.000254792
0.0066973
-0.000251385
0.0066673
-0.000248382
0.0066371
-0.000245268
0.00660624
-0.000242434
0.00657359
-0.000239766
0.00654197
-0.000237298
0.00651253
-0.000235061
0.00648348
-0.000232722
0.00645426
-0.000230214
0.00642456
-0.000227852
0.00639428
-0.000225376
0.00636617
-0.000222968
0.00633884
-0.000220728
0.00631188
-0.000218618
0.00628533
-0.000216542
0.00625928
-0.000214582
0.00623365
-0.000212465
0.00620837
-0.000210561
-0.000208607
0.00618358
0.0049924
0.000990074
0.00495892
0.000980323
0.00492578
0.000970668
0.00489297
0.000961109
0.00486048
0.000951643
0.00482831
0.000942271
0.00479645
0.000932991
0.00476491
0.000923802
0.00473368
0.000914704
0.00470276
0.000905696
0.00467214
0.000896776
0.00464182
0.000887944
0.0046118
0.000879199
0.00458208
0.00087054
0.00455265
0.000861967
0.00452351
0.000853478
0.00449466
0.000845072
0.00446609
0.00083675
0.0044378
0.000828509
0.0044098
0.000820348
0.00438207
0.000812265
0.00435462
0.000804254
0.00432748
0.000796298
0.00430071
0.000788343
0.00427451
0.000780258
0.00424945
0.000771588
0.00422708
0.000761334
0.00421215
0.000746178
0.00421778
0.000716493
0.00426252
0.000666886
0.00443625
0.000527998
0.00480213
0.000282015
0.00536893
5.36303e-05
0.00616198
-0.000217775
0.00684351
-0.000430619
0.00733351
-0.000405641
0.00751806
-0.000417737
0.00757723
-0.000491079
0.00767661
-0.000497933
0.00777972
-0.000481211
0.00775558
-0.000481247
0.00770122
-0.000483194
0.00768098
-0.000485374
0.00767662
-0.000489131
0.00765461
-0.000481511
0.00762844
-0.000470989
0.00761263
-0.000463684
0.00758054
-0.000453491
0.00753767
-0.000448469
0.00748393
-0.000445635
0.00742292
-0.000443693
0.00737287
-0.00044201
0.0073308
-0.00043806
0.00729481
-0.000433136
0.0072649
-0.000426219
0.00722746
-0.000418168
0.00718763
-0.000412121
0.00714527
-0.000406917
0.00709938
-0.000402059
0.00705438
-0.000399112
0.00701272
-0.000397734
0.00697126
-0.000395304
0.00692937
-0.000391991
0.00688941
-0.000387857
0.00685235
-0.000383018
0.00681667
-0.000377338
0.00678151
-0.000370906
0.00674556
-0.000365987
0.00670732
-0.00036139
0.00666773
-0.000355367
0.00663282
-0.000347394
0.00660089
-0.00034043
0.00656828
-0.00033548
0.00653375
-0.00033138
0.00649964
-0.000325451
0.00646905
-0.000319403
0.00643889
-0.000313328
0.00640893
-0.000307446
0.00637995
-0.000301508
0.0063556
-0.000296592
0.00633218
-0.000290226
0.00630738
-0.000282765
0.00628285
-0.00027669
0.00626303
-0.000272014
0.00624512
-0.000266076
0.00622408
-0.000258638
0.00620158
-0.00025226
0.00617844
-0.000246303
0.00615365
-0.000241977
0.00612778
-0.000237889
0.00610144
-0.000234278
0.00607477
-0.000229795
0.00604873
-0.000225972
0.00602352
-0.000222256
0.00599656
-0.000218851
0.00596701
-0.000215409
0.00593962
-0.000212542
0.00591336
-0.000210131
0.00588799
-0.000208007
0.00586227
-0.000205217
0.00583579
-0.000203026
0.00580828
-0.000200938
0.0057829
-0.000199072
0.00575844
-0.000197267
0.00573471
-0.000195629
0.00571144
-0.000193919
0.00568835
-0.000192299
0.005665
-0.000190224
0.00564237
-0.000188941
-0.000187198
0.00562022
0.00453988
0.00102081
0.00450944
0.00101076
0.00447931
0.00100081
0.00444947
0.000990949
0.00441992
0.00098119
0.00439066
0.000971526
0.0043617
0.000961958
0.00433302
0.000952484
0.00430462
0.000943104
0.0042765
0.000933816
0.00424865
0.000924619
0.00422108
0.000915513
0.00419379
0.000906496
0.00416676
0.000897569
0.00414
0.000888729
0.0041135
0.000879976
0.00408726
0.00087131
0.00406128
0.000862727
0.00403556
0.000854227
0.00401011
0.000845801
0.00398496
0.000837422
0.00396019
0.000829022
0.00393614
0.000820357
0.00391388
0.00081063
0.00389675
0.000797499
0.00389535
0.000772471
0.00393011
0.000725369
0.00408015
0.000595103
0.00442961
0.000354211
0.00504845
6.22251e-05
0.00579553
-0.000232396
0.00640941
-0.000327379
0.00685207
-0.000356118
0.00694661
-0.000425464
0.00698279
-0.0004782
0.00714314
-0.000461015
0.00720458
-0.000448437
0.00718338
-0.000451153
0.0071797
-0.000455237
0.00719018
-0.000450126
0.00715776
-0.000445126
0.00711411
-0.000441755
0.00705974
-0.000439865
0.00699794
-0.000440148
0.00694198
-0.000443186
0.00689233
-0.000441154
0.00685151
-0.000436806
0.00682262
-0.000434521
0.00679907
-0.000428362
0.0067745
-0.00042085
0.00674013
-0.0004123
0.00670256
-0.000405201
0.00666545
-0.000400114
0.00662913
-0.000395961
0.0065954
-0.000391513
0.00656078
-0.000385942
0.00652461
-0.000380229
0.00648677
-0.000375266
0.00644688
-0.000371576
0.00640414
-0.000369417
0.00636135
-0.000367921
0.0063215
-0.000364801
0.00628524
-0.000360201
0.00625156
-0.000355399
0.00621911
-0.000350642
0.00618857
-0.000344559
0.00615725
-0.000338512
0.00612287
-0.000334095
0.00608513
-0.000329623
0.00604855
-0.000324109
0.00601432
-0.000317295
0.00598079
-0.000311575
0.00594702
-0.000308031
0.00591113
-0.000305125
0.00587782
-0.000300151
0.00584882
-0.000294995
0.0058214
-0.000289824
0.00579535
-0.000284564
0.00577002
-0.000279649
0.00574554
-0.000275547
0.00572258
-0.000271004
0.00569938
-0.000265261
0.00567619
-0.000259845
0.00565486
-0.000255632
0.00563648
-0.000250615
0.00561804
-0.000244283
0.00559747
-0.000237912
0.00557617
-0.000232344
0.00555455
-0.000227312
0.00553397
-0.000222778
0.00551353
-0.000218231
0.00549159
-0.000213238
0.00546927
-0.000208429
0.00544797
-0.000204405
0.00542623
-0.000200737
0.00540403
-0.000196723
0.00538206
-0.000193726
0.00536037
-0.000190921
0.00533981
-0.000188762
0.00531883
-0.000185968
0.00529703
-0.000183638
0.00527477
-0.000181255
0.00525322
-0.000179796
0.00523205
-0.000178021
0.00521205
-0.000176801
0.00519234
-0.000174991
0.00517272
-0.000173635
0.00515288
-0.000171461
0.00513283
-0.000169812
-0.000167881
0.00511276
0.00412838
0.00104877
0.00410071
0.00103844
0.0040733
0.00102821
0.00404616
0.00101808
0.0040193
0.00100806
0.00399269
0.00099813
0.00396635
0.0009883
0.00394027
0.000978567
0.00391444
0.000968929
0.00388887
0.000959387
0.00386355
0.000949938
0.00383848
0.000940583
0.00381366
0.000931319
0.00378908
0.000922147
0.00376475
0.000913065
0.00374065
0.000904072
0.00371679
0.000895165
0.00369319
0.000886335
0.00366986
0.00087755
0.00364693
0.000868732
0.00362485
0.0008595
0.00360516
0.000848714
0.00359363
0.000831918
0.00360614
0.000798665
0.00370044
0.000709244
0.00398893
0.000468275
0.00453304
0.000178533
0.0053131
-0.000185157
0.00596947
-0.000282985
0.00636326
-0.00037312
0.00656397
-0.000460874
0.0067823
-0.00047969
0.00683844
-0.000398125
0.00679341
-0.000396133
0.00673695
-0.000426265
0.00671021
-0.000420656
0.0066763
-0.000416062
0.00662987
-0.000412679
0.00658135
-0.000413093
0.00654355
-0.000412846
0.00650905
-0.000408889
0.00647089
-0.00040518
0.00642929
-0.00040257
0.00638359
-0.000401433
0.00632992
-0.000399335
0.00627647
-0.00040011
0.0062334
-0.000402806
0.00619711
-0.000399399
0.00616468
-0.000394036
0.00613751
-0.00038703
0.00611427
-0.000379143
0.00608871
-0.000372746
0.00605689
-0.000366614
0.00602355
-0.000362239
0.0059891
-0.000358207
0.00595378
-0.000354094
0.00591779
-0.000350231
0.00588147
-0.000346923
0.00584495
-0.000344239
0.00580822
-0.000341702
0.00577315
-0.000338561
0.00574027
-0.000334308
0.00570911
-0.000329209
0.00567916
-0.000323769
0.00565108
-0.000319499
0.00562497
-0.000313858
0.00559623
-0.000308807
0.00556407
-0.000304577
0.00552944
-0.000300071
0.00549567
-0.000295071
0.00546329
-0.000289205
0.00543129
-0.000284258
0.00539916
-0.000280984
0.00536666
-0.000278578
0.00533662
-0.000274678
0.00531001
-0.000270283
0.00528427
-0.000265656
0.00525922
-0.000261048
0.00523441
-0.000257372
0.005209
-0.000254372
0.00518354
-0.000251169
0.00515969
-0.000247067
0.00513701
-0.000242707
0.00511521
-0.000239158
0.00509461
-0.000235092
0.00507363
-0.00022999
0.00505288
-0.000224888
0.00503224
-0.000219845
0.00501215
-0.000214795
0.00499362
-0.000210124
0.00497691
-0.000205375
0.00496129
-0.000200527
0.00494485
-0.000195411
0.00492795
-0.000190877
0.0049115
-0.000186936
0.0048958
-0.000183124
0.00487929
-0.000179765
0.00486217
-0.000176609
0.00484485
-0.000174045
0.00482792
-0.000171412
0.00481066
-0.00016895
0.00479269
-0.000166091
0.00477429
-0.00016401
0.0047558
-0.000161543
0.00473745
-0.000159916
0.00471902
-0.000157907
0.00470066
-0.000156531
0.00468263
-0.000154619
0.00466481
-0.000153044
-0.000150902
0.00464689
0.00375418
0.00107419
0.00372901
0.00106361
0.00370409
0.00105313
0.00367942
0.00104276
0.00365498
0.00103249
0.00363079
0.00102232
0.00360684
0.00101225
0.00358312
0.00100228
0.00355964
0.000992414
0.00353638
0.00098264
0.00351336
0.000972963
0.00349056
0.00096338
0.00346799
0.000953892
0.00344564
0.000944497
0.00342351
0.000935193
0.00340161
0.000925972
0.00337997
0.000916806
0.00335871
0.000907599
0.00333833
0.00089793
0.00332067
0.000886401
0.00331381
0.000866259
0.00334132
0.000821146
0.00349601
0.000675449
0.00389488
0.00040837
0.00465299
-2.1432e-05
0.00539818
-0.000264429
0.00585983
-0.000301521
0.00602378
-0.000398945
0.00615193
-0.000393586
0.00616935
-0.000414007
0.00611979
-0.000435968
0.00610361
-0.000465934
0.00617176
-0.000434635
0.00617384
-0.000398596
0.00613619
-0.000393596
0.00610468
-0.000387678
0.00607073
-0.000383047
0.00602942
-0.000380105
0.00597818
-0.000381531
0.00593812
-0.000385255
0.00590348
-0.000383457
0.00587114
-0.000379507
0.00583839
-0.000374784
0.00580506
-0.000369059
0.00577082
-0.000364697
0.00573019
-0.000359785
0.00568465
-0.000356587
0.00564249
-0.000356752
0.00560844
-0.000355125
0.00557956
-0.000351739
0.0055569
-0.000347291
0.0055346
-0.000341369
0.00550652
-0.000334691
0.00547643
-0.000330698
0.00544558
-0.000327345
0.00541286
-0.000324036
0.00537811
-0.000320936
0.00534379
-0.000317921
0.00531123
-0.00031569
0.00527967
-0.000313111
0.00524895
-0.000310011
0.00521945
-0.000305948
0.0051909
-0.000300895
0.00516341
-0.000295226
0.00513702
-0.000289709
0.0051125
-0.000285125
0.00508594
-0.000281136
0.00505626
-0.000276956
0.00502447
-0.0002725
0.00499251
-0.000267882
0.00496171
-0.000262541
0.00493173
-0.000257883
0.00490182
-0.000254503
0.00487207
-0.000252099
0.00484502
-0.000249083
0.00482068
-0.000245348
0.00479686
-0.000241249
0.00477266
-0.000237779
0.00474774
-0.000234973
0.00472227
-0.000232896
0.00469571
-0.000230883
0.00467083
-0.000228579
0.00464821
-0.000224887
0.0046266
-0.000221555
0.00460493
-0.000218069
0.00458314
-0.000214127
0.00456267
-0.000209917
0.00454281
-0.000205434
0.00452378
-0.00020101
0.00450631
-0.000196992
0.00449125
-0.000193105
0.00447805
-0.000188854
0.00446539
-0.000184269
0.00445228
-0.000179824
0.00443909
-0.000175811
0.00442626
-0.000172076
0.00441324
-0.000168541
0.00439985
-0.000165378
0.00438567
-0.00016247
0.00437134
-0.000159774
0.00435686
-0.000157058
0.00434232
-0.000154185
0.00432731
-0.000151694
0.00431215
-0.000148887
0.00429668
-0.000146821
0.004281
-0.000144183
0.00426549
-0.00014223
0.00425033
-0.000140233
0.00423491
-0.000138488
-0.000136041
0.00421916
0.0034139
0.0010973
0.00339101
0.0010865
0.00336835
0.00107579
0.00334591
0.0010652
0.00332369
0.00105471
0.00330169
0.00104432
0.00327991
0.00103404
0.00325834
0.00102385
0.00323699
0.00101377
0.00321584
0.00100379
0.0031949
0.0009939
0.00317417
0.000984111
0.00315365
0.000974418
0.00313333
0.000964814
0.00311324
0.000955281
0.00309348
0.000945738
0.00307443
0.000935863
0.00305809
0.000923984
0.00305317
0.000902875
0.00308795
0.000851163
0.00328203
0.000676297
0.00381965
0.000270646
0.00455876
-8.61099e-05
0.00517586
-0.000188606
0.00545577
-0.000319545
0.00564487
-0.000384223
0.00575586
-0.000378795
0.00576817
-0.000387501
0.00577184
-0.000378743
0.00574229
-0.000379775
0.00568578
-0.00038116
0.00560613
-0.000391999
0.00557536
-0.000398906
0.00556679
-0.000387403
0.00554804
-0.00038205
0.00552191
-0.000374964
0.00549076
-0.000368795
0.00545566
-0.000364445
0.00541726
-0.000362252
0.00538428
-0.000358484
0.00535445
-0.000356015
0.00532577
-0.000352714
0.00529776
-0.00034886
0.00527206
-0.000342792
0.00524591
-0.000335643
0.00521709
-0.000328589
0.00518624
-0.000323498
0.00515139
-0.000319529
0.00511502
-0.000316148
0.005084
-0.000315162
0.00505668
-0.000313376
0.00503271
-0.000310503
0.00500741
-0.000305949
0.00498015
-0.00030173
0.00495254
-0.000298784
0.00492281
-0.000295943
0.00489064
-0.000293182
0.00485939
-0.0002911
0.00483004
-0.000288464
0.00480176
-0.000285535
0.0047742
-0.000282343
0.00474741
-0.00027856
0.00472128
-0.000273856
0.0046954
-0.000268491
0.00467004
-0.000262894
0.00464493
-0.000258885
0.00461881
-0.000255586
0.00459074
-0.000251581
0.0045608
-0.000247328
0.00453031
-0.000243001
0.00450155
-0.000238269
0.00447404
-0.000234104
0.00444685
-0.000230965
0.00442043
-0.000228934
0.00439629
-0.000226412
0.00437367
-0.000223204
0.00435127
-0.000219742
0.00432826
-0.000216779
0.00430446
-0.000214419
0.00427967
-0.000212562
0.00425435
-0.000210695
0.00422973
-0.000209049
0.00420792
-0.000206124
0.00418767
-0.000203454
0.0041672
-0.000200462
0.00414727
-0.000197153
0.00412822
-0.000193588
0.00411024
-0.000190112
0.00409323
-0.000186618
0.00407715
-0.000183439
0.00406241
-0.000180382
0.00404949
-0.000177153
0.00403802
-0.000173564
0.00402701
-0.000169677
0.00401619
-0.000165989
0.00400538
-0.000162321
0.00399448
-0.000158855
0.00398314
-0.000155556
0.0039714
-0.0001526
0.00395925
-0.000149766
0.00394683
-0.000146945
0.00393418
-0.000143929
0.00392121
-0.000141192
0.00390811
-0.000138066
0.00389513
-0.000135894
0.00388186
-0.000132714
0.00386855
-0.000130212
0.00385531
-0.000127707
0.00384185
-0.00012572
-0.000122813
0.00382791
0.00310446
0.00111832
0.00308365
0.00110731
0.00306304
0.0010964
0.00304264
0.00108561
0.00302243
0.00107491
0.00300243
0.00106433
0.00298262
0.00105385
0.002963
0.00104347
0.00294358
0.00103319
0.00292436
0.00102301
0.00290532
0.00101294
0.00288647
0.00100296
0.00286782
0.000993067
0.00284944
0.000983197
0.00283155
0.000973171
0.00281561
0.00096169
0.00280771
0.000943851
0.00284369
0.000889251
0.00303528
0.000709457
0.00360405
0.000287997
0.00439599
-0.000106491
0.00498703
-0.000336671
0.00531873
-0.000398385
0.00542639
-0.000276445
0.00540415
-0.000312356
0.00536113
-0.000347935
0.00531821
-0.000348496
0.00527196
-0.000355173
0.00524805
-0.000354305
0.00522987
-0.000349243
0.00520117
-0.000345693
0.0051563
-0.000345347
0.00510231
-0.000347233
0.00506335
-0.000354152
0.00503101
-0.000353543
0.00500192
-0.000348932
0.00497596
-0.000343764
0.00495237
-0.000337904
0.00492709
-0.000333822
0.00489912
-0.000329904
0.00487071
-0.000326843
0.00484239
-0.000324054
0.00481382
-0.000321118
0.00478633
-0.000316368
0.00476109
-0.000309596
0.00473857
-0.00030365
0.00471257
-0.000296267
0.00468564
-0.00029171
0.00465904
-0.000289231
0.00463119
-0.000287753
0.00460435
-0.000285957
0.00457867
-0.000283122
0.00455399
-0.000279612
0.00452893
-0.000276055
0.00450306
-0.000272844
0.00447639
-0.000270062
0.00444849
-0.000267796
0.00442145
-0.000265532
0.00439569
-0.000262236
0.00437051
-0.000259602
0.00434531
-0.000256966
0.00432007
-0.000253969
0.00429502
-0.000250175
0.00426987
-0.000245271
0.00424456
-0.000240016
0.00421964
-0.000236194
0.00419424
-0.000233364
0.00416741
-0.000229768
0.00413922
-0.000225931
0.0041116
-0.000221996
0.00408627
-0.000217801
0.00406202
-0.000214097
0.00403809
-0.000211318
0.0040148
-0.000209663
0.00399261
-0.000207696
0.00397117
-0.000205119
0.00394987
-0.00020219
0.00392801
-0.000199384
0.00390552
-0.000197058
0.0038825
-0.000194986
0.00385966
-0.000193207
0.00383695
-0.000191051
0.00381695
-0.000188651
0.00379769
-0.000186716
0.00377863
-0.000184267
0.00376077
-0.00018145
0.00374359
-0.00017864
0.00372715
-0.000176185
0.00371119
-0.000173035
0.00369594
-0.000170159
0.00368158
-0.000167597
0.00366821
-0.000165123
0.00365586
-0.000162308
0.0036445
-0.000159084
0.00363375
-0.000155727
0.00362332
-0.000152315
0.0036128
-0.000148868
0.00360208
-0.000145584
0.00359117
-0.000142588
0.00358017
-0.000139787
0.00356902
-0.00013708
0.0035576
-0.000134203
0.00354598
-0.000131445
0.00353448
-0.000128355
0.00352337
-0.000126288
0.00351237
-0.000122941
0.00350178
-0.000120663
0.00349083
-0.000117654
0.00348009
-0.000115728
-0.000112437
0.00346867
0.00282307
0.00113744
0.00280415
0.00112624
0.00278541
0.00111514
0.00276685
0.00110416
0.00274848
0.00109329
0.00273028
0.00108252
0.00271227
0.00107186
0.00269444
0.0010613
0.00267678
0.00105085
0.00265929
0.0010405
0.00264198
0.00103025
0.00262488
0.00102007
0.00260809
0.00100986
0.0025924
0.000998893
0.00258162
0.000984075
0.00259988
0.00094322
0.0027315
0.000813383
0.00330479
0.000322859
0.00408051
-5.7981e-05
0.00456265
-0.00019129
0.00474291
-0.000315068
0.00479276
-0.000372562
0.00482081
-0.000412838
0.00491609
-0.000359087
0.00491254
-0.000321585
0.00487778
-0.000322219
0.0048357
-0.000324031
0.00478686
-0.000332631
0.0047556
-0.000337351
0.00473601
-0.000334441
0.00472155
-0.000323946
0.00469608
-0.000316617
0.00466419
-0.000314547
0.00461961
-0.000313074
0.00458046
-0.000316563
0.00455158
-0.000316784
0.00452655
-0.000313532
0.0045058
-0.000308425
0.00448546
-0.000301628
0.00446074
-0.000296049
0.00443452
-0.000293012
0.00440567
-0.000290877
0.00437671
-0.000291259
0.00434727
-0.000289838
0.00432114
-0.000285151
0.00429876
-0.00028144
0.0042799
-0.0002765
0.00425923
-0.000270381
0.00423611
-0.000266366
0.00421157
-0.000263484
0.00418641
-0.000261189
0.00416206
-0.000258469
0.00413848
-0.00025497
0.00411504
-0.000251589
0.00409118
-0.000248284
0.00406713
-0.000245896
0.00404313
-0.000243992
0.00402064
-0.000242132
0.0039989
-0.000240199
0.00397686
-0.000237924
0.00395465
-0.000235726
0.00393188
-0.00023297
0.00390834
-0.000229494
0.00388395
-0.000225074
0.003859
-0.000219737
0.00383425
-0.000216426
0.0038092
-0.000214073
0.00378373
-0.000210959
0.00375835
-0.000207436
0.00373477
-0.000203997
0.00371296
-0.000200358
0.00369133
-0.00019631
0.00367016
-0.000194304
0.00364917
-0.000193072
0.00362857
-0.000191547
0.00360845
-0.000189366
0.0035887
-0.000186788
0.00356879
-0.000184116
0.00354831
-0.000181643
0.00352749
-0.000179318
0.00350672
-0.000177389
0.00348706
-0.000175195
0.0034689
-0.000173288
0.00345095
-0.000171765
0.00343345
-0.000169689
0.00341687
-0.000167483
0.00340103
-0.000165197
0.00338578
-0.000162203
0.00337152
-0.000160762
0.00335678
-0.000157972
0.00334235
-0.000155486
0.00332885
-0.000153142
0.00331618
-0.000150685
0.0033038
-0.000147612
0.00329189
-0.000144409
0.00328062
-0.000141432
0.00326961
-0.00013838
0.00325882
-0.000135512
0.00324825
-0.00013284
0.00323799
-0.000130391
0.003228
-0.00012793
0.00321823
-0.000125548
0.00320821
-0.000122852
0.00319847
-0.000120117
0.0031889
-0.000117923
0.00317998
-0.000114928
0.00317125
-0.000112636
0.00316253
-0.000109677
0.00315356
-0.000107499
-0.000104022
0.00314451
0.00256719
0.00115482
0.00254998
0.00114345
0.00253293
0.00113219
0.00251606
0.00112104
0.00249935
0.00110999
0.00248281
0.00109906
0.00246643
0.00108824
0.00245021
0.00107752
0.00243415
0.00106691
0.00241826
0.00105639
0.00240259
0.00104592
0.00238736
0.00103529
0.00237428
0.00102289
0.00237545
0.000997665
0.00244427
0.00091804
0.00289495
0.000489898
0.00362842
7.85027e-05
0.00425533
-0.000308442
0.00455738
-0.000347973
0.00460232
-0.000243752
0.00458314
-0.00029815
0.00452743
-0.000313686
0.00444822
-0.00032433
0.00442053
-0.000337568
0.00441359
-0.000324783
0.00439636
-0.000319535
0.00436882
-0.000315117
0.004332
-0.000315814
0.00430414
-0.000318739
0.00428236
-0.000316861
0.00427593
-0.000311672
0.00426523
-0.000297829
0.00424123
-0.000288758
0.00421338
-0.000284437
0.00417996
-0.000281126
0.00415258
-0.000279301
0.00412789
-0.000276576
0.00410692
-0.000272813
0.00408712
-0.000270869
0.00406362
-0.000266132
0.00403818
-0.000263289
0.00401022
-0.000261443
0.00397774
-0.000260984
0.0039485
-0.000261504
0.00392421
-0.000260848
0.00390199
-0.000259171
0.00388218
-0.000256131
0.00386471
-0.00025191
0.00384453
-0.00024653
0.00382291
-0.000242524
0.00380026
-0.000239662
0.00377706
-0.000236771
0.00375487
-0.000233867
0.00373348
-0.000231047
0.00371283
-0.000228493
0.00369254
-0.000226274
0.00367263
-0.000224266
0.00365392
-0.00022255
0.00363571
-0.000220861
0.0036164
-0.000218637
0.00359633
-0.000216342
0.00357569
-0.000213789
0.00355431
-0.000210568
0.00353192
-0.000206282
0.00350859
-0.000201875
0.00348443
-0.000198895
0.00346054
-0.00019688
0.00343744
-0.000194114
0.00341526
-0.000190914
0.00339487
-0.000187683
0.00337633
-0.000184753
0.00335862
-0.000182038
0.0033404
-0.000180086
0.00332175
-0.000178834
0.00330314
-0.000177506
0.00328474
-0.000175435
0.00326655
-0.000172989
0.00324819
-0.000170486
0.00322922
-0.000168147
0.00320986
-0.000166101
0.00319068
-0.000164423
0.00317348
-0.000162352
0.00315728
-0.000160987
0.00314117
-0.000159822
0.00312567
-0.000157943
0.00311054
-0.000155911
0.00309531
-0.000154055
0.00307925
-0.000152015
0.00306454
-0.000149525
0.00305043
-0.000147018
0.00303635
-0.000144303
0.00302259
-0.000141439
0.0030092
-0.000138823
0.00299606
-0.000135941
0.00298341
-0.000132776
0.00297174
-0.000130232
0.0029608
-0.000127825
0.00295015
-0.000125513
0.00293983
-0.000123337
0.00292997
-0.000121354
0.00292046
-0.000119207
0.00291133
-0.000117142
0.00290234
-0.000114697
0.00289346
-0.000112292
0.00288464
-0.000109964
0.00287676
-0.000107526
0.00286898
-0.000105277
0.00286143
-0.000102551
0.00285381
-0.000100477
-9.6721e-05
0.00284601
0.0023345
0.00117063
0.00231885
0.0011591
0.00230335
0.00114768
0.002288
0.00113638
0.00227281
0.00112519
0.00225777
0.00111411
0.00224287
0.00110313
0.00222812
0.00109227
0.00221353
0.0010815
0.00219919
0.00107074
0.00218551
0.00105958
0.00217606
0.00104468
0.00219888
0.000999039
0.00242827
0.000767228
0.00310437
0.000242647
0.0037465
-0.000167464
0.0040247
-0.000217354
0.00404059
-0.000332969
0.00409612
-0.00039976
0.00417539
-0.000326509
0.00416849
-0.000292343
0.00414228
-0.000285787
0.00410201
-0.000282513
0.00404281
-0.000283519
0.00401042
-0.000298156
0.00398586
-0.000297132
0.00396295
-0.00029217
0.00393747
-0.000291774
0.00391274
-0.000293454
0.00389139
-0.000292133
0.00387463
-0.000287719
0.00386408
-0.000279436
0.00384773
-0.000269379
0.00382702
-0.000261488
0.00380539
-0.000256219
0.00378317
-0.000252545
0.00376049
-0.000249533
0.00373669
-0.000246528
0.00371253
-0.000242768
0.00368918
-0.000240044
0.00366537
-0.000238706
0.00364064
-0.000238065
0.00361412
-0.000237432
0.00358782
-0.000237497
0.00356462
-0.000237363
0.00354382
-0.000236338
0.00352417
-0.000234368
0.00350566
-0.00023151
0.00348785
-0.000227985
0.00346857
-0.000224592
0.00344836
-0.000221698
0.00342788
-0.000219215
0.00340829
-0.000216952
0.00338946
-0.000214732
0.00337124
-0.000212684
0.00335369
-0.000210829
0.0033367
-0.000208826
0.00332051
-0.00020655
0.00330389
-0.000204256
0.00328632
-0.000201804
0.00326841
-0.00019925
0.00325001
-0.000196577
0.0032305
-0.00019344
0.00320938
-0.000189414
0.00318753
-0.000185643
0.00316603
-0.000183331
0.00314512
-0.000181305
0.00312478
-0.000178839
0.00310565
-0.000175817
0.00308825
-0.000172635
0.00307178
-0.000169985
0.0030555
-0.000167572
0.003039
-0.000165684
0.00302225
-0.000164412
0.00300531
-0.000163058
0.00298838
-0.000161016
0.00297156
-0.000158817
0.00295481
-0.000156748
0.00293781
-0.000154744
0.00292054
-0.000153012
0.0029035
-0.000151627
0.00288805
-0.000150049
0.00287327
-0.000149005
0.00285878
-0.000148052
0.00284464
-0.000146389
0.00283048
-0.000144445
0.00281607
-0.000142581
0.00280152
-0.000140587
0.00278701
-0.000138252
0.00277273
-0.000136017
0.00275828
-0.000133373
0.00274441
-0.000130336
0.00273127
-0.000127614
0.00271841
-0.000125173
0.00270618
-0.00012209
0.00269453
-0.00011954
0.00268374
-0.00011769
0.00267353
-0.000115863
0.00266361
-0.000114023
0.00265407
-0.000112348
0.00264485
-0.000110521
0.00263591
-0.000108731
0.00262726
-0.000106564
0.00261897
-0.000104679
0.00261074
-0.000102451
0.00260344
-0.000100659
0.00259653
-9.86554e-05
0.00259004
-9.63697e-05
0.00258352
-9.4306e-05
-9.09919e-05
0.00257716
0.0021229
0.001185
0.00210866
0.00117333
0.00209457
0.00116178
0.00208062
0.00115033
0.0020668
0.001139
0.00205312
0.00112779
0.00203958
0.00111668
0.00202618
0.00110566
0.00201303
0.00109465
0.00200099
0.00108275
0.00199619
0.00106419
0.00205606
0.000982963
0.00247244
0.000567433
0.00323433
1.87995e-07
0.00369019
-0.000185184
0.00386535
-0.000270299
0.00391613
-0.000256509
0.00385793
-0.00027195
0.00376259
-0.000306506
0.00375128
-0.000318272
0.003754
-0.000296535
0.00374792
-0.000275206
0.00372645
-0.000259382
0.00369677
-0.000253757
0.00365506
-0.000255625
0.00362823
-0.00026362
0.00360661
-0.000261999
0.00358514
-0.000259966
0.00356217
-0.000259234
0.00354001
-0.000260974
0.00352119
-0.000261062
0.00350183
-0.000256172
0.00348581
-0.000251078
0.0034717
-0.000244747
0.00345503
-0.000236845
0.00343544
-0.000230971
0.00341505
-0.000227904
0.00339383
-0.000225997
0.00337248
-0.000224171
0.00335099
-0.000222818
0.00332928
-0.000222192
0.00330765
-0.000221542
0.00328527
-0.000219525
0.00326198
-0.000218184
0.00323939
-0.000216618
0.00321906
-0.000214781
0.00320034
-0.000213866
0.00318245
-0.000211932
0.00316564
-0.000209837
0.00314864
-0.000207811
0.00313134
-0.000205405
0.0031143
-0.000203368
0.00309781
-0.000201865
0.00308118
-0.000200505
0.00306462
-0.000198747
0.00304827
-0.000196884
0.00303221
-0.00019446
0.00301722
-0.000192241
0.0030013
-0.000189675
0.00298466
-0.000186635
0.00296756
-0.000183414
0.00295024
-0.00018056
0.00293188
-0.000177464
0.00291266
-0.000173799
0.00289416
-0.000170669
0.00287628
-0.000168552
0.00285851
-0.000166557
0.00284077
-0.000164301
0.0028238
-0.00016158
0.00280822
-0.000158752
0.00279331
-0.00015622
0.00277848
-0.000154027
0.00276344
-0.000152205
0.00274819
-0.000150965
0.00273278
-0.000149623
0.00271733
-0.000147688
0.002702
-0.00014574
0.00268674
-0.000144074
0.00267135
-0.000142421
0.00265579
-0.000140881
0.00264054
-0.000139481
0.00262652
-0.000138366
0.00261302
-0.000137635
0.00259974
-0.000136821
0.00258676
-0.000135462
0.00257373
-0.000133689
0.00256044
-0.000131824
0.00254701
-0.000129875
0.00253317
-0.000127603
0.00251871
-0.000125033
0.00250445
-0.000122387
0.0024913
-0.000119421
0.00247878
-0.000116821
0.00246644
-0.000114692
0.00245451
-0.000112187
0.00244347
-0.000109496
0.00243293
-0.000107874
0.00242286
-0.00010645
0.00241323
-0.000105002
0.00240401
-0.000103594
0.00239528
-0.00010212
0.00238683
-0.000100624
0.00237866
-9.87694e-05
0.00237095
-9.73467e-05
0.0023635
-9.54e-05
0.00235674
-9.41433e-05
0.00235033
-9.22707e-05
0.00234457
-9.06223e-05
0.00233848
-8.8351e-05
-8.57489e-05
0.00233272
0.00193048
0.00119807
0.00191753
0.00118627
0.00190472
0.00117459
0.00189203
0.00116302
0.00187947
0.00115157
0.00186703
0.00114022
0.00185473
0.00112898
0.00184267
0.00111772
0.00183172
0.00110558
0.00183509
0.00107902
0.00194125
0.000953583
0.00257635
0.000343976
0.00333402
-0.000190881
0.00356326
-0.000216009
0.00357613
-0.000218916
0.00355797
-0.000256096
0.00355998
-0.000252893
0.0035338
-0.000248046
0.00347645
-0.000256002
0.00342359
-0.000270752
0.00339917
-0.000273757
0.00338494
-0.000258466
0.00337682
-0.000246176
0.00335821
-0.000233084
0.00333384
-0.000229731
0.00330966
-0.000231686
0.0032892
-0.00022973
0.00326993
-0.000228747
0.00324956
-0.000228819
0.00322642
-0.000229459
0.0032027
-0.000233128
0.00318204
-0.000235361
0.00316254
-0.000231432
0.0031464
-0.000227722
0.00313391
-0.000222689
0.00311919
-0.00021664
0.00310156
-0.00021327
0.00308338
-0.000213272
0.00306451
-0.000213555
0.0030448
-0.000214294
0.00302502
-0.000213744
0.00300602
-0.00021084
0.00298677
-0.000206367
0.0029658
-0.000202121
0.00294543
-0.00019849
0.00292674
-0.000195896
0.00290955
-0.000195511
0.00289319
-0.000194285
0.00287781
-0.000193128
0.00286268
-0.000191969
0.00284809
-0.000191188
0.00283405
-0.000190455
0.00282008
-0.000189341
0.00280494
-0.000187501
0.00278953
-0.000185585
0.00277375
-0.000183308
0.00275767
-0.000180436
0.00274171
-0.000178245
0.00272533
-0.000175525
0.00270828
-0.000171824
0.00269167
-0.000168503
0.00267524
-0.000166029
0.00265812
-0.000163365
0.0026419
-0.000160012
0.00262682
-0.000156693
0.00261188
-0.000154278
0.00259659
-0.000152021
0.00258125
-0.000149744
0.00256663
-0.000147369
0.00255281
-0.000144879
0.00253926
-0.000142595
0.00252558
-0.000140384
0.00251173
-0.000138408
0.0024977
-0.000136997
0.00248346
-0.000135457
0.00246914
-0.00013337
0.00245505
-0.000131551
0.00244117
-0.000130319
0.00242741
-0.000129245
0.00241378
-0.000128312
0.00240037
-0.000127529
0.00238752
-0.000126958
0.00237505
-0.000126438
0.00236273
-0.000125666
0.00235044
-0.000124334
0.00233796
-0.000122558
0.00232503
-0.000120629
0.00231162
-0.000118615
0.00229803
-0.000116431
0.00228432
-0.000113994
0.0022711
-0.000111369
0.00225878
-0.000108698
0.00224677
-0.000106283
0.00223508
-0.000104297
0.00222384
-0.000102484
0.00221354
-0.000100205
0.00220378
-9.87671e-05
0.00219433
-9.76017e-05
0.00218525
-9.64752e-05
0.00217657
-9.53646e-05
0.00216835
-9.41833e-05
0.00216048
-9.29171e-05
0.00215294
-9.14033e-05
0.00214562
-9.0203e-05
0.00213866
-8.85538e-05
0.00213217
-8.75205e-05
0.00212611
-8.57245e-05
0.00212078
-8.45421e-05
0.00211522
-8.2339e-05
-8.03274e-05
0.00210975
0.0017555
0.00120996
0.00174373
0.00119804
0.00173207
0.00118624
0.00172053
0.00117456
0.00170911
0.00116299
0.00169781
0.00115152
0.00168673
0.00114006
0.00167686
0.00112759
0.00168034
0.00110194
0.00187656
0.000879426
0.00254071
0.000284474
0.00297004
-0.000137638
0.00311916
-0.000310904
0.00322799
-0.000320587
0.00324158
-0.000264854
0.00322084
-0.000269281
0.00320929
-0.000264764
0.003195
-0.000241671
0.00316444
-0.000231975
0.003123
-0.000235694
0.00309174
-0.000244969
0.0030718
-0.000238211
0.00305747
-0.000229424
0.00304601
-0.00021989
0.00302834
-0.000211782
0.00300894
-0.000210643
0.0029916
-0.000210725
0.0029749
-0.000210998
0.00295704
-0.000212085
0.00293784
-0.000212079
0.00291578
-0.000213253
0.00289399
-0.000215269
0.00287587
-0.000213558
0.00285868
-0.00021072
0.00284358
-0.000207959
0.00283074
-0.000205989
0.00281483
-0.0002044
0.0027986
-0.000206227
0.0027814
-0.000206805
0.00276334
-0.000206881
0.00274623
-0.000205429
0.00273006
-0.000202483
0.00271415
-0.00019571
0.00269645
-0.000188453
0.00267853
-0.000182327
0.00266186
-0.000179205
0.00264614
-0.000178743
0.00263121
-0.000178135
0.0026171
-0.000177748
0.00260405
-0.000177587
0.00259147
-0.000177423
0.0025791
-0.000176888
0.00256593
-0.000175388
0.00255192
-0.000173608
0.00253741
-0.000171788
0.00252238
-0.000169588
0.00250719
-0.000167022
0.00249098
-0.000164282
0.00247419
-0.000161373
0.00245768
-0.000157725
0.0024422
-0.000154763
0.00242693
-0.000152791
0.00241134
-0.000150635
0.00239757
-0.000147305
0.00238448
-0.000143776
0.00237121
-0.000141106
0.00235732
-0.000138592
0.00234324
-0.000136161
0.00232986
-0.000133647
0.00231698
-0.000131141
0.00230416
-0.000128985
0.00229118
-0.000126872
0.00227813
-0.000125032
0.00226504
-0.000123779
0.00225178
-0.000122256
0.00223866
-0.000120319
0.00222575
-0.000118651
0.00221321
-0.000117749
0.00220082
-0.0001169
0.00218862
-0.000116008
0.00217682
-0.000115434
0.00216523
-0.000115183
0.00215368
-0.000114976
0.00214208
-0.000114442
0.00213047
-0.000113319
0.00211876
-0.000111701
0.00210671
-0.000109843
0.00209428
-0.00010796
0.00208156
-0.000106047
0.00206865
-0.000103834
0.00205627
-0.000101258
0.00204487
-9.89282e-05
0.00203379
-9.68248e-05
0.0020229
-9.48644e-05
0.00201245
-9.3301e-05
0.00200277
-9.1746e-05
0.00199375
-9.03351e-05
0.00198508
-8.93205e-05
0.00197665
-8.83425e-05
0.00196852
-8.7437e-05
0.00196072
-8.64617e-05
0.00195328
-8.53842e-05
0.00194622
-8.41773e-05
0.00193927
-8.31147e-05
0.00193264
-8.18133e-05
0.00192612
-8.08157e-05
0.00192007
-7.92219e-05
0.0019147
-7.83561e-05
0.00190932
-7.62244e-05
-7.52005e-05
0.00190453
0.00159638
0.00122077
0.00158567
0.00120875
0.00157508
0.00119684
0.00156458
0.00118505
0.0015542
0.00117337
0.00154401
0.00116172
0.00153467
0.0011494
0.00153975
0.00112298
0.00170245
0.000945136
0.00255872
2.3496e-05
0.00296205
-0.000110179
0.00299782
-0.000183011
0.00293137
-0.000235432
0.00291056
-0.000284986
0.00291774
-0.000268054
0.00290115
-0.000264777
0.00288228
-0.000256377
0.00288178
-0.000244857
0.00287155
-0.000222079
0.00284879
-0.000213543
0.00281563
-0.000212634
0.00279425
-0.000217596
0.00277714
-0.000212496
0.00276395
-0.000207002
0.00275096
-0.000201654
0.00273594
-0.000199003
0.00272109
-0.000199021
0.00270585
-0.000198649
0.00268974
-0.000198486
0.00267313
-0.000199133
0.0026548
-0.000199708
0.00263407
-0.000198673
0.00261584
-0.000197045
0.00259984
-0.000195352
0.0025849
-0.000193666
0.00257128
-0.000193448
0.00255917
-0.000193565
0.00254493
-0.000194699
0.00252974
-0.000195654
0.00251346
-0.000195079
0.00249762
-0.00019308
0.00248201
-0.000189168
0.00246679
-0.000182983
0.00245105
-0.000174421
0.00243553
-0.000167402
0.00242111
-0.000164585
0.00240705
-0.000163759
0.00239345
-0.000163371
0.00238046
-0.000163338
0.0023684
-0.000163723
0.00235685
-0.000163825
0.00234551
-0.000163358
0.00233322
-0.000162231
0.00232045
-0.000160513
0.00230712
-0.000158487
0.00229296
-0.000155926
0.00227768
-0.00015274
0.00226175
-0.000149809
0.00224576
-0.000147289
0.00223046
-0.000144111
0.00221605
-0.000141548
0.00220181
-0.000139953
0.00218776
-0.000138133
0.00217552
-0.000134798
0.00216373
-0.000131363
0.00215164
-0.000128677
0.00213895
-0.000126196
0.00212608
-0.000123927
0.00211363
-0.000121587
0.00210156
-0.000119296
0.00208957
-0.00011734
0.00207758
-0.000115378
0.00206557
-0.00011367
0.00205343
-0.000112472
0.00204125
-0.000110994
0.00202918
-0.000109147
0.00201728
-0.000107642
0.00200549
-0.000106844
0.00199372
-0.000106054
0.00198208
-0.000105261
0.00197096
-0.000104828
0.00196026
-0.000104735
0.00194961
-0.000104609
0.00193883
-0.000104138
0.00192786
-0.000103075
0.00191671
-0.000101572
0.00190517
-9.97636e-05
0.00189329
-9.79541e-05
0.0018812
-9.61283e-05
0.00186923
-9.40219e-05
0.00185782
-9.15689e-05
0.00184711
-8.95011e-05
0.00183683
-8.7743e-05
0.00182676
-8.5981e-05
0.00181705
-8.44537e-05
0.00180769
-8.3436e-05
0.00179926
-8.2284e-05
0.00179126
-8.13662e-05
0.00178351
-8.05093e-05
0.00177596
-7.97056e-05
0.00176863
-7.88912e-05
0.00176161
-7.80168e-05
0.00175491
-7.70165e-05
0.00174834
-7.60408e-05
0.00174207
-7.49982e-05
0.0017358
-7.40107e-05
0.00173001
-7.28472e-05
0.00172429
-7.2056e-05
0.00171881
-7.02383e-05
-6.95184e-05
0.00171344
0.00145168
0.0012306
0.00144195
0.00121848
0.00143231
0.00120648
0.00142277
0.00119459
0.00141337
0.00118277
0.00140458
0.00117053
0.0014039
0.00115003
0.00158805
0.000947906
0.00226854
0.000295734
0.0025796
-0.000297858
0.00274225
-0.000260823
0.00275978
-0.000194999
0.00273613
-0.00021515
0.00268816
-0.00022821
0.00265851
-0.000225349
0.00263555
-0.000241601
0.00261729
-0.000235919
0.00260214
-0.000223897
0.00259984
-0.000211097
0.00258679
-0.000195377
0.00256854
-0.000191631
0.00254462
-0.000192598
0.00252727
-0.000195399
0.00251187
-0.000193735
0.00249712
-0.000192367
0.00248578
-0.000194982
0.00247115
-0.000195905
0.00245771
-0.000197675
0.0024446
-0.000196243
0.0024307
-0.000191462
0.002415
-0.000188124
0.00239762
-0.000184506
0.00238049
-0.00018115
0.00236548
-0.000180216
0.00235154
-0.000179474
0.00233856
-0.000180083
0.00232592
-0.000181263
0.00231285
-0.000182843
0.00229908
-0.000183435
0.00228447
-0.000181801
0.00226974
-0.000178789
0.00225502
-0.00017395
0.00224064
-0.000167146
0.00222669
-0.00015979
0.00221334
-0.000153378
0.00220043
-0.000150839
0.0021877
-0.000149744
0.00217528
-0.000149334
0.00216341
-0.000149415
0.00215247
-0.000149894
0.00214195
-0.000149737
0.00213093
-0.000148662
0.00211923
-0.000147123
0.00210703
-0.000145241
0.00209407
-0.000143062
0.00208025
-0.000140536
0.00206596
-0.000137769
0.00205143
-0.000135452
0.0020367
-0.000133437
0.0020225
-0.000130735
0.00200891
-0.000128625
0.00199538
-0.000127325
0.00198271
-0.000125653
0.00197154
-0.00012252
0.00196066
-0.000119408
0.00194945
-0.00011679
0.00193791
-0.000114437
0.00192634
-0.000112333
0.00191497
-0.000110196
0.0019037
-0.000108081
0.00189234
-0.00010615
0.00188088
-0.000104114
0.00186938
-0.000102299
0.00185777
-0.000100939
0.00184622
-9.9416e-05
0.00183482
-9.75592e-05
0.00182362
-9.62124e-05
0.00181231
-9.54359e-05
0.00180123
-9.49685e-05
0.00179062
-9.47635e-05
0.00178021
-9.47217e-05
0.00176975
-9.47412e-05
0.0017591
-9.46052e-05
0.00174824
-9.41202e-05
0.00173731
-9.30581e-05
0.00172641
-9.1594e-05
0.00171534
-8.9766e-05
0.00170402
-8.79813e-05
0.00169247
-8.61592e-05
0.00168115
-8.40619e-05
0.0016706
-8.18327e-05
0.0016607
-8.01187e-05
0.00165126
-7.87484e-05
0.00164215
-7.73823e-05
0.0016334
-7.59784e-05
0.00162495
-7.52057e-05
0.00161692
-7.44292e-05
0.00160961
-7.37203e-05
0.00160248
-7.28823e-05
0.00159549
-7.21453e-05
0.00158861
-7.14311e-05
0.00158182
-7.0654e-05
0.00157514
-6.97443e-05
0.00156858
-6.88988e-05
0.00156211
-6.78463e-05
0.00155584
-6.69852e-05
0.00154985
-6.59065e-05
0.00154393
-6.52137e-05
0.001538
-6.36569e-05
-6.17157e-05
0.00153051
0.0013201
0.00123954
0.00131125
0.00122733
0.00130249
0.00121524
0.00129383
0.00120324
0.00128549
0.00119112
0.00128163
0.00117459
0.0013866
0.00103875
0.00206413
0.000293074
0.00241294
-2.97759e-05
0.00238857
-0.000248413
0.00246045
-0.00030374
0.00250299
-0.000230767
0.0024895
-0.000205073
0.00245734
-0.000204904
0.00242663
-0.000199999
0.0023992
-0.00020377
0.00238036
-0.00021064
0.00236503
-0.000203186
0.00235459
-0.000195545
0.00234771
-0.000183426
0.0023346
-0.000174549
0.00231905
-0.000173525
0.00230201
-0.000176715
0.00228703
-0.000179431
0.00227316
-0.000182641
0.00225828
-0.000189054
0.0022472
-0.00019028
0.00223399
-0.000191371
0.0022207
-0.00019045
0.00220847
-0.000185211
0.00219563
-0.000178118
0.00218052
-0.000172071
0.00216596
-0.000166935
0.00215221
-0.000165677
0.00213905
-0.000165328
0.00212623
-0.00016631
0.00211374
-0.000167052
0.00210019
-0.000166832
0.00208626
-0.000165695
0.00207223
-0.000163105
0.00205811
-0.000159798
0.00204459
-0.000155735
0.00203238
-0.000150384
0.00202154
-0.000145902
0.00201009
-0.00014094
0.00199848
-0.000138689
0.00198681
-0.000137295
0.0019753
-0.000136583
0.00196398
-0.000136482
0.0019529
-0.000136501
0.00194212
-0.000135704
0.00193133
-0.00013453
0.0019202
-0.000132933
0.00190873
-0.000131136
0.0018968
-0.000129123
0.00188429
-0.000126764
0.00187125
-0.000124236
0.0018577
-0.000122175
0.00184389
-0.000120431
0.00183068
-0.000118296
0.00181791
-0.000116842
0.00180519
-0.000115981
0.00179352
-0.000114383
0.00178298
-0.000111507
0.00177258
-0.000108556
0.00176187
-0.000105838
0.0017509
-0.000103383
0.0017398
-0.000101105
0.00172871
-9.88185e-05
0.00171759
-9.66131e-05
0.00170632
-9.46169e-05
0.00169497
-9.26064e-05
0.00168359
-9.08455e-05
0.00167225
-8.95541e-05
0.00166109
-8.81275e-05
0.00165026
-8.64045e-05
0.00163951
-8.50256e-05
0.00162903
-8.43973e-05
0.0016189
-8.41867e-05
0.00160895
-8.4159e-05
0.00159892
-8.41789e-05
0.00158861
-8.42682e-05
0.00157799
-8.4295e-05
0.00156716
-8.40382e-05
0.00155625
-8.31499e-05
0.00154528
-8.17745e-05
0.00153419
-7.99278e-05
0.00152309
-7.82235e-05
0.00151215
-7.65632e-05
0.00150176
-7.46751e-05
0.00149218
-7.26975e-05
0.00148317
-7.12148e-05
0.00147454
-7.00578e-05
0.00146631
-6.896e-05
0.00145836
-6.77418e-05
0.00145057
-6.6962e-05
0.00144296
-6.63303e-05
0.0014359
-6.58609e-05
0.00142909
-6.50829e-05
0.00142238
-6.44121e-05
0.00141561
-6.36904e-05
0.0014088
-6.29619e-05
0.00140201
-6.21415e-05
0.00139522
-6.13874e-05
0.00138849
-6.04373e-05
0.00138168
-5.96729e-05
0.00137497
-5.86194e-05
0.00136843
-5.79398e-05
0.00136189
-5.64709e-05
-5.24009e-05
0.00135299
0.00120044
0.00124766
0.0011924
0.00123538
0.00118444
0.0012232
0.00117667
0.00121102
0.00117058
0.00119713
0.00121537
0.00112949
0.00180687
0.000440536
0.00226789
-0.000142083
0.00235077
-0.000139521
0.00230081
-0.00020461
0.00225638
-0.000244597
0.00226417
-0.000231208
0.00225482
-0.000203412
0.00223306
-0.000194827
0.00221094
-0.000189188
0.00219139
-0.000185938
0.00216887
-0.000182339
0.00215268
-0.000182824
0.0021404
-0.0001791
0.00213156
-0.000172395
0.00212268
-0.000163174
0.00211012
-0.000160041
0.00209694
-0.000162784
0.00208234
-0.000164717
0.00206805
-0.000169808
0.002054
-0.000176924
0.00204169
-0.000182079
0.00202913
-0.000182301
0.00201598
-0.000179317
0.00200319
-0.000172019
0.00199262
-0.000165469
0.0019809
-0.000158297
0.00196891
-0.000152916
0.00195693
-0.000151561
0.00194416
-0.000150777
0.00193093
-0.000151116
0.00191806
-0.00015086
0.00190449
-0.000149536
0.00189098
-0.000147794
0.00187785
-0.000145265
0.00186494
-0.000142579
0.00185344
-0.000140023
0.0018429
-0.000136275
0.00183359
-0.000133404
0.00182367
-0.000129567
0.00181318
-0.000127511
0.00180204
-0.000125662
0.00179091
-0.000124465
0.00177988
-0.00012396
0.00176906
-0.000123851
0.00175862
-0.000123129
0.00174826
-0.000121977
0.00173769
-0.000120327
0.00172674
-0.000118442
0.00171534
-0.000116413
0.00170334
-0.000114041
0.0016908
-0.000111625
0.00167783
-0.000109841
0.00166488
-0.000108441
0.00165256
-0.000106899
0.00164052
-0.000105924
0.00162856
-0.000105237
0.00161733
-0.000103573
0.00160682
-0.000100913
0.00159635
-9.80347e-05
0.00158564
-9.52563e-05
0.00157472
-9.27167e-05
0.00156371
-9.03538e-05
0.00155267
-8.80296e-05
0.00154165
-8.58673e-05
0.00153058
-8.39499e-05
0.00151954
-8.2078e-05
0.00150853
-8.04652e-05
0.0014975
-7.92331e-05
0.00148668
-7.79363e-05
0.00147602
-7.6228e-05
0.00146552
-7.49156e-05
0.00145514
-7.43569e-05
0.00144485
-7.41842e-05
0.00143458
-7.41546e-05
0.00142416
-7.40824e-05
0.00141346
-7.40359e-05
0.00140241
-7.39682e-05
0.00139112
-7.37159e-05
0.00137981
-7.28789e-05
0.00136868
-7.15972e-05
0.00135778
-6.97983e-05
0.0013472
-6.82065e-05
0.00133701
-6.66324e-05
0.00132749
-6.49072e-05
0.00131862
-6.31669e-05
0.00131023
-6.19405e-05
0.00130217
-6.10178e-05
0.00129452
-6.01258e-05
0.00128721
-5.91127e-05
0.00127998
-5.84149e-05
0.00127282
-5.78283e-05
0.00126588
-5.7474e-05
0.0012591
-5.68144e-05
0.00125233
-5.62125e-05
0.00124542
-5.5507e-05
0.00123839
-5.48322e-05
0.00123123
-5.40494e-05
0.00122399
-5.33338e-05
0.00121669
-5.23768e-05
0.00120939
-5.16712e-05
0.00120203
-5.06874e-05
0.00119462
-5.00156e-05
0.00118717
-4.85721e-05
-4.33238e-05
0.00117843
0.00109164
0.00125505
0.00108432
0.00124269
0.00107711
0.00123041
0.00107049
0.00121764
0.00108219
0.00118462
0.00150076
0.000702146
0.00200563
-7.63261e-05
0.00210095
-0.000295002
0.00213231
-0.000200621
0.00210189
-0.000194817
0.00206544
-0.000217281
0.0020494
-0.000210309
0.00204018
-0.000200132
0.00202685
-0.000195022
0.00201239
-0.000183789
0.0019956
-0.000174338
0.00197911
-0.000167534
0.00196227
-0.000165335
0.00194927
-0.000166571
0.00193947
-0.000164373
0.00193046
-0.000159184
0.00191985
-0.0001529
0.00190811
-0.000152479
0.00189523
-0.000152715
0.00188154
-0.000156697
0.00186692
-0.000162887
0.00185294
-0.000167279
0.00183934
-0.000165451
0.00182639
-0.000161275
0.00181446
-0.000155282
0.00180508
-0.000151022
0.00179742
-0.000145336
0.00178764
-0.000139922
0.00177699
-0.000138334
0.00176538
-0.000137478
0.00175237
-0.000137239
0.00173924
-0.000136492
0.00172642
-0.000134629
0.00171393
-0.000132202
0.00170191
-0.000129588
0.00169033
-0.000127327
0.00167962
-0.000125551
0.00166972
-0.000123569
0.0016602
-0.000121156
0.00165076
-0.000118308
0.00164048
-0.000116254
0.00162948
-0.000114359
0.00161851
-0.000112848
0.00160773
-0.000111999
0.00159729
-0.000111549
0.00158702
-0.000110576
0.00157664
-0.000109048
0.00156609
-0.000107194
0.0015552
-0.00010517
0.00154388
-0.00010312
0.00153224
-0.000100918
0.0015203
-9.88768e-05
0.001508
-9.75268e-05
0.00149565
-9.65227e-05
0.00148363
-9.5465e-05
0.00147164
-9.47591e-05
0.00145973
-9.40033e-05
0.00144846
-9.23105e-05
0.00143773
-8.9875e-05
0.00142706
-8.71605e-05
0.00141626
-8.44503e-05
0.00140529
-8.18793e-05
0.00139423
-7.94338e-05
0.00138311
-7.70384e-05
0.00137194
-7.48279e-05
0.00136072
-7.28899e-05
0.00134949
-7.1017e-05
0.0013383
-6.93798e-05
0.00132722
-6.82032e-05
0.00131631
-6.68788e-05
0.00130571
-6.52834e-05
0.00129525
-6.40605e-05
0.00128487
-6.36708e-05
0.00127449
-6.36892e-05
0.0012639
-6.37545e-05
0.00125287
-6.36356e-05
0.00124129
-6.3507e-05
0.00122927
-6.34008e-05
0.00121715
-6.31859e-05
0.00120527
-6.23773e-05
0.00119385
-6.1132e-05
0.00118294
-5.93695e-05
0.00117259
-5.78943e-05
0.00116291
-5.64264e-05
0.00115414
-5.49099e-05
0.00114615
-5.3454e-05
0.00113866
-5.2507e-05
0.00113142
-5.17777e-05
0.00112444
-5.10739e-05
0.00111767
-5.02054e-05
0.00111095
-4.96364e-05
0.00110415
-4.90633e-05
0.00109732
-4.87394e-05
0.00109044
-4.81298e-05
0.00108347
-4.75922e-05
0.0010763
-4.69255e-05
0.00106891
-4.62981e-05
0.00106131
-4.55492e-05
0.00105351
-4.48797e-05
0.00104558
-4.39852e-05
0.00103759
-4.33011e-05
0.00102956
-4.22917e-05
0.00102158
-4.16726e-05
0.00101365
-4.03197e-05
-3.68815e-05
0.00100744
0.000992691
0.00126178
0.000986046
0.00124934
0.000979607
0.00123685
0.000977062
0.00122025
0.0011585
0.00100699
0.00177521
6.03955e-05
0.00189158
-0.000193412
0.00187725
-0.000305842
0.00190707
-0.000266489
0.00190308
-0.000206474
0.00187525
-0.000182668
0.00185845
-0.000179096
0.00184556
-0.000177351
0.00183639
-0.000178578
0.001826
-0.000174915
0.00181435
-0.000163096
0.00180055
-0.000155044
0.00178715
-0.00015256
0.00177546
-0.00015549
0.00176512
-0.000155448
0.00175626
-0.00015191
0.00174646
-0.00014496
0.00173511
-0.00014249
0.00172333
-0.000141667
0.00170999
-0.000143015
0.00169501
-0.000146152
0.00167901
-0.000147886
0.00166469
-0.000146364
0.00165309
-0.000143325
0.00164333
-0.000140377
0.00163553
-0.000138189
0.00162922
-0.000133638
0.00162106
-0.000128363
0.0016115
-0.000126532
0.00160078
-0.000125302
0.00158855
-0.000124261
0.00157588
-0.000122805
0.00156324
-0.000119858
0.00155101
-0.000116491
0.00153937
-0.000113596
0.00152825
-0.00011164
0.0015176
-0.000110627
0.00150752
-0.00011025
0.00149794
-0.000109177
0.00148831
-0.000107581
0.00147803
-0.0001058
0.00146734
-0.000103986
0.00145642
-0.000102171
0.00144543
-0.000100872
0.00143431
-9.96661e-05
0.00142339
-9.82123e-05
0.00141267
-9.64646e-05
0.00140193
-9.44619e-05
0.001391
-9.23099e-05
0.00137975
-9.0221e-05
0.00136814
-8.81663e-05
0.00135616
-8.64803e-05
0.00134391
-8.55032e-05
0.00133169
-8.48134e-05
0.00131964
-8.41013e-05
0.00130753
-8.35872e-05
0.00129549
-8.28271e-05
0.00128387
-8.11511e-05
0.00127257
-7.87821e-05
0.00126132
-7.60498e-05
0.00124995
-7.32295e-05
0.00123843
-7.04871e-05
0.00122681
-6.78776e-05
0.00121515
-6.53679e-05
0.0012035
-6.31501e-05
0.00119188
-6.1262e-05
0.00118043
-5.9564e-05
0.00116909
-5.81095e-05
0.00115791
-5.70764e-05
0.00114705
-5.58839e-05
0.00113643
-5.43872e-05
0.00112595
-5.3311e-05
0.00111547
-5.30346e-05
0.00110476
-5.30373e-05
0.0010936
-5.29986e-05
0.00108195
-5.27976e-05
0.00106986
-5.26634e-05
0.00105744
-5.25884e-05
0.00104495
-5.24142e-05
0.00103282
-5.1674e-05
0.00102145
-5.05684e-05
0.00101101
-4.90247e-05
0.00100147
-4.77945e-05
0.000992796
-4.65441e-05
0.000985012
-4.52858e-05
0.000977899
-4.40893e-05
0.000971126
-4.33285e-05
0.000964543
-4.27064e-05
0.000958185
-4.21259e-05
0.000951954
-4.1386e-05
0.000945694
-4.08994e-05
0.000939315
-4.03815e-05
0.000932751
-4.00755e-05
0.000925993
-3.95009e-05
0.000919041
-3.90461e-05
0.000911808
-3.842e-05
0.000904341
-3.78756e-05
0.000896631
-3.71819e-05
0.000888759
-3.65969e-05
0.000880815
-3.58208e-05
0.000872815
-3.52372e-05
0.00086475
-3.42511e-05
0.000856802
-3.37167e-05
0.00084908
-3.24854e-05
-3.3804e-05
0.00084615
0.000902716
0.00126788
0.000896704
0.00125535
0.000891323
0.00124224
0.000922863
0.00119099
0.00150262
0.000431778
0.00174362
-0.000151813
0.0017772
-0.000181252
0.00173389
-0.000239334
0.00172156
-0.000256568
0.00171122
-0.000205642
0.00169861
-0.000161671
0.00168396
-0.00014808
0.00167131
-0.000151386
0.00166032
-0.000156285
0.00165133
-0.000157605
0.00164211
-0.000149975
0.00163458
-0.000141855
0.00162489
-0.000140022
0.00161459
-0.000145905
0.00160503
-0.000147201
0.00159651
-0.000144964
0.0015876
-0.000137511
0.0015767
-0.000132833
0.00156464
-0.000130267
0.00155123
-0.0001299
0.00153612
-0.000131187
0.00152093
-0.000132204
0.0015073
-0.000130662
0.00149663
-0.000128947
0.00148815
-0.000127068
0.00148036
-0.0001251
0.0014739
-0.000121946
0.00146624
-0.000117043
0.00145746
-0.000114914
0.00144684
-0.000112796
0.00143479
-0.000110815
0.00142194
-0.000108414
0.00140917
-0.000105052
0.00139695
-0.000101737
0.00138536
-9.91924e-05
0.00137444
-9.78805e-05
0.00136412
-9.76606e-05
0.00135417
-9.80786e-05
0.00134439
-9.79129e-05
0.0013342
-9.68898e-05
0.00132332
-9.5146e-05
0.00131203
-9.30389e-05
0.00130051
-9.08454e-05
0.00128872
-8.90068e-05
0.00127705
-8.75123e-05
0.00126561
-8.58914e-05
0.00125431
-8.39801e-05
0.00124296
-8.18322e-05
0.00123138
-7.9546e-05
0.00121952
-7.73859e-05
0.00120746
-7.54258e-05
0.00119518
-7.39883e-05
0.00118264
-7.32186e-05
0.00117004
-7.26684e-05
0.00115748
-7.20718e-05
0.00114484
-7.15048e-05
0.00113227
-7.05722e-05
0.00111997
-6.88494e-05
0.00110787
-6.65633e-05
0.00109582
-6.39764e-05
0.00108376
-6.13106e-05
0.00107169
-5.87055e-05
0.00105967
-5.6216e-05
0.00104775
-5.38324e-05
0.00103597
-5.1731e-05
0.00102439
-4.99941e-05
0.00101302
-4.84356e-05
0.00100188
-4.7132e-05
0.000990974
-4.62566e-05
0.000980294
-4.51332e-05
0.000969962
-4.38476e-05
0.000959796
-4.30107e-05
0.000949433
-4.28012e-05
0.000938722
-4.27956e-05
0.000927614
-4.27294e-05
0.000916095
-4.25089e-05
0.00090415
-4.23555e-05
0.000891924
-4.22887e-05
0.00087982
-4.21708e-05
0.000868391
-4.15851e-05
0.000857975
-4.06805e-05
0.000848667
-3.93979e-05
0.000840308
-3.83823e-05
0.000832824
-3.73417e-05
0.000826141
-3.63303e-05
0.000820023
-3.54035e-05
0.000814174
-3.48473e-05
0.000808459
-3.4372e-05
0.000802873
-3.3921e-05
0.000797352
-3.33092e-05
0.000791759
-3.2921e-05
0.00078599
-3.24676e-05
0.000779975
-3.21868e-05
0.000773728
-3.16776e-05
0.00076721
-3.12889e-05
0.000760424
-3.07464e-05
0.000753384
-3.02887e-05
0.00074613
-2.96865e-05
0.000738759
-2.92143e-05
0.000731365
-2.85574e-05
0.000723988
-2.80652e-05
0.000716656
-2.71678e-05
0.000709479
-2.67612e-05
0.000702603
-2.57337e-05
-3.39613e-05
0.000702704
0.000820901
0.00127343
0.000815533
0.00126072
0.000814278
0.00124331
0.00108966
0.000941633
0.00154938
-5.37212e-05
0.00163133
-0.000221092
0.00163793
-0.000185034
0.00160223
-0.000191059
0.00156732
-0.000226861
0.00155315
-0.000195286
0.00154135
-0.000150726
0.00153053
-0.00013531
0.00151891
-0.000137846
0.00150612
-0.000144746
0.00149489
-0.000147056
0.00148633
-0.000141312
0.00148087
-0.000135925
0.00147458
-0.000132398
0.00146634
-0.000135983
0.00145715
-0.000136858
0.00144759
-0.000134352
0.00143843
-0.000127632
0.00142842
-0.000122025
0.00141786
-0.00011953
0.00140564
-0.000118501
0.00139164
-0.000118398
0.00137689
-0.000117721
0.00136371
-0.000115397
0.00135283
-0.000114308
0.00134371
-0.000113089
0.00133541
-0.000112284
0.00132822
-0.000110477
0.00132061
-0.000106341
0.00131137
-0.00010329
0.00130056
-0.00010068
0.00128851
-9.85701e-05
0.00127608
-9.63225e-05
0.0012638
-9.30565e-05
0.00125182
-8.97814e-05
0.00124015
-8.72379e-05
0.00122889
-8.60211e-05
0.00121776
-8.58125e-05
0.00120659
-8.61347e-05
0.00119533
-8.61233e-05
0.00118373
-8.53219e-05
0.00117164
-8.36438e-05
0.00115913
-8.14151e-05
0.00114643
-7.89742e-05
0.00113374
-7.68059e-05
0.00112109
-7.48474e-05
0.00110863
-7.28594e-05
0.00109634
-7.06962e-05
0.00108412
-6.83657e-05
0.00107184
-6.60045e-05
0.00105937
-6.38874e-05
0.00104662
-6.20725e-05
0.00103362
-6.08107e-05
0.00102049
-6.01521e-05
0.00100741
-5.96938e-05
0.000994378
-5.91806e-05
0.000981319
-5.86205e-05
0.000968408
-5.76733e-05
0.000955859
-5.60755e-05
0.000943631
-5.40049e-05
0.000931616
-5.16832e-05
0.000919726
-4.92761e-05
0.000907946
-4.69278e-05
0.000896305
-4.46789e-05
0.000884878
-4.25519e-05
0.000873676
-4.0706e-05
0.000862708
-3.91928e-05
0.000852044
-3.78875e-05
0.000841648
-3.68251e-05
0.000831525
-3.61216e-05
0.000821793
-3.52086e-05
0.000812425
-3.42088e-05
0.000803177
-3.36042e-05
0.000793764
-3.34876e-05
0.000784026
-3.35219e-05
0.000773879
-3.34654e-05
0.000763374
-3.32952e-05
0.000752597
-3.32328e-05
0.000741717
-3.3281e-05
0.000731074
-3.32697e-05
0.000721149
-3.28588e-05
0.000712229
-3.21639e-05
0.000704403
-3.11738e-05
0.000697474
-3.04008e-05
0.000691347
-2.96029e-05
0.000685879
-2.88154e-05
0.000680834
-2.81142e-05
0.000675936
-2.76839e-05
0.000671113
-2.73094e-05
0.000666349
-2.69499e-05
0.000661603
-2.64492e-05
0.000656751
-2.61296e-05
0.000651723
-2.57376e-05
0.00064644
-2.54851e-05
0.000640926
-2.5054e-05
0.000635155
-2.47446e-05
0.000629137
-2.4288e-05
0.0006229
-2.39165e-05
0.000616512
-2.34165e-05
0.00061006
-2.30565e-05
0.000603641
-2.25317e-05
0.000597266
-2.21299e-05
0.00059102
-2.13617e-05
0.000584954
-2.10762e-05
0.000579219
-2.02553e-05
-3.6e-05
0.000581018
0.000746513
0.00127846
0.000741917
0.00126531
0.000773363
0.00121401
0.00129119
0.000391085
0.00144396
-0.00018674
0.00148279
-0.000261622
0.00148991
-0.000193227
0.00147139
-0.000181159
0.00143411
-0.000194834
0.00141444
-0.00018516
0.00140265
-0.000143781
0.00139304
-0.00012965
0.00138263
-0.000130621
0.00136973
-0.000134892
0.00135718
-0.000138374
0.00134828
-0.000135083
0.0013427
-0.000132881
0.00133686
-0.000128256
0.00132873
-0.000128142
0.00131909
-0.000127174
0.00130941
-0.000124821
0.00130044
-0.00011949
0.00129112
-0.000114018
0.00128088
-0.000110327
0.00126912
-0.000107033
0.00125525
-0.00010415
0.0012407
-0.000101644
0.00122766
-9.96674e-05
0.00121651
-9.94401e-05
0.00120713
-0.00010047
0.00119858
-0.000101116
0.0011902
-9.95589e-05
0.0011814
-9.57971e-05
0.00117129
-9.21353e-05
0.0011601
-8.90246e-05
0.00114802
-8.64972e-05
0.00113533
-8.37631e-05
0.00112242
-8.00288e-05
0.00110957
-7.63784e-05
0.00109695
-7.36852e-05
0.00108443
-7.2385e-05
0.00107213
-7.24214e-05
0.00105979
-7.30632e-05
0.00104715
-7.34239e-05
0.00103406
-7.28633e-05
0.00102044
-7.11588e-05
0.0010065
-6.88024e-05
0.000992424
-6.61736e-05
0.000978323
-6.36724e-05
0.000964496
-6.14581e-05
0.000951094
-5.93251e-05
0.000938071
-5.71093e-05
0.000925245
-5.48097e-05
0.000912426
-5.2571e-05
0.000899525
-5.06698e-05
0.000886584
-4.91566e-05
0.000873623
-4.81671e-05
0.000860676
-4.76345e-05
0.000847883
-4.72361e-05
0.000835295
-4.67998e-05
0.000822897
-4.63079e-05
0.000810783
-4.54681e-05
0.000799047
-4.4095e-05
0.000787657
-4.2331e-05
0.000776553
-4.03622e-05
0.000765697
-3.83249e-05
0.000755087
-3.63533e-05
0.000744755
-3.44815e-05
0.000734737
-3.27335e-05
0.000725018
-3.12267e-05
0.000715593
-3.00205e-05
0.000706446
-2.89836e-05
0.000697574
-2.81831e-05
0.000688955
-2.76876e-05
0.000680647
-2.69769e-05
0.000672707
-2.62799e-05
0.000664887
-2.5906e-05
0.000656871
-2.58561e-05
0.00064856
-2.5917e-05
0.000639969
-2.58992e-05
0.00063115
-2.58063e-05
0.000622127
-2.5827e-05
0.000613029
-2.59508e-05
0.000604183
-2.60057e-05
0.000596037
-2.5737e-05
0.000588825
-2.52209e-05
0.00058256
-2.44752e-05
0.000577027
-2.38964e-05
0.000572119
-2.32941e-05
0.000567691
-2.26857e-05
0.00056355
-2.21625e-05
0.000559485
-2.18335e-05
0.000555455
-2.15454e-05
0.00055144
-2.12535e-05
0.000547421
-2.08473e-05
0.000543288
-2.05773e-05
0.00053899
-2.02412e-05
0.000534464
-2.00176e-05
0.000529752
-1.9678e-05
0.000524809
-1.94332e-05
0.000519672
-1.90669e-05
0.000514353
-1.87658e-05
0.000508942
-1.83657e-05
0.000503506
-1.80933e-05
0.000498141
-1.76802e-05
0.000492849
-1.73495e-05
0.000487727
-1.6727e-05
0.000482764
-1.6539e-05
0.000478074
-1.58701e-05
-3.82762e-05
0.000479992
0.000678918
0.00128297
0.000676415
0.00126775
0.000917313
0.00095263
0.00128788
2.56249e-05
0.00134456
-0.000183035
0.00134464
-0.000248474
0.00135177
-0.000207462
0.00133944
-0.000176552
0.00131195
-0.000175966
0.00129062
-0.000169275
0.00127879
-0.000136487
0.00126932
-0.000126382
0.00125853
-0.000125064
0.00124561
-0.000125841
0.00123171
-0.000126732
0.00122258
-0.000126872
0.0012152
-0.000125687
0.00120895
-0.000120844
0.00120073
-0.000119177
0.0011908
-0.000116733
0.00118047
-0.000113991
0.00117113
-0.00011011
0.0011617
-0.000104907
0.00115062
-9.99859e-05
0.00113779
-9.53817e-05
0.00112385
-9.17049e-05
0.00111013
-8.88467e-05
0.0010978
-8.72618e-05
0.00108664
-8.7383e-05
0.00107622
-8.87235e-05
0.00106578
-8.90656e-05
0.00105548
-8.74407e-05
0.00104494
-8.37552e-05
0.00103348
-7.9739e-05
0.00102092
-7.61383e-05
0.00100731
-7.31576e-05
0.000993197
-7.03694e-05
0.000979176
-6.69915e-05
0.000965409
-6.38146e-05
0.000951888
-6.13755e-05
0.000938689
-6.00554e-05
0.000925437
-5.97176e-05
0.000911863
-5.98757e-05
0.000897772
-5.98722e-05
0.000883073
-5.91064e-05
0.000868011
-5.741e-05
0.000852825
-5.50938e-05
0.000837857
-5.25595e-05
0.000823356
-5.01851e-05
0.000809441
-4.80509e-05
0.000796186
-4.60228e-05
0.000783527
-4.39855e-05
0.000771283
-4.19462e-05
0.00075925
-4.00637e-05
0.000747287
-3.85581e-05
0.000735375
-3.74232e-05
0.000723538
-3.67077e-05
0.000711875
-3.63368e-05
0.000700506
-3.60742e-05
0.000689457
-3.57933e-05
0.000678719
-3.54411e-05
0.000668357
-3.47793e-05
0.00065842
-3.36995e-05
0.000648863
-3.23273e-05
0.000639624
-3.08021e-05
0.000630664
-2.92148e-05
0.000621968
-2.76717e-05
0.000613545
-2.61956e-05
0.000605403
-2.48154e-05
0.000597502
-2.36289e-05
0.000589816
-2.26853e-05
0.000582361
-2.18917e-05
0.000575123
-2.13104e-05
0.000568094
-2.09677e-05
0.00056136
-2.04523e-05
0.000554934
-2.0022e-05
0.000548578
-1.98074e-05
0.000542061
-1.98151e-05
0.000535307
-1.99138e-05
0.000528323
-1.99303e-05
0.000521162
-1.98988e-05
0.00051386
-1.99828e-05
0.000506528
-2.0155e-05
0.000499426
-2.02379e-05
0.000492919
-2.00669e-05
0.00048718
-1.96848e-05
0.0004822
-1.91361e-05
0.000477789
-1.87097e-05
0.000473861
-1.82614e-05
0.000470287
-1.779e-05
0.000466903
-1.73993e-05
0.000463544
-1.7141e-05
0.000460184
-1.69196e-05
0.000456808
-1.66767e-05
0.000453411
-1.63511e-05
0.000449909
-1.61228e-05
0.000446273
-1.58418e-05
0.000442447
-1.56463e-05
0.000438473
-1.53914e-05
0.000434307
-1.51985e-05
0.000429997
-1.49153e-05
0.000425553
-1.46676e-05
0.000421067
-1.43584e-05
0.000416585
-1.41478e-05
0.000412193
-1.38296e-05
0.000407882
-1.35522e-05
0.000403756
-1.30736e-05
0.000399754
-1.29535e-05
0.00039592
-1.23424e-05
-3.93506e-05
0.000396594
0.000617462
0.00128699
0.000629551
0.00125568
0.00107952
0.000456998
0.00123867
-8.48658e-05
0.00125128
-0.00018599
0.0012289
-0.000224839
0.00122221
-0.000205356
0.00121042
-0.000158337
0.00118986
-0.000140749
0.0011729
-0.000141333
0.00116263
-0.000129729
0.00115392
-0.000122555
0.00114357
-0.000116663
0.00112851
-0.00010883
0.00111301
-0.000107588
0.00110176
-0.00011201
0.00109365
-0.000114341
0.00108617
-0.000111443
0.00107704
-0.00010859
0.00106648
-0.000105056
0.00105557
-0.000102179
0.00104525
-9.92353e-05
0.0010349
-9.43917e-05
0.00102378
-8.92628e-05
0.00101136
-8.44279e-05
0.00099759
-8.0321e-05
0.000983656
-7.71669e-05
0.000970488
-7.53438e-05
0.000957863
-7.4835e-05
0.000945163
-7.54537e-05
0.000932754
-7.59589e-05
0.000920358
-7.438e-05
0.000907611
-7.06244e-05
0.000894207
-6.64383e-05
0.000880115
-6.27873e-05
0.000865483
-5.99182e-05
0.000850592
-5.73322e-05
0.000835786
-5.42168e-05
0.000821243
-5.11921e-05
0.000807028
-4.8844e-05
0.00079288
-4.72054e-05
0.00077875
-4.64943e-05
0.000764399
-4.63109e-05
0.000749681
-4.61222e-05
0.000734737
-4.54705e-05
0.00071981
-4.40632e-05
0.000705205
-4.21325e-05
0.000691144
-3.99828e-05
0.000677781
-3.79302e-05
0.000665236
-3.60994e-05
0.00065354
-3.44141e-05
0.00064257
-3.277e-05
0.000632094
-3.1155e-05
0.000621876
-2.97056e-05
0.000611783
-2.86052e-05
0.000601833
-2.78434e-05
0.00059206
-2.74093e-05
0.000582523
-2.72056e-05
0.000573303
-2.70714e-05
0.000564416
-2.69252e-05
0.000555851
-2.67152e-05
0.000547636
-2.62482e-05
0.000539779
-2.54493e-05
0.000532239
-2.44244e-05
0.000524964
-2.32702e-05
0.00051792
-2.20525e-05
0.000511093
-2.08602e-05
0.000504488
-1.97157e-05
0.000498094
-1.86418e-05
0.000491876
-1.77246e-05
0.000485814
-1.70087e-05
0.000479914
-1.64187e-05
0.000474173
-1.60173e-05
0.000468582
-1.57975e-05
0.000463216
-1.54309e-05
0.000458091
-1.52186e-05
0.000452998
-1.51061e-05
0.000447762
-1.5137e-05
0.00044233
-1.52533e-05
0.000436725
-1.52929e-05
0.000430997
-1.53043e-05
0.000425167
-1.54238e-05
0.000419323
-1.56113e-05
0.00041369
-1.56963e-05
0.000408554
-1.55869e-05
0.000404031
-1.53057e-05
0.000400086
-1.49029e-05
0.000396563
-1.45842e-05
0.000393397
-1.42513e-05
0.000390484
-1.3889e-05
0.000387692
-1.35954e-05
0.0003849
-1.33865e-05
0.00038209
-1.3216e-05
0.000379251
-1.3012e-05
0.000376386
-1.27553e-05
0.00037343
-1.2566e-05
0.000370362
-1.23339e-05
0.000367141
-1.21652e-05
0.000363802
-1.19801e-05
0.000360309
-1.18279e-05
0.000356715
-1.16167e-05
0.000353033
-1.14127e-05
0.00034935
-1.11803e-05
0.000345693
-1.10171e-05
0.000342131
-1.07709e-05
0.000338655
-1.05355e-05
0.000335347
-1.01832e-05
0.000332131
-1.011e-05
0.000328983
-9.46905e-06
-3.82685e-05
0.000327528
0.000561651
0.0012905
0.000668505
0.001149
0.00108237
0.000129553
0.00114212
-0.000171766
0.00113811
-0.000179933
0.00110992
-0.000189386
0.00109096
-0.000161299
0.00107834
-0.000115241
0.00106608
-0.000104879
0.00105704
-0.000111155
0.0010512
-0.00011316
0.00104222
-0.000109506
0.00102753
-0.000100284
0.00101195
-9.16677e-05
0.000997953
-9.34364e-05
0.000986744
-0.000102413
0.000977672
-0.000106095
0.000969065
-0.000103171
0.000958415
-9.76781e-05
0.000946795
-9.29801e-05
0.000934647
-8.99543e-05
0.000922664
-8.76561e-05
0.000911006
-8.3229e-05
0.000898463
-7.72879e-05
0.000884498
-7.12237e-05
0.000869564
-6.64294e-05
0.000854703
-6.3489e-05
0.000840342
-6.22564e-05
0.000826283
-6.17963e-05
0.000812239
-6.21669e-05
0.000797819
-6.19247e-05
0.000783238
-5.99049e-05
0.000768556
-5.61735e-05
0.000753633
-5.21495e-05
0.00073844
-4.86306e-05
0.000723047
-4.57711e-05
0.000707726
-4.32429e-05
0.000692881
-4.05239e-05
0.000678584
-3.80607e-05
0.000664859
-3.6171e-05
0.000651717
-3.48896e-05
0.000638763
-3.42445e-05
0.000625712
-3.40396e-05
0.000612447
-3.39175e-05
0.000599104
-3.34972e-05
0.000586035
-3.25275e-05
0.000573495
-3.10867e-05
0.000561684
-2.94379e-05
0.000550717
-2.7868e-05
0.000540622
-2.6472e-05
0.000531339
-2.51948e-05
0.000522696
-2.39516e-05
0.000514469
-2.27451e-05
0.000506458
-2.17004e-05
0.000498556
-2.09588e-05
0.000490765
-2.04914e-05
0.000483118
-2.02547e-05
0.000475681
-2.01627e-05
0.000468518
-2.01145e-05
0.00046164
-2.00496e-05
0.000455041
-1.9933e-05
0.000448736
-1.96143e-05
0.00044271
-1.9042e-05
0.00043691
-1.82963e-05
0.000431298
-1.74476e-05
0.000425856
-1.65364e-05
0.000420576
-1.56329e-05
0.00041546
-1.47564e-05
0.000410495
-1.39284e-05
0.000405647
-1.32249e-05
0.000400892
-1.26816e-05
0.000396246
-1.22477e-05
0.000391702
-1.19754e-05
0.000387258
-1.18374e-05
0.00038299
-1.15819e-05
0.0003789
-1.15216e-05
0.000374805
-1.14847e-05
0.000370585
-1.15266e-05
0.000366209
-1.16315e-05
0.0003617
-1.168e-05
0.000357101
-1.17157e-05
0.000352438
-1.18453e-05
0.000347792
-1.2029e-05
0.000343344
-1.2105e-05
0.000339298
-1.20314e-05
0.000335718
-1.18271e-05
0.000332563
-1.15342e-05
0.000329717
-1.12916e-05
0.000327139
-1.10448e-05
0.000324747
-1.0773e-05
0.00032243
-1.05527e-05
0.000320101
-1.03772e-05
0.000317745
-1.02443e-05
0.000315359
-1.00729e-05
0.000312945
-9.8707e-06
0.000310453
-9.7184e-06
0.000307865
-9.52748e-06
0.000305156
-9.38863e-06
0.000302349
-9.2565e-06
0.000299427
-9.1382e-06
0.000296435
-8.97993e-06
0.000293399
-8.81739e-06
0.000290388
-8.64197e-06
0.000287424
-8.51909e-06
0.000284543
-8.32788e-06
0.000281748
-8.13112e-06
0.000279092
-7.88232e-06
0.000276502
-7.84137e-06
0.000273988
-7.19607e-06
-3.5014e-05
0.000270427
0.000512177
0.00129229
0.000811064
0.000841682
0.00102508
-2.74697e-05
0.00103357
-0.000214288
0.00102748
-0.000180747
0.000990516
-0.000140544
0.000968563
-0.000115736
0.000960639
-9.96508e-05
0.00095594
-0.000101865
0.000948583
-0.000107051
0.000941331
-0.000107527
0.000930474
-0.000100387
0.000916298
-8.87239e-05
0.000901848
-7.96818e-05
0.00088823
-8.1171e-05
0.000875528
-8.98595e-05
0.000863805
-9.31886e-05
0.000851772
-8.93745e-05
0.000839183
-8.34203e-05
0.000825858
-7.80845e-05
0.000812062
-7.47127e-05
0.000798176
-7.26983e-05
0.000784264
-6.86025e-05
0.000769866
-6.2899e-05
0.000754627
-5.71842e-05
0.000738819
-5.28193e-05
0.000723112
-5.01087e-05
0.000707851
-4.87747e-05
0.000692741
-4.79685e-05
0.000677259
-4.74089e-05
0.000661668
-4.6644e-05
0.000646263
-4.47429e-05
0.000631248
-4.15659e-05
0.000616489
-3.81709e-05
0.000601946
-3.52759e-05
0.000587788
-3.30204e-05
0.000574245
-3.11159e-05
0.000561456
-2.91163e-05
0.00054938
-2.73553e-05
0.000537928
-2.60388e-05
0.000526932
-2.50454e-05
0.000516176
-2.4488e-05
0.00050542
-2.42849e-05
0.000494583
-2.42244e-05
0.000483829
-2.40463e-05
0.000473428
-2.34811e-05
0.000463601
-2.25187e-05
0.000454468
-2.13429e-05
0.000446075
-2.01952e-05
0.00043841
-1.91689e-05
0.000431388
-1.82321e-05
0.000424852
-1.73217e-05
0.000418613
-1.64427e-05
0.000412514
-1.57016e-05
0.000406475
-1.5212e-05
0.000400505
-1.49396e-05
0.000394644
-1.48272e-05
0.000388947
-1.48011e-05
0.000383469
-1.48017e-05
0.000378224
-1.47874e-05
0.000373204
-1.47348e-05
0.000368407
-1.45277e-05
0.00036381
-1.4129e-05
0.000359361
-1.3591e-05
0.000355037
-1.29711e-05
0.000350828
-1.22921e-05
0.000346733
-1.16091e-05
0.000342753
-1.09402e-05
0.000338878
-1.03066e-05
0.000335078
-9.77287e-06
0.000331335
-9.36542e-06
0.000327657
-9.05274e-06
0.000324038
-8.87447e-06
0.000320481
-8.79067e-06
0.000317057
-8.63072e-06
0.000313762
-8.63805e-06
0.000310451
-8.66522e-06
0.000307026
-8.73424e-06
0.000303475
-8.81242e-06
0.000299833
-8.84647e-06
0.000296131
-8.89032e-06
0.000292395
-9.01636e-06
0.000288697
-9.18294e-06
0.000285178
-9.24457e-06
0.000281976
-9.19561e-06
0.000279123
-9.04447e-06
0.000276576
-8.8355e-06
0.000274254
-8.65064e-06
0.000272134
-8.46986e-06
0.000270153
-8.26931e-06
0.000268218
-8.10457e-06
0.000266263
-7.95639e-06
0.000264283
-7.85363e-06
0.000262275
-7.71297e-06
0.00026024
-7.54697e-06
0.00025814
-7.42695e-06
0.00025596
-7.27117e-06
0.000253684
-7.16782e-06
0.000251329
-7.07497e-06
0.000248889
-6.98471e-06
0.000246407
-6.86274e-06
0.000243915
-6.73581e-06
0.000241463
-6.60453e-06
0.000239066
-6.51298e-06
0.000236743
-6.365e-06
0.000234497
-6.20524e-06
0.000232363
-6.03598e-06
0.000230267
-6.01329e-06
0.000228319
-5.46061e-06
-3.05812e-05
0.000223676
0.000475562
0.00128446
0.000858097
0.00045537
0.000938465
-0.000128262
0.000931769
-0.00025674
0.000915417
-0.000199536
0.000881875
-0.000135675
0.000866407
-0.000117364
0.000860147
-0.00011282
0.000856011
-0.000109603
0.00084737
-0.000106364
0.000834219
-9.94297e-05
0.000819721
-8.77479e-05
0.000804003
-7.2429e-05
0.000788668
-6.25267e-05
0.000773849
-6.28572e-05
0.000759362
-7.11915e-05
0.000745647
-7.61402e-05
0.00073213
-7.42365e-05
0.000717696
-6.88227e-05
0.000702343
-6.34131e-05
0.000686385
-5.9588e-05
0.000670458
-5.70557e-05
0.000654984
-5.31913e-05
0.000639444
-4.7945e-05
0.000623596
-4.26796e-05
0.000607575
-3.8666e-05
0.000591799
-3.62303e-05
0.000576543
-3.4998e-05
0.000561858
-3.42108e-05
0.000547479
-3.3684e-05
0.000533267
-3.29776e-05
0.00051949
-3.1526e-05
0.000506359
-2.91504e-05
0.000493838
-2.66313e-05
0.000481876
-2.45365e-05
0.000470498
-2.29208e-05
0.000459806
-2.15625e-05
0.000449849
-2.0159e-05
0.000440502
-1.89583e-05
0.000431665
-1.80783e-05
0.000423248
-1.74204e-05
0.000415019
-1.7045e-05
0.000406779
-1.69336e-05
0.000398472
-1.69735e-05
0.000390233
-1.69741e-05
0.0003823
-1.66985e-05
0.000374851
-1.60833e-05
0.000367978
-1.52638e-05
0.000361702
-1.44451e-05
0.000355992
-1.37101e-05
0.000350759
-1.30386e-05
0.000345866
-1.23847e-05
0.000341167
-1.17576e-05
0.000336547
-1.12433e-05
0.00033195
-1.09279e-05
0.000327389
-1.07759e-05
0.0003229
-1.07294e-05
0.000318536
-1.0731e-05
0.000314343
-1.07498e-05
0.000310335
-1.07603e-05
0.000306503
-1.07447e-05
0.000302835
-1.06144e-05
0.000299305
-1.03428e-05
0.000295869
-9.96147e-06
0.000292512
-9.51442e-06
0.000289231
-9.01327e-06
0.000286031
-8.50106e-06
0.000282912
-7.99487e-06
0.000279865
-7.51507e-06
0.000276866
-7.11541e-06
0.000273896
-6.81379e-06
0.000270963
-6.59377e-06
0.000268057
-6.48186e-06
0.000265188
-6.43195e-06
0.000262421
-6.34783e-06
0.000259736
-6.39282e-06
0.000257042
-6.4398e-06
0.000254252
-6.51062e-06
0.000251358
-6.60261e-06
0.000248403
-6.61375e-06
0.000245418
-6.64857e-06
0.000242421
-6.76609e-06
0.000239474
-6.90379e-06
0.000236682
-6.9483e-06
0.000234131
-6.92161e-06
0.000231836
-6.80678e-06
0.000229762
-6.6603e-06
0.000227852
-6.52163e-06
0.000226097
-6.39635e-06
0.000224445
-6.24328e-06
0.000222823
-6.12263e-06
0.00022118
-6.00185e-06
0.000219513
-5.92574e-06
0.000217823
-5.81834e-06
0.000216108
-5.67824e-06
0.000214342
-5.5811e-06
0.00021251
-5.45418e-06
0.000210605
-5.38267e-06
0.000208636
-5.32126e-06
0.000206609
-5.25144e-06
0.000204561
-5.16347e-06
0.000202524
-5.05936e-06
0.000200535
-4.96864e-06
0.000198602
-4.90288e-06
0.000196733
-4.78516e-06
0.00019493
-4.65954e-06
0.000193214
-4.5455e-06
0.000191517
-4.53014e-06
0.000189975
-4.09652e-06
-2.60406e-05
0.00018534
0.000478176
0.00123233
0.000814372
0.000149879
0.000854541
-0.000185484
0.000832579
-0.000278256
0.00081213
-0.000241655
0.00079131
-0.000170298
0.000775594
-0.000140394
0.00076434
-0.000130343
0.000750782
-0.000107289
0.000735153
-8.88651e-05
0.000718889
-7.88981e-05
0.000701964
-6.82213e-05
0.000686064
-5.59187e-05
0.000671477
-4.9016e-05
0.000656768
-4.97673e-05
0.000641132
-5.6157e-05
0.000625361
-5.93799e-05
0.000609462
-5.62787e-05
0.000593258
-5.06465e-05
0.000576659
-4.56804e-05
0.000559848
-4.25431e-05
0.000543302
-4.05377e-05
0.000527584
-3.73438e-05
0.000512628
-3.3e-05
0.000498062
-2.87667e-05
0.000483889
-2.57967e-05
0.000470379
-2.41639e-05
0.000457672
-2.34434e-05
0.000445618
-2.30081e-05
0.000433961
-2.26277e-05
0.000422625
-2.21274e-05
0.000411759
-2.11805e-05
0.000401587
-1.96118e-05
0.00039205
-1.79101e-05
0.000383051
-1.64984e-05
0.000374598
-1.54284e-05
0.00036674
-1.45489e-05
0.000359451
-1.3635e-05
0.000352603
-1.28717e-05
0.000346098
-1.2327e-05
0.000339844
-1.18938e-05
0.000333691
-1.16396e-05
0.000327498
-1.15768e-05
0.000321229
-1.16546e-05
0.000315003
-1.17459e-05
0.000309014
-1.16455e-05
0.000303415
-1.12717e-05
0.000298274
-1.07167e-05
0.000293594
-1.01449e-05
0.000289334
-9.62855e-06
0.000285419
-9.15634e-06
0.000281738
-8.69608e-06
0.00027818
-8.25886e-06
0.000274661
-7.90881e-06
0.000271144
-7.70754e-06
0.000267642
-7.62467e-06
0.00026419
-7.60907e-06
0.000260835
-7.61892e-06
0.000257611
-7.64147e-06
0.000254534
-7.66292e-06
0.000251592
-7.66963e-06
0.000248769
-7.59374e-06
0.000246037
-7.41521e-06
0.000243363
-7.15153e-06
0.000240737
-6.83384e-06
0.000238162
-6.46736e-06
0.000235643
-6.08657e-06
0.000233182
-5.70788e-06
0.000230772
-5.35018e-06
0.000228389
-5.05685e-06
0.00022602
-4.83908e-06
0.000223666
-4.69012e-06
0.00022132
-4.62457e-06
0.000218994
-4.59975e-06
0.000216744
-4.55766e-06
0.000214548
-4.67948e-06
0.000212335
-4.69059e-06
0.000210054
-4.71132e-06
0.000207701
-4.81827e-06
0.000205301
-4.8312e-06
0.000202893
-4.85564e-06
0.00020049
-4.96073e-06
0.00019814
-5.07106e-06
0.000195919
-5.10185e-06
0.000193875
-5.08586e-06
0.000192015
-5.00606e-06
0.000190316
-4.90848e-06
0.000188739
-4.80339e-06
0.00018728
-4.72562e-06
0.000185899
-4.60461e-06
0.000184538
-4.51805e-06
0.000183158
-4.42512e-06
0.000181758
-4.3697e-06
0.000180341
-4.2885e-06
0.0001789
-4.18537e-06
0.000177419
-4.10313e-06
0.000175887
-3.99714e-06
0.000174301
-3.94008e-06
0.000172666
-3.90955e-06
0.000170993
-3.85424e-06
0.000169316
-3.79982e-06
0.00016766
-3.71847e-06
0.000166057
-3.65595e-06
0.000164503
-3.61125e-06
0.000163001
-3.51423e-06
0.000161555
-3.41774e-06
0.000160175
-3.34574e-06
0.000158807
-3.32942e-06
0.000157543
-2.9766e-06
-2.17121e-05
0.000153237
0.000573014
0.00104153
0.000763487
-1.58021e-05
0.000774658
-0.000203759
0.000739611
-0.000276383
0.000719534
-0.000265578
0.00070323
-0.000186957
0.000683132
-0.000144352
0.000660214
-0.000121542
0.000639472
-9.89606e-05
0.000620425
-7.73627e-05
0.000601567
-6.39807e-05
0.000583523
-5.32465e-05
0.000567237
-4.19696e-05
0.00055226
-3.53335e-05
0.000536969
-3.42578e-05
0.000520212
-3.77429e-05
0.000502967
-3.97212e-05
0.000486467
-3.76712e-05
0.000470629
-3.36425e-05
0.000455202
-3.00556e-05
0.000440197
-2.77471e-05
0.0004259
-2.62663e-05
0.00041271
-2.40449e-05
0.000400573
-2.10159e-05
0.000389234
-1.81205e-05
0.000378484
-1.61965e-05
0.000368298
-1.52028e-05
0.000358756
-1.48103e-05
0.000349828
-1.46295e-05
0.000341294
-1.44908e-05
0.000333008
-1.42609e-05
0.00032507
-1.37464e-05
0.000317643
-1.27812e-05
0.000310711
-1.16859e-05
0.000304207
-1.07728e-05
0.000298118
-1.00819e-05
0.000292457
-9.51691e-06
0.000287185
-8.92753e-06
0.00028219
-8.44665e-06
0.000277405
-8.11231e-06
0.000272772
-7.83792e-06
0.000268182
-7.67644e-06
0.000263534
-7.65341e-06
0.000258809
-7.74843e-06
0.000254102
-7.87664e-06
0.000249578
-7.8737e-06
0.000245363
-7.65816e-06
0.000241505
-7.29244e-06
0.000237996
-6.90433e-06
0.0002348
-6.55369e-06
0.000231851
-6.23448e-06
0.000229063
-5.92337e-06
0.000226351
-5.62989e-06
0.000223655
-5.39931e-06
0.00022095
-5.27336e-06
0.000218249
-5.22826e-06
0.000215586
-5.22371e-06
0.000212997
-5.23246e-06
0.000210512
-5.25286e-06
0.000208141
-5.27865e-06
0.000205873
-5.29856e-06
0.00020369
-5.26122e-06
0.000201564
-5.15002e-06
0.000199471
-4.9734e-06
0.000197405
-4.75212e-06
0.000195373
-4.48803e-06
0.000193382
-4.20914e-06
0.000191435
-3.93104e-06
0.000189522
-3.67055e-06
0.000187624
-3.461e-06
0.000185729
-3.30921e-06
0.000183835
-3.21342e-06
0.000181937
-3.1796e-06
0.000180048
-3.1722e-06
0.000178217
-3.15359e-06
0.000176425
-3.37241e-06
0.0001746
-3.32518e-06
0.000172729
-3.36303e-06
0.000170817
-3.37389e-06
0.00016888
-3.40384e-06
0.000166943
-3.42601e-06
0.000165022
-3.50409e-06
0.00016315
-3.59741e-06
0.000161379
-3.62139e-06
0.000159735
-3.60635e-06
0.000158223
-3.55944e-06
0.000156828
-3.50656e-06
0.000155525
-3.42384e-06
0.000154314
-3.3753e-06
0.00015316
-3.29509e-06
0.000152022
-3.23063e-06
0.000150869
-3.16455e-06
0.000149698
-3.12006e-06
0.000148515
-3.04737e-06
0.000147315
-2.98763e-06
0.00014608
-2.92363e-06
0.000144809
-2.83516e-06
0.000143497
-2.78275e-06
0.000142153
-2.76959e-06
0.000140785
-2.73643e-06
0.000139425
-2.69417e-06
0.000138092
-2.65259e-06
0.000136805
-2.60577e-06
0.000135561
-2.57105e-06
0.000134358
-2.49252e-06
0.000133202
-2.41909e-06
0.000132095
-2.39117e-06
0.000130996
-2.36001e-06
0.000129966
-2.06126e-06
-1.75742e-05
0.000125947
0.000618354
0.000766694
0.000694482
-9.04989e-05
0.000691767
-0.000189431
0.00064609
-0.000228653
0.000614826
-0.000221426
0.000593765
-0.000141991
0.000571303
-0.000106291
0.000547846
-8.89543e-05
0.000524369
-6.91915e-05
0.000502225
-5.13432e-05
0.000481639
-4.23816e-05
0.000463
-3.47996e-05
0.000446781
-2.58264e-05
0.000432317
-2.10864e-05
0.000417927
-2.02183e-05
0.000403083
-2.25732e-05
0.000388476
-2.4046e-05
0.000374723
-2.29172e-05
0.000361888
-2.04553e-05
0.000349751
-1.8186e-05
0.000338219
-1.6677e-05
0.000327479
-1.57271e-05
0.000317804
-1.43187e-05
0.000309143
-1.23913e-05
0.000301166
-1.05665e-05
0.000293626
-9.43629e-06
0.000286491
-8.92173e-06
0.000279814
-8.78672e-06
0.000273543
-8.78404e-06
0.000267519
-8.79221e-06
0.000261623
-8.72715e-06
0.000255924
-8.48276e-06
0.000250575
-7.93083e-06
0.000245588
-7.25959e-06
0.000240915
-6.68429e-06
0.000236547
-6.24419e-06
0.000232481
-5.88868e-06
0.000228671
-5.52027e-06
0.000225026
-5.23144e-06
0.000221501
-5.04092e-06
0.000218062
-4.87699e-06
0.000214633
-4.78202e-06
0.000211145
-4.78425e-06
0.000207586
-4.87708e-06
0.000204032
-5.00631e-06
0.000200618
-5.04917e-06
0.000197446
-4.93581e-06
0.000194551
-4.70666e-06
0.000191916
-4.45624e-06
0.00018951
-4.232e-06
0.000187283
-4.03074e-06
0.000185168
-3.83486e-06
0.000183098
-3.64986e-06
0.00018103
-3.50524e-06
0.00017895
-3.42808e-06
0.000176869
-3.4019e-06
0.000174817
-3.39879e-06
0.000172824
-3.40422e-06
0.000170912
-3.42251e-06
0.000169088
-3.45121e-06
0.000167342
-3.47989e-06
0.000165654
-3.47019e-06
0.000163999
-3.40726e-06
0.00016236
-3.29397e-06
0.000160734
-3.14365e-06
0.000159133
-2.95739e-06
0.000157562
-2.75779e-06
0.000156024
-2.55922e-06
0.00015451
-2.37586e-06
0.000153002
-2.23135e-06
0.000151491
-2.13057e-06
0.000149971
-2.07262e-06
0.00014844
-2.06011e-06
0.000146913
-2.06144e-06
0.00014543
-2.06226e-06
0.000143974
-2.32214e-06
0.000142476
-2.24522e-06
0.000140957
-2.36933e-06
0.000139398
-2.28967e-06
0.000137848
-2.28995e-06
0.000136302
-2.29902e-06
0.000134774
-2.35713e-06
0.000133289
-2.41806e-06
0.000131878
-2.4446e-06
0.000130553
-2.43182e-06
0.000129325
-2.40832e-06
0.000128182
-2.3834e-06
0.00012711
-2.3265e-06
0.000126108
-2.29652e-06
0.000125153
-2.25617e-06
0.000124206
-2.20863e-06
0.00012325
-2.16724e-06
0.000122278
-2.13256e-06
0.000121298
-2.06449e-06
0.00012031
-2.01724e-06
0.000119292
-1.97872e-06
0.000118248
-1.90825e-06
0.000117175
-1.87135e-06
0.000116083
-1.85059e-06
0.000114979
-1.84112e-06
0.000113886
-1.80161e-06
0.000112825
-1.78363e-06
0.000111799
-1.76678e-06
0.000110809
-1.73807e-06
0.000109851
-1.67481e-06
0.000108933
-1.62127e-06
0.00010805
-1.63398e-06
0.000107171
-1.58497e-06
0.000106353
-1.32036e-06
-1.354e-05
0.000102521
0.000594841
0.000488856
0.000624284
-0.000123331
0.000578852
-0.000126835
0.000531268
-0.000156851
0.000498686
-0.000168564
0.0004774
-0.000110077
0.000454075
-7.61209e-05
0.000427964
-5.33865e-05
0.000403084
-3.67407e-05
0.000382829
-2.871e-05
0.000365261
-2.53624e-05
0.000349527
-2.06717e-05
0.000336384
-1.431e-05
0.000325
-1.09809e-05
0.000313936
-1.00502e-05
0.000302668
-1.14256e-05
0.000291722
-1.23532e-05
0.000281761
-1.1959e-05
0.000272738
-1.07454e-05
0.000264362
-9.57645e-06
0.000256482
-8.81169e-06
0.000249174
-8.38363e-06
0.000242608
-7.65885e-06
0.00023675
-6.58223e-06
0.000231381
-5.55522e-06
0.000226273
-4.94634e-06
0.000221378
-4.69359e-06
0.000216754
-4.66573e-06
0.000212392
-4.73663e-06
0.000208171
-4.82093e-06
0.000203996
-4.85219e-06
0.000199924
-4.77608e-06
0.000196087
-4.49873e-06
0.00019251
-4.11978e-06
0.000189166
-3.77799e-06
0.000186045
-3.50997e-06
0.000183132
-3.29627e-06
0.00018038
-3.07846e-06
0.000177718
-2.91516e-06
0.000175119
-2.81509e-06
0.00017257
-2.72698e-06
0.000170019
-2.67977e-06
0.000167415
-2.69699e-06
0.000164751
-2.77704e-06
0.000162086
-2.88707e-06
0.000159528
-2.94404e-06
0.000157158
-2.89432e-06
0.000154996
-2.76249e-06
0.000153027
-2.6146e-06
0.000151225
-2.48662e-06
0.000149551
-2.3764e-06
0.000147954
-2.2692e-06
0.000146383
-2.16565e-06
0.000144807
-2.0827e-06
0.000143217
-2.03749e-06
0.000141627
-2.02039e-06
0.000140059
-2.01545e-06
0.000138539
-2.01855e-06
0.000137082
-2.03659e-06
0.000135692
-2.06842e-06
0.000134357
-2.10342e-06
0.000133061
-2.11341e-06
0.000131781
-2.08455e-06
0.000130506
-2.01661e-06
0.000129237
-1.91828e-06
0.000127985
-1.79181e-06
0.000126757
-1.65484e-06
0.000125553
-1.51964e-06
0.000124366
-1.39719e-06
0.000123179
-1.30217e-06
0.000121985
-1.23923e-06
0.000120778
-1.20575e-06
0.000119558
-1.206e-06
0.000118337
-1.20895e-06
0.000117152
-1.22978e-06
0.000115974
-1.4353e-06
0.000114765
-1.40355e-06
0.000113544
-1.47343e-06
0.000112297
-1.48087e-06
0.000111066
-1.38952e-06
0.00010985
-1.38254e-06
0.00010865
-1.45059e-06
0.000107481
-1.47897e-06
0.000106365
-1.51624e-06
0.000105304
-1.51904e-06
0.000104314
-1.50072e-06
0.000103384
-1.48345e-06
0.000102512
-1.46193e-06
0.000101694
-1.46253e-06
0.000100911
-1.43518e-06
0.000100134
-1.39779e-06
9.93526e-05
-1.37458e-06
9.85584e-05
-1.35419e-06
9.77583e-05
-1.30519e-06
9.69528e-05
-1.25495e-06
9.61277e-05
-1.23345e-06
9.52855e-05
-1.17622e-06
9.44262e-05
-1.16481e-06
9.35518e-05
-1.14355e-06
9.2676e-05
-1.12657e-06
9.18114e-05
-1.10519e-06
9.0977e-05
-1.07813e-06
9.01726e-05
-1.09768e-06
8.93917e-05
-1.07824e-06
8.86376e-05
-1.03041e-06
8.79178e-05
-9.95103e-07
8.72207e-05
-1.02491e-06
8.65267e-05
-9.92796e-07
8.58875e-05
-7.37365e-07
-9.79063e-06
8.24017e-05
0.000510403
0.000270249
0.000514689
-0.000139236
0.000460873
-7.68188e-05
0.000413261
-9.83037e-05
0.000380466
-0.00010715
0.000357801
-6.59182e-05
0.000333971
-4.04406e-05
0.000310949
-2.80623e-05
0.000291264
-2.03804e-05
0.000275219
-1.59753e-05
0.000261696
-1.28848e-05
0.000250189
-9.17475e-06
0.000241015
-5.25646e-06
0.000233418
-3.59276e-06
0.000226332
-3.01482e-06
0.000219239
-4.07325e-06
0.000212423
-4.92172e-06
0.000206196
-5.04893e-06
0.000200534
-4.65006e-06
0.00019524
-4.16932e-06
0.000190212
-3.8264e-06
0.000185509
-3.65645e-06
0.000181267
-3.33794e-06
0.000177483
-2.8309e-06
0.000173989
-2.33853e-06
0.000170616
-2.05094e-06
0.000167346
-1.94184e-06
0.000164239
-1.96469e-06
0.000161291
-2.06278e-06
0.000158412
-2.16951e-06
0.000155531
-2.23503e-06
0.000152691
-2.2395e-06
0.000150007
-2.13057e-06
0.00014751
-1.94825e-06
0.000145183
-1.76777e-06
0.000143013
-1.62247e-06
0.00014098
-1.51126e-06
0.000139041
-1.40086e-06
0.000137141
-1.32155e-06
0.000135269
-1.27774e-06
0.000133427
-1.23951e-06
0.000131582
-1.22366e-06
0.000129696
-1.24351e-06
0.00012776
-1.29903e-06
0.000125819
-1.37519e-06
0.000123956
-1.42489e-06
0.000122233
-1.41215e-06
0.000120663
-1.34899e-06
0.000119229
-1.27588e-06
0.000117914
-1.21834e-06
0.000116688
-1.17489e-06
0.000115514
-1.13196e-06
0.000114352
-1.08597e-06
0.000113181
-1.04542e-06
0.000111998
-1.02106e-06
0.000110815
-1.00915e-06
0.000109651
-1.00329e-06
0.000108525
-1.00599e-06
0.000107447
-1.02405e-06
0.000106417
-1.05657e-06
0.000105424
-1.0933e-06
0.000104453
-1.11456e-06
0.000103486
-1.10773e-06
0.000102517
-1.07154e-06
0.000101549
-1.01192e-06
0.000100594
-9.33297e-07
9.9658e-05
-8.47833e-07
9.87401e-05
-7.64722e-07
9.78323e-05
-6.91121e-07
9.69208e-05
-6.33838e-07
9.59997e-05
-5.9778e-07
9.5064e-05
-5.78328e-07
9.41164e-05
-5.8371e-07
9.31652e-05
-5.80812e-07
9.22429e-05
-6.22755e-07
9.13001e-05
-7.2822e-07
9.03509e-05
-7.87884e-07
8.93823e-05
-6.95605e-07
8.84232e-05
-8.0842e-07
8.74704e-05
-6.71137e-07
8.65419e-05
-6.75709e-07
8.56249e-05
-7.19124e-07
8.47242e-05
-7.67464e-07
8.38586e-05
-7.87264e-07
8.30259e-05
-8.30443e-07
8.22416e-05
-8.08757e-07
8.14999e-05
-7.97423e-07
8.08077e-05
-7.97636e-07
8.01532e-05
-8.05512e-07
7.9525e-05
-7.97926e-07
7.89015e-05
-7.76165e-07
7.8279e-05
-7.53195e-07
7.76464e-05
-7.36878e-07
7.70107e-05
-7.15894e-07
7.63705e-05
-6.80633e-07
7.57186e-05
-6.61234e-07
7.50597e-05
-6.27892e-07
7.43904e-05
-6.28966e-07
7.3711e-05
-6.21515e-07
7.30337e-05
-5.92354e-07
7.23706e-05
-5.79595e-07
7.17301e-05
-5.50416e-07
7.11141e-05
-5.73786e-07
7.05135e-05
-5.69815e-07
6.99362e-05
-5.37915e-07
6.93854e-05
-5.2668e-07
6.88444e-05
-5.3964e-07
6.83083e-05
-5.46186e-07
6.78356e-05
-3.39102e-07
-5.76487e-06
6.40852e-05
0.00043765
0.000101209
0.000375793
-8.71017e-05
0.000327135
-3.59475e-05
0.000288045
-4.01061e-05
0.000257821
-4.25799e-05
0.000238117
-2.73035e-05
0.000221314
-1.60943e-05
0.000205467
-1.03364e-05
0.000191881
-5.99997e-06
0.000181148
-4.17238e-06
0.000172628
-3.47985e-06
0.000165864
-2.32983e-06
0.000160929
-7.95354e-07
0.000157177
-3.00785e-07
0.000153764
1.31996e-07
0.000150082
-3.44505e-07
0.000146394
-8.23948e-07
0.00014297
-1.0591e-06
0.000139817
-1.04255e-06
0.000136816
-9.33557e-07
0.000133925
-8.51062e-07
0.000131191
-8.38406e-07
0.00012871
-7.72985e-07
0.000126482
-6.34377e-07
0.000124392
-4.88357e-07
0.000122328
-3.94178e-07
0.000120298
-3.60604e-07
0.000118361
-3.94528e-07
0.000116516
-4.798e-07
0.000114688
-5.63099e-07
0.000112831
-6.14454e-07
0.00011098
-6.3607e-07
0.000109225
-6.14042e-07
0.000107599
-5.56778e-07
0.000106089
-4.89742e-07
0.000104685
-4.38425e-07
0.000103359
-4.04695e-07
0.000102076
-3.7175e-07
0.0001008
-3.46499e-07
9.95312e-05
-3.32518e-07
9.82838e-05
-3.23845e-07
9.70389e-05
-3.24928e-07
9.57639e-05
-3.36757e-07
9.44491e-05
-3.60435e-07
9.31279e-05
-3.95509e-07
9.18604e-05
-4.2506e-07
9.06893e-05
-4.30385e-07
8.96217e-05
-4.13686e-07
8.86444e-05
-3.91455e-07
8.77447e-05
-3.78977e-07
8.69029e-05
-3.76026e-07
8.60902e-05
-3.71634e-07
8.52798e-05
-3.60425e-07
8.44584e-05
-3.46175e-07
8.36277e-05
-3.35559e-07
8.27999e-05
-3.28894e-07
8.19898e-05
-3.25194e-07
8.12093e-05
-3.28642e-07
8.04626e-05
-3.43135e-07
7.97467e-05
-3.68324e-07
7.90512e-05
-3.9668e-07
7.83635e-05
-4.17308e-07
7.7671e-05
-4.20524e-07
7.6971e-05
-4.05844e-07
7.62702e-05
-3.77182e-07
7.558e-05
-3.40056e-07
7.49039e-05
-2.99964e-07
7.42403e-05
-2.61967e-07
7.35816e-05
-2.29232e-07
7.29167e-05
-2.02419e-07
7.22417e-05
-1.8622e-07
7.15537e-05
-1.75189e-07
7.08566e-05
-1.81806e-07
7.01554e-05
-1.67008e-07
6.94858e-05
-2.23097e-07
6.87569e-05
-2.51589e-07
6.80432e-05
-3.28277e-07
6.73227e-05
-2.08951e-07
6.66168e-05
-3.0688e-07
6.5933e-05
-2.1122e-07
6.52655e-05
-2.20175e-07
6.46022e-05
-2.27888e-07
6.39443e-05
-2.77407e-07
6.33035e-05
-2.78063e-07
6.26782e-05
-3.22455e-07
6.20868e-05
-3.18118e-07
6.15208e-05
-3.0782e-07
6.09958e-05
-3.16751e-07
6.04954e-05
-3.1632e-07
6.00138e-05
-3.21572e-07
5.95368e-05
-3.14272e-07
5.90642e-05
-3.02012e-07
5.85828e-05
-2.87761e-07
5.81039e-05
-2.77007e-07
5.76237e-05
-2.67062e-07
5.71312e-05
-2.48326e-07
5.66459e-05
-2.37027e-07
5.61519e-05
-2.38363e-07
5.5656e-05
-2.36259e-07
5.51623e-05
-2.2035e-07
5.46833e-05
-2.11015e-07
5.42219e-05
-1.92103e-07
5.37749e-05
-2.04045e-07
5.33337e-05
-2.12861e-07
5.29175e-05
-1.89476e-07
5.25224e-05
-1.95633e-07
5.21236e-05
-1.99278e-07
5.17238e-05
-2.09246e-07
5.13938e-05
-6.98858e-08
-1.9176e-06
4.78227e-05
0.00034639
0.000247862
0.000202375
0.000163547
0.000136088
0.000119029
0.000107485
9.87979e-05
9.25358e-05
8.80999e-05
8.496e-05
8.28492e-05
8.18784e-05
8.13522e-05
8.14451e-05
8.12642e-05
8.08056e-05
8.01958e-05
7.95094e-05
7.87683e-05
7.79972e-05
7.72383e-05
7.65353e-05
7.58664e-05
7.51663e-05
7.44159e-05
7.36537e-05
7.29158e-05
7.21815e-05
7.14116e-05
7.05934e-05
6.97607e-05
6.89717e-05
6.82489e-05
6.75879e-05
6.69675e-05
6.63601e-05
6.57404e-05
6.50987e-05
6.4453e-05
6.38191e-05
6.31841e-05
6.25276e-05
6.18459e-05
6.11603e-05
6.0504e-05
5.98971e-05
5.93392e-05
5.88242e-05
5.83461e-05
5.78909e-05
5.74403e-05
5.69819e-05
5.65136e-05
5.60419e-05
5.55766e-05
5.51266e-05
5.46954e-05
5.42815e-05
5.38782e-05
5.34762e-05
5.30658e-05
5.26431e-05
5.22109e-05
5.17785e-05
5.13532e-05
5.0936e-05
5.05236e-05
5.01084e-05
4.96851e-05
4.92506e-05
4.88091e-05
4.83532e-05
4.79218e-05
4.7464e-05
4.69617e-05
4.64841e-05
4.60099e-05
4.55654e-05
4.51449e-05
4.47283e-05
4.43086e-05
4.3886e-05
4.34594e-05
4.30413e-05
4.26342e-05
4.22461e-05
4.18827e-05
4.15339e-05
4.11952e-05
4.08652e-05
4.05363e-05
4.02072e-05
3.98838e-05
3.95553e-05
3.92312e-05
3.89131e-05
3.85944e-05
3.82786e-05
3.79699e-05
3.76728e-05
3.73845e-05
3.70992e-05
3.68228e-05
3.65672e-05
3.63127e-05
3.60488e-05
3.58022e-05
3.56913e-05
3.40465e-05
5.49506e-06
1.8378e-10
5.49379e-06
-1.44651e-10
5.49105e-06
4.15333e-10
5.4875e-06
7.2077e-10
5.48393e-06
7.61199e-10
5.48121e-06
1.79838e-09
5.47916e-06
1.36687e-09
5.47602e-06
-4.62219e-10
5.47435e-06
-7.99275e-10
5.47644e-06
-1.84744e-09
5.47387e-06
-2.90187e-09
5.47128e-06
-2.76908e-09
5.47101e-06
1.09226e-09
5.47741e-06
4.42703e-09
5.47973e-06
-3.21529e-09
5.47928e-06
5.58853e-09
5.47842e-06
6.93254e-09
5.47598e-06
4.84764e-09
5.47079e-06
7.91711e-09
5.46408e-06
1.50445e-08
5.45621e-06
2.80298e-08
5.45034e-06
3.27125e-08
5.44258e-06
5.62529e-08
5.41108e-06
7.75391e-08
5.3803e-06
4.88373e-09
5.37558e-06
-3.32815e-07
5.55068e-06
-1.94299e-06
7.08222e-06
-8.40307e-06
1.29708e-05
-1.84926e-05
2.14036e-05
-2.45469e-05
3.17745e-05
-5.03135e-07
4.02728e-05
-1.31081e-05
4.83661e-05
-2.37039e-05
5.69822e-05
-1.29721e-05
6.62749e-05
-1.66448e-05
7.52243e-05
-1.68615e-05
8.26185e-05
-8.64005e-06
9.03685e-05
-1.16789e-05
9.74518e-05
-1.57604e-05
0.000102803
-6.56235e-06
0.000106994
-4.84497e-06
0.000110691
-5.60337e-06
0.000115036
-7.17297e-06
0.00011751
-4.51232e-06
0.000119084
-2.33763e-06
0.000120397
-1.28558e-06
0.000121472
-1.54443e-06
0.000122334
-1.77286e-06
0.000122786
-8.29775e-07
0.000122836
8.42544e-08
0.000122681
-7.7781e-08
0.000122513
8.90145e-07
0.000122505
1.54021e-06
0.000122856
2.14276e-06
0.000123025
1.5237e-06
0.000122998
6.86262e-07
0.000122701
-1.32988e-06
0.000122696
-3.04694e-06
0.000122787
-3.45749e-06
0.000122845
-4.05412e-06
0.000122711
-4.49296e-06
0.000122553
-4.42446e-06
0.00012228
-3.9845e-06
0.000121669
-3.44081e-06
0.000120632
-3.12344e-06
0.000119186
-2.76328e-06
0.000117424
-1.73052e-06
0.000115351
-2.16722e-07
0.000112745
1.04346e-06
0.000109521
1.41849e-06
0.000105653
1.18524e-06
0.000101195
1.69432e-06
9.62347e-05
3.54176e-06
9.09584e-05
5.54441e-06
8.58378e-05
6.07037e-06
8.10499e-05
5.58292e-06
7.66698e-05
4.45869e-06
7.26943e-05
3.1765e-06
6.89117e-05
2.72926e-06
2.83825e-06
1.25579e-05
-5.03359e-09
1.25628e-05
-5.05119e-09
1.25662e-05
-3.80321e-09
1.25685e-05
-2.9967e-09
1.25705e-05
-2.62224e-09
1.25732e-05
-5.90044e-10
1.25755e-05
-4.19418e-10
1.2576e-05
-4.13771e-09
1.25761e-05
-2.35402e-09
1.25827e-05
-6.95691e-09
1.25813e-05
-7.96166e-09
1.25785e-05
-4.59632e-09
1.25797e-05
1.49126e-09
1.25931e-05
3.98975e-09
1.25998e-05
-8.74328e-09
1.26023e-05
9.7036e-09
1.26063e-05
1.16743e-08
1.26101e-05
7.30504e-09
1.26126e-05
1.27814e-08
1.26144e-05
2.73333e-08
1.2616e-05
5.38582e-08
1.2621e-05
6.22558e-08
1.26159e-05
1.19754e-07
1.2582e-05
1.66031e-07
1.25683e-05
-6.96062e-09
1.27364e-05
-8.68987e-07
1.37196e-05
-4.88054e-06
1.84915e-05
-2.07555e-05
3.03185e-05
-4.43046e-05
4.37405e-05
-5.41979e-05
5.68875e-05
-1.28897e-05
6.914e-05
-3.02722e-05
8.04637e-05
-4.77649e-05
9.13038e-05
-2.70176e-05
0.000103899
-3.72565e-05
0.00011592
-3.76755e-05
0.000125218
-1.98444e-05
0.000135176
-2.64338e-05
0.000144309
-3.45307e-05
0.000150737
-1.4377e-05
0.000155657
-1.0491e-05
0.000160096
-1.20366e-05
0.000165963
-1.61381e-05
0.000169078
-9.88923e-06
0.000170925
-4.99537e-06
0.000172471
-2.7516e-06
0.000173838
-3.34371e-06
0.000175016
-3.89719e-06
0.000175653
-1.84771e-06
0.000175718
2.92223e-07
0.00017557
-5.91032e-08
0.000175349
1.7451e-06
0.000175396
3.18608e-06
0.000176013
4.3463e-06
0.000176364
3.15555e-06
0.000176387
1.35559e-06
0.000176087
-2.35763e-06
0.000176251
-5.66649e-06
0.000176478
-6.62577e-06
0.000176649
-7.71061e-06
0.000176666
-8.80692e-06
0.000176577
-8.59813e-06
0.000176205
-7.67793e-06
0.000175304
-6.46337e-06
0.000173815
-5.67126e-06
0.000171774
-4.77231e-06
0.000169318
-2.61238e-06
0.000166412
4.74236e-07
0.000162758
3.09385e-06
0.000158295
3.95175e-06
0.00015299
3.69403e-06
0.000146864
5.00698e-06
0.000139939
9.06513e-06
0.000132508
1.32982e-05
0.000125378
1.42325e-05
0.000118762
1.31069e-05
0.000112744
1.0643e-05
0.000107281
7.8878e-06
0.000102062
6.92079e-06
7.2588e-06
1.92826e-05
-1.40718e-08
1.92952e-05
-1.33001e-08
1.93063e-05
-1.11011e-08
1.93161e-05
-9.67384e-09
1.93256e-05
-8.81179e-09
1.93359e-05
-6.38165e-09
1.93453e-05
-5.26105e-09
1.93505e-05
-9.61159e-09
1.93551e-05
-5.05836e-09
1.93662e-05
-1.32122e-08
1.93663e-05
-1.5457e-08
1.93639e-05
-4.95223e-09
1.93676e-05
2.0298e-09
1.93874e-05
1.19944e-09
1.93982e-05
-1.35551e-08
1.94029e-05
1.49104e-08
1.94117e-05
1.73975e-08
1.94225e-05
1.16312e-08
1.94333e-05
2.0589e-08
1.9446e-05
4.29014e-08
1.94601e-05
8.43282e-08
1.9479e-05
9.57741e-08
1.94823e-05
1.97919e-07
1.94505e-05
2.68266e-07
1.94465e-05
-2.99293e-08
1.97738e-05
-1.62342e-06
2.15176e-05
-8.9367e-06
2.94049e-05
-3.74259e-05
4.75645e-05
-7.91958e-05
6.65758e-05
-8.79494e-05
8.32259e-05
-4.762e-05
9.90006e-05
-4.98606e-05
0.000114411
-6.88953e-05
0.000128061
-4.05839e-05
0.000143861
-6.21256e-05
0.000158929
-6.31412e-05
0.000170208
-3.4102e-05
0.000182212
-4.44077e-05
0.000193359
-5.63598e-05
0.000200968
-2.32683e-05
0.000206601
-1.66202e-05
0.000211706
-1.88827e-05
0.000219122
-2.68294e-05
0.000222888
-1.60428e-05
0.000225003
-7.75666e-06
0.00022674
-4.10847e-06
0.000228362
-5.20135e-06
0.000229835
-6.26358e-06
0.000230654
-2.92097e-06
0.000230736
8.35134e-07
0.000230557
2.09611e-07
0.000230294
2.48108e-06
0.000230381
5.10967e-06
0.000231258
6.84358e-06
0.000231805
5.05782e-06
0.000231858
2.12217e-06
0.000231527
-3.46101e-06
0.000231828
-8.48681e-06
0.000232186
-1.00494e-05
0.000232505
-1.14554e-05
0.00023258
-1.31955e-05
0.000232585
-1.28474e-05
0.000232112
-1.12901e-05
0.000230895
-9.18174e-06
0.000228924
-7.73745e-06
0.00022625
-6.1613e-06
0.000223048
-2.72307e-06
0.00021924
2.22817e-06
0.000214459
6.53323e-06
0.000208665
8.04295e-06
0.000201819
7.87002e-06
0.000193925
1.01269e-05
0.000184933
1.67241e-05
0.000175244
2.34382e-05
0.000166012
2.46445e-05
0.000157498
2.26861e-05
0.000149781
1.86013e-05
0.000142787
1.41325e-05
0.000136093
1.25869e-05
1.33132e-05
2.62933e-05
-2.42393e-08
2.63145e-05
-2.23658e-08
2.63345e-05
-1.91876e-08
2.63537e-05
-1.70936e-08
2.63731e-05
-1.58231e-08
2.63937e-05
-1.34697e-08
2.64126e-05
-1.14952e-08
2.64251e-05
-1.65872e-08
2.64373e-05
-6.24531e-09
2.64547e-05
-2.03489e-08
2.64562e-05
-2.55349e-08
2.64552e-05
-3.20146e-09
2.64628e-05
3.42881e-09
2.64892e-05
-1.10727e-09
2.65025e-05
-1.48976e-08
2.65083e-05
2.28411e-08
2.65204e-05
2.78924e-08
2.65376e-05
2.22469e-08
2.65564e-05
3.67047e-08
2.65805e-05
6.88193e-08
2.66096e-05
1.28636e-07
2.66488e-05
1.40612e-07
2.66605e-05
3.05403e-07
2.66307e-05
3.9873e-07
2.66515e-05
-8.8176e-08
2.71618e-05
-2.67733e-06
2.97956e-05
-1.45369e-05
4.08302e-05
-5.90539e-05
6.56505e-05
-0.000124638
9.22607e-05
-0.000130839
0.000113076
-0.000100114
0.00013511
-7.19105e-05
0.000155322
-9.42412e-05
0.000171743
-6.13181e-05
0.000190614
-9.50022e-05
0.00020858
-9.36914e-05
0.00022209
-5.20881e-05
0.00023609
-6.52304e-05
0.000249142
-7.96412e-05
0.00025808
-3.32259e-05
0.000264549
-2.32299e-05
0.000270299
-2.54162e-05
0.000279061
-3.84834e-05
0.000283479
-2.276e-05
0.000285813
-1.03622e-05
0.000287594
-4.9373e-06
0.000289335
-6.68938e-06
0.000291002
-8.45379e-06
0.00029193
-3.74016e-06
0.000292018
1.6922e-06
0.000291708
8.90787e-07
0.000291402
3.13127e-06
0.000291398
7.59921e-06
0.000292542
9.75468e-06
0.000293248
7.23155e-06
0.000293314
3.11055e-06
0.000292914
-4.62588e-06
0.000293239
-1.19026e-05
0.000293672
-1.41294e-05
0.000294062
-1.58808e-05
0.000294186
-1.81421e-05
0.000294203
-1.7667e-05
0.000293564
-1.5261e-05
0.000291958
-1.19883e-05
0.000289431
-9.69632e-06
0.000286052
-7.33361e-06
0.000281995
-2.34086e-06
0.000277135
5.07158e-06
0.000271051
1.16156e-05
0.000263733
1.39348e-05
0.000255124
1.38431e-05
0.000245269
1.71093e-05
0.000234031
2.66668e-05
0.000221906
3.62773e-05
0.000210384
3.77045e-05
0.000199791
3.46423e-05
0.000190191
2.85573e-05
0.000181505
2.20236e-05
0.000173183
1.98131e-05
2.10943e-05
3.3968e-05
-3.29566e-08
3.3998e-05
-2.99576e-08
3.40279e-05
-2.57834e-08
3.40581e-05
-2.27742e-08
3.40895e-05
-2.13928e-08
3.41232e-05
-1.88227e-08
3.41549e-05
-1.7814e-08
3.41779e-05
-2.26319e-08
3.42011e-05
-4.70218e-09
3.42273e-05
-2.80617e-08
3.42326e-05
-3.70757e-08
3.4234e-05
1.01202e-09
3.42463e-05
7.1141e-09
3.42791e-05
-1.58482e-09
3.42935e-05
-1.08372e-08
3.42988e-05
3.43714e-08
3.43119e-05
4.64732e-08
3.43343e-05
4.08276e-08
3.43598e-05
6.32968e-08
3.43947e-05
1.10092e-07
3.44405e-05
1.93635e-07
3.45027e-05
2.07858e-07
3.45271e-05
4.53769e-07
3.45017e-05
5.6806e-07
3.45726e-05
-2.18983e-07
3.53354e-05
-4.1769e-06
3.91526e-05
-2.23228e-05
5.34792e-05
-8.60646e-05
8.50619e-05
-0.000180911
0.000121945
-0.000192074
0.000150559
-0.000164414
0.000180795
-0.000113824
0.000205929
-0.00014204
0.000226378
-0.000101966
0.000248809
-0.000136474
0.000269401
-0.00012628
0.000285579
-7.48707e-05
0.000301585
-8.91192e-05
0.00031637
-0.000101773
0.000326787
-4.42884e-05
0.000334207
-3.07184e-05
0.000340522
-3.06438e-05
0.000350285
-4.96797e-05
0.000355288
-2.95754e-05
0.00035774
-1.25485e-05
0.000359375
-4.79949e-06
0.000361032
-7.11965e-06
0.000362738
-9.85877e-06
0.000363616
-3.99097e-06
0.000363672
2.91325e-06
0.000363059
2.26855e-06
0.000362537
3.9703e-06
0.000362413
1.08431e-05
0.000363705
1.30646e-05
0.000364498
9.76602e-06
0.000364548
4.66562e-06
0.000364048
-5.47381e-06
0.000364155
-1.54271e-05
0.00036462
-1.83761e-05
0.000364966
-2.07701e-05
0.000365075
-2.34869e-05
0.000365089
-2.31956e-05
0.000364129
-1.97734e-05
0.000362008
-1.51919e-05
0.000358793
-1.19172e-05
0.000354549
-8.6228e-06
0.000349414
-1.56471e-06
0.000343226
9.16351e-06
0.00033555
1.85832e-05
0.000326395
2.17607e-05
0.0003157
2.16596e-05
0.000303547
2.60525e-05
0.000289693
3.922e-05
0.0002748
5.23127e-05
0.000260675
5.4005e-05
0.000247722
4.94384e-05
0.00023599
4.08391e-05
0.000225368
3.18038e-05
0.000215176
2.88073e-05
3.07986e-05
4.26274e-05
-3.68551e-08
4.26658e-05
-3.37511e-08
4.27059e-05
-2.84335e-08
4.27482e-05
-2.42005e-08
4.27938e-05
-2.26194e-08
4.28438e-05
-2.00125e-08
4.28917e-05
-2.18292e-08
4.29288e-05
-2.43122e-08
4.29662e-05
-2.45678e-09
4.30053e-05
-3.23271e-08
4.30184e-05
-4.53636e-08
4.30237e-05
7.72201e-09
4.30406e-05
1.41203e-08
4.30793e-05
-3.25419e-10
4.30939e-05
8.33063e-10
4.30978e-05
4.96318e-08
4.31076e-05
7.73799e-08
4.31329e-05
6.80524e-08
4.31629e-05
1.00274e-07
4.32064e-05
1.69997e-07
4.32699e-05
2.83115e-07
4.33571e-05
3.09866e-07
4.33974e-05
6.51571e-07
4.33894e-05
7.58284e-07
4.35588e-05
-4.73175e-07
4.4719e-05
-6.38933e-06
5.02676e-05
-3.32494e-05
6.83225e-05
-0.000118981
0.000105674
-0.000246038
0.000156499
-0.000275524
0.000199533
-0.000249153
0.000237341
-0.000194431
0.000268716
-0.000211437
0.000295998
-0.000159133
0.000323821
-0.000180704
0.000347191
-0.00015909
0.000366755
-0.000106112
0.000384437
-0.000115658
0.000399973
-0.000117917
0.00041169
-5.65392e-05
0.000420495
-4.06687e-05
0.000427421
-3.44028e-05
0.000437721
-5.87822e-05
0.000443085
-3.54464e-05
0.000445459
-1.3856e-05
0.000446701
-2.90933e-06
0.000447962
-5.41665e-06
0.000449418
-9.55623e-06
0.000450015
-3.09683e-06
0.000449968
4.88695e-06
0.000448924
4.45333e-06
0.000448024
5.54647e-06
0.000447635
1.46475e-05
0.000448933
1.6772e-05
0.000449712
1.29148e-05
0.000449649
6.9408e-06
0.000448773
-5.58203e-06
0.000448672
-1.8053e-05
0.00044892
-2.17091e-05
0.000448988
-2.50432e-05
0.000449007
-2.84982e-05
0.0004487
-2.86732e-05
0.000447178
-2.42595e-05
0.000444347
-1.8305e-05
0.000440228
-1.39644e-05
0.000434953
-9.55956e-06
0.000428501
5.80957e-08
0.000420592
1.49702e-05
0.000410894
2.78423e-05
0.000399502
3.18109e-05
0.000386187
3.18053e-05
0.00037125
3.75118e-05
0.000354332
5.49857e-05
0.000336236
7.21691e-05
0.000319087
7.42302e-05
0.000303364
6.76976e-05
0.000289119
5.59606e-05
0.000276191
4.39242e-05
0.000263791
3.99408e-05
4.27291e-05
5.26101e-05
-3.20223e-08
5.26557e-05
-3.05221e-08
5.27061e-05
-2.42363e-08
5.27614e-05
-1.84792e-08
5.2823e-05
-1.60035e-08
5.28926e-05
-1.45139e-08
5.29606e-05
-1.95927e-08
5.3016e-05
-1.98919e-08
5.30712e-05
2.79302e-09
5.31283e-05
-2.78193e-08
5.31547e-05
-4.80036e-08
5.3167e-05
1.76957e-08
5.31888e-05
2.63866e-08
5.32332e-05
6.46906e-09
5.32472e-05
2.33023e-08
5.32482e-05
6.89324e-08
5.32499e-05
1.24506e-07
5.32744e-05
1.06533e-07
5.33058e-05
1.47861e-07
5.33527e-05
2.52614e-07
5.34327e-05
4.01791e-07
5.35445e-05
4.60494e-07
5.36208e-05
8.87403e-07
5.36493e-05
9.46872e-07
5.39947e-05
-9.70713e-07
5.58283e-05
-9.8112e-06
6.40177e-05
-4.86665e-05
8.68092e-05
-0.000159224
0.00012764
-0.000314984
0.000193634
-0.000385792
0.000261274
-0.000362059
0.000306753
-0.00029218
0.000349616
-0.000279197
0.000390331
-0.00022416
0.000423609
-0.000219503
0.00044843
-0.000188048
0.000472531
-0.000149095
0.000492204
-0.000144691
0.00050756
-0.000124579
0.000519686
-6.88361e-05
0.000530228
-5.46817e-05
0.000537108
-3.516e-05
0.000547181
-6.3288e-05
0.000552384
-3.83219e-05
0.000554795
-1.35831e-05
0.00055554
6.6331e-07
0.000556052
-1.40466e-06
0.00055692
-6.98926e-06
0.000557173
-5.09354e-07
0.000556203
8.66331e-06
0.000554718
7.49849e-06
0.00055322
8.48848e-06
0.000552341
1.90605e-05
0.000553263
2.12307e-05
0.000553935
1.66368e-05
0.000553458
9.9826e-06
0.000551969
-4.14184e-06
0.000551395
-1.80395e-05
0.000551029
-2.25261e-05
0.000550587
-2.65592e-05
0.000550117
-3.1134e-05
0.000549331
-3.26289e-05
0.000547115
-2.74749e-05
0.000543303
-2.00838e-05
0.000537951
-1.46441e-05
0.00053114
-8.70335e-06
0.000522826
3.8798e-06
0.000512552
2.35498e-05
0.000500175
4.03047e-05
0.000485912
4.49593e-05
0.000469496
4.51171e-05
0.000451199
5.24832e-05
0.000430498
7.49937e-05
0.000408628
9.65414e-05
0.000387899
9.90429e-05
0.000368893
8.99951e-05
0.000351683
7.44361e-05
0.00033594
5.89735e-05
0.000320854
5.38004e-05
5.73688e-05
6.42895e-05
-1.47609e-08
6.43406e-05
-1.59331e-08
6.44002e-05
-9.48413e-09
6.44686e-05
-1.96271e-09
6.45478e-05
2.38154e-09
6.464e-05
1.90551e-09
6.47327e-05
-8.1276e-09
6.48116e-05
-5.19257e-09
6.48894e-05
1.85718e-08
6.49706e-05
-1.26691e-08
6.50183e-05
-4.3591e-08
6.50421e-05
3.23026e-08
6.50705e-05
4.77673e-08
6.51209e-05
2.67624e-08
6.5136e-05
5.78339e-08
6.51291e-05
1.001e-07
6.51222e-05
1.8438e-07
6.51373e-05
1.6478e-07
6.51629e-05
2.10206e-07
6.52037e-05
3.64117e-07
6.52939e-05
5.57576e-07
6.54263e-05
6.7289e-07
6.55562e-05
1.14005e-06
6.56676e-05
1.07271e-06
6.63186e-05
-1.92924e-06
6.93332e-05
-1.53396e-05
8.15296e-05
-7.04666e-05
0.000110739
-0.000209049
0.000153707
-0.000383681
0.000220746
-0.000504466
0.000324321
-0.000517653
0.000400523
-0.000415875
0.000456044
-0.000329735
0.000506309
-0.000298008
0.000551384
-0.000271819
0.00058298
-0.000221296
0.00061154
-0.000201873
0.000630597
-0.000166154
0.000642152
-0.000120272
0.00065473
-8.25206e-05
0.000670726
-7.8896e-05
0.000678733
-3.35881e-05
0.000687663
-6.02389e-05
0.000691362
-3.40921e-05
0.000693118
-1.07383e-05
0.000692708
6.39228e-06
0.000691628
6.1338e-06
0.000691398
-6.92002e-07
0.000690076
6.53143e-06
0.00068843
1.48544e-05
0.000686678
1.18985e-05
0.000684135
1.32635e-05
0.000682697
2.45883e-05
0.00068287
2.74154e-05
0.000683268
2.17307e-05
0.000681726
1.50296e-05
0.000679507
-1.08937e-07
0.000678188
-1.4239e-05
0.000676808
-1.87372e-05
0.000675268
-2.33967e-05
0.000673213
-2.99817e-05
0.000670905
-3.30088e-05
0.000667483
-2.71679e-05
0.000662229
-1.79036e-05
0.000655261
-1.11081e-05
0.000646791
-3.64177e-06
0.000636458
1.16586e-05
0.000623152
3.62325e-05
0.000607207
5.76866e-05
0.000589334
6.34322e-05
0.000568706
6.43678e-05
0.000546331
7.29727e-05
0.000521306
0.000100378
0.000495036
0.000126114
0.000470067
0.000129192
0.000447029
0.000117223
0.000426085
9.72195e-05
0.000406838
7.7821e-05
0.000388446
7.11862e-05
7.5336e-05
7.80783e-05
1.92752e-08
7.81322e-05
1.5627e-08
7.81989e-05
2.11609e-08
7.82795e-05
3.04368e-08
7.83769e-05
3.75161e-08
7.84943e-05
3.4887e-08
7.86163e-05
1.75265e-08
7.87255e-05
2.57178e-08
7.88318e-05
5.18643e-08
7.89432e-05
1.73746e-08
7.90239e-05
-2.68271e-08
7.90658e-05
5.4086e-08
7.91043e-05
8.20506e-08
7.91621e-05
6.89282e-08
7.91779e-05
1.09766e-07
7.91624e-05
1.49255e-07
7.91412e-05
2.55508e-07
7.91409e-05
2.53181e-07
7.91485e-05
2.99258e-07
7.91681e-05
5.13542e-07
7.92562e-05
7.63252e-07
7.94012e-05
9.54955e-07
7.95833e-05
1.40735e-06
7.98687e-05
1.00294e-06
8.10778e-05
-3.77771e-06
8.62011e-05
-2.45644e-05
0.000104553
-0.000101942
0.000142253
-0.000270243
0.000187454
-0.000453129
0.000247636
-0.000607406
0.000359995
-0.000688611
0.000486289
-0.000614796
0.000589399
-0.000472625
0.000653298
-0.000397436
0.00069488
-0.000326394
0.000727595
-0.000259279
0.000773196
-0.000272517
0.000802063
-0.000207047
0.000813242
-0.000118751
0.000821465
-8.55072e-05
0.000842697
-0.00010345
0.000849973
-2.78409e-05
0.000856421
-4.82742e-05
0.000858853
-2.75269e-05
0.000862892
-1.09859e-05
0.000862835
1.11114e-05
0.000862036
1.30985e-05
0.000859624
9.91621e-06
0.000855747
1.94341e-05
0.000852901
2.31293e-05
0.0008503
1.81344e-05
0.00084655
2.13717e-05
0.000843834
3.17883e-05
0.000843018
3.18647e-05
0.000842025
2.55134e-05
0.000839255
1.97374e-05
0.000835665
6.55805e-06
0.000833004
-6.04327e-06
0.000829769
-9.06148e-06
0.000826079
-1.2893e-05
0.000822419
-2.04979e-05
0.000819199
-2.37837e-05
0.000814673
-1.6758e-05
0.0008077
-4.77884e-06
0.000798483
3.75502e-06
0.000786853
1.19079e-05
0.000772932
2.78553e-05
0.000755495
5.57186e-05
0.000735043
8.17035e-05
0.000712602
8.88847e-05
0.000687806
9.03013e-05
0.00066056
0.000100554
0.000629932
0.000132934
0.000598675
0.000161441
0.000568747
0.00016489
0.000541007
0.000149623
0.000515593
0.000125057
0.000491843
0.000101655
0.000469101
9.34292e-05
9.75306e-05
9.44805e-05
7.62353e-08
9.45337e-05
7.19018e-08
9.46043e-05
7.54366e-08
9.46945e-05
8.6029e-08
9.48095e-05
9.63397e-08
9.49539e-05
9.12723e-08
9.51096e-05
6.70093e-08
9.52572e-05
7.85293e-08
9.5399e-05
1.07885e-07
9.55477e-05
7.27671e-08
9.56764e-05
1.30488e-08
9.57463e-05
8.76446e-08
9.58001e-05
1.3372e-07
9.58682e-05
1.41467e-07
9.58849e-05
1.87714e-07
9.58599e-05
2.24647e-07
9.58076e-05
3.47923e-07
9.57883e-05
3.82201e-07
9.57772e-05
4.25597e-07
9.57594e-05
7.00115e-07
9.58063e-05
1.05989e-06
9.59545e-05
1.30623e-06
9.62019e-05
1.65537e-06
9.6817e-05
5.04905e-07
9.90913e-05
-7.40053e-06
0.000108032
-4.04619e-05
0.000135968
-0.000148517
0.000183857
-0.000343621
0.000233347
-0.000528147
0.000288048
-0.000691044
0.000356292
-0.000805172
0.000533356
-0.000886414
0.0006797
-0.000698144
0.000795175
-0.000596803
0.000864163
-0.000443494
0.000904572
-0.000307044
0.000942581
-0.000313523
0.00096698
-0.000239444
0.000989076
-0.000153175
0.00101414
-0.000112992
0.00103918
-0.000130358
0.00104868
-3.63544e-05
0.00105314
-2.91583e-05
0.00105006
-7.56965e-06
0.00105615
-1.24688e-05
0.0010562
1.06542e-05
0.00105336
1.76549e-05
0.00104948
2.03444e-05
0.00104484
3.19195e-05
0.00104309
3.02688e-05
0.00104185
2.27589e-05
0.00103715
2.80149e-05
0.00103325
3.81199e-05
0.0010306
3.88475e-05
0.001028
3.45204e-05
0.00102462
2.97725e-05
0.00102132
2.12329e-05
0.0010176
1.38703e-05
0.00101206
1.58382e-05
0.00100609
1.42255e-05
0.0009995
3.52268e-06
0.000992577
-2.90817e-06
0.00098522
2.98281e-06
0.000975846
1.55632e-05
0.000964264
2.47989e-05
0.000951119
3.33453e-05
0.000934851
5.16711e-05
0.00091281
8.51195e-05
0.000886425
0.000117517
0.000858323
0.000127405
0.000827337
0.000128712
0.000795412
0.000138075
0.000760341
0.000172063
0.000723736
0.000201936
0.000688012
0.000206016
0.000654371
0.000187921
0.000623171
0.000159172
0.000593927
0.000131771
0.000565823
0.000121815
0.000124799
0.000114139
1.6581e-07
0.000114187
1.63989e-07
0.000114257
1.64264e-07
0.000114352
1.74977e-07
0.000114482
1.88672e-07
0.000114654
1.81022e-07
0.000114848
1.52711e-07
0.000115042
1.6315e-07
0.000115229
1.94809e-07
0.000115423
1.65512e-07
0.000115617
9.07019e-08
0.000115731
1.41172e-07
0.000115809
2.11547e-07
0.000115891
2.54669e-07
0.000115909
3.05376e-07
0.000115875
3.4008e-07
0.000115788
4.73526e-07
0.000115722
5.71018e-07
0.00011568
6.12801e-07
0.000115604
9.33817e-07
0.000115585
1.48624e-06
0.000115712
1.71921e-06
0.000116074
1.7695e-06
0.000117303
-8.82578e-07
0.000121683
-1.45452e-05
0.000137904
-6.86691e-05
0.000180172
-0.000217185
0.000238844
-0.000430278
0.000296424
-0.000613728
0.000356431
-0.000774307
0.000419643
-0.000918434
0.000487854
-0.00102707
0.00070345
-0.00107933
0.000879443
-0.000887419
0.000981827
-0.00061294
0.001066
-0.000483443
0.00111846
-0.000387898
0.00114165
-0.000256608
0.00116328
-0.000189604
0.00119352
-0.000151149
0.00121614
-0.000143239
0.00122862
-6.31021e-05
0.00123971
-1.50259e-05
0.00124876
-3.59684e-06
0.0012536
-2.53894e-05
0.00125527
1.75897e-06
0.00125772
1.95932e-05
0.00125117
3.85831e-05
0.00124596
4.82815e-05
0.00124496
3.43973e-05
0.00124366
2.57034e-05
0.00123916
3.69993e-05
0.00123847
4.40831e-05
0.00123813
4.21805e-05
0.00123416
3.72389e-05
0.00122907
3.33051e-05
0.0012245
2.96672e-05
0.00121955
2.76844e-05
0.00121216
3.46106e-05
0.00120231
3.60185e-05
0.00119184
3.19594e-05
0.00118342
3.22171e-05
0.00117497
4.03097e-05
0.00116327
5.43133e-05
0.00114884
6.57216e-05
0.00113295
7.40937e-05
0.00111383
9.02993e-05
0.00108845
0.000123287
0.00105805
0.0001574
0.00102516
0.000170073
0.000990644
0.000172563
0.000952069
0.000186041
0.000910682
0.000220377
0.00087022
0.000246381
0.000829478
0.000250539
0.00079042
0.000230928
0.000753003
0.000200462
0.000716379
0.000170998
0.000681016
0.000158589
0.00015807
0.000137897
3.02319e-07
0.000137934
3.08853e-07
0.000137996
3.03773e-07
0.000138092
3.11891e-07
0.000138232
3.28278e-07
0.000138427
3.19556e-07
0.000138663
2.89893e-07
0.000138914
2.9634e-07
0.000139157
3.27667e-07
0.00013941
3.08525e-07
0.000139685
2.2402e-07
0.000139871
2.2944e-07
0.000139987
3.28884e-07
0.000140085
4.23521e-07
0.000140107
4.83081e-07
0.000140066
5.16866e-07
0.000139947
6.5571e-07
0.000139797
8.29657e-07
0.00013969
9.00339e-07
0.00013952
1.30775e-06
0.000139431
2.01095e-06
0.000139526
2.16377e-06
0.000140143
1.48601e-06
0.000142585
-4.2103e-06
0.000151325
-2.90569e-05
0.000181354
-0.000118595
0.000243062
-0.000313654
0.000312302
-0.000531965
0.000380305
-0.000711916
0.00044539
-0.000866127
0.000502579
-0.000992595
0.000552392
-0.00110669
0.000591449
-0.00117804
0.000777684
-0.00121866
0.0010354
-0.00103858
0.00117762
-0.000740515
0.0012391
-0.000478194
0.00127886
-0.000317715
0.00133845
-0.000285017
0.00137096
-0.000206401
0.00138948
-0.000141917
0.00140425
-8.82801e-05
0.00141675
-1.03601e-05
0.00142681
-1.12177e-05
0.00143281
-2.77457e-05
0.00143523
2.95949e-06
0.00144313
9.29218e-06
0.00144351
3.50572e-05
0.00143595
5.01691e-05
0.00143417
2.97339e-05
0.00143586
2.05946e-05
0.00143668
3.39074e-05
0.00143671
3.90766e-05
0.0014312
3.5465e-05
0.0014248
3.10754e-05
0.00142149
3.73793e-05
0.00141851
4.74004e-05
0.00141278
5.70102e-05
0.00140429
6.75271e-05
0.00139455
7.37952e-05
0.0013872
7.80237e-05
0.00138016
7.78713e-05
0.00137058
8.11504e-05
0.0013582
9.27564e-05
0.00134387
0.000107211
0.00132681
0.000121411
0.00130324
0.000142747
0.00127234
0.000174544
0.00123644
0.000203368
0.00119805
0.000217245
0.00115959
0.000222501
0.00112092
0.000239175
0.00108109
0.000270004
0.00103734
0.000292018
0.000991914
0.000294739
0.000947108
0.000275234
0.000903138
0.000245523
0.000859146
0.00021699
0.000816396
0.000203115
0.000197271
0.00016689
5.04518e-07
0.000166909
5.31987e-07
0.000166954
5.19714e-07
0.000167042
5.18853e-07
0.000167187
5.3508e-07
0.000167401
5.28701e-07
0.000167683
4.99925e-07
0.000168002
5.00751e-07
0.000168318
5.29018e-07
0.000168643
5.21521e-07
0.000169019
4.3449e-07
0.000169314
3.78902e-07
0.000169493
5.04517e-07
0.000169615
6.70431e-07
0.000169641
7.50313e-07
0.000169593
7.86368e-07
0.00016944
9.3205e-07
0.000169175
1.18416e-06
0.000168931
1.35478e-06
0.000168619
1.90191e-06
0.000168456
2.6298e-06
0.000168578
2.49773e-06
0.000169834
1.54814e-07
0.00017498
-1.20705e-05
0.000193613
-6.0042e-05
0.000247363
-0.000203927
0.000330783
-0.000436799
0.000410922
-0.000649503
0.000487416
-0.000820237
0.000553144
-0.000956668
0.000604119
-0.00106512
0.000640771
-0.00114915
0.000668566
-0.00121485
0.00068697
-0.00126228
0.00080825
-0.00128816
0.00108424
-0.00122361
0.00130014
-0.000871003
0.00141343
-0.000517443
0.00147607
-0.000385223
0.00151009
-0.000266044
0.00153499
-0.000151822
0.00156494
-0.000143711
0.00156953
-3.45067e-05
0.0016033
-4.77203e-05
0.00161099
-2.12609e-05
0.00161363
8.8732e-06
0.001618
5.50065e-08
0.00161877
2.05752e-05
0.00161379
4.43585e-05
0.00161169
3.15573e-05
0.0016103
2.92041e-05
0.00161183
3.49023e-05
0.00161608
3.05857e-05
0.00161614
2.81625e-05
0.00161125
3.50813e-05
0.00161064
5.23312e-05
0.00161253
7.41564e-05
0.00161106
9.14721e-05
0.00160247
0.000107158
0.00159291
0.00011695
0.00158031
0.000121448
0.00156646
0.000121836
0.00155483
0.000122787
0.00154211
0.000132265
0.00152719
0.000147822
0.0015097
0.000165432
0.00148767
0.000188322
0.00145853
0.000217375
0.00142119
0.00024716
0.00137976
0.000271984
0.00133846
0.000287905
0.00129431
0.000305266
0.00125256
0.000319324
0.00121109
0.00033079
0.00116605
0.000333009
0.00111921
0.000318956
0.00106962
0.000296942
0.0010176
0.000272119
0.00096702
0.000256143
0.000241939
0.000202682
7.97487e-07
0.000202681
8.59495e-07
0.0002027
8.48864e-07
0.00020277
8.31922e-07
0.000202913
8.39594e-07
0.000203147
8.36902e-07
0.00020348
8.12118e-07
0.000203881
8.07002e-07
0.000204292
8.30406e-07
0.000204719
8.33819e-07
0.000205215
7.48662e-07
0.000205666
6.32551e-07
0.000205952
7.66918e-07
0.000206109
1.02985e-06
0.000206141
1.14978e-06
0.000206081
1.19705e-06
0.000205876
1.36262e-06
0.00020547
1.70118e-06
0.000204981
2.06742e-06
0.000204444
2.82344e-06
0.000204248
3.25459e-06
0.000204631
2.30997e-06
0.000207635
-4.09041e-06
0.000219722
-3.15064e-05
0.00026074
-0.00012581
0.000348682
-0.000338244
0.000448857
-0.000578423
0.000539554
-0.000779448
0.000615428
-0.000926152
0.000676223
-0.00103743
0.000718252
-0.00112469
0.000744979
-0.00118787
0.000766045
-0.00123076
0.000776368
-0.00127913
0.000782893
-0.00130229
0.000832762
-0.00133774
0.00106538
-0.00132591
0.00138794
-0.0011014
0.00155673
-0.000685967
0.00163526
-0.000412709
0.0016814
-0.000213844
0.00171961
-0.00020803
0.00172256
-6.11902e-05
0.00176553
-9.44898e-05
0.00177414
-2.08942e-05
0.00177945
5.0815e-06
0.00178886
-8.84584e-06
0.00178914
9.62003e-06
0.00178936
3.21886e-05
0.00179321
3.11672e-05
0.00178844
5.10034e-05
0.00178741
5.46135e-05
0.00179041
3.48514e-05
0.00179022
3.24813e-05
0.00178531
4.51612e-05
0.00178316
6.23902e-05
0.00178438
8.33522e-05
0.00178262
9.80811e-05
0.00177662
0.000110579
0.00177106
0.000114603
0.00176499
0.000127871
0.00175646
0.000149429
0.00174778
0.000162137
0.00173576
0.000178232
0.00171823
0.000201275
0.00169417
0.000226187
0.00166666
0.000245521
0.00163631
0.000260614
0.0015999
0.000284583
0.0015567
0.000318599
0.00151266
0.000347935
0.00146997
0.000365371
0.00142831
0.000371132
0.00138719
0.000373999
0.0013434
0.000371286
0.00129616
0.000358773
0.00124403
0.000344386
0.00118666
0.000328348
0.00112906
0.000315478
0.000291135
0.000247474
1.22731e-06
0.000247447
1.32332e-06
0.000247447
1.32824e-06
0.000247486
1.30475e-06
0.000247614
1.29331e-06
0.000247866
1.28608e-06
0.00024826
1.26608e-06
0.000248761
1.25681e-06
0.000249297
1.27646e-06
0.000249862
1.2873e-06
0.00025051
1.20548e-06
0.00025117
1.0475e-06
0.000251632
1.16253e-06
0.000251841
1.55714e-06
0.000251879
1.74688e-06
0.000251793
1.82575e-06
0.000251501
2.04657e-06
0.000250898
2.51051e-06
0.000250026
3.18191e-06
0.000249271
3.98509e-06
0.000249126
3.64818e-06
0.000250662
1.36062e-07
0.000259018
-1.70897e-05
0.000290986
-8.2434e-05
0.000372594
-0.000252419
0.000495676
-0.000514474
0.000602829
-0.00073099
0.000692377
-0.000904587
0.000761684
-0.00101618
0.000806107
-0.00110283
0.000838682
-0.00116631
0.000863542
-0.00121016
0.000872952
-0.00124944
0.000878472
-0.00128025
0.000887659
-0.00131103
0.000900348
-0.0013417
0.000912836
-0.00135873
0.00102619
-0.00136843
0.00135914
-0.00130386
0.00164347
-0.000937389
0.00179505
-0.000507129
0.00186107
-0.000311327
0.00188716
-0.000131203
0.00192748
-0.000141493
0.0019287
-2.68586e-05
0.00195042
-7.28313e-06
0.00196642
-2.39924e-05
0.00196721
-1.96805e-06
0.00196953
1.71829e-05
0.00197229
3.22592e-05
0.00196981
6.99463e-05
0.00196939
7.50942e-05
0.00197355
4.5737e-05
0.00197197
4.85997e-05
0.0019654
6.48203e-05
0.00195923
7.95121e-05
0.00195343
9.17686e-05
0.00195137
9.17403e-05
0.00195085
9.18452e-05
0.00195021
0.000102904
0.00194824
0.000125009
0.00194589
0.000152907
0.0019403
0.000169926
0.00193103
0.000186922
0.00191411
0.000220452
0.00189075
0.000265766
0.00186198
0.000298146
0.00182684
0.000316599
0.00178562
0.000339356
0.00173839
0.000378838
0.00168815
0.000417524
0.00164436
0.000427401
0.00160505
0.000418464
0.0015657
0.000407558
0.00152126
0.000400428
0.00146976
0.000397674
0.0014131
0.000394829
0.00135358
0.000387568
0.00129285
0.000378939
0.000344523
0.000304188
1.86426e-06
0.000304127
1.98274e-06
0.000304122
2.00592e-06
0.000304138
1.99076e-06
0.000304238
1.96135e-06
0.000304492
1.93854e-06
0.000304947
1.91546e-06
0.000305564
1.90409e-06
0.000306257
1.92433e-06
0.000306999
1.93862e-06
0.000307831
1.85994e-06
0.000308741
1.68382e-06
0.000309469
1.77401e-06
0.000309755
2.32667e-06
0.000309796
2.63911e-06
0.000309661
2.78837e-06
0.000309217
3.13982e-06
0.000308318
3.80641e-06
0.000306939
4.84795e-06
0.000306268
4.72449e-06
0.000306873
2.52451e-06
0.000313058
-9.50176e-06
0.000339776
-5.90804e-05
0.000415996
-0.000199817
0.000553614
-0.000455762
0.000683674
-0.000697295
0.000785404
-0.000877302
0.000865474
-0.00100475
0.000909101
-0.00108288
0.000942481
-0.00114722
0.000973602
-0.00119133
0.000984167
-0.00122503
0.000988168
-0.00125735
0.000993886
-0.00128304
0.0010054
-0.00131321
0.00100556
-0.00133306
0.0010071
-0.00135682
0.00101439
-0.00137931
0.00105547
-0.00139275
0.00126766
-0.00138272
0.00164196
-0.00124
0.0018996
-0.000780395
0.00204531
-0.000398693
0.00208214
-0.000211223
0.00207932
-5.47201e-05
0.00212817
-5.76353e-05
0.00214837
-1.81138e-05
0.00214912
6.97667e-06
0.00215878
-1.94152e-06
0.00215762
3.6043e-05
0.00214948
8.64093e-05
0.00215536
7.8336e-05
0.00216149
7.14146e-05
0.00215467
9.00158e-05
0.00215148
8.43788e-05
0.00214878
8.31501e-05
0.00214005
9.07924e-05
0.00213704
8.77218e-05
0.00213937
8.43745e-05
0.00214142
8.86792e-05
0.0021428
0.000112406
0.00214077
0.000142106
0.00213493
0.000164659
0.00212525
0.000182051
0.00210741
0.00021869
0.0020821
0.000268175
0.00205655
0.000306696
0.00202984
0.000335185
0.001993
0.000379275
0.00194401
0.0004374
0.00188887
0.000487641
0.00183676
0.000506975
0.00178392
0.000479855
0.00173962
0.00044028
0.00169495
0.000423972
0.0016444
0.000432756
0.00158675
0.000449485
0.00152554
0.000450592
0.00146129
0.000444542
0.000398656
0.000376259
2.77167e-06
0.000376154
2.89639e-06
0.000376142
2.9377e-06
0.000376151
2.93965e-06
0.000376217
2.90403e-06
0.000376445
2.8636e-06
0.000376931
2.82531e-06
0.000377662
2.80591e-06
0.000378515
2.83549e-06
0.00037944
2.85302e-06
0.000380467
2.77892e-06
0.000381639
2.60545e-06
0.000382711
2.7199e-06
0.00038309
3.4337e-06
0.000383124
3.94521e-06
0.000382889
4.23415e-06
0.000382222
4.80281e-06
0.000380986
5.74268e-06
0.000379917
6.00306e-06
0.000379741
3.74926e-06
0.000385655
-7.19983e-06
0.000409192
-4.65644e-05
0.000484651
-0.000172505
0.0006355
-0.000417434
0.000784593
-0.000678637
0.000901268
-0.000852734
0.000988616
-0.00100021
0.00102868
-0.00106684
0.00106354
-0.00112668
0.00109792
-0.00117109
0.00110804
-0.00120662
0.00111074
-0.00123378
0.00111802
-0.00125961
0.0011304
-0.00128635
0.00113209
-0.00130812
0.00113212
-0.00133035
0.00113224
-0.00134992
0.00113225
-0.00137213
0.00113593
-0.00139279
0.00115028
-0.00140985
0.00122409
-0.00141784
0.00152835
-0.00138739
0.00192095
-0.00114686
0.00214085
-0.000642942
0.0022583
-0.000274781
0.00230343
-0.000157496
0.00231786
4.01599e-06
0.00234631
6.54085e-06
0.00236184
-1.28191e-05
0.00234876
4.29309e-05
0.00234458
6.84533e-05
0.00235865
5.04759e-05
0.00235872
8.27446e-05
0.00234988
0.000107003
0.00235955
7.85825e-05
0.00236127
7.4525e-05
0.00235481
8.54049e-05
0.00235114
8.17432e-05
0.00235708
6.68652e-05
0.00235879
6.53381e-05
0.00235722
8.02385e-05
0.00234835
0.000105025
0.00234133
0.000114374
0.00233081
0.000138598
0.00231141
0.000183811
0.00228502
0.000240042
0.00225995
0.000296094
0.00223349
0.0003394
0.00219968
0.000389172
0.00215271
0.000452777
0.00209942
0.000512528
0.00204331
0.000541007
0.00198507
0.00054425
0.00192526
0.000495662
0.00186944
0.000468059
0.00180933
0.000485383
0.00174782
0.000510906
0.00168885
0.000512014
0.00162731
0.000505615
0.000455882
0.000466568
3.96719e-06
0.000466403
4.08683e-06
0.000466378
4.1456e-06
0.000466382
4.16804e-06
0.000466413
4.15003e-06
0.000466578
4.10172e-06
0.000467031
4.03932e-06
0.000467801
4.00525e-06
0.000468766
4.04059e-06
0.000469833
4.0781e-06
0.000471008
4.00796e-06
0.000472305
3.85932e-06
0.000473618
4.0963e-06
0.000474204
4.95817e-06
0.000474248
5.71589e-06
0.00047397
6.15777e-06
0.000473191
6.79768e-06
0.000472704
6.99656e-06
0.000473264
4.19129e-06
0.000480012
-8.18298e-06
0.000505449
-4.80769e-05
0.000581091
-0.000160324
0.000745346
-0.000406722
0.00091047
-0.000660129
0.00105215
-0.000855686
0.00112836
-0.000981607
0.00116524
-0.00106705
0.00119879
-0.0011044
0.0012418
-0.00115032
0.0012485
-0.00118612
0.0012481
-0.0012154
0.00125404
-0.00123805
0.00126962
-0.00126101
0.00127279
-0.00128357
0.00127174
-0.00130438
0.00127158
-0.00132568
0.00127227
-0.00134279
0.00127261
-0.00136139
0.00127073
-0.001381
0.00126941
-0.00140249
0.00127645
-0.00142326
0.00130242
-0.00143798
0.00142891
-0.00143977
0.00180283
-0.00138256
0.00221118
-0.00104277
0.00238553
-0.000545371
0.00246927
-0.000172185
0.00255048
-8.92272e-05
0.00257212
-3.80618e-05
0.00255183
4.68499e-05
0.00256748
3.51192e-05
0.00258748
1.62896e-05
0.00257872
7.43643e-05
0.00257841
8.90512e-05
0.00259624
4.91356e-05
0.0026017
4.93955e-05
0.00259995
5.1299e-05
0.00260146
4.45122e-05
0.00260683
4.21626e-05
0.00260494
5.10834e-05
0.00259567
7.0652e-05
0.00258412
7.92132e-05
0.00257038
9.4608e-05
0.0025546
0.000125328
0.00253018
0.000170735
0.00250039
0.000229699
0.00247393
0.000280668
0.00244748
0.000326389
0.00241184
0.00038363
0.00236352
0.000451378
0.00230701
0.000520611
0.00224893
0.000561886
0.00219917
0.000564347
0.00214189
0.000545312
0.0020688
0.000546205
0.00199168
0.000569437
0.00192774
0.000575668
0.0018711
0.000569153
0.00181347
0.000559995
0.000515753
0.00057458
5.35668e-06
0.000574387
5.4595e-06
0.00057435
5.52774e-06
0.000574348
5.57766e-06
0.000574358
5.59858e-06
0.000574441
5.56308e-06
0.000574783
5.48203e-06
0.000575486
5.42198e-06
0.000576418
5.48251e-06
0.000577485
5.52965e-06
0.000578614
5.47136e-06
0.000579809
5.42043e-06
0.000581164
5.79634e-06
0.000582088
6.83616e-06
0.000582369
7.56408e-06
0.000582518
7.58177e-06
0.000582814
7.22906e-06
0.000586
2.68849e-06
0.000595932
-1.18093e-05
0.00062784
-5.7064e-05
0.000715913
-0.000181957
0.000876626
-0.000403894
0.00106668
-0.000664896
0.00121675
-0.000862999
0.00127805
-0.000961333
0.00131972
-0.001056
0.00136136
-0.00109023
0.00139802
-0.0011313
0.00140013
-0.00116114
0.0013988
-0.00119448
0.00140394
-0.0012197
0.00142024
-0.00124012
0.00142507
-0.00125742
0.0014252
-0.00127895
0.00142355
-0.00129938
0.00142329
-0.00131753
0.00142287
-0.001335
0.00142291
-0.00135199
0.00142282
-0.00137245
0.0014223
-0.00139153
0.00142181
-0.00141168
0.00142504
-0.0014343
0.00143516
-0.00145254
0.00147214
-0.0014619
0.00165928
-0.00145514
0.00208677
-0.00136761
0.00248435
-0.000981622
0.00267528
-0.000512587
0.00274972
-0.000214854
0.00277446
-3.36921e-05
0.00283684
-7.36526e-05
0.00284736
-9.1251e-06
0.00282394
4.77592e-05
0.00283564
2.47198e-05
0.00286483
-5.68612e-06
0.00286763
3.34656e-05
0.0028693
3.17753e-05
0.00287316
2.40207e-05
0.00287317
3.41672e-05
0.00286331
5.09843e-05
0.00285191
6.55519e-05
0.00284124
7.9823e-05
0.00282905
0.000100457
0.00280972
0.000133806
0.00278025
0.000181885
0.00274669
0.000237309
0.00271403
0.000286318
0.00267834
0.000339467
0.00263672
0.00039735
0.00258631
0.000460055
0.00252788
0.000521537
0.00246973
0.000572994
0.00241267
0.000596435
0.00233855
0.000620901
0.00224555
0.000655307
0.00216325
0.000657231
0.00209735
0.000641092
0.00204079
0.000625011
0.00198822
0.000612586
0.000575649
0.000693663
6.67693e-06
0.00069351
6.7694e-06
0.000693487
6.84248e-06
0.000693485
6.92649e-06
0.000693493
6.9837e-06
0.000693549
6.96756e-06
0.000693797
6.88725e-06
0.000694335
6.84192e-06
0.000695113
6.91376e-06
0.000695954
7.01105e-06
0.000696888
6.93246e-06
0.000697867
6.95479e-06
0.00069906
7.34158e-06
0.000700629
7.90292e-06
0.000702038
7.92961e-06
0.000704439
5.82281e-06
0.00071131
-1.71491e-06
0.000726438
-2.0411e-05
0.000767131
-7.25535e-05
0.000878062
-0.000220099
0.00105998
-0.00045177
0.0012621
-0.000691385
0.00138447
-0.000859495
0.00144884
-0.000968464
0.00150561
-0.00103025
0.00155384
-0.00108581
0.00156188
-0.00111269
0.00156282
-0.00114451
0.00156347
-0.00116966
0.00157553
-0.00119638
0.00159054
-0.00121826
0.0015933
-0.00123549
0.00159211
-0.00125335
0.00158987
-0.00127238
0.00158967
-0.00129053
0.00159148
-0.0013077
0.00159215
-0.00132656
0.00159069
-0.00134433
0.00159035
-0.00136358
0.00159112
-0.00138189
0.00159116
-0.00140043
0.00159105
-0.00142003
0.00159114
-0.0014419
0.00159578
-0.00146202
0.00160937
-0.00147795
0.00166254
-0.00148489
0.00188061
-0.00147172
0.00231929
-0.00137771
0.00273168
-0.000994044
0.00298267
-0.000491601
0.00308411
-0.000288074
0.00309787
-5.63412e-05
0.00309588
-2.26391e-05
0.00314991
-7.21238e-05
0.00315718
-1.75089e-05
0.00315093
2.51117e-05
0.00315838
1.94086e-05
0.00316547
2.0612e-05
0.00315866
4.19395e-05
0.00314413
7.69681e-05
0.0031359
8.67754e-05
0.00312876
9.81931e-05
0.00311445
0.000128172
0.00309
0.000176263
0.00305897
0.000218752
0.00302206
0.000263766
0.00298013
0.000319386
0.00293006
0.000403219
0.00287929
0.000483059
0.00282879
0.000530456
0.00276683
0.000562807
0.00270479
0.000605866
0.00263907
0.000659341
0.00255081
0.000721773
0.00246172
0.000756119
0.00237916
0.000749513
0.0023018
0.000720563
0.0022394
0.000685644
0.00218695
0.000668614
0.000629251
0.00081458
7.70172e-06
0.000814549
7.79538e-06
0.00081457
7.89202e-06
0.000814609
7.99254e-06
0.000814658
8.06396e-06
0.00081475
8.06211e-06
0.00081498
7.99133e-06
0.000815381
7.97874e-06
0.000815894
8.1318e-06
0.000816606
8.16551e-06
0.00081741
7.9364e-06
0.000818378
7.75966e-06
0.000820103
7.25536e-06
0.000822879
6.23314e-06
0.000828582
2.14027e-06
0.000839584
-8.45457e-06
0.00086411
-3.68749e-05
0.000927816
-0.000114418
0.0010532
-0.000262771
0.00128046
-0.000528679
0.00147442
-0.000743374
0.00157406
-0.000864742
0.00165308
-0.000966069
0.00171574
-0.00101835
0.00173664
-0.00106453
0.00174093
-0.0011033
0.00174254
-0.00113078
0.00174551
-0.00114975
0.00176562
-0.00117294
0.00177449
-0.0011937
0.0017759
-0.0012147
0.00177389
-0.00123044
0.00177361
-0.00124744
0.00177452
-0.00126447
0.0017759
-0.00128226
0.00177665
-0.00129945
0.00177692
-0.0013177
0.00177644
-0.00133487
0.00177657
-0.00135358
0.00177723
-0.00137247
0.00177861
-0.00139122
0.00178021
-0.00140985
0.00178111
-0.00142947
0.0017805
-0.00144805
0.00178064
-0.00146791
0.00178654
-0.00148665
0.00180142
-0.00150125
0.0018595
-0.00150765
0.00209523
-0.00149179
0.00256703
-0.00138953
0.00295703
-0.0010422
0.00323049
-0.000529818
0.00340205
-0.000273418
0.00344675
-0.000168805
0.00344262
6.0863e-06
0.00341389
0.000126539
0.00346957
1.86482e-05
0.00347854
2.62291e-05
0.00344531
0.000116368
0.00342124
0.000183475
0.00343076
0.000168
0.00343232
0.000159801
0.00339351
0.000224524
0.00335298
0.00030208
0.00333268
0.000325411
0.00330595
0.000345161
0.00324417
0.0004141
0.00316239
0.000523434
0.00310556
0.000600848
0.00306341
0.000636623
0.00302016
0.000664387
0.00295548
0.000711954
0.00285282
0.000778968
0.00275945
0.000823476
0.00268056
0.000831456
0.00260782
0.000813658
0.00253362
0.000790272
0.00246225
0.0007565
0.0023961
0.000726168
0.000690766
0.000932961
8.41722e-06
0.000932978
8.5172e-06
0.00093304
8.61886e-06
0.000933121
8.71204e-06
0.000933235
8.76901e-06
0.000933404
8.74938e-06
0.000933653
8.66473e-06
0.000934026
8.66506e-06
0.00093464
8.7385e-06
0.000935511
8.4789e-06
0.000936733
7.6771e-06
0.000939119
5.85827e-06
0.000943335
2.75887e-06
0.000952334
-4.7213e-06
0.000970686
-2.28704e-05
0.00100972
-6.35627e-05
0.00111214
-0.000182633
0.00128704
-0.000372553
0.00152454
-0.000586316
0.0016857
-0.000788616
0.0017837
-0.000893424
0.00187237
-0.00096308
0.00190326
-0.00100942
0.00192858
-0.00105497
0.00194033
-0.00108226
0.00194147
-0.00111425
0.00194915
-0.00113756
0.00196475
-0.00115615
0.00197019
-0.00117229
0.00197046
-0.0011921
0.00196973
-0.00121109
0.00197069
-0.00122652
0.0019724
-0.00124205
0.00197273
-0.00125881
0.00197374
-0.00127641
0.0019763
-0.00129354
0.00197688
-0.00131061
0.00197656
-0.00132746
0.00197711
-0.0013458
0.00197927
-0.00136486
0.00198244
-0.00138326
0.00198521
-0.0014016
0.00198706
-0.0014205
0.00198803
-0.00143923
0.00198813
-0.001457
0.00198727
-0.00147429
0.00198733
-0.00149363
0.00199239
-0.00151137
0.00200744
-0.00152399
0.0020724
-0.00153059
0.0022985
-0.00151752
0.0027562
-0.00143971
0.00320395
-0.00113352
0.00344582
-0.000674724
0.00357425
-0.000239574
0.00364938
9.41104e-06
0.00373327
-2.81372e-05
0.00375385
7.32362e-05
0.00367937
0.000225823
0.00367396
0.000173281
0.00370028
0.000204482
0.00370647
0.00024109
0.00364504
0.00031872
0.00361286
0.000352316
0.00359072
0.000396866
0.00355994
0.000460701
0.00348644
0.000547486
0.00339908
0.000632017
0.00334828
0.000687436
0.00330858
0.00072439
0.00325264
0.00077816
0.00317282
0.000834947
0.00309157
0.000875319
0.00301933
0.000892756
0.00294519
0.000894624
0.00286764
0.000876389
0.00278715
0.000857386
0.00270919
0.000823504
0.00263018
0.000792578
0.000758433
0.00105012
8.86195e-06
0.00105017
8.95794e-06
0.00105025
9.04559e-06
0.00105036
9.11984e-06
0.00105055
9.12472e-06
0.00105081
9.01784e-06
0.0010512
8.80306e-06
0.00105196
8.50186e-06
0.0010534
7.86277e-06
0.00105568
6.41985e-06
0.00105963
3.15442e-06
0.00106694
-3.49456e-06
0.00108271
-1.82816e-05
0.00111313
-4.76487e-05
0.00118884
-0.000129471
0.00133201
-0.000271926
0.00157207
-0.000508546
0.00179413
-0.000675138
0.00192053
-0.000805239
0.00198806
-0.00091174
0.00209099
-0.000969916
0.00213245
-0.00100951
0.00213137
-0.00104509
0.00213034
-0.00107437
0.00215628
-0.00109828
0.00216723
-0.00111943
0.00216854
-0.0011391
0.00217067
-0.00115829
0.00217371
-0.00117231
0.00217495
-0.00119006
0.00217476
-0.00120734
0.00217637
-0.00122354
0.00217864
-0.00123877
0.00218207
-0.00125531
0.00218553
-0.00127288
0.00218614
-0.00128936
0.00218639
-0.00130526
0.00218837
-0.00132228
0.00219287
-0.00134115
0.00219557
-0.00135959
0.00219715
-0.00137729
0.00219923
-0.00139544
0.00220259
-0.00141443
0.00220622
-0.0014332
0.0022087
-0.00145056
0.00221045
-0.00146767
0.00221094
-0.00148528
0.00220944
-0.00150255
0.00220864
-0.0015198
0.00221263
-0.00153587
0.00222693
-0.00154857
0.0022806
-0.00155747
0.0024789
-0.00154898
0.0029009
-0.00149499
0.00345507
-0.00126635
0.00380803
-0.000773118
0.00391253
-0.000409593
0.0039717
-9.0212e-05
0.0040046
0.000112271
0.00405904
-6.07838e-06
0.00406115
0.000104455
0.00397886
0.000270593
0.00394224
0.000290741
0.00392331
0.000317041
0.00388311
0.000403531
0.00381986
0.000522098
0.00376144
0.000601395
0.00371024
0.000663068
0.0036572
0.000711991
0.00358303
0.000772348
0.00349407
0.000859172
0.00341072
0.000929562
0.00334626
0.00093536
0.00329177
0.000932467
0.00322835
0.000941216
0.00315465
0.000931596
0.00307931
0.000897228
0.00299629
0.000882496
0.00290498
0.000872958
0.000837356
0.00116987
9.0741e-06
0.00116994
9.14556e-06
0.00117007
9.1775e-06
0.00117031
9.14707e-06
0.00117073
8.9333e-06
0.00117141
8.44637e-06
0.00117262
7.54741e-06
0.00117491
5.95114e-06
0.00117919
2.72069e-06
0.00118681
-3.36239e-06
0.00120165
-1.65596e-05
0.00123115
-4.43967e-05
0.00129339
-0.00010697
0.00143457
-0.000243751
0.0016466
-0.000431746
0.00188832
-0.000597452
0.00207367
-0.000764545
0.00217493
-0.000848529
0.00224593
-0.00091506
0.0023185
-0.00097896
0.00235426
-0.00100407
0.00235601
-0.00104222
0.0023577
-0.00106501
0.00236921
-0.00108691
0.00238834
-0.00110556
0.00239177
-0.001121
0.00239106
-0.00114048
0.00239077
-0.00115799
0.00239395
-0.00117188
0.0023985
-0.00118886
0.00239916
-0.00120512
0.0023994
-0.00122077
0.00240206
-0.00123614
0.00240762
-0.00125374
0.00240939
-0.00127062
0.00241021
-0.00128602
0.00241271
-0.0013017
0.00241775
-0.00131927
0.00242118
-0.00133763
0.00242342
-0.00135562
0.00242584
-0.0013734
0.0024295
-0.00139149
0.00243445
-0.00141015
0.002439
-0.0014287
0.00244241
-0.00144622
0.0024452
-0.00146359
0.00244752
-0.00148092
0.00244831
-0.00149807
0.00244791
-0.00151415
0.00244565
-0.00152976
0.00244502
-0.00154667
0.00244842
-0.00156192
0.00246084
-0.00157358
0.00250252
-0.00158405
0.00264529
-0.00158006
0.00303429
-0.00153229
0.00353248
-0.00140603
0.0040099
-0.00100313
0.00437872
-0.000520739
0.00446939
-0.000248288
0.00444956
1.75478e-05
0.00436053
0.000200433
0.00436672
0.000204421
0.00435151
0.000273267
0.00426386
0.000423249
0.00414419
0.000551979
0.00409422
0.000592399
0.00405301
0.00064407
0.00399197
0.000705093
0.00390971
0.000787876
0.00381682
0.000893826
0.00374099
0.000969688
0.00367318
0.000991369
0.00360406
0.000990052
0.00353885
0.000996012
0.00346024
0.000988888
0.00336023
0.000982604
0.0032424
0.000986348
0.00313409
0.000980088
0.000920854
0.00129619
9.01622e-06
0.00129642
8.93759e-06
0.00129685
8.72266e-06
0.00129767
8.19939e-06
0.00129906
7.17891e-06
0.00130157
5.13778e-06
0.00130608
1.51681e-06
0.00131451
-5.277e-06
0.00133066
-1.92792e-05
0.00136147
-4.57038e-05
0.00143156
-0.000113468
0.00156288
-0.000227415
0.00179187
-0.000416244
0.00200951
-0.000566078
0.00221513
-0.000698427
0.00238686
-0.000818008
0.00243729
-0.000889257
0.0024889
-0.000930305
0.00257377
-0.00097791
0.00259591
-0.0010099
0.00259447
-0.001032
0.0025986
-0.00105698
0.00261817
-0.00107653
0.0026262
-0.00109297
0.00262864
-0.00110871
0.00263223
-0.00112394
0.00263328
-0.00114171
0.0026343
-0.00115654
0.00263958
-0.00117129
0.00264194
-0.00118788
0.00264211
-0.00120366
0.00264312
-0.00121847
0.00264867
-0.00123513
0.00265122
-0.00125258
0.0026522
-0.00126836
0.00265457
-0.00128346
0.00265984
-0.00129954
0.00266313
-0.00131699
0.00266477
-0.00133452
0.00266702
-0.00135213
0.00267183
-0.00137
0.00267845
-0.0013883
0.00268412
-0.00140693
0.0026888
-0.00142596
0.00269297
-0.00144349
0.00269721
-0.00146096
0.00270095
-0.00147817
0.00270287
-0.00149528
0.00270327
-0.00151149
0.00270299
-0.0015268
0.0027018
-0.00154203
0.00270031
-0.00155723
0.00269972
-0.00157267
0.00270154
-0.00158673
0.00270759
-0.00159572
0.00273931
-0.00160268
0.0028223
-0.00159985
0.00308968
-0.00156192
0.00357966
-0.00144945
0.00406403
-0.00119246
0.0044285
-0.000690174
0.00470797
-0.000273494
0.00479429
1.93756e-05
0.0047675
0.000235257
0.00467102
0.000444936
0.00456202
0.000552665
0.0045103
0.000584269
0.00445486
0.0006425
0.00436864
0.000740731
0.00426647
0.000821661
0.00417146
0.000908464
0.00410078
0.00097532
0.00403518
0.00101749
0.00396777
0.00104774
0.00389757
0.00106878
0.00380527
0.00109408
0.00366431
0.0011238
0.00352644
0.00111528
0.00341289
0.00108394
0.0010077
0.00143281
8.26405e-06
0.00143383
7.5506e-06
0.00143567
6.27202e-06
0.00143902
3.73436e-06
0.0014448
-7.42387e-07
0.00145534
-9.26365e-06
0.00147603
-2.67321e-05
0.00151528
-5.87246e-05
0.00160167
-0.000138676
0.00174092
-0.000240461
0.00198395
-0.000433912
0.00221494
-0.000549447
0.00241483
-0.00070142
0.00257779
-0.000778178
0.00269524
-0.000850171
0.00274052
-0.000919023
0.00277034
-0.000947499
0.00283855
-0.000980054
0.00286082
-0.00100741
0.00286176
-0.00102911
0.00286603
-0.00104589
0.00288232
-0.00106625
0.00288877
-0.00108143
0.00288963
-0.00109732
0.00289156
-0.00111099
0.00289622
-0.00112655
0.0028982
-0.00114211
0.00290105
-0.00115623
0.002905
-0.00117183
0.00290591
-0.00118776
0.00290683
-0.00120256
0.00291089
-0.0012178
0.00291491
-0.00123491
0.00291722
-0.00125175
0.0029198
-0.00126701
0.00292402
-0.00128184
0.00292835
-0.00129798
0.00293128
-0.00131497
0.00293413
-0.00133208
0.00293833
-0.00134959
0.00294441
-0.00136755
0.00295105
-0.0013859
0.00295699
-0.00140448
0.00296187
-0.00142357
0.00296576
-0.00144061
0.00296992
-0.00145831
0.00297374
-0.00147572
0.0029763
-0.00149304
0.00297717
-0.00150938
0.00297727
-0.00152461
0.00297704
-0.00153959
0.00297644
-0.00155436
0.00297491
-0.00156837
0.00297214
-0.00158131
0.00296964
-0.00159219
0.00296711
-0.00160135
0.00296306
-0.00160087
0.0029679
-0.0015898
0.00301562
-0.00156386
0.00315424
-0.00152096
0.00350449
-0.00141691
0.00398519
-0.00124041
0.00442545
-0.00083947
0.00470335
-0.000286158
0.00485706
0.000168437
0.00496895
0.000443403
0.00497462
0.000553359
0.00484466
0.000749677
0.004742
0.00087846
0.00465155
0.000929644
0.0045697
0.000962055
0.00449487
0.00100132
0.00440698
0.00107207
0.00428773
0.00117314
0.00416564
0.00122867
0.00406159
0.00122829
0.00395779
0.00122888
0.00385194
0.00120052
0.00374387
0.00116898
0.00110056
0.00158539
4.55798e-06
0.00159016
1.0368e-06
0.0015987
-5.12646e-06
0.0016161
-1.92986e-05
0.00164436
-3.99479e-05
0.00170616
-9.10739e-05
0.00181261
-0.000173553
0.0019964
-0.000299686
0.00224619
-0.000475968
0.00246699
-0.000555277
0.00268078
-0.000710272
0.00283437
-0.000769853
0.00292201
-0.000835681
0.0030277
-0.000894571
0.00306401
-0.000928396
0.00307892
-0.000959197
0.00312716
-0.000983509
0.0031512
-0.00100405
0.00315273
-0.00102467
0.00315461
-0.00103922
0.00316948
-0.00105337
0.00317619
-0.00107129
0.00317647
-0.00108495
0.00317688
-0.00109803
0.00318193
-0.00111347
0.00318486
-0.00112805
0.00318659
-0.00114193
0.00319108
-0.00115715
0.00319383
-0.00117262
0.00319444
-0.00118741
0.00319653
-0.00120188
0.00320169
-0.00121797
0.00320469
-0.00123482
0.00320676
-0.00125051
0.00321006
-0.00126547
0.00321476
-0.00128041
0.0032184
-0.00129614
0.00322145
-0.00131276
0.00322537
-0.00132998
0.00323076
-0.00134769
0.0032372
-0.00136567
0.00324398
-0.00138402
0.00325048
-0.0014027
0.00325682
-0.00142137
0.00326361
-0.00143899
0.00326959
-0.00145642
0.00327466
-0.00147388
0.00327779
-0.00149144
0.00327911
-0.00150784
0.00327951
-0.00152279
0.00327955
-0.00153762
0.00327911
-0.00155202
0.0032777
-0.0015651
0.00327457
-0.00157624
0.00326836
-0.00158399
0.00325596
-0.00158683
0.00323701
-0.00158115
0.00321705
-0.00157193
0.00319337
-0.00154459
0.00317246
-0.00151591
0.00315692
-0.00144847
0.00321322
-0.00139543
0.00342015
-0.00129114
0.0038482
-0.00112421
0.00435557
-0.0008532
0.00473133
-0.000335619
0.00487895
0.000173724
0.00492487
0.000624081
0.00497339
0.000838255
0.00498944
0.00098252
0.0049579
0.00107424
0.00488759
0.00112373
0.00470779
0.0012621
0.00453291
0.00133285
0.00443684
0.00130529
0.00437284
0.00128133
0.00430487
0.00128837
0.004221
0.0012702
0.00411943
0.0012535
0.00119653
0.00177488
-1.52509e-05
0.00180397
-3.76115e-05
0.00184868
-6.5395e-05
0.00195839
-0.000160231
0.00209844
-0.000237779
0.00232802
-0.000389271
0.00258452
-0.000512961
0.00279955
-0.000602811
0.00299736
-0.000733855
0.00314876
-0.000763506
0.00322847
-0.000837733
0.00332267
-0.000882512
0.00337673
-0.000907535
0.00340437
-0.000946427
0.00342356
-0.000965454
0.00344614
-0.000981576
0.00346963
-0.00100206
0.0034723
-0.00101663
0.00347355
-0.00103232
0.00348228
-0.00104552
0.00349137
-0.00105815
0.00349298
-0.00107339
0.00349327
-0.00108669
0.00349607
-0.00109908
0.00349942
-0.00111472
0.00350142
-0.00112898
0.0035045
-0.00114224
0.00350859
-0.00115763
0.00351034
-0.00117353
0.00351193
-0.00118723
0.00351575
-0.00120191
0.00351997
-0.00121848
0.00352243
-0.00123454
0.00352486
-0.00124933
0.00352855
-0.00126398
0.00353319
-0.001279
0.00353729
-0.00129451
0.00354147
-0.00131094
0.00354659
-0.00132839
0.00355266
-0.00134632
0.00355927
-0.00136422
0.00356624
-0.00138248
0.0035732
-0.00140115
0.00357979
-0.00141972
0.00358638
-0.00143726
0.0035931
-0.00145486
0.00359938
-0.00147235
0.00360336
-0.00148985
0.00360505
-0.00150596
0.00360546
-0.00152045
0.00360528
-0.00153497
0.00360379
-0.00154845
0.00360022
-0.00155974
0.00359357
-0.00156797
0.00358231
-0.00157096
0.00356602
-0.00156901
0.00354236
-0.00155572
0.00351068
-0.00153861
0.00346602
-0.00149893
0.0034154
-0.00146412
0.00336084
-0.001402
0.00330249
-0.00135079
0.00327484
-0.00127264
0.00327106
-0.00119647
0.00336429
-0.00110916
0.0036779
-0.000983284
0.00418665
-0.000767936
0.00476537
-0.00035259
0.00503034
0.00018973
0.00512547
0.000668571
0.00515185
0.000976274
0.00508692
0.00115207
0.00505604
0.00126181
0.00496606
0.00137055
0.00488375
0.00135688
0.00480659
0.00134246
0.00472633
0.00136597
0.00463647
0.0013627
0.00452836
0.00136
0.00130998
0.00213739
-0.00014405
0.00228964
-0.000246081
0.00249277
-0.00033014
0.00277476
-0.000514543
0.00300299
-0.000557534
0.00319898
-0.000658464
0.00339538
-0.000755885
0.0035088
-0.000777682
0.00358348
-0.000842711
0.00367389
-0.000873708
0.00371125
-0.000900203
0.00375299
-0.00093124
0.00377878
-0.000945666
0.00378754
-0.000968183
0.00380136
-0.000982393
0.00381535
-0.000994804
0.00382103
-0.00101122
0.00382494
-0.00102347
0.00382907
-0.00103584
0.00383539
-0.00104876
0.00383749
-0.00106066
0.00383805
-0.00107491
0.00384028
-0.00108798
0.00384492
-0.00110083
0.00384742
-0.00111595
0.0038498
-0.0011295
0.00385409
-0.00114289
0.00385699
-0.0011589
0.00385888
-0.00117381
0.00386167
-0.00118717
0.00386596
-0.00120196
0.00386868
-0.00121822
0.00387093
-0.00123347
0.00387356
-0.00124785
0.00387711
-0.00126244
0.00388171
-0.00127769
0.00388701
-0.00129343
0.0038927
-0.00130993
0.00389883
-0.00132739
0.00390554
-0.0013453
0.00391276
-0.0013631
0.00392024
-0.00138119
0.00392761
-0.00139983
0.00393467
-0.00141824
0.00394192
-0.00143578
0.00394936
-0.0014534
0.00395651
-0.00147095
0.00396102
-0.001488
0.00396315
-0.00150341
0.0039637
-0.00151754
0.00396313
-0.00153151
0.00396018
-0.00154337
0.00395381
-0.00155173
0.00394253
-0.00155534
0.00392502
-0.00155214
0.00389948
-0.0015422
0.00386391
-0.00151926
0.00381633
-0.00148992
0.00376247
-0.00144412
0.00369261
-0.00139376
0.00362164
-0.00133158
0.00354095
-0.00126725
0.00347283
-0.00120268
0.00339173
-0.00113382
0.00334268
-0.00106892
0.00333126
-0.00100212
0.00338434
-0.000926935
0.00359223
-0.000818667
0.00401526
-0.000649863
0.0046019
-0.000380274
0.00504342
0.000114326
0.00525505
0.000685071
0.0054671
0.000952727
0.00550039
0.00126865
0.00544108
0.00134275
0.00532604
0.0014038
0.00521161
0.00147057
0.00510998
0.00148281
0.00499301
0.00150016
0.00145436
0.00304914
-0.000498938
0.00328692
-0.000563411
0.0035165
-0.000627452
0.00367392
-0.000737728
0.00383723
-0.000753854
0.00393263
-0.000800984
0.00399811
-0.000855409
0.00406864
-0.000864817
0.00410303
-0.00089496
0.0041371
-0.000918716
0.00416041
-0.000931796
0.00417545
-0.000951815
0.00418685
-0.000964633
0.00419185
-0.000978444
0.00419997
-0.000991045
0.0042049
-0.00100173
0.00420711
-0.00101475
0.00421129
-0.00102712
0.0042146
-0.00103795
0.00421809
-0.00105053
0.00422004
-0.00106314
0.004221
-0.00107608
0.00422391
-0.00108946
0.00422658
-0.00110284
0.00422832
-0.00111649
0.00423246
-0.00113024
0.00423725
-0.00114448
0.0042391
-0.00115978
0.00424087
-0.0011737
0.00424472
-0.00118693
0.00424803
-0.00120176
0.0042502
-0.00121745
0.00425266
-0.00123263
0.00425586
-0.00124698
0.00426004
-0.00126155
0.0042653
-0.00127695
0.00427147
-0.00129291
0.00427822
-0.00130945
0.00428534
-0.00132679
0.00429273
-0.00134438
0.00430062
-0.00136193
0.00430884
-0.00137989
0.00431693
-0.00139858
0.00432449
-0.00141681
0.00433219
-0.00143422
0.0043403
-0.00145174
0.00434764
-0.00146903
0.0043528
-0.00148491
0.00435503
-0.00149913
0.00435536
-0.00151305
0.00435305
-0.00152562
0.00434634
-0.00153444
0.00433382
-0.00153794
0.00431425
-0.00153462
0.00428625
-0.00152339
0.00424551
-0.00150089
0.00419685
-0.00146931
0.004133
-0.00142564
0.00405861
-0.0013706
0.00397605
-0.00130918
0.00389575
-0.00124978
0.00380055
-0.00117255
0.00371413
-0.00111747
0.00363148
-0.00104723
0.00355486
-0.000990819
0.00347066
-0.000928339
0.00342249
-0.000876396
0.00341186
-0.000822153
0.00341925
-0.000761463
0.00352001
-0.000672691
0.0038678
-0.000550022
0.00448032
-0.000356691
0.00499283
2.50775e-05
0.00537898
0.000601282
0.00554843
0.00102012
0.00552632
0.00129898
0.00546226
0.00144894
0.00537148
0.00154182
0.00529096
0.0015868
0.00155193
0.00407217
-0.000723618
0.00422437
-0.00074451
0.00433534
-0.00078152
0.00438918
-0.000829733
0.00447435
-0.000841439
0.00451491
-0.000867726
0.00453186
-0.000892817
0.00457075
-0.000903784
0.00458887
-0.00092103
0.0045987
-0.000935761
0.00461096
-0.000947055
0.00461602
-0.000960743
0.00462026
-0.000972931
0.00462175
-0.000983696
0.00462338
-0.000994657
0.00462599
-0.00100499
0.00462805
-0.00101692
0.00463075
-0.00102886
0.00463351
-0.00103975
0.00463552
-0.00105188
0.00463818
-0.00106461
0.00464079
-0.00107755
0.00464337
-0.00109129
0.00464592
-0.00110447
0.00464906
-0.00111739
0.0046541
-0.00113106
0.00465707
-0.00114572
0.00465831
-0.00116018
0.00465974
-0.00117355
0.00466306
-0.00118694
0.0046666
-0.00120191
0.00466932
-0.00121736
0.00467213
-0.00123251
0.00467551
-0.00124677
0.00468018
-0.00126143
0.00468614
-0.00127678
0.00469324
-0.00129272
0.0047011
-0.0013093
0.0047089
-0.00132628
0.00471691
-0.00134348
0.00472552
-0.00136063
0.00473473
-0.00137846
0.00474347
-0.00139702
0.00475156
-0.00141504
0.00475974
-0.00143233
0.00476772
-0.00144927
0.00477454
-0.0014652
0.00478037
-0.00147955
0.00478227
-0.0014926
0.00478159
-0.00150565
0.00477544
-0.00151518
0.00476215
-0.00151878
0.00474019
-0.00151482
0.00470705
-0.00150091
0.00466278
-0.00147857
0.00460531
-0.00144266
0.0045331
-0.00139743
0.00444816
-0.00134057
0.00436137
-0.00128191
0.00426288
-0.00121035
0.00415866
-0.00114964
0.00406496
-0.00107552
0.00397663
-0.00102427
0.00388207
-0.000953428
0.00378984
-0.000902558
0.00371358
-0.000847916
0.00364167
-0.000799718
0.00356304
-0.000749969
0.00350701
-0.000707892
0.00348486
-0.00066036
0.00347749
-0.000620674
0.00353121
-0.000539923
0.00378923
-0.000456972
0.00432808
-0.000314146
0.00491135
-3.38377e-05
0.00538259
0.000471729
0.00565166
0.000926507
0.00570144
0.00129408
0.00572122
0.00148793
0.0015618
0.00485501
-0.000809982
0.00492352
-0.00082398
0.00497122
-0.000846832
0.00499401
-0.000867384
0.00503264
-0.000878118
0.00504827
-0.000894867
0.00505522
-0.000908962
0.00507041
-0.000919061
0.00507735
-0.000932161
0.00508173
-0.000943304
0.0050885
-0.000953954
0.0050909
-0.000965129
0.00509156
-0.000975859
0.00509101
-0.00098621
0.0050898
-0.000996302
0.0050905
-0.00100711
0.00509132
-0.00101868
0.0050924
-0.0010299
0.00509455
-0.00104121
0.0050973
-0.00105308
0.00510074
-0.00106625
0.00510225
-0.00107903
0.00510355
-0.00109231
0.00510615
-0.00110603
0.00510935
-0.00111857
0.00511367
-0.00113216
0.00511615
-0.00114723
0.00511766
-0.00116107
0.00511964
-0.00117408
0.00512365
-0.00118775
0.00512725
-0.00120284
0.00512987
-0.00121787
0.00513261
-0.00123278
0.00513619
-0.00124694
0.00514134
-0.00126163
0.00514814
-0.00127695
0.005156
-0.0012928
0.00516414
-0.00130897
0.00517279
-0.00132575
0.00518176
-0.00134255
0.0051914
-0.00135929
0.00520133
-0.00137697
0.0052102
-0.00139488
0.00521871
-0.00141257
0.00522672
-0.00142937
0.00523309
-0.00144478
0.00523892
-0.00145859
0.00524444
-0.00147046
0.00524562
-0.00148243
0.005241
-0.00149232
0.00522746
-0.00149618
0.00520165
-0.00149066
0.00516247
-0.00147451
0.00511153
-0.00144899
0.00504188
-0.0014098
0.00495702
-0.0013577
0.00486707
-0.00130528
0.00476291
-0.00123651
0.00464716
-0.00116918
0.00453942
-0.00110232
0.00443736
-0.00104276
0.00433468
-0.000970716
0.00422262
-0.000919996
0.00413271
-0.00086069
0.00405146
-0.000812915
0.00396635
-0.000760368
0.00387753
-0.000718122
0.00380041
-0.000673596
0.00373514
-0.000633925
0.0036681
-0.000593818
0.00360425
-0.000565787
0.00356976
-0.000517927
0.00355314
-0.000487709
0.00358422
-0.000427991
0.0037597
-0.00036836
0.00417354
-0.000257358
0.00473745
-6.08978e-05
0.00531046
0.000320364
0.00566592
0.000779288
0.00127303
0.0055092
-0.00084559
0.00554201
-0.000855772
0.00555351
-0.000870378
0.00556165
-0.000882265
0.00557978
-0.000893659
0.00558569
-0.000905096
0.00558909
-0.00091528
0.00559562
-0.000925081
0.00559782
-0.000935683
0.00559713
-0.000945695
0.00559637
-0.000955889
0.00559685
-0.000966035
0.00559786
-0.000976573
0.0055978
-0.000986818
0.00559809
-0.000997279
0.00559876
-0.00100812
0.0055984
-0.00101953
0.00559872
-0.00103113
0.00559984
-0.00104226
0.00560311
-0.00105481
0.00560605
-0.00106866
0.00560762
-0.00108079
0.00560954
-0.00109399
0.00561222
-0.00110781
0.00561589
-0.00112051
0.00561971
-0.00113334
0.00562099
-0.00114871
0.00562213
-0.00116183
0.00562462
-0.00117513
0.00562825
-0.00118904
0.00563096
-0.00120374
0.00563357
-0.00121834
0.00563674
-0.00123305
0.00564106
-0.00124727
0.00564696
-0.00126185
0.00565485
-0.00127728
0.00566337
-0.00129283
0.00567213
-0.00130857
0.00568156
-0.0013252
0.00569167
-0.0013418
0.0057022
-0.00135839
0.00571188
-0.0013752
0.00572086
-0.00139196
0.00572899
-0.00140901
0.00573459
-0.00142359
0.00573899
-0.00143657
0.00574362
-0.00144748
0.00574674
-0.0014565
0.00574397
-0.00146543
0.0057292
-0.00146806
0.00569861
-0.00146042
0.00565259
-0.00144139
0.00558937
-0.00140946
0.00550434
-0.0013648
0.00540816
-0.00131136
0.00530297
-0.00124962
0.00517722
-0.00118226
0.00505094
-0.00111171
0.00493965
-0.00105048
0.00482395
-0.000984122
0.00469382
-0.000922087
0.00458552
-0.000863915
0.00449213
-0.000816581
0.00440231
-0.000763798
0.00429673
-0.000716933
0.00420436
-0.000670633
0.00413154
-0.000634658
0.00405946
-0.000593879
0.00397577
-0.00055672
0.00389637
-0.000520399
0.00383189
-0.000493565
0.0037744
-0.000455801
0.00371288
-0.000434466
0.003667
-0.000397164
0.00364388
-0.000367329
0.00366122
-0.000328961
0.00377273
-0.000283219
0.00405072
-0.000197102
0.00450924
-6.88216e-05
0.00031198
0.00612952
-0.00085818
0.00614255
-0.000868424
0.00614984
-0.000879878
0.00615616
-0.000889104
0.00616399
-0.000900337
0.0061655
-0.000908198
0.00616499
-0.000917472
0.00616546
-0.000926993
0.00616584
-0.000937082
0.00616515
-0.000946919
0.00616397
-0.000956838
0.00616419
-0.000966859
0.00616465
-0.000977283
0.00616435
-0.000987779
0.00616442
-0.000998284
0.00616549
-0.00100936
0.00616558
-0.00102082
0.00616503
-0.00103234
0.00616603
-0.00104302
0.00616941
-0.00105673
0.00617073
-0.00107035
0.00617235
-0.00108205
0.00617437
-0.00109601
0.0061749
-0.00110914
0.00617645
-0.00112183
0.00618035
-0.00113543
0.00618147
-0.00114924
0.00618004
-0.00116238
0.00618057
-0.00117579
0.00618206
-0.00119005
0.00618346
-0.00120418
0.00618585
-0.00121861
0.00618952
-0.00123321
0.00619459
-0.00124763
0.0062012
-0.00126228
0.00620935
-0.0012776
0.00621873
-0.00129307
0.00622873
-0.00130844
0.00623989
-0.00132489
0.00625227
-0.00134184
0.006263
-0.00135785
0.00627174
-0.00137281
0.00627938
-0.0013874
0.00628325
-0.00140211
0.00628366
-0.0014137
0.00628413
-0.0014222
0.00628541
-0.00142841
0.00628234
-0.00143352
0.0062645
-0.0014324
0.00622773
-0.00142067
0.00617015
-0.00139603
0.00608733
-0.0013546
0.00598655
-0.0013046
0.00587514
-0.00124773
0.00574495
-0.0011792
0.00559878
-0.00110883
0.00546914
-0.00104536
0.00534885
-0.000980554
0.00520926
-0.00091724
0.00506633
-0.000855377
0.00496017
-0.000804046
0.00486759
-0.000755724
0.00475238
-0.000709379
0.00463259
-0.000659896
0.00454504
-0.000619117
0.00447535
-0.000582525
0.0043878
-0.000549798
0.00428688
-0.000506659
0.0042136
-0.000475527
0.00415489
-0.000448215
0.00408176
-0.000423501
0.00400122
-0.000385084
0.00393563
-0.000364361
0.00388791
-0.000339736
0.0038341
-0.000317355
0.00377544
-0.000290305
0.00374701
-0.000263222
0.00374878
-0.000232801
0.00381412
-0.000207122
-0.00011464
0.00621235
-0.000862246
0.00621809
-0.000871924
0.00622017
-0.000881836
0.00622015
-0.000891295
0.00621513
-0.000900716
0.00621311
-0.000909539
0.00621298
-0.000919017
0.00621356
-0.000928605
0.00621479
-0.00093875
0.00621478
-0.000949128
0.0062143
-0.000958957
0.006215
-0.000969355
0.00621539
-0.000979744
0.00621619
-0.000990281
0.00621766
-0.00100082
0.00621875
-0.00101177
0.00621896
-0.00102315
0.00622012
-0.00103469
0.00622443
-0.00104697
0.0062252
-0.00105933
0.00622587
-0.00107192
0.00623007
-0.00108508
0.00623139
-0.00109825
0.00622988
-0.00111003
0.00623036
-0.00112304
0.00623222
-0.00113702
0.00623222
-0.00114985
0.00623011
-0.00116332
0.00623077
-0.00117651
0.00623241
-0.00119065
0.0062318
-0.00120474
0.00623213
-0.00121855
0.00623415
-0.00123322
0.00623819
-0.00124825
0.00624422
-0.0012631
0.00625165
-0.00127821
0.00626075
-0.00129384
0.00627122
-0.00130862
0.00628405
-0.00132574
0.00629594
-0.0013412
0.00630561
-0.00135632
0.00631179
-0.00136817
0.00631504
-0.00137938
0.00631443
-0.00139044
0.00630747
-0.00139777
0.00630085
-0.00139884
0.00629234
-0.00139716
0.00627028
-0.00139059
0.00622667
-0.00137378
0.00615542
-0.00134136
0.00605597
-0.00129173
0.00594856
-0.00123575
0.00582804
-0.00117466
0.00568127
-0.0011036
0.00553692
-0.00103371
0.00541542
-0.000970792
0.00528934
-0.000912248
0.00513482
-0.000846605
0.00500526
-0.000789669
0.0049141
-0.000739501
0.00481932
-0.000701046
0.00468351
-0.000646343
0.00457373
-0.000604491
0.00450314
-0.000567517
0.00442857
-0.000533398
0.00432693
-0.000495172
0.0042347
-0.000464236
0.00417437
-0.000429305
0.00411629
-0.000407129
0.00403416
-0.000377882
0.00395425
-0.000350242
0.0039067
-0.000323788
0.00385714
-0.000306797
0.00379221
-0.00028115
0.00372318
-0.000258827
0.0036807
-0.000238012
0.00364532
-0.000221201
0.00359559
-0.00019964
0.00356085
-0.000183795
-0.000144916
0.00624408
-0.000862334
0.00624554
-0.00087194
0.00624608
-0.000881471
0.00624561
-0.000891046
0.00624302
-0.000900532
0.00623917
-0.000909517
0.00623798
-0.000919193
0.00623824
-0.000928784
0.00623937
-0.000938817
0.00623993
-0.000949574
0.0062385
-0.000959423
0.00623782
-0.000969844
0.00623676
-0.000980241
0.00623569
-0.000990665
0.00623597
-0.00100136
0.00623586
-0.00101214
0.00623588
-0.00102362
0.00623704
-0.00103567
0.00623789
-0.00104724
0.00623717
-0.00105938
0.00623759
-0.00107155
0.00623905
-0.00108522
0.00623861
-0.00109793
0.00623496
-0.00110935
0.00623458
-0.00112256
0.00623456
-0.00113695
0.00623167
-0.00114987
0.00622812
-0.00116301
0.0062287
-0.00117656
0.0062306
-0.00119045
0.00623038
-0.00120459
0.0062291
-0.00121823
0.00622992
-0.0012327
0.00623171
-0.00124776
0.00623505
-0.00126305
0.00624024
-0.00127805
0.0062481
-0.00129366
0.00625825
-0.00130807
0.00626856
-0.00132407
0.00627671
-0.00133639
0.00628214
-0.00134909
0.00628418
-0.00135796
0.00628225
-0.00136574
0.00627293
-0.00137132
0.00625419
-0.001369
0.00623129
-0.00135776
0.00619983
-0.00134148
0.00614834
-0.00131701
0.00606288
-0.00127604
0.00595071
-0.00122106
0.00583617
-0.0011613
0.0057054
-0.00109657
0.00554852
-0.00102402
0.00541627
-0.000957474
0.00530301
-0.000898758
0.00516546
-0.000839792
0.00500523
-0.000777177
0.00489788
-0.000723264
0.00481652
-0.000680176
0.00470943
-0.000638952
0.00456624
-0.000589782
0.00447857
-0.000547311
0.00441431
-0.000516622
0.00432994
-0.000485342
0.004223
-0.000445819
0.0041491
-0.000415465
0.00409316
-0.000391705
0.00402867
-0.000362528
0.00394559
-0.000336767
0.00388333
-0.000313888
0.00383556
-0.000289819
0.00378476
-0.000269166
0.00371518
-0.000250055
0.00366158
-0.000228466
0.00362331
-0.000208915
0.00358584
-0.000194069
0.00352879
-0.00017626
0.00347902
-0.000157591
0.0034428
-0.000144882
-0.000121423
0.00624597
-0.000864773
0.00624602
-0.000873994
0.00624729
-0.000883114
0.00625133
-0.000892585
0.00625214
-0.000902034
0.00625032
-0.000910939
0.00625006
-0.00092026
0.00625069
-0.000929886
0.00625183
-0.000939679
0.00625273
-0.000950042
0.00625233
-0.000959989
0.00625112
-0.00097021
0.00625023
-0.000980697
0.00624867
-0.000990851
0.00624862
-0.00100166
0.00624936
-0.00101232
0.00625048
-0.00102404
0.00625027
-0.00103583
0.00624781
-0.00104675
0.00624666
-0.0010589
0.00624755
-0.00107096
0.00624835
-0.00108457
0.00624756
-0.00109737
0.00624232
-0.00110857
0.00623955
-0.00112149
0.00623971
-0.00113557
0.00623891
-0.00114941
0.00623269
-0.00116166
0.00623148
-0.00117628
0.00623274
-0.00119006
0.00623334
-0.00120466
0.00623207
-0.00121812
0.00623265
-0.00123226
0.0062338
-0.00124708
0.00623592
-0.00126253
0.00623968
-0.00127699
0.00624531
-0.00129167
0.00625073
-0.00130458
0.00625341
-0.00131724
0.00625501
-0.00132717
0.00625261
-0.00133523
0.00624699
-0.00133973
0.00623375
-0.00134125
0.00620486
-0.00133505
0.00616272
-0.0013161
0.00611412
-0.00128866
0.00604682
-0.00125285
0.00594545
-0.00120162
0.00582771
-0.00114212
0.00570751
-0.00108086
0.00556431
-0.00101436
0.00540693
-0.000942484
0.00528903
-0.000878715
0.00518143
-0.000828825
0.00502765
-0.000766915
0.00487787
-0.000706554
0.00478913
-0.000659407
0.00470857
-0.00062143
0.00458509
-0.000576768
0.00445544
-0.000533986
0.00438011
-0.000493303
0.00432078
-0.000467299
0.0042275
-0.000436843
0.00412238
-0.000399849
0.0040624
-0.000370355
0.00401121
-0.000350741
0.0039354
-0.000324413
0.00386314
-0.00029752
0.00380941
-0.000276387
0.00376025
-0.000256612
0.00370593
-0.000237045
0.003647
-0.000218784
0.00359798
-0.000198577
0.00356301
-0.000181696
0.00352394
-0.000167836
0.00347025
-0.000151203
0.00343026
-0.000134907
0.00340099
-0.000121747
0.0033661
-0.000110839
-9.02237e-05
0.00625458
-0.000866146
0.00625517
-0.000875099
0.00625615
-0.000884118
0.00625888
-0.000893362
0.00626028
-0.000902945
0.00625884
-0.000911964
0.00625664
-0.000921229
0.00625672
-0.000930876
0.00625735
-0.000940473
0.00625829
-0.000950344
0.00625844
-0.000960322
0.00625768
-0.00097043
0.00625706
-0.000981172
0.00625491
-0.000991344
0.00625448
-0.0010022
0.0062555
-0.00101281
0.00625684
-0.00102467
0.00625658
-0.00103605
0.00625346
-0.00104673
0.00625278
-0.00105871
0.00625375
-0.00107092
0.00625592
-0.00108439
0.00625623
-0.00109762
0.00625289
-0.00110885
0.00624978
-0.00112152
0.00624916
-0.00113508
0.00624801
-0.00114837
0.00624331
-0.0011609
0.00624039
-0.00117543
0.00624132
-0.00118966
0.0062421
-0.00120384
0.00624056
-0.00121691
0.00624017
-0.00123106
0.00624066
-0.00124546
0.00624105
-0.00125945
0.00624177
-0.00127231
0.00624233
-0.00128454
0.00624219
-0.00129652
0.00623806
-0.00130547
0.0062289
-0.00131073
0.00621355
-0.00131101
0.00619051
-0.00130642
0.00615059
-0.00129365
0.00609049
-0.00126709
0.00602114
-0.00122987
0.00593226
-0.0011828
0.00581281
-0.00112162
0.00569023
-0.00105843
0.00556319
-0.000997313
0.0054057
-0.000926845
0.0052582
-0.00085985
0.00515362
-0.000800571
0.00504727
-0.000755023
0.00488473
-0.000696736
0.00475194
-0.000637652
0.00467574
-0.000594236
0.00459527
-0.00056491
0.00446043
-0.000517294
0.00434786
-0.00047634
0.00428349
-0.000444603
0.00422235
-0.000417819
0.00412365
-0.000388418
0.00402933
-0.00035664
0.00397671
-0.000328027
0.00392877
-0.000311963
0.00384826
-0.00028731
0.00377727
-0.000258945
0.00373645
-0.000241328
0.00369351
-0.000227867
0.0036308
-0.000204386
0.00357576
-0.000186442
0.00353541
-0.000171558
0.00349891
-0.000155142
0.00345638
-0.00014107
0.00341312
-0.000128475
0.00337952
-0.000112399
0.00335059
-0.00010083
0.00331224
-8.80514e-05
0.00327622
-7.91678e-05
-6.46108e-05
0.00626375
-0.000866961
0.0062644
-0.000875955
0.00626557
-0.00088503
0.00626767
-0.000894236
0.00626947
-0.000903786
0.00626867
-0.000912837
0.00626573
-0.000922034
0.00626548
-0.000931419
0.00626603
-0.000941015
0.0062669
-0.000950754
0.00626698
-0.00096048
0.00626693
-0.000970424
0.00626715
-0.000981121
0.00626583
-0.000991443
0.00626451
-0.00100204
0.00626519
-0.00101265
0.00626629
-0.00102445
0.00626614
-0.00103608
0.00626288
-0.0010465
0.00626244
-0.00105854
0.00626341
-0.00107075
0.00626557
-0.00108385
0.00626605
-0.00109762
0.00626233
-0.001109
0.00626083
-0.00112146
0.0062605
-0.00113414
0.00625939
-0.00114724
0.00625568
-0.00116068
0.00625377
-0.00117454
0.00625399
-0.00118845
0.00625346
-0.00120208
0.00625056
-0.00121466
0.00624943
-0.00122773
0.00624821
-0.00124049
0.00624537
-0.00125272
0.00624017
-0.00126393
0.0062362
-0.00127575
0.00622958
-0.00128241
0.00621573
-0.00128421
0.00619106
-0.00127882
0.00615423
-0.00126646
0.00609689
-0.00124373
0.0060171
-0.00120769
0.00592502
-0.00116201
0.0058095
-0.00110429
0.00567234
-0.00103529
0.00554678
-0.000971227
0.00541161
-0.00091176
0.005239
-0.000838595
0.0051048
-0.000774351
0.00501064
-0.000723959
0.00490129
-0.000679571
0.0047395
-0.000624625
0.0046246
-0.000572768
0.00455736
-0.000531353
0.00447835
-0.000505636
0.00433876
-0.000462248
0.00424414
-0.000421652
0.0041875
-0.000395004
0.00412039
-0.000371616
0.00402182
-0.000341223
0.00394338
-0.000314843
0.00389354
-0.000289634
0.00384364
-0.000272864
0.00376147
-0.000251309
0.00370048
-0.000225912
0.00366675
-0.000208105
0.0036245
-0.000197161
0.00355329
-0.000175384
0.00350659
-0.00015578
0.00347598
-0.000145626
0.00343771
-0.00013262
0.00339213
-0.000115698
0.0033553
-0.000102765
0.00332686
-9.30597e-05
0.00329755
-8.16654e-05
0.00326435
-6.86931e-05
0.00324059
-6.00319e-05
0.00321966
-5.44449e-05
-4.1273e-05
0.00626545
-0.000867957
0.00626599
-0.000876865
0.00626703
-0.00088598
0.00626887
-0.000895235
0.00627085
-0.000904734
0.00627039
-0.000913761
0.00626868
-0.000922839
0.00626883
-0.000932125
0.00626969
-0.000941711
0.00626982
-0.000951373
0.00626939
-0.000961051
0.00626994
-0.000970854
0.006271
-0.000981334
0.00627077
-0.000991724
0.00627006
-0.00100245
0.00627091
-0.001013
0.00627251
-0.00102445
0.00627274
-0.0010368
0.00626899
-0.00104715
0.006267
-0.00105906
0.00626753
-0.001071
0.0062693
-0.00108381
0.00626994
-0.00109769
0.00626649
-0.00110975
0.00626429
-0.00112142
0.0062646
-0.00113414
0.00626397
-0.00114735
0.00626186
-0.00116126
0.00626196
-0.00117499
0.00626193
-0.00118802
0.00626167
-0.00120083
0.00626175
-0.00121271
0.00626171
-0.00122457
0.00626082
-0.00123557
0.00625783
-0.00124575
0.00625019
-0.00125407
0.00623114
-0.00125747
0.00619986
-0.00125401
0.00615757
-0.00124146
0.00610275
-0.00121983
0.00602469
-0.00118495
0.0059257
-0.00113818
0.00581182
-0.00108403
0.00566994
-0.00101745
0.00552105
-0.000944115
0.00539487
-0.000879523
0.00525519
-0.000824474
0.00507248
-0.000751845
0.00494799
-0.000687913
0.00486253
-0.000646196
0.00474891
-0.00060622
0.00459154
-0.000551563
0.00449537
-0.000507544
0.00443361
-0.000472423
0.00435439
-0.000446134
0.00422283
-0.000409285
0.0041383
-0.000370663
0.00408835
-0.00034589
0.00402289
-0.000328632
0.00392461
-0.000296936
0.00385968
-0.000272771
0.00381243
-0.000254738
0.00375458
-0.00023358
0.00368376
-0.000216689
0.00363113
-0.000197469
0.00359269
-0.000176163
0.00354909
-0.000165392
0.00348547
-0.000150617
0.00344606
-0.000130172
0.00341963
-0.000118555
0.0033814
-0.000111345
0.00332983
-9.45893e-05
0.00329875
-8.05343e-05
0.00327759
-7.34178e-05
0.00325028
-6.51228e-05
0.00321986
-5.27349e-05
0.00320049
-4.39572e-05
0.00318159
-3.91876e-05
0.00315914
-3.48344e-05
-2.4641e-05
0.00626481
-0.00086919
0.00626517
-0.000878134
0.00626618
-0.000887205
0.00626791
-0.000896397
0.00626998
-0.000905862
0.00626969
-0.000914883
0.00626837
-0.000923719
0.0062687
-0.000932931
0.00626955
-0.000942398
0.00626966
-0.000951933
0.00626924
-0.000961598
0.0062697
-0.00097145
0.00627079
-0.000981761
0.00627072
-0.000992214
0.00627013
-0.00100271
0.00627101
-0.00101339
0.00627258
-0.00102486
0.00627314
-0.00103706
0.00627039
-0.00104801
0.0062671
-0.00105922
0.00626749
-0.00107162
0.00626892
-0.00108419
0.00626943
-0.0010977
0.00626823
-0.00111037
0.00626339
-0.00112245
0.00626251
-0.0011344
0.00626308
-0.00114815
0.00626197
-0.00116139
0.00626063
-0.00117451
0.00625839
-0.00118648
0.00625604
-0.00119745
0.00625353
-0.00120765
0.00624879
-0.00121663
0.0062416
-0.0012231
0.00623081
-0.00122638
0.00621147
-0.00122465
0.00617635
-0.00121401
0.00612236
-0.00119321
0.00604626
-0.00116124
0.00594119
-0.00111364
0.00582026
-0.00105685
0.00568471
-0.000996639
0.00551696
-0.000922588
0.00535936
-0.000847411
0.00523397
-0.000785858
0.00509177
-0.000733153
0.00490617
-0.000666255
0.00478964
-0.000604798
0.0047116
-0.000566597
0.00459988
-0.000535061
0.0044464
-0.000482837
0.00436406
-0.000440001
0.00430953
-0.000414795
0.00423043
-0.000390518
0.0041086
-0.000355489
0.004034
-0.000323136
0.00398936
-0.000300431
0.00392731
-0.000284835
0.00383057
-0.000257232
0.00377421
-0.00023145
0.00373404
-0.000219959
0.00367343
-0.000202407
0.00360738
-0.000179056
0.00356253
-0.000166944
0.00352327
-0.000152508
0.00347799
-0.000134612
0.00342922
-0.000124593
0.00339141
-0.000110707
0.00336204
-9.48197e-05
0.00332545
-8.6696e-05
0.00327824
-7.75361e-05
0.00325199
-6.3257e-05
0.00323359
-5.49281e-05
0.00320802
-4.97879e-05
0.00317538
-3.97506e-05
0.00315768
-3.01234e-05
0.0031455
-2.75013e-05
0.00312729
-2.23917e-05
0.00310786
-1.6743e-05
-1.03768e-05
0.00626202
-0.000870312
0.00626273
-0.000879189
0.00626374
-0.000888168
0.00626538
-0.000897293
0.0062671
-0.000906719
0.00626651
-0.000915781
0.00626558
-0.000924606
0.00626604
-0.000933697
0.00626676
-0.000943074
0.00626678
-0.000952536
0.00626637
-0.000962256
0.00626671
-0.000972184
0.00626761
-0.000982488
0.00626781
-0.000992909
0.00626805
-0.00100325
0.0062688
-0.0010141
0.00627001
-0.00102555
0.00627159
-0.00103758
0.00627137
-0.00104929
0.00626608
-0.00106019
0.00626486
-0.00107211
0.00626554
-0.00108524
0.00626739
-0.00109796
0.0062683
-0.00111152
0.00626515
-0.00112304
0.00626001
-0.0011354
0.00625803
-0.00114857
0.00625616
-0.00116112
0.00625274
-0.0011722
0.00624897
-0.00118228
0.00624497
-0.00119098
0.00623863
-0.0011975
0.00622718
-0.00120054
0.00620759
-0.00119876
0.00617425
-0.00119003
0.00612044
-0.00116984
0.00604647
-0.00113768
0.00594742
-0.0010936
0.00581687
-0.00103116
0.0056795
-0.000964573
0.00553071
-0.00090231
0.00534302
-0.000823913
0.00518077
-0.000747328
0.00506009
-0.000691757
0.00491944
-0.00064395
0.00473668
-0.000580514
0.00462668
-0.00052521
0.00455514
-0.000490239
0.00445168
-0.000464089
0.00430308
-0.000419121
0.00422996
-0.000377562
0.00418337
-0.000356077
0.00410691
-0.000337471
0.00399599
-0.000305285
0.00393249
-0.000276294
0.00389022
-0.000258136
0.00382916
-0.000243645
0.00373847
-0.000219607
0.00368996
-0.000195994
0.00365712
-0.000184687
0.00359851
-0.000173032
0.00353072
-0.000149425
0.00349478
-0.000134205
0.00346131
-0.000129685
0.00341153
-0.000111035
0.00337189
-9.67121e-05
0.0033397
-9.11734e-05
0.00330346
-7.77931e-05
0.00327061
-6.54386e-05
0.00324188
-6.12126e-05
0.00321601
-5.09372e-05
0.00319502
-4.01672e-05
0.00316928
-3.56087e-05
0.00314115
-2.95396e-05
0.00312933
-2.17791e-05
0.00312204
-1.59611e-05
0.00311062
-1.46659e-05
0.00309641
-9.6455e-06
0.00308543
-6.22332e-06
-7.88927e-07
0.00625838
-0.000871126
0.00625928
-0.000879891
0.00626049
-0.000888739
0.0062629
-0.000897783
0.00626576
-0.000907225
0.00626588
-0.000916423
0.00626355
-0.000925316
0.00626323
-0.000934205
0.00626334
-0.000943514
0.00626338
-0.000953056
0.00626369
-0.000962787
0.00626451
-0.000972682
0.00626523
-0.000983108
0.00626519
-0.000993644
0.0062655
-0.00100398
0.00626623
-0.00101485
0.0062674
-0.00102684
0.00626979
-0.00103864
0.00627097
-0.00105076
0.00626849
-0.0010619
0.00626369
-0.00107338
0.0062633
-0.00108664
0.00626434
-0.00109852
0.00626569
-0.00111217
0.00626508
-0.00112393
0.00625968
-0.00113536
0.00625342
-0.00114746
0.00624782
-0.00115786
0.00624161
-0.00116634
0.00623288
-0.00117279
0.00621924
-0.00117591
0.00619812
-0.00117332
0.00616725
-0.00116376
0.00612005
-0.00114495
0.00604773
-0.0011114
0.0059529
-0.00106654
0.00582652
-0.00100964
0.00566397
-0.000932831
0.00551076
-0.000860018
0.00535403
-0.000800266
0.00515206
-0.000723904
0.00498845
-0.000648704
0.00487561
-0.000598731
0.00474148
-0.000558993
0.0045621
-0.000499442
0.00445913
-0.000448401
0.00439369
-0.000418587
0.00429992
-0.000395965
0.00416177
-0.000357786
0.00409367
-0.000321077
0.00405291
-0.000300904
0.00398495
-0.000286795
0.00388278
-0.000258509
0.00382854
-0.00023201
0.00379169
-0.000217847
0.00373268
-0.000205099
0.00364996
-0.000184373
0.00360485
-0.000163692
0.00357374
-0.000152142
0.00352125
-0.000142583
0.00345704
-0.000125052
0.00342597
-0.000107585
0.00340049
-0.000102914
0.00335195
-9.3651e-05
0.00331335
-7.48381e-05
0.00328887
-6.79667e-05
0.00325926
-6.49219e-05
0.00322744
-5.00706e-05
0.00320475
-4.28327e-05
0.00317975
-3.95954e-05
0.00315626
-3.14492e-05
0.0031367
-2.52946e-05
0.00311711
-2.06399e-05
0.00310654
-1.51327e-05
0.00310014
-1.14278e-05
0.00309011
-7.08182e-06
0.00307499
-4.83657e-06
0.00306334
-1.19028e-06
0.00305474
-1.03836e-07
2.80227e-06
0.00625433
-0.000871449
0.0062551
-0.000880242
0.00625619
-0.000889105
0.0062577
-0.000898093
0.00626086
-0.000907393
0.00626147
-0.000916792
0.00625969
-0.00092584
0.00625793
-0.000934896
0.00625789
-0.000944308
0.00625822
-0.000953883
0.00625888
-0.000963574
0.00625996
-0.000973635
0.00626099
-0.000984144
0.006262
-0.00099466
0.00626361
-0.00100532
0.00626684
-0.00101641
0.00626801
-0.00102949
0.00626818
-0.00104089
0.00626955
-0.00105215
0.00626947
-0.00106372
0.00626474
-0.00107514
0.00626235
-0.00108704
0.00626285
-0.00109941
0.0062627
-0.00111184
0.00626147
-0.00112301
0.00625695
-0.0011334
0.00624743
-0.00114252
0.0062345
-0.00114907
0.00621795
-0.00115173
0.00619461
-0.00114918
0.00616006
-0.00113862
0.00611112
-0.00111894
0.00603801
-0.00108628
0.00593374
-0.00103568
0.00580958
-0.000977549
0.00565173
-0.000909993
0.00546168
-0.000824876
0.00530319
-0.000750026
0.00515034
-0.000695171
0.0049468
-0.000625784
0.00478703
-0.000554277
0.00468539
-0.000508007
0.00456579
-0.000477856
0.00439211
-0.000425388
0.00429304
-0.000377013
0.00423313
-0.000350795
0.00414892
-0.00033354
0.0040221
-0.000299993
0.00395998
-0.000268208
0.00392481
-0.000250862
0.00386739
-0.000240166
0.00377192
-0.000215729
0.00372363
-0.00019138
0.00369316
-0.000179603
0.00364068
-0.000168965
0.00356758
-0.000150663
0.00352578
-0.000134206
0.00349389
-0.000123468
0.0034442
-0.000112725
0.00339019
-0.000101226
0.00336114
-8.66457e-05
0.0033385
-7.95635e-05
0.00329462
-7.37431e-05
0.00325703
-6.12108e-05
0.00324104
-5.04926e-05
0.00322353
-4.81337e-05
0.00319183
-4.08871e-05
0.00317086
-3.05898e-05
0.00315298
-2.87896e-05
0.00312966
-2.42397e-05
0.00311285
-1.80448e-05
0.00310122
-1.53065e-05
0.00309115
-1.16843e-05
0.00308234
-8.58899e-06
0.00307301
-6.51885e-06
0.00306535
-2.5192e-06
0.00305965
9.24106e-08
0.00305437
2.43387e-06
0.00304712
3.41493e-06
4.76385e-06
0.00624906
-0.000871679
0.00625014
-0.000880622
0.00625141
-0.00088964
0.00625281
-0.000898725
0.00625548
-0.000908013
0.00625687
-0.000917452
0.00625602
-0.000926873
0.00625464
-0.000936136
0.00625484
-0.00094565
0.00625561
-0.000955171
0.00625681
-0.000964943
0.00625824
-0.00097527
0.00625826
-0.000985329
0.00625904
-0.000995688
0.00626099
-0.00100661
0.00626529
-0.00101871
0.00626921
-0.00103097
0.00626974
-0.00104304
0.0062688
-0.00105387
0.00626829
-0.00106483
0.00626562
-0.00107565
0.00626168
-0.00108715
0.00625968
-0.0010991
0.00625709
-0.00110903
0.00625303
-0.00111778
0.00624487
-0.00112467
0.00622915
-0.00112789
0.00620338
-0.00112527
0.00616384
-0.00111423
0.00610572
-0.00109073
0.00602876
-0.00105681
0.00591975
-0.00100741
0.00577611
-0.000936274
0.00562655
-0.000868298
0.00544801
-0.000799578
0.00523581
-0.000709742
0.00507604
-0.000635658
0.004935
-0.000590582
0.00473898
-0.000531578
0.00457867
-0.000463936
0.00448655
-0.00042132
0.00438603
-0.000399742
0.00422456
-0.000357077
0.0041282
-0.000312408
0.00407501
-0.00028839
0.00400399
-0.000277104
0.00388583
-0.000249007
0.00382597
-0.000219216
0.00379513
-0.00020391
0.00374924
-0.000196988
0.0036643
-0.00017707
0.00361904
-0.000154614
0.00359277
-0.000143957
0.00354893
-0.000136497
0.0034841
-0.000119066
0.00344772
-0.000104741
0.00341974
-9.92666e-05
0.0033719
-8.70582e-05
0.00332572
-7.58222e-05
0.00329867
-6.93792e-05
0.0032728
-5.90855e-05
0.00323852
-5.4026e-05
0.00320708
-4.89178e-05
0.00318926
-3.7762e-05
0.00317497
-3.41422e-05
0.00315029
-3.02551e-05
0.00313371
-2.41385e-05
0.00312239
-1.89826e-05
0.00310395
-1.64142e-05
0.0030874
-1.21481e-05
0.00307774
-1.0605e-05
0.00306711
-9.16956e-06
0.00305786
-7.18139e-06
0.00305138
-5.38876e-06
0.00304817
-3.48234e-06
0.00304659
-6.05164e-09
0.00304493
2.11544e-06
0.00304275
2.81491e-06
0.00303936
3.43719e-06
5.31937e-06
0.00624527
-0.00087215
0.00624655
-0.000881214
0.00624799
-0.000890389
0.00624948
-0.00089962
0.0062522
-0.000908992
0.00625436
-0.000918555
0.00625341
-0.000928048
0.00625249
-0.000937516
0.00625308
-0.000947021
0.00625411
-0.000956545
0.00625542
-0.000966366
0.00625684
-0.000976893
0.00625873
-0.000987373
0.00626042
-0.000997883
0.00626162
-0.00100883
0.00626333
-0.00102013
0.00626841
-0.00103228
0.00626989
-0.00104384
0.00626857
-0.00105426
0.00626631
-0.00106496
0.00626369
-0.00107563
0.00625886
-0.00108583
0.00625144
-0.00109401
0.00624309
-0.00109964
0.0062309
-0.00110204
0.00620872
-0.00109849
0.00617082
-0.00108694
0.00610933
-0.0010639
0.00601716
-0.00102167
0.00590371
-0.00097036
0.0057527
-0.000907066
0.0055631
-0.00081737
0.00539356
-0.000742571
0.00521023
-0.000683686
0.00498442
-0.000597661
0.00482884
-0.000523478
0.00470618
-0.000487008
0.00452865
-0.000443716
0.0043703
-0.000382451
0.00428766
-0.000341301
0.0042067
-0.000326041
0.00406288
-0.000295535
0.00396856
-0.000255478
0.00392289
-0.000231776
0.00386952
-0.000224993
0.00376447
-0.000205238
0.00370169
-0.000177473
0.00367231
-0.000161371
0.00363543
-0.000156375
0.00356199
-0.000141121
0.00352079
-0.000121644
0.00349876
-0.000111332
0.00346378
-0.000106965
0.00340482
-9.28385e-05
0.00337354
-7.81047e-05
0.00335173
-7.36553e-05
0.00331249
-6.77356e-05
0.00327106
-5.41067e-05
0.00324605
-4.89502e-05
0.00322061
-4.62567e-05
0.00319022
-3.55149e-05
0.00316678
-3.24616e-05
0.00315135
-3.01458e-05
0.0031379
-2.45535e-05
0.00311796
-2.08866e-05
0.00310395
-1.60441e-05
0.00309838
-1.34191e-05
0.00309196
-1.17064e-05
0.0030773
-7.00796e-06
0.00306571
-4.12634e-06
0.00305706
-5.30849e-06
0.00304749
-4.12172e-06
0.00304203
-2.8655e-06
0.00303902
-2.28629e-06
0.0030364
-7.82959e-07
0.00303366
1.74509e-06
0.00303015
3.10615e-06
0.00302588
2.99841e-06
0.00302269
2.70568e-06
4.62162e-06
0.00624272
-0.00087271
0.00624405
-0.00088191
0.00624553
-0.000891303
0.00624697
-0.000900608
0.00624904
-0.000910025
0.00625348
-0.000920068
0.00625518
-0.000929877
0.00625522
-0.000939653
0.00625567
-0.000949115
0.00625695
-0.000958624
0.00625863
-0.000968555
0.00625996
-0.000978948
0.00626103
-0.000989204
0.00626236
-0.000999595
0.00626395
-0.0010104
0.00626615
-0.0010217
0.00626951
-0.00103294
0.00627017
-0.00104386
0.00626834
-0.00105395
0.00626419
-0.00106347
0.00625731
-0.00107158
0.00624588
-0.00107675
0.00622919
-0.00107738
0.00620451
-0.00107246
0.0061637
-0.00105743
0.00610115
-0.00103083
0.00600785
-0.00099312
0.00586874
-0.000928259
0.0057126
-0.000855656
0.00553225
-0.000790969
0.00530382
-0.000692698
0.00511992
-0.00060661
0.0049532
-0.000563516
0.00473157
-0.000496606
0.00457369
-0.000419647
0.00446827
-0.000386847
0.00432179
-0.000361849
0.00416437
-0.00031023
0.0040905
-0.000270248
0.00403091
-0.000258696
0.00391557
-0.000242105
0.00381342
-0.000206308
0.00377103
-0.000181787
0.0037338
-0.000176461
0.00365276
-0.000165169
0.00358662
-0.000141505
0.00355651
-0.000125121
0.00352538
-0.000120982
0.0034608
-0.000109327
0.00342272
-9.24322e-05
0.00340528
-8.22152e-05
0.00338147
-7.98095e-05
0.00333073
-6.99292e-05
0.00330182
-5.72398e-05
0.00328458
-5.14073e-05
0.00325542
-4.7919e-05
0.00322041
-3.8859e-05
0.00320075
-3.18958e-05
0.00318001
-3.07508e-05
0.00315061
-2.4646e-05
0.00313323
-1.82704e-05
0.0031185
-1.7784e-05
0.00310067
-1.54349e-05
0.00308541
-1.28433e-05
0.00307596
-9.49421e-06
0.00307135
-6.85215e-06
0.00306695
-7.18859e-06
0.00305844
-5.97846e-06
0.00305216
-2.23426e-06
0.00304771
-1.10803e-06
0.00304144
-2.11144e-06
0.00303486
-5.91639e-07
0.00303091
-5.61508e-08
0.00302785
-1.04292e-06
0.00302366
1.10372e-07
0.00301999
1.56598e-06
0.00301649
2.18513e-06
0.00301199
2.41957e-06
0.00300817
1.97348e-06
3.28293e-06
0.00624192
-0.000874092
0.00624328
-0.000883609
0.00624467
-0.000893366
0.00624591
-0.000902849
0.0062477
-0.000912284
0.00625213
-0.000922184
0.00625666
-0.000932373
0.00625724
-0.00094164
0.00625738
-0.000951048
0.00625846
-0.000960639
0.00626002
-0.000971021
0.0062607
-0.000981102
0.00626146
-0.00099109
0.00626279
-0.00100125
0.00626421
-0.00101186
0.00626586
-0.00102247
0.0062681
-0.00103302
0.00626811
-0.00104231
0.00626324
-0.00105003
0.00625124
-0.00105489
0.0062305
-0.00105431
0.00619977
-0.00104653
0.0061538
-0.00103002
0.00607989
-0.000997049
0.00597939
-0.000949253
0.00584523
-0.000894308
0.00564864
-0.0008066
0.00545068
-0.000713196
0.00526378
-0.000654895
0.00501653
-0.000573723
0.00481131
-0.000474965
0.00466826
-0.000433662
0.00449053
-0.000405954
0.00432598
-0.000335395
0.00422803
-0.000294337
0.0041166
-0.000284854
0.00396788
-0.000249607
0.00390262
-0.000211417
0.00386161
-0.000198211
0.00378357
-0.000193453
0.00367628
-0.000167261
0.00363268
-0.000140995
0.00360474
-0.000133472
0.00354925
-0.000128947
0.00348362
-0.000109182
0.00345411
-9.31433e-05
0.00342926
-9.01872e-05
0.00337353
-8.24473e-05
0.00333288
-6.80004e-05
0.00331724
-5.79255e-05
0.00330059
-5.49539e-05
0.00326246
-4.89759e-05
0.00323726
-3.95031e-05
0.00322398
-3.4049e-05
0.00320534
-3.2386e-05
0.00317683
-2.64511e-05
0.00316038
-1.96107e-05
0.00314748
-1.81258e-05
0.00312618
-1.59547e-05
0.00310967
-1.04086e-05
0.00309879
-7.97933e-06
0.00308524
-7.62313e-06
0.00307273
-5.79668e-06
0.00306404
-4.25946e-06
0.00305815
-1.81164e-06
0.00305367
-1.48655e-06
0.0030467
-2.53766e-06
0.00303999
-9.74879e-07
0.00303633
1.21875e-06
0.00303259
1.32334e-06
0.00302639
7.16812e-07
0.00302076
2.18613e-06
0.00301608
2.56186e-06
0.00301128
1.4661e-06
0.0030074
2.59178e-06
0.00300487
3.60334e-06
0.0030025
4.04811e-06
0.00299932
4.69294e-06
0.00299607
4.41411e-06
5.22066e-06
0.00618494
-0.000875853
0.00618652
-0.000885593
0.0061883
-0.000895484
0.00619021
-0.000905093
0.00619245
-0.000914594
0.00619712
-0.000924392
0.00620054
-0.000934397
0.00620078
-0.000943687
0.00620087
-0.000953091
0.00620226
-0.000962797
0.00620368
-0.000972944
0.0062036
-0.000982715
0.00620359
-0.000992528
0.00620399
-0.00100249
0.00620446
-0.00101253
0.00620425
-0.00102156
0.00620158
-0.0010289
0.0061934
-0.00103314
0.00617442
-0.00103181
0.00613913
-0.00102156
0.00608529
-0.00100145
0.00600203
-0.000965149
0.0058795
-0.000906638
0.0057351
-0.000840006
0.00554579
-0.000760257
0.00529047
-0.000660531
0.00507942
-0.000569179
0.00490573
-0.000512594
0.00466405
-0.000453658
0.00443975
-0.000371468
0.0043258
-0.000315637
0.00421941
-0.00030964
0.0040642
-0.000274478
0.00396283
-0.000221581
0.00388235
-0.0002131
0.00376091
-0.000199978
0.0036946
-0.000165889
0.00366377
-0.00014806
0.00362038
-0.000147477
0.00352522
-0.000133986
0.0034723
-0.000109555
0.00344768
-9.76119e-05
0.0034148
-9.69434e-05
0.00335466
-8.4997e-05
0.00332387
-6.615e-05
0.00330538
-6.24963e-05
0.00326814
-5.99392e-05
0.00322983
-4.82086e-05
0.00321525
-3.93278e-05
0.00320239
-3.73459e-05
0.00317123
-3.1964e-05
0.00315127
-2.54843e-05
0.0031435
-2.05969e-05
0.00313428
-1.96798e-05
0.00311282
-1.62483e-05
0.00309734
-1.11064e-05
0.00308719
-8.31664e-06
0.00307309
-6.80199e-06
0.00305924
-4.14045e-06
0.00305065
-2.39144e-06
0.00304028
-9.71778e-07
0.00302929
2.70899e-07
0.00302391
1.15356e-07
0.00301967
8.01837e-07
0.00301532
2.52857e-06
0.00301046
2.37715e-06
0.00300525
1.75124e-06
0.00300258
3.11576e-06
0.00300058
4.51105e-06
0.00299713
4.45426e-06
0.00299173
4.12508e-06
0.0029878
5.38236e-06
0.00298461
5.84594e-06
0.00298124
4.84459e-06
0.00297838
5.81208e-06
0.00297574
6.74797e-06
0.00297263
7.37131e-06
0.0029688
8.30749e-06
0.00296502
8.15965e-06
8.55179e-06
0.00562185
-0.000878142
0.0056234
-0.000887693
0.00562528
-0.000897393
0.00562783
-0.000907312
0.00563037
-0.000916723
0.0056347
-0.000926234
0.00563754
-0.000936034
0.0056376
-0.000945371
0.00563761
-0.000954881
0.00563903
-0.000964641
0.0056402
-0.000974527
0.00563944
-0.000984168
0.00563784
-0.000993709
0.0056366
-0.00100261
0.00563397
-0.00101005
0.00562754
-0.00101459
0.00561224
-0.00101374
0.00558044
-0.001003
0.00552788
-0.000980587
0.00544596
-0.000942107
0.00531776
-0.00087784
0.00516099
-0.000800771
0.00498057
-0.000718154
0.00474676
-0.000616773
0.00449503
-0.000525065
0.0043315
-0.000452105
0.00418693
-0.000401251
0.00396471
-0.000346891
0.00376669
-0.000293379
0.00369875
-0.000244623
0.00364908
-0.000227133
0.00353656
-0.00022217
0.00342537
-0.000184573
0.00336676
-0.000156926
0.00330443
-0.000157242
0.00324242
-0.000140013
0.00321493
-0.000114169
0.00318971
-0.000110134
0.0031236
-0.000106537
0.00306217
-8.76566e-05
0.00304207
-7.18278e-05
0.00302642
-6.85997e-05
0.00298874
-6.73208e-05
0.00294977
-5.08435e-05
0.00293135
-4.0878e-05
0.00291098
-4.18678e-05
0.00288272
-3.49529e-05
0.002872
-2.59249e-05
0.00286461
-2.43947e-05
0.00284324
-2.35961e-05
0.00282445
-1.688e-05
0.00282083
-1.21205e-05
0.00281898
-1.09807e-05
0.00280983
-9.38725e-06
0.00280131
-5.78162e-06
0.00279561
-3.42076e-06
0.00278741
-1.91304e-06
0.00277681
7.83109e-07
0.00277079
2.18364e-06
0.00276543
2.44043e-06
0.00275734
4.12501e-06
0.0027501
5.36299e-06
0.00274505
4.5329e-06
0.00274133
4.7694e-06
0.00273833
5.98407e-06
0.00273496
5.69057e-06
0.00273137
5.26756e-06
0.00272933
6.39797e-06
0.00272741
7.42228e-06
0.00272441
7.26041e-06
0.00272002
7.14946e-06
0.00271684
8.00286e-06
0.00271426
8.5508e-06
0.00271152
8.15237e-06
0.00270906
9.21642e-06
0.00270636
1.03625e-05
0.00270305
1.11663e-05
0.00269926
1.20197e-05
0.0026956
1.17667e-05
1.16338e-05
0.0051138
-0.000879845
0.00511501
-0.000889188
0.00511649
-0.000898887
0.00511782
-0.000908567
0.00511928
-0.00091798
0.00512171
-0.000927093
0.00512343
-0.000936434
0.00512338
-0.000945964
0.0051237
-0.000955883
0.00512485
-0.000965631
0.00512541
-0.000975084
0.00512447
-0.000984158
0.00512166
-0.000992292
0.00511602
-0.000997784
0.00510425
-0.000998214
0.00507887
-0.00098902
0.0050321
-0.000966496
0.00495558
-0.000927917
0.00482961
-0.000860653
0.00466542
-0.000776145
0.00448605
-0.000690823
0.00426757
-0.000584412
0.00401553
-0.000490826
0.0038435
-0.000418046
0.00371716
-0.000359164
0.00357191
-0.000313471
0.00335874
-0.000266069
0.00324063
-0.000228502
0.00321244
-0.000198269
0.00319029
-0.000179353
0.00310664
-0.000171574
0.00297572
-0.000154365
0.00293624
-0.000134435
0.00291638
-0.000115898
0.00288332
-0.000115631
0.00284727
-9.76e-05
0.00282105
-8.27931e-05
0.00277982
-8.32348e-05
0.00271563
-7.22705e-05
0.00269853
-5.58461e-05
0.0026929
-4.79668e-05
0.00268051
-4.8515e-05
0.00264542
-4.27496e-05
0.0026218
-2.90763e-05
0.00260647
-2.71548e-05
0.00258371
-2.65015e-05
0.00257519
-1.85696e-05
0.00257236
-1.41663e-05
0.00256473
-1.47033e-05
0.00254694
-1.22093e-05
0.0025425
-6.7259e-06
0.00254172
-4.80431e-06
0.00253842
-4.33929e-06
0.00253289
-1.66071e-06
0.00253005
6.10453e-07
0.00252679
6.77157e-07
0.00251938
2.46049e-06
0.00251558
5.04032e-06
0.00251348
5.3922e-06
0.00250978
5.90241e-06
0.00250481
7.6507e-06
0.00250063
8.32671e-06
0.00249681
7.70619e-06
0.00249371
8.16434e-06
0.00249134
8.91303e-06
0.00248876
8.62719e-06
0.00248623
8.64826e-06
0.00248427
9.49994e-06
0.0024819
1.05784e-05
0.00247889
1.02452e-05
0.00247558
1.00606e-05
0.00247314
1.07034e-05
0.00247096
1.13128e-05
0.00246817
1.16801e-05
0.00246516
1.31902e-05
0.00246238
1.40893e-05
0.00245951
1.4515e-05
0.00245618
1.50295e-05
0.00245283
1.46342e-05
1.40362e-05
0.00464758
-0.000881206
0.00464862
-0.00089053
0.00464976
-0.000900075
0.00464984
-0.000909199
0.0046489
-0.000918223
0.00464861
-0.000927256
0.00464899
-0.000936708
0.00465003
-0.00094643
0.00465243
-0.000956646
0.00465293
-0.000966252
0.00465127
-0.000975045
0.00464701
-0.000981654
0.0046381
-0.000984063
0.00461871
-0.000978268
0.00457978
-0.000958518
0.00451334
-0.000922517
0.00439869
-0.000855926
0.00423783
-0.000766066
0.00406289
-0.000677702
0.0038532
-0.000567184
0.00361077
-0.000470668
0.00343855
-0.00039521
0.00332111
-0.000334814
0.00319754
-0.000288855
0.00303041
-0.000244223
0.00287977
-0.000211541
0.00284492
-0.000184305
0.00283078
-0.000157863
0.00281214
-0.000149119
0.00273522
-0.000139636
0.00261795
-0.000128703
0.00258381
-0.000114615
0.00258097
-9.71986e-05
0.0025751
-8.58422e-05
0.00254052
-8.37929e-05
0.00250264
-6.85771e-05
0.00247266
-6.13707e-05
0.00243207
-6.07125e-05
0.00240957
-4.73659e-05
0.00240391
-3.57179e-05
0.00239867
-3.38014e-05
0.00237566
-3.32123e-05
0.00235177
-2.53127e-05
0.00234161
-1.81233e-05
0.00233026
-1.88679e-05
0.00231775
-1.55081e-05
0.00231549
-8.95116e-06
0.00231411
-7.33297e-06
0.00230493
-6.27169e-06
0.00229996
-4.35172e-06
0.00229882
-6.85926e-07
0.00229714
-1.14131e-08
0.00229326
1.10454e-06
0.00229229
3.07434e-06
0.0022916
4.21805e-06
0.00228874
4.143e-06
0.00228574
5.71381e-06
0.00228407
7.45828e-06
0.00228193
7.54252e-06
0.00227913
8.278e-06
0.00227764
9.82872e-06
0.00227597
1.00433e-05
0.00227356
9.62614e-06
0.00227182
1.02609e-05
0.00227067
1.10617e-05
0.00226931
1.11947e-05
0.00226756
1.16829e-05
0.00226427
1.39683e-05
0.00226098
1.43009e-05
0.00225709
1.35834e-05
0.00225436
1.32362e-05
0.00225274
1.36246e-05
0.00225096
1.40663e-05
0.00224841
1.4508e-05
0.00224611
1.60511e-05
0.00224426
1.68109e-05
0.0022423
1.71502e-05
0.00223982
1.73229e-05
0.00223707
1.66741e-05
1.5054e-05
0.00421971
-0.000882376
0.00422065
-0.000891475
0.00422082
-0.000900625
0.00422058
-0.000909739
0.00422025
-0.000918999
0.00422053
-0.000928481
0.00422137
-0.000938183
0.00422274
-0.000948221
0.00422492
-0.000958479
0.00422505
-0.00096716
0.00422034
-0.000972607
0.00420682
-0.000970961
0.00417782
-0.000956023
0.00412542
-0.000925053
0.00402838
-0.000863736
0.00387912
-0.000772714
0.00371097
-0.000680715
0.00350707
-0.000565119
0.00326984
-0.000462541
0.00309869
-0.000383321
0.00298714
-0.000323117
0.00287259
-0.000273415
0.00273163
-0.000230875
0.00258107
-0.000201332
0.00253983
-0.000172412
0.00252779
-0.000148754
0.00251474
-0.000134226
0.00247768
-0.000125013
0.00238784
-0.000116829
0.00231904
-0.0001107
0.00230729
-9.66357e-05
0.00230584
-8.11771e-05
0.00229863
-6.81215e-05
0.00226703
-6.3079e-05
0.00221609
-5.99396e-05
0.0021964
-5.05425e-05
0.00218319
-4.50766e-05
0.002167
-4.1537e-05
0.00215844
-3.03653e-05
0.00215187
-2.58492e-05
0.00213345
-2.48595e-05
0.00210921
-2.18109e-05
0.00210345
-1.5457e-05
0.00210126
-1.20536e-05
0.00209249
-1.20057e-05
0.00208684
-7.68107e-06
0.00208516
-3.78944e-06
0.00208122
-2.30853e-06
0.0020771
-1.13682e-06
0.00207725
-2.96121e-08
0.00207795
2.03086e-06
0.00207541
3.12965e-06
0.00207464
4.53239e-06
0.00207577
5.5414e-06
0.0020761
6.31451e-06
0.00207526
6.62125e-06
0.00207492
7.69877e-06
0.00207432
8.65156e-06
0.00207175
8.82154e-06
0.00206981
9.69091e-06
0.0020692
1.11632e-05
0.00206835
1.16716e-05
0.00206639
1.16847e-05
0.00206466
1.24527e-05
0.00206357
1.33376e-05
0.00206242
1.38532e-05
0.00206137
1.44087e-05
0.00206108
1.53281e-05
0.00205965
1.59922e-05
0.00205652
1.59851e-05
0.00205353
1.61072e-05
0.00205191
1.63143e-05
0.00205045
1.62092e-05
0.00204824
1.61551e-05
0.00204676
1.78087e-05
0.00204567
1.86728e-05
0.00204449
1.93064e-05
0.00204307
1.9581e-05
0.00204143
1.89018e-05
1.71885e-05
0.00382762
-0.000882557
0.00382778
-0.000891991
0.00382798
-0.000901556
0.00382809
-0.000910954
0.00382832
-0.000920697
0.00382912
-0.000930643
0.00383079
-0.000941124
0.00383307
-0.000951075
0.00383376
-0.000959509
0.00382873
-0.000963219
0.00381046
-0.000956377
0.00377086
-0.000933385
0.00369352
-0.000882424
0.00356421
-0.000796433
0.00340915
-0.000701927
0.00321621
-0.000581535
0.00298754
-0.000471045
0.00281733
-0.000385161
0.00270344
-0.000320591
0.00258923
-0.000264281
0.00246106
-0.000222523
0.00232339
-0.000193688
0.00228425
-0.000167473
0.00227001
-0.000144201
0.00225495
-0.000127122
0.00222851
-0.000118769
0.00216316
-0.000110413
0.00208989
-0.00010163
0.00206737
-9.25175e-05
0.00206619
-7.87879e-05
0.00206517
-6.68477e-05
0.00205638
-5.8163e-05
0.00202413
-5.17942e-05
0.00197149
-4.82563e-05
0.00195061
-4.34062e-05
0.00194775
-3.52502e-05
0.00194543
-3.14691e-05
0.00193661
-2.73266e-05
0.00192891
-2.12814e-05
0.00191747
-2.09939e-05
0.00189505
-1.98351e-05
0.00188719
-1.50873e-05
0.00188624
-9.94721e-06
0.00188491
-7.8472e-06
0.00187956
-6.44521e-06
0.00187795
-3.46689e-06
0.00187647
-1.44194e-06
0.00187329
1.07747e-07
0.00187304
1.09754e-06
0.00187411
1.84484e-06
0.00187596
3.02e-06
0.00187645
4.22736e-06
0.0018771
5.53373e-06
0.00187866
6.62344e-06
0.00188011
7.45013e-06
0.00188069
8.09682e-06
0.00188115
9.07851e-06
0.00188119
9.53417e-06
0.00187944
9.66451e-06
0.00187715
1.04134e-05
0.00187637
1.18694e-05
0.00187584
1.28278e-05
0.0018753
1.32859e-05
0.00187512
1.4069e-05
0.00187494
1.49325e-05
0.00187434
1.56905e-05
0.0018734
1.65564e-05
0.00187228
1.7484e-05
0.00187046
1.82529e-05
0.00186753
1.83811e-05
0.00186448
1.82786e-05
0.00186273
1.82769e-05
0.00186205
1.83852e-05
0.00186188
1.85064e-05
0.00186233
1.888e-05
0.0018624
1.96634e-05
0.00186206
2.04442e-05
0.00186142
2.07487e-05
0.00186098
2.0277e-05
1.8889e-05
0.00346958
-0.000884265
0.00347108
-0.000894167
0.00347152
-0.000903786
0.00347197
-0.000913197
0.0034729
-0.000923064
0.00347436
-0.000933426
0.00347599
-0.000943682
0.00347526
-0.000951114
0.00346758
-0.000952326
0.00344501
-0.000940777
0.00339314
-0.000906415
0.00329229
-0.000834407
0.00315626
-0.000742588
0.00297643
-0.000619265
0.00275569
-0.000495964
0.0025877
-0.00040126
0.00246751
-0.000330575
0.00234674
-0.000265087
0.00221754
-0.000218938
0.00209457
-0.000184707
0.00205701
-0.00016437
0.00203703
-0.000141036
0.00201877
-0.000123265
0.00199682
-0.000113771
0.00195507
-0.000106835
0.00189625
-0.000102542
0.00185348
-9.29574e-05
0.00184178
-7.80411e-05
0.00184128
-6.43397e-05
0.00184005
-5.41693e-05
0.00182991
-4.8139e-05
0.00180141
-4.46635e-05
0.00176097
-4.25979e-05
0.00174115
-3.82484e-05
0.00173816
-3.09141e-05
0.00173751
-2.42283e-05
0.0017339
-2.25858e-05
0.00172515
-1.97654e-05
0.00171717
-1.68032e-05
0.00170584
-1.77178e-05
0.00169533
-1.58344e-05
0.00169358
-1.13272e-05
0.00169304
-7.16459e-06
0.00169058
-5.85095e-06
0.00168779
-3.61165e-06
0.00168774
-1.88414e-06
0.00168743
-7.89857e-07
0.00168707
7.36116e-07
0.0016874
1.99968e-06
0.00168892
2.80671e-06
0.00169296
3.32681e-06
0.00169571
4.1355e-06
0.00169704
5.31771e-06
0.0016984
6.67413e-06
0.00170022
7.91483e-06
0.00170162
9.228e-06
0.0017024
1.04319e-05
0.00170254
1.06531e-05
0.00170197
1.0466e-05
0.00170054
1.08079e-05
0.00169906
1.17735e-05
0.00169799
1.2977e-05
0.00169768
1.43889e-05
0.00169772
1.544e-05
0.00169792
1.6361e-05
0.00169793
1.7272e-05
0.00169762
1.84096e-05
0.00169699
1.9678e-05
0.00169638
2.03352e-05
0.00169534
2.02245e-05
0.00169352
1.96367e-05
0.00169102
1.91828e-05
0.00168986
1.92842e-05
0.00168971
1.97299e-05
0.00169021
2.01725e-05
0.00169095
2.08487e-05
0.00169103
2.20414e-05
0.00169099
2.25775e-05
0.00169106
2.24484e-05
2.16585e-05
0.00314627
-0.000886762
0.0031471
-0.000896163
0.00314702
-0.000905115
0.00314644
-0.000914608
0.00314702
-0.000925122
0.00314795
-0.000935514
0.00314642
-0.000943165
0.00313748
-0.000942944
0.00311071
-0.000926703
0.0030459
-0.000877588
0.00293879
-0.000797407
0.00278074
-0.000678732
0.00257039
-0.000542961
0.00239644
-0.000434198
0.00226428
-0.00034917
0.00213577
-0.000274422
0.00200083
-0.000224821
0.00189666
-0.0001826
0.00185561
-0.00016323
0.00182588
-0.000137132
0.00180123
-0.000121447
0.00177807
-0.000110833
0.00174762
-0.000103348
0.00171112
-9.7584e-05
0.00167794
-9.1411e-05
0.00165054
-8.3542e-05
0.00163981
-7.04379e-05
0.0016355
-5.67642e-05
0.00162877
-4.58848e-05
0.00161574
-4.03882e-05
0.00159326
-3.86136e-05
0.00156691
-3.8623e-05
0.00155583
-3.60214e-05
0.0015544
-2.97654e-05
0.00155409
-2.26247e-05
0.00155219
-1.87707e-05
0.00154368
-1.84792e-05
0.0015348
-1.68135e-05
0.00152839
-1.46383e-05
0.00152102
-1.47353e-05
0.00151789
-1.15721e-05
0.00151794
-7.94048e-06
0.00151787
-5.50804e-06
0.00151505
-4.83117e-06
0.00151265
-3.01448e-06
0.00151241
-1.65214e-06
0.00151275
-9.85486e-07
0.00151361
1.60485e-07
0.00151463
1.82398e-06
0.00151665
3.33831e-06
0.00152102
4.21915e-06
0.00152647
4.68773e-06
0.00152966
5.03039e-06
0.001531
5.74524e-06
0.00153167
7.04722e-06
0.00153239
8.69558e-06
0.00153327
1.03247e-05
0.00153394
1.12316e-05
0.00153457
1.1483e-05
0.00153491
1.16727e-05
0.00153493
1.18899e-05
0.00153386
1.276e-05
0.001533
1.41318e-05
0.0015329
1.56515e-05
0.00153333
1.66115e-05
0.00153426
1.74338e-05
0.00153465
1.86463e-05
0.0015346
2.00344e-05
0.00153427
2.10778e-05
0.00153408
2.12776e-05
0.00153375
2.08931e-05
0.00153305
2.01192e-05
0.00153209
1.98311e-05
0.00153182
2.0108e-05
0.00153183
2.06743e-05
0.00153246
2.13144e-05
0.0015329
2.26447e-05
0.00153301
2.3646e-05
0.00153304
2.4026e-05
2.38807e-05
0.00284669
-0.000888283
0.00284621
-0.000897056
0.00284546
-0.000906071
0.00284541
-0.000916086
0.00284652
-0.000927559
0.00284571
-0.000936008
0.00283683
-0.000935569
0.00280596
-0.000913679
0.00273729
-0.000857833
0.00261705
-0.000760437
0.00242697
-0.000616825
0.00224551
-0.000488903
0.00209786
-0.000386276
0.00195128
-0.000293068
0.0018103
-0.000232361
0.0017262
-0.000190424
0.00167838
-0.000166491
0.00163995
-0.000135487
0.00160829
-0.000122392
0.00158249
-0.00011077
0.00155548
-0.000104404
0.00152543
-9.58293e-05
0.0015018
-8.80129e-05
0.00148188
-8.01274e-05
0.00146656
-7.24071e-05
0.00145687
-6.34449e-05
0.0014489
-5.20365e-05
0.00144008
-4.29527e-05
0.00142707
-3.67589e-05
0.00140826
-3.53407e-05
0.00138963
-3.58917e-05
0.00138326
-3.34341e-05
0.00138241
-2.90079e-05
0.00138365
-2.27042e-05
0.00138322
-1.72129e-05
0.00137859
-1.51067e-05
0.00136841
-1.5571e-05
0.00136035
-1.50238e-05
0.00135561
-1.30499e-05
0.00135203
-1.23188e-05
0.00135119
-9.41372e-06
0.00135104
-6.1966e-06
0.0013506
-4.62666e-06
0.00134927
-3.88435e-06
0.00134894
-2.75221e-06
0.00134916
-1.96831e-06
0.00134982
-1.51263e-06
0.00135188
-1.09931e-06
0.0013544
6.10623e-08
0.00135648
2.09175e-06
0.00135919
3.96142e-06
0.0013642
5.11793e-06
0.00137084
5.64141e-06
0.0013755
5.54261e-06
0.00137734
5.53872e-06
0.00137779
6.76936e-06
0.0013777
8.34089e-06
0.00137702
9.90514e-06
0.00137692
1.17597e-05
0.00137799
1.26903e-05
0.00137964
1.31128e-05
0.0013801
1.33718e-05
0.00137989
1.38666e-05
0.00137967
1.53409e-05
0.00138022
1.62278e-05
0.00138175
1.70322e-05
0.00138369
1.80059e-05
0.00138452
1.92184e-05
0.00138464
2.03623e-05
0.00138445
2.09823e-05
0.00138429
2.11654e-05
0.00138419
2.08887e-05
0.00138419
2.05874e-05
0.00138435
2.06366e-05
0.00138463
2.0944e-05
0.00138524
2.15467e-05
0.00138635
2.27204e-05
0.00138702
2.3955e-05
0.00138724
2.46596e-05
2.45664e-05
0.00257775
-0.000889705
0.0025769
-0.000897372
0.00257576
-0.000906292
0.00257614
-0.000917609
0.00257607
-0.000928407
0.00256809
-0.000928892
0.00253632
-0.000904204
0.00246291
-0.000840579
0.00232102
-0.000719857
0.00213776
-0.000576263
0.00196846
-0.000442848
0.00180441
-0.000329543
0.00165641
-0.000255283
0.00156981
-0.000201801
0.00151288
-0.000165756
0.00146962
-0.000139151
0.00143368
-0.000127772
0.00141019
-0.000112946
0.00138589
-0.000105717
0.00136067
-9.54305e-05
0.0013403
-9.03518e-05
0.00131968
-8.14864e-05
0.00130227
-7.23666e-05
0.00128805
-6.293e-05
0.00127848
-5.48583e-05
0.00127385
-4.78509e-05
0.0012698
-4.11829e-05
0.0012598
-3.56734e-05
0.00124202
-3.25799e-05
0.00122651
-3.30333e-05
0.00122066
-3.20125e-05
0.00121948
-2.78138e-05
0.00121942
-2.22031e-05
0.00121851
-1.64326e-05
0.00121488
-1.31352e-05
0.00120886
-1.24715e-05
0.00120066
-1.35086e-05
0.00119807
-1.33585e-05
0.00119746
-1.1762e-05
0.001197
-1.06463e-05
0.00119707
-8.93032e-06
0.00119663
-7.25172e-06
0.00119423
-6.06094e-06
0.00119248
-4.25332e-06
0.00119232
-2.46146e-06
0.00119294
-1.69278e-06
0.00119516
-1.16014e-06
0.00119958
-8.891e-07
0.00120444
-7.47012e-07
0.00120714
-1.08486e-07
0.00120887
1.42696e-06
0.00121104
3.48626e-06
0.00121591
5.34699e-06
0.00122336
6.30659e-06
0.00122851
6.18369e-06
0.00123013
6.08174e-06
0.00123035
6.5142e-06
0.00122907
7.85213e-06
0.0012279
9.89641e-06
0.00122771
1.17553e-05
0.00122832
1.28463e-05
0.00123015
1.34382e-05
0.00123185
1.40664e-05
0.00123304
1.46634e-05
0.00123415
1.53217e-05
0.00123612
1.59383e-05
0.0012389
1.69654e-05
0.00124184
1.80191e-05
0.00124373
1.90501e-05
0.00124418
1.97036e-05
0.00124418
1.97396e-05
0.00124371
1.97649e-05
0.00124362
1.9822e-05
0.00124405
2.00708e-05
0.00124499
2.05373e-05
0.00124589
2.13469e-05
0.00124718
2.26073e-05
0.001249
2.39463e-05
0.0012509
2.46692e-05
2.49595e-05
0.00233165
-0.000889231
0.00232822
-0.000894857
0.00232636
-0.000905492
0.00232614
-0.000918065
0.00231783
-0.000920502
0.00228579
-0.000896847
0.00220365
-0.000823655
0.0020557
-0.000691539
0.00188689
-0.000546684
0.00170219
-0.000400178
0.0015408
-0.000290154
0.00144297
-0.000227391
0.00136896
-0.000179538
0.001313
-0.00014364
0.00127526
-0.00012457
0.00125205
-0.000116381
0.00122674
-0.00010823
0.00120876
-9.60457e-05
0.0011957
-9.0942e-05
0.00117794
-8.16777e-05
0.00115452
-7.46236e-05
0.00113378
-6.54658e-05
0.001122
-5.72258e-05
0.00111466
-4.95942e-05
0.00110982
-4.2855e-05
0.00110503
-3.84022e-05
0.00109777
-3.47519e-05
0.0010859
-3.19523e-05
0.00107183
-3.04756e-05
0.00106496
-2.95212e-05
0.00106358
-2.64538e-05
0.00106382
-2.17051e-05
0.00106373
-1.63215e-05
0.00106252
-1.35364e-05
0.00105805
-1.23585e-05
0.00105
-1.26471e-05
0.00104602
-1.25517e-05
0.00104554
-1.10392e-05
0.0010469
-9.57161e-06
0.00104939
-8.03897e-06
0.00105028
-7.43003e-06
0.00105019
-7.59523e-06
0.00104764
-7.49077e-06
0.00104413
-6.29744e-06
0.00104302
-4.47133e-06
0.00104287
-2.62793e-06
0.0010443
-1.28616e-06
0.00104979
-8.09959e-08
0.00105762
4.43949e-07
0.00106353
-1.37736e-07
0.00106676
-6.12993e-07
0.00106884
4.34074e-07
0.00107125
2.71098e-06
0.00107553
4.86116e-06
0.00108106
5.91068e-06
0.00108519
6.05645e-06
0.00108728
6.23298e-06
0.00108803
6.93705e-06
0.00108808
7.82827e-06
0.0010878
9.41014e-06
0.00108791
1.09669e-05
0.00108862
1.21044e-05
0.00109077
1.30426e-05
0.00109359
1.35452e-05
0.00109606
1.40607e-05
0.00109855
1.45243e-05
0.00110168
1.53121e-05
0.00110538
1.62738e-05
0.00110897
1.73677e-05
0.00111104
1.82173e-05
0.00111177
1.82288e-05
0.0011119
1.81053e-05
0.00111189
1.82529e-05
0.00111203
1.85644e-05
0.00111255
1.9275e-05
0.00111374
2.01007e-05
0.00111553
2.14769e-05
0.0011181
2.2986e-05
0.00112087
2.40721e-05
2.50968e-05
0.00210636
-0.000885951
0.00210206
-0.000891323
0.00209982
-0.0009047
0.00209318
-0.000912599
0.00206356
-0.000891217
0.00198196
-0.000815487
0.00183448
-0.000675888
0.00165119
-0.000506607
0.00147564
-0.000373976
0.0013425
-0.000269986
0.00125095
-0.000196766
0.00118311
-0.000160001
0.00113347
-0.000134736
0.00110499
-0.000117333
0.00108042
-0.000103454
0.00106497
-9.78513e-05
0.00105336
-9.23191e-05
0.00103735
-8.09538e-05
0.00101633
-7.31945e-05
0.000996605
-6.48288e-05
0.000982323
-5.92567e-05
0.000972039
-5.25214e-05
0.000964386
-4.65698e-05
0.00095626
-3.94749e-05
0.000950871
-3.46143e-05
0.000946704
-3.31357e-05
0.000939331
-3.1413e-05
0.000925968
-2.90407e-05
0.000917423
-2.71308e-05
0.00091592
-2.45419e-05
0.000916113
-2.12091e-05
0.000917579
-1.6394e-05
0.000917882
-1.30235e-05
0.000915838
-1.19976e-05
0.000911206
-1.26095e-05
0.000904372
-1.35332e-05
0.000901691
-1.21427e-05
0.000901388
-9.86079e-06
0.00090182
-7.45887e-06
0.000903979
-5.59313e-06
0.000905184
-5.24231e-06
0.000905511
-6.09882e-06
0.000905554
-6.92535e-06
0.000905533
-7.1988e-06
0.000905085
-6.62678e-06
0.000905058
-5.03273e-06
0.000905483
-3.23951e-06
0.00090796
-1.33791e-06
0.000913338
1.34696e-07
0.000920241
3.27011e-07
0.000927108
-3.42397e-07
0.000932416
-5.48277e-07
0.000936202
6.05866e-07
0.000939254
2.34166e-06
0.000941981
3.67241e-06
0.000944594
4.48505e-06
0.000946871
5.27048e-06
0.00094861
6.1812e-06
0.000950078
7.14638e-06
0.000951253
8.35211e-06
0.000952116
9.44399e-06
0.000953122
1.04298e-05
0.0009548
1.12154e-05
0.000957288
1.17505e-05
0.000960587
1.23162e-05
0.000964456
1.27961e-05
0.000968862
1.34935e-05
0.000973557
1.41602e-05
0.000977491
1.4973e-05
0.000979799
1.58754e-05
0.000981081
1.61961e-05
0.000981948
1.6336e-05
0.000982716
1.67028e-05
0.000983629
1.69695e-05
0.000984867
1.76179e-05
0.00098665
1.84008e-05
0.00098915
1.9739e-05
0.000992469
2.11928e-05
0.000995938
2.24728e-05
2.35995e-05
0.00189634
-0.000877422
0.00189186
-0.000887107
0.00188551
-0.000899337
0.00185671
-0.000885122
0.00177774
-0.000812272
0.00163447
-0.000673849
0.00144518
-0.000489805
0.00129004
-0.000345579
0.00117014
-0.000257102
0.00108097
-0.000183681
0.00102572
-0.000139945
0.000985179
-0.000125628
0.000950981
-0.000109069
0.000933684
-9.61578e-05
0.000921776
-8.7864e-05
0.000903074
-8.10369e-05
0.000881648
-7.40389e-05
0.000865122
-6.48481e-05
0.000853873
-5.83282e-05
0.00084391
-5.21605e-05
0.000832663
-4.72604e-05
0.000822275
-4.15135e-05
0.00081622
-3.79514e-05
0.000811559
-3.26486e-05
0.000806436
-2.92358e-05
0.000799804
-2.87961e-05
0.000790374
-2.84084e-05
0.000781755
-2.62188e-05
0.000779778
-2.27535e-05
0.00077975
-1.97147e-05
0.000780361
-1.61095e-05
0.00078029
-1.22049e-05
0.000779284
-1.07129e-05
0.000776747
-1.09625e-05
0.000772179
-1.25999e-05
0.000769783
-1.3504e-05
0.000769483
-1.2211e-05
0.000769691
-9.95201e-06
0.00076987
-7.0042e-06
0.000769578
-5.30012e-06
0.000769389
-4.53258e-06
0.000769389
-4.84284e-06
0.000769884
-5.4177e-06
0.000771651
-5.88743e-06
0.000773844
-6.23456e-06
0.00077542
-5.90449e-06
0.000776813
-4.72111e-06
0.00077879
-3.07937e-06
0.000781557
-1.6399e-06
0.000785491
-9.77331e-07
0.000791505
-1.0012e-06
0.000798688
-7.98038e-07
0.000804645
2.39653e-07
0.000808528
1.19042e-06
0.000810928
1.91257e-06
0.000812693
2.66985e-06
0.000814296
3.528e-06
0.000815792
4.54934e-06
0.000817292
5.69749e-06
0.000818939
6.84385e-06
0.000820691
7.84335e-06
0.000822787
8.75327e-06
0.000825462
9.2997e-06
0.000828526
9.57571e-06
0.000831935
9.98851e-06
0.000835991
1.04317e-05
0.000840928
1.12396e-05
0.000846502
1.20552e-05
0.000851427
1.27278e-05
0.000854263
1.33786e-05
0.000855677
1.35866e-05
0.000856606
1.38234e-05
0.000857518
1.43504e-05
0.000858725
1.47305e-05
0.000860423
1.54657e-05
0.000862824
1.63271e-05
0.000866321
1.76157e-05
0.000870859
1.90702e-05
0.000875746
2.01587e-05
2.16594e-05
0.00170139
-0.000864963
0.00169305
-0.000878511
0.00167064
-0.000877422
0.00159812
-0.000813431
0.00146077
-0.00067447
0.00128288
-0.000500268
0.00112122
-0.000328899
0.00101047
-0.000229961
0.000931902
-0.000180688
0.000879486
-0.00013384
0.000843794
-0.000106126
0.00081999
-0.000101325
0.000802316
-9.31196e-05
0.000782103
-7.96375e-05
0.000762153
-7.03469e-05
0.000746675
-6.49355e-05
0.000734951
-5.97186e-05
0.000724402
-5.24919e-05
0.000713848
-4.68081e-05
0.000704165
-4.18107e-05
0.000697356
-3.80673e-05
0.000691783
-3.42232e-05
0.000684734
-3.12786e-05
0.00067769
-2.69994e-05
0.000673081
-2.51759e-05
0.000668549
-2.59116e-05
0.000661642
-2.54184e-05
0.000657335
-2.2388e-05
0.000656346
-1.85784e-05
0.000656357
-1.54202e-05
0.000656281
-1.22338e-05
0.000655648
-9.79762e-06
0.000653691
-9.06568e-06
0.000650603
-1.02932e-05
0.000648832
-1.20235e-05
0.000648633
-1.22123e-05
0.000649284
-1.16015e-05
0.000650577
-9.44429e-06
0.000650808
-7.39786e-06
0.000649092
-5.98152e-06
0.000646867
-4.72377e-06
0.000646338
-4.57097e-06
0.000646312
-4.69482e-06
0.000647757
-4.90513e-06
0.000651252
-5.3674e-06
0.000654294
-5.64541e-06
0.000656562
-5.05252e-06
0.000658769
-3.91931e-06
0.000661267
-2.97343e-06
0.000664539
-2.40549e-06
0.00066945
-2.1571e-06
0.00067569
-1.67417e-06
0.000680938
-5.76572e-07
0.000684318
8.58713e-08
0.000686527
5.61253e-07
0.000688318
1.37119e-06
0.000690142
2.3913e-06
0.000692008
3.45561e-06
0.000693665
4.39996e-06
0.000695125
5.26962e-06
0.000696665
6.10862e-06
0.000698717
6.94608e-06
0.000701592
7.45532e-06
0.000705226
7.66702e-06
0.000709347
7.92961e-06
0.000713759
8.19992e-06
0.000718452
8.87158e-06
0.000723319
9.74647e-06
0.000727831
1.06138e-05
0.000731158
1.13979e-05
0.000733237
1.16454e-05
0.000734688
1.18154e-05
0.000736009
1.22305e-05
0.000737503
1.25617e-05
0.000739529
1.32429e-05
0.000742446
1.39831e-05
0.00074634
1.52059e-05
0.000751345
1.64588e-05
0.000756458
1.75191e-05
1.89719e-05
0.00151326
-0.000847284
0.00149216
-0.000857083
0.00143458
-0.000820317
0.00130695
-0.000686017
0.0011429
-0.000509553
0.000982306
-0.000345787
0.000870971
-0.000213294
0.000798372
-0.000156525
0.000745034
-0.000131935
0.000717652
-0.000101458
0.000700553
-8.61759e-05
0.000679583
-8.39948e-05
0.000658516
-7.71009e-05
0.000644315
-6.5426e-05
0.00063328
-5.75758e-05
0.000621135
-5.23674e-05
0.000608857
-4.77278e-05
0.00060013
-4.21573e-05
0.000594478
-3.81181e-05
0.000588713
-3.46931e-05
0.000581232
-3.09289e-05
0.000574437
-2.82928e-05
0.00056895
-2.6529e-05
0.00056494
-2.31977e-05
0.000561342
-2.21373e-05
0.000556628
-2.30369e-05
0.000551614
-2.21319e-05
0.000550353
-1.83229e-05
0.000550221
-1.48382e-05
0.000549913
-1.23987e-05
0.000548823
-1.0233e-05
0.000546688
-8.71935e-06
0.000543854
-8.57727e-06
0.000541927
-9.67614e-06
0.000541549
-1.03666e-05
0.000541794
-1.04247e-05
0.000543582
-9.97558e-06
0.000545182
-8.40032e-06
0.000545256
-7.67565e-06
0.000543182
-6.94389e-06
0.000540296
-5.67914e-06
0.000539665
-4.72033e-06
0.000539641
-4.54369e-06
0.000540852
-4.42863e-06
0.000544169
-4.50697e-06
0.000547693
-4.85196e-06
0.000550102
-4.89172e-06
0.00055187
-4.47522e-06
0.000553628
-3.89379e-06
0.000556218
-3.33171e-06
0.000560544
-2.80001e-06
0.000566218
-2.06961e-06
0.000570548
-1.18368e-06
0.000572954
-8.85258e-07
0.000574404
-7.10065e-07
0.000575543
1.25037e-07
0.00057687
1.37095e-06
0.000578509
2.58241e-06
0.000580149
3.48339e-06
0.000581743
4.14145e-06
0.000583471
4.73917e-06
0.00058561
5.37466e-06
0.000588384
5.72163e-06
0.00059177
5.83327e-06
0.000595644
6.06699e-06
0.000599878
6.30413e-06
0.000604277
6.8972e-06
0.000608483
7.7141e-06
0.000612032
8.53927e-06
0.000614647
9.30169e-06
0.000616506
9.63301e-06
0.000618051
9.8499e-06
0.000619575
1.02658e-05
0.000621317
1.06105e-05
0.00062365
1.12142e-05
0.000626824
1.19212e-05
0.000631202
1.29141e-05
0.000636454
1.39928e-05
0.000641684
1.48107e-05
1.6144e-05
0.00132665
-0.00082051
0.00128318
-0.00081274
0.00117666
-0.000713678
0.00102227
-0.000529634
0.000874803
-0.000361882
0.000756511
-0.000232359
0.000686124
-0.000139426
0.000639843
-0.000110953
0.000608146
-0.000101646
0.000590145
-8.094e-05
0.000576216
-7.06627e-05
0.000562014
-6.99098e-05
0.000548158
-6.42632e-05
0.000535229
-5.35879e-05
0.000523652
-4.64708e-05
0.000514352
-4.23834e-05
0.000507252
-3.88998e-05
0.000501194
-3.45223e-05
0.000495096
-3.12605e-05
0.000489048
-2.87973e-05
0.000483982
-2.59509e-05
0.000479439
-2.44456e-05
0.000474398
-2.28626e-05
0.000470499
-1.98469e-05
0.000467723
-1.91949e-05
0.00046443
-2.01861e-05
0.000461571
-1.86114e-05
0.000460803
-1.48267e-05
0.000460359
-1.20955e-05
0.000459596
-1.05662e-05
0.000458058
-9.30795e-06
0.000455503
-8.64114e-06
0.000452469
-8.76504e-06
0.00045126
-8.86704e-06
0.000451088
-8.68962e-06
0.00045154
-8.53752e-06
0.000453893
-7.93049e-06
0.000454989
-7.32157e-06
0.000454979
-7.47307e-06
0.000453266
-7.57531e-06
0.000450261
-6.72616e-06
0.000449296
-5.11599e-06
0.000449206
-4.43529e-06
0.000450084
-4.03418e-06
0.000452778
-3.69383e-06
0.000455987
-3.88326e-06
0.000458288
-4.35584e-06
0.00045984
-4.6432e-06
0.000461183
-4.51304e-06
0.000462993
-4.01427e-06
0.000466096
-3.28744e-06
0.0004703
-2.30331e-06
0.000473438
-1.53847e-06
0.000475081
-1.42927e-06
0.000476154
-1.33541e-06
0.000477045
-6.43168e-07
0.00047798
6.53441e-07
0.000479135
1.82354e-06
0.000480359
2.61631e-06
0.000481638
3.14465e-06
0.000483137
3.61886e-06
0.000485072
4.14415e-06
0.000487594
4.43111e-06
0.00049061
4.48836e-06
0.000493812
4.68428e-06
0.000496996
4.85937e-06
0.000500175
5.38962e-06
0.000503296
6.22483e-06
0.000506115
7.06042e-06
0.000508345
7.76157e-06
0.00050998
8.05292e-06
0.000511325
8.23546e-06
0.000512697
8.593e-06
0.000514311
8.93503e-06
0.000516435
9.53198e-06
0.000519365
1.01516e-05
0.000523199
1.10502e-05
0.000527882
1.18919e-05
0.000532351
1.25474e-05
1.37321e-05
0.00113819
-0.000779804
0.00105949
-0.000732769
0.000925368
-0.000579939
0.000785109
-0.000385904
0.000671567
-0.000250683
0.000593686
-0.000157206
0.000552282
-9.47047e-05
0.000522214
-8.38988e-05
0.000500263
-8.19657e-05
0.000489348
-6.64161e-05
0.000480331
-5.90602e-05
0.000467825
-5.79834e-05
0.00045481
-5.27777e-05
0.000445058
-4.37996e-05
0.000437213
-3.81129e-05
0.000429908
-3.48707e-05
0.00042349
-3.20278e-05
0.000418549
-2.85198e-05
0.000414403
-2.61715e-05
0.000409909
-2.43537e-05
0.000405087
-2.20501e-05
0.000400481
-2.11894e-05
0.000396664
-1.98563e-05
0.000394124
-1.70385e-05
0.000391841
-1.64691e-05
0.000388934
-1.73014e-05
0.000387184
-1.5352e-05
0.000386611
-1.20282e-05
0.0003861
-1.0183e-05
0.000384959
-9.37618e-06
0.000382864
-8.95076e-06
0.000380018
-8.9652e-06
0.000377731
-9.00491e-06
0.000376814
-8.29134e-06
0.000376635
-7.22263e-06
0.000377006
-6.62297e-06
0.000378758
-5.98282e-06
0.000379215
-6.19133e-06
0.000378951
-6.86233e-06
0.00037757
-7.5498e-06
0.000375296
-7.32685e-06
0.000374188
-5.72245e-06
0.000374025
-4.31514e-06
0.000374647
-3.65016e-06
0.00037668
-2.98872e-06
0.000379129
-3.05798e-06
0.000380873
-3.7675e-06
0.000382049
-4.44706e-06
0.000383045
-4.63775e-06
0.000384301
-4.22801e-06
0.000386452
-3.38962e-06
0.000389274
-2.3376e-06
0.000391044
-1.74124e-06
0.000391823
-1.80566e-06
0.000392356
-1.58379e-06
0.000392978
-9.76989e-07
0.000393641
3.2038e-07
0.000394446
1.43811e-06
0.000395326
2.10464e-06
0.000396291
2.48096e-06
0.000397458
2.80781e-06
0.000398961
3.19717e-06
0.000400841
3.46206e-06
0.000403077
3.54309e-06
0.000405371
3.77498e-06
0.00040751
3.93553e-06
0.000409527
4.35782e-06
0.000411459
5.08557e-06
0.000413251
5.84976e-06
0.000414833
6.50908e-06
0.000416164
6.83385e-06
0.000417357
7.01797e-06
0.000418547
7.33686e-06
0.000419875
7.67416e-06
0.00042164
8.20397e-06
0.000424045
8.76273e-06
0.000427273
9.47781e-06
0.000431007
1.01368e-05
0.000434509
1.06326e-05
1.16179e-05
0.000950097
-0.000722119
0.000846443
-0.000628443
0.000717766
-0.00045175
0.000606235
-0.000270807
0.000524663
-0.000173472
0.000477409
-0.000110134
0.000452676
-6.83195e-05
0.00043222
-6.71482e-05
0.000416841
-6.82093e-05
0.00040847
-5.55488e-05
0.000400737
-4.91049e-05
0.000391038
-4.80124e-05
0.000381278
-4.35928e-05
0.000373239
-3.60743e-05
0.000366312
-3.15136e-05
0.000360492
-2.90376e-05
0.000356003
-2.67795e-05
0.000352264
-2.39096e-05
0.000348442
-2.20329e-05
0.000344382
-2.0599e-05
0.000340584
-1.89281e-05
0.000336762
-1.85213e-05
0.000333474
-1.72077e-05
0.000331349
-1.45116e-05
0.000329468
-1.39968e-05
0.000327248
-1.45969e-05
0.000325918
-1.25441e-05
0.000325114
-9.83583e-06
0.000324227
-8.66174e-06
0.000322857
-8.50936e-06
0.000320699
-8.80262e-06
0.000318225
-9.18927e-06
0.000316525
-8.97135e-06
0.000315628
-7.83146e-06
0.000315357
-6.20591e-06
0.000315346
-4.89534e-06
0.000316037
-4.37894e-06
0.000316132
-5.00011e-06
0.00031564
-6.00332e-06
0.000314389
-7.04501e-06
0.000312889
-7.27562e-06
0.00031194
-6.12377e-06
0.000311706
-4.27144e-06
0.000311999
-3.15456e-06
0.000313342
-2.31487e-06
0.000314993
-2.3161e-06
0.000316118
-3.2073e-06
0.000316845
-4.09254e-06
0.00031745
-4.44646e-06
0.000318191
-4.11626e-06
0.000319476
-3.16963e-06
0.000321144
-2.11449e-06
0.000321928
-1.74873e-06
0.000322197
-1.85477e-06
0.000322354
-1.56952e-06
0.000322632
-9.53698e-07
0.000323001
1.5736e-07
0.000323436
1.23498e-06
0.000323981
1.79876e-06
0.000324644
2.07769e-06
0.000325484
2.30951e-06
0.000326565
2.60532e-06
0.000327849
2.84278e-06
0.000329263
2.96899e-06
0.000330554
3.18887e-06
0.000331645
3.36727e-06
0.000332742
3.73201e-06
0.000333917
4.36034e-06
0.000335098
5.00806e-06
0.000336199
5.57039e-06
0.000337175
5.8869e-06
0.000338092
6.07715e-06
0.000339041
6.37239e-06
0.000340104
6.6958e-06
0.000341451
7.18923e-06
0.000343275
7.65939e-06
0.000345653
8.25513e-06
0.000348405
8.73005e-06
0.000350915
9.10443e-06
9.93057e-06
0.000776256
-0.000651965
0.000669664
-0.000522117
0.00055719
-0.000339112
0.000474709
-0.000185539
0.000419605
-0.00012356
0.000391793
-8.08731e-05
0.000376846
-5.2535e-05
0.000361631
-5.57849e-05
0.000349412
-5.76604e-05
0.000342738
-4.67722e-05
0.000336559
-4.08594e-05
0.000328578
-3.96851e-05
0.000320598
-3.59856e-05
0.000314314
-2.98929e-05
0.000308888
-2.63574e-05
0.000304029
-2.44694e-05
0.000300156
-2.25545e-05
0.000297128
-2.01619e-05
0.000294178
-1.87018e-05
0.000290898
-1.75151e-05
0.000287489
-1.62493e-05
0.000283933
-1.61197e-05
0.000281312
-1.48267e-05
0.000279665
-1.23075e-05
0.00027797
-1.18079e-05
0.000275971
-1.21547e-05
0.00027473
-1.02091e-05
0.000273829
-8.06598e-06
0.000272739
-7.37392e-06
0.000271146
-7.71615e-06
0.000268983
-8.54269e-06
0.00026701
-9.10611e-06
0.000265799
-8.68145e-06
0.000265036
-7.24305e-06
0.000264452
-5.36978e-06
0.00026407
-3.65968e-06
0.000263844
-3.06258e-06
0.000263506
-3.75929e-06
0.000262768
-5.04304e-06
0.000261622
-6.35567e-06
0.000260725
-6.78784e-06
0.000260172
-5.97041e-06
0.000259888
-4.31832e-06
0.000259858
-2.60185e-06
0.000260575
-1.70622e-06
0.000261527
-1.63474e-06
0.000262115
-2.63459e-06
0.000262436
-3.65108e-06
0.000262693
-4.02398e-06
0.000263065
-3.73158e-06
0.000263738
-2.76125e-06
0.000264416
-1.72988e-06
0.000264558
-1.61228e-06
0.000264529
-1.69211e-06
0.00026446
-1.39605e-06
0.000264464
-6.5982e-07
0.000264629
2.47446e-07
0.000264781
1.22162e-06
0.000265047
1.65602e-06
0.000265422
1.86613e-06
0.000265933
2.02755e-06
0.00026659
2.27329e-06
0.000267339
2.47642e-06
0.000268075
2.65883e-06
0.000268655
2.84321e-06
0.000269072
3.01798e-06
0.000269544
3.31586e-06
0.00027016
3.83948e-06
0.000270879
4.38666e-06
0.000271645
4.87066e-06
0.000272399
5.1751e-06
0.000273142
5.36177e-06
0.000273896
5.62417e-06
0.000274712
5.91817e-06
0.000275732
6.34735e-06
0.000277073
6.73987e-06
0.000278801
7.20688e-06
0.00028073
7.54e-06
0.000282521
7.83149e-06
8.49976e-06
0.000627162
-0.000576332
0.000529367
-0.000425339
0.000436478
-0.000245034
0.00037893
-0.000126656
0.000343133
-9.23394e-05
0.000326312
-6.21276e-05
0.000316453
-4.24979e-05
0.000304389
-4.70959e-05
0.000294566
-4.89657e-05
0.0002888
-3.94467e-05
0.000283426
-3.39265e-05
0.000277047
-3.29035e-05
0.000270913
-2.98703e-05
0.000265851
-2.48627e-05
0.000261216
-2.20908e-05
0.000257084
-2.07242e-05
0.000253933
-1.91192e-05
0.000251451
-1.71025e-05
0.000248903
-1.58858e-05
0.000246091
-1.48659e-05
0.000243169
-1.39172e-05
0.000240038
-1.39451e-05
0.000237769
-1.26534e-05
0.000236304
-1.03666e-05
0.00023474
-9.90211e-06
0.000232938
-1.00395e-05
0.000231685
-8.28555e-06
0.000230617
-6.564e-06
0.000229331
-6.2199e-06
0.000227614
-6.90864e-06
0.00022566
-8.0444e-06
0.00022418
-8.65815e-06
0.000223282
-8.10383e-06
0.000222583
-6.57906e-06
0.000221805
-4.59095e-06
0.000220931
-2.71939e-06
0.000220118
-1.95381e-06
0.000219391
-2.64578e-06
0.000218512
-4.15787e-06
0.00021758
-5.62785e-06
0.000217068
-6.08477e-06
0.000216788
-5.41354e-06
0.000216508
-4.07322e-06
0.00021639
-2.24149e-06
0.000216464
-1.06948e-06
0.000216782
-1.03223e-06
0.000216944
-2.04792e-06
0.000216975
-3.12572e-06
0.000216977
-3.49212e-06
0.000217064
-3.1769e-06
0.000217312
-2.18946e-06
0.000217373
-1.37612e-06
0.000217235
-1.29481e-06
0.000216978
-1.38406e-06
0.00021677
-1.10128e-06
0.000216669
-3.19155e-07
0.000216623
4.89442e-07
0.000216597
1.24917e-06
0.000216688
1.60502e-06
0.000216897
1.75337e-06
0.000217183
1.87962e-06
0.000217536
2.0909e-06
0.000217897
2.26278e-06
0.000218168
2.45974e-06
0.000218294
2.612e-06
0.00021836
2.78165e-06
0.000218554
3.00338e-06
0.000218911
3.42934e-06
0.000219368
3.89471e-06
0.000219904
4.30494e-06
0.000220491
4.58084e-06
0.000221106
4.7585e-06
0.000221737
4.98933e-06
0.000222401
5.24432e-06
0.000223186
5.60824e-06
0.000224168
5.92729e-06
0.000225393
6.29157e-06
0.000226744
6.50971e-06
0.00022803
6.7404e-06
7.27308e-06
0.00050652
-0.000501655
0.000418477
-0.000338986
0.000346964
-0.000171458
0.000308316
-8.80913e-05
0.000285016
-7.22238e-05
0.000274236
-4.95729e-05
0.000267035
-3.55317e-05
0.000257123
-4.00709e-05
0.000249048
-4.14586e-05
0.000244157
-3.30774e-05
0.000239625
-2.81259e-05
0.000234378
-2.74071e-05
0.00022943
-2.49271e-05
0.000225313
-2.07132e-05
0.000221435
-1.84828e-05
0.000217834
-1.75325e-05
0.000215037
-1.62073e-05
0.000212884
-1.44995e-05
0.000210757
-1.34704e-05
0.00020839
-1.25834e-05
0.000205749
-1.18385e-05
0.000202907
-1.1916e-05
0.000200955
-1.06693e-05
0.000199629
-8.67148e-06
0.000198116
-8.23864e-06
0.000196394
-8.21264e-06
0.000195105
-6.66874e-06
0.00019394
-5.26603e-06
0.000192549
-5.15797e-06
0.000190789
-6.07362e-06
0.000189042
-7.33517e-06
0.000187961
-7.89439e-06
0.000187316
-7.26897e-06
0.000186687
-5.86077e-06
0.000185751
-3.8755e-06
0.000184557
-1.93458e-06
0.000183378
-1.04643e-06
0.000182368
-1.68855e-06
0.000181437
-3.39367e-06
0.000180757
-4.88538e-06
0.000180471
-5.2369e-06
0.000180312
-4.67922e-06
0.000180069
-3.5555e-06
0.000179711
-1.87014e-06
0.000179485
-6.11598e-07
0.000179379
-5.15375e-07
0.00017925
-1.44703e-06
0.000179083
-2.52895e-06
0.000178966
-2.94499e-06
0.000178913
-2.54993e-06
0.000178837
-1.63415e-06
0.000178555
-9.50844e-07
0.000178257
-9.17933e-07
0.000177992
-1.06995e-06
0.000177787
-7.67376e-07
0.000177647
3.92799e-08
0.000177523
7.29596e-07
0.000177425
1.24899e-06
0.000177415
1.58319e-06
0.00017751
1.67654e-06
0.000177652
1.77844e-06
0.00017781
1.9536e-06
0.000177936
2.1238e-06
0.000177977
2.27628e-06
0.000177929
2.39328e-06
0.000177859
2.56431e-06
0.000177922
2.73376e-06
0.000178156
3.06476e-06
0.000178479
3.46907e-06
0.000178891
3.81736e-06
0.000179384
4.0531e-06
0.00017992
4.20959e-06
0.000180466
4.40585e-06
0.000181021
4.62016e-06
0.000181646
4.91891e-06
0.000182386
5.17678e-06
0.000183278
5.45333e-06
0.00018425
5.5915e-06
0.000185225
5.77572e-06
6.19466e-06
0.000409853
-0.000431343
0.000331086
-0.000262405
0.000280456
-0.000118149
0.000254733
-6.33124e-05
0.000238984
-5.82422e-05
0.000231668
-4.05415e-05
0.000226006
-3.02391e-05
0.00021772
-3.42861e-05
0.000210997
-3.50464e-05
0.00020681
-2.75402e-05
0.000202989
-2.31998e-05
0.000198666
-2.28569e-05
0.000194608
-2.08629e-05
0.000191124
-1.72549e-05
0.000187731
-1.53902e-05
0.000184549
-1.47443e-05
0.000182069
-1.36824e-05
0.000180151
-1.22255e-05
0.000178276
-1.13397e-05
0.000176201
-1.05597e-05
0.000173837
-9.96796e-06
0.000171286
-1.00278e-05
0.000169526
-8.86417e-06
0.000168259
-7.16858e-06
0.0001668
-6.77954e-06
0.000165177
-6.64093e-06
0.000163876
-5.29135e-06
0.00016264
-4.13545e-06
0.000161194
-4.17255e-06
0.000159492
-5.22079e-06
0.000157992
-6.4908e-06
0.000157187
-6.92262e-06
0.000156692
-6.30427e-06
0.000156119
-5.09134e-06
0.000155128
-3.21172e-06
0.000153787
-1.24874e-06
0.000152411
-3.18412e-07
0.000151235
-9.2988e-07
0.000150365
-2.72313e-06
0.000149916
-4.14041e-06
0.000149762
-4.34518e-06
0.000149675
-3.86857e-06
0.000149432
-2.94455e-06
0.00014895
-1.44209e-06
0.00014848
-2.56592e-07
0.000148115
-1.04149e-07
0.000147839
-9.02491e-07
0.000147611
-1.97982e-06
0.00014745
-2.38435e-06
0.000147329
-1.93913e-06
0.00014712
-1.15957e-06
0.000146725
-5.70421e-07
0.000146431
-5.7171e-07
0.000146215
-7.76396e-07
0.000146062
-4.80019e-07
0.000145951
3.23807e-07
0.000145831
9.07443e-07
0.000145681
1.25415e-06
0.000145651
1.51422e-06
0.000145698
1.59256e-06
0.000145764
1.67907e-06
0.000145818
1.81755e-06
0.000145838
1.97181e-06
0.000145818
2.06089e-06
0.000145655
2.19579e-06
0.000145602
2.32781e-06
0.000145657
2.46323e-06
0.000145841
2.7255e-06
0.000146104
3.07314e-06
0.000146448
3.36651e-06
0.000146878
3.55947e-06
0.000147356
3.68955e-06
0.000147841
3.85299e-06
0.000148318
4.02953e-06
0.00014883
4.2707e-06
0.000149405
4.47733e-06
0.000150076
4.6844e-06
0.000150807
4.76835e-06
0.000151576
4.91333e-06
5.24332e-06
0.00033163
-0.000366371
0.000263795
-0.000196667
0.000230217
-8.17155e-05
0.000212869
-4.71208e-05
0.000201443
-4.77959e-05
0.0001962
-3.34974e-05
0.000191687
-2.58843e-05
0.000184689
-2.94623e-05
0.000178911
-2.96301e-05
0.000175302
-2.28248e-05
0.000172072
-1.90431e-05
0.000168418
-1.90013e-05
0.000164966
-1.73891e-05
0.000161953
-1.42784e-05
0.000158965
-1.27169e-05
0.00015609
-1.22834e-05
0.00015382
-1.1444e-05
0.000152075
-1.01883e-05
0.000150408
-9.43358e-06
0.00014856
-8.74894e-06
0.00014641
-8.26236e-06
0.000144123
-8.28709e-06
0.00014253
-7.23792e-06
0.000141327
-5.83124e-06
0.000139936
-5.49671e-06
0.000138409
-5.28731e-06
0.000137134
-4.10968e-06
0.000135902
-3.16134e-06
0.00013447
-3.27662e-06
0.00013287
-4.37264e-06
0.000131622
-5.5862e-06
0.000131013
-5.86619e-06
0.00013062
-5.31307e-06
0.000130107
-4.29811e-06
0.000129144
-2.61231e-06
0.000127762
-6.66012e-07
0.000126315
2.62505e-07
0.000125104
-3.85799e-07
0.000124377
-2.13473e-06
0.000124113
-3.41135e-06
0.00012404
-3.5019e-06
0.000123988
-3.08283e-06
0.000123771
-2.33072e-06
0.00012324
-1.04498e-06
0.000122668
4.10248e-08
0.000122194
1.99585e-07
0.000121855
-4.75056e-07
0.000121639
-1.50075e-06
0.0001215
-1.87701e-06
0.000121379
-1.42457e-06
0.000121145
-7.61012e-07
0.000120767
-2.88008e-07
0.000120523
-2.98418e-07
0.000120391
-5.13764e-07
0.000120325
-2.67147e-07
0.000120264
5.08599e-07
0.000120174
1.00911e-06
0.000120021
1.23072e-06
0.000119984
1.41389e-06
0.000120008
1.4831e-06
0.000120041
1.56304e-06
0.000120056
1.66932e-06
0.000120058
1.77249e-06
0.000119983
1.85678e-06
0.000119846
1.96866e-06
0.000119822
2.08638e-06
0.000119895
2.18431e-06
0.000120062
2.40123e-06
0.000120302
2.6943e-06
0.000120613
2.93918e-06
0.000120996
3.09243e-06
0.000121423
3.19477e-06
0.000121852
3.32834e-06
0.000122263
3.4723e-06
0.000122689
3.66471e-06
0.000123149
3.82915e-06
0.000123672
3.98189e-06
0.000124245
4.03133e-06
0.00012487
4.14303e-06
4.40601e-06
0.000267789
-0.000306814
0.000212973
-0.000143327
0.000191151
-5.73159e-05
0.00017918
-3.62341e-05
0.000170324
-3.96378e-05
0.000166288
-2.77474e-05
0.00016265
-2.21622e-05
0.000156721
-2.5339e-05
0.000151633
-2.49952e-05
0.000148471
-1.88016e-05
0.000145675
-1.55239e-05
0.000142487
-1.56791e-05
0.000139479
-1.43397e-05
0.000136833
-1.16559e-05
0.000134158
-1.03641e-05
0.000131545
-1.00938e-05
0.000129471
-9.43373e-06
0.000127874
-8.35821e-06
0.000126357
-7.71634e-06
0.000124695
-7.12409e-06
0.000122762
-6.7168e-06
0.000120738
-6.70619e-06
0.000119291
-5.78957e-06
0.000118164
-4.64835e-06
0.000116871
-4.37739e-06
0.000115469
-4.12869e-06
0.000114268
-3.10455e-06
0.000113096
-2.34064e-06
0.000111732
-2.48596e-06
0.000110272
-3.55373e-06
0.000109264
-4.67294e-06
0.000108796
-4.82267e-06
0.000108478
-4.35742e-06
0.000108028
-3.51975e-06
0.000107164
-2.08557e-06
0.000105823
-1.94652e-07
0.00010441
6.98652e-07
0.00010328
-1.75222e-08
0.000102728
-1.66127e-06
0.000102602
-2.70915e-06
0.000102592
-2.77079e-06
0.000102551
-2.38171e-06
0.000102376
-1.76887e-06
0.000101878
-7.18016e-07
0.000101281
2.63143e-07
0.000100795
4.16046e-07
0.000100462
-1.84863e-07
0.000100293
-1.09978e-06
0.000100209
-1.45114e-06
0.000100123
-1.02024e-06
9.99197e-05
-4.5172e-07
9.96026e-05
-9.14676e-08
9.94298e-05
-1.14274e-07
9.93867e-05
-3.19037e-07
9.93882e-05
-1.05481e-07
9.93731e-05
6.11661e-07
9.93209e-05
1.03417e-06
9.91929e-05
1.17157e-06
9.91546e-05
1.29251e-06
9.91669e-05
1.35109e-06
9.91878e-05
1.42471e-06
9.9199e-05
1.50014e-06
9.91918e-05
1.56186e-06
9.91141e-05
1.64738e-06
9.904e-05
1.72686e-06
9.90384e-05
1.84368e-06
9.91248e-05
1.90623e-06
9.92901e-05
2.08796e-06
9.95203e-05
2.33105e-06
9.9806e-05
2.53313e-06
0.000100148
2.65152e-06
0.000100525
2.72872e-06
0.000100899
2.83672e-06
0.000101253
2.95331e-06
0.000101609
3.10542e-06
0.000101984
3.23495e-06
0.000102404
3.34624e-06
0.000102865
3.37408e-06
0.000103377
3.45872e-06
3.67155e-06
0.000215669
-0.000252471
0.000174185
-0.00010248
0.000159896
-4.09031e-05
0.000151355
-2.88177e-05
0.000144239
-3.30069e-05
0.000140896
-2.29429e-05
0.00013783
-1.89285e-05
0.000132723
-2.16724e-05
0.000128156
-2.09003e-05
0.000125356
-1.5291e-05
0.000122899
-1.25078e-05
0.00012004
-1.27637e-05
0.000117378
-1.1624e-05
0.000115037
-9.33892e-06
0.000112642
-8.28973e-06
0.000110278
-8.14963e-06
0.000108395
-7.62624e-06
0.000106942
-6.723e-06
0.000105574
-6.1829e-06
0.00010409
-5.68262e-06
0.000102372
-5.3362e-06
0.000100604
-5.2985e-06
9.93146e-05
-4.52444e-06
9.82885e-05
-3.61945e-06
9.71177e-05
-3.41435e-06
9.58636e-05
-3.14938e-06
9.47783e-05
-2.26724e-06
9.3712e-05
-1.66905e-06
9.24574e-05
-1.8097e-06
9.11583e-05
-2.79179e-06
9.03638e-05
-3.79306e-06
9.00073e-05
-3.85529e-06
8.97544e-05
-3.47655e-06
8.93722e-05
-2.80148e-06
8.8639e-05
-1.61806e-06
8.74215e-05
1.51676e-07
8.61181e-05
9.90919e-07
8.51383e-05
2.15437e-07
8.47575e-05
-1.30281e-06
8.46992e-05
-2.04294e-06
8.47367e-05
-2.17564e-06
8.47236e-05
-1.79605e-06
8.46012e-05
-1.29362e-06
8.41745e-05
-4.6743e-07
8.36071e-05
4.12886e-07
8.31545e-05
5.48274e-07
8.28624e-05
-4.88174e-09
8.2754e-05
-7.9902e-07
8.27327e-05
-1.10669e-06
8.26844e-05
-7.1189e-07
8.25318e-05
-2.22769e-07
8.2284e-05
3.82715e-08
8.21867e-05
-8.81784e-09
8.21717e-05
-1.50452e-07
8.22512e-05
2.10942e-09
8.22696e-05
6.36056e-07
8.22518e-05
9.90282e-07
8.21525e-05
1.08416e-06
8.2117e-05
1.15605e-06
8.21231e-05
1.20507e-06
8.21395e-05
1.26759e-06
8.21548e-05
1.31811e-06
8.21489e-05
1.35078e-06
8.20912e-05
1.43417e-06
8.20583e-05
1.49849e-06
8.20936e-05
1.58852e-06
8.21845e-05
1.64094e-06
8.23471e-05
1.78895e-06
8.25656e-05
1.98669e-06
8.28256e-05
2.15098e-06
8.31266e-05
2.23951e-06
8.34522e-05
2.29575e-06
8.3773e-05
2.38251e-06
8.40737e-05
2.47636e-06
8.43723e-05
2.59545e-06
8.46821e-05
2.69619e-06
8.50228e-05
2.77634e-06
8.53974e-05
2.79119e-06
8.5818e-05
2.85482e-06
3.02908e-06
0.000173199
-0.000202711
0.000143744
-7.28234e-05
0.000134342
-2.98121e-05
0.000127976
-2.37011e-05
0.000122088
-2.73685e-05
0.000119144
-1.88328e-05
0.000116376
-1.60163e-05
0.000111842
-1.82626e-05
0.000107709
-1.71655e-05
0.000105228
-1.2186e-05
0.000103054
-9.90465e-06
0.000100484
-1.01797e-05
9.81297e-05
-9.21807e-06
9.60602e-05
-7.31058e-06
9.39337e-05
-6.48385e-06
9.18299e-05
-6.4429e-06
9.01561e-05
-6.02459e-06
8.88594e-05
-5.28337e-06
8.76413e-05
-4.83663e-06
8.6336e-05
-4.42458e-06
8.48401e-05
-4.12854e-06
8.33247e-05
-4.07569e-06
8.22005e-05
-3.44467e-06
8.12893e-05
-2.74299e-06
8.02599e-05
-2.60297e-06
7.91751e-05
-2.33625e-06
7.8232e-05
-1.59012e-06
7.72937e-05
-1.13519e-06
7.61739e-05
-1.2498e-06
7.50536e-05
-2.11709e-06
7.44461e-05
-2.98562e-06
7.41795e-05
-3.00465e-06
7.39827e-05
-2.69982e-06
7.36738e-05
-2.175e-06
7.30797e-05
-1.20125e-06
7.20445e-05
3.49683e-07
7.08844e-05
1.17555e-06
7.00801e-05
3.35885e-07
6.9832e-05
-1.00932e-06
6.98104e-05
-1.48521e-06
6.98934e-05
-1.67764e-06
6.99038e-05
-1.33382e-06
6.98209e-05
-9.1154e-07
6.94782e-05
-2.79572e-07
6.89695e-05
4.97868e-07
6.85708e-05
6.04217e-07
6.83333e-05
9.20264e-08
6.82698e-05
-5.74423e-07
6.82821e-05
-8.14768e-07
6.82857e-05
-5.16783e-07
6.81875e-05
-6.26851e-08
6.80061e-05
1.20701e-07
6.79582e-05
5.98968e-08
6.79782e-05
-3.57765e-08
6.81043e-05
7.53097e-08
6.81418e-05
6.04515e-07
6.8139e-05
9.00651e-07
6.80624e-05
9.75848e-07
6.80333e-05
1.0112e-06
6.80366e-05
1.05133e-06
6.80513e-05
1.10118e-06
6.80683e-05
1.13616e-06
6.8069e-05
1.13913e-06
6.80408e-05
1.22189e-06
6.80354e-05
1.28644e-06
6.80892e-05
1.34145e-06
6.81848e-05
1.38856e-06
6.83414e-05
1.50652e-06
6.85414e-05
1.66504e-06
6.87706e-05
1.7961e-06
6.90275e-05
1.85994e-06
6.93017e-05
1.89956e-06
6.95716e-05
1.96882e-06
6.98244e-05
2.04367e-06
7.00736e-05
2.13588e-06
7.03294e-05
2.21295e-06
7.06061e-05
2.27047e-06
7.09096e-05
2.27742e-06
7.12508e-05
2.32573e-06
2.46805e-06
0.00013922
-0.000157629
0.000119322
-5.20777e-05
0.0001131
-2.22721e-05
0.00010809
-1.98866e-05
0.000102992
-2.23875e-05
0.00010026
-1.52483e-05
9.76001e-05
-1.32667e-05
9.34436e-05
-1.49973e-05
8.97359e-05
-1.37178e-05
8.7594e-05
-9.46394e-06
8.56879e-05
-7.66984e-06
8.3415e-05
-7.92693e-06
8.13526e-05
-7.12572e-06
7.95497e-05
-5.56897e-06
7.76994e-05
-4.94464e-06
7.58653e-05
-4.96932e-06
7.44107e-05
-4.63486e-06
7.32793e-05
-4.04122e-06
7.22178e-05
-3.68038e-06
7.10917e-05
-3.34866e-06
6.98177e-05
-3.09656e-06
6.85448e-05
-3.0398e-06
6.75886e-05
-2.54469e-06
6.67995e-05
-2.01508e-06
6.59193e-05
-1.93267e-06
6.50087e-05
-1.67337e-06
6.42149e-05
-1.05985e-06
6.34141e-05
-7.24011e-07
6.24438e-05
-8.05714e-07
6.15081e-05
-1.54664e-06
6.10571e-05
-2.27932e-06
6.08641e-05
-2.28378e-06
6.0716e-05
-2.04359e-06
6.048e-05
-1.64415e-06
6.00165e-05
-8.39976e-07
5.91859e-05
4.20979e-07
5.81713e-05
1.27431e-06
5.75393e-05
3.65008e-07
5.73832e-05
-7.43896e-07
5.73825e-05
-1.06829e-06
5.75023e-05
-1.24894e-06
5.75209e-05
-9.83444e-07
5.74654e-05
-6.20223e-07
5.72008e-05
-1.30332e-07
5.67678e-05
5.14015e-07
5.64272e-05
6.07347e-07
5.62446e-05
1.26902e-07
5.62021e-05
-3.9323e-07
5.6252e-05
-5.73431e-07
5.62818e-05
-4.01503e-07
5.62293e-05
3.6771e-08
5.61091e-05
1.59193e-07
5.60848e-05
1.0816e-07
5.61454e-05
2.64323e-08
5.62856e-05
1.19523e-07
5.63319e-05
5.44201e-07
5.63327e-05
7.87396e-07
5.62708e-05
8.5422e-07
5.62491e-05
8.6338e-07
5.62519e-05
8.95171e-07
5.62657e-05
9.33702e-07
5.62862e-05
9.55869e-07
5.62902e-05
9.40137e-07
5.62864e-05
1.02256e-06
5.63066e-05
1.07735e-06
5.63641e-05
1.1133e-06
5.64603e-05
1.15259e-06
5.6605e-05
1.24469e-06
5.67812e-05
1.36895e-06
5.69764e-05
1.47074e-06
5.71891e-05
1.51497e-06
5.74147e-05
1.54177e-06
5.76378e-05
1.5965e-06
5.78477e-05
1.65556e-06
5.80539e-05
1.72612e-06
5.82632e-05
1.78402e-06
5.84853e-05
1.82563e-06
5.87281e-05
1.82755e-06
5.90011e-05
1.86502e-06
1.97919e-06
0.000112488
-0.000118155
9.92486e-05
-3.7673e-05
9.50683e-05
-1.70463e-05
9.088e-05
-1.66033e-05
8.62571e-05
-1.78851e-05
8.36169e-05
-1.20608e-05
8.09858e-05
-1.06074e-05
7.71232e-05
-1.18757e-05
7.39044e-05
-1.06101e-05
7.21331e-05
-7.15081e-06
7.05074e-05
-5.79432e-06
6.855e-05
-6.01653e-06
6.6773e-05
-5.34205e-06
6.52344e-05
-4.11198e-06
6.36561e-05
-3.66209e-06
6.20913e-05
-3.71872e-06
6.08558e-05
-3.45476e-06
5.98902e-05
-2.99322e-06
5.89834e-05
-2.70953e-06
5.80321e-05
-2.44744e-06
5.69723e-05
-2.2354e-06
5.59226e-05
-2.18224e-06
5.51261e-05
-1.81109e-06
5.44581e-05
-1.42546e-06
5.37241e-05
-1.38551e-06
5.298e-05
-1.14362e-06
5.23282e-05
-6.57533e-07
5.1661e-05
-4.17522e-07
5.08415e-05
-4.70188e-07
5.00812e-05
-1.07841e-06
4.97552e-05
-1.68957e-06
4.9621e-05
-1.68918e-06
4.95152e-05
-1.50756e-06
4.93448e-05
-1.20108e-06
4.89996e-05
-5.41887e-07
4.83588e-05
4.42379e-07
4.74886e-05
1.27979e-06
4.70037e-05
3.19049e-07
4.68986e-05
-5.14707e-07
4.6931e-05
-7.58657e-07
4.70583e-05
-8.95284e-07
4.70842e-05
-7.22095e-07
4.70473e-05
-4.06237e-07
4.6843e-05
-1.47851e-08
4.64934e-05
4.70744e-07
4.62059e-05
5.88233e-07
4.60719e-05
1.20617e-07
4.60458e-05
-2.46494e-07
4.61129e-05
-3.9937e-07
4.61645e-05
-3.08567e-07
4.61439e-05
9.41074e-08
4.60732e-05
1.53511e-07
4.60645e-05
1.34895e-07
4.61436e-05
5.97712e-08
4.62861e-05
1.33152e-07
4.63319e-05
4.70159e-07
4.63333e-05
6.64831e-07
4.62826e-05
7.26141e-07
4.62669e-05
7.17e-07
4.627e-05
7.41524e-07
4.6284e-05
7.70038e-07
4.63067e-05
7.79354e-07
4.63214e-05
7.57895e-07
4.63343e-05
8.37797e-07
4.63668e-05
8.78631e-07
4.64232e-05
9.05436e-07
4.6515e-05
9.3505e-07
4.66441e-05
1.00483e-06
4.67948e-05
1.09924e-06
4.69566e-05
1.17543e-06
4.7129e-05
1.20457e-06
4.73119e-05
1.22175e-06
4.74943e-05
1.26437e-06
4.76667e-05
1.31057e-06
4.78353e-05
1.36391e-06
4.80034e-05
1.40682e-06
4.81785e-05
1.43712e-06
4.83691e-05
1.43613e-06
4.85847e-05
1.46508e-06
1.55451e-06
9.15261e-05
-8.50997e-05
8.23947e-05
-2.7401e-05
7.93796e-05
-1.31628e-05
7.5634e-05
-1.34438e-05
7.13385e-05
-1.37103e-05
6.87317e-05
-9.1135e-06
6.61527e-05
-8.0729e-06
6.26593e-05
-9.03172e-06
6.00275e-05
-7.95857e-06
5.86336e-05
-5.27889e-06
5.7293e-05
-4.27556e-06
5.56406e-05
-4.42576e-06
5.41372e-05
-3.848e-06
5.28492e-05
-2.91741e-06
5.15259e-05
-2.61219e-06
5.02132e-05
-2.6722e-06
4.91832e-05
-2.47184e-06
4.83751e-05
-2.12777e-06
4.76157e-05
-1.91202e-06
4.68296e-05
-1.7083e-06
4.59662e-05
-1.53246e-06
4.51132e-05
-1.48655e-06
4.44612e-05
-1.22538e-06
4.39081e-05
-9.57983e-07
4.331e-05
-9.42888e-07
4.27148e-05
-7.28428e-07
4.21897e-05
-3.60595e-07
4.16445e-05
-1.96072e-07
4.09678e-05
-2.27476e-07
4.03625e-05
-7.01574e-07
4.0133e-05
-1.21589e-06
4.00444e-05
-1.21414e-06
3.99744e-05
-1.07954e-06
3.98605e-05
-8.42949e-07
3.96181e-05
-3.15896e-07
3.9131e-05
4.55574e-07
3.84076e-05
1.20913e-06
3.80382e-05
2.4321e-07
3.79678e-05
-3.48548e-07
3.80172e-05
-5.21201e-07
3.8146e-05
-6.29575e-07
3.81762e-05
-5.19339e-07
3.81563e-05
-2.50183e-07
3.80011e-05
6.13948e-08
3.77286e-05
4.03968e-07
3.7488e-05
5.57997e-07
3.73952e-05
8.59253e-08
3.73811e-05
-1.38297e-07
3.74592e-05
-2.8764e-07
3.7523e-05
-2.22158e-07
3.7525e-05
1.19396e-07
3.74893e-05
1.31172e-07
3.74905e-05
1.37908e-07
3.75749e-05
7.12999e-08
3.77115e-05
1.21772e-07
3.7753e-05
3.9114e-07
3.77551e-05
5.40825e-07
3.77139e-05
5.9707e-07
3.77028e-05
5.75518e-07
3.77064e-05
5.94355e-07
3.77218e-05
6.13972e-07
3.77459e-05
6.13239e-07
3.77693e-05
5.93523e-07
3.77945e-05
6.65282e-07
3.78291e-05
6.95789e-07
3.78839e-05
7.15498e-07
3.79679e-05
7.36034e-07
3.80802e-05
7.86321e-07
3.82064e-05
8.55122e-07
3.8338e-05
9.09555e-07
3.84758e-05
9.2745e-07
3.86223e-05
9.37662e-07
3.87699e-05
9.7013e-07
3.89095e-05
1.00599e-06
3.90446e-05
1.04577e-06
3.91765e-05
1.07735e-06
3.93116e-05
1.09938e-06
3.94579e-05
1.09708e-06
3.96261e-05
1.11826e-06
1.18655e-06
7.43092e-05
-5.82216e-05
6.77506e-05
-1.98654e-05
6.53744e-05
-1.00746e-05
6.18002e-05
-1.02975e-05
5.78176e-05
-9.73927e-06
5.53512e-05
-6.38703e-06
5.29958e-05
-5.83911e-06
5.00133e-05
-6.62901e-06
4.79554e-05
-5.78487e-06
4.68819e-05
-3.80724e-06
4.57878e-05
-3.06789e-06
4.44009e-05
-3.10932e-06
4.31468e-05
-2.616e-06
4.20827e-05
-1.9515e-06
4.09844e-05
-1.7581e-06
3.98982e-05
-1.80435e-06
3.90521e-05
-1.66624e-06
3.83865e-05
-1.42683e-06
3.77623e-05
-1.27021e-06
3.71273e-05
-1.11549e-06
3.64392e-05
-9.73199e-07
3.57575e-05
-9.36543e-07
3.52339e-05
-7.69152e-07
3.4787e-05
-5.95673e-07
3.43119e-05
-5.90885e-07
3.38462e-05
-4.1201e-07
3.34317e-05
-1.49346e-07
3.29952e-05
-4.22163e-08
3.24501e-05
-5.52479e-08
3.19798e-05
-4.08552e-07
3.1823e-05
-8.43538e-07
3.17684e-05
-8.46203e-07
3.17272e-05
-7.44568e-07
3.16605e-05
-5.67104e-07
3.15019e-05
-1.59592e-07
3.11355e-05
4.38483e-07
3.05514e-05
1.08202e-06
3.02733e-05
1.99613e-07
3.02284e-05
-2.32742e-07
3.02836e-05
-3.52534e-07
3.04091e-05
-4.45014e-07
3.04398e-05
-3.59286e-07
3.04355e-05
-1.40912e-07
3.03227e-05
1.03957e-07
3.0114e-05
3.42639e-07
2.99195e-05
5.00242e-07
2.98595e-05
4.28892e-08
2.98542e-05
-6.97664e-08
2.99387e-05
-2.05565e-07
3.00119e-05
-1.58604e-07
3.00193e-05
1.19316e-07
3.00036e-05
1.08459e-07
3.00214e-05
1.2106e-07
3.01e-05
6.59766e-08
3.02231e-05
9.40062e-08
3.02592e-05
3.09532e-07
3.0262e-05
4.19953e-07
3.02298e-05
4.70825e-07
3.02222e-05
4.41639e-07
3.02264e-05
4.56478e-07
3.02434e-05
4.68244e-07
3.02682e-05
4.61426e-07
3.0297e-05
4.46609e-07
3.03274e-05
5.054e-07
3.03615e-05
5.2854e-07
3.04125e-05
5.41652e-07
3.04866e-05
5.54294e-07
3.05817e-05
5.87859e-07
3.0685e-05
6.35297e-07
3.07898e-05
6.72235e-07
3.0898e-05
6.82109e-07
3.10134e-05
6.87449e-07
3.11306e-05
7.11234e-07
3.12411e-05
7.38558e-07
3.13461e-05
7.67823e-07
3.14463e-05
7.90983e-07
3.15474e-05
8.06867e-07
3.16569e-05
8.04206e-07
3.17861e-05
8.17715e-07
8.68182e-07
5.99145e-05
-3.69863e-05
5.46986e-05
-1.38209e-05
5.25272e-05
-7.32941e-06
4.90577e-05
-7.11585e-06
4.55088e-05
-6.12582e-06
4.33569e-05
-4.06365e-06
4.13746e-05
-4.04797e-06
3.89786e-05
-4.72785e-06
3.7399e-05
-4.03798e-06
3.65497e-05
-2.64185e-06
3.5635e-05
-2.09124e-06
3.44692e-05
-2.01559e-06
3.34398e-05
-1.62047e-06
3.25742e-05
-1.18637e-06
3.16767e-05
-1.07107e-06
3.07963e-05
-1.09829e-06
3.0115e-05
-1.02083e-06
2.95787e-05
-8.73192e-07
2.90797e-05
-7.67447e-07
2.85823e-05
-6.55742e-07
2.80506e-05
-5.46843e-07
2.75212e-05
-5.20887e-07
2.71133e-05
-4.27924e-07
2.67646e-05
-3.25451e-07
2.64003e-05
-3.21921e-07
2.60484e-05
-1.85498e-07
2.57314e-05
-1.17379e-08
2.53929e-05
5.52666e-08
2.49692e-05
6.21535e-08
2.46169e-05
-1.9552e-07
2.45136e-05
-5.54314e-07
2.4484e-05
-5.63609e-07
2.44646e-05
-4.9005e-07
2.44342e-05
-3.63187e-07
2.43396e-05
-5.56217e-08
2.40729e-05
3.83118e-07
2.36151e-05
8.89814e-07
2.34088e-05
1.8359e-07
2.33829e-05
-1.34435e-07
2.34402e-05
-2.38204e-07
2.35536e-05
-3.16475e-07
2.35853e-05
-2.36939e-07
2.35877e-05
-7.87624e-08
2.35121e-05
1.16774e-07
2.33574e-05
2.86006e-07
2.32095e-05
4.09294e-07
2.31724e-05
1.79751e-08
2.31758e-05
-3.17929e-08
2.326e-05
-1.43496e-07
2.33345e-05
-1.14049e-07
2.33453e-05
1.00391e-07
2.33409e-05
8.44927e-08
2.3367e-05
9.37166e-08
2.3437e-05
4.69628e-08
2.3541e-05
5.86528e-08
2.35713e-05
2.26539e-07
2.35745e-05
3.05135e-07
2.35506e-05
3.48961e-07
2.35456e-05
3.17077e-07
2.35509e-05
3.29095e-07
2.35688e-05
3.34112e-07
2.35933e-05
3.25037e-07
2.36242e-05
3.15392e-07
2.36543e-05
3.58442e-07
2.36857e-05
3.75794e-07
2.37304e-05
3.8286e-07
2.37924e-05
3.88525e-07
2.38695e-05
4.08531e-07
2.39508e-05
4.39107e-07
2.40313e-05
4.62873e-07
2.41135e-05
4.67449e-07
2.42014e-05
4.69538e-07
2.42911e-05
4.85619e-07
2.43748e-05
5.05407e-07
2.44526e-05
5.26477e-07
2.4525e-05
5.4326e-07
2.45975e-05
5.54531e-07
2.46768e-05
5.51874e-07
2.47731e-05
5.58083e-07
5.93292e-07
4.69204e-05
-2.09611e-05
4.25753e-05
-8.73986e-06
4.04475e-05
-4.70053e-06
3.72691e-05
-4.0657e-06
3.44472e-05
-3.28421e-06
3.27827e-05
-2.30792e-06
3.12179e-05
-2.72949e-06
2.92486e-05
-3.16563e-06
2.79325e-05
-2.54158e-06
2.71932e-05
-1.6572e-06
2.63996e-05
-1.26893e-06
2.54359e-05
-1.11853e-06
2.46221e-05
-8.49146e-07
2.39415e-05
-6.07313e-07
2.32326e-05
-5.41452e-07
2.25478e-05
-5.52561e-07
2.20218e-05
-5.26779e-07
2.16079e-05
-4.53487e-07
2.1228e-05
-3.90628e-07
2.08578e-05
-3.19101e-07
2.04653e-05
-2.45012e-07
2.00723e-05
-2.29505e-07
1.97694e-05
-1.89722e-07
1.95112e-05
-1.37695e-07
1.92466e-05
-1.33448e-07
1.89942e-05
-4.39224e-08
1.87633e-05
5.80331e-08
1.85131e-05
9.88895e-08
1.82015e-05
1.21253e-07
1.79534e-05
-5.57393e-08
1.78905e-05
-3.28431e-07
1.78802e-05
-3.40771e-07
1.78774e-05
-2.94696e-07
1.78723e-05
-2.14586e-07
1.78217e-05
5.68128e-10
1.76344e-05
2.92371e-07
1.72924e-05
6.48016e-07
1.71475e-05
1.52597e-07
1.71348e-05
-5.47386e-08
1.71926e-05
-1.52719e-07
1.7288e-05
-2.14871e-07
1.7319e-05
-1.43949e-07
1.73238e-05
-4.52142e-08
1.72779e-05
9.78566e-08
1.71698e-05
2.14995e-07
1.70659e-05
2.99447e-07
1.70423e-05
7.58133e-09
1.70606e-05
-1.20579e-08
1.71376e-05
-9.62936e-08
1.7205e-05
-8.01134e-08
1.72177e-05
7.355e-08
1.72195e-05
5.72658e-08
1.72482e-05
6.00487e-08
1.73071e-05
2.30041e-08
1.7389e-05
2.45363e-08
1.74133e-05
1.44402e-07
1.74164e-05
1.97094e-07
1.74001e-05
2.30276e-07
1.73971e-05
2.02156e-07
1.74041e-05
2.11438e-07
1.7422e-05
2.11737e-07
1.74451e-05
2.03668e-07
1.74746e-05
1.97001e-07
1.7501e-05
2.24665e-07
1.75279e-05
2.36334e-07
1.75644e-05
2.38605e-07
1.76129e-05
2.3902e-07
1.76716e-05
2.48803e-07
1.77318e-05
2.66575e-07
1.779e-05
2.80772e-07
1.78491e-05
2.82368e-07
1.79126e-05
2.82574e-07
1.79773e-05
2.91931e-07
1.80363e-05
3.04678e-07
1.80896e-05
3.18861e-07
1.81381e-05
3.30266e-07
1.81868e-05
3.37743e-07
1.82414e-05
3.35335e-07
1.83095e-05
3.35856e-07
3.57831e-07
3.52283e-05
-9.42455e-06
3.11737e-05
-4.0551e-06
2.90423e-05
-2.17913e-06
2.6515e-05
-1.61904e-06
2.45285e-05
-1.24982e-06
2.32517e-05
-9.73277e-07
2.18548e-05
-1.59662e-06
2.00869e-05
-1.73812e-06
1.89362e-05
-1.21705e-06
1.82613e-05
-7.8324e-07
1.75745e-05
-5.67381e-07
1.68276e-05
-4.3137e-07
1.62335e-05
-3.01919e-07
1.57335e-05
-2.06251e-07
1.5211e-05
-1.73902e-07
1.47181e-05
-1.76379e-07
1.43435e-05
-1.81299e-07
1.40498e-05
-1.59068e-07
1.37864e-05
-1.31827e-07
1.35358e-05
-9.82152e-08
1.32699e-05
-6.0272e-08
1.30016e-05
-5.388e-08
1.27963e-05
-4.57177e-08
1.26229e-05
-2.713e-08
1.2449e-05
-2.41155e-08
1.22849e-05
1.8278e-08
1.21319e-05
6.32079e-08
1.19633e-05
8.45282e-08
1.17573e-05
1.07692e-07
1.1602e-05
1.15086e-08
1.15706e-05
-1.49386e-07
1.15699e-05
-1.53717e-07
1.15846e-05
-1.37446e-07
1.15908e-05
-9.88093e-08
1.15735e-05
1.20466e-08
1.14509e-05
1.66649e-07
1.12209e-05
3.63351e-07
1.11294e-05
9.0173e-08
1.11257e-05
-1.0862e-08
1.11813e-05
-7.94885e-08
1.12557e-05
-1.14526e-07
1.12836e-05
-6.90161e-08
1.12894e-05
-2.06422e-08
1.1267e-05
5.63154e-08
1.11995e-05
1.20404e-07
1.11365e-05
1.66059e-07
1.11238e-05
2.51314e-09
1.11531e-05
-3.74109e-09
1.1219e-05
-5.23323e-08
1.12737e-05
-4.5818e-08
1.1288e-05
3.86247e-08
1.12934e-05
2.83682e-08
1.13204e-05
2.68152e-08
1.13655e-05
4.21854e-09
1.14243e-05
2.08713e-09
1.14426e-05
6.72874e-08
1.14455e-05
9.52715e-08
1.14361e-05
1.13495e-07
1.14347e-05
9.6879e-08
1.14436e-05
1.01677e-07
1.14605e-05
1.0028e-07
1.14812e-05
9.54383e-08
1.15065e-05
9.10321e-08
1.1527e-05
1.04584e-07
1.1548e-05
1.1026e-07
1.15749e-05
1.0986e-07
1.16093e-05
1.08119e-07
1.16495e-05
1.11141e-07
1.16896e-05
1.19051e-07
1.17277e-05
1.25797e-07
1.1766e-05
1.26114e-07
1.18075e-05
1.25613e-07
1.18492e-05
1.29541e-07
1.18856e-05
1.35798e-07
1.19171e-05
1.4325e-07
1.19451e-05
1.49324e-07
1.19738e-05
1.53112e-07
1.20075e-05
1.51434e-07
1.20511e-05
1.48781e-07
1.60164e-07
2.36298e-05
2.0001e-05
1.80881e-05
1.63832e-05
1.52685e-05
1.43654e-05
1.25284e-05
1.04795e-05
9.42589e-06
8.81779e-06
8.26194e-06
7.77633e-06
7.42859e-06
7.12983e-06
6.81693e-06
6.53661e-06
6.32876e-06
6.16949e-06
6.03373e-06
5.90938e-06
5.77523e-06
5.63667e-06
5.53438e-06
5.45047e-06
5.36916e-06
5.29314e-06
5.21959e-06
5.13699e-06
5.0445e-06
4.97892e-06
4.96625e-06
4.98144e-06
5.00448e-06
5.01853e-06
5.02e-06
4.96405e-06
4.85328e-06
4.80622e-06
4.81425e-06
4.85717e-06
4.90433e-06
4.92645e-06
4.93281e-06
4.92986e-06
4.9015e-06
4.87958e-06
4.87566e-06
4.90733e-06
4.95399e-06
4.9908e-06
5.00434e-06
5.01185e-06
5.03296e-06
5.05968e-06
5.0937e-06
5.1055e-06
5.10838e-06
5.1051e-06
5.10519e-06
5.11462e-06
5.12845e-06
5.14474e-06
5.16242e-06
5.17535e-06
5.18841e-06
5.20392e-06
5.2223e-06
5.24266e-06
5.26191e-06
5.27946e-06
5.29695e-06
5.31624e-06
5.33477e-06
5.3488e-06
5.35951e-06
5.36833e-06
5.37835e-06
5.39198e-06
5.40911e-06
)
;

boundaryField
{
    inlet
    {
        type            calculated;
        value           nonuniform List<scalar> 
82
(
-0.000240313
-0.000264266
-0.000290607
-0.000319573
-0.000351426
-0.000386455
-0.000424975
-0.000467334
-0.000513916
-0.000565141
-0.000621471
-0.000683417
-0.000751537
-0.000826446
-0.000908823
-0.00099941
-0.00109903
-0.00120857
-0.00132904
-0.00146151
-0.00160719
-0.00176738
-0.00194355
-0.00213727
-0.0023503
-0.00258457
-0.00284219
-0.00312548
-0.00343702
-0.0037796
-0.00415634
-0.00457062
-0.0050262
-0.00552719
-0.00557792
-0.00557792
-0.00557792
-0.00557792
-0.00557792
-0.00557792
-0.00557792
-0.00557792
-0.00557792
-0.00557792
-0.00557792
-0.00557792
-0.00557792
-0.00557792
-0.00552719
-0.0050262
-0.00457062
-0.00415634
-0.0037796
-0.00343702
-0.00312548
-0.00284219
-0.00258457
-0.0023503
-0.00213727
-0.00194355
-0.00176738
-0.00160719
-0.00146151
-0.00132904
-0.00120857
-0.00109903
-0.00099941
-0.000908823
-0.000826447
-0.000751537
-0.000683417
-0.000621472
-0.000565141
-0.000513916
-0.000467335
-0.000424975
-0.000386455
-0.000351427
-0.000319573
-0.000290607
-0.000264266
-0.000240313
)
;
    }
    outlet
    {
        type            calculated;
        value           nonuniform List<scalar> 
82
(
6.53106e-05
9.6881e-05
0.000129291
0.000164654
0.000204721
0.000251127
0.000305586
0.000370081
0.000446979
0.000539249
0.000649231
0.000779186
0.000924523
0.0010824
0.0012419
0.00140702
0.00156983
0.00175225
0.00192395
0.00212392
0.0023221
0.00254988
0.00281738
0.00304861
0.0033254
0.00365011
0.00400942
0.00440038
0.00485829
0.0052105
0.00567441
0.00576419
0.00503415
0.00401424
0.00355644
0.00341569
0.00332631
0.00325128
0.00319528
0.00314129
0.00309477
0.00307609
0.00305145
0.00304329
0.00303642
0.00302074
0.0030063
0.00299404
0.00296236
0.00269298
0.0024503
0.00223534
0.00204024
0.0018605
0.00169168
0.00153333
0.00138765
0.00125229
0.00112273
0.000999025
0.000879479
0.000760644
0.00064589
0.000535799
0.000437289
0.000352898
0.00028405
0.000229217
0.0001862
0.000152387
0.00012555
0.000103943
8.62852e-05
7.1633e-05
5.93108e-05
4.88329e-05
3.98223e-05
3.19387e-05
2.48888e-05
1.83938e-05
1.21075e-05
5.43941e-06
)
;
    }
    bottom
    {
        type            calculated;
        value           uniform 0;
    }
    top
    {
        type            calculated;
        value           uniform 0;
    }
    upstream
    {
        type            symmetryPlane;
        value           uniform 0;
    }
    defaultFaces
    {
        type            empty;
    }
}


// ************************************************************************* //
