/*--------------------------------*- C++ -*----------------------------------*\
  =========                 |
  \\      /  F ield         | OpenFOAM: The Open Source CFD Toolbox
   \\    /   O peration     | Website:  https://openfoam.org
    \\  /    A nd           | Version:  13
     \\/     M anipulation  |
\*---------------------------------------------------------------------------*/
FoamFile
{
    format      ascii;
    class       volScalarField;
    location    "0.0004";
    object      T;
}
// * * * * * * * * * * * * * * * * * * * * * * * * * * * * * * * * * * * * * //

dimensions      [0 0 0 1 0 0 0];

internalField   nonuniform List<scalar> 
16072
(
87.9511
124.824
164.143
199.349
222.457
236.625
74.7728
91.7734
111.331
132.091
151.103
166.408
70.4655
77.936
87.5012
98.6814
110.532
121.653
69.115
72.7024
77.205
82.4216
88.7601
95.4126
68.6401
70.7399
72.9739
75.2829
78.1909
81.5417
68.3919
70.0462
71.3452
72.4767
73.5656
74.9518
68.2131
69.5105
70.5724
71.4162
71.7428
72.1264
68.1042
69.1607
70.2904
70.9853
71.1057
71.0551
68.05
68.7216
69.9395
70.7419
70.8538
70.739
68.0228
68.4177
69.589
70.5713
70.6968
70.6643
68.0111
68.2201
69.0422
70.2858
70.5745
70.6572
68.0052
68.1072
68.6208
69.8228
70.4706
70.6407
68.0023
68.0507
68.3212
69.1558
70.168
70.6159
68.0009
68.0234
68.1551
68.6334
69.6907
70.5405
68.0004
68.0107
68.0693
68.3123
69.0261
70.1317
68.0001
68.0045
68.0307
68.1386
68.5286
69.4489
68
68.0017
68.0131
68.0596
68.2379
68.7399
68
68.0006
68.0051
68.0246
68.099
68.3064
68
68.0002
68.0018
68.0096
68.0386
68.1244
68
68.0001
68.0006
68.0034
68.0147
68.048
68
68
68.0002
68.0011
68.005
68.0176
68
68
68
68.0003
68.0015
68.0058
68
68
68
68.0001
68.0004
68.0017
68
68
68
68
68.0001
68.0004
68
68
68
68
68
68.0001
68
68
68
68
68
68
68
68
68
68
68
68
68
68
68
68
68
68
68
68
68
68
68
68
68
68
68
68
68
68
68
68
68
68
68
68
68
68
68
68
68
68
68
68
68
68
68
68
68
68
68
68
68
68
68
68
68
68
68
68
68
68
68
68
68
68
68
68
68
68
68
68
68
68
68
68
68
68
68
68
68
68
68
68
68
68
68
68
68
68
68
68
68
68
68
68
68
68
68
68
68
68
68
68
68
68
68
68
68
68
68
68
68
68
68
68
68
68
68
68
68
68
68
68
68
68
68
68
68
68
68
68
68
68
68
68
68
68
68
68
68
68
68
68
68
68
68
68
68
68
68
68
68
68
68
68
68
68
68
68
68
68
68
68
68
68
68
68
68
68
68
68
68
68
68
68
68
68
68
68
68
68
68
68
68
68
68
68
68
68
68
68
68
68
68
68
68
68
68
68
68
68
68
68
68
68
68
68
68
68
68
68
68
68
68
68
68
68
68
68
68
68
68
68
68
68
68
68
68
68
68
68
68
68
68
68
68
68
68
68
68
68
68
68
68
68
68
68
68
68
68
68
68
68
68
68
68
68.0001
68
68
68
68
68
68.0001
68
68
68
68
68
68.0003
68
68
68
68
68
68.0004
68
68
68
68
68
68.0008
68
68
68
68
68
68.0012
68
68
68
68
68
68.002
68
68
68
68
68.0001
68.0025
68
68
68
68
68.0001
68.0019
68
68
68
68
68.0001
68.0013
68
68
68
68
68.0001
68.0013
68
68
68
68
68.0001
68.0033
68
68
68
68
68.0002
68.0065
68
68
68
68
68.0002
68.0139
68
68
68
68
68.0002
67.9943
246.457
254.032
259.814
264.306
268.086
271.294
274.12
276.767
279.266
281.548
283.612
285.464
287.133
288.617
289.961
291.166
292.264
293.231
294.1
294.88
295.583
296.213
296.78
297.303
297.78
298.223
298.628
299.005
299.362
299.7
300.12
301.131
302.353
303.577
304.765
305.904
306.967
307.996
308.953
309.88
310.76
311.587
312.418
313.168
313.811
314.329
314.327
313.621
312.51
311.573
310.89
310.426
310.129
309.957
309.864
309.831
309.842
309.887
309.958
310.045
310.146
310.252
310.357
310.464
310.576
310.695
310.823
310.96
311.105
311.25
311.391
311.519
311.636
311.743
311.843
311.941
312.034
312.116
312.184
312.24
312.292
312.34
312.38
312.399
312.394
312.346
312.28
312.206
312.13
312.066
312.003
311.96
311.933
311.927
311.936
311.955
311.984
312.02
312.062
312.1
312.133
312.164
312.192
312.216
312.236
312.254
312.263
312.271
312.276
312.251
179.763
191.22
200.695
208.568
215.408
221.344
226.708
231.811
236.728
241.361
245.712
249.773
253.57
257.08
260.369
263.433
266.311
268.955
271.422
273.702
275.817
277.775
279.601
281.313
282.926
284.448
285.87
287.213
288.483
289.674
290.844
292.103
293.479
294.853
296.192
297.485
298.684
299.85
300.963
302.037
303.019
303.977
304.941
305.795
306.572
307.262
307.54
307.262
306.585
305.925
305.417
305.065
304.85
304.744
304.711
304.735
304.802
304.903
305.031
305.176
305.333
305.495
305.656
305.817
305.983
306.157
306.34
306.532
306.732
306.934
307.132
307.319
307.494
307.658
307.815
307.968
308.114
308.25
308.37
308.476
308.577
308.671
308.757
308.82
308.851
308.837
308.796
308.743
308.687
308.644
308.602
308.58
308.577
308.595
308.629
308.678
308.737
308.803
308.876
308.945
309.011
309.073
309.131
309.186
309.236
309.283
309.321
309.357
309.387
309.395
133.208
144.391
154.369
163.245
171.242
178.482
185.152
191.465
197.474
203.141
208.511
213.595
218.401
222.933
227.22
231.289
235.132
238.747
242.162
245.38
248.415
251.276
253.981
256.562
259.027
261.383
263.625
265.769
267.824
269.782
271.654
273.348
275.002
276.627
278.204
279.726
281.173
282.562
283.903
285.191
286.405
287.573
288.73
289.793
290.793
291.75
292.462
292.703
292.484
292.179
291.921
291.747
291.667
291.676
291.744
291.866
292.03
292.229
292.454
292.698
292.952
293.211
293.468
293.725
293.987
294.257
294.537
294.827
295.126
295.43
295.732
296.025
296.305
296.574
296.834
297.088
297.334
297.568
297.785
297.986
298.177
298.362
298.535
298.683
298.791
298.843
298.851
298.836
298.815
298.805
298.799
298.814
298.847
298.906
298.986
299.084
299.195
299.316
299.444
299.573
299.697
299.817
299.931
300.042
300.148
300.251
300.343
300.434
300.509
300.588
103.273
111.656
119.86
127.818
135.412
142.664
149.67
156.444
162.92
169.059
174.901
180.447
185.715
190.706
195.44
199.945
204.229
208.285
212.138
215.799
219.275
222.579
225.723
228.739
231.639
234.433
237.112
239.7
242.192
244.594
246.906
249.001
250.962
252.844
254.663
256.421
258.111
259.735
261.296
262.787
264.228
265.608
266.961
268.23
269.452
270.629
271.671
272.352
272.504
272.473
272.419
272.398
272.439
272.55
272.715
272.929
273.183
273.469
273.782
274.115
274.46
274.808
275.157
275.505
275.857
276.218
276.59
276.974
277.37
277.773
278.179
278.577
278.964
279.339
279.704
280.062
280.411
280.749
281.069
281.371
281.659
281.939
282.21
282.456
282.657
282.792
282.86
282.887
282.899
282.918
282.944
282.987
283.052
283.144
283.263
283.405
283.563
283.735
283.916
284.102
284.285
284.464
284.636
284.804
284.966
285.127
285.277
285.426
285.55
285.71
85.8903
90.9902
96.3875
102.045
107.871
113.786
119.866
126.109
132.347
138.443
144.379
150.107
155.62
160.895
165.922
170.712
175.282
179.619
183.746
187.674
191.409
194.966
198.354
201.605
204.735
207.754
210.657
213.466
216.178
218.8
221.336
223.705
225.923
228.029
230.056
232.012
233.894
235.713
237.459
239.131
240.748
242.299
243.82
245.268
246.684
248.058
249.356
250.391
250.871
251.062
251.179
251.294
251.447
251.649
251.896
252.183
252.505
252.855
253.228
253.622
254.027
254.437
254.848
255.258
255.67
256.09
256.522
256.966
257.425
257.893
258.365
258.833
259.292
259.74
260.178
260.609
261.032
261.444
261.84
262.217
262.578
262.931
263.276
263.604
263.89
264.108
264.239
264.306
264.344
264.38
264.42
264.476
264.551
264.656
264.789
264.95
265.13
265.328
265.539
265.759
265.98
266.198
266.406
266.613
266.811
267.012
267.2
267.392
267.55
267.776
77.0854
79.7336
82.7848
86.1738
89.8647
93.7936
98.0635
102.723
107.676
112.797
118.035
123.312
128.572
133.753
138.807
143.7
148.427
152.958
157.293
161.433
165.379
169.141
172.728
176.165
179.471
182.655
185.721
188.681
191.54
194.306
196.981
199.531
201.946
204.245
206.45
208.577
210.624
212.602
214.508
216.342
218.107
219.803
221.46
223.054
224.624
226.154
227.623
228.93
229.734
230.213
230.559
230.855
231.152
231.472
231.816
232.186
232.579
232.99
233.418
233.863
234.319
234.778
235.237
235.693
236.148
236.607
237.078
237.561
238.058
238.567
239.081
239.595
240.1
240.596
241.083
241.563
242.037
242.502
242.952
243.383
243.797
244.203
244.605
244.997
245.357
245.655
245.858
245.972
246.037
246.087
246.135
246.194
246.27
246.373
246.505
246.668
246.854
247.06
247.282
247.518
247.759
248
248.231
248.459
248.68
248.903
249.116
249.335
249.519
249.79
72.9418
74.1609
75.6862
77.4643
79.5352
81.8021
84.3359
87.2328
90.4672
93.9931
97.8003
101.856
106.112
110.514
115.005
119.522
124.023
128.457
132.791
136.997
141.057
144.962
148.708
152.31
155.778
159.12
162.341
165.448
168.447
171.346
174.148
176.842
179.417
181.883
184.251
186.534
188.736
190.862
192.913
194.891
196.792
198.623
200.405
202.127
203.83
205.497
207.107
208.617
209.72
210.488
211.088
211.597
212.075
212.545
213.016
213.492
213.976
214.464
214.959
215.465
215.976
216.488
216.996
217.498
217.994
218.49
218.993
219.507
220.035
220.576
221.124
221.673
222.216
222.75
223.276
223.795
224.308
224.816
225.31
225.786
226.243
226.691
227.138
227.585
228.011
228.387
228.669
228.844
228.947
229.017
229.076
229.138
229.214
229.313
229.441
229.599
229.782
229.99
230.215
230.459
230.712
230.968
231.214
231.459
231.695
231.934
232.165
232.402
232.609
232.915
71.2088
71.6134
72.2753
73.1113
74.1746
75.3655
76.7338
78.354
80.2026
82.276
84.5971
87.1791
90.017
93.1016
96.4127
99.9177
103.579
107.35
111.19
115.052
118.893
122.68
126.387
130.007
133.535
136.964
140.292
143.518
146.642
149.668
152.595
155.418
158.133
160.748
163.267
165.699
168.049
170.32
172.515
174.629
176.664
178.628
180.533
182.378
184.203
185.991
187.728
189.39
190.748
191.791
192.646
193.387
194.069
194.718
195.344
195.955
196.555
197.143
197.727
198.31
198.893
199.471
200.04
200.599
201.145
201.684
202.225
202.773
203.332
203.904
204.485
205.068
205.645
206.214
206.773
207.326
207.875
208.418
208.951
209.466
209.96
210.445
210.931
211.423
211.907
212.356
212.72
212.969
213.123
213.224
213.301
213.372
213.45
213.548
213.67
213.823
214.002
214.207
214.432
214.679
214.939
215.206
215.466
215.723
215.973
216.224
216.47
216.721
216.948
217.285
70.5597
70.6024
70.7595
71.0743
71.5816
72.1388
72.8075
73.6613
74.655
75.7787
77.0587
78.515
80.1545
81.9908
84.0335
86.2864
88.7455
91.4001
94.232
97.2189
100.325
103.516
106.761
110.035
113.316
116.58
119.812
122.998
126.126
129.189
132.177
135.079
137.891
140.616
143.257
145.818
148.302
150.709
153.038
155.286
157.455
159.547
161.576
163.543
165.488
167.39
169.247
171.042
172.607
173.893
174.985
175.957
176.853
177.697
178.499
179.267
180.006
180.718
181.412
182.094
182.766
183.427
184.075
184.705
185.316
185.912
186.502
187.094
187.693
188.302
188.92
189.54
190.154
190.758
191.353
191.94
192.522
193.1
193.67
194.221
194.751
195.269
195.79
196.321
196.856
197.371
197.817
198.15
198.371
198.517
198.621
198.709
198.795
198.895
199.015
199.164
199.339
199.541
199.764
200.011
200.276
200.551
200.823
201.092
201.355
201.617
201.876
202.14
202.384
202.753
70.4205
70.222
70.1405
70.2073
70.4151
70.6261
70.9136
71.3328
71.8369
72.4166
73.0898
73.8657
74.748
75.7476
76.878
78.151
79.5761
81.1596
82.9064
84.8192
86.8936
89.1191
91.4835
93.9709
96.5678
99.2517
102.005
104.809
107.643
110.487
113.32
116.122
118.88
121.591
124.251
126.859
129.412
131.903
134.33
136.683
138.962
141.169
143.31
145.389
147.446
149.454
151.415
153.335
155.075
156.569
157.878
159.069
160.175
161.218
162.205
163.144
164.038
164.892
165.714
166.513
167.294
168.056
168.798
169.517
170.209
170.878
171.533
172.183
172.833
173.49
174.153
174.818
175.475
176.121
176.755
177.379
177.998
178.614
179.221
179.811
180.377
180.929
181.482
182.049
182.628
183.203
183.728
184.151
184.453
184.66
184.805
184.919
185.02
185.128
185.252
185.4
185.574
185.773
185.995
186.242
186.51
186.792
187.075
187.356
187.631
187.904
188.176
188.452
188.711
189.113
70.4684
70.1717
69.8903
69.8625
69.9251
69.9409
70.0386
70.2355
70.48
70.7631
71.1057
71.5062
71.9638
72.4845
73.0786
73.753
74.5182
75.38
76.3444
77.4196
78.6135
79.9316
81.3769
82.949
84.65
86.4761
88.4253
90.4918
92.6624
94.9213
97.2499
99.627
102.037
104.467
106.911
109.357
111.798
114.22
116.613
118.964
121.265
123.518
125.715
127.863
129.986
132.065
134.094
136.106
137.991
139.671
141.177
142.564
143.864
145.097
146.266
147.377
148.434
149.438
150.401
151.33
152.232
153.108
153.96
154.782
155.57
156.328
157.064
157.785
158.501
159.218
159.938
160.658
161.367
162.063
162.744
163.412
164.073
164.73
165.379
166.01
166.617
167.206
167.792
168.393
169.014
169.643
170.242
170.756
171.151
171.434
171.635
171.787
171.913
172.037
172.171
172.324
172.5
172.699
172.921
173.169
173.441
173.729
174.023
174.316
174.605
174.89
175.175
175.463
175.734
176.169
70.5324
70.2432
69.8658
69.7405
69.7208
69.6332
69.6614
69.7398
69.8409
69.9742
70.1507
70.3579
70.588
70.8507
71.1553
71.5038
71.8996
72.3488
72.855
73.4234
74.0593
74.7705
75.5616
76.4391
77.4071
78.4716
79.639
80.9136
82.2961
83.7832
85.3707
87.0505
88.8155
90.6591
92.5755
94.5571
96.5932
98.6714
100.779
102.899
105.02
107.139
109.24
111.324
113.402
115.457
117.474
119.493
121.447
123.248
124.897
126.432
127.889
129.28
130.609
131.877
133.085
134.235
135.336
136.397
137.424
138.421
139.388
140.321
141.215
142.072
142.9
143.706
144.499
145.288
146.076
146.86
147.632
148.387
149.123
149.843
150.552
151.255
151.951
152.629
153.281
153.91
154.534
155.171
155.831
156.51
157.178
157.781
158.276
158.65
158.922
159.125
159.287
159.436
159.588
159.753
159.936
160.14
160.366
160.616
160.892
161.188
161.493
161.798
162.102
162.401
162.699
163
163.284
163.749
70.5609
70.3781
69.9903
69.7617
69.6401
69.4842
69.5038
69.5227
69.5368
69.5917
69.6867
69.8034
69.9209
70.0506
70.2049
70.3852
70.5888
70.8192
71.0792
71.3722
71.6997
72.0669
72.4765
72.9367
73.4494
74.0209
74.6556
75.358
76.1326
76.9819
77.9083
78.9128
79.997
81.1625
82.4115
83.7455
85.1601
86.6509
88.2124
89.8339
91.5067
93.2278
94.9817
96.768
98.5892
100.43
102.268
104.133
105.991
107.762
109.42
110.992
112.508
113.976
115.394
116.762
118.077
119.339
120.551
121.722
122.857
123.96
125.033
126.071
127.067
128.022
128.942
129.835
130.711
131.579
132.441
133.295
134.134
134.953
135.751
136.527
137.29
138.045
138.791
139.519
140.22
140.894
141.559
142.234
142.934
143.66
144.389
145.076
145.672
146.145
146.502
146.77
146.982
147.166
147.345
147.529
147.727
147.941
148.174
148.431
148.714
149.017
149.334
149.653
149.972
150.286
150.6
150.914
151.212
151.705
70.4923
70.4335
70.1895
69.8862
69.6371
69.452
69.454
69.4331
69.3872
69.4102
69.4646
69.5318
69.5916
69.6562
69.7347
69.8283
69.9351
70.0556
70.1914
70.3429
70.5098
70.6945
70.9016
71.1368
71.4014
71.6978
72.0269
72.3931
72.799
73.249
73.7458
74.2909
74.8862
75.5369
76.2466
77.0199
77.8574
78.7602
79.7287
80.7614
81.8581
83.0204
84.2413
85.5226
86.8664
88.2643
89.6981
91.1864
92.7189
94.2376
95.7014
97.1184
98.512
99.8907
101.252
102.59
103.897
105.167
106.404
107.614
108.797
109.952
111.082
112.181
113.244
114.27
115.263
116.226
117.17
118.102
119.028
119.945
120.846
121.727
122.582
123.413
124.226
125.029
125.822
126.598
127.346
128.066
128.773
129.487
130.226
130.994
131.778
132.538
133.224
133.793
134.241
134.585
134.858
135.09
135.305
135.518
135.738
135.968
136.215
136.482
136.775
137.088
137.417
137.751
138.086
138.415
138.745
139.075
139.388
139.909
70.3753
70.4803
70.3718
70.0855
69.7308
69.5053
69.4592
69.3965
69.3188
69.3309
69.3628
69.3926
69.4191
69.4526
69.4959
69.5464
69.6029
69.667
69.7408
69.8227
69.9105
70.0032
70.1067
70.2252
70.3611
70.5132
70.6819
70.8693
71.0767
71.3066
71.5617
71.8436
72.1533
72.4957
72.8728
73.2867
73.7399
74.2333
74.7678
75.3453
75.9689
76.6432
77.3664
78.1431
78.9759
79.8642
80.7951
81.7849
82.8386
83.9241
85.0031
86.0698
87.142
88.2291
89.3305
90.444
91.5622
92.6768
93.7835
94.8831
95.9772
97.0671
98.1499
99.2155
100.255
101.267
102.256
103.228
104.187
105.14
106.088
107.028
107.954
108.862
109.748
110.611
111.456
112.29
113.114
113.919
114.697
115.448
116.185
116.929
117.697
118.498
119.322
120.136
120.891
121.541
122.075
122.498
122.838
123.125
123.384
123.631
123.879
124.131
124.395
124.677
124.982
125.307
125.648
125.994
126.342
126.687
127.031
127.379
127.707
128.255
70.2038
70.4859
70.4412
70.2566
69.913
69.643
69.4831
69.3909
69.3072
69.3125
69.321
69.3144
69.3245
69.3459
69.3751
69.4053
69.4336
69.4656
69.5056
69.5518
69.6004
69.6485
69.7004
69.7598
69.8294
69.9078
69.9948
70.0907
70.1967
70.3133
70.4425
70.5864
70.7459
70.922
71.1165
71.3293
71.5629
71.8186
72.0965
72.3994
72.7293
73.09
73.4827
73.9079
74.3674
74.8649
75.394
75.9595
76.5788
77.24
77.9131
78.5815
79.2571
79.9579
80.6901
81.4497
82.2314
83.0342
83.8604
84.7055
85.5607
86.4242
87.2979
88.1789
89.0611
89.9386
90.8078
91.6694
92.5297
93.3959
94.2706
95.1503
96.0268
96.8922
97.7405
98.5706
99.3873
100.197
101.001
101.794
102.563
103.309
104.043
104.786
105.552
106.355
107.185
108.017
108.808
109.512
110.112
110.602
111.004
111.343
111.645
111.927
112.202
112.476
112.757
113.052
113.367
113.7
114.047
114.401
114.756
115.109
115.464
115.823
116.163
116.729
69.6637
70.4384
70.4065
70.3299
70.1302
69.8601
69.5665
69.4466
69.346
69.332
69.3141
69.2825
69.2828
69.2941
69.3173
69.3384
69.3508
69.3639
69.3833
69.409
69.4367
69.4632
69.4898
69.5188
69.5528
69.5919
69.6361
69.6849
69.7391
69.7987
69.8646
69.9387
70.0223
70.1144
70.2153
70.325
70.4442
70.5742
70.7157
70.8698
71.0375
71.2218
71.4251
71.6463
71.8858
72.1457
72.4274
72.7279
73.0575
73.4243
73.8092
74.1883
74.5575
74.9323
75.3332
75.7695
76.2329
76.715
77.2172
77.7471
78.3052
78.8857
79.4802
80.0813
80.6901
81.3113
81.9472
82.5967
83.2577
83.9292
84.6114
85.305
86.0095
86.7216
87.435
88.1439
88.848
89.5493
90.2488
90.9425
91.6242
92.2937
92.9597
93.6384
94.3439
95.0869
95.8619
96.6471
97.4111
98.1139
98.7338
99.2577
99.6976
100.071
100.402
100.707
101
101.288
101.577
101.877
102.192
102.522
102.864
103.212
103.562
103.911
104.262
104.62
104.958
105.52
69.0572
70.1936
70.2235
70.2929
70.2593
70.0742
69.7693
69.5643
69.4205
69.3568
69.3148
69.2661
69.2653
69.2743
69.2942
69.3059
69.3091
69.314
69.3232
69.3369
69.3526
69.3679
69.3819
69.3952
69.4093
69.4256
69.4456
69.4694
69.4969
69.5273
69.5606
69.5984
69.6422
69.6917
69.7455
69.8035
69.865
69.9311
70.003
70.0814
70.1672
70.2612
70.3643
70.4774
70.6
70.7319
70.8756
71.0299
71.1964
71.3849
71.5946
71.8074
72.0079
72.1921
72.3733
72.576
72.8105
73.0723
73.3523
73.6417
73.9447
74.2689
74.6166
74.9815
75.3545
75.7307
76.113
76.5088
76.9244
77.3617
77.818
78.288
78.7663
79.2512
79.7435
80.2434
80.7516
81.2676
81.7903
82.3148
82.835
83.3505
83.8682
84.4019
84.9627
85.56
86.1908
86.8397
87.4859
88.0992
88.6622
89.1557
89.5819
89.949
90.2752
90.5745
90.8586
91.1349
91.4098
91.6914
91.9847
92.2889
92.6023
92.9213
93.2423
93.5646
93.8881
94.22
94.5329
95.0557
68.514
69.3579
69.9215
70.3119
70.3051
70.2301
70.0336
69.744
69.5477
69.4007
69.3405
69.2809
69.2694
69.2756
69.2882
69.2872
69.2871
69.2891
69.2948
69.303
69.3112
69.3199
69.3276
69.3339
69.3386
69.3427
69.3488
69.3585
69.3712
69.3859
69.4015
69.4192
69.4403
69.4654
69.494
69.5253
69.5581
69.5921
69.6283
69.6677
69.7116
69.7604
69.8133
69.8714
69.9345
70.0017
70.0739
70.152
70.2364
70.3301
70.4379
70.5557
70.6708
70.7707
70.8476
70.9196
71.0038
71.1134
71.2489
71.4054
71.5683
71.7328
71.9039
72.0881
72.2886
72.5029
72.7251
72.9504
73.179
73.4161
73.6676
73.9361
74.2205
74.517
74.8204
75.1274
75.4385
75.7553
76.0789
76.4087
76.7429
77.0814
77.4264
77.7851
78.164
78.5704
79.0035
79.4546
79.9128
80.3595
80.7847
81.171
81.5156
81.819
82.0915
82.3425
82.5799
82.8103
83.0381
83.2707
83.5108
83.7587
84.0127
84.2717
84.5323
84.7959
85.0606
85.3334
85.5897
86.0232
68.2016
68.64
69.4714
70.2725
70.2697
70.2047
70.137
69.9592
69.7417
69.5142
69.4161
69.3484
69.2873
69.2833
69.286
69.2796
69.2749
69.2765
69.2808
69.2866
69.2921
69.2981
69.3029
69.3066
69.3071
69.306
69.3053
69.3065
69.3097
69.3147
69.3208
69.328
69.3369
69.348
69.3615
69.377
69.3938
69.4112
69.4289
69.4478
69.4688
69.4929
69.5198
69.5494
69.5817
69.6161
69.6525
69.6919
69.7348
69.782
69.8356
69.8974
69.9634
70.0246
70.0673
70.0956
70.1057
70.1235
70.1589
70.2175
70.2967
70.3858
70.4754
70.5632
70.6537
70.7527
70.8643
70.987
71.1163
71.2486
71.3817
71.517
71.6586
71.8107
71.9745
72.1481
72.3284
72.5124
72.6982
72.8846
73.0719
73.2628
73.4605
73.6695
73.8918
74.1316
74.3886
74.6585
74.9379
75.2161
75.4889
75.7426
75.9749
76.1838
76.3748
76.5523
76.7204
76.884
77.045
77.2094
77.3786
77.5527
77.7307
77.9128
78.096
78.2821
78.4689
78.6616
78.841
79.1477
68.0737
68.2639
68.7949
69.5767
69.9549
70.1549
70.1956
70.135
69.959
69.7229
69.5259
69.4207
69.3189
69.2943
69.2902
69.2783
69.2703
69.2709
69.2751
69.2807
69.2849
69.2886
69.2933
69.2962
69.2957
69.293
69.2895
69.2867
69.2845
69.2834
69.2837
69.2849
69.2873
69.2914
69.2965
69.3024
69.309
69.316
69.3232
69.3309
69.34
69.3511
69.3642
69.3787
69.3943
69.4106
69.4276
69.4459
69.466
69.4885
69.5141
69.5442
69.5794
69.6164
69.646
69.6686
69.6636
69.6495
69.6309
69.6271
69.6379
69.6646
69.7067
69.7564
69.8061
69.8515
69.8973
69.9481
70.0059
70.0715
70.1431
70.2182
70.2946
70.3715
70.4504
70.5341
70.6242
70.7199
70.8189
70.9198
71.023
71.129
71.2379
71.3516
71.4709
71.5987
71.7349
71.8773
72.0272
72.1797
72.3358
72.4849
72.6251
72.7539
72.8743
72.9876
73.0946
73.1982
73.2996
73.4029
73.5093
73.618
73.7291
73.8425
73.957
74.074
74.1911
74.3114
74.4204
74.6053
68.026
68.0973
68.3141
68.8051
69.5236
70.1139
70.1851
70.1458
70.0749
69.952
69.7361
69.5428
69.4043
69.3256
69.3134
69.2901
69.2723
69.2723
69.2771
69.2814
69.2819
69.2835
69.2871
69.2896
69.2896
69.2884
69.2861
69.2831
69.2795
69.2755
69.2718
69.2688
69.2664
69.2654
69.2658
69.2667
69.2681
69.2696
69.271
69.2728
69.2758
69.2801
69.2858
69.292
69.298
69.3037
69.3091
69.3154
69.3228
69.3316
69.3424
69.3556
69.3718
69.3913
69.41
69.4296
69.4293
69.4187
69.395
69.3628
69.3306
69.3055
69.3071
69.3186
69.3408
69.3669
69.3949
69.4191
69.4385
69.4594
69.4855
69.5176
69.5544
69.5954
69.6395
69.6848
69.7304
69.7763
69.8225
69.8695
69.9188
69.9726
70.0307
70.0927
70.1563
70.2223
70.2912
70.3621
70.4376
70.5153
70.5982
70.679
70.7557
70.8268
70.8959
70.9635
71.028
71.0913
71.1529
71.216
71.281
71.3463
71.4122
71.4786
71.546
71.6153
71.6852
71.7561
71.8178
71.9183
68.0085
68.034
68.1111
68.3225
68.8002
69.478
69.9303
70.0135
70.0864
70.0789
69.9866
69.7754
69.5794
69.4262
69.3637
69.3197
69.2817
69.2819
69.2866
69.2833
69.2783
69.2779
69.2813
69.2852
69.2856
69.2862
69.2862
69.2851
69.2826
69.2785
69.2732
69.2673
69.2612
69.2563
69.2533
69.2516
69.2506
69.2496
69.2483
69.2472
69.2472
69.248
69.2496
69.251
69.2514
69.2511
69.2497
69.2488
69.2492
69.2505
69.2532
69.2578
69.2638
69.2717
69.2807
69.2904
69.2963
69.2923
69.2793
69.2537
69.2166
69.1722
69.1329
69.107
69.0982
69.1011
69.1101
69.1237
69.1359
69.145
69.1525
69.1591
69.1672
69.1797
69.1974
69.2195
69.2445
69.2697
69.2931
69.3152
69.3376
69.3621
69.3894
69.4196
69.4509
69.4825
69.5148
69.5478
69.5836
69.6216
69.6644
69.7084
69.7498
69.7873
69.8249
69.8642
69.9026
69.9405
69.9765
70.0141
70.0533
70.0927
70.1319
70.1706
70.2102
70.2508
70.2934
70.3361
70.3711
70.4236
68.0025
68.0109
68.0379
68.1119
68.3037
68.7287
69.3433
69.8138
70.0791
70.079
70.0448
69.9634
69.817
69.6352
69.4641
69.3759
69.308
69.3021
69.2937
69.2776
69.2701
69.2714
69.277
69.2813
69.2824
69.2834
69.2847
69.2854
69.2848
69.2829
69.2788
69.2726
69.2648
69.2573
69.2518
69.2482
69.2457
69.2436
69.2412
69.2384
69.2362
69.235
69.2339
69.2326
69.2305
69.2272
69.2226
69.2177
69.2142
69.2118
69.2104
69.2104
69.2111
69.2126
69.215
69.2178
69.2205
69.2192
69.2139
69.2011
69.1781
69.1426
69.098
69.0497
69.0101
68.9839
68.9687
68.9629
68.9605
68.9624
68.9667
68.9668
68.9667
68.9677
68.97
68.9738
68.9801
68.9889
68.9987
69.0078
69.0172
69.0288
69.0428
69.0584
69.0734
69.0865
69.099
69.1121
69.1266
69.1428
69.1626
69.1865
69.2105
69.2302
69.2493
69.2706
69.2935
69.3166
69.3385
69.3617
69.3863
69.4115
69.4354
69.4586
69.4828
69.5073
69.5349
69.5626
69.5828
69.6109
68.0007
68.0031
68.0119
68.0365
68.1041
68.2594
68.6143
69.1545
69.6867
69.9391
69.9574
69.9654
69.9642
69.8934
69.7272
69.5481
69.4289
69.3522
69.3116
69.2776
69.2699
69.2715
69.2775
69.2791
69.2788
69.2794
69.2818
69.2839
69.284
69.2836
69.282
69.2783
69.272
69.2642
69.257
69.2516
69.2475
69.2441
69.2407
69.2371
69.234
69.2316
69.2292
69.2263
69.2229
69.2186
69.2131
69.2072
69.2023
69.1985
69.1951
69.1919
69.1894
69.1874
69.1858
69.1844
69.1828
69.1801
69.176
69.1696
69.1586
69.1398
69.1099
69.0683
69.0191
68.9727
68.9307
68.9018
68.882
68.8685
68.8616
68.8544
68.8495
68.8484
68.8475
68.8464
68.8452
68.8439
68.8431
68.8419
68.841
68.8423
68.847
68.8548
68.863
68.8678
68.8707
68.8739
68.8792
68.8863
68.8948
68.9055
68.9187
68.9286
68.9359
68.9453
68.9581
68.9731
68.9873
69.002
69.018
69.0351
69.051
69.066
69.0818
69.0978
69.1173
69.1372
69.1515
69.1708
68.0002
68.0008
68.0033
68.0112
68.0323
68.0865
68.2054
68.4859
68.9501
69.4553
69.7661
69.9624
69.9792
69.956
69.9018
69.7889
69.641
69.4881
69.3986
69.3348
69.2967
69.2962
69.2908
69.2795
69.2745
69.2757
69.2785
69.2786
69.2784
69.2786
69.279
69.2787
69.2769
69.2729
69.2668
69.2605
69.2548
69.2495
69.2446
69.2399
69.236
69.2329
69.2298
69.2261
69.222
69.2175
69.2126
69.2072
69.2024
69.1981
69.1939
69.1893
69.1848
69.1806
69.1767
69.1728
69.1686
69.1633
69.1574
69.1516
69.1452
69.136
69.1211
69.0976
69.0621
69.0172
68.9661
68.9161
68.8761
68.843
68.8216
68.8038
68.7896
68.7832
68.7766
68.7692
68.7669
68.7654
68.7625
68.7577
68.7503
68.7438
68.7432
68.7441
68.7453
68.7452
68.744
68.7413
68.7409
68.7427
68.746
68.7499
68.7566
68.7648
68.7669
68.769
68.7742
68.7829
68.7926
68.802
68.812
68.823
68.8345
68.8458
68.858
68.8705
68.8863
68.9051
68.9237
68.9449
68
68.0002
68.0008
68.003
68.0094
68.0262
68.0655
68.1553
68.3493
68.6993
69.167
69.5641
69.8589
69.8587
69.8639
69.864
69.8395
69.7535
69.6079
69.4724
69.383
69.3446
69.3103
69.2782
69.2754
69.2783
69.279
69.2769
69.2754
69.2755
69.2767
69.2802
69.2808
69.2789
69.2743
69.2686
69.2635
69.2584
69.253
69.2476
69.2423
69.2378
69.2336
69.2291
69.2245
69.2204
69.2164
69.2123
69.2082
69.2039
69.199
69.1936
69.1879
69.1825
69.1773
69.1719
69.1661
69.1596
69.152
69.1451
69.1392
69.1328
69.1239
69.1109
69.0921
69.0659
69.0306
68.9833
68.9308
68.8791
68.8367
68.8036
68.7754
68.7595
68.7459
68.732
68.7237
68.7188
68.7147
68.7097
68.7015
68.6915
68.688
68.6871
68.6857
68.6829
68.6786
68.6719
68.6655
68.6649
68.6653
68.6658
68.6684
68.6748
68.6772
68.6761
68.6764
68.6793
68.6847
68.6917
68.6997
68.7087
68.7187
68.7306
68.745
68.7614
68.7811
68.8058
68.836
68.8688
68
68
68.0002
68.0007
68.0024
68.0071
68.0191
68.0469
68.1084
68.2274
68.4771
68.8714
69.3171
69.5771
69.7795
69.8702
69.8618
69.8393
69.7966
69.7107
69.5907
69.4679
69.3868
69.3303
69.3173
69.3114
69.2976
69.2815
69.2759
69.2765
69.2814
69.2869
69.2864
69.2833
69.2783
69.2741
69.2709
69.2677
69.2637
69.2588
69.2528
69.2467
69.2411
69.2356
69.2304
69.2266
69.2237
69.2208
69.2174
69.2132
69.2077
69.2013
69.1949
69.1889
69.1829
69.1767
69.17
69.1627
69.1547
69.1467
69.14
69.1338
69.1265
69.117
69.1045
69.0889
69.0698
69.0442
69.0095
68.9645
68.9104
68.8594
68.8126
68.776
68.7487
68.7272
68.7109
68.6985
68.6914
68.6852
68.6766
68.6643
68.656
68.6544
68.6534
68.6512
68.6468
68.6391
68.6291
68.6247
68.6239
68.6239
68.6241
68.6253
68.628
68.6287
68.6288
68.6306
68.6348
68.6406
68.6486
68.6596
68.6743
68.6932
68.7161
68.7447
68.781
68.8323
68.909
69.0075
68
68
68
68.0002
68.0006
68.0018
68.005
68.0129
68.0308
68.0691
68.1441
68.3012
68.552
68.9496
69.3358
69.6011
69.7083
69.765
69.7792
69.7735
69.7482
69.6822
69.5823
69.4865
69.4107
69.3597
69.3179
69.2967
69.2899
69.2872
69.2875
69.2868
69.2843
69.2785
69.2754
69.2739
69.2729
69.2715
69.2691
69.266
69.2621
69.257
69.2511
69.245
69.2392
69.2347
69.2316
69.2287
69.2254
69.2212
69.2159
69.2098
69.2036
69.1981
69.1926
69.1867
69.18
69.1726
69.1643
69.1558
69.1477
69.1402
69.1324
69.1235
69.1129
69.1005
69.0876
69.0732
69.055
69.0309
68.9969
68.9536
68.9036
68.8497
68.8006
68.7614
68.731
68.7045
68.6898
68.6809
68.67
68.6552
68.6421
68.6381
68.6374
68.6357
68.6319
68.6251
68.6146
68.6057
68.6042
68.604
68.6035
68.6034
68.6052
68.6091
68.6137
68.619
68.6249
68.6337
68.6482
68.6703
68.7024
68.7474
68.8132
68.9094
69.0582
69.3003
69.7172
70.2434
68
68
68
68
68.0001
68.0004
68.0012
68.0032
68.0079
68.0188
68.041
68.087
68.1716
68.3296
68.5973
68.9406
69.2844
69.5544
69.6616
69.7341
69.7399
69.7291
69.7064
69.6688
69.6034
69.5121
69.4296
69.3743
69.3401
69.3104
69.2874
69.2848
69.2813
69.2768
69.2761
69.277
69.2792
69.2784
69.2757
69.2721
69.2693
69.2662
69.2619
69.2562
69.2499
69.2449
69.241
69.2372
69.2329
69.2282
69.2233
69.2184
69.2132
69.2082
69.2031
69.1975
69.1915
69.1852
69.1783
69.1708
69.1625
69.1538
69.1445
69.1346
69.1238
69.1118
69.0999
69.0887
69.0768
69.0626
69.0436
69.0189
68.9874
68.9462
68.8986
68.848
68.8006
68.7574
68.7242
68.7021
68.6837
68.6661
68.6474
68.6356
68.6337
68.6323
68.6284
68.6211
68.6101
68.6001
68.5992
68.6002
68.6005
68.6018
68.606
68.6153
68.6302
68.6477
68.6691
68.703
68.76
68.8516
68.9962
69.2315
69.5763
70.1956
71.1113
72.7479
75.1348
77.3546
68
68
68
68
68
68.0001
68.0002
68.0007
68.0018
68.0045
68.0106
68.023
68.0479
68.0939
68.1788
68.3299
68.5606
68.8827
69.1887
69.4397
69.6204
69.6672
69.6821
69.678
69.6686
69.6473
69.6076
69.5457
69.4765
69.4152
69.3585
69.3281
69.3116
69.2986
69.2939
69.2904
69.2868
69.2821
69.2783
69.2776
69.2778
69.2776
69.2762
69.2718
69.2644
69.2577
69.253
69.2486
69.2435
69.2379
69.2333
69.2294
69.2252
69.22
69.214
69.2076
69.2015
69.1962
69.1913
69.1858
69.1789
69.1705
69.1608
69.1502
69.139
69.1266
69.1138
69.1024
69.0916
69.0801
69.0665
69.0499
69.0299
69.005
68.9756
68.9399
68.8981
68.8552
68.8112
68.7714
68.7364
68.7086
68.6844
68.6589
68.646
68.6426
68.6389
68.6312
68.6176
68.6116
68.6128
68.6165
68.6232
68.6359
68.6588
68.6978
68.758
68.8494
68.99
69.2135
69.5752
70.1594
71.165
72.6824
74.9212
77.5622
80.2654
83.413
85.7373
87.8431
68
68
68
68
68
68
68
68.0001
68.0004
68.001
68.0024
68.0055
68.0119
68.0247
68.0481
68.0921
68.1658
68.2895
68.5055
68.7688
69.0556
69.3163
69.4637
69.5752
69.6453
69.6507
69.6452
69.6342
69.6111
69.5739
69.5231
69.4612
69.4053
69.3627
69.333
69.3088
69.288
69.2834
69.2811
69.28
69.281
69.2806
69.2803
69.2783
69.2752
69.2719
69.2687
69.2652
69.261
69.2561
69.2511
69.2461
69.2409
69.2345
69.227
69.2194
69.2124
69.2067
69.2021
69.1977
69.192
69.1845
69.1757
69.1661
69.1559
69.144
69.1311
69.1188
69.1071
69.0951
69.0825
69.0689
69.0538
69.0357
69.0149
68.9927
68.9678
68.9395
68.9064
68.8715
68.8345
68.791
68.7575
68.7291
68.6979
68.6852
68.6822
68.6774
68.6723
68.6762
68.6902
68.7193
68.7732
68.8648
69.0222
69.264
69.6656
70.3135
71.3592
73.0157
75.3566
77.898
80.9385
83.8329
86.0672
88.0375
90.2502
91.3235
92.2567
93.4503
68
68
68
68
68
68
68
68
68.0001
68.0002
68.0005
68.0012
68.0026
68.0057
68.0118
68.0232
68.044
68.0799
68.1396
68.2438
68.393
68.6209
68.8896
69.1269
69.3446
69.453
69.5295
69.5898
69.5918
69.5878
69.5833
69.5711
69.5464
69.5053
69.4556
69.41
69.3737
69.3489
69.3266
69.3019
69.2838
69.2807
69.2805
69.2812
69.28
69.2774
69.275
69.2721
69.2687
69.2652
69.2624
69.2596
69.2552
69.2489
69.2416
69.2344
69.2274
69.2202
69.2137
69.2086
69.2033
69.1968
69.1891
69.1809
69.1723
69.1621
69.15
69.138
69.1262
69.1133
69.0998
69.0865
69.0734
69.0583
69.0394
69.0203
69.0025
68.9843
68.9638
68.9411
68.9189
68.8915
68.8596
68.8362
68.8111
68.8048
68.8123
68.8386
68.8924
68.9865
69.1505
69.4108
69.8857
70.5942
71.9337
73.7583
76.1531
79.1748
81.9196
84.6452
87.0761
89.0602
90.7108
91.9661
92.9007
93.7346
94.3172
94.6427
95.113
95.3676
68
68
68
68
68
68
68
68
68
68
68.0001
68.0002
68.0005
68.0012
68.0026
68.0053
68.0104
68.02
68.0363
68.0641
68.1107
68.1794
68.3012
68.4672
68.6752
68.92
69.1277
69.3161
69.4242
69.4746
69.5311
69.5564
69.5508
69.54
69.5296
69.5185
69.5
69.4661
69.4252
69.3884
69.3561
69.3335
69.3166
69.3047
69.295
69.2852
69.2775
69.275
69.2731
69.2699
69.2658
69.2625
69.2594
69.2567
69.2545
69.252
69.2479
69.2415
69.2331
69.2253
69.2189
69.2127
69.2055
69.1978
69.1902
69.1815
69.1702
69.1586
69.148
69.1364
69.1216
69.1055
69.093
69.0796
69.0623
69.0419
69.0257
69.0134
69.0021
68.9927
68.9851
68.988
68.9963
69.0198
69.073
69.1815
69.3665
69.7139
70.293
71.2131
72.8881
74.9499
77.8397
80.7314
83.733
86.2679
88.5015
90.3342
91.7861
92.907
93.6716
94.4721
94.8743
95.1349
95.4892
95.6928
95.7969
95.9548
96.1242
96.1218
68
68
68
68
68
68
68
68
68
68
68
68
68.0001
68.0002
68.0005
68.0011
68.0023
68.0045
68.0087
68.0159
68.0285
68.0488
68.0817
68.1348
68.21
68.3343
68.5078
68.7023
68.9289
69.1208
69.2579
69.3844
69.4442
69.4825
69.5148
69.5162
69.5121
69.5043
69.4941
69.4837
69.4655
69.4355
69.4005
69.3707
69.3478
69.3271
69.3099
69.3037
69.298
69.2895
69.2786
69.2706
69.2683
69.2674
69.2657
69.2627
69.2588
69.2538
69.248
69.2432
69.2394
69.2351
69.2289
69.221
69.2117
69.2025
69.1908
69.1779
69.1671
69.1573
69.1439
69.1267
69.1131
69.102
69.0905
69.0747
69.0648
69.0684
69.0835
69.117
69.1857
69.3115
69.5449
69.9492
70.6128
71.9305
73.6869
76.5055
79.6449
82.59
85.6063
88.1186
90.0869
91.8588
92.9784
93.903
94.7983
95.1327
95.4794
95.7606
95.88
96.0638
96.1748
96.2571
96.336
96.3261
96.2973
96.3171
96.3511
96.3464
68
68
68
68
68
68
68
68
68
68
68
68
68
68
68.0001
68.0002
68.0005
68.001
68.002
68.0038
68.007
68.0127
68.022
68.0374
68.0613
68.0978
68.1569
68.2404
68.3623
68.5428
68.7367
68.9157
69.0981
69.2486
69.3591
69.4015
69.4328
69.474
69.496
69.4938
69.4876
69.4773
69.4674
69.4568
69.4409
69.4182
69.3875
69.3561
69.3352
69.3211
69.3075
69.2978
69.2917
69.2862
69.281
69.2747
69.2662
69.2589
69.2564
69.2551
69.2527
69.2478
69.2416
69.2358
69.2296
69.2232
69.2146
69.2022
69.1909
69.1824
69.1737
69.1627
69.1513
69.1539
69.167
69.1988
69.265
69.3889
69.647
70.0644
70.9222
72.2431
74.5564
77.4006
80.698
84.094
86.9503
89.5341
91.4077
93.0986
93.9522
94.8248
95.3669
95.8748
96.0875
96.2678
96.3941
96.4413
96.5267
96.6379
96.6812
96.682
96.6405
96.6118
96.6146
96.6232
96.6177
96.6054
96.5984
96.5837
68
68
68
68
68
68
68
68
68
68
68
68
68
68
68
68
68.0001
68.0002
68.0004
68.0009
68.0017
68.0032
68.0057
68.01
68.0171
68.0285
68.0462
68.0738
68.1153
68.176
68.2696
68.3952
68.558
68.7491
68.9364
69.0958
69.2127
69.3115
69.3919
69.4256
69.4409
69.4535
69.4654
69.4679
69.4667
69.462
69.4531
69.4379
69.4169
69.3954
69.372
69.3451
69.3245
69.3133
69.3071
69.3004
69.2908
69.2798
69.2728
69.2695
69.266
69.2604
69.2531
69.2484
69.246
69.2431
69.2394
69.2321
69.2292
69.2327
69.247
69.2778
69.3393
69.4542
69.7073
70.1279
71.0059
72.3958
74.961
77.9748
81.5891
84.9559
88.0175
90.3633
92.3523
93.5219
94.8557
95.493
95.9662
96.4977
96.5322
96.5939
96.6786
96.7609
96.8279
96.88
96.8805
96.8674
96.8418
96.8041
96.7704
96.7475
96.7314
96.7248
96.7283
96.7284
96.7136
96.6927
96.6779
96.664
68
68
68
68
68
68
68
68
68
68
68
68
68
68
68
68
68
68
68.0001
68.0002
68.0004
68.0008
68.0014
68.0026
68.0046
68.0079
68.0134
68.0219
68.0353
68.056
68.0857
68.1314
68.1973
68.2927
68.423
68.5907
68.7725
68.9305
69.0678
69.2099
69.3237
69.3573
69.3803
69.4124
69.4347
69.4447
69.4504
69.4505
69.4485
69.4429
69.4335
69.418
69.3972
69.3773
69.3592
69.3407
69.3231
69.3099
69.2955
69.2898
69.2867
69.2842
69.2802
69.2754
69.2753
69.2783
69.2892
69.3137
69.3665
69.4678
69.6962
70.0912
70.9198
72.2671
74.9242
78.2019
81.865
85.4068
88.5646
91.2661
92.802
94.2564
95.141
95.9056
96.5944
97.0381
97.1878
97.1056
97.036
97.0911
97.186
97.2314
97.2314
97.2183
97.193
97.1655
97.1334
97.0926
97.0574
97.0332
97.0121
96.9814
96.9591
96.9452
96.9318
96.9137
96.8873
96.8559
96.8311
96.8055
68
68
68
68
68
68
68
68
68
68
68
68
68
68
68
68
68
68
68
68
68.0001
68.0002
68.0004
68.0007
68.0012
68.0021
68.0037
68.0063
68.0105
68.017
68.0271
68.0425
68.065
68.0987
68.1489
68.2193
68.3162
68.453
68.6151
68.7672
68.939
69.0962
69.182
69.2645
69.3546
69.3819
69.3928
69.4126
69.4303
69.4308
69.4303
69.4306
69.4291
69.4248
69.4163
69.4034
69.3859
69.3685
69.3497
69.3362
69.3254
69.3263
69.3324
69.3485
69.3885
69.4718
69.6537
69.9762
70.6729
71.872
74.3038
77.7625
81.5374
85.2233
88.727
91.7918
93.5751
94.9793
95.6071
96.234
96.8326
97.4862
97.6969
97.6996
97.5654
97.4006
97.3786
97.3861
97.3884
97.4198
97.4561
97.445
97.4081
97.3451
97.2741
97.226
97.203
97.1881
97.1741
97.162
97.1543
97.1353
97.108
97.0877
97.0709
97.0512
97.0297
97.0146
97.0039
96.9905
68
68
68
68
68
68
68
68
68
68
68
68
68
68
68
68
68
68
68
68
68
68
68.0001
68.0002
68.0003
68.0006
68.001
68.0017
68.003
68.005
68.0082
68.0132
68.0209
68.0327
68.0499
68.0753
68.1131
68.1631
68.239
68.3456
68.4698
68.6328
68.8088
68.9384
69.0691
69.1877
69.2535
69.3116
69.3689
69.3903
69.4027
69.4136
69.4204
69.4205
69.4211
69.4242
69.4273
69.4264
69.429
69.4356
69.4577
69.5128
69.6403
69.8779
70.4181
71.4355
73.4831
76.6348
80.5616
84.5147
88.3296
91.6191
93.6419
95.3812
96.0534
96.6308
97.2355
97.8787
98.1526
98.1943
98.1645
98.0406
97.9687
97.9382
97.8954
97.857
97.8564
97.855
97.8151
97.7548
97.6923
97.6288
97.5683
97.5045
97.4345
97.3824
97.3508
97.3286
97.3114
97.2995
97.286
97.2625
97.2348
97.2068
97.1882
97.1765
97.1678
97.158
97.148
97.1342
68
68
68
68
68
68
68
68
68
68
68
68
68
68
68
68
68
68
68
68
68
68
68
68
68.0001
68.0001
68.0003
68.0005
68.0008
68.0014
68.0024
68.004
68.0065
68.0104
68.0164
68.0252
68.0386
68.058
68.0851
68.1256
68.1825
68.2586
68.3727
68.5088
68.6427
68.8009
68.9584
69.0691
69.1665
69.2457
69.3067
69.3493
69.3829
69.4108
69.4293
69.4466
69.4734
69.5247
69.6319
69.832
70.2551
71.0943
72.7958
75.3411
79.3878
83.7125
87.4596
90.8122
93.2984
95.6778
96.5201
96.9379
97.487
98.1575
98.5636
98.713
98.7839
98.7887
98.7265
98.6048
98.4542
98.3124
98.2609
98.2415
98.2263
98.1894
98.1307
98.0645
97.9978
97.9198
97.8357
97.772
97.7235
97.678
97.6317
97.5908
97.5522
97.5148
97.48
97.4488
97.4252
97.4052
97.3844
97.361
97.3391
97.3215
97.3079
97.296
97.2856
97.2722
68
68
68
68
68
68
68
68
68
68
68
68
68
68
68
68
68
68
68
68
68
68
68
68
68
68
68.0001
68.0001
68.0002
68.0004
68.0007
68.0012
68.002
68.0032
68.0052
68.0082
68.0128
68.0197
68.0299
68.0448
68.0661
68.0972
68.1396
68.2004
68.2805
68.3859
68.5259
68.6745
68.8181
68.959
69.0947
69.2118
69.3259
69.4013
69.5135
69.6947
70.013
70.6842
72.1176
74.4135
78.2661
82.9028
86.4952
89.8475
92.6784
95.0255
96.7958
97.5965
98.1266
98.8473
99.1534
99.1517
99.1552
99.123
99.0098
98.9856
98.9453
98.8688
98.7809
98.7301
98.6964
98.6708
98.6313
98.5704
98.4918
98.3965
98.2919
98.1736
98.0446
97.9444
97.8952
97.8667
97.8399
97.8093
97.7812
97.7524
97.7167
97.6775
97.6365
97.599
97.5735
97.5511
97.5298
97.5101
97.4875
97.4656
97.4469
97.4309
97.4176
97.4002
68
68
68
68
68
68
68
68
68
68
68
68
68
68
68
68
68
68
68
68
68
68
68
68
68
68
68
68
68.0001
68.0001
68.0002
68.0003
68.0006
68.001
68.0016
68.0026
68.0041
68.0065
68.0101
68.0154
68.0234
68.0355
68.0529
68.0782
68.1138
68.1643
68.2382
68.3392
68.4905
68.6059
68.7542
68.9738
69.2871
69.8072
70.962
72.9163
76.076
80.87
85.359
89.4063
92.4654
94.2802
95.9619
98.095
98.8866
99.0137
99.1422
99.1584
99.0839
99.1034
99.2872
99.4415
99.476
99.4586
99.4178
99.3443
99.25
99.1531
99.0705
99.0126
98.9642
98.904
98.8208
98.7192
98.6131
98.5074
98.3927
98.2737
98.1709
98.1022
98.0595
98.0276
97.9974
97.9626
97.9216
97.8818
97.8442
97.8054
97.763
97.7301
97.7048
97.6823
97.6618
97.6482
97.6298
97.6038
97.5809
97.5608
97.5436
97.5223
68
68
68
68
68
68
68
68
68
68
68
68
68
68
68
68
68
68
68
68
68
68
68
68
68
68
68
68
68
68
68.0001
68.0001
68.0002
68.0003
68.0005
68.0009
68.0014
68.0024
68.0039
68.0065
68.0092
68.0134
68.0202
68.0314
68.0505
68.0832
68.1401
68.2482
68.4595
68.8766
69.7139
71.5786
74.1814
77.8499
82.8213
87.1436
90.9605
93.3569
95.1623
97.4696
98.7557
98.9633
98.9545
98.929
99.0583
99.2392
99.5181
99.7263
99.759
99.7193
99.721
99.7318
99.6989
99.6626
99.6256
99.5693
99.4928
99.4127
99.3353
99.2516
99.1494
99.0208
98.8854
98.7719
98.674
98.5801
98.4862
98.4
98.338
98.2934
98.2548
98.2163
98.175
98.1291
98.0789
98.0324
97.9954
97.9609
97.9215
97.8823
97.8496
97.8219
97.7976
97.7767
97.7537
97.7281
97.7039
97.6806
97.6602
97.6368
68
68
68
68
68
68
68
68
68
68
68
68
68
68
68
68
68
68
68
68
68
68
68
68
68
68
68
68
68
68
68
68
68.0001
68.0001
68.0002
68.0004
68.0009
68.0017
68.0035
68.0067
68.0142
68.0295
68.0586
68.1159
68.2421
68.5121
69.0143
70.2671
72.6947
75.9173
80.5498
85.4842
89.095
92.0225
93.717
95.3811
97.3477
98.1459
98.2602
98.4593
98.8477
99.1301
99.201
99.2326
99.3024
99.4282
99.6228
99.8268
99.8871
99.8843
99.8615
99.8176
99.7764
99.7335
99.6718
99.5803
99.4855
99.4135
99.3441
99.2646
99.1707
99.0711
98.9748
98.8828
98.7974
98.7167
98.6433
98.5836
98.5334
98.4881
98.4428
98.3936
98.3445
98.2953
98.2389
98.1852
98.1482
98.1147
98.0772
98.0322
97.9878
97.9507
97.9185
97.8886
97.8591
97.8311
97.8051
97.7806
97.7595
97.7361
68
68
68
68
68
68
68
68
68
68
68
68
68
68
68
68
68
68
68
68
68
68
68
68
68
68
68
68
68
68
68
68.0001
68.0003
68.0006
68.0014
68.0032
68.0068
68.0149
68.0321
68.067
68.1444
68.3247
68.6836
69.3932
71.2948
74.3504
78.357
83.5003
87.5013
90.9742
93.4768
94.539
95.9408
97.543
97.9748
98.2272
98.6392
98.8695
98.8639
98.8244
98.8792
99.011
99.2018
99.3267
99.3974
99.4936
99.6136
99.745
99.823
99.8289
99.8048
99.7297
99.6138
99.5284
99.4565
99.3866
99.3441
99.3198
99.3115
99.3053
99.2767
99.2222
99.1488
99.0665
98.9858
98.9127
98.8477
98.7871
98.7265
98.6646
98.6047
98.5478
98.4907
98.4342
98.3731
98.3136
98.2725
98.2375
98.2015
98.1614
98.1162
98.0692
98.0302
97.9964
97.9642
97.9337
97.906
97.8809
97.8593
97.8352
68
68
68
68
68
68
68
68
68
68
68
68
68
68
68
68
68
68
68
68
68
68
68
68
68
68
68
68
68.0001
68.0002
68.0005
68.0013
68.0031
68.0073
68.0173
68.0386
68.0849
68.1945
68.4451
68.9402
70.134
72.932
76.4152
80.7587
85.7603
89.5594
93.1491
94.7411
95.6874
97.0716
98.0585
98.226
98.4797
98.6425
98.6085
98.5171
98.5385
98.6058
98.7318
98.8418
98.8843
98.9271
99.0176
99.1532
99.242
99.3065
99.3529
99.391
99.4372
99.4577
99.4501
99.4184
99.3763
99.3567
99.3458
99.3386
99.3384
99.3403
99.3471
99.3644
99.3554
99.3184
99.2566
99.1818
99.1007
99.0223
98.9543
98.8951
98.8366
98.7739
98.7083
98.6439
98.5837
98.5295
98.4795
98.428
98.3802
98.3419
98.3074
98.2712
98.2301
98.1837
98.1435
98.1083
98.0752
98.0428
98.0122
97.9839
97.9587
97.9307
68
68
68
68
68
68
68
68
68
68
68
68
68
68
68
68
68
68
68
68
68
68
68
68
68
68
68.0001
68.0004
68.0011
68.0027
68.0069
68.0174
68.0422
68.1043
68.2635
68.605
69.3264
71.3075
74.6385
78.7541
84.003
88.5077
91.5994
94.2996
95.3199
96.3206
97.5168
97.8865
97.9319
98.0393
98.226
98.4451
98.6012
98.6824
98.6705
98.6133
98.5535
98.5569
98.6023
98.6914
98.7617
98.8089
98.8542
98.9113
98.9819
99.0314
99.0423
99.0414
99.0524
99.066
99.0552
99.0514
99.0633
99.0947
99.1465
99.2056
99.2133
99.209
99.2186
99.2261
99.1932
99.1397
99.1099
99.0816
99.0319
98.9872
98.9587
98.9236
98.8769
98.8208
98.7628
98.7103
98.6663
98.6258
98.5839
98.5379
98.4862
98.4424
98.4052
98.3683
98.3276
98.2811
98.2397
98.2038
98.1697
98.1366
98.1047
98.0741
98.0462
98.016
68
68
68
68
68
68
68
68
68
68
68
68
68
68
68
68
68
68
68
68
68
68
68
68.0001
68.0003
68.0007
68.0021
68.0056
68.0155
68.0406
68.1094
68.2932
68.7203
69.8807
72.8321
76.6782
81.514
86.8461
90.5657
94.012
95.5997
96.2678
97.3426
98.5723
98.6759
98.6971
98.8077
98.909
98.9107
98.8569
98.6728
98.6151
98.6376
98.7068
98.8043
98.818
98.806
98.7774
98.7679
98.7748
98.7845
98.7944
98.7978
98.7902
98.7798
98.7789
98.779
98.7868
98.8055
98.7997
98.7824
98.777
98.786
98.8153
98.8381
98.8511
98.8518
98.8539
98.878
98.9121
98.9062
98.8915
98.8934
98.9227
98.9326
98.9247
98.9088
98.8984
98.883
98.8499
98.8063
98.7694
98.7375
98.7071
98.6722
98.6262
98.5721
98.5275
98.4884
98.4497
98.4078
98.3581
98.3107
98.2717
98.236
98.2015
98.169
98.1384
98.1101
98.0807
68
68
68
68
68
68
68
68
68
68
68
68
68
68
68
68
68
68
68
68
68
68.0001
68.0004
68.0013
68.0038
68.0114
68.0323
68.0942
68.2777
68.7362
70.1677
73.217
77.7628
83.8121
89.0274
92.6876
95.4291
96.1927
96.9949
98.0602
98.309
98.275
98.3799
98.5871
98.6968
98.764
98.8762
99.0033
99.0187
98.9899
98.9097
98.8168
98.7905
98.8007
98.8398
98.87
98.8727
98.8652
98.8388
98.7955
98.7752
98.7591
98.7352
98.7056
98.6857
98.6757
98.6733
98.6685
98.6519
98.6182
98.5964
98.5964
98.6011
98.5915
98.5613
98.551
98.5497
98.5437
98.5431
98.5602
98.5931
98.6096
98.6227
98.6548
98.708
98.7391
98.7523
98.7676
98.7742
98.7702
98.76
98.74
98.716
98.6956
98.6721
98.6299
98.5812
98.5404
98.5044
98.4696
98.4305
98.3808
98.3363
98.3005
98.2699
98.2419
98.2162
98.1861
98.1592
98.13
68
68
68
68
68
68
68
68
68
68
68
68
68
68
68
68
68
68
68
68.0002
68.0006
68.0018
68.0059
68.0193
68.0617
68.2007
68.5947
69.9086
72.9742
78.253
84.6563
89.3683
93.8399
95.5701
96.1139
97.2012
98.1849
98.2561
98.4077
98.7129
98.8617
98.86
98.8236
98.7426
98.6606
98.5914
98.5838
98.6275
98.7096
98.8151
98.8319
98.8178
98.805
98.7967
98.8049
98.8215
98.8264
98.8226
98.8062
98.7685
98.7168
98.6711
98.64
98.6265
98.6226
98.625
98.63
98.6182
98.5873
98.551
98.5253
98.5024
98.4755
98.4346
98.3798
98.357
98.3488
98.3503
98.3558
98.3645
98.3828
98.3974
98.4051
98.4189
98.4502
98.4899
98.51
98.5251
98.532
98.5429
98.5574
98.5568
98.5471
98.5384
98.5309
98.5173
98.499
98.477
98.4598
98.4408
98.421
98.3958
98.3706
98.3447
98.3265
98.3077
98.2863
98.2613
98.2344
98.2042
68
68
68
68
68
68
68
68
68
68
68
68
68
68
68
68
68
68.0002
68.0006
68.0022
68.0078
68.027
68.097
68.3334
69.2108
71.8688
76.8742
83.7721
89.4011
93.8962
95.7358
97.5046
98.8547
98.9213
98.8478
98.9034
98.9363
98.8991
98.8124
98.8191
98.8608
98.8704
98.8629
98.8375
98.7761
98.6871
98.6187
98.6096
98.6228
98.6626
98.7227
98.7757
98.7881
98.7858
98.7766
98.7626
98.7488
98.732
98.7081
98.6733
98.6361
98.6098
98.5975
98.5947
98.5991
98.6181
98.6258
98.6116
98.5796
98.5437
98.5114
98.4771
98.4371
98.3917
98.3401
98.3148
98.3028
98.2935
98.2882
98.281
98.2682
98.2566
98.251
98.2533
98.2665
98.2769
98.281
98.2815
98.2823
98.2892
98.3063
98.3334
98.3555
98.3707
98.3859
98.4085
98.4222
98.4276
98.43
98.4339
98.4328
98.4255
98.4112
98.3908
98.3684
98.3436
98.316
98.2875
98.2602
98.2325
68
68
68
68
68
68
68
68
68
68
68
68
68
68
68
68.0001
68.0006
68.0022
68.0085
68.0318
68.1282
68.4882
69.9424
73.7721
80.8373
87.6952
93.4832
95.494
96.9661
97.8982
97.8565
97.9506
98.469
98.973
98.9602
98.9742
98.9749
98.9363
98.8299
98.7626
98.7676
98.7868
98.8104
98.8309
98.8647
98.8461
98.7862
98.7079
98.6595
98.6694
98.7111
98.7691
98.7949
98.797
98.7924
98.7773
98.7497
98.7171
98.689
98.6636
98.6393
98.619
98.6075
98.601
98.6023
98.6208
98.624
98.6096
98.5776
98.5343
98.4882
98.4424
98.3938
98.3423
98.2943
98.2679
98.2542
98.2395
98.2163
98.1881
98.1528
98.1165
98.092
98.0806
98.077
98.0642
98.0513
98.0366
98.0308
98.0354
98.054
98.0886
98.1317
98.1716
98.2072
98.2444
98.2774
98.3071
98.3273
98.3444
98.3597
98.3656
98.3621
98.3538
98.3398
98.3198
98.2969
98.2757
98.2533
98.2294
68
68
68
68
68
68
68
68
68
68
68
68
68
68.0001
68.0004
68.0017
68.007
68.0305
68.1371
68.5741
70.5144
75.9863
83.407
90.4455
94.2054
96.2629
97.8858
98.2062
98.6134
98.8328
98.7686
98.4395
98.4511
98.5927
98.7151
98.7878
98.7941
98.7701
98.7071
98.6733
98.6772
98.6983
98.7372
98.7934
98.8603
98.9104
98.909
98.8825
98.8289
98.7789
98.7809
98.8005
98.8268
98.8336
98.8324
98.8193
98.7866
98.747
98.7153
98.6915
98.6727
98.656
98.6435
98.6314
98.6244
98.6223
98.6124
98.5864
98.5424
98.4834
98.4249
98.3738
98.3232
98.2722
98.2306
98.2052
98.1869
98.1634
98.1316
98.0906
98.0424
97.9959
97.9534
97.9383
97.9227
97.9019
97.8837
97.8697
97.872
97.8805
97.8993
97.9323
97.9782
98.0282
98.0774
98.1232
98.1656
98.2021
98.2334
98.2593
98.281
98.301
98.3042
98.3011
98.2944
98.2814
98.2642
98.2464
98.2271
98.2104
68
68
68
68
68
68
68
68
68
68
68
68
68.0002
68.0011
68.0047
68.0221
68.1022
68.5573
70.6168
76.6103
84.9255
91.7539
96.0773
98.6933
98.9579
98.8916
98.8244
98.687
98.7412
98.8845
98.9993
98.9507
98.7994
98.7052
98.6518
98.6512
98.6631
98.6879
98.7156
98.7273
98.73
98.7362
98.7522
98.7822
98.8245
98.8901
98.9165
98.9166
98.9155
98.903
98.883
98.8741
98.8754
98.8739
98.8653
98.8494
98.8241
98.7973
98.7767
98.7616
98.7468
98.7301
98.7118
98.6908
98.6656
98.6412
98.6133
98.572
98.5143
98.4481
98.3919
98.3456
98.2993
98.2536
98.2139
98.1829
98.1563
98.1254
98.0869
98.0395
97.991
97.9352
97.8987
97.8761
97.8482
97.8274
97.8103
97.8044
97.8057
97.8136
97.8292
97.8522
97.8826
97.9197
97.959
97.9978
98.0325
98.0634
98.0913
98.1171
98.1405
98.1623
98.1724
98.1744
98.1743
98.1705
98.1665
98.1572
98.1507
98.1456
68
68
68
68
68
68
68
68
68
68
68.0001
68.0004
68.0022
68.0125
68.0624
68.3706
69.878
76.2002
85.5224
92.2851
95.6371
96.7818
97.4049
98.5458
99.046
99.0071
98.9225
98.7436
98.7228
98.7941
98.9421
99.0303
99.0165
98.9181
98.7674
98.7031
98.707
98.7353
98.785
98.8217
98.8236
98.8154
98.8026
98.8033
98.8121
98.8406
98.8936
98.9427
98.9493
98.9412
98.9235
98.9031
98.8901
98.8795
98.8646
98.8464
98.8248
98.8166
98.8224
98.8272
98.8263
98.8193
98.8025
98.773
98.7294
98.6797
98.6272
98.5689
98.5037
98.4393
98.3921
98.3454
98.3013
98.2567
98.2138
98.1761
98.145
98.1141
98.0764
98.031
97.9823
97.9335
97.903
97.8754
97.8462
97.821
97.8019
97.8011
97.8116
97.8174
97.8228
97.8344
97.8541
97.8734
97.8917
97.9122
97.9329
97.9541
97.9761
98.0003
98.0259
98.0549
98.0731
98.0896
98.097
98.1061
98.107
98.1061
98.1025
98.1013
68
68
68
68
68
68
68
68
68
68.0001
68.0009
68.0047
68.0268
68.1785
69.0591
74.2661
83.2397
91.2553
97.3051
98.6113
99.0256
98.9253
98.4987
98.4542
98.5688
98.7223
98.7153
98.6383
98.6164
98.6509
98.8031
99.0144
99.0584
99.0379
98.9625
98.8823
98.8642
98.8748
98.9083
98.917
98.9124
98.8971
98.846
98.8112
98.816
98.8272
98.8514
98.8976
98.9171
98.9121
98.897
98.8706
98.8501
98.835
98.8271
98.8247
98.8238
98.8321
98.8538
98.8706
98.8697
98.8648
98.8513
98.8216
98.775
98.7125
98.6424
98.5733
98.5055
98.4483
98.4059
98.3821
98.3528
98.3154
98.2751
98.2369
98.204
98.171
98.1304
98.0819
98.0279
97.9857
97.963
97.9396
97.9162
97.8992
97.8796
97.8526
97.8441
97.8463
97.8447
97.8444
97.848
97.8522
97.8556
97.8655
97.8824
97.9007
97.9203
97.943
97.9683
97.9966
98.0204
98.0398
98.0481
98.0614
98.0626
98.0611
98.058
98.0513
68
68
68
68
68
68
68
68
68.0002
68.0015
68.0088
68.0556
68.4406
71.2412
80.0976
89.2988
96.1026
96.6933
97.4702
98.6893
99.207
99.2124
99.1272
98.8436
98.6472
98.6497
98.667
98.6697
98.671
98.6935
98.7594
98.8948
99.016
99.0308
99.0166
98.9963
98.9786
98.9524
98.9173
98.9047
98.8985
98.8877
98.8649
98.8403
98.8358
98.8377
98.8465
98.8601
98.8794
98.8804
98.8682
98.8452
98.8226
98.8128
98.8139
98.8205
98.8341
98.8554
98.8807
98.8879
98.8867
98.8831
98.8694
98.835
98.782
98.7228
98.6606
98.5972
98.5382
98.4948
98.4673
98.4439
98.4159
98.3819
98.3438
98.3052
98.2691
98.2347
98.1965
98.1527
98.1038
98.0708
98.0511
98.0332
98.0188
98.0049
97.9866
97.9646
97.9429
97.9268
97.9096
97.8888
97.8828
97.8796
97.8803
97.8853
97.8987
97.9184
97.9395
97.9619
97.9856
98.0097
98.0299
98.0487
98.0546
98.0658
98.0693
98.069
98.0666
98.063
68
68
68
68
68
68
68
68.0003
68.0019
68.0149
68.1036
68.9533
74.6696
85.2347
94.502
97.4827
99.3915
99.2267
98.4428
98.5586
98.8153
99.1084
99.1264
99.0639
98.8684
98.7462
98.7512
98.7735
98.7825
98.7895
98.8205
98.8624
98.9227
98.997
99.0084
98.9989
98.9841
98.962
98.9426
98.9426
98.9411
98.9351
98.9235
98.9015
98.8768
98.8584
98.8509
98.8469
98.8504
98.8515
98.8419
98.8305
98.8275
98.8252
98.8269
98.8318
98.8427
98.869
98.8947
98.8939
98.8869
98.8756
98.8533
98.8156
98.7732
98.7315
98.689
98.6433
98.5981
98.5623
98.5392
98.5179
98.4927
98.4633
98.43
98.3944
98.3597
98.3256
98.2891
98.2486
98.2045
98.1797
98.1664
98.1558
98.1495
98.1424
98.1313
98.1157
98.0907
98.055
98.018
97.9958
97.9866
97.9811
97.9794
97.9828
97.9935
98.0112
98.0326
98.0544
98.0778
98.0995
98.1165
98.1318
98.1363
98.1426
98.1413
98.1367
98.1238
98.1081
68
68
68
68
68
68
68.0003
68.0022
68.017
68.1953
69.743
78.3561
90.7995
97.6078
98.8013
98.9438
99.4209
99.4655
99.2631
98.8509
98.8295
98.9032
99.0576
99.0561
98.999
98.9129
98.9065
98.9205
98.9448
98.9378
98.9125
98.9104
98.9001
98.9236
98.9717
99.0065
99.0122
99.0073
98.9932
98.9891
98.9819
98.9751
98.9737
98.9531
98.9208
98.8946
98.8813
98.8739
98.8743
98.8725
98.8702
98.8772
98.8928
98.9049
98.9049
98.9035
98.9012
98.9041
98.9025
98.89
98.8736
98.8569
98.8295
98.7933
98.7702
98.7515
98.7287
98.7006
98.672
98.6503
98.6334
98.6141
98.5913
98.5652
98.5351
98.5014
98.4691
98.4387
98.409
98.3803
98.3529
98.3393
98.3335
98.3307
98.3282
98.3229
98.3106
98.288
98.2568
98.2182
98.1841
98.1718
98.1626
98.1624
98.1683
98.1784
98.197
98.2208
98.2464
98.271
98.2959
98.3168
98.3337
98.3423
98.344
98.3431
98.3352
98.3206
98.2995
98.2493
68
68
68
68
68
68.0003
68.0022
68.019
68.2049
71.1838
81.8563
92.3273
95.6988
97.9476
98.9584
98.9739
99.1017
99.3085
99.2618
99.1076
98.8966
98.8879
98.925
98.9872
98.9715
98.9375
98.9466
98.9772
99.0179
99.0415
99.0202
98.9803
98.9471
98.9337
98.9437
98.9846
98.9868
98.9813
98.9656
98.9503
98.9433
98.948
98.9745
98.9787
98.9616
98.9418
98.9241
98.9195
98.9198
98.9274
98.9416
98.9605
98.9874
99.002
99.0005
98.9952
98.9882
98.9709
98.9444
98.9162
98.8997
98.8858
98.8607
98.8356
98.8301
98.8246
98.8108
98.787
98.7624
98.7448
98.7285
98.7091
98.6877
98.6656
98.6395
98.6134
98.5885
98.569
98.5513
98.5349
98.5277
98.5293
98.5346
98.5421
98.5518
98.5606
98.561
98.5556
98.5404
98.5114
98.4854
98.4846
98.4879
98.4957
98.5134
98.5372
98.5662
98.5998
98.6315
98.6586
98.6828
98.7011
98.7166
98.72
98.7212
98.7153
98.7012
98.6814
98.6589
98.5732
68
68
68
68
68.0002
68.0019
68.0155
68.2245
70.9019
84.5482
96.9411
99.0751
98.6002
98.4431
98.6602
98.7104
98.7341
98.9486
99.214
99.1915
99.0447
98.9265
98.8997
98.9185
98.9428
98.959
98.9945
99.0386
99.0761
99.117
99.1175
99.0775
99.0204
98.9868
98.9714
98.9744
98.9971
99.0107
99.0093
98.9995
98.9926
98.9908
99.0012
99.0156
99.0087
99.0038
98.9976
98.998
99.0027
99.0171
99.0415
99.0727
99.1143
99.137
99.1361
99.1272
99.1043
99.0726
99.0394
99.0133
99.0018
98.9924
98.975
98.9686
98.9781
98.9829
98.9781
98.9657
98.9514
98.9428
98.9362
98.9297
98.9238
98.9164
98.9062
98.8956
98.8869
98.8802
98.8725
98.8679
98.8718
98.887
98.9133
98.9457
98.9811
99.0169
99.0401
99.0489
99.0477
99.0392
99.0359
99.0415
99.0563
99.0767
99.1048
99.1395
99.1737
99.2141
99.2534
99.2856
99.3101
99.3289
99.3464
99.3565
99.3696
99.3701
99.3718
99.364
99.3648
99.2103
68
68
68
68.0001
68.0011
68.0115
68.1412
71.2361
84.7661
93.3858
98.4284
99.673
99.5986
99.2152
98.8963
98.7375
98.734
98.7776
98.9973
99.1325
99.1184
99.0227
98.9445
98.9224
98.8999
98.9668
98.9916
99.0328
99.0828
99.1433
99.1825
99.1562
99.1085
99.07
99.0478
99.0403
99.0457
99.0597
99.0714
99.0677
99.0612
99.0528
99.051
99.0624
99.0764
99.0834
99.0872
99.0939
99.1081
99.1366
99.1763
99.2197
99.2691
99.2917
99.2889
99.2751
99.2543
99.2357
99.2171
99.2083
99.2087
99.2089
99.2086
99.219
99.2465
99.2709
99.2855
99.2969
99.3092
99.3231
99.3361
99.3477
99.3604
99.3705
99.3797
99.3891
99.4029
99.4142
99.4287
99.4547
99.4911
99.5347
99.5853
99.6426
99.7074
99.7788
99.8409
99.8861
99.9086
99.9212
99.9375
99.9605
99.9918
100.03
100.072
100.124
100.172
100.222
100.272
100.318
100.355
100.385
100.416
100.449
100.481
100.515
100.551
100.584
100.649
100.334
68
68
68
68.0006
68.0058
68.0813
70.0742
82.9609
97.1086
97.1501
98.203
99.6204
99.6295
99.4111
99.157
98.9133
98.7935
98.8073
98.8792
99.029
99.0987
99.0884
99.043
98.9979
98.9622
98.9619
99.0136
99.0524
99.0853
99.137
99.2085
99.2066
99.1922
99.176
99.1581
99.141
99.137
99.1297
99.1267
99.1169
99.1008
99.088
99.0997
99.1473
99.1958
99.221
99.2378
99.2563
99.2814
99.3122
99.3532
99.4032
99.4633
99.5074
99.5266
99.5352
99.541
99.5458
99.551
99.5651
99.5893
99.6156
99.6438
99.6852
99.7401
99.7929
99.8376
99.8775
99.9166
99.9559
99.9932
100.029
100.066
100.104
100.143
100.186
100.232
100.284
100.349
100.427
100.515
100.613
100.72
100.838
100.966
101.097
101.213
101.305
101.368
101.418
101.466
101.517
101.572
101.631
101.694
101.76
101.827
101.896
101.966
102.036
102.103
102.171
102.243
102.324
102.414
102.507
102.606
102.708
102.892
102.312
68
68
68.0002
68.0031
68.0354
69.002
81.1158
94.996
99.9076
99.6548
98.9994
99.3092
99.4679
99.3769
99.2589
99.164
98.9991
98.8794
98.9026
98.9817
99.0952
99.1359
99.1344
99.1005
99.0503
99.0196
99.0508
99.0814
99.0992
99.1207
99.1875
99.2417
99.2674
99.2875
99.2787
99.2543
99.2395
99.2258
99.2229
99.2195
99.2112
99.2206
99.2607
99.3359
99.4203
99.4738
99.5099
99.5473
99.5928
99.6472
99.7162
99.8
99.8878
99.9643
100.019
100.058
100.092
100.126
100.167
100.224
100.293
100.367
100.443
100.531
100.627
100.721
100.811
100.898
100.985
101.073
101.163
101.254
101.348
101.441
101.537
101.632
101.729
101.836
101.958
102.098
102.258
102.439
102.641
102.859
103.088
103.315
103.521
103.694
103.827
103.931
104.018
104.098
104.178
104.261
104.351
104.445
104.544
104.651
104.765
104.887
105.017
105.158
105.312
105.483
105.672
105.877
106.097
106.31
106.675
105.697
68
68.0001
68.0012
68.0148
68.3819
76.9925
95.0196
97.9493
100.1
99.8543
99.335
99.1895
99.2548
99.2933
99.2954
99.2483
99.1862
99.0474
99.0072
99.0455
99.1228
99.1883
99.2219
99.2145
99.1849
99.1398
99.114
99.105
99.1062
99.1176
99.1781
99.2877
99.3773
99.4315
99.4422
99.4335
99.426
99.4333
99.4574
99.4839
99.508
99.5476
99.6139
99.7037
99.8125
99.9014
99.9717
100.045
100.133
100.242
100.366
100.498
100.629
100.75
100.855
100.949
101.043
101.14
101.247
101.37
101.506
101.646
101.794
101.957
102.128
102.302
102.474
102.646
102.819
102.993
103.167
103.34
103.513
103.688
103.861
104.035
104.215
104.412
104.638
104.895
105.184
105.502
105.849
106.219
106.599
106.965
107.289
107.556
107.764
107.926
108.064
108.193
108.32
108.448
108.581
108.723
108.876
109.044
109.231
109.439
109.67
109.925
110.207
110.514
110.847
111.201
111.58
111.945
112.556
111.075
68.0001
68.0004
68.0048
68.0899
72.2048
89.9876
98.6674
98.6831
99.3779
99.6551
99.3387
99.108
99.0681
99.134
99.2172
99.243
99.2302
99.1871
99.1497
99.1637
99.2137
99.2848
99.3185
99.3425
99.3268
99.2813
99.2041
99.1623
99.1667
99.2198
99.3202
99.4637
99.6002
99.6979
99.7464
99.7728
99.8026
99.8448
99.9044
99.97
100.039
100.118
100.221
100.354
100.51
100.658
100.8
100.947
101.111
101.289
101.483
101.688
101.896
102.1
102.297
102.487
102.675
102.87
103.082
103.317
103.568
103.827
104.098
104.383
104.676
104.972
105.27
105.568
105.866
106.166
106.463
106.758
107.052
107.345
107.638
107.928
108.229
108.561
108.936
109.355
109.822
110.337
110.897
111.48
112.056
112.585
113.042
113.418
113.713
113.941
114.133
114.308
114.479
114.655
114.842
115.041
115.262
115.509
115.79
116.107
116.464
116.862
117.3
117.773
118.28
118.809
119.359
119.878
120.727
118.706
68.0002
68.0015
68.0188
68.8825
84.2393
96.8456
99.845
99.3021
99.2683
99.2427
99.1382
99.0228
98.9659
98.9943
99.0639
99.1155
99.1988
99.271
99.2842
99.3098
99.3607
99.4363
99.4801
99.5107
99.5071
99.4721
99.4172
99.4044
99.4354
99.5371
99.678
99.8525
100.032
100.18
100.28
100.36
100.439
100.535
100.654
100.786
100.929
101.092
101.283
101.507
101.749
101.995
102.245
102.51
102.793
103.101
103.428
103.765
104.104
104.438
104.768
105.102
105.449
105.81
106.194
106.603
107.031
107.47
107.92
108.38
108.847
109.318
109.791
110.266
110.74
111.21
111.675
112.13
112.579
113.024
113.458
113.888
114.336
114.824
115.365
115.971
116.64
117.366
118.137
118.925
119.682
120.36
120.926
121.381
121.73
122.002
122.232
122.447
122.662
122.887
123.127
123.388
123.678
124.005
124.379
124.806
125.29
125.827
126.414
127.04
127.699
128.373
129.062
129.704
130.718
128.253
68.0005
68.0054
68.1136
74.9946
94.4751
99.062
100.394
100.061
99.3553
99.1558
99.066
99.0431
99.0248
99.0213
99.0295
99.0849
99.2009
99.3318
99.4513
99.5128
99.5547
99.6225
99.706
99.7968
99.8647
99.8902
99.8947
99.9259
100.01
100.147
100.335
100.566
100.814
101.032
101.219
101.392
101.581
101.798
102.043
102.301
102.57
102.851
103.154
103.491
103.862
104.262
104.688
105.145
105.637
106.156
106.689
107.228
107.767
108.307
108.852
109.407
109.98
110.576
111.199
111.848
112.51
113.178
113.852
114.533
115.217
115.901
116.581
117.251
117.905
118.543
119.159
119.759
120.343
120.918
121.48
122.039
122.616
123.242
123.934
124.697
125.526
126.417
127.353
128.294
129.171
129.926
130.536
131.015
131.384
131.676
131.93
132.174
132.423
132.688
132.973
133.288
133.64
134.039
134.496
135.018
135.609
136.264
136.972
137.72
138.494
139.27
140.05
140.768
141.871
139.135
68.0013
68.0163
69.0048
86.3275
97.7187
99.2812
100.43
100.335
99.7655
99.278
99.1635
99.1725
99.195
99.1928
99.1834
99.2535
99.4069
99.5972
99.747
99.8387
99.9236
100.049
100.206
100.37
100.518
100.616
100.699
100.816
100.982
101.222
101.524
101.861
102.217
102.558
102.894
103.24
103.61
104.006
104.425
104.863
105.307
105.771
106.272
106.823
107.431
108.096
108.814
109.578
110.374
111.189
112.009
112.823
113.628
114.428
115.234
116.059
116.909
117.783
118.675
119.58
120.484
121.377
122.255
123.12
123.973
124.814
125.638
126.441
127.215
127.959
128.676
129.37
130.044
130.705
131.346
131.984
132.645
133.355
134.137
134.996
135.925
136.915
137.94
138.953
139.876
140.648
141.256
141.727
142.089
142.383
142.647
142.909
143.185
143.485
143.813
144.179
144.588
145.052
145.58
146.184
146.86
147.606
148.404
149.239
150.087
150.925
151.755
152.512
153.646
150.891
68.0042
68.0709
75.0451
94.4997
99.4612
99.7157
100.372
100.374
100.083
99.616
99.5108
99.5415
99.5825
99.6017
99.5854
99.6744
99.8616
100.113
100.338
100.509
100.673
100.894
101.162
101.424
101.656
101.869
102.1
102.388
102.735
103.145
103.594
104.091
104.631
105.188
105.763
106.358
106.986
107.653
108.354
109.077
109.825
110.599
111.414
112.291
113.242
114.272
115.369
116.513
117.682
118.847
119.984
121.082
122.148
123.201
124.258
125.326
126.407
127.497
128.589
129.669
130.723
131.745
132.733
133.692
134.628
135.542
136.432
137.289
138.108
138.888
139.637
140.36
141.063
141.752
142.425
143.1
143.799
144.551
145.379
146.286
147.259
148.289
149.346
150.375
151.292
152.036
152.608
153.05
153.394
153.685
153.958
154.24
154.544
154.88
155.249
155.664
156.125
156.648
157.24
157.911
158.656
159.471
160.331
161.222
162.109
162.975
163.821
164.588
165.725
163.34
68.0093
68.5385
85.3395
98.7012
100.539
100.159
100.229
100.227
100.088
99.9084
99.982
100.096
100.213
100.245
100.261
100.383
100.64
100.992
101.346
101.655
101.971
102.348
102.779
103.236
103.696
104.148
104.624
105.154
105.744
106.374
107.078
107.862
108.712
109.615
110.576
111.595
112.662
113.754
114.857
115.968
117.075
118.2
119.369
120.611
121.945
123.364
124.845
126.348
127.83
129.257
130.607
131.883
133.106
134.301
135.492
136.689
137.892
139.092
140.274
141.425
142.531
143.586
144.592
145.558
146.494
147.406
148.29
149.137
149.944
150.711
151.449
152.164
152.861
153.548
154.224
154.911
155.627
156.399
157.251
158.182
159.178
160.222
161.279
162.287
163.16
163.85
164.376
164.783
165.11
165.398
165.68
165.98
166.311
166.681
167.091
167.551
168.062
168.64
169.29
170.023
170.826
171.695
172.598
173.518
174.42
175.289
176.131
176.892
178.006
176.519
68.0169
71.7446
93.9609
99.9042
100.633
100.282
99.8543
99.857
99.9233
100.12
100.562
100.875
101.027
101.165
101.371
101.714
102.17
102.723
103.266
103.8
104.361
104.991
105.701
106.449
107.21
107.995
108.837
109.752
110.733
111.788
112.918
114.14
115.454
116.855
118.338
119.878
121.431
122.963
124.459
125.923
127.377
128.839
130.333
131.885
133.507
135.19
136.9
138.592
140.219
141.746
143.161
144.482
145.739
146.968
148.194
149.424
150.653
151.869
153.053
154.193
155.276
156.298
157.264
158.188
159.084
159.959
160.807
161.619
162.391
163.125
163.833
164.521
165.199
165.872
166.542
167.236
167.965
168.755
169.63
170.583
171.594
172.642
173.685
174.65
175.461
176.086
176.562
176.936
177.249
177.537
177.831
178.151
178.511
178.915
179.364
179.868
180.428
181.058
181.766
182.554
183.409
184.318
185.248
186.178
187.077
187.933
188.76
189.504
190.531
190.312
68.0748
79.4018
98.129
99.9487
100.567
100.134
99.5732
99.8144
100.35
100.992
101.654
102.193
102.635
103.094
103.616
104.236
104.955
105.746
106.593
107.487
108.453
109.513
110.655
111.862
113.124
114.451
115.859
117.345
118.884
120.458
122.103
123.842
125.674
127.589
129.565
131.561
133.518
135.385
137.155
138.847
140.483
142.099
143.732
145.407
147.136
148.906
150.681
152.405
154.029
155.525
156.895
158.167
159.384
160.58
161.78
162.988
164.194
165.381
166.527
167.618
168.645
169.607
170.513
171.382
172.228
173.058
173.865
174.638
175.372
176.071
176.748
177.412
178.073
178.737
179.408
180.113
180.861
181.677
182.577
183.553
184.578
185.624
186.641
187.552
188.292
188.853
189.286
189.635
189.94
190.234
190.544
190.888
191.279
191.719
192.208
192.756
193.364
194.046
194.808
195.646
196.544
197.48
198.421
199.346
200.23
201.062
201.865
202.588
203.431
204.263
68.4749
89.013
99.7662
100.085
100.582
100.407
100.325
100.912
101.96
103.075
104.014
104.857
105.655
106.497
107.411
108.435
109.607
110.927
112.337
113.826
115.407
117.104
118.915
120.799
122.735
124.726
126.767
128.826
130.887
132.96
135.063
137.217
139.419
141.663
143.925
146.152
148.268
150.232
152.053
153.765
155.415
157.043
158.683
160.355
162.07
163.813
165.543
167.203
168.744
170.149
171.43
172.624
173.775
174.918
176.074
177.242
178.409
179.55
180.643
181.674
182.638
183.538
184.387
185.204
186.005
186.794
187.563
188.302
189.005
189.675
190.328
190.973
191.625
192.289
192.97
193.693
194.47
195.32
196.254
197.255
198.291
199.327
200.307
201.154
201.823
202.326
202.724
203.055
203.358
203.663
203.994
204.365
204.791
205.268
205.798
206.389
207.045
207.778
208.588
209.467
210.395
211.345
212.282
213.189
214.045
214.847
215.618
216.314
217.054
217.935
70.4472
94.5854
100.516
100.615
101.298
102.043
102.761
103.87
105.268
106.706
108.104
109.487
110.916
112.45
114.076
115.817
117.722
119.774
121.951
124.24
126.629
129.106
131.64
134.189
136.723
139.243
141.753
144.218
146.601
148.911
151.189
153.47
155.772
158.088
160.39
162.62
164.704
166.609
168.359
170
171.58
173.144
174.723
176.333
177.98
179.648
181.292
182.852
184.285
185.582
186.767
187.88
188.966
190.057
191.169
192.298
193.422
194.514
195.552
196.524
197.429
198.274
199.074
199.849
200.615
201.373
202.115
202.827
203.505
204.155
204.791
205.428
206.081
206.751
207.451
208.202
209.014
209.904
210.879
211.905
212.945
213.96
214.889
215.664
216.264
216.717
217.086
217.406
217.713
218.032
218.388
218.79
219.251
219.766
220.337
220.971
221.672
222.448
223.299
224.208
225.152
226.097
227.016
227.893
228.713
229.476
230.211
230.869
231.6
231.744
76.151
96.3126
101.445
102.23
103.913
105.883
107.65
109.367
111.41
113.601
115.803
118.09
120.442
122.854
125.355
127.965
130.696
133.571
136.556
139.623
142.736
145.844
148.888
151.817
154.637
157.367
160.01
162.531
164.919
167.199
169.423
171.64
173.873
176.117
178.338
180.471
182.442
184.227
185.861
187.395
188.883
190.366
191.867
193.397
194.959
196.536
198.077
199.524
200.843
202.034
203.129
204.171
205.2
206.247
207.322
208.415
209.499
210.543
211.527
212.442
213.294
214.09
214.852
215.596
216.337
217.074
217.795
218.487
219.147
219.783
220.41
221.045
221.704
222.388
223.107
223.895
224.745
225.678
226.69
227.736
228.765
229.736
230.599
231.297
231.829
232.238
232.585
232.898
233.213
233.55
233.932
234.367
234.863
235.414
236.025
236.698
237.438
238.248
239.127
240.049
240.99
241.915
242.8
243.634
244.41
245.128
245.823
246.433
247.151
246.123
81.3725
97.355
103.396
106.116
109.365
112.588
115.702
119.083
122.565
125.876
129.11
132.423
135.715
139.005
142.344
145.799
149.343
152.892
156.406
159.871
163.258
166.524
169.627
172.552
175.318
177.961
180.495
182.891
185.135
187.264
189.339
191.412
193.516
195.643
197.747
199.753
201.59
203.246
204.763
206.195
207.591
208.989
210.408
211.85
213.318
214.793
216.222
217.551
218.754
219.844
220.855
221.832
222.811
223.82
224.861
225.917
226.957
227.947
228.872
229.73
230.528
231.281
232.008
232.727
233.449
234.167
234.87
235.544
236.188
236.812
237.43
238.063
238.726
239.417
240.146
240.965
241.845
242.82
243.847
244.886
245.869
246.769
247.549
248.163
248.631
249.002
249.332
249.64
249.964
250.322
250.731
251.197
251.723
252.305
252.95
253.656
254.425
255.254
256.141
257.058
257.974
258.861
259.697
260.477
261.201
261.867
262.515
263.07
263.743
261.298
87.6273
101.563
108.236
113.796
119.881
125.635
130.902
135.942
140.613
145.134
149.559
153.861
157.959
161.929
165.802
169.597
173.292
176.878
180.368
183.759
187.026
190.126
193.03
195.747
198.32
200.788
203.144
205.348
207.398
209.341
211.239
213.149
215.106
217.096
219.063
220.927
222.621
224.142
225.538
226.86
228.153
229.45
230.764
232.094
233.441
234.785
236.078
237.269
238.344
239.321
240.241
241.144
242.063
243.018
244.007
245.004
245.973
246.885
247.728
248.507
249.236
249.931
250.613
251.295
251.983
252.668
253.336
253.976
254.588
255.184
255.776
256.386
257.025
257.692
258.393
259.206
260.077
261.045
262.044
263.005
263.892
264.694
265.375
265.906
266.314
266.65
266.965
267.271
267.604
267.981
268.414
268.904
269.455
270.059
270.723
271.45
272.23
273.061
273.931
274.817
275.686
276.511
277.287
278.004
278.669
279.272
279.868
280.367
280.964
277.351
95.2159
110.017
120.387
130.666
140.936
149.508
156.516
162.747
168.391
173.554
178.307
182.727
186.83
190.717
194.366
197.908
201.34
204.646
207.846
210.945
213.908
216.696
219.299
221.749
224.092
226.348
228.485
230.455
232.269
233.986
235.664
237.364
239.12
240.915
242.686
244.35
245.853
247.2
248.433
249.597
250.732
251.866
253.007
254.155
255.308
256.452
257.544
258.543
259.442
260.262
261.044
261.825
262.63
263.472
264.34
265.205
266.032
266.797
267.496
268.142
268.75
269.337
269.923
270.514
271.112
271.706
272.283
272.835
273.362
273.875
274.385
274.908
275.453
276.016
276.605
277.312
278.079
278.886
279.745
280.523
281.268
281.961
282.547
283
283.361
283.659
283.961
284.263
284.6
284.989
285.437
285.939
286.497
287.109
287.775
288.501
289.268
290.074
290.905
291.732
292.534
293.28
293.985
294.635
295.233
295.767
296.3
296.75
297.261
293.669
108.313
129.341
145.878
162.509
176.662
187.263
195.692
202.363
207.529
211.943
215.946
219.649
223.163
226.478
229.471
232.35
235.125
237.83
240.486
243.064
245.502
247.762
249.857
251.841
253.76
255.607
257.321
258.858
260.251
261.561
262.84
264.138
265.485
266.861
268.209
269.462
270.581
271.578
272.482
273.326
274.139
274.943
275.745
276.544
277.34
278.123
278.864
279.538
280.14
280.69
281.22
281.754
282.309
282.889
283.481
284.062
284.605
285.099
285.545
285.955
286.344
286.725
287.109
287.499
287.894
288.283
288.66
289.018
289.361
289.692
290.02
290.352
290.694
291.042
291.404
291.862
292.364
292.834
293.361
293.908
294.529
295.134
295.658
296.052
296.377
296.652
296.943
297.235
297.57
297.964
298.415
298.909
299.463
300.063
300.712
301.425
302.157
302.926
303.703
304.471
305.203
305.885
306.517
307.117
307.648
308.12
308.6
309.014
309.443
308.328
130.45
164.597
195.938
221.611
238.16
247.634
253.753
257.88
260.76
263.178
265.384
267.442
269.433
271.295
272.928
274.472
275.965
277.43
278.867
280.236
281.493
282.619
283.645
284.613
285.544
286.419
287.2
287.873
288.467
289.021
289.557
290.096
290.65
291.21
291.749
292.239
292.669
293.047
293.382
293.688
293.977
294.26
294.539
294.813
295.082
295.342
295.586
295.805
295.999
296.175
296.344
296.517
296.695
296.88
297.066
297.244
297.407
297.552
297.681
297.8
297.913
298.025
298.138
298.254
298.37
298.484
298.594
298.698
298.797
298.892
298.986
299.079
299.174
299.267
299.365
299.497
299.65
299.77
299.914
300.283
300.846
301.42
301.912
302.288
302.577
302.856
303.136
303.415
303.76
304.156
304.589
305.068
305.627
306.206
306.849
307.549
308.237
308.982
309.739
310.458
311.152
311.811
312.406
312.978
313.482
313.907
314.372
314.754
315.157
316.514
312.246
312.213
312.159
312.094
312.031
311.981
311.95
311.921
311.9
311.916
311.9
311.864
311.833
311.833
311.827
311.748
311.626
311.457
311.235
310.973
310.689
310.448
310.168
309.81
309.639
310.338
314.512
332.276
366.871
387.723
389.637
384.894
377.225
367.429
361.029
355.676
347.143
340.832
336.166
330.358
325.215
320.537
318.398
316.236
313.831
311.691
309.913
308.468
307.254
305.762
304.368
302.968
301.792
300.977
300.535
300.035
299.907
299.914
299.882
299.918
299.949
299.949
299.927
299.885
299.835
299.754
299.624
299.483
299.367
299.302
299.264
299.168
298.953
298.675
298.522
298.551
298.677
298.893
299.065
299.195
309.376
309.33
309.264
309.187
309.111
309.049
309.01
308.974
308.948
308.964
308.946
308.909
308.875
308.873
308.862
308.779
308.643
308.451
308.198
307.897
307.568
307.28
306.96
306.551
306.343
307.047
311.333
328.912
361.806
381.826
382.393
376.515
369.297
359.986
352.855
346.893
338.518
331.975
327.078
321.559
316.631
312.138
309.9
307.835
305.626
303.624
301.935
300.58
299.465
298.119
296.836
295.56
294.481
293.728
293.315
292.878
292.518
292.395
292.276
292.318
292.396
292.429
292.406
292.32
292.183
291.943
291.577
291.185
290.834
290.573
290.348
290.015
289.423
288.652
288.163
288.185
288.478
289.054
289.598
290.09
300.532
300.453
300.355
300.247
300.141
300.051
299.989
299.936
299.897
299.906
299.885
299.847
299.81
299.802
299.786
299.701
299.546
299.318
299.011
298.638
298.224
297.836
297.442
296.959
296.653
297.242
301.096
315.905
341.887
359.159
359.267
353.188
347.252
339.52
331.863
325.374
317.973
311.729
306.893
302.277
298.119
294.283
292.044
290.248
288.495
286.845
285.411
284.277
283.372
282.321
281.273
280.253
279.365
278.739
278.387
278.064
277.61
277.309
277.078
277.034
277.08
277.123
277.116
277.035
276.87
276.56
276.096
275.598
275.124
274.701
274.278
273.793
273.1
272.225
271.599
271.544
271.811
272.429
273.111
273.869
285.611
285.485
285.344
285.193
285.042
284.909
284.808
284.724
284.662
284.647
284.624
284.585
284.546
284.533
284.515
284.438
284.278
284.028
283.68
283.241
282.738
282.231
281.744
281.207
280.781
281.175
284.085
294.339
309.783
322.17
320.998
317.998
313.84
307.957
300.913
294.945
289.598
284.488
280.206
276.802
273.796
270.955
268.908
267.49
266.315
265.137
264.076
263.257
262.623
261.929
261.175
260.47
259.804
259.342
259.073
258.871
258.551
258.216
257.917
257.772
257.736
257.75
257.745
257.697
257.581
257.323
256.913
256.446
255.978
255.515
255.012
254.516
253.949
253.274
252.743
252.623
252.77
253.192
253.749
254.529
267.65
267.489
267.31
267.118
266.924
266.744
266.595
266.472
266.376
266.321
266.291
266.248
266.207
266.193
266.18
266.121
265.978
265.74
265.392
264.927
264.373
263.774
263.193
262.626
262.128
262.407
264.596
271.461
277.586
283.538
281.913
280.692
276.734
272.487
267.343
262.853
259.852
256.094
252.588
250.34
248.486
246.61
244.876
243.828
243.205
242.508
241.858
241.394
241.054
240.707
240.255
239.859
239.415
239.129
238.959
238.877
238.779
238.534
238.265
238.098
238.038
238.045
238.053
238.061
238.04
237.888
237.586
237.2
236.803
236.408
235.959
235.537
235.118
234.672
234.308
234.181
234.248
234.479
234.847
235.485
249.661
249.488
249.289
249.071
248.843
248.622
248.429
248.266
248.131
248.029
247.981
247.93
247.887
247.876
247.873
247.836
247.724
247.523
247.209
246.761
246.197
245.545
244.888
244.293
243.775
244.064
246.128
251.174
249.677
249.231
248.332
245.476
240.73
237.785
234.852
231.873
230.91
228.676
226.003
224.752
224.01
223.017
221.643
220.934
220.793
220.552
220.296
220.163
220.106
220.091
219.956
219.844
219.651
219.541
219.49
219.53
219.643
219.515
219.343
219.226
219.199
219.231
219.275
219.357
219.457
219.437
219.275
219.005
218.722
218.467
218.146
217.834
217.556
217.311
217.123
217.044
217.081
217.196
217.408
217.871
232.799
232.631
232.431
232.203
231.956
231.707
231.478
231.278
231.105
230.959
230.882
230.816
230.772
230.765
230.772
230.756
230.682
230.529
230.269
229.866
229.324
228.655
227.953
227.326
226.837
227.248
229.857
233.246
225.666
218.997
219.365
213.641
208.674
206.768
205.151
202.627
202.997
202.432
200.954
200.564
200.726
200.472
199.426
199.059
199.339
199.588
199.715
199.888
200.102
200.383
200.563
200.728
200.796
200.86
200.931
201.109
201.408
201.408
201.338
201.313
201.366
201.468
201.591
201.771
202.003
202.128
202.09
201.948
201.801
201.699
201.555
201.4
201.268
201.216
201.198
201.202
201.264
201.335
201.439
201.762
217.186
217.035
216.846
216.623
216.373
216.108
215.852
215.623
215.417
215.233
215.116
215.031
214.982
214.978
214.994
214.992
214.956
214.856
214.661
214.32
213.827
213.175
212.468
211.811
211.424
212.105
216.011
217.001
205.216
191.024
188.687
187.252
182.257
179.853
178.796
177.004
177.849
178.162
177.477
177.816
178.68
179.234
178.589
178.573
179.142
179.736
180.16
180.575
181.012
181.593
182.09
182.5
182.853
183.11
183.316
183.64
184.104
184.276
184.315
184.397
184.512
184.642
184.823
185.087
185.436
185.733
185.874
185.881
185.881
185.936
185.933
185.944
186.019
186.19
186.359
186.459
186.57
186.624
186.662
186.906
202.67
202.539
202.371
202.165
201.923
201.655
201.383
201.132
200.902
200.686
200.525
200.414
200.355
200.351
200.371
200.381
200.379
200.333
200.205
199.936
199.51
198.905
198.232
197.56
197.382
198.579
204.104
201.968
187.73
168.265
157.497
158.296
159.946
159.292
156.933
155.337
156.536
157.869
158.016
158.272
159.151
160.069
159.768
160.05
160.888
161.793
162.511
163.114
163.665
164.387
165.05
165.637
166.214
166.63
166.946
167.403
167.974
168.285
168.435
168.599
168.792
169.032
169.329
169.689
170.129
170.487
170.689
170.788
170.899
171.053
171.224
171.404
171.643
172.033
172.387
172.612
172.814
172.853
172.836
173.038
189.045
188.937
188.794
188.612
188.389
188.129
187.851
187.587
187.339
187.099
186.896
186.75
186.674
186.669
186.689
186.705
186.732
186.734
186.672
186.484
186.13
185.603
184.995
184.367
184.516
186.688
193.095
187.796
171.979
151.101
133.237
131.406
134.718
139.324
140.776
141.006
141.4
141.852
142.624
143.499
144.613
145.645
145.734
145.832
146.516
147.276
147.901
148.544
149.103
149.855
150.611
151.27
151.937
152.391
152.75
153.271
153.942
154.382
154.624
154.881
155.136
155.343
155.604
155.946
156.374
156.765
157.055
157.214
157.335
157.483
157.605
157.858
158.291
158.85
159.336
159.638
159.869
159.877
159.833
160.023
176.116
176.03
175.914
175.762
175.564
175.322
175.049
174.779
174.521
174.264
174.027
173.838
173.738
173.73
173.746
173.762
173.804
173.86
173.855
173.75
173.476
173.045
172.521
172.077
172.703
176.357
181.864
173.68
156.928
137.357
121.33
110.511
114.499
120.353
124.568
129.191
132.006
132.649
133.244
134.075
135.014
135.832
136.303
136.827
137.313
137.784
138.401
138.89
139.233
139.815
140.392
140.873
141.518
142.073
142.462
142.872
143.386
143.799
144.041
144.244
144.413
144.599
144.84
145.091
145.37
145.587
145.768
145.883
145.966
146.003
146.083
146.184
146.4
146.914
147.419
147.768
147.989
147.909
147.75
147.846
163.71
163.647
163.559
163.437
163.271
163.055
162.796
162.527
162.263
161.997
161.736
161.503
161.369
161.353
161.364
161.377
161.422
161.514
161.584
161.541
161.362
161.037
160.619
160.556
162.038
167.439
169.201
158.962
142.248
125.37
111.907
103.377
98.2205
102.183
111.497
119.151
122.837
125.305
127.841
129.378
130.271
130.889
131.538
131.881
132.23
132.499
133.051
133.546
133.721
134.008
134.516
135.013
135.441
135.677
135.851
136.114
136.494
136.81
136.937
137.07
137.316
137.593
137.738
137.849
137.982
138.047
137.97
137.758
137.485
137.173
136.903
136.799
136.921
137.181
137.414
137.543
137.532
137.314
136.994
136.884
151.68
151.638
151.577
151.485
151.352
151.166
150.931
150.67
150.403
150.133
149.859
149.587
149.41
149.378
149.383
149.39
149.431
149.54
149.688
149.705
149.623
149.411
149.197
149.717
152.487
158.737
155.207
143.549
128.482
114.945
105.202
98.6098
95.0789
92.994
95.9585
105.19
114.166
120.013
123.537
125.72
126.81
128.433
128.766
129.68
130.253
130.437
130.744
131.023
131.094
131.286
131.659
131.948
132.285
132.535
132.662
132.9
133.293
133.618
133.67
133.728
133.721
133.647
133.553
133.484
133.422
133.314
133.1
132.739
132.235
131.628
131.056
130.437
130.017
129.913
129.797
129.635
129.292
128.716
128.095
127.544
139.895
139.873
139.836
139.772
139.668
139.512
139.303
139.056
138.792
138.52
138.238
137.94
137.713
137.654
137.65
137.652
137.689
137.802
137.996
138.11
138.113
138.037
138.198
139.606
144.015
147.573
140.595
128.719
116.456
106.708
100.198
95.8662
93.5656
92.1638
91.2424
92.0897
99.5343
111.325
119.204
123.035
124.61
127.004
127.328
128.558
129.011
129.351
129.978
130.066
130.165
130.428
130.739
130.806
130.975
131.149
131.201
131.288
131.473
131.599
131.667
131.734
131.765
131.741
131.672
131.566
131.356
130.954
130.393
129.776
129.092
128.265
127.367
126.518
125.809
125.256
124.77
124.244
123.535
122.596
121.626
120.555
128.251
128.243
128.227
128.186
128.108
127.979
127.795
127.566
127.31
127.04
126.753
126.442
126.167
126.069
126.053
126.053
126.087
126.198
126.409
126.639
126.744
126.878
127.631
130.359
135.736
133.688
125.93
115.769
107.282
100.845
96.6511
94.3961
92.9617
91.8737
91.0436
90.9854
91.3131
95.1267
105.847
116.55
122.51
125.889
126.688
128.335
128.349
128.938
129.836
129.844
129.917
130.125
130.268
130.369
130.603
130.684
130.635
130.597
130.502
130.499
130.617
130.713
130.735
130.79
130.774
130.702
130.45
129.976
129.321
128.544
127.647
126.602
125.397
124.281
123.345
122.621
121.867
120.915
119.769
118.512
117.305
115.734
116.735
116.739
116.735
116.714
116.658
116.554
116.396
116.19
115.949
115.688
115.407
115.092
114.781
114.642
114.612
114.61
114.638
114.743
114.962
115.284
115.514
115.998
117.722
122.087
124.822
120.246
112.779
106.4
100.808
96.9487
94.9633
93.5964
92.5922
91.7764
91.8037
91.5139
91.2542
91.5096
92.8677
99.6829
111.442
120.495
126.079
128.224
128.142
129.09
129.795
129.773
130.103
130.128
129.939
130.118
130.427
130.346
130.357
130.348
130.235
130.158
130.266
130.348
130.427
130.434
130.369
130.227
129.907
129.362
128.743
128.145
127.37
126.293
124.949
123.604
122.204
121.164
120.154
119.04
117.756
116.357
114.939
112.967
105.53
105.545
105.548
105.539
105.501
105.422
105.292
105.115
104.901
104.662
104.399
104.099
103.782
103.606
103.554
103.547
103.569
103.656
103.876
104.189
104.659
105.847
109.389
114.546
112.736
108.339
104.383
99.8063
96.7587
95.3386
94.1551
93.1191
92.4604
92.4808
92.3443
92.1721
92.1729
92.2352
92.3739
92.8479
95.22
104.012
115.903
123.592
127.422
129.538
129.346
129.753
130.492
130.236
130.09
130.424
130.419
130.251
130.466
130.562
130.446
130.322
130.437
130.53
130.522
130.396
130.27
130.085
129.736
129.172
128.587
127.961
127.204
126.165
124.911
123.526
122.128
120.68
119.303
117.899
116.452
115.016
113.585
111.379
95.0632
95.0791
95.089
95.0857
95.0639
95.0076
94.9084
94.768
94.5943
94.3936
94.1662
93.9026
93.6121
93.4237
93.3388
93.3171
93.3209
93.3728
93.5439
93.9859
95.2055
98.1783
104.074
105.075
103.854
101.47
98.3798
95.9139
95.5319
94.6551
93.6252
93.0257
93.0711
93.0763
92.9702
92.9745
93.058
93.1937
93.2613
93.33
93.5386
94.2788
97.9094
107.588
119.402
126.107
127.829
129.674
130.704
130.214
130.464
130.962
130.727
130.728
130.999
131.198
131.102
131.085
131.172
131.136
130.969
130.733
130.465
130.158
129.701
129.071
128.465
127.852
127.067
126.027
124.776
123.391
122.209
120.903
119.331
117.543
115.945
114.531
113.237
111.002
86.0255
86.0343
86.0441
86.044
86.0322
85.9944
85.9231
85.8208
85.6919
85.5397
85.3611
85.1517
84.9229
84.7434
84.6228
84.5758
84.5504
84.6444
85.0293
86.44
89.8354
94.8733
98.6628
99.8798
98.4731
96.4653
95.4248
95.4224
94.7506
93.8993
93.4279
93.5495
93.6478
93.6459
93.6561
93.7487
93.8727
93.996
94.1198
94.2136
94.2932
94.4434
94.7011
95.6397
100.436
110.519
120.914
126.875
129.622
130.069
131.149
131.416
131.003
131.25
131.871
131.827
131.807
131.874
131.835
131.675
131.436
131.175
130.912
130.546
129.982
129.304
128.629
127.886
127.01
125.948
124.706
123.431
122.202
120.697
118.791
116.846
115.188
113.747
112.619
110.48
79.1446
79.1425
79.1427
79.14
79.1285
79.0993
79.0474
78.9743
78.8846
78.7751
78.6457
78.4932
78.3266
78.1848
78.0599
78.0588
78.2081
78.7881
80.3677
83.9107
88.9196
93.9327
96.1948
95.7739
95.222
95.4457
95.2073
94.6601
93.9681
93.902
94.1337
94.2903
94.2904
94.308
94.3963
94.5636
94.737
94.8361
94.9227
95.0341
95.1274
95.2063
95.2617
95.3659
95.6668
96.8638
101.896
111.493
120.879
127.499
131.044
131.12
131.135
131.955
132.199
132.026
132.088
132.274
132.173
131.898
131.672
131.511
131.255
130.831
130.261
129.596
128.834
127.901
126.862
125.82
124.636
123.433
122.147
120.444
118.586
116.822
115.113
113.588
112.433
110.424
74.5986
74.589
74.5803
74.5695
74.5525
74.5244
74.4829
74.4282
74.3607
74.2829
74.1924
74.0817
73.9898
73.9213
74.0009
74.3127
75.1341
76.9895
80.3907
85.877
91.5791
92.6963
93.7978
94.9853
95.0553
94.8262
94.5221
94.2334
94.4122
94.6811
94.8095
94.8457
94.9285
95.0739
95.2312
95.3655
95.5058
95.614
95.7061
95.7952
95.8918
95.9906
96.0756
96.0802
96.1062
96.2123
96.5202
97.6995
102.526
112.187
120.378
126.168
130.186
131.987
131.864
131.313
131.98
132.329
132.021
131.407
131.436
131.418
130.986
130.27
129.827
129.372
128.531
127.257
126.065
125.129
124.308
123.276
121.645
119.866
118.235
116.749
115.243
113.71
112.426
110.165
71.9103
71.8979
71.8833
71.8656
71.8429
71.8141
71.7769
71.7327
71.6825
71.6338
71.5869
71.5581
71.6176
71.8282
72.3173
73.3128
75.8125
79.8863
85.3639
89.8621
91.4916
93.5816
94.1154
94.5825
94.6785
94.4868
94.5696
94.8901
95.1211
95.2432
95.3191
95.4406
95.6121
95.7378
95.8515
96.0039
96.1476
96.2413
96.3233
96.4176
96.5286
96.6394
96.7185
96.7657
96.7826
96.7785
96.8103
96.896
97.1693
98.3376
102.5
110.829
119.772
124.777
127.518
129.064
130.76
131.326
130.527
130.314
130.54
130.548
129.926
129.356
128.96
128.481
127.585
126.313
125.262
124.477
123.564
122.322
120.95
119.657
118.33
116.916
115.466
113.994
112.592
110.274
70.4161
70.4037
70.3869
70.3663
70.3432
70.317
70.2894
70.2658
70.2491
70.2702
70.3416
70.5051
70.8511
71.5314
73.1588
76.3047
81.5162
86.4471
90.1128
91.3148
93.046
94.5743
94.5492
94.386
94.6561
95.0826
95.212
95.3185
95.4431
95.6044
95.7229
95.8503
95.9848
96.1368
96.306
96.4355
96.5264
96.6332
96.7646
96.8733
96.9467
97.0175
97.0958
97.1709
97.2231
97.2693
97.3144
97.3128
97.3104
97.3723
97.6095
98.4769
101.84
108.613
117.109
125.371
127.726
128.709
129.244
130.393
130.4
129.665
128.971
128.718
128.256
127.464
126.63
125.871
125.109
124.087
122.814
121.47
120.342
119.397
118.385
117.181
115.9
114.492
113.001
110.621
69.6054
69.5953
69.5823
69.5709
69.5618
69.5547
69.5645
69.5972
69.6733
69.8158
70.1022
70.6858
71.927
74.7217
79.0109
84.0345
88.3824
90.6302
92.0053
93.3373
94.5083
94.6229
94.621
94.808
95.2323
95.4782
95.5664
95.6384
95.7666
95.946
96.0795
96.1625
96.276
96.4434
96.5796
96.6697
96.7765
96.9129
97.0244
97.0997
97.1691
97.2472
97.3362
97.4189
97.4822
97.5335
97.5848
97.6367
97.6496
97.6338
97.6353
97.6862
97.8747
98.4765
100.669
106.734
114.245
120.804
127.47
130.364
130.09
129.058
129.134
128.975
128.236
126.806
126.065
125.547
124.822
123.803
122.559
121.453
120.434
119.446
118.475
117.375
115.955
114.158
112.456
110.135
69.1707
69.1707
69.1758
69.1892
69.215
69.2603
69.3385
69.4839
69.7689
70.3119
71.5981
74.0466
78.4248
82.7829
86.4601
90.7721
91.7205
92.4788
93.83
94.7364
94.7817
94.8535
95.1459
95.4732
95.6021
95.7411
95.8538
95.9469
96.0856
96.2326
96.308
96.3888
96.527
96.6598
96.7405
96.8314
96.9545
97.0652
97.1311
97.1912
97.2703
97.3701
97.4653
97.5463
97.6108
97.6728
97.7375
97.7972
97.8329
97.845
97.847
97.8447
97.8499
97.8809
97.9747
98.3799
99.553
103.333
110.384
117.383
122.237
126.567
129.158
128.836
128.034
126.748
126.112
125.528
124.647
123.51
122.331
121.422
120.561
119.625
118.694
117.581
115.888
113.911
112.347
110.214
68.9623
68.987
69.023
69.0816
69.1804
69.3563
69.6952
70.3497
71.852
74.3001
78.6576
82.8784
86.5708
89.3168
91.7971
92.9047
93.3439
94.2281
94.9858
95.0632
95.167
95.4227
95.6745
95.7583
95.8482
95.9851
96.0832
96.1797
96.3028
96.3877
96.4569
96.5609
96.68
96.7686
96.8539
96.9557
97.059
97.1388
97.207
97.283
97.3733
97.4682
97.5554
97.6333
97.6902
97.7439
97.8022
97.8594
97.9021
97.9213
97.934
97.9484
97.9443
97.9286
97.908
97.8921
97.8362
97.9084
98.4766
100.333
105
111.576
117.271
121.586
123.779
125.936
125.964
125.137
124.077
123.046
122.149
121.341
120.426
119.169
117.697
116.349
115.061
113.722
112.436
110.402
68.9191
68.9997
69.1331
69.3996
69.8433
70.8173
72.6123
75.631
79.9084
83.5141
87.0244
90.0206
91.3113
92.9081
93.8536
94.1021
94.6353
95.2463
95.3524
95.4208
95.6157
95.8361
95.9063
95.9554
96.0572
96.1605
96.2305
96.3233
96.4253
96.4831
96.5522
96.6551
96.7472
96.8163
96.8949
96.9911
97.0823
97.1552
97.2268
97.307
97.3942
97.4832
97.5675
97.6421
97.7189
97.7905
97.8615
97.9272
97.9682
97.9942
98.0121
98.0253
98.0226
98.0066
97.9612
97.8547
97.6633
97.4438
97.1588
96.9041
96.6166
97.296
99.8221
105.109
111.802
116.677
119.934
120.302
121.022
121.462
121.28
120.763
119.463
117.663
116.311
115.441
114.639
113.728
112.632
110.638
69.2286
69.6478
70.324
72.0145
74.2503
77.7246
81.8272
85.173
88.0262
90.6479
91.8015
93.0502
93.9687
94.5041
94.7854
95.059
95.4728
95.6112
95.6628
95.7718
95.9348
96.0275
96.0673
96.129
96.2124
96.2722
96.3363
96.4214
96.4872
96.5402
96.6146
96.7031
96.7732
96.8358
96.911
97.0028
97.0917
97.1715
97.2507
97.3321
97.414
97.496
97.576
97.6485
97.7177
97.7891
97.8645
97.932
97.9715
98.0004
98.0157
98.0117
97.9927
97.9467
97.8564
97.7132
97.4929
97.1826
96.7338
96.1662
95.5517
94.8094
94.2569
94.2018
95.3622
99.0734
104.92
111.823
116.184
117.929
118.566
118.01
117.772
117.169
116.405
115.587
114.77
113.865
112.839
110.832
71.7162
73.9888
76.88
81.0518
84.2725
86.9595
89.6474
91.4811
92.4309
93.6543
94.1565
94.6508
95.1397
95.2782
95.4435
95.6562
95.7833
95.8535
95.9195
96.0122
96.094
96.1273
96.1706
96.2389
96.2968
96.3455
96.4098
96.4762
96.5235
96.5757
96.6475
96.7165
96.777
96.8396
96.913
96.9997
97.0931
97.1846
97.2701
97.3511
97.4296
97.5058
97.5795
97.6491
97.7203
97.794
97.8707
97.9339
97.9755
98.0077
98.0095
97.9964
97.9574
97.8767
97.7392
97.5234
97.2119
96.768
96.2406
95.543
94.8117
93.8797
93.1117
92.1958
91.4347
91.0917
91.694
94.2431
99.2809
105.634
111.819
113.944
116.516
117.304
116.995
116.173
115.156
114.185
113.166
111.211
81.1339
84.0886
87.1822
89.2411
91.0633
92.5188
93.3021
94.1356
94.5902
94.9903
95.2989
95.4957
95.6781
95.7549
95.85
95.9448
95.9869
96.0384
96.087
96.1362
96.1841
96.2138
96.2544
96.3031
96.3378
96.3883
96.4541
96.5016
96.539
96.5923
96.6572
96.717
96.7774
96.8452
96.9234
97.0121
97.1064
97.2001
97.2884
97.369
97.4461
97.5215
97.5939
97.6607
97.7286
97.8024
97.8733
97.9286
97.9791
97.995
97.9847
97.9466
97.8645
97.7221
97.5075
97.1796
96.7609
96.2026
95.5398
94.7304
93.9309
93.0039
92.0932
91.1453
90.3186
89.4391
88.6209
88.3703
88.5263
89.7618
93.7381
100.447
106.183
110.248
113.618
113.505
113.044
112.17
111.414
110.206
89.7832
91.2821
92.8341
93.4124
94.1676
94.829
95.0103
95.3347
95.6094
95.7136
95.8528
95.9188
95.9843
96.0166
96.046
96.0801
96.1071
96.136
96.1679
96.1948
96.2268
96.2639
96.2983
96.3306
96.3658
96.4181
96.473
96.5119
96.5464
96.596
96.6604
96.7256
96.7905
96.8587
96.9377
97.0269
97.122
97.2184
97.3062
97.3859
97.4621
97.5394
97.6119
97.6776
97.7445
97.8112
97.867
97.9234
97.969
97.9668
97.9346
97.8531
97.7066
97.4738
97.1422
96.6948
96.1282
95.4149
94.6375
93.782
92.8439
91.8904
91.0141
90.1371
89.2056
88.342
87.586
86.8416
86.0152
85.7362
85.6513
86.3345
89.0636
94.7498
101.255
105.753
109.94
110.393
110.569
110.093
93.9097
94.4424
95.0175
95.2159
95.5183
95.7555
95.8172
95.9349
96.0279
96.065
96.1172
96.1501
96.1696
96.1723
96.1681
96.1749
96.1878
96.1996
96.2158
96.236
96.2668
96.2947
96.3144
96.3423
96.3765
96.4248
96.4778
96.5166
96.5542
96.6097
96.6788
96.7474
96.8147
96.8851
96.9647
97.0542
97.1484
97.2379
97.324
97.4056
97.4848
97.5644
97.6343
97.6996
97.7594
97.8075
97.8493
97.9023
97.9225
97.8988
97.8216
97.6638
97.406
97.0534
96.5699
95.9474
95.2324
94.4174
93.5083
92.5511
91.6085
90.7403
89.7732
88.8535
88.0584
87.3125
86.5012
85.6748
84.9875
84.3982
83.6423
83.2933
83.0338
83.4077
85.1728
89.5077
95.3563
101.231
105.123
107.064
95.5109
95.7611
95.8977
95.9433
96.0595
96.1311
96.1513
96.1884
96.2226
96.2246
96.2182
96.2192
96.2274
96.2269
96.2274
96.235
96.2372
96.24
96.2432
96.257
96.2822
96.2956
96.312
96.3383
96.3747
96.4239
96.4728
96.5117
96.5585
96.623
96.6936
96.7679
96.8441
96.9214
97.0025
97.092
97.1822
97.2688
97.3528
97.435
97.5165
97.5925
97.6623
97.7235
97.7631
97.7925
97.8232
97.8559
97.8407
97.7648
97.5924
97.3078
96.9093
96.3681
95.6864
94.9361
94.067
93.0814
92.132
91.2329
90.2526
89.2759
88.3996
87.6711
86.8546
85.9816
85.2617
84.6436
83.9524
83.1985
82.5369
82.038
81.4543
81.0226
80.6429
80.8561
81.884
84.7859
89.3732
97.472
96.131
96.1914
96.2347
96.2612
96.3077
96.3249
96.3198
96.3165
96.3166
96.312
96.2981
96.2962
96.2983
96.2968
96.2962
96.3014
96.311
96.3088
96.3117
96.3336
96.3546
96.3685
96.3963
96.4218
96.4503
96.4959
96.5551
96.5943
96.6367
96.6939
96.7606
96.8326
96.9038
96.9734
97.0471
97.1282
97.2156
97.3018
97.3869
97.4762
97.5613
97.6332
97.6941
97.7387
97.7441
97.7419
97.754
97.7431
97.6606
97.4657
97.1401
96.6636
96.0368
95.3039
94.4751
93.5154
92.4903
91.5861
90.6655
89.5825
88.6102
87.8837
87.1098
86.1801
85.3387
84.7616
84.1423
83.3371
82.6075
82.0969
81.5286
80.8643
80.248
79.8087
79.3724
78.8937
78.4569
78.5172
79.0401
82.1588
96.3494
96.3675
96.3815
96.379
96.3521
96.3172
96.3056
96.3033
96.3045
96.3021
96.2904
96.29
96.2906
96.2934
96.2988
96.3109
96.3166
96.3248
96.3497
96.3777
96.3941
96.4265
96.4709
96.4943
96.5231
96.5686
96.6245
96.6647
96.7155
96.7883
96.8505
96.9018
96.9538
97.0116
97.0789
97.156
97.241
97.3238
97.4159
97.5057
97.5937
97.6522
97.7062
97.7057
97.6766
97.6292
97.5867
97.4844
97.2562
96.8604
96.2686
95.5491
94.7655
93.8467
92.7765
91.8079
90.9311
89.9052
88.7664
87.9522
87.2838
86.377
85.3646
84.7164
84.1631
83.4549
82.6159
82.02
81.5433
80.9331
80.1824
79.7021
79.2802
78.774
78.1898
77.7129
77.4029
77.0241
76.5382
76.5797
96.5788
96.5794
96.5814
96.5772
96.561
96.5324
96.5104
96.5095
96.5117
96.5167
96.5082
96.5031
96.4998
96.4939
96.4961
96.5019
96.5078
96.5203
96.5439
96.5635
96.5831
96.6195
96.6607
96.6788
96.7071
96.7603
96.8125
96.8472
96.9008
96.9763
97.0526
97.0986
97.1432
97.1786
97.2141
97.2549
97.3093
97.3835
97.4683
97.5472
97.6015
97.6496
97.6457
97.6087
97.5112
97.3775
97.2005
96.9201
96.4482
95.7377
94.9366
94.0876
93.0477
91.9546
91.08
90.1842
89.0163
87.9628
87.2957
86.5904
85.5371
84.633
84.0847
83.4963
82.6802
81.9402
81.4254
80.9253
80.2665
79.6278
79.1555
78.7299
78.1854
77.6193
77.2248
76.9027
76.479
75.9786
75.6362
75.2226
96.6596
96.6564
96.6592
96.6737
96.6809
96.6687
96.6634
96.6664
96.6732
96.6853
96.6853
96.6805
96.6809
96.6785
96.6811
96.6896
96.7062
96.7255
96.7359
96.7476
96.7721
96.8154
96.8635
96.8817
96.9009
96.9475
97.019
97.0548
97.0967
97.1599
97.2399
97.2868
97.3283
97.364
97.3959
97.4316
97.4782
97.5312
97.5618
97.5892
97.583
97.5622
97.5064
97.3679
97.1254
96.8218
96.4302
95.8427
95.0444
94.1977
93.2642
92.1071
91.0726
90.2845
89.311
88.0674
87.1903
86.5787
85.7774
84.7103
83.9033
83.4187
82.7861
81.8941
81.2546
80.8181
80.2535
79.5994
79.0616
78.6127
78.1585
77.6322
77.1011
76.7441
76.4269
75.9649
75.526
75.2378
74.9564
74.4309
96.8041
96.8044
96.8066
96.8156
96.8281
96.821
96.8062
96.8072
96.812
96.8218
96.8311
96.8323
96.8383
96.8363
96.8382
96.8478
96.8692
96.8926
96.9014
96.9162
96.9471
97.001
97.0654
97.0967
97.1195
97.1642
97.2356
97.2848
97.3205
97.3779
97.4552
97.4969
97.527
97.5626
97.5851
97.6026
97.623
97.6299
97.6104
97.5657
97.4842
97.3607
97.1512
96.8037
96.3647
95.8284
95.0827
94.2
93.3129
92.271
91.0532
90.1217
89.3713
88.3315
87.0961
86.371
85.7885
84.9026
83.8555
83.1924
82.7083
82.0297
81.1493
80.5823
80.1832
79.5968
78.8869
78.4647
78.1014
77.5948
77.0543
76.627
76.2822
75.9054
75.4749
75.1097
74.8487
74.5191
74.182
73.7549
96.9901
96.9902
96.9929
97
97.015
97.0111
96.9931
96.9912
96.9947
97.0026
97.0116
97.019
97.0342
97.0348
97.0314
97.0377
97.0556
97.0803
97.0903
97.1103
97.1473
97.2103
97.2851
97.3152
97.3445
97.3949
97.4646
97.5208
97.5657
97.6288
97.6911
97.7257
97.7609
97.789
97.7854
97.7664
97.7335
97.6759
97.5894
97.4507
97.2461
96.9275
96.4443
95.8541
95.1412
94.2158
93.2707
92.3438
91.1732
89.9396
89.1103
88.3546
87.2755
86.1075
85.4865
84.9281
83.987
82.9967
82.457
81.9484
81.2287
80.4392
79.9287
79.5234
78.9145
78.2217
77.8864
77.5507
76.9951
76.4702
76.1564
75.8181
75.3999
75.0091
74.7172
74.4421
74.1054
73.8306
73.6333
73.285
97.134
97.1327
97.1342
97.1389
97.1535
97.1514
97.1405
97.1421
97.1479
97.1533
97.1546
97.1623
97.1838
97.1931
97.1938
97.2022
97.2236
97.2569
97.2647
97.2764
97.3083
97.3699
97.4587
97.4959
97.5226
97.5703
97.6371
97.701
97.7698
97.8378
97.8941
97.9404
97.968
97.9646
97.9477
97.9034
97.8
97.6297
97.3834
97.0571
96.5921
95.9573
95.2143
94.3132
93.2217
92.2378
91.2909
90.0243
88.7852
88.045
87.2715
86.1457
85.1022
84.5431
83.986
83.0636
82.1267
81.6568
81.171
80.4091
79.7194
79.2758
78.8205
78.2271
77.6591
77.2817
76.9381
76.408
75.928
75.6695
75.3624
74.9095
74.5346
74.3081
74.0595
73.7457
73.5283
73.341
73.1303
72.8272
97.2693
97.2648
97.2655
97.2688
97.2815
97.2791
97.2684
97.2697
97.2747
97.2784
97.2782
97.2838
97.3006
97.3118
97.3145
97.325
97.3468
97.3881
97.4049
97.4121
97.4414
97.4966
97.5874
97.657
97.6824
97.7166
97.7737
97.8389
97.9091
97.9622
98.0027
98.0076
97.994
97.9572
97.8901
97.7741
97.5719
97.2554
96.8077
96.1709
95.3697
94.4793
93.3881
92.1425
91.1281
90.1581
88.835
87.6018
86.9213
86.1612
84.9986
84.05
83.5631
83.0074
82.116
81.2581
80.8408
80.3807
79.6112
78.9721
78.6058
78.1371
77.5371
77.0716
76.7092
76.328
75.8758
75.4674
75.1879
74.896
74.4595
74.115
73.9268
73.7096
73.4057
73.172
73.0389
72.8644
72.6794
72.4444
97.3916
97.3867
97.3868
97.3887
97.3985
97.3946
97.384
97.385
97.3892
97.3902
97.3902
97.3949
97.4066
97.4194
97.4286
97.4425
97.4623
97.5046
97.5437
97.5518
97.5712
97.6153
97.6901
97.7964
97.8425
97.8645
97.8984
97.9528
98.0008
98.0296
98.0282
98.0112
97.962
97.8627
97.6826
97.3743
96.9238
96.3219
95.4966
94.5395
93.5416
92.2948
90.9226
89.9067
88.9268
87.5876
86.372
85.7303
85.0098
83.8551
82.955
82.5369
81.9989
81.1326
80.3991
80.0134
79.5643
78.8226
78.2254
77.9225
77.4869
76.8443
76.4525
76.1528
75.726
75.3258
75.0244
74.7002
74.3777
74.0842
73.8068
73.6017
73.3865
73.0895
72.9034
72.8236
72.724
72.5782
72.4617
72.2891
97.5109
97.5024
97.4998
97.5014
97.5145
97.5143
97.4988
97.4898
97.49
97.4908
97.4941
97.5017
97.5165
97.5263
97.5363
97.5502
97.5708
97.6059
97.6662
97.6946
97.7073
97.7393
97.7968
97.9016
97.9891
98.009
98.0225
98.0396
98.039
98.025
97.9795
97.881
97.7134
97.4475
97.0227
96.4329
95.6556
94.5896
93.445
92.3521
90.9888
89.5206
88.5347
87.5833
86.251
85.0791
84.4737
83.7962
82.7099
81.8369
81.4592
80.9689
80.1384
79.4893
79.1591
78.7316
78.0363
77.4897
77.2012
76.8106
76.1888
75.8123
75.5776
75.1905
74.7707
74.5305
74.2681
73.9478
73.7181
73.4922
73.2547
73.0618
72.8536
72.702
72.6374
72.5539
72.4224
72.2955
72.1874
72.0869
97.6253
97.6142
97.6067
97.6047
97.6107
97.6142
97.6021
97.5794
97.5775
97.5787
97.5824
97.5907
97.6044
97.619
97.6346
97.6591
97.6951
97.7212
97.7653
97.8167
97.8421
97.8677
97.9194
98.0093
98.0939
98.1006
98.0859
98.0544
97.9997
97.9011
97.726
97.4502
97.0277
96.387
95.5735
94.5692
93.2517
91.9644
90.8507
89.4667
87.9668
87.0453
86.181
84.8984
83.7533
83.1875
82.5608
81.5493
80.7234
80.3857
79.9558
79.1767
78.563
78.2845
77.8996
77.2694
76.7906
76.5033
76.1223
75.5836
75.2223
75.0105
74.6755
74.2156
74.0431
73.8898
73.6169
73.3902
73.22
72.9953
72.8012
72.6745
72.568
72.4857
72.3989
72.3154
72.2494
72.1937
72.1182
72.0308
97.7264
97.7167
97.7057
97.6981
97.6982
97.7019
97.6923
97.6704
97.6686
97.6701
97.6743
97.6871
97.6922
97.7016
97.7189
97.7505
97.8001
97.8458
97.8754
97.9178
97.9596
97.9911
98.0339
98.0929
98.1216
98.109
98.0584
97.9498
97.761
97.4524
97.0096
96.3719
95.4515
94.4088
93.2306
91.7055
90.2994
89.2138
87.8669
86.3383
85.4589
84.7005
83.5212
82.4007
81.8884
81.3413
80.4091
79.6036
79.2946
78.9305
78.2417
77.6502
77.3996
77.0646
76.4956
76.0723
75.8229
75.4541
74.9852
74.6827
74.4389
74.1413
73.7942
73.574
73.4402
73.2279
73.0273
72.9165
72.7614
72.575
72.468
72.3565
72.2573
72.195
72.1549
72.1396
72.1238
72.0997
72.0627
72.0105
97.8248
97.8134
97.7988
97.785
97.7827
97.7864
97.7753
97.7553
97.7548
97.7563
97.7605
97.7689
97.7834
97.8026
97.822
97.8451
97.8915
97.9539
97.9885
98.0208
98.053
98.0689
98.0887
98.0871
98.0603
97.9743
97.7933
97.4747
96.9562
96.2711
95.3686
94.1093
92.8309
91.5556
89.9017
88.4229
87.4187
86.1768
84.6646
83.8251
83.1799
82.14
81.039
80.5788
80.1468
79.3534
78.548
78.2426
77.932
77.3359
76.7765
76.5574
76.2814
75.7673
75.375
75.1732
74.8704
74.4611
74.1991
73.9652
73.6782
73.4208
73.2399
73.1103
72.9339
72.7408
72.6825
72.6277
72.5077
72.3789
72.2888
72.1814
72.1104
72.0898
72.0724
72.054
72.0261
71.9842
71.9487
71.9102
97.9159
97.9002
97.8801
97.8589
97.8523
97.8558
97.8638
97.8586
97.856
97.857
97.8615
97.8707
97.8829
97.8999
97.9224
97.9518
98.0014
98.057
98.0804
98.0909
98.0887
98.0715
98.0265
97.9356
97.7496
97.4223
96.9114
96.1007
95.0905
93.9469
92.3945
90.8806
89.6226
87.9996
86.4345
85.5177
84.4566
82.9937
82.1539
81.6505
80.8349
79.7502
79.261
78.9329
78.3332
77.5738
77.2451
76.9728
76.4573
75.919
75.7292
75.5248
75.1028
74.7272
74.5602
74.3315
73.9803
73.7746
73.5951
73.3203
73.1246
72.9791
72.8108
72.6551
72.5256
72.472
72.4303
72.3556
72.2833
72.2363
72.1764
72.1014
72.0542
72.0297
71.997
71.9652
71.935
71.894
71.854
71.8113
97.9979
97.9793
97.956
97.9301
97.9204
97.9241
97.9426
97.9457
97.9436
97.9454
97.9522
97.9597
97.9699
97.9873
98.0114
98.0422
98.0854
98.1166
98.1114
98.0835
98.0148
97.8877
97.6738
97.2977
96.7286
95.9606
94.7883
93.3743
92.0694
90.4044
88.6083
87.3849
86.0223
84.4482
83.5481
82.6917
81.3575
80.4846
80.1199
79.5703
78.6091
78.0247
77.7637
77.344
76.6717
76.3182
76.0962
75.6756
75.1397
74.9501
74.792
74.4781
74.1437
74.0063
73.8521
73.5878
73.3934
73.2774
73.0974
72.9107
72.8022
72.678
72.5439
72.4411
72.3726
72.3314
72.2754
72.2005
72.1589
72.121
72.0622
72.0018
71.9545
71.9097
71.8685
71.8437
71.8231
71.7951
71.7632
71.7209
98.0622
98.0437
98.0242
98.0092
98.0037
98.0074
98.0252
98.0249
98.0233
98.0274
98.0402
98.0457
98.0505
98.0633
98.0795
98.103
98.1049
98.0839
98.0126
97.8553
97.5887
97.1594
96.4709
95.5762
94.4424
92.8232
91.0367
89.6889
88.0907
86.0679
84.8647
83.9351
82.6131
81.6149
80.9372
79.9047
78.939
78.6395
78.3051
77.5864
76.8865
76.6356
76.3587
75.8223
75.4064
75.2267
74.9357
74.4803
74.2857
74.1581
73.9035
73.6068
73.51
73.4202
73.2415
73.0632
72.9627
72.8388
72.686
72.5927
72.4948
72.3698
72.2995
72.254
72.2155
72.1775
72.1288
72.094
72.0731
72.0415
71.9875
71.9442
71.9139
71.8823
71.8547
71.8326
71.8079
71.7749
71.7393
71.6904
98.1129
98.094
98.0835
98.0807
98.0757
98.0774
98.0926
98.0905
98.0883
98.0938
98.1102
98.1112
98.1078
98.1083
98.1045
98.0844
98.0184
97.8585
97.5632
97.0838
96.311
95.2313
93.9665
92.3774
90.2883
88.5166
87.2772
85.7293
83.57
82.5094
81.9752
81.0938
79.9323
79.2968
78.6854
77.8151
77.4382
77.199
76.7015
75.9341
75.6288
75.4549
75.123
74.6438
74.4214
74.213
73.8581
73.6719
73.5867
73.404
73.1246
73.039
73.009
72.9236
72.8093
72.7494
72.6765
72.5611
72.4775
72.416
72.3331
72.249
72.1894
72.1493
72.1276
72.1064
72.0769
72.0561
72.0374
72.0087
71.9616
71.9239
71.897
71.8691
71.8441
71.8207
71.794
71.7602
71.7253
71.6797
98.181
98.1604
98.1474
98.1337
98.1179
98.1146
98.1229
98.1212
98.1229
98.1301
98.1413
98.1379
98.1272
98.104
98.0471
97.9083
97.6246
97.1331
96.3067
95.0921
93.6636
91.9533
89.8774
87.7305
86.3361
85.0713
83.371
81.3499
80.7117
80.4526
79.842
78.5397
77.7602
77.4931
77.1005
76.5844
76.2776
75.9077
75.1904
74.7418
74.6566
74.5134
74.1545
73.8256
73.6372
73.347
73.1253
73.0862
73.0112
72.8115
72.6902
72.675
72.6378
72.5633
72.5301
72.5026
72.4355
72.3754
72.3499
72.3127
72.2599
72.21
72.1652
72.1279
72.1052
72.0828
72.059
72.042
72.0228
71.9953
71.9553
71.9225
71.9007
71.8761
71.8487
71.8221
71.7936
71.758
71.7228
71.6785
98.2058
98.1869
98.1746
98.1596
98.1366
98.1247
98.1255
98.1296
98.146
98.1622
98.155
98.134
98.0852
97.9684
97.7133
97.2487
96.4304
95.1596
93.6122
91.7577
89.5992
87.2537
85.7165
84.4014
82.9507
80.9408
79.7704
79.5056
79.2912
78.7106
77.5301
76.5389
76.4313
76.3396
75.9581
75.4481
75.0979
74.6488
74.1327
74.0089
73.9186
73.6836
73.3387
73.2013
73.0605
72.8243
72.7694
72.7494
72.6641
72.5587
72.5438
72.5201
72.4555
72.4374
72.4315
72.4062
72.3621
72.3423
72.3217
72.2853
72.2623
72.2406
72.2118
72.1897
72.1787
72.1657
72.1483
72.1141
72.0759
72.0266
71.9775
71.9517
71.9313
71.906
71.8819
71.8618
71.8399
71.8111
71.7784
71.7453
98.2057
98.1925
98.1816
98.1653
98.1458
98.1439
98.1475
98.1564
98.1858
98.193
98.17
98.0893
97.8908
97.4999
96.756
95.5087
93.8996
91.9144
89.584
87.0453
85.3677
83.9136
82.5048
80.5966
79.2478
78.8708
78.6576
78.3032
77.4999
76.4229
75.9229
75.8629
75.766
75.4204
74.7281
74.3607
74.1799
73.9101
73.713
73.6132
73.4271
73.0938
72.9646
72.9365
72.8406
72.7163
72.6978
72.6578
72.5606
72.5419
72.5423
72.5059
72.4592
72.4592
72.459
72.4395
72.419
72.4048
72.3778
72.3405
72.3243
72.309
72.2836
72.2587
72.2438
72.2287
72.2063
72.1988
72.1776
72.1336
72.0793
72.0466
72.0224
71.9903
71.9667
71.9504
71.9339
71.9132
71.8855
71.8474
98.1826
98.1634
98.1499
98.1354
98.1268
98.1304
98.1419
98.1671
98.203
98.18
98.0615
97.7622
97.137
95.9996
94.4201
92.3834
89.9153
87.2349
85.3532
83.6533
82.1989
80.3181
79.0202
78.6321
78.3617
78.0521
77.4481
76.5128
75.8258
75.6574
75.6391
75.525
75.175
74.5511
74.0089
73.9211
73.8734
73.7238
73.5863
73.4619
73.2101
72.9706
72.9498
72.9291
72.845
72.7959
72.7716
72.7112
72.6554
72.6383
72.6394
72.622
72.5848
72.5743
72.5737
72.5656
72.5573
72.5457
72.5158
72.4736
72.4502
72.434
72.4157
72.3996
72.3858
72.3677
72.3434
72.3167
72.2814
72.2297
72.1692
72.1219
72.0962
72.0799
72.082
72.0803
72.0749
72.0634
72.0473
72.0168
98.1256
98.1245
98.1188
98.1171
98.1223
98.1364
98.1654
98.1972
98.1616
98.0063
97.5884
96.6873
95.2694
93.2769
90.6992
87.9203
85.8464
83.8854
82.2935
80.3264
79.1714
78.7578
78.4178
78.1463
77.7198
77.0504
76.2727
75.8173
75.7356
75.7113
75.5753
75.2417
74.7224
74.2201
74.0431
74.0134
73.9414
73.7777
73.6428
73.5058
73.286
73.1574
73.1377
73.1056
73.0406
73.0231
73.0019
72.9551
72.9083
72.8971
72.9031
72.9015
72.8759
72.847
72.8355
72.8252
72.8154
72.802
72.7751
72.7405
72.7093
72.6757
72.6447
72.619
72.5935
72.565
72.5315
72.4932
72.4559
72.4151
72.3666
72.3125
72.2609
72.2372
72.2352
72.236
72.2296
72.2154
72.2001
72.1876
98.0985
98.1012
98.1014
98.1028
98.1201
98.1564
98.2142
98.1832
98.0058
97.463
96.386
94.6199
92.0655
89.1792
86.8399
84.657
82.9521
80.9741
79.971
79.3575
78.9531
78.7166
78.3315
77.7497
77.1864
76.7043
76.3322
76.19
76.0754
75.8973
75.5973
75.1591
74.7509
74.5653
74.5321
74.486
74.3478
74.1514
73.9937
73.8274
73.6662
73.6397
73.634
73.6013
73.541
73.4951
73.466
73.4337
73.3846
73.3562
73.3542
73.3614
73.359
73.3339
73.2812
73.2303
73.2008
73.1794
73.164
73.1548
73.1405
73.106
73.0525
73.0023
72.9603
72.9189
72.8711
72.8129
72.7515
72.7011
72.6607
72.6226
72.5795
72.5439
72.5221
72.5069
72.4848
72.4499
72.4122
72.3644
98.0596
98.0582
98.0621
98.0799
98.1295
98.2253
98.2758
98.0912
97.4949
96.2393
94.009
91.1682
88.6083
86.1462
84.1447
82.3233
81.3619
80.5587
80.1536
79.8387
79.3488
78.7255
78.2779
77.9606
77.6139
77.2976
77.0959
76.9342
76.7316
76.4393
76.0148
75.6274
75.504
75.5004
75.4901
75.3987
75.1838
74.9229
74.7428
74.5913
74.506
74.4895
74.4735
74.4426
74.4021
74.3594
74.3227
74.2974
74.2612
74.1964
74.1299
74.1119
74.1177
74.12
74.0927
74.0268
73.953
73.8819
73.8372
73.8217
73.8144
73.8004
73.7516
73.6719
73.6007
73.5341
73.4646
73.383
73.2907
73.2091
73.1477
73.1006
73.0637
73.0317
72.9997
72.9676
72.9307
72.8767
72.8079
72.7103
98.08
98.096
98.1287
98.2024
98.3507
98.5292
98.3812
97.7941
96.3381
93.9157
91.2233
88.5729
86.2935
84.3745
83.1641
82.2445
81.827
81.4257
80.9293
80.3726
79.991
79.6494
79.262
78.9525
78.6781
78.5276
78.4364
78.2643
77.937
77.5007
77.1597
77.0209
76.9918
76.9764
76.8945
76.7252
76.4477
76.2116
76.1284
76.0623
76.0307
75.9992
75.9351
75.8481
75.7978
75.7623
75.7383
75.7249
75.7041
75.6399
75.514
75.3823
75.3132
75.297
75.2887
75.2535
75.1702
75.0564
74.9545
74.884
74.8423
74.8137
74.7767
74.7099
74.6086
74.5
74.3855
74.2688
74.154
74.0513
73.9625
73.8848
73.8254
73.7854
73.7479
73.6977
73.6303
73.5443
73.4551
73.3174
98.1354
98.1695
98.2565
98.4555
98.8851
98.8726
98.3777
96.9201
94.704
91.9722
89.2807
87.2879
85.8102
84.5763
83.9961
83.5312
83.0151
82.613
82.445
82.1967
81.7852
81.3311
81.027
80.8688
80.7386
80.6378
80.4901
80.2323
79.8457
79.4698
79.3142
79.2743
79.2692
79.2296
79.0933
78.8202
78.498
78.3703
78.3437
78.3441
78.3584
78.3338
78.2496
78.1162
77.9942
77.9055
77.8449
77.8228
77.8136
77.7822
77.6772
77.4842
77.2775
77.1341
77.0615
77.0196
76.9632
76.8866
76.7951
76.6948
76.6093
76.5298
76.4568
76.3704
76.2444
76.0775
75.8872
75.6925
75.5219
75.3915
75.2924
75.206
75.1284
75.0578
74.9816
74.8918
74.7786
74.6375
74.4916
74.2662
98.3264
98.4634
98.7451
99.247
99.8765
99.5889
98.4171
96.2667
93.7235
91.1189
88.9729
87.6909
86.9237
86.2668
85.6667
85.4853
85.532
85.4515
85.1819
84.7694
84.4413
84.2421
84.1017
83.9487
83.8102
83.736
83.5926
83.257
82.8136
82.6283
82.5913
82.5985
82.602
82.535
82.3591
82.0255
81.6986
81.5642
81.5099
81.5108
81.5345
81.5399
81.5156
81.4595
81.362
81.232
81.0855
80.9498
80.8401
80.7472
80.6447
80.4847
80.2554
80.0211
79.831
79.6931
79.593
79.5068
79.4266
79.3495
79.2555
79.1381
79.0001
78.8351
78.6379
78.4022
78.1327
77.8551
77.6073
77.4137
77.2758
77.1743
77.0868
76.9987
76.8942
76.7594
76.5843
76.3608
76.1266
75.8048
98.7491
99.1332
99.8012
100.97
101.269
100.537
98.526
96.0628
93.8079
91.6567
90.7643
90.2646
89.6937
89.4964
89.5766
89.5177
89.338
89.1071
89.0309
88.9372
88.7212
88.4302
88.3551
88.323
88.2582
88.1279
87.8804
87.4664
87.2105
87.1616
87.1441
87.1422
87.1064
87.0068
86.7708
86.4251
86.1986
86.078
86.0162
85.9654
85.9513
85.9423
85.9237
85.9052
85.8687
85.7734
85.6009
85.3895
85.1594
84.9183
84.6909
84.4717
84.24
84.0032
83.7795
83.5886
83.4404
83.3212
83.2177
83.1215
83.0117
82.8724
82.696
82.4666
82.1701
81.8134
81.422
81.0485
80.753
80.5321
80.36
80.2174
80.0866
79.9511
79.7903
79.5844
79.3264
79.001
78.6794
78.2315
99.6491
100.542
101.919
103.793
103.592
102.401
100.057
97.9415
96.6749
95.2648
94.6264
94.7678
95.1494
95.1357
94.9287
94.7119
94.7043
94.6608
94.5529
94.3802
94.2503
94.1891
94.0826
93.8961
93.7784
93.7055
93.508
93.1507
92.9474
92.8999
92.9003
92.8936
92.8456
92.6929
92.3915
92.1251
91.9702
91.9021
91.8587
91.7724
91.6846
91.6174
91.5652
91.5314
91.5087
91.4429
91.2745
91.0177
90.7205
90.4018
90.0807
89.7713
89.4736
89.1995
88.9593
88.7672
88.6275
88.5215
88.4225
88.3035
88.1455
87.9408
87.6872
87.375
86.9892
86.5272
86.0154
85.5336
85.1751
84.9371
84.7624
84.6055
84.4432
84.2567
84.0257
83.7318
83.3568
82.8922
82.4422
81.8529
101.337
103.15
105.868
107.777
107.273
105.735
103.39
102.221
101.465
100.808
100.95
101.242
101.495
101.666
101.721
101.605
101.304
101.061
101.084
101.099
101.003
100.84
100.671
100.52
100.441
100.348
100.133
99.8389
99.7491
99.7383
99.7233
99.683
99.565
99.3014
99.0012
98.8191
98.7727
98.8016
98.7874
98.7011
98.5517
98.4391
98.3801
98.3319
98.2966
98.2371
98.0776
97.7782
97.3952
97.0059
96.6469
96.3338
96.0483
95.7825
95.5532
95.3622
95.2225
95.122
95.0279
94.9075
94.7316
94.4828
94.1591
93.756
93.2722
92.7273
92.1607
91.6549
91.2831
91.0234
90.8219
90.64
90.4454
90.2132
89.9198
89.5386
89.0629
88.4737
87.9247
87.2343
104.354
107.816
112.374
113.069
112.357
110.692
108.384
107.976
108.12
108.154
108.224
108.469
108.947
109.115
109.027
108.831
108.573
108.38
108.301
108.242
108.207
108.161
107.982
107.698
107.628
107.592
107.459
107.257
107.202
107.197
107.195
107.147
106.93
106.548
106.31
106.252
106.314
106.474
106.508
106.473
106.318
106.131
106.05
105.986
105.934
105.873
105.736
105.451
105.046
104.63
104.27
103.985
103.759
103.561
103.415
103.298
103.194
103.107
103.016
102.885
102.683
102.394
102.024
101.576
101.054
100.488
99.9296
99.4645
99.1413
98.9137
98.7199
98.5221
98.2966
98.0236
97.6732
97.2226
96.6518
95.9623
95.3447
94.5924
109.437
115.368
120.075
119.64
118.549
116.661
114.797
114.951
115.501
115.981
116.204
116.264
116.366
116.506
116.539
116.434
116.12
115.786
115.754
115.762
115.737
115.657
115.456
115.22
115.184
115.164
115.093
115.017
115.023
115.047
115.051
114.962
114.659
114.284
114.146
114.17
114.366
114.66
114.785
114.804
114.712
114.507
114.386
114.321
114.272
114.222
114.114
113.87
113.503
113.131
112.854
112.678
112.56
112.461
112.422
112.408
112.361
112.3
112.224
112.099
111.89
111.582
111.19
110.743
110.26
109.779
109.336
108.975
108.711
108.506
108.321
108.123
107.886
107.59
107.212
106.724
106.118
105.391
104.766
104.044
117.094
125.557
127.944
126.872
125.424
123.416
122.178
122.523
123.459
124.167
124.194
124.104
124.071
124.12
124.108
124.015
123.779
123.469
123.353
123.321
123.332
123.312
123.136
122.918
122.906
122.95
122.984
122.999
123.034
123.109
123.14
123.042
122.729
122.443
122.383
122.48
122.834
123.272
123.538
123.637
123.608
123.464
123.295
123.224
123.194
123.181
123.131
122.967
122.691
122.428
122.279
122.265
122.302
122.358
122.45
122.566
122.567
122.533
122.48
122.379
122.192
121.908
121.552
121.175
120.804
120.471
120.196
119.977
119.799
119.633
119.455
119.25
119.002
118.695
118.305
117.806
117.191
116.476
115.885
115.2
127.294
136.138
135.92
134.199
132.746
130.786
130.157
130.558
131.63
132.378
132.351
132.1
131.816
131.801
131.812
131.751
131.523
131.192
131.075
131.071
131.1
131.095
130.968
130.843
130.858
130.963
131.104
131.2
131.295
131.441
131.508
131.428
131.188
131.044
131.066
131.276
131.774
132.363
132.791
132.992
133.013
132.953
132.807
132.707
132.712
132.771
132.815
132.77
132.638
132.55
132.571
132.723
132.954
133.169
133.408
133.649
133.736
133.723
133.701
133.637
133.494
133.265
132.99
132.734
132.534
132.385
132.278
132.178
132.069
131.936
131.766
131.555
131.296
130.978
130.582
130.089
129.497
128.828
128.29
127.649
139.278
145.722
144.073
141.575
140.508
138.832
138.47
138.836
139.991
140.663
140.557
140.172
139.755
139.676
139.657
139.6
139.422
139.146
139.022
139.021
139.097
139.169
139.104
139.057
139.119
139.329
139.598
139.761
139.918
140.146
140.304
140.285
140.184
140.178
140.303
140.672
141.305
142.039
142.621
142.932
143.025
143.019
142.947
142.86
142.901
143.061
143.248
143.351
143.398
143.486
143.694
144.057
144.461
144.831
145.2
145.542
145.711
145.72
145.717
145.693
145.608
145.455
145.292
145.182
145.161
145.172
145.194
145.174
145.114
144.999
144.821
144.589
144.31
143.979
143.578
143.095
142.533
141.923
141.431
140.796
151.829
154.58
151.866
149.278
148.744
147.458
147.034
147.317
148.431
149.016
148.878
148.402
147.878
147.742
147.731
147.705
147.58
147.375
147.308
147.342
147.483
147.652
147.68
147.728
147.878
148.215
148.605
148.854
149.097
149.423
149.691
149.784
149.856
150
150.279
150.796
151.551
152.415
153.141
153.542
153.709
153.772
153.77
153.767
153.871
154.147
154.493
154.769
154.991
155.252
155.66
156.192
156.728
157.215
157.685
158.084
158.298
158.333
158.336
158.339
158.305
158.231
158.183
158.217
158.329
158.459
158.542
158.545
158.5
158.381
158.18
157.914
157.605
157.253
156.842
156.366
155.833
155.271
154.808
154.157
163.671
163.376
159.597
157.413
157.389
156.504
155.822
155.998
157.008
157.501
157.341
156.835
156.305
156.15
156.144
156.173
156.153
156.081
156.09
156.187
156.437
156.736
156.886
157.038
157.312
157.8
158.319
158.662
159.002
159.448
159.844
160.085
160.331
160.653
161.098
161.748
162.621
163.605
164.441
164.903
165.13
165.276
165.363
165.455
165.665
166.05
166.527
166.959
167.332
167.759
168.329
168.968
169.581
170.14
170.656
171.052
171.264
171.313
171.315
171.337
171.342
171.34
171.388
171.526
171.734
171.914
171.997
171.993
171.929
171.78
171.538
171.231
170.888
170.512
170.088
169.614
169.1
168.569
168.116
167.431
174.527
172.455
167.352
166.08
166.382
165.768
164.864
164.933
165.813
166.239
166.08
165.608
165.166
165.056
165.087
165.215
165.348
165.434
165.558
165.779
166.169
166.61
166.902
167.184
167.603
168.251
168.896
169.342
169.79
170.367
170.89
171.282
171.701
172.207
172.818
173.59
174.579
175.662
176.536
177.027
177.303
177.521
177.705
177.889
178.195
178.681
179.247
179.792
180.282
180.835
181.507
182.196
182.827
183.403
183.915
184.261
184.432
184.477
184.478
184.507
184.542
184.595
184.714
184.922
185.178
185.346
185.396
185.366
185.258
185.058
184.768
184.419
184.044
183.647
183.211
182.736
182.231
181.715
181.26
180.543
184.698
181.392
175.552
175.174
175.696
175.21
174.195
174.198
174.999
175.434
175.303
174.942
174.691
174.68
174.785
175.067
175.401
175.668
175.941
176.316
176.872
177.471
177.904
178.324
178.896
179.709
180.468
181.003
181.555
182.27
182.918
183.444
184.016
184.687
185.456
186.337
187.407
188.528
189.359
189.849
190.173
190.433
190.695
190.96
191.336
191.888
192.509
193.113
193.686
194.31
195.022
195.713
196.319
196.862
197.331
197.596
197.713
197.742
197.739
197.773
197.831
197.924
198.089
198.339
198.591
198.716
198.721
198.651
198.486
198.227
197.888
197.504
197.106
196.693
196.249
195.77
195.269
194.758
194.299
193.559
194.52
190.329
184.445
184.591
185.365
184.929
183.935
183.952
184.79
185.357
185.307
185.145
185.155
185.265
185.518
185.999
186.552
187.004
187.444
187.993
188.717
189.465
190.03
190.581
191.305
192.265
193.103
193.71
194.358
195.2
195.952
196.584
197.284
198.09
198.992
199.93
201.013
202.092
202.817
203.291
203.649
203.924
204.237
204.563
204.98
205.561
206.204
206.822
207.444
208.089
208.794
209.449
209.998
210.481
210.881
211.058
211.121
211.132
211.124
211.164
211.239
211.36
211.556
211.823
212.028
212.096
212.062
211.94
211.714
211.401
211.023
210.618
210.209
209.789
209.341
208.859
208.36
207.854
207.396
206.65
204.597
199.461
194.011
194.434
195.456
195.111
194.328
194.483
195.55
196.352
196.455
196.571
196.835
197.128
197.554
198.248
199.012
199.637
200.239
200.959
201.839
202.706
203.375
204.039
204.901
205.972
206.843
207.496
208.222
209.156
209.966
210.673
211.467
212.373
213.356
214.292
215.311
216.272
216.854
217.31
217.683
217.961
218.299
218.664
219.091
219.672
220.306
220.907
221.555
222.187
222.847
223.442
223.909
224.33
224.641
224.748
224.768
224.767
224.756
224.802
224.893
225.037
225.255
225.511
225.648
225.663
225.588
225.411
225.135
224.784
224.389
223.984
223.58
223.163
222.718
222.239
221.747
221.251
220.804
220.071
215.425
208.819
204.257
204.856
206.18
206.094
205.758
206.24
207.757
208.816
209.13
209.529
210.053
210.52
211.116
212.006
212.942
213.709
214.458
215.331
216.332
217.271
218.006
218.76
219.737
220.864
221.719
222.392
223.165
224.134
224.948
225.698
226.556
227.524
228.525
229.405
230.276
231.065
231.501
231.944
232.305
232.599
232.946
233.331
233.744
234.296
234.895
235.468
236.116
236.733
237.321
237.836
238.216
238.571
238.797
238.86
238.856
238.85
238.84
238.894
239.001
239.165
239.394
239.613
239.684
239.651
239.529
239.308
239
238.633
238.244
237.859
237.477
237.075
236.64
236.173
235.699
235.226
234.804
234.102
226.53
218.583
215.331
216.118
217.953
218.441
218.761
219.834
221.904
223.128
223.631
224.274
225.01
225.614
226.349
227.39
228.443
229.316
230.186
231.18
232.249
233.203
233.968
234.785
235.84
236.96
237.762
238.426
239.212
240.146
240.92
241.693
242.592
243.583
244.538
245.31
245.968
246.551
246.865
247.284
247.636
247.961
248.31
248.691
249.076
249.565
250.107
250.648
251.277
251.875
252.382
252.805
253.107
253.393
253.556
253.603
253.592
253.583
253.58
253.643
253.764
253.942
254.167
254.33
254.344
254.273
254.109
253.856
253.535
253.176
252.815
252.466
252.117
251.74
251.328
250.886
250.445
250.01
249.625
248.975
237.884
229.155
227.516
228.743
231.464
232.857
233.963
235.785
238.228
239.452
240.073
240.887
241.755
242.449
243.282
244.413
245.514
246.452
247.413
248.481
249.553
250.465
251.228
252.081
253.163
254.214
254.936
255.567
256.322
257.151
257.851
258.635
259.564
260.543
261.403
262.016
262.423
262.775
262.986
263.374
263.739
264.101
264.449
264.805
265.144
265.534
265.995
266.497
267.098
267.66
268.087
268.418
268.658
268.879
269.015
269.068
269.058
269.048
269.053
269.128
269.259
269.444
269.65
269.751
269.727
269.624
269.432
269.167
268.856
268.527
268.212
267.914
267.61
267.274
266.9
266.502
266.111
265.732
265.397
264.82
249.116
241.002
241.276
243.562
247.515
249.909
251.777
254.141
256.462
257.54
258.216
259.119
260.028
260.773
261.658
262.786
263.853
264.808
265.81
266.883
267.881
268.689
269.407
270.25
271.282
272.198
272.817
273.384
274.039
274.671
275.265
276.053
276.999
277.948
278.7
279.13
279.253
279.329
279.455
279.823
280.227
280.637
280.988
281.31
281.578
281.833
282.179
282.63
283.192
283.719
284.076
284.323
284.514
284.692
284.842
284.924
284.924
284.914
284.927
285.013
285.151
285.333
285.513
285.563
285.522
285.404
285.21
284.965
284.694
284.422
284.173
283.944
283.706
283.434
283.124
282.794
282.473
282.167
281.894
281.419
260.601
254.952
257.29
261.331
266.224
269.185
271.419
273.749
275.421
276.355
277.064
277.942
278.77
279.499
280.335
281.296
282.197
283.077
284.022
284.997
285.828
286.452
287.059
287.817
288.697
289.411
289.9
290.359
290.824
291.155
291.603
292.378
293.308
294.208
294.878
295.162
295.013
294.734
294.806
295.157
295.617
296.079
296.45
296.739
296.921
297.018
297.211
297.591
298.095
298.607
298.916
299.089
299.241
299.4
299.602
299.734
299.756
299.748
299.768
299.858
299.995
300.165
300.319
300.348
300.311
300.208
300.049
299.866
299.675
299.49
299.329
299.187
299.038
298.856
298.639
298.402
298.169
297.951
297.755
297.418
271.602
270.836
275.426
280.598
285.327
288.34
290.57
292.119
292.704
293.391
294.009
294.639
295.214
295.801
296.424
297.029
297.62
298.303
299.066
299.832
300.431
300.82
301.254
301.849
302.494
302.982
303.33
303.644
303.868
303.864
304.145
304.862
305.717
306.539
307.153
307.368
307.02
306.398
306.435
306.752
307.248
307.742
308.128
308.39
308.498
308.447
308.49
308.783
309.217
309.715
309.996
310.111
310.233
310.384
310.642
310.822
310.869
310.864
310.885
310.971
311.097
311.246
311.379
311.414
311.397
311.333
311.238
311.14
311.047
310.959
310.888
310.834
310.777
310.692
310.575
310.434
310.293
310.16
310.042
309.861
283.836
287.047
291.979
296.577
300.309
302.916
304.754
305.186
304.717
305.014
305.363
305.601
305.854
306.236
306.587
306.817
307.093
307.545
308.091
308.637
309.027
309.215
309.482
309.906
310.333
310.644
310.875
311.062
311.098
310.857
311.01
311.636
312.382
313.107
313.669
313.863
313.433
312.611
312.628
312.896
313.391
313.878
314.253
314.492
314.557
314.421
314.365
314.592
314.965
315.432
315.7
315.774
315.877
316.021
316.302
316.507
316.568
316.565
316.584
316.662
316.774
316.903
317.021
317.068
317.072
317.045
317.004
316.975
316.954
316.935
316.925
316.93
316.937
316.92
316.873
316.801
316.723
316.651
316.586
316.526
294.918
298.448
300.762
304.453
307.52
309.897
311.443
310.979
309.711
309.694
309.808
309.788
309.85
310.098
310.284
310.314
310.422
310.741
311.16
311.584
311.866
311.952
312.128
312.457
312.774
312.999
313.169
313.289
313.25
312.915
313.014
313.58
314.252
314.91
315.435
315.615
315.169
314.299
314.314
314.553
315.032
315.499
315.852
316.074
316.123
315.959
315.872
316.072
316.412
316.856
317.113
317.169
317.264
317.402
317.684
317.889
317.953
317.95
317.967
318.04
318.143
318.261
318.373
318.425
318.439
318.429
318.412
318.411
318.419
318.428
318.441
318.469
318.5
318.508
318.488
318.443
318.392
318.345
318.301
318.294
)
;

boundaryField
{
    inlet
    {
        type            fixedValue;
        value           uniform 68;
    }
    outlet
    {
        type            zeroGradient;
    }
    bottom
    {
        type            fixedValue;
        value           uniform 300;
    }
    top
    {
        type            fixedValue;
        value           uniform 300;
    }
    upstream
    {
        type            symmetryPlane;
    }
    defaultFaces
    {
        type            empty;
    }
}


// ************************************************************************* //
