/*--------------------------------*- C++ -*----------------------------------*\
  =========                 |
  \\      /  F ield         | OpenFOAM: The Open Source CFD Toolbox
   \\    /   O peration     | Website:  https://openfoam.org
    \\  /    A nd           | Version:  13
     \\/     M anipulation  |
\*---------------------------------------------------------------------------*/
FoamFile
{
    format      ascii;
    class       volScalarField;
    location    "0.001";
    object      omega;
}
// * * * * * * * * * * * * * * * * * * * * * * * * * * * * * * * * * * * * * //

dimensions      [0 0 -1 0 0 0 0];

internalField   nonuniform List<scalar> 
16072
(
6.69693e+06
7.14406e+06
7.00279e+06
6.64749e+06
6.79409e+06
6.86795e+06
2.1936e+06
2.90665e+06
2.89579e+06
2.82939e+06
2.92489e+06
3.13691e+06
482722
1.21814e+06
1.34932e+06
1.33346e+06
1.37622e+06
1.52976e+06
45557.1
339924
615259
696769
712973
743346
4223.86
52672.6
181273
303837
370692
398990
1728.37
7781.73
33529.2
87072.5
143536
184844
1634.82
2214.87
6248.93
17682.5
39376.5
63041.4
1616.13
1769.27
2285.16
4386.74
9467.93
19212
1610.83
1691.23
1858.89
2211.73
3333.09
5772.35
1608.64
1658.72
1917.54
1987.17
2249.71
2758.19
1607.68
1626.5
1726.06
1941.05
2005.93
2169.94
1607.18
1613.25
1680.76
1918.17
1978.26
2032.33
1606.75
1608.8
1632.97
1731.35
1957.52
2002.22
1606.44
1607.01
1615.23
1673.39
1885.46
1986.78
1606.39
1606.23
1608.4
1629.97
1711.2
1894.39
1606.68
1605.65
1606.14
1611.67
1655.98
1806.46
1606.7
1605.6
1605.22
1606.61
1618.23
1676.8
1606.48
1605.89
1604.71
1604.87
1607.61
1622.35
1606.62
1605.67
1604.9
1604.02
1604.42
1608.39
1606.59
1605.72
1604.81
1603.99
1603.32
1604.06
1606.5
1605.84
1604.68
1604.1
1602.93
1602.72
1606.68
1605.6
1604.92
1603.78
1603.2
1602.02
1606.53
1605.8
1604.72
1604.03
1602.91
1602.3
1606.65
1605.64
1604.87
1603.84
1603.1
1602.04
1606.55
1605.77
1604.74
1603.99
1602.94
1602.22
1606.68
1605.62
1604.89
1603.82
1603.11
1602.03
1606.61
1605.7
1604.81
1603.91
1603.02
1602.12
1606.55
1605.77
1604.74
1603.98
1602.95
1602.2
1606.6
1605.71
1604.8
1603.93
1603.01
1602.14
1606.69
1605.62
1604.9
1603.82
1603.11
1602.03
1606.7
1605.61
1604.91
1603.81
1603.12
1602.02
1606.7
1605.61
1604.9
1603.81
1603.12
1602.02
1606.69
1605.61
1604.89
1603.81
1603.1
1602.01
1606.66
1605.62
1604.85
1603.79
1603.03
1601.98
1606.57
1605.68
1604.72
1603.84
1602.88
1602
1606.54
1605.69
1604.66
1603.81
1602.79
1601.94
1606.6
1605.6
1604.7
1603.7
1602.8
1601.81
1606.58
1605.6
1604.66
1603.69
1602.74
1601.77
1606.55
1605.62
1604.62
1603.69
1602.69
1601.77
1606.57
1605.59
1604.63
1603.64
1602.69
1601.71
1606.57
1605.58
1604.62
1603.63
1602.68
1601.68
1606.56
1605.58
1604.61
1603.63
1602.66
1601.68
1606.56
1605.59
1604.61
1603.64
1602.67
1601.71
1606.56
1605.6
1604.61
1603.66
1602.68
1601.74
1606.57
1605.59
1604.64
1603.66
1602.72
1601.75
1606.57
1605.6
1604.65
1603.69
1602.75
1601.79
1606.58
1605.61
1604.67
1603.71
1602.79
1601.84
1606.57
1605.63
1604.69
1603.76
1602.83
1601.91
1606.55
1605.67
1604.68
1603.83
1602.85
1602.01
1606.57
1605.68
1604.73
1603.85
1602.92
1602.06
1606.61
1605.66
1604.78
1603.85
1602.99
1602.06
1606.62
1605.66
1604.81
1603.87
1603.02
1602.08
1606.61
1605.68
1604.81
1603.89
1603.01
1602.11
1606.58
1605.71
1604.79
1603.92
1602.99
1602.14
1606.58
1605.73
1604.78
1603.94
1602.99
1602.15
1606.58
1605.72
1604.79
1603.93
1602.99
1602.15
1606.59
1605.72
1604.8
1603.92
1603.01
1602.14
1606.6
1605.71
1604.81
1603.91
1603.02
1602.12
1606.61
1605.7
1604.81
1603.9
1603.03
1602.12
1606.61
1605.7
1604.82
1603.9
1603.03
1602.11
1606.61
1605.7
1604.82
1603.9
1603.03
1602.11
1606.61
1605.7
1604.82
1603.9
1603.03
1602.11
1606.61
1605.7
1604.81
1603.91
1603.03
1602.12
1606.61
1605.7
1604.81
1603.91
1603.02
1602.12
1606.6
1605.71
1604.8
1603.92
1603.02
1602.13
1606.6
1605.72
1604.8
1603.93
1603.01
1602.14
1606.59
1605.72
1604.8
1603.93
1603.01
1602.14
1606.59
1605.72
1604.8
1603.92
1603.02
1602.13
1606.59
1605.73
1604.78
1603.94
1602.98
1602.17
1606.59
1605.72
1604.79
1603.94
1602.97
1602.21
1606.6
1605.7
1604.83
1603.87
1603.08
1602.06
1606.57
1605.73
1604.8
1603.9
1603.09
1601.91
1606.52
1605.81
1604.7
1604.07
1602.73
1602.55
1606.51
1605.83
1604.67
1604.07
1602.64
1604.91
1606.53
1605.82
1604.68
1604.08
1602.64
1612.36
1606.58
1605.75
1604.74
1604.05
1602.7
1639.3
1606.64
1605.66
1604.87
1603.83
1603.02
1744.15
1606.69
1605.59
1604.95
1603.58
1603.74
1895.22
1606.72
1605.57
1604.96
1603.52
1605.33
2025.18
1606.73
1605.56
1604.96
1603.52
1610.47
2728.9
1606.74
1605.55
1604.96
1603.54
1625.37
9983.78
1606.74
1605.55
1604.95
1603.57
1651.42
69390.8
5.83769e+06
7.03611e+06
7.26784e+06
7.38899e+06
6.30575e+06
7.52062e+06
6.47843e+06
6.56805e+06
7.86615e+06
8.00274e+06
8.06763e+06
6.92206e+06
8.34482e+06
8.40338e+06
8.44685e+06
7.2855e+06
8.71636e+06
8.76706e+06
7.57767e+06
7.67583e+06
7.77554e+06
7.87707e+06
9.38596e+06
9.5627e+06
9.66431e+06
8.28884e+06
8.39337e+06
8.49905e+06
8.60614e+06
1.0264e+07
1.03703e+07
8.93472e+06
9.04568e+06
9.15773e+06
9.27009e+06
9.38378e+06
9.49808e+06
9.61234e+06
9.72798e+06
9.84405e+06
9.96247e+06
1.00835e+07
1.01993e+07
1.03163e+07
1.0434e+07
1.05479e+07
1.06582e+07
1.07917e+07
1.09519e+07
1.11092e+07
1.12597e+07
1.1406e+07
1.15497e+07
1.16912e+07
1.18318e+07
1.19721e+07
1.21114e+07
1.22503e+07
1.23894e+07
1.25285e+07
1.26676e+07
1.28072e+07
1.29475e+07
1.30883e+07
1.32297e+07
1.33718e+07
1.35144e+07
1.36574e+07
1.38007e+07
1.39446e+07
1.40893e+07
1.4235e+07
1.43819e+07
1.45301e+07
1.46793e+07
1.48293e+07
1.49798e+07
1.51309e+07
1.52825e+07
1.54346e+07
1.55873e+07
1.57408e+07
1.58955e+07
1.60511e+07
1.62077e+07
1.63648e+07
1.65227e+07
1.66808e+07
1.68396e+07
1.69986e+07
1.71584e+07
1.73186e+07
1.748e+07
1.76424e+07
1.78059e+07
1.79699e+07
1.81344e+07
1.82989e+07
1.84637e+07
1.86287e+07
1.87941e+07
1.89597e+07
1.91264e+07
1.92934e+07
1.94619e+07
1.96303e+07
1.98005e+07
1.99689e+07
2.01393e+07
2.03093e+07
3.35657e+06
3.46516e+06
3.48165e+06
3.45902e+06
3.41038e+06
3.34518e+06
3.25615e+06
3.18327e+06
3.14378e+06
3.11108e+06
3.08987e+06
3.06869e+06
3.06382e+06
3.06033e+06
3.06133e+06
3.05872e+06
3.07475e+06
3.08893e+06
3.09577e+06
3.11299e+06
3.13048e+06
3.15202e+06
3.17385e+06
3.19291e+06
3.21355e+06
3.2308e+06
3.24618e+06
3.26556e+06
3.28912e+06
3.32159e+06
3.34431e+06
3.35247e+06
3.36647e+06
3.38707e+06
3.41045e+06
3.4266e+06
3.45827e+06
3.47483e+06
3.49387e+06
3.51559e+06
3.54559e+06
3.56365e+06
3.60183e+06
3.62707e+06
3.6435e+06
3.65765e+06
3.65449e+06
3.65831e+06
3.6926e+06
3.74084e+06
3.78754e+06
3.82913e+06
3.86677e+06
3.90137e+06
3.93414e+06
3.96555e+06
3.99558e+06
4.0247e+06
4.05318e+06
4.08101e+06
4.1083e+06
4.13537e+06
4.16217e+06
4.18875e+06
4.21508e+06
4.24135e+06
4.26744e+06
4.29346e+06
4.31951e+06
4.34574e+06
4.37188e+06
4.398e+06
4.42413e+06
4.45041e+06
4.47671e+06
4.50314e+06
4.52959e+06
4.55615e+06
4.58269e+06
4.60928e+06
4.6359e+06
4.66257e+06
4.68932e+06
4.7161e+06
4.74308e+06
4.77005e+06
4.79716e+06
4.82418e+06
4.85134e+06
4.87845e+06
4.90567e+06
4.93288e+06
4.96026e+06
4.98759e+06
5.01508e+06
5.04254e+06
5.07006e+06
5.09747e+06
5.12488e+06
5.15222e+06
5.17959e+06
5.20694e+06
5.23447e+06
5.26194e+06
5.28978e+06
5.31735e+06
5.34562e+06
5.3729e+06
5.40276e+06
5.4279e+06
1.79634e+06
1.94898e+06
2.00045e+06
1.98433e+06
1.93502e+06
1.84635e+06
1.76804e+06
1.72033e+06
1.69334e+06
1.67525e+06
1.66214e+06
1.65342e+06
1.6482e+06
1.64578e+06
1.64624e+06
1.64929e+06
1.6554e+06
1.66335e+06
1.6722e+06
1.682e+06
1.69264e+06
1.70428e+06
1.71581e+06
1.72827e+06
1.741e+06
1.7539e+06
1.76684e+06
1.78006e+06
1.79392e+06
1.80731e+06
1.82109e+06
1.83189e+06
1.84014e+06
1.84822e+06
1.8565e+06
1.86481e+06
1.87393e+06
1.8834e+06
1.89259e+06
1.90211e+06
1.91326e+06
1.92203e+06
1.93669e+06
1.94683e+06
1.95444e+06
1.96249e+06
1.96923e+06
1.97827e+06
1.99813e+06
2.02942e+06
2.06012e+06
2.08723e+06
2.111e+06
2.13211e+06
2.15152e+06
2.16981e+06
2.18703e+06
2.20355e+06
2.21956e+06
2.23505e+06
2.25004e+06
2.26479e+06
2.27926e+06
2.2935e+06
2.30745e+06
2.32129e+06
2.3349e+06
2.3484e+06
2.36194e+06
2.37554e+06
2.38906e+06
2.40256e+06
2.41596e+06
2.42935e+06
2.44265e+06
2.456e+06
2.4693e+06
2.48266e+06
2.49595e+06
2.50925e+06
2.5225e+06
2.53574e+06
2.54893e+06
2.56214e+06
2.57547e+06
2.5888e+06
2.60217e+06
2.61549e+06
2.62883e+06
2.64213e+06
2.65543e+06
2.66872e+06
2.68204e+06
2.6953e+06
2.70855e+06
2.72176e+06
2.73497e+06
2.74813e+06
2.76125e+06
2.77433e+06
2.78732e+06
2.80029e+06
2.81324e+06
2.82617e+06
2.83917e+06
2.85209e+06
2.86527e+06
2.87809e+06
2.89175e+06
2.90561e+06
855268
1.02155e+06
1.14902e+06
1.21798e+06
1.24413e+06
1.23678e+06
1.21279e+06
1.17475e+06
1.13559e+06
1.10084e+06
1.07361e+06
1.05446e+06
1.04229e+06
1.03505e+06
1.03156e+06
1.03104e+06
1.0327e+06
1.03574e+06
1.03971e+06
1.04441e+06
1.05007e+06
1.05673e+06
1.06369e+06
1.07138e+06
1.07938e+06
1.08759e+06
1.09604e+06
1.1048e+06
1.11399e+06
1.12314e+06
1.1327e+06
1.14163e+06
1.14901e+06
1.15547e+06
1.16161e+06
1.16763e+06
1.17377e+06
1.18022e+06
1.18662e+06
1.19318e+06
1.20012e+06
1.20666e+06
1.21551e+06
1.22204e+06
1.22802e+06
1.23342e+06
1.23964e+06
1.24148e+06
1.24342e+06
1.25057e+06
1.2617e+06
1.27375e+06
1.28587e+06
1.29749e+06
1.30873e+06
1.31971e+06
1.33024e+06
1.34049e+06
1.35062e+06
1.36052e+06
1.37013e+06
1.37966e+06
1.3891e+06
1.39842e+06
1.40757e+06
1.41668e+06
1.42563e+06
1.43458e+06
1.44364e+06
1.4528e+06
1.46192e+06
1.47101e+06
1.48e+06
1.48896e+06
1.49781e+06
1.50669e+06
1.51552e+06
1.52441e+06
1.53325e+06
1.54211e+06
1.55094e+06
1.55976e+06
1.56854e+06
1.57727e+06
1.58597e+06
1.59465e+06
1.60337e+06
1.61207e+06
1.62079e+06
1.62951e+06
1.63822e+06
1.64694e+06
1.65568e+06
1.66439e+06
1.67308e+06
1.68175e+06
1.69041e+06
1.69907e+06
1.70771e+06
1.71636e+06
1.72492e+06
1.73348e+06
1.74199e+06
1.75048e+06
1.75894e+06
1.76744e+06
1.7759e+06
1.78466e+06
1.79265e+06
1.80379e+06
427774
486039
568778
655453
730308
783948
819716
834185
831086
820226
801474
781686
763025
747342
735722
727973
723467
720908
720056
720271
721792
724460
727715
731583
735801
740331
745219
750364
755927
761653
767589
773869
779831
785239
790270
795040
799768
804615
809502
814395
819520
824563
830641
835502
840665
844782
849960
849972
848061
845867
846385
849102
853526
858629
864241
870177
876152
882178
888329
894487
900550
906646
912790
918928
925000
931079
937122
943131
949141
955252
961355
967454
973479
979472
985370
991286
997167
1.0031e+06
1.00899e+06
1.01491e+06
1.02082e+06
1.02674e+06
1.03263e+06
1.03848e+06
1.04431e+06
1.0501e+06
1.05593e+06
1.06173e+06
1.06758e+06
1.07341e+06
1.07925e+06
1.0851e+06
1.09098e+06
1.09684e+06
1.10267e+06
1.10851e+06
1.11432e+06
1.12015e+06
1.12596e+06
1.13184e+06
1.13761e+06
1.14345e+06
1.14917e+06
1.15499e+06
1.16058e+06
1.1665e+06
1.17185e+06
1.17834e+06
1.18269e+06
1.19164e+06
216407
247656
277320
312391
362030
414493
468734
521975
563603
589170
601576
601540
598222
590470
580637
570875
561963
554074
548031
543762
541290
540307
540327
541076
542429
544287
546608
549218
552224
555503
558903
562707
566785
570809
574688
578364
581992
585623
589346
593001
596846
600745
605013
608691
613014
616454
620652
621310
619503
616026
613253
612249
612542
613917
616123
618888
621969
625276
628849
632570
636323
640179
644161
648211
652276
656383
660524
664659
668749
672923
677109
681328
685497
689653
693723
697817
701870
705975
710049
714160
718265
722393
726506
730592
734648
738679
742727
746763
750831
754897
758966
763060
767170
771276
775342
779428
783465
787561
791598
795767
799775
803968
807914
812130
815903
820263
823710
828589
831300
837874
84503.5
110580
132489
147817
170700
195859
223708
259371
302890
346560
387627
420095
442829
455693
461461
461289
459527
455423
449773
443904
438539
434208
430934
428732
427368
426874
426968
427543
428613
430079
431741
433696
436028
438587
441244
443857
446497
449125
451860
454537
457373
460314
463318
466085
469466
472410
475590
477287
476382
474098
471084
468826
467423
466947
467101
467873
469100
470604
472437
474490
476653
478962
481433
484022
486673
489402
492194
495043
497871
500784
503722
506723
509700
512685
515598
518539
521442
524399
527330
530306
533279
536287
539283
542267
545219
548155
551098
554037
557002
559974
562943
565949
568953
571974
574934
577937
580861
583882
586806
589915
592817
595988
598827
602046
604703
608048
610413
614104
616048
620879
26748
40246.1
54454.9
62472.3
74466.8
88214.1
100961
115847
135405
159018
188242
222337
258114
290852
319268
341133
356823
365937
370125
370028
368951
366635
363714
360677
357631
354966
352850
351322
350440
350184
350272
350713
351551
352725
354165
355722
357438
359204
361095
362963
364972
367097
369179
371231
373694
376104
378375
380590
380432
379488
377555
375441
373682
372429
371659
371395
371461
371814
372505
373427
374495
375726
377124
378669
380298
382037
383843
385743
387648
389645
391679
393798
395916
398062
400152
402277
404371
406524
408654
410838
413021
415249
417469
419689
421879
424061
426245
428434
430641
432867
435084
437350
439599
441882
444089
446357
448523
450813
452977
455364
457513
459982
462079
464606
466540
469157
470856
473682
475137
478800
8273.19
13485.4
20558.1
24143
29669.4
36949
43621.1
50507
58158.7
67694.3
79278.4
94162.3
113326
135753
160624
187625
215818
242183
264505
281392
293321
300894
304978
306387
306155
305337
303851
302183
300519
298990
297628
296539
295802
295542
295628
295985
296665
297508
298556
299669
300942
302359
303746
305218
306922
308741
310373
312325
312956
312632
311798
310400
308969
307678
306649
305916
305426
305133
305131
305301
305642
306136
306776
307573
308459
309467
310544
311729
312939
314246
315598
317049
318517
320030
321502
323018
324510
326067
327605
329205
330805
332460
334109
335771
337404
339038
340670
342317
343975
345664
347338
349072
350780
352535
354202
355946
357570
359338
360958
362824
364439
366395
367975
369993
371438
373512
374774
376966
378080
380920
3364.77
4632.82
7667.73
9099.78
10985.5
14230.5
17379.7
20870.8
24111
28365.2
33217.7
39241.5
46077.6
54924.9
65260.1
77764.5
93416.2
112691
134361
156853
178912
199557
217840
232763
243863
251468
256237
258738
259930
259927
259664
259051
258194
257324
256559
255884
255441
255167
255173
255313
255686
256275
256922
257736
258758
259943
261098
262490
263557
263553
263278
262660
261739
260756
259847
259060
258382
257815
257441
257211
257102
257116
257242
257519
257881
258355
258896
259546
260231
261011
261839
262772
263735
264755
265745
266788
267814
268909
269990
271137
272287
273499
274708
275941
277147
278365
279576
280811
282050
283333
284594
285928
287226
288585
289847
291200
292420
293794
295009
296478
297696
299258
300460
302083
303182
304837
305796
307509
308372
310599
2285.63
2539.18
3285.19
3997.98
4791.78
6013.13
7262.41
8775.28
9976.7
11630.8
13719.3
16191.5
18910.9
22384.1
26323
30987.3
36489.7
43474.9
52780.6
63979.4
77151.8
91835.4
108263
125972
144224
161674
177582
191140
202325
210855
217010
221068
223481
224679
225210
225258
225190
225017
224809
224551
224323
224160
224028
224037
224186
224563
225029
225720
226438
226538
226428
226186
225752
225157
224507
223876
223244
222657
222170
221772
221429
221176
221006
220953
220967
221069
221236
221499
221798
222185
222616
223150
223720
224354
224968
225640
226297
227028
227746
228534
229327
230187
231047
231940
232808
233698
234576
235487
236397
237359
238296
239314
240291
241342
242290
243339
244246
245312
246215
247368
248280
249525
250439
251745
252587
253909
254645
255989
256659
258410
2055.02
2105.13
2222.61
2458.52
2709.95
3219.12
3766.73
4376.03
4835.83
5373.54
6318.01
7260.6
8400.28
9610.78
11159.8
12831.2
14982.6
17421.2
20692.7
24652.7
29499.6
35206.5
41871.3
49934.6
59881.2
71578.3
84748.1
98688.3
113100
127475
141402
154244
165559
174932
182385
188004
192078
194868
196711
197821
198473
198839
198998
199073
199138
199192
199244
199409
199524
199379
199035
198510
197959
197383
196856
196386
195896
195426
194967
194542
194126
193757
193454
193220
193048
192937
192871
192874
192913
193018
193168
193405
193683
194026
194355
194742
195118
195564
195999
196503
197012
197589
198170
198791
199391
200018
200632
201283
201929
202632
203308
204071
204793
205595
206296
207100
207764
208581
209238
210133
210803
211783
212473
213513
214159
215209
215775
216828
217344
218714
2006.19
2015.64
2035.08
2080.09
2141.11
2273.31
2542.76
2801.42
2994.68
3178.69
3595.18
3995.78
4451.24
4890.17
5479.79
6154.78
6981.25
7910.93
8924.7
10304
12131.6
14312.5
16645.2
19344.5
22588.6
26854.4
32270.7
38649.2
45985.9
54194.2
63572.6
73996.1
85383.3
97184.9
109089
120583
131354
141051
149570
156745
162599
167194
170631
173138
174930
176159
176996
177616
178194
178282
178161
177848
177336
176713
176055
175389
174712
174028
173442
172932
172469
172058
171715
171424
171180
170959
170758
170607
170483
170400
170384
170407
170490
170634
170770
170956
171131
171369
171594
171882
172175
172533
172897
173306
173696
174117
174525
174970
175407
175902
176369
176924
177441
178041
178548
179153
179628
180240
180706
181383
181862
182616
183128
183941
184436
185259
185692
186512
186906
187967
1990.67
1989.29
1994.5
2017.79
2028.37
2053.98
2121.93
2232.65
2307.57
2377.22
2540.34
2741.42
2915.77
3120.37
3338.69
3666.2
3975.21
4372.9
4668.44
5205.11
5831.92
6745.48
7509.59
8423.72
9494.21
11008.7
12917.2
15319.6
17858.6
20737.2
24110.5
28336.1
33424.7
39499.6
46441.3
54153.5
62437.4
71276.6
80473.1
89956.7
99423.4
108699
117447
125539
132721
138906
144116
148426
151975
154613
156376
157457
158068
158278
158234
158070
157728
157270
156802
156314
155801
155277
154771
154293
153843
153448
153097
152801
152544
152338
152185
152098
152063
152070
152086
152127
152162
152247
152326
152460
152598
152797
153003
153255
153493
153762
154018
154311
154593
154931
155240
155635
155995
156438
156797
157247
157579
158032
158351
158854
159187
159751
160125
160745
161120
161755
162086
162719
163016
163828
1932.7
1947.53
1949.45
1965.54
1975.11
1983.46
1998.15
2033.41
2059.6
2084.47
2138.15
2236.87
2298.97
2398.46
2477.56
2642.61
2773.11
2959.25
3068.99
3289.56
3499.85
3900.59
4163.16
4547.21
4839.66
5417.09
5991.69
6972.77
7840.27
8978.24
10009.5
11486
13143.1
15374.9
17899.6
20882.7
24198.8
28185.7
32565.4
37678.8
43387.6
49810.2
56676.1
64082.4
71767.8
79531.1
87296.6
94998.9
102524
109572
115867
121303
125928
129716
132788
135175
136995
138274
139203
139737
140060
140099
140050
139900
139660
139382
139095
138800
138506
138210
137933
137684
137472
137290
137125
136991
136884
136813
136761
136756
136773
136836
136922
137056
137180
137337
137484
137669
137837
138057
138248
138520
138763
139087
139336
139671
139900
140235
140451
140823
141052
141471
141741
142211
142495
142985
143235
143727
143949
144571
1918.81
1937.82
1936.12
1939.98
1947.01
1961.19
1964.04
1970.5
1976.7
1983.84
1998.45
2035.37
2058.66
2100.43
2131.03
2201.25
2259.82
2346.73
2394.34
2490.33
2574.13
2756.22
2870.76
3037.75
3137.28
3343.42
3523.53
3922.22
4241.86
4675.26
5024.7
5475.83
6001.28
6900.79
7864.75
8901.27
10054.5
11435.8
12918.5
14684.7
16842.1
19442.2
22364.7
25672.1
29500.3
33693
38358.3
43408.9
49025.1
55049.4
61258.9
67461
73675.8
79652.3
85528.4
91101.8
96289.4
101025
105415
109281
112658
115505
117908
119860
121442
122636
123539
124151
124579
124817
124955
125005
124998
124956
124884
124778
124683
124574
124479
124384
124306
124238
124190
124156
124135
124120
124122
124146
124179
124260
124329
124473
124605
124813
124968
125203
125355
125598
125741
126015
126171
126481
126676
127034
127249
127628
127815
128203
128366
128848
1825.09
1933.63
1931.47
1929.54
1931.61
1940.01
1946.33
1946.75
1948.35
1949.77
1952.98
1962.59
1970.28
1984.74
1995.45
2020.93
2044.68
2081.67
2101.78
2141.38
2177.05
2257.15
2314.75
2389.8
2431.8
2508.23
2588.27
2747.81
2885.28
3044.34
3187.12
3310.64
3507.82
3837.33
4235.3
4566.2
4969.11
5433.25
6013.26
6579.97
7418.85
8345.3
9452.82
10531.5
11872.8
13343.4
15202.9
17111.4
19465.5
22221.2
25332.3
28514.4
32140.4
35755.3
39769.4
43999.9
48545
52949.3
57647.6
62267.4
67066.4
71598.8
76192.1
80480.8
84720.6
88566.3
92245.6
95481.9
98490
101067
103393
105344
107066
108455
109645
110540
111287
111819
112260
112551
112798
112949
113086
113157
113227
113247
113271
113276
113287
113296
113313
113348
113400
113475
113538
113628
113685
113780
113833
113952
114021
114173
114270
114481
114606
114853
114979
115251
115362
115741
1708.76
1893.68
1903.21
1910.2
1910.13
1913.98
1925.26
1928.6
1933.02
1933.36
1933.5
1934.36
1936.03
1939.66
1942.85
1950.38
1958.64
1971.87
1979.46
1992.73
2007.86
2038.82
2070.53
2098.87
2118.91
2142.21
2187.31
2247.95
2321.19
2382.35
2447.66
2488.78
2572.96
2673.32
2854.75
2959.04
3135.19
3261.91
3506.97
3667.3
4000.2
4299.23
4733.92
5105.17
5614.54
6118.75
6862.44
7491.33
8335.41
9336.03
10493.6
11626.5
13041.8
14423.3
16034.5
17870.8
20035.3
22186.9
24592.8
27076.8
29904
32762.8
35933.3
39148.4
42672.8
46133.6
49844.2
53464.4
57294.5
60910.6
64684
68222.2
71898.1
75236
78572.7
81485.8
84372.1
86845.8
89286.8
91327.1
93323.4
94959.7
96532
97772.6
98935.9
99812
100632
101228
101796
102194
102579
102849
103131
103331
103536
103681
103818
103922
104014
104107
104180
104274
104350
104467
104547
104681
104749
104897
104948
105214
1644.69
1739.97
1811.51
1867.14
1872.67
1874.27
1878.29
1887.69
1895.14
1898.33
1899.44
1901.4
1903.29
1905.7
1907.28
1910.7
1914.97
1920.23
1923.4
1927.17
1933.31
1944.72
1959.37
1969.71
1978.3
1986.15
2004.41
2028.84
2065.24
2089.88
2119.36
2136.3
2172.46
2207.89
2288.68
2332.68
2411.41
2454.07
2543.04
2598.38
2715.61
2820.18
2985.19
3138.07
3307.34
3500.03
3749.54
3995.92
4239.38
4672.44
5080.51
5567.47
6040.5
6621.14
7122.11
7871.07
8618.59
9538.55
10357.5
11399.9
12398.9
13654.6
14878.3
16363.1
17894.4
19626.9
21415
23434.6
25565.3
27790
30154.6
32637.9
35378.5
38173.4
41090.6
43941
46941.5
49842.2
52888.5
55762.4
58798.3
61650.9
64656.5
67396.3
70192.9
72634.4
75105
77228.9
79383.4
81224.7
83081.8
84648.2
86231
87536.4
88812.2
89831.5
90802.4
91569.9
92290.2
92887.3
93427.9
93893.6
94296.6
94677.5
94964.7
95274.2
95456.4
95714.9
95819.9
96147.8
1612.74
1652.06
1797.88
1874.45
1873.15
1871.99
1868.79
1870.62
1874.25
1881.49
1880.99
1881.07
1882.52
1883.92
1884.62
1885.66
1887.42
1889.67
1891.15
1892.4
1894.82
1899.32
1905.38
1909.55
1912.8
1915.55
1922.1
1931.84
1947.72
1957.64
1969.9
1976.78
1991.38
2005.32
2039.21
2061.38
2092.82
2117.5
2142.96
2172.03
2207.77
2264.16
2313.96
2391.08
2435.59
2524.34
2582.89
2697.04
2772.22
2942.46
3061.69
3290.47
3419.37
3677.2
3821.65
4134.76
4340.61
4784.77
5047.3
5559.77
5847.16
6443.86
6786.28
7476.4
7899.06
8702.03
9204.92
10155.4
10838.4
11916.4
12716.2
13953.4
14979.1
16475.7
17699.7
19340.1
20753.7
22570
24198.5
26141.5
27980
30092.5
32202
34519.4
36823.6
39195
41549.9
43930.8
46301.4
48717.3
51104
53525.2
55935.2
58372.3
60674.3
62942.9
65009.3
67061.2
68855.4
70754
72352.7
74134.6
75558
77223.5
78418.7
79898.6
80792.9
82069
82658.5
83950.7
1604.33
1616.09
1668.73
1751.35
1804.64
1828.12
1832.93
1831.98
1832.7
1837.7
1840.62
1843.6
1848.59
1851.95
1853.6
1854.86
1855.85
1856.61
1857.76
1859.36
1861.97
1865.15
1868.81
1871.33
1873.12
1874.37
1877.17
1881.46
1888.33
1892.59
1897.63
1900.42
1905.83
1912.21
1924.79
1937.93
1948.06
1960.99
1968.39
1983
1993.96
2019.36
2038.03
2073.61
2091.49
2128.14
2148.64
2192.69
2220.17
2282.49
2322.14
2408.05
2455
2552.77
2605.79
2722.57
2792.27
2947.61
3041.31
3244.36
3353.36
3582.55
3707.85
3980.94
4138.01
4474.77
4662.04
5063.28
5289.95
5769.14
6033.59
6588.19
6896.28
7549.52
7913.25
8677.63
9098.72
9983.74
10472.9
11498.5
12066.3
13257.5
13923.5
15302
16123.4
17654.2
18588.3
20244.9
21270.2
23083.5
24235.3
26199.8
27509.9
29691.4
31135.4
33401.1
34856.9
37150.3
38549.2
40885.7
42295.4
44712.1
46195.1
48714.9
50243
52771.5
54183.4
56604.6
57773.9
60194.2
1602.12
1604.39
1618.31
1659.49
1782.7
1830.7
1831
1829.53
1826.48
1826.56
1829.21
1831.65
1836
1836.94
1837.11
1836.85
1836.09
1835.99
1836.15
1836.84
1838.89
1841.34
1843.54
1845.05
1846.09
1846.68
1847.74
1849.49
1852.92
1855.24
1857.86
1859.31
1861.46
1864.88
1869.05
1875.37
1879.08
1884.23
1886.95
1892.63
1896.91
1907.49
1915.75
1931.42
1939.07
1954.16
1962.14
1979.17
1989.81
2014.11
2029.7
2063.98
2082.92
2122.23
2142.87
2187.14
2211.8
2266.14
2296.7
2364.98
2405.05
2492.07
2539.36
2641.72
2700.05
2826.55
2897.38
3050.75
3135.58
3317.95
3417.57
3633.35
3755.66
4021.1
4168.42
4483.77
4653.71
5015.65
5210.5
5627.01
5851.55
6329.71
6586.36
7136.22
7435.13
8072.47
8413.5
9136.05
9521.42
10340.4
10782.3
11722.1
12235
13328.8
13918.4
15157.5
15800.2
17134
17815.4
19232.4
19971.6
21519
22345.4
24078.8
25001.3
26913.2
27901.6
29903.8
30893.8
33046.4
1601.16
1601.38
1603.87
1617.51
1654.16
1735.12
1770.15
1784.84
1792.35
1795.77
1797.75
1799.91
1804.37
1804.96
1804.82
1805.2
1806.47
1808.23
1810.21
1812.26
1814
1814.99
1816.08
1816.94
1818.14
1818.9
1820.32
1821.9
1824.13
1826.11
1827.65
1829.01
1830.05
1832.05
1833.71
1836.6
1838.22
1840.57
1841.82
1844.41
1846.44
1851.45
1855.5
1862.22
1865.51
1871.51
1874.62
1881.19
1885.37
1895.06
1901.58
1916.09
1924.03
1940.21
1948.52
1966.02
1975.74
1997.26
2008.96
2034.05
2048.3
2079.93
2097.89
2136.31
2156.97
2201.4
2226.53
2281.57
2312.54
2379.7
2416.76
2497.49
2543.45
2643.53
2699.4
2819.8
2884.97
3024.43
3099.19
3259.4
3346.36
3535.12
3640.43
3867.94
3992.4
4258.23
4399.83
4700.29
4859.51
5198.49
5379.54
5765.17
5970.89
6411.13
6646.24
7148.11
7410.13
7964.17
8249.41
8853.31
9169.53
9844.19
10206.4
10983.7
11404.1
12302
12776.1
13774.5
14283.7
15446.7
1601.34
1600.21
1600.44
1602.8
1612.55
1657.24
1700.18
1779.48
1788.03
1787.22
1785.79
1786.03
1786.52
1788.41
1788.54
1789.45
1791.1
1792.34
1794.21
1795.91
1796.72
1796.92
1796.87
1796.88
1797.01
1797.45
1798.75
1800.62
1802.4
1804.08
1805.06
1805.82
1806.19
1806.96
1807.59
1809.06
1810.11
1811.81
1812.68
1814.41
1815.57
1818.2
1820.01
1822.84
1824.23
1826.69
1827.98
1830.72
1832.54
1836.83
1839.88
1846.51
1849.94
1856.64
1860.04
1867.13
1871
1879.41
1884.23
1894.56
1900.24
1912.21
1918.65
1932.54
1940.35
1957.23
1966.58
1987.08
1998.85
2024.49
2038.81
2069.63
2086.4
2122.45
2142.2
2184.86
2208.11
2258.2
2285.45
2344.35
2376.81
2447.8
2487.86
2574.96
2622.95
2726.06
2781.09
2898.4
2960.39
3092.73
3163.29
3315.4
3399.34
3581.2
3680.61
3893.04
4004.81
4240.47
4362.01
4618.12
4751.78
5035.56
5186.87
5509.67
5682.44
6049.53
6247.22
6668.62
6895.94
7427.59
1601.07
1600.38
1599.22
1599.37
1601.18
1608.57
1633.74
1682.5
1738.42
1753.05
1753.53
1753.23
1754.54
1758.59
1761.11
1765.69
1765.88
1765.51
1765.42
1765.38
1765.48
1766.39
1768.78
1770.93
1772.23
1773.59
1774.57
1775.78
1776.39
1777.52
1778.27
1779.59
1780.32
1781.58
1782.26
1783.63
1784.49
1786.01
1786.91
1788.5
1789.5
1791.18
1792.15
1793.65
1794.39
1795.73
1796.46
1798.01
1799.08
1801.57
1803.35
1806.65
1808.34
1811.41
1812.92
1816.03
1817.68
1821.21
1823.2
1827.52
1830.06
1835.37
1837.91
1843.16
1845.97
1852.17
1855.78
1863.65
1868.15
1877.93
1883.52
1895.59
1902.15
1916.14
1923.66
1939.8
1948.49
1967.09
1977.21
1999.12
2011.24
2037.46
2051.95
2083.35
2100.63
2137.98
2158.05
2201.07
2223.92
2272.93
2299.14
2355.91
2387.52
2456.53
2494.71
2577.02
2620.75
2713.68
2761.8
2863.79
2916.77
3029.69
3089.69
3218.58
3291.19
3448.12
3534.98
3713.33
3815.98
3999.68
1601.29
1600.01
1599.4
1598.16
1598.18
1599.28
1604.88
1618.82
1669
1701.2
1738.15
1743.17
1743.68
1745.9
1747.83
1749.49
1750.02
1750.01
1750.48
1750.3
1749.34
1749.21
1749.69
1751.6
1753.49
1754.72
1755.51
1756.01
1756.22
1756.44
1756.7
1757.23
1758.39
1760.14
1761.33
1762.55
1763.19
1764.04
1764.47
1765.28
1765.76
1766.75
1767.41
1768.83
1769.59
1770.93
1771.59
1772.94
1773.71
1775.36
1776.41
1778.3
1779.34
1781.1
1781.97
1783.62
1784.48
1786.28
1787.25
1789.35
1790.54
1793.11
1794.51
1797.13
1798.3
1800.73
1802.08
1804.96
1806.68
1810.42
1812.53
1817.13
1819.74
1825.29
1828.31
1834.77
1838.23
1845.55
1849.45
1857.86
1862.52
1872.6
1878.16
1890.16
1896.77
1911.03
1918.7
1935.07
1943.73
1962.23
1972.06
1993.12
2004.51
2029.22
2042.77
2072.13
2087.88
2121.63
2139.36
2177.01
2197.87
2236.81
2264.58
2313.43
2341.74
2403.7
2448.46
2517.12
2686.66
2959.95
1601.18
1600.17
1599.15
1598.27
1597.31
1596.88
1597.44
1600.42
1609.63
1630.59
1675.64
1708.62
1718.35
1726.01
1725.6
1725.41
1726.11
1726.31
1726.22
1726.84
1727.37
1727.57
1727.94
1728.88
1729.89
1730.83
1731.63
1732.21
1732.5
1732.78
1733.14
1734.02
1735.2
1736.68
1738.03
1739.37
1740.29
1741.03
1741.38
1741.79
1742.09
1742.8
1743.61
1745.06
1746.18
1747.65
1748.56
1749.71
1750.29
1751.26
1751.74
1752.72
1753.25
1754.4
1755.12
1756.64
1757.49
1759.06
1759.85
1761.41
1762.28
1763.9
1764.8
1766.31
1767.01
1768.14
1768.77
1769.91
1770.54
1772.02
1772.94
1774.88
1776
1778.46
1779.8
1782.62
1784.15
1787.35
1788.99
1792.49
1794.4
1798.52
1800.76
1805.57
1808.21
1813.9
1816.97
1823.47
1826.89
1834.13
1837.92
1846
1850.32
1859.66
1864.77
1875.56
1881.96
1894.57
1901.19
1915.04
1925.75
1938.88
1952.52
1970.89
1990.29
2044.4
2161.15
2374.87
2899.47
3679.26
1601.09
1600.24
1599.07
1598.28
1597.12
1596.47
1595.57
1595.73
1597.04
1602.65
1614.33
1640.61
1670.01
1705.99
1712.97
1713.05
1714.52
1714.79
1714.6
1714.77
1714.99
1714.91
1714.46
1713.67
1713.55
1713.56
1713.66
1713.93
1714.58
1715.54
1716.59
1717.72
1718.49
1719.12
1719.42
1719.8
1720.01
1720.48
1720.83
1721.59
1722.12
1723.1
1723.8
1724.83
1725.48
1726.38
1726.85
1727.59
1727.93
1728.63
1729.04
1729.93
1730.64
1731.9
1732.71
1734.01
1734.78
1735.91
1736.51
1737.49
1738.13
1739.09
1739.69
1740.59
1741.12
1741.96
1742.62
1743.59
1744.06
1744.97
1745.62
1746.51
1746.98
1748.08
1748.86
1750.13
1750.82
1752.34
1753.15
1754.86
1755.79
1757.78
1758.87
1761.2
1762.46
1765.15
1766.56
1769.51
1770.98
1774.04
1775.6
1778.92
1780.68
1784.44
1786.49
1790.75
1793.46
1798.74
1801.91
1807.89
1813.41
1821.68
1843.72
1906.03
2009.33
2265.67
2655.95
3218.42
3914.62
5918.69
1601.16
1600.15
1599.16
1598.14
1597.22
1596.2
1595.4
1594.5
1594.15
1594.63
1596.7
1603.38
1619.86
1640.62
1668.82
1684.16
1698.53
1701.06
1701.04
1700.55
1698.61
1696.16
1695.66
1695.67
1696.36
1698.04
1698.85
1699.03
1698.84
1698.11
1697.59
1697.43
1697.48
1697.83
1699.1
1700.77
1701.97
1702.8
1703.26
1703.55
1703.67
1703.78
1703.9
1704.12
1704.58
1705.64
1706.58
1707.55
1708.11
1708.72
1709.07
1709.57
1709.84
1710.34
1710.77
1711.63
1712.46
1713.59
1714.43
1715.43
1716.21
1717.05
1717.71
1718.29
1718.64
1719.13
1719.68
1720.36
1721.03
1721.74
1722.31
1723.12
1723.52
1723.98
1724.71
1725.36
1725.65
1726.25
1726.99
1727.53
1728.29
1729.26
1730.18
1731.11
1732.26
1733.41
1734.76
1735.82
1737.31
1738.39
1739.95
1740.96
1742.56
1743.57
1745.51
1746.99
1749.67
1751.88
1756.54
1768.55
1809.37
1873.59
2042.41
2271.24
2657.6
3205.33
4270.67
6116.11
6691.68
7774.56
1601.29
1600.03
1599.27
1598.03
1597.31
1596.07
1595.42
1594.2
1593.68
1592.68
1592.69
1593.35
1596.08
1602.41
1619.91
1643.46
1658.14
1671.92
1678.27
1687.19
1689.78
1689.84
1689.78
1689.37
1687.7
1684.98
1683.15
1682.55
1682.59
1683.07
1684.23
1685.02
1685.29
1685.28
1685.11
1684.97
1684.94
1684.97
1685.14
1685.79
1686.56
1687.2
1687.59
1687.97
1688.19
1688.49
1688.66
1688.98
1689.3
1689.84
1690.35
1690.94
1691.37
1691.88
1692.36
1692.99
1693.61
1694.31
1694.87
1695.5
1696.01
1696.6
1697.11
1697.58
1697.88
1698.35
1698.9
1699.61
1700.31
1701.04
1701.65
1702.26
1702.85
1703.23
1703.38
1703.8
1704.11
1704.27
1704.55
1705.15
1705.46
1706.07
1706.66
1707.46
1708.05
1709.09
1709.83
1710.86
1711.72
1712.79
1713.6
1714.72
1715.61
1716.88
1718.31
1721.64
1730.72
1761.42
1811.48
1950.58
2134.57
2359.95
2912.01
3532.9
5047.48
5814.12
6792.03
8027.21
8109.41
8091.75
1601.29
1600.03
1599.27
1598.04
1597.3
1596.09
1595.37
1594.19
1593.52
1592.41
1591.85
1591.01
1591.07
1591.81
1594.22
1602.02
1610.86
1632.79
1653.06
1662.52
1671.35
1673.49
1675.06
1676.18
1676.18
1676.03
1675.65
1674.71
1674.11
1673.86
1673.18
1671.7
1670.93
1670.83
1670.88
1671.23
1672.01
1672.52
1672.69
1672.69
1672.57
1672.36
1672.31
1672.32
1672.5
1673.12
1673.7
1674.09
1674.35
1674.52
1674.61
1674.68
1674.74
1674.82
1675.02
1675.44
1675.99
1676.6
1677.15
1677.71
1678.16
1678.65
1679.07
1679.44
1679.68
1679.97
1680.33
1680.8
1681.26
1681.78
1682.27
1682.82
1683.45
1684.07
1684.55
1684.89
1685.21
1685.38
1685.39
1685.47
1685.62
1685.84
1686.01
1686.4
1686.75
1687.35
1687.93
1688.78
1689.72
1690.8
1691.95
1693.4
1696.64
1704.94
1728.5
1775.71
1908.45
2058.3
2246.79
2816.19
3278.69
4389.71
5308.06
6164.97
7506.31
7706.15
7694.25
7769.16
7954.74
7968.88
1601.28
1600.04
1599.26
1598.04
1597.29
1596.09
1595.36
1594.18
1593.48
1592.33
1591.67
1590.6
1590.08
1589.26
1589.3
1589.9
1591.94
1596.19
1607.9
1621.5
1630.92
1650.45
1664.87
1667.31
1666.15
1664.01
1663.66
1664.33
1665.53
1665.74
1665.63
1665.1
1663.59
1662.49
1661.67
1660.76
1660.13
1659.99
1660.03
1660.25
1660.89
1661.38
1661.51
1661.48
1661.35
1660.96
1660.66
1660.53
1660.53
1660.62
1661.03
1661.56
1661.89
1662.09
1662.23
1662.34
1662.45
1662.56
1662.65
1662.75
1662.83
1662.93
1663.24
1663.51
1663.85
1664.12
1664.42
1664.77
1665.19
1665.58
1665.94
1666.24
1666.57
1666.91
1667.21
1667.48
1667.77
1667.94
1668.08
1668.15
1668.34
1668.43
1668.48
1668.61
1668.92
1669.26
1670.07
1670.74
1672.22
1675.57
1684.86
1710.27
1764.69
1908.71
2010.33
2212.28
2793.14
3175.91
4151.88
5222.17
5832.8
7131.58
7363.93
7383.47
7608.19
7709.04
7692.05
7616.83
7492.07
7447.6
1601.25
1600.02
1599.23
1598.02
1597.26
1596.07
1595.33
1594.16
1593.44
1592.3
1591.6
1590.5
1589.85
1588.82
1588.28
1587.48
1587.37
1587.71
1589
1592.56
1599.13
1606.68
1623.29
1637.98
1642.03
1647.81
1656.4
1658.6
1658.52
1657.64
1655.54
1654.29
1653.81
1653.53
1653.19
1653.13
1653.06
1652.66
1651.73
1650.92
1650.28
1650.07
1650.06
1650.14
1650.29
1650.36
1650.36
1650.34
1650.24
1649.99
1649.82
1649.76
1649.75
1649.77
1649.82
1649.86
1649.92
1649.98
1650.07
1650.19
1650.34
1650.48
1650.66
1650.83
1651
1651.16
1651.24
1651.28
1651.36
1651.43
1651.59
1651.75
1651.96
1652.26
1652.53
1652.8
1653.14
1653.29
1653.52
1653.68
1653.8
1653.91
1653.92
1653.98
1654.43
1655.88
1660.14
1673.28
1706.77
1803.38
1896.62
2001.49
2353.42
2761.84
3144.55
4363.22
5219.43
5745.29
6938.49
7102.49
7164.56
7404.03
7437.33
7419.87
7340.78
7255.55
7218.07
7208.52
7197.14
7195.33
1601.17
1599.99
1599.13
1597.99
1597.14
1596.05
1595.19
1594.15
1593.29
1592.3
1591.43
1590.5
1589.62
1588.75
1587.89
1587.12
1586.33
1585.76
1585.29
1585.41
1586.11
1587.9
1591.53
1598.77
1612.73
1618.19
1626.27
1639.75
1642.9
1644.32
1647.46
1648.04
1648.1
1648.06
1647.7
1646.5
1645.34
1644.18
1643.19
1642.79
1642.76
1642.77
1642.69
1642.3
1641.51
1640.87
1640.45
1640.26
1640.22
1640.23
1640.28
1640.34
1640.34
1640.26
1640.02
1639.84
1639.75
1639.71
1639.68
1639.65
1639.57
1639.5
1639.46
1639.45
1639.46
1639.49
1639.6
1639.72
1639.82
1639.92
1640.04
1640.12
1640.18
1640.22
1640.28
1640.32
1640.42
1640.52
1640.79
1641.07
1641.55
1642.64
1645.39
1653.23
1675.43
1743.5
1828.02
1910.31
2153.45
2523.75
2802.46
3615
4811.26
5157.7
5906.26
6855.49
6905.45
7018.77
7199.57
7200.67
7169.21
7101.02
7061
7034.75
7019.15
7004.96
6972.53
6917.19
6829.02
6784.61
1600.97
1600
1598.89
1597.98
1596.87
1596.01
1594.9
1594.09
1592.99
1592.22
1591.13
1590.39
1589.32
1588.61
1587.56
1586.89
1585.88
1585.26
1584.35
1583.85
1583.17
1583.07
1583.32
1584.21
1586.5
1592.01
1596.04
1604.4
1620.72
1624.69
1629.15
1635.41
1636.13
1637.67
1639.93
1640.13
1640.05
1639.75
1638.72
1637.61
1636.93
1636.05
1635.44
1635
1634.45
1634.05
1633.68
1633.27
1632.97
1632.74
1632.5
1632.16
1631.76
1631.42
1631.19
1631.06
1630.99
1630.95
1630.91
1630.83
1630.72
1630.63
1630.5
1630.33
1630.18
1630.11
1630.09
1630.1
1630.1
1630.1
1630.1
1630.13
1630.15
1630.21
1630.35
1630.48
1630.79
1631.57
1633.5
1638.83
1653.94
1702.93
1778.63
1848.37
2043.41
2367.82
2610.01
3261.51
4366.76
4735.02
5379.59
6543.12
6702.02
6709.78
6894.93
6986.78
6981.7
6955.89
6897.28
6846.11
6815.28
6801.24
6787.93
6759.26
6684.36
6607.1
6545.28
6520.32
6488.33
6482.62
1600.84
1599.9
1598.77
1597.83
1596.75
1595.82
1594.78
1593.86
1592.88
1591.95
1591.02
1590.08
1589.21
1588.27
1587.44
1586.5
1585.73
1584.8
1584.08
1583.18
1582.55
1581.73
1581.29
1580.74
1580.78
1581.18
1582.3
1584.34
1589.48
1598.1
1601.95
1610.63
1622.86
1625.28
1628.62
1630.72
1631.76
1632.69
1632.71
1632.48
1632.2
1632.03
1631.65
1631.09
1630.25
1629.15
1628.43
1627.93
1627.36
1626.83
1626.38
1626.07
1625.8
1625.41
1625
1624.64
1624.39
1624.21
1624.08
1623.93
1623.69
1623.43
1623.17
1622.97
1622.82
1622.72
1622.68
1622.65
1622.6
1622.59
1622.61
1622.66
1622.8
1623.25
1624.47
1628.05
1638.26
1669.84
1745.86
1803.77
1936.05
2250.76
2457.6
2919.75
3992.32
4409.23
5109.48
6151.39
6349.59
6383.7
6684.53
6800.01
6779.27
6752.26
6706.64
6656.35
6630.15
6614.78
6585.72
6519.5
6436.68
6374.11
6327.68
6304.28
6276.48
6251.84
6189.02
6133.21
6048.88
6002.06
1600.85
1599.71
1598.74
1597.61
1596.68
1595.57
1594.67
1593.59
1592.72
1591.66
1590.82
1589.78
1588.97
1587.97
1587.16
1586.2
1585.4
1584.49
1583.69
1582.82
1582.05
1581.24
1580.5
1579.8
1579.17
1578.66
1578.32
1578.43
1578.94
1580.5
1583.24
1586.2
1594.68
1602.51
1606.52
1615.61
1620.8
1623.62
1625.09
1625.95
1626.66
1626.66
1626.56
1626.41
1626.14
1625.6
1624.93
1624.45
1624.06
1623.55
1622.86
1621.93
1621.09
1620.56
1620.18
1619.81
1619.51
1619.25
1618.98
1618.72
1618.39
1617.96
1617.48
1617.1
1616.92
1616.88
1616.89
1616.96
1617.06
1617.36
1618.17
1620.56
1627.67
1648.31
1708.7
1760.94
1866.33
2139.56
2328.43
2673.53
3626.69
4091.28
4632.03
5712.6
6026.11
6114.8
6457.15
6509.78
6472.27
6464.54
6461.65
6451.32
6432.08
6393.74
6323.54
6253.08
6188.77
6141.26
6099.47
6064.94
6027.98
5981.9
5930.4
5891.54
5857.66
5833.62
5805.29
5785.02
5757.71
5742.2
1600.77
1599.69
1598.62
1597.58
1596.52
1595.53
1594.48
1593.53
1592.48
1591.58
1590.55
1589.68
1588.66
1587.84
1586.83
1586.04
1585.04
1584.29
1583.31
1582.59
1581.63
1580.93
1580.01
1579.35
1578.48
1577.88
1577.1
1576.64
1576.1
1575.97
1576.14
1576.73
1578.13
1581.94
1585.15
1590.63
1599.89
1603.94
1608.92
1615.4
1619.86
1620.78
1620.44
1620.32
1620.89
1621.35
1621.33
1621.18
1620.6
1619.71
1619.08
1618.62
1618.1
1617.46
1616.95
1616.52
1616.03
1615.52
1615.04
1614.42
1613.96
1613.68
1613.54
1613.46
1613.19
1613.2
1613.56
1615.06
1619.71
1633.04
1679.11
1727.67
1825.47
2048.85
2207.85
2507.07
3338.35
3796.77
4239.05
5280.82
5703.95
5761.71
6083.17
6265.84
6243.76
6216.31
6184.3
6151.84
6138.66
6120.7
6078.5
6017.63
5971.99
5944.39
5922.27
5894.37
5863.09
5831.74
5803.91
5780.32
5761.2
5744.46
5730.62
5717.64
5707.21
5696.51
5687.73
5678.57
5671.34
5663.22
1600.69
1599.66
1598.52
1597.52
1596.42
1595.44
1594.37
1593.4
1592.38
1591.42
1590.43
1589.49
1588.54
1587.61
1586.7
1585.77
1584.91
1583.98
1583.16
1582.24
1581.46
1580.55
1579.81
1578.9
1578.22
1577.32
1576.69
1575.83
1575.31
1574.54
1574.16
1573.64
1573.64
1573.91
1574.66
1576.1
1579.36
1584.28
1588.87
1594.91
1601.32
1606.13
1611.28
1614.85
1615.55
1615.47
1615.89
1616.97
1617.03
1616.78
1616.11
1615.58
1615.27
1614.93
1614.49
1613.86
1613.1
1612.58
1612.13
1611.88
1611.45
1610.88
1610.96
1611.74
1614.37
1621.99
1653.68
1698.38
1782.06
1973.93
2111.2
2359.86
3093.38
3551.84
3948.54
4866.82
5275.86
5381.7
5766.55
6033
6014.04
5987.47
5979.92
5964.91
5952.11
5921.55
5869.72
5832.3
5808.7
5795.16
5787.84
5783.68
5780.1
5770.99
5755.55
5742.28
5732.64
5724.65
5718.59
5711.43
5703.84
5695.64
5689.17
5682.19
5677.71
5672.19
5669.55
5665.57
5663.47
5658.48
1600.69
1599.57
1598.52
1597.41
1596.4
1595.31
1594.34
1593.26
1592.32
1591.26
1590.36
1589.32
1588.44
1587.43
1586.57
1585.58
1584.75
1583.79
1582.97
1582.04
1581.24
1580.34
1579.55
1578.69
1577.91
1577.09
1576.31
1575.54
1574.78
1574.08
1573.35
1572.76
1572.13
1571.73
1571.35
1571.4
1571.74
1572.63
1574.21
1577.78
1581.96
1585.44
1593.13
1600.75
1602.97
1605.46
1609.52
1611.4
1612.27
1612.7
1612.7
1612.41
1611.76
1611.44
1611.35
1611.35
1611.3
1611.01
1610.49
1610.68
1611.84
1616.18
1633.99
1672.89
1746.22
1886.8
2010.12
2247.09
2890.1
3260.02
3636.31
4524.4
4919.11
5049.74
5449.88
5787.56
5798.88
5811.61
5846.79
5842.98
5831.84
5808.68
5790.6
5775.75
5768.28
5763.83
5756.9
5749.4
5743.63
5740.11
5738.75
5738.17
5737.18
5734.28
5729
5724.04
5720.72
5718.51
5717.2
5714.89
5712.93
5710.96
5710.23
5710.15
5710.84
5711.84
5714.55
5716.13
5721.34
5719.1
1600.67
1599.54
1598.48
1597.39
1596.34
1595.28
1594.25
1593.23
1592.21
1591.22
1590.23
1589.27
1588.29
1587.36
1586.39
1585.5
1584.55
1583.69
1582.75
1581.92
1580.99
1580.21
1579.29
1578.52
1577.63
1576.89
1576.01
1575.29
1574.45
1573.76
1572.95
1572.28
1571.54
1570.93
1570.28
1569.78
1569.36
1569.13
1569.23
1569.65
1570.57
1572.48
1576.52
1579.42
1583.74
1591.93
1597.76
1599.29
1601.57
1605.11
1608.05
1609.12
1609.1
1608.51
1608.13
1608.35
1609.62
1613.6
1625.11
1654.13
1718.22
1816.77
1943.55
2257.82
2655.78
2902.55
3405.24
4282.87
4599.92
4748.92
5219.01
5658.1
5684.71
5698.52
5769.66
5825.18
5828.83
5807.69
5764.34
5749.32
5750.2
5763.81
5780.61
5791.4
5797.39
5798.43
5796.34
5788.9
5783.68
5782.24
5782.45
5785.01
5792.13
5798.33
5805
5809.05
5815
5819.65
5827.67
5833.67
5841.48
5845.47
5851.69
5855.06
5862.09
5866.99
5877.96
5883.74
5897.33
5894.81
1600.65
1599.55
1598.46
1597.38
1596.32
1595.27
1594.23
1593.21
1592.19
1591.19
1590.19
1589.22
1588.25
1587.3
1586.35
1585.42
1584.5
1583.59
1582.7
1581.8
1580.94
1580.05
1579.22
1578.35
1577.54
1576.68
1575.92
1575.05
1574.33
1573.48
1572.79
1571.95
1571.3
1570.49
1569.89
1569.11
1568.61
1567.93
1567.56
1567.09
1567.04
1567.2
1567.73
1568.81
1571.32
1574.61
1577.29
1582.73
1591.49
1595.91
1597.1
1599.39
1606.31
1612.6
1619.96
1640.29
1698.69
1781.25
1891.43
2178.71
2443.16
2713.96
3423.99
4086.11
4315.93
4738.77
5396.89
5650.6
5625.46
5632.34
5760.51
5876.44
5903.61
5901.58
5883.06
5879.75
5893.41
5942.33
5977.69
5989.75
5990.34
5981.05
5963.42
5958.4
5959.59
5970
5989.74
6000.17
6003.82
6004.47
6004.26
6004.13
6004.53
6007.49
6016.99
6026.45
6033.43
6038.92
6044.01
6048.17
6052.34
6055.22
6059
6062.37
6068.45
6073.42
6079.37
6082.07
6087.36
6084.31
1600.66
1599.57
1598.47
1597.4
1596.33
1595.29
1594.24
1593.22
1592.2
1591.21
1590.21
1589.24
1588.27
1587.31
1586.37
1585.43
1584.52
1583.6
1582.71
1581.8
1580.95
1580.05
1579.23
1578.35
1577.54
1576.68
1575.9
1575.06
1574.3
1573.48
1572.73
1571.94
1571.2
1570.45
1569.73
1569.01
1568.31
1567.66
1567
1566.44
1565.87
1565.5
1565.2
1565.25
1565.56
1566.33
1567.72
1571.24
1574.8
1580.18
1590.38
1611.88
1660.72
1755.42
1836.88
2026
2298.87
2757.04
3320.15
3654.02
4193.2
5046.71
5515.03
5568.62
5605.72
5847.24
6025.33
6051.14
6052.36
6048.28
6046.81
6056.14
6086.26
6116.48
6142.48
6157.97
6163.64
6163.51
6162.96
6163.45
6166.27
6177.26
6191.68
6197.71
6198.33
6197.08
6190.32
6178.26
6170.7
6167.43
6166.73
6167.06
6168.48
6169.16
6168.95
6167.44
6164.63
6162.59
6161.41
6161.13
6161.78
6165.64
6170.67
6173.53
6174.55
6174.71
6174.58
6173.98
6173.84
6170.51
1600.69
1599.61
1598.51
1597.45
1596.38
1595.34
1594.3
1593.27
1592.26
1591.25
1590.27
1589.28
1588.33
1587.35
1586.43
1585.47
1584.57
1583.64
1582.76
1581.84
1581
1580.1
1579.27
1578.39
1577.58
1576.73
1575.93
1575.11
1574.32
1573.52
1572.75
1571.98
1571.22
1570.48
1569.73
1569.02
1568.3
1567.62
1566.93
1566.29
1565.65
1565.08
1564.57
1564.24
1564.41
1565.29
1568.18
1578.16
1610.05
1662.52
1781
1886.84
2159.55
2599.84
2906.5
3597.45
4307.91
4952.26
5313.46
5510.2
5959.97
6202.45
6179.97
6112.4
6111.39
6160.23
6242.1
6279.5
6293.68
6296.91
6296.59
6290.99
6283.65
6280.86
6280.72
6282.54
6289.12
6305.28
6322.42
6332.8
6335.77
6335.67
6333.78
6326.89
6315.28
6307.91
6305.01
6304.49
6304.96
6306.1
6306.28
6305.64
6301.93
6294.83
6288.27
6283.12
6279.48
6276.35
6272.41
6267.24
6261.52
6256.24
6252.22
6250.06
6249.5
6249.5
6249.96
6250.64
6252.84
6249.46
1600.74
1599.62
1598.59
1597.48
1596.47
1595.38
1594.41
1593.33
1592.38
1591.32
1590.4
1589.36
1588.46
1587.45
1586.56
1585.57
1584.71
1583.75
1582.89
1581.96
1581.11
1580.21
1579.38
1578.51
1577.68
1576.84
1576.02
1575.22
1574.41
1573.63
1572.83
1572.08
1571.29
1570.57
1569.8
1569.1
1568.35
1567.71
1566.99
1566.47
1565.94
1566.03
1566.86
1570.63
1584.92
1631.42
1705.44
1799.08
2031.57
2396.47
2670.16
3302.01
4163.32
4457.85
5048.67
5653.78
6033.73
6154.95
6148.52
6187.43
6303.52
6341.65
6345.72
6348.21
6352.1
6362.08
6383.91
6399.75
6412.52
6416.88
6416.15
6405.95
6387.36
6378.4
6377.18
6382.03
6400.95
6417.19
6424.7
6426.73
6427.3
6427.49
6427.71
6429.17
6432.89
6434.73
6434.8
6432.98
6425.97
6418.34
6412.52
6408.31
6405.35
6403.03
6399.19
6392.59
6384.18
6375.69
6368.66
6363.77
6360.77
6359.05
6358.28
6358.03
6358.08
6358.13
6358.31
6359.02
6363.35
6359.17
1600.79
1599.69
1598.64
1597.56
1596.53
1595.49
1594.46
1593.46
1592.45
1591.48
1590.48
1589.54
1588.54
1587.65
1586.66
1585.79
1584.81
1583.98
1583.01
1582.2
1581.24
1580.46
1579.52
1578.76
1577.83
1577.09
1576.19
1575.46
1574.57
1573.86
1573
1572.3
1571.47
1570.78
1570
1569.35
1568.7
1568.32
1568.52
1570.05
1577.17
1607.76
1660.24
1744.95
1955.31
2168.48
2459.62
3234.05
3905.31
4226.71
4880.34
5746.01
5957.04
6021.67
6297.28
6486.12
6509.16
6482.73
6407.9
6383.89
6389.72
6429.85
6464.57
6472.55
6470.45
6458.54
6450.67
6451.01
6464.05
6494.29
6512.88
6519.23
6518.87
6511.88
6499.25
6493.53
6493.18
6497.91
6515.2
6532.45
6544.34
6552.23
6557.09
6560.03
6561.62
6562.86
6565.61
6569.05
6571.6
6572.81
6572.97
6572.13
6570.49
6568.61
6564.88
6559.04
6552.53
6546.46
6541.34
6536.81
6533.31
6530.7
6528.81
6527.71
6527.33
6527.31
6527.95
6529.64
6535.49
6529.63
1600.86
1599.76
1598.73
1597.66
1596.64
1595.6
1594.6
1593.58
1592.6
1591.6
1590.65
1589.66
1588.74
1587.77
1586.87
1585.92
1585.05
1584.11
1583.26
1582.34
1581.52
1580.6
1579.82
1578.91
1578.15
1577.24
1576.52
1575.63
1574.91
1574.04
1573.36
1572.51
1571.91
1571.12
1571
1571.49
1574.52
1588.1
1641.11
1698.73
1844.35
2083.18
2307.16
2922.65
3658.12
4060.82
4956.62
5590.76
5793.06
6188.48
6540.49
6590.22
6567.62
6533.87
6532.84
6559.65
6573.84
6572.76
6561.89
6548.39
6546.88
6553.19
6581.82
6610.38
6628.91
6641.99
6647.94
6649.09
6649.51
6651.75
6662.02
6677.41
6689.18
6696.59
6699.18
6699.2
6697.78
6695.54
6694.93
6696.23
6703.46
6716.59
6727.81
6737.54
6747.51
6758.89
6770.8
6781.08
6788.04
6791.58
6793.48
6794.51
6794.78
6794.51
6793.14
6788.97
6777.98
6764.87
6752.81
6742.51
6734.37
6728.28
6723.97
6721.19
6719.5
6718.18
6717.38
6717.08
6717.65
6710.65
1600.92
1599.87
1598.82
1597.8
1596.75
1595.77
1594.73
1593.78
1592.74
1591.83
1590.8
1589.91
1588.9
1588.03
1587.04
1586.19
1585.22
1584.4
1583.44
1582.64
1581.69
1580.91
1579.99
1579.23
1578.32
1577.58
1576.69
1575.99
1575.1
1574.5
1573.66
1573.64
1574.57
1579.63
1604.76
1660.51
1753.74
1982.01
2163.16
2535.98
3355.07
3775.52
4682.18
5421.21
5838.3
6343.5
6572.63
6588.94
6622.75
6744.27
6815.9
6823.47
6816.87
6810.43
6810.38
6818.77
6826.96
6826.86
6818.89
6794.36
6779.13
6775.08
6775.58
6781.99
6796.91
6807.6
6813.45
6818.99
6828.44
6839.94
6850.05
6856.61
6859.96
6861.16
6861.19
6860.42
6857.62
6856.11
6856.69
6862.65
6879.45
6892.71
6900.22
6903.85
6906.16
6910.02
6919.11
6934.25
6948.95
6960.41
6967.94
6971.7
6972.71
6972.71
6971.78
6967.4
6954.49
6939.15
6925.55
6913.26
6903.34
6895.3
6889.82
6884.56
6881.46
6877.52
6875.59
6871.98
6870.12
6860.42
1600.97
1600
1598.9
1597.95
1596.87
1595.93
1594.89
1593.95
1592.94
1592
1591.04
1590.09
1589.17
1588.22
1587.34
1586.38
1585.54
1584.58
1583.77
1582.82
1582.05
1581.1
1580.35
1579.41
1578.69
1577.77
1577.13
1576.23
1576.21
1577.31
1584.29
1625.05
1687.65
1856.56
2071.56
2301.72
3037.71
3690.01
4287.21
5629.31
6099.21
6522.74
6982.69
7024.07
7014.36
7007.83
6992.22
6980.33
6980.54
6983.76
7000.59
7029.79
7050.06
7056.83
7057.31
7055.9
7050.53
7031.45
7001.12
6983.84
6978.09
6978.12
6983
6999.88
7014.64
7023.16
7028.1
7030.97
7032.7
7034.96
7039.61
7045.04
7048.95
7050.55
7050.75
7049.81
7045.21
7037.85
7030.53
7024.09
7019.98
7018.26
7018.11
7019.34
7025.96
7041.57
7056.06
7069.69
7082.48
7093.07
7100.35
7104.33
7105.92
7106.25
7106.03
7104.1
7098.57
7089.84
7081.09
7070.35
7061.53
7052.76
7047.76
7041.9
7039.26
7034.44
7031.93
7026.71
7023.84
7013.25
1601.06
1600.05
1599.02
1598.01
1597.03
1596
1595.07
1594.04
1593.14
1592.12
1591.25
1590.23
1589.39
1588.38
1587.55
1586.58
1585.75
1584.82
1583.96
1583.1
1582.22
1581.41
1580.52
1579.76
1578.89
1578.6
1579.32
1585.76
1625.54
1707.95
1890.25
2104.27
2563.79
3074.66
3721.16
5293.18
6237.86
6322.75
6649.65
7021.87
7130.95
7205.66
7216.81
7211.33
7187.48
7172.79
7168.93
7171.87
7187.27
7215.15
7240.97
7264.38
7283.87
7296.78
7301.4
7301.57
7299.04
7288.06
7261.65
7233.52
7207.75
7186.07
7170.17
7160.59
7156.44
7155.53
7156
7159.07
7163.49
7166.37
7167.97
7168.48
7168.14
7165.37
7157.7
7149.76
7142.83
7137.18
7132.97
7129.93
7128.3
7127.79
7127.78
7127.84
7127.84
7128.4
7131.75
7143.77
7164.17
7185.35
7204.93
7221.28
7234.08
7242.7
7246.72
7247.78
7247.66
7246.38
7241.13
7227.06
7211.12
7195.22
7182.77
7170.62
7163.77
7154.17
7148.92
7139.73
7135.3
7123.07
1601.14
1600.06
1599.12
1598.04
1597.13
1596.06
1595.17
1594.13
1593.24
1592.25
1591.33
1590.4
1589.47
1588.58
1587.64
1586.81
1585.83
1585.06
1584.06
1583.34
1582.36
1581.68
1580.83
1581.07
1584.33
1614.45
1679.22
1870.77
2082.43
2508.99
3019.97
4218.28
5717.97
6167.12
7054.88
7618.41
7573.64
7449.38
7431.25
7460.32
7521.84
7531.64
7518.85
7474.03
7429.37
7403.71
7390.21
7383.48
7380.06
7378.92
7379.86
7387.82
7401.72
7410.79
7414.76
7414.83
7411.13
7396.47
7375.12
7354.29
7336.17
7322.54
7314.23
7310.15
7308.65
7308.43
7308.68
7309.59
7312.22
7316.14
7320.24
7324.33
7327.69
7329.52
7329.7
7327.61
7317.9
7299.24
7281.7
7266.56
7254.96
7247.7
7244.55
7243.95
7244.08
7244.86
7247.59
7255.87
7274.19
7294.1
7312.45
7328.02
7341.91
7354.76
7363.78
7367.22
7367.44
7366.95
7365.64
7362.6
7355.28
7338.51
7320.47
7304.65
7291.5
7279.55
7271.33
7260.73
7256.59
7244.36
1601.17
1600.09
1599.14
1598.09
1597.13
1596.14
1595.17
1594.23
1593.24
1592.36
1591.35
1590.53
1589.51
1588.71
1587.72
1586.92
1585.96
1585.15
1584.25
1583.45
1582.86
1583.65
1592.95
1648.46
1763.48
2043.66
2398.73
3002.97
4384.34
5898.23
7208
7722.02
7715.5
7518.68
7394.61
7408.92
7539.02
7684.92
7727.35
7726.35
7698.01
7614.37
7549.06
7520.24
7514.46
7516.51
7524.86
7530.97
7532.55
7532.72
7531.97
7532.16
7536.21
7551.66
7567.78
7576.74
7580.13
7580.06
7574.86
7551.01
7507.76
7473.62
7450.04
7435.85
7429.22
7427.4
7427.49
7429.67
7435.14
7439.52
7442.35
7443.81
7444.1
7443.43
7439.6
7426.37
7405.64
7385.27
7365.65
7348.15
7334.27
7324.98
7319.94
7318.11
7317.96
7318.55
7320.99
7327.86
7347.45
7377.09
7405.92
7432.62
7455.57
7473.78
7485.96
7492.65
7494.7
7494.76
7494.04
7491.24
7482.27
7459.66
7435.53
7414.47
7397.27
7383.27
7373.37
7365.03
7362.18
7349.41
1601.17
1600.14
1599.13
1598.15
1597.12
1596.21
1595.17
1594.3
1593.26
1592.42
1591.39
1590.56
1589.58
1588.71
1587.83
1586.89
1586.14
1585.13
1584.82
1586.23
1601.9
1678.44
1860.87
2132.13
2943.78
3699.95
5529.51
6500.81
7258.82
7600.54
7680.09
7643.52
7638.99
7726.39
7814.17
7839.95
7853.18
7865.99
7871.06
7869.82
7861.57
7844.17
7822.18
7800.73
7778.33
7749.87
7711.37
7672.47
7646
7631.99
7628.49
7629.35
7637.26
7658.45
7673.35
7679.17
7679.92
7678
7667.52
7637.29
7609.14
7591.42
7581.52
7576.56
7575.02
7575.11
7576.45
7581.4
7588.47
7593.51
7596.46
7597.77
7597.98
7597.04
7591.93
7574.27
7542.4
7511.57
7484.11
7461.64
7444.77
7433.7
7428.14
7426.58
7426.62
7427.55
7430.76
7439.7
7463.84
7494.78
7522.68
7546.78
7567.16
7584.29
7598.68
7609.11
7613.64
7614.25
7613.81
7612.08
7606.29
7589.53
7569.4
7552.89
7540.26
7530.56
7523.7
7517.76
7516
7500.39
1601.14
1600.18
1599.11
1598.19
1597.13
1596.23
1595.19
1594.3
1593.31
1592.39
1591.47
1590.53
1589.68
1588.7
1587.96
1586.91
1586.56
1588.03
1607.35
1702.4
1887.95
2331.82
3075.79
4965.39
6493.23
6913.66
8007.14
8154.48
8198.55
8220.88
8201.45
8157.87
8126.78
8112.97
8080.96
7988.91
7903.82
7870.77
7868.08
7875.3
7903.22
7926.49
7931.53
7927.39
7902.73
7845.81
7806.86
7787.49
7782.2
7783.15
7791.52
7819.66
7847.12
7861.5
7866.52
7866.89
7864.84
7855.56
7824.93
7782.47
7747.17
7719.78
7700.04
7686.52
7677.88
7673.08
7671.17
7670.84
7671.32
7673.86
7676.3
7677.19
7677.17
7676.5
7673.59
7663.7
7638.05
7609.47
7584.65
7565
7550.86
7541.81
7537.54
7536.62
7536.89
7538.74
7544.51
7561.31
7596.89
7633.48
7667.03
7695.32
7718.3
7736.17
7750.28
7759.93
7765.13
7766.38
7765.93
7762.76
7751.75
7734.99
7721.28
7711.1
7703.43
7697.18
7692.06
7688.98
7690.4
7670.86
1601.13
1600.19
1599.12
1598.18
1597.15
1596.2
1595.25
1594.26
1593.38
1592.38
1591.53
1590.54
1589.72
1588.76
1588.09
1588.92
1605.86
1705.78
1918.05
2451.69
3742.37
4909.15
6551
7962.05
7906.32
7859.72
7899.08
8106.99
8294.19
8350.25
8351.23
8319.79
8216.81
8140.92
8114.26
8112.63
8120.77
8148.57
8168.42
8178.75
8184.94
8187.65
8187.11
8179.16
8144.94
8068.02
8003.24
7959.42
7935.68
7927.22
7926.09
7928.02
7939.61
7955.34
7961.82
7962.67
7960.82
7952.42
7928.51
7900.2
7874.52
7852.37
7834.32
7820.86
7812.39
7808.12
7806.6
7806.4
7807.18
7811.52
7818.6
7823.37
7825.49
7825.86
7825.58
7823.74
7816.29
7795.4
7772.63
7753.9
7740.24
7732.31
7729.42
7729.19
7729.96
7732.96
7741.29
7765.04
7801.82
7837.11
7868.67
7894.99
7916.74
7933.61
7947.18
7958.27
7968
7974.4
7977.5
7977.75
7976.53
7971.99
7965.34
7959.14
7953.56
7949.22
7946.24
7944.32
7947.42
7919.9
1601.14
1600.18
1599.14
1598.15
1597.19
1596.18
1595.27
1594.27
1593.37
1592.41
1591.47
1590.66
1589.57
1589.82
1598.3
1673.18
1887.3
2342.13
3426.85
4435.05
6916.52
8119.23
8339.58
8368.18
8326.85
8321.59
8359.31
8491.31
8568.16
8578.14
8556.91
8448.36
8310.84
8247.33
8232.36
8235.01
8258.55
8292.31
8305.71
8308.52
8307.87
8305.43
8299.38
8285.8
8247.94
8170.55
8102.59
8055.53
8030.99
8023.22
8023.26
8030.64
8061.84
8106.92
8137.65
8154.55
8161.68
8163.28
8162.19
8153.72
8121.85
8077.18
8039.9
8011.44
7992.33
7981.5
7976.39
7974.59
7974.95
7979.89
7994.14
8006.64
8014.86
8019.41
8021.3
8021.82
8021.55
8019.51
8010.23
7992.95
7980.71
7974.88
7973.45
7973.57
7975.21
7980.45
7994.34
8029.39
8072.91
8114.74
8152.45
8184.75
8211.37
8232.22
8248.88
8261.89
8272.33
8280.55
8286.78
8290
8290.23
8288.44
8280.98
8273.96
8267.31
8260.46
8255.83
8253.48
8254.47
8214.86
1601.15
1600.15
1599.15
1598.14
1597.19
1596.19
1595.25
1594.31
1593.33
1592.48
1591.46
1590.85
1592.57
1638.83
1799.71
2256.15
3244.16
4750.4
8905.34
8928.37
8814.48
8737.19
8682.9
8540.25
8369.96
8307.11
8308.42
8351.38
8425.14
8453.69
8452.74
8423.02
8343.41
8301.04
8292.81
8299.32
8339.39
8423.78
8490.88
8528.83
8542.32
8543.7
8542.11
8529.21
8475.04
8366.16
8280.73
8227.14
8202.28
8196.31
8198.36
8215.45
8276.28
8350.04
8402.58
8434.76
8450.14
8454.21
8453.4
8445.71
8412.97
8349.16
8297.95
8264.06
8245.59
8237.26
8234.99
8235.3
8240.31
8260.22
8286.95
8306.96
8320.05
8327.2
8330.32
8330.96
8330.43
8327.18
8315.97
8303.47
8296.99
8295.39
8295.59
8297.39
8302.78
8316.1
8348.24
8388.97
8431.13
8471.35
8507.59
8538.45
8563.62
8583.62
8599.73
8613.66
8625.78
8635.66
8643.45
8648.52
8651.53
8652.37
8651.36
8646.96
8642.76
8638.33
8633
8629.83
8629.91
8574.2
1601.17
1600.14
1599.16
1598.14
1597.19
1596.18
1595.28
1594.24
1593.46
1592.28
1592.17
1599.75
1699.92
2028.24
2846.12
4064.98
5965.16
7913.62
8771.29
8768.47
8609.04
8356.48
8266.1
8257.55
8293.68
8446.69
8618.9
8727.69
8787.44
8810.57
8813.46
8798.12
8722.53
8637.69
8597.08
8589.16
8593.42
8621.26
8692.12
8738.37
8755.3
8756.65
8752.93
8732.54
8657.87
8563.61
8505.34
8478.18
8470.67
8471.54
8484.06
8538.44
8647.52
8733.98
8791.88
8826.03
8840.35
8843.21
8840.41
8821.48
8757.78
8682.98
8628.76
8593.87
8574.59
8566.38
8564.97
8566.52
8575.78
8601.45
8625.06
8641.17
8650.4
8654.41
8655.48
8655.19
8652.6
8643.74
8638.7
8638.2
8639.37
8643.46
8652.01
8669.88
8703.32
8742.63
8786.47
8827.64
8868.27
8903.33
8935.14
8959.69
8980.68
8995.93
9009.8
9020.95
9033.13
9042.97
9053.56
9060.48
9068.22
9071.58
9077.99
9080.28
9084.09
9088.2
9092.63
9093.4
9098.95
9014.76
1601.18
1600.14
1599.16
1598.14
1597.19
1596.2
1595.24
1594.35
1593.27
1593.6
1613.42
1765.34
2216.79
3417.89
7067.45
9312.31
9480.79
9507.44
9436.22
9233.81
8987.61
8803.03
8709.59
8687.69
8693.12
8730.9
8854.58
8958.66
9008.79
9025.12
9024.53
9005.08
8945.68
8910.76
8903.25
8907.76
8937.49
8997.07
9044.31
9071.3
9078.78
9077.91
9068.84
9031.49
8943.81
8874.33
8833.95
8818.58
8816.81
8820.93
8840.94
8905.42
8988.85
9052.1
9092.95
9114.34
9122.84
9123.31
9118.65
9095.38
9034.45
8982.43
8949.69
8932.46
8926.09
8925.21
8926.98
8935.92
8960.04
8982.58
8999.73
9011.08
9018.01
9021.24
9022.99
9023.89
9026.51
9030.27
9039.72
9050.75
9076.03
9108.63
9157.21
9201.13
9252.99
9293.66
9339.11
9370.68
9406.19
9428.23
9454.02
9467.2
9486.01
9494.48
9511.47
9520.12
9539.36
9551.22
9579.14
9596.21
9631.23
9648.82
9683.42
9700.77
9731.27
9745.94
9777.1
9789.95
9823.21
9675.49
1601.18
1600.14
1599.16
1598.14
1597.19
1596.18
1595.3
1594.25
1595.01
1642.32
1863.24
2738.37
4967.73
7511.98
9127.88
9691.3
9686.24
9652.44
9609.08
9544.1
9353.88
9053.11
8899.45
8874.66
8908.21
9094.05
9383.21
9547.08
9607.44
9618.6
9609.44
9549.67
9400.79
9281.46
9209.27
9177.67
9170.38
9173.33
9192.58
9217.73
9225.4
9224.38
9214.3
9171.95
9113.6
9085.01
9078.41
9079.99
9091.91
9130.7
9220.7
9308.14
9377.18
9425.16
9454.04
9468.38
9473.43
9473.75
9470.67
9454.83
9415.92
9389.26
9379.95
9379.36
9381.43
9388.37
9406.16
9424.02
9443.88
9458.72
9473.61
9482.32
9492.02
9496.92
9505.31
9512.61
9529.96
9554.91
9608.38
9661.79
9735.59
9798.28
9871.18
9925.09
9984.77
10024.6
10071.2
10098.8
10134.6
10152.2
10179.9
10192.4
10219.1
10232.9
10264.2
10283.5
10328.3
10358
10427.4
10470.5
10562.9
10611.1
10702.1
10748.2
10838
10878.6
10960.4
10997.7
11098.2
10794
1601.18
1600.15
1599.16
1598.15
1597.17
1596.23
1595.21
1596.32
1652.31
1951.27
2774.51
4415.59
9071.91
9211.02
9512.39
9804.02
9996.38
10019.6
9987.32
9827.96
9491.05
9298.71
9244.23
9252.63
9333.81
9561.66
9752.33
9858.01
9890.3
9889.4
9866.21
9768.98
9608.33
9498.84
9438.99
9417.44
9416.85
9427.13
9457.52
9479.94
9488.25
9487.72
9479.69
9464.63
9462.3
9465.83
9481.73
9529.04
9624.25
9714.14
9785.44
9835.16
9865.36
9880.58
9885.91
9886.22
9885.48
9884.35
9883.07
9883.22
9887.35
9900.45
9934.56
9975.69
10021.4
10060.1
10097.9
10125.6
10153.6
10173.3
10195.7
10208.4
10224.9
10234.9
10256.1
10279.6
10340.3
10407.8
10514
10594.1
10703
10775.9
10870.6
10925.1
11002.1
11041.4
11107.9
11138.9
11200.3
11229.5
11291.7
11323.2
11392.9
11432.7
11523.2
11579.5
11711
11795.4
11986.6
12095.1
12327.8
12443.8
12679.5
12790.5
13022.4
13131.7
13361.5
13468.3
13765.7
13022.2
1601.18
1600.15
1599.16
1598.14
1597.22
1596.12
1596.92
1661.23
2004.08
3528.87
9319.25
9184.01
9042.2
9012.6
9266.7
9637.47
9859.41
9924.36
9899.36
9746.59
9553.03
9489.7
9490.19
9547.84
9790.48
10065.6
10218.8
10278
10283.3
10263.2
10167.8
10017.1
9925.84
9884.11
9875.75
9878.56
9896.62
9916.55
9929.82
9936.98
9941.41
9945.23
9949.95
9960.72
9986.68
10052
10186.6
10326
10443.6
10528.4
10582.7
10611.1
10621.6
10623.1
10621.4
10614.8
10608.1
10606.4
10607.4
10614.3
10638
10692.2
10771.4
10836.8
10909.3
10958.2
11014.8
11048.3
11094.2
11117.7
11157.6
11178.2
11221.9
11251
11320.3
11378.8
11518.1
11614.3
11783.5
11875.7
12038
12120.6
12270.5
12342
12485.1
12556.4
12709
12789.2
12962.6
13054.5
13253.4
13360.9
13596.6
13730.9
14029.9
14207.8
14610.8
14850.8
15378.5
15662.2
16262.8
16559.4
17176.2
17473.8
18097.9
18402.2
19046.1
19360.8
20215.7
18288.2
1601.18
1600.16
1599.13
1598.22
1597.02
1597.29
1640.86
2036.1
3283.58
5470.17
10693
10580.3
10365.3
10190.5
10088.6
10060.3
10065.8
10109.1
10217.8
10274.8
10297.9
10313.6
10338.3
10404.4
10553.2
10639.4
10662
10656.6
10616.8
10489.1
10376
10326.1
10311.4
10313.1
10336.6
10414.3
10492.6
10540.7
10567.7
10583.6
10595.6
10609.9
10635.8
10690.1
10822.6
11036.6
11248.4
11423.1
11549.5
11631.6
11681.3
11703.6
11709.6
11708.9
11703.5
11693.9
11693.1
11697.1
11713.1
11747.2
11832.8
11912.2
12022.3
12096.8
12193
12246.1
12323.2
12359.3
12431.8
12470.5
12554.9
12606.8
12724.8
12804.5
12988.9
13110.8
13382.2
13532.8
13834.8
13980.4
14281.9
14430.5
14743.3
14904.3
15250.5
15442
15866.1
16105.8
16630.6
16919.1
17542.9
17885
18624.4
19044.8
19962.2
20493.9
21646.1
22290.4
23658.7
24364.3
25817.4
26531
27995.8
28712.8
30190.6
30920.6
32428.6
33174.7
35154.5
30821.4
1601.18
1600.16
1599.16
1598.11
1597.57
1622.02
1928.04
3318.33
9733.64
10636.9
10684.1
10671.3
10626.5
10464.7
10221.7
10091.2
10071
10113.9
10339.8
10758.4
11079.2
11316.9
11483.9
11563.4
11583.6
11581.3
11553.9
11440.4
11228.2
11092.3
11026.9
11008.5
11010.9
11043.1
11155.7
11294.9
11399.5
11467.2
11504.6
11525.1
11543.3
11575.8
11646.5
11816.4
12059.1
12309.8
12541.5
12727.2
12868.2
12959.8
13023.8
13057
13079.9
13089.3
13106.9
13121.9
13160
13203.4
13308.9
13397.1
13548.1
13651.4
13814.3
13908.4
14047.7
14114.6
14242.8
14316.4
14479.3
14584.7
14821.2
14981
15338.4
15572.6
16085.5
16402.6
17059.3
17412.2
18110.4
18469.7
19215.2
19605.9
20425.6
20878.3
21844.9
22403.2
23593.2
24275.5
25714.2
26510.5
28166.3
29082.8
30944.8
32055.2
34242.3
35592.6
38139.2
39725.7
42372.8
43889.8
46455.4
47861.7
50316.9
51604.7
53972.4
55191
57486.1
58616.1
61450.8
54880.2
1601.17
1600.16
1599.16
1598.22
1604.74
1828.7
2909.51
5368.13
10892.4
11521.3
11645.3
11606.1
11375.8
11023.3
10752
10645.6
10649.2
10717.8
10968.9
11350.2
11687.6
11977.2
12241.1
12454.9
12577
12623.6
12633.8
12623.6
12562.5
12500.5
12489.2
12497.3
12539.7
12670
12836
12975.7
13071.5
13125.6
13150.8
13166.1
13193.3
13255.8
13410.6
13625.1
13848
14053.1
14242
14376
14485
14554.3
14623.4
14657.3
14700.8
14728.8
14792.4
14856.1
15002
15139.5
15364.4
15529.3
15821.2
16022.8
16377.3
16603.1
16961.1
17155.8
17537.3
17781.5
18305.7
18693.7
19416.2
20049.1
21057.7
21995.3
23314.8
24471.6
25907.9
27089.2
28605.5
29791.4
31391.7
32617.5
34316
35751
37640.8
39466.6
41629.3
43785.4
46206.2
48476.8
51020.4
53433.5
56082.8
58671.4
61468.2
64071.4
66934.5
69383
71990.9
73982
76250.8
77848.2
79828.9
81109.7
82887.1
83920.3
85529.9
86297.7
88155.9
81682.2
1601.16
1600.21
1599.04
1600.18
1717.43
2691.18
10484.5
10778.5
10016.3
9912.76
10474.8
10946.7
11056.4
11101.2
11169.9
11332.7
11775.6
12366.1
12770.5
13025.6
13251.5
13514.3
13798.8
14068.9
14258
14353
14387.1
14403.3
14422
14454.4
14528.7
14675
14855
15022.8
15152.5
15242.3
15279
15283.1
15281.9
15284.7
15303.5
15363.9
15506.9
15674.6
15849.4
16007.8
16175.1
16269.1
16371.1
16431.6
16549.8
16623.6
16763
16901.8
17150.7
17471.3
17813.4
18249.4
18715.6
19264
19952.7
20666.6
21552
22427.3
23353
24220.1
25220.2
26315.8
27680.3
29246.7
31051.5
33207.7
35575.1
38313.8
41100.8
44075.3
46867.1
49745.9
52392.1
55089.6
57601.5
60175.3
62649.4
65293.7
67864.2
70693.2
73334.9
76161.8
78725.3
81339
83714.1
86083.1
88193
90295.3
92114.8
93868.1
95390.7
96778.7
97948.5
98944.3
99837.1
100546
101254
101774
102379
102757
103266
103497
104261
99564.3
1601.16
1600.16
1599.47
1634.11
2153.28
4708.03
11205
11695.1
13565.6
14590.5
14691.6
14490.9
14127.9
14060.7
14119.8
14453.9
14987.8
15406
15708.1
15929.9
16114.6
16283.7
16430.8
16548.1
16598.3
16601.2
16588.5
16580.5
16590
16646.8
16830.8
17039.8
17203.2
17304
17350.6
17361.8
17353.3
17309.6
17273.7
17268.4
17274.2
17300.6
17368.8
17538.8
17765.6
18059.5
18389.6
18628.4
18891
19152.8
19550.8
19952.6
20511.8
21252.2
22174.2
23276.1
24436.1
25818.8
27258.8
29002.2
30853
33025.6
35232.4
37642.1
39890
42348.3
44834.7
47791.1
50958.1
54621.2
58440.8
62733.9
66929.1
71356.7
75330.7
79295.8
82661
85940.7
88623.3
91277.9
93439.9
95639.2
97448.6
99333.7
100886
102520
103839
105210
106311
107417
108321
109181
109880
110548
111093
111623
112099
112551
112944
113293
113622
113888
114180
114387
114679
114841
115114
115238
115985
111336
1601.19
1600.08
1603.04
1842.26
3953.18
11158.4
13572.8
15603.1
17225.5
18579.8
19274.8
19316.5
19213.7
18988.4
18844.8
18779.6
18754.2
18703.9
18635.6
18586.6
18576.7
18583.8
18592.8
18610
18617.3
18605.1
18546.5
18489.8
18459.3
18452
18457.7
18481.4
18543.1
18595.1
18649.3
18722.4
18762
18784.8
18833.2
18965.9
19116.1
19372.5
19784.3
20417.4
21120.2
22123.6
23119.3
24046.6
24952.7
26070.6
27359.1
29014.8
30942
33344.7
36086.5
39218
42531.5
46181.3
49910.9
54061.3
58273.6
62785.2
67027.5
71280.2
75181.4
79240.9
83150.9
87330.4
91399.8
95572.7
99492.2
103219
106429
109293
111576
113588
115150
116516
117518
118443
119099
119730
120151
120575
120856
121188
121426
121752
122021
122339
122641
122942
123239
123545
123862
124178
124556
124891
125266
125564
125921
126168
126511
126726
127091
127283
127654
127827
128953
123186
1601.14
1600.57
1648.2
2593.74
26680.9
25530.7
23920.7
22853.9
22307.1
21999.8
21610.2
21105.1
20626.2
20257.3
20021.2
19881.2
19776.3
19662.3
19557.2
19498
19472.3
19472.3
19477.4
19500.2
19522.5
19525.3
19524.5
19528.1
19541.6
19585.4
19696
19855.7
20066.3
20219.8
20516
21016.5
21399.6
21758.8
22315.9
23038.8
23874
25020.5
26693.7
28831.1
31398.3
34326.5
37149.9
39908.9
42659.3
45802.2
49383.4
53735.9
58671.4
64320.2
70275.3
76443.5
82568.5
88514.4
94136.3
99422.5
104241
108615
112352
115634
118479
121097
123398
125511
127306
128885
130156
131191
131953
132587
133021
133439
133733
134020
134199
134399
134507
134627
134674
134749
134794
134904
135016
135228
135458
135737
136081
136413
136817
137222
137708
138164
138760
139247
139842
140268
140826
141176
141701
142006
142530
142797
143325
143581
145140
137597
1601.05
1603.95
1914.56
4636.19
13058.5
15528.2
18049.7
19483.2
20069.5
20280.3
20345.9
20342.5
20318.7
20277.5
20263.7
20272.4
20295.9
20317.8
20329.1
20366
20409.6
20504.6
20565.4
20692.2
20773.7
20905
21076.2
21289.3
21486.2
21930.4
22466.4
23096.1
23885.2
24640.5
26034.8
27757.2
29449.1
31233.4
33345.3
35854.5
38745.5
42547.6
47474.5
53375.4
59838.2
66560.6
72932.4
79003.1
84818.5
90832.7
97158.7
103855
110519
116946
122793
128008
132446
136131
139058
141271
142920
144148
144994
145618
146066
146461
146774
147087
147350
147632
147872
148103
148290
148495
148655
148886
149079
149299
149463
149657
149803
149955
150090
150249
150442
150704
151009
151406
151854
152326
152890
153410
154024
154612
155280
155895
156647
157261
157976
158472
159127
159521
160145
160500
161140
161470
162141
162477
164471
154661
1601.31
1637.18
2534.55
26622.9
28434.4
25773.6
24252.8
23798.3
23598.7
23405.2
23135.5
22866.8
22678.7
22522.1
22439.2
22426.5
22441.3
22465.5
22486.3
22552.5
22640.9
22816.1
23002.2
23331.9
23597.5
24124.7
24785.6
25726
26665.3
28286.6
30210.5
32508.4
35260.5
38713.8
42916.9
47870.8
53026.1
58518.5
64435.9
71106.5
78847.2
87991.8
98068.2
108279
117782
126170
133347
139439
144584
149108
153016
156260
158797
160771
162228
163320
164095
164663
165031
165132
165114
165043
164881
164703
164522
164434
164432
164488
164648
164917
165243
165623
166026
166486
166931
167429
167878
168311
168675
169034
169331
169605
169857
170126
170436
170814
171230
171744
172298
172891
173567
174213
174948
175677
176474
177233
178118
178862
179711
180312
181108
181593
182384
182839
183681
184124
185031
185492
188003
174854
1602.85
1776.78
4725.01
17137.1
18688.4
20776.9
22377
23244.5
23783
23858.2
23835.1
23741.8
23698
23700.3
23742.2
23933.3
24232.8
24500.3
24723.9
25261.2
25888.8
26701.8
27802.1
29020.8
30333.3
32376.1
35086.7
38241.9
42188.5
47152
53094.2
60085.5
68491.5
78207.2
88833.3
100054
111093
121744
131869
141732
151362
160386
168119
174183
178595
181612
183689
185054
185823
186263
186380
186319
186131
185957
185808
185720
185696
185704
185704
185677
185611
185523
185426
185412
185444
185575
185842
186259
186777
187386
188052
188726
189391
190064
190640
191212
191704
192156
192539
192932
193266
193597
193918
194291
194732
195284
195892
196624
197391
198210
199103
199968
200912
201860
202863
203835
204925
205865
206908
207675
208676
209314
210349
210966
212100
212709
213939
214566
217658
199401
1611.59
2281.96
37031.1
32912.4
29881.3
28222.6
27511
26880.3
26222.1
26154.2
26176.9
26335.9
26538.4
26888.5
27271.2
28121
28993.1
29916.7
31003.1
33158.1
35383.4
38514.1
42372.2
46375.9
51734.8
58472
66461.8
76050.3
87282.5
100571
115297
131020
146938
162064
175173
186188
194921
201637
206575
210136
212562
214071
214775
214791
214631
214185
213646
213090
212463
211906
211374
210850
210450
210330
210363
210576
211022
211532
211991
212368
212674
212927
213109
213300
213509
213813
214212
214777
215448
216210
217036
217854
218660
219465
220156
220839
221445
222001
222502
223033
223511
224009
224507
225100
225802
226665
227598
228686
229790
230955
232171
233351
234589
235839
237120
238376
239738
240939
242237
243234
244500
245360
246711
247558
249060
249899
251522
252352
256000
230300
1651.47
3581.25
17421.5
21727.8
22986
23615.2
24846.1
25622
26310.7
27865.8
28955
30756.1
32126.1
34033.3
36009.2
39024.4
41880.3
45390.4
49919.9
56625.6
64744.1
74560.3
85435.1
98081.8
113743
131761
150749
170143
188726
206211
221422
233719
242776
248671
251625
252844
252707
252204
251303
250274
249210
248169
247123
246133
245258
244504
243982
243600
243292
243201
243215
243343
243619
244079
244669
245374
246126
246823
247386
247851
248247
248626
248965
249337
249754
250312
250979
251827
252780
253818
254916
255975
257017
258043
258928
259821
260652
261425
262161
262952
263698
264484
265284
266242
267353
268677
270080
271659
273220
274845
276479
278064
279673
281302
282925
284533
286224
287758
289367
290672
292260
293429
295155
296316
298249
299385
301474
302549
306757
268908
1786.14
6120.97
16894.9
22552.1
25024.9
28337
31991.1
33837
36982.1
41163.9
44735.3
48842.2
52656.9
57657.4
63749.5
71889.2
81735.2
93096.9
108012
127407
150084
174560
199113
223698
246865
266469
281504
292288
298926
302951
304526
304381
303595
301777
299235
296618
294161
292008
290270
288948
288046
287586
287433
287450
287543
287632
287746
287835
287921
288140
288494
288964
289566
290339
291246
292245
293240
294155
294924
295613
296263
296947
297635
298395
299229
300239
301360
302640
304001
305418
306879
308258
309616
310952
312128
313346
314544
315659
316769
317959
319116
320333
321585
323081
324788
326758
328793
331009
333145
335335
337474
339546
341594
343680
345712
347744
349835
351781
353774
355481
357463
359044
361220
362804
365249
366758
369416
370771
375737
325990
2161.08
42428.9
38001.1
38216.5
40943
47684.9
55252.8
59908.6
68070.7
77266.6
86530.1
95851.1
107796
122326
140280
163714
191930
224661
259948
293599
322734
345476
362469
373471
379440
379973
378681
375552
371367
367282
363496
360022
356895
354108
351710
349877
348578
347742
347330
347241
347373
347799
348319
348812
349247
349643
350058
350486
350977
351634
352483
353499
354649
355951
357362
358820
360214
361486
362595
363649
364709
365877
367121
368500
369992
371682
373464
375365
377298
379231
381177
382980
384763
386528
388125
389819
391590
393224
394910
396719
398538
400449
402429
404751
407307
410134
412959
415939
418743
421586
424307
426940
429492
432124
434649
437190
439775
442234
444722
446952
449438
451573
454303
456466
459523
461519
464874
466555
472480
410462
3289.85
20362.2
26611.8
45982.4
65707.6
92197
111119
122757
141662
166227
192186
219364
255443
294591
336816
380193
421287
454295
477096
489433
493173
492112
488869
482935
475809
468018
460145
453001
447125
443025
440553
439217
438444
437742
437010
436386
435925
435721
435829
436321
437094
438141
439302
440405
441443
442474
443538
444633
445816
447182
448770
450557
452486
454554
456702
458840
460841
462664
464297
465903
467577
469465
471544
473861
476352
479054
481810
484616
487370
490034
492665
495062
497454
499826
502050
504427
507062
509520
512140
514997
517938
521042
524243
527820
531514
535388
539106
542932
546456
550021
553400
556680
559808
563117
566249
569414
572640
575760
578922
581850
585010
587895
591343
594319
598099
600793
604977
607070
614083
534100
5613.81
18863.2
60524.9
131856
188138
232793
259012
283718
334741
401083
462537
518161
571258
611980
644537
666021
675502
673992
667720
655058
640829
626934
614458
603846
595289
588708
583691
579904
577195
575724
575215
575264
575500
575701
575814
575975
576281
576898
577922
579349
581092
583124
585303
587427
589511
591646
593831
596020
598259
600659
603288
606141
609162
612336
615576
618747
621696
624398
626879
629366
632007
634996
638328
642045
646017
650208
654391
658525
662486
666245
669901
673206
676536
679797
683023
686323
690302
694156
698417
703155
708064
713207
718378
723712
728761
733779
738407
743118
747383
751756
755909
759977
763790
768010
771928
775902
780003
784012
788173
792065
796164
800097
804543
808692
813319
817088
822167
824935
832947
719878
7558.52
96208
289455
414263
491762
533119
580459
667145
777617
868405
928877
965772
987078
987195
978938
961338
938344
912786
888034
866968
851458
841103
834043
828685
824254
820388
816857
813904
811938
811342
811835
813050
814455
815824
817158
818571
820202
822302
824886
827851
831064
834543
838230
841929
845667
849545
853473
857324
861138
865075
869249
873668
878284
883085
887950
892696
897141
901299
905234
909229
913479
918210
923408
929121
935159
941400
947554
953548
959242
964626
969833
974568
979378
983959
988833
993161
999571
1.00593e+06
1.01316e+06
1.02111e+06
1.02933e+06
1.03776e+06
1.0457e+06
1.05314e+06
1.0596e+06
1.0657e+06
1.07125e+06
1.07693e+06
1.08205e+06
1.08745e+06
1.09269e+06
1.09782e+06
1.10259e+06
1.1082e+06
1.11323e+06
1.11836e+06
1.12379e+06
1.12908e+06
1.13487e+06
1.14016e+06
1.14565e+06
1.15114e+06
1.15711e+06
1.163e+06
1.16868e+06
1.17423e+06
1.18003e+06
1.18482e+06
1.19244e+06
1.01542e+06
100880
672507
985648
1.02482e+06
1.06379e+06
1.12844e+06
1.26334e+06
1.39491e+06
1.49277e+06
1.54939e+06
1.56879e+06
1.56106e+06
1.53456e+06
1.4853e+06
1.42866e+06
1.39312e+06
1.37005e+06
1.35229e+06
1.3369e+06
1.32236e+06
1.30953e+06
1.29897e+06
1.28989e+06
1.28223e+06
1.27612e+06
1.2714e+06
1.26775e+06
1.26546e+06
1.26483e+06
1.26597e+06
1.26821e+06
1.27087e+06
1.27351e+06
1.27614e+06
1.27895e+06
1.28222e+06
1.28623e+06
1.29122e+06
1.29682e+06
1.30242e+06
1.30786e+06
1.31336e+06
1.31904e+06
1.32488e+06
1.33095e+06
1.33732e+06
1.34371e+06
1.34994e+06
1.3561e+06
1.36243e+06
1.3691e+06
1.37605e+06
1.38316e+06
1.39039e+06
1.39762e+06
1.40466e+06
1.41139e+06
1.41792e+06
1.42438e+06
1.43104e+06
1.43808e+06
1.44561e+06
1.45353e+06
1.46184e+06
1.47038e+06
1.47901e+06
1.48749e+06
1.49574e+06
1.50364e+06
1.51122e+06
1.51858e+06
1.52547e+06
1.53248e+06
1.539e+06
1.54639e+06
1.55149e+06
1.56308e+06
1.57426e+06
1.58654e+06
1.59924e+06
1.61238e+06
1.62566e+06
1.63653e+06
1.64595e+06
1.65371e+06
1.66099e+06
1.66778e+06
1.67482e+06
1.68136e+06
1.6884e+06
1.69568e+06
1.70255e+06
1.70895e+06
1.71709e+06
1.72384e+06
1.73098e+06
1.73883e+06
1.74616e+06
1.75496e+06
1.76239e+06
1.77024e+06
1.77836e+06
1.78697e+06
1.79555e+06
1.80287e+06
1.81134e+06
1.81779e+06
1.82804e+06
1.83011e+06
1.53735e+06
1.42868e+06
2.47146e+06
2.43962e+06
2.34769e+06
2.28239e+06
2.31722e+06
2.48968e+06
2.64349e+06
2.72947e+06
2.76899e+06
2.76717e+06
2.75068e+06
2.7179e+06
2.67107e+06
2.59765e+06
2.52759e+06
2.46997e+06
2.42527e+06
2.38971e+06
2.36102e+06
2.33825e+06
2.31971e+06
2.30278e+06
2.28788e+06
2.2762e+06
2.26776e+06
2.2619e+06
2.25959e+06
2.2595e+06
2.26153e+06
2.26381e+06
2.26539e+06
2.26656e+06
2.26828e+06
2.27117e+06
2.27589e+06
2.2827e+06
2.29123e+06
2.30002e+06
2.30771e+06
2.31435e+06
2.32065e+06
2.32713e+06
2.33416e+06
2.34189e+06
2.35017e+06
2.35856e+06
2.3669e+06
2.37544e+06
2.38446e+06
2.39404e+06
2.40381e+06
2.41336e+06
2.42263e+06
2.43166e+06
2.4405e+06
2.44935e+06
2.45846e+06
2.46801e+06
2.47807e+06
2.48859e+06
2.4993e+06
2.50983e+06
2.52016e+06
2.53038e+06
2.54054e+06
2.55062e+06
2.56057e+06
2.57039e+06
2.58012e+06
2.58975e+06
2.59923e+06
2.60885e+06
2.61788e+06
2.62804e+06
2.6341e+06
2.65594e+06
2.67486e+06
2.70104e+06
2.71711e+06
2.73728e+06
2.75791e+06
2.76819e+06
2.78539e+06
2.79255e+06
2.80865e+06
2.82021e+06
2.8305e+06
2.8364e+06
2.85547e+06
2.86996e+06
2.8813e+06
2.8931e+06
2.90825e+06
2.91803e+06
2.93246e+06
2.94776e+06
2.95899e+06
2.97644e+06
2.98261e+06
3.00073e+06
3.01601e+06
3.03157e+06
3.04253e+06
3.06272e+06
3.07124e+06
3.08925e+06
3.10895e+06
3.09866e+06
2.697e+06
5.50141e+06
5.92964e+06
5.92402e+06
5.69485e+06
5.20614e+06
4.78266e+06
4.50375e+06
4.35969e+06
4.29515e+06
4.26692e+06
4.26562e+06
4.28263e+06
4.3138e+06
4.35579e+06
4.4152e+06
4.47173e+06
4.51797e+06
4.55716e+06
4.59253e+06
4.62539e+06
4.65477e+06
4.6817e+06
4.70852e+06
4.73586e+06
4.76304e+06
4.78981e+06
4.81609e+06
4.84175e+06
4.86667e+06
4.89025e+06
4.91209e+06
4.93352e+06
4.95554e+06
4.97868e+06
5.00326e+06
5.02823e+06
5.05241e+06
5.07484e+06
5.09587e+06
5.11765e+06
5.14061e+06
5.16433e+06
5.18833e+06
5.21196e+06
5.23516e+06
5.25809e+06
5.28152e+06
5.30612e+06
5.33186e+06
5.35801e+06
5.38391e+06
5.40894e+06
5.43288e+06
5.45624e+06
5.47959e+06
5.50345e+06
5.52818e+06
5.55365e+06
5.57958e+06
5.60564e+06
5.63139e+06
5.6563e+06
5.6803e+06
5.70402e+06
5.72802e+06
5.75262e+06
5.77807e+06
5.80413e+06
5.83063e+06
5.85741e+06
5.88416e+06
5.91063e+06
5.9366e+06
5.96229e+06
5.98693e+06
6.01304e+06
6.31962e+06
6.41164e+06
6.25979e+06
6.45826e+06
6.51672e+06
6.36991e+06
6.69138e+06
6.5932e+06
6.81483e+06
6.6577e+06
6.71096e+06
6.87775e+06
5.76811e+06
6.95236e+06
6.96873e+06
7.0032e+06
7.05081e+06
7.10027e+06
7.35548e+06
7.20551e+06
7.32173e+06
7.54857e+06
7.51914e+06
6.3732e+06
7.81313e+06
7.87121e+06
8.00041e+06
6.59969e+06
7.83897e+06
6.70843e+06
8.10604e+06
8.04001e+06
8.31785e+06
8.36751e+06
2.03923e+07
2.0367e+07
2.01979e+07
1.92245e+07
1.61839e+07
1.29043e+07
1.14144e+07
1.07077e+07
9.78179e+06
9.65633e+06
9.29595e+06
8.41939e+06
7.59656e+06
6.67714e+06
5.91482e+06
5.32669e+06
5.68539e+06
5.86237e+06
5.98539e+06
6.10388e+06
6.12864e+06
6.16533e+06
6.17281e+06
6.17081e+06
6.16439e+06
6.16428e+06
6.18792e+06
6.19141e+06
6.18238e+06
6.17827e+06
6.18744e+06
6.19827e+06
6.20257e+06
6.20654e+06
6.22027e+06
6.2253e+06
6.22061e+06
6.21004e+06
6.20653e+06
6.21174e+06
6.21433e+06
6.21038e+06
6.20068e+06
6.1931e+06
6.18906e+06
6.18529e+06
6.17906e+06
6.17049e+06
6.1618e+06
6.15437e+06
6.15062e+06
6.14817e+06
6.14295e+06
6.13379e+06
6.12375e+06
6.11266e+06
6.11031e+06
6.11085e+06
6.11384e+06
6.1182e+06
6.11716e+06
6.10959e+06
6.10159e+06
6.09671e+06
6.09866e+06
6.10986e+06
6.13346e+06
6.16329e+06
6.18864e+06
6.20316e+06
6.21009e+06
6.21784e+06
6.23485e+06
6.26703e+06
6.30853e+06
6.35511e+06
6.39117e+06
6.41698e+06
6.41581e+06
6.43437e+06
5.43535e+06
5.45457e+06
5.54964e+06
5.89754e+06
5.01451e+06
3.11483e+06
2.53946e+06
2.19925e+06
1.95151e+06
2.16681e+06
2.13031e+06
2.00463e+06
2.00245e+06
1.95986e+06
1.9307e+06
1.94518e+06
2.02511e+06
2.07549e+06
2.10295e+06
2.11775e+06
2.12612e+06
2.12696e+06
2.12107e+06
2.11596e+06
2.11773e+06
2.10479e+06
2.0939e+06
2.0939e+06
2.09722e+06
2.10058e+06
2.10424e+06
2.11174e+06
2.12383e+06
2.13562e+06
2.14953e+06
2.16534e+06
2.18205e+06
2.19805e+06
2.21204e+06
2.2262e+06
2.24264e+06
2.25979e+06
2.27559e+06
2.28788e+06
2.30119e+06
2.31291e+06
2.32297e+06
2.33407e+06
2.34605e+06
2.35615e+06
2.36811e+06
2.37521e+06
2.38215e+06
2.38578e+06
2.38925e+06
2.39065e+06
2.39582e+06
2.3998e+06
2.40429e+06
2.40942e+06
2.41523e+06
2.41994e+06
2.42313e+06
2.4243e+06
2.42427e+06
2.4244e+06
2.42726e+06
2.43605e+06
2.45146e+06
2.46813e+06
2.48328e+06
2.49547e+06
2.50589e+06
2.51918e+06
2.53888e+06
2.56819e+06
2.60342e+06
2.64278e+06
2.66427e+06
2.69678e+06
2.90759e+06
2.91694e+06
2.97368e+06
3.32655e+06
3.49881e+06
2.38681e+06
1.42966e+06
1.11048e+06
962230
1.00873e+06
1.05073e+06
1.06577e+06
1.12814e+06
1.16855e+06
1.20955e+06
1.25087e+06
1.29961e+06
1.33117e+06
1.34807e+06
1.35566e+06
1.35947e+06
1.35413e+06
1.3414e+06
1.32691e+06
1.32133e+06
1.30395e+06
1.28211e+06
1.26896e+06
1.26154e+06
1.2569e+06
1.25103e+06
1.24746e+06
1.24803e+06
1.25029e+06
1.25387e+06
1.25939e+06
1.26683e+06
1.27557e+06
1.28394e+06
1.29239e+06
1.30147e+06
1.31165e+06
1.32193e+06
1.3308e+06
1.34016e+06
1.34845e+06
1.35543e+06
1.36268e+06
1.371e+06
1.37914e+06
1.38968e+06
1.39619e+06
1.40262e+06
1.40663e+06
1.41072e+06
1.41295e+06
1.41779e+06
1.4211e+06
1.42475e+06
1.42832e+06
1.43262e+06
1.43701e+06
1.44134e+06
1.44444e+06
1.44548e+06
1.4451e+06
1.44529e+06
1.4477e+06
1.45434e+06
1.46342e+06
1.47324e+06
1.48128e+06
1.48665e+06
1.49144e+06
1.49831e+06
1.51075e+06
1.52847e+06
1.55489e+06
1.57091e+06
1.60358e+06
1.80408e+06
1.80835e+06
1.84017e+06
2.05271e+06
2.73317e+06
2.40928e+06
1.45624e+06
949099
749532
715292
756082
793987
861883
919673
973998
1.01034e+06
1.04716e+06
1.0712e+06
1.08158e+06
1.08225e+06
1.07703e+06
1.06362e+06
1.04359e+06
1.02064e+06
1.00686e+06
984634
957035
935269
918668
906589
893712
882171
873849
868193
863547
860411
858936
859122
860084
862010
864123
867218
870838
874407
878661
882179
884806
887466
891042
895329
902426
906895
911626
914149
916865
917985
920855
923194
925745
928010
930522
933188
936293
939059
940695
941339
941890
943320
946670
950866
956081
960450
962708
963855
965164
968693
975949
991240
1.00121e+06
1.0273e+06
1.19112e+06
1.19281e+06
1.20821e+06
1.32028e+06
1.99015e+06
2.31298e+06
1.6922e+06
1.01423e+06
720076
619783
644483
688080
757005
825024
886164
919853
949659
968190
972151
966524
950909
930303
903906
874210
853107
827254
795982
769148
746891
729781
712649
696711
683402
672943
663562
655420
648678
643301
639507
636762
634558
633370
632829
632786
633288
633489
633195
632915
633254
634573
638209
640689
643541
644681
645904
645937
646923
648222
649669
650941
652268
653605
655392
657282
658752
659781
660597
661853
663754
665517
668082
670263
670989
670912
670031
670351
672648
680146
686286
704863
837415
838126
845600
899570
1.27613e+06
2.04819e+06
1.8507e+06
1.19677e+06
774014
598126
602097
648200
720501
798442
865823
899359
924041
937354
935332
922267
896174
868515
835470
799559
771711
742537
708457
678206
652243
631508
611501
592957
576792
563397
551168
540122
530413
521854
515034
509305
504293
500326
497108
494440
492557
490490
488045
485767
483922
483458
484158
484880
486041
486079
485985
484999
484825
484985
485384
485826
486260
486602
487346
488402
489443
490320
491121
492230
493403
494025
495101
495927
495937
495511
493835
492824
493349
496631
500093
512373
620604
620961
625047
652017
850678
1.58439e+06
1.80506e+06
1.42422e+06
896209
617531
598807
645072
721304
811193
886184
919560
937734
943160
934321
912488
877717
842378
802467
760708
726734
694491
658117
625212
596536
573118
551078
530877
512964
497691
483610
470744
459257
448846
440113
432425
425547
419739
414758
410389
406777
403160
399322
395737
392477
390561
389370
388589
388366
387524
386532
384611
383473
382796
382294
382009
381703
381269
381270
381527
382079
382622
383169
383976
384622
384692
384858
384872
384611
383959
382109
380574
380427
381746
383359
390869
478601
478786
481151
496311
601556
1.07816e+06
1.63589e+06
1.52586e+06
1.07849e+06
680589
625229
670091
750963
854134
934988
965025
973589
967810
946782
914710
872857
830178
784486
737841
698499
664120
626325
591461
560894
535735
512483
491360
472418
456001
440725
426704
414124
402618
392681
383679
375508
368429
362223
356726
351864
347144
342364
337874
333657
330790
328059
326163
324922
323202
321430
319060
317106
315709
314423
313554
312561
311517
310816
310587
310606
310707
310890
311280
311427
311186
310738
310365
309722
308968
307112
305512
304834
305348
305765
309926
380737
380836
382212
391507
446741
702775
1.312e+06
1.48632e+06
1.24964e+06
800024
686903
721675
804489
917266
988392
1.00333e+06
998798
979455
947135
904819
858942
810541
762667
714423
671905
637649
600673
564988
533831
508201
484824
463603
444315
427459
411617
397012
383870
371788
361174
351338
342284
334338
327271
321030
315283
309759
304330
299181
294339
290748
286898
284158
282028
279681
277192
274549
271982
269986
268050
266663
265067
263525
262262
261567
261100
260765
260528
260479
260255
259613
258739
258113
257127
256299
254422
252930
251785
251830
251495
253576
310402
310464
311259
316954
344701
488727
929411
1.34563e+06
1.29643e+06
968078
787612
799617
873966
964163
1.00796e+06
1.00679e+06
986141
943410
901052
851343
808676
759908
717279
673682
632582
602066
570348
536311
506988
482615
460566
440270
421458
405013
389376
374848
361695
349499
338689
328474
318918
310471
302856
296172
289879
283789
277934
272316
267113
262880
258358
254962
252126
249276
246202
243347
240341
237881
235433
233568
231477
229525
227804
226679
225771
225020
224376
223951
223275
222301
221095
220262
218980
218064
216120
214748
213262
212935
211944
212965
258202
258236
258669
261883
276650
363397
603216
1.08127e+06
1.24758e+06
1.09155e+06
904588
884005
920565
970010
962368
938786
892042
839404
796592
750261
716058
673943
640773
605416
571009
547007
525515
497668
473456
452552
433681
415509
398235
383257
368863
355216
342691
330885
320385
310306
300697
292156
284336
277496
271027
264639
258553
252665
247307
242521
237739
233872
230507
227312
223800
220754
217464
214663
211849
209563
207106
204819
202742
201223
199912
198795
197792
197010
195927
194682
193185
192156
190640
189611
187585
186262
184549
183964
182440
182802
218536
218487
218705
220429
229599
280188
412255
760747
1.10709e+06
1.09545e+06
981489
924739
924041
897923
843497
806945
757564
709924
674015
632669
609715
576399
554617
530956
504526
486382
472883
451106
430594
413819
399667
384795
370304
357862
345938
333971
322742
311893
302246
292923
283873
275743
268119
261495
255248
248898
242798
236896
231498
226447
221702
217607
213896
210575
206816
203597
200186
197165
194135
191535
188843
186315
183974
182123
180470
179048
177755
176681
175264
173793
172060
170855
169166
168017
165913
164576
162687
161925
160104
159904
187858
187644
187768
188671
194366
219470
296250
482078
864698
1.03377e+06
972033
910998
859669
765406
696459
656621
603117
558227
526202
484374
472710
447003
437419
429635
412987
406091
403859
396319
381887
371217
362099
351027
339447
328683
318931
308857
299205
289684
281241
273271
265432
258241
251246
245255
239573
233697
227850
222203
216942
212033
207551
203536
199731
196474
192754
189448
186069
182987
179900
177161
174371
171727
169221
167141
165245
163608
162113
160852
159212
157590
155695
154354
152563
151314
149154
147773
145744
144853
142939
142185
163728
163442
163497
163931
166856
179066
229601
326802
580230
878963
872375
830839
736285
621242
539620
485636
432131
388336
357516
318039
312050
293831
290562
288782
281493
284068
293367
298162
298020
299523
301264
300008
296746
291437
286628
279953
272810
265258
258346
251804
245023
238628
232397
227192
222222
217101
211806
206599
201746
197267
193274
189646
186048
182941
179529
176304
173104
170148
167187
164504
161768
159156
156627
154467
152459
150736
149159
147845
146141
144488
142546
141146
139350
138047
135888
134455
132357
131349
129441
128277
144472
144177
144139
144301
145636
152681
181020
235968
364702
662770
710792
680021
589967
472105
382686
324706
291466
252278
225374
195917
187636
170373
163631
159857
149965
151459
157916
164046
167859
176054
186400
195498
203846
211283
219464
223747
224752
224317
223195
221481
218449
214712
210554
206951
203315
199286
194840
190261
185947
181972
178359
175094
171882
168936
165885
162925
159997
157312
154633
152168
149641
147205
144795
142700
140719
139051
137550
136354
134768
133234
131403
130048
128368
127091
125037
123587
121531
120366
118560
117140
128749
128539
128301
128345
128887
132312
146435
185916
252083
452160
533213
508234
437830
343579
270097
230143
203443
171523
153534
131524
120169
103399
93764.3
87118.3
78674.3
76688.8
76879.2
77402.8
78665.9
81738.6
85807.6
90992.9
96272.4
104462
113948
122240
129219
135950
143591
151002
156291
160493
163554
166573
168952
169055
168463
166761
164351
162129
160127
158295
156243
153987
151513
149052
146644
144435
142147
139940
137646
135403
133167
131186
129298
127769
126453
125508
124189
122943
121375
120173
118733
117567
115724
114336
112438
111216
109550
108024
115600
115453
115152
115066
115251
116670
123819
154777
191450
306970
379195
361778
318677
257285
210292
181475
146641
118449
99251.7
79324
66877.7
56658.4
53245.9
50106
46362
44716.6
44175.1
44072.5
44233.2
44719.6
45281.5
46510.5
47562.4
49728.5
52478.3
55091.3
57719.6
61123.6
65670.8
70590.6
75145.2
80370.2
85533.1
91396.1
98204.2
104425
108930
111643
113657
115636
118292
121376
124248
126210
126641
126539
126159
125582
124794
123856
122668
121315
119818
118469
117205
116314
115664
115257
114412
113394
112121
111100
109963
109019
107554
106364
104694
103467
101930
100414
105016
104789
104583
104261
104282
104766
107642
120305
149240
214649
265479
259310
239691
202705
173710
144152
111421
84240.6
56856.9
42672.8
36254.8
34006.4
34091.7
33989.2
33804.2
34399.8
35920.2
36277.6
36307.6
36360
36262.5
36206.3
36227.1
36331.7
36453.5
36702.3
36929.9
37272
38061.9
38872.3
39694.9
40992.8
42526
44258.6
46939.6
49969.8
52807
54698.8
56456.5
58433.6
61259.8
65019.1
69722.5
74526.9
78434.7
80905.8
82755.8
84508.5
86525.4
88721.4
90729
91962.1
92806.1
93779.2
95084.8
96796.8
98803.9
100806
101985
102365
102239
101899
101445
100901
99874.1
98995
97696.7
96652.5
95373.6
93963.8
95954.5
95737.7
95528.6
95274.1
95100.9
95238.1
96251.4
101516
124735
197521
217937
209758
188287
161973
134835
101639
72758.9
48458.1
34568.4
26602.4
22467.5
22926.6
24806.4
28754.2
30941.5
35366.7
35326.2
35198.1
35090.9
34948
34584.3
34208.9
33929.6
33817.1
33597
33275.4
32866.4
32605.6
32352.5
32124.4
31825.8
31703.7
31724.8
31802.2
32000.4
32436.8
32906.3
33198.8
33561.3
33905.5
34586.7
35578.3
37156.8
39241
41226.8
42684.1
43781.9
44808.5
46183.5
48253.2
50717.4
52445.7
53774.7
55436.6
58259.1
61796.6
66343
71117.6
75633.6
79043
81946.3
84360.9
86669.7
88509.4
89623.6
90339.4
90243.1
89886
89119.8
88106.3
84000.8
84067.2
84136.2
84188.5
84273.7
84479.5
85317.1
88906.8
99226.7
132166
143299
137613
118419
96242.1
70245.3
50792.7
37769
29157.9
23661.8
19978.6
17906.5
17791.5
18379.7
20257.1
27169.2
31228
30674.5
30786.6
31505.5
31391.2
31099.5
30725
30619.3
30492.7
30295.7
30002.5
29625
29315.7
29025.1
28714.7
28374.5
28069.3
27854.2
27690.5
27610.5
27533.4
27467.4
27332.9
27161.8
27058.4
27055.7
27092.5
27215.2
27547.4
27907.6
28170
28389.8
28610.4
28827.3
29272.6
30059.7
30765.2
31254.2
31863.2
33154
35082.6
37968
41391.3
45120.5
48679.4
52155.3
55910.1
60061
64701.7
68718.4
72727.5
75373
77961.5
78768
80306.5
60966.6
61520.9
62340.9
62906.3
63830.4
64573.7
65910
72085.7
71561
60376.5
49183.5
48661.6
44438.1
38946.8
31797.4
25795.4
21641.8
18934.4
17393.8
16749.2
16671.7
16312.6
15349.2
15334.4
15801.7
17590.4
19870.2
25836.8
26983.3
26952.4
26829.7
26718.5
26765.4
26648.8
26433.6
26276.5
26092.8
25896.2
25670.4
25511.8
25388
25212.3
25053.5
24914.2
24789.6
24710.6
24626.3
24474.3
24307.5
24134.4
23984.6
23852.6
23768.2
23727.5
23715.3
23704.9
23676
23571
23435.4
23396.3
23406.9
23435.9
23475.4
23564.3
23768.9
24262.2
24952.5
26493.6
27725.8
29823.2
31216.2
33969.3
36152
40753
44186.4
49826.9
52838
57768.9
59898.4
65062.4
33778.6
34409.7
34953.1
35955.1
36642.2
37531
43335.6
41901.1
37127.4
28717.9
22028.9
19170.1
18063.6
18453.1
17820.3
16395.6
15463.7
14922
14595
14638.9
14857.1
14773.6
14543.7
14045.3
12935.8
13254.3
14416.4
17898.3
19730.7
22451.5
23546
24118
24113.4
24051.2
23970.2
23962.8
23918.2
23740.3
23474.8
23288.2
23203.8
23153.3
23070.9
22962.2
22846.5
22717.6
22562
22395.3
22243.1
22096.1
21946.1
21823.9
21725.4
21649.2
21605.5
21565.7
21490
21315.6
21129.9
20979.8
20894.5
20827.3
20768.8
20628.4
20571.6
20601.5
20701.8
21007.4
21315.3
21965
22432.7
23457.1
24368.3
26541.1
28294
32115.9
34187.7
38315.4
40370.7
45956.5
15796.1
16210.7
16537.6
16899.5
18222
20440.7
25592.4
24296.1
20664
16931.7
14017.6
12082.1
11096.1
10965.9
11252.3
12001.4
13607
14190.3
14056.5
13686
13056.9
12577.8
12436.5
12120.3
11962.2
11553.3
11288
11515.9
13023.5
15264.4
20177.9
22539.4
22412.1
22105.7
21838.2
21836.8
21833.7
21782.6
21660.7
21585.7
21580.8
21574.6
21536.3
21440.4
21308.4
21160.8
21008.6
20852.5
20686.8
20513.4
20329
20203.9
20112.6
20056.3
20009.8
19931.2
19812.9
19658.9
19508.9
19390.9
19301.7
19251
19220.3
19156.4
19041.4
18965.3
18949.9
18964
18998.9
19081.6
19174.9
19399.9
19699.7
20491
21218
22826.1
23858.3
26055.9
27313.5
31057.9
7573.62
7712.87
8208.65
9168.94
11279.6
17240.2
16867.6
15311.1
13048.9
11581.6
10627.7
9920.76
9432.91
9010.06
9044.62
9315.84
9893.92
10258.9
11015.2
11706
11905.3
11815.1
11594.1
11232.6
11111.2
10876.2
10718.7
10311.4
10327.6
10955.7
12323.3
15472.6
16742.3
18367.2
18915.7
19792.6
19843.1
19794.4
19643.8
19590
19593.7
19627.6
19625.2
19611
19576.9
19534.9
19496.4
19432.3
19320.6
19183.7
19054.3
18956
18880
18836.2
18798.3
18725.1
18613.9
18484.5
18377.4
18280.1
18201.7
18165.3
18145.6
18112.1
18026.7
17949.3
17900.3
17875
17830.7
17771.5
17764.4
17786.4
17853.5
18033.5
18242
18764.4
19214.1
20210.8
20777.7
22611.4
4239.21
4740.95
6090.77
8230.63
11815.2
12415.6
11864.1
10782.4
10068.1
9595.6
9241.42
8978.05
8741.75
8535.33
8356.28
8200.72
8205.95
8317.62
8652.19
9034.72
9812
10329.5
10739.9
10829.3
10727.7
10507.5
10144.1
9853.72
9638.38
9319.25
9593.77
10483.8
12407.1
16823.8
18770.8
19716.7
19750.8
19781.9
19766.8
19776.3
19756.5
19687.5
19596.6
19507.3
19399.8
19305.8
19220.1
19107.3
18944.9
18791.9
18658
18522.5
18392.2
18255.8
18105.9
17963.2
17828.3
17733.2
17645.6
17582.8
17536.8
17517.2
17512.2
17507.4
17492.4
17459.3
17407.2
17363.2
17282.2
17148
17092.6
17087.8
17099.4
17146.2
17213
17361
17458.7
17725.9
17875.8
18520.1
3625.9
5301.42
6225.02
8472.49
9715.13
9586.12
9457.35
9254.64
8994.76
8782.01
8622.19
8499.22
8372.88
8267.48
8124.34
8021.83
7924.84
7844.75
7734.88
7727.81
7785.93
7932.09
8208.79
8478.81
8791.37
8993.07
9062.86
9013.85
8862.22
8771.55
8672.79
8797.73
9499.4
10682.1
12617.1
14974
16025
16918
17763.7
18180.7
18201.2
18176.3
18143
18149.4
18187.3
18217
18203.6
18118.4
17988.2
17884.2
17794
17747.1
17720.2
17661.1
17570
17466.8
17372
17298.6
17221.5
17176.3
17140.3
17103
17071.6
17047.4
17007.2
16969.2
16914.1
16839.6
16748.6
16626.4
16503.7
16404.5
16382.6
16390.8
16416.2
16478.1
16535.3
16658.4
16716.3
16981.1
4427.41
6152.27
8290.19
8949.8
9064.66
9003.66
8789.88
8595.58
8490.95
8379.8
8297.71
8227.56
8172.54
8062.61
7933.55
7805.05
7707.61
7633.02
7545.9
7457.08
7321.45
7202.88
7172.02
7201.63
7311.35
7431.46
7642.66
7866.02
8051.21
8202.44
8309.08
8358.78
8411.31
8688.8
9692.21
10952.1
13661.8
16987.8
18694.3
18810.3
18756.9
18756.2
18739.9
18695.2
18684.4
18655.1
18584.4
18481.7
18392.3
18308.7
18197.8
18085.8
17941.6
17785.6
17596.4
17428.4
17278.3
17160.6
17070.4
17035.9
17000.3
16953
16913.8
16871.5
16826.2
16758.5
16687.9
16601.2
16528.5
16459
16359.9
16237.9
16162.8
16132.4
16127.3
16130.7
16130.3
16136.8
16132.7
16193.7
7379.97
8037.85
8747.99
8768.13
8618.93
8432.01
8322.26
8269.69
8235.78
8166.57
8032.03
7928.63
7861.77
7773.65
7663.47
7547.81
7451.49
7362.53
7282.22
7172.25
7079.34
6981.54
6926.45
6828.82
6761.54
6689.34
6677.74
6697.94
6758.49
6830.96
6904.51
6982.42
7050.77
7208.75
7372.52
7744.41
8586.29
9878.22
12368.4
13774.8
15519.5
16070
16718.1
17045.5
17076.6
17124.3
17121
17100.4
17093.4
17092.8
17068.3
16990.1
16912.8
16822.8
16734.7
16650.9
16565.4
16480
16431.7
16421.8
16411.2
16385
16342.9
16285.3
16232.2
16159.6
16076.7
15987.8
15915.2
15851
15810.3
15757.2
15700.8
15668.1
15659.3
15660.1
15669
15702.5
15698.5
15741.7
8515.97
8476.02
8345.95
8245.95
8213.8
8193.75
8141.3
7997.48
7836.65
7730.87
7671.83
7639.94
7587.22
7490.13
7365.04
7267.46
7184.26
7125.96
7048.25
6965.61
6869.67
6787.39
6706.52
6635
6569.41
6497.38
6420.71
6319.63
6231.04
6155.19
6127.6
6102.8
6105.83
6112.23
6147.02
6254.04
6503.9
7025.32
7786.22
9322.89
12109.4
15427.2
17421.4
18133.3
18076.8
17886.5
17786.2
17670.4
17582.1
17566.5
17547.8
17496.5
17372.2
17161.4
16933.2
16735.6
16571.6
16446.4
16364.5
16337.7
16314.4
16263.2
16192.4
16104.3
16057.1
15978.8
15921.1
15867.8
15787.4
15698.5
15625.6
15533.3
15468.1
15410.3
15355.4
15317.6
15311.3
15326
15319.3
15360.4
8060.56
8082.13
8085.78
8054.04
7930.17
7759.12
7654.84
7603.3
7573.49
7515.94
7395.32
7277.25
7216.27
7173.97
7127.8
7039.43
6953.5
6865.59
6804.65
6734.39
6665.08
6574.69
6488.49
6400.54
6324.59
6242.54
6170.12
6085.22
6004.83
5925.13
5844.18
5763.9
5700.27
5660.06
5630.09
5627.96
5642.89
5700.76
5887.42
6299.13
6874.3
8306.08
9470.53
12144.7
13507.1
14900.1
15207.5
15599.7
15879.5
16003.3
15988.3
15924.5
15822.2
15768.3
15733.4
15733.9
15750.5
15762.1
15750.4
15689.2
15604.3
15521.3
15430.2
15387.7
15343.4
15271.4
15224.4
15162.5
15146.2
15140
15126
15084.6
15049.4
14980.1
14919.6
14892.8
14893.6
14910.4
14914.7
14970.1
7920.65
7769.94
7627.09
7525.46
7468.94
7450.56
7424.97
7358.76
7231.43
7125.04
7065.58
7037.35
6993.53
6905.94
6807.76
6756.08
6699.56
6644.47
6562.43
6476.96
6384.12
6308.51
6227.05
6143.22
6054.23
5974.54
5891.43
5821.03
5745.12
5685.2
5637.32
5600.75
5571.07
5548.93
5530.91
5519.6
5510.99
5510.98
5515.69
5537.92
5625
5973.93
6539.15
7506.12
9178.99
11366.8
13757.8
15950
16935
16962.4
16914.9
16811.9
16589
16404.6
16191.3
16033.4
15979.9
15960.8
15935
15880.2
15792.5
15649.9
15554.9
15515.7
15431.7
15316.8
15191.1
15079.3
14999.3
14935.6
14876.7
14816.3
14803.2
14792.5
14758.5
14677
14600.3
14587
14567
14593.2
7398.07
7375.81
7352.3
7299.52
7190.1
7084.97
7013.08
6977.72
6954.86
6911.52
6820.22
6713.79
6634.94
6593.76
6557.74
6476.08
6381.2
6308.51
6251.43
6185.87
6099.54
6006.83
5918.29
5843.86
5770.43
5712.16
5665.71
5628.96
5599.15
5575.81
5556.28
5541.14
5528.31
5518.43
5510.13
5503.97
5498.1
5495
5492.78
5493.38
5496.71
5508.53
5547.9
5681.38
6063.31
6588.57
7630.26
9048.63
10835.9
12305.9
13239.6
13847.5
14268.2
14503.3
14674.4
14714.3
14714.6
14703.4
14658.7
14606.7
14556.9
14542.9
14539.8
14548.1
14559.8
14584.7
14583.7
14573.8
14550.3
14502.4
14450.8
14423.4
14383.9
14333
14294
14278.2
14261.9
14256.9
14234.8
14247.7
7156.74
7056.04
6939.59
6863.15
6826.71
6808.1
6783.29
6722.42
6606.83
6512.82
6459.99
6430.78
6381.82
6278.89
6168.78
6095.94
6050.36
5982.31
5898.41
5824.83
5765.05
5715.42
5673.06
5640.12
5613.14
5592.27
5575.54
5562.05
5550.92
5541.41
5533.53
5526.58
5519.55
5513.69
5508.85
5504.63
5502.59
5503.09
5504.66
5509.41
5514.03
5524.06
5529.5
5538.21
5556.9
5615.56
5804.32
6333.51
6942.9
8304.16
9396.49
11598.9
12873.5
14473.3
14916
14900.8
14870.4
14903.1
15022.8
15065.1
15020.8
14922.7
14773.9
14647.7
14558.7
14467.2
14395.3
14325.9
14311.4
14278.3
14258.4
14244.2
14212.7
14166.6
14125.8
14087.5
14027.1
14003.9
13979.1
13953.1
6735.73
6704.43
6663.44
6601.67
6516.37
6421.96
6356.8
6319.45
6273.07
6208.06
6105.41
6000.47
5938.12
5888.49
5824.3
5767.04
5723
5689.05
5660.68
5637.23
5615.47
5598.26
5583.53
5573.26
5563.97
5557.6
5552.29
5546.83
5541.67
5536.54
5532.59
5528.38
5526.14
5526.75
5528.62
5533.87
5538.92
5550.39
5558.93
5577.47
5590.04
5614.09
5627.67
5650.41
5663.64
5679.53
5685.71
5703.25
5757.3
5933.82
6291.45
7098.34
7776.42
9230.7
10357.6
11818.7
12486.8
12905.6
13171.9
13318.4
13442.7
13587.9
13711.9
13759.5
13762.5
13746
13699.1
13674.9
13664.3
13649.4
13652.6
13661.5
13685.1
13703.4
13696
13655.2
13625.3
13620.2
13621.4
13647.5
6427.66
6329.64
6238.3
6158.71
6098.7
6054.62
5990.32
5908.98
5845.67
5797.85
5758.19
5724.19
5694.35
5667.96
5645.45
5627.82
5613.96
5602.7
5592.73
5585.14
5577.71
5571.68
5565.53
5561.56
5557.25
5555.38
5553.75
5554.22
5555.53
5558.3
5561.61
5568.8
5574.99
5589.01
5598.88
5618.82
5631.74
5654.88
5672.61
5701.31
5722.19
5751.54
5770.04
5793.96
5804.51
5821.82
5830.36
5851.85
5861.57
5883.06
5900.53
5948
6135.71
6573.93
7175.35
8214.76
9560.29
10889.7
12201.1
13241.1
13260.6
13262.5
13328.4
13491.6
13656.6
13657
13629.8
13571.6
13528.3
13522.4
13514.1
13472.5
13421.9
13378.4
13359
13340.6
13302.8
13279.4
13259.3
13272.5
5938.25
5891.95
5847.26
5804.71
5766.35
5735.09
5710.64
5690.28
5673.5
5659.48
5646.46
5635.16
5624.33
5614.7
5606.42
5599.49
5593.51
5588.75
5583.89
5581.48
5577.48
5576.13
5576.69
5578.45
5582.15
5590.83
5599.06
5613.86
5626.75
5641.58
5656.23
5674.96
5693.12
5715.97
5735.87
5758.55
5779.21
5805.34
5827.07
5854.09
5875.09
5900.21
5916.26
5934.99
5941.26
5954.66
5960.89
5980.46
5992.12
6042.19
6064.71
6117.97
6177.15
6210.96
6281.27
6465.92
6958.94
7556.04
8420.59
10260.6
11139.3
12146.5
12530.9
12722.9
12797.9
12837
12902.3
12957
13075.7
13174.2
13223.9
13220.7
13171.2
13019.5
12917.5
12893.8
12892.2
12922.7
12938.5
12930
5716.35
5695.7
5679.21
5666.76
5656.45
5649.37
5644.27
5640.56
5636.65
5632.59
5627.23
5622.07
5616.26
5611.5
5607.47
5605.77
5606.16
5607.93
5611.6
5618.63
5625.5
5634.72
5646.74
5659.28
5677.36
5697.7
5720.43
5744.24
5767.45
5790.46
5813.89
5836.62
5857.76
5878.77
5896.56
5914.85
5932.12
5950.66
5965.47
5983.4
5997
6014.46
6022.84
6033.24
6039.58
6057.36
6070.11
6102.18
6147.77
6187.79
6215.01
6304.01
6361.16
6390.67
6457.82
6521.76
6558.51
6663.63
6953.58
7544.49
8309.07
9884.3
11143.4
12042
12685.7
12639
12564.8
12589.7
12670
12692.3
12772.3
12839.7
12840.4
12815.1
12765.1
12721.8
12687.1
12687.4
12700.2
12702.8
5657.23
5651.74
5647.05
5643.74
5641.15
5640.06
5640.2
5640.59
5641.39
5642.68
5645.1
5647.83
5653.28
5658.95
5667.73
5676.55
5687.89
5700.96
5716.79
5735.14
5753.9
5773.65
5794.37
5815.57
5840.72
5865.85
5890.6
5916.46
5938.52
5960.74
5979.06
5995.76
6008.24
6018.77
6025.92
6032.65
6038.12
6048.81
6053.99
6065.59
6075.37
6088.27
6098.39
6112.68
6142.73
6171.3
6219.62
6298.13
6332.68
6379.06
6495.54
6545.43
6563.52
6607.58
6723.93
6748.02
6763.12
6804.16
6835.15
6905.09
7131.82
7563.12
8228.19
9488.24
11259.4
11965.2
12227.8
12289.4
12276.7
12344.4
12367.6
12342.9
12335.8
12342.6
12353.1
12357
12366
12387.1
12395
12423.7
5657.98
5658.56
5660.18
5663.84
5670.76
5678.23
5688.74
5700.42
5714.2
5727.86
5743.65
5759.14
5775.95
5791.18
5808.61
5826.77
5848.16
5868.41
5890.21
5911.25
5932.13
5952.31
5973.09
5992.22
6012.7
6030.73
6047.81
6063.33
6076.94
6088.23
6096.86
6102.34
6105.04
6105.66
6105.69
6105.93
6107.68
6115.28
6121.73
6135.06
6150.71
6178.33
6217.43
6249.28
6316.73
6389.51
6490.86
6520.69
6596.97
6723.83
6775.26
6776.14
6834.58
6932.17
6969.91
6960.55
6995.18
7029.5
7060.08
7061.2
7069.23
7110.91
7283.94
7752.44
8421.12
9505.01
11252.9
12088.8
12266.6
12288.5
12248.5
12188.7
12144.7
12089
12073.4
12070.1
12057.4
12031.2
12025.4
12055.2
5731.05
5745.07
5760.25
5778.48
5797.99
5818.14
5838.95
5859.81
5879.66
5899.42
5919.29
5938.55
5956.88
5975.73
5994.41
6011.16
6027.5
6041.57
6056.04
6070.55
6084.71
6097.2
6109.85
6119.12
6130.32
6140.67
6151.22
6158.01
6165.56
6169.53
6172.94
6175.1
6177.88
6181.46
6184.99
6188.87
6198.22
6216.89
6233.42
6253.11
6293.11
6367.07
6421.22
6473.31
6619.51
6711.12
6748.53
6810.9
6987.68
7014.69
7013.76
7047.71
7166.24
7167.68
7164.04
7182.27
7228.82
7220.88
7221.12
7228.2
7236.99
7231.01
7235.25
7274.51
7424.73
7832.74
8787.64
9787.52
11309.6
12180.9
12240.2
12217.1
12168.6
12102
12071.7
12034.7
11928.4
11820.4
11764.1
11770.7
5915.61
5936.63
5957.26
5978.45
5998.22
6015.48
6033.47
6049.44
6063.71
6077.77
6089.07
6099.25
6109.12
6119.02
6128.85
6134.69
6142.03
6146.61
6154.2
6161.36
6168.58
6175.6
6186.44
6194.34
6209.14
6221.01
6234.44
6244.52
6258.63
6268.67
6280.29
6288.78
6300.98
6309.95
6322.2
6331.3
6349.7
6382.65
6414.04
6447.06
6539.22
6636.31
6684.44
6791.32
6971.03
6999.7
7043.45
7186.84
7255.31
7242.07
7277.8
7356.12
7356.28
7339.03
7362.3
7397.42
7386.2
7376.16
7383.64
7386.2
7370.95
7364.79
7357.41
7343.37
7347.87
7388.86
7546.93
7968.25
9028.92
10311.4
11499.9
12223.4
12212.8
12187.7
12145.3
12088.8
11954.8
11818.1
11772.3
11703.1
6096.09
6107.08
6117.74
6128.56
6137.13
6143.83
6150.6
6156.1
6161.38
6166.85
6171.31
6176.75
6182.69
6189.88
6196.7
6200.99
6208.06
6215.17
6226.1
6239.24
6252.25
6267.36
6285.71
6302.8
6326.31
6350.65
6372.72
6394.32
6416.31
6432.79
6445.74
6455.03
6467.99
6480.69
6491.72
6502.97
6539.57
6590.24
6625.91
6700.78
6879.66
6919.93
6976.16
7163.44
7256.67
7271.15
7369.11
7456.14
7454.38
7468.71
7541.74
7539.75
7515.48
7535.12
7553.79
7541.59
7513.96
7527.19
7523.69
7514.46
7494.19
7494.86
7483.53
7467.47
7455.99
7432.17
7437.53
7499.87
7714.91
8215.77
9435.77
10878.4
11849.9
12311.7
12247.1
12174.7
12066.2
11923.4
11865.6
11746
6177.01
6183.92
6191.08
6198.92
6204.81
6209.72
6216.41
6223.59
6231.8
6241.13
6250.43
6261.5
6272.79
6286.05
6298.81
6312.31
6327.67
6346.31
6366.37
6388.55
6409.13
6432.67
6456.39
6480.59
6505.81
6530.68
6552.61
6572.31
6590.51
6602.64
6610.64
6616.09
6626.93
6640.16
6654.44
6688.04
6782.04
6814.55
6877.48
7092.75
7182.08
7193.89
7321.87
7494.65
7501.54
7534.51
7645.72
7659.07
7662.26
7716.73
7721.35
7707.17
7710.24
7727.16
7706.38
7686.84
7684.22
7682.77
7659.05
7647.63
7643.58
7629.5
7614.02
7604.6
7584.7
7561.11
7539.68
7512.07
7522.12
7631.53
7943.18
8550.56
10011.6
11629.9
12388.7
12594.4
12451.3
12178
12073.6
11861.5
6258.74
6268.21
6278.72
6291.21
6303.76
6317.57
6333.63
6349.47
6366.25
6382.8
6400.39
6417.71
6435.44
6453.43
6471.02
6488.97
6507.48
6526.54
6545.94
6565.08
6585.02
6606.19
6626.94
6646.34
6665.71
6682.25
6699.2
6712.44
6723.61
6730.76
6735.83
6747.16
6775.52
6799.3
6851.15
7008.82
7056.83
7095.94
7313.2
7470.24
7457.95
7511.28
7717.53
7744.6
7745.08
7833.02
7875.71
7875.84
7904.78
7928.64
7912.95
7915.39
7918.28
7906.21
7880.12
7876.84
7867.99
7834.47
7821.28
7813
7792.35
7771.41
7765.81
7747.79
7726.31
7713.31
7683.23
7657.47
7621.51
7614.11
7640.85
7812.43
8273.75
9110.94
11154.9
12408.7
12861.9
12837.3
12668.8
12210.5
6375.31
6393.53
6412.22
6432.98
6453.13
6473.44
6493.85
6514.09
6533.78
6554.89
6575.37
6595.11
6612.92
6629.38
6644.04
6658.89
6672.32
6685.59
6698.04
6712.49
6726
6740.31
6755.6
6768.63
6781.77
6795.14
6808.89
6824.48
6837.83
6851.48
6880.58
6950.48
6989.51
7064.2
7297.88
7378.67
7386.98
7561.92
7781.42
7764.1
7777.88
7963.15
8021.31
8010.59
8058.39
8131.12
8122.37
8131.35
8157.21
8148.04
8141.1
8142.52
8133.85
8106.61
8095.96
8068.48
8038.81
8026.74
8007.55
7981.13
7966.13
7958.47
7939.12
7925.06
7915.18
7893.43
7865.39
7834.65
7809.32
7778.24
7757.34
7763.68
7823.94
8114.38
8864.97
10159.8
12060.4
12909.3
13316.9
13099.4
6549.73
6569.34
6591.01
6611.17
6631.86
6652.22
6672.71
6691.38
6710.08
6728.64
6745.46
6758.43
6769.73
6780.54
6790.06
6798.97
6808.16
6817.06
6826.47
6836.01
6844.53
6856.59
6869.09
6878.88
6890.74
6903.9
6923.42
6950.88
6983.22
7053.98
7200.58
7257.42
7345.31
7660.19
7794.07
7778.22
7871.55
8128.58
8117.42
8108.13
8233.8
8313.03
8289.25
8306.42
8381.86
8380.4
8375
8393.81
8392.22
8373.97
8372.32
8366.42
8347.82
8333.08
8301.25
8277.66
8261.87
8229.8
8206.82
8188.91
8177.25
8161.85
8151.43
8140.97
8120.58
8100.01
8082.17
8059.99
8030.5
7999.45
7976.9
7951.34
7949.51
7971.92
8113.27
8588.14
9797.25
11330.8
13107.2
13468.3
6727.32
6745.87
6763.62
6779.95
6793.9
6809.44
6823.01
6834.25
6847.62
6861.67
6874.56
6884.43
6894.16
6904.54
6911.58
6918.25
6922.8
6930.67
6935.74
6940.42
6948.28
6961.99
6976.12
6988.82
7009.87
7052.34
7098.08
7161.31
7335.19
7576.58
7626.77
7713.5
8106.59
8302.71
8261.87
8288.44
8494.43
8517.92
8499.94
8573
8651.45
8626.28
8625.08
8676.46
8684.21
8668.57
8679.37
8682.16
8665.51
8657.59
8654.33
8645.53
8630.39
8605.17
8580.57
8557.19
8526.56
8504.9
8489.61
8469.85
8456.12
8448.06
8442.45
8428.29
8416.17
8398.97
8379.66
8349.86
8323.32
8295.49
8270.78
8242.69
8220.05
8209.35
8216.35
8275.08
8547.69
9296.97
10882.4
13107.6
6872.09
6884.12
6895.53
6904.33
6913.63
6926.76
6939.65
6948.92
6963.65
6979.56
6993.47
7004.5
7016.06
7029.91
7037.94
7044.4
7052.54
7065.28
7075.94
7083.25
7099.06
7118.67
7141.52
7190.32
7289.29
7357
7478.47
7862.19
8126.61
8120.86
8191.77
8684.45
8912.56
8827.74
8799.67
8946.51
9020.62
8996.02
9017.2
9071.39
9054.31
9042.65
9071.12
9080.37
9064.08
9064.39
9071.56
9057.36
9033.1
9027.07
9016.07
9001.35
8984.28
8959.2
8935.61
8912.23
8890.67
8869.8
8850.04
8835.58
8829.49
8825.42
8817.12
8809.53
8795.71
8782.74
8760.36
8741.22
8714.63
8686.86
8659
8624.45
8602.81
8579.16
8567.25
8559.71
8576.2
8708.54
9259.28
11472.7
7020.76
7029.84
7037.29
7042.88
7053.23
7068.21
7080.52
7090.91
7109.02
7131.35
7148.08
7162.8
7180.81
7200.63
7214.85
7222.54
7237.46
7249.41
7263.58
7281.32
7306.08
7353.31
7487.44
7619.39
7726.08
8048.33
8659.47
8735.05
8657.35
8798.62
9455.52
9617.68
9449.18
9360.91
9503.92
9645.8
9612.7
9583.23
9604.45
9603.5
9595.82
9611.95
9613.47
9593.31
9579.74
9586.92
9580.99
9549.43
9535.79
9517.08
9503.53
9485.79
9459.86
9440.31
9420.77
9400.72
9379.5
9360.32
9346.63
9339.03
9335.76
9328.61
9322.09
9316.08
9310.24
9297.5
9281.23
9257.36
9233.74
9203
9172.88
9144.07
9106
9084.13
9050.68
9036.29
9006.47
9006.98
9096.42
9944.41
7128.49
7139.55
7148.13
7158.65
7178.71
7203.38
7221.14
7241.42
7270.19
7303
7327.77
7352.31
7383.21
7408.53
7427.54
7441.46
7454.81
7479.4
7515.15
7571.3
7724.13
7937.13
8054.74
8342.97
9155.11
9478.49
9355.56
9311.16
9732.04
10417.2
10422
10117.5
10050.8
10251.3
10445.7
10410.7
10295.7
10294.4
10314.2
10311.3
10314.1
10310.6
10279.5
10253.3
10256.3
10252.6
10222.6
10196.9
10183.2
10155.3
10132.7
10109.7
10086.1
10064.8
10049
10033
10016.3
10003.6
9997.39
9992.04
9984.33
9976.25
9971.56
9969.02
9965.48
9957.03
9938.2
9911.63
9885.11
9856.36
9823.61
9790.96
9751.59
9710.73
9675.29
9633.24
9610.25
9568.23
9575.39
9684.75
7253.94
7271.02
7283.66
7304.82
7339.75
7375.32
7398.47
7428.73
7472.59
7510.24
7543.66
7575.83
7616.37
7653.43
7679.28
7707.09
7748.62
7816.72
7989.51
8293.44
8441.84
8751.52
9674.04
10229.2
10174.3
9997.74
10204.4
11082.1
11395.6
11195.3
10851.9
10886.7
11212.9
11362.4
11297.6
11130.6
11124.5
11166.1
11174.1
11161.8
11143.8
11106.2
11082.7
11082.2
11076.6
11038.6
11001.1
10991.6
10977.4
10939.2
10907.9
10891.9
10868.7
10845.6
10831.8
10817.7
10804.9
10797.8
10794.5
10789.8
10778.2
10765.1
10756.7
10752.5
10747.4
10735.8
10711.8
10685.6
10657.8
10629.5
10594.9
10556.8
10510.6
10461.5
10412.1
10367.3
10333.4
10293.5
10284.9
10287.9
7367.23
7392.04
7410.62
7446.64
7501.31
7546.17
7579.03
7624.24
7688.42
7738.42
7776.9
7825.79
7876.97
7931.28
8003.79
8091.1
8275.02
8688.49
8886.95
9236.7
10314.7
11076.9
11065.8
10826.6
10934.1
11794.6
12422.3
12368
11906.6
11799.6
12009.4
12349.7
12380.2
12243
12113.5
12129.2
12214.2
12215.4
12167.5
12132.2
12120.7
12113.9
12110.7
12093.8
12045.9
12021.4
12013.7
12006.5
11983.4
11951.3
11929.3
11911.5
11885.3
11866
11856.8
11844.7
11834.7
11830.4
11827.2
11819.5
11801.1
11783.5
11768.4
11756.4
11742
11721.3
11695.9
11670.5
11643.6
11615
11580
11539.1
11490.4
11436.5
11385.4
11339.5
11303.6
11276
11268.2
11270.3
7529.74
7565.87
7600.33
7659.78
7736
7788.05
7832.25
7902.17
7982.52
8054.52
8115.53
8177.27
8287.37
8408.4
8623.42
9131.81
9422.33
9854.36
11140
12112.4
12138.8
11912.3
12004.7
12899
13682.7
13693.4
13274.2
13067
13205.6
13615
13700.6
13624.1
13459.7
13440.2
13515.2
13592.8
13582.4
13505.3
13467.4
13474.7
13484.1
13482.2
13465.7
13423.5
13405.3
13399.8
13397.3
13390
13366.3
13343
13331.1
13321.7
13305.1
13294.9
13290.4
13281.6
13273.9
13269.8
13264.5
13250.6
13226
13204
13182.2
13160.7
13139
13114.7
13092.6
13075.2
13058.6
13036.1
13005.4
12966.3
12920.9
12869.1
12820
12779.1
12752.4
12739.2
12736.5
12746.2
7724.62
7779.86
7830.79
7920.47
8007.95
8075.42
8137.01
8229.59
8355.17
8443.96
8573.56
8730.47
8959.9
9555.64
10027
10591.5
12137.6
13318.9
13408.9
13275.8
13468.6
14626.7
15387.6
15394
15023.8
14827.1
14943.4
15393.8
15545.8
15504.8
15356.2
15322.3
15373.1
15502.4
15539.7
15511.1
15442.5
15430.5
15458.9
15486.2
15483.5
15466.7
15451.5
15440.2
15439
15443.2
15448.1
15447.9
15441.7
15434.7
15434.1
15435.9
15438.3
15445.1
15453.7
15456.5
15456.8
15455.9
15450.6
15429.9
15399.8
15377.9
15362
15347.2
15331
15316.4
15310
15309.2
15309.1
15307.4
15299.5
15275.2
15237.1
15194.3
15158.3
15135.8
15126.7
15125.1
15127
15168.3
7999.93
8066.78
8131.19
8246.89
8359.42
8434.92
8545.85
8699.79
8887.82
9154.35
9413.51
10017.8
10717.8
11502.5
13545.2
14894.4
15054.7
15135.6
15785.7
17272.7
17836.5
17803.8
17527.6
17482
17707.1
18228.5
18413.4
18394.8
18308.3
18303.9
18394
18582.7
18663.9
18685.2
18673
18665.1
18684.2
18753.2
18807.2
18816.7
18814.3
18817.6
18832.6
18841.8
18861.7
18893.5
18911.1
18941.2
18980.2
19005.3
19030.5
19053.7
19072.5
19096.7
19121.7
19137.5
19144.6
19147.2
19144.2
19122.6
19091.7
19080.1
19079.6
19084
19091
19096.6
19111.1
19149.1
19180.1
19197.9
19204.7
19204.1
19192.1
19166.3
19151.2
19147.4
19147.9
19153.2
19171.9
19275.3
8315.9
8388.03
8475.81
8637.33
8785.52
8950.28
9134.71
9538.25
9958.94
10663.5
11686.4
12643.2
15045.2
17098.4
17563.9
18018.2
19389.6
20970.4
21534.6
21558.7
21465.3
21506.2
22009.2
22681.3
22964.7
23058.9
23061.4
23066.8
23202.3
23510.6
23713.4
23825.9
23885.5
23926.1
24010
24105.1
24192.1
24270.1
24315.3
24320.1
24322.7
24352.8
24391.9
24433.9
24500.4
24558.7
24613.2
24692.5
24782.6
24852.2
24902.4
24936.4
24951
24959.4
24972.8
24989.6
25003.6
25010.4
25008.8
24989.6
24955.5
24937.2
24934.9
24945.9
24985.5
25031.2
25074
25117.6
25152.1
25174.2
25181.7
25180.2
25162.2
25133.8
25119.7
25117.1
25119.6
25138.9
25176.8
25281.4
8706.29
8815.5
8936.94
9242.06
9509.4
9861.62
10552.7
11331.6
13024.5
14356.1
17165.1
19949.3
21151.5
23069.7
25182.3
26759.1
27375.2
27462.9
27618.9
28334.5
29404.5
30041.4
30250.1
30307.6
30468.1
31015.8
31360.8
31419
31471.5
31657.6
32083
32330.4
32381.3
32381.6
32418.6
32571.5
32715.8
32785.3
32793.6
32748.6
32724.5
32746.1
32812.3
32872.7
32952.5
33017.2
33048.2
33078
33120.4
33164.9
33201.5
33216.9
33211.2
33169.8
33119
33081.6
33052.6
33020.9
32963.5
32888.1
32816.7
32760.1
32721.7
32701.8
32693.3
32682.7
32666.4
32655.5
32641.4
32612.1
32559
32497
32428.5
32360.8
32303.3
32261.6
32220.8
32195
32177
32168.1
9225.59
9418.38
9687.56
10322.2
11073.5
11946.5
14105.8
16291.4
19790.3
24369.3
26511.3
29629.1
33351.6
35409.2
35919.2
36585.6
37725.1
38665.2
39406
39960
40465.8
41232
41739.1
41881.8
42130.6
42459.9
42545.8
42624
42882.9
43252.9
43453.8
43485.4
43424.1
43387.1
43403
43428.9
43433.3
43426.8
43340.7
43148
43045
42987.6
42954.2
42940.7
42931.7
42900.1
42795.3
42691.8
42607
42511.8
42423.6
42319.6
42189.1
42037.1
41890.4
41735.7
41561.8
41394.9
41214.9
41016.9
40848.2
40686.1
40552.7
40425
40310.8
40159.5
40031.2
39909.3
39771.9
39600.3
39463.6
39304.4
39168.8
38997.2
38882.5
38746.5
38647.5
38522.8
38460.3
38330.4
10059.3
10483.7
11201.2
12827.2
14830.2
17622.3
22460.6
28931.2
33549.6
39218.6
43836.6
46241.3
48704
50045.5
50580.9
51788.1
53142.1
53824.9
53994.1
54273.3
55046.4
55651.4
55737.9
55601.3
55464.2
55509.8
55545.7
55537.6
55533.6
55536
55498.4
55242.9
54896.3
54691.8
54532.1
54373.7
54153.4
53853.1
53498.5
53184.1
52878.9
52597.3
52333.2
52103.5
51886.9
51637.1
51364.9
51087.6
50797.5
50506.1
50202.4
49913.8
49615.3
49326.2
49033.3
48753.2
48437.6
48135.8
47801.1
47484.3
47183.3
46911.4
46656.7
46424.2
46182.5
45940.4
45703.6
45498.9
45253.1
45037.9
44822.8
44631.2
44439.4
44248.1
44101.3
43947.8
43834.6
43711.3
43649.1
43548.9
11587.7
12736
14802.6
19189.3
24363.5
32033.7
40579.1
48740
55497
60351.9
63085.9
64464.9
66015.6
66825.7
67298.9
68162.5
68583.9
68602.6
68583
68580.3
68537
68408.7
68056.6
67460.7
67200.8
66890.1
66376.8
66073.5
65853.7
65407.2
64785.6
64228.5
63777.5
63325.8
62874.3
62468.7
62019.6
61460.1
60861.8
60348.2
59871.2
59432.1
58978.2
58534.6
58081.1
57637.2
57210.2
56804.2
56394.7
55993.5
55561.2
55154.2
54755.2
54384
54003.8
53645.8
53248
52880
52470.5
52116.5
51770
51477.2
51188.6
50940.6
50671.3
50434.3
50193.9
50002.2
49764.9
49583.9
49387.6
49263.5
49115.5
49038.5
48952.6
48926.3
48895.7
48903.2
48916.3
49000
14975.1
18383.8
24169.7
34281.2
45580.3
56361.4
66998.2
74083.8
77613.7
80319.9
80714.5
80797
81334
81396.2
81168.2
80787
80579.4
80199.4
79331.9
78497.2
78051
77500
76347
75447.9
74998
74313.8
73473.6
72866.3
72317.6
71586.9
70762.1
70077.7
69480.4
68875.7
68276.2
67708.6
67074
66353.7
65678.1
65087.3
64526.3
64005.7
63466.8
62930.9
62361.9
61848.6
61389.8
60963.5
60534.8
60108.3
59636.2
59183.9
58752.6
58370.2
57988.8
57634.5
57249.8
56896.6
56517.1
56209.8
55919.9
55691
55467.8
55293.2
55096
54943.6
54791.2
54695.3
54590.1
54532.3
54526.1
54548.3
54591.2
54700.3
54777.9
54948.2
55050.6
55271.3
55392.2
55751.3
23474.5
31785.3
45637.7
61275.4
75342.9
85079.8
90647.9
92775.6
92699.1
92511.2
91975
91018.3
90576.3
89663.6
88766.2
88315
87687.5
86289.9
84965.7
84204.8
83568
82460.1
81142.7
80420.8
79864.6
78946.5
78031.6
77395.8
76721.7
75838.4
74983.8
74333.4
73732.6
73081.7
72425.5
71784.5
71057.7
70291.2
69617.4
69029.5
68472.2
67956.1
67425.6
66886.3
66295.4
65789.9
65361.9
64961.9
64560
64148.7
63698.9
63271.5
62870.4
62541.2
62218.5
61936.3
61638.1
61373.8
61115.7
60929.3
60788.6
60693
60633
60607.4
60598.2
60616.4
60664.8
60792.2
60899.2
61126.4
61285
61621.6
61818.6
62206.5
62416.5
62823.6
63033.1
63463.6
63681.6
64275.6
42018.9
58561.2
76932.7
91591.8
99069.2
101482
101372
100490
99389.5
98858.6
97279.2
95818.8
95402.4
94765.1
93582.2
92858.1
92261.5
90999.3
89476.1
88520.6
88031.5
87129.9
85718.7
84891.4
84400
83542.2
82609.7
81905.7
81161.2
80254.9
79450.7
78830.2
78223.7
77547
76853.4
76143
75349
74579.4
73928.7
73382.3
72876.1
72409.6
71924.3
71413.9
70853
70394.2
70035.9
69700.9
69370.3
69011.7
68636.1
68283.8
67977.5
67770.4
67585.2
67473.5
67335.6
67272.8
67274.8
67310.8
67413.3
67589.5
67768.6
68011.2
68216.1
68509.7
68799.2
69238.2
69555.4
70034.6
70379.5
70899.4
71240.5
71776.9
72098.5
72632.6
72902.5
73442.8
73701.4
74370.5
71592
89969.3
101454
107836
109022
108260
107398
105388
104338
103993
102873
101743
101343
100528
99386.1
98772.6
98202.4
96890.6
95251.1
94264.4
93788.4
92921.7
91424.2
90551.4
90062
89142.4
88147.6
87401.1
86589.7
85639.3
84845
84240.2
83631.1
82926.3
82187
81416.4
80600.7
79866.1
79267.4
78802.7
78396.9
78032.2
77632.3
77188.4
76710.6
76352.2
76110
75890.7
75691.1
75448.1
75235.7
75008.7
74945.6
74969.8
75075.9
75270.5
75481
75744
76053.1
76423.3
76851.5
77294.4
77745.9
78166.2
78587
79040.9
79534.1
80096.5
80570.2
81133.7
81592.3
82160.8
82577
83121.9
83475.7
83990.5
84251.7
84746.9
84969.8
85540.3
97233.5
106759
112087
115626
115550
114679
114081
112444
111683
111523
110786
109805
109412
108525
107104
106359
105803
104507
102598
101388
100883
100097
98478.7
97470.8
96975.6
96010.5
94919.1
94099.9
93235.4
92274.7
91500.1
90925.5
90341.6
89642.2
88884.3
88100.5
87329.6
86683.1
86202.1
85892.6
85666.3
85481.7
85235.6
84922.2
84580.4
84384.1
84337.4
84338.1
84366.5
84426
84499.3
84596.1
84836
85251.7
85822.7
86364.5
86983.6
87524.1
88078.9
88605.7
89201.3
89736.3
90300.2
90793.6
91329.7
91847.4
92432.1
93010
93524.8
94055
94520.3
95033
95432.1
95896.5
96213.3
96639.2
96849.3
97242.9
97408
97851.7
109712
116040
122762
126929
126374
125442
124928
123155
122258
122025
121120
120080
119546
118276
116515
115666
115040
113553
111393
110067
109539
108716
106957
105861
105374
104410
103210
102356
101503
100581
99867.4
99386.5
98904
98283.7
97570.1
96857.6
96231.2
95763.8
95491.3
95453.6
95506.4
95607.1
95636.8
95566.7
95494.7
95525.9
95752.3
96173.3
96615.3
96981
97432.8
97935.3
98597.8
99272.2
100067
100775
101504
102140
102798
103400
104062
104621
105198
105679
106209
106702
107264
107793
108263
108731
109153
109608
109965
110372
110650
111019
111193
111527
111659
112045
121105
129815
138818
141018
139288
138282
137635
135330
134243
133969
132944
131796
131124
129496
127404
126455
125809
124222
121816
120397
119886
119101
117275
116118
115682
114857
113614
112779
112034
111255
110704
110419
110159
109746
109193
108663
108293
108147
108183
108460
109069
109635
110045
110244
110452
110875
111551
112265
113008
113592
114207
114821
115614
116431
117341
118137
118913
119572
120221
120815
121446
121976
122499
122942
123417
123880
124400
124914
125351
125817
126223
126679
127022
127412
127666
127986
128123
128380
128461
128729
135394
147702
156090
156150
153298
152538
152033
149668
148177
147818
146693
145467
144663
142660
140312
139334
138696
137047
134468
133062
132637
131967
130225
129123
128806
128267
127134
126411
125900
125409
125164
125175
125279
125273
125045
124870
124856
124975
125489
126421
127538
128576
129320
129692
130101
130672
131500
132356
133206
133884
134566
135257
136105
136987
137929
138755
139512
140168
140780
141377
141984
142518
143007
143441
143877
144334
144828
145341
145756
146196
146559
146943
147206
147450
147591
147716
147728
147743
147699
147697
153976
169083
175239
174237
169719
169597
169386
166888
164856
164380
163116
161778
160869
158561
156064
155140
154595
153045
150416
149160
148930
148527
147135
146266
146176
146000
145308
144771
144607
144591
144694
145164
145864
146292
146489
146666
146986
147640
148642
149930
151424
152715
153529
153906
154337
154984
155890
156841
157761
158495
159192
159923
160793
161741
162723
163602
164361
165027
165609
166193
166752
167234
167627
167957
168275
168613
168984
169353
169632
169874
170054
170206
170252
170234
170179
170061
169889
169682
169515
169220
176746
193775
197103
195053
189880
190319
190169
187367
184970
184454
183133
181683
180742
178328
175938
175260
174969
173822
171390
170550
170677
170643
169877
169544
169841
170030
169860
169798
169932
170315
171002
172149
173367
174175
174681
175172
175762
176554
177779
179403
181204
182698
183545
183887
184275
184933
185874
186905
187882
188666
189375
190126
190998
191965
192932
193759
194401
194902
195293
195650
195972
196198
196327
196389
196475
196592
196760
196923
197017
197026
197002
196925
196763
196499
196246
195908
195582
195175
194913
194375
205596
222493
223035
220234
214949
215726
215539
212291
209738
209369
208263
206833
206084
204034
202191
202086
202320
201831
200109
199852
200603
201019
200840
200967
202037
202834
202947
203158
203827
204660
205800
207487
209162
210178
210832
211471
212175
213098
214496
216406
218512
220158
220959
221185
221427
221989
222885
223889
224813
225517
226097
226685
227368
228127
228854
229392
229709
229857
229916
229948
229951
229911
229769
229570
229439
229361
229345
229323
229246
229061
228835
228525
228165
227697
227274
226759
226309
225745
225404
224687
242579
256035
255547
251616
246235
247436
247217
243468
241230
241459
241049
240162
240129
239261
238588
239214
240723
240612
239760
239953
241804
242794
242899
243373
245417
246612
246843
247254
248372
249457
250941
253084
255094
256272
257047
257765
258485
259422
260893
262960
265207
266762
267257
267161
266991
267135
267773
268584
269264
269714
270010
270290
270659
271113
271529
271733
271714
271519
271226
270959
270710
270385
269994
269585
269275
269034
268881
268712
268458
268106
267701
267190
266649
266012
265449
264807
264265
263596
263197
262357
289785
296758
296326
291881
286411
288269
288102
284047
282947
284892
285992
286779
288998
289331
289665
291886
294765
294878
294422
294984
297953
299261
299437
300185
303032
304388
304609
305087
306517
307835
309518
311937
314174
315410
316131
316696
317182
317853
319092
320982
323035
324156
324177
323469
322641
322432
322694
323289
323693
323848
323825
323762
323773
323895
323985
323928
323594
323008
322423
321908
321447
320909
320318
319725
319264
318895
318634
318343
317947
317444
316880
316211
315529
314770
314114
313399
312807
312087
311660
310763
350300
348933
349235
344895
339463
342657
343059
339913
340521
347182
351449
355586
360909
362077
362882
366258
369679
369740
369205
370076
373897
375200
375261
376161
379623
381008
381112
381531
383067
384321
385882
388309
390569
391655
392020
392102
392070
392174
392800
394331
396106
396766
396270
394695
393222
392513
392553
392934
393102
392990
392570
392132
391814
391621
391452
391118
390432
389602
388783
388080
387467
386778
386034
385293
384711
384242
383899
383513
383001
382373
381677
380882
380086
379239
378522
377774
377163
376431
376001
375094
424520
418845
420900
416605
412093
418338
421846
421504
426144
443541
452111
458823
465538
466437
466592
469200
472727
472624
471919
473248
477880
478877
478731
479845
483756
484675
484387
484627
485938
486688
487709
489934
492139
492913
492780
492074
491175
490504
490429
491225
492810
493161
491969
489609
487479
486218
486052
486289
486355
485994
485147
484316
483658
483169
482742
482111
481183
480128
479115
478269
477549
476743
475864
474977
474275
473706
473279
472801
472171
471429
470597
469661
468725
467777
466984
466208
465576
464849
464412
463494
523818
516050
522287
519055
517240
530784
543093
548595
566110
596522
604731
609165
613970
613645
612506
614169
617930
617832
617385
619831
625416
625863
625362
626777
630718
630823
629649
629664
630429
630320
630383
631982
634270
634799
634052
632176
630105
628151
627125
627253
628555
628910
627053
623759
620828
618943
618512
618675
618742
618202
616864
615520
614416
613566
612861
611972
610763
609415
608162
607166
606351
605420
604357
603247
602347
601613
601039
600413
599604
598692
597675
596566
595453
594387
593491
592684
592017
591304
590850
589906
664657
658453
675398
677327
681144
715248
745136
760486
795207
823517
825936
825436
828190
827601
826016
828319
833620
834128
834560
839585
845879
845766
844517
846214
849582
848766
846090
845778
845629
844066
842787
843619
845827
846185
844646
841438
837743
833712
830931
830270
831487
832194
829739
825252
821066
818011
817050
817222
817384
816665
814609
812420
810592
809233
808212
807071
805505
803743
802134
800926
799997
798914
797581
796111
794853
793813
792963
792070
790954
789761
788468
787129
785795
784588
783553
782696
781966
781268
780769
779772
881886
885295
930782
944774
967801
1.04493e+06
1.09397e+06
1.10747e+06
1.13681e+06
1.16178e+06
1.1588e+06
1.15353e+06
1.15788e+06
1.16014e+06
1.16184e+06
1.16901e+06
1.17758e+06
1.17974e+06
1.18261e+06
1.19154e+06
1.19758e+06
1.19641e+06
1.19364e+06
1.1951e+06
1.19695e+06
1.19436e+06
1.18999e+06
1.18901e+06
1.18763e+06
1.18335e+06
1.1798e+06
1.17962e+06
1.18116e+06
1.18124e+06
1.17875e+06
1.17435e+06
1.16874e+06
1.16185e+06
1.15603e+06
1.15364e+06
1.15475e+06
1.15605e+06
1.15319e+06
1.14767e+06
1.14192e+06
1.13697e+06
1.13471e+06
1.13463e+06
1.13478e+06
1.13384e+06
1.13093e+06
1.12755e+06
1.12456e+06
1.12235e+06
1.12084e+06
1.11938e+06
1.1174e+06
1.11509e+06
1.11292e+06
1.11132e+06
1.11015e+06
1.10884e+06
1.1071e+06
1.10507e+06
1.10318e+06
1.10157e+06
1.10019e+06
1.09881e+06
1.09717e+06
1.09553e+06
1.09385e+06
1.09223e+06
1.09066e+06
1.08931e+06
1.08811e+06
1.08715e+06
1.0863e+06
1.08557e+06
1.08494e+06
1.08387e+06
1.25292e+06
1.29636e+06
1.41608e+06
1.45425e+06
1.52004e+06
1.63382e+06
1.66443e+06
1.66386e+06
1.68859e+06
1.70345e+06
1.69531e+06
1.69532e+06
1.71252e+06
1.72595e+06
1.73693e+06
1.75365e+06
1.76436e+06
1.76813e+06
1.77409e+06
1.78416e+06
1.78714e+06
1.78305e+06
1.77753e+06
1.77731e+06
1.77601e+06
1.76949e+06
1.76398e+06
1.76195e+06
1.75814e+06
1.75005e+06
1.74329e+06
1.74043e+06
1.74006e+06
1.73913e+06
1.73583e+06
1.73077e+06
1.72347e+06
1.71387e+06
1.70404e+06
1.69803e+06
1.69776e+06
1.69929e+06
1.69629e+06
1.69063e+06
1.68392e+06
1.67688e+06
1.67217e+06
1.67054e+06
1.67001e+06
1.66855e+06
1.66495e+06
1.66037e+06
1.65585e+06
1.65226e+06
1.64974e+06
1.6477e+06
1.64528e+06
1.64239e+06
1.63947e+06
1.63711e+06
1.63526e+06
1.63341e+06
1.63104e+06
1.62822e+06
1.6254e+06
1.62283e+06
1.62053e+06
1.61831e+06
1.61593e+06
1.61371e+06
1.6116e+06
1.60975e+06
1.60804e+06
1.60658e+06
1.6052e+06
1.60403e+06
1.60289e+06
1.60197e+06
1.60106e+06
1.59983e+06
2.04042e+06
2.21838e+06
2.46792e+06
2.53677e+06
2.58709e+06
2.68012e+06
2.6812e+06
2.65984e+06
2.6702e+06
2.66831e+06
2.66595e+06
2.68515e+06
2.73264e+06
2.75813e+06
2.77769e+06
2.79634e+06
2.8025e+06
2.80367e+06
2.80755e+06
2.81179e+06
2.80814e+06
2.79724e+06
2.78936e+06
2.78596e+06
2.77841e+06
2.76847e+06
2.76252e+06
2.75831e+06
2.7501e+06
2.73862e+06
2.72896e+06
2.72213e+06
2.7176e+06
2.71499e+06
2.71122e+06
2.70488e+06
2.69613e+06
2.68465e+06
2.67173e+06
2.66162e+06
2.65755e+06
2.65814e+06
2.65465e+06
2.64972e+06
2.64285e+06
2.63415e+06
2.62678e+06
2.62197e+06
2.61934e+06
2.61692e+06
2.61274e+06
2.60713e+06
2.60094e+06
2.59565e+06
2.59157e+06
2.58864e+06
2.58577e+06
2.58227e+06
2.57837e+06
2.57472e+06
2.57151e+06
2.56856e+06
2.56516e+06
2.56122e+06
2.55717e+06
2.55342e+06
2.54991e+06
2.5467e+06
2.54357e+06
2.54086e+06
2.53843e+06
2.53646e+06
2.53469e+06
2.53314e+06
2.53149e+06
2.52995e+06
2.52832e+06
2.52701e+06
2.52567e+06
2.52419e+06
4.27334e+06
4.68557e+06
5.10426e+06
5.05314e+06
4.93447e+06
4.96609e+06
4.94636e+06
4.89846e+06
4.89383e+06
4.85521e+06
4.84654e+06
4.88398e+06
4.94832e+06
4.97578e+06
4.99638e+06
5.01385e+06
5.01596e+06
5.01692e+06
5.01757e+06
5.01528e+06
5.00432e+06
4.99181e+06
4.98186e+06
4.97712e+06
4.96765e+06
4.96151e+06
4.95669e+06
4.95013e+06
4.93826e+06
4.92378e+06
4.91578e+06
4.91236e+06
4.91117e+06
4.91548e+06
4.91511e+06
4.90406e+06
4.89019e+06
4.87151e+06
4.85269e+06
4.84641e+06
4.8477e+06
4.85465e+06
4.85116e+06
4.84646e+06
4.83473e+06
4.819e+06
4.81115e+06
4.80965e+06
4.80872e+06
4.80888e+06
4.80451e+06
4.79722e+06
4.78775e+06
4.78216e+06
4.77976e+06
4.77842e+06
4.77745e+06
4.77391e+06
4.76871e+06
4.76364e+06
4.75981e+06
4.75677e+06
4.75233e+06
4.74665e+06
4.74104e+06
4.73739e+06
4.73461e+06
4.73232e+06
4.73064e+06
4.72916e+06
4.72751e+06
4.72619e+06
4.72465e+06
4.7233e+06
4.72171e+06
4.72071e+06
4.71995e+06
4.71949e+06
4.7187e+06
4.71882e+06
1.09341e+07
1.14429e+07
1.44458e+07
1.2681e+07
1.30488e+07
1.35504e+07
1.37766e+07
1.39045e+07
1.41488e+07
1.45006e+07
1.48057e+07
1.50981e+07
1.54186e+07
1.56336e+07
1.57946e+07
1.59664e+07
1.61498e+07
1.63088e+07
1.64204e+07
1.65273e+07
1.6637e+07
1.66922e+07
1.67239e+07
1.6783e+07
1.68727e+07
1.69511e+07
1.69893e+07
1.70151e+07
1.70318e+07
1.70421e+07
1.70751e+07
1.71671e+07
1.73193e+07
1.74162e+07
1.7412e+07
1.73589e+07
1.72866e+07
1.7219e+07
1.71935e+07
1.72512e+07
1.7426e+07
1.75604e+07
1.75435e+07
1.749e+07
1.74138e+07
1.7373e+07
1.7393e+07
1.74936e+07
1.75902e+07
1.76147e+07
1.76017e+07
1.75804e+07
1.75729e+07
1.75961e+07
1.76468e+07
1.76892e+07
1.77049e+07
1.77068e+07
1.77084e+07
1.77198e+07
1.77376e+07
1.77456e+07
1.77392e+07
1.77296e+07
1.77279e+07
1.77411e+07
1.77663e+07
1.77934e+07
1.78136e+07
1.78286e+07
1.78388e+07
1.7847e+07
1.78536e+07
1.78623e+07
1.78747e+07
1.78937e+07
1.79145e+07
1.79351e+07
1.79495e+07
1.79713e+07
)
;

boundaryField
{
    inlet
    {
        type            turbulentMixingLengthFrequencyInlet;
        mixingLength    0.00575;
        phi             phi;
        k               k;
        value           uniform 1607.05;
    }
    outlet
    {
        type            inletOutlet;
        inletValue      uniform 1;
        value           nonuniform List<scalar> 
82
(
6.43437e+06
2.69678e+06
1.60358e+06
1.0273e+06
704863
512373
390869
309926
253576
212965
182802
159904
142185
128277
117140
108024
100414
93963.8
88106.3
80306.5
65062.4
45956.5
31057.9
22611.4
18520.1
16981.1
16193.7
15741.7
15360.4
14970.1
14593.2
14247.7
13953.1
13647.5
13272.5
12930
12702.8
12423.7
12055.2
11770.7
11703.1
11746
11861.5
12210.5
13099.4
13468.3
13107.6
11472.7
9944.41
9684.75
10287.9
11270.3
12746.2
15168.3
19275.3
25281.4
32168.1
38330.4
43548.9
49000
55751.3
64275.6
74370.5
85540.3
97851.7
112045
128729
147697
169220
194375
224687
262357
310763
375094
463494
589906
779772
1.08387e+06
1.59983e+06
2.52419e+06
4.71882e+06
1.79713e+07
)
;
    }
    bottom
    {
        beta1           0.075;
        blended         false;
        type            omegaWallFunction;
        value           nonuniform List<scalar> 
196
(
6.69693e+06
7.14406e+06
7.00279e+06
6.64749e+06
6.79409e+06
6.86795e+06
5.83769e+06
7.03611e+06
7.26784e+06
7.38899e+06
6.30575e+06
7.52062e+06
6.47843e+06
6.56805e+06
7.86615e+06
8.00274e+06
8.06763e+06
6.92206e+06
8.34482e+06
8.40338e+06
8.44685e+06
7.2855e+06
8.71636e+06
8.76706e+06
7.57767e+06
7.67583e+06
7.77554e+06
7.87707e+06
9.38596e+06
9.5627e+06
9.66431e+06
8.28884e+06
8.39337e+06
8.49905e+06
8.60614e+06
1.0264e+07
1.03703e+07
8.93472e+06
9.04568e+06
9.15773e+06
9.27009e+06
9.38378e+06
9.49808e+06
9.61234e+06
9.72798e+06
9.84405e+06
9.96247e+06
1.00835e+07
1.01993e+07
1.03163e+07
1.0434e+07
1.05479e+07
1.06582e+07
1.07917e+07
1.09519e+07
1.11092e+07
1.12597e+07
1.1406e+07
1.15497e+07
1.16912e+07
1.18318e+07
1.19721e+07
1.21114e+07
1.22503e+07
1.23894e+07
1.25285e+07
1.26676e+07
1.28072e+07
1.29475e+07
1.30883e+07
1.32297e+07
1.33718e+07
1.35144e+07
1.36574e+07
1.38007e+07
1.39446e+07
1.40893e+07
1.4235e+07
1.43819e+07
1.45301e+07
1.46793e+07
1.48293e+07
1.49798e+07
1.51309e+07
1.52825e+07
1.54346e+07
1.55873e+07
1.57408e+07
1.58955e+07
1.60511e+07
1.62077e+07
1.63648e+07
1.65227e+07
1.66808e+07
1.68396e+07
1.69986e+07
1.71584e+07
1.73186e+07
1.748e+07
1.76424e+07
1.78059e+07
1.79699e+07
1.81344e+07
1.82989e+07
1.84637e+07
1.86287e+07
1.87941e+07
1.89597e+07
1.91264e+07
1.92934e+07
1.94619e+07
1.96303e+07
1.98005e+07
1.99689e+07
2.01393e+07
2.03093e+07
2.03923e+07
2.0367e+07
2.01979e+07
1.92245e+07
1.61839e+07
1.29043e+07
1.14144e+07
1.07077e+07
9.78179e+06
9.65633e+06
9.29595e+06
8.41939e+06
7.59656e+06
6.67714e+06
5.91482e+06
5.32669e+06
5.68539e+06
5.86237e+06
5.98539e+06
6.10388e+06
6.12864e+06
6.16533e+06
6.17281e+06
6.17081e+06
6.16439e+06
6.16428e+06
6.18792e+06
6.19141e+06
6.18238e+06
6.17827e+06
6.18744e+06
6.19827e+06
6.20257e+06
6.20654e+06
6.22027e+06
6.2253e+06
6.22061e+06
6.21004e+06
6.20653e+06
6.21174e+06
6.21433e+06
6.21038e+06
6.20068e+06
6.1931e+06
6.18906e+06
6.18529e+06
6.17906e+06
6.17049e+06
6.1618e+06
6.15437e+06
6.15062e+06
6.14817e+06
6.14295e+06
6.13379e+06
6.12375e+06
6.11266e+06
6.11031e+06
6.11085e+06
6.11384e+06
6.1182e+06
6.11716e+06
6.10959e+06
6.10159e+06
6.09671e+06
6.09866e+06
6.10986e+06
6.13346e+06
6.16329e+06
6.18864e+06
6.20316e+06
6.21009e+06
6.21784e+06
6.23485e+06
6.26703e+06
6.30853e+06
6.35511e+06
6.39117e+06
6.41698e+06
6.41581e+06
6.43437e+06
)
;
    }
    top
    {
        beta1           0.075;
        blended         false;
        type            omegaWallFunction;
        value           nonuniform List<scalar> 
190
(
5.50141e+06
5.92964e+06
5.92402e+06
5.69485e+06
5.20614e+06
4.78266e+06
4.50375e+06
4.35969e+06
4.29515e+06
4.26692e+06
4.26562e+06
4.28263e+06
4.3138e+06
4.35579e+06
4.4152e+06
4.47173e+06
4.51797e+06
4.55716e+06
4.59253e+06
4.62539e+06
4.65477e+06
4.6817e+06
4.70852e+06
4.73586e+06
4.76304e+06
4.78981e+06
4.81609e+06
4.84175e+06
4.86667e+06
4.89025e+06
4.91209e+06
4.93352e+06
4.95554e+06
4.97868e+06
5.00326e+06
5.02823e+06
5.05241e+06
5.07484e+06
5.09587e+06
5.11765e+06
5.14061e+06
5.16433e+06
5.18833e+06
5.21196e+06
5.23516e+06
5.25809e+06
5.28152e+06
5.30612e+06
5.33186e+06
5.35801e+06
5.38391e+06
5.40894e+06
5.43288e+06
5.45624e+06
5.47959e+06
5.50345e+06
5.52818e+06
5.55365e+06
5.57958e+06
5.60564e+06
5.63139e+06
5.6563e+06
5.6803e+06
5.70402e+06
5.72802e+06
5.75262e+06
5.77807e+06
5.80413e+06
5.83063e+06
5.85741e+06
5.88416e+06
5.91063e+06
5.9366e+06
5.96229e+06
5.98693e+06
6.01304e+06
6.31962e+06
6.41164e+06
6.25979e+06
6.45826e+06
6.51672e+06
6.36991e+06
6.69138e+06
6.5932e+06
6.81483e+06
6.6577e+06
6.71096e+06
6.87775e+06
5.76811e+06
6.95236e+06
6.96873e+06
7.0032e+06
7.05081e+06
7.10027e+06
7.35548e+06
7.20551e+06
7.32173e+06
7.54857e+06
7.51914e+06
6.3732e+06
7.81313e+06
7.87121e+06
8.00041e+06
6.59969e+06
7.83897e+06
6.70843e+06
8.10604e+06
8.04001e+06
8.31785e+06
8.36751e+06
1.09341e+07
1.14429e+07
1.44458e+07
1.2681e+07
1.30488e+07
1.35504e+07
1.37766e+07
1.39045e+07
1.41488e+07
1.45006e+07
1.48057e+07
1.50981e+07
1.54186e+07
1.56336e+07
1.57946e+07
1.59664e+07
1.61498e+07
1.63088e+07
1.64204e+07
1.65273e+07
1.6637e+07
1.66922e+07
1.67239e+07
1.6783e+07
1.68727e+07
1.69511e+07
1.69893e+07
1.70151e+07
1.70318e+07
1.70421e+07
1.70751e+07
1.71671e+07
1.73193e+07
1.74162e+07
1.7412e+07
1.73589e+07
1.72866e+07
1.7219e+07
1.71935e+07
1.72512e+07
1.7426e+07
1.75604e+07
1.75435e+07
1.749e+07
1.74138e+07
1.7373e+07
1.7393e+07
1.74936e+07
1.75902e+07
1.76147e+07
1.76017e+07
1.75804e+07
1.75729e+07
1.75961e+07
1.76468e+07
1.76892e+07
1.77049e+07
1.77068e+07
1.77084e+07
1.77198e+07
1.77376e+07
1.77456e+07
1.77392e+07
1.77296e+07
1.77279e+07
1.77411e+07
1.77663e+07
1.77934e+07
1.78136e+07
1.78286e+07
1.78388e+07
1.7847e+07
1.78536e+07
1.78623e+07
1.78747e+07
1.78937e+07
1.79145e+07
1.79351e+07
1.79495e+07
1.79713e+07
)
;
    }
    upstream
    {
        type            symmetryPlane;
    }
    defaultFaces
    {
        type            empty;
    }
}


// ************************************************************************* //
