/*--------------------------------*- C++ -*----------------------------------*\
  =========                 |
  \\      /  F ield         | OpenFOAM: The Open Source CFD Toolbox
   \\    /   O peration     | Website:  https://openfoam.org
    \\  /    A nd           | Version:  13
     \\/     M anipulation  |
\*---------------------------------------------------------------------------*/
FoamFile
{
    format      ascii;
    class       volScalarField;
    location    "0.001";
    object      p;
}
// * * * * * * * * * * * * * * * * * * * * * * * * * * * * * * * * * * * * * //

dimensions      [1 -1 -2 0 0 0 0];

internalField   nonuniform List<scalar> 
16072
(
4510.21
4657.61
4627.61
4570.74
4502.65
4431.79
4407.54
4682.49
4628.46
4610
4602.45
4552.3
4332.76
4623.45
4657.09
4606.1
4556.69
4498.52
4236.63
4586.47
4663.19
4592.85
4531.29
4475.65
4157.32
4520.62
4631.23
4605.18
4532.95
4464.48
4095.15
4465.71
4619.9
4627.78
4553.45
4472.82
4054.74
4356.97
4573.76
4626.81
4579.14
4494.69
4031.53
4258.82
4540.82
4620.9
4598.15
4520.62
4020.18
4158.85
4451.17
4604.31
4601.38
4551.36
4014.44
4095.72
4350.11
4578.62
4586.72
4570.7
4012.07
4055
4225.6
4505.92
4567.52
4578.59
4010.95
4031.79
4137.89
4393.24
4544.26
4577.3
4010.41
4020.14
4075.8
4249.96
4471.21
4572.2
4010.17
4014.51
4041.59
4140.88
4363.87
4553.1
4010.06
4012.01
4023.88
4074.17
4222.99
4461.32
4010.02
4010.84
4015.97
4038.11
4118.95
4313.57
4010.01
4010.32
4012.48
4021.84
4058.61
4163.47
4010
4010.11
4010.96
4014.75
4029.96
4072.71
4010
4010.04
4010.34
4011.83
4017.53
4035.12
4010
4010.01
4010.11
4010.63
4012.79
4019.44
4010
4010
4010.03
4010.2
4010.94
4013.37
4010
4010
4010.01
4010.06
4010.28
4011.09
4010
4010
4010
4010.02
4010.08
4010.32
4010
4010
4010
4010
4010.02
4010.08
4010
4010
4010
4010
4010
4010.02
4010
4010
4010
4010
4010
4010
4010
4010
4010
4010
4010
4010
4010
4010
4010
4010
4010
4010
4010
4010
4010
4010
4010
4010
4010
4010
4010
4010
4010
4010
4010
4010
4010
4010
4010
4010
4010
4010
4010
4010
4010
4010
4010
4010
4010
4010
4010
4010
4010
4010
4010
4010
4010
4010
4010
4010
4010
4010
4010
4010
4010
4010
4010
4010
4010
4010
4010
4010
4010
4010
4010
4010
4010
4010
4010
4010
4010
4010
4010
4010
4010
4010
4010
4010
4010
4010
4010
4010
4010
4010
4010
4010
4010
4010
4010
4010
4010
4010
4010
4010
4010
4010
4010
4010
4010
4010
4010
4010
4010
4010
4010
4010
4010
4010
4010
4010
4010
4010
4010
4010
4010
4010
4010
4010
4010
4010
4010
4010
4010
4010
4010
4010
4010
4010
4010
4010
4010
4010
4010
4010
4010
4010
4010
4010
4010
4010
4010
4010
4010
4010
4010
4010
4010
4010
4010
4010
4010
4010
4010
4010
4010
4010
4010
4010
4010
4010
4010
4010
4010
4010
4010
4010
4010
4010
4010
4010
4010
4010
4010
4010
4010
4010
4010
4010
4010
4010
4010
4010
4010
4010
4010
4010
4010
4010
4010
4010
4010
4010
4010
4010
4010
4010
4010
4010
4010
4010
4010
4010
4010
4010
4010
4010
4010
4010
4010
4010
4010
4010
4010
4010
4010
4010
4010
4010
4010
4010
4010
4010
4010
4010
4010
4010
4010
4010
4010
4010
4010
4010
4010
4010
4010
4010
4010
4010
4010
4010
4010
4010
4010
4010
4010
4010.01
4010
4010
4010
4010
4010
4010.01
4010
4010
4010
4010
4010
4010.03
4010
4010
4010
4010
4010
4010.05
4010
4010
4010
4010
4010
4010.07
4010
4010
4010
4010
4010
4010.12
4010
4010
4010
4010
4010
4010.17
4010
4010
4010
4010
4010.01
4010.23
4010
4010
4010
4010
4010.01
4010.2
4010
4010
4010
4010
4010.02
4009.94
4010
4010
4010
4010
4010.02
4009.73
4010
4010
4010
4010
4010.03
4009.61
4010
4010
4010
4010
4010.04
4009.62
4010
4010
4010
4010
4010.04
4009.5
4010
4010
4010
4010
4010.05
4009.96
4010
4010
4010
4010
4010.05
4004.74
4378.78
4337.89
4313
4296.86
4277.15
4272.71
4275.22
4272.98
4270.35
4271.24
4272.86
4272.71
4272.5
4273.64
4275.01
4275.07
4273.86
4271.93
4270.83
4270.04
4268.9
4267.29
4265.46
4264.08
4263.38
4262.9
4262.19
4261.38
4260.33
4259.17
4257.79
4256.4
4255.32
4254.18
4253.33
4252.31
4251.44
4251
4250.36
4249.94
4248.9
4247.17
4248.03
4248.73
4249.49
4252.12
4256.46
4251.93
4237.5
4224.89
4215.53
4208.27
4202.47
4197.91
4194.08
4190.77
4188.14
4186.03
4184.21
4182.68
4181.48
4180.4
4179.41
4178.52
4177.75
4177.01
4176.39
4175.91
4175.59
4175.34
4175.1
4174.82
4174.4
4173.82
4173.22
4172.62
4172.09
4171.6
4171.2
4170.87
4170.58
4170.27
4169.85
4169.38
4168.84
4168.35
4167.86
4167.49
4167.11
4166.82
4166.55
4166.32
4165.94
4165.51
4164.95
4164.42
4163.91
4163.56
4163.29
4163.09
4162.93
4162.83
4162.63
4162.47
4162.1
4161.87
4161.36
4161.32
4160.98
4160.83
4492.25
4435.76
4396.65
4369.43
4340.23
4327.5
4323.62
4315.77
4308.46
4305.09
4302.87
4299.14
4295.77
4294
4292.61
4290.19
4287.03
4283.26
4280.53
4278.1
4275.68
4272.78
4270.02
4267.81
4266.32
4265.09
4263.78
4262.47
4260.87
4259.54
4257.91
4256.3
4255.18
4254.18
4253.15
4252.35
4251.42
4250.69
4250.59
4249.31
4248.81
4248.02
4248.03
4247.75
4247.91
4249.03
4251.73
4248.34
4236.27
4224.58
4215.45
4208.25
4202.46
4197.91
4194.09
4190.78
4188.16
4186.04
4184.23
4182.71
4181.51
4180.43
4179.44
4178.56
4177.79
4177.06
4176.44
4175.96
4175.65
4175.39
4175.16
4174.88
4174.46
4173.89
4173.29
4172.7
4172.17
4171.69
4171.28
4170.96
4170.67
4170.37
4169.95
4169.49
4168.94
4168.47
4167.98
4167.61
4167.23
4166.95
4166.68
4166.45
4166.08
4165.65
4165.1
4164.57
4164.07
4163.72
4163.45
4163.25
4163.1
4163
4162.8
4162.64
4162.28
4162.05
4161.54
4161.51
4161.18
4161.02
4444.9
4401.76
4371.49
4349.28
4325.16
4315.28
4312.74
4306.3
4300.41
4298.82
4298.26
4296.15
4294.37
4294.08
4294.03
4292.92
4290.58
4287.69
4285.61
4283.86
4281.91
4279.35
4276.65
4274.56
4273.1
4271.96
4270.63
4269.02
4267.28
4265.56
4263.65
4261.86
4260.4
4259.24
4258.02
4256.82
4256.02
4254.88
4254.42
4253.04
4252.75
4251.4
4251.07
4251.21
4251.49
4253.11
4256.57
4252.89
4239.78
4227.37
4217.93
4210.64
4204.8
4200.21
4196.35
4193.01
4190.35
4188.2
4186.34
4184.78
4183.53
4182.41
4181.37
4180.45
4179.63
4178.85
4178.19
4177.66
4177.3
4176.99
4176.71
4176.38
4175.92
4175.31
4174.66
4174.03
4173.46
4172.93
4172.49
4172.14
4171.81
4171.47
4171.02
4170.51
4169.94
4169.42
4168.91
4168.5
4168.1
4167.78
4167.48
4167.23
4166.82
4166.37
4165.79
4165.24
4164.71
4164.33
4164.03
4163.82
4163.63
4163.51
4163.29
4163.11
4162.73
4162.48
4161.95
4161.89
4161.55
4161.36
4437.25
4401.92
4378.78
4365.86
4345.79
4337.21
4334.97
4327.25
4319.39
4315.74
4313.07
4309.26
4305.88
4304.09
4302.91
4300.86
4297.72
4294.33
4291.67
4289.58
4287.25
4284.45
4281.52
4279.28
4277.66
4276.41
4275.05
4273.45
4271.76
4269.93
4268.08
4266.27
4264.71
4263.29
4262
4260.71
4259.75
4258.7
4257.57
4257.05
4256.54
4254.85
4254.68
4254.08
4253.86
4254.37
4256.31
4252.76
4240.91
4229.27
4220.08
4212.85
4207.01
4202.42
4198.57
4195.24
4192.58
4190.43
4188.57
4187.01
4185.76
4184.63
4183.59
4182.66
4181.84
4181.05
4180.38
4179.85
4179.48
4179.17
4178.89
4178.55
4178.09
4177.47
4176.82
4176.17
4175.6
4175.07
4174.62
4174.26
4173.92
4173.58
4173.12
4172.61
4172.02
4171.5
4170.98
4170.57
4170.15
4169.83
4169.52
4169.25
4168.85
4168.38
4167.79
4167.23
4166.7
4166.31
4166.01
4165.78
4165.59
4165.46
4165.23
4165.04
4164.65
4164.39
4163.85
4163.78
4163.46
4163.21
4405.8
4368.71
4342.7
4332.11
4319.11
4317.48
4321.03
4319.74
4317.36
4317.2
4316.62
4313.97
4310.94
4309.26
4307.99
4305.74
4302.34
4298.74
4295.86
4293.58
4291.07
4288.21
4285.25
4282.95
4281.32
4280.03
4278.62
4277.01
4275.32
4273.51
4271.65
4269.77
4268.08
4266.5
4265.06
4263.76
4262.44
4261.44
4260.37
4259.76
4259.02
4257.29
4257.16
4256.49
4256.27
4256.91
4259.38
4256.29
4243.96
4231.5
4221.89
4214.44
4208.51
4203.86
4199.97
4196.61
4193.94
4191.77
4189.91
4188.34
4187.08
4185.94
4184.89
4183.95
4183.12
4182.32
4181.64
4181.08
4180.69
4180.37
4180.08
4179.73
4179.25
4178.62
4177.95
4177.29
4176.7
4176.16
4175.7
4175.32
4174.97
4174.61
4174.14
4173.62
4173.02
4172.49
4171.95
4171.53
4171.1
4170.77
4170.45
4170.17
4169.75
4169.28
4168.68
4168.11
4167.56
4167.17
4166.86
4166.62
4166.42
4166.28
4166.04
4165.84
4165.44
4165.17
4164.63
4164.53
4164.23
4163.97
4412.58
4364.02
4328.27
4318.06
4303.3
4300.04
4305.56
4307.72
4309.78
4313.93
4317.1
4317.52
4316.73
4316.4
4315.61
4313.27
4309.78
4305.91
4302.6
4299.68
4296.56
4293.12
4289.67
4286.95
4284.96
4283.34
4281.68
4279.84
4277.96
4276.02
4274.1
4272.15
4270.31
4268.67
4267.14
4265.7
4264.32
4263.26
4262.34
4261.38
4260.3
4259.04
4258.63
4257.75
4257.43
4257.69
4259.72
4257.11
4245.24
4232.77
4222.96
4215.34
4209.28
4204.55
4200.62
4197.24
4194.55
4192.37
4190.5
4188.94
4187.67
4186.54
4185.48
4184.55
4183.72
4182.93
4182.25
4181.68
4181.28
4180.97
4180.68
4180.33
4179.86
4179.22
4178.55
4177.9
4177.31
4176.77
4176.3
4175.93
4175.57
4175.22
4174.75
4174.22
4173.62
4173.09
4172.55
4172.13
4171.7
4171.37
4171.05
4170.77
4170.36
4169.88
4169.29
4168.72
4168.18
4167.79
4167.47
4167.24
4167.03
4166.9
4166.66
4166.46
4166.06
4165.8
4165.26
4165.13
4164.88
4164.62
4421.57
4374.06
4327.01
4312.04
4294.11
4284.98
4284.35
4285.04
4287.96
4293.61
4299.63
4303.98
4307.3
4310.77
4313.44
4314.07
4312.91
4310.6
4308.16
4305.63
4302.64
4299.1
4295.43
4292.4
4290.02
4288.02
4285.97
4283.77
4281.58
4279.4
4277.27
4275.14
4273.14
4271.33
4269.64
4268.02
4266.54
4265.31
4264.23
4263.17
4261.89
4260.8
4260
4259.12
4258.8
4258.91
4260.96
4259.14
4247.66
4234.6
4224.25
4216.28
4210.01
4205.15
4201.13
4197.7
4194.97
4192.76
4190.86
4189.28
4188
4186.83
4185.77
4184.82
4183.99
4183.19
4182.49
4181.92
4181.51
4181.19
4180.9
4180.57
4180.09
4179.45
4178.78
4178.12
4177.52
4176.98
4176.52
4176.14
4175.78
4175.43
4174.95
4174.43
4173.83
4173.29
4172.76
4172.33
4171.9
4171.57
4171.24
4170.96
4170.55
4170.07
4169.48
4168.91
4168.36
4167.97
4167.66
4167.42
4167.21
4167.08
4166.84
4166.64
4166.24
4165.97
4165.44
4165.27
4165.08
4164.81
4442.46
4384.27
4331.34
4317.76
4296.04
4282.63
4278.98
4276.23
4276.94
4280.41
4283.83
4286.88
4290.75
4295.65
4300.22
4303.34
4305.38
4306.58
4307.17
4306.9
4305.48
4303.11
4300.29
4297.75
4295.55
4293.51
4291.25
4288.84
4286.39
4283.96
4281.59
4279.21
4276.94
4274.88
4272.93
4271.11
4269.42
4267.97
4266.65
4265.47
4264.15
4262.96
4261.85
4260.83
4260.43
4260.29
4262.11
4261.06
4250.46
4237.03
4226.04
4217.64
4211.08
4206.05
4201.92
4198.4
4195.61
4193.35
4191.41
4189.79
4188.48
4187.28
4186.19
4185.22
4184.37
4183.55
4182.84
4182.26
4181.82
4181.49
4181.2
4180.86
4180.38
4179.74
4179.05
4178.38
4177.78
4177.23
4176.76
4176.37
4176.01
4175.65
4175.17
4174.64
4174.04
4173.5
4172.95
4172.52
4172.09
4171.75
4171.42
4171.14
4170.72
4170.24
4169.64
4169.08
4168.53
4168.13
4167.81
4167.57
4167.36
4167.22
4166.99
4166.79
4166.39
4166.11
4165.58
4165.36
4165.23
4164.99
4465.79
4403.32
4339.53
4325.3
4302.58
4285.25
4276.6
4273.11
4273.73
4275.4
4276.89
4278.17
4279.76
4282.2
4284.91
4287.35
4289.83
4292.45
4295.06
4297.19
4298.32
4298.48
4298.02
4297.51
4296.99
4296.22
4294.91
4293.15
4291.08
4288.89
4286.62
4284.23
4281.85
4279.63
4277.48
4275.46
4273.52
4271.8
4270.23
4268.76
4267.4
4265.89
4264.51
4263.3
4262.79
4262.4
4263.97
4263.72
4254.29
4240.6
4228.76
4219.73
4212.76
4207.47
4203.18
4199.54
4196.66
4194.31
4192.31
4190.64
4189.27
4188.02
4186.88
4185.88
4185
4184.15
4183.41
4182.8
4182.33
4181.97
4181.67
4181.33
4180.83
4180.17
4179.47
4178.79
4178.17
4177.61
4177.12
4176.72
4176.35
4175.98
4175.5
4174.96
4174.34
4173.8
4173.25
4172.8
4172.36
4172.01
4171.67
4171.38
4170.96
4170.48
4169.87
4169.3
4168.75
4168.35
4168.02
4167.77
4167.56
4167.41
4167.18
4166.97
4166.58
4166.28
4165.77
4165.48
4165.41
4165.22
4500.36
4419.08
4354.01
4335.51
4307.79
4289.52
4278.55
4272.53
4273.72
4275.07
4274.97
4275.42
4276.65
4277.96
4278.7
4279.01
4279.91
4281.37
4282.86
4284.1
4285.04
4285.84
4286.76
4288.03
4289.41
4290.55
4291.22
4291.32
4290.88
4290.1
4289
4287.52
4285.77
4283.94
4282.06
4280.16
4278.25
4276.46
4274.79
4273.14
4271.71
4269.84
4268.15
4266.7
4266.1
4265.44
4266.66
4267.25
4259.26
4245.56
4232.74
4222.83
4215.31
4209.66
4205.13
4201.33
4198.31
4195.84
4193.74
4191.99
4190.54
4189.21
4187.99
4186.95
4186.01
4185.11
4184.33
4183.68
4183.16
4182.76
4182.44
4182.07
4181.56
4180.88
4180.15
4179.44
4178.8
4178.22
4177.71
4177.29
4176.9
4176.52
4176.03
4175.47
4174.84
4174.28
4173.72
4173.26
4172.8
4172.43
4172.08
4171.79
4171.36
4170.87
4170.25
4169.68
4169.12
4168.71
4168.37
4168.1
4167.88
4167.73
4167.5
4167.28
4166.89
4166.57
4166.08
4165.71
4165.69
4165.58
4535.15
4448.24
4372.88
4347.57
4315.22
4295.15
4280.22
4272.67
4273.85
4274.94
4274.64
4275.14
4276.29
4277.04
4276.82
4276.1
4276.22
4277.23
4278.07
4278.06
4277.28
4276.39
4275.97
4276.37
4277.41
4278.7
4279.98
4281.07
4282.02
4282.92
4283.61
4283.89
4283.82
4283.42
4282.79
4281.91
4280.85
4279.67
4278.46
4277.15
4275.92
4274.08
4272.36
4270.76
4270.06
4269.19
4269.92
4271.38
4265.36
4252.25
4238.42
4227.35
4219.01
4212.86
4207.99
4203.94
4200.72
4198.11
4195.88
4194.02
4192.44
4190.97
4189.66
4188.55
4187.55
4186.57
4185.72
4184.99
4184.4
4183.94
4183.59
4183.2
4182.65
4181.93
4181.16
4180.41
4179.74
4179.13
4178.59
4178.14
4177.73
4177.32
4176.81
4176.23
4175.58
4175
4174.41
4173.93
4173.45
4173.06
4172.69
4172.39
4171.95
4171.45
4170.82
4170.23
4169.66
4169.23
4168.88
4168.59
4168.36
4168.19
4167.97
4167.73
4167.35
4166.99
4166.52
4166.07
4166.08
4166.07
4554.57
4482.95
4406.03
4360.18
4321.4
4303.26
4285.46
4273.87
4274.56
4274.92
4274.03
4275.02
4276.66
4277.18
4276.31
4275.16
4275.27
4276.4
4277.25
4277.02
4275.73
4274.06
4272.61
4271.74
4271.31
4271.17
4271.23
4271.35
4271.64
4272.21
4273.01
4273.8
4274.54
4275.2
4275.8
4276.27
4276.6
4276.77
4276.83
4276.69
4276.35
4275.52
4274.51
4273.36
4272.94
4272.29
4272.7
4274.97
4271.51
4259.96
4245.6
4233.3
4224
4217.18
4211.91
4207.59
4204.14
4201.27
4198.83
4196.84
4195.15
4193.53
4192.06
4190.82
4189.7
4188.63
4187.72
4186.93
4186.23
4185.66
4185.23
4184.79
4184.2
4183.44
4182.62
4181.82
4181.1
4180.44
4179.84
4179.35
4178.9
4178.47
4177.93
4177.33
4176.64
4176.03
4175.41
4174.9
4174.38
4173.96
4173.57
4173.24
4172.79
4172.27
4171.62
4171.02
4170.44
4169.98
4169.6
4169.29
4169.04
4168.86
4168.63
4168.38
4168
4167.6
4167.15
4166.61
4166.63
4166.69
4561.67
4518.23
4448.18
4376.17
4333.38
4312.25
4291.28
4277.5
4275.84
4274.86
4273.41
4274.78
4276.94
4277.94
4276.99
4275.33
4275.12
4276.39
4277.43
4277.15
4275.67
4273.92
4272.49
4271.51
4270.64
4269.67
4268.68
4267.77
4267.11
4266.73
4266.55
4266.45
4266.41
4266.43
4266.62
4266.94
4267.4
4267.95
4268.65
4269.36
4269.95
4270.37
4270.5
4270.2
4270.77
4271.17
4271.83
4275.09
4274.77
4266.15
4252.4
4239.26
4229.06
4221.69
4216.04
4211.45
4207.9
4205.03
4202.54
4200.38
4198.45
4196.66
4195.16
4193.91
4192.69
4191.46
4190.38
4189.46
4188.67
4188.04
4187.57
4187.06
4186.38
4185.53
4184.62
4183.75
4182.99
4182.29
4181.65
4181.1
4180.58
4180.09
4179.5
4178.85
4178.11
4177.47
4176.81
4176.25
4175.69
4175.24
4174.8
4174.44
4173.97
4173.42
4172.74
4172.11
4171.5
4171.01
4170.6
4170.25
4169.98
4169.77
4169.53
4169.25
4168.88
4168.42
4167.99
4167.37
4167.36
4167.4
4543.32
4529.31
4485.01
4404.13
4356.08
4325.6
4298.62
4282.12
4278.29
4275.38
4273.08
4274.41
4276.73
4278.5
4278.35
4276.72
4275.73
4276.23
4277.23
4277.45
4276.43
4274.74
4273.09
4271.81
4270.7
4269.59
4268.44
4267.35
4266.38
4265.59
4264.95
4264.37
4263.75
4263.06
4262.39
4261.8
4261.34
4261.06
4260.97
4261.08
4261.24
4261.6
4261.79
4261.79
4262.51
4263.66
4264.55
4268.15
4270.95
4266.69
4255.33
4242.2
4231.23
4223.32
4217.8
4213.58
4210.11
4207.15
4204.85
4203.17
4201.6
4199.81
4198.09
4196.69
4195.53
4194.5
4193.6
4192.68
4191.7
4190.84
4190.19
4189.68
4189.07
4188.27
4187.33
4186.36
4185.47
4184.66
4183.93
4183.33
4182.79
4182.3
4181.7
4181.01
4180.22
4179.5
4178.77
4178.14
4177.51
4177.01
4176.53
4176.14
4175.63
4175.05
4174.34
4173.67
4173.03
4172.5
4172.04
4171.65
4171.34
4171.08
4170.83
4170.51
4170.13
4169.6
4169.19
4168.49
4168.41
4168.23
4514.45
4540.35
4519.21
4447.65
4386.5
4338.88
4305.95
4289.62
4281.07
4276.36
4273.65
4274.22
4276
4277.71
4278.22
4277.35
4276.36
4276.27
4276.86
4277.29
4277.03
4276.04
4274.67
4273.21
4271.73
4270.23
4268.85
4267.71
4266.76
4265.92
4265.12
4264.41
4263.71
4262.96
4262.07
4261.1
4260.17
4259.31
4258.6
4257.93
4257.28
4256.81
4256.24
4255.46
4255.4
4255.93
4256.04
4258.39
4262.26
4261.87
4253.82
4241.37
4229.54
4220.57
4214.18
4209.86
4207.34
4205.39
4203.37
4201.58
4200.22
4199.29
4198.7
4198.01
4196.91
4195.66
4194.74
4194.17
4193.76
4193.35
4192.86
4192.26
4191.47
4190.56
4189.64
4188.81
4188.08
4187.41
4186.72
4186.06
4185.4
4184.8
4184.12
4183.4
4182.59
4181.89
4181.15
4180.52
4179.86
4179.32
4178.78
4178.35
4177.81
4177.19
4176.44
4175.74
4175.05
4174.47
4173.97
4173.54
4173.18
4172.88
4172.6
4172.24
4171.83
4171.22
4170.8
4170.04
4169.88
4169.28
4475.28
4540.56
4533.03
4487.42
4422.78
4359.58
4320.09
4303.64
4286.57
4278.98
4275.38
4273.96
4274.86
4276.39
4277.26
4276.98
4276.31
4276.02
4276.3
4276.73
4276.91
4276.54
4275.61
4274.32
4272.85
4271.25
4269.71
4268.36
4267.3
4266.46
4265.72
4265.07
4264.46
4263.78
4262.93
4261.91
4260.84
4259.79
4258.83
4257.84
4256.85
4256
4255.13
4254.03
4253.11
4253.21
4252.55
4252.79
4255.82
4257.88
4253.8
4242.89
4229.65
4218.58
4210.9
4205.12
4200.9
4198.43
4197.51
4197.02
4195.79
4194.04
4192.92
4192.84
4193.26
4193.56
4193.38
4192.72
4191.91
4191.47
4191.55
4191.94
4192.14
4191.86
4191.1
4190.13
4189.17
4188.46
4187.96
4187.65
4187.38
4187.09
4186.59
4185.91
4185.02
4184.18
4183.36
4182.7
4182.07
4181.55
4181.06
4180.67
4180.16
4179.55
4178.79
4178.08
4177.35
4176.73
4176.2
4175.75
4175.36
4175.03
4174.73
4174.35
4173.93
4173.27
4172.82
4172.04
4171.8
4170.72
4357.87
4529.14
4524.3
4506.9
4465.31
4401.02
4346.54
4323.22
4293
4284.4
4279.04
4273.52
4273.87
4275.41
4276.39
4276.66
4276.37
4275.97
4276
4276.35
4276.77
4276.81
4276.11
4274.76
4273.2
4271.71
4270.39
4269.2
4268.14
4267.23
4266.42
4265.72
4265.1
4264.47
4263.71
4262.75
4261.72
4260.71
4259.71
4258.59
4257.43
4256.33
4255.27
4254.28
4253.11
4252.53
4252.17
4251.2
4252.4
4255.47
4255.68
4249.29
4236.82
4222.66
4211.67
4204.79
4200.16
4195.66
4191.93
4190.35
4190.08
4189.8
4188.89
4187.36
4185.92
4185.46
4186.14
4187.2
4187.78
4187.65
4187.1
4186.66
4186.57
4186.81
4187.21
4187.61
4187.78
4187.67
4187.26
4186.82
4186.44
4186.28
4186.13
4185.96
4185.54
4185.12
4184.6
4184.17
4183.64
4183.19
4182.7
4182.38
4181.93
4181.43
4180.7
4180.03
4179.3
4178.77
4178.28
4177.92
4177.53
4177.25
4176.91
4176.55
4176.07
4175.4
4174.89
4174.1
4173.89
4172.36
4229.73
4475.46
4481.39
4496.72
4490.46
4448.94
4385.04
4344.85
4304.05
4293.36
4284.87
4274.27
4273.27
4274.37
4275.33
4276.03
4276.28
4276.12
4275.83
4275.77
4276.27
4276.76
4276.69
4275.72
4274.19
4272.58
4271.22
4270.09
4269.09
4268.15
4267.27
4266.49
4265.84
4265.28
4264.69
4263.91
4262.95
4261.92
4260.83
4259.63
4258.38
4257.19
4256.01
4255.08
4254.07
4252.99
4252.29
4251.57
4250.85
4252.65
4255.06
4254.12
4247.12
4234.18
4219.49
4207.79
4201.03
4197.58
4194.19
4190.48
4186.93
4184.9
4184.86
4185.43
4185.02
4183.52
4181.69
4180.52
4180.43
4181.33
4182.46
4183.08
4182.85
4182.02
4181.05
4180.51
4180.55
4181.13
4181.9
4182.61
4183.03
4183.16
4182.97
4182.61
4182.13
4181.79
4181.61
4181.64
4181.71
4181.81
4181.84
4181.89
4181.78
4181.5
4180.97
4180.38
4179.8
4179.37
4179.05
4178.8
4178.58
4178.39
4178.26
4177.98
4177.67
4177.04
4176.58
4175.75
4175.45
4174.23
4115.86
4294.4
4413.33
4500.47
4501.13
4484.81
4440.11
4380.92
4332.4
4306.45
4293.32
4277.75
4274.39
4274.91
4274.92
4275.42
4276.05
4276.26
4275.87
4275.49
4275.94
4276.55
4276.99
4276.7
4275.6
4274.01
4272.42
4271.06
4269.93
4268.98
4268.12
4267.27
4266.45
4265.77
4265.21
4264.65
4263.97
4263.13
4262.05
4260.77
4259.37
4258.06
4256.8
4255.79
4254.9
4253.82
4252.78
4252.06
4251.38
4250.94
4252.8
4254.53
4253.22
4246.49
4234.09
4219.36
4206.47
4198.65
4194.98
4193.97
4191.4
4187.42
4184.14
4182.47
4182.29
4183.02
4183.3
4182.26
4180.22
4178.38
4177.46
4177.64
4178.46
4179.34
4179.62
4179.18
4178.18
4177.19
4176.45
4176.28
4176.57
4177.24
4177.83
4178.19
4178.08
4177.82
4177.42
4177.2
4176.96
4176.97
4177
4177.32
4177.48
4177.65
4177.45
4177.33
4177.03
4177.06
4176.97
4177.15
4177.05
4177.24
4177.08
4177.17
4176.8
4176.63
4175.94
4175.6
4174.99
4174.4
4051.03
4142.14
4316.98
4491.83
4495.31
4477.43
4462.12
4425.62
4377.23
4326.81
4305.31
4285.79
4281.01
4278.51
4275.17
4275.15
4275.95
4276.28
4275.71
4275.2
4275.38
4275.89
4276.44
4276.56
4276.18
4275.14
4273.72
4272.15
4270.69
4269.55
4268.7
4267.91
4267.04
4266.14
4265.36
4264.75
4264.23
4263.67
4262.85
4261.7
4260.3
4258.9
4257.6
4256.47
4255.53
4254.5
4253.41
4252.49
4251.91
4251.27
4250.93
4252.56
4253.84
4252.55
4246.69
4235.7
4221.23
4207.61
4197.65
4193.74
4192.01
4190.99
4189.16
4185.97
4182.86
4181.17
4180.84
4181.21
4181.66
4181.5
4180.18
4178.24
4176.59
4175.78
4175.67
4176.09
4176.71
4177.26
4177.25
4176.67
4175.72
4174.92
4174.36
4174.06
4173.81
4173.76
4173.79
4173.92
4173.94
4173.9
4173.72
4173.62
4173.47
4173.26
4172.9
4172.58
4172.32
4172.29
4172.33
4172.56
4172.69
4172.94
4173.14
4173.21
4173.18
4172.82
4172.6
4171.91
4171.6
4171.01
4024.78
4063.53
4175.1
4337.11
4430.45
4462.3
4478.04
4466.32
4428.78
4369.78
4326.51
4303.02
4291.15
4283.65
4275.98
4275.35
4276.4
4276.56
4275.55
4274.78
4274.85
4275.15
4275.58
4276.04
4276.21
4275.96
4275.14
4273.76
4272.05
4270.43
4269.25
4268.37
4267.6
4266.83
4266.03
4265.3
4264.65
4264.02
4263.26
4262.25
4261.03
4259.79
4258.61
4257.48
4256.43
4255.35
4254.24
4253.24
4252.52
4252.04
4251.32
4250.9
4252.3
4253.29
4252.24
4247.61
4237.77
4224.69
4210.79
4199.84
4192.93
4190
4189.77
4189.17
4187.77
4185.55
4182.76
4180.33
4179.32
4179.55
4180.07
4180.27
4179.87
4178.85
4177.31
4175.78
4174.92
4174.93
4175.4
4175.92
4176.18
4176.14
4175.74
4175
4173.98
4173.05
4172.39
4172.11
4171.95
4171.94
4171.88
4171.95
4171.84
4171.68
4171.14
4170.72
4170.15
4169.99
4169.64
4169.67
4169.36
4169.5
4169.2
4169.38
4168.83
4168.83
4167.79
4167.96
4166.29
4167.69
4015.09
4029.47
4074.61
4175.9
4333.13
4453.15
4475.9
4470.44
4454.6
4421.96
4371.82
4335.16
4306.75
4292.54
4278.47
4276.59
4277.45
4276.92
4275.08
4274.57
4274.61
4274.73
4274.9
4275.28
4275.89
4276.23
4276.03
4275.32
4273.96
4272.24
4270.61
4269.32
4268.32
4267.54
4266.85
4266.23
4265.58
4264.84
4263.96
4262.87
4261.67
4260.56
4259.55
4258.54
4257.48
4256.35
4255.22
4254.18
4253.42
4252.88
4252.33
4251.38
4251.06
4252.07
4252.74
4252.26
4248.1
4240.44
4229.52
4216.03
4203.66
4194.88
4190.47
4188.1
4188.15
4188.49
4187.53
4185.17
4182.59
4180.45
4178.87
4178.1
4178.27
4178.72
4178.78
4178.27
4177.52
4176.83
4176.21
4175.6
4175.16
4175
4175.04
4174.91
4174.48
4173.91
4173.46
4173.17
4172.89
4172.53
4172.11
4171.7
4171.35
4170.89
4170.36
4169.82
4169.45
4169.34
4169.2
4169.21
4168.86
4168.71
4168.15
4167.93
4167.01
4166.57
4165.39
4164.97
4163.83
4163.93
4011.63
4016.68
4032.24
4077.09
4174.36
4318.42
4416.1
4445.65
4449.25
4448.17
4429.07
4388.99
4342.48
4311.9
4288.02
4282.48
4280.35
4277.02
4274.9
4275.15
4275.73
4275.46
4274.84
4274.92
4275.49
4276.26
4276.47
4276.3
4275.68
4274.48
4272.86
4271.18
4269.79
4268.7
4267.8
4267.05
4266.34
4265.58
4264.69
4263.62
4262.45
4261.44
4260.55
4259.62
4258.56
4257.4
4256.25
4255.2
4254.35
4253.76
4253.14
4252.36
4251.35
4251.18
4251.79
4252.25
4251.64
4248.66
4243.14
4234.11
4222.57
4210.17
4199.39
4191.97
4188.62
4187.94
4187.29
4186.46
4185.82
4184.8
4182.98
4180.77
4179.11
4178.26
4177.74
4177.33
4177.24
4177.49
4177.75
4177.64
4177.14
4176.45
4175.86
4175.19
4174.44
4173.65
4173.24
4173.14
4173.18
4173.15
4173.07
4172.89
4172.61
4172.09
4171.35
4170.52
4169.79
4169.44
4169.09
4169.02
4168.73
4168.65
4168.17
4167.91
4167.07
4166.52
4165.75
4165.13
4166.41
4167.19
4010.47
4012.1
4017.44
4032.89
4070.95
4162.67
4288.3
4401.09
4446.65
4448.26
4445.16
4431.9
4399.9
4354.44
4320.77
4301.11
4290
4279.3
4277.83
4279.57
4279.9
4278.4
4275.94
4275.36
4275.83
4276.64
4277.03
4277.13
4276.97
4276.39
4275.17
4273.47
4271.85
4270.51
4269.36
4268.34
4267.38
4266.45
4265.48
4264.4
4263.29
4262.4
4261.67
4260.89
4259.92
4258.79
4257.64
4256.57
4255.67
4254.98
4254.35
4253.61
4252.77
4252.02
4251.92
4252.14
4252.18
4251.51
4249.54
4245.61
4238.98
4229.55
4217.55
4206.42
4197.49
4191.67
4188.21
4185.91
4185.21
4184.92
4184.53
4183.82
4182.74
4181.47
4180.13
4178.7
4177.54
4177.11
4177.24
4177.35
4177.31
4177.16
4176.99
4176.58
4175.91
4174.94
4174.28
4173.88
4173.72
4173.44
4173.23
4172.93
4172.8
4172.42
4172
4171.32
4170.89
4170.5
4170.29
4169.84
4169.51
4168.78
4168.63
4167.79
4167.9
4168.05
4169.44
4171.78
4179.68
4193.67
4010.12
4010.6
4012.3
4017.25
4030.91
4062.41
4139.28
4252.17
4359.07
4410.09
4432.61
4428.51
4422.65
4406.64
4376.23
4336.96
4310.46
4289.83
4282.93
4282.91
4281.32
4278.81
4276.97
4276.96
4277.21
4277.42
4277.67
4277.99
4277.99
4277.64
4276.69
4275.29
4273.94
4272.72
4271.48
4270.24
4269.05
4267.88
4266.78
4265.73
4264.7
4263.82
4263.09
4262.33
4261.36
4260.26
4259.23
4258.35
4257.52
4256.79
4256.11
4255.36
4254.54
4253.78
4253.25
4252.97
4252.64
4252.2
4251.62
4250.4
4247.81
4243.22
4235.76
4226.25
4215.75
4204.97
4197.29
4191.63
4187.31
4185.28
4184.57
4184.24
4183.79
4183.22
4182.63
4181.74
4180.4
4179.12
4178.5
4178.07
4177.54
4177
4176.79
4176.57
4176.21
4175.55
4175.17
4174.99
4174.99
4174.74
4174.44
4173.92
4173.55
4172.95
4172.36
4171.6
4171.1
4170.82
4170.73
4170.49
4170.42
4169.96
4170.3
4170.26
4171.95
4175.38
4182.58
4195.89
4223.59
4273.65
4010.03
4010.16
4010.64
4012.18
4016.39
4027.08
4053.75
4105.52
4207.38
4310.22
4397.58
4418.17
4422.62
4421.25
4414.21
4391.66
4356.49
4324.3
4298.39
4287.49
4281.52
4277.79
4278.37
4278.49
4277.95
4277.3
4277.47
4278.12
4278.32
4278
4277.14
4276.35
4275.72
4275.02
4274.02
4272.73
4271.4
4270.08
4268.79
4267.67
4266.71
4265.79
4264.95
4264.1
4263.11
4261.99
4260.91
4260.07
4259.39
4258.7
4257.99
4257.18
4256.27
4255.46
4254.74
4254.14
4253.47
4252.59
4252.04
4251.67
4250.91
4249.22
4246.06
4241.02
4233.96
4224.69
4214.64
4205.71
4197.33
4191.14
4188.54
4186.86
4184.99
4183.4
4183.02
4182.8
4182
4180.83
4180.27
4180
4179.45
4178.47
4177.6
4176.95
4176.41
4175.67
4175.17
4175.03
4175.25
4175.33
4175.28
4174.94
4174.64
4174.04
4173.41
4172.6
4172.1
4171.7
4171.78
4171.89
4172.35
4172.91
4174.84
4178.39
4185.07
4197.79
4222.76
4270.85
4387.29
4601.79
4010.01
4010.04
4010.16
4010.58
4011.83
4015.12
4023.15
4041.69
4079.39
4154.99
4259.87
4341.97
4383.07
4413.43
4411.83
4405.38
4395.49
4376.98
4350.13
4320.03
4299.39
4285.59
4284.43
4281.64
4277.25
4276.08
4276.5
4277.44
4277.39
4276.96
4276.49
4276.58
4276.54
4276.25
4275.59
4274.64
4273.68
4272.66
4271.44
4270.21
4269.16
4268.17
4267.13
4266.08
4265.1
4264.13
4263.07
4262.02
4261.18
4260.46
4259.71
4258.87
4257.9
4256.99
4256.18
4255.35
4254.48
4253.38
4252.33
4252.02
4251.79
4251.23
4249.98
4247.88
4244.67
4239.97
4233.02
4224.36
4215.09
4205.77
4198.67
4194.21
4190.57
4186.69
4184.88
4184.19
4183.18
4181.46
4180.76
4180.85
4180.72
4180.04
4179.15
4178.39
4177.75
4176.88
4175.96
4175.42
4175.52
4175.7
4175.71
4175.48
4175.17
4174.75
4174.1
4173.63
4173.58
4173.63
4174.31
4175.43
4177.61
4181.36
4188.23
4201.55
4225.64
4279.07
4392.58
4627.26
5289.03
6334.71
4010
4010.01
4010.04
4010.14
4010.47
4011.39
4013.76
4019.35
4031.07
4058.84
4106.12
4187.79
4274.58
4364.99
4390.32
4395.93
4400.87
4398.71
4391.31
4371.44
4342.62
4317.11
4301.27
4291.18
4280.46
4276.8
4277.1
4277.34
4276.87
4276.34
4276.42
4276.84
4277.07
4276.81
4276.39
4275.96
4275.51
4275.04
4274.14
4272.82
4271.57
4270.49
4269.37
4268.24
4267.28
4266.45
4265.53
4264.38
4263.17
4262.16
4261.26
4260.35
4259.4
4258.45
4257.59
4256.71
4255.71
4254.57
4253.3
4252.67
4252.5
4252.24
4251.59
4250.46
4249.01
4247.04
4244.1
4239.56
4233.2
4225.41
4216.68
4208.49
4202.46
4196.83
4191.24
4188.14
4186.63
4184.46
4182.39
4182.02
4181.69
4180.87
4180.01
4179.5
4178.95
4178.15
4177.27
4176.59
4176.34
4176.32
4176.42
4176.35
4176.06
4175.79
4175.57
4175.86
4176.64
4178.03
4180.56
4185.16
4193.64
4208.64
4239.2
4305.82
4423.82
4744.55
5411.6
6414.03
7829.18
9412.98
4010
4010
4010.01
4010.03
4010.11
4010.34
4010.97
4012.54
4016.04
4023.95
4039.33
4070.07
4128.01
4205.55
4285.31
4338.62
4385.3
4391.15
4388.68
4384.91
4380.46
4369.03
4347.49
4324.68
4305.02
4293.81
4289.15
4283.71
4278.4
4277.22
4277.36
4277.52
4277.07
4275.86
4275.6
4275.59
4275.72
4275.7
4275.56
4275.2
4274.45
4273.32
4271.89
4270.51
4269.46
4268.64
4267.77
4266.66
4265.32
4264.04
4263
4262.06
4261.15
4260.22
4259.28
4258.34
4257.33
4256.21
4254.99
4254.06
4253.66
4253.38
4252.88
4251.95
4250.86
4249.88
4248.73
4247.02
4244.27
4240.27
4235.06
4228.3
4220.62
4213.31
4205.73
4198.01
4194.27
4191.43
4187.78
4185.17
4184.31
4183.17
4181.96
4181.4
4180.73
4179.6
4178.35
4177.62
4177.27
4177.32
4177.7
4178.05
4178.14
4178.48
4179.42
4181.32
4184.85
4191.12
4202.42
4224.53
4270.62
4348.7
4541.87
4967.1
5620.69
6800.99
8269
9789.53
10604.5
11196.1
4010
4010
4010
4010.01
4010.02
4010.08
4010.22
4010.62
4011.56
4013.7
4018.28
4027.11
4045.47
4076.31
4132.65
4208.01
4281.23
4330.87
4352.18
4376.72
4382.11
4380.15
4374.9
4365.22
4350.58
4331.74
4313.46
4301.03
4291.38
4284.94
4282.44
4280.32
4277.71
4276.19
4275.96
4276.01
4276.3
4276.24
4275.94
4275.42
4274.89
4274.46
4273.98
4273.25
4272.16
4270.94
4269.8
4268.64
4267.36
4266.13
4265.14
4264.32
4263.49
4262.6
4261.6
4260.54
4259.58
4258.62
4257.5
4256.42
4255.64
4255.13
4254.57
4253.67
4252.41
4251.5
4250.99
4250.42
4249.43
4247.75
4245.42
4242.54
4238.37
4232.67
4225.99
4217.75
4209.49
4203.63
4198.95
4193.33
4190.63
4188.74
4186.63
4184.95
4183.82
4182.36
4180.42
4179.56
4179.51
4179.88
4180.79
4181.93
4183.49
4186.15
4191.21
4201.08
4220.57
4258.11
4321.64
4470.56
4778.9
5248.35
6238.67
7526.73
8899.5
9949.86
10705.4
11591.2
12338.7
12468.8
4010
4010
4010
4010
4010
4010.02
4010.05
4010.14
4010.36
4010.89
4012.08
4014.56
4019.54
4029.12
4045.84
4078.16
4125.59
4193.69
4257.55
4311.7
4346.99
4353.5
4359.29
4364.02
4363.65
4359.8
4349.5
4336.1
4322.03
4307.93
4297.7
4291.12
4286.79
4283
4280.31
4279.8
4279.6
4278.87
4277.42
4276.08
4275.62
4275.31
4274.79
4274.04
4273.64
4273.16
4272.34
4271.25
4269.99
4268.75
4267.74
4266.94
4266.18
4265.33
4264.31
4263.25
4262.4
4261.64
4260.74
4259.66
4258.58
4257.73
4256.99
4256.14
4254.91
4253.7
4253.19
4252.88
4252.41
4251.49
4250.1
4248.66
4247.02
4244.72
4241.22
4236.6
4230.31
4223.07
4216.87
4210.2
4204.08
4199.53
4195.86
4191.98
4189.79
4187.72
4185.42
4184.89
4185.3
4186.8
4189.8
4195.25
4205.13
4223.25
4256.53
4317.1
4458.5
4710.91
5119.84
6032.16
7153.94
8378.63
9503.67
10372.1
11389.4
12114.4
12175.8
12300.7
12507.8
12722.7
4010
4010
4010
4010
4010
4010
4010.01
4010.03
4010.07
4010.19
4010.47
4011.09
4012.35
4014.92
4019.69
4028.38
4044.25
4068.98
4112.38
4168.97
4229.26
4280.89
4321.04
4350.39
4352.04
4351.19
4352.23
4351.35
4348.15
4341.73
4330.68
4317.37
4305.89
4297.24
4289.29
4285.11
4284.17
4282.68
4280.66
4279.55
4279.1
4278.22
4276.58
4275.14
4274.46
4273.99
4273.4
4272.63
4272.12
4271.68
4271.11
4270.32
4269.35
4268.26
4267.15
4266.16
4265.38
4264.69
4263.92
4262.89
4261.6
4260.46
4259.72
4259.12
4258.34
4257.23
4256.17
4255.55
4254.99
4254.21
4252.99
4251.78
4250.81
4249.83
4248.38
4246.29
4243.28
4239.71
4235.11
4230.32
4224.41
4218.21
4212.76
4207.18
4203.41
4199.93
4199.44
4200.74
4205.25
4214.97
4234.02
4269.74
4338.72
4480.58
4698.53
5150.78
6074.98
7042.8
8199.86
9362.7
10242
11355.1
11834.3
11980.8
12264.3
12674
12820.5
12825.1
12799.4
12797.8
4010
4010
4010
4010
4010
4010
4010
4010
4010.01
4010.04
4010.1
4010.23
4010.52
4011.13
4012.35
4014.62
4018.8
4026.14
4038.28
4059.06
4091.51
4137.88
4192.88
4247.73
4284.64
4312.38
4342.14
4349.39
4347.37
4342.27
4340.09
4339.41
4335.9
4328.03
4317.76
4306.65
4297.42
4291.02
4285.66
4284.44
4284.22
4282.92
4280.46
4278.38
4276.84
4275.82
4275.19
4274.69
4274.17
4273.51
4272.89
4272.32
4271.61
4270.62
4269.5
4268.65
4268
4267.28
4266.42
4265.41
4264.23
4263.02
4262.23
4261.79
4261.31
4260.5
4259.37
4258.36
4257.57
4256.78
4255.71
4254.49
4253.71
4253.1
4252.36
4251.3
4249.66
4247.79
4245.76
4243.69
4241.06
4238.14
4235.15
4231.96
4232.41
4236.09
4245.87
4267.58
4310.57
4396.76
4542.49
4805.92
5411.37
6251.21
7139.66
8416.8
9485.53
10370.4
11387.5
11681.5
11963.1
12437.7
12730.4
12746
12727.9
12749.6
12847.5
12933.6
12944.2
12944.1
4010
4010
4010
4010
4010
4010
4010
4010
4010
4010.01
4010.02
4010.04
4010.11
4010.24
4010.51
4011.06
4012.07
4013.96
4017.29
4022.85
4032.17
4047.31
4070.33
4104.56
4152.93
4199.85
4246.33
4285.51
4302.67
4317.67
4336.7
4340.51
4339.27
4336.6
4333.35
4330.81
4325.89
4318.5
4310.16
4302.41
4295.9
4290.5
4285.45
4283.16
4282.37
4281.19
4279.55
4278.29
4277.19
4275.76
4274.93
4274.79
4274.55
4273.9
4272.85
4271.96
4271.32
4270.52
4269.38
4268.19
4267.17
4266.13
4265.04
4264.16
4263.55
4262.87
4261.93
4260.88
4259.97
4259.25
4258.5
4257.48
4256.73
4256.26
4255.8
4255.23
4254.51
4253.8
4253.9
4254.52
4256.48
4260.87
4269.35
4286
4318.92
4384.06
4496.7
4695.76
5145.73
5836.38
6612.54
7758.34
9009.88
9834.94
10855.5
11539.5
11797
12177.2
12633.1
12686.2
12668.5
12732.5
12873.1
12967.7
12985.6
12985.9
12993.8
12995
12987.1
12978.6
4010
4010
4010
4010
4010
4010
4010
4010
4010
4010
4010
4010.01
4010.02
4010.05
4010.1
4010.22
4010.46
4010.9
4011.72
4013.19
4015.64
4019.82
4026.63
4036.77
4053.38
4079.73
4111.52
4153.81
4203.81
4240.44
4275.72
4299.96
4308.18
4317.82
4330.1
4331.66
4330.71
4328.9
4326.53
4323.69
4319.23
4313.39
4306.4
4298.89
4293.28
4289.36
4285.19
4282.7
4281.61
4280.14
4279.14
4278.81
4278.16
4277.09
4276.07
4275.25
4274.37
4273.35
4272.3
4271.44
4270.81
4270.11
4269.07
4267.66
4266.42
4265.56
4264.71
4263.72
4262.66
4261.78
4261.32
4260.74
4260.39
4260.42
4260.73
4261.51
4263.35
4267
4273.87
4287.14
4313.6
4365.7
4455.85
4611.72
4975.9
5579.32
6302.5
7376.07
8668.25
9575.91
10563.5
11442.3
11755.3
12103.5
12619.4
12738.6
12698.2
12742.5
12881.1
13006.1
13029.9
13030.9
13035.6
13026.4
13022.9
13022
13019.3
13014.4
13013
13010.9
4010
4010
4010
4010
4010
4010
4010
4010
4010
4010
4010
4010
4010
4010.01
4010.02
4010.05
4010.1
4010.2
4010.4
4010.76
4011.41
4012.51
4014.4
4017.51
4022.28
4029.91
4041.7
4057.86
4085.01
4122.44
4158.72
4201.2
4240.73
4266.99
4293.84
4304.45
4310.08
4318.13
4324.34
4324.41
4323.97
4322.77
4320.68
4317.53
4312.81
4307.58
4302.21
4296.22
4291.67
4288.27
4285.19
4283.2
4281.4
4279.66
4278.72
4277.91
4276.75
4275.38
4274.62
4274.26
4273.74
4272.85
4271.7
4270.5
4269.39
4268.79
4268.41
4267.9
4267.12
4266.1
4265.97
4266.32
4267.56
4270.4
4275.93
4286.73
4307.81
4347.84
4420.5
4541.57
4818.56
5344.02
5988.54
6957.56
8266.11
9286.86
10330.4
11256.1
11615.1
12013.5
12594.6
12739.2
12754.1
12842.8
13014.8
13077.2
13075.8
13056.1
13042.3
13050
13069.7
13077.8
13074.8
13069.5
13066.1
13064.7
13062.8
13061.3
13059.3
13054.1
4010
4010
4010
4010
4010
4010
4010
4010
4010
4010
4010
4010
4010
4010
4010
4010.01
4010.02
4010.04
4010.09
4010.18
4010.34
4010.63
4011.13
4012
4013.43
4015.68
4019.27
4024.85
4032.95
4046.24
4064.99
4088.99
4126.27
4166.38
4202.07
4236.72
4263.23
4286.63
4300.28
4306.58
4313.66
4317.68
4317.83
4318.04
4318.03
4317.47
4316.24
4313.27
4308.16
4303.03
4298.27
4293.78
4290.12
4287.14
4284.65
4282.73
4281.02
4279.17
4277.94
4277.28
4276.34
4275.1
4273.8
4273.03
4272.44
4272.36
4272.63
4273.11
4274.01
4275.86
4279.59
4287.47
4303.77
4334.74
4391.97
4490.92
4705.64
5139.71
5711.07
6564.81
7845.96
8935.89
9971.23
11068.6
11494.9
11904.3
12491.9
12653.6
12704.6
12845.6
13049
13107.9
13107.6
13090.7
13066.8
13077.5
13098
13103
13099.1
13100.9
13111
13123
13130.6
13131
13128.3
13121.7
13112.6
13101.5
13091.3
13081.6
4010
4010
4010
4010
4010
4010
4010
4010
4010
4010
4010
4010
4010
4010
4010
4010
4010
4010.01
4010.02
4010.04
4010.08
4010.15
4010.29
4010.52
4010.92
4011.58
4012.65
4014.37
4017.09
4021.12
4027.43
4036.48
4049.71
4070.94
4096.88
4129.85
4168.27
4203.61
4234.1
4260.88
4284.66
4294.73
4299.89
4306.53
4313.94
4316.54
4316.36
4315.6
4313.99
4312.89
4311.32
4308.47
4304.66
4300.49
4295.88
4291.69
4288.76
4286.38
4283.34
4281.45
4280.16
4279.23
4278.57
4278.39
4278.68
4279.74
4282.35
4288.36
4300.9
4324.88
4370.25
4453.5
4630.44
4980.18
5468.63
6241.61
7464.63
8603.11
9632.7
10815.9
11333
11745.5
12368.4
12654.8
12725.4
12858.5
13054.4
13093.9
13088.5
13065
13073.9
13111.4
13151.9
13160.9
13156.1
13152.2
13155.4
13158.7
13159.8
13158.2
13154.3
13147.4
13139.1
13135
13132.7
13129.9
13126.5
13125.3
13124.2
13121.8
4010
4010
4010
4010
4010
4010
4010
4010
4010
4010
4010
4010
4010
4010
4010
4010
4010
4010
4010
4010.01
4010.02
4010.04
4010.07
4010.13
4010.24
4010.43
4010.74
4011.25
4012.08
4013.4
4015.4
4018.52
4023.06
4030.02
4040.13
4054.08
4074.88
4102.53
4135.88
4170.34
4203.64
4233.86
4258.15
4278.22
4291.86
4297.28
4302.96
4309.79
4313.42
4313.19
4312.63
4311.86
4310.87
4309.83
4308.48
4305.88
4301.89
4297.85
4293.43
4289.79
4288.53
4288.76
4290.15
4294.23
4302.92
4319.79
4355.1
4423.63
4562.44
4837.26
5247.13
5955.05
7132.48
8281
9288.61
10385.3
11052.8
11614.6
12320.6
12656.4
12754.5
12913.9
13099
13136.3
13126.4
13088.2
13083
13102.6
13110.3
13107.2
13112.9
13141.8
13181.2
13194.3
13195
13192.9
13187.6
13179.8
13170.3
13160.5
13152.6
13148.4
13146.2
13145
13144
13144.2
13147.5
13151.7
13150.3
13146.2
4010
4010
4010
4010
4010
4010
4010
4010
4010
4010
4010
4010
4010
4010
4010
4010
4010
4010
4010
4010
4010
4010.01
4010.02
4010.03
4010.06
4010.11
4010.2
4010.35
4010.6
4011
4011.64
4012.63
4014.2
4016.53
4020.01
4025.16
4032.57
4043.22
4058.77
4080.07
4106.86
4138.87
4174.62
4208.61
4233.18
4254.06
4274
4290.74
4297.5
4300.55
4304.08
4308.25
4309.72
4309.57
4309.88
4311.07
4311.35
4310.21
4309.51
4310.17
4313.68
4324.21
4351.4
4407.39
4511.18
4706.1
5060.95
5741.82
6816.12
7873.87
8894.05
10139.2
10881.2
11452.1
12123.8
12539
12739.5
12982.5
13135.4
13141
13099.3
13040.8
13056.1
13093.5
13136.4
13145.4
13151
13168.3
13181.3
13184.5
13187
13188.9
13189
13191
13191.2
13189.4
13185.7
13180.5
13174
13167.2
13162.2
13159.3
13159.1
13160.6
13163.6
13165
13162.9
13158.6
13153.7
13147.7
4010
4010
4010
4010
4010
4010
4010
4010
4010
4010
4010
4010
4010
4010
4010
4010
4010
4010
4010
4010
4010
4010
4010
4010.01
4010.02
4010.03
4010.05
4010.09
4010.17
4010.29
4010.48
4010.8
4011.3
4012.08
4013.26
4015.05
4017.71
4021.57
4027.31
4035.29
4046.43
4063.41
4085.81
4112.09
4143.8
4178.8
4210.31
4231.58
4251.16
4270.49
4290.56
4299.49
4300.19
4299.8
4302.78
4309.74
4320.41
4335.78
4359.2
4398.56
4473.47
4622.97
4952.2
5602.14
6459.69
7391.57
8565.72
9952.2
10698.5
11246.2
11947.7
12447.6
12738
13003.5
13107.3
13102.3
13008.7
12998.9
13036.4
13111.9
13147.9
13146
13150.1
13175.9
13217.9
13233.7
13231.9
13224.3
13211.6
13197.1
13184.5
13178.6
13177.1
13179
13182.4
13184.5
13185.5
13185.3
13184.4
13182.7
13180.6
13179.5
13178.8
13178.2
13176.5
13173.3
13168.7
13162.9
13157
13151.1
4010
4010
4010
4010
4010
4010
4010
4010
4010
4010
4010
4010
4010
4010
4010
4010
4010
4010
4010
4010
4010
4010
4010
4010
4010
4010.01
4010.01
4010.03
4010.05
4010.08
4010.14
4010.24
4010.39
4010.64
4011.03
4011.64
4012.56
4013.94
4015.99
4018.98
4023.26
4029.57
4038.16
4050.32
4068.2
4090.44
4116.52
4147.74
4182.24
4212.48
4237.3
4260.35
4286.87
4314.06
4336.95
4368.16
4431.9
4554.27
4805.34
5312.5
6031.34
7008.66
8401.41
9687.46
10469.8
11226.5
11952.8
12334.6
12555.8
12835.9
13012.4
13000.9
12952.4
13005
13103.9
13161.9
13150.7
13132.9
13147.7
13197.2
13253.3
13272.5
13272
13267.6
13260.8
13250.4
13232.5
13206.7
13187.7
13179.5
13176.9
13177
13179.5
13185.2
13189
13189.6
13189.7
13189.4
13187.5
13186.4
13186.5
13186.6
13186
13184.7
13182.5
13179.1
13174.3
13168.9
13164.1
13160.1
4010
4010
4010
4010
4010
4010
4010
4010
4010
4010
4010
4010
4010
4010
4010
4010
4010
4010
4010
4010
4010
4010
4010
4010
4010
4010
4010
4010.01
4010.01
4010.02
4010.04
4010.07
4010.12
4010.19
4010.32
4010.52
4010.82
4011.3
4012.01
4013.08
4014.68
4017.11
4020.62
4025.75
4033.16
4043.54
4058.39
4079.64
4111.11
4134.22
4163.82
4205.28
4271.09
4384.75
4564.58
4954.45
5692.88
6700.9
7968.49
9100.72
10060.5
11196.8
11932.7
12206.4
12498
12838.6
12902.2
12885.5
12953.1
13130.8
13274.8
13287.7
13250.3
13207.5
13226.5
13269.7
13295.5
13296.7
13293.1
13292.1
13289.2
13281.1
13268.2
13250.4
13232.3
13219
13207.7
13197.6
13193.3
13193.8
13197.2
13201
13202.7
13202.8
13199.8
13194.2
13187.8
13184.4
13183.5
13184.1
13186.7
13188.9
13189
13188.2
13186.7
13185
13183.4
13180.9
13176.7
13170.6
4010
4010
4010
4010
4010
4010
4010
4010
4010
4010
4010
4010
4010
4010
4010
4010
4010
4010
4010
4010
4010
4010
4010
4010
4010
4010
4010
4010
4010
4010.01
4010.01
4010.02
4010.03
4010.06
4010.1
4010.17
4010.29
4010.48
4010.77
4011.3
4011.84
4012.65
4013.96
4016.15
4019.89
4026.23
4037.2
4057.99
4096.52
4175.33
4323.93
4593.17
5196.03
6095.25
7123.2
8398.97
9631.1
10826.4
11568.4
11937.4
12389.4
12674
12713.6
12798.7
12991.5
13167.5
13219.9
13212.9
13214.7
13251.8
13324.1
13344.7
13341.4
13329
13319.2
13317.5
13316.9
13314.4
13306.5
13290
13269.2
13254.2
13244.9
13240.2
13235.1
13229.4
13227.1
13230.4
13238.5
13245.7
13248.1
13245.2
13234.3
13214.8
13198.2
13189.7
13185.4
13183.5
13183.7
13185.2
13188.3
13192.2
13194.2
13194.7
13194.3
13192.5
13189.1
13184.6
13178.7
13171.4
4010
4010
4010
4010
4010
4010
4010
4010
4010
4010
4010
4010
4010
4010
4010
4010
4010
4010
4010
4010
4010
4010
4010
4010
4010
4010
4010
4010
4010
4010
4010
4010.01
4010.01
4010.02
4010.04
4010.08
4010.16
4010.33
4010.64
4011.26
4012.72
4015.64
4021.24
4032.81
4056.8
4106.08
4200.36
4402.89
4843.79
5534.68
6441.06
7684.04
9048.65
9955.99
10864.1
11560
11934.2
12216
12431.3
12652.8
12845.6
12903.2
12903
12932.4
13032.2
13175.9
13240.7
13235.8
13236.3
13260.8
13314.7
13331.5
13327.6
13313.9
13295.9
13288.5
13285.1
13278.5
13265
13250.1
13246.3
13248.3
13254.2
13261.7
13270.4
13276.5
13280
13280.5
13279.3
13275
13264
13246.7
13226.2
13208.5
13197.8
13194.8
13194.6
13195.1
13196.5
13199.4
13201.5
13201.5
13200.9
13199.3
13196.3
13191.1
13185.2
13181.2
13177.3
13172.4
4010
4010
4010
4010
4010
4010
4010
4010
4010
4010
4010
4010
4010
4010
4010
4010
4010
4010
4010
4010
4010
4010
4010
4010
4010
4010
4010
4010
4010
4010
4010.01
4010.02
4010.05
4010.11
4010.27
4010.59
4011.3
4012.83
4016.03
4022.72
4037.93
4070.44
4134.34
4273.87
4597.9
5149.39
5999.16
7259.77
8499.6
9435.06
10388.3
11221
11608.1
12007.3
12444.5
12611.2
12608.1
12589.9
12620.6
12703.8
12835.3
12897.2
12913.9
12940
12995.5
13051.1
13084.2
13106.1
13113.6
13112.9
13118.7
13130.1
13145.6
13159.6
13171.9
13188
13210
13223.9
13230
13235.7
13245.4
13261.6
13278.9
13293.6
13303.1
13305.1
13304.1
13299.8
13289.3
13272.2
13249.7
13228.3
13216.8
13213
13211.7
13210.9
13210.9
13214.8
13220.6
13221.7
13221.3
13219
13213.2
13205.9
13198.2
13191.4
13186.4
13183.9
13181.6
13178.5
4010
4010
4010
4010
4010
4010
4010
4010
4010
4010
4010
4010
4010
4010
4010
4010
4010
4010
4010
4010
4010
4010
4010
4010
4010
4010
4010
4010.01
4010.01
4010.04
4010.1
4010.24
4010.58
4011.37
4013.19
4017.24
4026.38
4047
4091.13
4177.4
4401.49
4844.81
5535.49
6658.97
7973.81
9105.84
10190.6
10870.8
11360.5
11928.7
12361.6
12409.6
12331.6
12300.9
12404
12509.3
12526.3
12538.6
12574.3
12622.9
12667.4
12709.3
12739.8
12757.7
12782.2
12819
12852.1
12879.6
12907.4
12934.8
12963
12992.6
13024.3
13058.8
13092.5
13123.3
13150.5
13173.1
13190.3
13205.7
13224.5
13251.1
13275.1
13285.7
13286.7
13285.2
13280.4
13269.9
13252.9
13233.4
13223
13220.7
13221
13222.4
13226
13230.6
13234.2
13235.4
13234.2
13230.5
13226
13221.9
13217
13212.1
13206.5
13200.4
13195.1
13191.6
13188.9
13185.4
4010
4010
4010
4010
4010
4010
4010
4010
4010
4010
4010
4010
4010
4010
4010
4010
4010
4010
4010
4010
4010
4010
4010
4010
4010
4010.01
4010.03
4010.07
4010.2
4010.52
4011.31
4013.32
4018.15
4029.7
4057.38
4116.51
4254.3
4589.03
5146.96
6071.92
7384.5
8597.37
9831.8
10634.2
11154.9
11757.9
12229.8
12246.2
12246
12340.6
12501.7
12549.5
12546.4
12522.9
12511.8
12516.6
12512.9
12516.3
12534.3
12567
12599.7
12622.5
12636
12645.9
12657.3
12675.7
12703.3
12731.9
12759.5
12788.7
12822.5
12858.6
12894.6
12932.2
12971.9
13008
13035.3
13055
13070.2
13084.6
13099.7
13117.9
13139.3
13161.1
13177.3
13190.4
13203.9
13213
13217.4
13219.7
13223.1
13229.2
13236.8
13245.7
13252.4
13255.3
13255.6
13254
13249.1
13241
13233
13228.5
13225.1
13220.8
13217
13213.9
13210.9
13207.6
13204.9
13200.5
4010
4010
4010
4010
4010
4010
4010
4010
4010
4010
4010
4010
4010
4010
4010
4010
4010
4010
4010
4010
4010
4010
4010
4010.01
4010.04
4010.14
4010.38
4011.06
4012.99
4017.99
4031.03
4065.25
4143.58
4351.97
4781.39
5518.94
6782.64
8138.62
9381.26
10497.3
11074.3
11706.8
12343.6
12449.1
12435.8
12496.1
12564.6
12558.2
12520.3
12488.7
12499.2
12529.5
12562
12579.1
12588.8
12586.3
12580.4
12574.5
12575.9
12582.2
12587.4
12584.8
12582.1
12583.1
12585.4
12591.1
12602.6
12619.9
12639.6
12661
12685.1
12714.3
12745.8
12773.5
12799.7
12827.6
12858.7
12892.3
12923.2
12950.1
12974.8
12997
13020.2
13046.1
13076.2
13105.3
13128.6
13149.1
13169.7
13189.8
13206.8
13221.3
13234.1
13245.5
13252.5
13254.9
13256.4
13256.2
13252.8
13245.2
13238
13235
13233.9
13234.3
13235.5
13236.3
13235.6
13233.6
13231
13226.1
4010
4010
4010
4010
4010
4010
4010
4010
4010
4010
4010
4010
4010
4010
4010
4010
4010
4010
4010
4010
4010.01
4010.02
4010.07
4010.23
4010.69
4012.11
4016.01
4027.9
4062.45
4151.81
4389.82
4931.77
5915.66
7317.34
8669.62
10142.5
11027
11418.3
11921.9
12159.9
12132.7
12158.3
12343.2
12460.6
12442.6
12445.2
12472.9
12529.4
12534
12527.6
12517.7
12521.2
12532.7
12552.3
12567.4
12570.6
12568.9
12566.4
12564.9
12564.1
12560.4
12550.9
12542.1
12537.8
12537.4
12539.4
12545.5
12555.5
12568.7
12584.9
12604.8
12627.8
12651.3
12670.8
12685.4
12699.4
12717.5
12742.2
12772.1
12800.9
12828.1
12855.6
12886.4
12918.2
12950.4
12983.9
13012.8
13039
13064.7
13090.6
13114.7
13138
13163.9
13186.8
13199
13206.8
13216.9
13226.7
13229.4
13230
13230.3
13231.3
13233.4
13236.2
13241.2
13245.1
13245.8
13245.4
13244.7
13243.4
4010
4010
4010
4010
4010
4010
4010
4010
4010
4010
4010
4010
4010
4010
4010
4010
4010
4010
4010.01
4010.03
4010.1
4010.33
4011.08
4013.54
4021.35
4047.99
4115.45
4344.16
4904.23
5985.32
7458.76
9027.37
10557
11313.8
11854
12338.8
12386.4
12454.3
12570.7
12620.2
12599.9
12517.8
12445.2
12440.9
12410.5
12407.2
12427
12474.4
12525.5
12547.7
12545.4
12536.7
12528.9
12519.5
12518.3
12520.1
12522
12525.3
12527.4
12526.2
12523.5
12521.2
12522.9
12525.8
12528.4
12532
12535.9
12539.2
12543.6
12550.7
12561
12573.6
12586.2
12597.2
12606.2
12614.4
12624.6
12639.6
12660.2
12683
12704.2
12723.8
12746.8
12775
12804.8
12836.5
12871.6
12909.8
12947.3
12985.3
13021.6
13052.1
13080.7
13109.3
13132.6
13146.3
13156
13168.4
13177.7
13178.9
13179
13182.9
13191.8
13203.8
13217
13227.5
13234.4
13239.4
13244.2
13246.2
4010
4010
4010
4010
4010
4010
4010
4010
4010
4010
4010
4010
4010
4010
4010
4010
4010.01
4010.03
4010.11
4010.4
4011.41
4015.07
4028.21
4073.21
4217.45
4712.05
5635.34
7177.8
8974.42
10555.1
11765.2
12228.7
12274.5
12211.3
12235.2
12323.1
12369.3
12437.7
12571.5
12642.6
12654.5
12646.5
12619.9
12588.1
12553.7
12512.3
12502.8
12511.2
12529.4
12548.4
12553.8
12551.1
12538
12522.2
12508.8
12499.5
12497.1
12498.3
12502.3
12508
12514.7
12523.2
12530
12531.6
12532.2
12533.4
12534.1
12534.1
12534.4
12536.9
12540.6
12545.1
12548.8
12551.7
12555.4
12559
12562.5
12568.6
12579.4
12594.4
12611.4
12630
12649.2
12669.9
12693.9
12720.9
12750.7
12781.4
12814.3
12846.8
12880.2
12915.2
12947.7
12977.9
13003.1
13024.4
13039.6
13057.6
13079.4
13099
13111.8
13124.1
13138.3
13153.2
13168.4
13181.7
13191.9
13203.2
13214.5
13226.6
4010
4010
4010
4010
4010
4010
4010
4010
4010
4010
4010
4010
4010
4010
4010.01
4010.02
4010.1
4010.4
4011.55
4016.2
4033.34
4102.11
4352.44
5044.53
6603.15
8413.04
10376.4
11217.8
11544.2
11737.5
11989.2
12228.7
12282.7
12373.2
12390.1
12376.1
12361.3
12386.4
12449.1
12537.2
12602.6
12624
12620.6
12614.7
12603.8
12582.8
12554.3
12532.6
12530.8
12537.7
12547.8
12549.3
12546.1
12534.5
12518.4
12504.2
12500.2
12500.9
12504
12509.9
12518.4
12531.1
12539.7
12541
12540.5
12538.3
12533.7
12530.3
12530.1
12530.3
12530.8
12531
12531.5
12532
12533.4
12535.5
12536.6
12538.4
12542.4
12549.6
12558
12568.2
12582.1
12598.7
12616.5
12636.1
12658.8
12684.1
12713
12743.8
12774.3
12804.8
12836.2
12869.1
12904.9
12941.1
12968.9
12992.1
13017.7
13047.8
13072.7
13091.8
13108.7
13125.5
13141.1
13154.3
13163.2
13173.3
13180.4
13188.9
4010
4010
4010
4010
4010
4010
4010
4010
4010
4010
4010
4010
4010
4010.02
4010.07
4010.31
4011.34
4015.91
4034.77
4124.09
4426.08
5447.63
7288.7
9508.01
10869.5
11498.5
12335.8
12581.3
12581
12488.7
12312.3
12323.2
12414.8
12558.5
12598.5
12585.6
12547.6
12493.9
12484.4
12493.2
12517.4
12548.2
12574.3
12590.8
12590
12581.2
12558.7
12530.5
12514.4
12512.4
12518.5
12530.9
12540.3
12541.6
12537.4
12528
12521.6
12520.3
12520.8
12523.3
12528.7
12531.7
12532.2
12531.1
12528.7
12525.7
12524.1
12523.8
12525.3
12526.7
12527.2
12526.3
12525.3
12524.6
12523.8
12523.2
12523.9
12525
12527.1
12531.9
12538.6
12544.8
12552.4
12563.2
12576.5
12591.6
12607.8
12625.6
12645.7
12668.9
12694.8
12721.9
12751.7
12783.2
12818.9
12857.4
12893.9
12923
12950.7
12981.4
13015.2
13041.5
13061.4
13080.6
13098.3
13114.1
13123.6
13132.8
13140.9
13154
4010
4010
4010
4010
4010
4010
4010
4010
4010
4010
4010
4010.01
4010.04
4010.2
4010.91
4014.27
4030.88
4118.06
4445.62
5691.53
7760.22
9908.46
10926.7
12004.4
12098.8
12127.4
12309.4
12581.3
12663.1
12659.9
12623.5
12590.8
12600.9
12621.5
12631.8
12631.4
12622.6
12596.5
12550.5
12511.9
12495.4
12497
12505.6
12521.4
12537.4
12537
12526.9
12507.4
12493.6
12491.8
12494.3
12503.6
12522.9
12533.5
12532.8
12527.3
12520.2
12515.5
12513.3
12511.7
12510.5
12511.4
12512.4
12512.3
12512.2
12512.3
12512.9
12514.4
12515.9
12516.8
12516.7
12514.7
12511.6
12508.8
12505.8
12503.4
12503.6
12504.7
12506.7
12510.1
12516.3
12524.1
12532.5
12542.8
12555
12567.1
12578.3
12589.7
12602.8
12618.9
12638.2
12659.3
12683.4
12710.3
12741.5
12776
12815.2
12853.2
12891.2
12924.9
12957.1
12988
13012.7
13032.5
13049.4
13067.6
13084.3
13095.4
13102
13116.2
4010
4010
4010
4010
4010
4010
4010
4010
4010
4010
4010.01
4010.08
4010.41
4012.4
4023.09
4079.51
4388.63
5582.72
7773.8
9644.5
11379.1
12036.1
12288.5
12577.9
12588.2
12493.1
12400.7
12459.1
12559.1
12629.4
12630.4
12624.6
12613.9
12615.8
12622.4
12627.2
12624.3
12607.6
12583.4
12551.4
12514.1
12495
12485.9
12483.6
12486.5
12491.7
12495.4
12496.4
12496.7
12497.2
12499.4
12503.6
12511.4
12520
12518.9
12514.2
12510.7
12508.4
12506.5
12505.6
12504.3
12504.8
12505.4
12506.3
12506.2
12506.2
12506.8
12507.3
12506.6
12504.8
12502.3
12498.6
12494.7
12490.8
12487.7
12487.2
12487.5
12488.9
12491.5
12494.5
12498.7
12505
12513.1
12523.5
12535.9
12547.2
12556.3
12564.6
12573.6
12584.7
12598.7
12615.9
12635.5
12657.2
12682.5
12711.4
12743.5
12776.8
12814
12853.3
12887.8
12920
12945.2
12970.3
12989.8
13005.5
13024
13041.3
13050.2
13064.4
4010
4010
4010
4010
4010
4010
4010
4010
4010
4010.02
4010.15
4010.86
4015.2
4046.21
4235.85
5137.57
7313.68
9862.54
12051.9
12340.1
12589.6
12618.7
12609
12643.4
12658.3
12635.2
12540.1
12487.5
12494.6
12538.4
12583.4
12594.4
12593.1
12582.6
12573.4
12571
12573.7
12576.3
12572.8
12557.5
12536.3
12505.2
12491.4
12487.3
12489.1
12494.2
12500.8
12506.2
12511.4
12514
12514.1
12513.9
12512.4
12510.5
12508.7
12507.7
12508.2
12508.1
12508
12508.8
12508.4
12506.8
12499.7
12494.4
12493.6
12494.6
12498.4
12501.7
12501.8
12500
12496.5
12491.8
12486.7
12482.2
12480.8
12481.1
12482.1
12483.9
12486.5
12489.8
12493.8
12498.2
12502.5
12507.7
12514.8
12521.8
12527.8
12533.7
12540.5
12548.9
12559.4
12572.2
12587.1
12604.8
12625.3
12650.5
12679
12708.1
12738.5
12771
12806.3
12842.9
12872.9
12899.6
12927.4
12950.5
12965.6
12985.4
13005.6
13024.4
4010
4010
4010
4010
4010
4010
4010
4010
4010.03
4010.24
4011.48
4020.9
4093.54
4635.18
6528.58
9046.12
11129.1
11564.4
12195
12479.4
12667.7
12664.8
12623.4
12599.7
12602.6
12605.5
12587.4
12538.6
12510.3
12499.7
12513.2
12523.8
12522.7
12511.4
12492.9
12491.8
12503.4
12519.2
12534.2
12543
12534.2
12521.8
12507.6
12502.9
12505.3
12512.2
12523.6
12534.8
12540.9
12541.2
12537.6
12530.7
12521
12509
12501.2
12501.1
12502.5
12502.9
12501.2
12499.2
12498.1
12496.1
12499.4
12501.7
12502.1
12502.5
12503.6
12504.2
12503.8
12501.4
12497.3
12492.7
12488.6
12485.3
12484.6
12485.1
12486.5
12488.6
12490.9
12493.5
12495.8
12497.5
12498.5
12499.9
12501.4
12503.1
12506
12510.1
12515.6
12522.9
12532
12542.1
12553
12565.6
12580.3
12598.7
12620.8
12645.3
12669
12694.5
12724.7
12755
12790.6
12818.3
12845.6
12881.5
12907
12924.1
12946
12973.1
4010
4010
4010
4010
4010
4010
4010.01
4010.04
4010.32
4012.42
4028.07
4191.09
5161.14
7906.6
11031.1
12339.8
12704
12570.2
12313.4
12366.6
12472.1
12517.8
12497
12470.2
12482.4
12528.3
12578.9
12568.9
12542.3
12513.3
12501.1
12495
12496.3
12501.2
12504.1
12503.8
12498.2
12496.7
12499.9
12515.6
12531.2
12537.6
12536.2
12534.9
12536.6
12541.2
12548.9
12559.8
12563.5
12561.3
12554.8
12543.9
12528.7
12515
12503
12494.6
12492.3
12494
12497.7
12501.7
12504.7
12505.1
12504.9
12506.6
12508.8
12510.2
12509.4
12506.9
12505.6
12503.1
12500
12497.8
12496.5
12495
12494.3
12495.1
12496.7
12498.4
12499.5
12499.9
12499.4
12498.1
12496.8
12495.7
12495
12496.2
12499.2
12503.7
12509.4
12516
12523.6
12532.3
12541.7
12552.2
12563.9
12576.2
12591.2
12612.2
12633.8
12656.9
12684.3
12709
12737.6
12765.3
12787.7
12811.9
12847.7
12872.4
12892.6
12921.5
4010
4010
4010
4010
4010
4010.01
4010.05
4010.38
4012.97
4041.9
4295.41
6140.86
9495.43
11355.9
11843.5
12479
12794
12768.9
12626.4
12465.3
12449.8
12441.8
12429
12416.7
12425.8
12458.3
12530.8
12566.9
12562
12540.3
12516
12512.9
12522.5
12528.8
12526.8
12520.4
12511.6
12505.5
12497.8
12503
12521.8
12542.7
12554.5
12558.4
12560.4
12560.7
12561.8
12560.7
12558.1
12551
12540.7
12532
12525.8
12518.8
12509.2
12499.3
12495.2
12496.2
12499.5
12504.7
12509.8
12511.6
12510.1
12510.4
12510.8
12509.3
12505.4
12502
12501.6
12502.4
12503.8
12505.9
12507.8
12508.5
12508
12508.2
12508.9
12509.1
12508.4
12506.6
12503.9
12500.4
12496.7
12493.2
12491.8
12492.9
12495.5
12499.6
12504.1
12508.6
12513.3
12519.8
12528.4
12539.4
12552.4
12565.8
12579.2
12594.8
12613.1
12630.7
12651.4
12678
12700.1
12726
12753.6
12771.7
12798.1
12829.2
12851.9
12876
4010
4010
4010
4010
4010
4010.04
4010.36
4013.44
4047.05
4517.24
6695.93
9623.93
12270.5
12492.6
12277.8
12371.2
12576.5
12713.6
12686.1
12579.4
12466.3
12450
12450.5
12443.1
12452.1
12471.6
12501.7
12551.9
12566.7
12562.1
12544
12543.5
12555.6
12554.6
12548.7
12534.6
12513.8
12501
12497.6
12502.5
12515.5
12540.2
12558.5
12561.8
12560.7
12553.3
12542.9
12534.5
12527.5
12522.5
12521.6
12522.5
12522.9
12519
12512
12503
12498.9
12497.9
12497.5
12497.4
12497.5
12497.9
12498.3
12499.1
12496.4
12492.3
12489.2
12490.9
12496.6
12504.1
12511
12516.9
12521.7
12524.2
12523.6
12522.2
12521.2
12520.3
12518.5
12515.5
12511.5
12506.4
12501.1
12496
12493
12492.2
12492.4
12493.7
12495
12496.9
12499.8
12504.1
12510.7
12519.7
12528.8
12539.5
12552.4
12564.9
12579.4
12596.6
12614
12636
12657.7
12680.2
12708.2
12730.6
12750
12775.2
12811.6
12842.9
4010
4010
4010
4010
4010.03
4010.31
4012.68
4052.51
4527.46
7461.5
11747.3
12123.4
12642.6
12721
12650.3
12478.9
12493.6
12586
12651.4
12622.2
12547.9
12518.7
12519.3
12512.1
12499.4
12491.2
12502.5
12525.5
12554.4
12564.2
12568.8
12578.1
12593.3
12590.7
12581.1
12563.8
12537.4
12496.9
12493.8
12498.1
12509.6
12530.2
12547.7
12548.6
12540.9
12528.3
12515.7
12508.1
12506.4
12509.2
12516.4
12521.7
12523.2
12517.5
12506
12492.8
12487.3
12484.2
12481.6
12480
12479.2
12480.4
12483.8
12484.8
12483
12482.4
12484.9
12491.5
12500.3
12508.9
12516.2
12522.4
12526.1
12526.3
12523.2
12519.6
12516.6
12514.2
12512.3
12510.5
12508.8
12506.8
12504.4
12501.9
12500.1
12499.3
12498.5
12498.2
12498.3
12500.5
12504.3
12509.5
12515.1
12522.4
12529.5
12537.6
12546.5
12558.7
12570.3
12585.4
12600.2
12617.1
12637.3
12656.3
12675.2
12698.3
12719
12735.5
12771.7
12794
4010
4010
4010
4010.02
4010.18
4011.93
4035.75
4610.12
7580.89
10262.2
12365
12413.5
12616
12718.7
12674.3
12572.8
12488.4
12509.9
12584.2
12601.4
12586.6
12583.6
12592.5
12594.5
12580.5
12536.3
12509.3
12517.9
12536.7
12557.4
12573.7
12586.7
12576
12560.4
12540.6
12524.8
12510.3
12495.7
12494.1
12496.4
12500.2
12510.4
12524.3
12527.4
12522.6
12512.3
12501.7
12496.3
12498.5
12504
12512.9
12517.8
12519.5
12513.7
12501.3
12486.7
12479.4
12476.3
12475.4
12476.2
12478.4
12482.6
12487.3
12488.9
12488.4
12488.9
12492.1
12497
12502.7
12508.2
12512.8
12515.8
12516.3
12514.1
12510
12505.9
12503.1
12501.7
12500.7
12500.6
12501
12502.3
12503.3
12504.5
12506.1
12507.6
12507.7
12507.2
12506.6
12506.8
12508.5
12512.6
12518.3
12526.3
12535.7
12546.5
12557.2
12565.9
12572.8
12580.9
12589.4
12602.5
12616.2
12633.6
12651.9
12671.5
12689.3
12709.6
12746.7
12748.9
4010
4010
4010.01
4010.09
4010.99
4025.93
4352.93
7347.66
11932.4
11985.1
12493.9
12514.8
12534.9
12585.8
12612.5
12587.5
12515.6
12507.6
12527.6
12566.7
12582.4
12592.2
12599.4
12596.7
12582.4
12566.7
12524.9
12523.3
12531.6
12549.4
12564.1
12561.5
12551.4
12537.1
12523.4
12518.5
12515.2
12510.3
12502
12496.3
12496
12499.4
12508.4
12512.3
12508.9
12501.2
12492.8
12489.3
12491.9
12496.6
12502.9
12508.5
12512.2
12510.3
12501.7
12490.5
12483.8
12480.7
12479.6
12480
12481.4
12483.6
12485.1
12484.8
12483.6
12483.8
12485.7
12490.7
12497.6
12503.9
12508.5
12511.1
12511.9
12510.9
12508
12505.2
12503.4
12502.3
12501.4
12502
12503.4
12505.6
12507.4
12508.7
12510.3
12512
12512.6
12512.1
12510.6
12509.2
12508.3
12509.1
12511.3
12515.5
12521
12529.1
12539.1
12550.8
12561
12571.3
12580.9
12592.8
12604.1
12616.6
12629.4
12645.8
12660.5
12680.2
12714.9
12703.4
4010
4010
4010.04
4010.51
4016.69
4213.71
6579.21
10618.4
12903.2
12836.1
12760
12687.1
12573.1
12523.2
12537.9
12559.5
12535.5
12504.5
12510
12525
12549.2
12571.8
12578.2
12579.1
12573.1
12560.5
12542.7
12535.3
12538.4
12547.4
12554
12550.3
12540.4
12531.3
12525.6
12524.7
12526.1
12523.4
12515.9
12507.1
12499.8
12495.7
12495.4
12495.7
12493.7
12490.6
12488.3
12488.6
12491
12496.2
12502.9
12508.5
12510.9
12506.9
12496.3
12485.3
12476.8
12470.9
12466.8
12464.5
12464.8
12467.3
12469.6
12471
12473.2
12477.5
12484.2
12492.1
12499.4
12505.3
12508.9
12510
12508.4
12504.3
12498.6
12493.5
12489.8
12487.1
12486.7
12489.6
12494.6
12499.8
12504.1
12508.4
12513.5
12518.5
12522.1
12523.9
12524.3
12524.7
12526.1
12528.3
12531
12534.3
12539
12545.4
12552.6
12560.1
12567
12574.9
12582.2
12589.7
12598
12609.1
12619.9
12633.6
12648.2
12668.4
12700.5
12697.8
4010
4010.02
4010.19
4012.54
4083.54
5908.37
10900.3
11886.7
12873.8
12867.4
12779.3
12688.5
12562.4
12511.6
12500.8
12522.6
12524.2
12512.8
12496.4
12501.4
12518.3
12545.2
12554.9
12560.5
12563.6
12565.7
12557.6
12550
12551.8
12550
12551.1
12543.1
12535.2
12533.7
12534.9
12534.2
12534.5
12530
12520.4
12510.1
12500.1
12492.2
12488.4
12488
12488.4
12489.7
12492.5
12495.7
12499.7
12506
12509.3
12509
12505.7
12499.4
12489.4
12479.1
12472.2
12469
12468.8
12470.7
12474.2
12478.1
12481.1
12483.3
12485.6
12488.3
12491.3
12494.8
12498.5
12501.1
12501.9
12501
12498.6
12494.5
12489.5
12485.2
12482.2
12481.1
12483.3
12488.9
12495.2
12501.3
12507.4
12513.8
12520.4
12526.2
12530.2
12532.5
12533.1
12532.8
12532.3
12532.8
12534.8
12538.6
12544.1
12550.5
12557.8
12564.9
12570.2
12575.4
12581.5
12587.6
12593.8
12601.8
12611.2
12622.9
12635.4
12653.5
12684.3
12719
4010.01
4010.07
4010.82
4027.36
4777.75
9305.75
12546
12370.7
12623.7
12718.5
12649.5
12600.5
12542.8
12490.9
12480.9
12485.4
12502.3
12497.4
12500.5
12503.3
12504.5
12512.8
12518.4
12526.7
12541.6
12561.5
12568.3
12564.4
12559.3
12552.3
12542.7
12532.9
12531.1
12536.3
12543.2
12545.5
12544.6
12538.3
12527.9
12513.7
12501.2
12494.1
12492.1
12492.5
12492.3
12494.1
12494.6
12497
12500
12501.3
12501.3
12500.6
12499.1
12494.9
12488.5
12482.7
12478.7
12477.3
12478
12479.1
12480.2
12480.4
12479.6
12478.5
12479.3
12482.6
12487.7
12493.5
12498.7
12502.2
12503.1
12502
12499.5
12495.8
12491.7
12487.6
12483.9
12482.2
12484.7
12490.4
12497.7
12505
12512
12519.4
12527.2
12534.5
12540.3
12543.6
12544.9
12545.1
12545.3
12545.7
12546.9
12549
12552.5
12556.7
12561.9
12567.4
12572.9
12578.1
12582.3
12585.6
12590.3
12596.5
12604
12613.9
12624.9
12641.8
12670.4
12761.6
4010.03
4010.25
4013.39
4187.21
7517.2
11499.9
12821
12714.1
12702.1
12665.3
12572.9
12537.2
12525.3
12493.3
12475.1
12471.4
12492.5
12507.7
12518.1
12521.7
12512.4
12495.2
12483.4
12491.3
12514.5
12547.1
12564
12568.1
12564.6
12551.3
12537.6
12535.2
12537.5
12543.5
12550.2
12551.5
12548.6
12538.4
12524.7
12512.5
12503.8
12498.4
12494.9
12492.1
12491.2
12491.4
12495.9
12500
12501.7
12503.3
12504.2
12502.8
12498.8
12492.3
12483.9
12476.4
12471.2
12468.5
12468.5
12471.2
12475.1
12478.9
12482
12484.4
12487.5
12491.3
12495.8
12500.2
12503.7
12505.7
12505.5
12503.2
12499
12493.5
12488
12482.7
12478.9
12478.8
12483.5
12491.1
12499.3
12507.4
12516
12525.3
12534.6
12542.9
12549.4
12553.4
12555.2
12555.5
12555.4
12555.4
12556.4
12558.5
12561.3
12564
12567.4
12570.4
12573.3
12576.1
12579.2
12581.4
12585
12590
12596.9
12605.3
12616
12632.1
12657.7
12813.4
4010.08
4010.89
4032.54
5449.31
10662.8
12535.7
12974.9
12954.3
12827.8
12710.3
12588.8
12546.2
12540.7
12517.5
12496.3
12489.7
12505.3
12533.3
12548.5
12551.2
12528.3
12487.7
12460.1
12468.5
12494.1
12529.9
12563.6
12575.8
12570.6
12555.8
12546
12545.5
12545.8
12546.8
12543
12535.9
12529.2
12523
12517.6
12512.8
12509.1
12505
12501.1
12498.6
12497.9
12501.7
12506.2
12511.3
12515.9
12516.6
12512.3
12505
12496.8
12488.9
12483.1
12480.2
12480.2
12483
12488.1
12493.4
12497.5
12499.4
12499.8
12500.2
12501.6
12503.6
12506.3
12509
12511
12511.4
12509.8
12506.6
12502.2
12496.9
12491.6
12486.3
12482.6
12482.4
12486.7
12493.6
12501.7
12510.3
12519.4
12529
12538.7
12547.1
12553.7
12557.5
12559
12558.8
12558.2
12557.6
12558.3
12560
12562.4
12564.3
12567
12569.1
12571.5
12573.3
12575.1
12576.3
12579.3
12583.1
12589.2
12596.5
12606.6
12622.2
12645.4
12864.9
4010.21
4012.76
4233.32
8224.01
12041.2
12800.1
12966.5
12892.4
12855.9
12768
12631
12580.6
12577.9
12563.4
12540.4
12530.6
12540.5
12561.4
12574.7
12571.1
12535.1
12483.8
12457.2
12468.8
12493.6
12528.6
12556.8
12566.5
12561.8
12553.1
12546.6
12541.4
12535.8
12526.3
12521.6
12519.1
12515.2
12513
12512
12512
12512.3
12512.6
12511.8
12509.5
12508.2
12505.7
12506.5
12508.7
12509.1
12508.5
12507.3
12504.3
12499.5
12494.2
12489.9
12488
12488.3
12490.2
12493.6
12498.3
12502.8
12505.9
12507.2
12507.2
12507.6
12509
12511.3
12513.5
12515.1
12515.2
12513.2
12509
12503.3
12496.9
12490.7
12484.2
12480.1
12479.8
12484
12490.7
12499.1
12508.2
12518.1
12528.6
12539
12548
12554.9
12559
12560.8
12560.9
12560.4
12559.7
12560.3
12561.7
12563.4
12564.6
12566.4
12567.4
12568.8
12569.4
12570.6
12571.3
12573.7
12576.8
12582.5
12589
12599.5
12614.7
12634.5
12915
4010.68
4023.81
5427
11049.7
12806.7
12883.3
12840.6
12697.2
12660.8
12645.5
12627.1
12610.7
12616.6
12610.1
12586.6
12566.9
12564.5
12576.6
12581.1
12565.5
12529.4
12483.5
12463.3
12470.8
12492.1
12519.5
12549.1
12565.2
12567.4
12561.6
12552.7
12548.3
12539.9
12530
12524.8
12519
12510.8
12506.1
12506.6
12511.6
12517.9
12520.4
12518.5
12513.8
12511
12512.5
12516.1
12520.6
12524.5
12525.5
12523
12517
12508.9
12500.8
12495.5
12493.9
12495.6
12500
12506.1
12512.2
12516.7
12518.4
12518.3
12517.5
12516.8
12516.4
12516.6
12516.7
12516.3
12514.6
12511.2
12506.2
12500.1
12493.4
12487.1
12480.6
12477
12476.9
12480.9
12487.6
12496.1
12505.7
12516.1
12527.1
12537.9
12547.1
12554.2
12558.4
12560.2
12560.2
12559.7
12558.9
12559.6
12560.8
12562.4
12563.4
12564.9
12565.3
12566.2
12566
12566.6
12566.8
12568.9
12571.5
12577
12582.9
12593.7
12608.5
12624.5
12962.4
4011.46
4115.27
8093.43
12691.8
12969.9
12923.4
12772.2
12647.2
12596.7
12587.7
12572.2
12582.9
12601.7
12595.3
12563.5
12537.6
12541.5
12565.2
12571.9
12557.2
12523.4
12491.2
12471.3
12479.6
12498.6
12525
12548.7
12561.2
12565
12564.8
12563.9
12558.2
12548.1
12533.7
12517.4
12502.7
12495.1
12499.2
12510.5
12523.3
12532.8
12537
12535.7
12532
12530.4
12529.7
12531.6
12535.2
12537.2
12535.7
12530.3
12522
12512.8
12504.9
12500
12498.9
12501.2
12505.6
12511.1
12516.9
12521
12522.7
12522
12519.8
12517.5
12516
12515.2
12514.7
12513.8
12511.9
12508.3
12503.1
12496.8
12490.1
12483.6
12477
12473.7
12473.4
12477
12483.6
12492.2
12502.1
12513
12524.6
12535.9
12545.4
12552.8
12557.2
12559.2
12559.4
12559
12558.3
12559
12560.1
12561.5
12562.4
12563.6
12563.6
12564
12563.2
12563.4
12563.4
12565.2
12567.3
12572.7
12578.3
12589.7
12603.6
12615.9
13001.9
4012.98
4760.56
10548.1
12811.2
12985.1
12945
12828.6
12691.1
12642.9
12637.6
12619
12587.2
12578.8
12568.8
12557.8
12548
12541.2
12542.3
12545.5
12538.7
12523.4
12503.6
12498.5
12506.8
12516.8
12528.5
12544.1
12557.6
12566.9
12571
12567.8
12561.7
12549
12529.8
12518
12510.4
12505.4
12507
12516.4
12529.9
12542.6
12549
12548.4
12542
12536.3
12533.9
12534.3
12536.3
12538
12536.9
12531.9
12523.8
12513.9
12504.9
12499
12497.5
12499.7
12504.8
12511.6
12518.1
12522.7
12524.2
12523.1
12520.5
12517.6
12515.1
12513.5
12512.3
12510.8
12508.3
12504.4
12499.2
12492.9
12486.2
12479.6
12473.3
12470.4
12470.3
12473.8
12480.2
12489
12499.2
12510.6
12522.7
12534.4
12544.2
12551.7
12556.2
12558.4
12558.7
12558.4
12557.8
12558.5
12559.5
12560.8
12561.6
12562.8
12562.5
12562.6
12561.4
12561.2
12560.8
12562.5
12564.3
12569.5
12575.1
12586.9
12599.6
12606.9
13024
4024.99
6543.51
11405
12615.2
12872.8
12982.1
12905.1
12760.7
12719.3
12709
12678.1
12625
12589.3
12570.7
12561.2
12554.3
12543.7
12541.4
12532
12517.4
12504.5
12503.4
12506.7
12514.4
12522.4
12534.9
12551
12566.9
12579.6
12587.2
12588.5
12583.2
12569
12551.7
12533.9
12516.1
12506.4
12510.3
12524.1
12540.8
12553.5
12558
12554
12546.1
12540.3
12537.6
12537.9
12540.1
12541.4
12539
12532.1
12521.9
12510.8
12501.3
12495.6
12494.6
12497.7
12503.7
12511.1
12518.1
12522.9
12524.6
12523.4
12520.3
12516.6
12513.4
12511.3
12509.8
12508
12505.4
12501.6
12496.5
12490.3
12483.7
12477.1
12471.1
12468.2
12468.1
12471.5
12477.9
12486.8
12497.2
12509
12521.4
12533.4
12543.4
12551.1
12555.7
12558
12558.4
12558.2
12557.7
12558.5
12559.3
12560.5
12561.3
12562.4
12562
12561.9
12560.3
12559.7
12559.2
12560.7
12562.4
12567.3
12573
12585
12596.5
12601.1
13015.4
4110.74
8972.76
12232.7
12692.1
12872.7
12980.6
12891.6
12738.9
12633.3
12584.9
12562.9
12542
12528
12525.8
12534.3
12537.4
12532.7
12525.1
12521
12517.5
12518.4
12526.1
12537
12547.4
12553.2
12558.8
12567.9
12579.7
12591.9
12600.5
12602
12593.4
12577.3
12553.7
12532.1
12514.9
12506
12509.5
12523
12539.7
12553
12558
12554.4
12545.8
12538.6
12535.3
12534.9
12536.3
12537.3
12535.1
12528.6
12518.8
12508
12498.5
12492.8
12492
12495.4
12501.9
12510
12517.6
12522.9
12524.7
12523.5
12520.1
12516
12512.4
12510
12508.2
12506.2
12503.4
12499.5
12494.5
12488.4
12481.8
12475.2
12469.4
12467.1
12466.2
12469.7
12476.2
12485.3
12495.8
12507.9
12520.6
12532.7
12542.9
12550.7
12555.4
12557.7
12558.3
12558.1
12557.6
12558.5
12559.2
12560.3
12561.2
12562.3
12561.7
12561.4
12559.5
12558.8
12558.1
12559.5
12561
12565.9
12571.4
12583.4
12594.1
12597.1
12985.8
4554.87
10785.6
13034.3
13013.5
12857.1
12707.5
12630.1
12615.6
12566.4
12538.1
12549.1
12558.3
12556.5
12556.6
12564.1
12567.1
12549.5
12530
12515.3
12511.4
12524.1
12547.1
12567
12574.6
12571.9
12570.3
12577.1
12590.3
12603.5
12610.6
12608.7
12598.1
12578.3
12554.4
12531.5
12511.3
12500.6
12504.2
12518.9
12537.1
12551
12555.8
12551.4
12542.5
12535.7
12533
12533.1
12534.8
12536
12533.7
12526.9
12516.7
12505.7
12496.1
12490.5
12490
12493.9
12500.9
12509.6
12517.7
12523.2
12525.2
12523.9
12520.3
12515.9
12512
12509.2
12507.2
12505.1
12502.2
12498.3
12493.3
12487.4
12480.8
12474.2
12468.5
12467
12465.8
12469
12475.1
12484.4
12495.2
12507.3
12520.1
12532.4
12542.7
12550.6
12555.3
12557.7
12558.3
12558.2
12557.7
12558.6
12559.4
12560.5
12561.3
12562.4
12561.7
12561.3
12559.1
12558.5
12557.6
12558.7
12560.2
12565.1
12570.4
12582.3
12592.4
12595.3
12940.5
5967.34
11633.7
13248.7
13266.5
12819.3
12607.4
12672.4
12711.5
12639.1
12578.3
12576.4
12574.7
12554.3
12542.1
12552.3
12564.6
12564.7
12550.6
12535.6
12531.4
12541.6
12562.2
12579.6
12587.3
12585.8
12582.8
12585
12592.4
12602.2
12608.8
12608.3
12596.6
12576.8
12551.5
12526.4
12505.4
12495.2
12499.7
12515.6
12534.7
12549.2
12554.3
12550.1
12541.3
12534.5
12531.9
12532
12533.4
12534.4
12532.1
12525.4
12515.4
12504.4
12494.9
12489.3
12488.8
12492.9
12500.4
12509.3
12517.8
12523.5
12525.6
12524.3
12520.5
12515.8
12511.6
12508.7
12506.5
12504.2
12501.2
12497.3
12492.4
12486.5
12479.9
12473.3
12467.7
12466.4
12466.1
12468.4
12474.4
12483.2
12494.4
12506.8
12519.6
12531.8
12542.4
12550.3
12554.9
12557.4
12557.9
12558
12557.6
12558.4
12559.3
12560.3
12561
12562.1
12561.6
12561
12558.6
12558
12557
12558
12559.2
12564.1
12569.4
12581.4
12590.9
12593.4
12883.1
7493.48
12063
13452.8
13212.6
12794.5
12691.6
12765.6
12716.2
12563.9
12467.9
12489.4
12524.8
12537.7
12551.7
12575
12589.5
12577.8
12554.6
12535.9
12532.4
12546.3
12568.9
12587.1
12591.7
12584.6
12576.2
12576.3
12584.8
12595.8
12602.9
12602
12590.6
12570.4
12545.8
12521.1
12500.1
12490
12495.1
12511.7
12531.7
12546.9
12552.2
12548
12539.2
12532.6
12530.3
12530.7
12532.2
12533.2
12531.1
12524.5
12514.6
12503.6
12494
12488.4
12488.1
12492.4
12500.1
12509.4
12518.1
12524.1
12526.3
12525
12521.1
12516.2
12511.8
12508.6
12506.3
12503.9
12500.9
12497
12492
12486.2
12479.7
12473.1
12467.8
12465.4
12465.9
12467.3
12474.5
12483
12493.4
12506.4
12519.4
12531.6
12542.3
12550.2
12555
12557.3
12557.8
12557.9
12557.5
12558.5
12559.2
12560.2
12560.9
12561.8
12561.6
12560.9
12558.5
12557.5
12556.5
12557.5
12558.6
12563.2
12568.7
12580.7
12589.7
12592.7
12812
9113.51
12647
13266.7
13098.4
12816
12620.5
12720.6
12791.7
12661.3
12543.5
12563.9
12606.3
12614.1
12608.9
12612.6
12614.8
12599.9
12570.7
12544.1
12535.2
12545.5
12567.6
12586.1
12592.5
12587.4
12580.1
12579.7
12587
12597.4
12604.8
12604.6
12593.1
12573
12548.1
12522.4
12500.9
12490.7
12496
12512.9
12533.1
12548.3
12553.4
12549
12540.1
12533.4
12531
12531.2
12532.5
12533.2
12530.9
12524.3
12514.2
12503.1
12493.4
12487.6
12487.1
12491.3
12499.1
12508.4
12517.1
12523.2
12525.3
12523.9
12519.8
12514.6
12509.9
12506.6
12504.1
12501.6
12498.4
12494.4
12489.4
12483.6
12477
12470.3
12465.3
12462.7
12461.9
12464.6
12471.2
12481
12490.7
12503.1
12516.1
12528.7
12538.9
12547.1
12552.2
12554.4
12555.1
12555.1
12554.7
12555.9
12556.5
12557.5
12558.3
12559.4
12558.7
12558
12555.9
12554.7
12553.9
12554.7
12555.9
12560.6
12566.1
12577.9
12586.5
12590.6
12739.7
10195.9
12709.1
13347
13299.5
12934.5
12731.7
12859.4
12871
12687.3
12527.7
12519
12547.5
12550.8
12552.7
12568.9
12581.1
12568.8
12540.9
12516.7
12511.3
12525.1
12549.7
12570.3
12578
12573.3
12565.6
12565.5
12573.9
12585.4
12593.6
12593.9
12583
12563.3
12538.9
12513.8
12492.6
12482.8
12488.5
12506
12526.7
12542.5
12547.9
12543.7
12534.9
12528.4
12526.2
12526.6
12528
12528.9
12526.8
12520.4
12510.5
12499.5
12489.8
12484
12483.5
12487.9
12495.8
12505.4
12514.3
12520.5
12522.7
12521.3
12517.2
12511.9
12507.1
12503.6
12501
12498.4
12495.2
12491.2
12486.3
12480.5
12473.9
12467.2
12462.1
12459.8
12457.6
12462.6
12466
12476.3
12487.8
12499.2
12511.8
12525
12535
12543.3
12548.2
12551.1
12551.7
12551.8
12551.3
12552.4
12553
12554.3
12555
12556.3
12555.4
12554.5
12552.7
12551.7
12550.7
12551.4
12552.6
12557.4
12562.8
12574.4
12582.7
12588.7
12637.9
11496.9
12907.8
13139.5
13298.5
13097.3
12880.6
12893.8
12893
12726.6
12584
12580
12608.4
12610.5
12608.6
12619
12625.2
12608.7
12576.7
12548.8
12540.5
12552
12574.9
12594.1
12600.8
12595.2
12586.4
12584.5
12590.8
12600.4
12606.9
12605.8
12593.5
12572.6
12547.1
12520.7
12498.3
12487.5
12492.1
12508.4
12528.2
12543
12547.6
12542.6
12533.2
12526.2
12523.5
12523.3
12524.3
12524.7
12522.1
12515.2
12504.9
12493.5
12483.5
12477.4
12476.6
12480.8
12488.5
12497.9
12506.7
12512.7
12514.8
12513.3
12509
12503.7
12498.8
12495.3
12492.7
12490.2
12487
12483
12478.1
12472.4
12465.9
12459.4
12454.4
12452.6
12450.8
12455
12459.5
12468.3
12479.9
12491.8
12505.2
12517.7
12528.8
12537
12541.5
12544.4
12545.5
12545.6
12545.3
12546.4
12547
12548.2
12549.1
12550.4
12549.8
12549.1
12546.9
12545.9
12544.9
12545.8
12546.9
12551.7
12557.5
12569.2
12577.2
12584.5
12573.2
12492
13041.1
13166.9
13290.6
12954
12680.3
12756.7
12790.5
12628.8
12463.8
12444.1
12471.4
12478.4
12487.4
12508.8
12525.7
12517.1
12491.4
12469
12465.6
12481.4
12508.1
12531
12541.1
12538.5
12532.2
12533.1
12542.3
12554.8
12564
12565.5
12555.6
12536.8
12513.1
12488.5
12467.8
12458.5
12464.7
12482.8
12504.4
12520.9
12527
12523.3
12515
12508.9
12507.1
12507.9
12509.7
12511
12509.4
12503.4
12494
12483.4
12474.1
12468.6
12468.5
12473.3
12481.6
12491.6
12500.9
12507.5
12510.2
12509.1
12505.3
12500.2
12495.6
12492.4
12490.2
12487.9
12485
12481.3
12476.7
12471.2
12464.9
12458.5
12453.6
12452.6
12451.1
12452.9
12461.1
12468.8
12478.1
12491.4
12505.8
12517.5
12529
12537.4
12542.4
12543.8
12546
12545.9
12545.7
12546.6
12547.2
12548.8
12549.2
12550.5
12550.7
12550
12546.9
12546.4
12545.1
12546.2
12546.8
12551.6
12557.1
12569.5
12577.3
12586.8
12468.3
4161.25
4166.41
4201.31
4414.02
5243.31
6575.91
7434.23
7924.9
8675.04
8787.74
9128.42
10078.8
11170.5
12708.6
14346.6
15930.6
17716.7
19677.1
21461.4
23202.9
24387.9
25879.5
26784.3
27483.2
28993.5
30106.9
30013.9
30254.7
30989.9
31418.1
31560.1
31737.9
31987.3
32128.4
32051.2
32052
32173.1
32363.3
32466.7
32446.5
32429.6
32455.6
32511.7
32538
32470
32438.6
32458.2
32525.4
32603.1
32627.1
32549.7
32472.2
32387
32368.2
32390.6
32440.4
32411.2
32339.8
32231.9
32114.3
32060.7
32086.4
32117.2
32122.6
32030.7
31792.5
31349.3
30704.7
29958.6
29248.6
28617.2
28028.8
27424.2
26727.7
25946.1
25068.7
24159
23214.3
22417.2
21112.8
4161.44
4166.54
4201.26
4414.25
5250.79
6589.77
7443.98
7931.88
8678.58
8809.41
9153.35
10078
11158.9
12683
14312.2
15907.7
17690.3
19647.3
21429.5
23165.4
24355.3
25838.8
26745.5
27451.5
28963.8
30074.8
29987.1
30234.2
30971.4
31402.5
31547.1
31727.1
31978.1
32120.8
32045
32046.5
32168.1
32358.6
32462.4
32442.8
32426.7
32453.1
32509.5
32535.9
32468.3
32437
32456.6
32523.7
32601.3
32625.4
32548.4
32471.2
32386.5
32367.7
32390.2
32439.6
32410.4
32338.9
32231.2
32113.7
32060.2
32085.7
32116.5
32121.8
32029.9
31791.7
31348.7
30704.6
29959.2
29249.6
28618.3
28029.7
27424.8
26728.1
25946.3
25068.8
24159.3
23214.8
22417.8
21113.8
4161.74
4166.64
4200.16
4408.03
5250.57
6595.53
7445.55
7933.57
8681.42
8795.69
9132.96
10074.2
11148.1
12666.2
14290.8
15874.7
17660.6
19616.9
21391.8
23108.6
24298.6
25801.7
26719.2
27429.3
28942.8
30056.1
29971.9
30222.5
30961.4
31395.6
31542.4
31724.2
31976.6
32121.2
32047
32049.3
32171.7
32363
32467.4
32448.2
32432.9
32459.8
32516.7
32543.4
32476.2
32445.2
32465
32532.3
32610.2
32634.4
32557
32480.4
32395.9
32377.3
32399.7
32449.1
32419.8
32348.3
32240.9
32123.6
32070.2
32095.6
32126.3
32131.6
32039.5
31801.1
31357.9
30713.7
29968.3
29258.8
28627.5
28039
27434.1
26737.2
25955
25077.2
24167.5
23223
22426
21122.1
4163.52
4168.1
4200.04
4400.51
5225.67
6605.83
7452.27
7938.24
8685.45
8799.54
9132.18
10068.8
11129.7
12636.5
14255.5
15838
17624.7
19573.9
21330
23047.7
24252.1
25745.7
26667
27387.1
28903.3
30017.2
29940.8
30199.1
30939.6
31379.6
31530
31714.7
31968.7
32115.5
32043.8
32046.9
32169.6
32360.9
32465.9
32447.2
32432.9
32460.3
32517.4
32544.2
32477.7
32447.1
32467.1
32534.1
32611.9
32635.9
32558.9
32483.3
32399.3
32381.5
32403.8
32452.7
32423.1
32351.7
32245
32127.9
32074.9
32100
32130.4
32135.5
32043.3
31804.7
31361.4
30717.5
29972.7
29263.9
28632.9
28044.2
27438.7
26741.1
25958
25079.3
24169.3
23225
22428.5
21125.8
4164.1
4168.2
4197.47
4385.6
5185.29
6601.7
7464.13
7948.92
8693.22
8798.64
9128.43
10063.3
11109.4
12605.5
14223.1
15805.2
17586.7
19530.4
21288.9
22986.7
24193.6
25700
26631
27358.4
28873.3
29988.2
29918.6
30182.3
30922
31367.5
31521.6
31708.5
31962.8
32111.5
32042.9
32046.5
32168.8
32359.4
32464.6
32446.2
32433.3
32461.1
32518.2
32544.7
32479.2
32449.3
32469.5
32536.1
32613.5
32636.4
32561.2
32485.4
32401.8
32385.6
32407.6
32455.6
32426.2
32354.5
32248.7
32132.2
32079.6
32104.1
32134.2
32138.9
32046.4
31807.2
31363.6
30719.7
29975.6
29267.3
28636.6
28047.9
27441.9
26743.5
25959
25079
24168.3
23224
22428.2
21126.9
4164.52
4168.2
4193.98
4368.43
5119.36
6562.97
7483.1
7961.43
8705.54
8798.04
9127.41
10055.2
11090.2
12577.3
14193.3
15771.8
17555.7
19501.8
21245.4
22932.9
24148.4
25657.9
26594.6
27331.1
28841.3
29954.3
29893.9
30165
30901.1
31352.4
31511.5
31701.2
31955.1
32105.1
32041.2
32045.9
32167.1
32355.6
32460.6
32442.6
32431.4
32459.6
32516
32541.7
32477.6
32448.8
32469.1
32534.7
32611
32631.6
32559.6
32483.1
32400.2
32386.1
32407.8
32454.2
32425.2
32352.8
32248.2
32132.9
32080.6
32104.3
32133.7
32137.3
32044.3
31804.1
31360.2
30717.1
29974.5
29267.5
28637.1
28048.2
27441.4
26741.6
25955.3
25073.2
24161.6
23217.6
22422.6
21123.5
4164.43
4167.93
4189.86
4344.57
5041.02
6499.34
7488.92
7983.97
8719.44
8795.18
9129.36
10045.4
11074.3
12551.6
14163.8
15750.9
17538.9
19486.3
21225.4
22897.7
24118.7
25630.1
26570.1
27315
28814.8
29921.1
29873.7
30154.7
30882.4
31338.1
31504.4
31697.6
31949.2
32099.5
32042.3
32049.1
32168.1
32352.5
32456.7
32439.6
32430.6
32459.2
32514.4
32538.4
32476.8
32449.7
32470.2
32534.5
32608.5
32625.9
32558.8
32481
32398.9
32387.3
32408.9
32453.4
32424.5
32352.1
32248.3
32135.2
32082.9
32105.7
32134
32135.6
32041.7
31799.7
31355.5
30713.5
29973.2
29268.1
28638.2
28049
27440.9
26739.2
25950.3
25065.6
24152.6
23209.1
22415
21118.7
4164.24
4167.68
4185.76
4312.33
4957.08
6384.08
7476.82
8015.43
8738.67
8791.79
9131.4
10039.9
11062.5
12525.3
14146.7
15744.6
17539.6
19489.8
21223.2
22883.3
24115.3
25622.1
26563.8
27320.6
28800
29889.5
29858.9
30154.7
30867
31323.8
31501.5
31699.5
31946.4
32095.2
32047.2
32057.6
32173.1
32350.6
32452.7
32437.2
32431.3
32460.2
32513.2
32534.3
32476.8
32452
32472.6
32535
32605.3
32618.4
32558.2
32478
32397.3
32388.6
32410.7
32452.7
32423.5
32351.4
32248.6
32138.9
32086.1
32107.8
32134.3
32133
32037.1
31792.7
31347.9
30707.7
29971.2
29268.8
28639.5
28049.7
27439.6
26735.4
25943.1
25054.6
24140
23197.1
22404.2
21111.5
4164.05
4167.49
4181.73
4281.32
4867.5
6215.06
7436.22
8032.81
8764.02
8787.4
9138.16
10040.7
11056.2
12505.3
14127.3
15743.7
17547.3
19495.6
21228.8
22876.8
24125.7
25623.1
26572.2
27354.6
28799.4
29860.1
29855.7
30170.5
30856.3
31309.3
31505.1
31710
31948.3
32093
32057.9
32073.6
32184.5
32351.1
32449.3
32436.6
32434.9
32464
32513
32530
32478.5
32457.2
32477.9
32537.2
32601.7
32610.4
32558.3
32474.7
32396.4
32391.2
32414.5
32453.3
32423.7
32351.4
32249.9
32145.4
32091.4
32111.6
32135.7
32130
32030.9
31782.8
31337
30699.5
29968.5
29270.1
28641.6
28050.9
27438
26730.1
25933.2
25039.8
24123.2
23181.4
22390.1
21101.8
4163.99
4167.26
4178.16
4255.06
4757.34
6009.6
7361.47
8054.69
8776.72
8782.31
9152.08
10052.1
11061.9
12482.1
14097.8
15736.7
17553.4
19495.3
21229.7
22860
24132.8
25609
26570.3
27405.5
28803.1
29824.9
29871.8
30212.7
30851
31289.6
31514.4
31730.5
31954.8
32093.5
32074.9
32099.6
32204.1
32354
32445.3
32437.9
32441.9
32471.4
32514.7
32525.1
32483.4
32465.7
32486.9
32541.6
32597.5
32600.2
32559.4
32470.6
32398.1
32394.2
32421.5
32455.8
32424.5
32352.6
32252.9
32155.4
32099.4
32117.6
32138.1
32126.2
32022
31768.9
31321.6
30688
29965.1
29272.4
28644.8
28052.6
27435.6
26722.7
25919.7
25020.1
24100.9
23160.6
22371.5
21088.4
4164.18
4166.76
4175.45
4232.1
4597.15
5807.68
7238.96
8047.23
8794.85
8786.74
9174.74
10082.4
11082.5
12454.4
14047.7
15712.6
17544.3
19468
21200.9
22802.1
24109.7
25539.1
26515.9
27437.1
28750.1
29701
29867.5
30280.7
30847.5
31269.2
31535
31762.8
31966.4
32091.7
32097.6
32135.2
32233.6
32360
32440.3
32441.6
32453.5
32482.4
32515.4
32524.2
32486.5
32477.5
32501.4
32548.9
32593
32593.4
32557.3
32465.8
32403
32398.7
32432.6
32459.5
32428
32354.2
32257.6
32169.4
32110.7
32126.4
32141.3
32120.9
32009
31748.9
31299
30671.3
29959.9
29275
28648.7
28054.4
27431.6
26711.7
25901
24993.5
24071.5
23133.5
22347.4
21070.5
4164.8
4166.07
4173.47
4212.47
4455.07
5591.34
7002.44
7976.79
8786.72
8810.16
9227.57
10151.2
11136.7
12421.7
13953.8
15636.8
17481.5
19350.3
21051.5
22563.2
23939.8
25339.7
26369.2
27481.2
28702.8
29568.5
29857.7
30362.6
30798.4
31195.8
31543.1
31798.3
31966.7
32089.7
32111.7
32184.8
32274.5
32363.1
32428.9
32442.8
32466.7
32499.9
32523.5
32523.2
32491.6
32489.9
32525.1
32559.8
32585.2
32589.6
32545.3
32458
32411.1
32412.2
32446.8
32467.4
32434.2
32355.4
32265.5
32189.2
32128.9
32136.6
32144.8
32114
31991.5
31722.5
31268.7
30649.2
29953.8
29279.5
28654.7
28057
27426.3
26697.2
25876.6
24959.1
24033.2
23098
22315.9
21046.6
4165.92
4165.66
4171.84
4196.76
4358.98
5275.33
6711.77
7876.96
8773.42
8877.9
9336
10296.1
11258.5
12385.2
13768.6
15421.9
17294.4
19098.3
20774.6
22209.9
23672.1
24978.1
26038.3
27318.5
28320.8
29071.7
29684.3
30476.7
30783.1
31131
31527.4
31817.4
31966.4
32055.3
32101.3
32231.1
32322.6
32370.2
32406.7
32437.4
32478.3
32513.4
32524.9
32505.5
32491.8
32506.8
32547
32573.9
32584.5
32581.3
32531.1
32455.7
32424.2
32432.7
32457.9
32476.5
32435.9
32354.9
32275.9
32211.8
32153.1
32147.7
32146.6
32102.1
31963.6
31680.7
31223
30615.6
29942.5
29282.3
28659.9
28057.9
27415.7
26674.5
25841.6
24912.8
23983.4
23053.3
22276.2
21015.6
4167.63
4165.75
4170.42
4185.88
4286.29
4859.41
6408.11
7707.96
8644.94
9009.89
9557.65
10584.8
11509.1
12342.5
13430.6
15009.9
16857.4
18509
20093.5
21396.9
23104.8
24500
25697.1
27384.6
28238.4
28758
29565.5
30368.1
30523
30848.6
31465.6
31785
31883.7
31944.1
32095.4
32264.3
32326.2
32336.8
32342.3
32408.9
32483.8
32522.6
32520.6
32491.7
32499.4
32540.8
32569.3
32586.8
32576.1
32545
32491.8
32443.6
32440.7
32457.4
32479.6
32486.5
32437.5
32359
32293.6
32241.8
32184.4
32161.5
32146.4
32086.8
31930.2
31630.7
31168.7
30578.2
29933.5
29291.8
28670.4
28061.9
27405
26648.6
25800.2
24856.1
23920.2
22994.9
22224
20974.9
4169.69
4167.16
4167.96
4179.54
4234.97
4551.13
5941.08
7417.17
8436.27
9261.09
9979.91
11144
11996.7
12355
12894.4
14187.5
16111.4
17728.3
19435.4
20621.5
22308.9
23720.2
25028
26838.3
27468
28073.3
29265.4
30486
30543.5
30716.6
31226.6
31669.4
31752.9
31734.1
32000.1
32255.3
32326.7
32277.4
32259.6
32354.6
32458.9
32502.4
32477
32436
32478.9
32550.4
32588.5
32576.3
32551.7
32515.9
32469.1
32445.2
32459.1
32480.7
32483.4
32478.4
32421.9
32347.2
32299.8
32265.7
32215.2
32175.9
32138.3
32049.4
31861.6
31538.2
31073.7
30510.3
29905
29289.7
28671.1
28053.7
27375.4
26599.7
25734.1
24777.2
23840
22925.2
22161.1
20923.7
4171.68
4170.18
4165
4176.44
4202.38
4372.2
5223.48
7086.05
8108.89
9572.22
10845.8
12184
12809
12556.9
12457.3
13085.4
14484.2
15864.8
17735.8
19319.6
21229.3
22842.9
24526.7
26685.8
27047.9
27557.5
28836.3
30176.8
30168.7
30439.7
31158.3
31554.4
31563.4
31692.4
32011
32242.4
32271.8
32183.4
32169.6
32295.7
32405.5
32444.2
32409.4
32372
32444.6
32544
32589.8
32565.7
32507.3
32446
32412.9
32430.6
32469.3
32490.2
32482
32447.8
32394.3
32343.1
32315.8
32292.9
32243
32180.4
32118.8
32010.7
31797.2
31449.1
30984.5
30455.2
29895.3
29305.6
28693.8
28060.7
27359.4
26561.7
25670.6
24688.4
23738.4
22830.2
22076.3
20857.2
4173.38
4173.14
4166.46
4172.36
4182.32
4259.42
4672.56
6354.08
7709.16
9895.02
12567
14019.4
14129
13286.5
12609.1
12652.8
13117
13899.4
15650.4
17439
19502.8
21282.1
23218.5
25490.5
26052.7
26988.7
28650.8
29893.1
29877.7
30238.1
30865.2
31360.9
31243.1
31412.2
31843
32152.6
32172.4
32081.3
32114
32274
32402.3
32440.3
32385.2
32348.4
32452.4
32571.3
32625.1
32560.5
32454.2
32363.2
32340.2
32400.6
32476.5
32521.7
32499.2
32451
32362.6
32316.1
32314.8
32316.6
32279.4
32195.9
32085
31911.1
31637
31256.1
30803.6
30325.8
29825.6
29276
28665.3
28020.4
27276.1
26452.1
25544.3
24557.5
23619
22728.7
21982.1
20774.5
4174.08
4174.42
4170.85
4166.45
4167.28
4201.27
4399.99
5332.11
7330.49
10922.6
15113.8
15882.4
15560.2
14402.7
13423.2
13210.9
12884.6
12856.1
13418.4
14922.4
17187.9
19396
21771.5
24088.7
24995.8
26241.5
27999.3
29072.6
29333.5
30162.9
30686.4
30895
31048.7
31400.7
31749.1
32056.2
32031.5
31990.6
32077.3
32212.8
32306.9
32340.7
32316
32320.8
32434.1
32535.5
32574
32504.2
32412.3
32368.4
32396.3
32459.1
32503.8
32508.5
32441.4
32341.1
32282.4
32281.6
32301
32314.9
32285.8
32182.9
32039.4
31830.8
31516.2
31108.3
30675.1
30252
29808.8
29294.5
28702.4
28028.1
27271
26405.8
25444.7
24413.4
23454.8
22579.4
21849
20669.7
4173.93
4172.54
4172.12
4161.45
4158.49
4180.56
4289.31
4810.39
6915.97
11982.3
18791.6
18744.7
17821.7
16088.1
14819.6
14206.3
13579.5
13233.6
13178.8
13292.2
14165.3
16006.4
18641.5
21013.6
23192.6
25680.9
27324.8
27924.3
28831.5
29931.7
30330.6
30467
30725.7
31481.9
31889.3
31955.7
31874.7
31941.1
32118.9
32231.1
32290.6
32273.7
32276.8
32320.1
32428.5
32540.1
32581.6
32507.5
32393.2
32324.2
32364.4
32451.5
32509.5
32522.1
32450.5
32325.5
32237.3
32271.2
32324.5
32353.7
32328.6
32192.5
31965
31653.8
31262.2
30831.9
30434.9
30074
29691.5
29216
28619.9
27924.7
27090.2
26204.7
25240.6
24224.6
23301.8
22443.8
21710.4
20539.3
4170.16
4167.52
4165.91
4161.42
4162.68
4205.18
4368.68
5060.34
7186.38
11322.3
16135.9
19295.2
20194.4
19288.9
18141.8
16732.2
15402.7
14399.5
13540
13550.6
13740.1
14067
14988.8
16990.4
20483.1
24301.5
25377.7
26569.2
28292.6
29721.6
29799.3
29939.3
30548.1
31421.5
31753.7
31715.3
31672.6
31861.6
32142.6
32272.7
32266.2
32246.1
32300.9
32409.1
32478.4
32536.3
32527.5
32454.8
32407.2
32361.3
32406
32473.9
32517.8
32521.8
32428.3
32292.6
32222.8
32258.7
32312.6
32343.4
32329.5
32194.9
31932.6
31547.5
31085.5
30652.7
30299.1
29987.2
29653
29222.7
28656.7
27935.7
27103.3
26098.8
25045
23985
23072.4
22250
21532.7
20394.8
4163.17
4162.97
4159.83
4171.45
4211.79
4362.56
4784.12
6152.32
8871.18
10794.6
13094
16253.1
17770.2
18675.6
19273.1
19039.2
18279.1
17244.1
16139.2
15274.6
14592.3
14249.8
14301.3
14608.5
15847.4
18611.8
21760.5
24983.3
27524.7
28985
28895.4
29367.5
30571.5
31351.6
31387.5
31253.9
31457.8
31869.1
32093.7
32191.8
32160.6
32156.3
32287.7
32473.6
32514.6
32499
32433.3
32345.8
32364.9
32422.3
32542.8
32557.3
32550.8
32496.3
32374.1
32196.6
32157.7
32201.9
32290.8
32319.6
32291.7
32125.4
31768.6
31271.7
30757.5
30350.8
30057.5
29798.6
29497.3
29082.2
28505.5
27737.6
26834.5
25816.6
24786
23779.2
22912.8
22089.4
21363.2
20214.4
4162.92
4166.28
4182.69
4235.86
4387.47
4845.47
6160.34
8154.16
10403.6
11705.1
12267.1
13281.3
14785.7
16821.7
18282.2
18376.4
18394.9
18305.7
18051.8
17519.3
16671.1
15725.7
15007.9
14780.2
14922.5
15455
17103.1
20397.2
23679.7
26670
27925.3
29254.6
30530.3
30802.6
30624
30861.3
31426.4
31894.5
32045.7
32033.7
31995.9
32076
32313.1
32468.3
32490.1
32438.3
32283.8
32249.7
32320.7
32464.3
32543.9
32576.1
32570.2
32501
32365.3
32214.8
32158.1
32183
32246.4
32280.3
32238.5
32071.2
31691.6
31146.7
30611.6
30210.9
29928.2
29692.3
29427.8
29062.4
28527.8
27780
26875.6
25743.1
24460.6
23479.3
22696.9
21919
21188.3
20067.9
4177.28
4203.6
4270.96
4454.37
4992.6
6274.13
8420.05
10507.8
12008.3
12223.5
12066.5
12105.5
12406
13209.4
14492.3
16030.7
17181.6
17885
18007.1
17912.9
17712
17390.6
16862.3
16230
15588.7
15530.2
15699.2
16338.9
18371.9
21955.2
25777.1
29047.5
29233.8
29567.4
29775.3
30360
31355.6
31826.7
31808.4
31747.6
31875.1
32146.8
32353.1
32453.7
32425.1
32254.3
32148.1
32194.4
32362.8
32504.8
32524.1
32549.6
32530.7
32445.9
32349.1
32250.9
32231.6
32219.8
32216.4
32209.5
32092.3
31748.5
31214.6
30647
30192.9
29875.2
29632.1
29404.3
29118.5
28689.5
28056
27193
26247.6
25174.4
24410.7
23636.7
22763.9
21793.1
21001.2
19867.5
4232.22
4325.9
4576.01
5217.33
6705.76
9027.05
10887.4
11591.2
11884.7
12216.3
12373.2
12483.6
12579.7
12711.1
12897.6
13277.6
14012.8
15044.7
16090.8
16810.7
17280.1
17353.6
17306.7
17185.1
16901.8
16528.2
16089.2
16125.9
16365.3
17318.5
19980.3
24152
26459.8
28251.5
29156.1
30666.9
31246.3
31443.6
31308.5
31497.3
31762.6
32219.8
32350.4
32329.5
32164.1
32053.6
32097.8
32284.6
32490.9
32524.5
32521.3
32490
32388.3
32250.8
32242
32276
32319.9
32294.8
32251.1
32109.2
31781.8
31308.8
30838.6
30398.3
30025.2
29708.2
29434.5
29162.7
28817.5
28313.4
27620.1
26742
25795.4
25008.2
24020.9
23235
22443.5
21783.9
21241.9
20119.5
4423.68
4784.86
5753.51
7603.27
9532.37
10835
11689
12230.4
12519
12663.2
12708.8
12689.4
12682.5
12693.9
12739
12805.5
12909.8
13089.3
13460.9
14093.7
14973.9
15844.5
16430.4
16824.2
16846.3
16795.1
16669.4
16493.8
16418.4
16528.3
17000
18469.4
21758.3
25511.2
28092.2
30328.1
30547.8
30312.6
30598
31149.2
31901.2
32178.7
32167.3
31981.7
31808.4
31936.3
32170.2
32467
32554.5
32535.1
32451.9
32286.1
32138.3
32118
32185.3
32299.4
32361.3
32335.9
32184.9
31843.2
31334.7
30792.6
30382.9
30096.8
29819.7
29531.8
29227.4
28868.4
28389.1
27733.5
26924.3
26066.9
25192.2
24477.6
23765.2
23077
22368.6
21703.8
20965.5
19793.1
5304.79
6743.83
8550.91
10052.7
11305.5
12213.1
12570.4
12625.5
12605.5
12618
12664.5
12719.7
12766.7
12812.2
12832.2
12849.6
12852.3
12861.1
12893.1
12965.4
13120
13443.2
13963.6
14639.8
15324.2
15838.8
16165.9
16314.6
16335.4
16372.6
16481.6
16793.1
17628.8
19461.5
22688.8
25958.8
27924.2
29080.3
30351
31443.2
31832.9
31862.1
31630.8
31468.8
31655.1
31948.9
32378.4
32558
32554.8
32436.5
32189.9
32057.8
32054.5
32101.3
32221.2
32352.6
32339.4
32222.2
31898.1
31370.1
30829.1
30411.5
30095.1
29858.5
29617.6
29311.2
28916.4
28398.3
27732.6
26973.5
26161.9
25406.6
24688.9
24114.3
23617.7
23134.4
22505
21674.5
20873.7
19685
7852.91
9459.68
11145
12067.9
12270.8
12326
12415.5
12571.4
12732.4
12821
12846.5
12850.1
12852.8
12871.7
12889.1
12888.7
12881.4
12874.5
12867.5
12868.2
12885.4
12925.1
12993.3
13113.5
13342.2
13715.1
14224
14773.6
15251
15610.8
15825.9
16026.2
16306.3
16846.6
18062
20243
23668.2
27459.5
29785.5
31024.3
31099.7
30694.3
30657.8
30975.5
31533.6
32265.4
32501.7
32535.9
32346.9
32046.3
31880.3
31956.1
32031.5
32184.6
32312.4
32314.5
32196.2
31863.9
31334.7
30763.6
30271.7
29974.6
29785.7
29618.2
29387.4
29015.9
28446.9
27688.9
26813.9
25954.4
25151.7
24570.9
24113.6
23719.2
23326.4
22844.6
22289.5
21779.4
20977.2
19882.5
10924.6
11561.5
11765.7
12065.7
12497.1
12737.5
12796.8
12822.3
12855.3
12886.8
12900.4
12902.1
12901
12911.7
12917.8
12917.7
12915.8
12906.3
12887.7
12883.8
12887.1
12891.8
12896.7
12908.7
12933.2
12978.4
13057.6
13195.9
13430.5
13754.7
14137.6
14501.4
14834.6
15173.6
15579.4
16273.9
17744.9
20460.3
23783.4
26300.6
28471.2
29154.3
30092
31404.9
32001.2
32289.7
32420
32139.1
31685.4
31725.8
31895.4
32059.1
32242.3
32323.6
32306
32164.6
31788.3
31203.6
30673
30340.9
30036.3
29783.5
29543.4
29269
28889.5
28312.3
27530.8
26648.1
25815.4
25111.3
24471.3
23983.7
23592
23253.8
22951.4
22584.5
22103.6
21495.6
20890.9
19740
11912.9
12508.5
12681.2
12680.3
12728.4
12768.2
12822.9
12885
12923.8
12940
12944.9
12938
12931.6
12939.9
12949.7
12952.2
12951.4
12945.5
12933.2
12921.1
12910.7
12903.3
12903.7
12905.2
12907
12910.3
12917.5
12932.7
12960.5
13005.2
13074.6
13177.7
13327.8
13508.2
13720.1
13978.9
14355.1
15116.1
16651.6
19472.6
23297.8
27022.4
29726
31225
31792.1
31780.2
31468.5
30858.2
31008.1
31445.9
31973.8
32362.5
32418.6
32364.8
32142.9
31652.3
30992
30413.2
29992.7
29807.6
29719.1
29575.9
29303.4
28839.4
28134.7
27234.5
26269.3
25329.7
24566.2
24065
23731
23448.4
23149.4
22831.3
22497.5
22114.2
21620.2
21073.1
20571.7
19657.4
12519.6
12557.9
12652.7
12780.6
12881.5
12923.8
12933.2
12939.3
12948.9
12955.7
12959.1
12957.9
12953.1
12954.7
12959.9
12961.9
12961.6
12957.6
12951.2
12948
12944.8
12940
12932
12925.3
12922.3
12919.5
12917.9
12917.8
12919.9
12923.6
12929.6
12940.3
12958.8
12989.2
13033.1
13092.2
13175.5
13304.1
13538.4
14060.9
15316.8
18010.7
21519.2
25068.1
27172
29093.9
29605.5
30274.7
31202.9
32070
32332.3
32431.5
32363.4
32030.4
31373.9
30712.9
30268.2
30078.8
29860.4
29630.1
29393.6
29054.2
28510
27698.2
26717.7
25823.9
25079.5
24485.9
23966.3
23534.5
23223
22953.9
22655
22299.6
21838.3
21346.7
20868.2
20403.4
20021.2
19326.2
12850.2
12869.5
12873
12881.7
12909.2
12953.9
12970.2
12975.8
12977.8
12976.3
12973.2
12968
12964.5
12965.6
12966.5
12968.1
12968.6
12965.7
12957.2
12949.6
12945.9
12942.9
12944.1
12945.2
12943.6
12941.4
12937.4
12932.8
12929
12927.7
12926
12923.3
12922.3
12924.2
12930.2
12941.1
12957.7
12980.7
13014.7
13076.3
13208
13543.4
14380.1
16161.2
19323.4
23118.5
26648.8
29823.3
31160.3
31969.5
31982.8
31786
31323.2
30592.1
29897.8
29603.1
29608.9
29664.1
29614.8
29403.7
28948.3
28168.9
27124
25988.5
25003.6
24249.2
23681.6
23438.2
23324.7
23147.4
22902.3
22590.8
22171.3
21638.1
21016.2
20460.5
20078.9
19711.8
19416.5
18883.2
12837.4
12911.2
12953.6
12969.7
12972.8
12974.9
12977.3
12980.7
12981.9
12980.8
12977.6
12976.6
12976.7
12975.7
12971
12970
12970.5
12968.3
12962
12953.5
12950.6
12949.8
12947.1
12945.7
12947.6
12949.2
12949.3
12948
12946.8
12945.3
12942.3
12936.8
12930
12926.8
12927.9
12931.8
12937.9
12942.7
12947.2
12954.9
12970.2
12999.8
13066.1
13228.7
13647.3
14705.6
17030.9
20368.3
23797.5
26365.3
27983.8
28960.7
29364.6
29453.6
29642.9
29620
29530.3
29316.3
28938.4
28198.6
27160.1
26035.7
25202.6
24580.7
24120.2
23685.5
23261.4
22888.1
22623.9
22380.1
22063.5
21652.9
21205.7
20709.4
20198.7
19722.8
19346.6
19005.5
18782.5
18350.3
12953
12959.4
12969
12979.1
12982.4
12982
12982.1
12983.4
12983.2
12981.9
12978.1
12975
12973.4
12971
12968.9
12969.5
12969.7
12967.6
12962.5
12956
12952.7
12951.6
12950.7
12950.3
12950.2
12949.7
12949
12948.5
12948.6
12948.9
12947.4
12941.8
12936.2
12934.7
12937
12941.5
12947
12951.3
12953.3
12954.1
12953.6
12951.6
12950.5
12956.6
12976.8
13041.8
13223.8
13727.1
14897.8
17056.9
20099.6
23339.8
25987.2
27677.7
29171.4
29236.5
28936.1
28220.5
27048.2
25633.5
24436.2
23625.1
23300.2
23172.4
23202.1
23127.2
22906.7
22547.2
22034.9
21467.6
20880.1
20336.3
19916.2
19483.9
19322.2
19150.6
18896.7
18533.7
18199.2
17699.3
12972.4
12971.4
12975.6
12985.8
12992.4
12993.9
12991.9
12986.5
12979.5
12975.9
12974.3
12973.5
12973
12971.4
12969.4
12967.6
12965.4
12962.6
12959.6
12957.4
12956.9
12956.3
12955.3
12954.7
12954.6
12954.3
12953.7
12953.6
12954.5
12955.2
12953.6
12947.8
12942.9
12943.2
12946.4
12950.9
12956.3
12961.2
12963.5
12962.1
12955.5
12945
12931.7
12915.2
12888.5
12855.3
12805.2
12756.9
12728.4
12817.7
13136.2
14107.1
15972.5
18552.5
21030.9
23021.1
23970.9
24096.2
24010.8
23892.8
23673.4
23345.4
23027.6
22678.7
22306.7
21940.7
21534.4
21033.4
20530.3
20041.5
19662.9
19326
19020.4
18723
18582
18475.4
18281.6
17998.5
17703.2
17251.1
13008.8
13008.7
13010.9
13012.6
13010.7
13004.3
12994.9
12987.3
12984.1
12982.8
12982
12981.7
12981.3
12979.5
12974.9
12969.5
12966.1
12964.4
12963.5
12961.7
12960.4
12959.3
12957.5
12956.9
12957.9
12959.3
12960.3
12961
12961.5
12960.7
12957.3
12951.6
12948.3
12949.4
12952.9
12957.4
12962
12964.9
12964.9
12958.3
12945.5
12928.3
12904.7
12869.5
12812
12726.3
12599.3
12422.2
12212.6
11940.6
11701.4
11381.1
11377.1
11611.2
12449
14080.2
16427.7
18752.9
20709.1
22298.7
23077.9
23029.9
22730
22179.4
21304.4
20347.7
19629.9
19138
18774.7
18575.3
18608.4
18554.7
18417.8
18262.5
18030.2
17741.2
17469.3
17276.9
17110.7
16781
13048.3
13040.7
13032.7
13026.3
13020.3
13014.4
13009.8
13007
13005.6
13005.6
13006.2
13006
13003.6
12998
12990
12983.7
12980.6
12979.2
12978
12975.2
12971.7
12970.1
12969.5
12969.9
12971.3
12973.1
12974.7
12975.6
12975.4
12973.3
12970.6
12966.2
12963.3
12964.3
12965.6
12965.4
12963.2
12958.2
12948.3
12932.9
12912.3
12881.9
12837.4
12762.9
12658.6
12496.9
12291.8
12007.4
11700.8
11292.9
10928.3
10509.8
10137.4
9830.56
9585.3
9627.8
10008.5
11064
12916.8
15454.6
17426.6
19166.7
19606.4
19482.9
19315
19188.9
19029.8
18790.1
18423.1
18112.3
17815.7
17590.3
17558.5
17429.2
17186.5
16904.5
16711.4
16497.7
16359.2
16143.5
13075.6
13070.4
13065.3
13060.8
13058.1
13057.8
13057.7
13055.4
13051.2
13044.1
13034.2
13027
13023.8
13022.3
13020.6
13016.8
13012.1
13007.8
13001.7
12993.6
12987.2
12984.6
12984.9
12986.6
12988.9
12991.4
12993.4
12994.7
12993.9
12990.2
12987.1
12986.4
12985.9
12984.2
12980.9
12975
12964
12946.5
12924.1
12894.9
12855.5
12792.2
12699.9
12555.2
12365.3
12094.6
11788.1
11407.9
11005.7
10583.9
10193.3
9771.02
9382.83
9043.04
8712.33
8450.95
8213.22
8228.1
8462.61
9149.45
10757.6
13139.5
15521.3
16963.7
18075.8
18733.4
18725.3
18580
18314.6
17944.6
17464.2
17053.6
16733.7
16416.1
16371.9
16313.5
16192.3
15984.7
15785.6
15537
13122
13119.7
13113.6
13106.6
13099
13092.5
13086.3
13078.7
13072.7
13069.5
13067
13064.4
13062.7
13062.9
13064
13061.5
13052.2
13036.8
13025.3
13019.8
13017.8
13018
13019.2
13020.6
13022.5
13024.8
13025.8
13024.2
13020.3
13017.4
13016.5
13016.4
13014.9
13011.5
13002.9
12984.6
12957.4
12922.5
12880.8
12822.1
12737.5
12606.6
12427
12172.8
11866
11498
11095.6
10657
10242.5
9841.02
9421.45
9050.98
8721.23
8411.34
8074.02
7827.39
7572.91
7385.17
7193.97
7203.18
7387.44
7941.28
9333.78
11532.1
14212.6
15664.9
16491.4
16981.6
16875.9
16471.5
16230.2
16150.3
16017.2
15880.9
15770.6
15720.5
15643.6
15566.7
15462.9
15251.5
13139.9
13129.9
13121.5
13116.7
13111.6
13105.2
13102.7
13102.7
13103.9
13106
13107.9
13108.8
13107.3
13102.3
13095.2
13086.7
13076
13064.2
13056.3
13053.4
13053.4
13054.3
13054.7
13054.5
13053.8
13052.5
13051.6
13050.8
13050.9
13052.1
13053
13050.6
13043
13028.3
13005.8
12973.5
12930.4
12870.2
12788.5
12664.4
12491.3
12251.9
11942.7
11578.8
11174.5
10738
10275.8
9882.63
9466.95
9060.56
8702.23
8419.16
8084.05
7794.24
7533.27
7336.56
7080.34
6893.53
6709.86
6583.69
6444.29
6469.2
6628.68
7219.97
8494.69
10635.1
13042.1
15303.2
15841.4
15952.4
15976.2
15874
15727.5
15546.7
15268.7
15087.6
14971.4
14995.4
15051.3
15000
13142.3
13137.8
13132.9
13129.2
13127
13126.5
13127.3
13128.3
13128.4
13128.1
13127.3
13124.7
13120.1
13115.2
13110
13105.2
13102.3
13099.8
13097
13095.9
13095.9
13095
13093.3
13089.4
13085
13084.3
13086.3
13088.2
13090.6
13090.2
13083.6
13072.5
13055.3
13030.6
12992.9
12937.9
12861.3
12745.2
12575.7
12336.6
12041.6
11667.5
11247.1
10830
10349.3
9896.16
9489.37
9114.03
8673.93
8368.82
8094.5
7795.87
7472.03
7279.57
7081.06
6858.82
6641.63
6508.61
6355.67
6204.5
6066.75
5976.28
5896.55
5937.43
6101.85
6724.79
8136.42
10276.2
12490.3
14663.2
15320.6
15393.8
15323
15077.3
14827.3
14667.5
14532
14451.9
14488.4
14527.1
13146.5
13146
13147.4
13147.6
13146.3
13144.7
13143.7
13143.1
13142.3
13140.7
13138.6
13136.5
13135.2
13134.1
13132.8
13131.1
13128.7
13126.2
13122.9
13117.1
13109.8
13104.9
13103.3
13102.7
13102.1
13103.1
13103.9
13103.9
13101.4
13101.8
13100.2
13089.5
13066
13018.3
12939.3
12817.6
12647.7
12408.3
12103.9
11754.9
11325.8
10857.7
10420.7
9965.91
9464.11
9099.04
8732.81
8332.68
8002.99
7782.85
7485.98
7197.74
7004.67
6845.07
6630
6425.56
6299.05
6170.17
6022.36
5892.62
5797.82
5680.79
5598.95
5508.03
5498.32
5553.5
5758.03
6433.4
8109.64
10607.5
12377.7
13854.3
14805.3
15007.8
14977.9
14846.5
14587.4
14364.6
14235.9
14147.9
13157.5
13155.3
13154.8
13155.1
13154.7
13153.6
13153.6
13154.2
13154.6
13153.9
13152.4
13150.1
13147.7
13145.8
13144.5
13143
13140.5
13136.7
13132.9
13128.9
13123.9
13119.5
13117.2
13117.9
13120.2
13123.8
13124.1
13121.8
13115.1
13097
13064.6
13014.1
12938.9
12827.9
12664.8
12456.3
12163.7
11796.3
11398.8
10939.3
10394
9966.11
9533.49
9040.49
8654.31
8354.52
7980.41
7661.21
7447.03
7206.06
6917.98
6743.68
6605.08
6406.81
6226.02
6104.58
5999.82
5840.38
5738.49
5644.8
5561.16
5448.21
5384.33
5307.7
5245.03
5192.42
5205.46
5296.9
5595.7
6468.63
8423.56
10852.2
12480.9
13681.4
14339.3
14453.6
14477.6
14455.3
14365.2
14173.5
13165.3
13162.5
13161.8
13161.9
13161.8
13162.3
13163.7
13165.6
13168.2
13169.4
13168.7
13166.7
13163.7
13160
13156.6
13153.7
13151.1
13148.5
13145.1
13141.3
13137.5
13134.3
13131.5
13128.7
13125.7
13121
13112.1
13095.4
13067.9
13025.4
12958.4
12859.7
12709
12490.2
12213.9
11852.7
11379
10941.1
10457.2
9880.69
9434.72
9076.58
8608.25
8203.4
7952.99
7642.25
7316
7114.78
6925.02
6663.44
6491.58
6361.51
6207.75
6026.56
5930.32
5827.49
5706
5585.42
5515.66
5429.61
5339.81
5274.19
5209.44
5146.88
5086.79
5050.61
4999.35
4996.12
5024.7
5166.36
5590.5
6661.7
8770.87
11627.4
13100.5
13545.3
13848.5
14063.9
14099.9
14121.9
13166.6
13164.9
13165.4
13167.2
13169.6
13172.1
13174.7
13177.5
13178.8
13178.4
13176.8
13174.6
13172.7
13169.8
13166.8
13164.4
13162.2
13160.7
13158.9
13156.7
13153.5
13149.5
13144
13137.9
13128.9
13113.9
13088
13046.4
12979.9
12876.5
12728.3
12512.4
12204.6
11845.7
11402.1
10842.7
10365.7
9907.13
9321.5
8866.76
8574.39
8176.96
7762.9
7535.52
7312.57
6985.98
6786.99
6636.09
6434.51
6242.81
6137.99
6005.21
5859.87
5756.67
5670.06
5562.07
5467.08
5397.39
5317.09
5240.59
5182.53
5135.31
5069.59
5027.18
4993.76
4951.21
4914.2
4887.04
4877.98
4889.98
4947.12
5151.31
5744.94
7260.29
9747.99
12436.7
13549.7
13735.4
13749.8
13799.6
13169.3
13168.6
13169.4
13171.4
13173.9
13176
13178
13180.7
13183.6
13185.1
13185.6
13185.4
13184.8
13183.3
13180.5
13178.8
13179
13179.2
13178
13175.2
13169.9
13161.6
13154
13140.9
13116.9
13073.9
13004.8
12897.9
12738
12522.6
12222.3
11812.1
11369.2
10859.7
10238.2
9736.6
9322.11
8769.13
8300.68
8050.39
7743.96
7333.74
7125.73
6961.06
6700.72
6469.56
6357.53
6205.73
6022.83
5918.5
5818.08
5694.66
5598.05
5519.32
5427.67
5354.02
5287.9
5220.03
5153.72
5105.26
5060.94
5010.2
4976.01
4947.85
4914.41
4872.99
4858.86
4844
4826.21
4813.95
4817.38
4842.98
4931.85
5261.62
6269.96
8305.21
10744.5
12945
13888.3
13900.7
13176.1
13174.4
13173.5
13174.2
13175.5
13177.1
13179.4
13182.9
13187.3
13191
13193.2
13194.6
13197.2
13199.3
13199.4
13198.2
13197.3
13195.9
13192.7
13187.3
13178.6
13166.8
13145.2
13105.8
13038
12930.9
12765.8
12526.9
12218.8
11804.6
11278.1
10763.1
10218.2
9563.09
9067.43
8704.14
8227.61
7756.25
7533.78
7299.69
6944.57
6731.2
6615.58
6421.92
6191.55
6090.74
5989.74
5826.4
5714.47
5640.64
5540.89
5454.86
5386.58
5308.56
5239.68
5189.61
5135.29
5086.41
5046.11
5006.09
4966.88
4934.34
4912.57
4888.23
4863.15
4848.3
4834.44
4816.86
4796.27
4783.67
4770.56
4770.98
4782.42
4833.43
4994.8
5543.93
7104.16
9456.88
11742.1
13359.2
13183.2
13181.6
13181.1
13181.4
13181.8
13182.2
13184
13187.5
13191.8
13195.5
13198.9
13202.5
13206.3
13210.3
13212.8
13213.7
13212.8
13208.7
13200.5
13185.3
13162.8
13125.5
13059.2
12951.4
12783.1
12525.5
12183.9
11760
11207.7
10584.4
10051.1
9500.54
8848.55
8381.07
8088.88
7706.34
7261.43
7045.41
6869.66
6590.21
6379.81
6289.24
6151.43
5942.05
5845.22
5783.05
5664.97
5537.06
5471.33
5392.89
5315.37
5261.34
5202.71
5140.38
5094.2
5053.47
5021.32
4993.1
4958.3
4927.94
4907.22
4889.89
4869.57
4851.59
4838.29
4827.99
4813.8
4799.23
4789.5
4779.85
4769.6
4758.68
4754.51
4758.89
4782.91
4870.5
5141.09
6093.86
8018.29
11273.1
13198.6
13196.9
13195.3
13193.5
13191.5
13190.9
13192.5
13195.7
13200.1
13205.4
13211.2
13216.2
13220.9
13224.1
13224.5
13222.6
13217.7
13204.2
13179.2
13139.5
13071.8
12957.7
12782.3
12510.3
12119.4
11659.8
11099.3
10408
9768.83
9282.84
8749.6
8115.29
7720.52
7508.07
7220.09
6815.92
6593.82
6469.58
6274.98
6082.01
6002.14
5902.79
5724.58
5621.58
5584.45
5515.68
5397.12
5327.71
5266.35
5189.56
5149.05
5111.84
5060.78
5020.2
4991.4
4965.8
4943.84
4920.77
4897.34
4883.73
4871.44
4856
4838.99
4827.09
4816.95
4806.87
4799.56
4794.53
4790.38
4781.89
4770.44
4758.33
4750.72
4746.87
4749.32
4761.48
4805.39
4959.04
5431.25
7966.97
13222.6
13218.6
13214.4
13212.9
13213.6
13216
13219.3
13223.7
13230.6
13240
13246.8
13248
13247.6
13246.5
13243.2
13232.6
13206.1
13160.1
13084
12957.8
12765.3
12470.9
12034.6
11505.9
10916.1
10223.5
9460.3
8933.16
8509.32
7979.21
7391.93
7129.65
6992.21
6775.75
6420.97
6195.44
6113.53
5996.78
5830.8
5751.46
5680.86
5542.05
5429.05
5401.38
5363.37
5275.42
5198.87
5156.47
5098.35
5052.55
5023.61
4990.43
4956.98
4938.86
4925.97
4911.2
4892.68
4877.89
4868.17
4859.1
4846.33
4832.63
4821.65
4814.25
4806.8
4800.14
4796.08
4792.48
4787.57
4779.22
4768.97
4760.21
4752.35
4746.21
4742.71
4741.64
4746.36
4769.83
4847.05
5625.43
13242.3
13239.6
13237.2
13237.4
13239.9
13243.7
13248.1
13253.5
13260.6
13266.6
13267.9
13266.8
13262.3
13250
13226
13183.6
13108.4
12975.3
12765.6
12445.8
11966.2
11369.3
10731.2
10020.3
9221.93
8603.29
8211.58
7800.46
7234.39
6781.04
6667.34
6585.42
6399.3
6076.17
5882.97
5836.48
5772.5
5637.81
5539.82
5491.87
5407.71
5296.38
5263.56
5236.72
5173.38
5097.9
5066.66
5035.08
4994.29
4966.19
4937.68
4912.04
4897.65
4888.34
4880.71
4868.83
4856.25
4852.48
4848.78
4841.82
4831.12
4822.94
4816.8
4811.5
4805.69
4800.15
4794.91
4790.67
4785.71
4780.01
4772.89
4765.97
4756.82
4748.25
4740.65
4736.8
4732.24
4734.43
4747.28
4911.03
13246
13244.3
13243.9
13246
13249.3
13253.2
13258.5
13265.2
13271.4
13274.8
13275.1
13271.8
13259.4
13226.9
13156.9
13022.9
12805.7
12474.3
11967.3
11319.8
10633.8
9881.84
9071.02
8388.25
7984.88
7620.22
7153.73
6611.28
6395.85
6351.18
6281.72
6093.51
5793.54
5641.98
5638.94
5617.12
5517.64
5373.34
5317.78
5275.64
5200.34
5163.21
5143.46
5099.29
5026.01
5000.98
4988.77
4966.55
4940.61
4917.88
4892.71
4875.91
4868.89
4862.36
4854.47
4842.62
4836.14
4835.59
4834.16
4830.01
4823.95
4819.92
4816.8
4812.91
4807.94
4801.59
4794.55
4788.03
4782.96
4778.27
4773.44
4767.03
4758.32
4748.84
4739.82
4734.25
4729.83
4724.13
4725.24
4763.01
13229.8
13232.8
13235.9
13239.5
13243.9
13249
13256.2
13266.1
13273.6
13276.2
13271.6
13253.6
13205.4
13098.3
12902.6
12586.4
12077.9
11389.8
10656.4
9854.26
8998.72
8262.24
7838.02
7475.12
7060.58
6538.26
6242.97
6179.76
6139.74
6040.69
5820.15
5580.16
5491.98
5494.09
5496.3
5441.21
5293.08
5177.04
5152.96
5120.15
5077.63
5063.35
5039.14
4986.01
4953.43
4950.45
4944.06
4928.37
4910.53
4892.61
4873.3
4861.72
4856.84
4851.91
4843.65
4832.63
4827.92
4826.91
4825.61
4823.26
4821.15
4819.47
4816.57
4812.35
4806.8
4799.87
4791.62
4783.13
4776.09
4770.89
4766.87
4762.02
4755.76
4747.53
4740.51
4734.02
4731.33
4726.54
4721.59
4728.86
13187.7
13188.7
13191.6
13196.5
13203.8
13214.1
13228.9
13243.4
13251.7
13247.3
13223.4
13153.8
13000.1
12723.2
12243.4
11550.5
10775.5
9919.04
9019.84
8234.94
7766.57
7367.65
6970.22
6493.32
6167.93
6053.86
6017.08
5964.64
5824.37
5597.91
5433.16
5394.21
5397.63
5389.55
5343.2
5235.35
5106.94
5068.49
5054.43
5023.64
5002.36
4990.06
4963.03
4928.44
4924.16
4924.18
4918.29
4905.87
4890.93
4876.23
4863.63
4853.95
4848.75
4843.86
4836.34
4828.52
4824.06
4821.23
4819.03
4818.58
4819.45
4818.4
4813.9
4806.32
4798.81
4793.56
4789.18
4783.84
4777.05
4769.81
4763.71
4758.88
4754.3
4749.28
4743.04
4738.24
4735.18
4732.29
4727.21
4720.75
13159
13163.4
13167.1
13171.4
13178.2
13189.8
13208.3
13222
13222.1
13189.3
13092.6
12886.3
12481.5
11830.7
11035.6
10114.2
9143.5
8306.33
7781.78
7345.16
6916.69
6452.07
6171.63
5991.05
5912.32
5878.52
5803.99
5651.09
5463.15
5358.23
5339.59
5330.17
5304.77
5250.3
5160.27
5062.01
5027.75
5021.93
5004.93
4977.7
4966.23
4954.29
4930.41
4915.69
4913.31
4909.37
4899.77
4885.69
4871.11
4861.13
4851.8
4842.19
4837.88
4835.61
4832.67
4830.8
4829.12
4824.66
4817.25
4811.57
4810.83
4812.01
4810.79
4804.65
4794.16
4784.05
4779.01
4777.9
4776.64
4772.25
4765.09
4757.46
4751.96
4748.82
4745.21
4741.46
4737.38
4734.55
4730.69
4721.18
13121.8
13127.2
13131.2
13134.9
13145.1
13164.5
13184.2
13190.5
13148.9
13024.7
12734
12182.2
11414.9
10462.4
9392.47
8486.3
7882.79
7357.23
6906.04
6481.41
6180.07
5988.73
5880.45
5794.84
5728.4
5645.1
5519.49
5369.04
5298.51
5290.99
5282.3
5249.81
5191.31
5112.39
5028.74
4999.74
5002.34
4999.95
4982.73
4962.26
4947.7
4931.38
4912.91
4906.05
4900.82
4890.17
4874.52
4860.39
4854.51
4855.26
4853.67
4847.04
4837.84
4828.9
4825.23
4827.65
4830.96
4829.86
4822.99
4811.63
4803.49
4802.13
4804.01
4803.84
4797.35
4784.87
4772.47
4767.42
4767.9
4768.81
4766.68
4761.17
4755.06
4751.27
4749.83
4748.11
4744.35
4738.99
4733.2
4722.08
13068.5
13075.6
13085
13094.2
13110.2
13132.1
13147.7
13100.8
12939.4
12549.1
11895.1
10959.5
9836.37
8832.62
8069.92
7454.96
6945.68
6513.77
6218.45
6005.78
5883.55
5804.31
5714.67
5622.07
5546
5452.67
5334.13
5247.37
5222.73
5217.61
5200.95
5158.96
5091.56
5017.75
4988.28
4987.5
4992.51
4986.94
4966.65
4938.87
4917.73
4902.1
4894.77
4895.88
4894.85
4884.12
4863.41
4846.17
4843.97
4850.11
4855.15
4852.86
4842.66
4827.36
4816.21
4813.73
4817.36
4822.6
4824.84
4821.15
4811.17
4800.12
4794.03
4792.74
4791.96
4787.41
4777.43
4767.01
4761.86
4762.53
4763.99
4763.39
4759.41
4754.63
4750.26
4747.16
4743.87
4739.38
4733.78
4722.93
13027.7
13036.9
13047
13059.8
13083.8
13105.3
13072.4
12876.5
12414.7
11623.1
10513.6
9348
8445.52
7684.12
7044.64
6602.38
6276.58
6040.02
5887.2
5778.4
5702.4
5648.2
5595.92
5514.21
5408.49
5307.93
5214.53
5168.08
5162.73
5157.89
5133.36
5082.78
5014.6
4980.34
4977.98
4985.52
4987.86
4974.41
4945.19
4912.85
4896.84
4887.82
4889.96
4898.2
4902.26
4892.99
4868.91
4843.29
4830.51
4829.78
4836.17
4841.99
4843.47
4838
4828.15
4818.21
4811.94
4812.54
4816.76
4820.37
4819.13
4810.2
4797.13
4786.79
4781.95
4780.54
4778.54
4773.09
4766.02
4761.82
4760.82
4760.98
4760.69
4759.17
4756.03
4751.65
4746.52
4741.08
4735.5
4724.92
12981.1
12987.6
12990
13021.5
13056.8
13046.4
12825
12300.6
11343
10156.4
9035.12
8047.23
7335.2
6785.39
6373.1
6125.12
5962.41
5832.14
5701.31
5633.78
5614.72
5570.27
5475.19
5352.97
5268.8
5202.55
5138.99
5118.24
5117.79
5112.14
5085.53
5035.16
4978.61
4958.61
4959.98
4970.24
4970.91
4957.81
4930.66
4904.86
4891.94
4883.63
4882.33
4886.43
4888.89
4883.02
4868.65
4853.54
4840.44
4829.05
4824.01
4826.29
4831.6
4835.81
4836.13
4830.19
4818.61
4808.54
4805.47
4806.93
4808.72
4807.87
4802.03
4792.72
4784.26
4778.63
4774.63
4770.95
4767.24
4764.97
4763.45
4762.34
4760.83
4759.01
4756.18
4752.34
4747.17
4741.15
4735.43
4725.65
12936.1
12928
12953
13015.7
13057.7
12851.3
12271.5
11236.5
9923.96
8760.37
7768.12
7043.03
6581.35
6232.87
6026.64
5900.15
5770.47
5693.21
5645.57
5574.44
5493.76
5418.68
5332.41
5239.03
5183.53
5140.15
5110.42
5109.29
5108.99
5089.87
5044.24
4985.4
4952.5
4947.18
4955.47
4963.74
4962.53
4946.52
4920.01
4904.5
4896
4888.97
4882.86
4877.72
4873.2
4868.34
4866.4
4866.96
4862.66
4848.15
4828.57
4817.65
4818.31
4823.96
4829.11
4830.59
4824.77
4813.83
4807.15
4806.35
4806.97
4805.63
4800.82
4793.6
4787.34
4783.15
4779.05
4773.54
4767.83
4764.41
4763.69
4763.93
4763.42
4761.54
4758.14
4753.88
4748.75
4743.12
4737.55
4728.23
12873.5
12856.3
12928.2
13001.5
12894.2
12258
11198.8
9808.69
8519.01
7641.81
6881.17
6437.46
6222.65
5993.85
5821.88
5765.97
5732.38
5640.66
5520.93
5428.45
5379.72
5325.28
5236.1
5166.48
5146.07
5124.56
5100.96
5087.13
5074.41
5046.23
4998.16
4956.14
4943.1
4947.55
4956.81
4960.75
4952.62
4927.45
4904.62
4898.09
4897.4
4896.73
4891.37
4879.09
4862.6
4852.48
4855.73
4863.58
4866.11
4856.43
4834.43
4817.1
4814.97
4820.61
4826.67
4829.12
4824.59
4813.24
4804.06
4802.51
4804.27
4804.42
4800.45
4793.11
4786.27
4782.64
4780.33
4776.51
4771.03
4766.35
4763.95
4763.48
4763.16
4761.8
4758.53
4753.86
4748.27
4742.62
4737.55
4728.91
12824.2
12867.9
12957.1
12981.6
12419
11274.3
9924.78
8509.48
7509.23
6868.38
6397.5
6160.08
5970.34
5830.58
5782.9
5719.56
5623.26
5520.14
5435.94
5360.15
5301.12
5248.99
5187.14
5152.1
5129.66
5101.57
5079.44
5067.35
5048.99
5011.79
4968.39
4949.25
4950.67
4958.78
4962.25
4956.84
4936.6
4905.71
4893.01
4895.15
4902.94
4908.77
4905.5
4887.32
4857.03
4841.41
4849.03
4861.81
4868.61
4863.46
4842.99
4821.01
4813.71
4817.71
4824.33
4827.49
4823.93
4813.24
4802.79
4799.88
4801.85
4803.41
4801.48
4795.86
4789.43
4785.02
4781.82
4777.63
4772.38
4767.67
4764.99
4764.01
4763.3
4761.75
4758.66
4754.24
4748.68
4743.07
4738.07
4729.98
12784
12875.1
12942.7
12674.9
11515.9
10067.7
8732.66
7511.33
6868.15
6414.37
6068.86
5953.76
5864.45
5746.83
5667.46
5621.13
5563.37
5463.04
5351.8
5280.21
5247.95
5208.52
5149
5123.74
5111.97
5091.49
5067.12
5046.65
5022.05
4984.41
4953.67
4946.88
4954.04
4962.28
4962.44
4950.12
4920
4888.03
4880.46
4888.39
4902.38
4913
4913.02
4893.29
4855.43
4835.54
4843.15
4857.23
4865.41
4862.74
4846.12
4824.87
4813.92
4814.86
4820.76
4824.3
4821.64
4812.22
4801.98
4798.01
4799.14
4800.59
4799.18
4794.69
4789.47
4785.78
4782.72
4778.37
4772.89
4767.93
4764.87
4763.61
4762.8
4761.13
4757.88
4753.25
4747.74
4742.29
4737.66
4730.12
12794.4
12914.8
12837.3
12014
10424.5
8983.76
7792.23
6895.57
6478.52
6138
5948.94
5866.73
5764.15
5671.57
5623.94
5575.02
5493.92
5391.9
5304.28
5247.8
5208.98
5165.37
5128.69
5117.61
5103.56
5077.83
5052
5029.45
4999.47
4964.01
4947.74
4950.8
4961.61
4968.8
4963.46
4942.44
4907.18
4878.93
4873.07
4884.27
4901.54
4914.8
4917.01
4897.76
4859.15
4836.27
4840.34
4853.26
4861.54
4860.01
4847.09
4829.64
4817.85
4815.46
4818.97
4821.56
4818.83
4810.24
4800.75
4796.55
4797.4
4799.13
4798.51
4794.99
4790.45
4786.78
4783.44
4778.96
4773.51
4768.39
4765.01
4763.32
4762.28
4760.57
4757.52
4752.97
4747.45
4742.05
4737.53
4730.31
12825.7
12901.3
12495.9
11104.9
9348.57
8110.26
7122.57
6535.09
6275.73
6011.34
5865.76
5804.79
5721.7
5626.9
5561.37
5508.08
5443.54
5350.56
5263.36
5214.26
5183.28
5143.05
5112.97
5104.23
5091.57
5065.99
5037.91
5012.5
4982.73
4956.11
4948.68
4953.43
4962.9
4967.6
4958.06
4932.49
4898.74
4876.03
4869.99
4880.46
4898.07
4912.25
4914.87
4896.83
4863.34
4841.2
4840.34
4849.81
4857.11
4855.84
4845.14
4831.15
4820.29
4815.89
4817.03
4818.54
4815.91
4808.34
4799.82
4795.38
4795.49
4796.95
4796.81
4794.42
4790.88
4787.39
4783.69
4778.9
4773.44
4768.42
4764.98
4763.02
4761.73
4759.82
4756.71
4752.11
4746.68
4741.33
4736.96
4730.03
12874.9
12785.5
11886.9
10160.6
8446.55
7458.65
6697.72
6359.58
6167.47
5946.78
5831.28
5771.58
5679.49
5583.97
5522.35
5464.35
5396.87
5312.57
5241.66
5199.21
5164.19
5122.56
5102.3
5096.83
5082.17
5054.45
5026.97
5002.02
4973.75
4953.8
4950.58
4955.24
4962.49
4963.74
4950.45
4923.74
4896.02
4878.72
4872.85
4879.38
4894.37
4907.92
4909.88
4893.36
4867.21
4848.93
4843.77
4848.08
4852.98
4851.52
4843.09
4832.5
4823.16
4817.42
4816.12
4816.06
4813.23
4806.6
4799.22
4794.84
4794.42
4795.6
4795.84
4794.3
4791.5
4788.09
4784.06
4778.95
4773.4
4768.35
4764.8
4762.6
4761.15
4759.16
4756.07
4751.42
4745.99
4740.63
4736.34
4729.58
12910.1
12532.5
11134.3
9232.01
7761.62
7014.25
6449.75
6260.95
6108.01
5917.79
5807.41
5744.7
5650.77
5550.42
5484.01
5424.73
5361.01
5286.74
5222.42
5184.22
5150.71
5111.33
5094.47
5088.5
5072.95
5044.9
5017.96
4994.13
4970.01
4955.78
4953.23
4955.58
4959.13
4956.07
4940.1
4916.19
4896.08
4883.95
4878.59
4880.48
4890.68
4901.87
4902.42
4887.92
4869.4
4856.27
4848.79
4847.79
4849.33
4847.06
4840.55
4832.94
4825.27
4818.82
4815.49
4813.89
4810.84
4805.15
4798.83
4794.53
4793.48
4794.24
4794.75
4793.99
4791.81
4788.39
4783.94
4778.5
4772.95
4767.99
4764.46
4762.09
4760.46
4758.33
4755.2
4750.48
4745.08
4739.7
4735.5
4728.88
12908.7
12100.9
10362.1
8409.49
7286.9
6728.16
6316.96
6202.56
6067.34
5898.07
5795.88
5727.81
5623.67
5520.78
5455.85
5397.5
5333.01
5265.76
5210.53
5175.3
5140.78
5103.17
5089.72
5082.81
5065.22
5036.77
5011.79
4990.51
4970.51
4959.24
4955.59
4955.06
4954.6
4946.77
4929.09
4910.61
4898.35
4891.17
4886.13
4883.54
4887.76
4895.18
4894.06
4882.33
4871.11
4862.82
4854.29
4848.65
4846.53
4843.19
4838.42
4833.43
4827.35
4820.46
4815.3
4812.12
4808.76
4803.93
4798.57
4794.35
4792.72
4793.05
4793.74
4793.61
4791.96
4788.52
4783.69
4777.93
4772.32
4767.42
4763.91
4761.45
4759.71
4757.49
4754.32
4749.53
4744.12
4738.72
4734.58
4728.08
12852.9
11533.2
9606.77
7767.14
6974.82
6548.25
6255.06
6165.62
6039.31
5882.91
5784.39
5712.83
5602.74
5498.33
5433.4
5375.76
5312.85
5250.67
5200.66
5167.28
5133.24
5098.54
5086.45
5077.79
5058.62
5030.49
5007.36
4988.76
4972.77
4963.29
4957.89
4953.97
4949.06
4936.61
4918.68
4906.33
4901.24
4898.62
4893.95
4887.57
4885.44
4888.28
4885.44
4877.12
4872.5
4868.41
4859.53
4849.96
4844.07
4839.65
4836.38
4833.59
4828.94
4821.8
4815.07
4810.45
4806.78
4802.7
4798.2
4794.08
4791.92
4791.84
4792.67
4793.05
4791.81
4788.32
4783.13
4777.09
4771.47
4766.68
4763.23
4760.73
4758.9
4756.61
4753.4
4748.55
4743.14
4737.72
4733.65
4727.26
12703.1
10915.1
8893.51
7325.57
6783.83
6440.89
6225.8
6147.19
6023.12
5871.85
5773.32
5696.23
5583.4
5480.9
5418.12
5360.34
5297.53
5238.66
5193.86
5161.64
5127.43
5095.52
5084.58
5074.21
5053.25
5025.63
5004.63
4988.74
4975.88
4967.31
4960.13
4952.78
4943.07
4926.48
4909.79
4903.18
4904.23
4905.84
4901.65
4892.16
4884.02
4881.52
4877.23
4872.81
4873.8
4873.17
4864.34
4851.26
4841.81
4836.5
4834.5
4833.52
4830.14
4822.89
4814.79
4808.88
4804.94
4801.49
4797.75
4793.72
4791.08
4790.63
4791.57
4792.39
4791.49
4787.96
4782.47
4776.18
4770.56
4765.87
4762.51
4760
4758.13
4755.79
4752.56
4747.66
4742.25
4736.82
4732.8
4726.52
12432.5
10302.5
8270.83
7043.31
6676.88
6380.46
6205.76
6134.77
6015.05
5866.78
5764.65
5679.09
5566.04
5467.46
5407.09
5349.12
5286.7
5229.85
5188.41
5156.84
5122.91
5093.83
5083.32
5071.35
5048.89
5022.09
5002.94
4989.31
4978.88
4970.97
4962.28
4951.55
4937.05
4917.13
4902.71
4900.98
4906.84
4912.3
4908.84
4896.61
4883.27
4874.7
4869.62
4869.25
4874.64
4876.91
4868.39
4852.33
4839.59
4833.65
4832.69
4833.18
4830.89
4823.61
4814.34
4807.33
4803.19
4800.28
4797.19
4793.28
4790.23
4789.46
4790.51
4791.68
4791.06
4787.51
4781.75
4775.27
4769.67
4765.08
4761.81
4759.32
4757.44
4755.08
4751.81
4746.88
4741.47
4736.03
4732.06
4725.88
12062.8
9694.75
7784.39
6881.26
6619.72
6346.81
6188.44
6122.7
6009.15
5865.69
5760.1
5665.64
5551.14
5457.29
5399.19
5341.33
5278.98
5223.49
5184.56
5153.25
5119.37
5092.82
5082.62
5069.29
5045.42
5019.47
5002.01
4990.14
4981.43
4974.15
4964.38
4950.5
4931.45
4908.88
4897.09
4899.43
4909
4917.73
4915.48
4900.58
4882.62
4868.28
4862.79
4866.46
4875.09
4879.81
4871.63
4853.11
4837.44
4831.09
4830.99
4832.66
4831.32
4824.07
4813.82
4805.88
4801.6
4799.15
4796.63
4792.85
4789.42
4788.4
4789.54
4791
4790.63
4787.05
4781.07
4774.43
4768.86
4764.37
4761.19
4758.73
4756.86
4754.48
4751.2
4746.23
4740.82
4735.38
4731.45
4725.36
11610.9
9132.49
7437.14
6797.48
6587.67
6326.39
6173.94
6112.39
6004.06
5865.85
5757.46
5656.41
5539.78
5450.1
5393.36
5335.61
5273.58
5219.13
5181.68
5150.37
5116.56
5092.26
5082.12
5067.62
5042.68
5017.56
5001.54
4990.94
4983.48
4976.83
4966.42
4949.62
4926.31
4901.77
4892.52
4898.18
4910.52
4921.76
4921.32
4904.11
4881.53
4862.61
4856.68
4864.26
4875.26
4881.92
4874.17
4853.57
4835.44
4828.83
4829.44
4832.06
4831.51
4824.33
4813.28
4804.57
4800.2
4798.15
4796.1
4792.45
4788.71
4787.48
4788.71
4790.41
4790.23
4786.64
4780.48
4773.71
4768.16
4763.77
4760.67
4758.25
4756.38
4753.99
4750.7
4745.71
4740.29
4734.85
4730.95
4724.92
11110.6
8642.22
7211.57
6758.81
6568.04
6312.13
6163.1
6105.51
6000.58
5865.46
5755.1
5649.6
5531.43
5445.14
5389.26
5331.52
5269.78
5216.17
5179.66
5148.13
5114.33
5091.9
5081.76
5066.3
5040.58
5016.15
5001.4
4991.68
4985.09
4978.97
4968.24
4948.8
4921.57
4895.94
4888.73
4897.16
4911.56
4924.64
4926.21
4907.27
4880.12
4857.68
4851.55
4862.45
4875.36
4883.36
4876.18
4853.75
4833.73
4826.84
4828.11
4831.48
4831.59
4824.5
4812.79
4803.44
4799.03
4797.32
4795.65
4792.11
4788.12
4786.7
4788.01
4789.91
4789.88
4786.28
4779.97
4773.09
4767.57
4763.25
4760.23
4757.85
4756
4753.62
4750.32
4745.31
4739.88
4734.45
4730.57
4724.61
10595.7
8239.09
7074
6741.06
6554.63
6301.01
6156.75
6101.5
5998.79
5864.86
5752.69
5644.11
5525.4
5441.86
5386.34
5328.61
5267.13
5214.19
5178.15
5146.27
5112.53
5091.59
5081.38
5065.21
5038.93
5015.08
5001.26
4992.13
4986.09
4980.51
4969.69
4948.12
4917.22
4891.25
4885.62
4896.18
4912.18
4926.68
4929.95
4910.19
4878.53
4853.24
4847.64
4860.97
4875.42
4884.21
4877.7
4853.7
4832.28
4825.09
4826.99
4830.94
4831.56
4824.6
4812.35
4802.48
4798.05
4796.63
4795.28
4791.83
4787.64
4786.06
4787.46
4789.51
4789.61
4786.01
4779.58
4772.6
4767.11
4762.86
4759.91
4757.58
4755.75
4753.37
4750.07
4745.06
4739.62
4734.18
4730.33
4724.42
10078.7
7943.72
6995.13
6730.91
6544.79
6292.7
6155.6
6100.03
5998.15
5863.49
5749.86
5639.7
5521.1
5439.72
5384.24
5326.55
5265.2
5212.8
5177.02
5144.75
5111.06
5091.22
5081
5064.33
5037.6
5014.12
5001.01
4992.31
4986.63
4981.58
4970.74
4947.6
4913.48
4887.4
4883.23
4895.13
4912.58
4928.11
4932.67
4913.25
4876.63
4849.28
4844.82
4859.8
4875.56
4884.77
4878.82
4853.64
4831.05
4823.7
4826.15
4830.53
4831.57
4824.73
4812.03
4801.75
4797.33
4796.14
4795.04
4791.68
4787.33
4785.6
4787.08
4789.25
4789.46
4785.86
4779.33
4772.28
4766.82
4762.63
4759.73
4757.42
4755.61
4753.23
4749.93
4744.9
4739.45
4734.01
4730.18
4724.3
9570.36
7739.81
6951.07
6722.93
6537.38
6287.29
6158.05
6101.16
5998.62
5861.98
5747.25
5636.32
5517.96
5438.18
5382.64
5324.96
5263.72
5211.72
5176.07
5143.42
5109.75
5090.71
5080.54
5063.46
5036.43
5013.18
5000.61
4992.23
4986.79
4982.21
4971.44
4947.15
4910.36
4884.15
4881.38
4893.97
4912.88
4928.96
4934.53
4916.13
4874.7
4845.91
4842.72
4858.36
4876.03
4885.29
4879.62
4853.55
4829.95
4822.63
4825.44
4830.18
4831.56
4824.8
4811.75
4801.14
4796.73
4795.72
4794.82
4791.52
4787.05
4785.19
4786.73
4789.01
4789.29
4785.69
4779.08
4771.97
4766.51
4762.37
4759.52
4757.24
4755.44
4753.07
4749.76
4744.72
4739.26
4733.82
4730
4724.15
9109.72
7609.28
6929.11
6717.09
6531.59
6284.56
6162.52
6103.05
5998.13
5859.08
5744.05
5633.28
5515.46
5436.94
5381.29
5323.57
5262.45
5210.74
5175.15
5142.18
5108.51
5090.08
5079.98
5062.56
5035.42
5012.31
5000.13
4991.99
4986.72
4982.52
4971.96
4946.82
4907.89
4881.55
4879.93
4893.09
4913.08
4929.42
4935.68
4918.09
4873.42
4843.37
4841.27
4857.1
4876.15
4885.68
4880.16
4853.45
4829.02
4821.8
4824.75
4829.82
4831.46
4824.79
4811.47
4800.6
4796.21
4795.34
4794.59
4791.35
4786.77
4784.83
4786.41
4788.76
4789.1
4785.5
4778.84
4771.67
4766.23
4762.12
4759.3
4757.05
4755.26
4752.9
4749.59
4744.55
4739.08
4733.63
4729.82
4724
8682.86
7520.56
6917.67
6712.92
6526.15
6282.24
6166.59
6105.63
5999.23
5858.22
5741.85
5630.54
5512.94
5435.37
5379.71
5321.89
5260.92
5209.41
5173.83
5140.6
5106.88
5088.94
5078.91
5061.21
5034.08
5011
4999.13
4991.15
4985.99
4982.13
4971.83
4946.01
4905.41
4878.96
4878.22
4892.04
4912.35
4929.49
4936.04
4918.69
4871.99
4840.67
4839.99
4855.73
4875.54
4885.51
4880.09
4852.86
4827.74
4820.66
4823.72
4829.1
4830.89
4824.29
4810.8
4799.71
4795.34
4794.59
4793.95
4790.75
4786.09
4784.08
4785.69
4788.12
4788.49
4784.9
4778.2
4770.99
4765.56
4761.48
4758.69
4756.45
4754.68
4752.33
4749.02
4743.98
4738.5
4733.05
4729.24
4723.44
8358.52
7473.98
6915.8
6711.63
6523.05
6279.43
6167.58
6103.97
5994
5851.73
5736.99
5626.97
5510.13
5433.36
5377.71
5319.84
5259.06
5207.66
5172.12
5138.73
5104.94
5087.34
5077.42
5059.59
5032.55
5009.44
4997.8
4989.97
4984.9
4981.32
4971.28
4945.15
4903.34
4876.64
4876.69
4890.99
4911.13
4929.45
4936.19
4919.16
4870.95
4837.58
4839.26
4854.62
4874.81
4885.32
4879.86
4852.3
4826.61
4819.68
4822.95
4828.51
4830.37
4823.86
4810.26
4799
4794.67
4794
4793.45
4790.29
4785.58
4783.51
4785.15
4787.65
4788.05
4784.47
4777.74
4770.5
4765.09
4761.04
4758.27
4756.06
4754.3
4751.96
4748.65
4743.6
4738.12
4732.67
4728.87
4723.09
8061.24
7437.64
6912.21
6705.28
6515.78
6271.77
6163.06
6103.63
5996.59
5852.93
5734.81
5623.7
5506.64
5430.38
5374.74
5316.8
5256.17
5204.85
5169.36
5135.88
5102.07
5084.85
5075.05
5057.16
5030.21
5007.06
4995.62
4987.9
4982.93
4979.62
4969.78
4943.35
4900.7
4873.85
4874.41
4889.1
4909.3
4928.17
4935.3
4918.54
4869.41
4833.98
4837.63
4852.72
4873.24
4884.31
4878.7
4850.86
4824.71
4817.95
4821.35
4827.08
4829.03
4822.57
4808.86
4797.47
4793.19
4792.6
4792.11
4788.99
4784.23
4782.13
4783.8
4786.36
4786.78
4783.21
4776.45
4769.21
4763.8
4759.78
4757.03
4754.83
4753.09
4750.75
4747.45
4742.4
4736.92
4731.47
4727.68
4721.91
7929.36
7431.62
6909.61
6698.14
6507.66
6267.21
6159.94
6097.54
5988.06
5846.17
5730.74
5620.82
5504.23
5428.4
5372.91
5315.07
5254.7
5203.47
5168.08
5134.67
5100.88
5083.89
5074.2
5056.33
5029.49
5006.29
4994.97
4987.36
4982.46
4979.34
4969.64
4943.08
4900.03
4872.97
4873.82
4888.76
4909.1
4928.17
4935.41
4918.79
4869.69
4832.99
4837.41
4852.24
4873.17
4884.51
4878.86
4850.93
4824.5
4817.78
4821.27
4827.06
4829.09
4822.69
4808.9
4797.45
4793.18
4792.64
4792.19
4789.09
4784.31
4782.19
4783.89
4786.46
4786.91
4783.36
4776.58
4769.32
4763.92
4759.91
4757.18
4754.98
4753.24
4750.91
4747.62
4742.57
4737.09
4731.64
4727.85
4722.1
7760.78
7415.75
6900.84
6691.67
6503.08
6262.34
6159.53
6102.85
5997.49
5851.99
5731.4
5620.4
5503.56
5427.89
5372.54
5314.73
5254.38
5203.16
5167.8
5134.38
5100.5
5083.64
5074.01
5056.14
5029.27
5006
4994.75
4987.17
4982.29
4979.28
4969.66
4943.01
4899.58
4872.33
4873.49
4888.41
4908.85
4928.11
4935.44
4918.93
4869.58
4832.32
4836.96
4851.77
4873
4884.44
4878.81
4850.76
4824.11
4817.42
4820.96
4826.81
4828.87
4822.5
4808.64
4797.13
4792.88
4792.36
4791.92
4788.84
4784.03
4781.88
4783.61
4786.19
4786.64
4783.1
4776.3
4769.03
4763.63
4759.63
4756.89
4754.7
4752.96
4750.63
4747.34
4742.29
4736.8
4731.35
4727.57
4721.81
)
;

boundaryField
{
    inlet
    {
        type            fixedValue;
        value           uniform 4010;
    }
    outlet
    {
        type            zeroGradient;
    }
    bottom
    {
        type            zeroGradient;
    }
    top
    {
        type            zeroGradient;
    }
    upstream
    {
        type            symmetryPlane;
    }
    defaultFaces
    {
        type            empty;
    }
}


// ************************************************************************* //
