/*--------------------------------*- C++ -*----------------------------------*\
  =========                 |
  \\      /  F ield         | OpenFOAM: The Open Source CFD Toolbox
   \\    /   O peration     | Website:  https://openfoam.org
    \\  /    A nd           | Version:  13
     \\/     M anipulation  |
\*---------------------------------------------------------------------------*/
FoamFile
{
    format      ascii;
    class       volVectorField;
    location    "0.001";
    object      U;
}
// * * * * * * * * * * * * * * * * * * * * * * * * * * * * * * * * * * * * * //

dimensions      [0 1 -1 0 0 0 0];

internalField   nonuniform List<vector> 
16072
(
(809.751 0 13.1594)
(780.997 0 -2.10844)
(742.534 0 -14.6735)
(656.546 0 -12.072)
(538.544 0 -1.60565)
(457.002 0 6.22343)
(819.713 0 12.4475)
(804.671 0 17.9019)
(789.539 0 16.8773)
(776.638 0 13.3347)
(749.849 0 7.32395)
(714.492 0 1.00376)
(822.639 0 9.95772)
(816.351 0 16.3611)
(809.247 0 13.3807)
(806.104 0 10.4901)
(801.635 0 9.75698)
(791.454 0 9.5969)
(824.871 0 5.50128)
(819.951 0 17.6447)
(817.454 0 18.77)
(815.453 0 15.3378)
(814.684 0 12.7741)
(813.408 0 9.88156)
(825.981 0 4.14579)
(822.069 0 14.6918)
(820.63 0 16.9697)
(819.602 0 15.2423)
(819.105 0 12.9892)
(819.044 0 11.7092)
(826.116 0 2.57851)
(823.31 0 11.093)
(821.782 0 17.7372)
(821.451 0 16.9553)
(821.28 0 14.4222)
(821.306 0 12.0847)
(826.276 0 1.23473)
(824.359 0 10.3541)
(822.569 0 16.0999)
(822.228 0 16.5043)
(822.232 0 15.1341)
(822.432 0 13.0691)
(826.372 0 0.664536)
(825.3 0 6.53537)
(823.011 0 13.8952)
(822.511 0 16.4288)
(822.593 0 15.9171)
(822.89 0 13.7648)
(826.443 0 0.297957)
(825.682 0 4.29092)
(823.484 0 13.6005)
(822.786 0 15.6659)
(822.742 0 16.1137)
(822.949 0 14.8747)
(826.468 0 0.146188)
(825.986 0 2.47616)
(824.732 0 8.75394)
(823.179 0 14.5608)
(822.813 0 16.011)
(822.952 0 15.3473)
(826.48 0 0.0713769)
(826.235 0 1.2518)
(825.181 0 6.62517)
(823.729 0 13.3215)
(822.86 0 16.3985)
(823.024 0 15.4789)
(826.489 0 0.0323852)
(826.36 0 0.652198)
(825.764 0 3.51544)
(824.488 0 10.046)
(823.442 0 14.8263)
(823.14 0 15.212)
(826.495 0 0.0140339)
(826.433 0 0.300859)
(826.085 0 1.94655)
(825.199 0 6.50873)
(823.648 0 14.3431)
(823.196 0 14.9406)
(826.498 0 0.00558154)
(826.465 0 0.14472)
(826.303 0 0.901736)
(825.702 0 3.80992)
(824.587 0 9.53173)
(823.518 0 13.4346)
(826.499 0 0.00211723)
(826.483 0 0.0644222)
(826.406 0 0.421185)
(826.125 0 1.76169)
(825.156 0 6.43748)
(823.895 0 11.7027)
(826.5 0 0.000756132)
(826.493 0 0.0265257)
(826.456 0 0.18545)
(826.318 0 0.833945)
(825.825 0 3.09871)
(824.675 0 8.12995)
(826.5 0 0.000254103)
(826.497 0 0.0100403)
(826.48 0 0.0795932)
(826.42 0 0.348103)
(826.173 0 1.4847)
(825.727 0 3.80485)
(826.5 0 7.98185e-05)
(826.499 0 0.0035737)
(826.492 0 0.0298129)
(826.464 0 0.150103)
(826.37 0 0.569965)
(826.117 0 1.82918)
(826.5 0 2.36878e-05)
(826.5 0 0.00115919)
(826.497 0 0.0105647)
(826.486 0 0.0566351)
(826.445 0 0.233964)
(826.335 0 0.733939)
(826.5 0 6.55229e-06)
(826.5 0 0.000349416)
(826.499 0 0.0033885)
(826.495 0 0.0196751)
(826.478 0 0.0866993)
(826.432 0 0.289324)
(826.5 0 1.70087e-06)
(826.5 0 9.66201e-05)
(826.5 0 0.000999879)
(826.498 0 0.00622056)
(826.493 0 0.0288757)
(826.474 0 0.104548)
(826.5 0 4.11066e-07)
(826.5 0 2.46171e-05)
(826.5 0 0.000269842)
(826.5 0 0.00178752)
(826.498 0 0.00877518)
(826.491 0 0.0338212)
(826.5 0 9.25181e-08)
(826.5 0 5.76306e-06)
(826.5 0 6.66351e-05)
(826.5 0 0.000467747)
(826.499 0 0.00242417)
(826.497 0 0.00977164)
(826.5 0 1.93127e-08)
(826.5 0 1.23976e-06)
(826.5 0 1.50453e-05)
(826.5 0 0.000111587)
(826.5 0 0.00060539)
(826.499 0 0.00257602)
(826.5 0 3.73611e-09)
(826.5 0 2.4486e-07)
(826.5 0 3.10738e-06)
(826.5 0 2.42251e-05)
(826.5 0 0.000137549)
(826.5 0 0.00061171)
(826.5 0 6.70256e-10)
(826.5 0 4.43919e-08)
(826.5 0 5.86674e-07)
(826.5 0 4.79281e-06)
(826.5 0 2.83771e-05)
(826.5 0 0.000131268)
(826.5 0 1.08196e-10)
(826.5 0 7.3738e-09)
(826.5 0 1.01227e-07)
(826.5 0 8.64623e-07)
(826.5 0 5.30918e-06)
(826.5 0 2.55985e-05)
(826.5 0 2.02061e-11)
(826.5 0 1.13624e-09)
(826.5 0 1.59863e-08)
(826.5 0 1.42145e-07)
(826.5 0 9.0316e-07)
(826.5 0 4.51679e-06)
(826.5 0 2.29941e-12)
(826.5 0 1.61075e-10)
(826.5 0 2.31273e-09)
(826.5 0 2.13293e-08)
(826.5 0 1.39522e-07)
(826.5 0 7.23552e-07)
(826.5 0 -3.32076e-12)
(826.5 0 1.33162e-11)
(826.5 0 2.89405e-10)
(826.5 0 2.89525e-09)
(826.5 0 1.9555e-08)
(826.5 0 1.052e-07)
(826.5 0 -1.02949e-12)
(826.5 0 -3.0853e-12)
(826.5 0 2.82396e-11)
(826.5 0 3.52282e-10)
(826.5 0 2.48058e-09)
(826.5 0 1.38865e-08)
(826.5 0 1.45829e-12)
(826.5 0 2.57363e-12)
(826.5 0 7.36348e-12)
(826.5 0 4.30908e-11)
(826.5 0 2.89439e-10)
(826.5 0 1.6717e-09)
(826.5 0 1.07893e-12)
(826.5 0 3.55709e-12)
(826.5 0 3.23264e-12)
(826.5 0 3.5808e-12)
(826.5 0 2.56094e-11)
(826.5 0 1.7352e-10)
(826.5 0 -8.69139e-13)
(826.5 0 -1.22507e-12)
(826.5 0 -3.20687e-12)
(826.5 0 -6.88217e-12)
(826.5 0 -6.92136e-12)
(826.5 0 5.87597e-12)
(826.5 0 -2.64403e-13)
(826.5 0 -1.07416e-12)
(826.5 0 -1.85231e-12)
(826.5 0 -1.12466e-12)
(826.5 0 2.02132e-13)
(826.5 0 6.91722e-13)
(826.5 0 5.51825e-14)
(826.5 0 -5.13294e-13)
(826.5 0 -1.01049e-12)
(826.5 0 -3.49907e-13)
(826.5 0 9.30787e-13)
(826.5 0 3.79819e-12)
(826.5 0 3.1278e-13)
(826.5 0 -4.88991e-13)
(826.5 0 1.16254e-13)
(826.5 0 4.37235e-13)
(826.5 0 3.48466e-12)
(826.5 0 7.05478e-12)
(826.5 0 -1.30143e-13)
(826.5 0 2.84332e-12)
(826.5 0 6.43663e-12)
(826.5 0 8.77431e-12)
(826.5 0 1.14199e-11)
(826.5 0 1.20186e-11)
(826.5 0 -2.07706e-13)
(826.5 0 7.31082e-13)
(826.5 0 8.91217e-13)
(826.5 0 1.35175e-12)
(826.5 0 7.81324e-13)
(826.5 0 -4.21533e-12)
(826.5 0 2.9293e-13)
(826.5 0 -1.79568e-12)
(826.5 0 -1.57232e-12)
(826.5 0 -1.26497e-12)
(826.5 0 -1.7611e-12)
(826.5 0 1.63848e-13)
(826.5 0 -1.91325e-13)
(826.5 0 -6.5342e-13)
(826.5 0 1.58361e-14)
(826.5 0 1.18194e-12)
(826.5 0 4.60037e-12)
(826.5 0 8.93276e-12)
(826.5 0 8.57678e-13)
(826.5 0 1.12827e-12)
(826.5 0 1.45483e-12)
(826.5 0 1.63996e-12)
(826.5 0 2.3232e-12)
(826.5 0 1.93253e-12)
(826.5 0 -6.20017e-13)
(826.5 0 -5.70463e-13)
(826.5 0 -6.2822e-13)
(826.5 0 6.99273e-14)
(826.5 0 -8.10581e-13)
(826.5 0 -2.51145e-12)
(826.5 0 -7.58716e-13)
(826.5 0 -9.55775e-13)
(826.5 0 -9.26633e-13)
(826.5 0 -9.92788e-13)
(826.5 0 -8.58034e-13)
(826.5 0 8.43755e-13)
(826.5 0 2.44682e-13)
(826.5 0 1.40713e-14)
(826.5 0 6.46959e-13)
(826.5 0 2.55474e-13)
(826.5 0 1.37335e-12)
(826.5 0 1.04745e-12)
(826.5 0 5.71165e-13)
(826.5 0 7.69496e-13)
(826.5 0 9.755e-13)
(826.5 0 2.25081e-12)
(826.5 0 2.19219e-12)
(826.5 0 -1.64723e-13)
(826.5 0 4.80377e-14)
(826.5 0 -7.52341e-13)
(826.5 0 -9.30185e-13)
(826.5 0 -4.78379e-13)
(826.5 0 4.82706e-13)
(826.5 0 4.79629e-12)
(826.5 0 -1.15523e-12)
(826.5 0 -2.09599e-12)
(826.5 0 -1.50947e-12)
(826.5 0 -2.82722e-12)
(826.5 0 -1.35489e-12)
(826.5 0 -1.9662e-12)
(826.5 0 1.85846e-15)
(826.5 0 9.14233e-14)
(826.5 0 4.71583e-13)
(826.5 0 -1.26842e-12)
(826.5 0 -1.94652e-12)
(826.5 0 -6.86041e-12)
(826.5 0 9.81589e-13)
(826.5 0 7.59737e-13)
(826.5 0 -5.66046e-13)
(826.5 0 -1.12745e-12)
(826.5 0 -4.444e-12)
(826.5 0 -5.87087e-12)
(826.5 0 -6.12113e-13)
(826.5 0 -4.11249e-13)
(826.5 0 -7.42336e-13)
(826.5 0 -1.29363e-12)
(826.5 0 8.56014e-13)
(826.5 0 2.42786e-12)
(826.5 0 -6.18726e-13)
(826.5 0 -4.39132e-13)
(826.5 0 4.5275e-13)
(826.5 0 6.31111e-13)
(826.5 0 2.50677e-12)
(826.5 0 7.50316e-12)
(826.5 0 1.62935e-12)
(826.5 0 1.73814e-12)
(826.5 0 2.98209e-12)
(826.5 0 1.67552e-12)
(826.5 0 -2.49939e-12)
(826.5 0 -1.33417e-11)
(826.5 0 2.76761e-13)
(826.5 0 1.33579e-12)
(826.5 0 1.85352e-12)
(826.5 0 8.28385e-13)
(826.5 0 -4.37922e-12)
(826.5 0 -4.98153e-11)
(826.5 0 -1.45856e-13)
(826.5 0 -6.07936e-13)
(826.5 0 1.55791e-13)
(826.5 0 1.43996e-12)
(826.5 0 1.59598e-13)
(826.5 0 -1.81172e-10)
(826.5 0 -7.75833e-13)
(826.5 0 -1.54541e-12)
(826.5 0 -3.19896e-14)
(826.5 0 2.4384e-12)
(826.5 0 -1.15616e-11)
(826.5 0 -9.52752e-10)
(826.5 0 4.3811e-14)
(826.5 0 1.42898e-12)
(826.5 0 6.16528e-13)
(826.5 0 -4.45392e-14)
(826.5 0 -7.13576e-11)
(826.5 0 -4.53032e-09)
(826.5 0 3.15738e-12)
(826.5 0 3.24258e-12)
(826.5 0 -9.08923e-13)
(826.5 0 -7.96445e-12)
(826.5 0 -3.03213e-10)
(826.5 0 -1.93652e-08)
(826.5 0 9.15651e-13)
(826.5 0 4.99488e-13)
(826.5 0 -2.93202e-12)
(826.5 0 -2.74324e-11)
(826.5 0 -1.17405e-09)
(826.5 0 -7.56838e-08)
(826.5 0 -1.33652e-12)
(826.5 0 2.38465e-12)
(826.5 0 2.20007e-12)
(826.5 0 -6.68724e-11)
(826.5 0 -4.19068e-09)
(826.5 0 -2.71026e-07)
(826.5 0 -1.25608e-12)
(826.5 0 1.22248e-12)
(826.5 0 7.88128e-13)
(826.5 0 -2.26198e-10)
(826.5 0 -1.39023e-08)
(826.5 0 -8.90732e-07)
(826.5 0 5.13669e-14)
(826.5 0 -3.19724e-12)
(826.5 0 -1.7407e-11)
(826.5 0 -7.57518e-10)
(826.5 0 -4.27611e-08)
(826.5 0 -2.69333e-06)
(826.5 0 2.83252e-12)
(826.5 0 -3.27223e-13)
(826.5 0 -5.89994e-11)
(826.5 0 -2.26033e-09)
(826.5 0 -1.22031e-07)
(826.5 0 -7.51913e-06)
(826.5 0 4.89513e-12)
(826.5 0 1.96282e-12)
(826.5 0 -1.52591e-10)
(826.5 0 -6.26485e-09)
(826.5 0 -3.24595e-07)
(826.5 0 -1.93929e-05)
(826.5 0 2.593e-12)
(826.5 0 -4.23945e-12)
(826.5 0 -4.07774e-10)
(826.5 0 -1.62734e-08)
(826.5 0 -8.05933e-07)
(826.5 0 -4.65406e-05)
(826.5 0 1.92007e-12)
(826.5 0 -2.30572e-11)
(826.5 0 -1.00335e-09)
(826.5 0 -3.95552e-08)
(826.5 0 -1.87649e-06)
(826.5 0 -0.00010319)
(826.5 0 -2.40694e-13)
(826.5 0 -4.99183e-11)
(826.5 0 -2.26485e-09)
(826.5 0 -9.02856e-08)
(826.5 0 -4.08947e-06)
(826.5 0 -0.000215121)
(826.5 0 -6.93598e-12)
(826.5 0 -1.10245e-10)
(826.5 0 -4.77964e-09)
(826.5 0 -1.93235e-07)
(826.5 0 -8.39082e-06)
(826.5 0 -0.00041334)
(826.5 0 -8.97685e-12)
(826.5 0 -2.20699e-10)
(826.5 0 -9.4009e-09)
(826.5 0 -3.89547e-07)
(826.5 0 -1.61209e-05)
(826.5 0 -0.000761822)
(826.5 0 -7.99716e-12)
(826.5 0 -3.85949e-10)
(826.5 0 -1.73029e-08)
(826.5 0 -7.39406e-07)
(826.5 0 -2.93484e-05)
(826.499 0 -0.00128674)
(826.5 0 -9.67196e-12)
(826.5 0 -6.52823e-10)
(826.5 0 -2.98777e-08)
(826.5 0 -1.33151e-06)
(826.5 0 -5.02104e-05)
(826.498 0 -0.00213266)
(826.5 0 -1.40722e-11)
(826.5 0 -1.05132e-09)
(826.5 0 -4.8448e-08)
(826.5 0 -2.27954e-06)
(826.5 0 -8.17125e-05)
(826.497 0 -0.00307856)
(826.5 0 -2.0354e-11)
(826.5 0 -1.57845e-09)
(826.5 0 -7.29275e-08)
(826.5 0 -3.63044e-06)
(826.5 0 -0.000127131)
(826.494 0 -0.00447156)
(826.5 0 -2.62976e-11)
(826.5 0 -2.23049e-09)
(826.5 0 -1.01217e-07)
(826.5 0 -5.13232e-06)
(826.5 0 -0.000179815)
(826.491 0 -0.00677509)
(826.5 0 -3.64343e-11)
(826.5 0 -3.1236e-09)
(826.5 0 -1.39441e-07)
(826.5 0 -8.19721e-06)
(826.499 0 -0.000213413)
(826.498 0 -0.010778)
(826.5 0 -4.83343e-11)
(826.5 0 -4.01482e-09)
(826.5 0 -1.8373e-07)
(826.5 0 -1.15328e-05)
(826.499 0 -0.000393508)
(826.531 0 -0.0101112)
(826.5 0 -5.58575e-11)
(826.5 0 -4.70052e-09)
(826.5 0 -2.10882e-07)
(826.5 0 -1.36526e-05)
(826.497 0 -0.000473042)
(826.534 0 -0.011284)
(826.5 0 -6.01513e-11)
(826.5 0 -4.83543e-09)
(826.5 0 -2.15853e-07)
(826.5 0 -1.42496e-05)
(826.495 0 -0.000493643)
(826.519 0 -0.00916434)
(826.5 0 -5.68825e-11)
(826.5 0 -4.4039e-09)
(826.5 0 -1.97415e-07)
(826.5 0 -1.3216e-05)
(826.493 0 -0.000476659)
(826.498 0 -0.00700898)
(826.5 0 -4.56839e-11)
(826.5 0 -3.50029e-09)
(826.5 0 -1.59151e-07)
(826.5 0 -1.13065e-05)
(826.491 0 -0.000400639)
(826.49 0 -0.0119553)
(826.5 0 -2.88272e-11)
(826.5 0 -2.29989e-09)
(826.5 0 -1.09446e-07)
(826.5 0 -8.01153e-06)
(826.489 0 -0.000252754)
(826.48 0 0.0136984)
(826.5 0 -9.41715e-12)
(826.5 0 -7.98548e-10)
(826.5 0 -3.87245e-08)
(826.5 0 -2.73177e-06)
(826.489 0 -7.48537e-05)
(826.402 0 -0.221002)
(410.759 0 7.03066)
(381.339 0 7.9853)
(363.53 0 8.13663)
(353.004 0 7.61277)
(347.751 0 7.10215)
(347.756 0 6.68314)
(351.587 0 6.3509)
(355.233 0 5.97949)
(357.006 0 5.6535)
(357.308 0 5.29518)
(357.397 0 4.92019)
(356.951 0 4.56439)
(356.226 0 4.22316)
(355.207 0 3.90662)
(354.09 0 3.60743)
(352.656 0 3.3586)
(350.045 0 3.14433)
(346.941 0 2.92153)
(343.918 0 2.71046)
(340.961 0 2.52219)
(338.078 0 2.36419)
(335.29 0 2.22466)
(332.449 0 2.11439)
(329.853 0 2.02025)
(327.284 0 1.93731)
(324.77 0 1.86972)
(322.253 0 1.82925)
(319.899 0 1.79922)
(317.594 0 1.77979)
(315.301 0 1.77389)
(313.129 0 1.7642)
(311.657 0 1.71952)
(310.445 0 1.69178)
(309.176 0 1.66029)
(307.873 0 1.63143)
(306.545 0 1.61188)
(305.281 0 1.57451)
(304.057 0 1.56127)
(302.925 0 1.52745)
(301.535 0 1.47006)
(300.318 0 1.4575)
(299.061 0 1.51005)
(299.238 0 1.45845)
(297.44 0 1.28807)
(293.833 0 1.17081)
(287.717 0 0.848597)
(274.839 0 0.474277)
(254.766 0 0.39545)
(237.88 0 0.583293)
(227.516 0 0.739578)
(220.892 0 0.764008)
(216.563 0 0.743628)
(213.455 0 0.721769)
(211.008 0 0.703442)
(208.921 0 0.687966)
(207.03 0 0.675341)
(205.293 0 0.663089)
(203.672 0 0.651173)
(202.142 0 0.63984)
(200.689 0 0.628853)
(199.316 0 0.618323)
(197.999 0 0.60824)
(196.735 0 0.598499)
(195.508 0 0.588945)
(194.326 0 0.579654)
(193.166 0 0.570587)
(192.051 0 0.561795)
(190.948 0 0.553039)
(189.876 0 0.545447)
(188.733 0 0.538515)
(187.562 0 0.529971)
(186.39 0 0.520703)
(185.234 0 0.511585)
(184.081 0 0.502884)
(182.95 0 0.494346)
(181.83 0 0.486098)
(180.738 0 0.477964)
(179.66 0 0.470082)
(178.61 0 0.462362)
(177.577 0 0.454727)
(176.568 0 0.447249)
(175.567 0 0.439726)
(174.579 0 0.432483)
(173.597 0 0.425257)
(172.627 0 0.418521)
(171.665 0 0.411613)
(170.717 0 0.40511)
(169.785 0 0.398365)
(168.872 0 0.392146)
(167.975 0 0.385798)
(167.096 0 0.379736)
(166.226 0 0.373414)
(165.361 0 0.367499)
(164.499 0 0.36141)
(163.644 0 0.355863)
(162.795 0 0.350218)
(161.961 0 0.34487)
(161.14 0 0.339303)
(160.342 0 0.333922)
(159.555 0 0.328514)
(158.793 0 0.323412)
(158.037 0 0.318161)
(157.297 0 0.313382)
(156.553 0 0.308242)
(155.824 0 0.303974)
(155.084 0 0.298855)
(154.367 0 0.295363)
(153.632 0 0.289888)
(152.917 0 0.289453)
(152.095 0 0.27426)
(678.406 0 -1.34196)
(647.905 0 -3.10207)
(623.633 0 -3.69695)
(605.141 0 -3.60353)
(591.063 0 -3.4527)
(580.942 0 -3.16855)
(574.02 0 -2.75452)
(568.122 0 -2.20833)
(562.009 0 -1.69004)
(555.823 0 -1.26029)
(549.913 0 -0.862739)
(544.194 0 -0.492813)
(538.557 0 -0.160697)
(533.048 0 0.138897)
(527.708 0 0.402551)
(522.543 0 0.671306)
(517.128 0 0.948285)
(511.705 0 1.16736)
(506.359 0 1.34757)
(501.261 0 1.50601)
(496.283 0 1.64391)
(491.442 0 1.77901)
(486.67 0 1.89576)
(482.09 0 1.9891)
(477.653 0 2.08269)
(473.396 0 2.16014)
(469.22 0 2.21681)
(465.072 0 2.25626)
(461.088 0 2.30375)
(457.073 0 2.33659)
(453.29 0 2.32932)
(450.028 0 2.2615)
(447.032 0 2.21829)
(444.246 0 2.18084)
(441.514 0 2.14054)
(438.783 0 2.10263)
(436.151 0 2.02448)
(433.602 0 2.02225)
(430.942 0 2.01319)
(428.562 0 1.90012)
(426.205 0 1.88346)
(423.801 0 1.76325)
(421.377 0 1.75506)
(419.001 0 1.94414)
(416.292 0 2.08298)
(412.824 0 2.43066)
(407.592 0 3.07903)
(400.49 0 3.26375)
(393.703 0 2.52972)
(388.402 0 1.98398)
(384.526 0 1.72908)
(381.682 0 1.60187)
(379.42 0 1.53494)
(377.479 0 1.49351)
(375.703 0 1.46447)
(373.992 0 1.44082)
(372.329 0 1.4181)
(370.712 0 1.39636)
(369.128 0 1.37558)
(367.573 0 1.35519)
(366.06 0 1.3354)
(364.578 0 1.3169)
(363.125 0 1.29905)
(361.689 0 1.28136)
(360.279 0 1.26379)
(358.882 0 1.24688)
(357.513 0 1.2301)
(356.151 0 1.21408)
(354.794 0 1.19975)
(353.416 0 1.18747)
(352.036 0 1.17268)
(350.659 0 1.1563)
(349.298 0 1.13985)
(347.942 0 1.12422)
(346.607 0 1.10882)
(345.287 0 1.094)
(343.993 0 1.07924)
(342.714 0 1.06495)
(341.461 0 1.05095)
(340.225 0 1.03716)
(339.012 0 1.02366)
(337.809 0 1.01002)
(336.618 0 0.996755)
(335.433 0 0.983421)
(334.26 0 0.970978)
(333.098 0 0.958157)
(331.951 0 0.945982)
(330.818 0 0.933286)
(329.705 0 0.921528)
(328.606 0 0.909677)
(327.525 0 0.898299)
(326.455 0 0.886486)
(325.392 0 0.875206)
(324.329 0 0.863622)
(323.273 0 0.852939)
(322.221 0 0.842159)
(321.184 0 0.831807)
(320.157 0 0.821115)
(319.152 0 0.810455)
(318.157 0 0.799925)
(317.184 0 0.789766)
(316.219 0 0.779422)
(315.272 0 0.769815)
(314.324 0 0.759704)
(313.393 0 0.751018)
(312.453 0 0.741178)
(311.537 0 0.733889)
(310.597 0 0.724644)
(309.699 0 0.723009)
(308.544 0 0.692827)
(774.696 0 7.76352)
(755.791 0 6.58948)
(737.125 0 5.76681)
(720.386 0 4.6166)
(705.557 0 3.66235)
(692.469 0 2.79052)
(681.319 0 2.17321)
(671.656 0 1.86991)
(662.827 0 1.72355)
(654.654 0 1.57768)
(647.106 0 1.46662)
(640.057 0 1.39452)
(633.336 0 1.33703)
(626.93 0 1.28081)
(620.843 0 1.24011)
(615.062 0 1.23974)
(609.498 0 1.28481)
(604.089 0 1.28493)
(598.815 0 1.26766)
(593.756 0 1.24381)
(588.855 0 1.23745)
(584.089 0 1.23822)
(579.464 0 1.25137)
(574.949 0 1.26932)
(570.569 0 1.2902)
(566.326 0 1.31082)
(562.189 0 1.33449)
(558.093 0 1.35927)
(554.069 0 1.38199)
(550.118 0 1.41436)
(546.272 0 1.44158)
(542.457 0 1.40803)
(538.879 0 1.38393)
(535.488 0 1.37611)
(532.208 0 1.36626)
(529.046 0 1.35108)
(525.893 0 1.35785)
(522.881 0 1.32593)
(519.877 0 1.32036)
(517.026 0 1.28912)
(514.123 0 1.27617)
(511.337 0 1.27715)
(508.22 0 1.2705)
(505.567 0 1.24875)
(503.089 0 1.27927)
(500.633 0 1.30898)
(498.105 0 1.47222)
(495.913 0 1.72472)
(493.886 0 1.66524)
(491.724 0 1.53375)
(489.825 0 1.42063)
(488.194 0 1.33621)
(486.712 0 1.28995)
(485.299 0 1.26277)
(483.908 0 1.24856)
(482.495 0 1.23937)
(481.062 0 1.23018)
(479.624 0 1.22185)
(478.182 0 1.21471)
(476.733 0 1.20757)
(475.295 0 1.19973)
(473.87 0 1.19394)
(472.454 0 1.18876)
(471.04 0 1.18385)
(469.636 0 1.1783)
(468.236 0 1.17408)
(466.85 0 1.16881)
(465.465 0 1.16524)
(464.074 0 1.16328)
(462.687 0 1.16457)
(461.31 0 1.1619)
(459.942 0 1.15714)
(458.584 0 1.15161)
(457.232 0 1.14726)
(455.896 0 1.14207)
(454.577 0 1.13777)
(453.282 0 1.13287)
(452.003 0 1.12917)
(450.746 0 1.12512)
(449.505 0 1.12161)
(448.284 0 1.11781)
(447.074 0 1.11413)
(445.872 0 1.11035)
(444.675 0 1.10639)
(443.489 0 1.10289)
(442.315 0 1.09877)
(441.156 0 1.09529)
(440.01 0 1.09111)
(438.882 0 1.08798)
(437.767 0 1.08468)
(436.67 0 1.08171)
(435.583 0 1.07812)
(434.503 0 1.0754)
(433.421 0 1.07206)
(432.345 0 1.0694)
(431.272 0 1.06645)
(430.213 0 1.06365)
(429.162 0 1.06044)
(428.131 0 1.05689)
(427.107 0 1.05404)
(426.102 0 1.05077)
(425.105 0 1.04767)
(424.123 0 1.04484)
(423.143 0 1.04172)
(422.177 0 1.03965)
(421.209 0 1.03654)
(420.26 0 1.03637)
(419.292 0 1.03335)
(418.379 0 1.04528)
(417.119 0 1.00482)
(808.785 0 8.5252)
(801.081 0 6.25598)
(790.999 0 5.00659)
(779.978 0 4.17623)
(768.698 0 3.30687)
(757.051 0 2.53944)
(745.678 0 2.09105)
(735.045 0 1.82939)
(725.171 0 1.58071)
(716.042 0 1.33154)
(707.621 0 1.16613)
(699.815 0 1.08509)
(692.484 0 1.02203)
(685.606 0 0.957835)
(679.166 0 0.927186)
(673.122 0 0.944819)
(667.433 0 0.992255)
(662.023 0 1.01099)
(656.839 0 1.00069)
(651.888 0 0.985641)
(647.144 0 0.979538)
(642.559 0 0.988269)
(638.146 0 0.999199)
(633.86 0 1.01409)
(629.725 0 1.02706)
(625.731 0 1.03619)
(621.843 0 1.04514)
(618.021 0 1.0465)
(614.252 0 1.05185)
(610.58 0 1.05771)
(607.003 0 1.05294)
(603.315 0 1.02608)
(599.691 0 1.00388)
(596.204 0 0.982737)
(592.84 0 0.966802)
(589.594 0 0.947308)
(586.417 0 0.935662)
(583.301 0 0.910663)
(580.274 0 0.878492)
(577.3 0 0.876188)
(574.332 0 0.888081)
(571.479 0 0.818008)
(568.398 0 0.824928)
(565.64 0 0.871271)
(563.091 0 0.938076)
(560.756 0 1.09101)
(558.732 0 1.45526)
(557.794 0 1.66462)
(557.543 0 1.33227)
(557.147 0 1.04272)
(556.533 0 0.870021)
(555.791 0 0.782172)
(554.935 0 0.74618)
(553.99 0 0.729724)
(552.973 0 0.723943)
(551.88 0 0.725897)
(550.723 0 0.724654)
(549.531 0 0.722203)
(548.308 0 0.720755)
(547.058 0 0.718542)
(545.797 0 0.714425)
(544.533 0 0.712694)
(543.263 0 0.7116)
(541.986 0 0.710251)
(540.706 0 0.707699)
(539.423 0 0.706764)
(538.14 0 0.704187)
(536.856 0 0.703982)
(535.567 0 0.705566)
(534.283 0 0.70861)
(533.013 0 0.70753)
(531.752 0 0.704521)
(530.498 0 0.700802)
(529.244 0 0.698526)
(528.001 0 0.694748)
(526.773 0 0.691805)
(525.566 0 0.687936)
(524.377 0 0.685748)
(523.206 0 0.683213)
(522.05 0 0.681342)
(520.911 0 0.679187)
(519.78 0 0.677245)
(518.655 0 0.675338)
(517.531 0 0.672982)
(516.415 0 0.670915)
(515.31 0 0.667662)
(514.22 0 0.665298)
(513.142 0 0.662068)
(512.081 0 0.660309)
(511.033 0 0.658362)
(510.001 0 0.656749)
(508.978 0 0.654439)
(507.961 0 0.653562)
(506.941 0 0.651952)
(505.923 0 0.651004)
(504.909 0 0.64943)
(503.906 0 0.647808)
(502.913 0 0.645702)
(501.936 0 0.643065)
(500.967 0 0.641797)
(500.012 0 0.639712)
(499.064 0 0.637906)
(498.127 0 0.636427)
(497.192 0 0.634597)
(496.268 0 0.63401)
(495.343 0 0.632025)
(494.438 0 0.633649)
(493.516 0 0.631659)
(492.661 0 0.646476)
(491.422 0 0.603679)
(818.273 0 9.6726)
(816.257 0 8.46857)
(812.545 0 7.88891)
(807.437 0 6.87777)
(801.355 0 6.19487)
(794.022 0 5.55567)
(785.769 0 5.02119)
(777.043 0 4.66571)
(768.162 0 4.26612)
(759.445 0 3.80441)
(751.041 0 3.39432)
(743.029 0 3.03978)
(735.397 0 2.68735)
(728.187 0 2.35748)
(721.433 0 2.09815)
(715.106 0 1.92269)
(709.156 0 1.80492)
(703.55 0 1.67539)
(698.239 0 1.53551)
(693.206 0 1.40784)
(688.423 0 1.3091)
(683.842 0 1.24324)
(679.457 0 1.1929)
(675.236 0 1.15357)
(671.185 0 1.11603)
(667.285 0 1.07752)
(663.503 0 1.04333)
(659.805 0 1.01135)
(656.179 0 0.983563)
(652.651 0 0.957187)
(649.236 0 0.932079)
(645.777 0 0.899732)
(642.306 0 0.869855)
(638.904 0 0.842881)
(635.6 0 0.820586)
(632.396 0 0.800368)
(629.283 0 0.775911)
(626.221 0 0.759278)
(623.237 0 0.734182)
(620.309 0 0.725538)
(617.428 0 0.716021)
(614.597 0 0.666169)
(611.686 0 0.690612)
(608.948 0 0.667111)
(606.332 0 0.690675)
(603.91 0 0.738441)
(601.791 0 0.909077)
(600.646 0 1.01054)
(600.428 0 0.757779)
(600.425 0 0.535763)
(600.247 0 0.394693)
(599.877 0 0.321985)
(599.333 0 0.294557)
(598.648 0 0.286231)
(597.859 0 0.289949)
(596.975 0 0.299768)
(596.01 0 0.30404)
(594.996 0 0.305933)
(593.944 0 0.309088)
(592.854 0 0.310934)
(591.742 0 0.309652)
(590.619 0 0.311268)
(589.484 0 0.313767)
(588.338 0 0.315565)
(587.18 0 0.315681)
(586.015 0 0.317771)
(584.844 0 0.317468)
(583.673 0 0.320084)
(582.504 0 0.324798)
(581.339 0 0.331306)
(580.186 0 0.332886)
(579.041 0 0.332497)
(577.898 0 0.331559)
(576.753 0 0.332501)
(575.612 0 0.331053)
(574.483 0 0.330275)
(573.374 0 0.328091)
(572.282 0 0.328135)
(571.207 0 0.327777)
(570.146 0 0.328331)
(569.099 0 0.32859)
(568.06 0 0.329307)
(567.024 0 0.330371)
(565.986 0 0.330791)
(564.952 0 0.331239)
(563.926 0 0.329659)
(562.916 0 0.329214)
(561.918 0 0.327597)
(560.937 0 0.328037)
(559.967 0 0.328157)
(559.013 0 0.32876)
(558.068 0 0.328568)
(557.128 0 0.330663)
(556.183 0 0.331886)
(555.239 0 0.333794)
(554.296 0 0.334438)
(553.365 0 0.334776)
(552.443 0 0.33432)
(551.538 0 0.333342)
(550.64 0 0.334468)
(549.754 0 0.334435)
(548.873 0 0.334898)
(548.001 0 0.335868)
(547.128 0 0.336253)
(546.265 0 0.338442)
(545.399 0 0.338036)
(544.555 0 0.342804)
(543.694 0 0.341117)
(542.908 0 0.361876)
(541.739 0 0.315345)
(821.2 0 10.9706)
(820.855 0 8.82479)
(819.842 0 8.09175)
(818.038 0 7.43271)
(815.634 0 6.76186)
(812.239 0 6.14455)
(807.859 0 5.9542)
(802.629 0 5.83735)
(796.631 0 5.52394)
(790.097 0 5.1057)
(783.226 0 4.74479)
(776.192 0 4.40999)
(769.129 0 4.04368)
(762.188 0 3.65227)
(755.487 0 3.29919)
(749.074 0 3.01742)
(742.934 0 2.79987)
(737.094 0 2.57178)
(731.556 0 2.33682)
(726.319 0 2.11648)
(721.358 0 1.93755)
(716.637 0 1.80508)
(712.138 0 1.69906)
(707.837 0 1.61304)
(703.727 0 1.53595)
(699.783 0 1.4628)
(695.972 0 1.39799)
(692.269 0 1.33495)
(688.661 0 1.27975)
(685.158 0 1.22709)
(681.781 0 1.17677)
(678.452 0 1.12611)
(675.127 0 1.079)
(671.838 0 1.03739)
(668.618 0 1.00124)
(665.485 0 0.964263)
(662.432 0 0.92761)
(659.444 0 0.899662)
(656.522 0 0.874646)
(653.668 0 0.840469)
(650.864 0 0.806842)
(648.096 0 0.77292)
(645.329 0 0.780081)
(642.64 0 0.755662)
(640.007 0 0.772701)
(637.493 0 0.813963)
(635.184 0 0.982585)
(633.536 0 1.04711)
(632.828 0 0.709147)
(632.552 0 0.417408)
(632.287 0 0.249273)
(631.922 0 0.172087)
(631.429 0 0.150413)
(630.813 0 0.147649)
(630.104 0 0.156279)
(629.308 0 0.171754)
(628.433 0 0.179851)
(627.511 0 0.183942)
(626.55 0 0.189417)
(625.554 0 0.193087)
(624.532 0 0.192625)
(623.497 0 0.195342)
(622.45 0 0.199078)
(621.39 0 0.201492)
(620.318 0 0.201909)
(619.236 0 0.204399)
(618.146 0 0.204073)
(617.056 0 0.204894)
(615.969 0 0.206883)
(614.888 0 0.210929)
(613.815 0 0.209555)
(612.75 0 0.206355)
(611.685 0 0.20287)
(610.614 0 0.201886)
(609.543 0 0.197673)
(608.481 0 0.193979)
(607.438 0 0.188295)
(606.411 0 0.185411)
(605.402 0 0.182132)
(604.406 0 0.180057)
(603.423 0 0.17784)
(602.447 0 0.176401)
(601.472 0 0.175828)
(600.494 0 0.174461)
(599.518 0 0.173074)
(598.548 0 0.168631)
(597.592 0 0.165651)
(596.649 0 0.161035)
(595.722 0 0.159258)
(594.808 0 0.156943)
(593.908 0 0.15542)
(593.017 0 0.153024)
(592.131 0 0.153936)
(591.24 0 0.153997)
(590.349 0 0.154876)
(589.457 0 0.153857)
(588.576 0 0.152109)
(587.705 0 0.149305)
(586.851 0 0.145807)
(586.004 0 0.14544)
(585.17 0 0.143387)
(584.338 0 0.142501)
(583.515 0 0.142006)
(582.689 0 0.141384)
(581.871 0 0.142548)
(581.049 0 0.140958)
(580.247 0 0.144426)
(579.432 0 0.140954)
(578.688 0 0.160138)
(577.588 0 0.113332)
(822.528 0 11.0399)
(822.502 0 9.62481)
(822.301 0 9.03771)
(821.696 0 7.93134)
(820.896 0 7.4915)
(819.618 0 6.9451)
(817.779 0 6.61404)
(815.391 0 6.65256)
(812.361 0 6.54874)
(808.672 0 6.30459)
(804.377 0 6.14595)
(799.549 0 5.96204)
(794.295 0 5.65017)
(788.749 0 5.26362)
(783.045 0 4.90831)
(777.28 0 4.60551)
(771.509 0 4.32707)
(765.817 0 3.99228)
(760.28 0 3.62877)
(754.954 0 3.28345)
(749.856 0 2.99254)
(744.979 0 2.75659)
(740.321 0 2.55509)
(735.869 0 2.38301)
(731.619 0 2.22792)
(727.548 0 2.08825)
(723.623 0 1.96444)
(719.827 0 1.84961)
(716.148 0 1.74982)
(712.588 0 1.65915)
(709.164 0 1.57765)
(705.848 0 1.50104)
(702.584 0 1.43267)
(699.365 0 1.37156)
(696.204 0 1.31601)
(693.118 0 1.26035)
(690.106 0 1.21099)
(687.164 0 1.16718)
(684.288 0 1.12676)
(681.479 0 1.08136)
(678.725 0 1.03322)
(676.016 0 1.00433)
(673.336 0 0.986096)
(670.7 0 0.950734)
(668.084 0 0.952969)
(665.53 0 0.960486)
(663.098 0 1.06308)
(661.061 0 1.09726)
(659.795 0 0.732842)
(659.056 0 0.411539)
(658.485 0 0.226485)
(657.934 0 0.141665)
(657.332 0 0.119029)
(656.659 0 0.117764)
(655.923 0 0.129146)
(655.124 0 0.148407)
(654.263 0 0.159129)
(653.364 0 0.165084)
(652.435 0 0.17304)
(651.477 0 0.178953)
(650.496 0 0.179978)
(649.505 0 0.184561)
(648.504 0 0.190308)
(647.494 0 0.194303)
(646.472 0 0.196148)
(645.441 0 0.200123)
(644.403 0 0.200667)
(643.363 0 0.201181)
(642.326 0 0.202374)
(641.293 0 0.206571)
(640.27 0 0.204731)
(639.252 0 0.201252)
(638.234 0 0.197688)
(637.208 0 0.197275)
(636.18 0 0.192562)
(635.158 0 0.188167)
(634.153 0 0.180863)
(633.165 0 0.177009)
(632.194 0 0.172662)
(631.236 0 0.169773)
(630.292 0 0.166837)
(629.354 0 0.164991)
(628.418 0 0.164556)
(627.477 0 0.16319)
(626.535 0 0.161711)
(625.599 0 0.156014)
(624.675 0 0.151975)
(623.765 0 0.145772)
(622.871 0 0.143206)
(621.99 0 0.139789)
(621.123 0 0.137501)
(620.266 0 0.134202)
(619.414 0 0.13528)
(618.557 0 0.135676)
(617.697 0 0.136923)
(616.837 0 0.135696)
(615.986 0 0.132969)
(615.146 0 0.129075)
(614.323 0 0.124045)
(613.509 0 0.123412)
(612.707 0 0.120349)
(611.908 0 0.119377)
(611.118 0 0.118361)
(610.323 0 0.118087)
(609.533 0 0.119305)
(608.739 0 0.117514)
(607.962 0 0.121414)
(607.177 0 0.115485)
(606.455 0 0.136625)
(605.403 0 0.0881091)
(823.123 0 11.9218)
(823.276 0 9.64088)
(823.348 0 9.28331)
(823.118 0 8.19736)
(822.873 0 7.74234)
(822.431 0 7.20142)
(821.731 0 7.10777)
(820.794 0 7.16761)
(819.525 0 7.05657)
(817.85 0 6.87601)
(815.736 0 6.76867)
(813.165 0 6.68942)
(810.143 0 6.546)
(806.695 0 6.32102)
(802.868 0 6.09082)
(798.701 0 5.88137)
(794.23 0 5.68507)
(789.529 0 5.41627)
(784.698 0 5.07233)
(779.832 0 4.69315)
(775.005 0 4.3396)
(770.261 0 4.03145)
(765.633 0 3.75544)
(761.143 0 3.50501)
(756.806 0 3.26854)
(752.62 0 3.04709)
(748.567 0 2.84343)
(744.645 0 2.65631)
(740.846 0 2.49001)
(737.178 0 2.34109)
(733.65 0 2.20685)
(730.257 0 2.08418)
(726.961 0 1.9752)
(723.739 0 1.8778)
(720.583 0 1.78898)
(717.501 0 1.70493)
(714.493 0 1.63)
(711.558 0 1.56222)
(708.694 0 1.49842)
(705.897 0 1.43555)
(703.161 0 1.37543)
(700.478 0 1.33132)
(697.835 0 1.29181)
(695.234 0 1.24642)
(692.64 0 1.23698)
(690.079 0 1.22883)
(687.579 0 1.30061)
(685.315 0 1.33777)
(683.609 0 0.956853)
(682.408 0 0.562965)
(681.467 0 0.323522)
(680.637 0 0.208285)
(679.832 0 0.17213)
(679.013 0 0.16257)
(678.172 0 0.169808)
(677.299 0 0.187808)
(676.389 0 0.196936)
(675.456 0 0.201322)
(674.508 0 0.208886)
(673.541 0 0.214522)
(672.56 0 0.215349)
(671.574 0 0.220528)
(670.583 0 0.226906)
(669.588 0 0.231022)
(668.586 0 0.233224)
(667.578 0 0.23787)
(666.566 0 0.238498)
(665.552 0 0.238725)
(664.542 0 0.238968)
(663.536 0 0.242943)
(662.54 0 0.240342)
(661.55 0 0.236449)
(660.56 0 0.232839)
(659.562 0 0.233128)
(658.559 0 0.228051)
(657.561 0 0.222919)
(656.578 0 0.213862)
(655.613 0 0.208777)
(654.664 0 0.203141)
(653.73 0 0.199155)
(652.809 0 0.195303)
(651.896 0 0.192847)
(650.984 0 0.192529)
(650.066 0 0.191138)
(649.147 0 0.189626)
(648.231 0 0.18254)
(647.328 0 0.177319)
(646.438 0 0.169242)
(645.565 0 0.165684)
(644.705 0 0.160877)
(643.86 0 0.157628)
(643.024 0 0.153154)
(642.194 0 0.154299)
(641.359 0 0.154978)
(640.521 0 0.156695)
(639.681 0 0.155187)
(638.85 0 0.151437)
(638.029 0 0.146163)
(637.226 0 0.139404)
(636.434 0 0.138163)
(635.655 0 0.133976)
(634.88 0 0.132554)
(634.111 0 0.13114)
(633.339 0 0.130857)
(632.569 0 0.132656)
(631.795 0 0.130094)
(631.032 0 0.135276)
(630.268 0 0.125837)
(629.559 0 0.148827)
(628.538 0 0.0989314)
(823.334 0 12.2845)
(823.618 0 10.3665)
(823.845 0 9.73838)
(823.753 0 8.21502)
(823.709 0 8.08134)
(823.599 0 7.44871)
(823.355 0 7.11552)
(823.006 0 7.28575)
(822.496 0 7.24155)
(821.787 0 7.11596)
(820.853 0 7.14851)
(819.679 0 7.17735)
(818.251 0 7.06201)
(816.539 0 6.86897)
(814.521 0 6.73476)
(812.169 0 6.67833)
(809.461 0 6.62077)
(806.405 0 6.4633)
(803.042 0 6.21877)
(799.425 0 5.93824)
(795.619 0 5.65721)
(791.677 0 5.38449)
(787.648 0 5.10904)
(783.58 0 4.83136)
(779.513 0 4.55485)
(775.479 0 4.28404)
(771.492 0 4.02202)
(767.572 0 3.76715)
(763.734 0 3.52834)
(759.999 0 3.30829)
(756.381 0 3.10679)
(752.887 0 2.92159)
(749.507 0 2.75396)
(746.222 0 2.60314)
(743.019 0 2.46579)
(739.894 0 2.33719)
(736.847 0 2.22125)
(733.879 0 2.11463)
(730.985 0 2.01705)
(728.165 0 1.9206)
(725.411 0 1.8408)
(722.717 0 1.76767)
(720.067 0 1.70352)
(717.471 0 1.63895)
(714.879 0 1.61162)
(712.316 0 1.58198)
(709.781 0 1.61326)
(707.393 0 1.64611)
(705.389 0 1.28643)
(703.809 0 0.84148)
(702.513 0 0.53692)
(701.373 0 0.376844)
(700.315 0 0.313394)
(699.294 0 0.284904)
(698.291 0 0.279993)
(697.29 0 0.28986)
(696.279 0 0.291941)
(695.267 0 0.290994)
(694.253 0 0.295147)
(693.236 0 0.297554)
(692.216 0 0.295664)
(691.199 0 0.299387)
(690.185 0 0.304619)
(689.174 0 0.307711)
(688.162 0 0.309255)
(687.149 0 0.313942)
(686.137 0 0.313269)
(685.126 0 0.3121)
(684.121 0 0.310492)
(683.122 0 0.313453)
(682.134 0 0.309585)
(681.154 0 0.304868)
(680.175 0 0.300848)
(679.19 0 0.301441)
(678.199 0 0.295677)
(677.211 0 0.289445)
(676.237 0 0.278358)
(675.281 0 0.271682)
(674.342 0 0.26448)
(673.419 0 0.259004)
(672.51 0 0.253899)
(671.609 0 0.250411)
(670.71 0 0.249982)
(669.807 0 0.24833)
(668.9 0 0.246725)
(667.996 0 0.238005)
(667.103 0 0.231476)
(666.224 0 0.221168)
(665.362 0 0.216416)
(664.514 0 0.209847)
(663.682 0 0.20543)
(662.86 0 0.199434)
(662.044 0 0.200572)
(661.223 0 0.201384)
(660.398 0 0.20375)
(659.57 0 0.201798)
(658.75 0 0.197096)
(657.941 0 0.190038)
(657.15 0 0.18146)
(656.373 0 0.179133)
(655.608 0 0.1738)
(654.851 0 0.171422)
(654.097 0 0.169946)
(653.343 0 0.169161)
(652.585 0 0.172278)
(651.826 0 0.168403)
(651.072 0 0.175696)
(650.32 0 0.162186)
(649.619 0 0.186267)
(648.625 0 0.136516)
(823.302 0 13.4895)
(823.768 0 10.6658)
(824.039 0 10.2017)
(824.046 0 8.30137)
(824.113 0 8.22392)
(824.141 0 7.59221)
(824.083 0 7.33257)
(823.974 0 7.39026)
(823.756 0 7.3283)
(823.443 0 7.24892)
(823.027 0 7.25823)
(822.502 0 7.2996)
(821.871 0 7.26991)
(821.114 0 7.17185)
(820.196 0 7.0975)
(819.081 0 7.0825)
(817.734 0 7.09368)
(816.14 0 7.03782)
(814.291 0 6.88755)
(812.185 0 6.69157)
(809.826 0 6.50221)
(807.231 0 6.33792)
(804.417 0 6.17811)
(801.411 0 6.00188)
(798.24 0 5.79476)
(794.934 0 5.55913)
(791.519 0 5.31284)
(788.031 0 5.05293)
(784.506 0 4.79071)
(780.981 0 4.53152)
(777.487 0 4.28524)
(774.049 0 4.04999)
(770.677 0 3.82603)
(767.378 0 3.61506)
(764.147 0 3.41937)
(760.986 0 3.23419)
(757.895 0 3.06382)
(754.879 0 2.9042)
(751.936 0 2.75695)
(749.067 0 2.61384)
(746.266 0 2.49425)
(743.526 0 2.37658)
(740.84 0 2.27279)
(738.216 0 2.17857)
(735.6 0 2.13008)
(733.022 0 2.07637)
(730.469 0 2.07182)
(727.992 0 2.09852)
(725.79 0 1.77306)
(723.926 0 1.28227)
(722.323 0 0.895836)
(720.886 0 0.674178)
(719.56 0 0.568211)
(718.307 0 0.507477)
(717.107 0 0.479714)
(715.939 0 0.473483)
(714.788 0 0.461403)
(713.655 0 0.448339)
(712.54 0 0.442646)
(711.435 0 0.437161)
(710.342 0 0.429378)
(709.261 0 0.429198)
(708.192 0 0.429951)
(707.133 0 0.428592)
(706.083 0 0.426345)
(705.038 0 0.429051)
(703.999 0 0.425841)
(702.968 0 0.422263)
(701.945 0 0.417659)
(700.933 0 0.417804)
(699.933 0 0.411006)
(698.944 0 0.40422)
(697.96 0 0.399162)
(696.971 0 0.399701)
(695.976 0 0.393066)
(694.985 0 0.38523)
(694.007 0 0.371436)
(693.047 0 0.362284)
(692.106 0 0.352772)
(691.182 0 0.345061)
(690.273 0 0.338227)
(689.373 0 0.333202)
(688.477 0 0.332432)
(687.576 0 0.330214)
(686.673 0 0.328381)
(685.771 0 0.317573)
(684.88 0 0.309407)
(684.003 0 0.296234)
(683.144 0 0.289883)
(682.301 0 0.280952)
(681.473 0 0.275066)
(680.657 0 0.267031)
(679.847 0 0.268032)
(679.033 0 0.268663)
(678.214 0 0.271799)
(677.392 0 0.269071)
(676.576 0 0.26341)
(675.772 0 0.254003)
(674.986 0 0.243425)
(674.217 0 0.239319)
(673.461 0 0.232736)
(672.714 0 0.228662)
(671.97 0 0.227385)
(671.227 0 0.22548)
(670.478 0 0.230441)
(669.728 0 0.224826)
(668.979 0 0.234682)
(668.233 0 0.216945)
(667.535 0 0.240542)
(666.571 0 0.192843)
(823.28 0 14.207)
(823.715 0 12.0201)
(824.078 0 10.5824)
(824.187 0 8.47595)
(824.323 0 8.63298)
(824.417 0 7.75193)
(824.427 0 7.30519)
(824.416 0 7.41064)
(824.312 0 7.29081)
(824.167 0 7.24565)
(823.977 0 7.33274)
(823.732 0 7.38457)
(823.448 0 7.32905)
(823.12 0 7.23403)
(822.722 0 7.19962)
(822.223 0 7.23882)
(821.605 0 7.2898)
(820.86 0 7.28572)
(819.983 0 7.20936)
(818.957 0 7.08813)
(817.764 0 6.9604)
(816.39 0 6.84604)
(814.829 0 6.74155)
(813.077 0 6.63547)
(811.126 0 6.52458)
(808.977 0 6.39525)
(806.631 0 6.24922)
(804.109 0 6.07289)
(801.434 0 5.8839)
(798.635 0 5.68504)
(795.742 0 5.47881)
(792.781 0 5.26335)
(789.775 0 5.04356)
(786.747 0 4.81891)
(783.714 0 4.59771)
(780.692 0 4.37731)
(777.695 0 4.16655)
(774.735 0 3.96034)
(771.819 0 3.76483)
(768.952 0 3.57328)
(766.134 0 3.40273)
(763.362 0 3.23545)
(760.641 0 3.08083)
(757.978 0 2.93536)
(755.334 0 2.8487)
(752.738 0 2.75958)
(750.182 0 2.70082)
(747.645 0 2.72058)
(745.292 0 2.44224)
(743.201 0 1.92887)
(741.337 0 1.45609)
(739.637 0 1.15)
(738.055 0 0.979759)
(736.564 0 0.870781)
(735.148 0 0.806289)
(733.788 0 0.769896)
(732.468 0 0.732572)
(731.186 0 0.701552)
(729.937 0 0.681164)
(728.714 0 0.661053)
(727.516 0 0.639103)
(726.342 0 0.628652)
(725.189 0 0.621505)
(724.055 0 0.61369)
(722.938 0 0.605521)
(721.834 0 0.602418)
(720.743 0 0.592084)
(719.666 0 0.581907)
(718.604 0 0.571984)
(717.556 0 0.567954)
(716.523 0 0.557449)
(715.506 0 0.547435)
(714.498 0 0.539593)
(713.488 0 0.537859)
(712.474 0 0.528591)
(711.464 0 0.517864)
(710.468 0 0.500689)
(709.49 0 0.488514)
(708.533 0 0.476271)
(707.594 0 0.465438)
(706.672 0 0.455889)
(705.762 0 0.447975)
(704.857 0 0.445831)
(703.949 0 0.442012)
(703.038 0 0.439382)
(702.13 0 0.425759)
(701.231 0 0.415644)
(700.348 0 0.398939)
(699.483 0 0.390582)
(698.636 0 0.378486)
(697.804 0 0.370698)
(696.986 0 0.359785)
(696.173 0 0.360347)
(695.359 0 0.360161)
(694.539 0 0.364086)
(693.716 0 0.359957)
(692.897 0 0.35329)
(692.091 0 0.340737)
(691.304 0 0.32796)
(690.536 0 0.321127)
(689.781 0 0.313072)
(689.039 0 0.30651)
(688.3 0 0.305562)
(687.562 0 0.301972)
(686.818 0 0.309063)
(686.071 0 0.301483)
(685.323 0 0.31398)
(684.578 0 0.292331)
(683.877 0 0.313136)
(682.945 0 0.270684)
(823.25 0 14.7343)
(823.647 0 12.9034)
(824 0 11.359)
(824.29 0 8.81891)
(824.422 0 8.92055)
(824.54 0 7.97614)
(824.588 0 7.54418)
(824.625 0 7.46926)
(824.566 0 7.29102)
(824.505 0 7.26431)
(824.423 0 7.33737)
(824.297 0 7.37689)
(824.158 0 7.34457)
(824.013 0 7.26729)
(823.841 0 7.24262)
(823.621 0 7.29211)
(823.337 0 7.35989)
(822.993 0 7.37794)
(822.593 0 7.3378)
(822.127 0 7.26314)
(821.579 0 7.18667)
(820.933 0 7.11824)
(820.183 0 7.057)
(819.319 0 6.9921)
(818.328 0 6.92275)
(817.193 0 6.84335)
(815.9 0 6.76114)
(814.446 0 6.65738)
(812.832 0 6.53981)
(811.067 0 6.41343)
(809.154 0 6.28768)
(807.1 0 6.15569)
(804.914 0 6.01166)
(802.609 0 5.85277)
(800.206 0 5.68381)
(797.723 0 5.50355)
(795.18 0 5.31638)
(792.595 0 5.12089)
(789.979 0 4.91931)
(787.345 0 4.71468)
(784.701 0 4.51342)
(782.049 0 4.32642)
(779.411 0 4.13234)
(776.798 0 3.94926)
(774.195 0 3.80963)
(771.628 0 3.67163)
(769.102 0 3.54434)
(766.565 0 3.53298)
(764.123 0 3.31402)
(761.873 0 2.82323)
(759.816 0 2.28404)
(757.906 0 1.87884)
(756.103 0 1.6227)
(754.391 0 1.44161)
(752.762 0 1.32339)
(751.202 0 1.24698)
(749.699 0 1.17015)
(748.249 0 1.10081)
(746.845 0 1.0486)
(745.481 0 1.00587)
(744.154 0 0.967726)
(742.861 0 0.942177)
(741.599 0 0.916124)
(740.364 0 0.888817)
(739.155 0 0.866497)
(737.968 0 0.855008)
(736.8 0 0.837786)
(735.653 0 0.819732)
(734.527 0 0.80006)
(733.422 0 0.784788)
(732.336 0 0.764288)
(731.27 0 0.747039)
(730.217 0 0.735314)
(729.167 0 0.7312)
(728.118 0 0.718992)
(727.074 0 0.703363)
(726.043 0 0.679955)
(725.034 0 0.66145)
(724.045 0 0.643829)
(723.078 0 0.627879)
(722.129 0 0.614726)
(721.194 0 0.603215)
(720.267 0 0.599384)
(719.341 0 0.593245)
(718.412 0 0.589152)
(717.486 0 0.571334)
(716.571 0 0.558156)
(715.671 0 0.536341)
(714.791 0 0.524912)
(713.929 0 0.508395)
(713.084 0 0.498131)
(712.255 0 0.483427)
(711.432 0 0.483287)
(710.61 0 0.481576)
(709.781 0 0.486192)
(708.949 0 0.4799)
(708.121 0 0.472065)
(707.306 0 0.455556)
(706.51 0 0.440184)
(705.735 0 0.429655)
(704.975 0 0.419732)
(704.23 0 0.409667)
(703.489 0 0.40896)
(702.751 0 0.402978)
(702.005 0 0.412232)
(701.258 0 0.402534)
(700.506 0 0.417411)
(699.757 0 0.392519)
(699.048 0 0.407649)
(698.14 0 0.373658)
(823.228 0 14.9773)
(823.484 0 14.0021)
(823.877 0 11.9782)
(824.282 0 9.57394)
(824.385 0 9.40796)
(824.591 0 8.15354)
(824.672 0 7.70403)
(824.722 0 7.6273)
(824.696 0 7.29315)
(824.685 0 7.26896)
(824.659 0 7.36207)
(824.578 0 7.37732)
(824.5 0 7.34861)
(824.428 0 7.30012)
(824.356 0 7.28862)
(824.263 0 7.32965)
(824.13 0 7.3836)
(823.962 0 7.41393)
(823.773 0 7.39324)
(823.561 0 7.3322)
(823.315 0 7.26314)
(823.024 0 7.20918)
(822.682 0 7.17029)
(822.283 0 7.13605)
(821.82 0 7.10303)
(821.281 0 7.05676)
(820.654 0 7.0049)
(819.932 0 6.9348)
(819.11 0 6.86289)
(818.187 0 6.78807)
(817.156 0 6.71516)
(816.008 0 6.64076)
(814.736 0 6.56077)
(813.338 0 6.46824)
(811.818 0 6.36783)
(810.183 0 6.25879)
(808.441 0 6.14392)
(806.599 0 6.01443)
(804.661 0 5.87811)
(802.634 0 5.72826)
(800.523 0 5.57423)
(798.332 0 5.42273)
(796.086 0 5.25299)
(793.798 0 5.06181)
(791.467 0 4.9107)
(789.122 0 4.76127)
(786.782 0 4.58835)
(784.396 0 4.54751)
(782.026 0 4.40189)
(779.769 0 3.97562)
(777.658 0 3.39976)
(775.657 0 2.89699)
(773.73 0 2.54774)
(771.87 0 2.29242)
(770.079 0 2.10091)
(768.352 0 1.95388)
(766.684 0 1.82621)
(765.073 0 1.72508)
(763.513 0 1.63749)
(762.001 0 1.54654)
(760.535 0 1.46171)
(759.11 0 1.40593)
(757.722 0 1.36352)
(756.368 0 1.32214)
(755.048 0 1.28049)
(753.757 0 1.24267)
(752.493 0 1.1978)
(751.256 0 1.15884)
(750.046 0 1.1274)
(748.862 0 1.10388)
(747.702 0 1.07564)
(746.567 0 1.047)
(745.451 0 1.02215)
(744.344 0 1.00504)
(743.241 0 0.982874)
(742.147 0 0.959725)
(741.067 0 0.930664)
(740.009 0 0.906777)
(738.974 0 0.88376)
(737.963 0 0.859867)
(736.972 0 0.838824)
(736 0 0.818286)
(735.037 0 0.80838)
(734.08 0 0.796201)
(733.121 0 0.788695)
(732.167 0 0.765371)
(731.223 0 0.749046)
(730.297 0 0.721282)
(729.389 0 0.706047)
(728.503 0 0.683215)
(727.635 0 0.66914)
(726.784 0 0.648309)
(725.942 0 0.646244)
(725.102 0 0.641055)
(724.256 0 0.645784)
(723.409 0 0.635555)
(722.563 0 0.626258)
(721.732 0 0.604179)
(720.918 0 0.585921)
(720.129 0 0.569683)
(719.355 0 0.557516)
(718.599 0 0.542936)
(717.847 0 0.541943)
(717.102 0 0.532989)
(716.349 0 0.543939)
(715.596 0 0.532086)
(714.834 0 0.548319)
(714.076 0 0.521269)
(713.357 0 0.527897)
(712.454 0 0.502613)
(823.205 0 14.9931)
(823.347 0 14.4177)
(823.613 0 12.9492)
(824.07 0 10.7584)
(824.291 0 9.81205)
(824.6 0 8.52679)
(824.723 0 8.02259)
(824.76 0 7.79153)
(824.769 0 7.38075)
(824.798 0 7.30788)
(824.797 0 7.36978)
(824.733 0 7.36244)
(824.682 0 7.3547)
(824.641 0 7.35344)
(824.612 0 7.37904)
(824.577 0 7.417)
(824.513 0 7.42778)
(824.423 0 7.42191)
(824.323 0 7.41236)
(824.219 0 7.39086)
(824.108 0 7.34658)
(823.981 0 7.28881)
(823.829 0 7.22795)
(823.647 0 7.17819)
(823.433 0 7.14538)
(823.183 0 7.11986)
(822.891 0 7.09416)
(822.551 0 7.05283)
(822.161 0 7.00106)
(821.718 0 6.94635)
(821.217 0 6.90206)
(820.651 0 6.86315)
(820.011 0 6.82204)
(819.29 0 6.76896)
(818.489 0 6.70855)
(817.605 0 6.64396)
(816.639 0 6.57456)
(815.584 0 6.49711)
(814.435 0 6.40885)
(813.186 0 6.31723)
(811.832 0 6.21991)
(810.371 0 6.13967)
(808.817 0 6.0284)
(807.175 0 5.91374)
(805.446 0 5.79646)
(803.646 0 5.70307)
(801.8 0 5.56545)
(799.864 0 5.52427)
(797.864 0 5.48054)
(795.881 0 5.19199)
(793.971 0 4.66363)
(792.117 0 4.11217)
(790.288 0 3.68425)
(788.476 0 3.35166)
(786.688 0 3.12359)
(784.93 0 2.95186)
(783.208 0 2.75664)
(781.524 0 2.57404)
(779.875 0 2.4391)
(778.265 0 2.3355)
(776.697 0 2.2384)
(775.168 0 2.14025)
(773.672 0 2.03022)
(772.21 0 1.93008)
(770.783 0 1.8606)
(769.386 0 1.81682)
(768.02 0 1.76515)
(766.685 0 1.70319)
(765.382 0 1.63396)
(764.109 0 1.56844)
(762.864 0 1.51045)
(761.647 0 1.46728)
(760.453 0 1.43891)
(759.275 0 1.41826)
(758.106 0 1.38776)
(756.95 0 1.34717)
(755.809 0 1.2991)
(754.69 0 1.25532)
(753.596 0 1.2178)
(752.528 0 1.18246)
(751.482 0 1.15542)
(750.458 0 1.12798)
(749.447 0 1.11364)
(748.445 0 1.09397)
(747.446 0 1.08021)
(746.452 0 1.04564)
(745.468 0 1.02092)
(744.503 0 0.981258)
(743.558 0 0.958446)
(742.635 0 0.925532)
(741.732 0 0.906117)
(740.848 0 0.876593)
(739.975 0 0.871697)
(739.108 0 0.860465)
(738.237 0 0.864444)
(737.365 0 0.84775)
(736.493 0 0.836671)
(735.637 0 0.806538)
(734.797 0 0.784471)
(733.983 0 0.759371)
(733.185 0 0.743635)
(732.407 0 0.721676)
(731.636 0 0.719651)
(730.875 0 0.705766)
(730.108 0 0.718055)
(729.341 0 0.703333)
(728.565 0 0.719941)
(727.793 0 0.69121)
(727.057 0 0.687752)
(726.141 0 0.66362)
(823.343 0 15.8793)
(823.291 0 14.543)
(823.493 0 13.6162)
(823.903 0 11.8882)
(824.223 0 10.3477)
(824.615 0 8.91791)
(824.735 0 8.38354)
(824.748 0 8.02311)
(824.809 0 7.46326)
(824.873 0 7.33673)
(824.881 0 7.3837)
(824.828 0 7.37516)
(824.791 0 7.36629)
(824.764 0 7.36389)
(824.755 0 7.39639)
(824.745 0 7.45015)
(824.709 0 7.46245)
(824.653 0 7.44852)
(824.594 0 7.43552)
(824.537 0 7.42991)
(824.484 0 7.41251)
(824.43 0 7.37383)
(824.365 0 7.31613)
(824.283 0 7.25787)
(824.182 0 7.21019)
(824.064 0 7.17279)
(823.927 0 7.13989)
(823.768 0 7.10582)
(823.585 0 7.06472)
(823.376 0 7.02257)
(823.141 0 6.98615)
(822.872 0 6.95911)
(822.565 0 6.93444)
(822.216 0 6.9044)
(821.825 0 6.8675)
(821.393 0 6.82712)
(820.918 0 6.78358)
(820.393 0 6.73589)
(819.811 0 6.68527)
(819.162 0 6.62712)
(818.439 0 6.5707)
(817.635 0 6.52369)
(816.756 0 6.45831)
(815.802 0 6.37359)
(814.768 0 6.30857)
(813.659 0 6.24971)
(812.486 0 6.15578)
(811.219 0 6.13276)
(809.849 0 6.17432)
(808.429 0 6.07302)
(807.012 0 5.69137)
(805.603 0 5.17938)
(804.174 0 4.7389)
(802.715 0 4.38523)
(801.225 0 4.09483)
(799.711 0 3.88731)
(798.181 0 3.74136)
(796.647 0 3.61024)
(795.112 0 3.43831)
(793.583 0 3.23862)
(792.064 0 3.08331)
(790.558 0 3.00301)
(789.064 0 2.94049)
(787.588 0 2.84586)
(786.132 0 2.72077)
(784.696 0 2.58986)
(783.279 0 2.47217)
(781.887 0 2.39099)
(780.521 0 2.33645)
(779.183 0 2.28147)
(777.872 0 2.20566)
(776.587 0 2.11594)
(775.325 0 2.03267)
(774.079 0 1.96675)
(772.846 0 1.91274)
(771.627 0 1.86454)
(770.425 0 1.82001)
(769.247 0 1.77548)
(768.093 0 1.72781)
(766.966 0 1.66989)
(765.861 0 1.61678)
(764.779 0 1.56239)
(763.713 0 1.52926)
(762.659 0 1.49464)
(761.61 0 1.47437)
(760.568 0 1.43355)
(759.537 0 1.40585)
(758.525 0 1.357)
(757.534 0 1.32613)
(756.567 0 1.27992)
(755.62 0 1.25052)
(754.694 0 1.20725)
(753.781 0 1.19494)
(752.878 0 1.17416)
(751.973 0 1.17421)
(751.068 0 1.14865)
(750.163 0 1.13336)
(749.273 0 1.09409)
(748.398 0 1.06606)
(747.548 0 1.0311)
(746.717 0 1.0099)
(745.907 0 0.977537)
(745.107 0 0.971704)
(744.319 0 0.949594)
(743.528 0 0.960695)
(742.741 0 0.940754)
(741.944 0 0.955206)
(741.15 0 0.923022)
(740.395 0 0.911632)
(739.449 0 0.8748)
(824.095 0 13.1764)
(823.52 0 13.8944)
(823.563 0 13.7891)
(823.783 0 13.0171)
(824.127 0 11.4053)
(824.453 0 9.98702)
(824.618 0 8.99541)
(824.709 0 8.21903)
(824.824 0 7.70019)
(824.911 0 7.41693)
(824.929 0 7.3841)
(824.883 0 7.39812)
(824.854 0 7.38099)
(824.838 0 7.37446)
(824.84 0 7.39383)
(824.841 0 7.43766)
(824.813 0 7.45508)
(824.772 0 7.44753)
(824.732 0 7.44599)
(824.699 0 7.45576)
(824.674 0 7.45219)
(824.652 0 7.4213)
(824.626 0 7.36871)
(824.589 0 7.31396)
(824.54 0 7.27136)
(824.483 0 7.23534)
(824.417 0 7.19728)
(824.341 0 7.15528)
(824.254 0 7.11065)
(824.155 0 7.07128)
(824.043 0 7.03879)
(823.913 0 7.01494)
(823.765 0 6.99375)
(823.595 0 6.97197)
(823.408 0 6.94476)
(823.204 0 6.91404)
(822.982 0 6.88049)
(822.736 0 6.84437)
(822.46 0 6.80046)
(822.148 0 6.75925)
(821.793 0 6.71996)
(821.391 0 6.69819)
(820.945 0 6.65746)
(820.456 0 6.61627)
(819.925 0 6.55358)
(819.344 0 6.54033)
(818.722 0 6.48127)
(818.038 0 6.43384)
(817.268 0 6.4998)
(816.437 0 6.5435)
(815.583 0 6.36079)
(814.725 0 5.93689)
(813.845 0 5.47211)
(812.92 0 5.1016)
(811.94 0 4.87048)
(810.906 0 4.66795)
(809.824 0 4.42115)
(808.698 0 4.26334)
(807.531 0 4.21361)
(806.336 0 4.15603)
(805.121 0 4.02941)
(803.885 0 3.85653)
(802.624 0 3.68922)
(801.343 0 3.59397)
(800.05 0 3.57022)
(798.75 0 3.54808)
(797.446 0 3.45953)
(796.144 0 3.31433)
(794.847 0 3.15758)
(793.557 0 3.02992)
(792.275 0 2.94772)
(791.005 0 2.89919)
(789.747 0 2.86495)
(788.499 0 2.81441)
(787.257 0 2.73263)
(786.023 0 2.62203)
(784.801 0 2.50798)
(783.597 0 2.40805)
(782.411 0 2.3374)
(781.247 0 2.27596)
(780.101 0 2.23131)
(778.975 0 2.17577)
(777.864 0 2.13486)
(776.766 0 2.07744)
(775.675 0 2.03338)
(774.593 0 1.96318)
(773.522 0 1.91437)
(772.47 0 1.84232)
(771.438 0 1.79956)
(770.429 0 1.73964)
(769.44 0 1.70479)
(768.472 0 1.64948)
(767.517 0 1.63219)
(766.575 0 1.59903)
(765.634 0 1.59468)
(764.693 0 1.55837)
(763.753 0 1.53933)
(762.825 0 1.48672)
(761.913 0 1.45045)
(761.024 0 1.40083)
(760.153 0 1.37258)
(759.305 0 1.32627)
(758.467 0 1.31665)
(757.644 0 1.2846)
(756.822 0 1.29385)
(756.006 0 1.26863)
(755.184 0 1.27812)
(754.363 0 1.2446)
(753.584 0 1.21961)
(752.602 0 1.17424)
(824.323 0 11.7719)
(823.556 0 13.1537)
(823.624 0 13.8171)
(823.669 0 13.7948)
(823.894 0 12.6509)
(824.258 0 10.8382)
(824.507 0 9.35015)
(824.665 0 8.32097)
(824.839 0 7.98683)
(824.892 0 7.56471)
(824.932 0 7.44688)
(824.915 0 7.43071)
(824.887 0 7.4093)
(824.875 0 7.3924)
(824.886 0 7.39769)
(824.891 0 7.4323)
(824.868 0 7.45413)
(824.833 0 7.45531)
(824.801 0 7.46302)
(824.782 0 7.48628)
(824.771 0 7.49306)
(824.764 0 7.46588)
(824.755 0 7.41151)
(824.74 0 7.34738)
(824.716 0 7.29738)
(824.688 0 7.26556)
(824.655 0 7.24078)
(824.62 0 7.2095)
(824.579 0 7.17035)
(824.531 0 7.13041)
(824.476 0 7.09461)
(824.412 0 7.06491)
(824.337 0 7.03945)
(824.252 0 7.01561)
(824.16 0 6.98954)
(824.063 0 6.95896)
(823.96 0 6.92739)
(823.847 0 6.89635)
(823.718 0 6.85999)
(823.571 0 6.82485)
(823.4 0 6.7945)
(823.205 0 6.77247)
(822.986 0 6.74027)
(822.746 0 6.70946)
(822.488 0 6.66642)
(822.207 0 6.62323)
(821.902 0 6.62154)
(821.569 0 6.56609)
(821.185 0 6.58244)
(820.75 0 6.69248)
(820.293 0 6.70339)
(819.838 0 6.4831)
(819.386 0 6.06204)
(818.919 0 5.57987)
(818.407 0 5.23641)
(817.84 0 5.09449)
(817.223 0 4.98015)
(816.567 0 4.79553)
(815.867 0 4.59232)
(815.123 0 4.46559)
(814.342 0 4.46303)
(813.528 0 4.49735)
(812.677 0 4.44704)
(811.792 0 4.29294)
(810.872 0 4.12604)
(809.916 0 4.01542)
(808.928 0 3.98503)
(807.916 0 4.00144)
(806.886 0 4.00272)
(805.842 0 3.92862)
(804.784 0 3.78935)
(803.714 0 3.63215)
(802.631 0 3.52123)
(801.537 0 3.46706)
(800.431 0 3.45187)
(799.316 0 3.43592)
(798.195 0 3.3967)
(797.076 0 3.31819)
(795.959 0 3.2164)
(794.85 0 3.09104)
(793.744 0 2.98205)
(792.647 0 2.8823)
(791.555 0 2.82613)
(790.469 0 2.77272)
(789.384 0 2.74244)
(788.305 0 2.67783)
(787.233 0 2.62663)
(786.175 0 2.53803)
(785.132 0 2.47126)
(784.108 0 2.37979)
(783.098 0 2.31583)
(782.105 0 2.23205)
(781.125 0 2.1944)
(780.156 0 2.14384)
(779.19 0 2.12724)
(778.226 0 2.08067)
(777.264 0 2.05471)
(776.312 0 1.99371)
(775.373 0 1.9484)
(774.455 0 1.88911)
(773.553 0 1.84998)
(772.671 0 1.7936)
(771.799 0 1.77038)
(770.942 0 1.72902)
(770.088 0 1.72608)
(769.243 0 1.69509)
(768.396 0 1.69108)
(767.548 0 1.65656)
(766.743 0 1.62643)
(765.727 0 1.56235)
(825.156 0 6.66977)
(824.106 0 9.3935)
(823.863 0 13.924)
(823.53 0 13.857)
(823.645 0 13.2235)
(823.907 0 12.0247)
(824.216 0 10.5829)
(824.561 0 8.8006)
(824.707 0 8.70545)
(824.799 0 7.77136)
(824.879 0 7.5217)
(824.919 0 7.55472)
(824.888 0 7.45098)
(824.882 0 7.3877)
(824.899 0 7.3834)
(824.906 0 7.41943)
(824.888 0 7.4452)
(824.858 0 7.45798)
(824.83 0 7.46815)
(824.823 0 7.49082)
(824.82 0 7.50134)
(824.816 0 7.4894)
(824.813 0 7.45735)
(824.808 0 7.40827)
(824.8 0 7.35735)
(824.788 0 7.31621)
(824.773 0 7.2869)
(824.758 0 7.26035)
(824.739 0 7.22904)
(824.718 0 7.19275)
(824.691 0 7.15666)
(824.66 0 7.12451)
(824.622 0 7.09773)
(824.578 0 7.07539)
(824.531 0 7.05416)
(824.483 0 7.0278)
(824.435 0 6.99472)
(824.382 0 6.95754)
(824.322 0 6.91673)
(824.252 0 6.88056)
(824.169 0 6.85147)
(824.072 0 6.83082)
(823.963 0 6.79881)
(823.843 0 6.77048)
(823.717 0 6.73489)
(823.586 0 6.68983)
(823.442 0 6.66059)
(823.282 0 6.65477)
(823.103 0 6.60375)
(822.887 0 6.66263)
(822.65 0 6.76017)
(822.412 0 6.74173)
(822.186 0 6.53367)
(821.978 0 6.11418)
(821.763 0 5.63493)
(821.511 0 5.28376)
(821.214 0 5.10146)
(820.88 0 5.07572)
(820.519 0 5.02714)
(820.134 0 4.8412)
(819.723 0 4.66217)
(819.281 0 4.57704)
(818.803 0 4.58506)
(818.294 0 4.63443)
(817.758 0 4.65689)
(817.193 0 4.57951)
(816.597 0 4.42997)
(815.967 0 4.28903)
(815.307 0 4.23084)
(814.618 0 4.24032)
(813.907 0 4.28122)
(813.173 0 4.2887)
(812.419 0 4.25758)
(811.643 0 4.17035)
(810.842 0 4.0599)
(810.014 0 3.94219)
(809.161 0 3.8643)
(808.287 0 3.81876)
(807.398 0 3.81703)
(806.499 0 3.79818)
(805.588 0 3.77767)
(804.67 0 3.70649)
(803.74 0 3.6444)
(802.802 0 3.55052)
(801.85 0 3.48821)
(800.89 0 3.38768)
(799.921 0 3.3284)
(798.953 0 3.23469)
(797.985 0 3.19021)
(797.025 0 3.11014)
(796.069 0 3.06752)
(795.121 0 2.97914)
(794.177 0 2.94608)
(793.239 0 2.87671)
(792.299 0 2.85803)
(791.36 0 2.78454)
(790.418 0 2.74873)
(789.482 0 2.65431)
(788.552 0 2.59634)
(787.637 0 2.50577)
(786.732 0 2.46078)
(785.84 0 2.37636)
(784.956 0 2.35664)
(784.083 0 2.293)
(783.214 0 2.29343)
(782.352 0 2.24307)
(781.494 0 2.2387)
(780.632 0 2.19264)
(779.817 0 2.14198)
(778.78 0 2.11048)
(825.828 0 3.02231)
(825.025 0 7.38064)
(823.773 0 14.3678)
(823.441 0 13.512)
(823.635 0 13.1321)
(823.711 0 12.9256)
(823.949 0 11.8972)
(824.286 0 10.1242)
(824.478 0 9.20864)
(824.667 0 8.05737)
(824.794 0 7.67532)
(824.879 0 7.75309)
(824.849 0 7.57555)
(824.86 0 7.45823)
(824.881 0 7.39916)
(824.895 0 7.41256)
(824.88 0 7.43949)
(824.862 0 7.45491)
(824.838 0 7.47092)
(824.839 0 7.502)
(824.841 0 7.51469)
(824.838 0 7.51135)
(824.835 0 7.49678)
(824.835 0 7.47065)
(824.834 0 7.42972)
(824.831 0 7.38346)
(824.827 0 7.34136)
(824.823 0 7.30754)
(824.818 0 7.27932)
(824.809 0 7.24936)
(824.798 0 7.21544)
(824.784 0 7.17893)
(824.766 0 7.14355)
(824.745 0 7.11491)
(824.721 0 7.09484)
(824.697 0 7.07732)
(824.673 0 7.05418)
(824.649 0 7.02302)
(824.623 0 6.98337)
(824.591 0 6.94509)
(824.551 0 6.9117)
(824.501 0 6.88449)
(824.445 0 6.85019)
(824.382 0 6.81419)
(824.318 0 6.78231)
(824.255 0 6.73854)
(824.187 0 6.70725)
(824.11 0 6.68234)
(824.022 0 6.67635)
(823.923 0 6.63655)
(823.801 0 6.70688)
(823.673 0 6.78396)
(823.55 0 6.76063)
(823.448 0 6.55936)
(823.369 0 6.17488)
(823.289 0 5.72556)
(823.189 0 5.30955)
(823.047 0 5.0673)
(822.875 0 5.04975)
(822.677 0 5.04869)
(822.48 0 5.01485)
(822.275 0 4.89554)
(822.047 0 4.72728)
(821.788 0 4.62216)
(821.507 0 4.63162)
(821.205 0 4.69186)
(820.887 0 4.73058)
(820.552 0 4.7037)
(820.198 0 4.61219)
(819.821 0 4.47476)
(819.42 0 4.36964)
(818.997 0 4.33102)
(818.557 0 4.37456)
(818.098 0 4.44119)
(817.622 0 4.49228)
(817.12 0 4.47884)
(816.594 0 4.41751)
(816.043 0 4.30697)
(815.471 0 4.20735)
(814.878 0 4.11282)
(814.267 0 4.07783)
(813.637 0 4.05449)
(812.99 0 4.07906)
(812.326 0 4.07814)
(811.641 0 4.09044)
(810.934 0 4.03541)
(810.207 0 3.99051)
(809.463 0 3.89054)
(808.707 0 3.82345)
(807.943 0 3.7284)
(807.17 0 3.67581)
(806.392 0 3.59831)
(805.607 0 3.57578)
(804.817 0 3.53585)
(804.018 0 3.53233)
(803.208 0 3.48641)
(802.386 0 3.45529)
(801.555 0 3.38184)
(800.722 0 3.32086)
(799.889 0 3.24582)
(799.059 0 3.18644)
(798.229 0 3.11484)
(797.401 0 3.06163)
(796.573 0 3.01151)
(795.747 0 2.97612)
(794.92 0 2.94909)
(794.098 0 2.90196)
(793.265 0 2.88102)
(792.48 0 2.807)
(791.467 0 2.75799)
(826.233 0 1.17568)
(825.699 0 3.83782)
(824.848 0 8.80269)
(823.933 0 10.0655)
(823.809 0 12.5406)
(823.539 0 13.318)
(823.658 0 12.6048)
(823.869 0 11.3748)
(824.135 0 10.0427)
(824.395 0 9.00238)
(824.674 0 7.98674)
(824.829 0 7.94024)
(824.817 0 7.5916)
(824.822 0 7.40997)
(824.859 0 7.43728)
(824.87 0 7.42802)
(824.861 0 7.41938)
(824.848 0 7.42845)
(824.842 0 7.45572)
(824.848 0 7.49886)
(824.849 0 7.50879)
(824.848 0 7.51245)
(824.844 0 7.50594)
(824.844 0 7.49579)
(824.843 0 7.47365)
(824.844 0 7.43869)
(824.846 0 7.39496)
(824.85 0 7.35213)
(824.853 0 7.31605)
(824.853 0 7.28495)
(824.85 0 7.25515)
(824.845 0 7.22354)
(824.84 0 7.18734)
(824.832 0 7.15063)
(824.82 0 7.1201)
(824.807 0 7.09888)
(824.795 0 7.07992)
(824.784 0 7.05771)
(824.774 0 7.02893)
(824.763 0 6.9992)
(824.747 0 6.96832)
(824.723 0 6.93759)
(824.694 0 6.89982)
(824.661 0 6.85928)
(824.627 0 6.82179)
(824.595 0 6.78421)
(824.562 0 6.74801)
(824.524 0 6.72447)
(824.479 0 6.69873)
(824.429 0 6.69999)
(824.375 0 6.65581)
(824.307 0 6.73333)
(824.236 0 6.79755)
(824.175 0 6.76238)
(824.134 0 6.58802)
(824.115 0 6.26488)
(824.109 0 5.83054)
(824.088 0 5.39454)
(824.035 0 5.12485)
(823.94 0 4.94567)
(823.85 0 4.99746)
(823.75 0 5.05929)
(823.643 0 4.99292)
(823.527 0 4.87773)
(823.399 0 4.75846)
(823.253 0 4.65605)
(823.093 0 4.62372)
(822.919 0 4.67274)
(822.734 0 4.73868)
(822.537 0 4.74688)
(822.333 0 4.69206)
(822.119 0 4.59384)
(821.893 0 4.50482)
(821.652 0 4.44505)
(821.399 0 4.43793)
(821.127 0 4.46245)
(820.838 0 4.50687)
(820.532 0 4.52828)
(820.215 0 4.53429)
(819.885 0 4.48566)
(819.544 0 4.43328)
(819.186 0 4.34934)
(818.815 0 4.31221)
(818.427 0 4.26895)
(818.022 0 4.28293)
(817.593 0 4.25372)
(817.142 0 4.26564)
(816.669 0 4.21652)
(816.182 0 4.21479)
(815.68 0 4.15328)
(815.168 0 4.13798)
(814.644 0 4.05527)
(814.112 0 4.05187)
(813.569 0 3.99453)
(813.013 0 4.01687)
(812.437 0 3.95685)
(811.842 0 3.9616)
(811.227 0 3.8711)
(810.599 0 3.84796)
(809.959 0 3.7585)
(809.312 0 3.7534)
(808.656 0 3.66205)
(807.992 0 3.68774)
(807.32 0 3.60787)
(806.642 0 3.65203)
(805.956 0 3.57242)
(805.263 0 3.62193)
(804.556 0 3.52003)
(803.88 0 3.52255)
(802.999 0 3.43099)
(826.396 0 0.442345)
(826.158 0 1.53541)
(825.502 0 4.63566)
(824.65 0 9.06233)
(823.83 0 13.7584)
(823.601 0 13.893)
(823.577 0 12.7643)
(823.7 0 12.2746)
(823.93 0 11.3791)
(824.186 0 10.3752)
(824.521 0 8.95491)
(824.731 0 8.20606)
(824.78 0 7.61372)
(824.788 0 7.47418)
(824.837 0 7.53088)
(824.842 0 7.47482)
(824.838 0 7.43262)
(824.836 0 7.42193)
(824.843 0 7.45183)
(824.857 0 7.48919)
(824.859 0 7.49384)
(824.858 0 7.497)
(824.851 0 7.50358)
(824.845 0 7.50901)
(824.845 0 7.50196)
(824.846 0 7.48299)
(824.85 0 7.45443)
(824.857 0 7.41641)
(824.866 0 7.37238)
(824.873 0 7.32424)
(824.877 0 7.282)
(824.878 0 7.24902)
(824.879 0 7.22211)
(824.877 0 7.19547)
(824.871 0 7.16782)
(824.863 0 7.14036)
(824.856 0 7.11211)
(824.852 0 7.0834)
(824.851 0 7.05654)
(824.852 0 7.03499)
(824.85 0 7.0144)
(824.841 0 6.98891)
(824.827 0 6.95325)
(824.81 0 6.91158)
(824.792 0 6.87013)
(824.776 0 6.83144)
(824.76 0 6.79837)
(824.741 0 6.77019)
(824.718 0 6.74786)
(824.693 0 6.73163)
(824.667 0 6.72534)
(824.644 0 6.68974)
(824.603 0 6.76444)
(824.562 0 6.80346)
(824.53 0 6.77383)
(824.518 0 6.63185)
(824.529 0 6.35826)
(824.555 0 5.96097)
(824.569 0 5.57387)
(824.57 0 5.14952)
(824.545 0 4.9994)
(824.497 0 4.95138)
(824.44 0 4.96387)
(824.385 0 5.01043)
(824.325 0 4.98407)
(824.263 0 4.88273)
(824.195 0 4.76188)
(824.117 0 4.67584)
(824.021 0 4.62952)
(823.914 0 4.62816)
(823.805 0 4.67425)
(823.692 0 4.71701)
(823.576 0 4.72755)
(823.458 0 4.70122)
(823.336 0 4.6542)
(823.203 0 4.59131)
(823.054 0 4.53498)
(822.889 0 4.49092)
(822.719 0 4.48742)
(822.545 0 4.49522)
(822.367 0 4.5231)
(822.182 0 4.51927)
(821.992 0 4.52634)
(821.796 0 4.50454)
(821.589 0 4.50506)
(821.364 0 4.45577)
(821.118 0 4.43198)
(820.853 0 4.36633)
(820.575 0 4.34154)
(820.288 0 4.29392)
(819.994 0 4.28571)
(819.692 0 4.24808)
(819.388 0 4.2581)
(819.077 0 4.2539)
(818.758 0 4.28035)
(818.422 0 4.26788)
(818.066 0 4.26358)
(817.687 0 4.21439)
(817.294 0 4.17365)
(816.884 0 4.11824)
(816.468 0 4.08665)
(816.037 0 4.0435)
(815.601 0 4.01988)
(815.151 0 4.01412)
(814.697 0 4.00368)
(814.226 0 4.03713)
(813.752 0 3.99122)
(813.251 0 4.05397)
(812.782 0 3.94525)
(812.125 0 4.0146)
(826.462 0 0.154778)
(826.364 0 0.586149)
(826.101 0 1.77128)
(825.428 0 5.04656)
(824.833 0 8.47846)
(824.505 0 10.752)
(823.934 0 12.0226)
(823.87 0 12.2233)
(823.864 0 12.3484)
(824.066 0 11.5308)
(824.343 0 10.2074)
(824.603 0 8.78647)
(824.673 0 8.14234)
(824.749 0 7.72318)
(824.833 0 7.70909)
(824.826 0 7.53581)
(824.826 0 7.42876)
(824.831 0 7.42729)
(824.852 0 7.46404)
(824.868 0 7.48371)
(824.87 0 7.4825)
(824.871 0 7.48523)
(824.865 0 7.50145)
(824.859 0 7.51602)
(824.849 0 7.51444)
(824.85 0 7.50083)
(824.852 0 7.49001)
(824.859 0 7.46924)
(824.869 0 7.4354)
(824.882 0 7.38653)
(824.891 0 7.33421)
(824.898 0 7.29027)
(824.903 0 7.25664)
(824.905 0 7.23278)
(824.901 0 7.21224)
(824.895 0 7.19007)
(824.889 0 7.16255)
(824.888 0 7.12846)
(824.892 0 7.09495)
(824.9 0 7.07113)
(824.907 0 7.05163)
(824.907 0 7.02784)
(824.902 0 6.99541)
(824.893 0 6.95809)
(824.884 0 6.91904)
(824.875 0 6.88178)
(824.867 0 6.84841)
(824.859 0 6.8204)
(824.848 0 6.79264)
(824.836 0 6.77864)
(824.827 0 6.76239)
(824.821 0 6.7525)
(824.81 0 6.7296)
(824.785 0 6.773)
(824.762 0 6.7974)
(824.746 0 6.78288)
(824.745 0 6.67291)
(824.763 0 6.44693)
(824.793 0 6.13544)
(824.838 0 5.71356)
(824.866 0 5.3565)
(824.876 0 5.12068)
(824.866 0 4.92719)
(824.848 0 4.92537)
(824.806 0 4.96494)
(824.771 0 4.96746)
(824.743 0 4.95574)
(824.715 0 4.9195)
(824.674 0 4.83503)
(824.622 0 4.72536)
(824.565 0 4.6486)
(824.504 0 4.61309)
(824.437 0 4.62903)
(824.372 0 4.6644)
(824.309 0 4.70722)
(824.244 0 4.72602)
(824.169 0 4.70999)
(824.084 0 4.65637)
(823.995 0 4.60748)
(823.907 0 4.54655)
(823.817 0 4.51871)
(823.724 0 4.4879)
(823.629 0 4.50237)
(823.535 0 4.50905)
(823.437 0 4.55337)
(823.328 0 4.54479)
(823.2 0 4.55692)
(823.058 0 4.50586)
(822.906 0 4.49697)
(822.75 0 4.43543)
(822.59 0 4.42066)
(822.431 0 4.34576)
(822.271 0 4.3532)
(822.113 0 4.3189)
(821.951 0 4.37068)
(821.779 0 4.34378)
(821.59 0 4.38909)
(821.383 0 4.32809)
(821.162 0 4.34471)
(820.931 0 4.27057)
(820.694 0 4.29613)
(820.45 0 4.20723)
(820.203 0 4.26159)
(819.947 0 4.18442)
(819.691 0 4.27187)
(819.426 0 4.19985)
(819.156 0 4.3154)
(818.872 0 4.19518)
(818.595 0 4.32526)
(818.147 0 4.10418)
(826.487 0 0.0502982)
(826.451 0 0.202083)
(826.348 0 0.655761)
(826.055 0 1.95941)
(825.596 0 4.32367)
(824.733 0 9.58766)
(824.259 0 11.6647)
(823.752 0 13.1048)
(823.913 0 12.7722)
(824.01 0 12.2023)
(824.132 0 11.5156)
(824.375 0 10.227)
(824.538 0 9.29693)
(824.725 0 8.25723)
(824.844 0 8.15584)
(824.821 0 7.78182)
(824.807 0 7.52936)
(824.817 0 7.52156)
(824.878 0 7.50072)
(824.891 0 7.47628)
(824.9 0 7.44789)
(824.9 0 7.45735)
(824.89 0 7.49237)
(824.88 0 7.50282)
(824.861 0 7.50471)
(824.856 0 7.50015)
(824.863 0 7.49625)
(824.867 0 7.49135)
(824.876 0 7.47463)
(824.889 0 7.43654)
(824.902 0 7.392)
(824.912 0 7.35235)
(824.92 0 7.31784)
(824.925 0 7.2888)
(824.924 0 7.26103)
(824.918 0 7.23157)
(824.913 0 7.19908)
(824.913 0 7.16301)
(824.919 0 7.12909)
(824.93 0 7.10663)
(824.942 0 7.0916)
(824.947 0 7.06959)
(824.947 0 7.03785)
(824.943 0 7.00272)
(824.938 0 6.96591)
(824.933 0 6.93066)
(824.928 0 6.89696)
(824.925 0 6.86821)
(824.922 0 6.83514)
(824.919 0 6.81233)
(824.918 0 6.79616)
(824.92 0 6.78252)
(824.925 0 6.76341)
(824.918 0 6.73955)
(824.903 0 6.7555)
(824.89 0 6.7793)
(824.881 0 6.77052)
(824.88 0 6.69075)
(824.893 0 6.52732)
(824.925 0 6.26636)
(824.972 0 5.92626)
(825.019 0 5.60312)
(825.071 0 5.22133)
(825.092 0 5.06337)
(825.076 0 4.93158)
(825.056 0 4.87453)
(825.052 0 4.90247)
(825.041 0 4.96169)
(825.011 0 4.95886)
(824.98 0 4.91456)
(824.953 0 4.86581)
(824.929 0 4.79647)
(824.898 0 4.72259)
(824.861 0 4.673)
(824.826 0 4.66534)
(824.793 0 4.67138)
(824.75 0 4.68303)
(824.698 0 4.6758)
(824.647 0 4.67637)
(824.601 0 4.6628)
(824.558 0 4.65394)
(824.516 0 4.61055)
(824.473 0 4.59052)
(824.432 0 4.56506)
(824.39 0 4.58198)
(824.341 0 4.56026)
(824.272 0 4.56362)
(824.192 0 4.51999)
(824.104 0 4.51817)
(824.017 0 4.48484)
(823.929 0 4.48798)
(823.845 0 4.4477)
(823.765 0 4.45256)
(823.689 0 4.43825)
(823.615 0 4.46656)
(823.536 0 4.44995)
(823.441 0 4.45829)
(823.333 0 4.40429)
(823.213 0 4.39574)
(823.088 0 4.33734)
(822.959 0 4.35919)
(822.829 0 4.30676)
(822.701 0 4.34763)
(822.569 0 4.30845)
(822.442 0 4.3835)
(822.312 0 4.34097)
(822.174 0 4.40556)
(822.018 0 4.3287)
(821.842 0 4.35144)
(821.532 0 4.13188)
(826.496 0 0.01449)
(826.484 0 0.0642113)
(826.445 0 0.228764)
(826.349 0 0.642872)
(826.082 0 1.89723)
(825.729 0 3.81474)
(824.753 0 8.50663)
(824.521 0 9.80567)
(824.283 0 11.3617)
(824.151 0 11.7568)
(824.152 0 11.7056)
(824.193 0 11.4878)
(824.368 0 10.8263)
(824.615 0 9.70643)
(824.813 0 8.5319)
(824.868 0 7.76014)
(824.837 0 7.57158)
(824.861 0 7.62057)
(824.919 0 7.5158)
(824.959 0 7.44555)
(824.975 0 7.39772)
(824.978 0 7.42234)
(824.938 0 7.47674)
(824.899 0 7.49128)
(824.881 0 7.48584)
(824.869 0 7.47438)
(824.877 0 7.47174)
(824.889 0 7.46491)
(824.894 0 7.45888)
(824.904 0 7.44371)
(824.918 0 7.42516)
(824.932 0 7.4053)
(824.941 0 7.37501)
(824.944 0 7.34674)
(824.942 0 7.31965)
(824.938 0 7.28652)
(824.934 0 7.24678)
(824.935 0 7.20177)
(824.942 0 7.1609)
(824.954 0 7.13606)
(824.968 0 7.12367)
(824.976 0 7.10577)
(824.977 0 7.07895)
(824.976 0 7.05165)
(824.973 0 7.02459)
(824.969 0 6.9949)
(824.967 0 6.96126)
(824.965 0 6.92667)
(824.966 0 6.89019)
(824.969 0 6.85851)
(824.974 0 6.83893)
(824.981 0 6.82618)
(824.989 0 6.80933)
(824.996 0 6.77875)
(824.989 0 6.75461)
(824.982 0 6.76599)
(824.973 0 6.78633)
(824.963 0 6.77845)
(824.959 0 6.71838)
(824.966 0 6.59999)
(824.992 0 6.40332)
(825.036 0 6.1577)
(825.107 0 5.80321)
(825.162 0 5.50678)
(825.199 0 5.23906)
(825.221 0 4.98702)
(825.239 0 4.92328)
(825.24 0 4.92431)
(825.211 0 4.91533)
(825.187 0 4.902)
(825.171 0 4.91126)
(825.158 0 4.90169)
(825.142 0 4.86546)
(825.123 0 4.81748)
(825.106 0 4.78824)
(825.094 0 4.75969)
(825.076 0 4.72672)
(825.044 0 4.6801)
(825.009 0 4.65888)
(824.979 0 4.6409)
(824.956 0 4.64889)
(824.937 0 4.63879)
(824.92 0 4.64266)
(824.905 0 4.63878)
(824.892 0 4.66742)
(824.876 0 4.65581)
(824.839 0 4.65256)
(824.792 0 4.59474)
(824.735 0 4.579)
(824.682 0 4.52382)
(824.63 0 4.51196)
(824.583 0 4.45194)
(824.542 0 4.46202)
(824.506 0 4.44635)
(824.475 0 4.50277)
(824.443 0 4.49194)
(824.397 0 4.5415)
(824.343 0 4.47564)
(824.276 0 4.50058)
(824.211 0 4.40895)
(824.14 0 4.44819)
(824.077 0 4.33851)
(824.006 0 4.41885)
(823.953 0 4.3123)
(823.875 0 4.43873)
(823.807 0 4.31557)
(823.712 0 4.41955)
(823.548 0 4.19889)
(823.417 0 4.02021)
(823.173 0 3.57935)
(826.499 0 0.0038015)
(826.495 0 0.0184681)
(826.482 0 0.0690213)
(826.446 0 0.223715)
(826.358 0 0.60033)
(826.163 0 1.51003)
(825.626 0 3.89664)
(825.253 0 6.11412)
(824.458 0 10.5026)
(824.06 0 11.8686)
(824.019 0 12.0852)
(824.038 0 12.084)
(824.216 0 11.6963)
(824.38 0 11.1171)
(824.568 0 10.0633)
(824.679 0 9.18406)
(824.781 0 8.29404)
(824.897 0 7.98767)
(824.997 0 7.54944)
(824.992 0 7.2877)
(825.016 0 7.33132)
(825.043 0 7.40645)
(824.973 0 7.44465)
(824.936 0 7.45194)
(824.919 0 7.44702)
(824.914 0 7.44783)
(824.917 0 7.44357)
(824.923 0 7.43066)
(824.928 0 7.4243)
(824.937 0 7.42503)
(824.953 0 7.43454)
(824.963 0 7.44326)
(824.963 0 7.43076)
(824.961 0 7.40193)
(824.96 0 7.36756)
(824.959 0 7.32727)
(824.958 0 7.2842)
(824.959 0 7.24208)
(824.965 0 7.20165)
(824.976 0 7.17771)
(824.989 0 7.16872)
(824.998 0 7.15212)
(825.002 0 7.12521)
(825.002 0 7.10092)
(825 0 7.08054)
(824.996 0 7.05806)
(824.993 0 7.02945)
(824.992 0 6.99772)
(824.996 0 6.96196)
(825.002 0 6.92448)
(825.011 0 6.89854)
(825.021 0 6.88258)
(825.031 0 6.86124)
(825.04 0 6.83009)
(825.041 0 6.79276)
(825.037 0 6.78196)
(825.033 0 6.79255)
(825.023 0 6.80383)
(825.012 0 6.78411)
(825.004 0 6.73958)
(825.008 0 6.65992)
(825.029 0 6.53241)
(825.073 0 6.32966)
(825.135 0 6.0375)
(825.197 0 5.75651)
(825.257 0 5.45935)
(825.303 0 5.22734)
(825.331 0 5.11485)
(825.34 0 4.99785)
(825.326 0 4.93522)
(825.314 0 4.90182)
(825.304 0 4.87977)
(825.29 0 4.88087)
(825.274 0 4.88075)
(825.263 0 4.87468)
(825.259 0 4.85907)
(825.258 0 4.83676)
(825.245 0 4.78485)
(825.219 0 4.73867)
(825.198 0 4.7012)
(825.186 0 4.68148)
(825.181 0 4.64657)
(825.175 0 4.64026)
(825.172 0 4.64261)
(825.173 0 4.67629)
(825.174 0 4.69138)
(825.153 0 4.70157)
(825.121 0 4.66552)
(825.081 0 4.64886)
(825.045 0 4.61158)
(825.012 0 4.58893)
(824.985 0 4.53818)
(824.963 0 4.51492)
(824.948 0 4.50257)
(824.938 0 4.52628)
(824.93 0 4.53203)
(824.909 0 4.54792)
(824.881 0 4.51076)
(824.842 0 4.50952)
(824.805 0 4.46151)
(824.763 0 4.46789)
(824.729 0 4.42318)
(824.683 0 4.40976)
(824.68 0 4.38485)
(824.563 0 4.33438)
(824.496 0 4.19411)
(824.413 0 4.03241)
(824.24 0 3.55373)
(823.985 0 2.82036)
(823.56 0 1.503)
(826.5 0 0.000911215)
(826.499 0 0.00473934)
(826.495 0 0.0194276)
(826.483 0 0.0652022)
(826.453 0 0.194105)
(826.379 0 0.510594)
(826.219 0 1.19852)
(825.855 0 2.95754)
(825.429 0 5.0764)
(824.666 0 8.71362)
(824.228 0 9.87834)
(824.287 0 11.1478)
(824.267 0 11.4359)
(824.289 0 11.3205)
(824.34 0 11.0559)
(824.438 0 10.6546)
(824.648 0 9.65124)
(824.85 0 8.70456)
(824.874 0 8.48345)
(824.83 0 7.93459)
(824.915 0 7.7782)
(824.988 0 7.62528)
(824.987 0 7.53893)
(824.973 0 7.43884)
(824.979 0 7.44755)
(824.975 0 7.4508)
(824.97 0 7.44122)
(824.967 0 7.42309)
(824.97 0 7.41691)
(824.976 0 7.42)
(824.988 0 7.44316)
(824.987 0 7.47133)
(824.982 0 7.46152)
(824.979 0 7.43883)
(824.978 0 7.41521)
(824.98 0 7.3792)
(824.983 0 7.32943)
(824.986 0 7.28068)
(824.99 0 7.23402)
(824.999 0 7.20132)
(825.009 0 7.19028)
(825.018 0 7.17983)
(825.023 0 7.16066)
(825.024 0 7.14433)
(825.021 0 7.1356)
(825.016 0 7.12277)
(825.011 0 7.0988)
(825.012 0 7.06428)
(825.017 0 7.02897)
(825.026 0 6.99232)
(825.036 0 6.9611)
(825.047 0 6.94001)
(825.058 0 6.91415)
(825.067 0 6.87721)
(825.07 0 6.83665)
(825.068 0 6.81335)
(825.066 0 6.81733)
(825.065 0 6.82449)
(825.053 0 6.80496)
(825.041 0 6.77578)
(825.034 0 6.74749)
(825.038 0 6.69912)
(825.056 0 6.61109)
(825.091 0 6.46405)
(825.143 0 6.23891)
(825.2 0 5.99974)
(825.27 0 5.68733)
(825.327 0 5.47131)
(825.37 0 5.33429)
(825.393 0 5.159)
(825.394 0 5.01467)
(825.395 0 4.93104)
(825.394 0 4.8945)
(825.377 0 4.87946)
(825.363 0 4.86914)
(825.361 0 4.86289)
(825.366 0 4.8688)
(825.365 0 4.85967)
(825.343 0 4.81462)
(825.327 0 4.77368)
(825.318 0 4.75142)
(825.32 0 4.71556)
(825.326 0 4.68023)
(825.33 0 4.66734)
(825.336 0 4.68947)
(825.346 0 4.70653)
(825.339 0 4.71715)
(825.316 0 4.68992)
(825.284 0 4.67425)
(825.256 0 4.65004)
(825.233 0 4.63052)
(825.216 0 4.58923)
(825.203 0 4.56641)
(825.197 0 4.55755)
(825.197 0 4.58423)
(825.202 0 4.58888)
(825.191 0 4.61376)
(825.185 0 4.55682)
(825.149 0 4.56198)
(825.128 0 4.49388)
(825.085 0 4.48586)
(825.047 0 4.39454)
(825.016 0 4.31868)
(824.972 0 4.20013)
(824.896 0 3.9916)
(824.774 0 3.65135)
(824.571 0 3.02694)
(824.209 0 1.84992)
(823.326 0 -1.12371)
(822.007 0 -6.36986)
(826.5 0 0.000197285)
(826.5 0 0.00111966)
(826.499 0 0.00484455)
(826.495 0 0.0175573)
(826.486 0 0.0552484)
(826.462 0 0.153407)
(826.405 0 0.392832)
(826.279 0 0.936775)
(826.082 0 1.85856)
(825.487 0 4.64094)
(825.021 0 6.32124)
(824.578 0 9.21999)
(824.254 0 11.0101)
(824.16 0 11.2445)
(824.202 0 11.309)
(824.239 0 11.3671)
(824.364 0 10.9288)
(824.519 0 10.1767)
(824.645 0 9.35275)
(824.75 0 8.52438)
(824.859 0 8.06258)
(824.941 0 7.98656)
(824.959 0 7.56274)
(824.991 0 7.53309)
(825.025 0 7.57796)
(824.998 0 7.52501)
(824.993 0 7.49283)
(824.988 0 7.4451)
(824.987 0 7.43914)
(824.99 0 7.43873)
(824.993 0 7.46258)
(824.993 0 7.46318)
(824.994 0 7.45501)
(824.995 0 7.44698)
(824.998 0 7.44211)
(825 0 7.42291)
(825.006 0 7.37913)
(825.008 0 7.33165)
(825.009 0 7.28907)
(825.012 0 7.2514)
(825.02 0 7.22966)
(825.029 0 7.21275)
(825.038 0 7.19038)
(825.041 0 7.17364)
(825.037 0 7.16403)
(825.032 0 7.15324)
(825.027 0 7.1378)
(825.026 0 7.11469)
(825.034 0 7.07974)
(825.043 0 7.04515)
(825.054 0 7.01464)
(825.063 0 6.99237)
(825.072 0 6.9673)
(825.081 0 6.92523)
(825.083 0 6.8842)
(825.083 0 6.85589)
(825.083 0 6.84977)
(825.086 0 6.85894)
(825.084 0 6.83719)
(825.072 0 6.79301)
(825.062 0 6.76729)
(825.057 0 6.75277)
(825.062 0 6.71942)
(825.078 0 6.65496)
(825.105 0 6.55038)
(825.14 0 6.41211)
(825.187 0 6.23994)
(825.248 0 6.01198)
(825.316 0 5.76168)
(825.366 0 5.56292)
(825.402 0 5.32287)
(825.421 0 5.1402)
(825.432 0 5.07351)
(825.43 0 5.03854)
(825.423 0 4.93446)
(825.424 0 4.87662)
(825.436 0 4.87879)
(825.449 0 4.88576)
(825.424 0 4.83934)
(825.409 0 4.79526)
(825.397 0 4.78197)
(825.399 0 4.76994)
(825.412 0 4.74027)
(825.42 0 4.72279)
(825.428 0 4.73448)
(825.439 0 4.75293)
(825.446 0 4.75838)
(825.433 0 4.7331)
(825.408 0 4.70355)
(825.386 0 4.68754)
(825.37 0 4.65978)
(825.357 0 4.62919)
(825.347 0 4.58839)
(825.343 0 4.59355)
(825.348 0 4.5967)
(825.353 0 4.61722)
(825.344 0 4.61206)
(825.35 0 4.58415)
(825.3 0 4.53137)
(825.27 0 4.44519)
(825.243 0 4.35133)
(825.199 0 4.20555)
(825.135 0 3.99833)
(825.031 0 3.66876)
(824.85 0 3.0486)
(824.438 0 1.69104)
(823.572 0 -1.37845)
(822.031 0 -6.94415)
(816.821 0 -24.5216)
(814.1 0 -38.3509)
(826.5 0 3.90536e-05)
(826.5 0 0.000239288)
(826.5 0 0.00110616)
(826.499 0 0.00424777)
(826.496 0 0.0140952)
(826.489 0 0.0420529)
(826.472 0 0.112103)
(826.431 0 0.281752)
(826.353 0 0.618548)
(826.164 0 1.40225)
(825.883 0 2.71937)
(825.388 0 5.00313)
(824.774 0 8.18763)
(824.396 0 8.35899)
(824.379 0 10.0404)
(824.443 0 11.1575)
(824.205 0 10.8435)
(824.286 0 10.6124)
(824.373 0 10.3741)
(824.496 0 10.0075)
(824.642 0 9.35089)
(824.739 0 8.72701)
(824.818 0 7.9569)
(824.921 0 7.86829)
(825.025 0 7.92293)
(824.997 0 7.76038)
(824.997 0 7.66909)
(824.985 0 7.55568)
(824.974 0 7.53354)
(824.976 0 7.49949)
(824.978 0 7.48742)
(824.982 0 7.47091)
(824.995 0 7.46715)
(825.001 0 7.47374)
(825.005 0 7.48894)
(825.005 0 7.48529)
(825.015 0 7.44762)
(825.014 0 7.40669)
(825.01 0 7.37051)
(825.009 0 7.32934)
(825.016 0 7.28847)
(825.027 0 7.25647)
(825.037 0 7.23259)
(825.042 0 7.21666)
(825.04 0 7.20061)
(825.037 0 7.17419)
(825.036 0 7.15197)
(825.039 0 7.13525)
(825.046 0 7.11277)
(825.056 0 7.08127)
(825.064 0 7.05622)
(825.071 0 7.03558)
(825.075 0 7.01383)
(825.081 0 6.97658)
(825.083 0 6.93369)
(825.084 0 6.91201)
(825.087 0 6.90717)
(825.092 0 6.90774)
(825.099 0 6.89194)
(825.093 0 6.83732)
(825.085 0 6.79343)
(825.077 0 6.77864)
(825.075 0 6.76626)
(825.083 0 6.73245)
(825.097 0 6.68085)
(825.114 0 6.62174)
(825.138 0 6.54803)
(825.173 0 6.45283)
(825.224 0 6.28585)
(825.28 0 6.06624)
(825.326 0 5.83843)
(825.368 0 5.57285)
(825.405 0 5.31423)
(825.424 0 5.23992)
(825.44 0 5.14882)
(825.451 0 5.00463)
(825.464 0 4.97393)
(825.483 0 4.99695)
(825.483 0 4.92588)
(825.464 0 4.82867)
(825.452 0 4.79972)
(825.453 0 4.78699)
(825.466 0 4.75992)
(825.472 0 4.74676)
(825.479 0 4.75446)
(825.489 0 4.78437)
(825.498 0 4.80597)
(825.495 0 4.79216)
(825.481 0 4.74849)
(825.465 0 4.71588)
(825.454 0 4.68514)
(825.443 0 4.65383)
(825.431 0 4.61891)
(825.424 0 4.60027)
(825.433 0 4.62473)
(825.423 0 4.59717)
(825.413 0 4.56318)
(825.399 0 4.49944)
(825.375 0 4.41658)
(825.327 0 4.2661)
(825.255 0 4.03418)
(825.134 0 3.59718)
(824.893 0 2.76917)
(824.372 0 0.941343)
(823.561 0 -2.07175)
(821.078 0 -9.96761)
(816.384 0 -25.872)
(813.277 0 -42.3843)
(800.079 0 -83.9423)
(796.659 0 -90.5583)
(826.5 0 7.04808e-06)
(826.5 0 4.66998e-05)
(826.5 0 0.00022948)
(826.5 0 0.000932655)
(826.499 0 0.0032722)
(826.497 0 0.0102284)
(826.492 0 0.0290338)
(826.481 0 0.0756345)
(826.455 0 0.182261)
(826.401 0 0.403142)
(826.29 0 0.890123)
(826.115 0 1.62794)
(825.687 0 3.52056)
(825.284 0 5.25954)
(824.753 0 8.03207)
(824.497 0 9.94957)
(824.206 0 9.61225)
(824.362 0 10.2673)
(824.388 0 10.444)
(824.333 0 10.5489)
(824.382 0 10.2778)
(824.446 0 9.8718)
(824.532 0 9.38238)
(824.706 0 8.65861)
(824.858 0 8.31032)
(824.95 0 7.83723)
(824.949 0 7.51729)
(824.976 0 7.62221)
(824.974 0 7.69305)
(824.932 0 7.56951)
(824.942 0 7.50784)
(824.964 0 7.46672)
(824.972 0 7.47642)
(824.985 0 7.5044)
(824.99 0 7.51676)
(824.991 0 7.51205)
(824.99 0 7.49691)
(824.994 0 7.45958)
(824.99 0 7.43848)
(824.991 0 7.42323)
(824.998 0 7.39355)
(825.007 0 7.35577)
(825.016 0 7.31742)
(825.021 0 7.2836)
(825.024 0 7.24543)
(825.028 0 7.2061)
(825.033 0 7.1758)
(825.041 0 7.15796)
(825.052 0 7.1413)
(825.062 0 7.11624)
(825.067 0 7.09565)
(825.067 0 7.08275)
(825.068 0 7.06201)
(825.07 0 7.02985)
(825.073 0 6.99264)
(825.076 0 6.96742)
(825.08 0 6.96795)
(825.086 0 6.96927)
(825.098 0 6.94404)
(825.104 0 6.894)
(825.099 0 6.84018)
(825.091 0 6.8157)
(825.087 0 6.80954)
(825.089 0 6.79407)
(825.099 0 6.75496)
(825.107 0 6.72125)
(825.117 0 6.69348)
(825.134 0 6.66175)
(825.16 0 6.60361)
(825.195 0 6.49266)
(825.237 0 6.31036)
(825.267 0 6.13874)
(825.31 0 5.87885)
(825.351 0 5.63497)
(825.383 0 5.52007)
(825.415 0 5.38317)
(825.452 0 5.13743)
(825.477 0 5.09151)
(825.498 0 5.08423)
(825.493 0 4.95159)
(825.479 0 4.88651)
(825.476 0 4.89162)
(825.494 0 4.84192)
(825.498 0 4.79639)
(825.506 0 4.8011)
(825.52 0 4.82398)
(825.533 0 4.84129)
(825.527 0 4.81246)
(825.51 0 4.77143)
(825.505 0 4.75034)
(825.501 0 4.71981)
(825.488 0 4.67912)
(825.47 0 4.64258)
(825.466 0 4.60484)
(825.462 0 4.57166)
(825.449 0 4.52004)
(825.419 0 4.41504)
(825.367 0 4.23254)
(825.278 0 3.8993)
(825.101 0 3.27706)
(824.744 0 2.03508)
(824.155 0 -0.154603)
(822.728 0 -4.56037)
(819.24 0 -16.4875)
(817.241 0 -27.1437)
(807.037 0 -57.7747)
(799.015 0 -80.8562)
(799.556 0 -81.9194)
(787.336 0 -114.102)
(781.631 0 -133.883)
(826.5 0 1.16302e-06)
(826.5 0 8.32261e-06)
(826.5 0 4.34553e-05)
(826.5 0 0.00018622)
(826.5 0 0.000688449)
(826.499 0 0.00226164)
(826.498 0 0.00672676)
(826.495 0 0.0184322)
(826.488 0 0.04649)
(826.472 0 0.110637)
(826.439 0 0.245381)
(826.377 0 0.509147)
(826.256 0 1.00088)
(826.036 0 1.99636)
(825.748 0 3.24212)
(825.181 0 5.90229)
(824.867 0 6.96842)
(824.466 0 9.45856)
(824.399 0 10.3613)
(824.292 0 10.0783)
(824.364 0 9.9148)
(824.392 0 9.90919)
(824.432 0 9.91168)
(824.5 0 9.74432)
(824.613 0 9.34828)
(824.72 0 8.89244)
(824.801 0 8.32519)
(824.869 0 7.99772)
(824.913 0 7.84853)
(824.907 0 7.66475)
(824.895 0 7.55499)
(824.899 0 7.57405)
(824.918 0 7.61422)
(824.937 0 7.6037)
(824.943 0 7.56365)
(824.954 0 7.54545)
(824.968 0 7.51347)
(824.97 0 7.49693)
(824.972 0 7.49087)
(824.972 0 7.47749)
(824.969 0 7.45785)
(824.973 0 7.43007)
(824.977 0 7.40834)
(824.982 0 7.3858)
(824.993 0 7.34673)
(825.005 0 7.28854)
(825.016 0 7.2399)
(825.028 0 7.20965)
(825.045 0 7.18553)
(825.058 0 7.1567)
(825.06 0 7.13435)
(825.056 0 7.12025)
(825.053 0 7.10441)
(825.055 0 7.07633)
(825.058 0 7.04789)
(825.062 0 7.03294)
(825.066 0 7.03294)
(825.071 0 7.03079)
(825.083 0 7.00593)
(825.096 0 6.95746)
(825.098 0 6.90734)
(825.094 0 6.87147)
(825.091 0 6.85666)
(825.093 0 6.85032)
(825.099 0 6.83272)
(825.101 0 6.80127)
(825.105 0 6.77845)
(825.111 0 6.7658)
(825.123 0 6.74804)
(825.143 0 6.70821)
(825.171 0 6.62016)
(825.193 0 6.51367)
(825.216 0 6.38597)
(825.242 0 6.24044)
(825.29 0 6.00609)
(825.324 0 5.89447)
(825.378 0 5.65073)
(825.421 0 5.42874)
(825.449 0 5.32823)
(825.467 0 5.25692)
(825.477 0 5.03944)
(825.477 0 4.98248)
(825.49 0 4.9479)
(825.503 0 4.85804)
(825.512 0 4.85254)
(825.528 0 4.90337)
(825.548 0 4.92032)
(825.532 0 4.87428)
(825.522 0 4.83007)
(825.525 0 4.80797)
(825.511 0 4.7529)
(825.49 0 4.68014)
(825.473 0 4.59673)
(825.453 0 4.48372)
(825.42 0 4.33247)
(825.341 0 4.04824)
(825.18 0 3.51255)
(824.889 0 2.51113)
(824.384 0 0.677652)
(823.289 0 -2.64651)
(820.737 0 -11.5959)
(818.88 0 -20.0374)
(811.05 0 -43.37)
(802.082 0 -71.0555)
(803.259 0 -73.3263)
(789.711 0 -105.721)
(783.808 0 -126.499)
(782.949 0 -119.352)
(782.991 0 -117.713)
(780.737 0 -125.04)
(826.5 0 1.75744e-07)
(826.5 0 1.35776e-06)
(826.5 0 7.51794e-06)
(826.5 0 3.39282e-05)
(826.5 0 0.000131802)
(826.5 0 0.000453251)
(826.5 0 0.00141512)
(826.499 0 0.00404104)
(826.497 0 0.0107163)
(826.493 0 0.0266664)
(826.484 0 0.0615026)
(826.465 0 0.137886)
(826.431 0 0.277027)
(826.361 0 0.567439)
(826.249 0 1.04558)
(826.051 0 1.86847)
(825.684 0 3.6036)
(825.469 0 4.61091)
(824.946 0 7.23362)
(824.636 0 8.24351)
(824.48 0 9.02354)
(824.406 0 10.286)
(824.398 0 10.6288)
(824.331 0 10.143)
(824.401 0 9.82111)
(824.466 0 9.68125)
(824.566 0 9.46254)
(824.662 0 9.07456)
(824.75 0 8.6192)
(824.789 0 8.33827)
(824.82 0 7.96034)
(824.843 0 7.6788)
(824.87 0 7.58025)
(824.902 0 7.55941)
(824.921 0 7.48092)
(824.922 0 7.43365)
(824.933 0 7.44244)
(824.952 0 7.47026)
(824.97 0 7.514)
(824.962 0 7.52416)
(824.951 0 7.50465)
(824.946 0 7.49374)
(824.942 0 7.48839)
(824.948 0 7.46538)
(824.968 0 7.41984)
(824.977 0 7.38657)
(824.986 0 7.35193)
(825.002 0 7.31632)
(825.021 0 7.27985)
(825.036 0 7.23606)
(825.038 0 7.19671)
(825.033 0 7.16861)
(825.031 0 7.14419)
(825.034 0 7.11764)
(825.04 0 7.09621)
(825.046 0 7.0876)
(825.049 0 7.08628)
(825.053 0 7.07646)
(825.063 0 7.05312)
(825.076 0 7.01511)
(825.085 0 6.97662)
(825.086 0 6.94238)
(825.085 0 6.92155)
(825.088 0 6.91082)
(825.094 0 6.90357)
(825.094 0 6.88043)
(825.09 0 6.84915)
(825.091 0 6.83438)
(825.096 0 6.829)
(825.108 0 6.81594)
(825.131 0 6.77072)
(825.148 0 6.70693)
(825.159 0 6.63707)
(825.168 0 6.5837)
(825.192 0 6.48402)
(825.221 0 6.37939)
(825.27 0 6.2027)
(825.3 0 6.06594)
(825.358 0 5.76172)
(825.377 0 5.68805)
(825.42 0 5.43301)
(825.429 0 5.28419)
(825.443 0 5.18727)
(825.463 0 5.11357)
(825.483 0 4.99434)
(825.501 0 4.99439)
(825.535 0 5.01844)
(825.506 0 4.90611)
(825.501 0 4.84463)
(825.496 0 4.76835)
(825.468 0 4.63307)
(825.417 0 4.43933)
(825.329 0 4.10047)
(825.191 0 3.58671)
(824.939 0 2.68362)
(824.428 0 0.982217)
(823.332 0 -2.21627)
(821.297 0 -9.55149)
(819.359 0 -17.1839)
(812.153 0 -38.3841)
(804.145 0 -64.581)
(805.169 0 -67.5156)
(791.368 0 -100.699)
(786.302 0 -118.983)
(785.793 0 -110.876)
(783.519 0 -117.067)
(779.175 0 -128.442)
(778.304 0 -135.666)
(776.629 0 -134.592)
(776.928 0 -132.814)
(826.5 0 2.43705e-08)
(826.5 0 2.03177e-07)
(826.5 0 1.19079e-06)
(826.5 0 5.65327e-06)
(826.5 0 2.29914e-05)
(826.5 0 8.28688e-05)
(826.5 0 0.000269371)
(826.5 0 0.00080655)
(826.499 0 0.00222276)
(826.498 0 0.0057796)
(826.496 0 0.0140079)
(826.492 0 0.0320731)
(826.482 0 0.0707887)
(826.464 0 0.14269)
(826.428 0 0.293569)
(826.37 0 0.528868)
(826.259 0 0.987918)
(826.092 0 1.74796)
(825.847 0 2.78379)
(825.424 0 4.67659)
(825.099 0 6.18471)
(824.89 0 7.57274)
(824.726 0 8.37947)
(824.605 0 8.70469)
(824.469 0 9.43197)
(824.506 0 9.9984)
(824.459 0 9.94584)
(824.482 0 9.73698)
(824.502 0 9.50523)
(824.56 0 9.28184)
(824.648 0 8.97837)
(824.695 0 8.71865)
(824.775 0 8.25782)
(824.83 0 7.97421)
(824.836 0 7.98074)
(824.859 0 7.78097)
(824.908 0 7.51326)
(824.929 0 7.43022)
(824.964 0 7.43682)
(824.948 0 7.45503)
(824.938 0 7.47651)
(824.939 0 7.49204)
(824.945 0 7.517)
(824.942 0 7.52198)
(824.948 0 7.49765)
(824.951 0 7.47382)
(824.947 0 7.46488)
(824.96 0 7.4274)
(824.985 0 7.36791)
(824.995 0 7.32531)
(824.999 0 7.2936)
(825.002 0 7.26366)
(825.006 0 7.23075)
(825.015 0 7.19365)
(825.025 0 7.16713)
(825.032 0 7.1576)
(825.033 0 7.14872)
(825.036 0 7.12997)
(825.042 0 7.10413)
(825.053 0 7.07344)
(825.065 0 7.04864)
(825.07 0 7.02183)
(825.069 0 6.99958)
(825.072 0 6.97456)
(825.077 0 6.95347)
(825.083 0 6.93509)
(825.081 0 6.90754)
(825.076 0 6.88523)
(825.076 0 6.88163)
(825.083 0 6.87592)
(825.097 0 6.86091)
(825.112 0 6.81816)
(825.119 0 6.76902)
(825.122 0 6.73588)
(825.131 0 6.69915)
(825.146 0 6.66189)
(825.176 0 6.57406)
(825.2 0 6.49611)
(825.242 0 6.32419)
(825.26 0 6.21015)
(825.306 0 5.97655)
(825.323 0 5.83155)
(825.358 0 5.59217)
(825.381 0 5.49897)
(825.407 0 5.26702)
(825.433 0 5.26478)
(825.412 0 5.06285)
(825.406 0 4.89655)
(825.376 0 4.67254)
(825.293 0 4.29111)
(825.147 0 3.73834)
(824.833 0 2.63071)
(824.249 0 0.771801)
(823.198 0 -2.58116)
(821.471 0 -9.04738)
(818.824 0 -16.8648)
(810.851 0 -40.0905)
(805.018 0 -60.7959)
(804.897 0 -65.5165)
(791.674 0 -100.501)
(787.517 0 -112.855)
(786.969 0 -107.193)
(782.491 0 -119.791)
(779.926 0 -132.059)
(779.057 0 -132.611)
(779.037 0 -130.153)
(778.356 0 -130.894)
(777.821 0 -131.831)
(777.007 0 -134.601)
(776.919 0 -135.73)
(826.5 0 3.09388e-09)
(826.5 0 2.79094e-08)
(826.5 0 1.73066e-07)
(826.5 0 8.62324e-07)
(826.5 0 3.67007e-06)
(826.5 0 1.37988e-05)
(826.5 0 4.68318e-05)
(826.5 0 0.000145666)
(826.5 0 0.000419839)
(826.5 0 0.00112978)
(826.499 0 0.00286375)
(826.498 0 0.00683682)
(826.496 0 0.0154862)
(826.491 0 0.0338692)
(826.482 0 0.0680298)
(826.464 0 0.140794)
(826.437 0 0.252839)
(826.383 0 0.476757)
(826.297 0 0.836312)
(826.166 0 1.37248)
(825.94 0 2.35642)
(825.644 0 3.69573)
(825.344 0 5.10429)
(825.048 0 6.5086)
(824.744 0 8.33629)
(824.662 0 8.57496)
(824.588 0 8.50609)
(824.624 0 8.95217)
(824.624 0 9.17918)
(824.555 0 9.42858)
(824.537 0 9.44333)
(824.583 0 9.30938)
(824.603 0 9.16653)
(824.651 0 8.93939)
(824.72 0 8.64524)
(824.783 0 8.37578)
(824.831 0 8.04125)
(824.814 0 8.01383)
(824.8 0 7.94969)
(824.898 0 7.72199)
(824.939 0 7.44311)
(824.937 0 7.36303)
(824.966 0 7.39391)
(824.96 0 7.47069)
(824.952 0 7.52213)
(824.947 0 7.53015)
(824.936 0 7.51483)
(824.945 0 7.47722)
(824.953 0 7.44132)
(824.96 0 7.40549)
(824.967 0 7.37316)
(824.974 0 7.34945)
(824.983 0 7.3269)
(824.995 0 7.30103)
(825.007 0 7.27367)
(825.011 0 7.25501)
(825.011 0 7.23766)
(825.013 0 7.21507)
(825.021 0 7.17986)
(825.03 0 7.15004)
(825.039 0 7.14506)
(825.044 0 7.12784)
(825.048 0 7.08863)
(825.053 0 7.04556)
(825.055 0 7.01527)
(825.059 0 6.99607)
(825.063 0 6.97566)
(825.062 0 6.94477)
(825.058 0 6.93475)
(825.061 0 6.92203)
(825.069 0 6.92159)
(825.082 0 6.89173)
(825.089 0 6.846)
(825.091 0 6.81427)
(825.095 0 6.79606)
(825.106 0 6.77441)
(825.117 0 6.7679)
(825.144 0 6.69042)
(825.152 0 6.63945)
(825.167 0 6.53811)
(825.18 0 6.42462)
(825.188 0 6.29402)
(825.206 0 6.11148)
(825.223 0 5.90327)
(825.173 0 5.57089)
(825.17 0 5.24042)
(825.107 0 4.77143)
(824.938 0 4.00347)
(824.547 0 2.5439)
(823.919 0 0.499597)
(822.715 0 -3.69025)
(820.656 0 -10.4506)
(816.627 0 -21.3923)
(809.191 0 -46.4464)
(806.488 0 -56.0452)
(801.231 0 -70.505)
(789.872 0 -106.343)
(787.843 0 -106.642)
(785.553 0 -108.225)
(781.164 0 -125.431)
(780.632 0 -129.883)
(780.475 0 -127.398)
(779.018 0 -129.444)
(778.024 0 -131.63)
(777.169 0 -135.758)
(777.178 0 -136.578)
(776.371 0 -135.842)
(776.25 0 -134.871)
(776.328 0 -134.777)
(776.309 0 -134.958)
(826.5 0 3.52663e-10)
(826.5 0 3.53819e-09)
(826.5 0 2.32344e-08)
(826.5 0 1.21433e-07)
(826.5 0 5.39874e-07)
(826.5 0 2.1158e-06)
(826.5 0 7.47531e-06)
(826.5 0 2.41778e-05)
(826.5 0 7.24257e-05)
(826.5 0 0.000202599)
(826.5 0 0.000532557)
(826.5 0 0.00132431)
(826.499 0 0.00311876)
(826.498 0 0.00700979)
(826.496 0 0.0151617)
(826.492 0 0.0306301)
(826.484 0 0.0624859)
(826.47 0 0.115278)
(826.446 0 0.213551)
(826.405 0 0.388061)
(826.346 0 0.624208)
(826.236 0 1.08409)
(826.073 0 1.79946)
(825.886 0 2.58405)
(825.586 0 3.91612)
(825.208 0 5.90338)
(825.136 0 6.19664)
(824.864 0 7.45442)
(824.748 0 8.99431)
(824.598 0 8.91172)
(824.502 0 8.58844)
(824.619 0 8.76202)
(824.645 0 8.8362)
(824.651 0 8.97618)
(824.627 0 9.03769)
(824.631 0 8.96609)
(824.65 0 8.87417)
(824.693 0 8.68639)
(824.74 0 8.44905)
(824.805 0 8.19788)
(824.833 0 7.98973)
(824.825 0 7.96756)
(824.845 0 7.90792)
(824.913 0 7.67305)
(824.937 0 7.47931)
(824.937 0 7.42512)
(824.941 0 7.40237)
(824.935 0 7.4049)
(824.933 0 7.44731)
(824.926 0 7.501)
(824.929 0 7.50765)
(824.942 0 7.48214)
(824.947 0 7.46229)
(824.953 0 7.44986)
(824.955 0 7.43755)
(824.958 0 7.4009)
(824.965 0 7.35839)
(824.973 0 7.33299)
(824.985 0 7.3076)
(825.001 0 7.27045)
(825.011 0 7.24396)
(825.019 0 7.22001)
(825.023 0 7.19145)
(825.028 0 7.14471)
(825.031 0 7.1011)
(825.031 0 7.08478)
(825.035 0 7.06814)
(825.041 0 7.03434)
(825.042 0 7.00983)
(825.044 0 6.98575)
(825.048 0 6.97219)
(825.053 0 6.9562)
(825.066 0 6.89882)
(825.068 0 6.865)
(825.071 0 6.84811)
(825.077 0 6.83214)
(825.085 0 6.83653)
(825.095 0 6.79774)
(825.079 0 6.72327)
(825.076 0 6.63242)
(825.065 0 6.50755)
(825.025 0 6.29161)
(824.953 0 5.95573)
(824.811 0 5.3831)
(824.492 0 4.24523)
(823.978 0 2.57045)
(823.088 0 -0.480589)
(821.363 0 -6.28733)
(818.338 0 -14.5806)
(812.734 0 -32.9886)
(807.823 0 -50.6284)
(805.669 0 -57.5811)
(793.283 0 -90.5015)
(788.577 0 -106.735)
(788.218 0 -101.876)
(782.647 0 -116.379)
(781.169 0 -128.337)
(780.461 0 -126.033)
(778.864 0 -127.024)
(777.503 0 -130.929)
(776.966 0 -136.025)
(777.109 0 -137.331)
(776.228 0 -135.675)
(776.443 0 -134.165)
(776.579 0 -134.419)
(776.422 0 -134.775)
(776.151 0 -135.134)
(775.881 0 -135.224)
(775.537 0 -135.385)
(775.286 0 -135.524)
(826.5 0 3.9276e-11)
(826.5 0 4.28546e-10)
(826.5 0 2.99165e-09)
(826.5 0 1.63837e-08)
(826.5 0 7.5954e-08)
(826.5 0 3.09688e-07)
(826.5 0 1.13664e-06)
(826.5 0 3.81687e-06)
(826.5 0 1.18548e-05)
(826.5 0 3.44023e-05)
(826.5 0 9.37051e-05)
(826.5 0 0.000241418)
(826.5 0 0.000590579)
(826.5 0 0.00137502)
(826.499 0 0.00306352)
(826.498 0 0.00658261)
(826.496 0 0.0133228)
(826.493 0 0.0269254)
(826.487 0 0.0505001)
(826.476 0 0.09285)
(826.457 0 0.171239)
(826.43 0 0.281735)
(826.382 0 0.483161)
(826.306 0 0.810979)
(826.206 0 1.20862)
(826.037 0 1.95149)
(825.808 0 3.15809)
(825.666 0 3.73526)
(825.308 0 5.35321)
(825.006 0 7.00815)
(824.919 0 6.91117)
(824.717 0 8.07012)
(824.727 0 9.07635)
(824.604 0 8.95567)
(824.541 0 8.70154)
(824.607 0 8.65803)
(824.639 0 8.69073)
(824.671 0 8.75691)
(824.681 0 8.77682)
(824.688 0 8.73074)
(824.703 0 8.6446)
(824.736 0 8.46467)
(824.768 0 8.31109)
(824.804 0 8.15936)
(824.844 0 7.89177)
(824.852 0 7.8313)
(824.84 0 7.86488)
(824.875 0 7.69999)
(824.889 0 7.57923)
(824.888 0 7.55839)
(824.913 0 7.47733)
(824.92 0 7.40098)
(824.924 0 7.38429)
(824.935 0 7.41163)
(824.929 0 7.43211)
(824.931 0 7.40822)
(824.939 0 7.374)
(824.951 0 7.36606)
(824.963 0 7.36633)
(824.977 0 7.33841)
(824.986 0 7.30533)
(824.992 0 7.2832)
(824.999 0 7.2697)
(825.004 0 7.25096)
(825.008 0 7.20151)
(825.007 0 7.17638)
(825.009 0 7.16336)
(825.019 0 7.13393)
(825.024 0 7.12353)
(825.03 0 7.08794)
(825.03 0 7.05581)
(825.022 0 7.03356)
(825.041 0 6.97964)
(825.032 0 6.91643)
(825.039 0 6.87605)
(825.037 0 6.8301)
(825.024 0 6.75968)
(824.989 0 6.61625)
(824.925 0 6.38464)
(824.806 0 6.00164)
(824.554 0 5.22065)
(824.11 0 3.89242)
(823.383 0 1.59341)
(821.993 0 -2.75074)
(819.185 0 -10.0007)
(814.421 0 -24.9607)
(809.512 0 -43.066)
(806.46 0 -52.4055)
(796.044 0 -81.2963)
(790.198 0 -101.185)
(789.866 0 -98.4097)
(784.166 0 -112.055)
(781.672 0 -127.157)
(780.244 0 -125.905)
(778.312 0 -125.838)
(777.804 0 -130.024)
(777.186 0 -134.442)
(777.071 0 -135.635)
(776.487 0 -134.305)
(776.629 0 -133.031)
(776.801 0 -133.57)
(776.56 0 -134.188)
(776.02 0 -134.851)
(775.369 0 -135.131)
(775.167 0 -135.226)
(775.075 0 -135.309)
(775.016 0 -135.388)
(775.052 0 -135.481)
(775.14 0 -135.457)
(775.157 0 -135.4)
(826.5 0 8.0568e-12)
(826.5 0 5.70495e-11)
(826.5 0 3.91887e-10)
(826.5 0 2.21962e-09)
(826.5 0 1.06996e-08)
(826.5 0 4.53057e-08)
(826.5 0 1.7249e-07)
(826.5 0 6.00143e-07)
(826.5 0 1.93085e-06)
(826.5 0 5.7955e-06)
(826.5 0 1.63493e-05)
(826.5 0 4.355e-05)
(826.5 0 0.00011019)
(826.5 0 0.000265882)
(826.5 0 0.00061246)
(826.5 0 0.00135504)
(826.499 0 0.00289133)
(826.498 0 0.00587031)
(826.497 0 0.0117576)
(826.494 0 0.0223126)
(826.489 0 0.0410808)
(826.481 0 0.0754228)
(826.468 0 0.128313)
(826.446 0 0.21926)
(826.411 0 0.370476)
(826.363 0 0.567866)
(826.284 0 0.911487)
(826.166 0 1.46053)
(826.028 0 1.98378)
(825.746 0 3.27094)
(825.521 0 4.56682)
(825.465 0 4.82248)
(825.113 0 6.5608)
(824.901 0 7.48349)
(824.77 0 7.45404)
(824.678 0 8.4096)
(824.687 0 8.93202)
(824.608 0 8.79705)
(824.629 0 8.65396)
(824.646 0 8.63291)
(824.654 0 8.63413)
(824.664 0 8.62938)
(824.677 0 8.61467)
(824.701 0 8.55991)
(824.733 0 8.45288)
(824.768 0 8.28513)
(824.783 0 8.18638)
(824.811 0 8.04472)
(824.842 0 7.82186)
(824.843 0 7.79987)
(824.852 0 7.76036)
(824.876 0 7.61864)
(824.887 0 7.60088)
(824.883 0 7.6293)
(824.898 0 7.56105)
(824.905 0 7.49339)
(824.912 0 7.48599)
(824.909 0 7.49892)
(824.928 0 7.45714)
(824.952 0 7.39572)
(824.962 0 7.34673)
(824.971 0 7.3121)
(824.983 0 7.29236)
(824.989 0 7.2868)
(824.987 0 7.26572)
(824.983 0 7.23935)
(824.985 0 7.21793)
(824.991 0 7.19388)
(825.001 0 7.19255)
(825.019 0 7.18942)
(824.996 0 7.12435)
(824.993 0 7.06852)
(824.987 0 6.98284)
(824.963 0 6.84156)
(824.917 0 6.64302)
(824.828 0 6.3426)
(824.636 0 5.72862)
(824.293 0 4.66837)
(823.72 0 2.89386)
(822.641 0 -0.497341)
(820.376 0 -6.44923)
(816.336 0 -18.7345)
(811.75 0 -35.4383)
(808.027 0 -45.9525)
(797.524 0 -74.2951)
(791.36 0 -95.5867)
(791.941 0 -93.2162)
(785.77 0 -108.06)
(781.909 0 -125.504)
(779.893 0 -125.063)
(778.293 0 -123.423)
(777.934 0 -129.599)
(778.108 0 -133.312)
(777.876 0 -132.945)
(777.19 0 -131.701)
(776.828 0 -132.092)
(776.741 0 -132.36)
(776.511 0 -133.057)
(775.956 0 -134.491)
(775.712 0 -134.795)
(775.182 0 -134.641)
(775.149 0 -134.5)
(775.198 0 -134.45)
(775.242 0 -134.504)
(775.182 0 -134.603)
(775.162 0 -134.706)
(775.15 0 -134.783)
(775.195 0 -134.872)
(775.259 0 -134.933)
(775.337 0 -135)
(826.5 0 1.26667e-11)
(826.5 0 2.5434e-11)
(826.5 0 7.09106e-11)
(826.5 0 3.19391e-10)
(826.5 0 1.52712e-09)
(826.5 0 6.65948e-09)
(826.5 0 2.62391e-08)
(826.5 0 9.44522e-08)
(826.5 0 3.14197e-07)
(826.5 0 9.74746e-07)
(826.5 0 2.83953e-06)
(826.5 0 7.81708e-06)
(826.5 0 2.04202e-05)
(826.5 0 5.08564e-05)
(826.5 0 0.000121176)
(826.5 0 0.000276691)
(826.5 0 0.000607787)
(826.5 0 0.00128968)
(826.499 0 0.00262333)
(826.499 0 0.00522232)
(826.497 0 0.00997108)
(826.495 0 0.0184586)
(826.492 0 0.033783)
(826.485 0 0.0585174)
(826.475 0 0.100445)
(826.459 0 0.170502)
(826.435 0 0.268287)
(826.397 0 0.432811)
(826.337 0 0.694591)
(826.263 0 0.998355)
(826.13 0 1.62272)
(825.986 0 2.32853)
(825.794 0 3.08764)
(825.462 0 4.68838)
(825.317 0 5.39539)
(825.134 0 6.30124)
(824.978 0 7.2744)
(824.915 0 7.29542)
(824.748 0 7.99295)
(824.696 0 8.72109)
(824.599 0 8.68606)
(824.611 0 8.51212)
(824.643 0 8.57698)
(824.669 0 8.59301)
(824.674 0 8.57996)
(824.684 0 8.56069)
(824.697 0 8.52542)
(824.718 0 8.46966)
(824.745 0 8.35967)
(824.764 0 8.21439)
(824.782 0 8.07811)
(824.822 0 7.87148)
(824.842 0 7.80462)
(824.85 0 7.77192)
(824.879 0 7.64916)
(824.887 0 7.56829)
(824.887 0 7.59558)
(824.879 0 7.59887)
(824.901 0 7.52211)
(824.913 0 7.44947)
(824.921 0 7.43447)
(824.93 0 7.45341)
(824.934 0 7.45965)
(824.94 0 7.42545)
(824.944 0 7.3672)
(824.947 0 7.31117)
(824.953 0 7.25647)
(824.946 0 7.19805)
(824.945 0 7.15263)
(824.935 0 7.06767)
(824.902 0 6.92051)
(824.834 0 6.68172)
(824.68 0 6.18707)
(824.407 0 5.31661)
(823.958 0 3.93841)
(823.063 0 1.14216)
(821.257 0 -3.8705)
(818.179 0 -13.144)
(813.62 0 -29.4908)
(809.746 0 -40.3347)
(801.548 0 -63.0007)
(793.07 0 -92.3493)
(792.735 0 -90.4861)
(787.858 0 -101.122)
(782.222 0 -122.964)
(780.421 0 -125.248)
(778.66 0 -123.889)
(777.944 0 -129.509)
(777.752 0 -131.791)
(777.337 0 -130.965)
(776.911 0 -130.432)
(777.189 0 -131.652)
(777.044 0 -132.707)
(776.351 0 -133.98)
(775.835 0 -134.462)
(775.658 0 -134.394)
(775.21 0 -134.144)
(775.289 0 -134.112)
(775.35 0 -134.097)
(775.319 0 -134.083)
(775.21 0 -133.993)
(775.152 0 -133.9)
(775.258 0 -133.931)
(775.309 0 -133.973)
(775.352 0 -134.035)
(775.401 0 -134.156)
(775.434 0 -134.255)
(775.451 0 -134.329)
(775.466 0 -134.41)
(775.491 0 -134.538)
(826.5 0 1.7115e-11)
(826.5 0 1.91274e-11)
(826.5 0 2.34519e-11)
(826.5 0 5.50069e-11)
(826.5 0 2.21485e-10)
(826.5 0 9.8335e-10)
(826.5 0 4.00175e-09)
(826.5 0 1.48918e-08)
(826.5 0 5.11664e-08)
(826.5 0 1.63801e-07)
(826.5 0 4.92303e-07)
(826.5 0 1.39732e-06)
(826.5 0 3.76515e-06)
(826.5 0 9.66716e-06)
(826.5 0 2.37391e-05)
(826.5 0 5.59342e-05)
(826.5 0 0.000126663)
(826.5 0 0.000276552)
(826.5 0 0.000583749)
(826.5 0 0.00118832)
(826.499 0 0.00235666)
(826.499 0 0.00451488)
(826.498 0 0.00840298)
(826.496 0 0.0153652)
(826.493 0 0.0268777)
(826.488 0 0.0466128)
(826.481 0 0.078681)
(826.469 0 0.127167)
(826.449 0 0.209621)
(826.422 0 0.330805)
(826.384 0 0.496116)
(826.316 0 0.798209)
(826.238 0 1.12299)
(826.092 0 1.75269)
(825.93 0 2.56994)
(825.775 0 3.29244)
(825.506 0 4.50104)
(825.302 0 5.52669)
(825.082 0 6.6317)
(825.013 0 6.94555)
(824.968 0 7.00709)
(824.745 0 7.95736)
(824.702 0 8.58083)
(824.636 0 8.565)
(824.61 0 8.39366)
(824.686 0 8.42418)
(824.701 0 8.44253)
(824.707 0 8.47916)
(824.694 0 8.52659)
(824.69 0 8.494)
(824.695 0 8.43693)
(824.71 0 8.34679)
(824.731 0 8.24715)
(824.767 0 8.10744)
(824.797 0 8.00789)
(824.833 0 7.84994)
(824.844 0 7.74037)
(824.844 0 7.70302)
(824.852 0 7.67726)
(824.867 0 7.55266)
(824.866 0 7.56436)
(824.88 0 7.53546)
(824.894 0 7.48685)
(824.889 0 7.406)
(824.894 0 7.3443)
(824.889 0 7.28008)
(824.861 0 7.17017)
(824.801 0 6.98468)
(824.682 0 6.60845)
(824.473 0 5.92965)
(824.11 0 4.81197)
(823.357 0 2.53953)
(821.817 0 -1.80634)
(819.326 0 -9.37433)
(815.505 0 -23.2148)
(811.172 0 -35.4358)
(804.938 0 -53.9019)
(795.157 0 -86.3131)
(793.656 0 -89.3772)
(790.719 0 -96.1257)
(783.245 0 -120.564)
(780.953 0 -125.858)
(778.695 0 -123.33)
(778.324 0 -128.561)
(778.292 0 -131.125)
(778.08 0 -130.277)
(777.288 0 -130.003)
(776.781 0 -130.67)
(776.445 0 -131.278)
(775.937 0 -133.176)
(775.83 0 -134.032)
(775.526 0 -133.995)
(775.485 0 -133.704)
(775.633 0 -133.643)
(775.644 0 -133.729)
(775.518 0 -133.798)
(775.41 0 -133.757)
(775.382 0 -133.674)
(775.384 0 -133.634)
(775.389 0 -133.634)
(775.382 0 -133.651)
(775.371 0 -133.685)
(775.378 0 -133.749)
(775.401 0 -133.846)
(775.423 0 -133.932)
(775.44 0 -133.986)
(775.514 0 -134.032)
(775.587 0 -134.099)
(775.624 0 -134.148)
(775.64 0 -134.202)
(826.5 0 -6.89191e-12)
(826.5 0 -9.54797e-12)
(826.5 0 -1.86116e-11)
(826.5 0 -2.46886e-11)
(826.5 0 1.25326e-12)
(826.5 0 1.14003e-10)
(826.5 0 5.82674e-10)
(826.5 0 2.32739e-09)
(826.5 0 8.31753e-09)
(826.5 0 2.75095e-08)
(826.5 0 8.52372e-08)
(826.5 0 2.49261e-07)
(826.5 0 6.9152e-07)
(826.5 0 1.82839e-06)
(826.5 0 4.62196e-06)
(826.5 0 1.12084e-05)
(826.5 0 2.61401e-05)
(826.5 0 5.87411e-05)
(826.5 0 0.000127571)
(826.5 0 0.000267997)
(826.5 0 0.000545436)
(826.5 0 0.00107928)
(826.499 0 0.0020721)
(826.499 0 0.00387158)
(826.498 0 0.00707636)
(826.497 0 0.012499)
(826.495 0 0.0217486)
(826.491 0 0.0369666)
(826.485 0 0.0608441)
(826.476 0 0.100501)
(826.462 0 0.159791)
(826.442 0 0.245774)
(826.408 0 0.393103)
(826.365 0 0.57732)
(826.3 0 0.869326)
(826.205 0 1.30248)
(826.073 0 1.86565)
(825.91 0 2.60413)
(825.711 0 3.5558)
(825.485 0 4.68851)
(825.314 0 5.51994)
(825.17 0 6.15446)
(824.978 0 7.09909)
(824.857 0 7.39794)
(824.826 0 7.62424)
(824.751 0 8.27293)
(824.724 0 8.53318)
(824.663 0 8.41243)
(824.691 0 8.35202)
(824.697 0 8.34979)
(824.698 0 8.36334)
(824.694 0 8.39357)
(824.683 0 8.41372)
(824.691 0 8.37776)
(824.703 0 8.31271)
(824.717 0 8.23681)
(824.731 0 8.16304)
(824.757 0 7.9671)
(824.756 0 8.0071)
(824.808 0 7.85747)
(824.788 0 7.7222)
(824.768 0 7.56312)
(824.783 0 7.43703)
(824.77 0 7.26139)
(824.699 0 6.95614)
(824.543 0 6.44722)
(824.228 0 5.56931)
(823.569 0 3.66579)
(822.359 0 0.187834)
(820.388 0 -5.82231)
(817.108 0 -17.0272)
(812.19 0 -30.3197)
(805.674 0 -49.3979)
(797.419 0 -77.8938)
(796.257 0 -82.7632)
(791.792 0 -94.3702)
(783.671 0 -120.514)
(781.42 0 -125.086)
(779.986 0 -122.374)
(779.451 0 -127.175)
(779.215 0 -128.432)
(778.741 0 -127.68)
(777.63 0 -128.456)
(777.58 0 -130.366)
(777.049 0 -131.752)
(775.932 0 -133.408)
(775.544 0 -133.669)
(775.161 0 -133.31)
(775.045 0 -133.313)
(775.119 0 -133.686)
(775.259 0 -133.95)
(775.342 0 -133.929)
(775.404 0 -133.701)
(775.483 0 -133.601)
(775.499 0 -133.592)
(775.509 0 -133.605)
(775.514 0 -133.63)
(775.501 0 -133.628)
(775.468 0 -133.609)
(775.432 0 -133.612)
(775.411 0 -133.641)
(775.413 0 -133.683)
(775.446 0 -133.719)
(775.497 0 -133.738)
(775.562 0 -133.75)
(775.605 0 -133.765)
(775.651 0 -133.79)
(775.711 0 -133.818)
(775.749 0 -133.821)
(775.795 0 -133.848)
(826.5 0 -5.91924e-12)
(826.5 0 -7.00235e-12)
(826.5 0 -8.72004e-12)
(826.5 0 -8.84802e-12)
(826.5 0 -5.35459e-12)
(826.5 0 8.47159e-12)
(826.5 0 7.47543e-11)
(826.5 0 3.44727e-10)
(826.5 0 1.32635e-09)
(826.5 0 4.59128e-09)
(826.5 0 1.47215e-08)
(826.5 0 4.4376e-08)
(826.5 0 1.26714e-07)
(826.5 0 3.44524e-07)
(826.5 0 8.95513e-07)
(826.5 0 2.23246e-06)
(826.5 0 5.3511e-06)
(826.5 0 1.23672e-05)
(826.5 0 2.75883e-05)
(826.5 0 5.96274e-05)
(826.5 0 0.000124727)
(826.5 0 0.000253666)
(826.5 0 0.000501004)
(826.5 0 0.000963743)
(826.5 0 0.00180358)
(826.499 0 0.00330319)
(826.499 0 0.00587376)
(826.497 0 0.010274)
(826.496 0 0.0175719)
(826.493 0 0.0293341)
(826.488 0 0.048298)
(826.481 0 0.0779082)
(826.471 0 0.122306)
(826.454 0 0.193767)
(826.432 0 0.293057)
(826.397 0 0.445185)
(826.348 0 0.661599)
(826.281 0 0.954727)
(826.171 0 1.44311)
(826.046 0 2.01569)
(825.926 0 2.61301)
(825.647 0 3.91619)
(825.429 0 4.82416)
(825.416 0 5.05319)
(825.146 0 6.32303)
(824.97 0 7.51199)
(824.862 0 7.43005)
(824.912 0 7.201)
(824.805 0 7.76391)
(824.706 0 8.42498)
(824.674 0 8.61953)
(824.578 0 8.45671)
(824.622 0 8.33296)
(824.656 0 8.32752)
(824.673 0 8.31568)
(824.673 0 8.29156)
(824.676 0 8.25896)
(824.683 0 8.23972)
(824.655 0 8.09365)
(824.631 0 7.87251)
(824.605 0 7.6314)
(824.502 0 7.22388)
(824.255 0 6.44051)
(823.741 0 4.77249)
(822.904 0 2.10657)
(821.482 0 -2.1825)
(818.225 0 -11.9444)
(812.949 0 -25.4294)
(806.977 0 -43.4885)
(799.048 0 -71.6669)
(797.191 0 -77.0641)
(793.028 0 -87.7373)
(783.765 0 -118.663)
(781.434 0 -125.661)
(779.985 0 -122.272)
(779.891 0 -123.024)
(780.228 0 -124.498)
(779.482 0 -126.112)
(778.271 0 -128.575)
(777.752 0 -130.559)
(776.371 0 -132.703)
(775.422 0 -134.199)
(775.327 0 -134.106)
(775.126 0 -133.757)
(775.285 0 -133.449)
(775.398 0 -133.407)
(775.389 0 -133.391)
(775.246 0 -133.21)
(775.231 0 -132.98)
(775.363 0 -133.095)
(775.441 0 -133.264)
(775.445 0 -133.307)
(775.455 0 -133.33)
(775.462 0 -133.367)
(775.463 0 -133.415)
(775.485 0 -133.48)
(775.522 0 -133.559)
(775.544 0 -133.608)
(775.543 0 -133.62)
(775.535 0 -133.597)
(775.553 0 -133.57)
(775.6 0 -133.562)
(775.644 0 -133.567)
(775.678 0 -133.576)
(775.744 0 -133.584)
(775.803 0 -133.579)
(775.858 0 -133.575)
(775.922 0 -133.596)
(775.95 0 -133.606)
(775.94 0 -133.648)
(826.5 0 1.7071e-11)
(826.5 0 1.91607e-11)
(826.5 0 2.454e-11)
(826.5 0 3.87853e-11)
(826.5 0 4.5599e-11)
(826.5 0 5.06327e-11)
(826.5 0 5.66294e-11)
(826.5 0 1.01423e-10)
(826.5 0 2.60202e-10)
(826.5 0 8.08085e-10)
(826.5 0 2.57901e-09)
(826.5 0 7.92927e-09)
(826.5 0 2.32134e-08)
(826.5 0 6.47931e-08)
(826.5 0 1.72913e-07)
(826.5 0 4.42571e-07)
(826.5 0 1.08915e-06)
(826.5 0 2.58368e-06)
(826.5 0 5.91982e-06)
(826.5 0 1.31238e-05)
(826.5 0 2.82137e-05)
(826.5 0 5.88553e-05)
(826.5 0 0.000119391)
(826.5 0 0.000235833)
(826.5 0 0.000453323)
(826.5 0 0.000851504)
(826.5 0 0.00155972)
(826.499 0 0.00279669)
(826.499 0 0.00490282)
(826.498 0 0.00845245)
(826.497 0 0.0141809)
(826.494 0 0.0235388)
(826.491 0 0.0381739)
(826.485 0 0.0610988)
(826.477 0 0.0958806)
(826.465 0 0.149058)
(826.448 0 0.225773)
(826.421 0 0.34139)
(826.384 0 0.505075)
(826.332 0 0.739589)
(826.261 0 1.05604)
(826.139 0 1.57581)
(826.026 0 2.1018)
(825.878 0 2.89761)
(825.627 0 4.14074)
(825.487 0 4.66219)
(825.467 0 4.97469)
(825.127 0 6.5198)
(824.983 0 7.67695)
(824.898 0 7.40751)
(825.069 0 6.98046)
(824.814 0 7.52104)
(824.645 0 8.17629)
(824.68 0 8.38306)
(824.647 0 8.34985)
(824.562 0 8.19347)
(824.484 0 7.95618)
(824.409 0 7.60317)
(824.254 0 6.96713)
(823.913 0 5.81224)
(823.278 0 3.9944)
(821.969 0 0.441889)
(818.824 0 -8.10764)
(814.111 0 -21.2985)
(809.308 0 -38.4363)
(802.315 0 -61.8182)
(797.898 0 -71.1647)
(791.644 0 -85.5105)
(783.557 0 -113.104)
(781.441 0 -119.737)
(780.195 0 -117.775)
(780.217 0 -120.704)
(781.01 0 -123.06)
(779.618 0 -125.207)
(778.123 0 -128.571)
(776.881 0 -130.887)
(774.915 0 -133.666)
(774.947 0 -134.174)
(774.799 0 -133.979)
(774.762 0 -133.363)
(775.158 0 -133.405)
(775.235 0 -133.524)
(775.305 0 -133.611)
(775.336 0 -133.504)
(775.46 0 -133.129)
(775.613 0 -132.928)
(775.639 0 -132.904)
(775.636 0 -132.963)
(775.591 0 -133.066)
(775.579 0 -133.109)
(775.584 0 -133.152)
(775.593 0 -133.216)
(775.601 0 -133.272)
(775.606 0 -133.3)
(775.617 0 -133.334)
(775.63 0 -133.391)
(775.65 0 -133.451)
(775.649 0 -133.478)
(775.652 0 -133.498)
(775.669 0 -133.5)
(775.708 0 -133.481)
(775.757 0 -133.483)
(775.806 0 -133.499)
(775.855 0 -133.52)
(775.909 0 -133.53)
(775.961 0 -133.54)
(776.013 0 -133.533)
(776.042 0 -133.553)
(776.042 0 -133.544)
(776.008 0 -133.546)
(826.5 0 4.57785e-12)
(826.5 0 9.25746e-12)
(826.5 0 1.29315e-11)
(826.5 0 1.37903e-11)
(826.5 0 2.44391e-11)
(826.5 0 3.6843e-11)
(826.5 0 5.98256e-11)
(826.5 0 7.50306e-11)
(826.5 0 1.13292e-10)
(826.5 0 2.14564e-10)
(826.5 0 5.21909e-10)
(826.5 0 1.47366e-09)
(826.5 0 4.29037e-09)
(826.5 0 1.21928e-08)
(826.5 0 3.33217e-08)
(826.5 0 8.74436e-08)
(826.5 0 2.20671e-07)
(826.5 0 5.36826e-07)
(826.5 0 1.26103e-06)
(826.5 0 2.86768e-06)
(826.5 0 6.31674e-06)
(826.5 0 1.35239e-05)
(826.5 0 2.81039e-05)
(826.5 0 5.69547e-05)
(826.5 0 0.00011225)
(826.5 0 0.000216318)
(826.5 0 0.000405945)
(826.5 0 0.000748157)
(826.5 0 0.0013417)
(826.499 0 0.00237375)
(826.499 0 0.00408469)
(826.498 0 0.00695264)
(826.497 0 0.0115123)
(826.495 0 0.0190023)
(826.493 0 0.0302827)
(826.489 0 0.0485355)
(826.482 0 0.0749102)
(826.473 0 0.116588)
(826.46 0 0.174721)
(826.439 0 0.267149)
(826.412 0 0.384468)
(826.369 0 0.578031)
(826.317 0 0.814197)
(826.234 0 1.18647)
(826.127 0 1.65605)
(826.003 0 2.27797)
(825.858 0 3.06566)
(825.636 0 4.18651)
(825.592 0 4.47738)
(825.422 0 5.28757)
(825.209 0 6.55822)
(825.027 0 7.28859)
(824.887 0 6.77602)
(824.818 0 6.86762)
(824.665 0 6.76342)
(824.31 0 6.11054)
(823.63 0 4.73574)
(822.454 0 1.76286)
(820.236 0 -4.46885)
(816.775 0 -14.4047)
(811.312 0 -31.0204)
(803.995 0 -51.2389)
(797.722 0 -67.1717)
(790.041 0 -92.2567)
(786.486 0 -106.145)
(785.24 0 -107.027)
(781.346 0 -113.805)
(779.388 0 -123.204)
(778.944 0 -124.089)
(777.822 0 -124.273)
(776.329 0 -129.298)
(774.937 0 -133.132)
(774.495 0 -134.934)
(774.57 0 -134.594)
(774.381 0 -133.452)
(774.666 0 -132.933)
(774.707 0 -133.003)
(774.889 0 -133.383)
(774.885 0 -133.367)
(774.907 0 -133.088)
(775.251 0 -132.855)
(775.557 0 -132.883)
(775.634 0 -132.936)
(775.731 0 -133.001)
(775.807 0 -133.031)
(775.848 0 -133.025)
(775.868 0 -133.044)
(775.813 0 -133.141)
(775.693 0 -133.238)
(775.653 0 -133.279)
(775.674 0 -133.275)
(775.701 0 -133.258)
(775.752 0 -133.231)
(775.816 0 -133.212)
(775.842 0 -133.215)
(775.849 0 -133.222)
(775.859 0 -133.269)
(775.839 0 -133.328)
(775.812 0 -133.367)
(775.846 0 -133.394)
(775.877 0 -133.406)
(775.907 0 -133.415)
(775.937 0 -133.429)
(775.964 0 -133.451)
(775.989 0 -133.475)
(776.01 0 -133.496)
(776.035 0 -133.48)
(776.053 0 -133.447)
(776.062 0 -133.381)
(776.055 0 -133.375)
(826.5 0 -4.30989e-12)
(826.5 0 -5.90526e-12)
(826.5 0 -9.86581e-12)
(826.5 0 -1.056e-11)
(826.5 0 -1.18376e-11)
(826.5 0 -6.57447e-12)
(826.5 0 1.51623e-12)
(826.5 0 1.68077e-11)
(826.5 0 2.67309e-11)
(826.5 0 5.25427e-11)
(826.5 0 1.19535e-10)
(826.5 0 3.00535e-10)
(826.5 0 8.22993e-10)
(826.5 0 2.32239e-09)
(826.5 0 6.44266e-09)
(826.5 0 1.72666e-08)
(826.5 0 4.46088e-08)
(826.5 0 1.11074e-07)
(826.5 0 2.67347e-07)
(826.5 0 6.22257e-07)
(826.5 0 1.40517e-06)
(826.5 0 3.0773e-06)
(826.5 0 6.55962e-06)
(826.5 0 1.3594e-05)
(826.5 0 2.74829e-05)
(826.5 0 5.41745e-05)
(826.5 0 0.000104329)
(826.5 0 0.000196463)
(826.5 0 0.000361958)
(826.5 0 0.000653212)
(826.5 0 0.00115366)
(826.5 0 0.00200459)
(826.499 0 0.00340308)
(826.499 0 0.00572175)
(826.498 0 0.00935497)
(826.496 0 0.0152773)
(826.494 0 0.0240866)
(826.491 0 0.0382985)
(826.487 0 0.0584605)
(826.48 0 0.090828)
(826.47 0 0.133661)
(826.453 0 0.206949)
(826.431 0 0.297965)
(826.397 0 0.446981)
(826.352 0 0.633694)
(826.283 0 0.916723)
(826.194 0 1.23215)
(826.044 0 1.78613)
(825.871 0 2.27155)
(825.717 0 2.67758)
(825.514 0 3.05981)
(825.223 0 3.24895)
(824.622 0 2.67484)
(823.588 0 0.883588)
(822.153 0 -2.4059)
(819.022 0 -9.5402)
(812.296 0 -26.9249)
(805.818 0 -45.6256)
(801.039 0 -61.9105)
(792.393 0 -90.5453)
(788.676 0 -98.7026)
(787.014 0 -98.0532)
(781.932 0 -114.845)
(779.627 0 -125.607)
(777.849 0 -123.95)
(776.564 0 -124.839)
(775.683 0 -129.136)
(775.752 0 -133.814)
(775.835 0 -134.177)
(775.387 0 -131.496)
(775.866 0 -130.407)
(775.848 0 -130.678)
(775.499 0 -131.287)
(775.413 0 -132.711)
(775.286 0 -132.881)
(775.186 0 -132.761)
(775.305 0 -132.687)
(775.322 0 -132.69)
(775.332 0 -132.679)
(775.401 0 -132.675)
(775.497 0 -132.696)
(775.618 0 -132.777)
(775.738 0 -132.945)
(775.831 0 -133.095)
(775.894 0 -133.171)
(775.941 0 -133.201)
(775.982 0 -133.201)
(775.986 0 -133.165)
(775.966 0 -133.145)
(775.953 0 -133.142)
(775.922 0 -133.127)
(775.908 0 -133.095)
(775.906 0 -133.085)
(775.911 0 -133.092)
(775.917 0 -133.138)
(775.899 0 -133.232)
(775.882 0 -133.29)
(775.898 0 -133.3)
(775.927 0 -133.291)
(775.945 0 -133.285)
(775.973 0 -133.287)
(775.977 0 -133.301)
(775.978 0 -133.308)
(775.982 0 -133.316)
(775.996 0 -133.316)
(776.014 0 -133.301)
(776.021 0 -133.273)
(776.012 0 -133.255)
(775.986 0 -133.227)
(775.97 0 -133.264)
(826.5 0 5.9491e-13)
(826.5 0 2.06451e-12)
(826.5 0 2.06731e-12)
(826.5 0 3.56446e-13)
(826.5 0 -3.37256e-13)
(826.5 0 -7.42447e-12)
(826.5 0 -1.01593e-11)
(826.5 0 -1.14678e-11)
(826.5 0 -4.26321e-12)
(826.5 0 1.25292e-11)
(826.5 0 3.05274e-11)
(826.5 0 6.58467e-11)
(826.5 0 1.65812e-10)
(826.5 0 4.5247e-10)
(826.5 0 1.25402e-09)
(826.5 0 3.40813e-09)
(826.5 0 9.00199e-09)
(826.5 0 2.29018e-08)
(826.5 0 5.65032e-08)
(826.5 0 1.34234e-07)
(826.5 0 3.10855e-07)
(826.5 0 6.9426e-07)
(826.5 0 1.51857e-06)
(826.5 0 3.20697e-06)
(826.5 0 6.65738e-06)
(826.5 0 1.33619e-05)
(826.5 0 2.64078e-05)
(826.5 0 5.06303e-05)
(826.5 0 9.59692e-05)
(826.5 0 0.000177031)
(826.5 0 0.000323638)
(826.5 0 0.000571517)
(826.5 0 0.00100317)
(826.5 0 0.00170028)
(826.499 0 0.00286206)
(826.499 0 0.00466728)
(826.498 0 0.00753933)
(826.497 0 0.0117561)
(826.495 0 0.0181206)
(826.491 0 0.0282803)
(826.486 0 0.0356156)
(826.479 0 0.0496113)
(826.467 0 0.0597238)
(826.446 0 0.0819041)
(826.409 0 0.0763571)
(826.347 0 0.075119)
(826.234 0 -0.0276745)
(826.032 0 -0.184261)
(825.604 0 -1.00599)
(824.889 0 -1.91597)
(823.548 0 -4.53385)
(821.279 0 -9.93643)
(816.08 0 -22.6455)
(809.459 0 -42.9781)
(806.17 0 -54.0714)
(796.636 0 -78.3479)
(788.827 0 -98.497)
(787.587 0 -102.09)
(783.313 0 -116.029)
(780.832 0 -122.719)
(779.543 0 -121.775)
(777.925 0 -126.704)
(777.373 0 -132.319)
(777.11 0 -132.921)
(775.678 0 -130.232)
(775.774 0 -128.565)
(776.757 0 -129.848)
(776.583 0 -131.079)
(776.643 0 -132.123)
(776.654 0 -132.141)
(776.371 0 -132.123)
(776.074 0 -132.146)
(776.02 0 -132.178)
(775.969 0 -132.342)
(775.836 0 -132.669)
(775.647 0 -132.822)
(775.539 0 -132.825)
(775.467 0 -132.772)
(775.437 0 -132.671)
(775.436 0 -132.576)
(775.482 0 -132.55)
(775.58 0 -132.565)
(775.638 0 -132.705)
(775.774 0 -132.795)
(775.919 0 -132.814)
(776.011 0 -132.802)
(776.023 0 -132.791)
(776.027 0 -132.787)
(776.044 0 -132.772)
(776.06 0 -132.77)
(776.056 0 -132.78)
(776.025 0 -132.801)
(775.953 0 -132.865)
(775.861 0 -132.949)
(775.821 0 -133.042)
(775.819 0 -133.111)
(775.84 0 -133.118)
(775.873 0 -133.083)
(775.892 0 -133.059)
(775.929 0 -133.023)
(775.98 0 -132.976)
(776.026 0 -132.951)
(776.033 0 -132.949)
(776.02 0 -132.954)
(775.986 0 -132.977)
(775.926 0 -133.026)
(775.861 0 -133.088)
(775.817 0 -133.147)
(775.782 0 -133.178)
(775.793 0 -133.245)
(826.5 0 2.73335e-12)
(826.5 0 6.52665e-12)
(826.5 0 7.76704e-12)
(826.5 0 5.25481e-12)
(826.5 0 1.8669e-12)
(826.5 0 -6.31847e-12)
(826.5 0 -1.30742e-11)
(826.5 0 -1.32634e-11)
(826.5 0 -8.58298e-12)
(826.5 0 -1.88608e-12)
(826.5 0 5.60263e-12)
(826.5 0 9.73321e-12)
(826.5 0 2.86876e-11)
(826.5 0 8.24039e-11)
(826.5 0 2.36091e-10)
(826.5 0 6.56797e-10)
(826.5 0 1.79878e-09)
(826.5 0 4.68006e-09)
(826.5 0 1.19513e-08)
(826.5 0 2.88333e-08)
(826.5 0 6.93499e-08)
(826.5 0 1.55459e-07)
(826.5 0 3.55165e-07)
(826.5 0 7.40364e-07)
(826.5 0 1.62295e-06)
(826.5 0 3.12297e-06)
(826.5 0 6.60341e-06)
(826.5 0 1.17192e-05)
(826.5 0 2.05596e-05)
(826.5 0 3.37785e-05)
(826.5 0 5.67449e-05)
(826.5 0 8.58457e-05)
(826.5 0 0.000124917)
(826.5 0 0.000131515)
(826.5 0 7.72734e-05)
(826.499 0 -0.00034363)
(826.498 0 -0.00121063)
(826.496 0 -0.00439707)
(826.493 0 -0.00947446)
(826.485 0 -0.0253909)
(826.47 0 -0.0508549)
(826.439 0 -0.116383)
(826.382 0 -0.2454)
(826.267 0 -0.514225)
(826.023 0 -1.13951)
(825.557 0 -2.32165)
(824.69 0 -4.58925)
(822.716 0 -10.0397)
(818.904 0 -20.0969)
(814.519 0 -33.4228)
(806.378 0 -58.1985)
(803.138 0 -65.9333)
(792.925 0 -93.4112)
(786.678 0 -114.862)
(785.106 0 -116.428)
(781.411 0 -124.135)
(778.71 0 -131.855)
(777.742 0 -136.187)
(777.336 0 -136.42)
(776.816 0 -133.092)
(777.126 0 -131.226)
(777.133 0 -132.036)
(776.772 0 -133.514)
(776.701 0 -134.243)
(776.169 0 -134.362)
(775.357 0 -133.754)
(776.075 0 -133.461)
(776.315 0 -133.577)
(776.358 0 -133.856)
(776.332 0 -134.307)
(775.952 0 -134.137)
(775.446 0 -133.759)
(775.315 0 -133.407)
(775.235 0 -133.188)
(775.315 0 -133.126)
(775.44 0 -133.061)
(775.502 0 -132.985)
(775.517 0 -132.873)
(775.507 0 -132.648)
(775.47 0 -132.407)
(775.455 0 -132.361)
(775.457 0 -132.37)
(775.491 0 -132.381)
(775.594 0 -132.419)
(775.719 0 -132.43)
(775.8 0 -132.408)
(775.854 0 -132.387)
(775.884 0 -132.373)
(775.912 0 -132.385)
(775.917 0 -132.425)
(775.869 0 -132.505)
(775.781 0 -132.616)
(775.703 0 -132.77)
(775.633 0 -132.876)
(775.662 0 -132.899)
(775.74 0 -132.886)
(775.769 0 -132.862)
(775.806 0 -132.796)
(775.845 0 -132.729)
(775.859 0 -132.696)
(775.854 0 -132.696)
(775.847 0 -132.709)
(775.83 0 -132.726)
(775.802 0 -132.728)
(775.753 0 -132.766)
(775.684 0 -132.865)
(775.625 0 -132.982)
(775.604 0 -133.053)
(775.596 0 -133.078)
(775.619 0 -133.149)
(826.5 0 -3.9027e-12)
(826.5 0 -7.08875e-12)
(826.5 0 -1.0982e-11)
(826.5 0 -9.42495e-12)
(826.5 0 -1.14135e-11)
(826.5 0 -1.13331e-11)
(826.5 0 -1.47772e-11)
(826.5 0 -1.55403e-11)
(826.5 0 -1.38427e-11)
(826.5 0 -9.18771e-12)
(826.5 0 -1.36615e-11)
(826.5 0 -1.52522e-11)
(826.5 0 -1.49375e-11)
(826.5 0 -3.55883e-12)
(826.5 0 2.82896e-11)
(826.5 0 1.02827e-10)
(826.5 0 3.34028e-10)
(826.5 0 8.32294e-10)
(826.5 0 2.04589e-09)
(826.5 0 4.46533e-09)
(826.5 0 1.02056e-08)
(826.5 0 1.83394e-08)
(826.5 0 3.41576e-08)
(826.5 0 1.8053e-08)
(826.5 0 -5.08706e-08)
(826.5 0 -6.73447e-07)
(826.5 0 -2.13461e-06)
(826.5 0 -9.36805e-06)
(826.5 0 -2.48097e-05)
(826.5 0 -7.33231e-05)
(826.5 0 -0.00020325)
(826.5 0 -0.000544149)
(826.499 0 -0.00138233)
(826.499 0 -0.00334276)
(826.497 0 -0.00803753)
(826.493 0 -0.0181161)
(826.486 0 -0.0390006)
(826.469 0 -0.0857201)
(826.435 0 -0.180089)
(826.366 0 -0.362973)
(826.207 0 -0.778598)
(825.888 0 -1.6313)
(825.278 0 -3.29273)
(823.894 0 -7.00928)
(821.049 0 -14.3065)
(816.138 0 -28.7891)
(809.468 0 -47.3297)
(804.421 0 -62.1868)
(794.616 0 -89.6766)
(788.107 0 -110.739)
(786.35 0 -114.963)
(781.999 0 -125.318)
(780.724 0 -133.527)
(780.369 0 -130.646)
(779.098 0 -128.916)
(778.712 0 -132.254)
(777.8 0 -134.693)
(777.411 0 -137.368)
(777.282 0 -137.991)
(776.608 0 -137.908)
(775.749 0 -137.182)
(776.061 0 -136.795)
(776.062 0 -137.111)
(775.942 0 -137.627)
(775.609 0 -137.607)
(775.011 0 -136.136)
(775.212 0 -135.237)
(775.612 0 -135.204)
(775.809 0 -135.072)
(775.74 0 -134.955)
(775.573 0 -134.625)
(775.353 0 -134.109)
(775.208 0 -133.589)
(775.157 0 -133.14)
(775.209 0 -132.924)
(775.309 0 -132.857)
(775.422 0 -132.747)
(775.433 0 -132.52)
(775.42 0 -132.349)
(775.418 0 -132.272)
(775.396 0 -132.228)
(775.348 0 -132.234)
(775.366 0 -132.255)
(775.446 0 -132.297)
(775.535 0 -132.341)
(775.569 0 -132.353)
(775.577 0 -132.353)
(775.591 0 -132.35)
(775.593 0 -132.341)
(775.558 0 -132.35)
(775.489 0 -132.415)
(775.424 0 -132.517)
(775.452 0 -132.595)
(775.514 0 -132.632)
(775.567 0 -132.64)
(775.623 0 -132.618)
(775.68 0 -132.574)
(775.754 0 -132.523)
(775.77 0 -132.434)
(775.766 0 -132.402)
(775.758 0 -132.394)
(775.735 0 -132.373)
(775.688 0 -132.389)
(775.624 0 -132.482)
(775.559 0 -132.59)
(775.509 0 -132.694)
(775.481 0 -132.781)
(775.478 0 -132.841)
(775.49 0 -132.838)
(775.518 0 -132.882)
(826.5 0 4.25625e-12)
(826.5 0 2.11727e-12)
(826.5 0 1.20896e-12)
(826.5 0 -1.6915e-12)
(826.5 0 -1.83306e-12)
(826.5 0 3.76975e-12)
(826.5 0 8.19216e-12)
(826.5 0 7.82186e-12)
(826.5 0 3.2067e-12)
(826.5 0 -4.37157e-12)
(826.5 0 -1.19039e-11)
(826.5 0 -1.17469e-11)
(826.5 0 -1.17118e-11)
(826.5 0 -1.13608e-11)
(826.5 0 -1.24506e-11)
(826.5 0 -3.21465e-11)
(826.5 0 -1.20662e-10)
(826.5 0 -7.06339e-10)
(826.5 0 -2.66989e-09)
(826.5 0 -1.1468e-08)
(826.5 0 -4.50923e-08)
(826.5 0 -1.6911e-07)
(826.5 0 -5.87842e-07)
(826.5 0 -1.99053e-06)
(826.5 0 -6.30317e-06)
(826.5 0 -1.97118e-05)
(826.5 0 -5.76103e-05)
(826.5 0 -0.000165464)
(826.5 0 -0.000460671)
(826.5 0 -0.00123409)
(826.499 0 -0.00310116)
(826.497 0 -0.00805358)
(826.493 0 -0.0189278)
(826.485 0 -0.043114)
(826.464 0 -0.101413)
(826.42 0 -0.217278)
(826.324 0 -0.471755)
(826.114 0 -1.03474)
(825.694 0 -2.17271)
(824.834 0 -4.51804)
(822.632 0 -9.902)
(818.649 0 -20.915)
(813.3 0 -36.9102)
(806.658 0 -55.905)
(797.211 0 -82.2553)
(792.457 0 -96.2553)
(787.217 0 -109.597)
(780.735 0 -129.838)
(779.825 0 -131.949)
(779.812 0 -126.888)
(779.212 0 -131.004)
(778.825 0 -136.173)
(776.421 0 -141.304)
(775.284 0 -143.376)
(774.774 0 -141.655)
(775.252 0 -140.159)
(775.778 0 -140.736)
(775.985 0 -141.049)
(775.884 0 -140.783)
(775.484 0 -139.906)
(775.288 0 -139.086)
(775.542 0 -138.416)
(775.793 0 -138.233)
(775.812 0 -138.368)
(775.737 0 -138.327)
(775.599 0 -138.111)
(775.548 0 -137.63)
(775.617 0 -137.131)
(775.646 0 -136.478)
(775.604 0 -135.83)
(775.522 0 -135.283)
(775.446 0 -134.884)
(775.41 0 -134.545)
(775.407 0 -134.139)
(775.426 0 -133.807)
(775.415 0 -133.692)
(775.373 0 -133.74)
(775.348 0 -133.791)
(775.335 0 -133.658)
(775.334 0 -133.455)
(775.323 0 -133.303)
(775.287 0 -133.19)
(775.34 0 -132.999)
(775.447 0 -132.827)
(775.477 0 -132.744)
(775.473 0 -132.688)
(775.452 0 -132.619)
(775.412 0 -132.544)
(775.346 0 -132.477)
(775.256 0 -132.494)
(775.231 0 -132.589)
(775.242 0 -132.662)
(775.272 0 -132.684)
(775.345 0 -132.669)
(775.443 0 -132.596)
(775.523 0 -132.504)
(775.57 0 -132.411)
(775.592 0 -132.339)
(775.604 0 -132.306)
(775.606 0 -132.262)
(775.585 0 -132.247)
(775.55 0 -132.257)
(775.52 0 -132.282)
(775.505 0 -132.33)
(775.5 0 -132.369)
(775.497 0 -132.421)
(775.495 0 -132.464)
(775.511 0 -132.521)
(775.536 0 -132.524)
(775.566 0 -132.564)
(826.5 0 4.76688e-12)
(826.5 0 9.89657e-12)
(826.5 0 1.25107e-11)
(826.5 0 1.32243e-11)
(826.5 0 1.33834e-11)
(826.5 0 1.50444e-11)
(826.5 0 1.54178e-11)
(826.5 0 5.07717e-12)
(826.5 0 -4.38241e-12)
(826.5 0 -1.80998e-11)
(826.5 0 -2.14864e-11)
(826.5 0 -2.08825e-11)
(826.5 0 -2.13597e-11)
(826.5 0 -4.1601e-11)
(826.5 0 -1.64514e-10)
(826.5 0 -7.48046e-10)
(826.5 0 -3.32743e-09)
(826.5 0 -1.41006e-08)
(826.5 0 -5.7211e-08)
(826.5 0 -2.20103e-07)
(826.5 0 -8.1099e-07)
(826.5 0 -2.86761e-06)
(826.5 0 -9.66253e-06)
(826.5 0 -3.17553e-05)
(826.5 0 -9.83089e-05)
(826.5 0 -0.000299107)
(826.5 0 -0.000857376)
(826.499 0 -0.00237184)
(826.497 0 -0.00682618)
(826.494 0 -0.0171131)
(826.485 0 -0.0420939)
(826.462 0 -0.106776)
(826.409 0 -0.241662)
(826.285 0 -0.572243)
(826.008 0 -1.28185)
(825.409 0 -2.87477)
(824.029 0 -6.40768)
(821.043 0 -14.1922)
(815.921 0 -29.8515)
(810.557 0 -44.1741)
(800.07 0 -72.5578)
(792.545 0 -96.2279)
(791.389 0 -103.38)
(782.581 0 -127.082)
(779.39 0 -136.696)
(778.232 0 -131.647)
(777.88 0 -133.581)
(777.071 0 -136.79)
(776.664 0 -141.49)
(776.37 0 -141.812)
(776.356 0 -140.121)
(776.532 0 -139.874)
(776.361 0 -140.123)
(775.618 0 -140.542)
(775.538 0 -140.831)
(775.686 0 -140.915)
(775.822 0 -141.13)
(775.83 0 -141.209)
(775.726 0 -141.04)
(775.581 0 -140.523)
(775.638 0 -140.031)
(775.88 0 -139.959)
(776.043 0 -139.889)
(776.093 0 -139.748)
(776.098 0 -139.659)
(776.054 0 -139.556)
(775.962 0 -139.254)
(775.886 0 -138.829)
(775.836 0 -138.462)
(775.787 0 -138.126)
(775.731 0 -137.741)
(775.697 0 -137.228)
(775.73 0 -136.714)
(775.803 0 -136.42)
(775.861 0 -136.128)
(775.82 0 -135.693)
(775.69 0 -135.175)
(775.55 0 -134.632)
(775.465 0 -134.112)
(775.461 0 -133.694)
(775.499 0 -133.357)
(775.514 0 -133.275)
(775.517 0 -133.113)
(775.515 0 -133.03)
(775.49 0 -132.855)
(775.461 0 -132.746)
(775.408 0 -132.642)
(775.356 0 -132.471)
(775.31 0 -132.467)
(775.242 0 -132.569)
(775.211 0 -132.702)
(775.236 0 -132.806)
(775.296 0 -132.815)
(775.38 0 -132.724)
(775.466 0 -132.564)
(775.513 0 -132.44)
(775.515 0 -132.375)
(775.506 0 -132.328)
(775.521 0 -132.253)
(775.54 0 -132.142)
(775.516 0 -132.102)
(775.483 0 -132.139)
(775.467 0 -132.185)
(775.468 0 -132.208)
(775.495 0 -132.243)
(775.523 0 -132.276)
(775.551 0 -132.294)
(775.579 0 -132.317)
(775.606 0 -132.316)
(775.633 0 -132.325)
(826.5 0 -5.62958e-12)
(826.5 0 5.28492e-13)
(826.5 0 3.42187e-12)
(826.5 0 6.02072e-12)
(826.5 0 8.17765e-13)
(826.5 0 -6.95271e-12)
(826.5 0 -1.42196e-11)
(826.5 0 -1.80573e-11)
(826.5 0 -2.36916e-11)
(826.5 0 -2.68737e-11)
(826.5 0 -3.11217e-11)
(826.5 0 -4.32869e-11)
(826.5 0 -1.21598e-10)
(826.5 0 -5.73731e-10)
(826.5 0 -2.8615e-09)
(826.5 0 -1.3405e-08)
(826.5 0 -5.9315e-08)
(826.5 0 -2.46544e-07)
(826.5 0 -9.89298e-07)
(826.5 0 -3.73901e-06)
(826.5 0 -1.35929e-05)
(826.5 0 -4.72484e-05)
(826.5 0 -0.000156569)
(826.5 0 -0.000507339)
(826.499 0 -0.00153222)
(826.498 0 -0.00471409)
(826.495 0 -0.0128561)
(826.487 0 -0.034671)
(826.465 0 -0.0965749)
(826.41 0 -0.242102)
(826.273 0 -0.59717)
(825.926 0 -1.48931)
(825.111 0 -3.68047)
(823.211 0 -8.35586)
(819.075 0 -19.7367)
(812.982 0 -36.4511)
(804.963 0 -58.0107)
(794.63 0 -89.5291)
(793.03 0 -95.8872)
(786.917 0 -111.858)
(782.8 0 -129.268)
(782.189 0 -127.085)
(780.696 0 -128.035)
(779.335 0 -131.725)
(778.237 0 -136.095)
(778.086 0 -136.792)
(777.147 0 -138.415)
(776.943 0 -139.06)
(776.62 0 -140.161)
(776.382 0 -141.644)
(776.256 0 -141.705)
(776.146 0 -141.534)
(775.874 0 -141.125)
(775.614 0 -140.676)
(775.784 0 -140.465)
(775.862 0 -140.466)
(775.973 0 -140.597)
(775.991 0 -140.657)
(775.959 0 -140.598)
(775.947 0 -140.402)
(775.993 0 -140.043)
(776.013 0 -139.941)
(776.198 0 -140.004)
(776.212 0 -140.173)
(776.251 0 -140.308)
(776.246 0 -140.317)
(776.177 0 -140.254)
(776.064 0 -140.055)
(775.956 0 -139.731)
(775.881 0 -139.314)
(775.857 0 -138.924)
(775.863 0 -138.484)
(775.909 0 -138.01)
(775.974 0 -137.578)
(776.005 0 -137.215)
(775.971 0 -136.98)
(775.877 0 -136.76)
(775.752 0 -136.442)
(775.649 0 -135.988)
(775.634 0 -135.617)
(775.646 0 -135.204)
(775.649 0 -134.795)
(775.629 0 -134.367)
(775.577 0 -134.096)
(775.499 0 -133.845)
(775.454 0 -133.695)
(775.435 0 -133.791)
(775.448 0 -133.835)
(775.453 0 -133.825)
(775.436 0 -133.751)
(775.407 0 -133.64)
(775.404 0 -133.5)
(775.444 0 -133.284)
(775.507 0 -133.069)
(775.52 0 -132.93)
(775.529 0 -132.818)
(775.521 0 -132.707)
(775.489 0 -132.64)
(775.453 0 -132.564)
(775.455 0 -132.414)
(775.44 0 -132.29)
(775.428 0 -132.268)
(775.425 0 -132.265)
(775.441 0 -132.268)
(775.494 0 -132.271)
(775.539 0 -132.276)
(775.555 0 -132.281)
(775.582 0 -132.293)
(775.601 0 -132.334)
(775.618 0 -132.355)
(826.5 0 -9.23476e-12)
(826.5 0 -1.76108e-11)
(826.5 0 -2.31602e-11)
(826.5 0 -2.4756e-11)
(826.5 0 -2.55907e-11)
(826.5 0 -2.80711e-11)
(826.5 0 -2.88219e-11)
(826.5 0 -1.8573e-11)
(826.5 0 -1.68382e-11)
(826.5 0 -2.43323e-11)
(826.5 0 -6.85261e-11)
(826.5 0 -3.39324e-10)
(826.5 0 -1.88697e-09)
(826.5 0 -1.02506e-08)
(826.5 0 -5.14047e-08)
(826.5 0 -2.37533e-07)
(826.5 0 -1.03965e-06)
(826.5 0 -4.22518e-06)
(826.5 0 -1.68936e-05)
(826.5 0 -6.27806e-05)
(826.5 0 -0.000223269)
(826.5 0 -0.000765243)
(826.499 0 -0.00249541)
(826.497 0 -0.00815702)
(826.492 0 -0.0231518)
(826.475 0 -0.0706509)
(826.431 0 -0.185493)
(826.303 0 -0.507092)
(825.95 0 -1.44879)
(825.087 0 -3.77052)
(822.936 0 -9.4509)
(817.763 0 -23.5402)
(811.531 0 -41.5244)
(799.414 0 -75.95)
(792.244 0 -97.2171)
(791.227 0 -100.792)
(782.023 0 -126.986)
(778.445 0 -138.269)
(776.944 0 -137.557)
(776.9 0 -141.503)
(776.042 0 -145.528)
(775.688 0 -146.806)
(774.838 0 -144.106)
(775.093 0 -141.866)
(775.438 0 -141.964)
(775.688 0 -141.954)
(775.843 0 -141.672)
(775.922 0 -141.183)
(776.081 0 -141.283)
(776.158 0 -141.421)
(776.239 0 -141.529)
(776.203 0 -141.487)
(776.098 0 -141.351)
(775.954 0 -141.061)
(775.866 0 -140.592)
(775.926 0 -140.343)
(775.939 0 -140.32)
(775.932 0 -140.34)
(775.917 0 -140.305)
(775.936 0 -140.257)
(775.999 0 -140.277)
(776.108 0 -140.405)
(776.227 0 -140.608)
(776.264 0 -140.783)
(776.278 0 -140.861)
(776.279 0 -140.874)
(776.228 0 -140.817)
(776.136 0 -140.66)
(776.05 0 -140.436)
(775.997 0 -140.222)
(775.986 0 -139.941)
(776.024 0 -139.68)
(776.078 0 -139.406)
(776.094 0 -139.082)
(776.08 0 -138.774)
(776.046 0 -138.472)
(775.987 0 -138.171)
(775.899 0 -137.853)
(775.807 0 -137.44)
(775.775 0 -137.029)
(775.787 0 -136.769)
(775.805 0 -136.656)
(775.806 0 -136.45)
(775.77 0 -136.086)
(775.72 0 -135.827)
(775.683 0 -135.562)
(775.635 0 -135.052)
(775.623 0 -134.523)
(775.647 0 -134.06)
(775.674 0 -133.567)
(775.686 0 -133.232)
(775.642 0 -133.16)
(775.586 0 -133.07)
(775.548 0 -132.829)
(775.532 0 -132.58)
(775.515 0 -132.436)
(775.458 0 -132.416)
(775.375 0 -132.415)
(775.332 0 -132.412)
(775.315 0 -132.449)
(775.318 0 -132.476)
(775.336 0 -132.472)
(775.369 0 -132.439)
(775.424 0 -132.398)
(775.498 0 -132.368)
(775.551 0 -132.356)
(775.567 0 -132.357)
(775.574 0 -132.359)
(775.582 0 -132.395)
(775.573 0 -132.428)
(826.5 0 -3.04993e-12)
(826.5 0 -1.1768e-11)
(826.5 0 -2.15948e-11)
(826.5 0 -2.4496e-11)
(826.5 0 -1.94258e-11)
(826.5 0 -1.5143e-11)
(826.5 0 -8.05328e-12)
(826.5 0 -6.42019e-12)
(826.5 0 -2.20731e-11)
(826.5 0 -1.43372e-10)
(826.5 0 -9.323e-10)
(826.5 0 -5.68867e-09)
(826.5 0 -3.21648e-08)
(826.5 0 -1.7556e-07)
(826.5 0 -8.68534e-07)
(826.5 0 -3.93313e-06)
(826.5 0 -1.70729e-05)
(826.5 0 -6.84e-05)
(826.5 0 -0.000268976)
(826.5 0 -0.000977794)
(826.499 0 -0.00350666)
(826.496 0 -0.0115406)
(826.487 0 -0.0366032)
(826.458 0 -0.116618)
(826.372 0 -0.335418)
(826.098 0 -1.03464)
(825.42 0 -2.88928)
(823.266 0 -8.27997)
(818.39 0 -22.6094)
(811.361 0 -45.5335)
(800.589 0 -80.9089)
(792.046 0 -103.258)
(788.591 0 -109.904)
(782.721 0 -124.815)
(780.53 0 -129.935)
(779.952 0 -131.475)
(778.765 0 -137.286)
(778.087 0 -138.567)
(776.994 0 -138.105)
(777.109 0 -138.954)
(777.108 0 -139.512)
(776.422 0 -140.543)
(775.97 0 -141.631)
(775.644 0 -141.402)
(775.743 0 -141.669)
(775.934 0 -141.791)
(776.021 0 -141.824)
(775.974 0 -141.604)
(775.983 0 -141.283)
(776.13 0 -141.143)
(776.169 0 -141.169)
(776.217 0 -141.235)
(776.239 0 -141.285)
(776.231 0 -141.308)
(776.037 0 -141.099)
(775.994 0 -140.953)
(775.959 0 -140.91)
(775.919 0 -140.885)
(775.864 0 -140.804)
(775.876 0 -140.741)
(775.963 0 -140.742)
(776.075 0 -140.767)
(776.206 0 -140.821)
(776.274 0 -140.908)
(776.31 0 -140.954)
(776.316 0 -140.943)
(776.244 0 -140.869)
(776.163 0 -140.755)
(776.106 0 -140.603)
(776.077 0 -140.414)
(776.081 0 -140.249)
(776.105 0 -140.072)
(776.119 0 -139.902)
(776.112 0 -139.765)
(776.08 0 -139.603)
(776.044 0 -139.437)
(776.01 0 -139.274)
(775.961 0 -139.051)
(775.908 0 -138.761)
(775.871 0 -138.383)
(775.866 0 -137.971)
(775.875 0 -137.634)
(775.869 0 -137.361)
(775.839 0 -137.031)
(775.811 0 -136.579)
(775.795 0 -136.232)
(775.769 0 -135.96)
(775.75 0 -135.805)
(775.758 0 -135.587)
(775.784 0 -135.462)
(775.782 0 -135.146)
(775.715 0 -134.681)
(775.616 0 -134.361)
(775.511 0 -134.216)
(775.47 0 -134.072)
(775.432 0 -133.762)
(775.384 0 -133.595)
(775.335 0 -133.53)
(775.25 0 -133.28)
(775.21 0 -132.959)
(775.244 0 -132.684)
(775.289 0 -132.558)
(775.303 0 -132.49)
(775.342 0 -132.442)
(775.416 0 -132.429)
(775.472 0 -132.437)
(775.482 0 -132.47)
(775.483 0 -132.506)
(775.452 0 -132.588)
(775.451 0 -132.637)
(826.5 0 1.03688e-11)
(826.5 0 6.96442e-12)
(826.5 0 -1.76209e-12)
(826.5 0 -7.53843e-12)
(826.5 0 -7.59317e-12)
(826.5 0 -8.13578e-12)
(826.5 0 -1.18972e-11)
(826.5 0 -5.13041e-11)
(826.5 0 -3.30076e-10)
(826.5 0 -2.28672e-09)
(826.5 0 -1.5075e-08)
(826.5 0 -9.1598e-08)
(826.5 0 -5.16408e-07)
(826.5 0 -2.79546e-06)
(826.5 0 -1.36991e-05)
(826.5 0 -6.08829e-05)
(826.5 0 -0.000261208)
(826.5 0 -0.0010208)
(826.498 0 -0.00408326)
(826.495 0 -0.0142319)
(826.483 0 -0.0486454)
(826.44 0 -0.162121)
(826.303 0 -0.5145)
(825.847 0 -1.72615)
(824.453 0 -5.29893)
(819.558 0 -18.2584)
(813.916 0 -35.6084)
(799.93 0 -76.988)
(795.56 0 -91.3772)
(792.005 0 -106.465)
(790.12 0 -114.748)
(784.03 0 -127.504)
(779.015 0 -136.261)
(775.027 0 -143.172)
(774.787 0 -145.553)
(774.833 0 -144.304)
(775.698 0 -143.431)
(776.148 0 -142.526)
(776.006 0 -141.47)
(776.141 0 -140.3)
(776.37 0 -139.929)
(776.401 0 -139.96)
(776.448 0 -140.231)
(776.3 0 -140.532)
(776.217 0 -140.755)
(776.313 0 -141.18)
(776.325 0 -141.451)
(776.294 0 -141.406)
(776.246 0 -141.24)
(776.175 0 -141.028)
(776.121 0 -140.937)
(776.127 0 -140.939)
(776.144 0 -140.969)
(776.151 0 -141.022)
(776.091 0 -141.06)
(775.981 0 -141.062)
(775.932 0 -141.054)
(775.911 0 -141.042)
(775.876 0 -140.991)
(775.875 0 -140.913)
(775.94 0 -140.87)
(776.077 0 -140.88)
(776.23 0 -140.916)
(776.284 0 -140.927)
(776.29 0 -140.911)
(776.275 0 -140.867)
(776.254 0 -140.793)
(776.185 0 -140.696)
(776.111 0 -140.543)
(776.1 0 -140.488)
(776.089 0 -140.434)
(776.086 0 -140.402)
(776.064 0 -140.358)
(776.043 0 -140.317)
(776.013 0 -140.259)
(775.952 0 -140.14)
(775.919 0 -140.014)
(775.899 0 -139.898)
(775.874 0 -139.733)
(775.844 0 -139.497)
(775.83 0 -139.241)
(775.83 0 -138.963)
(775.836 0 -138.69)
(775.844 0 -138.416)
(775.854 0 -138.129)
(775.866 0 -137.798)
(775.866 0 -137.374)
(775.865 0 -137.008)
(775.845 0 -136.536)
(775.831 0 -136.092)
(775.797 0 -135.741)
(775.734 0 -135.472)
(775.639 0 -135.094)
(775.551 0 -134.772)
(775.483 0 -134.384)
(775.424 0 -133.929)
(775.404 0 -133.438)
(775.412 0 -133.153)
(775.379 0 -132.851)
(775.347 0 -132.553)
(775.365 0 -132.251)
(775.399 0 -132.064)
(775.409 0 -131.98)
(775.412 0 -131.943)
(775.407 0 -131.959)
(775.402 0 -131.975)
(775.371 0 -132.028)
(775.361 0 -132.047)
(775.213 0 -132.272)
(775.156 0 -132.503)
(826.5 0 -3.9758e-12)
(826.5 0 -1.49809e-12)
(826.5 0 -9.38807e-12)
(826.5 0 -1.93965e-11)
(826.5 0 -3.56169e-11)
(826.5 0 -5.84574e-11)
(826.5 0 -1.49017e-10)
(826.5 0 -7.26762e-10)
(826.5 0 -4.92926e-09)
(826.5 0 -3.46542e-08)
(826.5 0 -2.28563e-07)
(826.5 0 -1.38115e-06)
(826.5 0 -7.62721e-06)
(826.5 0 -4.20189e-05)
(826.5 0 -0.000199674)
(826.5 0 -0.000868425)
(826.499 0 -0.00378144)
(826.495 0 -0.0141937)
(826.481 0 -0.0547361)
(826.429 0 -0.191697)
(826.255 0 -0.666216)
(825.571 0 -2.41666)
(823.188 0 -8.73948)
(816.969 0 -26.7663)
(807.56 0 -53.3717)
(792.229 0 -98.7989)
(790.589 0 -101.186)
(783.159 0 -128.467)
(776.182 0 -147.402)
(773.363 0 -153.122)
(772.674 0 -148.753)
(774.339 0 -145.11)
(774.957 0 -143.418)
(775.841 0 -142.194)
(775.742 0 -141.838)
(775.927 0 -141.932)
(776.226 0 -142.161)
(776.204 0 -142.201)
(776.031 0 -141.904)
(775.903 0 -141.025)
(776.057 0 -140.212)
(776.124 0 -139.997)
(776.125 0 -140.044)
(776.1 0 -140.164)
(776.097 0 -140.273)
(776.178 0 -140.428)
(776.353 0 -140.82)
(776.322 0 -141.172)
(776.265 0 -141.206)
(776.216 0 -141.209)
(776.074 0 -141.018)
(776.048 0 -140.901)
(776.014 0 -140.825)
(775.997 0 -140.841)
(775.971 0 -140.894)
(775.909 0 -140.921)
(775.869 0 -140.923)
(775.859 0 -140.92)
(775.85 0 -140.9)
(775.87 0 -140.864)
(775.951 0 -140.82)
(776.1 0 -140.773)
(776.233 0 -140.757)
(776.268 0 -140.76)
(776.269 0 -140.762)
(776.259 0 -140.74)
(776.23 0 -140.646)
(776.151 0 -140.52)
(776.073 0 -140.473)
(776.039 0 -140.499)
(776.002 0 -140.525)
(775.98 0 -140.573)
(775.929 0 -140.577)
(775.908 0 -140.571)
(775.883 0 -140.555)
(775.839 0 -140.506)
(775.801 0 -140.426)
(775.793 0 -140.356)
(775.784 0 -140.28)
(775.761 0 -140.139)
(775.737 0 -139.927)
(775.743 0 -139.738)
(775.765 0 -139.518)
(775.793 0 -139.211)
(775.829 0 -138.892)
(775.861 0 -138.607)
(775.877 0 -138.37)
(775.872 0 -138.109)
(775.849 0 -137.886)
(775.816 0 -137.608)
(775.765 0 -137.211)
(775.709 0 -136.823)
(775.636 0 -136.423)
(775.555 0 -136.144)
(775.432 0 -135.665)
(775.339 0 -135.258)
(775.314 0 -134.841)
(775.317 0 -134.7)
(775.294 0 -134.435)
(775.26 0 -134.127)
(775.239 0 -133.63)
(775.27 0 -133.328)
(775.28 0 -133.15)
(775.25 0 -132.944)
(775.188 0 -132.864)
(775.132 0 -132.796)
(775.09 0 -132.706)
(775.036 0 -132.69)
(774.958 0 -132.706)
(774.9 0 -132.687)
(826.5 0 -7.52853e-11)
(826.5 0 -8.62129e-11)
(826.5 0 -1.07963e-10)
(826.5 0 -1.5497e-10)
(826.5 0 -2.40807e-10)
(826.5 0 -4.38017e-10)
(826.5 0 -1.4991e-09)
(826.5 0 -9.40346e-09)
(826.5 0 -6.85207e-08)
(826.5 0 -4.9186e-07)
(826.5 0 -3.20998e-06)
(826.5 0 -1.92854e-05)
(826.5 0 -0.000105407)
(826.5 0 -0.000576315)
(826.499 0 -0.00273766)
(826.496 0 -0.0114275)
(826.483 0 -0.0488496)
(826.433 0 -0.184087)
(826.243 0 -0.706149)
(825.381 0 -3.0006)
(822.722 0 -10.8676)
(813.96 0 -34.5541)
(800.739 0 -72.5215)
(795.595 0 -87.0568)
(783.667 0 -123.432)
(780.748 0 -135.299)
(779.684 0 -131.914)
(779.135 0 -135.759)
(778.435 0 -137.543)
(776.416 0 -139.45)
(774.485 0 -141.989)
(774.814 0 -142.043)
(775.284 0 -141.38)
(776.174 0 -140.304)
(776.507 0 -140.151)
(776.558 0 -140.364)
(776.549 0 -140.786)
(776.496 0 -141.731)
(776.277 0 -141.928)
(776.201 0 -141.773)
(776.07 0 -141.47)
(775.997 0 -141.084)
(775.932 0 -140.751)
(775.91 0 -140.581)
(775.916 0 -140.598)
(775.964 0 -140.696)
(776.079 0 -140.897)
(776.165 0 -141.163)
(776.099 0 -141.246)
(776.051 0 -141.2)
(775.996 0 -141.144)
(775.907 0 -141.015)
(775.888 0 -140.752)
(775.87 0 -140.652)
(775.849 0 -140.649)
(775.829 0 -140.67)
(775.817 0 -140.68)
(775.821 0 -140.676)
(775.836 0 -140.66)
(775.881 0 -140.624)
(775.979 0 -140.594)
(776.117 0 -140.564)
(776.17 0 -140.554)
(776.199 0 -140.552)
(776.216 0 -140.549)
(776.184 0 -140.518)
(776.103 0 -140.439)
(776.007 0 -140.422)
(775.963 0 -140.483)
(775.917 0 -140.54)
(775.878 0 -140.593)
(775.846 0 -140.642)
(775.81 0 -140.69)
(775.774 0 -140.7)
(775.745 0 -140.682)
(775.715 0 -140.633)
(775.707 0 -140.597)
(775.698 0 -140.546)
(775.691 0 -140.487)
(775.684 0 -140.417)
(775.666 0 -140.259)
(775.672 0 -140.072)
(775.703 0 -139.93)
(775.731 0 -139.751)
(775.756 0 -139.523)
(775.78 0 -139.302)
(775.795 0 -139.098)
(775.79 0 -138.908)
(775.762 0 -138.707)
(775.714 0 -138.484)
(775.662 0 -138.238)
(775.619 0 -138.002)
(775.563 0 -137.681)
(775.49 0 -137.326)
(775.4 0 -136.999)
(775.334 0 -136.719)
(775.246 0 -136.135)
(775.196 0 -135.636)
(775.149 0 -135.173)
(775.104 0 -134.893)
(775.058 0 -134.487)
(775.067 0 -134.084)
(775.078 0 -133.808)
(775.055 0 -133.676)
(774.99 0 -133.538)
(774.921 0 -133.417)
(774.85 0 -133.162)
(774.805 0 -132.978)
(774.77 0 -132.889)
(774.737 0 -132.778)
(826.5 0 -2.61971e-10)
(826.5 0 -3.89309e-10)
(826.5 0 -5.79233e-10)
(826.5 0 -8.43647e-10)
(826.5 0 -1.30874e-09)
(826.5 0 -3.14301e-09)
(826.5 0 -1.62472e-08)
(826.5 0 -1.19436e-07)
(826.5 0 -8.99847e-07)
(826.5 0 -6.44953e-06)
(826.5 0 -4.20714e-05)
(826.5 0 -0.00024825)
(826.499 0 -0.00133646)
(826.497 0 -0.00754395)
(826.488 0 -0.0335611)
(826.45 0 -0.139119)
(826.282 0 -0.595543)
(825.447 0 -2.88888)
(822.729 0 -10.922)
(813.078 0 -40.6447)
(803.588 0 -68.8541)
(791.192 0 -104.416)
(778.43 0 -138.356)
(775.621 0 -137.943)
(775.389 0 -144.663)
(775.953 0 -147.48)
(776.45 0 -144.139)
(777.271 0 -141.262)
(776.489 0 -139.983)
(776.208 0 -139.856)
(775.802 0 -140.022)
(775.794 0 -140.178)
(775.929 0 -139.978)
(776.218 0 -139.727)
(776.357 0 -139.638)
(776.353 0 -139.667)
(776.305 0 -139.835)
(776.226 0 -140.357)
(776.089 0 -140.978)
(775.99 0 -141.365)
(775.892 0 -141.572)
(775.847 0 -141.582)
(775.803 0 -141.505)
(775.755 0 -141.311)
(775.737 0 -141.017)
(775.755 0 -140.937)
(775.798 0 -140.981)
(775.861 0 -141.182)
(775.852 0 -141.291)
(775.845 0 -141.27)
(775.836 0 -141.217)
(775.803 0 -141.052)
(775.776 0 -140.857)
(775.769 0 -140.566)
(775.768 0 -140.503)
(775.754 0 -140.438)
(775.743 0 -140.373)
(775.751 0 -140.345)
(775.793 0 -140.328)
(775.842 0 -140.294)
(775.918 0 -140.271)
(775.99 0 -140.264)
(776.032 0 -140.293)
(776.053 0 -140.32)
(776.051 0 -140.334)
(775.975 0 -140.346)
(775.898 0 -140.366)
(775.865 0 -140.381)
(775.811 0 -140.417)
(775.78 0 -140.495)
(775.75 0 -140.529)
(775.734 0 -140.541)
(775.722 0 -140.535)
(775.696 0 -140.517)
(775.666 0 -140.475)
(775.635 0 -140.407)
(775.629 0 -140.385)
(775.619 0 -140.352)
(775.612 0 -140.296)
(775.607 0 -140.26)
(775.601 0 -140.221)
(775.601 0 -140.15)
(775.613 0 -140.075)
(775.627 0 -139.966)
(775.639 0 -139.825)
(775.65 0 -139.708)
(775.652 0 -139.605)
(775.639 0 -139.503)
(775.607 0 -139.395)
(775.558 0 -139.266)
(775.5 0 -139.088)
(775.444 0 -138.86)
(775.39 0 -138.642)
(775.335 0 -138.399)
(775.264 0 -138.064)
(775.194 0 -137.686)
(775.133 0 -137.356)
(775.118 0 -137.162)
(775.111 0 -136.887)
(775.083 0 -136.489)
(775.058 0 -136.106)
(775.057 0 -135.713)
(775.066 0 -135.358)
(775.031 0 -135.036)
(774.962 0 -134.79)
(774.884 0 -134.646)
(774.79 0 -134.323)
(774.764 0 -134.175)
(774.722 0 -133.96)
(774.695 0 -133.833)
(826.5 0 -1.3286e-09)
(826.5 0 -1.94651e-09)
(826.5 0 -2.83476e-09)
(826.5 0 -4.13383e-09)
(826.5 0 -7.27148e-09)
(826.5 0 -2.63956e-08)
(826.5 0 -1.82667e-07)
(826.5 0 -1.44611e-06)
(826.5 0 -1.0933e-05)
(826.5 0 -7.90675e-05)
(826.5 0 -0.00050325)
(826.499 0 -0.00299549)
(826.495 0 -0.0154167)
(826.469 0 -0.0888275)
(826.362 0 -0.378893)
(825.809 0 -1.94516)
(823.109 0 -9.25725)
(812.878 0 -39.9882)
(806.11 0 -72.4854)
(785.743 0 -131.694)
(779.301 0 -134.872)
(778.075 0 -138.999)
(777.554 0 -138.844)
(776.909 0 -138.674)
(776.713 0 -139.95)
(776.404 0 -141.352)
(776.552 0 -142.448)
(776.491 0 -141.862)
(776.252 0 -140.991)
(775.814 0 -140.092)
(775.671 0 -139.922)
(775.601 0 -139.809)
(775.751 0 -139.676)
(775.891 0 -139.636)
(775.997 0 -139.739)
(775.947 0 -139.976)
(775.884 0 -140.139)
(775.784 0 -140.308)
(775.667 0 -140.638)
(775.556 0 -141.03)
(775.48 0 -141.381)
(775.561 0 -141.6)
(775.57 0 -141.658)
(775.57 0 -141.573)
(775.578 0 -141.475)
(775.576 0 -141.342)
(775.597 0 -141.185)
(775.673 0 -141.154)
(775.713 0 -141.144)
(775.738 0 -141.115)
(775.767 0 -141.089)
(775.741 0 -140.97)
(775.737 0 -140.818)
(775.716 0 -140.511)
(775.678 0 -140.359)
(775.632 0 -140.191)
(775.626 0 -140.096)
(775.629 0 -140.055)
(775.648 0 -140.058)
(775.675 0 -140.053)
(775.726 0 -140.078)
(775.769 0 -140.126)
(775.808 0 -140.212)
(775.789 0 -140.305)
(775.753 0 -140.399)
(775.722 0 -140.465)
(775.707 0 -140.47)
(775.682 0 -140.455)
(775.662 0 -140.428)
(775.645 0 -140.403)
(775.635 0 -140.38)
(775.633 0 -140.35)
(775.635 0 -140.291)
(775.61 0 -140.253)
(775.558 0 -140.211)
(775.526 0 -140.155)
(775.519 0 -140.143)
(775.507 0 -140.132)
(775.497 0 -140.108)
(775.499 0 -140.089)
(775.508 0 -140.063)
(775.514 0 -140.037)
(775.512 0 -140.033)
(775.506 0 -140.023)
(775.501 0 -139.993)
(775.501 0 -139.956)
(775.497 0 -139.912)
(775.482 0 -139.846)
(775.453 0 -139.77)
(775.41 0 -139.681)
(775.353 0 -139.583)
(775.291 0 -139.451)
(775.237 0 -139.312)
(775.193 0 -139.113)
(775.149 0 -138.947)
(775.098 0 -138.72)
(775.038 0 -138.415)
(774.988 0 -138.069)
(774.945 0 -137.838)
(774.924 0 -137.567)
(774.904 0 -137.094)
(774.908 0 -136.73)
(774.91 0 -136.343)
(774.907 0 -136.061)
(774.851 0 -135.673)
(774.795 0 -135.464)
(774.721 0 -135.223)
(774.637 0 -134.829)
(774.566 0 -134.327)
(774.58 0 -134.049)
(826.5 0 -6.20144e-09)
(826.5 0 -8.92186e-09)
(826.5 0 -1.28146e-08)
(826.5 0 -1.92119e-08)
(826.5 0 -4.41625e-08)
(826.5 0 -2.47275e-07)
(826.5 0 -2.0053e-06)
(826.5 0 -1.63227e-05)
(826.5 0 -0.000123139)
(826.5 0 -0.000891868)
(826.498 0 -0.00563721)
(826.489 0 -0.0324915)
(826.441 0 -0.166933)
(826.134 0 -1.0015)
(824.37 0 -6.06435)
(818.162 0 -25.1542)
(802.71 0 -71.2613)
(793.985 0 -104.938)
(790.671 0 -116.267)
(783.542 0 -130.276)
(779.455 0 -135.422)
(777.782 0 -137.667)
(776.989 0 -139.292)
(776.678 0 -139.728)
(776.067 0 -140.151)
(775.924 0 -140.406)
(775.917 0 -141.326)
(776.129 0 -141.729)
(776.058 0 -141.522)
(775.741 0 -141.006)
(775.527 0 -140.367)
(775.496 0 -140.26)
(775.533 0 -140.33)
(775.632 0 -140.437)
(775.623 0 -140.57)
(775.546 0 -140.59)
(775.499 0 -140.582)
(775.335 0 -140.608)
(775.228 0 -140.726)
(775.132 0 -140.829)
(775.122 0 -140.993)
(775.265 0 -141.176)
(775.366 0 -141.304)
(775.422 0 -141.296)
(775.455 0 -141.265)
(775.475 0 -141.217)
(775.494 0 -141.132)
(775.541 0 -141.079)
(775.58 0 -141.071)
(775.615 0 -141.035)
(775.633 0 -141.005)
(775.657 0 -140.925)
(775.651 0 -140.824)
(775.641 0 -140.686)
(775.533 0 -140.471)
(775.432 0 -140.269)
(775.424 0 -140.205)
(775.415 0 -140.186)
(775.406 0 -140.2)
(775.403 0 -140.256)
(775.402 0 -140.332)
(775.444 0 -140.485)
(775.521 0 -140.557)
(775.54 0 -140.705)
(775.548 0 -140.768)
(775.55 0 -140.77)
(775.541 0 -140.72)
(775.526 0 -140.605)
(775.534 0 -140.501)
(775.529 0 -140.402)
(775.516 0 -140.323)
(775.516 0 -140.237)
(775.511 0 -140.172)
(775.463 0 -140.108)
(775.411 0 -140.05)
(775.399 0 -140.038)
(775.382 0 -140.029)
(775.367 0 -140.022)
(775.365 0 -140.009)
(775.378 0 -139.991)
(775.392 0 -139.975)
(775.401 0 -139.968)
(775.405 0 -139.959)
(775.403 0 -139.942)
(775.39 0 -139.929)
(775.378 0 -139.926)
(775.371 0 -139.912)
(775.358 0 -139.885)
(775.334 0 -139.856)
(775.297 0 -139.809)
(775.247 0 -139.745)
(775.19 0 -139.666)
(775.138 0 -139.595)
(775.097 0 -139.495)
(775.06 0 -139.388)
(775.016 0 -139.245)
(774.974 0 -139.076)
(774.942 0 -138.86)
(774.914 0 -138.661)
(774.893 0 -138.469)
(774.87 0 -138.165)
(774.87 0 -137.906)
(774.838 0 -137.381)
(774.843 0 -137.171)
(774.807 0 -136.834)
(774.717 0 -136.36)
(774.627 0 -135.842)
(774.563 0 -135.716)
(774.468 0 -135.367)
(774.454 0 -134.959)
(826.5 0 -2.6262e-08)
(826.5 0 -3.73864e-08)
(826.5 0 -5.33711e-08)
(826.5 0 -8.84689e-08)
(826.5 0 -3.06505e-07)
(826.5 0 -2.38612e-06)
(826.5 0 -2.06707e-05)
(826.5 0 -0.000170502)
(826.5 0 -0.00128091)
(826.497 0 -0.00933001)
(826.48 0 -0.0569836)
(826.385 0 -0.325394)
(825.697 0 -2.24239)
(820.961 0 -14.9555)
(808.616 0 -55.3116)
(791.713 0 -110.926)
(782.577 0 -133.58)
(777.162 0 -155.283)
(774.359 0 -146.485)
(774.943 0 -140.929)
(775.373 0 -139.513)
(775.674 0 -139.683)
(776.089 0 -140.255)
(775.953 0 -140.236)
(775.666 0 -140.123)
(775.396 0 -140.07)
(775.331 0 -140.369)
(775.376 0 -140.873)
(775.599 0 -141.099)
(775.515 0 -141.157)
(775.403 0 -141.077)
(775.316 0 -141.046)
(775.305 0 -141.125)
(775.329 0 -141.315)
(775.333 0 -141.553)
(775.286 0 -141.645)
(775.209 0 -141.652)
(775.064 0 -141.411)
(774.898 0 -141.13)
(774.818 0 -140.821)
(774.872 0 -140.797)
(774.937 0 -140.799)
(775.098 0 -140.929)
(775.199 0 -141.017)
(775.249 0 -141.086)
(775.285 0 -141.131)
(775.295 0 -141.175)
(775.331 0 -141.174)
(775.398 0 -141.119)
(775.427 0 -141.083)
(775.467 0 -141.028)
(775.526 0 -140.932)
(775.57 0 -140.813)
(775.56 0 -140.728)
(775.404 0 -140.631)
(775.255 0 -140.549)
(775.214 0 -140.529)
(775.198 0 -140.516)
(775.183 0 -140.525)
(775.171 0 -140.585)
(775.18 0 -140.686)
(775.195 0 -140.844)
(775.249 0 -140.947)
(775.349 0 -141.023)
(775.402 0 -141.018)
(775.431 0 -140.974)
(775.425 0 -140.917)
(775.425 0 -140.796)
(775.453 0 -140.607)
(775.447 0 -140.433)
(775.426 0 -140.303)
(775.415 0 -140.192)
(775.393 0 -140.094)
(775.33 0 -140.011)
(775.293 0 -139.975)
(775.28 0 -139.967)
(775.257 0 -139.961)
(775.238 0 -139.959)
(775.241 0 -139.96)
(775.26 0 -139.969)
(775.274 0 -139.978)
(775.282 0 -139.997)
(775.285 0 -139.99)
(775.286 0 -139.966)
(775.276 0 -139.92)
(775.266 0 -139.851)
(775.267 0 -139.811)
(775.254 0 -139.777)
(775.229 0 -139.751)
(775.192 0 -139.724)
(775.144 0 -139.677)
(775.097 0 -139.605)
(775.058 0 -139.52)
(775.022 0 -139.44)
(774.987 0 -139.359)
(774.946 0 -139.311)
(774.919 0 -139.197)
(774.905 0 -139.011)
(774.896 0 -138.9)
(774.88 0 -138.676)
(774.85 0 -138.391)
(774.82 0 -138.247)
(774.77 0 -137.916)
(774.751 0 -137.586)
(774.703 0 -137.304)
(774.662 0 -137.205)
(774.49 0 -136.583)
(774.436 0 -136.222)
(774.342 0 -135.837)
(774.309 0 -135.325)
(826.5 0 -1.01699e-07)
(826.5 0 -1.43372e-07)
(826.5 0 -2.07536e-07)
(826.5 0 -4.31963e-07)
(826.5 0 -2.35258e-06)
(826.5 0 -2.22075e-05)
(826.5 0 -0.000197466)
(826.499 0 -0.00164689)
(826.496 0 -0.0121318)
(826.47 0 -0.0910655)
(826.321 0 -0.527358)
(824.861 0 -4.72581)
(816.984 0 -28.3709)
(795.725 0 -86.4408)
(790.352 0 -108.357)
(784.994 0 -123.185)
(778.601 0 -134.698)
(776.804 0 -139.162)
(774.473 0 -142.158)
(774.237 0 -141.864)
(773.972 0 -140.779)
(774.879 0 -140.489)
(775.197 0 -140.729)
(775.517 0 -141.368)
(775.445 0 -141.405)
(775.174 0 -141.215)
(774.891 0 -140.729)
(774.912 0 -140.676)
(775.011 0 -140.789)
(775.189 0 -140.981)
(775.183 0 -141.221)
(775.122 0 -141.453)
(775.115 0 -141.592)
(775.11 0 -141.857)
(775.104 0 -142.03)
(775.062 0 -142.136)
(775.015 0 -142.138)
(774.931 0 -141.914)
(774.827 0 -141.494)
(774.74 0 -141.234)
(774.624 0 -140.814)
(774.678 0 -140.634)
(774.835 0 -140.727)
(774.923 0 -140.874)
(775.014 0 -140.985)
(775.092 0 -141.048)
(775.174 0 -141.029)
(775.281 0 -140.926)
(775.354 0 -140.851)
(775.39 0 -140.811)
(775.443 0 -140.752)
(775.493 0 -140.713)
(775.533 0 -140.694)
(775.48 0 -140.721)
(775.319 0 -140.759)
(775.125 0 -140.785)
(775.049 0 -140.811)
(775.024 0 -140.833)
(775.015 0 -140.888)
(775.041 0 -140.956)
(775.053 0 -141.001)
(775.06 0 -141.079)
(775.1 0 -141.186)
(775.159 0 -141.203)
(775.214 0 -141.174)
(775.261 0 -141.092)
(775.269 0 -141.017)
(775.317 0 -140.869)
(775.377 0 -140.66)
(775.378 0 -140.484)
(775.353 0 -140.349)
(775.315 0 -140.242)
(775.253 0 -140.16)
(775.18 0 -140.095)
(775.142 0 -140.068)
(775.127 0 -140.064)
(775.103 0 -140.059)
(775.084 0 -140.066)
(775.11 0 -140.06)
(775.125 0 -140.047)
(775.146 0 -140.03)
(775.163 0 -140.032)
(775.168 0 -140.019)
(775.161 0 -139.999)
(775.142 0 -139.949)
(775.098 0 -139.902)
(775.084 0 -139.896)
(775.058 0 -139.894)
(775.022 0 -139.89)
(774.978 0 -139.868)
(774.93 0 -139.836)
(774.883 0 -139.785)
(774.842 0 -139.727)
(774.808 0 -139.645)
(774.784 0 -139.531)
(774.771 0 -139.407)
(774.756 0 -139.294)
(774.729 0 -139.203)
(774.719 0 -139.076)
(774.702 0 -138.989)
(774.68 0 -138.843)
(774.649 0 -138.442)
(774.615 0 -138.262)
(774.561 0 -137.958)
(774.491 0 -137.506)
(774.424 0 -137.333)
(774.283 0 -137.021)
(774.176 0 -136.66)
(774.072 0 -136.277)
(774.025 0 -135.959)
(826.5 0 -3.6089e-07)
(826.5 0 -5.04778e-07)
(826.5 0 -7.82167e-07)
(826.5 0 -2.3558e-06)
(826.5 0 -1.86141e-05)
(826.5 0 -0.000193284)
(826.499 0 -0.00172139)
(826.495 0 -0.0145458)
(826.464 0 -0.106959)
(826.205 0 -0.898758)
(824.1 0 -7.35715)
(812.145 0 -45.4417)
(795.616 0 -87.8995)
(778.289 0 -137.084)
(773.686 0 -149.073)
(773.729 0 -141.855)
(773.654 0 -139.326)
(773.822 0 -139.27)
(773.883 0 -140.575)
(773.869 0 -142.325)
(774.074 0 -142.007)
(774.547 0 -141.712)
(774.998 0 -141.747)
(775.52 0 -142.051)
(775.502 0 -142.165)
(775.292 0 -142.038)
(774.757 0 -141.309)
(774.645 0 -140.639)
(774.679 0 -140.605)
(774.761 0 -140.705)
(774.906 0 -141.162)
(774.88 0 -141.532)
(774.935 0 -141.808)
(774.922 0 -142.185)
(774.93 0 -142.268)
(774.933 0 -142.308)
(774.902 0 -142.275)
(774.858 0 -142.097)
(774.768 0 -141.63)
(774.727 0 -141.307)
(774.618 0 -141.046)
(774.576 0 -140.715)
(774.693 0 -140.609)
(774.821 0 -140.656)
(774.936 0 -140.739)
(775.044 0 -140.816)
(775.167 0 -140.84)
(775.303 0 -140.736)
(775.362 0 -140.668)
(775.428 0 -140.575)
(775.481 0 -140.468)
(775.492 0 -140.448)
(775.464 0 -140.526)
(775.38 0 -140.665)
(775.223 0 -140.826)
(775.041 0 -140.965)
(774.956 0 -141.047)
(774.929 0 -141.083)
(774.896 0 -141.111)
(774.873 0 -141.142)
(774.861 0 -141.173)
(774.909 0 -141.193)
(774.975 0 -141.192)
(775.045 0 -141.164)
(775.094 0 -141.112)
(775.147 0 -141.03)
(775.197 0 -140.921)
(775.257 0 -140.764)
(775.302 0 -140.588)
(775.304 0 -140.446)
(775.267 0 -140.362)
(775.192 0 -140.308)
(775.104 0 -140.26)
(775.017 0 -140.22)
(774.963 0 -140.186)
(774.934 0 -140.169)
(774.918 0 -140.152)
(774.914 0 -140.133)
(774.933 0 -140.109)
(774.961 0 -140.088)
(774.992 0 -140.072)
(775.012 0 -140.065)
(775.011 0 -140.046)
(774.998 0 -140.015)
(774.948 0 -139.967)
(774.877 0 -139.939)
(774.83 0 -139.931)
(774.797 0 -139.924)
(774.752 0 -139.906)
(774.695 0 -139.868)
(774.645 0 -139.799)
(774.594 0 -139.751)
(774.537 0 -139.707)
(774.485 0 -139.688)
(774.436 0 -139.693)
(774.404 0 -139.674)
(774.388 0 -139.578)
(774.363 0 -139.563)
(774.352 0 -139.494)
(774.343 0 -139.32)
(774.321 0 -139.203)
(774.272 0 -139.05)
(774.207 0 -138.787)
(774.124 0 -138.584)
(773.996 0 -138.263)
(773.883 0 -137.847)
(773.783 0 -137.614)
(773.685 0 -137.268)
(773.539 0 -136.58)
(773.542 0 -136.193)
(826.5 0 -1.17669e-06)
(826.5 0 -1.64719e-06)
(826.5 0 -2.99925e-06)
(826.5 0 -1.44495e-05)
(826.5 0 -0.000139935)
(826.499 0 -0.00155169)
(826.495 0 -0.0137654)
(826.46 0 -0.118833)
(826.164 0 -1.033)
(822.742 0 -13.1911)
(810.671 0 -58.7667)
(781.108 0 -138.83)
(777.407 0 -129.377)
(776.912 0 -139.57)
(774.764 0 -143.964)
(773.495 0 -143.474)
(772.894 0 -141.074)
(773.113 0 -139.239)
(773.268 0 -139.422)
(773.621 0 -140.262)
(774.16 0 -140.949)
(774.782 0 -141.309)
(775.152 0 -141.654)
(775.493 0 -142.076)
(775.516 0 -142.457)
(775.306 0 -142.34)
(774.956 0 -141.739)
(774.561 0 -141.139)
(774.562 0 -140.668)
(774.6 0 -140.662)
(774.724 0 -141.01)
(774.749 0 -141.318)
(774.908 0 -141.673)
(774.926 0 -141.814)
(774.961 0 -141.817)
(774.969 0 -141.765)
(774.946 0 -141.738)
(774.854 0 -141.83)
(774.786 0 -141.464)
(774.721 0 -141.32)
(774.649 0 -141.086)
(774.564 0 -140.808)
(774.658 0 -140.625)
(774.783 0 -140.576)
(774.961 0 -140.646)
(775.044 0 -140.644)
(775.177 0 -140.575)
(775.317 0 -140.442)
(775.431 0 -140.311)
(775.489 0 -140.218)
(775.481 0 -140.139)
(775.436 0 -140.207)
(775.364 0 -140.369)
(775.247 0 -140.555)
(775.099 0 -140.769)
(774.944 0 -140.952)
(774.872 0 -141.034)
(774.837 0 -141.079)
(774.818 0 -141.082)
(774.805 0 -141.06)
(774.801 0 -141.026)
(774.847 0 -141)
(774.92 0 -140.944)
(774.987 0 -140.882)
(775.05 0 -140.813)
(775.114 0 -140.717)
(775.15 0 -140.63)
(775.167 0 -140.514)
(775.17 0 -140.453)
(775.151 0 -140.433)
(775.094 0 -140.449)
(775.004 0 -140.45)
(774.912 0 -140.441)
(774.806 0 -140.431)
(774.725 0 -140.405)
(774.69 0 -140.356)
(774.674 0 -140.31)
(774.67 0 -140.285)
(774.683 0 -140.255)
(774.712 0 -140.215)
(774.742 0 -140.175)
(774.757 0 -140.137)
(774.743 0 -140.084)
(774.711 0 -140.028)
(774.644 0 -139.954)
(774.557 0 -139.9)
(774.479 0 -139.85)
(774.411 0 -139.796)
(774.346 0 -139.728)
(774.282 0 -139.64)
(774.208 0 -139.549)
(774.12 0 -139.478)
(774.052 0 -139.439)
(774.009 0 -139.42)
(773.941 0 -139.399)
(773.876 0 -139.396)
(773.829 0 -139.39)
(773.809 0 -139.3)
(773.804 0 -139.25)
(773.764 0 -139.131)
(773.717 0 -138.972)
(773.659 0 -138.864)
(773.53 0 -138.579)
(773.396 0 -138.42)
(773.229 0 -138.305)
(773.005 0 -137.997)
(772.869 0 -137.634)
(772.768 0 -137.463)
(772.584 0 -136.994)
(772.539 0 -136.883)
(826.5 0 -3.52774e-06)
(826.5 0 -5.10607e-06)
(826.5 0 -1.2523e-05)
(826.5 0 -9.12525e-05)
(826.5 0 -0.00100667)
(826.496 0 -0.0113074)
(826.466 0 -0.0989943)
(826.098 0 -1.19974)
(822.431 0 -13.2877)
(806.686 0 -68.748)
(792.563 0 -97.3271)
(780.916 0 -135.244)
(778.459 0 -138.041)
(776.679 0 -140.255)
(775.972 0 -141.499)
(774.66 0 -143.235)
(774.198 0 -142.391)
(773.645 0 -140.899)
(773.535 0 -139.589)
(773.789 0 -139.667)
(774.351 0 -140.298)
(775.075 0 -140.801)
(775.353 0 -141.102)
(775.513 0 -141.405)
(775.566 0 -141.763)
(775.28 0 -141.836)
(775.064 0 -141.592)
(774.792 0 -141.117)
(774.562 0 -140.748)
(774.626 0 -140.646)
(774.759 0 -140.736)
(774.892 0 -140.964)
(775.043 0 -141.195)
(775.088 0 -141.227)
(775.143 0 -141.167)
(775.157 0 -141.062)
(775.114 0 -141.047)
(775.003 0 -141.187)
(774.747 0 -141.193)
(774.721 0 -141.161)
(774.694 0 -141.067)
(774.646 0 -140.851)
(774.725 0 -140.602)
(774.854 0 -140.466)
(774.961 0 -140.424)
(775.109 0 -140.337)
(775.228 0 -140.277)
(775.362 0 -140.141)
(775.473 0 -140.087)
(775.452 0 -140.058)
(775.393 0 -140.107)
(775.311 0 -140.215)
(775.228 0 -140.321)
(775.11 0 -140.436)
(774.981 0 -140.591)
(774.874 0 -140.732)
(774.823 0 -140.808)
(774.803 0 -140.826)
(774.795 0 -140.813)
(774.789 0 -140.78)
(774.782 0 -140.737)
(774.825 0 -140.676)
(774.876 0 -140.595)
(774.909 0 -140.528)
(774.961 0 -140.451)
(775.001 0 -140.386)
(774.983 0 -140.335)
(774.956 0 -140.347)
(774.914 0 -140.381)
(774.868 0 -140.436)
(774.805 0 -140.479)
(774.724 0 -140.501)
(774.614 0 -140.494)
(774.502 0 -140.467)
(774.415 0 -140.409)
(774.361 0 -140.34)
(774.332 0 -140.272)
(774.316 0 -140.226)
(774.312 0 -140.191)
(774.314 0 -140.167)
(774.312 0 -140.156)
(774.292 0 -140.143)
(774.242 0 -140.129)
(774.167 0 -140.098)
(774.079 0 -140.004)
(773.971 0 -139.907)
(773.857 0 -139.8)
(773.736 0 -139.709)
(773.622 0 -139.611)
(773.502 0 -139.538)
(773.383 0 -139.46)
(773.266 0 -139.4)
(773.176 0 -139.318)
(773.087 0 -139.258)
(773.006 0 -139.165)
(772.926 0 -139.083)
(772.862 0 -138.971)
(772.782 0 -139.02)
(772.723 0 -139.011)
(772.61 0 -138.983)
(772.51 0 -138.943)
(772.355 0 -138.82)
(772.161 0 -138.67)
(771.988 0 -138.465)
(771.729 0 -138.184)
(771.514 0 -137.957)
(771.199 0 -137.739)
(771.061 0 -137.386)
(770.875 0 -136.84)
(770.929 0 -136.804)
(826.5 0 -9.78916e-06)
(826.5 0 -1.54476e-05)
(826.5 0 -5.80902e-05)
(826.5 0 -0.000579126)
(826.498 0 -0.006346)
(826.474 0 -0.0773703)
(826.265 0 -0.749851)
(821.569 0 -14.2885)
(806.9 0 -69.4749)
(772.523 0 -153.038)
(771.436 0 -140.249)
(773.658 0 -144.855)
(775.941 0 -143.202)
(775.746 0 -141.343)
(775.566 0 -141.044)
(775.189 0 -141.651)
(774.589 0 -141.786)
(774.3 0 -141.393)
(773.983 0 -140.414)
(774.214 0 -139.678)
(774.656 0 -139.904)
(775.142 0 -140.077)
(775.57 0 -140.365)
(775.62 0 -140.544)
(775.611 0 -140.821)
(775.463 0 -141.231)
(775.076 0 -141.145)
(774.938 0 -141.042)
(774.786 0 -140.807)
(774.736 0 -140.67)
(774.859 0 -140.67)
(775.07 0 -140.764)
(775.177 0 -140.743)
(775.278 0 -140.644)
(775.341 0 -140.467)
(775.273 0 -140.333)
(775.128 0 -140.384)
(774.959 0 -140.567)
(774.803 0 -140.759)
(774.773 0 -140.84)
(774.78 0 -140.819)
(774.792 0 -140.708)
(774.859 0 -140.453)
(774.95 0 -140.308)
(775.022 0 -140.267)
(775.131 0 -140.259)
(775.243 0 -140.22)
(775.334 0 -140.213)
(775.356 0 -140.224)
(775.34 0 -140.229)
(775.23 0 -140.273)
(775.158 0 -140.291)
(775.06 0 -140.308)
(774.95 0 -140.343)
(774.843 0 -140.419)
(774.77 0 -140.505)
(774.736 0 -140.538)
(774.721 0 -140.56)
(774.707 0 -140.566)
(774.695 0 -140.542)
(774.684 0 -140.515)
(774.685 0 -140.473)
(774.685 0 -140.416)
(774.685 0 -140.362)
(774.686 0 -140.322)
(774.664 0 -140.296)
(774.602 0 -140.31)
(774.536 0 -140.318)
(774.473 0 -140.321)
(774.411 0 -140.345)
(774.341 0 -140.368)
(774.251 0 -140.362)
(774.142 0 -140.311)
(774.025 0 -140.24)
(773.918 0 -140.151)
(773.831 0 -140.062)
(773.766 0 -139.976)
(773.712 0 -139.921)
(773.669 0 -139.872)
(773.621 0 -139.847)
(773.557 0 -139.861)
(773.468 0 -139.894)
(773.355 0 -139.916)
(773.216 0 -139.927)
(773.065 0 -139.888)
(772.9 0 -139.824)
(772.725 0 -139.722)
(772.533 0 -139.628)
(772.339 0 -139.519)
(772.143 0 -139.421)
(771.953 0 -139.334)
(771.769 0 -139.281)
(771.601 0 -139.224)
(771.433 0 -139.209)
(771.277 0 -139.19)
(771.121 0 -139.196)
(770.983 0 -139.126)
(770.843 0 -139.042)
(770.701 0 -138.934)
(770.522 0 -138.812)
(770.333 0 -138.636)
(770.07 0 -138.464)
(769.804 0 -138.255)
(769.478 0 -138.13)
(769.129 0 -137.958)
(768.782 0 -137.75)
(768.388 0 -137.54)
(768.053 0 -137.28)
(767.541 0 -136.818)
(768.139 0 -136.681)
(826.5 0 -2.54518e-05)
(826.5 0 -4.85448e-05)
(826.5 0 -0.000288088)
(826.499 0 -0.00337521)
(826.486 0 -0.0396265)
(826.358 0 -0.462187)
(823.936 0 -8.33372)
(800.018 0 -75.3259)
(785.992 0 -113.412)
(776.201 0 -142.429)
(773.512 0 -142.901)
(773.786 0 -143.437)
(774.679 0 -143.222)
(775.167 0 -141.98)
(775.147 0 -140.681)
(775.051 0 -140.904)
(774.925 0 -141.583)
(774.607 0 -141.317)
(774.565 0 -140.924)
(774.676 0 -140.333)
(774.919 0 -140.087)
(775.281 0 -140.086)
(775.587 0 -140.147)
(775.614 0 -140.188)
(775.58 0 -140.296)
(775.399 0 -140.429)
(775.196 0 -140.739)
(774.97 0 -140.877)
(774.926 0 -140.863)
(774.916 0 -140.741)
(775.075 0 -140.62)
(775.259 0 -140.458)
(775.383 0 -140.378)
(775.484 0 -140.23)
(775.46 0 -140.052)
(775.28 0 -139.942)
(775.084 0 -140.063)
(774.914 0 -140.244)
(774.812 0 -140.384)
(774.769 0 -140.524)
(774.822 0 -140.56)
(774.857 0 -140.535)
(774.92 0 -140.469)
(774.975 0 -140.425)
(775.035 0 -140.409)
(775.103 0 -140.377)
(775.184 0 -140.378)
(775.233 0 -140.39)
(775.186 0 -140.383)
(775.15 0 -140.355)
(775.04 0 -140.294)
(774.93 0 -140.249)
(774.805 0 -140.227)
(774.681 0 -140.277)
(774.57 0 -140.379)
(774.502 0 -140.451)
(774.466 0 -140.514)
(774.449 0 -140.546)
(774.43 0 -140.55)
(774.403 0 -140.526)
(774.378 0 -140.461)
(774.346 0 -140.363)
(774.305 0 -140.259)
(774.253 0 -140.177)
(774.189 0 -140.087)
(774.096 0 -140.015)
(773.991 0 -139.948)
(773.873 0 -139.936)
(773.758 0 -139.982)
(773.645 0 -140.048)
(773.529 0 -140.108)
(773.398 0 -140.139)
(773.246 0 -140.146)
(773.078 0 -140.144)
(772.916 0 -140.099)
(772.761 0 -140.051)
(772.622 0 -139.996)
(772.493 0 -139.953)
(772.374 0 -139.895)
(772.241 0 -139.852)
(772.089 0 -139.813)
(771.911 0 -139.79)
(771.714 0 -139.762)
(771.495 0 -139.71)
(771.263 0 -139.595)
(771.01 0 -139.467)
(770.741 0 -139.307)
(770.447 0 -139.17)
(770.146 0 -139.01)
(769.839 0 -138.857)
(769.548 0 -138.663)
(769.259 0 -138.513)
(768.984 0 -138.356)
(768.706 0 -138.275)
(768.442 0 -138.156)
(768.167 0 -138.094)
(767.888 0 -138.014)
(767.58 0 -138.03)
(767.271 0 -137.975)
(766.931 0 -137.909)
(766.554 0 -137.799)
(766.114 0 -137.726)
(765.673 0 -137.535)
(765.191 0 -137.328)
(764.704 0 -137.09)
(764.18 0 -136.918)
(763.659 0 -136.65)
(763.15 0 -136.328)
(762.345 0 -135.856)
(763.556 0 -135.375)
(826.5 0 -6.24704e-05)
(826.5 0 -0.000163069)
(826.499 0 -0.00143463)
(826.492 0 -0.0188076)
(826.437 0 -0.208053)
(824.853 0 -5.47874)
(808.722 0 -59.3985)
(784.482 0 -125.495)
(777.108 0 -133.96)
(775.059 0 -139.867)
(773.9 0 -142.379)
(773.734 0 -142.39)
(774.281 0 -143.112)
(774.979 0 -142.341)
(775.066 0 -141.613)
(775.132 0 -140.902)
(775.14 0 -141.016)
(775.081 0 -141.064)
(775.046 0 -140.886)
(775.089 0 -140.463)
(775.205 0 -140.16)
(775.308 0 -139.951)
(775.527 0 -139.847)
(775.529 0 -139.819)
(775.434 0 -139.869)
(775.32 0 -139.975)
(775.108 0 -140.425)
(774.961 0 -140.811)
(774.971 0 -140.882)
(775.058 0 -140.889)
(775.29 0 -140.559)
(775.427 0 -140.43)
(775.558 0 -140.321)
(775.58 0 -140.235)
(775.37 0 -140.146)
(775.115 0 -140.145)
(774.932 0 -140.236)
(774.794 0 -140.306)
(774.703 0 -140.403)
(774.689 0 -140.436)
(774.755 0 -140.436)
(774.835 0 -140.451)
(774.904 0 -140.444)
(774.944 0 -140.451)
(774.975 0 -140.446)
(774.967 0 -140.501)
(774.994 0 -140.53)
(774.988 0 -140.569)
(774.917 0 -140.563)
(774.813 0 -140.461)
(774.661 0 -140.398)
(774.499 0 -140.353)
(774.341 0 -140.293)
(774.205 0 -140.224)
(774.094 0 -140.216)
(774.023 0 -140.25)
(773.988 0 -140.265)
(773.969 0 -140.25)
(773.943 0 -140.189)
(773.902 0 -140.074)
(773.838 0 -139.922)
(773.75 0 -139.762)
(773.639 0 -139.62)
(773.497 0 -139.509)
(773.313 0 -139.441)
(773.097 0 -139.44)
(772.871 0 -139.514)
(772.653 0 -139.626)
(772.449 0 -139.732)
(772.251 0 -139.836)
(772.052 0 -139.921)
(771.842 0 -139.964)
(771.617 0 -139.95)
(771.376 0 -139.894)
(771.127 0 -139.79)
(770.87 0 -139.688)
(770.618 0 -139.566)
(770.373 0 -139.439)
(770.123 0 -139.312)
(769.844 0 -139.237)
(769.534 0 -139.211)
(769.204 0 -139.199)
(768.863 0 -139.141)
(768.499 0 -139.067)
(768.109 0 -138.958)
(767.688 0 -138.851)
(767.247 0 -138.706)
(766.782 0 -138.572)
(766.305 0 -138.407)
(765.814 0 -138.275)
(765.323 0 -138.14)
(764.841 0 -138.015)
(764.378 0 -137.847)
(763.92 0 -137.707)
(763.471 0 -137.521)
(763.005 0 -137.399)
(762.54 0 -137.203)
(762.043 0 -137.095)
(761.531 0 -136.965)
(760.974 0 -136.891)
(760.401 0 -136.674)
(759.774 0 -136.513)
(759.121 0 -136.284)
(758.429 0 -136.115)
(757.757 0 -135.84)
(757.046 0 -135.67)
(756.346 0 -135.372)
(755.669 0 -135.126)
(754.632 0 -134.628)
(756.372 0 -133.953)
(826.5 0 -0.000151841)
(826.5 0 -0.000600667)
(826.497 0 -0.00671647)
(826.467 0 -0.0959405)
(825.888 0 -2.08441)
(813.332 0 -40.9566)
(791.201 0 -102.843)
(777.403 0 -147.633)
(773.849 0 -143.178)
(773.656 0 -142.273)
(773.354 0 -142.382)
(773.497 0 -141.718)
(773.976 0 -142.244)
(774.822 0 -142.319)
(775.237 0 -141.718)
(775.35 0 -141.274)
(775.345 0 -140.735)
(775.364 0 -140.664)
(775.355 0 -140.534)
(775.319 0 -140.5)
(775.311 0 -140.432)
(775.255 0 -140.372)
(775.325 0 -140.15)
(775.339 0 -140.061)
(775.198 0 -140.04)
(775.087 0 -140.211)
(774.947 0 -140.46)
(774.895 0 -140.813)
(774.997 0 -140.963)
(775.136 0 -140.902)
(775.343 0 -140.743)
(775.519 0 -140.594)
(775.647 0 -140.494)
(775.552 0 -140.517)
(775.203 0 -140.5)
(774.908 0 -140.47)
(774.716 0 -140.412)
(774.6 0 -140.329)
(774.544 0 -140.241)
(774.549 0 -140.225)
(774.614 0 -140.228)
(774.699 0 -140.275)
(774.751 0 -140.339)
(774.747 0 -140.429)
(774.699 0 -140.549)
(774.626 0 -140.609)
(774.56 0 -140.763)
(774.487 0 -140.81)
(774.367 0 -140.787)
(774.167 0 -140.738)
(773.963 0 -140.612)
(773.759 0 -140.418)
(773.564 0 -140.192)
(773.382 0 -140.027)
(773.239 0 -139.925)
(773.148 0 -139.85)
(773.083 0 -139.822)
(773.025 0 -139.792)
(772.945 0 -139.735)
(772.822 0 -139.674)
(772.651 0 -139.6)
(772.436 0 -139.53)
(772.182 0 -139.46)
(771.882 0 -139.396)
(771.546 0 -139.312)
(771.194 0 -139.242)
(770.849 0 -139.184)
(770.516 0 -139.167)
(770.188 0 -139.187)
(769.859 0 -139.235)
(769.52 0 -139.279)
(769.165 0 -139.292)
(768.787 0 -139.251)
(768.382 0 -139.174)
(767.959 0 -139.033)
(767.51 0 -138.903)
(767.054 0 -138.752)
(766.59 0 -138.629)
(766.11 0 -138.516)
(765.6 0 -138.45)
(765.078 0 -138.363)
(764.543 0 -138.281)
(763.993 0 -138.18)
(763.419 0 -138.079)
(762.82 0 -137.921)
(762.188 0 -137.755)
(761.534 0 -137.536)
(760.85 0 -137.353)
(760.154 0 -137.14)
(759.445 0 -136.946)
(758.742 0 -136.702)
(758.039 0 -136.505)
(757.358 0 -136.275)
(756.673 0 -136.122)
(756.005 0 -135.918)
(755.326 0 -135.767)
(754.649 0 -135.559)
(753.946 0 -135.415)
(753.245 0 -135.175)
(752.498 0 -134.99)
(751.725 0 -134.771)
(750.907 0 -134.636)
(750.086 0 -134.369)
(749.233 0 -134.174)
(748.401 0 -133.902)
(747.546 0 -133.729)
(746.713 0 -133.409)
(745.928 0 -133.172)
(744.74 0 -132.667)
(746.882 0 -132.224)
(826.5 0 -0.000360749)
(826.499 0 -0.0022665)
(826.487 0 -0.0299487)
(826.358 0 -0.510241)
(821.352 0 -18.3487)
(788.781 0 -104.18)
(775.931 0 -137.877)
(774.548 0 -148.01)
(773.33 0 -145.613)
(773.859 0 -143.017)
(773.787 0 -141.907)
(773.851 0 -140.817)
(774.186 0 -141.133)
(774.789 0 -141.699)
(775.355 0 -141.496)
(775.578 0 -141.192)
(775.641 0 -140.549)
(775.573 0 -140.352)
(775.484 0 -140.285)
(775.434 0 -140.426)
(775.324 0 -140.623)
(775.144 0 -140.682)
(775.114 0 -140.522)
(775.1 0 -140.376)
(774.989 0 -140.282)
(774.783 0 -140.348)
(774.753 0 -140.671)
(774.793 0 -140.839)
(774.933 0 -140.921)
(775.115 0 -140.903)
(775.332 0 -140.752)
(775.507 0 -140.603)
(775.567 0 -140.677)
(775.369 0 -140.83)
(774.917 0 -140.869)
(774.56 0 -140.876)
(774.367 0 -140.686)
(774.238 0 -140.472)
(774.178 0 -140.284)
(774.202 0 -140.085)
(774.258 0 -140.009)
(774.298 0 -140.105)
(774.284 0 -140.307)
(774.205 0 -140.521)
(774.083 0 -140.617)
(773.92 0 -140.766)
(773.774 0 -140.766)
(773.597 0 -140.757)
(773.365 0 -140.742)
(773.093 0 -140.581)
(772.802 0 -140.349)
(772.496 0 -140.111)
(772.189 0 -139.899)
(771.906 0 -139.73)
(771.661 0 -139.654)
(771.463 0 -139.642)
(771.296 0 -139.659)
(771.129 0 -139.684)
(770.932 0 -139.659)
(770.688 0 -139.534)
(770.383 0 -139.33)
(770.014 0 -139.084)
(769.579 0 -138.829)
(769.076 0 -138.614)
(768.522 0 -138.441)
(767.947 0 -138.335)
(767.373 0 -138.29)
(766.809 0 -138.309)
(766.252 0 -138.345)
(765.693 0 -138.387)
(765.12 0 -138.404)
(764.518 0 -138.397)
(763.881 0 -138.345)
(763.208 0 -138.253)
(762.508 0 -138.103)
(761.778 0 -137.946)
(761.045 0 -137.74)
(760.305 0 -137.517)
(759.551 0 -137.297)
(758.777 0 -137.124)
(758.002 0 -136.964)
(757.226 0 -136.822)
(756.454 0 -136.636)
(755.665 0 -136.443)
(754.855 0 -136.215)
(754.011 0 -135.997)
(753.15 0 -135.742)
(752.263 0 -135.507)
(751.371 0 -135.241)
(750.465 0 -135)
(749.569 0 -134.735)
(748.684 0 -134.489)
(747.831 0 -134.206)
(746.989 0 -133.973)
(746.172 0 -133.706)
(745.348 0 -133.508)
(744.533 0 -133.26)
(743.69 0 -133.112)
(742.845 0 -132.918)
(741.961 0 -132.778)
(741.081 0 -132.519)
(740.164 0 -132.34)
(739.248 0 -132.079)
(738.308 0 -131.888)
(737.398 0 -131.598)
(736.465 0 -131.437)
(735.576 0 -131.082)
(734.732 0 -130.891)
(733.481 0 -130.431)
(735.855 0 -130.806)
(826.5 0 -0.000945988)
(826.496 0 -0.00861764)
(826.463 0 -0.119291)
(825.139 0 -4.88585)
(806.004 0 -69.3765)
(774.98 0 -139.743)
(774.026 0 -143.715)
(774.065 0 -146.663)
(773.986 0 -146.375)
(774.416 0 -144.331)
(774.246 0 -142.75)
(774.291 0 -141.347)
(774.581 0 -140.847)
(774.896 0 -141.062)
(775.344 0 -141.166)
(775.665 0 -140.979)
(775.818 0 -140.551)
(775.709 0 -140.291)
(775.556 0 -140.351)
(775.45 0 -140.571)
(775.245 0 -140.887)
(775.035 0 -141.119)
(774.921 0 -140.936)
(774.831 0 -140.822)
(774.714 0 -140.758)
(774.457 0 -140.734)
(774.516 0 -140.613)
(774.595 0 -140.663)
(774.744 0 -140.744)
(774.957 0 -140.703)
(775.165 0 -140.625)
(775.242 0 -140.684)
(775.215 0 -140.913)
(774.944 0 -141.103)
(774.42 0 -141.19)
(773.973 0 -141.17)
(773.724 0 -140.924)
(773.591 0 -140.541)
(773.524 0 -140.15)
(773.499 0 -139.885)
(773.481 0 -139.798)
(773.432 0 -139.914)
(773.328 0 -140.103)
(773.154 0 -140.285)
(772.906 0 -140.429)
(772.645 0 -140.424)
(772.328 0 -140.476)
(771.982 0 -140.444)
(771.607 0 -140.28)
(771.173 0 -140.11)
(770.702 0 -139.935)
(770.221 0 -139.723)
(769.749 0 -139.478)
(769.3 0 -139.256)
(768.893 0 -139.052)
(768.528 0 -138.889)
(768.188 0 -138.766)
(767.846 0 -138.622)
(767.462 0 -138.418)
(766.992 0 -138.203)
(766.421 0 -137.985)
(765.745 0 -137.802)
(764.981 0 -137.619)
(764.149 0 -137.427)
(763.274 0 -137.244)
(762.386 0 -137.117)
(761.51 0 -137.028)
(760.65 0 -136.98)
(759.801 0 -136.956)
(758.946 0 -136.951)
(758.074 0 -136.921)
(757.173 0 -136.838)
(756.241 0 -136.681)
(755.276 0 -136.475)
(754.29 0 -136.209)
(753.284 0 -135.939)
(752.276 0 -135.646)
(751.261 0 -135.394)
(750.242 0 -135.166)
(749.229 0 -134.973)
(748.247 0 -134.768)
(747.289 0 -134.573)
(746.35 0 -134.361)
(745.407 0 -134.156)
(744.459 0 -133.92)
(743.489 0 -133.689)
(742.511 0 -133.424)
(741.511 0 -133.187)
(740.508 0 -132.925)
(739.497 0 -132.686)
(738.504 0 -132.413)
(737.527 0 -132.167)
(736.592 0 -131.88)
(735.671 0 -131.654)
(734.783 0 -131.386)
(733.897 0 -131.169)
(733.023 0 -130.909)
(732.127 0 -130.725)
(731.23 0 -130.479)
(730.297 0 -130.302)
(729.362 0 -130.067)
(728.401 0 -129.906)
(727.452 0 -129.659)
(726.484 0 -129.485)
(725.545 0 -129.221)
(724.592 0 -129.071)
(723.683 0 -128.751)
(722.824 0 -128.593)
(721.589 0 -128.141)
(723.966 0 -129.788)
(826.499 0 -0.0024511)
(826.485 0 -0.030736)
(826.323 0 -0.675954)
(818.622 0 -29.895)
(788.923 0 -114.747)
(774.796 0 -140.864)
(774.34 0 -143.418)
(774.385 0 -144.305)
(774.53 0 -144.977)
(774.622 0 -144.477)
(774.603 0 -143)
(774.683 0 -141.669)
(774.882 0 -141.024)
(775.011 0 -140.961)
(775.216 0 -141.082)
(775.504 0 -140.927)
(775.664 0 -140.647)
(775.668 0 -140.558)
(775.492 0 -140.671)
(775.351 0 -140.838)
(775.111 0 -141.09)
(774.869 0 -141.286)
(774.737 0 -141.199)
(774.455 0 -141.077)
(774.334 0 -141.064)
(774.109 0 -140.837)
(774.061 0 -140.77)
(774.122 0 -140.8)
(774.276 0 -140.734)
(774.473 0 -140.641)
(774.627 0 -140.673)
(774.622 0 -140.885)
(774.478 0 -141.14)
(774.093 0 -141.369)
(773.544 0 -141.297)
(773.007 0 -141.102)
(772.644 0 -140.75)
(772.445 0 -140.262)
(772.294 0 -139.834)
(772.155 0 -139.548)
(771.994 0 -139.464)
(771.792 0 -139.528)
(771.517 0 -139.684)
(771.155 0 -139.853)
(770.717 0 -139.918)
(770.199 0 -140.068)
(769.645 0 -140.071)
(769.04 0 -140.006)
(768.38 0 -139.939)
(767.689 0 -139.758)
(766.981 0 -139.441)
(766.258 0 -139.052)
(765.525 0 -138.65)
(764.795 0 -138.291)
(764.076 0 -138.026)
(763.381 0 -137.842)
(762.702 0 -137.726)
(762.006 0 -137.649)
(761.258 0 -137.545)
(760.436 0 -137.327)
(759.522 0 -137.016)
(758.511 0 -136.645)
(757.41 0 -136.268)
(756.232 0 -135.952)
(755.025 0 -135.672)
(753.824 0 -135.428)
(752.653 0 -135.227)
(751.515 0 -135.075)
(750.403 0 -134.943)
(749.299 0 -134.819)
(748.186 0 -134.685)
(747.045 0 -134.533)
(745.879 0 -134.34)
(744.691 0 -134.108)
(743.494 0 -133.836)
(742.293 0 -133.566)
(741.102 0 -133.276)
(739.922 0 -132.998)
(738.76 0 -132.733)
(737.629 0 -132.499)
(736.552 0 -132.266)
(735.518 0 -132.052)
(734.522 0 -131.822)
(733.535 0 -131.596)
(732.555 0 -131.349)
(731.564 0 -131.111)
(730.569 0 -130.846)
(729.555 0 -130.602)
(728.535 0 -130.339)
(727.506 0 -130.094)
(726.494 0 -129.824)
(725.5 0 -129.576)
(724.547 0 -129.302)
(723.609 0 -129.083)
(722.704 0 -128.832)
(721.802 0 -128.63)
(720.911 0 -128.391)
(719.996 0 -128.226)
(719.076 0 -128.008)
(718.124 0 -127.842)
(717.176 0 -127.604)
(716.209 0 -127.439)
(715.254 0 -127.214)
(714.293 0 -127.047)
(713.363 0 -126.798)
(712.423 0 -126.655)
(711.529 0 -126.337)
(710.676 0 -126.211)
(709.473 0 -125.818)
(711.563 0 -129.081)
(826.496 0 -0.00733886)
(826.465 0 -0.103627)
(825.102 0 -5.48412)
(796.033 0 -94.2)
(777.242 0 -142.936)
(774.496 0 -143.989)
(774.353 0 -143.594)
(774.577 0 -143.078)
(774.68 0 -143.032)
(774.789 0 -143.143)
(774.722 0 -143.146)
(774.83 0 -142.086)
(774.957 0 -141.414)
(774.941 0 -141.182)
(775.024 0 -141.221)
(775.152 0 -141.182)
(775.378 0 -141.109)
(775.375 0 -140.9)
(775.267 0 -140.904)
(775.087 0 -140.973)
(774.866 0 -141.008)
(774.578 0 -141.207)
(774.388 0 -141.344)
(773.911 0 -141.43)
(773.671 0 -141.396)
(773.455 0 -141.219)
(773.39 0 -140.793)
(773.366 0 -140.482)
(773.448 0 -140.276)
(773.554 0 -140.268)
(773.601 0 -140.445)
(773.518 0 -140.572)
(773.215 0 -140.782)
(772.675 0 -140.908)
(771.987 0 -140.799)
(771.287 0 -140.587)
(770.722 0 -140.266)
(770.319 0 -139.858)
(769.982 0 -139.464)
(769.638 0 -139.157)
(769.245 0 -138.978)
(768.762 0 -139.004)
(768.176 0 -139.128)
(767.479 0 -139.283)
(766.685 0 -139.355)
(765.841 0 -139.221)
(764.923 0 -139.058)
(763.949 0 -138.851)
(762.942 0 -138.55)
(761.893 0 -138.224)
(760.805 0 -137.876)
(759.683 0 -137.501)
(758.539 0 -137.12)
(757.387 0 -136.769)
(756.256 0 -136.444)
(755.161 0 -136.167)
(754.098 0 -135.923)
(753.043 0 -135.658)
(751.962 0 -135.324)
(750.813 0 -134.955)
(749.581 0 -134.558)
(748.259 0 -134.171)
(746.867 0 -133.78)
(745.434 0 -133.388)
(743.994 0 -133.039)
(742.582 0 -132.772)
(741.222 0 -132.567)
(739.918 0 -132.412)
(738.658 0 -132.289)
(737.419 0 -132.183)
(736.186 0 -132.055)
(734.942 0 -131.887)
(733.684 0 -131.67)
(732.412 0 -131.424)
(731.138 0 -131.14)
(729.867 0 -130.847)
(728.609 0 -130.546)
(727.366 0 -130.277)
(726.154 0 -130.022)
(724.994 0 -129.793)
(723.906 0 -129.566)
(722.876 0 -129.355)
(721.895 0 -129.133)
(720.933 0 -128.922)
(719.984 0 -128.697)
(719.03 0 -128.482)
(718.072 0 -128.243)
(717.091 0 -128.025)
(716.097 0 -127.789)
(715.086 0 -127.568)
(714.086 0 -127.324)
(713.102 0 -127.094)
(712.155 0 -126.837)
(711.226 0 -126.625)
(710.33 0 -126.38)
(709.439 0 -126.178)
(708.555 0 -125.948)
(707.648 0 -125.778)
(706.73 0 -125.559)
(705.781 0 -125.389)
(704.835 0 -125.166)
(703.876 0 -125.008)
(702.934 0 -124.8)
(701.992 0 -124.644)
(701.079 0 -124.419)
(700.162 0 -124.286)
(699.281 0 -124.001)
(698.439 0 -123.897)
(697.27 0 -123.511)
(698.928 0 -128.392)
(826.487 0 -0.0200601)
(826.408 0 -0.400169)
(817.569 0 -37.1716)
(783.195 0 -118.279)
(775.508 0 -140.848)
(774.226 0 -144.432)
(774.569 0 -142.615)
(775.017 0 -141.103)
(775.046 0 -140.618)
(774.943 0 -141.1)
(774.752 0 -141.956)
(774.738 0 -142.201)
(774.733 0 -141.915)
(774.707 0 -141.565)
(774.714 0 -141.42)
(774.677 0 -141.362)
(774.821 0 -141.323)
(774.856 0 -141.015)
(774.768 0 -140.897)
(774.599 0 -140.76)
(774.34 0 -140.831)
(774.009 0 -140.957)
(773.648 0 -141.36)
(773.113 0 -141.414)
(772.699 0 -141.381)
(772.394 0 -140.995)
(772.154 0 -140.569)
(771.962 0 -140.254)
(771.871 0 -140.054)
(771.827 0 -139.971)
(771.732 0 -139.963)
(771.425 0 -140.14)
(770.857 0 -140.325)
(770.018 0 -140.431)
(769.017 0 -140.454)
(768.022 0 -140.331)
(767.163 0 -139.914)
(766.474 0 -139.225)
(765.841 0 -138.557)
(765.156 0 -138.087)
(764.355 0 -137.878)
(763.427 0 -137.815)
(762.358 0 -137.834)
(761.168 0 -137.791)
(759.882 0 -137.618)
(758.502 0 -137.472)
(757.082 0 -137.233)
(755.64 0 -136.915)
(754.178 0 -136.605)
(752.701 0 -136.284)
(751.211 0 -135.911)
(749.704 0 -135.468)
(748.192 0 -134.967)
(746.69 0 -134.456)
(745.225 0 -133.995)
(743.818 0 -133.601)
(742.462 0 -133.272)
(741.131 0 -132.984)
(739.794 0 -132.689)
(738.438 0 -132.332)
(737.04 0 -131.923)
(735.589 0 -131.486)
(734.09 0 -131.055)
(732.561 0 -130.677)
(731.048 0 -130.342)
(729.585 0 -130.064)
(728.193 0 -129.838)
(726.869 0 -129.659)
(725.601 0 -129.505)
(724.36 0 -129.363)
(723.126 0 -129.214)
(721.882 0 -129.047)
(720.626 0 -128.842)
(719.354 0 -128.61)
(718.075 0 -128.344)
(716.798 0 -128.076)
(715.53 0 -127.813)
(714.283 0 -127.564)
(713.077 0 -127.324)
(711.936 0 -127.108)
(710.88 0 -126.896)
(709.897 0 -126.697)
(708.972 0 -126.489)
(708.073 0 -126.294)
(707.188 0 -126.089)
(706.297 0 -125.892)
(705.396 0 -125.674)
(704.465 0 -125.471)
(703.509 0 -125.251)
(702.527 0 -125.041)
(701.547 0 -124.809)
(700.579 0 -124.589)
(699.641 0 -124.35)
(698.72 0 -124.153)
(697.833 0 -123.926)
(696.952 0 -123.736)
(696.075 0 -123.523)
(695.175 0 -123.359)
(694.26 0 -123.151)
(693.318 0 -122.98)
(692.38 0 -122.766)
(691.435 0 -122.611)
(690.507 0 -122.42)
(689.585 0 -122.271)
(688.687 0 -122.066)
(687.789 0 -121.934)
(686.914 0 -121.671)
(686.077 0 -121.578)
(684.911 0 -121.202)
(686.384 0 -127.522)
(826.472 0 -0.0550542)
(825.732 0 -3.07841)
(805.617 0 -76.9432)
(777.651 0 -128.173)
(773.611 0 -144.743)
(773.426 0 -145.487)
(773.955 0 -144.153)
(775.001 0 -141.164)
(774.907 0 -140.029)
(774.68 0 -139.938)
(774.578 0 -140.524)
(774.499 0 -141.589)
(774.402 0 -141.627)
(774.392 0 -141.197)
(774.336 0 -140.644)
(774.137 0 -140.444)
(774.062 0 -140.681)
(773.95 0 -140.921)
(773.853 0 -140.794)
(773.667 0 -140.553)
(773.376 0 -140.394)
(772.898 0 -140.702)
(772.355 0 -140.921)
(771.691 0 -141.014)
(771.037 0 -140.965)
(770.445 0 -140.717)
(769.939 0 -140.229)
(769.496 0 -139.787)
(769.119 0 -139.497)
(768.753 0 -139.398)
(768.277 0 -139.499)
(767.577 0 -139.595)
(766.557 0 -139.664)
(765.221 0 -139.758)
(763.785 0 -139.44)
(762.377 0 -138.878)
(761.042 0 -138.282)
(759.798 0 -137.726)
(758.607 0 -137.223)
(757.38 0 -136.784)
(756.048 0 -136.39)
(754.563 0 -136.109)
(752.928 0 -135.879)
(751.154 0 -135.736)
(749.301 0 -135.555)
(747.438 0 -135.247)
(745.579 0 -134.901)
(743.75 0 -134.522)
(741.974 0 -134.088)
(740.24 0 -133.614)
(738.531 0 -133.087)
(736.827 0 -132.527)
(735.122 0 -131.978)
(733.439 0 -131.478)
(731.814 0 -131.037)
(730.268 0 -130.668)
(728.794 0 -130.349)
(727.368 0 -130.04)
(725.967 0 -129.698)
(724.566 0 -129.328)
(723.15 0 -128.931)
(721.699 0 -128.532)
(720.214 0 -128.134)
(718.717 0 -127.759)
(717.246 0 -127.428)
(715.827 0 -127.167)
(714.482 0 -126.96)
(713.21 0 -126.801)
(711.989 0 -126.67)
(710.792 0 -126.553)
(709.601 0 -126.425)
(708.398 0 -126.272)
(707.178 0 -126.084)
(705.939 0 -125.873)
(704.69 0 -125.624)
(703.444 0 -125.366)
(702.201 0 -125.121)
(700.984 0 -124.885)
(699.812 0 -124.658)
(698.716 0 -124.452)
(697.712 0 -124.254)
(696.79 0 -124.068)
(695.93 0 -123.879)
(695.097 0 -123.704)
(694.273 0 -123.523)
(693.437 0 -123.348)
(692.579 0 -123.151)
(691.683 0 -122.966)
(690.749 0 -122.762)
(689.782 0 -122.565)
(688.811 0 -122.349)
(687.848 0 -122.137)
(686.911 0 -121.911)
(685.991 0 -121.721)
(685.104 0 -121.503)
(684.225 0 -121.319)
(683.348 0 -121.117)
(682.45 0 -120.953)
(681.534 0 -120.751)
(680.597 0 -120.577)
(679.664 0 -120.374)
(678.729 0 -120.22)
(677.812 0 -120.042)
(676.902 0 -119.895)
(676.01 0 -119.707)
(675.12 0 -119.575)
(674.237 0 -119.337)
(673.398 0 -119.245)
(672.207 0 -118.804)
(674.081 0 -126.157)
(826.478 0 -0.10572)
(822.437 0 -17.4718)
(790.202 0 -109.247)
(773.569 0 -140.759)
(771.476 0 -147.822)
(772.315 0 -146.872)
(773.353 0 -145.122)
(774.111 0 -142.837)
(774.098 0 -140.942)
(773.956 0 -140.133)
(773.894 0 -140.226)
(773.915 0 -140.641)
(773.834 0 -140.604)
(773.774 0 -140.12)
(773.494 0 -139.891)
(773.074 0 -140.028)
(772.748 0 -140.363)
(772.559 0 -140.274)
(772.316 0 -140.292)
(771.98 0 -140.245)
(771.491 0 -140.27)
(770.832 0 -140.299)
(769.941 0 -140.595)
(768.969 0 -140.722)
(767.946 0 -140.597)
(766.956 0 -140.094)
(766.013 0 -139.4)
(765.113 0 -138.763)
(764.23 0 -138.341)
(763.305 0 -138.129)
(762.227 0 -138.023)
(760.862 0 -137.919)
(759.13 0 -137.842)
(757.135 0 -137.55)
(754.991 0 -137.235)
(752.879 0 -136.915)
(750.922 0 -136.357)
(749.136 0 -135.56)
(747.434 0 -134.757)
(745.707 0 -134.075)
(743.871 0 -133.586)
(741.903 0 -133.238)
(739.817 0 -132.992)
(737.668 0 -132.703)
(735.512 0 -132.32)
(733.389 0 -131.923)
(731.332 0 -131.494)
(729.363 0 -131.03)
(727.485 0 -130.578)
(725.682 0 -130.156)
(723.925 0 -129.739)
(722.193 0 -129.296)
(720.478 0 -128.824)
(718.796 0 -128.354)
(717.176 0 -127.927)
(715.634 0 -127.56)
(714.163 0 -127.242)
(712.743 0 -126.948)
(711.355 0 -126.645)
(709.986 0 -126.314)
(708.621 0 -125.956)
(707.237 0 -125.587)
(705.825 0 -125.22)
(704.399 0 -124.887)
(703.002 0 -124.595)
(701.665 0 -124.358)
(700.401 0 -124.168)
(699.203 0 -124.021)
(698.049 0 -123.896)
(696.912 0 -123.78)
(695.773 0 -123.656)
(694.617 0 -123.512)
(693.439 0 -123.336)
(692.237 0 -123.138)
(691.022 0 -122.904)
(689.81 0 -122.666)
(688.597 0 -122.45)
(687.416 0 -122.234)
(686.285 0 -122.022)
(685.235 0 -121.831)
(684.283 0 -121.65)
(683.416 0 -121.481)
(682.612 0 -121.311)
(681.831 0 -121.153)
(681.052 0 -120.989)
(680.248 0 -120.826)
(679.411 0 -120.641)
(678.524 0 -120.463)
(677.592 0 -120.265)
(676.621 0 -120.072)
(675.641 0 -119.862)
(674.671 0 -119.654)
(673.723 0 -119.436)
(672.794 0 -119.25)
(671.897 0 -119.041)
(671.009 0 -118.861)
(670.122 0 -118.667)
(669.217 0 -118.502)
(668.293 0 -118.305)
(667.357 0 -118.127)
(666.423 0 -117.93)
(665.492 0 -117.776)
(664.576 0 -117.607)
(663.671 0 -117.46)
(662.772 0 -117.283)
(661.879 0 -117.147)
(660.976 0 -116.927)
(660.131 0 -116.83)
(658.896 0 -116.352)
(661.794 0 -123.989)
(826.409 0 -0.460855)
(813.027 0 -58.067)
(778.576 0 -140.255)
(771.582 0 -145.717)
(770.156 0 -149.569)
(771.506 0 -148.074)
(772.407 0 -146.189)
(773.092 0 -144.595)
(773.121 0 -143.151)
(772.893 0 -141.905)
(772.65 0 -141.34)
(772.495 0 -141.366)
(772.406 0 -141.088)
(772.27 0 -140.486)
(771.857 0 -139.991)
(771.235 0 -139.996)
(770.617 0 -140.104)
(770.076 0 -140.148)
(769.595 0 -139.797)
(769.001 0 -139.392)
(768.156 0 -139.23)
(766.997 0 -139.418)
(765.586 0 -139.602)
(764.048 0 -139.507)
(762.403 0 -139.131)
(760.691 0 -138.54)
(758.979 0 -137.859)
(757.29 0 -137.28)
(755.612 0 -136.804)
(753.879 0 -136.408)
(751.966 0 -136.051)
(749.74 0 -135.789)
(747.221 0 -135.401)
(744.471 0 -135.123)
(741.734 0 -134.628)
(739.17 0 -133.914)
(736.812 0 -133.11)
(734.635 0 -132.312)
(732.574 0 -131.572)
(730.54 0 -130.924)
(728.47 0 -130.353)
(726.329 0 -129.887)
(724.128 0 -129.489)
(721.885 0 -129.179)
(719.661 0 -128.863)
(717.512 0 -128.51)
(715.457 0 -128.146)
(713.512 0 -127.762)
(711.689 0 -127.355)
(709.969 0 -126.939)
(708.313 0 -126.505)
(706.681 0 -126.053)
(705.054 0 -125.603)
(703.442 0 -125.179)
(701.877 0 -124.801)
(700.375 0 -124.48)
(698.937 0 -124.201)
(697.552 0 -123.934)
(696.212 0 -123.648)
(694.907 0 -123.341)
(693.619 0 -123.016)
(692.316 0 -122.688)
(690.986 0 -122.358)
(689.641 0 -122.049)
(688.321 0 -121.777)
(687.06 0 -121.559)
(685.87 0 -121.384)
(684.736 0 -121.246)
(683.638 0 -121.127)
(682.548 0 -121.016)
(681.451 0 -120.897)
(680.331 0 -120.758)
(679.187 0 -120.591)
(678.014 0 -120.404)
(676.828 0 -120.183)
(675.644 0 -119.959)
(674.461 0 -119.756)
(673.312 0 -119.552)
(672.218 0 -119.355)
(671.209 0 -119.175)
(670.3 0 -119.004)
(669.478 0 -118.846)
(668.715 0 -118.689)
(667.969 0 -118.542)
(667.211 0 -118.388)
(666.416 0 -118.229)
(665.574 0 -118.05)
(664.673 0 -117.872)
(663.72 0 -117.676)
(662.726 0 -117.483)
(661.723 0 -117.275)
(660.731 0 -117.069)
(659.761 0 -116.857)
(658.812 0 -116.67)
(657.895 0 -116.464)
(656.989 0 -116.286)
(656.083 0 -116.098)
(655.163 0 -115.93)
(654.225 0 -115.736)
(653.282 0 -115.555)
(652.341 0 -115.36)
(651.407 0 -115.206)
(650.484 0 -115.042)
(649.574 0 -114.893)
(648.66 0 -114.719)
(647.751 0 -114.581)
(646.821 0 -114.373)
(645.962 0 -114.26)
(644.727 0 -113.824)
(649.015 0 -121.249)
(825.886 0 -2.6572)
(801.089 0 -90.7058)
(775.594 0 -142.865)
(771.519 0 -147.788)
(769.851 0 -149.718)
(770.472 0 -147.779)
(771.462 0 -145.548)
(771.992 0 -143.868)
(772.038 0 -142.327)
(771.676 0 -140.436)
(771.176 0 -139.483)
(770.714 0 -139.528)
(770.407 0 -139.479)
(770.048 0 -138.992)
(769.315 0 -138.591)
(768.295 0 -138.524)
(767.067 0 -138.981)
(765.878 0 -139.074)
(764.688 0 -138.91)
(763.372 0 -138.544)
(761.791 0 -138.12)
(759.873 0 -137.784)
(757.625 0 -137.584)
(755.129 0 -137.405)
(752.481 0 -137.068)
(749.79 0 -136.409)
(747.172 0 -135.463)
(744.657 0 -134.464)
(742.19 0 -133.661)
(739.683 0 -133.082)
(737.017 0 -132.663)
(734.148 0 -132.163)
(731.075 0 -131.711)
(727.966 0 -131.165)
(724.986 0 -130.55)
(722.236 0 -129.944)
(719.754 0 -129.276)
(717.499 0 -128.54)
(715.382 0 -127.823)
(713.316 0 -127.176)
(711.239 0 -126.644)
(709.123 0 -126.231)
(706.971 0 -125.919)
(704.808 0 -125.632)
(702.68 0 -125.311)
(700.629 0 -124.975)
(698.679 0 -124.627)
(696.845 0 -124.255)
(695.135 0 -123.877)
(693.527 0 -123.513)
(691.978 0 -123.155)
(690.445 0 -122.788)
(688.902 0 -122.409)
(687.362 0 -122.037)
(685.852 0 -121.693)
(684.396 0 -121.392)
(682.999 0 -121.125)
(681.657 0 -120.869)
(680.369 0 -120.604)
(679.127 0 -120.326)
(677.91 0 -120.034)
(676.681 0 -119.737)
(675.421 0 -119.437)
(674.141 0 -119.156)
(672.881 0 -118.907)
(671.675 0 -118.704)
(670.536 0 -118.538)
(669.45 0 -118.402)
(668.395 0 -118.281)
(667.343 0 -118.165)
(666.278 0 -118.044)
(665.188 0 -117.904)
(664.07 0 -117.74)
(662.922 0 -117.558)
(661.759 0 -117.344)
(660.595 0 -117.134)
(659.43 0 -116.948)
(658.31 0 -116.742)
(657.244 0 -116.558)
(656.267 0 -116.391)
(655.391 0 -116.231)
(654.605 0 -116.08)
(653.87 0 -115.931)
(653.138 0 -115.791)
(652.379 0 -115.639)
(651.567 0 -115.48)
(650.694 0 -115.302)
(649.756 0 -115.121)
(648.761 0 -114.921)
(647.727 0 -114.725)
(646.686 0 -114.514)
(645.66 0 -114.306)
(644.658 0 -114.097)
(643.68 0 -113.91)
(642.735 0 -113.704)
(641.801 0 -113.527)
(640.87 0 -113.34)
(639.928 0 -113.168)
(638.969 0 -112.975)
(638.011 0 -112.79)
(637.057 0 -112.598)
(636.112 0 -112.441)
(635.175 0 -112.279)
(634.25 0 -112.126)
(633.311 0 -111.953)
(632.377 0 -111.807)
(631.413 0 -111.605)
(630.529 0 -111.474)
(629.334 0 -111.084)
(635.372 0 -118.314)
(823.203 0 -15.8067)
(783.633 0 -117.287)
(771.922 0 -141.88)
(770.985 0 -146.935)
(769.586 0 -147.29)
(769.632 0 -143.577)
(770.408 0 -140.956)
(770.484 0 -140.272)
(770.157 0 -140.378)
(769.368 0 -139.123)
(768.369 0 -138.361)
(767.396 0 -138.629)
(766.549 0 -139.021)
(765.623 0 -138.874)
(764.263 0 -138.454)
(762.447 0 -138.215)
(760.366 0 -137.835)
(758.108 0 -137.447)
(755.763 0 -136.894)
(753.245 0 -136.304)
(750.422 0 -135.898)
(747.292 0 -135.552)
(743.916 0 -135.187)
(740.411 0 -134.542)
(736.877 0 -133.627)
(733.402 0 -132.556)
(730.078 0 -131.521)
(726.949 0 -130.648)
(724.001 0 -129.894)
(721.128 0 -129.218)
(718.19 0 -128.569)
(715.093 0 -128.035)
(711.914 0 -127.466)
(708.771 0 -126.997)
(705.842 0 -126.507)
(703.21 0 -125.942)
(700.856 0 -125.309)
(698.706 0 -124.651)
(696.672 0 -124.021)
(694.682 0 -123.46)
(692.695 0 -122.974)
(690.688 0 -122.578)
(688.659 0 -122.254)
(686.618 0 -121.984)
(684.605 0 -121.708)
(682.667 0 -121.416)
(680.826 0 -121.118)
(679.099 0 -120.802)
(677.496 0 -120.471)
(675.997 0 -120.138)
(674.554 0 -119.804)
(673.113 0 -119.459)
(671.644 0 -119.108)
(670.158 0 -118.766)
(668.688 0 -118.449)
(667.262 0 -118.169)
(665.896 0 -117.919)
(664.592 0 -117.679)
(663.354 0 -117.431)
(662.171 0 -117.175)
(661.018 0 -116.909)
(659.85 0 -116.639)
(658.644 0 -116.363)
(657.41 0 -116.1)
(656.189 0 -115.864)
(655.017 0 -115.666)
(653.909 0 -115.501)
(652.854 0 -115.363)
(651.827 0 -115.237)
(650.802 0 -115.116)
(649.761 0 -114.991)
(648.695 0 -114.849)
(647.599 0 -114.686)
(646.469 0 -114.507)
(645.324 0 -114.299)
(644.174 0 -114.096)
(643.014 0 -113.935)
(641.914 0 -113.727)
(640.868 0 -113.549)
(639.915 0 -113.384)
(639.061 0 -113.234)
(638.295 0 -113.09)
(637.572 0 -112.943)
(636.83 0 -112.803)
(636.041 0 -112.647)
(635.184 0 -112.483)
(634.257 0 -112.299)
(633.262 0 -112.109)
(632.21 0 -111.903)
(631.122 0 -111.701)
(630.032 0 -111.487)
(628.963 0 -111.274)
(627.92 0 -111.064)
(626.905 0 -110.876)
(625.924 0 -110.671)
(624.956 0 -110.49)
(623.991 0 -110.304)
(623.021 0 -110.126)
(622.033 0 -109.933)
(621.055 0 -109.742)
(620.079 0 -109.556)
(619.117 0 -109.394)
(618.157 0 -109.229)
(617.208 0 -109.07)
(616.235 0 -108.897)
(615.269 0 -108.739)
(614.263 0 -108.539)
(613.347 0 -108.391)
(612.21 0 -108.023)
(620.59 0 -115.118)
(819.88 0 -38.4554)
(775.494 0 -130.964)
(769.34 0 -144.78)
(769.199 0 -146.372)
(768.269 0 -143.664)
(767.612 0 -139.558)
(767.429 0 -138.819)
(766.784 0 -140.786)
(765.99 0 -141.809)
(764.716 0 -140.708)
(763.007 0 -139.356)
(761.266 0 -138.681)
(759.551 0 -138.077)
(757.609 0 -137.083)
(755.015 0 -136.045)
(751.772 0 -135.308)
(748.04 0 -135.055)
(744.145 0 -134.517)
(740.245 0 -133.619)
(736.34 0 -132.568)
(732.355 0 -131.531)
(728.24 0 -130.67)
(724.054 0 -129.924)
(719.875 0 -129.254)
(715.813 0 -128.568)
(711.986 0 -127.754)
(708.483 0 -126.799)
(705.309 0 -125.849)
(702.374 0 -125.068)
(699.531 0 -124.467)
(696.621 0 -123.988)
(693.597 0 -123.489)
(690.517 0 -123.015)
(687.536 0 -122.562)
(684.807 0 -122.08)
(682.372 0 -121.592)
(680.192 0 -121.083)
(678.184 0 -120.548)
(676.262 0 -120.018)
(674.37 0 -119.522)
(672.478 0 -119.085)
(670.572 0 -118.726)
(668.646 0 -118.439)
(666.712 0 -118.186)
(664.806 0 -117.922)
(662.971 0 -117.647)
(661.229 0 -117.365)
(659.598 0 -117.067)
(658.09 0 -116.761)
(656.682 0 -116.46)
(655.32 0 -116.164)
(653.946 0 -115.862)
(652.526 0 -115.548)
(651.072 0 -115.235)
(649.622 0 -114.94)
(648.213 0 -114.673)
(646.87 0 -114.43)
(645.6 0 -114.2)
(644.409 0 -113.968)
(643.281 0 -113.734)
(642.183 0 -113.493)
(641.065 0 -113.245)
(639.896 0 -112.99)
(638.684 0 -112.742)
(637.477 0 -112.515)
(636.314 0 -112.321)
(635.215 0 -112.155)
(634.17 0 -112.012)
(633.158 0 -111.88)
(632.148 0 -111.753)
(631.124 0 -111.621)
(630.076 0 -111.476)
(628.999 0 -111.312)
(627.883 0 -111.134)
(626.75 0 -110.932)
(625.605 0 -110.731)
(624.443 0 -110.582)
(623.346 0 -110.394)
(622.312 0 -110.208)
(621.364 0 -110.043)
(620.515 0 -109.888)
(619.748 0 -109.753)
(619.007 0 -109.607)
(618.222 0 -109.457)
(617.371 0 -109.29)
(616.444 0 -109.118)
(615.447 0 -108.924)
(614.382 0 -108.722)
(613.262 0 -108.507)
(612.113 0 -108.294)
(610.966 0 -108.077)
(609.849 0 -107.858)
(608.76 0 -107.645)
(607.702 0 -107.455)
(606.68 0 -107.249)
(605.674 0 -107.061)
(604.67 0 -106.874)
(603.662 0 -106.693)
(602.641 0 -106.496)
(601.636 0 -106.299)
(600.632 0 -106.116)
(599.645 0 -105.947)
(598.653 0 -105.777)
(597.672 0 -105.608)
(596.655 0 -105.432)
(595.651 0 -105.264)
(594.595 0 -105.066)
(593.645 0 -104.903)
(592.54 0 -104.524)
(604.279 0 -111.573)
(807.231 0 -78.826)
(769.502 0 -140.531)
(765.638 0 -147.561)
(766.125 0 -142.825)
(764.678 0 -139.761)
(762.751 0 -140.796)
(761.829 0 -140.839)
(760.782 0 -139.481)
(759.027 0 -138.927)
(756.5 0 -137.125)
(753.192 0 -135.21)
(749.701 0 -134.318)
(746.058 0 -133.867)
(742.075 0 -133.209)
(737.413 0 -132.355)
(732.23 0 -131.525)
(726.844 0 -130.608)
(721.49 0 -129.677)
(716.361 0 -128.682)
(711.515 0 -127.657)
(706.865 0 -126.722)
(702.35 0 -125.851)
(697.967 0 -125.061)
(693.785 0 -124.256)
(689.857 0 -123.405)
(686.231 0 -122.516)
(682.945 0 -121.66)
(679.991 0 -120.923)
(677.284 0 -120.307)
(674.662 0 -119.777)
(671.951 0 -119.272)
(669.086 0 -118.807)
(666.17 0 -118.331)
(663.364 0 -117.918)
(660.821 0 -117.521)
(658.577 0 -117.109)
(656.572 0 -116.665)
(654.708 0 -116.195)
(652.897 0 -115.723)
(651.093 0 -115.275)
(649.283 0 -114.87)
(647.46 0 -114.524)
(645.618 0 -114.232)
(643.765 0 -113.975)
(641.938 0 -113.718)
(640.177 0 -113.455)
(638.507 0 -113.188)
(636.949 0 -112.912)
(635.514 0 -112.632)
(634.177 0 -112.355)
(632.88 0 -112.08)
(631.557 0 -111.797)
(630.169 0 -111.502)
(628.728 0 -111.204)
(627.28 0 -110.92)
(625.872 0 -110.659)
(624.541 0 -110.422)
(623.299 0 -110.2)
(622.151 0 -109.981)
(621.074 0 -109.763)
(620.024 0 -109.541)
(618.942 0 -109.311)
(617.79 0 -109.07)
(616.576 0 -108.829)
(615.352 0 -108.604)
(614.169 0 -108.406)
(613.051 0 -108.233)
(611.994 0 -108.08)
(610.976 0 -107.939)
(609.968 0 -107.802)
(608.949 0 -107.662)
(607.911 0 -107.511)
(606.845 0 -107.346)
(605.738 0 -107.167)
(604.611 0 -106.967)
(603.457 0 -106.775)
(602.292 0 -106.612)
(601.177 0 -106.442)
(600.131 0 -106.244)
(599.142 0 -106.098)
(598.26 0 -105.934)
(597.465 0 -105.785)
(596.654 0 -105.638)
(595.783 0 -105.472)
(594.847 0 -105.289)
(593.837 0 -105.104)
(592.765 0 -104.899)
(591.625 0 -104.686)
(590.44 0 -104.461)
(589.23 0 -104.237)
(588.027 0 -104.014)
(586.862 0 -103.793)
(585.729 0 -103.58)
(584.626 0 -103.384)
(583.563 0 -103.173)
(582.517 0 -102.982)
(581.472 0 -102.789)
(580.422 0 -102.608)
(579.361 0 -102.408)
(578.326 0 -102.205)
(577.29 0 -102.018)
(576.271 0 -101.845)
(575.238 0 -101.671)
(574.215 0 -101.49)
(573.15 0 -101.305)
(572.101 0 -101.133)
(570.994 0 -100.936)
(570.009 0 -100.759)
(568.914 0 -100.385)
(585.761 0 -107.638)
(796.971 0 -86.5256)
(762.124 0 -151.004)
(761.061 0 -142.956)
(760.144 0 -136.913)
(757.221 0 -137.418)
(755.01 0 -136.173)
(752.499 0 -133.639)
(748.554 0 -134.112)
(743.728 0 -134.138)
(738.069 0 -132.708)
(731.696 0 -131.307)
(725.602 0 -130.32)
(719.676 0 -129.268)
(713.676 0 -127.729)
(707.309 0 -125.922)
(700.864 0 -124.382)
(694.57 0 -123.256)
(688.687 0 -122.198)
(683.326 0 -121.099)
(678.475 0 -120.043)
(673.975 0 -119.109)
(669.683 0 -118.335)
(665.59 0 -117.675)
(661.731 0 -117.089)
(658.142 0 -116.528)
(654.85 0 -115.943)
(651.896 0 -115.323)
(649.264 0 -114.731)
(646.843 0 -114.234)
(644.454 0 -113.815)
(641.916 0 -113.426)
(639.196 0 -113.007)
(636.414 0 -112.587)
(633.757 0 -112.205)
(631.378 0 -111.834)
(629.296 0 -111.475)
(627.431 0 -111.112)
(625.673 0 -110.732)
(623.936 0 -110.341)
(622.188 0 -109.953)
(620.428 0 -109.592)
(618.654 0 -109.274)
(616.856 0 -108.999)
(615.045 0 -108.75)
(613.258 0 -108.5)
(611.534 0 -108.247)
(609.9 0 -107.992)
(608.381 0 -107.734)
(606.99 0 -107.478)
(605.698 0 -107.231)
(604.437 0 -106.987)
(603.133 0 -106.734)
(601.745 0 -106.464)
(600.286 0 -106.186)
(598.81 0 -105.915)
(597.376 0 -105.664)
(596.035 0 -105.435)
(594.804 0 -105.226)
(593.682 0 -105.026)
(592.635 0 -104.83)
(591.609 0 -104.632)
(590.534 0 -104.42)
(589.366 0 -104.192)
(588.112 0 -103.957)
(586.833 0 -103.731)
(585.587 0 -103.526)
(584.412 0 -103.344)
(583.306 0 -103.182)
(582.251 0 -103.031)
(581.217 0 -102.886)
(580.18 0 -102.739)
(579.135 0 -102.585)
(578.063 0 -102.418)
(576.951 0 -102.238)
(575.814 0 -102.039)
(574.645 0 -101.851)
(573.447 0 -101.668)
(572.288 0 -101.48)
(571.158 0 -101.292)
(570.069 0 -101.135)
(569.066 0 -100.985)
(568.179 0 -100.803)
(567.243 0 -100.628)
(566.258 0 -100.444)
(565.234 0 -100.251)
(564.164 0 -100.047)
(563.032 0 -99.8367)
(561.835 0 -99.622)
(560.605 0 -99.3876)
(559.352 0 -99.1594)
(558.111 0 -98.9287)
(556.915 0 -98.7042)
(555.752 0 -98.4937)
(554.616 0 -98.2893)
(553.522 0 -98.0792)
(552.447 0 -97.8847)
(551.367 0 -97.689)
(550.289 0 -97.4955)
(549.194 0 -97.2921)
(548.128 0 -97.0944)
(547.066 0 -96.8968)
(546.012 0 -96.7211)
(544.939 0 -96.5365)
(543.871 0 -96.3491)
(542.762 0 -96.1548)
(541.672 0 -95.9721)
(540.529 0 -95.7683)
(539.498 0 -95.5784)
(538.441 0 -95.2214)
(563.472 0 -102.666)
(784.797 0 -113.248)
(755.958 0 -145.775)
(750.209 0 -142.804)
(746.91 0 -137.308)
(741.865 0 -133.525)
(735.037 0 -132.457)
(726.135 0 -133.438)
(717.476 0 -132.074)
(707.872 0 -130.03)
(697.739 0 -127.206)
(687.96 0 -124.225)
(679.598 0 -122.161)
(672.088 0 -120.472)
(665.1 0 -118.644)
(658.484 0 -117.012)
(652.224 0 -115.873)
(646.391 0 -114.983)
(641.085 0 -114.151)
(636.348 0 -113.323)
(632.137 0 -112.541)
(628.247 0 -111.832)
(624.519 0 -111.178)
(620.978 0 -110.58)
(617.665 0 -110.016)
(614.591 0 -109.464)
(611.76 0 -108.9)
(609.2 0 -108.35)
(606.897 0 -107.859)
(604.743 0 -107.428)
(602.558 0 -107.025)
(600.176 0 -106.601)
(597.585 0 -106.164)
(594.938 0 -105.72)
(592.427 0 -105.326)
(590.196 0 -104.971)
(588.242 0 -104.639)
(586.465 0 -104.305)
(584.739 0 -103.95)
(582.994 0 -103.573)
(581.235 0 -103.195)
(579.481 0 -102.836)
(577.721 0 -102.507)
(575.941 0 -102.208)
(574.143 0 -101.933)
(572.361 0 -101.662)
(570.634 0 -101.39)
(568.996 0 -101.121)
(567.482 0 -100.857)
(566.101 0 -100.603)
(564.814 0 -100.358)
(563.542 0 -100.113)
(562.205 0 -99.856)
(560.763 0 -99.581)
(559.237 0 -99.2956)
(557.69 0 -99.0147)
(556.194 0 -98.7518)
(554.812 0 -98.5132)
(553.561 0 -98.2978)
(552.427 0 -98.0959)
(551.366 0 -97.8997)
(550.312 0 -97.6997)
(549.187 0 -97.4834)
(547.95 0 -97.2478)
(546.61 0 -97.0006)
(545.236 0 -96.7583)
(543.893 0 -96.5334)
(542.627 0 -96.3302)
(541.44 0 -96.1454)
(540.318 0 -95.9734)
(539.23 0 -95.8085)
(538.151 0 -95.6436)
(537.076 0 -95.4763)
(535.976 0 -95.2982)
(534.844 0 -95.1123)
(533.677 0 -94.9061)
(532.505 0 -94.72)
(531.184 0 -94.5548)
(529.908 0 -94.3185)
(528.61 0 -94.1451)
(527.348 0 -93.9077)
(526.131 0 -93.7333)
(525.034 0 -93.5548)
(523.965 0 -93.3334)
(522.914 0 -93.1198)
(521.875 0 -92.9317)
(520.813 0 -92.7209)
(519.693 0 -92.5137)
(518.516 0 -92.2959)
(517.306 0 -92.0739)
(516.073 0 -91.8493)
(514.85 0 -91.6254)
(513.684 0 -91.4016)
(512.549 0 -91.2001)
(511.423 0 -90.9971)
(510.346 0 -90.7922)
(509.293 0 -90.6023)
(508.219 0 -90.4133)
(507.155 0 -90.2142)
(506.061 0 -90.011)
(505.006 0 -89.8171)
(503.948 0 -89.6316)
(502.893 0 -89.4512)
(501.808 0 -89.2611)
(500.729 0 -89.0648)
(499.617 0 -88.8799)
(498.509 0 -88.6902)
(497.38 0 -88.4961)
(496.287 0 -88.2836)
(495.414 0 -87.9618)
(532.518 0 -97.5776)
(760.619 0 -135.622)
(740.988 0 -147.205)
(729.272 0 -137.464)
(718.757 0 -131.45)
(701.51 0 -126.993)
(680.766 0 -122.061)
(660.544 0 -114.719)
(643.997 0 -109.934)
(628.679 0 -106.771)
(614.596 0 -104.487)
(602.542 0 -102.885)
(593.509 0 -101.659)
(586.32 0 -100.662)
(580.451 0 -99.8964)
(576.156 0 -99.2436)
(572.203 0 -98.6804)
(568.413 0 -98.2416)
(564.817 0 -97.8455)
(561.519 0 -97.4556)
(558.528 0 -97.0805)
(555.666 0 -96.7198)
(552.825 0 -96.3737)
(550.146 0 -96.0669)
(547.654 0 -95.791)
(545.296 0 -95.5211)
(543.046 0 -95.2478)
(540.927 0 -94.9682)
(538.944 0 -94.6957)
(537.012 0 -94.443)
(534.972 0 -94.1846)
(532.725 0 -93.8966)
(530.327 0 -93.5634)
(527.925 0 -93.229)
(525.68 0 -92.93)
(523.684 0 -92.6623)
(521.878 0 -92.4155)
(520.126 0 -92.1681)
(518.306 0 -91.8955)
(516.415 0 -91.5966)
(514.559 0 -91.2977)
(512.779 0 -91.0162)
(511.047 0 -90.7516)
(509.332 0 -90.5037)
(507.611 0 -90.2634)
(505.889 0 -90.0223)
(504.198 0 -89.7788)
(502.591 0 -89.5397)
(501.109 0 -89.3139)
(499.752 0 -89.1053)
(498.461 0 -88.9062)
(497.147 0 -88.7011)
(495.74 0 -88.476)
(494.22 0 -88.2271)
(492.63 0 -87.9634)
(491.041 0 -87.7011)
(489.533 0 -87.4575)
(488.157 0 -87.2399)
(486.917 0 -87.0473)
(485.779 0 -86.8705)
(484.689 0 -86.6981)
(483.579 0 -86.5193)
(482.379 0 -86.3174)
(481.072 0 -86.0897)
(479.682 0 -85.8461)
(478.281 0 -85.6043)
(476.926 0 -85.3774)
(475.659 0 -85.1718)
(474.48 0 -84.985)
(473.372 0 -84.8114)
(472.309 0 -84.6456)
(471.262 0 -84.4816)
(470.223 0 -84.3166)
(469.155 0 -84.1415)
(468.076 0 -83.9597)
(466.932 0 -83.759)
(465.879 0 -83.5796)
(464.399 0 -83.3466)
(462.984 0 -83.0771)
(461.529 0 -82.8957)
(460.1 0 -82.595)
(458.724 0 -82.3353)
(457.438 0 -82.1619)
(456.381 0 -81.9314)
(455.432 0 -81.7613)
(454.566 0 -81.5869)
(453.654 0 -81.4336)
(452.711 0 -81.2516)
(451.711 0 -81.0439)
(450.696 0 -80.8656)
(449.614 0 -80.6706)
(448.553 0 -80.4732)
(447.549 0 -80.2843)
(446.588 0 -80.0991)
(445.585 0 -79.91)
(444.646 0 -79.7355)
(443.749 0 -79.5712)
(442.794 0 -79.3962)
(441.845 0 -79.2218)
(440.855 0 -79.03)
(439.938 0 -78.8607)
(438.98 0 -78.6837)
(438.029 0 -78.5074)
(437.029 0 -78.3287)
(436.062 0 -78.1516)
(435.082 0 -77.9688)
(434.029 0 -77.7876)
(433.027 0 -77.6044)
(431.874 0 -77.3782)
(431.442 0 -77.2007)
(483.461 0 -85.9971)
(731.198 0 -116.046)
(719.97 0 -125.679)
(697.379 0 -116.151)
(642.149 0 -108.95)
(567.946 0 -99.3354)
(506.555 0 -90.0776)
(464.688 0 -87.0291)
(439.519 0 -85.0687)
(422.399 0 -82.6936)
(409.628 0 -80.2248)
(401.268 0 -77.7501)
(396.932 0 -76.4535)
(395.103 0 -75.7437)
(395.344 0 -75.1426)
(398.69 0 -75.329)
(401.95 0 -75.7481)
(404.54 0 -76.1958)
(406.229 0 -76.4326)
(407.287 0 -76.5237)
(407.909 0 -76.5416)
(408.145 0 -76.4818)
(408.14 0 -76.3665)
(408.248 0 -76.2607)
(408.373 0 -76.1585)
(408.311 0 -76.0271)
(407.998 0 -75.8411)
(407.48 0 -75.6146)
(406.839 0 -75.3729)
(406.092 0 -75.1131)
(405.158 0 -74.8163)
(404.081 0 -74.488)
(402.973 0 -74.1767)
(401.927 0 -73.8887)
(401.004 0 -73.6407)
(400.172 0 -73.4229)
(399.281 0 -73.1965)
(398.182 0 -72.9265)
(396.822 0 -72.5958)
(395.352 0 -72.2307)
(394.031 0 -71.894)
(392.919 0 -71.6016)
(391.949 0 -71.3431)
(391.052 0 -71.1152)
(390.139 0 -70.9019)
(389.167 0 -70.6862)
(388.149 0 -70.4618)
(387.163 0 -70.2424)
(386.268 0 -70.039)
(385.445 0 -69.8468)
(384.62 0 -69.6502)
(383.709 0 -69.4355)
(382.681 0 -69.2005)
(381.569 0 -68.9537)
(380.438 0 -68.709)
(379.359 0 -68.4809)
(378.392 0 -68.2776)
(377.547 0 -68.0988)
(376.789 0 -67.939)
(376.064 0 -67.7815)
(375.321 0 -67.6191)
(374.507 0 -67.442)
(373.584 0 -67.2427)
(372.583 0 -67.0347)
(371.558 0 -66.8284)
(370.579 0 -66.6367)
(369.685 0 -66.4647)
(368.898 0 -66.3145)
(368.2 0 -66.1808)
(367.566 0 -66.0597)
(366.966 0 -65.9451)
(366.364 0 -65.8305)
(365.747 0 -65.7147)
(365.066 0 -65.5846)
(364.386 0 -65.4614)
(363.561 0 -65.298)
(363.006 0 -65.2275)
(361.508 0 -64.9911)
(360.221 0 -64.7518)
(358.839 0 -64.5277)
(357.546 0 -64.2865)
(356.281 0 -64.0602)
(355.189 0 -63.871)
(354.483 0 -63.74)
(353.909 0 -63.6205)
(353.451 0 -63.5255)
(352.936 0 -63.429)
(352.41 0 -63.3251)
(351.807 0 -63.1998)
(351.23 0 -63.0969)
(350.53 0 -62.9726)
(349.841 0 -62.8392)
(349.22 0 -62.7171)
(348.64 0 -62.6183)
(347.926 0 -62.4858)
(347.339 0 -62.3697)
(346.793 0 -62.2722)
(346.124 0 -62.1543)
(345.491 0 -62.0355)
(344.754 0 -61.8942)
(344.14 0 -61.7784)
(343.454 0 -61.6612)
(342.76 0 -61.5374)
(342.026 0 -61.4035)
(341.332 0 -61.2686)
(340.697 0 -61.1708)
(339.824 0 -61.0103)
(339.168 0 -60.9087)
(337.987 0 -60.6532)
(338.465 0 -60.606)
(396.309 0 -75.167)
(151.833 0 0.277933)
(150.561 0 0.316285)
(143.032 0 0.517196)
(104.914 0 1.18198)
(36.3363 0 -1.22572)
(1.28161 0 -0.063948)
(-30.8612 0 0.569319)
(-50.6502 0 0.0053315)
(-49.9494 0 -0.60925)
(-67.5505 0 -0.908175)
(-91.8559 0 -1.05223)
(-96.3139 0 -0.819216)
(-76.9982 0 -1.43049)
(-42.5397 0 -2.4017)
(-0.343842 0 -2.18488)
(25.3699 0 -1.20022)
(60.6688 0 -1.62655)
(99.4372 0 -1.64831)
(138.937 0 -1.86897)
(176.41 0 -1.19253)
(208.596 0 -0.611217)
(234.411 0 -1.37545)
(261.138 0 -1.24754)
(282.569 0 -0.786093)
(295.19 0 -0.606438)
(310.52 0 -0.571757)
(330.041 0 -0.196874)
(340.954 0 0.0640366)
(347.412 0 0.160727)
(354.738 0 0.287912)
(362.082 0 0.433199)
(367.428 0 0.545242)
(371.255 0 0.622399)
(374.67 0 0.703592)
(378.291 0 0.776666)
(380.076 0 0.808988)
(380.595 0 0.816463)
(380.725 0 0.81867)
(381.509 0 0.837861)
(382.933 0 0.883229)
(383.636 0 0.91632)
(383.513 0 0.92603)
(382.962 0 0.924385)
(382.674 0 0.930083)
(382.581 0 0.948348)
(382.251 0 0.950052)
(381.691 0 0.941904)
(380.986 0 0.928335)
(380.372 0 0.918219)
(379.909 0 0.912507)
(379.728 0 0.937968)
(379.49 0 0.945258)
(379.082 0 0.963923)
(378.275 0 0.960644)
(377.438 0 0.95064)
(376.585 0 0.93889)
(376.363 0 0.934745)
(376.345 0 0.935229)
(376.477 0 0.938967)
(376.591 0 0.942532)
(376.208 0 0.935644)
(375.332 0 0.921691)
(374.665 0 0.910699)
(374.351 0 0.905495)
(374.569 0 0.910372)
(375.596 0 0.928509)
(377.331 0 0.969378)
(379.157 0 1.03044)
(380.097 0 1.09116)
(379.729 0 1.11966)
(378.64 0 1.11689)
(377.677 0 1.10079)
(377.507 0 1.08852)
(378.356 0 1.09691)
(379.642 0 1.12097)
(380.808 0 1.15701)
(380.827 0 1.19009)
(379.412 0 1.20202)
(376.626 0 1.18121)
(373.012 0 1.1754)
(308.291 0 0.711497)
(307.114 0 0.839319)
(299.996 0 1.54635)
(256.849 0 4.47787)
(128.379 0 5.90265)
(18.8565 0 2.45809)
(-28.3318 0 2.10616)
(-51.2934 0 0.891232)
(-51.7179 0 -0.21888)
(-71.7836 0 2.03691)
(-96.0372 0 1.46785)
(-99.0789 0 -0.620312)
(-76.9294 0 -1.84987)
(-39.2315 0 -3.54349)
(6.67996 0 -3.58331)
(50.5673 0 -2.74893)
(89.986 0 -3.41622)
(130.016 0 -3.52132)
(170.997 0 -2.94481)
(210.248 0 -3.6133)
(244.699 0 -3.18058)
(273.132 0 -2.31712)
(301.968 0 -1.53741)
(325.884 0 -1.07382)
(341.154 0 -0.961081)
(357.731 0 -0.849146)
(378.838 0 -0.354042)
(391.913 0 -0.14926)
(400.508 0 -0.0566045)
(409.388 0 0.109333)
(418.116 0 0.309199)
(424.964 0 0.434962)
(430.382 0 0.532698)
(435.16 0 0.675214)
(440.174 0 0.771928)
(443.391 0 0.790245)
(445.293 0 0.784323)
(446.629 0 0.799874)
(448.356 0 0.846741)
(450.649 0 0.931874)
(452.294 0 0.982023)
(453.136 0 0.996531)
(453.439 0 0.998287)
(453.777 0 1.02338)
(454.305 0 1.05684)
(454.558 0 1.05464)
(454.667 0 1.03736)
(454.719 0 1.01948)
(454.829 0 1.02403)
(455.01 0 1.02084)
(455.164 0 1.07959)
(455.24 0 1.09229)
(455.039 0 1.12249)
(454.414 0 1.11006)
(453.78 0 1.10088)
(453.044 0 1.08954)
(453.167 0 1.07715)
(453.336 0 1.08585)
(453.671 0 1.09154)
(454.038 0 1.09394)
(453.992 0 1.07306)
(453.378 0 1.05544)
(452.837 0 1.04854)
(452.519 0 1.05106)
(452.657 0 1.06749)
(453.558 0 1.1052)
(455.244 0 1.1756)
(457.246 0 1.27087)
(458.671 0 1.35873)
(459.035 0 1.39228)
(458.701 0 1.38253)
(458.401 0 1.35829)
(458.795 0 1.34623)
(460.266 0 1.37112)
(462.461 0 1.42425)
(464.909 0 1.49755)
(466.473 0 1.56664)
(466.665 0 1.59682)
(464.968 0 1.57006)
(462.076 0 1.53415)
(416.911 0 1.04215)
(416.023 0 1.2327)
(410.805 0 2.36573)
(376.459 0 8.576)
(234.512 0 14.3699)
(65.1298 0 7.50609)
(-13.1574 0 4.4158)
(-44.6493 0 1.9665)
(-49.0617 0 0.127282)
(-71.476 0 4.35806)
(-95.3718 0 2.93265)
(-96.2205 0 -0.702661)
(-69.8187 0 -2.87419)
(-28.0846 0 -5.58544)
(21.7444 0 -6.20375)
(71.8649 0 -5.70176)
(114.315 0 -6.01338)
(155.983 0 -6.26077)
(198.145 0 -6.4962)
(238.972 0 -5.98308)
(275.083 0 -4.60985)
(304.846 0 -5.06083)
(334.414 0 -4.25568)
(359.265 0 -3.43742)
(375.894 0 -3.21943)
(392.683 0 -3.02332)
(413.96 0 -2.16042)
(427.862 0 -1.77644)
(437.533 0 -1.61611)
(447.125 0 -1.24298)
(456.429 0 -0.8627)
(463.97 0 -0.643698)
(470.21 0 -0.470329)
(475.707 0 -0.197494)
(481.437 0 -0.0177345)
(485.485 0 0.00517159)
(488.271 0 -0.00996167)
(490.441 0 0.0241488)
(492.819 0 0.129487)
(495.684 0 0.293005)
(497.99 0 0.389073)
(499.559 0 0.424266)
(500.553 0 0.444238)
(501.412 0 0.505294)
(502.438 0 0.585939)
(503.156 0 0.579995)
(503.766 0 0.538196)
(504.361 0 0.495759)
(505.012 0 0.503069)
(505.714 0 0.533842)
(506.2 0 0.647481)
(506.573 0 0.689377)
(506.613 0 0.76932)
(506.207 0 0.750159)
(505.757 0 0.742651)
(505.163 0 0.707473)
(505.584 0 0.683814)
(505.852 0 0.710028)
(506.327 0 0.71732)
(506.868 0 0.717007)
(507.097 0 0.675165)
(506.745 0 0.650801)
(506.382 0 0.6484)
(506.155 0 0.666533)
(506.271 0 0.705557)
(507.045 0 0.783908)
(508.581 0 0.915667)
(510.549 0 1.0895)
(512.177 0 1.24758)
(512.979 0 1.30321)
(513.165 0 1.28325)
(513.322 0 1.23057)
(514.043 0 1.19074)
(515.778 0 1.20848)
(518.36 0 1.26429)
(521.42 0 1.36164)
(523.862 0 1.47083)
(525.119 0 1.53102)
(524.353 0 1.50679)
(522.26 0 1.50432)
(491.246 0 0.648928)
(490.601 0 0.860365)
(487.263 0 2.08977)
(464.72 0 9.2692)
(340.783 0 26.3051)
(140.04 0 17.9895)
(20.7656 0 7.78658)
(-27.378 0 3.32392)
(-39.5519 0 0.724331)
(-65.7254 0 6.32915)
(-88.1926 0 3.82235)
(-86.591 0 -1.00966)
(-56.5938 0 -4.47774)
(-11.5356 0 -8.30343)
(41.0809 0 -9.62817)
(92.9272 0 -9.08702)
(137.437 0 -9.4459)
(180.65 0 -9.61994)
(224.08 0 -8.68653)
(265.72 0 -9.25802)
(302.495 0 -7.99639)
(332.524 0 -7.89596)
(361.804 0 -6.50058)
(386.521 0 -5.51539)
(403.594 0 -5.27768)
(419.93 0 -4.77362)
(440.445 0 -3.57107)
(454.249 0 -3.17046)
(464.178 0 -2.98491)
(473.83 0 -2.3917)
(483.115 0 -1.83943)
(490.747 0 -1.55886)
(497.209 0 -1.32382)
(502.916 0 -0.90922)
(508.837 0 -0.651566)
(513.213 0 -0.642051)
(516.425 0 -0.675222)
(519.048 0 -0.613641)
(521.782 0 -0.433783)
(524.946 0 -0.189013)
(527.606 0 -0.0648254)
(529.598 0 -0.0224413)
(531.032 0 0.0130979)
(532.243 0 0.11819)
(533.597 0 0.242768)
(534.625 0 0.229654)
(535.537 0 0.161429)
(536.44 0 0.0945458)
(537.41 0 0.109696)
(538.445 0 0.18183)
(539.254 0 0.334025)
(539.861 0 0.413485)
(540.135 0 0.531221)
(539.926 0 0.505474)
(539.632 0 0.485154)
(539.159 0 0.442522)
(539.805 0 0.418659)
(540.127 0 0.459964)
(540.693 0 0.474267)
(541.339 0 0.468067)
(541.773 0 0.394935)
(541.63 0 0.362842)
(541.448 0 0.368619)
(541.358 0 0.410939)
(541.508 0 0.483356)
(542.206 0 0.61947)
(543.606 0 0.823903)
(545.475 0 1.07238)
(547.154 0 1.2803)
(548.174 0 1.33866)
(548.674 0 1.30464)
(549.113 0 1.23585)
(550 0 1.1936)
(551.793 0 1.23279)
(554.443 0 1.31317)
(557.68 0 1.44716)
(560.513 0 1.59202)
(562.399 0 1.67316)
(562.361 0 1.64627)
(561.155 0 1.67532)
(541.576 0 0.361527)
(541.049 0 0.571649)
(538.944 0 1.80005)
(525.575 0 9.363)
(434.362 0 32.6236)
(234.756 0 30.2787)
(75.6235 0 14.6164)
(1.21279 0 5.898)
(-22.9642 0 1.73988)
(-54.2344 0 8.60447)
(-75.4082 0 4.62413)
(-72.038 0 -1.48869)
(-39.5374 0 -6.7127)
(8.25586 0 -11.7523)
(63.1109 0 -13.617)
(116 0 -13.29)
(162.347 0 -12.921)
(207.073 0 -13.0088)
(251.29 0 -12.913)
(293.09 0 -13.2434)
(329.706 0 -11.2942)
(359.385 0 -11.3174)
(387.832 0 -9.38957)
(411.803 0 -8.07931)
(428.756 0 -7.7569)
(444.267 0 -6.81431)
(463.512 0 -5.1459)
(476.685 0 -4.6982)
(486.368 0 -4.47415)
(495.645 0 -3.57897)
(504.533 0 -2.81414)
(511.89 0 -2.45827)
(518.205 0 -2.14881)
(523.791 0 -1.5696)
(529.561 0 -1.21619)
(533.927 0 -1.22452)
(537.238 0 -1.28343)
(540.014 0 -1.19834)
(542.854 0 -0.931618)
(546.09 0 -0.597419)
(548.851 0 -0.444694)
(551.008 0 -0.397748)
(552.648 0 -0.345314)
(554.036 0 -0.191239)
(555.543 0 -0.0147589)
(556.723 0 -0.0389425)
(557.779 0 -0.137614)
(558.82 0 -0.233497)
(559.934 0 -0.213991)
(561.116 0 -0.0848538)
(562.207 0 0.0977007)
(562.935 0 0.228934)
(563.387 0 0.388533)
(563.314 0 0.361609)
(563.142 0 0.319742)
(562.75 0 0.268482)
(563.536 0 0.244944)
(563.888 0 0.307562)
(564.503 0 0.328098)
(565.195 0 0.31155)
(565.78 0 0.203024)
(565.771 0 0.161204)
(565.731 0 0.170641)
(565.752 0 0.241009)
(565.96 0 0.353266)
(566.641 0 0.564063)
(567.955 0 0.857457)
(569.731 0 1.1961)
(571.391 0 1.46335)
(572.494 0 1.52523)
(573.159 0 1.47353)
(573.763 0 1.38557)
(574.736 0 1.3391)
(576.513 0 1.40205)
(579.105 0 1.50672)
(582.32 0 1.68063)
(585.27 0 1.86539)
(587.468 0 1.96225)
(587.922 0 1.93266)
(587.501 0 2.00757)
(577.43 0 0.152072)
(576.932 0 0.34774)
(575.458 0 1.44117)
(567.643 0 8.50017)
(505.606 0 35.5824)
(335.329 0 46.4554)
(152.308 0 24.579)
(43.0728 0 9.47242)
(0.777607 0 3.76021)
(-37.5144 0 11.1041)
(-58.4009 0 5.30925)
(-53.7943 0 -2.26197)
(-19.11 0 -9.52634)
(31.4498 0 -15.7681)
(88.6641 0 -18.6363)
(143.189 0 -17.377)
(191.248 0 -17.2235)
(237.223 0 -17.76)
(281.729 0 -17.2631)
(323.185 0 -17.6651)
(359.02 0 -15.1507)
(387.879 0 -14.8808)
(415.015 0 -12.251)
(437.766 0 -10.6438)
(454.142 0 -10.2901)
(468.508 0 -8.75806)
(486.102 0 -6.58132)
(498.277 0 -6.16402)
(507.373 0 -5.927)
(515.948 0 -4.67747)
(524.16 0 -3.68747)
(530.996 0 -3.26952)
(536.927 0 -2.88841)
(542.171 0 -2.13098)
(547.559 0 -1.67468)
(551.693 0 -1.71047)
(554.893 0 -1.80333)
(557.625 0 -1.69317)
(560.396 0 -1.32362)
(563.541 0 -0.891621)
(566.243 0 -0.712658)
(568.408 0 -0.664291)
(570.107 0 -0.591872)
(571.552 0 -0.38061)
(573.088 0 -0.147578)
(574.31 0 -0.183425)
(575.409 0 -0.312808)
(576.495 0 -0.437326)
(577.649 0 -0.409386)
(578.872 0 -0.224697)
(580.155 0 0.00538506)
(580.926 0 0.18218)
(581.495 0 0.385821)
(581.501 0 0.353427)
(581.427 0 0.286181)
(581.088 0 0.232789)
(581.932 0 0.224218)
(582.307 0 0.298939)
(582.929 0 0.331863)
(583.63 0 0.300795)
(584.334 0 0.152186)
(584.4 0 0.1027)
(584.47 0 0.116522)
(584.56 0 0.221885)
(584.827 0 0.382907)
(585.513 0 0.678103)
(586.766 0 1.07053)
(588.448 0 1.50182)
(590.047 0 1.82146)
(591.159 0 1.87739)
(591.903 0 1.80265)
(592.602 0 1.6982)
(593.625 0 1.65717)
(595.365 0 1.75634)
(597.861 0 1.89423)
(600.976 0 2.1137)
(603.919 0 2.33858)
(606.248 0 2.44501)
(607.022 0 2.41367)
(607.214 0 2.53168)
(605.264 0 0.118996)
(604.753 0 0.298258)
(603.613 0 1.24062)
(598.516 0 7.46186)
(557.808 0 34.9952)
(425.98 0 56.6657)
(246.752 0 39.3506)
(101.948 0 18.2648)
(33.6087 0 6.79346)
(-15.4693 0 13.9196)
(-37.3748 0 5.84704)
(-31.5994 0 -3.29318)
(5.4553 0 -12.916)
(59.2735 0 -20.8762)
(119.822 0 -23.5428)
(176.459 0 -22.6852)
(226.191 0 -22.5089)
(273.223 0 -23.0052)
(317.514 0 -22.3329)
(358.123 0 -22.4113)
(392.36 0 -19.1134)
(419.891 0 -18.6305)
(445.127 0 -15.2615)
(466.101 0 -13.373)
(481.399 0 -13.0204)
(494.261 0 -10.7485)
(509.826 0 -7.98924)
(520.666 0 -7.65927)
(528.875 0 -7.43541)
(536.446 0 -5.76835)
(543.724 0 -4.53822)
(549.831 0 -4.07)
(555.189 0 -3.62037)
(559.908 0 -2.67501)
(564.723 0 -2.10679)
(568.448 0 -2.17864)
(571.383 0 -2.31636)
(573.927 0 -2.1848)
(576.495 0 -1.69837)
(579.417 0 -1.16037)
(581.936 0 -0.960104)
(583.992 0 -0.917428)
(585.646 0 -0.827685)
(587.056 0 -0.553273)
(588.521 0 -0.261184)
(589.701 0 -0.310293)
(590.768 0 -0.473897)
(591.83 0 -0.631274)
(592.955 0 -0.597834)
(594.17 0 -0.353006)
(595.52 0 -0.0686284)
(596.289 0 0.156865)
(596.915 0 0.406445)
(596.966 0 0.361775)
(596.955 0 0.26806)
(596.652 0 0.216636)
(597.478 0 0.221951)
(597.878 0 0.321779)
(598.467 0 0.364042)
(599.148 0 0.311943)
(599.933 0 0.124091)
(600.041 0 0.0560663)
(600.199 0 0.0786311)
(600.326 0 0.221196)
(600.642 0 0.44201)
(601.332 0 0.833072)
(602.526 0 1.34039)
(604.105 0 1.87638)
(605.609 0 2.25015)
(606.682 0 2.29522)
(607.448 0 2.1904)
(608.194 0 2.06669)
(609.245 0 2.03263)
(610.937 0 2.17408)
(613.326 0 2.34887)
(616.308 0 2.61742)
(619.186 0 2.88023)
(621.548 0 2.99473)
(622.531 0 2.95232)
(623.177 0 3.12181)
(628.431 0 0.122704)
(627.89 0 0.278691)
(626.983 0 1.06729)
(622.87 0 6.22192)
(599.125 0 32.3978)
(494.868 0 62.9506)
(346.92 0 56.5721)
(181.593 0 27.7079)
(79.3343 0 13.4107)
(13.6831 0 17.5911)
(-11.2815 0 6.31033)
(-4.29849 0 -4.81209)
(35.6189 0 -17.1711)
(94.1674 0 -26.147)
(159.732 0 -30.3047)
(219.014 0 -28.9247)
(270.295 0 -28.5174)
(318.065 0 -28.9613)
(361.455 0 -27.7064)
(400.5 0 -27.2886)
(431.994 0 -23.0601)
(457.402 0 -22.331)
(479.682 0 -18.1219)
(497.949 0 -16.033)
(511.566 0 -15.7749)
(522.534 0 -12.6328)
(535.645 0 -9.26788)
(544.8 0 -9.09967)
(551.815 0 -8.92671)
(558.083 0 -6.79352)
(564.177 0 -5.32289)
(569.36 0 -4.82334)
(573.973 0 -4.31386)
(577.997 0 -3.17413)
(582.058 0 -2.49259)
(585.215 0 -2.61257)
(587.748 0 -2.8101)
(589.985 0 -2.66375)
(592.233 0 -2.04769)
(594.814 0 -1.39795)
(597.035 0 -1.18239)
(598.878 0 -1.15216)
(600.393 0 -1.04643)
(601.69 0 -0.704779)
(602.995 0 -0.352219)
(604.055 0 -0.416454)
(605.021 0 -0.616333)
(606.003 0 -0.810081)
(607.037 0 -0.771411)
(608.222 0 -0.46713)
(609.492 0 -0.116392)
(610.232 0 0.160115)
(610.861 0 0.452066)
(610.922 0 0.388925)
(610.937 0 0.268445)
(610.656 0 0.225155)
(611.402 0 0.251867)
(611.806 0 0.376363)
(612.338 0 0.429971)
(612.975 0 0.352807)
(613.786 0 0.12177)
(613.916 0 0.03144)
(614.131 0 0.0654319)
(614.282 0 0.246722)
(614.632 0 0.540168)
(615.311 0 1.04095)
(616.437 0 1.68003)
(617.895 0 2.33211)
(619.276 0 2.76022)
(620.271 0 2.78718)
(621.016 0 2.64529)
(621.771 0 2.50052)
(622.824 0 2.47685)
(624.459 0 2.67052)
(626.732 0 2.88928)
(629.562 0 3.21385)
(632.338 0 3.5102)
(634.675 0 3.63055)
(635.786 0 3.56147)
(636.755 0 3.79068)
(648.538 0 0.152174)
(647.97 0 0.282179)
(647.254 0 0.929355)
(643.853 0 5.14631)
(633.013 0 28.2503)
(545.038 0 64.3076)
(436.541 0 70.9581)
(278.564 0 45.4814)
(143.19 0 21.3234)
(53.3133 0 22.376)
(22.5154 0 7.30767)
(30.3989 0 -6.53785)
(74.243 0 -22.1019)
(139.936 0 -33.6456)
(212.527 0 -38.1736)
(274.468 0 -36.0149)
(326.524 0 -35.1869)
(374.024 0 -35.3911)
(415.476 0 -33.3137)
(452.071 0 -32.0839)
(479.615 0 -26.6843)
(501.882 0 -25.7649)
(519.922 0 -20.5746)
(534.359 0 -18.3451)
(545.581 0 -18.3334)
(554.176 0 -14.2157)
(564.156 0 -10.2977)
(571.221 0 -10.4091)
(576.727 0 -10.3159)
(581.418 0 -7.66927)
(586.097 0 -5.9784)
(590.175 0 -5.47765)
(593.884 0 -4.92059)
(597.053 0 -3.59627)
(600.185 0 -2.80292)
(602.626 0 -2.99127)
(604.633 0 -3.26466)
(606.457 0 -3.10805)
(608.278 0 -2.35366)
(610.399 0 -1.59172)
(612.21 0 -1.36904)
(613.739 0 -1.36368)
(615.026 0 -1.25043)
(616.144 0 -0.831222)
(617.2 0 -0.431261)
(618.06 0 -0.505527)
(618.859 0 -0.745638)
(619.705 0 -0.979672)
(620.594 0 -0.940466)
(621.728 0 -0.560786)
(622.77 0 -0.156035)
(623.463 0 0.179276)
(624.039 0 0.499043)
(624.067 0 0.429726)
(624.069 0 0.272024)
(623.797 0 0.239299)
(624.414 0 0.295891)
(624.774 0 0.451667)
(625.239 0 0.514666)
(625.805 0 0.407155)
(626.573 0 0.129917)
(626.713 0 0.011036)
(626.948 0 0.0571866)
(627.117 0 0.280543)
(627.481 0 0.660494)
(628.13 0 1.28321)
(629.168 0 2.07178)
(630.484 0 2.85402)
(631.711 0 3.3372)
(632.595 0 3.33996)
(633.281 0 3.15479)
(634.009 0 2.9865)
(635.037 0 2.97532)
(636.597 0 3.23009)
(638.743 0 3.49905)
(641.405 0 3.88827)
(644.048 0 4.21559)
(646.314 0 4.34144)
(647.489 0 4.23068)
(648.673 0 4.52735)
(666.464 0 0.20251)
(665.916 0 0.289177)
(665.327 0 0.831332)
(662.751 0 4.08003)
(658.496 0 23.2896)
(586.355 0 63.8953)
(506.831 0 78.6772)
(381.579 0 62.1838)
(227.419 0 36.142)
(107.458 0 30.0485)
(68.2547 0 8.09909)
(76.1882 0 -9.07232)
(125.212 0 -29.1176)
(200.634 0 -42.9247)
(279.967 0 -47.5829)
(343.13 0 -43.8543)
(394.423 0 -42.3856)
(439.92 0 -42.2424)
(478.138 0 -38.963)
(511.366 0 -36.6773)
(534.032 0 -29.8753)
(552.383 0 -28.721)
(565.513 0 -22.336)
(575.459 0 -19.9802)
(583.714 0 -20.329)
(589.644 0 -15.0248)
(595.708 0 -10.6987)
(600.109 0 -11.3707)
(603.851 0 -11.4305)
(606.746 0 -8.32219)
(609.818 0 -6.45208)
(612.634 0 -5.95735)
(615.293 0 -5.37082)
(617.466 0 -3.85648)
(619.511 0 -2.98236)
(621.106 0 -3.25224)
(622.478 0 -3.62768)
(623.791 0 -3.47473)
(625.09 0 -2.57877)
(626.632 0 -1.71282)
(627.922 0 -1.49294)
(629.042 0 -1.51738)
(630.014 0 -1.39347)
(630.89 0 -0.925857)
(631.613 0 -0.456519)
(632.182 0 -0.557768)
(632.752 0 -0.845627)
(633.412 0 -1.12342)
(634.111 0 -1.08191)
(635.135 0 -0.653045)
(635.852 0 -0.162565)
(636.462 0 0.231662)
(636.925 0 0.565631)
(636.861 0 0.487032)
(636.821 0 0.28715)
(636.54 0 0.274205)
(636.986 0 0.35947)
(637.248 0 0.551993)
(637.631 0 0.628841)
(638.092 0 0.489459)
(638.749 0 0.154514)
(638.892 0 0.00363303)
(639.097 0 0.0639468)
(639.282 0 0.334072)
(639.637 0 0.818564)
(640.23 0 1.57662)
(641.155 0 2.53537)
(642.3 0 3.45945)
(643.341 0 3.99848)
(644.08 0 3.9703)
(644.673 0 3.73588)
(645.34 0 3.54068)
(646.312 0 3.54632)
(647.776 0 3.87306)
(649.778 0 4.20069)
(652.256 0 4.66411)
(654.733 0 5.01753)
(656.888 0 5.14263)
(658.07 0 4.97367)
(659.379 0 5.34346)
(682.762 0 0.278552)
(682.342 0 0.294803)
(681.756 0 0.784569)
(679.955 0 3.14917)
(675.448 0 16.3815)
(629.487 0 59.3347)
(558.85 0 81.6862)
(470.603 0 78.4031)
(327.979 0 53.9971)
(181.106 0 40.6314)
(130.161 0 9.77463)
(136.687 0 -12.3627)
(191.721 0 -38.0759)
(276.598 0 -54.6184)
(359.454 0 -58.5239)
(421.195 0 -52.4945)
(469.594 0 -50.0708)
(511.05 0 -49.2305)
(544.772 0 -44.3278)
(573.682 0 -40.5407)
(590.95 0 -32.1732)
(605.059 0 -30.9997)
(613.45 0 -23.4472)
(618.95 0 -21.2651)
(624.323 0 -22.2818)
(627.837 0 -15.7582)
(629.976 0 -10.6586)
(631.16 0 -11.8213)
(633.235 0 -11.9321)
(634.12 0 -8.38302)
(635.431 0 -6.5314)
(636.854 0 -6.13262)
(638.338 0 -5.50874)
(639.419 0 -3.92438)
(640.264 0 -2.94013)
(640.918 0 -3.36289)
(641.559 0 -3.84116)
(642.279 0 -3.67153)
(642.983 0 -2.6493)
(643.826 0 -1.69951)
(644.494 0 -1.49471)
(645.119 0 -1.58541)
(645.692 0 -1.48387)
(646.254 0 -0.901695)
(646.59 0 -0.472383)
(646.763 0 -0.539144)
(647.047 0 -0.897279)
(647.478 0 -1.21436)
(647.949 0 -1.15933)
(648.746 0 -0.647462)
(649.14 0 -0.158125)
(649.574 0 0.359714)
(649.859 0 0.649331)
(649.672 0 0.556327)
(649.544 0 0.320771)
(649.232 0 0.322824)
(649.455 0 0.478335)
(649.601 0 0.671922)
(649.847 0 0.776395)
(650.17 0 0.598097)
(650.661 0 0.19547)
(650.789 0 0.0247631)
(650.928 0 0.0821755)
(651.113 0 0.41377)
(651.426 0 1.01515)
(651.938 0 1.91455)
(652.72 0 3.06206)
(653.66 0 4.14176)
(654.479 0 4.73364)
(655.039 0 4.67062)
(655.505 0 4.38466)
(656.079 0 4.16214)
(656.964 0 4.18834)
(658.306 0 4.59569)
(660.14 0 4.99051)
(662.412 0 5.54129)
(664.69 0 5.92555)
(666.692 0 6.05146)
(667.832 0 5.8123)
(669.188 0 6.25414)
(697.856 0 0.382306)
(697.627 0 0.328326)
(696.937 0 0.761588)
(695.765 0 2.37853)
(690.896 0 12.2738)
(672.466 0 52.2424)
(598.567 0 80.0232)
(537.585 0 87.8364)
(429.104 0 73.2619)
(275.902 0 56.2743)
(210.271 0 11.7247)
(213.525 0 -16.5521)
(273.506 0 -49.4343)
(363.32 0 -68.7881)
(444.33 0 -70.8913)
(501.627 0 -61.6957)
(544.592 0 -58.1795)
(580.422 0 -56.6192)
(608.739 0 -50.1784)
(632.211 0 -45.4499)
(644.03 0 -35.067)
(654.095 0 -33.0207)
(658.693 0 -23.7878)
(660.399 0 -20.9379)
(663.933 0 -21.8296)
(665.462 0 -13.9221)
(664.805 0 -9.28802)
(663.028 0 -11.7315)
(664.208 0 -12.2298)
(663.081 0 -8.35002)
(662.671 0 -6.30906)
(662.574 0 -5.91021)
(662.814 0 -5.36772)
(662.82 0 -3.54652)
(662.446 0 -2.67558)
(662.101 0 -3.14842)
(661.937 0 -3.79951)
(662.009 0 -3.66844)
(662.082 0 -2.51999)
(662.131 0 -1.5338)
(662.101 0 -1.34277)
(662.165 0 -1.455)
(662.267 0 -1.3216)
(662.386 0 -0.815187)
(662.37 0 -0.27554)
(662.078 0 -0.424225)
(662.004 0 -0.843169)
(662.161 0 -1.20691)
(662.359 0 -1.17303)
(662.776 0 -0.62836)
(662.919 0 -0.0646932)
(663.058 0 0.536398)
(663.099 0 0.778819)
(662.8 0 0.67418)
(662.491 0 0.420483)
(662.141 0 0.444126)
(662.095 0 0.620334)
(662.089 0 0.879941)
(662.152 0 0.974467)
(662.296 0 0.76866)
(662.592 0 0.300041)
(662.661 0 0.0637434)
(662.733 0 0.147073)
(662.863 0 0.553609)
(663.102 0 1.29019)
(663.51 0 2.36558)
(664.114 0 3.70874)
(664.81 0 4.94874)
(665.368 0 5.59166)
(665.712 0 5.48836)
(666.021 0 5.14506)
(666.472 0 4.89129)
(667.238 0 4.94865)
(668.431 0 5.45026)
(670.067 0 5.92328)
(672.106 0 6.56935)
(674.149 0 6.97155)
(675.954 0 7.07973)
(677.009 0 6.75692)
(678.345 0 7.2714)
(712.102 0 0.517107)
(711.992 0 0.401831)
(711.231 0 0.769383)
(710.49 0 1.86369)
(706.751 0 8.40134)
(703.995 0 40.1434)
(632.355 0 80.7406)
(588.878 0 92.5871)
(513.426 0 87.6648)
(382.422 0 75.9601)
(304.989 0 14.9521)
(304.195 0 -21.2806)
(365.225 0 -63.0184)
(452.195 0 -84.7268)
(526.152 0 -84.3443)
(576.321 0 -72.4352)
(611.753 0 -66.7343)
(641.456 0 -63.1622)
(663.663 0 -54.1299)
(680.56 0 -47.2399)
(687.397 0 -36.1907)
(694.11 0 -35.1819)
(696.15 0 -25.5141)
(695.189 0 -23.9198)
(698.348 0 -25.9239)
(698.255 0 -16.5073)
(696.336 0 -9.46735)
(693.157 0 -10.5171)
(694.182 0 -10.4506)
(691.705 0 -6.55222)
(690.301 0 -5.56059)
(688.644 0 -5.08133)
(687.817 0 -4.35451)
(687.043 0 -2.96467)
(685.592 0 -2.03869)
(684.156 0 -2.70286)
(683.256 0 -3.34669)
(682.658 0 -3.09875)
(682.141 0 -1.99509)
(681.422 0 -1.06893)
(680.689 0 -0.946519)
(680.156 0 -1.1775)
(679.732 0 -1.14328)
(679.406 0 -0.587329)
(678.964 0 -0.0336709)
(678.223 0 -0.153088)
(677.706 0 -0.726535)
(677.57 0 -1.02621)
(677.43 0 -0.925269)
(677.415 0 -0.433762)
(677.284 0 0.28728)
(677.077 0 0.87793)
(676.82 0 0.983958)
(676.395 0 0.805902)
(675.907 0 0.538371)
(675.418 0 0.575155)
(675.102 0 0.839747)
(674.892 0 1.13794)
(674.743 0 1.20425)
(674.672 0 0.965781)
(674.76 0 0.447729)
(674.732 0 0.166095)
(674.706 0 0.26303)
(674.747 0 0.731498)
(674.88 0 1.59404)
(675.144 0 2.85749)
(675.538 0 4.40173)
(675.95 0 5.80608)
(676.205 0 6.49976)
(676.298 0 6.3578)
(676.422 0 5.97189)
(676.723 0 5.69271)
(677.343 0 5.78395)
(678.356 0 6.38499)
(679.763 0 6.94931)
(681.533 0 7.71909)
(683.3 0 8.16792)
(684.861 0 8.27411)
(685.794 0 7.8611)
(687.049 0 8.43222)
(725.771 0 0.695333)
(725.638 0 0.522488)
(724.995 0 0.828024)
(724.444 0 1.57048)
(722.15 0 5.61763)
(716.341 0 23.7331)
(676.78 0 72.0021)
(627.758 0 89.2276)
(575.338 0 96.884)
(479.358 0 93.671)
(404.068 0 18.5335)
(400.763 0 -26.7649)
(456.89 0 -77.8779)
(534.22 0 -101.295)
(597.809 0 -98.8677)
(639.393 0 -82.8472)
(666.448 0 -77.133)
(690.084 0 -73.4355)
(705.146 0 -63.9129)
(715.127 0 -56.3285)
(718.357 0 -40.9404)
(722.672 0 -36.8863)
(723.051 0 -25.3472)
(720.361 0 -20.9513)
(724.33 0 -20.6053)
(723.023 0 -12.2871)
(721.143 0 -8.02557)
(718.1 0 -12.3045)
(718.663 0 -11.7925)
(716.525 0 -7.69377)
(715.023 0 -4.43622)
(712.271 0 -4.07266)
(711.173 0 -3.78998)
(709.796 0 -1.78315)
(707.785 0 -0.799852)
(705.8 0 -1.8737)
(704.222 0 -2.71841)
(703.06 0 -2.45985)
(702.153 0 -1.30597)
(700.882 0 -0.322504)
(699.597 0 -0.240824)
(698.549 0 -0.456408)
(697.648 0 -0.373264)
(696.937 0 0.167465)
(696.068 0 0.614708)
(694.938 0 0.347441)
(694.04 0 -0.210738)
(693.494 0 -0.625906)
(693.024 0 -0.645217)
(692.614 0 -0.196767)
(692.159 0 0.545792)
(691.617 0 1.15495)
(691.044 0 1.2733)
(690.447 0 1.08576)
(689.782 0 0.905834)
(689.117 0 0.915654)
(688.572 0 1.22274)
(688.114 0 1.56034)
(687.719 0 1.60491)
(687.42 0 1.30987)
(687.287 0 0.736499)
(687.134 0 0.369985)
(686.984 0 0.485264)
(686.906 0 1.08798)
(686.902 0 2.15074)
(686.981 0 3.64825)
(687.123 0 5.40942)
(687.211 0 6.94959)
(687.131 0 7.66939)
(686.959 0 7.45687)
(686.867 0 7.03302)
(687.001 0 6.72353)
(687.452 0 6.88276)
(688.254 0 7.60531)
(689.396 0 8.26897)
(690.857 0 9.14159)
(692.307 0 9.57129)
(693.579 0 9.61245)
(694.358 0 9.09955)
(695.478 0 9.74058)
(739.077 0 0.923382)
(738.836 0 0.769444)
(738.5 0 0.828351)
(737.875 0 1.50034)
(736.619 0 3.71661)
(731.449 0 15.8501)
(721.069 0 62.0356)
(655.213 0 87.9255)
(621.249 0 104.05)
(552.518 0 105.114)
(494.308 0 22.0418)
(491.871 0 -34.0142)
(538.853 0 -90.7653)
(603.887 0 -115.384)
(655.49 0 -116.492)
(688.097 0 -99.2982)
(708.911 0 -84.518)
(726.001 0 -75.8982)
(733.177 0 -63.0392)
(737.643 0 -57.4103)
(738.534 0 -45.5542)
(740.724 0 -42.127)
(739.985 0 -31.7044)
(736.664 0 -31.6018)
(740.816 0 -28.46)
(739.119 0 -17.4751)
(736.811 0 -10.9858)
(735.056 0 -9.63585)
(734.678 0 -7.72226)
(733.862 0 -5.30543)
(732.917 0 -5.86145)
(729.756 0 -3.77162)
(729.095 0 -2.5627)
(727.47 0 -1.70096)
(725.973 0 -1.1631)
(723.671 0 -1.2664)
(722.148 0 -1.40017)
(720.961 0 -1.18535)
(719.995 0 -0.21709)
(718.501 0 0.432021)
(717.068 0 0.518043)
(715.818 0 0.316714)
(714.68 0 0.285497)
(713.802 0 0.679127)
(712.609 0 1.0972)
(711.268 0 0.893713)
(710.14 0 0.376261)
(709.256 0 -0.099039)
(708.49 0 0.0713936)
(707.782 0 0.700297)
(707.076 0 1.45121)
(706.288 0 1.85482)
(705.456 0 1.69807)
(704.661 0 1.45571)
(703.862 0 1.12367)
(703.029 0 1.24502)
(702.293 0 1.61088)
(701.621 0 1.91159)
(701.002 0 1.89808)
(700.487 0 1.62909)
(700.135 0 1.09282)
(699.839 0 0.714482)
(699.56 0 0.806793)
(699.348 0 1.40413)
(699.19 0 2.56156)
(699.064 0 4.2588)
(698.928 0 6.23088)
(698.669 0 7.91168)
(698.245 0 8.67839)
(697.807 0 8.49273)
(697.507 0 7.99886)
(697.456 0 7.71619)
(697.722 0 7.92173)
(698.288 0 8.75769)
(699.129 0 9.5666)
(700.234 0 10.6566)
(701.317 0 11.2009)
(702.256 0 11.2538)
(702.853 0 10.6258)
(703.789 0 11.2768)
(752.218 0 1.21148)
(751.895 0 1.12756)
(751.803 0 1.0209)
(751.027 0 1.46867)
(750.283 0 2.88279)
(747.338 0 9.05237)
(736.835 0 33.6576)
(691.883 0 82.466)
(664.701 0 100.466)
(604.993 0 105.506)
(565.939 0 25.2004)
(567.427 0 -44.5375)
(607.025 0 -99.8152)
(659.701 0 -125.098)
(698.717 0 -130.199)
(721.717 0 -124.319)
(737.885 0 -113.109)
(746.671 0 -96.5399)
(748.199 0 -79.7104)
(749.982 0 -67.473)
(750.206 0 -52.1024)
(751.092 0 -44.9788)
(750.449 0 -31.1528)
(748.909 0 -28.0067)
(750.285 0 -23.9357)
(748.667 0 -16.2632)
(745.869 0 -15.4974)
(744.385 0 -13.4653)
(743.715 0 -10.7252)
(743.007 0 -7.34426)
(742.624 0 -5.13284)
(740.125 0 -3.66012)
(739.753 0 -2.18732)
(738.303 0 0.214713)
(737.475 0 -0.060533)
(735.292 0 -0.715439)
(734.468 0 -0.966102)
(733.803 0 -0.489805)
(732.925 0 0.267574)
(731.667 0 0.830414)
(730.592 0 0.851658)
(729.556 0 0.778127)
(728.565 0 1.04257)
(727.793 0 1.45929)
(726.563 0 1.64254)
(725.329 0 1.43609)
(724.227 0 0.969428)
(723.263 0 0.742266)
(722.404 0 0.75545)
(721.593 0 1.1505)
(720.847 0 1.82081)
(719.986 0 2.21075)
(719.057 0 2.1106)
(718.158 0 1.77995)
(717.298 0 1.6649)
(716.406 0 1.63815)
(715.598 0 2.21153)
(714.826 0 2.66343)
(714.082 0 2.58995)
(713.425 0 2.20583)
(712.904 0 1.58766)
(712.481 0 1.1114)
(712.092 0 1.30551)
(711.775 0 2.27948)
(711.486 0 3.83133)
(711.183 0 5.82836)
(710.8 0 7.96838)
(710.234 0 9.67889)
(709.516 0 10.4115)
(708.855 0 10.14)
(708.375 0 9.69515)
(708.157 0 9.35445)
(708.23 0 9.75683)
(708.541 0 10.7629)
(709.06 0 11.6538)
(709.784 0 12.754)
(710.477 0 13.1009)
(711.053 0 12.9689)
(711.434 0 12.2497)
(712.133 0 13.0115)
(765.327 0 1.58397)
(764.966 0 1.572)
(764.894 0 1.48474)
(764.17 0 1.4048)
(763.587 0 2.71312)
(762.325 0 5.57609)
(756.457 0 20.7097)
(741.237 0 63.2469)
(700.111 0 103.215)
(653.016 0 90.8126)
(619.65 0 21.4201)
(625.215 0 -50.0537)
(663.546 0 -97.2423)
(702.747 0 -120.125)
(727.872 0 -131.672)
(745.707 0 -131.079)
(755.572 0 -137.307)
(760.635 0 -123.305)
(764.359 0 -108.515)
(763.94 0 -90.3754)
(760.896 0 -72.8838)
(759.235 0 -61.0068)
(757.739 0 -46.4321)
(757.122 0 -39.9663)
(754.533 0 -28.6672)
(752.978 0 -18.632)
(751.589 0 -17.2944)
(748.877 0 -13.0288)
(748.292 0 -8.48489)
(747.031 0 -7.49134)
(746.872 0 -8.26834)
(745.251 0 -3.55095)
(744.777 0 -2.58197)
(743.914 0 -2.52986)
(743.115 0 -2.39051)
(741.64 0 -1.39944)
(741.482 0 -0.649924)
(741.125 0 0.0971083)
(740.266 0 0.704762)
(739.479 0 1.09834)
(738.927 0 1.44541)
(738.283 0 1.6113)
(737.655 0 1.76076)
(737.055 0 1.84276)
(736.141 0 2.00373)
(735.238 0 2.01082)
(734.391 0 1.85173)
(733.66 0 1.49165)
(732.999 0 1.45813)
(732.337 0 1.67568)
(731.736 0 2.01006)
(731.009 0 2.28557)
(730.23 0 2.33473)
(729.429 0 2.39377)
(728.662 0 2.27129)
(727.889 0 2.60424)
(727.235 0 2.8296)
(726.536 0 2.96195)
(725.824 0 2.89088)
(725.156 0 2.6852)
(724.583 0 2.24695)
(724.122 0 1.85595)
(723.72 0 1.89246)
(723.397 0 2.59285)
(723.105 0 4.09502)
(722.776 0 6.26672)
(722.306 0 8.5697)
(721.592 0 10.365)
(720.723 0 11.1776)
(719.944 0 11.0827)
(719.372 0 10.542)
(719.028 0 10.3987)
(718.968 0 10.6941)
(719.064 0 11.8602)
(719.279 0 13.1371)
(719.612 0 14.7623)
(719.876 0 15.4469)
(720.061 0 15.3618)
(720.214 0 14.4527)
(720.645 0 15.1056)
(778.377 0 2.03355)
(778.007 0 2.09427)
(777.741 0 2.08689)
(777.402 0 1.81927)
(776.77 0 2.80925)
(776.178 0 4.09898)
(773.916 0 10.2843)
(762.926 0 25.939)
(731.468 0 81.0271)
(699.786 0 76.1935)
(665.162 0 -9.01993)
(678.654 0 -67.8367)
(711.972 0 -98.0817)
(732.355 0 -112.896)
(746.448 0 -123.433)
(758.92 0 -129)
(766.602 0 -136.343)
(768.358 0 -133.645)
(769.722 0 -126.854)
(769.605 0 -111.973)
(767.888 0 -95.2696)
(765.586 0 -77.7545)
(761.071 0 -63.0607)
(759.462 0 -54.3157)
(755.808 0 -35.9185)
(754.684 0 -26.4651)
(755.052 0 -27.2218)
(751.116 0 -18.1143)
(749.946 0 -9.75542)
(748.402 0 -8.32094)
(748.954 0 -8.48768)
(747.509 0 -5.21585)
(747.086 0 -1.62471)
(746.303 0 -1.79087)
(745.855 0 -3.73659)
(745.12 0 -1.72967)
(745.077 0 -0.537848)
(744.575 0 0.471914)
(744.157 0 0.280976)
(743.372 0 0.36623)
(743.084 0 0.59349)
(742.801 0 1.17959)
(742.465 0 1.7632)
(741.921 0 1.80057)
(741.507 0 1.69122)
(740.854 0 1.54641)
(740.379 0 1.4106)
(740.022 0 1.5664)
(739.676 0 1.90318)
(739.249 0 2.39798)
(738.761 0 2.75062)
(738.282 0 2.70021)
(737.815 0 2.43616)
(737.287 0 2.10709)
(736.759 0 1.96855)
(736.262 0 1.92055)
(735.905 0 2.81608)
(735.376 0 3.21827)
(734.848 0 3.07642)
(734.314 0 2.80525)
(733.838 0 2.42371)
(733.472 0 2.13635)
(733.184 0 2.58458)
(733.016 0 4.06086)
(732.892 0 6.21465)
(732.75 0 8.69997)
(732.435 0 11.0543)
(731.826 0 12.7953)
(731.045 0 13.6034)
(730.345 0 13.515)
(729.814 0 13.3498)
(729.487 0 13.152)
(729.404 0 14.1791)
(729.426 0 15.439)
(729.5 0 16.5506)
(729.571 0 17.8052)
(729.494 0 17.7976)
(729.317 0 17.4142)
(729.246 0 16.5404)
(729.411 0 17.4411)
(791.076 0 2.73199)
(790.732 0 2.69482)
(790.394 0 2.84969)
(790.219 0 2.67178)
(789.559 0 3.09305)
(789.142 0 3.38024)
(787.92 0 4.55095)
(783.151 0 7.53424)
(760.747 0 24.5464)
(736.424 0 27.2428)
(720.127 0 11.7979)
(723.723 0 -35.3195)
(745.985 0 -74.8509)
(749.482 0 -94.4253)
(758.905 0 -113.815)
(767.932 0 -124.728)
(769.256 0 -131.054)
(770.94 0 -136.061)
(773.029 0 -136.705)
(772.577 0 -128.959)
(771.894 0 -120.997)
(770.125 0 -104.539)
(767.074 0 -83.6527)
(764.776 0 -59.751)
(759.173 0 -35.9011)
(754.117 0 -33.2184)
(755.588 0 -35.0191)
(752.489 0 -20.9804)
(751.3 0 -13.429)
(749.67 0 -13.0271)
(750 0 -10.7392)
(748.565 0 -6.43757)
(748.623 0 -3.18092)
(747.797 0 -2.96234)
(747.002 0 -2.87548)
(746.932 0 -1.72504)
(746.564 0 0.00275032)
(746.256 0 0.804894)
(745.839 0 0.497503)
(745.164 0 0.507645)
(745.045 0 0.92015)
(744.875 0 1.39827)
(744.643 0 1.85414)
(744.307 0 1.41388)
(744.092 0 1.27786)
(743.603 0 1.72204)
(743.542 0 2.08928)
(743.518 0 2.43241)
(743.364 0 2.41795)
(743.1 0 2.09777)
(742.652 0 1.90916)
(742.347 0 1.9874)
(742.148 0 2.11417)
(741.884 0 2.31226)
(741.648 0 2.4812)
(741.523 0 2.73876)
(741.346 0 2.93379)
(741.015 0 3.17629)
(740.639 0 3.2631)
(740.289 0 3.2334)
(740.006 0 3.06088)
(739.845 0 2.8505)
(739.801 0 2.95067)
(739.908 0 4.05748)
(740.11 0 6.17523)
(740.302 0 8.71585)
(740.291 0 10.9877)
(739.963 0 12.7162)
(739.472 0 13.6735)
(739.039 0 13.8731)
(738.776 0 13.5505)
(738.681 0 13.7819)
(738.881 0 14.2074)
(739.08 0 16.1778)
(739.233 0 18.2727)
(739.155 0 20.5728)
(738.785 0 21.248)
(738.388 0 20.854)
(738.254 0 19.6433)
(738.302 0 20.1922)
(802.662 0 3.39801)
(802.385 0 3.47079)
(802.028 0 3.46335)
(801.858 0 3.88481)
(801.235 0 3.25582)
(800.585 0 2.42176)
(799.067 0 -0.537082)
(794.639 0 -16.8942)
(782.921 0 -40.7156)
(770.693 0 -63.7077)
(764.325 0 -54.0783)
(747.256 0 -39.0346)
(756.192 0 -50.8604)
(760.208 0 -59.2883)
(764.553 0 -77.7657)
(767.128 0 -92.8153)
(769.802 0 -106.269)
(772.252 0 -113.928)
(774.444 0 -120.828)
(774.208 0 -125.067)
(774.032 0 -126.844)
(773.389 0 -124.328)
(772.309 0 -115.217)
(770.251 0 -97.4902)
(767.755 0 -75.0773)
(761.527 0 -59.6717)
(759.902 0 -38.2986)
(756.242 0 -21.5253)
(752.594 0 -16.4547)
(750.21 0 -16.7387)
(750.453 0 -12.0114)
(750.374 0 -6.29318)
(749.499 0 -4.99884)
(748.55 0 -6.40394)
(747.851 0 -3.94447)
(747.735 0 -2.13434)
(747.47 0 0.0533872)
(747.038 0 0.257613)
(746.608 0 0.0456776)
(745.93 0 0.685449)
(745.766 0 1.03041)
(745.71 0 1.8454)
(745.556 0 2.04081)
(745.283 0 1.69154)
(745.242 0 1.29328)
(745.146 0 1.60755)
(745.238 0 2.06903)
(745.356 0 2.76455)
(745.134 0 3.11594)
(744.947 0 2.52985)
(744.748 0 1.89122)
(744.516 0 1.71866)
(744.435 0 1.89143)
(744.391 0 2.22702)
(744.424 0 2.46397)
(744.556 0 2.78936)
(744.389 0 3.10314)
(744.233 0 3.15974)
(743.919 0 3.00509)
(743.762 0 3.01831)
(743.657 0 3.16964)
(743.678 0 3.4462)
(743.879 0 4.2937)
(744.264 0 6.05103)
(744.694 0 8.45145)
(745.051 0 11.059)
(745.215 0 13.2647)
(745.158 0 14.9096)
(744.993 0 16.0456)
(744.894 0 16.6265)
(744.978 0 17.0842)
(745.301 0 17.6595)
(745.839 0 19.5293)
(746.596 0 20.977)
(747.125 0 22.4403)
(747.182 0 23.9731)
(746.96 0 23.5847)
(746.708 0 23.1323)
(746.689 0 22.2644)
(746.788 0 23.3536)
(811.935 0 3.90757)
(811.678 0 4.04708)
(811.312 0 3.93164)
(811.034 0 3.63363)
(810.373 0 2.89728)
(808.848 0 -1.64478)
(806.493 0 -14.7025)
(798.473 0 -49.8974)
(795.127 0 -74.9077)
(780.165 0 -127.46)
(771.968 0 -113.681)
(769.773 0 -88.4598)
(768.976 0 -77.4602)
(767.513 0 -65.6188)
(764.925 0 -72.2561)
(766.834 0 -77.2883)
(769.163 0 -83.1554)
(771.213 0 -91.8492)
(772.722 0 -104.2)
(773.558 0 -115.735)
(774.245 0 -122.473)
(775.004 0 -124.266)
(774.566 0 -122.321)
(773.554 0 -118.752)
(771.724 0 -106.946)
(767.655 0 -79.3884)
(763.336 0 -52.7847)
(759.974 0 -36.5325)
(757.437 0 -33.4544)
(753.765 0 -20.1588)
(752.631 0 -12.2694)
(751.794 0 -9.1436)
(749.782 0 -9.15256)
(748.462 0 -9.08589)
(749.157 0 -5.02188)
(748.734 0 -1.1903)
(748.254 0 -0.0668294)
(747.608 0 -0.685865)
(747.126 0 -0.858193)
(746.431 0 0.305327)
(746.222 0 0.917751)
(746.214 0 1.63168)
(745.974 0 1.51894)
(745.726 0 1.26825)
(745.863 0 1.35404)
(745.916 0 1.56375)
(746.037 0 2.20727)
(746.066 0 2.84673)
(745.965 0 3.03507)
(745.763 0 2.57405)
(745.647 0 2.21958)
(745.637 0 1.96096)
(745.67 0 1.95996)
(745.779 0 2.15266)
(745.978 0 2.51067)
(746.184 0 2.46483)
(746.066 0 2.45305)
(745.989 0 2.54251)
(745.727 0 2.84097)
(745.681 0 3.03154)
(745.708 0 3.3451)
(745.849 0 3.75605)
(746.236 0 4.60038)
(746.843 0 6.38627)
(747.402 0 8.86742)
(747.677 0 11.1683)
(747.835 0 13.168)
(747.959 0 14.8201)
(748.07 0 15.9683)
(748.303 0 16.6407)
(748.783 0 17.1046)
(749.632 0 18.1044)
(750.707 0 19.2653)
(751.984 0 22.4844)
(752.74 0 25.3091)
(752.85 0 27.7799)
(752.921 0 27.7366)
(753.188 0 27.0832)
(753.531 0 26.0302)
(754.013 0 26.6016)
(818.113 0 4.35533)
(817.73 0 3.98861)
(817.429 0 3.68239)
(816.801 0 2.30393)
(815.391 0 -3.1511)
(812.348 0 -15.9754)
(810.25 0 -32.1332)
(795.715 0 -91.923)
(787.91 0 -126.739)
(782.988 0 -121.861)
(779.948 0 -130.638)
(777.427 0 -124.513)
(774.638 0 -111.503)
(771.101 0 -101.696)
(768.865 0 -93.0617)
(769.078 0 -82.8465)
(769.6 0 -81.4352)
(769.934 0 -83.489)
(770.316 0 -86.9193)
(771.046 0 -92.1718)
(772.15 0 -99.0122)
(773.336 0 -106.836)
(774.229 0 -113.168)
(774.247 0 -115.996)
(773.666 0 -115.106)
(772.139 0 -110.582)
(769.408 0 -95.6518)
(767.042 0 -76.5951)
(760.415 0 -39.6449)
(757.334 0 -24.0964)
(754.301 0 -10.9255)
(751.982 0 -12.0265)
(749.24 0 -15.5549)
(750.427 0 -9.22368)
(750.375 0 -3.29668)
(749.717 0 -1.27505)
(748.556 0 -1.73341)
(747.986 0 -2.54324)
(747.463 0 -1.18889)
(747.22 0 0.125762)
(746.899 0 1.34813)
(746.644 0 1.34595)
(746.212 0 0.666998)
(746.011 0 0.505449)
(746.178 0 1.11938)
(746.285 0 1.65052)
(746.512 0 2.6098)
(746.45 0 2.88078)
(746.301 0 2.56728)
(746.022 0 2.02378)
(746.106 0 1.48499)
(746.236 0 1.8565)
(746.343 0 2.17906)
(746.514 0 2.57333)
(746.815 0 3.02468)
(746.939 0 3.14524)
(747.016 0 2.49271)
(746.981 0 2.2929)
(746.737 0 2.44591)
(746.78 0 2.97083)
(746.698 0 3.54448)
(746.776 0 4.66703)
(747.165 0 6.45282)
(747.694 0 8.729)
(748.13 0 11.0819)
(748.367 0 12.9675)
(748.628 0 14.628)
(748.928 0 16.2845)
(749.191 0 17.7877)
(749.548 0 19.179)
(750.15 0 20.661)
(751.147 0 22.6137)
(752.179 0 24.9892)
(754.091 0 28.0729)
(755.714 0 29.9307)
(756.487 0 31.2576)
(757.219 0 30.2116)
(757.786 0 29.9858)
(758.379 0 29.4478)
(759.345 0 30.799)
(821.377 0 3.93509)
(821.053 0 3.29032)
(820.321 0 0.756914)
(818.989 0 -4.06186)
(816.491 0 -13.8441)
(811.05 0 -45.2612)
(797.539 0 -96.5563)
(791.74 0 -106.059)
(787.68 0 -117.805)
(779.989 0 -130.84)
(776.473 0 -136.722)
(775.985 0 -137.887)
(775.562 0 -136.359)
(774.621 0 -129.775)
(772.979 0 -115.891)
(771.213 0 -102.473)
(770.657 0 -94.9221)
(769.338 0 -90.3282)
(769.741 0 -89.2534)
(770.112 0 -89.5913)
(770.738 0 -90.5644)
(771.619 0 -93.0795)
(772.344 0 -97.6721)
(772.957 0 -103.679)
(773.126 0 -109.832)
(773.271 0 -110.076)
(772.719 0 -108.386)
(771.368 0 -102.25)
(768.343 0 -86.5005)
(763.468 0 -59.4269)
(759.038 0 -37.8638)
(757.583 0 -27.2615)
(752.909 0 -17.365)
(752.422 0 -11.8559)
(751.031 0 -5.29257)
(749.229 0 -4.88705)
(748.022 0 -5.63917)
(747.928 0 -3.71658)
(748.053 0 -1.57575)
(747.764 0 0.53902)
(747.425 0 0.863778)
(746.703 0 0.496228)
(746.415 0 -0.522787)
(746.243 0 0.0777152)
(746.428 0 0.997979)
(746.718 0 2.13331)
(746.948 0 2.92376)
(746.782 0 2.712)
(746.37 0 1.94743)
(746.053 0 1.34027)
(746.333 0 1.21813)
(746.529 0 1.68128)
(746.675 0 2.21323)
(746.917 0 2.87112)
(747.201 0 3.55609)
(747.392 0 3.52413)
(747.499 0 2.81714)
(747.52 0 2.32155)
(747.329 0 2.21888)
(747.361 0 2.75258)
(747.349 0 3.91584)
(747.595 0 6.0423)
(747.935 0 8.49373)
(748.158 0 10.5042)
(748.413 0 12.2673)
(748.721 0 13.7393)
(749.07 0 15.2288)
(749.464 0 16.9798)
(749.859 0 18.833)
(750.361 0 20.8447)
(751.076 0 23.1619)
(751.957 0 25.7678)
(752.652 0 28.3207)
(754.468 0 31.694)
(756.665 0 34.3855)
(758.362 0 36.0495)
(759.616 0 35.1463)
(760.054 0 34.545)
(761.047 0 34.1875)
(763.248 0 34.3384)
(822.789 0 2.32635)
(822.069 0 -0.214428)
(820.657 0 -5.14874)
(817.381 0 -21.1425)
(806.77 0 -61.9253)
(802.74 0 -79.7326)
(796.328 0 -102.877)
(780.527 0 -132.481)
(777.111 0 -137.048)
(776.707 0 -136.238)
(776.62 0 -134.528)
(776.292 0 -134.619)
(776.228 0 -135.468)
(776.263 0 -136.172)
(776.116 0 -135.322)
(775.391 0 -131.788)
(774.025 0 -124.227)
(772.432 0 -114.236)
(771.159 0 -103.66)
(770.742 0 -97.1078)
(770.342 0 -92.7827)
(770.577 0 -93.0024)
(770.826 0 -93.7682)
(771.203 0 -95.2035)
(771.874 0 -97.4924)
(772.455 0 -101.069)
(772.697 0 -104.483)
(772.505 0 -104.113)
(771.797 0 -101.904)
(769.867 0 -93.958)
(764.737 0 -71.2932)
(761.269 0 -45.0374)
(755.114 0 -14.6614)
(751.371 0 -10.7739)
(750.156 0 -5.17583)
(748.746 0 -8.95468)
(750.568 0 -9.76249)
(749.492 0 -5.01024)
(748.981 0 -0.496084)
(748.439 0 0.465017)
(747.498 0 -0.417421)
(746.554 0 -1.02449)
(746.454 0 -1.20044)
(746.75 0 0.0148525)
(746.876 0 1.57023)
(747.335 0 3.17396)
(747.202 0 2.99141)
(746.679 0 2.12568)
(746.155 0 1.29844)
(746.126 0 0.918896)
(746.414 0 1.1539)
(746.672 0 1.80064)
(746.979 0 2.70426)
(747.489 0 3.55551)
(747.712 0 4.00205)
(747.778 0 3.80472)
(747.73 0 3.06635)
(747.765 0 2.7046)
(747.701 0 2.6085)
(747.762 0 3.30293)
(748.117 0 5.12106)
(748.616 0 7.8881)
(749.038 0 11.2119)
(749.424 0 13.5508)
(749.806 0 14.7411)
(750.184 0 15.5752)
(750.472 0 16.6735)
(750.757 0 18.3095)
(751.145 0 20.4309)
(751.78 0 23.1749)
(752.741 0 26.5241)
(754.194 0 30.797)
(755.748 0 34.3469)
(756.42 0 36.6052)
(757.707 0 38.7643)
(758.465 0 39.8285)
(758.833 0 40.1111)
(760.773 0 39.4638)
(762.727 0 39.4614)
(765.749 0 39.9503)
(822.561 0 -1.86743)
(820.471 0 -11.037)
(813.617 0 -37.913)
(809.163 0 -58.6191)
(800.174 0 -89.0383)
(783.095 0 -130.659)
(779.663 0 -135.931)
(779.835 0 -129.948)
(778.542 0 -130.361)
(777.79 0 -131.892)
(776.926 0 -133.161)
(776.194 0 -134.474)
(775.919 0 -136.407)
(776.252 0 -137.445)
(776.375 0 -137.583)
(776.271 0 -137.035)
(776.114 0 -136.074)
(775.786 0 -134.193)
(775.049 0 -130.501)
(773.98 0 -124.255)
(772.772 0 -115.984)
(771.815 0 -108.288)
(771.32 0 -102.764)
(770.839 0 -99.2857)
(771.102 0 -98.3801)
(771.342 0 -98.6132)
(771.772 0 -99.2673)
(772.403 0 -100.845)
(772.146 0 -101.273)
(771.726 0 -100.356)
(770.491 0 -96.5216)
(767.631 0 -84.2646)
(763.29 0 -60.5283)
(760.782 0 -46.8277)
(756.849 0 -27.7684)
(752.64 0 -24.096)
(753.562 0 -12.6086)
(750.283 0 -4.1248)
(749.7 0 -1.68003)
(748.289 0 -2.51143)
(747.6 0 -2.96572)
(747.229 0 -2.80979)
(747.361 0 -1.2881)
(747.343 0 0.481303)
(747.494 0 2.53041)
(747.316 0 2.78043)
(746.79 0 2.06979)
(746.331 0 1.35311)
(746.055 0 0.765777)
(746.163 0 0.918246)
(746.468 0 1.46469)
(746.973 0 2.67195)
(747.336 0 3.27791)
(747.969 0 3.84046)
(748.023 0 3.8729)
(748.098 0 3.53011)
(747.905 0 2.95963)
(747.906 0 2.96695)
(748.005 0 3.3712)
(748.35 0 4.8063)
(748.941 0 7.34239)
(749.316 0 9.73183)
(749.352 0 11.6682)
(749.697 0 13.8127)
(750.118 0 15.3034)
(750.624 0 16.3181)
(751.199 0 17.6533)
(751.858 0 19.744)
(752.593 0 22.5727)
(753.473 0 26.18)
(754.421 0 30.0006)
(755.493 0 34.2369)
(756.767 0 37.0224)
(757.333 0 40.0685)
(757.934 0 42.3988)
(758.899 0 43.9391)
(760.345 0 44.2525)
(761.599 0 45.0288)
(762.587 0 44.5061)
(764.903 0 44.5605)
(816.534 0 -26.0013)
(811.981 0 -44.1593)
(803.535 0 -81.7165)
(789.201 0 -124.069)
(785.356 0 -122.395)
(783.332 0 -121.333)
(780.586 0 -126.426)
(778.666 0 -130.962)
(777.133 0 -133.637)
(777.037 0 -134.484)
(776.292 0 -135.24)
(775.51 0 -136.285)
(775.823 0 -136.609)
(776.271 0 -136.923)
(776.376 0 -137.081)
(776.421 0 -137)
(776.414 0 -136.841)
(776.36 0 -136.618)
(776.176 0 -136.405)
(775.892 0 -135.77)
(775.476 0 -134.237)
(774.73 0 -130.84)
(773.76 0 -125.341)
(772.757 0 -118.325)
(771.927 0 -111.247)
(771.616 0 -106.529)
(771.439 0 -103.059)
(771.447 0 -102.129)
(771.536 0 -101.821)
(771.553 0 -101.65)
(771.404 0 -100.387)
(770.874 0 -97.9473)
(769.338 0 -91.1254)
(766.9 0 -76.2376)
(760.91 0 -47.2769)
(757.761 0 -28.546)
(753.652 0 -7.06539)
(751.645 0 0.556302)
(749.036 0 -3.76791)
(748.655 0 -6.66629)
(749.025 0 -6.29187)
(749.074 0 -3.3624)
(748.385 0 -0.870851)
(748.34 0 3.32344)
(747.843 0 3.38867)
(746.94 0 1.88583)
(746.615 0 0.821236)
(746.247 0 0.390364)
(746.212 0 0.605514)
(746.423 0 1.30226)
(746.836 0 2.72288)
(747.256 0 3.92443)
(747.568 0 4.08916)
(747.725 0 3.94111)
(747.747 0 3.43853)
(747.922 0 2.94871)
(747.974 0 3.09008)
(748.115 0 3.65029)
(748.495 0 5.10015)
(749.13 0 7.53337)
(749.674 0 10.5418)
(749.95 0 13.3892)
(750.016 0 15.0383)
(750.188 0 16.2297)
(750.528 0 17.3336)
(751.048 0 18.317)
(751.799 0 19.868)
(752.804 0 22.4568)
(753.991 0 26.1881)
(755.268 0 31.2037)
(756.331 0 36.2794)
(757.334 0 41.1655)
(758.55 0 44.268)
(759.458 0 46.2214)
(760.096 0 47.643)
(760.717 0 47.5844)
(761.64 0 48.7712)
(762.123 0 50.077)
(763.104 0 50.1678)
(765.289 0 50.2356)
(802.794 0 -77.2709)
(791.268 0 -112.105)
(792.765 0 -104.255)
(788.628 0 -113.792)
(779.597 0 -128.598)
(777.352 0 -133.196)
(776.6 0 -134.391)
(775.75 0 -134.657)
(776.407 0 -134.526)
(776.567 0 -134.613)
(776.268 0 -135.095)
(775.989 0 -135.615)
(776.136 0 -136.476)
(776.336 0 -136.726)
(776.359 0 -136.686)
(776.36 0 -136.646)
(776.352 0 -136.506)
(776.349 0 -136.55)
(776.242 0 -136.754)
(776.054 0 -136.734)
(775.894 0 -136.626)
(775.627 0 -136.246)
(775.332 0 -135.43)
(775.01 0 -134.07)
(774.542 0 -131.648)
(773.938 0 -127.717)
(773.301 0 -122.576)
(772.781 0 -117.333)
(772.382 0 -112.331)
(772.19 0 -109.268)
(772.141 0 -106.866)
(772.138 0 -105.158)
(771.975 0 -102.48)
(771.181 0 -97.1108)
(769.645 0 -89.6656)
(766.678 0 -73.1461)
(762.246 0 -49.7232)
(759.466 0 -36.6162)
(758.019 0 -26.2616)
(752.654 0 -18.8452)
(752.594 0 -9.03281)
(750.24 0 -4.43426)
(748.561 0 1.52965)
(747.874 0 1.41569)
(747.324 0 0.184415)
(747.207 0 -0.921636)
(747.131 0 -1.21735)
(746.709 0 -0.175739)
(746.879 0 1.07855)
(747.07 0 2.57017)
(746.992 0 3.6347)
(746.924 0 3.65882)
(746.964 0 3.37215)
(747.041 0 3.02369)
(747.408 0 2.4415)
(747.684 0 2.9199)
(747.964 0 3.58692)
(748.49 0 5.26504)
(749.186 0 8.01703)
(749.594 0 10.3483)
(749.652 0 11.6835)
(749.817 0 13.2482)
(750.012 0 14.6148)
(750.283 0 16.1945)
(750.658 0 17.7953)
(751.317 0 19.7217)
(752.345 0 22.3995)
(753.743 0 26.3258)
(755.115 0 30.7295)
(756.069 0 34.5716)
(756.824 0 38.0893)
(757.755 0 42.1833)
(758.799 0 45.5542)
(759.694 0 47.6022)
(760.542 0 50.0741)
(761.198 0 51.2435)
(761.989 0 53.6193)
(763.226 0 54.5924)
(765.015 0 55.2945)
(766.929 0 54.6303)
(794.592 0 -93.9376)
(784.566 0 -122.979)
(778.278 0 -135.385)
(775.968 0 -134.696)
(776.262 0 -131.666)
(777.3 0 -131.543)
(776.962 0 -132.925)
(776.542 0 -134.131)
(776.392 0 -135.261)
(776.25 0 -135.687)
(776.133 0 -135.888)
(776.111 0 -136.06)
(776.204 0 -136.384)
(776.243 0 -136.425)
(776.243 0 -136.376)
(776.232 0 -136.272)
(776.183 0 -136.194)
(776.126 0 -136.162)
(776.096 0 -136.237)
(775.882 0 -136.398)
(775.743 0 -136.529)
(775.595 0 -136.481)
(775.459 0 -136.311)
(775.357 0 -136.137)
(775.272 0 -135.834)
(775.197 0 -135.331)
(775.095 0 -134.487)
(774.901 0 -133.01)
(774.562 0 -130.529)
(774.154 0 -127.122)
(773.723 0 -122.829)
(773.554 0 -119.509)
(773.331 0 -115.29)
(773.285 0 -113.153)
(772.826 0 -108.474)
(771.804 0 -101.705)
(769.758 0 -91.0167)
(764.724 0 -65.2007)
(762.485 0 -42.7786)
(755.933 0 -13.3443)
(751.721 0 -2.69014)
(751.594 0 5.5621)
(749.662 0 1.85161)
(749.436 0 -2.58948)
(748.32 0 -4.11726)
(749.257 0 -4.62658)
(748.174 0 -2.27818)
(748.1 0 0.392945)
(747.854 0 4.16274)
(747.582 0 5.35825)
(746.861 0 4.51969)
(746.266 0 2.9484)
(746.398 0 2.32941)
(746.885 0 1.81929)
(747.1 0 2.25158)
(747.449 0 3.19914)
(748.135 0 5.24551)
(749.07 0 8.58678)
(749.718 0 11.9685)
(749.876 0 14.9891)
(750.154 0 16.3543)
(750.447 0 16.9305)
(750.663 0 17.4628)
(750.896 0 18.5396)
(751.423 0 20.7165)
(752.297 0 23.7922)
(753.641 0 28.2073)
(755.128 0 33.4782)
(756.413 0 39.387)
(757.328 0 44.5785)
(758.22 0 47.9024)
(758.922 0 49.738)
(759.642 0 51.1878)
(760.29 0 52.2983)
(761.039 0 54.568)
(761.714 0 55.9591)
(762.489 0 57.9974)
(763.6 0 58.937)
(764.736 0 61.2348)
(766.932 0 59.6826)
(779.46 0 -129.245)
(780.226 0 -125.931)
(778.654 0 -127.958)
(777.335 0 -130.978)
(777.5 0 -134.107)
(777.202 0 -134.769)
(776.51 0 -135.186)
(776.166 0 -135.201)
(776.288 0 -135.245)
(776.288 0 -135.523)
(776.238 0 -135.678)
(776.135 0 -135.969)
(776.075 0 -136.264)
(776.056 0 -136.289)
(776.035 0 -136.171)
(776.019 0 -135.986)
(775.964 0 -135.87)
(775.877 0 -135.792)
(775.8 0 -135.799)
(775.712 0 -135.944)
(775.591 0 -136.023)
(775.435 0 -136.089)
(775.319 0 -136.124)
(775.306 0 -136.106)
(775.316 0 -136.071)
(775.351 0 -136.031)
(775.406 0 -135.968)
(775.452 0 -135.819)
(775.457 0 -135.524)
(775.407 0 -134.977)
(775.301 0 -134.173)
(775.141 0 -132.938)
(774.943 0 -131.438)
(774.736 0 -129.416)
(774.544 0 -127.23)
(774.327 0 -124.891)
(773.809 0 -120.912)
(772.608 0 -114.413)
(770.19 0 -100.853)
(766.981 0 -79.9841)
(762.838 0 -58.2948)
(759.769 0 -38.0395)
(757.44 0 -28.2488)
(756.297 0 -20.5165)
(750.982 0 -13.8999)
(751.556 0 -7.29757)
(749.735 0 -2.11813)
(747.695 0 3.20655)
(747.463 0 3.55864)
(746.557 0 2.69407)
(746.049 0 1.1218)
(746.044 0 0.773528)
(746.573 0 0.77133)
(746.806 0 1.42399)
(747.182 0 2.72873)
(747.8 0 5.17863)
(748.554 0 8.42132)
(748.909 0 11.0097)
(749.232 0 12.32)
(749.296 0 13.6543)
(749.94 0 15.6592)
(750.19 0 17.0269)
(750.586 0 18.3625)
(751.336 0 20.6311)
(752.381 0 24.0644)
(753.685 0 28.9465)
(754.867 0 33.7351)
(755.659 0 37.4645)
(756.354 0 40.8884)
(757.298 0 44.0324)
(758.296 0 47.5249)
(758.832 0 49.8699)
(759.403 0 51.8326)
(760.084 0 53.3862)
(761.004 0 55.6289)
(761.989 0 58.2209)
(763.095 0 62.1836)
(764.12 0 63.6556)
(764.727 0 65.679)
(766.929 0 65.3743)
(778.286 0 -133.856)
(777.506 0 -134.697)
(776.325 0 -134.628)
(775.847 0 -134.44)
(776.65 0 -134.307)
(776.71 0 -134.773)
(776.434 0 -135.262)
(776.294 0 -135.709)
(776.268 0 -135.723)
(776.143 0 -135.758)
(776.074 0 -135.86)
(775.957 0 -135.979)
(775.826 0 -136.112)
(775.764 0 -136.108)
(775.701 0 -136.031)
(775.661 0 -135.84)
(775.618 0 -135.672)
(775.562 0 -135.564)
(775.578 0 -135.544)
(775.557 0 -135.601)
(775.492 0 -135.653)
(775.398 0 -135.723)
(775.311 0 -135.778)
(775.301 0 -135.824)
(775.332 0 -135.843)
(775.385 0 -135.869)
(775.486 0 -135.95)
(775.587 0 -135.99)
(775.612 0 -135.974)
(775.619 0 -135.889)
(775.621 0 -135.719)
(775.606 0 -135.514)
(775.554 0 -135.272)
(775.481 0 -134.94)
(775.403 0 -134.484)
(775.323 0 -133.847)
(775.228 0 -133.033)
(775.047 0 -131.713)
(774.643 0 -129.393)
(773.619 0 -124.079)
(771.338 0 -112.203)
(766.246 0 -86.7061)
(761.126 0 -55.0533)
(759.937 0 -34.8084)
(752.579 0 -3.42733)
(748.796 0 0.388009)
(749.407 0 11.2664)
(748.821 0 8.67463)
(747.739 0 2.73742)
(747.266 0 -0.50499)
(747.05 0 -2.03741)
(747.075 0 -1.28819)
(747.322 0 -0.139738)
(747.698 0 2.10642)
(748.151 0 6.25432)
(748.88 0 11.4193)
(748.809 0 14.3394)
(748.912 0 16.552)
(749.234 0 17.0124)
(749.627 0 17.3206)
(750.118 0 18.4834)
(750.651 0 20.2584)
(751.524 0 23.3504)
(752.786 0 27.7499)
(754.37 0 33.8978)
(755.55 0 40.0492)
(756.552 0 45.9163)
(757.279 0 50.7883)
(758.318 0 53.1443)
(759.334 0 53.5008)
(759.682 0 53.9455)
(759.805 0 54.7237)
(760.253 0 56.6943)
(760.904 0 58.9214)
(761.861 0 61.9044)
(762.726 0 63.5386)
(763.57 0 66.141)
(764.411 0 67.1025)
(765.108 0 69.6856)
(766.538 0 70.1032)
(777.22 0 -132.88)
(776.967 0 -133.415)
(776.509 0 -134.614)
(776.588 0 -135.816)
(776.671 0 -135.91)
(776.422 0 -135.567)
(776.188 0 -135.489)
(776.122 0 -135.522)
(776.069 0 -135.585)
(775.989 0 -135.661)
(775.886 0 -135.822)
(775.698 0 -135.97)
(775.507 0 -136.024)
(775.415 0 -135.976)
(775.376 0 -135.865)
(775.405 0 -135.68)
(775.393 0 -135.512)
(775.36 0 -135.439)
(775.343 0 -135.408)
(775.328 0 -135.447)
(775.304 0 -135.5)
(775.284 0 -135.521)
(775.282 0 -135.542)
(775.301 0 -135.56)
(775.361 0 -135.585)
(775.444 0 -135.665)
(775.53 0 -135.739)
(775.616 0 -135.81)
(775.681 0 -135.85)
(775.723 0 -135.824)
(775.731 0 -135.788)
(775.7 0 -135.71)
(775.654 0 -135.648)
(775.638 0 -135.614)
(775.614 0 -135.56)
(775.595 0 -135.484)
(775.592 0 -135.394)
(775.595 0 -135.241)
(775.565 0 -134.918)
(775.455 0 -134.325)
(775.156 0 -132.937)
(774.361 0 -129.749)
(772.5 0 -121.655)
(769.181 0 -105.032)
(765.403 0 -80.6858)
(761.091 0 -59.1305)
(757.904 0 -35.105)
(755.802 0 -27.4155)
(753.684 0 -17.3532)
(751.433 0 -12.1805)
(750.784 0 -6.7024)
(749.763 0 -2.18032)
(748.522 0 1.79309)
(747.764 0 6.70354)
(747.311 0 9.35176)
(748.23 0 11.1393)
(747.892 0 12.9834)
(748.629 0 14.2722)
(749.004 0 15.9983)
(749.423 0 17.5444)
(750.238 0 20.0251)
(751.531 0 24.3927)
(752.847 0 29.6258)
(753.954 0 34.7808)
(754.797 0 38.8318)
(755.588 0 41.8032)
(756.669 0 44.323)
(757.541 0 48.2425)
(758.904 0 52.3793)
(759.279 0 54.3065)
(759.689 0 56.0058)
(760.166 0 57.6589)
(760.75 0 59.9071)
(761.166 0 61.6287)
(761.907 0 64.9972)
(762.955 0 68.0156)
(764.083 0 73.0179)
(764.931 0 74.0059)
(765.473 0 75.2015)
(766.582 0 75.9613)
(776.672 0 -135.754)
(776.231 0 -135.39)
(776.28 0 -135.157)
(776.195 0 -135.475)
(776.023 0 -135.636)
(775.872 0 -135.733)
(775.806 0 -135.726)
(775.721 0 -135.703)
(775.688 0 -135.704)
(775.643 0 -135.713)
(775.603 0 -135.781)
(775.496 0 -135.844)
(775.388 0 -135.84)
(775.274 0 -135.813)
(775.173 0 -135.72)
(775.161 0 -135.562)
(775.145 0 -135.445)
(775.125 0 -135.368)
(775.146 0 -135.312)
(775.19 0 -135.314)
(775.237 0 -135.368)
(775.271 0 -135.39)
(775.31 0 -135.41)
(775.405 0 -135.457)
(775.449 0 -135.491)
(775.498 0 -135.566)
(775.552 0 -135.61)
(775.63 0 -135.652)
(775.702 0 -135.67)
(775.747 0 -135.668)
(775.762 0 -135.631)
(775.732 0 -135.61)
(775.712 0 -135.521)
(775.688 0 -135.545)
(775.683 0 -135.582)
(775.689 0 -135.603)
(775.717 0 -135.645)
(775.747 0 -135.681)
(775.755 0 -135.673)
(775.745 0 -135.647)
(775.703 0 -135.546)
(775.614 0 -135.25)
(775.44 0 -134.505)
(775.035 0 -132.714)
(774.052 0 -128.318)
(771.682 0 -117.149)
(767.223 0 -96.3327)
(761.362 0 -64.2637)
(757.831 0 -37.7376)
(755.243 0 -13.6682)
(750.302 0 4.30532)
(749.932 0 11.0713)
(747.507 0 16.5766)
(748.804 0 19.5893)
(748.415 0 17.8696)
(748.686 0 15.6346)
(748.976 0 15.7061)
(749.424 0 16.5688)
(750.209 0 19.2871)
(751.162 0 23.9867)
(752.479 0 31.7264)
(753.814 0 39.6738)
(754.909 0 47.029)
(755.631 0 52.3196)
(756.423 0 54.9535)
(757.37 0 55.558)
(758.38 0 55.7179)
(759.149 0 56.1144)
(759.614 0 57.4269)
(760.025 0 59.8018)
(760.495 0 62.6488)
(760.948 0 65.0943)
(761.775 0 69.5797)
(762.279 0 74.1336)
(763.041 0 77.6657)
(763.786 0 76.8564)
(763.89 0 76.7209)
(764.431 0 77.8743)
(765.413 0 81.2748)
(766.71 0 83.1614)
(776.116 0 -135.332)
(775.891 0 -135.662)
(775.818 0 -135.724)
(775.654 0 -135.806)
(775.442 0 -135.799)
(775.379 0 -135.778)
(775.394 0 -135.737)
(775.417 0 -135.672)
(775.41 0 -135.649)
(775.391 0 -135.653)
(775.376 0 -135.704)
(775.326 0 -135.766)
(775.238 0 -135.777)
(775.147 0 -135.733)
(775.096 0 -135.578)
(775.058 0 -135.409)
(775.017 0 -135.336)
(775.009 0 -135.315)
(775.054 0 -135.316)
(775.145 0 -135.321)
(775.257 0 -135.328)
(775.334 0 -135.338)
(775.402 0 -135.358)
(775.491 0 -135.394)
(775.576 0 -135.436)
(775.656 0 -135.486)
(775.728 0 -135.531)
(775.786 0 -135.553)
(775.826 0 -135.551)
(775.848 0 -135.529)
(775.846 0 -135.483)
(775.813 0 -135.424)
(775.773 0 -135.392)
(775.78 0 -135.41)
(775.791 0 -135.426)
(775.805 0 -135.445)
(775.817 0 -135.524)
(775.824 0 -135.631)
(775.816 0 -135.683)
(775.817 0 -135.767)
(775.814 0 -135.835)
(775.806 0 -135.832)
(775.828 0 -135.672)
(775.825 0 -135.421)
(775.808 0 -134.894)
(775.692 0 -133.794)
(775.275 0 -131.083)
(774.05 0 -125.284)
(771.489 0 -112.197)
(767.982 0 -90.2402)
(764.55 0 -66.6297)
(760.701 0 -40.813)
(757.649 0 -23.3866)
(756.623 0 -5.73075)
(754.254 0 -0.259599)
(755.012 0 8.84904)
(753.902 0 13.8506)
(753.145 0 19.8567)
(752.476 0 26.5086)
(751.683 0 33.9159)
(752.078 0 37.8289)
(753.532 0 42.6434)
(753.747 0 45.146)
(754.677 0 49.0413)
(756.26 0 51.802)
(756.78 0 54.6372)
(757.356 0 56.5904)
(758.246 0 58.7206)
(759.225 0 61.2872)
(760.069 0 64.3241)
(760.809 0 67.8818)
(761.356 0 70.8122)
(761.956 0 72.8348)
(761.952 0 74.3546)
(763.283 0 78.9561)
(763.853 0 82.8642)
(764.15 0 86.2117)
(765.095 0 87.1404)
(765.738 0 86.7737)
(766.581 0 87.9544)
(775.116 0 -135.732)
(775.097 0 -135.85)
(775.11 0 -135.87)
(775.149 0 -135.768)
(775.226 0 -135.661)
(775.269 0 -135.636)
(775.301 0 -135.621)
(775.355 0 -135.603)
(775.404 0 -135.624)
(775.401 0 -135.663)
(775.372 0 -135.679)
(775.326 0 -135.684)
(775.267 0 -135.68)
(775.211 0 -135.624)
(775.172 0 -135.487)
(775.141 0 -135.366)
(775.135 0 -135.324)
(775.165 0 -135.322)
(775.21 0 -135.323)
(775.279 0 -135.327)
(775.358 0 -135.338)
(775.434 0 -135.345)
(775.518 0 -135.357)
(775.61 0 -135.384)
(775.692 0 -135.426)
(775.758 0 -135.475)
(775.808 0 -135.519)
(775.843 0 -135.532)
(775.865 0 -135.526)
(775.871 0 -135.514)
(775.845 0 -135.499)
(775.788 0 -135.456)
(775.781 0 -135.402)
(775.805 0 -135.382)
(775.819 0 -135.383)
(775.84 0 -135.398)
(775.881 0 -135.445)
(775.891 0 -135.548)
(775.887 0 -135.595)
(775.881 0 -135.654)
(775.889 0 -135.677)
(775.912 0 -135.642)
(775.969 0 -135.518)
(776.059 0 -135.306)
(776.193 0 -134.995)
(776.328 0 -134.544)
(776.695 0 -133.708)
(776.603 0 -132.68)
(777.121 0 -129.46)
(777.346 0 -125.703)
(777.015 0 -116.608)
(775.921 0 -102.308)
(770.715 0 -73.3157)
(768.256 0 -46.9566)
(761.603 0 -10.3849)
(760.748 0 14.2093)
(757.505 0 35.1772)
(756.994 0 49.7072)
(757.133 0 59.8806)
(755.464 0 61.9447)
(755.263 0 60.4457)
(755.567 0 59.0401)
(756.364 0 56.324)
(757.134 0 56.7973)
(757.626 0 57.1183)
(758.186 0 60.4169)
(758.838 0 66.1888)
(759.113 0 71.079)
(760.281 0 78.0185)
(760.939 0 81.578)
(761.586 0 84.7531)
(762.257 0 86.0647)
(763.17 0 86.978)
(764.104 0 87.8998)
(764.417 0 87.305)
(764.36 0 87.1558)
(764.449 0 87.9035)
(765.266 0 90.7386)
(766.078 0 94.4154)
(767.05 0 96.4237)
(775.177 0 -135.328)
(775.222 0 -135.326)
(775.263 0 -135.358)
(775.302 0 -135.399)
(775.328 0 -135.418)
(775.35 0 -135.469)
(775.339 0 -135.542)
(775.38 0 -135.567)
(775.447 0 -135.556)
(775.482 0 -135.528)
(775.485 0 -135.491)
(775.467 0 -135.458)
(775.432 0 -135.433)
(775.37 0 -135.414)
(775.317 0 -135.381)
(775.309 0 -135.343)
(775.326 0 -135.331)
(775.357 0 -135.338)
(775.4 0 -135.345)
(775.448 0 -135.355)
(775.503 0 -135.383)
(775.555 0 -135.407)
(775.614 0 -135.422)
(775.692 0 -135.434)
(775.749 0 -135.445)
(775.788 0 -135.456)
(775.818 0 -135.467)
(775.845 0 -135.47)
(775.865 0 -135.471)
(775.869 0 -135.474)
(775.845 0 -135.476)
(775.797 0 -135.453)
(775.799 0 -135.431)
(775.828 0 -135.422)
(775.85 0 -135.419)
(775.88 0 -135.422)
(775.913 0 -135.484)
(775.909 0 -135.553)
(775.905 0 -135.586)
(775.901 0 -135.623)
(775.949 0 -135.537)
(776.008 0 -135.424)
(776.179 0 -135.083)
(776.304 0 -134.839)
(776.688 0 -134.008)
(776.893 0 -133.5)
(777.717 0 -131.517)
(777.975 0 -130.704)
(779.552 0 -126.761)
(779.875 0 -125.653)
(782.065 0 -119.651)
(784.157 0 -117.523)
(782.84 0 -108.006)
(783.374 0 -95.879)
(782.556 0 -78.282)
(779.684 0 -52.9329)
(774.808 0 -21.3955)
(771.696 0 5.33157)
(769.737 0 24.9433)
(770.211 0 38.3449)
(766.926 0 48.8655)
(765.543 0 55.6687)
(763.903 0 58.3858)
(763.138 0 62.067)
(762.683 0 66.9915)
(761.874 0 70.5671)
(761.245 0 71.8008)
(760.91 0 74.8442)
(762.633 0 77.105)
(762.098 0 81.4482)
(762.09 0 85.0775)
(761.869 0 88.8124)
(762.463 0 89.5388)
(763.311 0 89.8743)
(764.232 0 90.8529)
(765.183 0 92.6377)
(766.056 0 96.8354)
(766.168 0 97.7714)
(766.376 0 98.9406)
(766.864 0 100.627)
(775.416 0 -135.014)
(775.463 0 -134.982)
(775.485 0 -134.986)
(775.487 0 -135.055)
(775.474 0 -135.12)
(775.485 0 -135.14)
(775.511 0 -135.139)
(775.529 0 -135.147)
(775.55 0 -135.171)
(775.586 0 -135.204)
(775.619 0 -135.228)
(775.646 0 -135.234)
(775.653 0 -135.213)
(775.619 0 -135.159)
(775.539 0 -135.113)
(775.494 0 -135.098)
(775.502 0 -135.098)
(775.532 0 -135.109)
(775.56 0 -135.141)
(775.583 0 -135.199)
(775.642 0 -135.261)
(775.689 0 -135.297)
(775.713 0 -135.311)
(775.751 0 -135.307)
(775.789 0 -135.295)
(775.816 0 -135.278)
(775.834 0 -135.28)
(775.85 0 -135.295)
(775.856 0 -135.326)
(775.845 0 -135.356)
(775.832 0 -135.366)
(775.827 0 -135.329)
(775.831 0 -135.318)
(775.85 0 -135.352)
(775.877 0 -135.375)
(775.911 0 -135.41)
(775.928 0 -135.446)
(775.928 0 -135.467)
(775.935 0 -135.434)
(775.964 0 -135.36)
(776.068 0 -135.157)
(776.223 0 -134.881)
(776.487 0 -134.376)
(776.837 0 -133.683)
(777.396 0 -132.426)
(778.03 0 -131.002)
(779.051 0 -128.56)
(780.275 0 -125.762)
(781.749 0 -122.16)
(783.591 0 -118.021)
(785.36 0 -113.401)
(787.643 0 -107.771)
(788.756 0 -104.253)
(790.656 0 -97.8529)
(792.188 0 -92.8409)
(791.005 0 -81.1518)
(791.301 0 -68.5645)
(788.571 0 -46.4907)
(782.459 0 -12.5031)
(781.387 0 13.3947)
(771.508 0 55.4581)
(768.639 0 71.3608)
(768.62 0 84.6164)
(767.669 0 90.6964)
(766.293 0 95.894)
(766.018 0 94.6288)
(765.202 0 92.7087)
(764.567 0 90.5823)
(764.447 0 89.534)
(764.994 0 89.3603)
(765.071 0 88.1922)
(764.36 0 90.8575)
(765.297 0 95.758)
(764.855 0 99.5673)
(764.914 0 102.049)
(765.664 0 101.257)
(766.068 0 101.481)
(766.527 0 101.923)
(767.044 0 104.462)
(767.133 0 106.967)
(775.536 0 -134.663)
(775.571 0 -134.754)
(775.591 0 -134.781)
(775.592 0 -134.771)
(775.576 0 -134.759)
(775.566 0 -134.748)
(775.582 0 -134.733)
(775.621 0 -134.73)
(775.662 0 -134.744)
(775.703 0 -134.743)
(775.727 0 -134.723)
(775.741 0 -134.746)
(775.742 0 -134.804)
(775.738 0 -134.845)
(775.736 0 -134.846)
(775.737 0 -134.84)
(775.749 0 -134.873)
(775.774 0 -134.921)
(775.827 0 -134.953)
(775.886 0 -134.985)
(775.911 0 -135.017)
(775.955 0 -135.025)
(775.994 0 -135.008)
(776.01 0 -134.99)
(776.018 0 -134.982)
(776.011 0 -134.984)
(775.997 0 -134.995)
(775.967 0 -135.026)
(775.921 0 -135.072)
(775.88 0 -135.129)
(775.868 0 -135.206)
(775.889 0 -135.215)
(775.92 0 -135.192)
(775.944 0 -135.184)
(775.961 0 -135.206)
(775.953 0 -135.254)
(775.938 0 -135.268)
(775.94 0 -135.198)
(775.988 0 -135.039)
(776.115 0 -134.771)
(776.32 0 -134.383)
(776.672 0 -133.723)
(777.111 0 -132.835)
(777.876 0 -131.197)
(778.634 0 -129.418)
(779.952 0 -126.389)
(781.269 0 -123.137)
(783.271 0 -118.395)
(784.448 0 -115.406)
(787.444 0 -107.995)
(788.717 0 -104.788)
(791.168 0 -98.6217)
(792.363 0 -95.3195)
(795.171 0 -87.1171)
(795.9 0 -85.6149)
(797.664 0 -78.8304)
(799.39 0 -75.5818)
(797.82 0 -65.9112)
(797.982 0 -55.2959)
(796.622 0 -39.7195)
(789.595 0 -6.17989)
(786.32 0 18.9465)
(780.602 0 49.8823)
(774.729 0 73.8493)
(772.765 0 82.5137)
(772.241 0 86.6992)
(771.484 0 91.0049)
(769.664 0 92.7985)
(768.912 0 94.2241)
(769.616 0 95.5117)
(770.754 0 98.7196)
(770.455 0 101.167)
(769.934 0 98.8052)
(768.293 0 100.524)
(767.735 0 104.624)
(767.257 0 108.371)
(766.94 0 110.555)
(767.559 0 110.916)
(767.791 0 110.046)
(767.399 0 111.114)
(775.642 0 -134.212)
(775.638 0 -134.216)
(775.647 0 -134.229)
(775.661 0 -134.249)
(775.676 0 -134.251)
(775.685 0 -134.239)
(775.67 0 -134.201)
(775.648 0 -134.176)
(775.67 0 -134.221)
(775.717 0 -134.305)
(775.777 0 -134.361)
(775.854 0 -134.372)
(775.906 0 -134.349)
(775.898 0 -134.326)
(775.883 0 -134.32)
(775.874 0 -134.327)
(775.874 0 -134.369)
(775.874 0 -134.499)
(775.893 0 -134.69)
(775.925 0 -134.821)
(775.952 0 -134.867)
(775.999 0 -134.858)
(776.045 0 -134.823)
(776.048 0 -134.77)
(776.036 0 -134.745)
(776.005 0 -134.745)
(775.975 0 -134.757)
(775.924 0 -134.793)
(775.865 0 -134.887)
(775.826 0 -134.975)
(775.815 0 -135.012)
(775.829 0 -135.002)
(775.853 0 -134.991)
(775.902 0 -135.008)
(775.959 0 -135.006)
(776.001 0 -134.957)
(775.991 0 -134.885)
(776.037 0 -134.653)
(776.167 0 -134.307)
(776.471 0 -133.662)
(776.832 0 -132.926)
(777.57 0 -131.37)
(778.247 0 -129.871)
(779.639 0 -126.715)
(780.668 0 -124.24)
(782.957 0 -118.761)
(784.143 0 -115.915)
(786.767 0 -109.515)
(788.472 0 -105.271)
(791.202 0 -98.0025)
(791.949 0 -96.3214)
(794.997 0 -87.9733)
(796.241 0 -84.691)
(798.436 0 -78.3119)
(798.995 0 -77.1344)
(801.381 0 -69.0898)
(802.238 0 -67.5596)
(803.646 0 -61.8673)
(804.932 0 -59.3645)
(803.598 0 -51.2603)
(803.472 0 -42.8982)
(801.56 0 -27.6639)
(795.972 0 -0.907453)
(785.118 0 40.7341)
(783.226 0 55.0851)
(775.252 0 89.545)
(771.009 0 107.459)
(768.733 0 113.977)
(769.607 0 114.383)
(772.085 0 111.365)
(772.588 0 110.833)
(772.416 0 111.329)
(772.484 0 110.852)
(771.585 0 111.512)
(771.502 0 109.735)
(770.186 0 109.198)
(769.486 0 110.628)
(770.044 0 113.958)
(769.538 0 117.24)
(768.703 0 118.287)
(775.814 0 -133.859)
(775.769 0 -133.88)
(775.707 0 -133.938)
(775.674 0 -133.984)
(775.674 0 -133.98)
(775.738 0 -133.945)
(775.832 0 -133.943)
(775.889 0 -133.948)
(775.932 0 -133.945)
(775.956 0 -133.948)
(775.967 0 -133.953)
(775.975 0 -133.953)
(775.99 0 -133.925)
(775.996 0 -133.923)
(775.984 0 -133.982)
(775.95 0 -134.06)
(775.907 0 -134.136)
(775.877 0 -134.214)
(775.886 0 -134.278)
(775.907 0 -134.307)
(775.923 0 -134.311)
(775.94 0 -134.296)
(775.952 0 -134.265)
(775.958 0 -134.237)
(775.942 0 -134.231)
(775.908 0 -134.267)
(775.848 0 -134.347)
(775.791 0 -134.415)
(775.76 0 -134.48)
(775.745 0 -134.511)
(775.754 0 -134.535)
(775.794 0 -134.557)
(775.871 0 -134.554)
(775.953 0 -134.53)
(775.98 0 -134.521)
(776.036 0 -134.345)
(776.125 0 -134.112)
(776.387 0 -133.551)
(776.727 0 -132.86)
(777.382 0 -131.521)
(778.101 0 -129.988)
(779.398 0 -127.061)
(780.424 0 -124.65)
(782.558 0 -119.513)
(784.039 0 -116.01)
(786.502 0 -109.925)
(787.902 0 -106.382)
(791.02 0 -97.826)
(792.212 0 -95.6283)
(794.74 0 -88.9277)
(796.244 0 -84.5591)
(798.568 0 -77.2764)
(799.492 0 -76.055)
(801.387 0 -70.1113)
(802.636 0 -65.8466)
(803.99 0 -61.2899)
(804.986 0 -59.2133)
(806.23 0 -54.5795)
(807.256 0 -51.3752)
(807.928 0 -48.4765)
(808.506 0 -43.9906)
(807.9 0 -38.791)
(807.384 0 -31.2826)
(804.168 0 -15.3599)
(800.392 0 6.27923)
(787.991 0 50.8866)
(779.463 0 79.9103)
(780.766 0 82.9857)
(776.059 0 101.867)
(770.09 0 118.342)
(768.322 0 119.975)
(769.403 0 118.439)
(770.137 0 116.632)
(770.918 0 115.895)
(772.532 0 115.498)
(773.088 0 115.871)
(772.563 0 117.874)
(772.096 0 118.747)
(771.061 0 120.487)
(770.705 0 121.064)
(775.893 0 -133.702)
(775.829 0 -133.738)
(775.813 0 -133.734)
(775.828 0 -133.744)
(775.853 0 -133.753)
(775.92 0 -133.745)
(775.988 0 -133.725)
(776.043 0 -133.681)
(776.086 0 -133.647)
(776.122 0 -133.636)
(776.13 0 -133.646)
(776.096 0 -133.661)
(776.034 0 -133.669)
(775.992 0 -133.672)
(775.948 0 -133.678)
(775.9 0 -133.718)
(775.871 0 -133.789)
(775.854 0 -133.863)
(775.851 0 -133.937)
(775.872 0 -133.978)
(775.899 0 -133.98)
(775.908 0 -133.962)
(775.889 0 -133.946)
(775.856 0 -133.945)
(775.813 0 -133.973)
(775.782 0 -133.996)
(775.756 0 -134.014)
(775.734 0 -134.049)
(775.718 0 -134.069)
(775.716 0 -134.078)
(775.739 0 -134.057)
(775.771 0 -134.018)
(775.829 0 -133.936)
(775.917 0 -133.836)
(776.037 0 -133.675)
(776.288 0 -133.21)
(776.612 0 -132.612)
(777.263 0 -131.357)
(777.971 0 -129.995)
(779.268 0 -127.226)
(780.472 0 -124.514)
(782.347 0 -120.141)
(783.97 0 -116.125)
(786.439 0 -109.802)
(788.052 0 -106.081)
(790.582 0 -99.175)
(792.714 0 -93.3344)
(794.565 0 -88.6221)
(796.084 0 -85.0836)
(798.651 0 -76.5737)
(799.913 0 -73.3675)
(801.369 0 -70.1464)
(802.843 0 -65.7861)
(804.247 0 -60.0802)
(805.422 0 -56.464)
(806.072 0 -55.1763)
(807.619 0 -49.7032)
(808.168 0 -46.9803)
(809.284 0 -43.7601)
(809.868 0 -42.2561)
(811.088 0 -38.0282)
(810.612 0 -37.1298)
(811.763 0 -31.6058)
(811.264 0 -27.7714)
(810.279 0 -20.5417)
(806.48 0 -4.67474)
(800.817 0 18.6721)
(790.85 0 59.6633)
(777.299 0 102.115)
(774.658 0 102.1)
(774.662 0 108.867)
(770.469 0 120.92)
(767.95 0 124.949)
(768.943 0 124.23)
(771.719 0 123.46)
(773.265 0 122.816)
(772.626 0 122.298)
(772.177 0 122.869)
(771.995 0 123.534)
(772.356 0 124.804)
(775.98 0 -133.542)
(775.968 0 -133.575)
(775.958 0 -133.604)
(775.967 0 -133.614)
(776.003 0 -133.616)
(776.062 0 -133.601)
(776.119 0 -133.572)
(776.155 0 -133.532)
(776.165 0 -133.487)
(776.149 0 -133.452)
(776.118 0 -133.446)
(776.074 0 -133.456)
(776.025 0 -133.473)
(775.975 0 -133.476)
(775.926 0 -133.476)
(775.878 0 -133.502)
(775.844 0 -133.554)
(775.823 0 -133.62)
(775.807 0 -133.695)
(775.796 0 -133.767)
(775.79 0 -133.82)
(775.765 0 -133.814)
(775.712 0 -133.785)
(775.651 0 -133.735)
(775.607 0 -133.663)
(775.596 0 -133.631)
(775.596 0 -133.624)
(775.606 0 -133.622)
(775.64 0 -133.606)
(775.683 0 -133.597)
(775.712 0 -133.577)
(775.788 0 -133.496)
(775.903 0 -133.359)
(776.148 0 -132.919)
(776.462 0 -132.318)
(777.063 0 -131.067)
(777.766 0 -129.574)
(778.934 0 -127.05)
(780.124 0 -124.417)
(782.189 0 -119.631)
(783.683 0 -116.407)
(786.222 0 -110.127)
(788.359 0 -104.599)
(790.445 0 -99.5367)
(792.627 0 -93.7186)
(794.798 0 -86.6462)
(796.455 0 -82.6258)
(798.151 0 -78.6594)
(800.357 0 -71.4576)
(801.634 0 -66.7769)
(802.746 0 -65.1944)
(804.379 0 -60.4475)
(805.867 0 -53.951)
(806.45 0 -52.4435)
(807.766 0 -49.4384)
(808.418 0 -46.8049)
(809.457 0 -41.0404)
(809.801 0 -40.9441)
(811.187 0 -37.2322)
(811.44 0 -35.9954)
(812.351 0 -31.4091)
(812.687 0 -31.7808)
(813.579 0 -27.8266)
(814.146 0 -27.3905)
(813.591 0 -22.8023)
(813.331 0 -18.5009)
(812.145 0 -11.2922)
(807.543 0 6.1252)
(799.209 0 33.7141)
(791.254 0 65.6637)
(775.453 0 118.89)
(770.819 0 123.003)
(772.623 0 115.666)
(773.321 0 120.971)
(773.316 0 122.326)
(772.025 0 124.215)
(769.679 0 126)
(770.061 0 126.633)
(771.309 0 126.152)
(772.857 0 126.289)
(776.038 0 -133.389)
(776.02 0 -133.423)
(776.015 0 -133.467)
(776.018 0 -133.505)
(776.025 0 -133.537)
(776.047 0 -133.551)
(776.081 0 -133.523)
(776.094 0 -133.478)
(776.08 0 -133.428)
(776.049 0 -133.388)
(776.01 0 -133.363)
(775.967 0 -133.336)
(775.92 0 -133.307)
(775.866 0 -133.301)
(775.814 0 -133.315)
(775.768 0 -133.367)
(775.729 0 -133.442)
(775.705 0 -133.535)
(775.686 0 -133.639)
(775.653 0 -133.7)
(775.615 0 -133.699)
(775.583 0 -133.638)
(775.561 0 -133.579)
(775.556 0 -133.552)
(775.551 0 -133.511)
(775.55 0 -133.457)
(775.586 0 -133.379)
(775.606 0 -133.337)
(775.656 0 -133.257)
(775.748 0 -133.084)
(775.882 0 -132.826)
(776.097 0 -132.378)
(776.417 0 -131.696)
(776.899 0 -130.671)
(777.615 0 -129.171)
(778.761 0 -126.668)
(779.918 0 -124.327)
(781.842 0 -120.057)
(783.921 0 -115.214)
(786.04 0 -110.407)
(788.116 0 -105.282)
(790.936 0 -97.1109)
(792.819 0 -92.8474)
(794.737 0 -88.2309)
(797.276 0 -79.364)
(798.362 0 -76.032)
(800.267 0 -71.9208)
(802.096 0 -66.0989)
(803.505 0 -60.0894)
(804.208 0 -59.3039)
(806.04 0 -54.5428)
(807.035 0 -49.8861)
(807.942 0 -45.855)
(808.492 0 -46.2602)
(810.057 0 -40.9164)
(810.454 0 -37.9922)
(811.114 0 -34.9443)
(811.641 0 -35.258)
(812.713 0 -30.5661)
(813.041 0 -29.0783)
(813.596 0 -27.1782)
(814.164 0 -26.0831)
(814.78 0 -23.3837)
(815.382 0 -21.2623)
(815.343 0 -21.17)
(815.489 0 -18.5956)
(815.198 0 -15.5875)
(814.701 0 -11.3321)
(812.994 0 -3.38198)
(806.882 0 19.1996)
(797.985 0 51.0826)
(793.351 0 72.2031)
(776.652 0 119.807)
(770.328 0 134.389)
(771.31 0 128.934)
(769.429 0 127.633)
(769.589 0 127.007)
(770.438 0 126.457)
(771.269 0 126.195)
(771.431 0 126.978)
(775.95 0 -133.325)
(775.933 0 -133.394)
(775.926 0 -133.461)
(775.919 0 -133.513)
(775.914 0 -133.537)
(775.941 0 -133.526)
(775.963 0 -133.494)
(775.993 0 -133.421)
(776.002 0 -133.315)
(775.972 0 -133.27)
(775.929 0 -133.237)
(775.884 0 -133.21)
(775.837 0 -133.192)
(775.789 0 -133.217)
(775.741 0 -133.275)
(775.705 0 -133.358)
(775.672 0 -133.432)
(775.64 0 -133.488)
(775.602 0 -133.542)
(775.549 0 -133.572)
(775.491 0 -133.57)
(775.461 0 -133.512)
(775.433 0 -133.458)
(775.422 0 -133.4)
(775.457 0 -133.317)
(775.493 0 -133.209)
(775.533 0 -133.082)
(775.607 0 -132.9)
(775.734 0 -132.61)
(775.919 0 -132.193)
(776.213 0 -131.559)
(776.698 0 -130.531)
(777.378 0 -129.171)
(778.39 0 -127.102)
(779.989 0 -123.583)
(781.413 0 -120.615)
(783.622 0 -115.654)
(786.366 0 -108.718)
(788.475 0 -104.163)
(790.545 0 -99.2341)
(793.712 0 -89.4405)
(795.422 0 -84.9709)
(797.371 0 -81.4302)
(799.485 0 -73.9855)
(800.988 0 -66.9089)
(801.813 0 -66.3411)
(804.22 0 -59.7941)
(805.21 0 -54.7555)
(806.078 0 -51.8729)
(807.098 0 -50.2972)
(808.624 0 -43.6723)
(809.096 0 -41.7372)
(809.888 0 -40.0233)
(810.933 0 -37.4041)
(811.69 0 -32.6926)
(812.006 0 -31.7401)
(812.475 0 -30.6074)
(813.56 0 -26.8947)
(813.802 0 -25.3995)
(814.243 0 -23.9814)
(814.584 0 -23.1283)
(815.285 0 -19.9797)
(815.489 0 -20.228)
(816.086 0 -18.1779)
(816.25 0 -17.3151)
(816.594 0 -15.2204)
(816.98 0 -15.2189)
(816.445 0 -12.8471)
(816.287 0 -10.7812)
(815.393 0 -6.33222)
(813.229 0 3.25702)
(806.471 0 30.424)
(795.868 0 66.4044)
(792.591 0 80.1377)
(774.95 0 120.506)
(765.711 0 138.501)
(766.363 0 135.968)
(769.386 0 131.463)
(770.087 0 129.599)
(769.805 0 128.483)
(775.802 0 -133.286)
(775.798 0 -133.319)
(775.802 0 -133.346)
(775.811 0 -133.362)
(775.823 0 -133.374)
(775.839 0 -133.373)
(775.853 0 -133.35)
(775.864 0 -133.298)
(775.863 0 -133.246)
(775.846 0 -133.209)
(775.822 0 -133.191)
(775.799 0 -133.189)
(775.778 0 -133.188)
(775.753 0 -133.217)
(775.722 0 -133.276)
(775.686 0 -133.343)
(775.652 0 -133.387)
(775.617 0 -133.434)
(775.575 0 -133.471)
(775.522 0 -133.49)
(775.462 0 -133.486)
(775.424 0 -133.427)
(775.409 0 -133.344)
(775.422 0 -133.24)
(775.451 0 -133.094)
(775.504 0 -132.915)
(775.614 0 -132.646)
(775.81 0 -132.212)
(776.118 0 -131.558)
(776.592 0 -130.547)
(777.361 0 -128.853)
(778.261 0 -126.921)
(779.66 0 -123.86)
(781.677 0 -119.15)
(783.569 0 -114.984)
(785.605 0 -110.27)
(789.189 0 -100.714)
(791.238 0 -96.281)
(793.215 0 -92.3407)
(796.287 0 -82.218)
(798.133 0 -75.7043)
(799.529 0 -74.9249)
(802.101 0 -67.5191)
(803.28 0 -60.1836)
(804.098 0 -57.8678)
(805.595 0 -55.6104)
(807.164 0 -47.9847)
(807.624 0 -45.7934)
(808.47 0 -44.2267)
(809.89 0 -39.5139)
(810.41 0 -36.2275)
(810.883 0 -35.1581)
(811.818 0 -32.5085)
(812.571 0 -28.9232)
(812.764 0 -27.9972)
(813.35 0 -26.1675)
(813.989 0 -23.8198)
(814.446 0 -21.3534)
(814.586 0 -21.3227)
(815.181 0 -19.2137)
(815.655 0 -17.3734)
(815.912 0 -16.9037)
(816.306 0 -16.1565)
(816.665 0 -14.3964)
(816.838 0 -13.2338)
(816.883 0 -13.7319)
(817.237 0 -11.9538)
(817.146 0 -11.9441)
(817.352 0 -10.5318)
(817.238 0 -9.4546)
(816.791 0 -7.36252)
(815.276 0 -1.8543)
(812.413 0 9.47534)
(802.92 0 44.8335)
(786.278 0 91.5684)
(786.698 0 93.5565)
(780.166 0 118.043)
(769.478 0 132.859)
(768.094 0 134.056)
(767.183 0 132.858)
(775.646 0 -133.159)
(775.676 0 -133.149)
(775.704 0 -133.147)
(775.715 0 -133.157)
(775.72 0 -133.188)
(775.719 0 -133.207)
(775.722 0 -133.211)
(775.724 0 -133.191)
(775.727 0 -133.135)
(775.731 0 -133.109)
(775.733 0 -133.105)
(775.732 0 -133.114)
(775.725 0 -133.146)
(775.721 0 -133.199)
(775.719 0 -133.241)
(775.716 0 -133.318)
(775.688 0 -133.395)
(775.647 0 -133.441)
(775.594 0 -133.462)
(775.531 0 -133.466)
(775.483 0 -133.421)
(775.455 0 -133.346)
(775.465 0 -133.208)
(775.503 0 -133.025)
(775.586 0 -132.758)
(775.752 0 -132.325)
(776.059 0 -131.59)
(776.496 0 -130.588)
(777.208 0 -129)
(778.307 0 -126.493)
(779.568 0 -123.713)
(781.316 0 -119.758)
(784.064 0 -112.997)
(786.062 0 -108.526)
(788.345 0 -103.02)
(792.019 0 -92.6718)
(794.243 0 -87.054)
(795.862 0 -85.0275)
(798.906 0 -74.7812)
(800.613 0 -66.9196)
(801.929 0 -66.2792)
(804.201 0 -62.1893)
(805.552 0 -52.9451)
(806.053 0 -50.3286)
(807.1 0 -49.5423)
(808.797 0 -43.3266)
(809.195 0 -39.2383)
(809.637 0 -38.4975)
(810.817 0 -35.328)
(811.487 0 -31.2441)
(811.724 0 -30.5406)
(812.548 0 -28.2544)
(813.134 0 -25.7047)
(813.443 0 -23.9979)
(813.852 0 -22.4496)
(814.416 0 -20.067)
(814.687 0 -19.2237)
(814.968 0 -18.0799)
(815.295 0 -16.6341)
(815.638 0 -15.0604)
(815.91 0 -14.6132)
(816.152 0 -14.3921)
(816.524 0 -12.7478)
(816.69 0 -12.0109)
(816.808 0 -12.2514)
(816.83 0 -11.8402)
(816.964 0 -10.8711)
(817.139 0 -10.1986)
(817.28 0 -10.0718)
(817.249 0 -9.18574)
(817.135 0 -8.59925)
(816.936 0 -7.6052)
(816.312 0 -5.06044)
(813.879 0 3.0102)
(808.858 0 20.8753)
(799.245 0 62.6456)
(784.018 0 113.392)
(780.963 0 107.589)
(775.45 0 120.805)
(770.983 0 128.26)
(775.555 0 -132.885)
(775.594 0 -132.88)
(775.635 0 -132.889)
(775.646 0 -132.916)
(775.619 0 -132.951)
(775.608 0 -132.975)
(775.597 0 -132.993)
(775.583 0 -132.99)
(775.58 0 -132.961)
(775.617 0 -132.957)
(775.653 0 -132.983)
(775.679 0 -133.015)
(775.702 0 -133.076)
(775.708 0 -133.172)
(775.698 0 -133.222)
(775.69 0 -133.282)
(775.661 0 -133.351)
(775.609 0 -133.39)
(775.556 0 -133.376)
(775.504 0 -133.359)
(775.478 0 -133.28)
(775.495 0 -133.122)
(775.561 0 -132.877)
(775.713 0 -132.467)
(776.005 0 -131.763)
(776.489 0 -130.625)
(777.159 0 -129.092)
(778.2 0 -126.691)
(779.801 0 -122.852)
(781.394 0 -119.212)
(783.597 0 -113.917)
(786.96 0 -105.251)
(789.221 0 -99.8911)
(791.251 0 -94.8942)
(794.95 0 -83.4947)
(797.155 0 -77.3634)
(798.802 0 -75.9025)
(801.39 0 -67.3645)
(802.842 0 -58.3997)
(803.97 0 -57.3946)
(805.918 0 -55.8572)
(807.508 0 -46.7966)
(807.761 0 -42.9384)
(808.401 0 -43.05)
(810.002 0 -39.0425)
(810.487 0 -33.6128)
(810.717 0 -32.7463)
(811.535 0 -31.2013)
(812.257 0 -27.0765)
(812.437 0 -25.5558)
(812.94 0 -24.3857)
(813.685 0 -21.8602)
(813.987 0 -20.218)
(814.186 0 -19.1139)
(814.573 0 -17.2071)
(814.779 0 -16.273)
(815.106 0 -15.2153)
(815.491 0 -13.5336)
(815.609 0 -12.896)
(815.791 0 -12.1684)
(816.015 0 -11.6885)
(816.265 0 -11.0298)
(816.359 0 -10.8195)
(816.498 0 -10.3551)
(816.676 0 -9.87195)
(816.824 0 -8.97211)
(816.925 0 -8.90899)
(817.01 0 -9.1386)
(816.969 0 -9.13267)
(816.853 0 -9.12303)
(816.856 0 -8.86884)
(816.819 0 -8.39445)
(816.774 0 -7.81256)
(816.424 0 -6.39082)
(815.279 0 -2.14503)
(811.665 0 10.8589)
(806.865 0 33.2451)
(789.05 0 90.4709)
(781.096 0 114.58)
(775.268 0 122.552)
(775.611 0 -132.566)
(775.655 0 -132.554)
(775.667 0 -132.561)
(775.644 0 -132.598)
(775.583 0 -132.664)
(775.528 0 -132.74)
(775.517 0 -132.772)
(775.504 0 -132.787)
(775.506 0 -132.785)
(775.553 0 -132.791)
(775.621 0 -132.82)
(775.674 0 -132.859)
(775.699 0 -132.906)
(775.692 0 -132.981)
(775.669 0 -133.072)
(775.628 0 -133.124)
(775.578 0 -133.177)
(775.538 0 -133.202)
(775.507 0 -133.194)
(775.506 0 -133.079)
(775.551 0 -132.845)
(775.675 0 -132.455)
(775.94 0 -131.791)
(776.43 0 -130.635)
(777.196 0 -128.869)
(778.179 0 -126.608)
(779.823 0 -122.684)
(781.996 0 -117.192)
(783.792 0 -113.001)
(786.449 0 -106.042)
(790.437 0 -95.0413)
(792.715 0 -89.6932)
(794.259 0 -85.7762)
(797.548 0 -74.3134)
(799.817 0 -66.9711)
(801.65 0 -65.7521)
(803.73 0 -59.6226)
(804.701 0 -50.5771)
(805.516 0 -48.9276)
(807.242 0 -48.6043)
(809.156 0 -41.2248)
(809.189 0 -36.3288)
(809.423 0 -36.5103)
(810.669 0 -34.5142)
(811.373 0 -29.1052)
(811.576 0 -27.3447)
(812.075 0 -27.1021)
(812.856 0 -23.5087)
(812.858 0 -21.371)
(813 0 -21.017)
(813.811 0 -18.8517)
(814.182 0 -17.3235)
(814.29 0 -16.6645)
(814.602 0 -14.8675)
(814.804 0 -13.6185)
(814.901 0 -13.3142)
(815.248 0 -12.0725)
(815.445 0 -11.0681)
(815.496 0 -11.1011)
(815.642 0 -10.3591)
(815.811 0 -9.75023)
(816.019 0 -9.1474)
(816.177 0 -9.04631)
(816.264 0 -8.57338)
(816.288 0 -8.4228)
(816.36 0 -8.37695)
(816.457 0 -8.47006)
(816.54 0 -8.36463)
(816.629 0 -7.93473)
(816.706 0 -7.93834)
(816.77 0 -7.76561)
(816.621 0 -7.87121)
(816.569 0 -7.74079)
(816.545 0 -7.52153)
(816.412 0 -6.84961)
(815.809 0 -4.52925)
(814.067 0 2.03348)
(808.229 0 22.3338)
(799.285 0 55.1403)
(782.152 0 105.532)
(775.651 0 -132.339)
(775.634 0 -132.362)
(775.587 0 -132.391)
(775.538 0 -132.413)
(775.501 0 -132.459)
(775.476 0 -132.512)
(775.471 0 -132.533)
(775.472 0 -132.549)
(775.488 0 -132.55)
(775.537 0 -132.537)
(775.608 0 -132.536)
(775.657 0 -132.552)
(775.659 0 -132.612)
(775.62 0 -132.724)
(775.582 0 -132.789)
(775.538 0 -132.877)
(775.516 0 -132.9)
(775.512 0 -132.848)
(775.546 0 -132.659)
(775.663 0 -132.26)
(775.912 0 -131.605)
(776.383 0 -130.489)
(777.252 0 -128.446)
(778.339 0 -125.974)
(779.785 0 -122.468)
(782.48 0 -115.531)
(784.922 0 -109.25)
(786.147 0 -105.644)
(790.273 0 -94.5268)
(794.121 0 -82.3099)
(795.986 0 -79.3891)
(797.068 0 -76.6638)
(800.018 0 -64.4029)
(802.199 0 -56.2421)
(804.18 0 -55.1304)
(805.883 0 -52.0605)
(806.158 0 -43.5312)
(806.698 0 -40.6958)
(808.127 0 -40.8442)
(810.498 0 -35.7121)
(810.495 0 -30.7105)
(810.364 0 -30.2093)
(810.994 0 -29.6344)
(811.867 0 -25.0671)
(812.134 0 -22.6822)
(812.552 0 -22.582)
(813.344 0 -20.7331)
(813.349 0 -17.4148)
(813.201 0 -17.3372)
(813.857 0 -15.861)
(814.399 0 -13.8836)
(814.593 0 -13.1012)
(814.73 0 -12.5456)
(814.85 0 -11.5315)
(814.987 0 -10.7866)
(815.177 0 -10.2512)
(815.321 0 -9.87904)
(815.423 0 -9.52032)
(815.51 0 -9.16641)
(815.66 0 -8.56374)
(815.78 0 -8.27119)
(815.893 0 -8.13808)
(815.947 0 -8.02749)
(815.972 0 -7.75213)
(816.028 0 -7.6665)
(816.14 0 -7.61277)
(816.266 0 -7.44106)
(816.313 0 -7.40064)
(816.329 0 -7.32441)
(816.374 0 -7.40653)
(816.407 0 -7.39545)
(816.373 0 -7.31894)
(816.353 0 -7.34554)
(816.459 0 -7.24431)
(816.465 0 -7.14963)
(816.405 0 -6.77106)
(816.106 0 -5.59169)
(814.929 0 -1.42918)
(812.252 0 8.1371)
(796.004 0 59.1217)
(775.615 0 -132.391)
(775.573 0 -132.429)
(775.492 0 -132.463)
(775.438 0 -132.49)
(775.416 0 -132.505)
(775.386 0 -132.511)
(775.356 0 -132.51)
(775.345 0 -132.511)
(775.363 0 -132.502)
(775.417 0 -132.46)
(775.481 0 -132.449)
(775.492 0 -132.45)
(775.497 0 -132.457)
(775.52 0 -132.503)
(775.521 0 -132.525)
(775.52 0 -132.509)
(775.537 0 -132.397)
(775.64 0 -132.037)
(775.908 0 -131.313)
(776.38 0 -130.165)
(777.289 0 -128.002)
(778.669 0 -124.763)
(779.978 0 -121.544)
(782.758 0 -114.595)
(786.143 0 -104.411)
(787.603 0 -101.368)
(789.062 0 -95.6743)
(795.098 0 -78.2239)
(797.45 0 -68.7521)
(798.609 0 -70.8019)
(799.66 0 -67.457)
(802.575 0 -53.4399)
(804.308 0 -45.715)
(806.247 0 -45.3963)
(807.879 0 -45.049)
(807.408 0 -37.4276)
(807.719 0 -32.9981)
(808.856 0 -33.0683)
(811.307 0 -30.6824)
(811.624 0 -25.9412)
(811.281 0 -25.0927)
(811.339 0 -25.3085)
(812.261 0 -22.0313)
(812.639 0 -18.8091)
(812.985 0 -18.2855)
(813.627 0 -17.9043)
(813.901 0 -15.0408)
(813.73 0 -14.1561)
(813.917 0 -13.7659)
(814.589 0 -11.4737)
(814.703 0 -11.2362)
(814.776 0 -11.0814)
(815.027 0 -10.1796)
(815.179 0 -9.42181)
(815.305 0 -8.80515)
(815.401 0 -8.57719)
(815.483 0 -8.45579)
(815.603 0 -7.97505)
(815.686 0 -7.75737)
(815.776 0 -7.6996)
(815.874 0 -7.65557)
(815.978 0 -7.25608)
(815.976 0 -7.07927)
(815.999 0 -6.88742)
(816.054 0 -6.86264)
(816.138 0 -6.80215)
(816.195 0 -6.87884)
(816.223 0 -6.90794)
(816.246 0 -6.96986)
(816.302 0 -6.98617)
(816.336 0 -7.0594)
(816.349 0 -6.92938)
(816.351 0 -6.9956)
(816.427 0 -6.88155)
(816.406 0 -6.93753)
(816.493 0 -6.71959)
(816.468 0 -6.48413)
(816.319 0 -5.78777)
(815.799 0 -3.71034)
(810.272 0 14.6354)
(775.531 0 -132.456)
(775.465 0 -132.513)
(775.389 0 -132.578)
(775.353 0 -132.6)
(775.328 0 -132.601)
(775.291 0 -132.591)
(775.266 0 -132.56)
(775.265 0 -132.512)
(775.289 0 -132.443)
(775.318 0 -132.393)
(775.325 0 -132.381)
(775.336 0 -132.369)
(775.352 0 -132.345)
(775.369 0 -132.281)
(775.404 0 -132.119)
(775.511 0 -131.772)
(775.791 0 -131.065)
(776.298 0 -129.911)
(777.222 0 -127.746)
(778.829 0 -123.888)
(780.318 0 -120.237)
(782.782 0 -113.863)
(786.944 0 -101.165)
(789.427 0 -95.2247)
(788.789 0 -94.3557)
(795.012 0 -78.2956)
(798.675 0 -61.2293)
(800.08 0 -59.6165)
(800.587 0 -64.6186)
(802.199 0 -56.7615)
(805.236 0 -42.6465)
(806.194 0 -36.8213)
(808.11 0 -37.3084)
(809.683 0 -38.9624)
(808.895 0 -33.0347)
(808.957 0 -27.2164)
(809.672 0 -26.2251)
(811.841 0 -25.8375)
(812.865 0 -21.8128)
(812.3 0 -20.1614)
(811.986 0 -20.6189)
(813.082 0 -18.5117)
(813.683 0 -15.3188)
(813.859 0 -14.2911)
(814.165 0 -14.5732)
(814.501 0 -12.8881)
(814.485 0 -11.2929)
(814.616 0 -11.3558)
(815.092 0 -10.6174)
(815.284 0 -9.33109)
(815.259 0 -9.26549)
(815.372 0 -8.99448)
(815.616 0 -8.34042)
(815.729 0 -8.17776)
(815.785 0 -8.02291)
(815.805 0 -7.90024)
(815.849 0 -7.61324)
(815.95 0 -7.20994)
(816.023 0 -7.0666)
(816.139 0 -6.95099)
(816.255 0 -6.78756)
(816.252 0 -6.55972)
(816.233 0 -6.39875)
(816.24 0 -6.35374)
(816.273 0 -6.28945)
(816.297 0 -6.2748)
(816.318 0 -6.32408)
(816.36 0 -6.47929)
(816.413 0 -6.56316)
(816.468 0 -6.6612)
(816.522 0 -6.62934)
(816.53 0 -6.59955)
(816.537 0 -6.56992)
(816.56 0 -6.43758)
(816.56 0 -6.46705)
(816.615 0 -6.30717)
(816.691 0 -6.15226)
(816.695 0 -5.97738)
(816.654 0 -5.55735)
(815.588 0 -1.43548)
(775.398 0 -132.675)
(775.333 0 -132.675)
(775.295 0 -132.67)
(775.28 0 -132.669)
(775.256 0 -132.661)
(775.23 0 -132.635)
(775.208 0 -132.589)
(775.202 0 -132.53)
(775.218 0 -132.479)
(775.229 0 -132.456)
(775.232 0 -132.44)
(775.228 0 -132.4)
(775.234 0 -132.29)
(775.297 0 -132.006)
(775.531 0 -131.323)
(776.006 0 -130.12)
(776.855 0 -128.005)
(778.534 0 -123.893)
(780.28 0 -119.682)
(782.452 0 -113.837)
(787.163 0 -99.8585)
(790.452 0 -90.7701)
(789.235 0 -92.0401)
(794.243 0 -79.0277)
(799.888 0 -57.844)
(800.974 0 -51.673)
(802.102 0 -57.4187)
(802.219 0 -57.6134)
(805.459 0 -44.4932)
(807.665 0 -33.3151)
(808.265 0 -30.7273)
(810.02 0 -32.0424)
(810.754 0 -33.4679)
(810.388 0 -29.4222)
(811.142 0 -24.2033)
(810.914 0 -21.3645)
(812.512 0 -21.2883)
(813.997 0 -20.0165)
(813.348 0 -17.2805)
(812.941 0 -17.2335)
(813.491 0 -16.5507)
(814.737 0 -13.4086)
(814.965 0 -12.2066)
(815.103 0 -12.1591)
(815.158 0 -11.5069)
(815.192 0 -9.80865)
(815.374 0 -9.23366)
(815.727 0 -9.26294)
(816.061 0 -8.61874)
(816.007 0 -7.84128)
(815.901 0 -7.89444)
(816.019 0 -7.91284)
(816.261 0 -7.36567)
(816.371 0 -7.09966)
(816.419 0 -7.15227)
(816.414 0 -7.08065)
(816.429 0 -6.87298)
(816.472 0 -6.73504)
(816.525 0 -6.70671)
(816.605 0 -6.66569)
(816.644 0 -6.51756)
(816.595 0 -6.26993)
(816.555 0 -6.16115)
(816.554 0 -6.13011)
(816.571 0 -6.13163)
(816.572 0 -6.10636)
(816.567 0 -6.13276)
(816.584 0 -6.21461)
(816.62 0 -6.29183)
(816.661 0 -6.32939)
(816.705 0 -6.31394)
(816.751 0 -6.30353)
(816.788 0 -6.25815)
(816.8 0 -6.1409)
(816.797 0 -6.03678)
(816.806 0 -6.02994)
(816.877 0 -5.86029)
(816.98 0 -5.85749)
(817.016 0 -5.75073)
(816.865 0 -4.80732)
(775.049 0 -132.712)
(775.027 0 -132.811)
(775.029 0 -132.843)
(775.036 0 -132.862)
(775.047 0 -132.85)
(775.047 0 -132.769)
(775.063 0 -132.668)
(775.084 0 -132.563)
(775.075 0 -132.506)
(775.08 0 -132.481)
(775.095 0 -132.409)
(775.141 0 -132.213)
(775.295 0 -131.706)
(775.662 0 -130.685)
(776.345 0 -128.888)
(777.907 0 -125.009)
(779.847 0 -120.357)
(781.799 0 -114.962)
(786.794 0 -100.41)
(790.673 0 -88.7977)
(789.597 0 -90.6712)
(793.85 0 -79.121)
(800.555 0 -56.0118)
(801.614 0 -47.2737)
(803.171 0 -52.238)
(803.251 0 -55.1965)
(806.049 0 -44.7366)
(809.118 0 -32.5446)
(809.504 0 -27.7397)
(810.5 0 -27.4272)
(811.942 0 -29.0703)
(811.901 0 -28.4448)
(811.712 0 -24.4289)
(812.615 0 -21.149)
(813.002 0 -17.927)
(813.955 0 -16.8935)
(815.447 0 -17.606)
(814.617 0 -16.1975)
(814.366 0 -13.9205)
(814.499 0 -13.5949)
(815.73 0 -12.0907)
(816.164 0 -10.6909)
(816.215 0 -10.5698)
(816.049 0 -10.0933)
(815.97 0 -8.93171)
(816.123 0 -8.15462)
(816.311 0 -7.91043)
(816.66 0 -7.77103)
(816.724 0 -7.46644)
(816.569 0 -6.97187)
(816.531 0 -6.93339)
(816.682 0 -6.94605)
(816.814 0 -6.62821)
(816.876 0 -6.53681)
(816.914 0 -6.61759)
(816.915 0 -6.54347)
(816.939 0 -6.41967)
(816.981 0 -6.40362)
(817.022 0 -6.40789)
(817.067 0 -6.33003)
(817.037 0 -6.18867)
(816.968 0 -6.09647)
(816.928 0 -6.05196)
(816.924 0 -6.04005)
(816.927 0 -5.9983)
(816.914 0 -5.88086)
(816.883 0 -5.7691)
(816.862 0 -5.74744)
(816.861 0 -5.76441)
(816.879 0 -5.80013)
(816.92 0 -5.79977)
(816.982 0 -5.79776)
(817.032 0 -5.79408)
(817.047 0 -5.66213)
(817.023 0 -5.61694)
(817.023 0 -5.50242)
(817.065 0 -5.51246)
(817.13 0 -5.47742)
(817.241 0 -5.64542)
(817.23 0 -5.46255)
(774.858 0 -132.711)
(774.845 0 -132.756)
(774.839 0 -132.772)
(774.831 0 -132.793)
(774.814 0 -132.781)
(774.791 0 -132.708)
(774.785 0 -132.601)
(774.79 0 -132.5)
(774.801 0 -132.461)
(774.827 0 -132.382)
(774.924 0 -132.102)
(775.204 0 -131.377)
(775.764 0 -129.951)
(777.076 0 -126.683)
(779.094 0 -121.776)
(780.912 0 -116.682)
(785.841 0 -102.754)
(790.408 0 -88.7029)
(789.616 0 -90.2566)
(793.247 0 -80.0736)
(801.143 0 -55.0615)
(802.584 0 -44.4827)
(803.869 0 -50.1089)
(803.72 0 -52.783)
(807.103 0 -42.8304)
(810.059 0 -31.5636)
(810.884 0 -26.7996)
(811.591 0 -26.0011)
(812.834 0 -26.2527)
(813.319 0 -26.5519)
(812.674 0 -23.9893)
(813.16 0 -20.7334)
(814.029 0 -17.6522)
(814.083 0 -16.0176)
(815.066 0 -15.3682)
(816.302 0 -15.6946)
(815.916 0 -14.623)
(815.263 0 -11.8243)
(815.484 0 -10.9922)
(816.207 0 -10.8258)
(816.977 0 -9.59041)
(816.937 0 -9.2426)
(816.606 0 -9.23629)
(816.442 0 -8.62351)
(816.59 0 -8.03235)
(816.705 0 -7.61728)
(816.878 0 -7.42843)
(817.076 0 -7.22701)
(816.992 0 -6.99974)
(816.865 0 -6.64572)
(816.91 0 -6.63853)
(817.019 0 -6.68016)
(817.126 0 -6.32302)
(817.155 0 -6.17443)
(817.177 0 -6.27108)
(817.196 0 -6.2155)
(817.223 0 -6.07641)
(817.263 0 -6.09121)
(817.279 0 -6.15741)
(817.245 0 -6.15124)
(817.209 0 -6.10474)
(817.175 0 -6.03297)
(817.159 0 -5.9175)
(817.151 0 -5.80707)
(817.107 0 -5.74778)
(817.047 0 -5.71071)
(817.002 0 -5.70496)
(816.979 0 -5.66963)
(816.975 0 -5.56715)
(816.981 0 -5.44504)
(817.007 0 -5.42207)
(817.046 0 -5.46702)
(817.074 0 -5.56026)
(817.079 0 -5.50278)
(817.054 0 -5.52236)
(817.034 0 -5.46788)
(817.045 0 -5.50459)
(817.077 0 -5.43326)
(817.149 0 -5.53135)
(817.228 0 -5.57844)
(774.696 0 -132.846)
(774.683 0 -132.876)
(774.674 0 -132.861)
(774.671 0 -132.822)
(774.66 0 -132.712)
(774.656 0 -132.567)
(774.634 0 -132.46)
(774.62 0 -132.396)
(774.654 0 -132.298)
(774.796 0 -131.925)
(775.161 0 -131)
(776.072 0 -128.719)
(777.889 0 -124.335)
(779.704 0 -119.461)
(784.282 0 -106.857)
(789.426 0 -91.3578)
(789.231 0 -91.273)
(793.035 0 -80.8056)
(801.164 0 -54.8052)
(803.046 0 -44.0033)
(804.337 0 -50.6146)
(804.63 0 -51.0813)
(808.661 0 -38.3124)
(810.816 0 -29.7771)
(811.124 0 -27.0599)
(811.791 0 -25.4185)
(812.863 0 -24.0266)
(814.105 0 -22.9737)
(814.207 0 -22.0219)
(813.634 0 -20.084)
(814.054 0 -17.6708)
(814.289 0 -15.6507)
(814.727 0 -13.7074)
(815.756 0 -12.4891)
(816.669 0 -12.7341)
(816.198 0 -12.3635)
(815.746 0 -10.5686)
(815.828 0 -9.41028)
(816.268 0 -9.23084)
(817.108 0 -8.6765)
(816.96 0 -8.056)
(816.635 0 -8.12544)
(816.309 0 -8.25136)
(816.512 0 -7.79753)
(816.711 0 -7.38768)
(816.854 0 -7.23732)
(816.99 0 -6.99224)
(816.964 0 -6.80282)
(816.811 0 -6.6536)
(816.822 0 -6.24472)
(816.899 0 -6.10983)
(816.981 0 -5.95744)
(816.941 0 -5.7241)
(816.937 0 -5.80059)
(816.952 0 -5.9968)
(816.999 0 -6.00143)
(817.043 0 -5.91951)
(817.076 0 -5.86263)
(817.059 0 -5.78181)
(816.956 0 -5.65749)
(816.898 0 -5.62933)
(816.883 0 -5.66172)
(816.89 0 -5.67024)
(816.901 0 -5.602)
(816.848 0 -5.44231)
(816.735 0 -5.27493)
(816.663 0 -5.25439)
(816.643 0 -5.34316)
(816.651 0 -5.39164)
(816.673 0 -5.37638)
(816.689 0 -5.26041)
(816.678 0 -5.18049)
(816.659 0 -5.1559)
(816.635 0 -5.14988)
(816.611 0 -5.08652)
(816.577 0 -5.05296)
(816.552 0 -5.06649)
(816.545 0 -5.08735)
(816.579 0 -5.20283)
(816.676 0 -5.34133)
(774.587 0 -133.776)
(774.513 0 -133.676)
(774.456 0 -133.522)
(774.443 0 -133.293)
(774.466 0 -133.16)
(774.461 0 -133.089)
(774.362 0 -133.035)
(774.379 0 -132.922)
(774.541 0 -132.433)
(775.053 0 -131.064)
(776.4 0 -127.724)
(778.112 0 -123.27)
(782.024 0 -112.8)
(787.484 0 -96.873)
(788.3 0 -94.1639)
(792.296 0 -82.7376)
(800.428 0 -56.1504)
(803.424 0 -45.3925)
(803.775 0 -52.2258)
(804.179 0 -51.0997)
(809.319 0 -35.9355)
(811.462 0 -27.3208)
(810.867 0 -29.0684)
(811.331 0 -27.4851)
(812.594 0 -22.5183)
(813.125 0 -20.4353)
(813.698 0 -20.7244)
(813.527 0 -20.5124)
(813.531 0 -18.8043)
(814.16 0 -16.4598)
(814.198 0 -14.2981)
(814.548 0 -12.2638)
(815.492 0 -10.9331)
(816.16 0 -11.0093)
(815.536 0 -10.8567)
(815.164 0 -10.0942)
(815.325 0 -9.31777)
(815.493 0 -8.55087)
(816.147 0 -8.41805)
(816.416 0 -8.32837)
(815.973 0 -8.06999)
(815.6 0 -8.18188)
(815.624 0 -8.06773)
(816.017 0 -7.41414)
(816.214 0 -6.96319)
(816.312 0 -6.6357)
(816.231 0 -6.3608)
(816 0 -6.3409)
(815.955 0 -6.30836)
(816.028 0 -6.14763)
(816.109 0 -6.08073)
(816.163 0 -6.00908)
(816.1 0 -5.78189)
(816.017 0 -5.70365)
(816.016 0 -5.82881)
(816.034 0 -5.89381)
(816.068 0 -5.95965)
(816.097 0 -5.96176)
(816.083 0 -5.83546)
(815.949 0 -5.53092)
(815.814 0 -5.33682)
(815.774 0 -5.38628)
(815.775 0 -5.52071)
(815.785 0 -5.60304)
(815.778 0 -5.5385)
(815.7 0 -5.23472)
(815.575 0 -4.96651)
(815.514 0 -4.93885)
(815.513 0 -5.0286)
(815.532 0 -5.08457)
(815.538 0 -5.11671)
(815.5 0 -5.07296)
(815.427 0 -5.10531)
(815.358 0 -5.10933)
(815.309 0 -5.21584)
(815.267 0 -5.23643)
(815.225 0 -5.21944)
(815.192 0 -5.10715)
(815.195 0 -5.07774)
(815.263 0 -5.13941)
(774.455 0 -133.968)
(774.349 0 -133.811)
(774.301 0 -133.612)
(774.257 0 -133.333)
(774.246 0 -133.251)
(774.103 0 -133.248)
(774.063 0 -133.173)
(774.177 0 -132.641)
(774.853 0 -130.768)
(776.217 0 -127.247)
(779.053 0 -119.762)
(784.451 0 -104.93)
(786.743 0 -98.4454)
(790.694 0 -87.0487)
(799.251 0 -59.4154)
(802.529 0 -48.6554)
(801.818 0 -56.1769)
(804.316 0 -49.6759)
(809.19 0 -31.85)
(810.777 0 -27.0499)
(809.423 0 -30.2969)
(810.42 0 -27.9028)
(812.233 0 -22.1331)
(812.773 0 -18.2015)
(812.641 0 -18.8783)
(812.119 0 -19.8556)
(812.042 0 -18.8862)
(812.5 0 -16.7131)
(813.161 0 -14.2318)
(813.633 0 -12.2944)
(813.894 0 -11.0761)
(814.506 0 -10.0559)
(814.836 0 -9.554)
(814.175 0 -9.39273)
(813.732 0 -9.17707)
(813.848 0 -8.75397)
(814.04 0 -7.98813)
(814.343 0 -7.7235)
(814.827 0 -7.74733)
(814.648 0 -7.4118)
(814.116 0 -7.09599)
(813.893 0 -7.15234)
(814.203 0 -6.84827)
(814.482 0 -6.38865)
(814.611 0 -6.11976)
(814.603 0 -5.90537)
(814.353 0 -5.77647)
(814.114 0 -5.85282)
(814.095 0 -5.95695)
(814.142 0 -6.03544)
(814.211 0 -6.12786)
(814.295 0 -6.13503)
(814.3 0 -5.8702)
(814.176 0 -5.49979)
(814.059 0 -5.26324)
(813.999 0 -5.19301)
(813.982 0 -5.25119)
(813.968 0 -5.43701)
(813.931 0 -5.54885)
(813.843 0 -5.43502)
(813.713 0 -5.08076)
(813.606 0 -4.85125)
(813.547 0 -4.89772)
(813.522 0 -5.08729)
(813.506 0 -5.23037)
(813.488 0 -5.15713)
(813.414 0 -4.84385)
(813.289 0 -4.61516)
(813.213 0 -4.60313)
(813.181 0 -4.79728)
(813.145 0 -4.94401)
(813.085 0 -5.0272)
(813.002 0 -4.97201)
(812.901 0 -4.85499)
(812.811 0 -4.73224)
(812.733 0 -4.70873)
(812.663 0 -4.73294)
(812.604 0 -4.68539)
(812.581 0 -4.68941)
(812.589 0 -4.76746)
(774.31 0 -134.857)
(774.211 0 -134.622)
(774.111 0 -134.396)
(773.961 0 -134.166)
(773.784 0 -134.237)
(773.612 0 -134.272)
(773.627 0 -133.678)
(774.24 0 -131.612)
(775.818 0 -127.046)
(780.021 0 -115.525)
(783.614 0 -105.856)
(787.644 0 -94.2818)
(795.994 0 -67.4808)
(800.099 0 -56.067)
(799.92 0 -59.8039)
(802.777 0 -49.7679)
(806.982 0 -32.1334)
(808.573 0 -27.2027)
(807.818 0 -31.6539)
(808.591 0 -29.6654)
(809.904 0 -22.1908)
(809.865 0 -19.6924)
(810.222 0 -21.2849)
(810.689 0 -20.6873)
(810.781 0 -17.7814)
(810.093 0 -16.3858)
(809.773 0 -15.988)
(810.572 0 -14.0257)
(811.433 0 -11.639)
(811.798 0 -10.0989)
(812.224 0 -9.08536)
(812.507 0 -8.66364)
(811.751 0 -9.13378)
(811.069 0 -9.40561)
(811.14 0 -9.0636)
(811.446 0 -8.28261)
(811.611 0 -7.65999)
(811.981 0 -7.3012)
(812.149 0 -7.03072)
(811.534 0 -6.76744)
(811.157 0 -6.72255)
(811.156 0 -6.74359)
(811.377 0 -6.6164)
(811.503 0 -6.51564)
(811.569 0 -6.49757)
(811.516 0 -6.49239)
(811.29 0 -6.29396)
(811.062 0 -5.85192)
(810.946 0 -5.47269)
(810.927 0 -5.40072)
(810.986 0 -5.54897)
(811.011 0 -5.80778)
(810.996 0 -5.96353)
(810.931 0 -5.85771)
(810.803 0 -5.51367)
(810.64 0 -5.14601)
(810.501 0 -4.96627)
(810.411 0 -5.09932)
(810.329 0 -5.33795)
(810.23 0 -5.49418)
(810.154 0 -5.4862)
(810.077 0 -5.21333)
(809.958 0 -4.85293)
(809.857 0 -4.68244)
(809.814 0 -4.75103)
(809.785 0 -4.85966)
(809.723 0 -4.89496)
(809.602 0 -4.81451)
(809.459 0 -4.6346)
(809.337 0 -4.54005)
(809.237 0 -4.62814)
(809.132 0 -4.76982)
(809.01 0 -4.89053)
(808.883 0 -4.9032)
(808.758 0 -4.84979)
(808.639 0 -4.76124)
(808.527 0 -4.68323)
(808.43 0 -4.6143)
(808.37 0 -4.58981)
(808.298 0 -4.62475)
(774.147 0 -135.113)
(773.99 0 -134.857)
(773.846 0 -134.531)
(773.442 0 -134.449)
(773.009 0 -134.702)
(772.822 0 -134.272)
(773.278 0 -132.144)
(775.397 0 -125.77)
(779.295 0 -114.85)
(782.818 0 -103.92)
(790.606 0 -80.747)
(796.201 0 -63.2355)
(796.019 0 -63.8997)
(799.832 0 -52.5031)
(805.336 0 -31.3625)
(805.739 0 -28.4459)
(803.615 0 -33.6482)
(805.415 0 -29.1577)
(807.366 0 -20.5639)
(807.217 0 -19.4648)
(806.647 0 -21.8451)
(806.375 0 -21.8082)
(806.989 0 -18.8618)
(807.594 0 -15.4365)
(807.183 0 -15.0178)
(806.45 0 -15.1289)
(806.809 0 -12.7976)
(807.501 0 -9.52932)
(807.878 0 -8.34909)
(808.236 0 -8.21084)
(808.473 0 -8.41122)
(808.076 0 -8.83684)
(807.199 0 -8.83153)
(807.089 0 -8.24129)
(807.342 0 -7.58509)
(807.563 0 -6.89315)
(807.759 0 -6.52425)
(807.973 0 -6.34568)
(807.711 0 -6.36456)
(807.106 0 -6.24499)
(806.934 0 -6.10404)
(806.988 0 -5.94801)
(807.065 0 -5.66824)
(807.05 0 -5.5627)
(806.993 0 -5.70418)
(806.862 0 -5.93232)
(806.695 0 -5.94889)
(806.548 0 -5.58281)
(806.409 0 -5.03579)
(806.272 0 -4.6231)
(806.177 0 -4.65456)
(806.115 0 -5.0551)
(806.061 0 -5.48954)
(805.988 0 -5.72258)
(805.923 0 -5.71918)
(805.793 0 -5.43771)
(805.552 0 -4.95003)
(805.305 0 -4.60703)
(805.148 0 -4.51423)
(805.06 0 -4.54558)
(804.993 0 -4.62774)
(804.905 0 -4.69542)
(804.779 0 -4.66453)
(804.651 0 -4.53322)
(804.57 0 -4.38936)
(804.51 0 -4.28261)
(804.415 0 -4.25413)
(804.249 0 -4.36423)
(804.039 0 -4.44536)
(803.845 0 -4.54382)
(803.684 0 -4.55202)
(803.527 0 -4.56324)
(803.365 0 -4.53425)
(803.196 0 -4.49762)
(803.027 0 -4.40878)
(802.86 0 -4.31994)
(802.703 0 -4.23499)
(802.556 0 -4.13059)
(802.443 0 -4.13488)
(802.268 0 -4.18734)
(773.775 0 -135.838)
(773.692 0 -135.566)
(773.038 0 -135.109)
(772.317 0 -135.911)
(771.657 0 -135.996)
(771.799 0 -133.703)
(773.718 0 -126.741)
(776.942 0 -116.476)
(783.139 0 -97.5797)
(789.023 0 -76.8386)
(791.203 0 -70.9434)
(795.339 0 -56.0032)
(799.29 0 -37.5872)
(800.762 0 -34.5693)
(800.693 0 -35.4376)
(801.603 0 -29.8176)
(801.716 0 -22.3186)
(801.732 0 -21.552)
(801.791 0 -23.6855)
(802.075 0 -22.5793)
(802.422 0 -17.9099)
(802.112 0 -16.0399)
(802.05 0 -17.0132)
(802.411 0 -15.6963)
(802.399 0 -12.6515)
(801.968 0 -11.3589)
(802.108 0 -10.1773)
(802.37 0 -9.13792)
(802.591 0 -8.61713)
(802.868 0 -8.30833)
(802.853 0 -8.32912)
(802.07 0 -8.64525)
(801.565 0 -8.5016)
(801.723 0 -7.74413)
(802.013 0 -6.81975)
(802.109 0 -6.21957)
(802.248 0 -6.04332)
(802.165 0 -6.23152)
(801.628 0 -6.51154)
(801.291 0 -6.44761)
(801.234 0 -6.24558)
(801.3 0 -5.86274)
(801.301 0 -5.30391)
(801.11 0 -4.93868)
(800.853 0 -5.06031)
(800.638 0 -5.55611)
(800.521 0 -5.9675)
(800.466 0 -6.00603)
(800.404 0 -5.72627)
(800.239 0 -5.22479)
(799.949 0 -4.82788)
(799.711 0 -4.81911)
(799.609 0 -4.98156)
(799.568 0 -5.12799)
(799.518 0 -5.19847)
(799.393 0 -5.17106)
(799.117 0 -4.97784)
(798.758 0 -4.72671)
(798.526 0 -4.5822)
(798.42 0 -4.53355)
(798.352 0 -4.4954)
(798.268 0 -4.44665)
(798.137 0 -4.41518)
(797.977 0 -4.39107)
(797.846 0 -4.38777)
(797.744 0 -4.32704)
(797.61 0 -4.22841)
(797.396 0 -4.18328)
(797.118 0 -4.15979)
(796.847 0 -4.22739)
(796.62 0 -4.3364)
(796.416 0 -4.41846)
(796.217 0 -4.41082)
(796.008 0 -4.34053)
(795.79 0 -4.2309)
(795.567 0 -4.1425)
(795.353 0 -4.04909)
(795.147 0 -3.96553)
(794.974 0 -3.93246)
(794.684 0 -3.97169)
(773.129 0 -136.115)
(772.994 0 -134.903)
(771.794 0 -135.869)
(770.307 0 -136.628)
(769.708 0 -134.631)
(770.948 0 -127.699)
(774.232 0 -115.095)
(780.3 0 -95.7202)
(785.347 0 -76.609)
(788.057 0 -63.8765)
(793.644 0 -45.325)
(795.22 0 -34.3117)
(794.263 0 -37.1401)
(796.26 0 -32.304)
(797.796 0 -21.7461)
(796.809 0 -22.6118)
(795.761 0 -25.8691)
(795.868 0 -23.9232)
(796.616 0 -17.7588)
(796.523 0 -15.2077)
(796.084 0 -16.0029)
(795.806 0 -16.0826)
(796.263 0 -13.7761)
(796.461 0 -10.9001)
(796.05 0 -10.7967)
(795.695 0 -10.8862)
(795.942 0 -8.98346)
(795.98 0 -7.31263)
(796.065 0 -7.23365)
(796.145 0 -7.70618)
(795.819 0 -8.02918)
(795.129 0 -7.7603)
(794.959 0 -7.06902)
(795.127 0 -6.30082)
(795.276 0 -5.74396)
(795.399 0 -5.47957)
(795.368 0 -5.46736)
(794.939 0 -5.72931)
(794.423 0 -5.85885)
(794.294 0 -5.76164)
(794.31 0 -5.59793)
(794.393 0 -5.23757)
(794.341 0 -4.70716)
(794.016 0 -4.30729)
(793.558 0 -4.4243)
(793.264 0 -4.91174)
(793.206 0 -5.18715)
(793.221 0 -5.20034)
(793.212 0 -5.07486)
(793.053 0 -4.79919)
(792.639 0 -4.48209)
(792.236 0 -4.42522)
(792.083 0 -4.57061)
(792.032 0 -4.71761)
(791.977 0 -4.77527)
(791.849 0 -4.75088)
(791.568 0 -4.60772)
(791.162 0 -4.38734)
(790.855 0 -4.20919)
(790.711 0 -4.13409)
(790.634 0 -4.08013)
(790.55 0 -4.00391)
(790.412 0 -3.90018)
(790.216 0 -3.79953)
(790.021 0 -3.76163)
(789.852 0 -3.78384)
(789.659 0 -3.83378)
(789.394 0 -3.92243)
(789.059 0 -3.94011)
(788.721 0 -3.98535)
(788.433 0 -4.00868)
(788.18 0 -4.05243)
(787.94 0 -4.03713)
(787.689 0 -3.97367)
(787.423 0 -3.82344)
(787.141 0 -3.68422)
(786.86 0 -3.57098)
(786.579 0 -3.48234)
(786.335 0 -3.48946)
(785.924 0 -3.53676)
(772.056 0 -136.326)
(770.772 0 -135.853)
(768.872 0 -137.342)
(766.976 0 -137.013)
(767.037 0 -130.582)
(770.093 0 -115.796)
(774.369 0 -97.9252)
(779.792 0 -79.6475)
(784.948 0 -56.3091)
(786.677 0 -46.91)
(788.284 0 -41.4953)
(789.513 0 -31.4641)
(789.717 0 -26.6439)
(790.414 0 -26.464)
(790.37 0 -25.8943)
(790.113 0 -23.6782)
(789.636 0 -20.2235)
(789.399 0 -18.2293)
(789.412 0 -18.1246)
(789.41 0 -16.3392)
(789.151 0 -13.2595)
(788.903 0 -12.7183)
(789.132 0 -12.8992)
(789.213 0 -11.192)
(788.923 0 -9.68339)
(788.652 0 -8.69698)
(788.643 0 -7.54186)
(788.609 0 -7.07091)
(788.63 0 -7.06613)
(788.57 0 -7.29846)
(788.053 0 -7.5708)
(787.581 0 -7.39733)
(787.557 0 -6.80195)
(787.696 0 -6.05678)
(787.832 0 -5.37294)
(787.883 0 -5.00241)
(787.609 0 -5.1107)
(786.948 0 -5.51738)
(786.607 0 -5.63981)
(786.577 0 -5.60214)
(786.651 0 -5.48095)
(786.748 0 -5.20649)
(786.684 0 -4.77537)
(786.301 0 -4.3317)
(785.675 0 -4.25098)
(785.287 0 -4.51384)
(785.249 0 -4.70462)
(785.297 0 -4.79404)
(785.309 0 -4.82359)
(785.148 0 -4.78108)
(784.687 0 -4.61821)
(784.177 0 -4.43793)
(783.935 0 -4.40504)
(783.84 0 -4.46168)
(783.766 0 -4.49426)
(783.629 0 -4.47077)
(783.346 0 -4.35788)
(782.921 0 -4.1695)
(782.551 0 -3.95688)
(782.348 0 -3.84827)
(782.235 0 -3.82031)
(782.124 0 -3.8088)
(781.958 0 -3.78491)
(781.719 0 -3.71686)
(781.461 0 -3.64321)
(781.215 0 -3.58209)
(780.949 0 -3.57719)
(780.616 0 -3.65311)
(780.219 0 -3.70051)
(779.818 0 -3.74846)
(779.47 0 -3.77131)
(779.163 0 -3.78593)
(778.874 0 -3.74202)
(778.57 0 -3.66697)
(778.243 0 -3.54071)
(777.887 0 -3.4277)
(777.525 0 -3.30204)
(777.154 0 -3.21231)
(776.826 0 -3.18699)
(776.277 0 -3.22781)
(769.772 0 -135.723)
(767.339 0 -136.39)
(763.983 0 -137.634)
(762.211 0 -132.946)
(763.734 0 -119.54)
(768.139 0 -98.1673)
(772.457 0 -80.5037)
(778.387 0 -59.1792)
(780.814 0 -42.8952)
(781.865 0 -39.7928)
(783.046 0 -30.1671)
(782.494 0 -24.7624)
(782.282 0 -27.3392)
(783.255 0 -24.9635)
(783.395 0 -19.068)
(782.625 0 -18.4701)
(781.887 0 -19.6281)
(781.835 0 -18.0548)
(782.176 0 -14.277)
(781.894 0 -12.0786)
(781.441 0 -12.1436)
(781.252 0 -12.4852)
(781.761 0 -10.568)
(781.589 0 -8.32468)
(781.236 0 -8.18259)
(781.009 0 -8.03408)
(780.97 0 -6.81325)
(780.855 0 -6.24648)
(780.79 0 -6.67944)
(780.595 0 -7.24703)
(780.118 0 -7.07915)
(779.84 0 -6.35798)
(779.844 0 -5.62456)
(779.945 0 -5.01819)
(780.069 0 -4.61724)
(780.006 0 -4.55044)
(779.514 0 -4.81431)
(778.831 0 -5.01456)
(778.599 0 -4.96489)
(778.616 0 -4.91384)
(778.716 0 -4.83636)
(778.809 0 -4.69336)
(778.739 0 -4.44278)
(778.337 0 -4.16109)
(777.604 0 -4.02039)
(777.108 0 -4.01079)
(777.034 0 -4.07363)
(777.067 0 -4.18699)
(777.049 0 -4.29425)
(776.844 0 -4.38996)
(776.352 0 -4.35499)
(775.799 0 -4.13682)
(775.468 0 -3.96325)
(775.299 0 -3.9458)
(775.18 0 -4.00523)
(775.009 0 -4.05429)
(774.706 0 -4.03402)
(774.26 0 -3.92792)
(773.833 0 -3.72614)
(773.556 0 -3.55049)
(773.38 0 -3.44526)
(773.212 0 -3.37958)
(772.991 0 -3.33287)
(772.691 0 -3.2802)
(772.358 0 -3.24074)
(772.025 0 -3.21542)
(771.671 0 -3.23438)
(771.255 0 -3.31469)
(770.784 0 -3.3678)
(770.312 0 -3.42502)
(769.892 0 -3.44535)
(769.514 0 -3.45436)
(769.156 0 -3.40284)
(768.778 0 -3.30903)
(768.365 0 -3.15437)
(767.907 0 -3.0254)
(767.434 0 -2.91411)
(766.947 0 -2.83482)
(766.516 0 -2.82913)
(765.807 0 -2.86735)
(765.56 0 -135.69)
(761.301 0 -137.271)
(757.029 0 -135.84)
(756.171 0 -124.62)
(759.468 0 -104.464)
(764.766 0 -79.1578)
(769.015 0 -65.3616)
(773.489 0 -46.1205)
(775.027 0 -32.6207)
(776.07 0 -32.3723)
(775.555 0 -27.4493)
(774.872 0 -23.0447)
(774.697 0 -23.0972)
(775.296 0 -21.8138)
(775.257 0 -19.3592)
(774.757 0 -17.8281)
(774.278 0 -16.4236)
(774.196 0 -14.7667)
(774.223 0 -13.5014)
(774 0 -11.6931)
(773.699 0 -10.4422)
(773.665 0 -10.473)
(773.994 0 -9.46422)
(773.783 0 -8.01759)
(773.484 0 -7.5311)
(773.308 0 -7.09512)
(773.179 0 -6.38561)
(773.005 0 -6.21145)
(772.858 0 -6.47721)
(772.61 0 -6.61029)
(772.232 0 -6.23177)
(772.044 0 -5.68973)
(772.024 0 -5.20936)
(772.119 0 -4.77073)
(772.194 0 -4.47966)
(771.989 0 -4.55854)
(771.373 0 -4.86146)
(770.784 0 -4.80103)
(770.575 0 -4.55666)
(770.589 0 -4.44254)
(770.67 0 -4.41074)
(770.728 0 -4.3862)
(770.624 0 -4.343)
(770.197 0 -4.29988)
(769.417 0 -4.11571)
(768.822 0 -3.76739)
(768.647 0 -3.61762)
(768.6 0 -3.70871)
(768.499 0 -3.88146)
(768.205 0 -4.09376)
(767.676 0 -4.22377)
(767.119 0 -4.10585)
(766.725 0 -3.86481)
(766.466 0 -3.71799)
(766.268 0 -3.70468)
(766.034 0 -3.73847)
(765.681 0 -3.73689)
(765.195 0 -3.65788)
(764.706 0 -3.46886)
(764.335 0 -3.28606)
(764.067 0 -3.19069)
(763.814 0 -3.14452)
(763.511 0 -3.11666)
(763.132 0 -3.05392)
(762.708 0 -2.99129)
(762.266 0 -2.94873)
(761.798 0 -2.97626)
(761.276 0 -3.06424)
(760.711 0 -3.12332)
(760.148 0 -3.15991)
(759.635 0 -3.16076)
(759.163 0 -3.14717)
(758.71 0 -3.0885)
(758.23 0 -2.99752)
(757.703 0 -2.86139)
(757.119 0 -2.73857)
(756.513 0 -2.61968)
(755.892 0 -2.53951)
(755.347 0 -2.51863)
(754.472 0 -2.53973)
(758.83 0 -135.771)
(752.437 0 -136.944)
(749.102 0 -128.763)
(749.581 0 -112.676)
(755.106 0 -86.1855)
(760.377 0 -61.9635)
(764.609 0 -52.529)
(767.09 0 -34.8756)
(767.893 0 -27.2364)
(768.967 0 -28.6137)
(768.101 0 -22.9591)
(767.033 0 -20.4073)
(766.599 0 -22.1238)
(767.129 0 -20.3056)
(767.391 0 -16.2694)
(767.002 0 -14.8624)
(766.624 0 -14.9036)
(766.536 0 -13.5823)
(766.452 0 -11.1329)
(766.128 0 -9.44792)
(765.935 0 -9.48153)
(766.056 0 -9.84674)
(766.318 0 -8.20788)
(766.023 0 -6.82891)
(765.751 0 -6.79735)
(765.596 0 -6.64289)
(765.419 0 -5.89606)
(765.159 0 -5.69951)
(764.933 0 -6.08745)
(764.678 0 -6.13736)
(764.404 0 -5.55281)
(764.233 0 -4.94501)
(764.165 0 -4.53252)
(764.206 0 -4.28162)
(764.166 0 -4.26378)
(763.817 0 -4.54362)
(763.204 0 -4.77881)
(762.735 0 -4.49099)
(762.503 0 -4.04287)
(762.441 0 -3.82854)
(762.44 0 -3.84047)
(762.407 0 -3.91432)
(762.226 0 -4.04402)
(761.748 0 -4.22137)
(760.962 0 -4.08759)
(760.301 0 -3.53934)
(759.975 0 -3.18571)
(759.783 0 -3.21893)
(759.554 0 -3.44392)
(759.149 0 -3.71921)
(758.585 0 -3.90063)
(758.032 0 -3.81541)
(757.588 0 -3.56037)
(757.227 0 -3.35228)
(756.921 0 -3.3122)
(756.589 0 -3.3692)
(756.158 0 -3.41713)
(755.609 0 -3.37712)
(755.041 0 -3.19718)
(754.56 0 -2.98722)
(754.165 0 -2.8671)
(753.792 0 -2.81554)
(753.378 0 -2.8006)
(752.893 0 -2.75458)
(752.354 0 -2.69562)
(751.779 0 -2.64056)
(751.172 0 -2.65515)
(750.52 0 -2.73473)
(749.839 0 -2.80281)
(749.169 0 -2.84763)
(748.547 0 -2.84862)
(747.968 0 -2.82188)
(747.404 0 -2.75024)
(746.809 0 -2.6439)
(746.157 0 -2.50093)
(745.442 0 -2.37664)
(744.706 0 -2.26806)
(743.96 0 -2.18853)
(743.313 0 -2.16798)
(742.294 0 -2.1829)
(749.288 0 -135.771)
(742.089 0 -134.249)
(740.885 0 -118.693)
(743.412 0 -98.6934)
(750.461 0 -67.5673)
(755.438 0 -47.8728)
(758.965 0 -42.7361)
(759.564 0 -28.3171)
(760.135 0 -23.5735)
(761.321 0 -25.1866)
(760.334 0 -21.0247)
(759.221 0 -18.8085)
(758.643 0 -19.7306)
(759.003 0 -18.1592)
(759.361 0 -15.0297)
(759.284 0 -13.5029)
(759.148 0 -12.9428)
(758.966 0 -11.8025)
(758.598 0 -10.1353)
(758.296 0 -8.65946)
(758.248 0 -8.45748)
(758.522 0 -8.70174)
(758.581 0 -7.4366)
(758.266 0 -6.43954)
(758.01 0 -6.37106)
(757.849 0 -6.18052)
(757.582 0 -5.63426)
(757.242 0 -5.54114)
(756.963 0 -5.74674)
(756.725 0 -5.47716)
(756.478 0 -4.84343)
(756.261 0 -4.35539)
(756.121 0 -4.07715)
(756.044 0 -4.0137)
(755.831 0 -4.22948)
(755.365 0 -4.64908)
(754.842 0 -4.77855)
(754.469 0 -4.3529)
(754.193 0 -3.71958)
(753.98 0 -3.32189)
(753.82 0 -3.31823)
(753.64 0 -3.50116)
(753.339 0 -3.80623)
(752.789 0 -4.15777)
(752.016 0 -4.07304)
(751.322 0 -3.43251)
(750.828 0 -2.88496)
(750.445 0 -2.80129)
(750.055 0 -3.04717)
(749.535 0 -3.39219)
(748.93 0 -3.64118)
(748.37 0 -3.59575)
(747.87 0 -3.33703)
(747.397 0 -3.07419)
(746.948 0 -2.98869)
(746.482 0 -3.04345)
(745.94 0 -3.1174)
(745.301 0 -3.1001)
(744.629 0 -2.93373)
(744.008 0 -2.72283)
(743.455 0 -2.59881)
(742.933 0 -2.54893)
(742.383 0 -2.53849)
(741.774 0 -2.48909)
(741.103 0 -2.4213)
(740.387 0 -2.35654)
(739.635 0 -2.36513)
(738.851 0 -2.4355)
(738.054 0 -2.49514)
(737.278 0 -2.52452)
(736.549 0 -2.51471)
(735.865 0 -2.47797)
(735.191 0 -2.40526)
(734.485 0 -2.29924)
(733.719 0 -2.16497)
(732.894 0 -2.043)
(732.051 0 -1.93723)
(731.21 0 -1.85962)
(730.489 0 -1.83368)
(729.373 0 -1.84029)
(737.742 0 -135.214)
(732.011 0 -127.913)
(733.206 0 -106.812)
(738.038 0 -83.2757)
(745.151 0 -50.0367)
(749.929 0 -37.4839)
(752.241 0 -35.4484)
(751.71 0 -23.6575)
(752.015 0 -21.0704)
(753.254 0 -22.7011)
(752.529 0 -18.8089)
(751.388 0 -17.026)
(750.694 0 -18.1222)
(750.952 0 -16.419)
(751.424 0 -13.0978)
(751.574 0 -11.7521)
(751.61 0 -11.653)
(751.331 0 -10.7236)
(750.773 0 -8.72136)
(750.451 0 -7.43052)
(750.509 0 -7.67134)
(750.843 0 -8.00948)
(750.757 0 -6.6798)
(750.394 0 -5.85081)
(750.125 0 -5.96633)
(749.909 0 -5.85159)
(749.533 0 -5.27408)
(749.104 0 -5.14563)
(748.778 0 -5.27618)
(748.527 0 -4.90025)
(748.245 0 -4.25347)
(747.94 0 -3.78945)
(747.673 0 -3.58707)
(747.409 0 -3.70741)
(746.988 0 -4.15648)
(746.459 0 -4.6465)
(746.041 0 -4.6511)
(745.725 0 -4.12341)
(745.383 0 -3.37623)
(744.981 0 -2.82256)
(744.592 0 -2.75837)
(744.221 0 -3.0354)
(743.77 0 -3.50682)
(743.132 0 -3.96976)
(742.371 0 -3.89651)
(741.656 0 -3.24777)
(741.004 0 -2.60391)
(740.403 0 -2.41472)
(739.814 0 -2.65521)
(739.17 0 -3.04603)
(738.52 0 -3.32308)
(737.929 0 -3.29607)
(737.349 0 -3.04268)
(736.737 0 -2.75902)
(736.108 0 -2.64687)
(735.477 0 -2.7026)
(734.799 0 -2.79751)
(734.048 0 -2.79828)
(733.251 0 -2.6408)
(732.474 0 -2.425)
(731.751 0 -2.29156)
(731.074 0 -2.24224)
(730.388 0 -2.23646)
(729.658 0 -2.18766)
(728.865 0 -2.11022)
(728.02 0 -2.03178)
(727.138 0 -2.02818)
(726.24 0 -2.09227)
(725.343 0 -2.15371)
(724.479 0 -2.18406)
(723.663 0 -2.17255)
(722.892 0 -2.12934)
(722.129 0 -2.05282)
(721.339 0 -1.94432)
(720.49 0 -1.81533)
(719.591 0 -1.69934)
(718.68 0 -1.60349)
(717.786 0 -1.53023)
(717.029 0 -1.50569)
(715.871 0 -1.51154)
(725.556 0 -133.673)
(722.565 0 -119.198)
(726.359 0 -93.6225)
(732.941 0 -67.8278)
(738.785 0 -36.3232)
(743.695 0 -30.4682)
(744.73 0 -30.1104)
(743.671 0 -20.4726)
(743.789 0 -18.7289)
(744.995 0 -20.3599)
(744.498 0 -17.3059)
(743.491 0 -15.603)
(742.773 0 -16.2488)
(742.928 0 -14.5811)
(743.417 0 -11.7018)
(743.761 0 -10.5867)
(743.946 0 -10.4262)
(743.524 0 -9.60503)
(742.781 0 -7.83776)
(742.448 0 -6.72044)
(742.561 0 -6.97566)
(742.862 0 -7.25983)
(742.618 0 -6.12418)
(742.209 0 -5.47798)
(741.896 0 -5.60929)
(741.572 0 -5.48496)
(741.043 0 -4.96637)
(740.517 0 -4.84342)
(740.136 0 -4.83508)
(739.833 0 -4.35356)
(739.464 0 -3.71569)
(739.025 0 -3.28427)
(738.574 0 -3.16134)
(738.066 0 -3.43417)
(737.439 0 -4.05415)
(736.89 0 -4.56464)
(736.539 0 -4.50776)
(736.241 0 -3.91836)
(735.818 0 -3.07868)
(735.212 0 -2.38629)
(734.556 0 -2.24177)
(733.956 0 -2.60104)
(733.329 0 -3.22975)
(732.601 0 -3.76548)
(731.847 0 -3.67457)
(731.103 0 -3.03144)
(730.282 0 -2.34819)
(729.425 0 -2.08064)
(728.604 0 -2.30547)
(727.828 0 -2.72631)
(727.123 0 -3.01913)
(726.478 0 -3.00778)
(725.796 0 -2.75944)
(725.021 0 -2.45515)
(724.199 0 -2.31461)
(723.392 0 -2.36426)
(722.572 0 -2.46978)
(721.706 0 -2.48097)
(720.788 0 -2.33007)
(719.866 0 -2.11404)
(718.991 0 -1.97939)
(718.176 0 -1.93305)
(717.376 0 -1.92914)
(716.549 0 -1.8808)
(715.663 0 -1.80022)
(714.721 0 -1.71742)
(713.743 0 -1.70772)
(712.762 0 -1.76529)
(711.796 0 -1.82236)
(710.874 0 -1.84811)
(710 0 -1.83449)
(709.174 0 -1.79024)
(708.356 0 -1.71637)
(707.519 0 -1.61275)
(706.628 0 -1.49346)
(705.697 0 -1.38596)
(704.76 0 -1.29946)
(703.855 0 -1.23386)
(703.096 0 -1.21116)
(701.948 0 -1.21846)
(713.77 0 -130.289)
(713.793 0 -109.083)
(720.4 0 -79.267)
(727.316 0 -53.0199)
(731.682 0 -26.4834)
(736.741 0 -25.7126)
(736.796 0 -26.1729)
(735.482 0 -17.9769)
(735.51 0 -16.6861)
(736.595 0 -18.3093)
(736.268 0 -15.7717)
(735.43 0 -14.2073)
(734.741 0 -14.6914)
(734.8 0 -12.9954)
(735.268 0 -10.3087)
(735.716 0 -9.44005)
(735.951 0 -9.49114)
(735.361 0 -8.71931)
(734.469 0 -6.92021)
(734.086 0 -5.96292)
(734.184 0 -6.3784)
(734.341 0 -6.6389)
(733.945 0 -5.56085)
(733.465 0 -5.03213)
(733.07 0 -5.23759)
(732.579 0 -5.12615)
(731.865 0 -4.59302)
(731.225 0 -4.43735)
(730.763 0 -4.35893)
(730.371 0 -3.86508)
(729.882 0 -3.2294)
(729.271 0 -2.79202)
(728.592 0 -2.73599)
(727.809 0 -3.15924)
(727.002 0 -3.88172)
(726.442 0 -4.35588)
(726.109 0 -4.25714)
(725.798 0 -3.64379)
(725.278 0 -2.75421)
(724.459 0 -1.96782)
(723.497 0 -1.75102)
(722.616 0 -2.19419)
(721.794 0 -2.95478)
(720.987 0 -3.5123)
(720.233 0 -3.39358)
(719.44 0 -2.78185)
(718.437 0 -2.07835)
(717.3 0 -1.74212)
(716.243 0 -1.95387)
(715.341 0 -2.3865)
(714.571 0 -2.6781)
(713.86 0 -2.67466)
(713.075 0 -2.43288)
(712.146 0 -2.11779)
(711.144 0 -1.96198)
(710.175 0 -2.00994)
(709.23 0 -2.12114)
(708.265 0 -2.13986)
(707.253 0 -1.9994)
(706.224 0 -1.79044)
(705.233 0 -1.66058)
(704.316 0 -1.62142)
(703.438 0 -1.621)
(702.553 0 -1.57447)
(701.614 0 -1.4918)
(700.617 0 -1.40634)
(699.582 0 -1.39272)
(698.555 0 -1.44803)
(697.553 0 -1.5055)
(696.604 0 -1.53214)
(695.705 0 -1.51976)
(694.858 0 -1.47737)
(694.022 0 -1.40752)
(693.176 0 -1.31114)
(692.283 0 -1.20275)
(691.358 0 -1.10663)
(690.43 0 -1.03122)
(689.546 0 -0.975115)
(688.812 0 -0.956804)
(687.709 0 -0.96833)
(702.619 0 -124.991)
(705.801 0 -98.0184)
(715.003 0 -64.9521)
(720.5 0 -40.6576)
(723.94 0 -19.8447)
(729.2 0 -22.1829)
(728.538 0 -23.119)
(727.126 0 -16.1144)
(727.107 0 -14.9983)
(728.044 0 -16.5079)
(727.779 0 -14.354)
(727.072 0 -12.8009)
(726.433 0 -13.1285)
(726.372 0 -11.539)
(726.763 0 -9.19855)
(727.227 0 -8.50786)
(727.412 0 -8.58375)
(726.606 0 -7.84799)
(725.563 0 -6.2029)
(725.097 0 -5.38412)
(725.102 0 -5.82599)
(725.023 0 -6.01518)
(724.455 0 -5.0549)
(723.879 0 -4.62321)
(723.365 0 -4.84064)
(722.653 0 -4.71939)
(721.726 0 -4.20685)
(720.955 0 -4.03771)
(720.388 0 -3.90604)
(719.881 0 -3.41232)
(719.253 0 -2.77609)
(718.451 0 -2.33125)
(717.518 0 -2.33522)
(716.447 0 -2.88211)
(715.489 0 -3.64214)
(714.907 0 -4.06521)
(714.555 0 -3.95459)
(714.2 0 -3.35703)
(713.559 0 -2.4428)
(712.493 0 -1.60227)
(711.18 0 -1.31772)
(709.977 0 -1.8153)
(708.965 0 -2.6815)
(708.101 0 -3.21423)
(707.341 0 -3.07488)
(706.488 0 -2.50278)
(705.32 0 -1.78758)
(703.935 0 -1.40169)
(702.664 0 -1.61136)
(701.65 0 -2.04512)
(700.821 0 -2.32733)
(700.051 0 -2.32883)
(699.185 0 -2.09705)
(698.135 0 -1.78167)
(696.986 0 -1.61931)
(695.887 0 -1.66803)
(694.848 0 -1.78232)
(693.821 0 -1.80633)
(692.757 0 -1.67748)
(691.667 0 -1.47959)
(690.605 0 -1.35863)
(689.63 0 -1.32875)
(688.714 0 -1.33241)
(687.811 0 -1.29013)
(686.859 0 -1.21076)
(685.845 0 -1.12812)
(684.79 0 -1.11385)
(683.746 0 -1.16737)
(682.736 0 -1.22401)
(681.788 0 -1.25097)
(680.892 0 -1.24093)
(680.053 0 -1.20295)
(679.23 0 -1.13946)
(678.406 0 -1.0525)
(677.541 0 -0.955906)
(676.651 0 -0.87152)
(675.757 0 -0.806654)
(674.916 0 -0.760337)
(674.222 0 -0.746339)
(673.188 0 -0.761709)
(691.907 0 -118.745)
(698.846 0 -85.2324)
(709.611 0 -51.8086)
(712.585 0 -31.3764)
(715.599 0 -15.6159)
(721.058 0 -19.3127)
(719.931 0 -20.3898)
(718.454 0 -14.4606)
(718.43 0 -13.6383)
(719.214 0 -15.0171)
(718.91 0 -13.0063)
(718.221 0 -11.3714)
(717.584 0 -11.6481)
(717.361 0 -10.2302)
(717.622 0 -8.17586)
(718.003 0 -7.64427)
(718.026 0 -7.7728)
(716.958 0 -7.04104)
(715.755 0 -5.49301)
(715.168 0 -4.80628)
(715.004 0 -5.30053)
(714.616 0 -5.41372)
(713.861 0 -4.5275)
(713.16 0 -4.16618)
(712.492 0 -4.4073)
(711.516 0 -4.2848)
(710.368 0 -3.77679)
(709.459 0 -3.59162)
(708.774 0 -3.44728)
(708.14 0 -2.98122)
(707.363 0 -2.3481)
(706.361 0 -1.89385)
(705.137 0 -1.95855)
(703.764 0 -2.60463)
(702.676 0 -3.35655)
(702.057 0 -3.72111)
(701.66 0 -3.60481)
(701.234 0 -3.05443)
(700.458 0 -2.13536)
(699.116 0 -1.24419)
(697.442 0 -0.920457)
(695.93 0 -1.43865)
(694.758 0 -2.38376)
(693.869 0 -2.85969)
(693.105 0 -2.70979)
(692.204 0 -2.18175)
(690.922 0 -1.47743)
(689.346 0 -1.07265)
(687.9 0 -1.28189)
(686.799 0 -1.70861)
(685.931 0 -1.97621)
(685.127 0 -1.98072)
(684.212 0 -1.76244)
(683.084 0 -1.45625)
(681.832 0 -1.29541)
(680.642 0 -1.3471)
(679.55 0 -1.46317)
(678.501 0 -1.49204)
(677.427 0 -1.37759)
(676.32 0 -1.19597)
(675.23 0 -1.08695)
(674.234 0 -1.06793)
(673.318 0 -1.07607)
(672.428 0 -1.03846)
(671.494 0 -0.964012)
(670.491 0 -0.886022)
(669.441 0 -0.872527)
(668.404 0 -0.924937)
(667.407 0 -0.981037)
(666.478 0 -1.00869)
(665.607 0 -1.00147)
(664.8 0 -0.968588)
(664.014 0 -0.912042)
(663.235 0 -0.835081)
(662.42 0 -0.750164)
(661.58 0 -0.677212)
(660.736 0 -0.622269)
(659.948 0 -0.585019)
(659.305 0 -0.575376)
(658.351 0 -0.593969)
(681.72 0 -111.681)
(692.477 0 -71.049)
(703.441 0 -40.8997)
(703.913 0 -24.8423)
(706.754 0 -13.0468)
(712.223 0 -16.9464)
(710.824 0 -17.9142)
(709.285 0 -12.8595)
(709.263 0 -12.3941)
(709.871 0 -13.7253)
(709.388 0 -11.8359)
(708.58 0 -10.0769)
(707.845 0 -10.2357)
(707.405 0 -9.00805)
(707.469 0 -7.26265)
(707.684 0 -6.8529)
(707.446 0 -6.96896)
(706.072 0 -6.24619)
(704.698 0 -4.85206)
(703.957 0 -4.28022)
(703.561 0 -4.77304)
(702.822 0 -4.8045)
(701.865 0 -4.00931)
(701.027 0 -3.69941)
(700.185 0 -3.93912)
(698.918 0 -3.81193)
(697.558 0 -3.32927)
(696.522 0 -3.14422)
(695.718 0 -3.00398)
(694.948 0 -2.57254)
(694.005 0 -1.9536)
(692.778 0 -1.50295)
(691.228 0 -1.60893)
(689.564 0 -2.30116)
(688.37 0 -3.01638)
(687.701 0 -3.33256)
(687.245 0 -3.21649)
(686.734 0 -2.72658)
(685.834 0 -1.8319)
(684.247 0 -0.884227)
(682.243 0 -0.564231)
(680.464 0 -1.10156)
(679.183 0 -2.07295)
(678.31 0 -2.49104)
(677.569 0 -2.33151)
(676.65 0 -1.85207)
(675.31 0 -1.17327)
(673.607 0 -0.775294)
(672.031 0 -0.979717)
(670.875 0 -1.39524)
(669.995 0 -1.64592)
(669.185 0 -1.65259)
(668.256 0 -1.4517)
(667.092 0 -1.16217)
(665.776 0 -1.00846)
(664.533 0 -1.06426)
(663.427 0 -1.18096)
(662.393 0 -1.21364)
(661.344 0 -1.11348)
(660.255 0 -0.950198)
(659.168 0 -0.85335)
(658.18 0 -0.844526)
(657.289 0 -0.856622)
(656.436 0 -0.823877)
(655.539 0 -0.755907)
(654.565 0 -0.684062)
(653.537 0 -0.671829)
(652.521 0 -0.722303)
(651.549 0 -0.776669)
(650.654 0 -0.804333)
(649.824 0 -0.799899)
(649.064 0 -0.772311)
(648.331 0 -0.722806)
(647.612 0 -0.655788)
(646.857 0 -0.581755)
(646.076 0 -0.519205)
(645.288 0 -0.473048)
(644.558 0 -0.443702)
(643.968 0 -0.437714)
(643.096 0 -0.458297)
(671.832 0 -103.855)
(686.265 0 -56.8224)
(695.914 0 -32.4348)
(694.611 0 -20.2287)
(697.286 0 -11.3984)
(702.569 0 -15.0541)
(701.003 0 -15.7463)
(699.385 0 -11.3724)
(699.309 0 -11.2187)
(699.647 0 -12.5098)
(698.805 0 -10.7352)
(697.727 0 -8.91483)
(696.772 0 -8.95098)
(696.058 0 -7.87113)
(695.874 0 -6.38557)
(695.857 0 -6.06591)
(695.286 0 -6.17838)
(693.584 0 -5.47302)
(692.039 0 -4.22249)
(691.132 0 -3.75097)
(690.459 0 -4.23553)
(689.349 0 -4.19809)
(688.195 0 -3.47553)
(687.232 0 -3.21038)
(686.205 0 -3.44981)
(684.641 0 -3.32168)
(683.088 0 -2.87293)
(681.935 0 -2.70028)
(681.009 0 -2.58114)
(680.092 0 -2.19149)
(678.972 0 -1.59184)
(677.508 0 -1.13424)
(675.648 0 -1.26828)
(673.746 0 -1.96992)
(672.471 0 -2.63257)
(671.753 0 -2.90905)
(671.239 0 -2.79576)
(670.652 0 -2.36269)
(669.657 0 -1.53496)
(667.895 0 -0.548732)
(665.609 0 -0.239958)
(663.614 0 -0.824377)
(662.286 0 -1.74598)
(661.477 0 -2.13185)
(660.803 0 -1.96239)
(659.906 0 -1.53127)
(658.555 0 -0.894628)
(656.769 0 -0.519433)
(655.107 0 -0.71647)
(653.93 0 -1.11603)
(653.063 0 -1.34826)
(652.272 0 -1.3561)
(651.357 0 -1.17484)
(650.189 0 -0.906311)
(648.843 0 -0.763001)
(647.579 0 -0.822462)
(646.489 0 -0.93786)
(645.498 0 -0.972925)
(644.498 0 -0.886529)
(643.447 0 -0.742299)
(642.386 0 -0.657308)
(641.423 0 -0.657217)
(640.573 0 -0.672368)
(639.77 0 -0.643846)
(638.921 0 -0.582357)
(637.986 0 -0.517065)
(636.988 0 -0.506056)
(635.999 0 -0.553899)
(635.06 0 -0.6057)
(634.209 0 -0.632928)
(633.428 0 -0.631373)
(632.725 0 -0.609466)
(632.053 0 -0.56728)
(631.397 0 -0.510134)
(630.705 0 -0.446492)
(629.983 0 -0.393392)
(629.25 0 -0.355145)
(628.576 0 -0.332578)
(628.037 0 -0.330052)
(627.242 0 -0.351722)
(661.992 0 -95.3561)
(679.896 0 -43.7758)
(686.722 0 -26.0001)
(684.533 0 -16.7757)
(686.897 0 -10.1932)
(691.894 0 -13.5544)
(690.169 0 -13.8736)
(688.406 0 -10.0451)
(688.15 0 -10.1143)
(688.014 0 -11.3202)
(686.603 0 -9.63411)
(685.117 0 -7.80151)
(683.845 0 -7.75275)
(682.817 0 -6.7996)
(682.372 0 -5.53996)
(682.098 0 -5.28991)
(681.159 0 -5.38127)
(679.133 0 -4.7152)
(677.436 0 -3.62227)
(676.377 0 -3.23838)
(675.4 0 -3.68568)
(673.918 0 -3.59721)
(672.597 0 -2.9466)
(671.536 0 -2.72993)
(670.324 0 -2.95299)
(668.46 0 -2.82858)
(666.739 0 -2.4268)
(665.484 0 -2.27135)
(664.442 0 -2.17321)
(663.381 0 -1.81984)
(662.1 0 -1.25076)
(660.436 0 -0.787431)
(658.317 0 -0.946098)
(656.243 0 -1.63938)
(654.917 0 -2.23331)
(654.163 0 -2.48487)
(653.611 0 -2.37849)
(652.973 0 -1.99452)
(651.922 0 -1.25917)
(650.058 0 -0.25958)
(647.543 0 0.0386534)
(645.386 0 -0.609052)
(644.072 0 -1.43245)
(643.37 0 -1.79675)
(642.794 0 -1.62111)
(641.977 0 -1.23157)
(640.641 0 -0.653255)
(638.795 0 -0.303911)
(637.08 0 -0.498944)
(635.912 0 -0.872234)
(635.081 0 -1.08625)
(634.326 0 -1.09423)
(633.444 0 -0.933984)
(632.294 0 -0.689704)
(630.941 0 -0.558414)
(629.68 0 -0.620483)
(628.625 0 -0.733038)
(627.691 0 -0.769509)
(626.752 0 -0.696378)
(625.752 0 -0.570604)
(624.726 0 -0.49692)
(623.798 0 -0.503465)
(622.996 0 -0.521227)
(622.247 0 -0.496713)
(621.449 0 -0.442065)
(620.556 0 -0.38367)
(619.589 0 -0.373844)
(618.631 0 -0.418425)
(617.727 0 -0.467141)
(616.922 0 -0.493814)
(616.194 0 -0.495151)
(615.547 0 -0.479012)
(614.933 0 -0.444319)
(614.335 0 -0.396743)
(613.699 0 -0.34306)
(613.031 0 -0.298473)
(612.345 0 -0.267294)
(611.72 0 -0.25045)
(611.223 0 -0.251121)
(610.494 0 -0.273205)
(652.124 0 -85.7682)
(672.712 0 -32.973)
(675.772 0 -21.3464)
(673.244 0 -14.0732)
(675.231 0 -9.20281)
(679.874 0 -12.281)
(677.849 0 -12.2337)
(675.799 0 -8.81433)
(675.169 0 -9.04327)
(674.283 0 -10.135)
(672.08 0 -8.47774)
(670.104 0 -6.68032)
(668.49 0 -6.6177)
(667.169 0 -5.79035)
(666.508 0 -4.7148)
(665.994 0 -4.52878)
(664.689 0 -4.59858)
(662.364 0 -3.98751)
(660.551 0 -3.04262)
(659.364 0 -2.74223)
(658.062 0 -3.13753)
(656.232 0 -3.01532)
(654.792 0 -2.43374)
(653.662 0 -2.27046)
(652.267 0 -2.46812)
(650.116 0 -2.34182)
(648.275 0 -1.98866)
(646.957 0 -1.85438)
(645.82 0 -1.77703)
(644.634 0 -1.4615)
(643.231 0 -0.937005)
(641.425 0 -0.488349)
(639.105 0 -0.651648)
(636.917 0 -1.32876)
(635.58 0 -1.84353)
(634.813 0 -2.07679)
(634.252 0 -1.98108)
(633.593 0 -1.64323)
(632.522 0 -1.00427)
(630.619 0 -0.0354429)
(627.924 0 0.256877)
(625.666 0 -0.432547)
(624.417 0 -1.16896)
(623.855 0 -1.47836)
(623.354 0 -1.33038)
(622.684 0 -0.967439)
(621.382 0 -0.455765)
(619.485 0 -0.133414)
(617.736 0 -0.331901)
(616.601 0 -0.668537)
(615.818 0 -0.867453)
(615.11 0 -0.873816)
(614.269 0 -0.734538)
(613.147 0 -0.517503)
(611.804 0 -0.398503)
(610.559 0 -0.461462)
(609.548 0 -0.569539)
(608.673 0 -0.606519)
(607.794 0 -0.546252)
(606.846 0 -0.438335)
(605.857 0 -0.375564)
(604.967 0 -0.386324)
(604.211 0 -0.406122)
(603.513 0 -0.385329)
(602.762 0 -0.33781)
(601.908 0 -0.28635)
(600.97 0 -0.27774)
(600.039 0 -0.318582)
(599.169 0 -0.363916)
(598.409 0 -0.390149)
(597.73 0 -0.393638)
(597.134 0 -0.381659)
(596.572 0 -0.352778)
(596.026 0 -0.313085)
(595.438 0 -0.267419)
(594.814 0 -0.229779)
(594.167 0 -0.203993)
(593.583 0 -0.191669)
(593.12 0 -0.194052)
(592.446 0 -0.215133)
(641.87 0 -74.756)
(663.825 0 -24.3566)
(663.043 0 -17.7901)
(660.191 0 -11.8189)
(661.841 0 -8.27716)
(665.95 0 -11.0594)
(663.299 0 -10.7479)
(660.737 0 -7.6584)
(659.485 0 -7.99491)
(657.559 0 -8.9226)
(654.413 0 -7.29193)
(652.007 0 -5.59417)
(650.142 0 -5.54746)
(648.606 0 -4.84484)
(647.81 0 -3.93235)
(647.099 0 -3.80068)
(645.449 0 -3.83688)
(642.856 0 -3.29841)
(640.96 0 -2.50306)
(639.651 0 -2.27972)
(638.008 0 -2.60252)
(635.877 0 -2.46303)
(634.371 0 -1.9585)
(633.192 0 -1.84782)
(631.612 0 -2.00518)
(629.227 0 -1.87448)
(627.34 0 -1.5792)
(626.002 0 -1.47428)
(624.795 0 -1.41522)
(623.514 0 -1.13817)
(622.038 0 -0.663195)
(620.145 0 -0.249581)
(617.671 0 -0.400601)
(615.414 0 -1.04632)
(614.103 0 -1.4953)
(613.364 0 -1.69763)
(612.822 0 -1.6243)
(612.18 0 -1.32849)
(611.111 0 -0.777217)
(609.2 0 0.10115)
(606.39 0 0.42493)
(604.082 0 -0.293968)
(602.963 0 -0.972162)
(602.507 0 -1.18391)
(602.055 0 -1.08925)
(601.538 0 -0.754482)
(600.295 0 -0.303348)
(598.365 0 -0.0134163)
(596.594 0 -0.211203)
(595.501 0 -0.511043)
(594.77 0 -0.696056)
(594.113 0 -0.699113)
(593.312 0 -0.579255)
(592.223 0 -0.389299)
(590.899 0 -0.282624)
(589.68 0 -0.345097)
(588.716 0 -0.446082)
(587.897 0 -0.481057)
(587.074 0 -0.431294)
(586.174 0 -0.339269)
(585.222 0 -0.286461)
(584.368 0 -0.299429)
(583.657 0 -0.319891)
(583.006 0 -0.301671)
(582.296 0 -0.260156)
(581.476 0 -0.214644)
(580.564 0 -0.206695)
(579.657 0 -0.243022)
(578.819 0 -0.28429)
(578.101 0 -0.309113)
(577.469 0 -0.313574)
(576.923 0 -0.304685)
(576.412 0 -0.280589)
(575.915 0 -0.247686)
(575.372 0 -0.208739)
(574.787 0 -0.177012)
(574.173 0 -0.155517)
(573.624 0 -0.146924)
(573.19 0 -0.149969)
(572.562 0 -0.169467)
(630.442 0 -63.3295)
(652.078 0 -18.4091)
(648.184 0 -15.1206)
(644.696 0 -9.98998)
(645.983 0 -7.36093)
(649.174 0 -9.83578)
(645.374 0 -9.33602)
(642.015 0 -6.55966)
(639.884 0 -6.89082)
(636.755 0 -7.56284)
(632.749 0 -6.04786)
(630.157 0 -4.56166)
(628.193 0 -4.56387)
(626.509 0 -3.98227)
(625.632 0 -3.21813)
(624.754 0 -3.13038)
(622.766 0 -3.12834)
(619.923 0 -2.67084)
(617.947 0 -2.0183)
(616.487 0 -1.86372)
(614.476 0 -2.10604)
(612.107 0 -1.96669)
(610.582 0 -1.54403)
(609.365 0 -1.47919)
(607.591 0 -1.59068)
(605.048 0 -1.47068)
(603.187 0 -1.23702)
(601.862 0 -1.16309)
(600.606 0 -1.11783)
(599.271 0 -0.877694)
(597.77 0 -0.460043)
(595.832 0 -0.0977077)
(593.239 0 -0.227249)
(590.94 0 -0.820693)
(589.682 0 -1.22159)
(589.011 0 -1.38116)
(588.526 0 -1.33887)
(587.952 0 -1.07031)
(586.911 0 -0.599001)
(585.002 0 0.144791)
(582.129 0 0.519927)
(579.801 0 -0.229535)
(578.838 0 -0.805436)
(578.44 0 -0.952539)
(578.105 0 -0.91956)
(577.691 0 -0.605334)
(576.52 0 -0.200289)
(574.573 0 0.0496818)
(572.783 0 -0.140401)
(571.733 0 -0.409549)
(571.059 0 -0.571522)
(570.46 0 -0.569891)
(569.707 0 -0.468013)
(568.654 0 -0.303471)
(567.356 0 -0.210313)
(566.169 0 -0.271319)
(565.257 0 -0.362807)
(564.498 0 -0.393946)
(563.731 0 -0.352889)
(562.878 0 -0.275551)
(561.96 0 -0.231962)
(561.141 0 -0.246037)
(560.474 0 -0.266045)
(559.871 0 -0.24962)
(559.203 0 -0.213004)
(558.418 0 -0.172925)
(557.531 0 -0.165406)
(556.65 0 -0.196866)
(555.845 0 -0.233578)
(555.169 0 -0.256342)
(554.585 0 -0.261507)
(554.092 0 -0.255666)
(553.632 0 -0.236199)
(553.182 0 -0.209619)
(552.681 0 -0.176993)
(552.131 0 -0.150616)
(551.547 0 -0.133093)
(551.028 0 -0.127822)
(550.618 0 -0.131366)
(550.032 0 -0.149397)
(617.123 0 -50.8021)
(636.501 0 -13.5302)
(630.416 0 -12.7268)
(625.737 0 -8.38038)
(626.37 0 -6.35546)
(627.967 0 -8.51769)
(622.299 0 -7.86018)
(617.886 0 -5.47736)
(614.816 0 -5.85485)
(610.624 0 -6.35301)
(606.115 0 -4.965)
(603.624 0 -3.68392)
(601.613 0 -3.70112)
(599.732 0 -3.22125)
(598.742 0 -2.59701)
(597.65 0 -2.5395)
(595.271 0 -2.49507)
(592.166 0 -2.12571)
(590.077 0 -1.61109)
(588.391 0 -1.509)
(585.958 0 -1.67019)
(583.411 0 -1.55227)
(581.911 0 -1.21477)
(580.653 0 -1.18201)
(578.67 0 -1.24878)
(576.039 0 -1.152)
(574.267 0 -0.978829)
(572.977 0 -0.932921)
(571.687 0 -0.897714)
(570.343 0 -0.693274)
(568.875 0 -0.338214)
(566.924 0 -0.024964)
(564.23 0 -0.129734)
(561.903 0 -0.664429)
(560.724 0 -1.01857)
(560.173 0 -1.14323)
(559.781 0 -1.12502)
(559.314 0 -0.881504)
(558.383 0 -0.47377)
(556.501 0 0.147326)
(553.569 0 0.519896)
(551.228 0 -0.236475)
(550.422 0 -0.682427)
(550.101 0 -0.787477)
(549.944 0 -0.790695)
(549.621 0 -0.515451)
(548.543 0 -0.151495)
(546.579 0 0.0603326)
(544.763 0 -0.117385)
(543.759 0 -0.358423)
(543.161 0 -0.488769)
(542.638 0 -0.486793)
(541.951 0 -0.401049)
(540.946 0 -0.259863)
(539.675 0 -0.180934)
(538.522 0 -0.239246)
(537.67 0 -0.320932)
(536.98 0 -0.348152)
(536.276 0 -0.314592)
(535.47 0 -0.250843)
(534.582 0 -0.215357)
(533.798 0 -0.230735)
(533.178 0 -0.250078)
(532.629 0 -0.235671)
(532.009 0 -0.20349)
(531.262 0 -0.168638)
(530.404 0 -0.161315)
(529.553 0 -0.188028)
(528.79 0 -0.220034)
(528.163 0 -0.240665)
(527.633 0 -0.246214)
(527.194 0 -0.24277)
(526.788 0 -0.227391)
(526.386 0 -0.206182)
(525.926 0 -0.179186)
(525.407 0 -0.157303)
(524.848 0 -0.143303)
(524.354 0 -0.140751)
(523.966 0 -0.144292)
(523.417 0 -0.160723)
(599.298 0 -40.5228)
(615.471 0 -10.7178)
(607.942 0 -10.7962)
(601.342 0 -7.02321)
(600.629 0 -5.35606)
(599.604 0 -7.14344)
(591.315 0 -6.38664)
(585.955 0 -4.28596)
(582.293 0 -4.57996)
(577.427 0 -4.95038)
(572.738 0 -3.90546)
(570.351 0 -2.96512)
(568.027 0 -3.01773)
(565.706 0 -2.63689)
(564.404 0 -2.14984)
(562.896 0 -2.11718)
(559.978 0 -2.04393)
(556.546 0 -1.76961)
(554.247 0 -1.39133)
(552.21 0 -1.33252)
(549.294 0 -1.41806)
(546.648 0 -1.33047)
(545.219 0 -1.077)
(543.92 0 -1.06703)
(541.731 0 -1.09258)
(539.102 0 -1.02196)
(537.469 0 -0.906035)
(536.223 0 -0.88445)
(534.915 0 -0.853233)
(533.628 0 -0.683546)
(532.269 0 -0.398436)
(530.348 0 -0.138079)
(527.568 0 -0.214843)
(525.234 0 -0.680192)
(524.166 0 -0.995465)
(523.78 0 -1.08867)
(523.495 0 -1.07219)
(523.181 0 -0.880687)
(522.458 0 -0.521569)
(520.681 0 0.00419112)
(517.701 0 0.321127)
(515.345 0 -0.404553)
(514.674 0 -0.730076)
(514.468 0 -0.807591)
(514.534 0 -0.818196)
(514.323 0 -0.591163)
(513.37 0 -0.275152)
(511.401 0 -0.0999134)
(509.56 0 -0.260803)
(508.604 0 -0.473281)
(508.1 0 -0.574205)
(507.678 0 -0.572684)
(507.088 0 -0.499198)
(506.148 0 -0.382296)
(504.913 0 -0.317968)
(503.804 0 -0.370455)
(503.02 0 -0.441632)
(502.409 0 -0.46445)
(501.778 0 -0.436999)
(501.024 0 -0.385602)
(500.167 0 -0.357427)
(499.418 0 -0.373436)
(498.852 0 -0.391216)
(498.366 0 -0.379002)
(497.808 0 -0.350537)
(497.113 0 -0.320386)
(496.296 0 -0.313055)
(495.488 0 -0.334646)
(494.781 0 -0.36147)
(494.216 0 -0.37955)
(493.749 0 -0.385178)
(493.369 0 -0.383764)
(493.02 0 -0.372285)
(492.665 0 -0.355787)
(492.244 0 -0.333963)
(491.752 0 -0.315897)
(491.217 0 -0.305037)
(490.745 0 -0.304462)
(490.379 0 -0.307789)
(489.865 0 -0.322547)
(575.128 0 -27.0975)
(586.59 0 -7.47394)
(577.073 0 -8.501)
(567.273 0 -5.66233)
(564.082 0 -4.32098)
(559.317 0 -5.46501)
(548.406 0 -4.78006)
(542.708 0 -3.48576)
(538.828 0 -4.24137)
(533.404 0 -4.58417)
(528.327 0 -3.49681)
(525.386 0 -2.64227)
(522.015 0 -2.5992)
(518.777 0 -2.29923)
(516.802 0 -1.93197)
(514.559 0 -1.88727)
(510.945 0 -1.77211)
(507.129 0 -1.57947)
(504.505 0 -1.31798)
(502.006 0 -1.26653)
(498.668 0 -1.27926)
(496.076 0 -1.23808)
(494.774 0 -1.06505)
(493.452 0 -1.05829)
(491.147 0 -1.03754)
(488.658 0 -0.999816)
(487.195 0 -0.936022)
(485.995 0 -0.927381)
(484.709 0 -0.897624)
(483.575 0 -0.766739)
(482.417 0 -0.547078)
(480.608 0 -0.317079)
(477.825 0 -0.355937)
(475.56 0 -0.749239)
(474.635 0 -1.02851)
(474.379 0 -1.07822)
(474.232 0 -1.0735)
(474.128 0 -0.964091)
(473.654 0 -0.656298)
(472.102 0 -0.21605)
(469.181 0 0.083066)
(466.849 0 -0.555538)
(466.29 0 -0.812183)
(466.216 0 -0.874165)
(466.492 0 -0.901121)
(466.421 0 -0.718534)
(465.618 0 -0.445119)
(463.713 0 -0.290353)
(461.892 0 -0.424142)
(461.006 0 -0.611261)
(460.606 0 -0.688347)
(460.301 0 -0.690653)
(459.837 0 -0.626309)
(458.997 0 -0.529492)
(457.83 0 -0.475403)
(456.792 0 -0.519388)
(456.089 0 -0.5797)
(455.565 0 -0.598971)
(455.016 0 -0.577512)
(454.327 0 -0.53541)
(453.518 0 -0.511514)
(452.82 0 -0.52669)
(452.323 0 -0.541845)
(451.912 0 -0.533536)
(451.436 0 -0.508506)
(450.816 0 -0.482485)
(450.066 0 -0.473534)
(449.328 0 -0.489591)
(448.703 0 -0.511174)
(448.217 0 -0.52625)
(447.824 0 -0.531709)
(447.508 0 -0.531796)
(447.213 0 -0.523741)
(446.901 0 -0.511242)
(446.516 0 -0.493752)
(446.054 0 -0.478489)
(445.547 0 -0.469474)
(445.101 0 -0.469496)
(444.762 0 -0.471778)
(444.284 0 -0.483874)
(537.395 0 -21.4482)
(543.591 0 -6.96886)
(529.406 0 -7.18851)
(514.537 0 -4.77339)
(508.307 0 -3.58297)
(499.592 0 -4.29792)
(487.78 0 -3.60825)
(482.694 0 -2.3982)
(478.387 0 -2.79131)
(471.336 0 -3.15573)
(464.232 0 -2.79139)
(459.225 0 -2.37549)
(453.824 0 -2.3331)
(449.221 0 -2.10849)
(446.278 0 -1.84127)
(443.143 0 -1.77911)
(438.932 0 -1.65584)
(434.872 0 -1.53486)
(431.945 0 -1.37183)
(429.081 0 -1.32497)
(425.667 0 -1.29985)
(423.38 0 -1.29248)
(422.284 0 -1.18888)
(421.012 0 -1.18076)
(418.807 0 -1.14223)
(416.635 0 -1.13111)
(415.369 0 -1.10454)
(414.254 0 -1.0999)
(413.103 0 -1.06875)
(412.228 0 -0.97685)
(411.345 0 -0.824528)
(409.762 0 -0.657973)
(407.181 0 -0.679937)
(405.166 0 -0.968373)
(404.445 0 -1.19843)
(404.285 0 -1.20998)
(404.325 0 -1.20833)
(404.433 0 -1.11815)
(404.191 0 -0.897087)
(402.952 0 -0.598666)
(400.274 0 -0.380458)
(398.137 0 -0.8214)
(397.727 0 -1.00902)
(397.787 0 -1.07942)
(398.21 0 -1.09307)
(398.249 0 -0.953669)
(397.616 0 -0.744572)
(395.893 0 -0.630227)
(394.22 0 -0.734135)
(393.481 0 -0.875883)
(393.208 0 -0.933646)
(393.028 0 -0.929061)
(392.706 0 -0.878755)
(392.003 0 -0.803974)
(390.968 0 -0.767175)
(390.056 0 -0.800646)
(389.468 0 -0.846854)
(389.043 0 -0.858758)
(388.589 0 -0.841492)
(387.992 0 -0.810409)
(387.276 0 -0.792502)
(386.676 0 -0.803832)
(386.277 0 -0.816215)
(385.963 0 -0.807937)
(385.594 0 -0.788229)
(385.082 0 -0.76679)
(384.443 0 -0.759024)
(383.819 0 -0.769586)
(383.311 0 -0.785275)
(382.926 0 -0.797091)
(382.618 0 -0.801158)
(382.369 0 -0.801683)
(382.125 0 -0.795808)
(381.854 0 -0.786306)
(381.507 0 -0.772432)
(381.084 0 -0.760266)
(380.625 0 -0.753211)
(380.222 0 -0.753592)
(379.927 0 -0.754831)
(379.501 0 -0.763571)
(484.036 0 -5.83705)
(475.096 0 -4.046)
(450.087 0 -4.04436)
(430.677 0 -3.05847)
(422.865 0 -2.53378)
(412.154 0 -2.67229)
(402.707 0 -2.53243)
(398.399 0 -2.87569)
(391.225 0 -4.34403)
(378.784 0 -4.29421)
(367.065 0 -2.8577)
(358.643 0 -2.04253)
(350.899 0 -1.74866)
(345.115 0 -1.57283)
(341.292 0 -1.40482)
(337.53 0 -1.31234)
(333.212 0 -1.18174)
(329.31 0 -1.11444)
(326.355 0 -1.01834)
(323.535 0 -0.94887)
(320.65 0 -0.902018)
(318.987 0 -0.928337)
(318.208 0 -0.873557)
(317.147 0 -0.843621)
(315.334 0 -0.784418)
(313.665 0 -0.789446)
(312.661 0 -0.781223)
(311.767 0 -0.764349)
(310.953 0 -0.739916)
(310.432 0 -0.688789)
(309.845 0 -0.58925)
(308.578 0 -0.454654)
(306.476 0 -0.419739)
(304.965 0 -0.619362)
(304.559 0 -0.776807)
(304.603 0 -0.767246)
(304.902 0 -0.779837)
(305.2 0 -0.73208)
(305.116 0 -0.597458)
(304.175 0 -0.393223)
(301.949 0 -0.195107)
(300.271 0 -0.49738)
(300.093 0 -0.597058)
(300.349 0 -0.673634)
(300.874 0 -0.686326)
(300.977 0 -0.601624)
(300.486 0 -0.45909)
(299.069 0 -0.350347)
(297.736 0 -0.417765)
(297.256 0 -0.517808)
(297.168 0 -0.544146)
(297.143 0 -0.550085)
(296.97 0 -0.510814)
(296.437 0 -0.45748)
(295.609 0 -0.42593)
(294.904 0 -0.445887)
(294.485 0 -0.476312)
(294.193 0 -0.483659)
(293.864 0 -0.470922)
(293.402 0 -0.447693)
(292.847 0 -0.431114)
(292.423 0 -0.437668)
(292.179 0 -0.445678)
(292.002 0 -0.43927)
(291.772 0 -0.424068)
(291.405 0 -0.40864)
(290.926 0 -0.400178)
(290.463 0 -0.404991)
(290.108 0 -0.414628)
(289.846 0 -0.421801)
(289.638 0 -0.42393)
(289.463 0 -0.423569)
(289.279 0 -0.418868)
(289.058 0 -0.411611)
(288.765 0 -0.401029)
(288.406 0 -0.391397)
(288.027 0 -0.385273)
(287.698 0 -0.384191)
(287.476 0 -0.383622)
(287.135 0 -0.387163)
(402.297 0 -11.8507)
(362.854 0 -5.26273)
(325.491 0 -3.62993)
(305.584 0 -2.50358)
(298.493 0 -2.07718)
(289.521 0 -2.13627)
(286.587 0 -1.71998)
(282.917 0 -0.688119)
(267.012 0 -0.104492)
(239.666 0 -0.0995465)
(218.757 0 -0.569687)
(205.529 0 -0.734677)
(195.633 0 -0.739805)
(189.302 0 -0.679256)
(185.031 0 -0.604049)
(181.244 0 -0.548197)
(177.573 0 -0.502584)
(174.452 0 -0.476995)
(171.975 0 -0.44041)
(169.83 0 -0.410618)
(168.172 0 -0.399774)
(167.515 0 -0.395084)
(167.243 0 -0.369877)
(166.647 0 -0.352892)
(165.569 0 -0.338147)
(164.657 0 -0.339895)
(164.088 0 -0.330845)
(163.658 0 -0.316642)
(163.448 0 -0.297934)
(163.42 0 -0.269249)
(163.194 0 -0.237244)
(162.362 0 -0.215163)
(161.035 0 -0.241827)
(160.324 0 -0.305316)
(160.41 0 -0.331608)
(160.86 0 -0.320575)
(161.546 0 -0.300845)
(162.078 0 -0.256897)
(162.135 0 -0.197401)
(161.501 0 -0.147161)
(159.923 0 -0.156284)
(158.972 0 -0.255358)
(159.147 0 -0.275129)
(159.734 0 -0.283259)
(160.38 0 -0.258044)
(160.557 0 -0.212623)
(160.203 0 -0.169726)
(159.232 0 -0.163948)
(158.446 0 -0.201541)
(158.364 0 -0.227378)
(158.552 0 -0.228644)
(158.766 0 -0.218934)
(158.782 0 -0.199406)
(158.483 0 -0.183533)
(157.962 0 -0.182426)
(157.567 0 -0.193901)
(157.402 0 -0.200808)
(157.312 0 -0.198058)
(157.174 0 -0.190078)
(156.919 0 -0.182355)
(156.623 0 -0.180504)
(156.474 0 -0.183539)
(156.466 0 -0.183184)
(156.494 0 -0.177568)
(156.457 0 -0.170334)
(156.291 0 -0.164942)
(156.035 0 -0.164089)
(155.797 0 -0.167492)
(155.645 0 -0.171072)
(155.545 0 -0.173325)
(155.468 0 -0.173564)
(155.395 0 -0.172672)
(155.3 0 -0.169682)
(155.162 0 -0.165652)
(154.966 0 -0.160574)
(154.715 0 -0.15697)
(154.466 0 -0.155177)
(154.259 0 -0.155273)
(154.15 0 -0.154521)
(153.954 0 -0.155702)
)
;

boundaryField
{
    inlet
    {
        type            fixedValue;
        value           uniform (826.5 0 0);
    }
    outlet
    {
        type            zeroGradient;
    }
    bottom
    {
        type            noSlip;
    }
    top
    {
        type            noSlip;
    }
    upstream
    {
        type            symmetryPlane;
    }
    defaultFaces
    {
        type            empty;
    }
}


// ************************************************************************* //
