/*--------------------------------*- C++ -*----------------------------------*\
  =========                 |
  \\      /  F ield         | OpenFOAM: The Open Source CFD Toolbox
   \\    /   O peration     | Website:  https://openfoam.org
    \\  /    A nd           | Version:  13
     \\/     M anipulation  |
\*---------------------------------------------------------------------------*/
FoamFile
{
    format      ascii;
    class       volScalarField;
    location    "0.0002";
    object      T;
}
// * * * * * * * * * * * * * * * * * * * * * * * * * * * * * * * * * * * * * //

dimensions      [0 0 0 1 0 0 0];

internalField   nonuniform List<scalar> 
16072
(
87.9372
124.818
164.146
199.282
222.467
236.614
74.7683
91.7745
111.333
132.083
151.107
166.402
70.4654
77.9355
87.5008
98.6825
110.536
121.655
69.1151
72.7018
77.2063
82.4213
88.7595
95.4159
68.6402
70.7383
72.9757
75.2833
78.1893
81.5429
68.3919
70.0444
71.3479
72.4787
73.566
74.9545
68.213
69.5095
70.5743
71.419
71.7395
72.1268
68.1041
69.1614
70.2899
70.9939
71.1032
71.0575
68.05
68.7224
69.9367
70.7507
70.8528
70.738
68.0228
68.4176
69.5893
70.5762
70.6965
70.6652
68.0111
68.2198
69.0455
70.2743
70.5736
70.6534
68.0052
68.1072
68.6196
69.8192
70.4679
70.6362
68.0023
68.0508
68.3199
69.1581
70.1715
70.6116
68.0009
68.0234
68.1551
68.6337
69.6919
70.5386
68.0004
68.0107
68.0692
68.3132
69.0269
70.1344
68.0001
68.0045
68.0307
68.1388
68.5293
69.4487
68
68.0017
68.0131
68.0596
68.2383
68.7392
68
68.0006
68.0051
68.0246
68.099
68.3061
68
68.0002
68.0018
68.0097
68.0385
68.1245
68
68.0001
68.0006
68.0034
68.0147
68.048
68
68
68.0002
68.0011
68.005
68.0176
68
68
68
68.0003
68.0015
68.0057
68
68
68
68.0001
68.0004
68.0017
68
68
68
68
68.0001
68.0004
68
68
68
68
68
68.0001
68
68
68
68
68
68
68
68
68
68
68
68
68
68
68
68
68
68
68
68
68
68
68
68
68
68
68
68
68
68
68
68
68
68
68
68
68
68
68
68
68
68
68
68
68
68
68
68
68
68
68
68
68
68
68
68
68
68
68
68
68
68
68
68
68
68
68
68
68
68
68
68
68
68
68
68
68
68
68
68
68
68
68
68
68
68
68
68
68
68
68
68
68
68
68
68
68
68
68
68
68
68
68
68
68
68
68
68
68
68
68
68
68
68
68
68
68
68
68
68
68
68
68
68
68
68
68
68
68
68
68
68
68
68
68
68
68
68
68
68
68
68
68
68
68
68
68
68
68
68
68
68
68
68
68
68
68
68
68
68
68
68
68
68
68
68
68
68
68
68
68
68
68
68
68
68
68
68
68
68
68
68
68
68
68
68
68
68
68
68
68
68
68
68
68
68
68
68
68
68
68
68
68
68
68
68
68
68
68
68
68
68
68
68
68
68
68
68
68
68
68
68
68
68
68
68
68
68
68
68
68
68
68
68
68
68
68
68
68
68
68
68
68
68
68
68
68
68
68
68
68
68
68
68
68
68
68
68.0001
68
68
68
68
68
68.0001
68
68
68
68
68
68.0003
68
68
68
68
68
68.0004
68
68
68
68
68
68.0007
68
68
68
68
68
68.0012
68
68
68
68
68
68.002
68
68
68
68
68.0001
68.0026
68
68
68
68
68.0001
68.002
68
68
68
68
68.0001
68.0013
68
68
68
68
68.0001
68.0012
68
68
68
68
68.0001
68.0032
68
68
68
68
68.0002
68.0064
68
68
68
68
68.0002
68.0139
68
68
68
68
68.0002
67.9944
246.452
254.049
259.825
264.316
268.111
271.289
274.114
276.765
279.278
281.553
283.606
285.451
287.12
288.618
289.958
291.165
292.248
293.209
294.059
294.822
295.512
296.133
296.699
297.207
297.678
298.122
298.53
298.908
299.22
299.474
299.676
299.853
300.021
300.401
300.895
301.44
302.026
302.648
303.269
303.884
304.474
304.96
305.351
305.689
306.07
306.454
306.892
307.529
308.252
308.842
308.942
308.567
307.676
306.081
304.128
302.461
301.221
300.367
299.963
299.805
299.67
299.588
299.54
299.495
299.431
299.343
299.224
299.063
298.968
298.874
298.876
298.918
298.997
299.087
299.168
299.234
299.284
299.324
299.358
299.391
299.422
299.454
299.487
299.521
299.555
299.59
299.626
299.661
299.696
299.732
299.767
299.802
299.837
299.871
299.903
299.935
299.965
299.994
300.031
300.09
300.159
300.237
300.32
300.411
300.507
300.609
300.713
300.821
300.929
301.046
179.761
191.232
200.738
208.575
215.426
221.349
226.702
231.795
236.729
241.372
245.715
249.76
253.548
257.073
260.358
263.419
266.269
268.882
271.275
273.489
275.538
277.443
279.217
280.855
282.408
283.897
285.297
286.587
287.678
288.56
289.266
289.87
290.413
290.944
291.528
292.152
292.812
293.516
294.194
294.896
295.555
296.102
296.576
296.968
297.367
297.786
298.244
298.902
299.664
300.35
300.574
300.311
299.638
298.506
296.954
295.435
294.181
293.234
292.592
292.062
291.63
291.376
291.21
291.047
290.821
290.511
290.087
289.523
289.127
288.851
288.889
289.042
289.347
289.699
290.02
290.288
290.498
290.671
290.823
290.967
291.107
291.25
291.394
291.542
291.692
291.844
291.997
292.149
292.3
292.451
292.6
292.749
292.894
293.037
293.174
293.308
293.434
293.555
293.666
293.777
293.891
294.01
294.133
294.262
294.395
294.534
294.675
294.821
294.963
295.133
133.21
144.389
154.415
163.236
171.237
178.497
185.154
191.429
197.448
203.148
208.527
213.597
218.382
222.916
227.202
231.259
235.08
238.635
241.943
245.043
247.956
250.7
253.286
255.712
258.038
260.296
262.451
264.453
266.192
267.621
268.785
269.766
270.65
271.435
272.196
272.954
273.733
274.536
275.348
276.159
276.943
277.609
278.202
278.656
279.133
279.555
280.025
280.715
281.538
282.367
282.827
282.709
282.293
281.641
280.534
279.178
277.872
276.701
275.663
274.711
273.965
273.509
273.203
272.912
272.542
272.051
271.385
270.509
269.731
269.322
269.365
269.604
270.086
270.668
271.229
271.705
272.085
272.401
272.678
272.939
273.195
273.453
273.714
273.983
274.256
274.533
274.809
275.086
275.361
275.637
275.91
276.184
276.452
276.716
276.971
277.221
277.458
277.688
277.903
278.106
278.301
278.495
278.687
278.885
279.082
279.286
279.489
279.701
279.902
280.173
103.274
111.652
119.885
127.793
135.385
142.681
149.675
156.397
162.88
169.063
174.926
180.465
185.705
190.684
195.41
199.908
204.17
208.162
211.892
215.394
218.701
221.836
224.802
227.597
230.277
232.889
235.409
237.776
239.873
241.623
243.065
244.28
245.363
246.35
247.273
248.167
249.059
249.965
250.892
251.812
252.708
253.523
254.198
254.751
255.274
255.713
256.217
256.906
257.732
258.665
259.366
259.381
259.161
258.814
258.041
256.862
255.517
254.113
252.713
251.407
250.368
249.683
249.221
248.82
248.373
247.818
247.082
246.113
245.036
244.475
244.437
244.675
245.192
245.864
246.552
247.156
247.649
248.057
248.413
248.745
249.067
249.392
249.72
250.058
250.402
250.752
251.102
251.453
251.802
252.153
252.501
252.85
253.195
253.536
253.867
254.192
254.504
254.806
255.093
255.371
255.635
255.896
256.15
256.408
256.662
256.925
257.183
257.455
257.709
258.081
85.8883
90.9917
96.4005
102.034
107.853
113.805
119.872
126.06
132.302
138.445
144.409
150.134
155.62
160.872
165.884
170.67
175.222
179.501
183.498
187.243
190.778
194.129
197.296
200.273
203.106
205.864
208.539
211.075
213.357
215.294
216.901
218.255
219.442
220.533
221.558
222.547
223.523
224.511
225.51
226.511
227.501
228.424
229.189
229.834
230.381
230.872
231.395
232.053
232.856
233.85
234.781
235.035
234.981
234.854
234.307
233.323
232.038
230.553
228.982
227.459
226.179
225.268
224.654
224.166
223.684
223.138
222.445
221.523
220.316
219.513
219.312
219.495
219.944
220.583
221.284
221.933
222.477
222.929
223.319
223.678
224.022
224.366
224.714
225.071
225.437
225.81
226.184
226.56
226.934
227.308
227.682
228.058
228.43
228.8
229.161
229.517
229.86
230.194
230.512
230.822
231.118
231.412
231.697
231.986
232.27
232.563
232.853
233.156
233.44
233.873
77.0813
79.7398
82.7813
86.1675
89.8523
93.807
98.0672
102.682
107.633
112.793
118.061
123.342
128.58
133.736
138.77
143.655
148.368
152.849
157.056
161.005
164.735
168.263
171.588
174.701
177.643
180.492
183.262
185.909
188.324
190.406
192.152
193.62
194.886
196.036
197.119
198.165
199.197
200.242
201.294
202.354
203.414
204.416
205.28
206
206.581
207.12
207.665
208.302
209.071
210.088
211.198
211.741
211.848
211.887
211.525
210.769
209.65
208.255
206.691
205.086
203.642
202.55
201.808
201.252
200.751
200.229
199.606
198.773
197.555
196.496
196.054
196.158
196.499
197.046
197.694
198.333
198.892
199.363
199.768
200.135
200.482
200.826
201.173
201.529
201.895
202.269
202.647
203.026
203.404
203.783
204.162
204.544
204.923
205.302
205.674
206.04
206.396
206.743
207.074
207.395
207.703
208.007
208.304
208.603
208.897
209.2
209.502
209.815
210.113
210.572
72.9389
74.1734
75.6798
77.4636
79.5239
81.8052
84.3408
87.2126
90.4449
93.9952
97.8226
101.882
106.123
110.505
114.976
119.483
123.971
128.36
132.579
136.601
140.438
144.089
147.534
150.76
153.799
156.734
159.592
162.342
164.88
167.105
168.994
170.582
171.934
173.14
174.265
175.349
176.42
177.505
178.599
179.707
180.822
181.894
182.845
183.632
184.263
184.845
185.417
186.055
186.808
187.838
189.096
189.945
190.229
190.415
190.191
189.656
188.73
187.502
186.046
184.453
182.92
181.694
180.852
180.245
179.733
179.235
178.673
177.927
176.76
175.503
174.747
174.745
174.973
175.404
175.959
176.544
177.086
177.558
177.967
178.336
178.68
179.017
179.356
179.705
180.064
180.433
180.807
181.183
181.56
181.937
182.315
182.696
183.077
183.459
183.835
184.206
184.569
184.922
185.261
185.588
185.901
186.207
186.507
186.805
187.102
187.402
187.706
188.019
188.319
188.788
71.2077
71.6211
72.2679
73.1175
74.167
75.3661
76.7344
78.3326
80.178
82.27
84.608
87.1921
90.0219
93.096
96.3953
99.89
103.536
107.269
111.016
114.722
118.355
121.884
125.262
128.46
131.5
134.452
137.346
140.157
142.785
145.13
147.152
148.862
150.305
151.571
152.737
153.851
154.951
156.065
157.193
158.34
159.503
160.639
161.663
162.511
163.197
163.821
164.425
165.083
165.848
166.897
168.281
169.433
169.906
170.232
170.124
169.768
169.042
167.997
166.684
165.158
163.593
162.276
161.357
160.716
160.205
159.734
159.224
158.545
157.453
156.08
154.988
154.816
154.951
155.255
155.691
156.187
156.682
157.138
157.542
157.907
158.244
158.572
158.9
159.238
159.587
159.947
160.314
160.685
161.058
161.432
161.808
162.188
162.571
162.954
163.333
163.709
164.077
164.436
164.782
165.114
165.431
165.738
166.038
166.334
166.629
166.924
167.224
167.532
167.828
168.298
70.5623
70.5996
70.7572
71.0809
71.5685
72.141
72.8128
73.65
74.6418
75.7767
77.065
78.5198
80.1552
81.9895
84.0291
86.2734
88.7156
91.3362
94.1051
96.9832
99.9291
102.892
105.815
108.658
111.427
114.172
116.91
119.613
122.19
124.543
126.616
128.392
129.892
131.193
132.378
133.503
134.612
135.735
136.875
138.041
139.234
140.415
141.493
142.393
143.126
143.78
144.411
145.098
145.901
146.985
148.475
149.919
150.587
151.052
151.058
150.823
150.286
149.417
148.245
146.81
145.257
143.889
142.911
142.248
141.752
141.315
140.853
140.224
139.208
137.79
136.413
136.014
136.066
136.246
136.55
136.934
137.352
137.767
138.153
138.505
138.83
139.144
139.458
139.781
140.117
140.465
140.822
141.183
141.548
141.916
142.287
142.662
143.041
143.421
143.801
144.177
144.548
144.909
145.259
145.593
145.914
146.221
146.522
146.814
147.105
147.394
147.689
147.989
148.279
148.746
70.4301
70.2012
70.1507
70.2123
70.3895
70.6201
70.9121
71.3193
71.828
72.4196
73.0965
73.8666
74.7434
75.7439
76.8768
78.1465
79.5573
81.111
82.8159
84.6682
86.6453
88.7081
90.813
92.9341
95.0775
97.2746
99.5322
101.822
104.07
106.188
108.112
109.797
111.234
112.478
113.605
114.675
115.73
116.799
117.893
119.021
120.186
121.352
122.432
123.338
124.081
124.73
125.36
126.057
126.894
128.011
129.569
131.241
132.099
132.672
132.823
132.667
132.289
131.591
130.557
129.227
127.722
126.351
125.35
124.684
124.214
123.816
123.397
122.808
121.873
120.504
118.985
118.36
118.33
118.406
118.586
118.852
119.179
119.532
119.878
120.199
120.498
120.786
121.075
121.372
121.682
122.004
122.337
122.677
123.023
123.373
123.729
124.089
124.456
124.823
125.192
125.557
125.919
126.272
126.615
126.942
127.255
127.555
127.847
128.13
128.41
128.686
128.967
129.253
129.527
129.983
70.4739
70.1446
69.9177
69.8654
69.9021
69.9471
70.0379
70.2149
70.4656
70.7641
71.109
71.5042
71.9581
72.4802
73.0764
73.7503
74.5068
75.3483
76.2856
77.3282
78.4707
79.6919
80.9676
82.288
83.6645
85.1222
86.6688
88.2883
89.934
91.5428
93.0603
94.4314
95.6236
96.6625
97.6059
98.5026
99.391
100.297
101.234
102.212
103.237
104.278
105.26
106.097
106.784
107.373
107.945
108.595
109.41
110.494
112.013
113.762
114.734
115.333
115.612
115.515
115.252
114.71
113.832
112.64
111.251
109.947
108.977
108.342
107.922
107.584
107.223
106.699
105.878
104.67
103.235
102.512
102.414
102.438
102.527
102.692
102.926
103.205
103.492
103.764
104.019
104.264
104.511
104.766
105.033
105.309
105.596
105.888
106.187
106.49
106.801
107.116
107.439
107.765
108.094
108.421
108.748
109.068
109.381
109.679
109.967
110.242
110.51
110.767
111.021
111.272
111.526
111.785
112.032
112.454
70.5333
70.2229
69.8993
69.7402
69.7002
69.6631
69.6585
69.7177
69.8351
69.9843
70.1569
70.3542
70.5832
70.8495
71.1551
71.5008
71.8905
72.3281
72.8166
73.3629
73.9686
74.6244
75.319
76.0482
76.821
77.6535
78.5539
79.5182
80.5266
81.5474
82.5462
83.4797
84.314
85.0514
85.718
86.3505
86.9786
87.623
88.3003
89.0186
89.779
90.5597
91.3087
91.9587
92.4939
92.9526
93.3988
93.9139
94.5895
95.5173
96.8204
98.3625
99.3059
99.8505
100.197
100.158
99.9851
99.5998
98.9082
97.922
96.745
95.6346
94.8084
94.2679
93.9112
93.6327
93.3417
92.9312
92.3103
91.4047
90.3039
89.6949
89.5809
89.5784
89.6209
89.7249
89.8875
90.089
90.3005
90.501
90.6919
90.8756
91.0623
91.2541
91.456
91.6665
91.8861
92.1126
92.3459
92.5836
92.8273
93.0754
93.3281
93.5829
93.84
94.0956
94.3513
94.602
94.8473
95.0842
95.3118
95.5317
95.745
95.9525
96.1553
96.3558
96.5562
96.7632
96.9554
97.3014
70.5594
70.3682
70.0156
69.7546
69.6187
69.5473
69.4876
69.4966
69.5445
69.6162
69.7023
69.8004
69.9151
70.0507
70.2069
70.3826
70.5807
70.8046
71.0543
71.3305
71.6356
71.9681
72.3236
72.7003
73.1021
73.5372
74.0114
74.5247
75.0706
75.6386
76.2132
76.7697
77.2841
77.7464
78.16
78.5414
78.9144
79.2993
79.708
80.146
80.6159
81.1046
81.58
82.0002
82.3548
82.6636
82.9642
83.3129
83.7775
84.4265
85.3605
86.5129
87.2214
87.5851
87.8719
87.8682
87.7457
87.4797
87.0033
86.2722
85.405
84.5864
83.9712
83.5796
83.3418
83.1661
82.9746
82.7046
82.3054
81.7426
81.0654
80.674
80.5995
80.6085
80.6483
80.7239
80.839
80.9812
81.1295
81.2696
81.399
81.5234
81.6477
81.7754
81.9078
82.045
82.1866
82.3321
82.4818
82.6358
82.7952
82.9593
83.1288
83.301
83.4764
83.6522
83.8288
84.0023
84.1727
84.3367
84.4947
84.6475
84.7965
84.9408
85.0829
85.2243
85.3661
85.5128
85.648
85.8989
70.493
70.4309
70.2024
69.8814
69.6153
69.5195
69.433
69.392
69.4058
69.4359
69.478
69.5279
69.586
69.6561
69.7374
69.8277
69.9286
70.043
70.1711
70.31
70.4598
70.6214
70.7945
70.9792
71.1766
71.3902
71.622
71.8731
72.1433
72.4342
72.7418
73.0528
73.353
73.6333
73.8744
74.0811
74.2755
74.4751
74.6888
74.9172
75.1624
75.4198
75.6745
75.9087
76.1127
76.2929
76.4728
76.6819
76.956
77.3436
77.9059
78.5859
78.9957
79.2115
79.4124
79.4418
79.3721
79.2034
78.8916
78.4437
77.869
77.3502
76.9653
76.6961
76.5303
76.4209
76.3209
76.1856
75.9815
75.6823
75.3361
75.1493
75.1289
75.1372
75.1681
75.2246
75.3013
75.3908
75.4842
75.5725
75.6564
75.7366
75.8177
75.9006
75.9865
76.0749
76.1654
76.2576
76.3512
76.4458
76.5419
76.6399
76.7393
76.8409
76.9437
77.0472
77.1511
77.2543
77.3556
77.4545
77.5507
77.6441
77.7355
77.8249
77.9127
78
78.0874
78.1789
78.2618
78.422
70.3779
70.4787
70.3756
70.081
69.7151
69.5455
69.44
69.3497
69.3417
69.348
69.3669
69.3913
69.4195
69.455
69.4992
69.548
69.6003
69.6583
69.7234
69.794
69.8683
69.9451
70.0238
70.1059
70.1942
70.291
70.396
70.5086
70.6309
70.7698
70.9282
71.0986
71.2727
71.443
71.5857
71.6903
71.7768
71.8634
71.9558
72.0576
72.1674
72.2824
72.3961
72.4988
72.5904
72.6805
72.773
72.8839
73.0395
73.2561
73.5684
73.9108
74.0961
74.2147
74.3298
74.3746
74.3476
74.2627
74.0669
73.7694
73.4392
73.1206
72.8916
72.7322
72.6416
72.5865
72.5284
72.4562
72.3639
72.2254
72.0875
72.0438
72.0412
72.0548
72.0822
72.123
72.1739
72.231
72.2864
72.3373
72.3839
72.4293
72.4748
72.5213
72.5705
72.6214
72.6744
72.729
72.7852
72.8421
72.9006
72.9597
73.0203
73.0806
73.1421
73.2029
73.2646
73.3244
73.3843
73.442
73.4979
73.5528
73.6064
73.6591
73.7111
73.7629
73.8133
73.8667
73.9124
74.0042
70.2028
70.484
70.4413
70.2497
69.9205
69.6399
69.495
69.3519
69.3239
69.3119
69.3145
69.3246
69.3348
69.3505
69.3746
69.4028
69.4317
69.4614
69.4932
69.5275
69.5639
69.5996
69.6308
69.6597
69.6908
69.7266
69.7657
69.8064
69.8534
69.9138
69.9934
70.0889
70.193
70.302
70.3974
70.4481
70.4755
70.5014
70.5286
70.5569
70.5911
70.6313
70.6729
70.7143
70.7597
70.8042
70.8516
70.9175
71.0044
71.1171
71.2928
71.455
71.5166
71.5439
71.5807
71.6283
71.6128
71.5698
71.4616
71.2502
70.9984
70.8171
70.6757
70.5697
70.5111
70.4996
70.4861
70.4603
70.4167
70.3478
70.3108
70.3165
70.3293
70.3575
70.3897
70.4152
70.4484
70.4844
70.5219
70.5566
70.5897
70.6209
70.6519
70.6829
70.7127
70.7423
70.7709
70.7987
70.8261
70.8543
70.8835
70.9137
70.945
70.9773
71.0104
71.0434
71.0773
71.1102
71.143
71.1746
71.2058
71.2359
71.2666
71.2964
71.3269
71.3579
71.389
71.4223
71.4529
71.5114
69.664
70.4368
70.407
70.3293
70.1445
69.8363
69.6149
69.416
69.3471
69.3142
69.2947
69.2929
69.2921
69.2984
69.3116
69.328
69.3454
69.3617
69.3759
69.3899
69.4056
69.4198
69.4265
69.4274
69.4283
69.4315
69.4364
69.4388
69.4459
69.4665
69.5055
69.5612
69.6267
69.7017
69.773
69.8038
69.8098
69.8082
69.8039
69.7978
69.7912
69.7869
69.788
69.7932
69.8055
69.8201
69.8406
69.8709
69.9093
69.9719
70.0659
70.1022
70.0986
70.1091
70.1331
70.187
70.1999
70.185
70.136
70.0223
69.8426
69.6347
69.5667
69.5028
69.4348
69.4181
69.4227
69.4276
69.4206
69.4057
69.4088
69.4335
69.4775
69.5065
69.5182
69.5288
69.5449
69.5634
69.5844
69.6036
69.622
69.6394
69.6584
69.6773
69.6978
69.7177
69.7391
69.7598
69.7799
69.7987
69.8174
69.8352
69.8538
69.8714
69.89
69.9075
69.9253
69.9414
69.9579
69.9736
69.9894
70.0053
70.0205
70.0366
70.0512
70.0668
70.0805
70.0963
70.1096
70.1377
69.0577
70.1963
70.2246
70.2936
70.262
70.0707
69.7923
69.5547
69.4198
69.3451
69.2957
69.2792
69.2762
69.2788
69.2827
69.2903
69.3011
69.313
69.318
69.3208
69.3249
69.3259
69.3215
69.3094
69.2931
69.2782
69.2646
69.2466
69.231
69.2344
69.2511
69.2822
69.3234
69.3746
69.4286
69.4562
69.4589
69.4543
69.4398
69.4188
69.3951
69.3732
69.3558
69.3435
69.3392
69.34
69.345
69.3534
69.3715
69.4137
69.4494
69.4481
69.4276
69.4122
69.4168
69.4413
69.4877
69.482
69.4617
69.4065
69.3021
69.1405
69.0012
68.9594
68.9159
68.8987
68.8986
68.9043
68.9088
68.9155
68.9351
68.9768
69.0322
69.0622
69.0747
69.0872
69.101
69.1166
69.1315
69.1433
69.1533
69.1604
69.1695
69.1775
69.1865
69.1947
69.2041
69.2135
69.2236
69.2335
69.2441
69.2543
69.265
69.2751
69.2855
69.2947
69.3047
69.313
69.3222
69.3309
69.3399
69.3489
69.3586
69.3681
69.3787
69.3892
69.4003
69.4108
69.4196
69.4352
68.514
69.3604
69.9177
70.3115
70.3062
70.2307
70.0261
69.7604
69.542
69.4174
69.3267
69.2819
69.2834
69.2817
69.2748
69.2736
69.2778
69.2866
69.2889
69.2881
69.2862
69.2814
69.2708
69.2532
69.2309
69.2079
69.1837
69.1547
69.1227
69.112
69.1168
69.1316
69.156
69.1893
69.2289
69.2568
69.2624
69.26
69.2495
69.227
69.198
69.1722
69.1536
69.14
69.1362
69.1361
69.1359
69.138
69.1486
69.1731
69.1812
69.1701
69.1391
69.1018
69.0932
69.1011
69.1349
69.1678
69.1635
69.1447
69.0839
68.9769
68.8157
68.7205
68.6659
68.6474
68.6494
68.6566
68.6663
68.68
68.7044
68.7455
68.7962
68.8294
68.8463
68.8578
68.8679
68.8787
68.8901
68.901
68.9105
68.918
68.9254
68.933
68.9407
68.9475
68.9536
68.9593
68.9638
68.9675
68.9714
68.9752
68.9791
68.9824
68.9865
68.9895
68.993
68.9961
68.9989
69.0013
69.0041
69.0068
69.0104
69.0138
69.0186
69.0241
69.0308
69.0375
69.0445
69.056
68.2016
68.6402
69.4718
70.2714
70.2738
70.2002
70.1309
69.9733
69.726
69.5378
69.4108
69.3112
69.3033
69.2962
69.2784
69.2674
69.2673
69.2717
69.274
69.2739
69.2712
69.2635
69.2496
69.2296
69.2064
69.1815
69.1528
69.1173
69.078
69.0497
69.044
69.0484
69.0608
69.0818
69.11
69.1359
69.1453
69.1447
69.1392
69.1239
69.0978
69.0719
69.0522
69.0425
69.039
69.0349
69.0294
69.0287
69.0326
69.0405
69.038
69.0219
68.9806
68.9291
68.9241
68.9304
68.9515
68.9813
69.0166
69.0255
69.0068
68.9481
68.8279
68.6798
68.5846
68.5307
68.53
68.5366
68.5497
68.5708
68.6029
68.6501
68.705
68.7346
68.7471
68.755
68.7612
68.7669
68.7742
68.7817
68.7877
68.7923
68.7964
68.8012
68.8067
68.812
68.8171
68.8224
68.8279
68.8322
68.836
68.8385
68.8409
68.8435
68.8455
68.8473
68.8493
68.8513
68.8531
68.8548
68.8564
68.8577
68.8588
68.8593
68.8597
68.8602
68.8607
68.8614
68.8624
68.8661
68.0737
68.2633
68.796
69.5643
69.9754
70.1407
70.2026
70.1463
69.9651
69.7205
69.5471
69.3872
69.3333
69.3156
69.2887
69.2674
69.2651
69.2655
69.2683
69.2705
69.2678
69.2589
69.2432
69.2216
69.1969
69.1705
69.1404
69.1053
69.0657
69.0299
69.0086
69.0059
69.0103
69.0219
69.0405
69.0612
69.072
69.0731
69.0703
69.0612
69.043
69.0212
69.0038
68.9953
68.9901
68.9843
68.9785
68.9768
68.9783
68.9794
68.9738
68.9558
68.9134
68.859
68.8465
68.85
68.8603
68.8828
68.9179
68.9604
68.9639
68.9438
68.8755
68.7437
68.6084
68.5059
68.4827
68.4874
68.4984
68.5191
68.5509
68.5954
68.6477
68.6897
68.7114
68.7227
68.7299
68.7348
68.7395
68.7443
68.7457
68.7462
68.747
68.748
68.7498
68.7519
68.7542
68.7568
68.7603
68.7629
68.7649
68.7659
68.767
68.7682
68.7687
68.7693
68.77
68.7708
68.7719
68.7733
68.7752
68.7773
68.7797
68.7818
68.7837
68.7855
68.787
68.7884
68.7895
68.7913
68.026
68.097
68.3146
68.8022
69.5365
70.0966
70.1932
70.158
70.0858
69.9444
69.7446
69.5453
69.4
69.3466
69.3135
69.2819
69.2674
69.2668
69.2698
69.2727
69.2683
69.2576
69.2418
69.2207
69.1949
69.1661
69.136
69.1043
69.068
69.0307
69.0006
68.9881
68.9883
68.993
69.0029
69.0166
69.0256
69.0275
69.0261
69.0202
69.0079
68.9924
68.9798
68.9716
68.9684
68.967
68.965
68.9634
68.964
68.9641
68.9585
68.9403
68.9021
68.8568
68.8258
68.8196
68.8234
68.8356
68.8638
68.911
68.9428
68.9386
68.9114
68.8347
68.7049
68.5686
68.4851
68.4738
68.4794
68.4934
68.5183
68.5564
68.6067
68.6532
68.6848
68.7044
68.7173
68.7246
68.7293
68.7345
68.7385
68.7396
68.7402
68.7409
68.7414
68.7414
68.7411
68.741
68.7411
68.7409
68.7404
68.7396
68.7392
68.7386
68.738
68.7374
68.7368
68.7361
68.7355
68.7353
68.7357
68.7366
68.738
68.7394
68.7409
68.7423
68.7438
68.7455
68.7472
68.7495
68.0085
68.0339
68.1107
68.3251
68.7948
69.468
69.9447
70.0275
70.0749
70.0729
69.9857
69.7964
69.5754
69.4212
69.3615
69.3244
69.2876
69.2734
69.2753
69.2754
69.2689
69.257
69.2425
69.2235
69.1981
69.1674
69.1375
69.1086
69.0762
69.0394
69.0061
68.986
68.9809
68.9818
68.9854
68.992
68.9975
68.9986
68.9977
68.9931
68.9835
68.9722
68.9644
68.9605
68.9608
68.9638
68.9652
68.9652
68.9672
68.9665
68.9587
68.9408
68.906
68.8596
68.8251
68.8113
68.8136
68.824
68.8418
68.8782
68.9285
68.939
68.9312
68.8993
68.8198
68.6939
68.5606
68.4875
68.4813
68.4875
68.5043
68.5353
68.5783
68.6269
68.6652
68.6887
68.7038
68.714
68.7194
68.7236
68.729
68.7326
68.7343
68.7359
68.7375
68.7393
68.7415
68.7428
68.7425
68.7419
68.741
68.7398
68.7387
68.7375
68.7362
68.7345
68.7327
68.7308
68.7284
68.7262
68.7244
68.7236
68.7236
68.7236
68.724
68.7247
68.7257
68.727
68.7283
68.73
68.0025
68.0109
68.0377
68.1127
68.2985
68.7361
69.3409
69.8237
70.0647
70.0737
70.0488
69.9785
69.8281
69.6269
69.4723
69.3893
69.3296
69.2884
69.2853
69.2785
69.2625
69.2499
69.2423
69.2312
69.2089
69.176
69.1438
69.1162
69.0864
69.0506
69.0148
68.9899
68.9803
68.9786
68.979
68.9807
68.9821
68.982
68.9804
68.9757
68.9665
68.9569
68.9536
68.9531
68.9541
68.9583
68.9646
68.9679
68.9714
68.9704
68.9615
68.9415
68.9093
68.8583
68.8211
68.8147
68.8177
68.8225
68.8332
68.8566
68.9066
68.9416
68.9433
68.9331
68.898
68.8209
68.7012
68.5749
68.5179
68.5121
68.5172
68.5342
68.5658
68.6061
68.6487
68.6784
68.6952
68.707
68.7142
68.7185
68.7231
68.7281
68.7309
68.7329
68.7351
68.7374
68.7402
68.743
68.7449
68.7461
68.7472
68.7476
68.7477
68.7475
68.7468
68.7455
68.7437
68.7416
68.739
68.7358
68.7327
68.7302
68.7283
68.7268
68.7253
68.7246
68.7245
68.7247
68.7251
68.7258
68.0007
68.0031
68.0119
68.0365
68.1036
68.2577
68.6158
69.1665
69.6472
69.9374
69.9713
69.9679
69.9657
69.8959
69.738
69.5511
69.4241
69.3443
69.3127
69.2893
69.2611
69.2486
69.2485
69.2415
69.2215
69.1892
69.1535
69.1231
69.0929
69.0589
69.0243
68.9979
68.9855
68.9809
68.9786
68.9773
68.9761
68.9745
68.9714
68.9656
68.9558
68.9472
68.9461
68.9468
68.9487
68.9541
68.9648
68.9723
68.976
68.9749
68.9668
68.9456
68.9141
68.8633
68.8202
68.8174
68.8188
68.8214
68.8279
68.8433
68.878
68.9306
68.9473
68.9458
68.9336
68.8974
68.8248
68.7131
68.6053
68.563
68.552
68.5546
68.5691
68.6018
68.644
68.6764
68.695
68.7068
68.7155
68.7211
68.725
68.7297
68.7333
68.7357
68.738
68.7403
68.7426
68.7453
68.7482
68.7508
68.7529
68.7546
68.7557
68.756
68.7558
68.7554
68.7544
68.7529
68.7512
68.7495
68.7477
68.7458
68.7443
68.743
68.7415
68.7397
68.7379
68.7364
68.7352
68.7339
68.0002
68.0008
68.0033
68.0111
68.0323
68.0852
68.2106
68.471
68.9428
69.4675
69.7667
69.9541
69.9775
69.9587
69.9092
69.795
69.6341
69.4892
69.3892
69.3408
69.2918
69.268
69.2572
69.2426
69.2203
69.191
69.1571
69.1246
69.0931
69.0601
69.0291
69.0064
68.9942
68.9873
68.9823
68.9784
68.9754
68.9727
68.9689
68.9623
68.9521
68.9445
68.9436
68.9446
68.947
68.9529
68.9666
68.9808
68.9852
68.984
68.9771
68.9577
68.9261
68.884
68.8365
68.8219
68.8184
68.8182
68.8213
68.8317
68.8557
68.903
68.9421
68.9472
68.9437
68.9291
68.8927
68.8271
68.7299
68.6468
68.615
68.6053
68.6084
68.6221
68.649
68.6809
68.7056
68.7205
68.7287
68.7332
68.7363
68.739
68.7416
68.7434
68.7451
68.7472
68.7496
68.7521
68.7544
68.7565
68.7584
68.7601
68.7609
68.7609
68.7607
68.7602
68.7593
68.7579
68.7562
68.7543
68.7534
68.7527
68.7519
68.7511
68.7501
68.7495
68.7491
68.7485
68.7479
68.7469
68
68.0002
68.0008
68.003
68.0093
68.0259
68.0658
68.1539
68.3468
68.6968
69.172
69.5697
69.8389
69.8797
69.8751
69.8659
69.8354
69.7507
69.6125
69.4814
69.3903
69.3275
69.2776
69.2401
69.218
69.1948
69.1635
69.1263
69.092
69.0614
69.0375
69.0177
69.0029
68.9934
68.9875
68.9826
68.9785
68.9749
68.9708
68.9643
68.9542
68.9471
68.9461
68.9468
68.9492
68.9548
68.9679
68.988
68.9975
68.9963
68.9911
68.9762
68.9473
68.9124
68.8711
68.8327
68.8186
68.8172
68.8189
68.8259
68.8418
68.8746
68.923
68.9449
68.9461
68.9418
68.9269
68.8939
68.8368
68.7583
68.6974
68.6698
68.6611
68.6634
68.6739
68.6954
68.7211
68.7403
68.7503
68.7544
68.7561
68.7569
68.7573
68.7573
68.7574
68.7582
68.7595
68.7612
68.7629
68.7643
68.7657
68.7669
68.7674
68.7674
68.7672
68.7666
68.7654
68.764
68.762
68.7594
68.7577
68.7566
68.7554
68.7541
68.7529
68.7522
68.752
68.7518
68.7514
68.7511
68
68
68.0002
68.0007
68.0024
68.0071
68.0191
68.0466
68.1071
68.2303
68.4713
68.8674
69.2983
69.6088
69.7781
69.8711
69.8653
69.8448
69.8025
69.7108
69.5903
69.4702
69.3667
69.294
69.2585
69.2262
69.1829
69.1338
69.0963
69.0769
69.0564
69.0324
69.0111
68.9971
68.9896
68.9852
68.9822
68.9792
68.9752
68.9692
68.9596
68.9512
68.9495
68.9497
68.9516
68.9561
68.9666
68.986
69.0045
69.0075
69.0046
68.9959
68.9757
68.9461
68.911
68.8635
68.826
68.8191
68.8204
68.8264
68.8399
68.8622
68.8982
68.9348
68.949
68.9492
68.9449
68.9315
68.9036
68.857
68.7985
68.7509
68.7274
68.7181
68.7192
68.7264
68.742
68.7594
68.7699
68.7736
68.7745
68.7745
68.7741
68.773
68.7723
68.7722
68.7725
68.7736
68.7759
68.778
68.7794
68.7802
68.7806
68.7806
68.7804
68.7798
68.7786
68.7764
68.7734
68.7699
68.7663
68.7636
68.7616
68.7597
68.7585
68.7576
68.7569
68.756
68.7555
68.7554
68
68
68
68.0002
68.0006
68.0017
68.005
68.0128
68.0307
68.0689
68.1444
68.2965
68.5561
68.9432
69.3177
69.6046
69.7255
69.7827
69.7847
69.7745
69.7466
69.6832
69.584
69.4731
69.3714
69.2891
69.2187
69.1557
69.1159
69.0877
69.0587
69.0314
69.0068
68.9926
68.9884
68.9867
68.9855
68.9835
68.9798
68.9741
68.9651
68.9564
68.9543
68.9542
68.9549
68.9578
68.9634
68.9767
68.9997
69.0155
69.0157
69.0121
69.0027
68.982
68.9516
68.9114
68.864
68.8419
68.8411
68.8435
68.85
68.8637
68.8867
68.9193
68.9453
68.9575
68.963
68.9613
68.9541
68.9358
68.9024
68.858
68.8187
68.7929
68.7827
68.7801
68.7831
68.7903
68.7976
68.7993
68.7995
68.7979
68.7947
68.7917
68.7893
68.7875
68.7862
68.7841
68.7819
68.7815
68.7817
68.7821
68.7823
68.7823
68.7821
68.7818
68.7811
68.7803
68.7796
68.7787
68.7765
68.773
68.7697
68.7678
68.7668
68.7664
68.7658
68.7644
68.7627
68.7609
68
68
68
68
68.0001
68.0004
68.0011
68.0031
68.0079
68.0187
68.0411
68.086
68.1703
68.3283
68.5904
68.9371
69.2795
69.5365
69.6823
69.7426
69.7476
69.7398
69.7165
69.6678
69.5832
69.4708
69.3587
69.255
69.1694
69.1053
69.0619
69.0308
69.0077
68.9935
68.9891
68.9885
68.9873
68.9849
68.9808
68.9752
68.9677
68.9584
68.9546
68.9544
68.9549
68.9571
68.9623
68.9718
68.9894
69.0115
69.0203
69.0226
69.0215
69.0142
68.9962
68.9661
68.9221
68.8795
68.8652
68.8649
68.8673
68.8747
68.8906
68.9155
68.942
68.9631
68.9792
68.9874
68.9873
68.9831
68.9716
68.9504
68.9224
68.894
68.8721
68.8574
68.848
68.8399
68.8328
68.8241
68.8149
68.806
68.7988
68.7931
68.7886
68.7865
68.7852
68.7854
68.7855
68.7851
68.7851
68.7853
68.7853
68.7851
68.7848
68.7845
68.7843
68.784
68.7832
68.7816
68.7796
68.7779
68.7762
68.7743
68.772
68.7696
68.7683
68.7667
68.7661
68.766
68
68
68
68
68
68.0001
68.0002
68.0007
68.0018
68.0045
68.0105
68.0229
68.0474
68.0934
68.177
68.3241
68.5613
68.8762
69.1886
69.4391
69.5939
69.6813
69.6909
69.6826
69.6622
69.6238
69.5586
69.4622
69.3456
69.2343
69.1491
69.089
69.0459
69.0159
69.0008
68.9941
68.9905
68.9871
68.9829
68.9775
68.9715
68.9634
68.9593
68.959
68.9592
68.9606
68.9649
68.973
68.9866
69.0093
69.0232
69.024
69.0241
69.0216
69.013
68.9952
68.9663
68.9267
68.8897
68.8779
68.878
68.8816
68.8919
68.9112
68.9377
68.9652
68.9859
68.9934
68.9944
68.9934
68.9892
68.9793
68.9623
68.9401
68.916
68.8933
68.8737
68.8565
68.8406
68.8264
68.8154
68.8071
68.8002
68.795
68.7907
68.7877
68.7862
68.7861
68.786
68.7862
68.787
68.7873
68.7874
68.7873
68.7871
68.7866
68.7859
68.7851
68.7841
68.7823
68.7801
68.7781
68.7761
68.7741
68.7718
68.7693
68.767
68.7662
68.7656
68.7653
68
68
68
68
68
68
68
68.0001
68.0004
68.001
68.0024
68.0055
68.0118
68.0244
68.0479
68.0907
68.1641
68.2902
68.491
68.7657
69.0593
69.3135
69.4763
69.5832
69.6233
69.6194
69.6
69.5638
69.5093
69.4324
69.3361
69.235
69.1481
69.0847
69.0449
69.0211
69.0089
69.0017
68.9953
68.9887
68.9818
68.9757
68.9736
68.9735
68.9739
68.9754
68.9793
68.9859
68.9961
69.0132
69.0246
69.0267
69.0261
69.0258
69.0231
69.0158
69.0012
68.9763
68.9398
68.9094
68.9022
68.9027
68.9069
68.918
68.9386
68.9641
68.9836
68.9917
68.9933
68.993
68.9898
68.9813
68.9655
68.9441
68.9199
68.8968
68.8747
68.8562
68.839
68.8263
68.8146
68.806
68.7992
68.7941
68.7902
68.7871
68.785
68.7832
68.7815
68.7805
68.78
68.7795
68.7792
68.7789
68.7785
68.7783
68.7779
68.7772
68.7762
68.775
68.7734
68.7714
68.7687
68.7656
68.7635
68.762
68.7598
68.757
68.7538
68.7516
68
68
68
68
68
68
68
68
68.0001
68.0002
68.0005
68.0012
68.0026
68.0057
68.0117
68.023
68.0435
68.0791
68.1388
68.2385
68.3949
68.621
68.8848
69.136
69.3272
69.4486
69.5109
69.513
69.4988
69.468
69.4247
69.3714
69.3093
69.2409
69.1757
69.1227
69.0834
69.0558
69.0361
69.0207
69.0087
69.001
68.9966
68.9939
68.9931
68.9931
68.994
68.998
69.0049
69.0143
69.0277
69.0373
69.0426
69.047
69.0489
69.0474
69.0408
69.0263
69.0052
68.9813
68.9618
68.9514
68.9487
68.9501
68.9553
68.9628
68.967
68.9679
68.966
68.9609
68.9525
68.9401
68.9224
68.9006
68.8768
68.8533
68.8318
68.8137
68.7982
68.7863
68.7777
68.7705
68.765
68.7605
68.7569
68.7534
68.7504
68.7476
68.7453
68.7431
68.7415
68.7402
68.7391
68.7379
68.7371
68.7362
68.7356
68.7349
68.7343
68.7335
68.7328
68.7316
68.7301
68.7285
68.7266
68.7243
68.7219
68.7197
68.717
68.7164
68
68
68
68
68
68
68
68
68
68
68.0001
68.0002
68.0005
68.0012
68.0025
68.0052
68.0103
68.0196
68.0359
68.0636
68.1089
68.1818
68.2957
68.4648
68.6839
68.9144
69.1176
69.259
69.3437
69.3827
69.3794
69.3621
69.3303
69.2907
69.25
69.2128
69.1799
69.1522
69.1286
69.1091
69.0966
69.0875
69.0814
69.0774
69.0754
69.0746
69.0747
69.074
69.0731
69.0742
69.0775
69.082
69.085
69.0868
69.0867
69.0851
69.0815
69.0746
69.0627
69.0455
69.0244
69.0032
68.9873
68.9772
68.9706
68.9652
68.9572
68.9445
68.9278
68.9089
68.8895
68.8696
68.8501
68.831
68.8133
68.7974
68.7837
68.772
68.7624
68.754
68.747
68.7407
68.7351
68.7297
68.7246
68.7196
68.7148
68.71
68.7055
68.7011
68.6971
68.6932
68.6899
68.6867
68.6838
68.6812
68.679
68.6773
68.6755
68.6739
68.6726
68.6713
68.6697
68.6683
68.6666
68.6646
68.6626
68.6608
68.6581
68.6571
68
68
68
68
68
68
68
68
68
68
68
68
68.0001
68.0002
68.0005
68.0011
68.0023
68.0045
68.0086
68.0158
68.0281
68.0486
68.0814
68.1327
68.2116
68.3302
68.4948
68.6906
68.88
69.039
69.1452
69.2093
69.2362
69.2326
69.2216
69.204
69.1832
69.163
69.1504
69.1455
69.1442
69.1453
69.1502
69.1597
69.171
69.1812
69.1893
69.1942
69.1938
69.1922
69.1901
69.1883
69.1865
69.1837
69.1797
69.1751
69.1701
69.164
69.1554
69.1424
69.1234
69.0979
69.0686
69.0394
69.0133
68.9904
68.9707
68.9505
68.9295
68.9072
68.8856
68.8647
68.8463
68.8295
68.8147
68.8015
68.7903
68.78
68.7717
68.7638
68.757
68.7506
68.7446
68.7387
68.7329
68.7273
68.7219
68.7164
68.7113
68.7062
68.7014
68.6968
68.6924
68.6883
68.6842
68.6803
68.676
68.6722
68.6683
68.6644
68.6602
68.6565
68.6527
68.6487
68.6448
68.641
68.637
68.6332
68.6294
68.6259
68
68
68
68
68
68
68
68
68
68
68
68
68
68
68.0001
68.0002
68.0005
68.001
68.002
68.0038
68.007
68.0125
68.0218
68.0368
68.0605
68.0967
68.1508
68.2313
68.3454
68.4918
68.6536
68.8037
68.9229
69.0048
69.0578
69.0878
69.1022
69.1085
69.1131
69.1185
69.125
69.1333
69.1444
69.1587
69.1745
69.1899
69.2034
69.2141
69.2213
69.2258
69.228
69.2291
69.2291
69.228
69.2255
69.2215
69.2161
69.2094
69.2009
69.1899
69.1756
69.1578
69.1366
69.1116
69.0832
69.0522
69.0207
68.9911
68.9638
68.9396
68.9176
68.8985
68.8812
68.8662
68.8527
68.8407
68.8295
68.8197
68.8098
68.801
68.7921
68.7838
68.7753
68.7673
68.7591
68.7513
68.7434
68.7361
68.7285
68.7217
68.7144
68.708
68.7014
68.6952
68.689
68.6835
68.6779
68.6722
68.6672
68.6626
68.6576
68.653
68.6487
68.6443
68.6401
68.6361
68.6319
68.6277
68.6239
68.6196
68
68
68
68
68
68
68
68
68
68
68
68
68
68
68
68
68.0001
68.0002
68.0004
68.0009
68.0017
68.0031
68.0056
68.0098
68.0167
68.0276
68.0444
68.0695
68.1061
68.1583
68.2314
68.328
68.4436
68.5661
68.6798
68.7744
68.8479
68.904
68.9473
68.9819
69.0115
69.0384
69.0641
69.0894
69.1138
69.1362
69.1555
69.1715
69.1836
69.1929
69.1996
69.2043
69.2073
69.2093
69.2092
69.2078
69.2047
69.1999
69.1932
69.1843
69.1725
69.1575
69.1395
69.1199
69.0997
69.0803
69.0619
69.0443
69.0278
69.013
69.0001
68.9889
68.9787
68.9691
68.9598
68.9504
68.9407
68.9306
68.9201
68.909
68.8975
68.8856
68.8737
68.8616
68.8498
68.838
68.8267
68.8154
68.8047
68.794
68.784
68.7739
68.7645
68.7551
68.7464
68.7376
68.7295
68.7216
68.714
68.7065
68.6998
68.6929
68.6864
68.6802
68.6743
68.6683
68.663
68.6575
68.6522
68.6461
68
68
68
68
68
68
68
68
68
68
68
68
68
68
68
68
68
68
68.0001
68.0002
68.0004
68.0008
68.0014
68.0025
68.0044
68.0076
68.0126
68.0203
68.0318
68.0486
68.0724
68.105
68.1481
68.2037
68.273
68.3537
68.4399
68.525
68.6032
68.6724
68.7328
68.7858
68.8328
68.875
68.9132
68.9476
68.9781
69.005
69.0284
69.0487
69.0663
69.0815
69.0945
69.1056
69.1145
69.1211
69.1256
69.1284
69.1281
69.1261
69.1216
69.1142
69.1038
69.0911
69.0772
69.0633
69.0506
69.0395
69.0308
69.0253
69.0225
69.0211
69.0203
69.0198
69.0193
69.0187
69.0177
69.0162
69.0142
69.0113
69.0075
69.0029
68.9974
68.9909
68.9837
68.9755
68.9667
68.957
68.9467
68.9358
68.9243
68.9125
68.9003
68.888
68.8755
68.8631
68.8508
68.8387
68.8268
68.8151
68.8036
68.7926
68.7817
68.7712
68.7611
68.7513
68.7418
68.7325
68.724
68.7129
68
68
68
68
68
68
68
68
68
68
68
68
68
68
68
68
68
68
68
68
68.0001
68.0002
68.0003
68.0006
68.0011
68.002
68.0034
68.0057
68.0092
68.0144
68.0221
68.0331
68.048
68.0673
68.0911
68.1197
68.1541
68.1951
68.2423
68.2938
68.3473
68.4002
68.4508
68.4982
68.5422
68.5832
68.6218
68.6583
68.6932
68.7266
68.7584
68.7886
68.817
68.8435
68.8678
68.8898
68.9093
68.9266
68.9414
68.954
68.9643
68.9721
68.9774
68.9805
68.9818
68.9822
68.9826
68.9837
68.9859
68.989
68.9926
68.9966
69.0003
69.004
69.0072
69.01
69.0124
69.014
69.0153
69.0161
69.0167
69.0172
69.0175
69.0175
69.0174
69.0171
69.0166
69.0158
69.0148
69.0134
69.0117
69.0094
69.0068
69.0033
68.9993
68.9945
68.989
68.9827
68.9757
68.9679
68.9593
68.95
68.94
68.9295
68.9185
68.907
68.8953
68.8831
68.8718
68.8542
68
68
68
68
68
68
68
68
68
68
68
68
68
68
68
68
68
68
68
68
68
68
68.0001
68.0002
68.0003
68.0005
68.0009
68.0015
68.0026
68.0041
68.0065
68.0101
68.0152
68.0222
68.0311
68.0415
68.0532
68.0662
68.0808
68.0975
68.1161
68.1362
68.1575
68.1794
68.2016
68.2241
68.2472
68.2713
68.2966
68.3232
68.3513
68.3807
68.4112
68.4424
68.474
68.5057
68.537
68.5679
68.5981
68.6277
68.6564
68.6841
68.7106
68.7355
68.7589
68.7807
68.8013
68.8209
68.8397
68.8574
68.8739
68.8892
68.9033
68.9162
68.9282
68.939
68.9489
68.9578
68.9657
68.9728
68.979
68.9845
68.9894
68.9937
68.9975
69.0008
69.0038
69.0062
69.0083
69.0099
69.0113
69.0122
69.0132
69.0139
69.0146
69.015
69.0154
69.0154
69.0156
69.0157
69.016
69.0156
69.0152
69.0142
69.0129
69.011
69.0088
69.0059
69.0027
68.9958
68
68
68
68
68
68
68
68
68
68
68
68
68
68
68
68
68
68
68
68
68
68
68
68
68.0001
68.0001
68.0002
68.0004
68.0007
68.0011
68.0019
68.003
68.0046
68.0071
68.0104
68.0145
68.0192
68.024
68.0289
68.0338
68.039
68.0446
68.0507
68.0571
68.0638
68.0709
68.0784
68.0865
68.0953
68.105
68.1157
68.1274
68.1403
68.1545
68.1699
68.1867
68.2051
68.225
68.2466
68.2702
68.296
68.3239
68.354
68.386
68.4195
68.4537
68.4882
68.5222
68.5553
68.5871
68.6175
68.6464
68.6739
68.7
68.7249
68.7484
68.7707
68.7917
68.8115
68.8302
68.8478
68.8642
68.8795
68.8938
68.9071
68.9194
68.9309
68.9415
68.9515
68.9606
68.9693
68.9771
68.9844
68.9905
68.9969
69.0016
69.0072
69.0108
69.0157
69.019
69.0233
69.0273
69.032
69.0367
69.0421
69.0476
69.0541
69.0606
69.0734
69.0707
68
68
68
68
68
68
68
68
68
68
68
68
68
68
68
68
68
68
68
68
68
68
68
68
68
68
68.0001
68.0001
68.0002
68.0003
68.0005
68.0009
68.0014
68.0022
68.0034
68.0049
68.0068
68.0089
68.0109
68.0128
68.0145
68.0159
68.0174
68.0189
68.0206
68.0225
68.0246
68.027
68.0296
68.0327
68.0361
68.04
68.0442
68.049
68.0543
68.0601
68.0665
68.0736
68.0815
68.0903
68.1003
68.1116
68.1244
68.139
68.1554
68.1738
68.1942
68.2163
68.2401
68.2653
68.2918
68.3194
68.3481
68.3777
68.4081
68.4391
68.4705
68.5021
68.5337
68.5651
68.5962
68.6268
68.6569
68.6865
68.7154
68.7438
68.7717
68.7993
68.8266
68.854
68.8815
68.9091
68.9367
68.9579
68.9778
68.9962
69.0178
69.0397
69.0647
69.0905
69.1204
69.1525
69.1897
69.2311
69.2797
69.3343
69.4002
69.4693
69.6072
69.5797
68
68
68
68
68
68
68
68
68
68
68
68
68
68
68
68
68
68
68
68
68
68
68
68
68
68
68
68
68
68.0001
68.0001
68.0002
68.0004
68.0007
68.0011
68.0016
68.0023
68.0032
68.0041
68.005
68.0057
68.0063
68.0067
68.0071
68.0075
68.0079
68.0085
68.0091
68.0099
68.0108
68.0119
68.0132
68.0147
68.0165
68.0184
68.0206
68.0231
68.0259
68.029
68.0326
68.0366
68.0412
68.0465
68.0525
68.0593
68.0667
68.0745
68.0812
68.0884
68.0961
68.1047
68.1142
68.1249
68.137
68.1506
68.166
68.1834
68.203
68.2249
68.2494
68.2766
68.3066
68.3399
68.3765
68.4169
68.4615
68.5109
68.5659
68.6271
68.6957
68.7726
68.8592
68.9581
69.0749
69.2102
69.364
69.5389
69.7377
69.9699
70.2362
70.5501
70.9154
71.3424
71.8365
72.4137
73.0586
73.7922
74.5826
75.6163
76.1386
68
68
68
68
68
68
68
68
68
68
68
68
68
68
68
68
68
68
68
68
68
68
68
68
68
68
68
68
68
68
68
68.0001
68.0001
68.0002
68.0004
68.0006
68.0009
68.0013
68.0018
68.0023
68.0029
68.0035
68.0038
68.0036
68.0035
68.0035
68.0036
68.0039
68.0043
68.0048
68.0057
68.0067
68.008
68.0096
68.0114
68.0135
68.016
68.0188
68.0222
68.0262
68.0309
68.0364
68.043
68.0507
68.0598
68.0708
68.0843
68.102
68.1228
68.1471
68.1756
68.209
68.2484
68.2948
68.3494
68.4137
68.4892
68.578
68.682
68.8043
68.9483
69.1188
69.3207
69.5608
69.8473
70.1882
70.5928
71.0702
71.6227
72.2611
72.9776
73.7675
74.6282
75.5417
76.4942
77.494
78.4904
79.5159
80.5267
81.5494
82.5315
83.5532
84.474
85.4664
86.3437
87.2481
88.0907
88.8492
89.8693
90.115
68
68
68
68
68
68
68
68
68
68
68
68
68
68
68
68
68
68
68
68
68
68
68
68
68
68
68
68
68
68
68
68
68
68.0001
68.0002
68.0003
68.0005
68.0009
68.0014
68.0019
68.0026
68.0034
68.0043
68.0056
68.0073
68.0097
68.013
68.0176
68.0239
68.0323
68.043
68.0563
68.0723
68.0913
68.1135
68.1393
68.1693
68.2046
68.2463
68.2956
68.3542
68.4237
68.5061
68.6038
68.7198
68.8577
69.0222
69.2196
69.4573
69.7437
70.0882
70.5
70.9867
71.5542
72.2041
72.9363
73.7436
74.6196
75.5516
76.5287
77.5427
78.5753
79.6255
80.6682
81.7147
82.7362
83.7409
84.727
85.6428
86.5696
87.4064
88.2099
88.9879
89.6664
90.3648
90.9607
91.5532
92.0791
92.5902
93.0523
93.4961
93.8988
94.2746
94.6112
94.9328
95.2113
95.4796
95.6854
96.0134
95.9944
68
68
68
68
68
68
68
68
68
68
68
68
68
68
68
68
68
68
68
68
68
68
68
68
68
68
68
68
68
68
68
68.0001
68.0002
68.0004
68.0009
68.0016
68.0028
68.0046
68.007
68.0102
68.0149
68.0221
68.0334
68.0506
68.076
68.1126
68.1649
68.2374
68.3353
68.463
68.6252
68.8264
69.0716
69.3646
69.7092
70.1089
70.5685
71.0944
71.6933
72.3669
73.1178
73.9398
74.8261
75.7677
76.752
77.7683
78.8073
79.8587
80.9186
81.9733
83.0118
84.0263
85.0035
85.9409
86.829
87.6812
88.4746
89.2386
89.9362
90.6132
91.2282
91.829
92.3564
92.8706
93.3345
93.7774
94.1666
94.5136
94.8774
95.1557
95.4163
95.6645
95.8788
96.0859
96.2574
96.4237
96.5802
96.7324
96.881
97.016
97.1543
97.2461
97.3534
97.4248
97.507
97.5711
97.6362
97.6827
97.7503
97.7382
68
68
68
68
68
68
68
68
68
68
68
68
68
68
68
68
68
68
68
68
68
68
68
68
68
68
68
68
68.0001
68.0001
68.0003
68.0008
68.0019
68.0038
68.0076
68.0139
68.024
68.0404
68.0678
68.114
68.1902
68.311
68.4943
68.7662
69.1675
69.7557
70.59
71.6974
73.0525
74.5803
76.1904
77.8011
79.3492
80.7987
82.1325
83.35
84.4595
85.4765
86.422
87.2951
88.1248
88.8938
89.6243
90.3105
90.9558
91.5681
92.1334
92.6752
93.1699
93.6112
94.0203
94.3895
94.7114
94.9926
95.2554
95.4817
95.6894
95.8622
96.0317
96.1795
96.3161
96.4303
96.546
96.6544
96.7497
96.8317
96.9151
97.0016
97.0594
97.106
97.1699
97.2176
97.2445
97.285
97.3118
97.3461
97.3705
97.3953
97.4141
97.4375
97.4686
97.5135
97.581
97.6321
97.6829
97.726
97.7643
97.797
97.8181
97.8532
68
68
68
68
68
68
68
68
68
68
68
68
68
68
68
68
68
68
68
68
68
68
68
68
68
68
68.0001
68.0003
68.0008
68.002
68.0046
68.0105
68.0229
68.0467
68.0922
68.18
68.343
68.6279
69.1123
69.9243
71.2007
72.9811
75.1566
77.5438
79.9411
82.1994
84.256
86.0672
87.6622
89.0438
90.2563
91.3102
92.2279
93.0169
93.7023
94.2788
94.7613
95.1751
95.506
95.8116
96.0616
96.2963
96.5053
96.7018
96.8886
97.0664
97.2441
97.3869
97.4904
97.5845
97.6624
97.7265
97.7853
97.8364
97.8759
97.9063
97.9355
97.9546
97.9748
97.9875
98.0047
98.0196
98.0383
98.0543
98.0728
98.0925
98.1087
98.1195
98.1216
98.1256
98.1306
98.1276
98.1134
98.1079
98.1041
98.0987
98.0905
98.0836
98.0792
98.0786
98.0743
98.0687
98.0692
98.0646
98.052
98.0382
98.0264
98.0144
98.0041
97.9936
68
68
68
68
68
68
68
68
68
68
68
68
68
68
68
68
68
68
68
68
68
68
68
68.0001
68.0002
68.0007
68.0019
68.0048
68.0123
68.0306
68.0731
68.1723
68.3854
68.8157
69.6797
71.3146
73.8663
77.0194
80.2681
83.2524
85.8331
88.0023
89.7485
91.1362
92.2131
93.0528
93.6999
94.2311
94.6746
95.0723
95.4348
95.7706
96.0841
96.3733
96.6253
96.8396
97.0222
97.1524
97.2586
97.3304
97.3875
97.4318
97.4678
97.4983
97.5282
97.555
97.5798
97.6148
97.6753
97.7405
97.7931
97.8352
97.8707
97.904
97.9291
97.9529
97.981
98.0129
98.0461
98.0761
98.1095
98.1415
98.1752
98.2032
98.2315
98.2562
98.2734
98.2839
98.2858
98.2892
98.2884
98.2798
98.2628
98.2577
98.2531
98.2475
98.244
98.2463
98.2534
98.264
98.2755
98.2876
98.2958
98.2957
98.2926
98.2854
98.2733
98.2574
98.2405
98.2151
68
68
68
68
68
68
68
68
68
68
68
68
68
68
68
68
68
68
68
68
68
68.0001
68.0004
68.0013
68.0036
68.0105
68.0295
68.0804
68.2209
68.5763
69.4301
71.3568
74.618
78.7467
82.9432
86.5404
89.3572
91.4639
92.9996
94.0998
94.9015
95.5497
95.9584
96.1631
96.3056
96.4111
96.5098
96.6275
96.7569
96.9042
97.0641
97.2348
97.4097
97.5814
97.7411
97.8884
98.0151
98.1015
98.1669
98.1904
98.201
98.2018
98.1974
98.1841
98.1682
98.1513
98.1283
98.0981
98.0664
98.0373
98.0066
97.9767
97.963
97.9547
97.9435
97.9322
97.9324
97.9355
97.9407
97.9484
97.9606
97.977
97.9961
98.0156
98.0352
98.0524
98.0634
98.0706
98.0736
98.0779
98.0774
98.0703
98.0684
98.0721
98.0829
98.0989
98.1176
98.1395
98.1633
98.1891
98.2153
98.2368
98.249
98.2554
98.2561
98.2523
98.2438
98.2327
98.218
98.2026
68
68
68
68
68
68
68
68
68
68
68
68
68
68
68
68
68
68
68
68.0002
68.0006
68.0019
68.0059
68.0191
68.0586
68.1838
68.5519
69.5866
72.2616
76.8409
82.1608
86.9814
90.4097
92.7683
94.2616
95.1092
95.4873
95.6705
95.7919
95.8366
95.8419
95.8297
95.9661
96.1269
96.2814
96.4429
96.6031
96.7439
96.8847
97.0366
97.197
97.3622
97.5279
97.6896
97.8389
97.9778
98.0987
98.1903
98.2587
98.2973
98.3204
98.3368
98.3486
98.3582
98.3682
98.3804
98.3863
98.3851
98.3794
98.3679
98.349
98.3236
98.2959
98.2662
98.2308
98.2004
98.1771
98.1584
98.1422
98.1314
98.1265
98.1235
98.127
98.1339
98.1369
98.1359
98.1293
98.119
98.1076
98.0947
98.077
98.058
98.0519
98.0522
98.0559
98.0634
98.0756
98.0911
98.1084
98.1284
98.1452
98.1559
98.1602
98.1616
98.1605
98.1557
98.1481
98.1331
98.1228
98.1246
68
68
68
68
68
68
68
68
68
68
68
68
68
68
68
68
68
68.0002
68.0006
68.0022
68.0079
68.0282
68.098
68.3424
69.1264
71.575
76.5608
82.8049
88.3
92.2065
94.8396
96.1787
97.2057
97.3909
97.341
97.2674
97.1688
97.038
96.9195
96.8011
96.6407
96.4265
96.2261
96.1726
96.1933
96.2533
96.3519
96.4701
96.602
96.7488
96.9223
97.1015
97.275
97.4354
97.585
97.7303
97.8687
97.9892
98.0864
98.1501
98.1967
98.2322
98.2606
98.2864
98.313
98.3394
98.3554
98.3648
98.3636
98.3592
98.3502
98.3361
98.3175
98.3001
98.2911
98.2887
98.2888
98.2919
98.298
98.3038
98.3109
98.3205
98.3278
98.3262
98.3209
98.3101
98.2932
98.2716
98.2469
98.2175
98.1826
98.1566
98.1456
98.1384
98.1365
98.1385
98.1464
98.1568
98.169
98.1801
98.1877
98.1934
98.1943
98.1923
98.1853
98.1733
98.1583
98.138
98.1233
98.1156
68
68
68
68
68
68
68
68
68
68
68
68
68
68
68
68.0001
68.0006
68.0021
68.0085
68.0323
68.1284
68.5257
69.9745
74.0539
80.7306
87.4994
92.1412
94.9374
96.2886
96.9733
97.1141
97.0706
97.1872
97.3391
97.3915
97.3525
97.2742
97.1498
97.0515
96.979
96.9001
96.8331
96.7646
96.6884
96.6314
96.6287
96.6488
96.6948
96.7696
96.8676
96.9642
97.0794
97.2049
97.3301
97.4518
97.5673
97.6833
97.7968
97.8943
97.9656
98.0178
98.0593
98.0929
98.1266
98.1613
98.1941
98.2206
98.2398
98.253
98.2619
98.2668
98.2678
98.2657
98.2661
98.2718
98.2817
98.2926
98.3055
98.3194
98.332
98.3462
98.3618
98.3701
98.369
98.3645
98.3571
98.3478
98.3365
98.3199
98.2958
98.2708
98.2567
98.2521
98.2487
98.2463
98.2495
98.2577
98.2698
98.2778
98.2784
98.2765
98.2726
98.266
98.2563
98.2422
98.2246
98.2049
98.1827
98.169
98.1578
68
68
68
68
68
68
68
68
68
68
68
68
68
68.0001
68.0004
68.0017
68.0071
68.0298
68.1356
68.5925
70.5327
76.2491
83.9791
90.2475
94.2257
97.4301
98.3809
98.4606
98.4304
98.3467
98.1462
97.7882
97.3549
97.1805
97.1099
97.0515
97.006
97.0078
97.001
96.9835
96.9544
96.9002
96.8582
96.8537
96.8635
96.888
96.9259
96.9728
97.0245
97.0809
97.1464
97.2249
97.321
97.4187
97.5138
97.6115
97.7129
97.8159
97.9039
97.9681
98.0137
98.0464
98.0695
98.0899
98.1114
98.1328
98.1469
98.1535
98.1548
98.1528
98.1468
98.138
98.1364
98.1392
98.147
98.1612
98.1798
98.2001
98.2224
98.2454
98.2672
98.2917
98.3064
98.3128
98.3154
98.3132
98.3092
98.302
98.2863
98.2649
98.2506
98.2452
98.2447
98.246
98.2521
98.2652
98.2834
98.3045
98.3254
98.3392
98.3452
98.3467
98.3453
98.3402
98.3303
98.3141
98.2936
98.2717
98.2581
98.2447
68
68
68
68
68
68
68
68
68
68
68
68
68.0002
68.0011
68.0046
68.0228
68.1069
68.5329
70.7165
76.5225
84.7648
92.21
97.6343
98.5121
98.4869
98.2723
98.3673
98.596
98.5781
98.4679
98.2778
98.0548
97.7996
97.5301
97.3108
97.1538
97.0461
96.9365
96.8403
96.8378
96.8562
96.8817
96.8982
96.9203
96.9372
96.9696
97.0164
97.0781
97.1502
97.2269
97.3061
97.3891
97.4753
97.5599
97.6382
97.7169
97.8007
97.8927
97.9741
98.0382
98.0829
98.1096
98.1249
98.1394
98.1561
98.1684
98.1729
98.1726
98.168
98.1581
98.1443
98.1277
98.1144
98.1088
98.1033
98.1041
98.1081
98.1163
98.1284
98.1429
98.1595
98.1767
98.1891
98.1967
98.2017
98.2054
98.2067
98.2024
98.1875
98.1825
98.1853
98.194
98.2066
98.2225
98.2438
98.2678
98.2919
98.3172
98.34
98.3533
98.3601
98.3616
98.3601
98.3562
98.3487
98.3354
98.3165
98.2991
98.2849
98.2786
68
68
68
68
68
68
68
68
68
68
68.0001
68.0004
68.0023
68.0125
68.0601
68.3976
70.0523
75.9236
85.3049
93.0457
96.6689
96.9146
97.6293
98.5884
98.5209
98.1749
98.0614
98.0972
98.2156
98.2686
98.1829
98.0473
97.9003
97.7547
97.577
97.3632
97.1751
97.0163
96.8938
96.7861
96.7487
96.7791
96.8318
96.8921
96.9504
97.008
97.0696
97.1399
97.217
97.2946
97.3718
97.4507
97.5392
97.6345
97.7271
97.8173
97.9108
98.0087
98.0973
98.1672
98.2113
98.2306
98.2389
98.2471
98.248
98.2424
98.2303
98.215
98.1979
98.1778
98.1574
98.1338
98.1148
98.1062
98.1011
98.1021
98.1068
98.1142
98.1248
98.1368
98.1499
98.1601
98.1654
98.1682
98.1687
98.1665
98.1599
98.1456
98.1222
98.119
98.1207
98.1262
98.1366
98.1523
98.1741
98.2006
98.228
98.255
98.2817
98.3018
98.3077
98.3081
98.3087
98.308
98.3056
98.2978
98.2829
98.2667
98.2533
98.2535
68
68
68
68
68
68
68
68
68
68.0001
68.0009
68.0047
68.028
68.18
69.0663
74.4562
83.9852
91.873
94.5662
97.4558
98.6883
98.4589
98.0483
98.2659
98.4172
98.3399
98.2604
98.2186
98.1898
98.1052
98.0438
97.9734
97.8966
97.8005
97.674
97.5219
97.3518
97.1784
97.0332
96.9129
96.8285
96.7926
96.7967
96.8175
96.8699
96.9493
97.0456
97.1457
97.2414
97.331
97.4152
97.4988
97.5855
97.6743
97.7593
97.843
97.9307
98.0224
98.1107
98.1829
98.2306
98.2562
98.2757
98.2982
98.2984
98.2944
98.2859
98.2742
98.2578
98.2358
98.2094
98.1824
98.1558
98.1374
98.1291
98.1231
98.1258
98.1319
98.142
98.1546
98.1668
98.1753
98.1804
98.1847
98.1869
98.1859
98.1812
98.168
98.1502
98.1431
98.1378
98.1355
98.1367
98.1415
98.1516
98.1651
98.1785
98.1929
98.2051
98.2109
98.2114
98.2072
98.206
98.2072
98.2078
98.2037
98.1902
98.1816
98.1822
98.1903
68
68
68
68
68
68
68
68
68.0002
68.0014
68.009
68.0555
68.4565
71.3558
79.6226
89.4525
97.4413
98.9579
98.7809
98.8507
99.1234
99.1992
99.0194
98.8055
98.7816
98.7581
98.689
98.5538
98.376
98.197
98.0054
97.894
97.8464
97.7995
97.7099
97.581
97.4316
97.2885
97.1665
97.0593
96.9543
96.8828
96.8811
96.8951
96.9204
96.9626
97.0199
97.0962
97.1877
97.2746
97.3529
97.4298
97.5122
97.5984
97.6791
97.7586
97.844
97.9357
98.0291
98.1075
98.1571
98.1848
98.207
98.2302
98.2347
98.2393
98.2429
98.2433
98.2403
98.2327
98.2201
98.2065
98.1985
98.1955
98.1948
98.1956
98.2
98.208
98.2185
98.2291
98.2356
98.2367
98.2352
98.2312
98.2241
98.2143
98.201
98.1818
98.1567
98.1309
98.1138
98.1036
98.0947
98.0922
98.0933
98.0977
98.1061
98.1143
98.1198
98.1225
98.1227
98.1191
98.1145
98.1159
98.119
98.1161
98.1021
98.0985
98.1014
98.1142
68
68
68
68
68
68
68
68.0003
68.0018
68.0135
68.1054
68.9583
74.7544
85.5907
95.0342
95.9357
97.3879
99.0308
98.923
98.9128
99.1142
99.2582
99.2447
99.1778
99.0955
99.0317
98.9515
98.8396
98.6489
98.3853
98.1237
97.9244
97.8039
97.7595
97.6917
97.5951
97.4669
97.3349
97.2283
97.1521
97.0899
97.0377
97.0383
97.0505
97.0735
97.09
97.1156
97.1509
97.1921
97.2361
97.2831
97.3376
97.4033
97.4748
97.5435
97.6136
97.6944
97.7891
97.8932
97.9873
98.0524
98.0965
98.1303
98.1621
98.1855
98.2038
98.2179
98.2284
98.2389
98.245
98.2422
98.2404
98.2418
98.2471
98.2561
98.2665
98.2773
98.2886
98.3013
98.3085
98.311
98.3055
98.2945
98.2794
98.2602
98.2357
98.2077
98.1746
98.1335
98.0972
98.0743
98.0638
98.0577
98.0587
98.0595
98.0636
98.074
98.0847
98.0927
98.0989
98.1034
98.106
98.1039
98.1039
98.1067
98.1067
98.0981
98.0981
98.1081
98.1146
68
68
68
68
68
68
68.0003
68.0021
68.016
68.1584
69.9176
78.0507
90.0062
97.5815
99.5425
99.2426
98.3669
98.6427
98.7318
98.7807
98.9183
99.1517
99.2152
99.1856
99.1359
99.0732
98.9913
98.8772
98.7132
98.5045
98.2665
98.0486
97.8874
97.7452
97.6496
97.565
97.4573
97.3544
97.2903
97.2396
97.1997
97.1816
97.1793
97.1892
97.1938
97.1787
97.1753
97.1822
97.192
97.2055
97.223
97.2483
97.2935
97.3583
97.4253
97.4937
97.5734
97.6671
97.7705
97.8678
97.9426
97.9966
98.042
98.0828
98.1237
98.1577
98.1901
98.2183
98.2352
98.2411
98.2384
98.2363
98.2362
98.2392
98.2459
98.2546
98.265
98.2763
98.2882
98.2983
98.3021
98.2973
98.2865
98.2712
98.2519
98.2302
98.2064
98.1783
98.1427
98.1066
98.0829
98.0666
98.057
98.0547
98.0562
98.061
98.0714
98.0827
98.092
98.1002
98.1092
98.123
98.1304
98.1364
98.1477
98.1655
98.1648
98.1647
98.166
98.1695
68
68
68
68
68
68.0002
68.0021
68.0181
68.1829
70.6788
81.5792
93.7242
95.7206
97.641
99.5946
99.4834
99.1201
98.8167
98.7786
98.7823
98.8204
98.966
99.1008
99.1025
99.056
98.9678
98.879
98.7845
98.653
98.4924
98.343
98.1617
97.9801
97.7942
97.6414
97.533
97.4349
97.3729
97.3416
97.3014
97.279
97.2684
97.2573
97.2608
97.2604
97.2417
97.2136
97.1961
97.189
97.1979
97.2105
97.2303
97.2697
97.3321
97.4033
97.4753
97.5585
97.6558
97.7631
97.8672
97.9518
98.0159
98.0666
98.1052
98.1402
98.1622
98.179
98.2
98.2138
98.2205
98.2194
98.2177
98.2164
98.2165
98.2177
98.217
98.2168
98.2155
98.2124
98.2128
98.21
98.2023
98.1917
98.1798
98.1667
98.1558
98.1435
98.1268
98.1052
98.0873
98.0815
98.083
98.0844
98.0901
98.1009
98.1141
98.1312
98.149
98.1686
98.183
98.1964
98.2131
98.2175
98.2165
98.2239
98.2317
98.2275
98.2138
98.2113
98.2022
68
68
68
68
68.0002
68.0018
68.015
68.2103
70.6607
83.7751
95.5411
99.7573
99.341
98.4254
98.9234
99.265
99.1247
98.9625
98.8935
98.8628
98.8506
98.8597
98.8996
98.9025
98.866
98.7801
98.6973
98.6645
98.6051
98.5132
98.3921
98.2388
98.0512
97.8609
97.6937
97.5598
97.4389
97.3411
97.3253
97.3164
97.3089
97.2964
97.2781
97.2737
97.2615
97.2336
97.2008
97.196
97.1987
97.2072
97.2189
97.24
97.2814
97.3482
97.4304
97.518
97.6144
97.7224
97.8333
97.9348
98.0069
98.0572
98.0892
98.1159
98.1382
98.1576
98.1713
98.1853
98.1847
98.1782
98.1656
98.1504
98.138
98.1285
98.1232
98.1204
98.1214
98.1245
98.132
98.145
98.1568
98.1641
98.1695
98.1712
98.1709
98.1704
98.1697
98.1631
98.1489
98.1478
98.1513
98.1588
98.1712
98.1896
98.2107
98.233
98.2554
98.2803
98.3
98.3107
98.3253
98.34
98.3434
98.3405
98.3464
98.3508
98.3458
98.3257
98.3143
98.2866
68
68
68
68.0001
68.001
68.0111
68.139
71.1459
83.6594
95.265
97.6054
99.862
99.7157
99.1613
98.996
99.0627
99.0683
99.0191
99.0071
98.9802
98.933
98.8775
98.8214
98.7757
98.7231
98.6572
98.5853
98.5327
98.5079
98.4955
98.4344
98.2768
98.087
97.9386
97.7878
97.6594
97.5259
97.3935
97.3208
97.3061
97.2955
97.2706
97.241
97.2288
97.2275
97.2209
97.221
97.2304
97.2513
97.2774
97.3085
97.3429
97.3891
97.4523
97.5274
97.6078
97.6957
97.7922
97.8926
97.9855
98.0518
98.0996
98.1297
98.153
98.1632
98.1677
98.1655
98.162
98.1543
98.1383
98.1157
98.0953
98.0828
98.0796
98.082
98.0897
98.1016
98.1164
98.1341
98.155
98.1758
98.1934
98.2074
98.2181
98.2268
98.2365
98.2518
98.2622
98.2603
98.2647
98.2729
98.2847
98.3014
98.3229
98.3458
98.3702
98.3949
98.4238
98.445
98.4608
98.4759
98.4891
98.4937
98.4934
98.5012
98.5015
98.4966
98.473
98.4544
98.3929
68
68
68
68.0006
68.0057
68.0802
70.077
83.5378
95.9664
98.1506
98.2343
99.0384
99.458
99.2553
99.0672
99.0037
99.0109
99.0239
99.0512
99.0541
99.0204
98.9346
98.8431
98.7811
98.7296
98.7155
98.6906
98.66
98.6119
98.5405
98.4632
98.3229
98.1748
98.0586
97.9298
97.7928
97.6373
97.4838
97.3657
97.2822
97.243
97.2373
97.2307
97.2391
97.256
97.2681
97.2969
97.3303
97.3669
97.4044
97.4443
97.4857
97.5343
97.5938
97.6648
97.744
97.8303
97.9221
98.0166
98.1003
98.1587
98.1811
98.1922
98.1964
98.192
98.1835
98.1776
98.1778
98.1745
98.1636
98.1459
98.1317
98.1282
98.132
98.1392
98.1515
98.168
98.1863
98.206
98.2292
98.2565
98.2848
98.3096
98.3319
98.3527
98.3761
98.4064
98.4333
98.4494
98.4631
98.4786
98.497
98.52
98.5435
98.5641
98.586
98.6089
98.6335
98.6459
98.6607
98.6597
98.6563
98.6568
98.6622
98.6679
98.6733
98.6713
98.6603
98.656
98.5548
68
68
68.0002
68.0031
68.0344
68.9989
81.1942
95.3867
99.8418
99.7891
99.0273
99.0082
99.1276
99.1208
99.0288
98.9551
98.9552
98.9779
99.0291
99.0838
99.075
98.9951
98.8881
98.8277
98.8193
98.8181
98.7948
98.7456
98.6756
98.5991
98.504
98.3921
98.3121
98.2187
98.1005
97.9555
97.7805
97.5924
97.4273
97.3057
97.2541
97.2605
97.2794
97.3122
97.3513
97.3888
97.4214
97.4621
97.5072
97.5533
97.601
97.6492
97.7031
97.7669
97.8397
97.9152
97.9952
98.0759
98.1568
98.2304
98.281
98.2962
98.308
98.3156
98.3173
98.3182
98.3194
98.3246
98.3271
98.3226
98.3108
98.3027
98.3049
98.3123
98.3227
98.3373
98.359
98.3834
98.4091
98.4388
98.475
98.5124
98.5485
98.5801
98.6099
98.6428
98.6873
98.729
98.7537
98.7724
98.7873
98.7978
98.8162
98.8431
98.8618
98.8827
98.8999
98.9114
98.9228
98.937
98.948
98.9594
98.971
98.991
99.0222
99.0566
99.0745
99.0931
99.099
98.942
68
68.0001
68.0012
68.0146
68.3564
76.7958
94.9748
97.7509
100.045
99.9619
99.6244
99.2283
99.1058
99.0885
99.0494
98.9921
98.9638
98.9652
98.9923
99.0537
99.0605
99.0522
98.9758
98.9154
98.9221
98.9373
98.9198
98.8628
98.7757
98.6683
98.5569
98.5034
98.4798
98.4254
98.319
98.1556
97.9529
97.7369
97.5496
97.4205
97.3537
97.3632
97.4009
97.4586
97.5186
97.5762
97.6285
97.6811
97.7293
97.7726
97.8136
97.8554
97.902
97.9574
98.0203
98.0908
98.1761
98.2744
98.3788
98.4717
98.5446
98.5846
98.6126
98.6264
98.6316
98.6359
98.6388
98.6455
98.6559
98.6593
98.6585
98.6632
98.674
98.6906
98.71
98.7337
98.7661
98.802
98.8396
98.8797
98.9226
98.9661
99.0069
99.0406
99.0738
99.1147
99.1655
99.2155
99.2587
99.2963
99.3318
99.3538
99.3726
99.4036
99.4397
99.473
99.5054
99.5305
99.5538
99.5772
99.6011
99.6199
99.6392
99.6665
99.7071
99.7596
99.8077
99.8538
99.8957
99.6273
68.0001
68.0004
68.0049
68.0883
72.0206
89.8851
98.6573
98.5063
99.3502
99.8114
99.7044
99.4543
99.2493
99.2064
99.1622
99.0929
99.0274
99.0184
99.0321
99.0785
99.1063
99.1081
99.1118
99.1009
99.1221
99.1632
99.1522
99.0895
98.9245
98.7808
98.6982
98.7226
98.7391
98.7028
98.5978
98.4232
98.2074
97.9803
97.7881
97.6613
97.6002
97.6122
97.6611
97.7366
97.813
97.8829
97.9513
98.0107
98.0581
98.0967
98.1339
98.182
98.2445
98.3232
98.415
98.5212
98.6389
98.7703
98.8952
98.9994
99.0776
99.1268
99.1543
99.1688
99.1735
99.1799
99.1932
99.2168
99.2538
99.2957
99.3337
99.3733
99.4141
99.452
99.4904
99.5277
99.5673
99.6069
99.6489
99.6916
99.7341
99.7774
99.8201
99.8627
99.9106
99.9745
100.052
100.139
100.223
100.299
100.373
100.434
100.475
100.514
100.556
100.59
100.627
100.653
100.676
100.694
100.712
100.736
100.768
100.811
100.878
100.976
101.089
101.217
101.403
100.941
68.0002
68.0015
68.0189
68.9577
83.6639
96.8414
99.6837
99.2297
99.2108
99.3663
99.4405
99.3918
99.3279
99.2769
99.2443
99.2002
99.1591
99.1395
99.1496
99.1905
99.2415
99.2742
99.3028
99.3027
99.3051
99.3309
99.3176
99.2572
99.172
99.0937
99.0706
99.1204
99.1463
99.1175
99.0136
98.8416
98.626
98.3929
98.2188
98.1034
98.0799
98.1057
98.1745
98.2682
98.3656
98.4597
98.5642
98.6693
98.7554
98.8263
98.8946
98.9677
99.052
99.1483
99.2544
99.3774
99.5079
99.6459
99.7759
99.8862
99.9773
100.038
100.086
100.129
100.173
100.223
100.281
100.352
100.439
100.535
100.627
100.709
100.778
100.828
100.868
100.905
100.943
100.985
101.032
101.088
101.151
101.213
101.281
101.353
101.436
101.541
101.675
101.833
101.999
102.155
102.276
102.36
102.419
102.464
102.509
102.553
102.594
102.624
102.662
102.704
102.748
102.798
102.866
102.967
103.107
103.295
103.527
103.782
104.132
103.303
68.0005
68.0053
68.1162
74.7654
93.8598
99.5157
100.212
99.8345
99.1858
99.1018
99.138
99.1378
99.2106
99.3
99.3378
99.3371
99.3258
99.3278
99.3586
99.4217
99.4957
99.564
99.6169
99.6373
99.6663
99.7204
99.7606
99.7476
99.7283
99.7077
99.7208
99.7734
99.7921
99.7611
99.6696
99.5188
99.3215
99.121
98.9946
98.9421
98.9649
99.0286
99.1303
99.2521
99.3952
99.5593
99.7355
99.9075
100.048
100.157
100.245
100.327
100.424
100.538
100.665
100.817
101.006
101.21
101.408
101.592
101.749
101.861
101.942
102.012
102.081
102.154
102.238
102.343
102.48
102.645
102.815
102.969
103.089
103.175
103.245
103.31
103.378
103.452
103.53
103.616
103.71
103.804
103.903
104.009
104.134
104.294
104.506
104.768
105.062
105.358
105.585
105.714
105.796
105.862
105.927
105.993
106.06
106.117
106.181
106.248
106.316
106.397
106.502
106.652
106.871
107.181
107.59
108.042
108.628
107.214
68.0013
68.016
69.0269
87.0805
99.3433
99.898
100.265
99.9716
99.3658
99.1416
99.136
99.0961
99.1296
99.2299
99.332
99.4243
99.4998
99.5756
99.6617
99.7632
99.8783
99.9902
100.088
100.196
100.307
100.416
100.512
100.576
100.648
100.713
100.79
100.865
100.892
100.867
100.804
100.694
100.553
100.435
100.393
100.411
100.49
100.621
100.792
101.014
101.28
101.576
101.873
102.135
102.337
102.493
102.632
102.769
102.923
103.105
103.321
103.568
103.854
104.162
104.431
104.666
104.852
104.989
105.086
105.165
105.246
105.347
105.485
105.679
105.946
106.276
106.621
106.922
107.136
107.279
107.384
107.473
107.557
107.645
107.744
107.851
107.971
108.104
108.253
108.425
108.639
108.919
109.284
109.733
110.247
110.734
111.076
111.277
111.403
111.501
111.591
111.677
111.755
111.826
111.902
111.988
112.089
112.218
112.399
112.661
113.041
113.565
114.253
114.988
115.874
113.651
68.0041
68.0707
74.9774
96.3306
100.027
99.9523
100.077
100.01
99.7582
99.498
99.3069
99.2736
99.3041
99.3883
99.4959
99.6567
99.8566
100.056
100.238
100.42
100.623
100.842
101.057
101.261
101.434
101.607
101.798
102.011
102.256
102.476
102.629
102.751
102.821
102.819
102.796
102.748
102.698
102.7
102.777
102.927
103.142
103.42
103.769
104.173
104.63
105.118
105.597
106.015
106.345
106.606
106.833
107.064
107.305
107.576
107.887
108.233
108.611
108.995
109.359
109.662
109.924
110.138
110.309
110.466
110.63
110.823
111.07
111.4
111.836
112.367
112.92
113.372
113.661
113.833
113.953
114.062
114.181
114.317
114.476
114.661
114.865
115.082
115.318
115.588
115.914
116.336
116.888
117.579
118.372
119.077
119.501
119.727
119.875
119.996
120.112
120.231
120.343
120.45
120.564
120.691
120.842
121.034
121.298
121.676
122.225
122.984
123.974
124.984
126.037
122.969
68.0092
68.525
86.0097
97.3064
99.9001
99.6115
99.6862
99.9655
100.075
99.9569
99.7479
99.7097
99.7816
99.9537
100.157
100.407
100.712
101.031
101.342
101.662
101.995
102.342
102.709
103.089
103.457
103.817
104.187
104.604
105.067
105.485
105.758
105.974
106.12
106.197
106.257
106.324
106.432
106.63
106.928
107.332
107.793
108.31
108.885
109.547
110.295
111.087
111.836
112.454
112.93
113.312
113.641
113.964
114.315
114.705
115.156
115.668
116.233
116.802
117.306
117.74
118.098
118.385
118.617
118.823
119.036
119.29
119.625
120.082
120.699
121.46
122.241
122.86
123.248
123.489
123.67
123.836
124.009
124.2
124.413
124.65
124.91
125.191
125.504
125.865
126.301
126.86
127.589
128.497
129.516
130.353
130.816
131.056
131.214
131.35
131.486
131.626
131.758
131.888
132.026
132.184
132.379
132.635
132.988
133.49
134.206
135.182
136.42
137.599
138.637
135.232
68.0167
71.6931
94.2088
98.0006
99.6664
99.561
99.5598
99.9799
100.537
100.622
100.508
100.467
100.66
101.019
101.397
101.773
102.188
102.661
103.183
103.735
104.318
104.926
105.564
106.224
106.871
107.506
108.155
108.878
109.686
110.449
110.99
111.376
111.659
111.874
112.072
112.308
112.646
113.133
113.756
114.476
115.281
116.153
117.118
118.181
119.319
120.453
121.464
122.264
122.865
123.35
123.788
124.22
124.688
125.213
125.816
126.497
127.223
127.93
128.541
129.042
129.455
129.794
130.079
130.344
130.63
130.982
131.438
132.04
132.84
133.808
134.755
135.44
135.837
136.079
136.261
136.432
136.614
136.82
137.061
137.339
137.655
138.007
138.404
138.858
139.387
140.047
140.897
141.953
143.087
143.906
144.295
144.486
144.619
144.742
144.872
145.016
145.158
145.306
145.471
145.668
145.917
146.245
146.689
147.306
148.16
149.299
150.674
151.853
152.691
149.9
68.0745
79.1368
98.1397
99.3804
100.122
100.047
99.8901
100.203
100.871
101.254
101.526
101.87
102.292
102.813
103.398
104.086
104.873
105.718
106.6
107.516
108.481
109.497
110.55
111.602
112.65
113.717
114.831
116.052
117.359
118.557
119.422
120.036
120.49
120.867
121.252
121.732
122.376
123.22
124.254
125.423
126.656
127.934
129.269
130.673
132.107
133.461
134.6
135.457
136.083
136.587
137.048
137.516
138.041
138.646
139.354
140.163
141.019
141.822
142.508
143.071
143.536
143.923
144.261
144.584
144.931
145.344
145.856
146.513
147.381
148.427
149.389
150.016
150.356
150.566
150.737
150.91
151.104
151.331
151.598
151.913
152.275
152.682
153.135
153.638
154.205
154.898
155.793
156.901
158.013
158.703
158.984
159.113
159.21
159.311
159.433
159.578
159.733
159.905
160.103
160.345
160.649
161.046
161.576
162.295
163.266
164.523
165.932
166.978
167.547
166.082
68.4647
88.9538
99.5281
100.199
101.029
100.907
100.936
101.394
102.265
103.031
103.795
104.634
105.467
106.356
107.323
108.418
109.657
111.015
112.446
113.93
115.47
117.053
118.674
120.333
121.999
123.666
125.339
127.087
128.896
130.531
131.735
132.579
133.204
133.752
134.335
135.06
136.015
137.225
138.635
140.162
141.717
143.262
144.82
146.395
147.932
149.293
150.343
151.079
151.596
152.023
152.441
152.896
153.437
154.089
154.87
155.774
156.71
157.558
158.259
158.838
159.308
159.71
160.072
160.426
160.809
161.254
161.796
162.478
163.381
164.441
165.329
165.841
166.103
166.269
166.414
166.572
166.76
166.988
167.266
167.601
167.992
168.436
168.924
169.455
170.046
170.759
171.68
172.788
173.788
174.296
174.469
174.543
174.608
174.691
174.806
174.952
175.123
175.322
175.559
175.851
176.218
176.692
177.312
178.135
179.216
180.561
181.908
182.737
183.05
182.734
70.443
94.5479
99.8925
101.091
102.436
102.703
103.035
104.159
105.638
106.974
108.144
109.382
110.856
112.457
114.072
115.778
117.685
119.773
121.987
124.281
126.62
128.957
131.267
133.532
135.733
137.869
139.966
142.12
144.304
146.225
147.62
148.591
149.327
150
150.745
151.67
152.845
154.28
155.92
157.65
159.37
161.032
162.646
164.205
165.632
166.798
167.62
168.156
168.525
168.846
169.193
169.615
170.152
170.829
171.655
172.62
173.589
174.432
175.133
175.713
176.189
176.604
176.992
177.381
177.797
178.268
178.828
179.519
180.426
181.444
182.194
182.567
182.745
182.865
182.984
183.129
183.316
183.555
183.852
184.212
184.634
185.107
185.62
186.17
186.775
187.502
188.439
189.495
190.329
190.669
190.751
190.786
190.831
190.904
191.021
191.18
191.376
191.611
191.895
192.247
192.686
193.244
193.959
194.888
196.069
197.465
198.668
199.256
199.379
199.251
76.5775
96.3675
100.144
102.728
104.974
106.118
107.41
109.285
111.486
113.728
115.908
118.058
120.288
122.64
125.142
127.855
130.762
133.782
136.826
139.849
142.81
145.663
148.398
151.024
153.516
155.865
158.118
160.4
162.687
164.665
166.075
167.055
167.825
168.579
169.44
170.504
171.834
173.417
175.174
176.983
178.725
180.352
181.88
183.3
184.522
185.43
186.001
186.343
186.577
186.804
187.088
187.482
188.021
188.725
189.597
190.609
191.583
192.415
193.111
193.684
194.166
194.595
195.004
195.417
195.856
196.348
196.926
197.633
198.544
199.495
200.09
200.343
200.46
200.546
200.645
200.782
200.971
201.221
201.536
201.918
202.361
202.854
203.381
203.943
204.564
205.312
206.261
207.226
207.861
208.075
208.102
208.113
208.152
208.231
208.359
208.538
208.765
209.042
209.382
209.8
210.317
210.965
211.781
212.814
214.08
215.473
216.468
216.837
216.846
215.805
81.9328
97.5636
102.195
106.099
109.616
112.503
115.659
118.964
122.402
125.768
129.069
132.357
135.653
138.981
142.358
145.822
149.422
153.067
156.619
159.998
163.179
166.177
169.008
171.679
174.162
176.465
178.668
180.917
183.174
185.096
186.424
187.34
188.106
188.909
189.861
191.039
192.481
194.15
195.952
197.755
199.448
200.992
202.402
203.656
204.648
205.298
205.647
205.837
205.976
206.141
206.387
206.77
207.322
208.061
208.977
210.014
210.969
211.79
212.476
213.049
213.541
213.987
214.419
214.856
215.319
215.834
216.433
217.16
218.065
218.92
219.358
219.515
219.583
219.641
219.723
219.853
220.045
220.305
220.637
221.035
221.494
221.997
222.531
223.102
223.738
224.506
225.443
226.278
226.722
226.842
226.863
226.87
226.909
227.005
227.152
227.356
227.618
227.942
228.338
228.824
229.418
230.151
231.06
232.179
233.497
234.812
235.572
235.771
235.734
232.989
87.9678
101.435
107.82
114.214
120.181
125.546
130.907
136.263
141.154
145.529
149.681
153.784
157.843
161.818
165.702
169.539
173.368
177.088
180.597
183.855
186.88
189.717
192.394
194.909
197.239
199.41
201.519
203.69
205.855
207.657
208.851
209.673
210.41
211.243
212.267
213.539
215.067
216.782
218.575
220.315
221.905
223.322
224.579
225.645
226.408
226.832
227.017
227.106
227.19
227.321
227.551
227.931
228.496
229.259
230.199
231.222
232.145
232.938
233.609
234.184
234.683
235.137
235.58
236.03
236.504
237.025
237.632
238.363
239.231
239.958
240.258
240.343
240.377
240.413
240.478
240.597
240.784
241.045
241.377
241.774
242.226
242.718
243.239
243.798
244.428
245.191
246.072
246.744
247.047
247.115
247.148
247.176
247.228
247.337
247.505
247.725
248.015
248.372
248.81
249.338
249.981
250.764
251.715
252.852
254.142
255.29
255.836
255.929
255.883
251.13
95.459
109.988
120.368
130.958
140.852
149.25
156.653
162.992
168.599
173.713
178.489
182.914
186.989
190.81
194.43
197.968
201.49
204.885
208.047
210.952
213.645
216.21
218.664
220.979
223.132
225.161
227.169
229.233
231.243
232.869
233.884
234.574
235.249
236.075
237.127
238.437
239.971
241.633
243.308
244.879
246.283
247.513
248.573
249.427
249.971
250.217
250.297
250.326
250.381
250.497
250.715
251.082
251.629
252.365
253.256
254.193
255.035
255.753
256.381
256.932
257.41
257.84
258.257
258.686
259.13
259.613
260.176
260.85
261.607
262.17
262.357
262.39
262.394
262.406
262.448
262.542
262.703
262.936
263.236
263.591
263.992
264.425
264.882
265.377
265.942
266.626
267.364
267.881
268.069
268.156
268.164
268.206
268.294
268.408
268.572
268.779
269.058
269.391
269.814
270.314
270.913
271.645
272.508
273.511
274.607
275.483
275.857
275.896
275.863
269.703
108.177
129.235
145.849
162.344
176.614
187.743
196.273
202.611
207.595
212.013
216.173
220.051
223.57
226.706
229.553
232.398
235.284
238.07
240.647
243.004
245.193
247.303
249.34
251.263
253.059
254.775
256.491
258.214
259.821
261.072
261.798
262.281
262.805
263.5
264.408
265.529
266.8
268.119
269.399
270.565
271.584
272.46
273.195
273.76
274.085
274.206
274.233
274.237
274.275
274.366
274.537
274.823
275.244
275.806
276.47
277.157
277.771
278.294
278.763
279.187
279.548
279.864
280.167
280.476
280.797
281.137
281.535
282.01
282.518
282.865
282.964
282.965
282.95
282.944
282.959
283.013
283.117
283.273
283.476
283.715
283.982
284.27
284.573
284.903
285.284
285.746
286.215
286.582
286.652
286.762
286.732
286.786
286.844
286.945
287.048
287.206
287.389
287.622
287.895
288.255
288.652
289.134
289.696
290.35
291.032
291.546
291.747
291.79
291.759
287.034
130.42
165.592
195.589
221.01
238.059
248.39
254.503
257.962
260.595
263.208
265.707
267.924
269.847
271.516
273.032
274.562
276.123
277.608
278.957
280.169
281.282
282.358
283.397
284.369
285.269
286.124
286.964
287.764
288.468
288.996
289.281
289.464
289.683
289.993
290.404
290.899
291.436
291.967
292.464
292.904
293.281
293.598
293.856
294.049
294.154
294.187
294.193
294.191
294.206
294.242
294.306
294.411
294.566
294.77
295.007
295.248
295.463
295.647
295.813
295.969
296.097
296.204
296.305
296.407
296.512
296.621
296.748
296.901
297.057
297.161
297.189
297.184
297.172
297.164
297.163
297.176
297.205
297.252
297.313
297.385
297.464
297.55
297.639
297.737
297.851
297.991
298.126
298.267
298.293
298.314
298.29
298.345
298.32
298.362
298.381
298.446
298.489
298.584
298.661
298.755
298.89
298.994
299.18
299.349
299.538
299.696
299.767
299.786
299.776
298.344
301.122
301.129
301.123
301.109
301.093
301.074
301.054
301.033
301.01
300.986
300.963
300.939
300.914
300.886
300.854
300.817
300.775
300.73
300.683
300.634
300.586
300.538
300.492
300.446
300.401
300.358
300.316
300.277
300.243
300.212
300.185
300.158
300.131
300.103
300.075
300.048
300.021
300.001
299.985
299.97
299.956
299.944
299.935
299.926
299.917
299.905
299.893
299.879
299.865
299.85
299.835
299.82
299.802
299.783
299.763
299.743
299.724
299.709
299.704
299.704
299.707
299.711
299.713
299.715
299.716
299.717
299.718
299.72
299.721
299.722
299.723
299.724
299.725
299.726
299.726
299.726
299.726
299.726
299.726
299.726
295.199
295.205
295.199
295.185
295.168
295.149
295.128
295.105
295.079
295.052
295.023
294.993
294.962
294.927
294.888
294.842
294.791
294.735
294.677
294.618
294.558
294.498
294.44
294.384
294.328
294.273
294.221
294.171
294.125
294.083
294.044
294.005
293.965
293.923
293.881
293.837
293.789
293.738
293.68
293.624
293.574
293.531
293.495
293.46
293.422
293.379
293.33
293.277
293.221
293.163
293.102
293.037
292.967
292.893
292.818
292.744
292.67
292.611
292.589
292.591
292.601
292.616
292.625
292.63
292.634
292.639
292.644
292.648
292.652
292.656
292.66
292.664
292.668
292.671
292.672
292.672
292.672
292.672
292.672
292.672
280.201
280.195
280.182
280.163
280.144
280.122
280.098
280.07
280.038
280.003
279.964
279.923
279.88
279.832
279.778
279.717
279.647
279.572
279.494
279.414
279.332
279.251
279.171
279.093
279.016
278.941
278.867
278.795
278.727
278.662
278.6
278.536
278.469
278.401
278.33
278.253
278.167
278.07
277.967
277.865
277.773
277.694
277.626
277.561
277.491
277.411
277.323
277.228
277.126
277.017
276.9
276.776
276.646
276.513
276.38
276.248
276.116
276.005
275.961
275.964
275.981
276.007
276.024
276.033
276.041
276.049
276.057
276.064
276.07
276.077
276.083
276.091
276.098
276.103
276.106
276.106
276.107
276.107
276.107
276.107
258.059
258.025
257.991
257.956
257.924
257.892
257.857
257.82
257.777
257.73
257.678
257.623
257.565
257.503
257.433
257.354
257.266
257.17
257.07
256.968
256.864
256.759
256.656
256.555
256.456
256.358
256.262
256.168
256.077
255.988
255.9
255.81
255.717
255.622
255.523
255.417
255.301
255.175
255.041
254.908
254.785
254.679
254.586
254.498
254.406
254.304
254.191
254.068
253.935
253.79
253.634
253.468
253.297
253.124
252.952
252.781
252.609
252.455
252.383
252.382
252.402
252.433
252.455
252.467
252.477
252.487
252.495
252.502
252.51
252.518
252.527
252.536
252.545
252.553
252.557
252.558
252.559
252.56
252.56
252.559
233.819
233.753
233.69
233.63
233.574
233.521
233.467
233.411
233.351
233.287
233.219
233.149
233.076
232.999
232.915
232.823
232.72
232.609
232.492
232.372
232.251
232.128
232.007
231.888
231.771
231.656
231.543
231.431
231.322
231.215
231.109
231.001
230.89
230.777
230.662
230.542
230.413
230.275
230.127
229.977
229.835
229.71
229.601
229.5
229.396
229.284
229.161
229.026
228.878
228.716
228.54
228.352
228.159
227.965
227.77
227.577
227.382
227.196
227.087
227.072
227.087
227.116
227.138
227.151
227.16
227.169
227.177
227.183
227.191
227.199
227.208
227.218
227.228
227.237
227.243
227.245
227.246
227.247
227.247
227.247
210.503
210.412
210.32
210.231
210.147
210.065
209.985
209.905
209.823
209.738
209.65
209.56
209.47
209.377
209.28
209.175
209.06
208.935
208.805
208.671
208.534
208.396
208.259
208.124
207.992
207.862
207.734
207.607
207.482
207.36
207.239
207.117
206.992
206.867
206.74
206.611
206.475
206.329
206.172
206.009
205.851
205.709
205.584
205.47
205.357
205.237
205.106
204.963
204.805
204.632
204.442
204.239
204.03
203.818
203.604
203.39
203.174
202.959
202.806
202.761
202.767
202.787
202.806
202.816
202.823
202.83
202.836
202.841
202.848
202.856
202.864
202.873
202.884
202.894
202.901
202.905
202.906
202.907
202.907
202.907
188.707
188.595
188.476
188.357
188.24
188.128
188.018
187.91
187.801
187.691
187.58
187.468
187.358
187.247
187.132
187.012
186.883
186.745
186.6
186.451
186.299
186.145
185.991
185.839
185.69
185.543
185.397
185.253
185.11
184.971
184.834
184.696
184.558
184.418
184.278
184.137
183.991
183.834
183.665
183.486
183.31
183.147
183.002
182.871
182.745
182.614
182.473
182.319
182.151
181.964
181.759
181.538
181.309
181.075
180.836
180.595
180.353
180.106
179.907
179.819
179.805
179.813
179.823
179.828
179.832
179.836
179.839
179.844
179.849
179.856
179.863
179.871
179.882
179.892
179.901
179.905
179.906
179.907
179.907
179.907
168.203
168.068
167.92
167.769
167.619
167.473
167.331
167.191
167.053
166.916
166.778
166.642
166.508
166.376
166.242
166.105
165.96
165.807
165.647
165.482
165.312
165.14
164.967
164.796
164.626
164.459
164.293
164.127
163.963
163.802
163.644
163.486
163.327
163.168
163.011
162.853
162.69
162.517
162.332
162.134
161.935
161.747
161.576
161.421
161.274
161.126
160.968
160.798
160.613
160.41
160.186
159.945
159.693
159.432
159.162
158.889
158.612
158.33
158.082
157.944
157.899
157.89
157.889
157.887
157.885
157.885
157.887
157.889
157.893
157.898
157.905
157.912
157.922
157.932
157.941
157.946
157.948
157.949
157.949
157.949
148.633
148.472
148.294
148.112
147.929
147.751
147.577
147.408
147.241
147.076
146.913
146.752
146.594
146.439
146.284
146.128
145.965
145.794
145.616
145.432
145.244
145.052
144.859
144.665
144.473
144.282
144.092
143.903
143.715
143.53
143.349
143.17
142.991
142.812
142.635
142.457
142.275
142.083
141.877
141.658
141.435
141.222
141.026
140.848
140.68
140.512
140.337
140.151
139.949
139.728
139.484
139.221
138.944
138.656
138.356
138.05
137.74
137.426
137.138
136.952
136.873
136.843
136.828
136.816
136.807
136.802
136.8
136.801
136.802
136.806
136.81
136.817
136.825
136.835
136.844
136.849
136.852
136.853
136.853
136.853
129.849
129.664
129.46
129.252
129.045
128.841
128.643
128.451
128.263
128.077
127.894
127.715
127.539
127.367
127.198
127.028
126.854
126.674
126.486
126.292
126.092
125.887
125.679
125.47
125.261
125.053
124.845
124.638
124.432
124.229
124.028
123.828
123.629
123.432
123.238
123.047
122.852
122.649
122.433
122.203
121.969
121.739
121.524
121.324
121.136
120.952
120.764
120.567
120.356
120.128
119.881
119.618
119.342
119.051
118.745
118.428
118.107
117.784
117.483
117.268
117.159
117.108
117.08
117.061
117.047
117.038
117.035
117.035
117.036
117.038
117.041
117.046
117.053
117.061
117.069
117.074
117.077
117.078
117.078
117.079
112.312
112.12
111.912
111.701
111.492
111.286
111.086
110.891
110.7
110.513
110.329
110.147
109.969
109.794
109.621
109.447
109.268
109.084
108.894
108.701
108.502
108.3
108.095
107.889
107.682
107.477
107.274
107.072
106.87
106.67
106.475
106.284
106.097
105.913
105.732
105.549
105.362
105.167
104.96
104.743
104.522
104.309
104.109
103.925
103.75
103.578
103.402
103.219
103.026
102.82
102.597
102.355
102.098
101.828
101.548
101.262
100.975
100.688
100.422
100.226
100.121
100.07
100.042
100.022
100.008
99.9967
99.9901
99.9875
99.9865
99.9868
99.9883
99.9915
99.9964
100.003
100.009
100.014
100.017
100.018
100.018
100.018
97.17
96.9978
96.813
96.6264
96.4422
96.2619
96.0867
95.9166
95.7504
95.5876
95.4283
95.2728
95.1207
94.9713
94.8246
94.6798
94.5341
94.3848
94.2303
94.0704
93.9057
93.7372
93.5655
93.3917
93.2168
93.0416
92.8669
92.6948
92.5273
92.3642
92.2037
92.0443
91.8855
91.7286
91.5756
91.4261
91.2763
91.1224
90.962
90.7948
90.6239
90.4562
90.2964
90.1477
90.0094
89.8767
89.7438
89.6076
89.464
89.3089
89.1428
88.9705
88.7944
88.6113
88.4178
88.2165
88.0133
87.8134
87.6292
87.4872
87.4018
87.3556
87.3284
87.31
87.2965
87.2872
87.2824
87.2813
87.2814
87.2821
87.2835
87.2858
87.2892
87.2936
87.2984
87.3026
87.305
87.3059
87.3063
87.3064
85.8006
85.6751
85.5401
85.4034
85.2681
85.1351
85.005
84.879
84.7569
84.6367
84.5177
84.4005
84.286
84.1744
84.0642
83.9532
83.8406
83.7275
83.6141
83.4994
83.3831
83.2656
83.1475
83.03
82.9136
82.7984
82.6845
82.5713
82.4581
82.3455
82.2353
82.1284
82.0255
81.9265
81.8307
81.7357
81.6396
81.5403
81.4364
81.3291
81.2213
81.1159
81.0143
80.9159
80.8197
80.7248
80.6311
80.5373
80.4414
80.3435
80.2432
80.1373
80.0235
79.9016
79.7748
79.6474
79.5226
79.4019
79.2904
79.2029
79.151
79.1269
79.116
79.1105
79.1072
79.1049
79.1028
79.1014
79.1005
79.1001
79.1001
79.1007
79.1022
79.1046
79.1076
79.1104
79.1121
79.1127
79.1129
79.1129
78.3571
78.2768
78.1915
78.1049
78.02
77.9374
77.8566
77.7774
77.6999
77.6253
77.5533
77.4829
77.413
77.3435
77.2757
77.209
77.141
77.0706
76.9981
76.9244
76.8502
76.7758
76.7013
76.6265
76.5516
76.4775
76.4052
76.3351
76.2674
76.2034
76.1432
76.0851
76.0275
75.9696
75.911
75.8515
75.7908
75.7289
75.666
75.6024
75.5385
75.478
75.4221
75.3723
75.3266
75.2823
75.2364
75.1882
75.1374
75.0829
75.023
74.9585
74.8917
74.8241
74.7562
74.6885
74.621
74.5557
74.4993
74.4606
74.4395
74.4282
74.4206
74.4146
74.4088
74.403
74.3985
74.3963
74.3955
74.3955
74.3959
74.3969
74.3985
74.4005
74.4028
74.405
74.4063
74.4068
74.407
74.407
73.9621
73.912
73.8597
73.806
73.7516
73.699
73.6496
73.6027
73.5573
73.5124
73.4685
73.4267
73.387
73.3484
73.3101
73.272
73.2363
73.2015
73.1655
73.1283
73.0902
73.0515
73.0126
72.9739
72.9354
72.8968
72.858
72.819
72.7806
72.7427
72.7046
72.6663
72.6282
72.5911
72.5563
72.5242
72.494
72.4637
72.432
72.399
72.3656
72.3314
72.2955
72.2581
72.2219
72.1886
72.1598
72.1338
72.1064
72.0753
72.0433
72.0121
71.9823
71.9517
71.9185
71.8843
71.851
71.8212
71.7976
71.7803
71.7667
71.7571
71.751
71.7477
71.7463
71.7459
71.746
71.7464
71.7468
71.7471
71.7474
71.7479
71.7485
71.7495
71.7509
71.7523
71.7532
71.7536
71.7537
71.7537
71.4921
71.4677
71.442
71.4161
71.3891
71.3613
71.3339
71.3086
71.2849
71.2617
71.238
71.2139
71.1897
71.1661
71.1424
71.1173
71.0903
71.0624
71.0361
71.0116
70.9885
70.9664
70.9452
70.9254
70.9069
70.8889
70.8713
70.8533
70.8342
70.8145
70.7955
70.778
70.7622
70.748
70.7341
70.7191
70.7021
70.6831
70.664
70.6463
70.6297
70.6154
70.6022
70.5892
70.5749
70.5608
70.5457
70.5285
70.5097
70.491
70.4728
70.4542
70.4317
70.407
70.3826
70.3607
70.3423
70.3271
70.3156
70.306
70.2989
70.2964
70.2967
70.2981
70.2996
70.3002
70.2998
70.2989
70.2983
70.298
70.2981
70.2983
70.2989
70.2997
70.3007
70.3015
70.3019
70.3021
70.3021
70.302
70.1243
70.1088
70.0936
70.0789
70.0652
70.0514
70.0371
70.0225
70.0091
69.9974
69.9866
69.9753
69.9636
69.952
69.9408
69.9299
69.9205
69.9117
69.9024
69.8919
69.8806
69.8693
69.8585
69.8482
69.8376
69.8268
69.8161
69.8056
69.7963
69.7886
69.7814
69.7739
69.766
69.7577
69.749
69.7393
69.7286
69.7174
69.7066
69.6968
69.6878
69.6794
69.672
69.6657
69.6604
69.6546
69.6474
69.6386
69.6291
69.6193
69.6094
69.5991
69.5882
69.5798
69.5712
69.5631
69.5562
69.55
69.5468
69.5469
69.5492
69.5511
69.5511
69.55
69.5481
69.5458
69.5441
69.5434
69.5433
69.5435
69.5439
69.5445
69.5451
69.5457
69.5462
69.5467
69.547
69.5472
69.5472
69.5472
69.4275
69.4183
69.4088
69.3999
69.391
69.3832
69.3754
69.3668
69.3583
69.3506
69.3438
69.3373
69.3304
69.3234
69.3165
69.3099
69.303
69.2987
69.2955
69.2913
69.2864
69.2815
69.2773
69.2739
69.2709
69.2678
69.2644
69.2605
69.2561
69.2508
69.2446
69.239
69.2345
69.2312
69.2299
69.2292
69.2289
69.228
69.2273
69.226
69.2246
69.2215
69.2156
69.2071
69.1977
69.1882
69.1794
69.1732
69.1679
69.162
69.1566
69.1515
69.1468
69.1414
69.1363
69.133
69.1322
69.133
69.1363
69.1427
69.1484
69.1498
69.1495
69.1493
69.1497
69.1508
69.1518
69.1526
69.1531
69.1534
69.1536
69.1537
69.1537
69.1537
69.1537
69.1539
69.1541
69.1542
69.1542
69.1541
69.0544
69.0523
69.0501
69.0481
69.0459
69.0435
69.0409
69.0384
69.0352
69.0314
69.0275
69.0238
69.0201
69.0164
69.0122
69.0078
69.0022
68.9967
68.9921
68.9884
68.9851
68.9823
68.9799
68.978
68.9766
68.9759
68.9752
68.9745
68.9734
68.9719
68.9708
68.9707
68.9719
68.9731
68.9737
68.9736
68.9719
68.9692
68.9685
68.9684
68.9686
68.969
68.9691
68.9701
68.9701
68.9688
68.967
68.9649
68.9617
68.9569
68.9503
68.9422
68.9332
68.9244
68.9202
68.9197
68.9207
68.9234
68.9275
68.9325
68.937
68.94
68.9421
68.944
68.946
68.9472
68.9476
68.9478
68.9479
68.948
68.9482
68.9483
68.9484
68.9485
68.9487
68.9488
68.9488
68.9488
68.9488
68.9486
68.8648
68.8642
68.8642
68.8644
68.8648
68.8648
68.8646
68.8642
68.863
68.861
68.8583
68.8553
68.8524
68.8499
68.8476
68.846
68.8448
68.8438
68.8429
68.8421
68.8403
68.8392
68.8385
68.8379
68.8373
68.8371
68.8373
68.8379
68.8391
68.8411
68.8437
68.8459
68.8469
68.8472
68.8469
68.8457
68.8431
68.8404
68.8395
68.8389
68.839
68.8401
68.8415
68.8438
68.8468
68.8478
68.8477
68.8465
68.8439
68.8399
68.8345
68.8284
68.8223
68.8194
68.8195
68.8207
68.8227
68.8255
68.829
68.8337
68.8396
68.8449
68.8479
68.8492
68.8496
68.8493
68.8485
68.8481
68.848
68.8481
68.8482
68.8484
68.8486
68.8487
68.8488
68.8488
68.8488
68.8488
68.8487
68.8486
68.7907
68.7905
68.7908
68.7915
68.7926
68.7935
68.7944
68.7946
68.7941
68.793
68.7911
68.7884
68.7851
68.7821
68.78
68.7787
68.7778
68.7771
68.7762
68.7747
68.7728
68.771
68.7702
68.7698
68.7695
68.7692
68.7691
68.7694
68.77
68.7708
68.7716
68.7719
68.7717
68.7712
68.7713
68.7712
68.7714
68.7725
68.7751
68.7783
68.7816
68.7846
68.7881
68.789
68.7891
68.7884
68.7871
68.7855
68.7838
68.7818
68.7797
68.7782
68.7777
68.7785
68.7798
68.7805
68.7818
68.7842
68.7884
68.7948
68.8028
68.8082
68.8099
68.8102
68.8101
68.8098
68.8096
68.8096
68.8097
68.8097
68.8099
68.8099
68.81
68.8099
68.8099
68.8099
68.8098
68.8098
68.8097
68.8096
68.7506
68.752
68.7535
68.7552
68.757
68.7589
68.7608
68.7628
68.7649
68.7668
68.7689
68.7699
68.7704
68.7699
68.7687
68.7672
68.7654
68.7626
68.7591
68.7557
68.7528
68.7502
68.7479
68.746
68.7447
68.7436
68.7428
68.7422
68.7416
68.7409
68.7401
68.7391
68.7383
68.7378
68.7378
68.7381
68.7389
68.7407
68.7434
68.7468
68.7497
68.7525
68.756
68.7578
68.7596
68.7609
68.761
68.761
68.7613
68.7614
68.7608
68.7597
68.7576
68.7562
68.7558
68.756
68.7571
68.7601
68.7652
68.7718
68.7796
68.783
68.7846
68.7855
68.7862
68.7867
68.787
68.7874
68.7877
68.7878
68.7879
68.7879
68.7879
68.7878
68.7877
68.7877
68.7876
68.7875
68.7875
68.7873
68.7315
68.7328
68.7338
68.7351
68.7365
68.738
68.7396
68.7414
68.7436
68.7462
68.7493
68.7527
68.7552
68.7567
68.7572
68.7569
68.7563
68.755
68.7534
68.7518
68.7505
68.7491
68.7475
68.7459
68.7445
68.7439
68.7434
68.7431
68.7424
68.7409
68.7387
68.7364
68.7343
68.7333
68.7325
68.732
68.7314
68.7318
68.7331
68.7353
68.7374
68.7394
68.7414
68.7438
68.7468
68.7496
68.7518
68.7534
68.7543
68.7543
68.7532
68.7514
68.7484
68.7449
68.7436
68.7437
68.7446
68.7473
68.7513
68.7568
68.7635
68.7684
68.7708
68.7723
68.7733
68.7741
68.7746
68.775
68.7753
68.7754
68.7753
68.7752
68.7751
68.7749
68.7747
68.7746
68.7745
68.7744
68.7743
68.7742
68.7264
68.7265
68.7266
68.7271
68.7281
68.7291
68.7303
68.7317
68.7336
68.736
68.7388
68.7414
68.7438
68.7451
68.7456
68.7456
68.7453
68.7451
68.7448
68.7445
68.7443
68.7438
68.7428
68.7415
68.7407
68.7407
68.7411
68.7419
68.743
68.7438
68.7439
68.7437
68.7437
68.7435
68.7429
68.7417
68.74
68.7378
68.7365
68.7366
68.7372
68.7381
68.7393
68.7415
68.7443
68.7471
68.7497
68.7516
68.7523
68.7521
68.7511
68.7492
68.7466
68.7431
68.7422
68.7425
68.7433
68.7442
68.746
68.7502
68.756
68.7629
68.7673
68.7692
68.7702
68.7709
68.7714
68.7718
68.772
68.772
68.7717
68.7714
68.771
68.7707
68.7704
68.7701
68.77
68.7699
68.7698
68.7697
68.7331
68.7321
68.731
68.7308
68.7312
68.7316
68.732
68.7325
68.7335
68.735
68.7365
68.7378
68.7388
68.7396
68.7402
68.7403
68.7402
68.7401
68.74
68.74
68.7402
68.7401
68.7395
68.7387
68.7385
68.7387
68.7392
68.74
68.7412
68.7426
68.7436
68.7446
68.7458
68.7474
68.7494
68.7497
68.7495
68.7487
68.7474
68.7474
68.7476
68.7478
68.7483
68.7493
68.7511
68.7532
68.7548
68.7552
68.7552
68.7547
68.7538
68.7519
68.7497
68.7462
68.7442
68.7442
68.7447
68.7468
68.7507
68.7558
68.7616
68.7671
68.771
68.7733
68.7746
68.7753
68.7757
68.7762
68.7763
68.776
68.7754
68.7747
68.774
68.7733
68.7728
68.7724
68.7722
68.7721
68.772
68.7718
68.7466
68.7464
68.7458
68.7457
68.746
68.7465
68.7465
68.7465
68.7467
68.7471
68.7471
68.7469
68.7464
68.7458
68.7454
68.745
68.7443
68.7442
68.7439
68.7432
68.7433
68.7435
68.743
68.7427
68.7429
68.7434
68.7437
68.744
68.7448
68.746
68.747
68.7477
68.7486
68.7495
68.7507
68.7507
68.7506
68.7508
68.7512
68.7522
68.7543
68.7569
68.759
68.761
68.7634
68.7654
68.7663
68.7663
68.766
68.7653
68.764
68.7619
68.7596
68.7566
68.7524
68.7511
68.7511
68.7525
68.7564
68.762
68.7682
68.7743
68.779
68.7819
68.7831
68.7837
68.7838
68.7836
68.7831
68.7823
68.7813
68.7802
68.7792
68.7783
68.7777
68.7772
68.777
68.7769
68.7767
68.7766
68.7512
68.7515
68.7524
68.7535
68.7548
68.7562
68.7574
68.7587
68.7594
68.7594
68.7592
68.759
68.7587
68.7582
68.7583
68.7582
68.7579
68.7571
68.7565
68.7554
68.7542
68.7539
68.7535
68.7524
68.7524
68.7528
68.7528
68.7522
68.7522
68.7524
68.7525
68.7526
68.7527
68.7524
68.752
68.7515
68.7502
68.75
68.7504
68.7515
68.7536
68.7562
68.7593
68.7635
68.7673
68.7694
68.7703
68.7709
68.7715
68.7716
68.7715
68.7708
68.7699
68.7688
68.7663
68.7635
68.7629
68.7638
68.7669
68.7719
68.7774
68.7829
68.7877
68.7903
68.7912
68.7912
68.7902
68.788
68.7853
68.7835
68.7822
68.7809
68.7798
68.7789
68.7782
68.7778
68.7776
68.7774
68.7773
68.7771
68.7557
68.7566
68.7578
68.759
68.7598
68.7602
68.7606
68.7609
68.7615
68.7621
68.7627
68.7634
68.7644
68.7655
68.7663
68.7664
68.7662
68.7659
68.7654
68.7646
68.7637
68.7635
68.7631
68.762
68.7607
68.7605
68.7602
68.7595
68.7584
68.7576
68.7569
68.7564
68.7557
68.7546
68.7533
68.7522
68.7501
68.7472
68.7463
68.7465
68.7477
68.7512
68.7564
68.7617
68.7655
68.7673
68.7681
68.7686
68.7691
68.7692
68.7691
68.7686
68.7678
68.7679
68.7701
68.7715
68.7716
68.7717
68.7726
68.7755
68.7802
68.7857
68.7902
68.7925
68.7931
68.7926
68.7909
68.7872
68.7828
68.7797
68.778
68.7766
68.7753
68.7744
68.7737
68.7733
68.773
68.7729
68.7728
68.7726
68.7602
68.7597
68.7597
68.76
68.7604
68.7605
68.7604
68.7604
68.7607
68.7612
68.7619
68.7627
68.7636
68.7645
68.7651
68.7651
68.7649
68.7646
68.7639
68.7624
68.7602
68.7587
68.7572
68.7554
68.753
68.7515
68.7505
68.7494
68.7476
68.7461
68.7461
68.7473
68.7496
68.7514
68.7516
68.7508
68.7489
68.746
68.7436
68.7425
68.7423
68.7419
68.7408
68.7408
68.7411
68.7412
68.7412
68.7415
68.7424
68.7439
68.7458
68.7497
68.7541
68.7608
68.7687
68.7751
68.7812
68.7813
68.7799
68.7813
68.785
68.7902
68.794
68.7952
68.7944
68.7922
68.7884
68.7832
68.7743
68.7624
68.7553
68.749
68.7438
68.7412
68.74
68.7395
68.7392
68.739
68.7389
68.7387
68.7657
68.7648
68.7632
68.763
68.7631
68.763
68.7627
68.7626
68.7627
68.7627
68.7627
68.7624
68.7624
68.7626
68.7623
68.7616
68.7604
68.7589
68.7573
68.756
68.7545
68.7523
68.7508
68.7495
68.7479
68.7462
68.7445
68.7428
68.7408
68.739
68.7374
68.736
68.7352
68.7353
68.7391
68.7415
68.7411
68.7398
68.7374
68.7347
68.7316
68.7265
68.7196
68.7161
68.7142
68.7141
68.7143
68.7155
68.7189
68.7222
68.7248
68.7298
68.7379
68.7518
68.771
68.791
68.8132
68.8418
68.8767
68.9136
68.9388
68.9491
68.949
68.9435
68.9281
68.9023
68.8692
68.8317
68.7943
68.7642
68.7425
68.7243
68.711
68.7044
68.7019
68.701
68.7006
68.7004
68.7003
68.7
68.7646
68.7636
68.7618
68.7612
68.7611
68.7609
68.7604
68.7602
68.7602
68.7601
68.7599
68.7595
68.7588
68.7573
68.7554
68.7541
68.7531
68.7521
68.7521
68.7521
68.7511
68.7489
68.7472
68.7459
68.7443
68.7425
68.7407
68.7389
68.737
68.735
68.7326
68.7281
68.7217
68.7165
68.7106
68.706
68.7021
68.6982
68.6939
68.6884
68.686
68.6849
68.6865
68.6909
68.6959
68.7019
68.7092
68.72
68.7376
68.7594
68.7882
68.8305
68.8699
68.9081
68.9552
69.0219
69.115
69.2224
69.3373
69.4391
69.4767
69.4751
69.4517
69.3908
69.2893
69.1591
69.0198
68.8892
68.7794
68.7079
68.6823
68.6695
68.6413
68.6233
68.6166
68.6141
68.6137
68.6135
68.6132
68.613
68.7488
68.7465
68.7439
68.741
68.7384
68.7362
68.7337
68.7315
68.7298
68.728
68.726
68.7248
68.7233
68.7211
68.7191
68.7174
68.7155
68.7131
68.7106
68.7082
68.7055
68.7024
68.6991
68.696
68.6929
68.6897
68.6867
68.6839
68.6809
68.6779
68.6745
68.6714
68.6699
68.6684
68.6649
68.6604
68.6559
68.6515
68.6472
68.6432
68.6402
68.6385
68.6415
68.6511
68.6349
68.6361
68.6496
68.6809
68.7344
68.8242
68.9591
69.1509
69.4205
69.7875
70.2584
70.8191
71.4607
72.0705
72.6145
72.9431
73.0384
72.9864
72.8041
72.4579
71.9587
71.3465
70.6807
70.0369
69.4916
69.0786
68.7856
68.6184
68.5463
68.5125
68.4974
68.4981
68.4983
68.4989
68.4989
68.4988
68.7131
68.7099
68.7063
68.7022
68.6983
68.6947
68.6907
68.6863
68.6827
68.6791
68.6748
68.6709
68.6675
68.6638
68.6599
68.6564
68.6525
68.6479
68.6435
68.6394
68.6347
68.6286
68.6224
68.617
68.612
68.607
68.602
68.597
68.5921
68.5872
68.5825
68.5788
68.5756
68.5715
68.5659
68.5559
68.551
68.5491
68.5487
68.5515
68.5579
68.5714
68.5969
68.6404
68.7337
68.8756
69.0881
69.3954
69.8487
70.5182
71.4777
72.7105
74.1783
75.6713
76.9907
78.0543
78.9057
79.3853
79.5517
79.4753
79.2502
78.8557
78.2943
77.58
76.7247
75.7349
74.6165
73.3852
72.0874
70.8333
69.8057
69.1403
68.7824
68.6056
68.5266
68.4903
68.4743
68.4681
68.466
68.4651
68.6531
68.6486
68.6437
68.6387
68.6338
68.6294
68.6251
68.6202
68.6152
68.6109
68.6067
68.6023
68.5983
68.5946
68.5906
68.5864
68.5823
68.5783
68.5743
68.5712
68.5687
68.566
68.5626
68.5587
68.5547
68.5509
68.5472
68.5439
68.5409
68.5387
68.5377
68.5342
68.5339
68.536
68.5426
68.5586
68.5796
68.608
68.6518
68.7205
68.8297
69.0007
69.2733
69.6891
70.3377
71.3339
72.8182
74.696
76.8728
79.0435
80.9854
82.4919
83.6889
84.4569
84.8125
85.0043
84.8927
84.613
84.1733
83.6211
82.9853
82.278
81.5069
80.6741
79.7759
78.807
77.7602
76.623
75.3744
73.993
72.4885
70.9814
69.774
69.0716
68.7355
68.5812
68.5119
68.4814
68.4699
68.4657
68.6209
68.6159
68.6111
68.6064
68.6014
68.5967
68.5924
68.5878
68.5829
68.5783
68.5741
68.5696
68.5653
68.5614
68.5575
68.5532
68.5488
68.5449
68.541
68.5372
68.5342
68.5319
68.5296
68.5273
68.5251
68.5235
68.5223
68.5224
68.5238
68.5275
68.5344
68.5473
68.5682
68.602
68.6563
68.7422
68.8823
69.1013
69.4502
69.9974
70.8773
72.2143
74.205
76.6149
79.3008
81.8678
84.2469
85.9912
87.383
88.3723
88.8178
89.1479
89.0769
88.8567
88.4936
88.0156
87.4282
86.7501
85.9992
85.1989
84.3714
83.5288
82.6747
81.8071
80.9195
80.0061
79.0644
78.0933
77.0867
76.021
74.8528
73.5186
71.9921
70.4529
69.3495
68.8134
68.5934
68.5089
68.4783
68.4656
68.6158
68.6122
68.6086
68.6046
68.6
68.5953
68.591
68.5866
68.5821
68.5779
68.5738
68.5696
68.5654
68.5616
68.5578
68.5536
68.5494
68.5456
68.542
68.5385
68.5358
68.5345
68.5343
68.5356
68.5389
68.5455
68.5573
68.5769
68.6088
68.6589
68.7382
68.8589
69.0508
69.3455
69.8069
70.5244
71.7082
73.415
75.7829
78.5163
81.5208
84.139
86.7092
88.5671
89.9774
91.1982
91.7204
92.1812
92.213
92.0893
91.8358
91.4576
90.9525
90.3455
89.6647
88.9286
88.1479
87.3263
86.466
85.5794
84.6842
83.7948
82.9154
82.0382
81.1542
80.2614
79.3642
78.4717
77.592
76.7253
75.8444
74.9091
73.8437
72.5558
71.0661
69.7283
68.9773
68.6815
68.58
68.5456
68.643
68.6398
68.6364
68.6329
68.6299
68.627
68.6235
68.6199
68.6172
68.615
68.6121
68.6093
68.6071
68.6056
68.6048
68.6044
68.6053
68.6074
68.6116
68.6188
68.6302
68.6475
68.6735
68.7118
68.7691
68.8531
68.9827
69.1755
69.4698
69.9099
70.6018
71.6186
73.194
75.3001
77.9633
80.6769
83.7858
86.2449
88.631
90.5398
91.8799
93.1837
93.7757
94.3246
94.4884
94.5414
94.4214
94.1824
93.8073
93.3227
92.7598
92.1353
91.4545
90.7059
89.8824
89.008
88.0914
87.1359
86.1547
85.17
84.2021
83.2706
82.3877
81.5455
80.7301
79.9335
79.1445
78.3531
77.5597
76.7781
76.0329
75.3294
74.5965
73.7493
72.7175
71.4424
70.1287
69.2677
68.9143
68.7741
68.7094
68.7063
68.7035
68.7006
68.6975
68.695
68.693
68.6908
68.688
68.6873
68.687
68.6877
68.6899
68.6945
68.7024
68.715
68.7341
68.7624
68.8047
68.8657
68.9575
69.0915
69.2939
69.592
70.0515
70.7291
71.8125
73.3291
75.4491
77.8729
80.8599
83.3912
86.2303
88.4849
90.4607
92.2468
93.4194
94.6146
95.233
95.7993
96.0715
96.3045
96.2566
96.1538
95.9459
95.6177
95.2228
94.7579
94.2091
93.56
92.7898
91.9252
90.9625
89.9011
88.7722
87.621
86.474
85.3385
84.2314
83.1747
82.1686
81.2356
80.3923
79.6155
78.9023
78.2681
77.6908
77.1756
76.7498
76.361
75.9319
75.3879
74.7587
74.1575
73.5011
72.6552
71.5717
70.3638
69.5276
69.1109
68.8524
68.8509
68.85
68.8497
68.8505
68.8523
68.8555
68.8611
68.87
68.8834
68.9028
68.9309
68.9704
69.0275
69.109
69.2278
69.3997
69.6477
70.0139
70.5305
71.3343
72.4602
74.1076
76.1367
78.7769
81.2672
84.2151
86.5605
88.8682
90.8735
92.3968
93.8694
94.8394
95.7617
96.3109
96.9124
97.1342
97.4386
97.4974
97.4885
97.4181
97.2627
97.0293
96.7249
96.3382
95.8594
95.2262
94.4572
93.5176
92.4041
91.1827
89.9256
88.6656
87.4373
86.2542
85.1229
84.0548
82.9972
81.9855
81.0069
80.0352
79.157
78.3596
77.5492
76.8273
76.1989
75.5849
75.0756
74.8081
74.717
74.7007
74.6907
74.6344
74.3584
73.8183
73.2137
72.547
71.6751
70.7402
69.8289
68.9986
69.0038
69.0119
69.0239
69.0416
69.0676
69.1047
69.1582
69.2342
69.3446
69.4996
69.7248
70.0419
70.5078
71.1906
72.1857
73.6094
75.4144
77.7721
80.0689
82.8377
85.169
87.5963
89.6355
91.4312
93.1
94.2624
95.35
96.0817
96.8072
97.18
97.6838
97.877
98.122
98.2331
98.3361
98.3286
98.2881
98.1772
98.0115
97.7815
97.4719
97.0404
96.4587
95.6778
94.6775
93.4974
92.2287
90.9067
89.6168
88.3974
87.2101
86.1181
85.047
84.0054
83.0693
82.1021
81.1637
80.2875
79.3399
78.4607
77.6992
76.872
76.0402
75.3329
74.6636
74.0221
73.4353
73.1382
73.0984
73.1274
73.228
73.4135
73.5716
73.6094
73.4799
73.0322
72.3869
71.6645
70.6144
69.1055
69.1598
69.2385
69.3527
69.514
69.7471
70.0716
70.5415
71.2059
72.2052
73.4792
75.3151
77.2956
79.8015
82.1914
84.7508
86.9546
89.1263
90.9287
92.4809
93.7612
94.952
95.7427
96.5348
97.0329
97.6078
97.8519
98.1854
98.3347
98.5018
98.6146
98.683
98.7281
98.7379
98.7114
98.6526
98.552
98.3903
98.1768
97.8444
97.3349
96.5795
95.5757
94.3844
93.0409
91.6868
90.4091
89.1422
88.0172
86.9389
85.8413
84.9055
83.9978
83.0368
82.1664
81.2778
80.3608
79.6407
78.8574
77.967
77.2359
76.4757
75.574
74.8272
74.157
73.517
72.9465
72.381
72.0265
71.9428
71.953
72.0296
72.213
72.5057
72.7353
72.8078
72.8045
72.6216
72.1531
71.2314
69.9546
70.4971
71.2398
72.3299
73.7035
75.6245
77.6524
80.0831
82.4014
84.8537
86.9401
88.9106
90.7584
92.1839
93.6586
94.6409
95.5407
96.4034
96.7934
97.3717
97.6553
97.9905
98.1735
98.3891
98.4911
98.6258
98.6846
98.7461
98.7703
98.7975
98.8168
98.8115
98.8051
98.7877
98.7389
98.6003
98.3243
97.8462
97.1372
96.1892
94.9697
93.6825
92.3805
90.9925
89.7767
88.659
87.4865
86.43
85.4611
84.4891
83.6609
82.8447
81.8693
81.0746
80.3904
79.5513
78.8236
78.105
77.2107
76.5812
76.0418
75.292
74.5317
73.8397
73.1014
72.4514
71.9098
71.3816
71.0921
71.0705
71.1298
71.2858
71.4967
71.7251
71.9304
72.0267
72.0643
72.0735
71.9779
71.3771
78.193
80.7133
83.0405
85.3369
87.4147
89.2039
90.9649
92.2085
93.5516
94.4698
95.3227
95.9445
96.5669
97.0509
97.3769
97.6705
97.954
98.0675
98.1886
98.3373
98.3775
98.4581
98.5333
98.594
98.6229
98.6792
98.7147
98.7469
98.7641
98.7779
98.761
98.7014
98.5642
98.3068
97.8968
97.303
96.4514
95.4372
94.282
92.9603
91.6979
90.4387
89.138
88.0464
86.9998
85.7813
84.7919
84.0445
83.1131
82.2133
81.3915
80.5355
79.9698
79.3827
78.5276
77.7341
77.1769
76.5006
75.9338
75.491
74.8717
74.0989
73.3994
72.7409
72.1564
71.5946
71.1495
70.8371
70.604
70.52
70.5289
70.6007
70.7559
70.9862
71.1996
71.2884
71.3222
71.3436
71.355
71.1484
91.4375
92.5527
93.7039
94.4727
95.2442
95.8377
96.257
96.6929
97.0563
97.2293
97.5287
97.6772
97.8175
97.9935
98.0483
98.1095
98.1855
98.2136
98.2582
98.328
98.3605
98.4139
98.4851
98.52
98.5409
98.5352
98.516
98.4723
98.3946
98.2614
98.0604
97.7638
97.3165
96.7342
95.9563
94.9095
93.7941
92.6071
91.1817
89.7939
88.6932
87.492
86.2783
85.1742
84.1253
83.3237
82.5343
81.5092
80.6042
80.0645
79.4112
78.7356
78.1655
77.3708
76.8179
76.4534
75.8904
75.2246
74.7614
74.2432
73.7191
73.3154
72.8057
72.2072
71.67
71.1215
70.4855
70.1491
70.1185
70.1496
70.2374
70.3614
70.5105
70.699
70.7933
70.8113
70.819
70.8209
70.8058
70.6624
96.3845
96.6979
96.9311
97.1359
97.3545
97.4562
97.5687
97.7336
97.7881
97.851
97.9544
98.0063
98.0054
98.0043
98.0113
98.018
98.031
98.0506
98.0796
98.1199
98.1686
98.2093
98.2434
98.2452
98.2337
98.1961
98.1191
97.9852
97.7749
97.4692
97.0293
96.4213
95.6329
94.6289
93.4158
92.1653
90.8538
89.2584
88.0132
86.9327
85.6475
84.3156
83.5027
82.6766
81.7909
80.9216
79.9841
79.3863
78.8603
78.1638
77.3409
76.8784
76.4716
76.0296
75.6713
75.1478
74.3656
74.1165
73.9276
73.5642
73.1164
72.6593
72.2161
71.7983
71.3798
70.9689
70.5499
70.2437
70.1885
70.2114
70.2896
70.347
70.349
70.332
70.2851
70.2537
70.2449
70.2428
70.243
70.1821
97.8274
97.9479
98.0262
98.0663
98.1092
98.1426
98.1737
98.208
98.2257
98.2404
98.2639
98.2712
98.2649
98.2447
98.2181
98.1989
98.1848
98.1704
98.1569
98.1504
98.1408
98.1286
98.1183
98.0978
98.0454
97.934
97.7376
97.4079
96.9263
96.3039
95.4181
94.3003
93.1421
91.7674
90.2532
88.8118
87.5147
86.2235
85.034
83.6428
82.6608
81.9138
81.1378
80.1721
79.333
78.7407
78.2341
77.7514
76.9847
76.1846
75.7986
75.5236
75.1864
74.7823
74.3552
73.9713
73.6938
73.5126
73.2734
72.9818
72.6502
72.328
72.054
71.7671
71.4399
71.0508
70.7028
70.5379
70.4663
70.3915
70.2731
70.1379
70.0764
70.0715
70.0648
70.0447
70.0248
70.0228
70.024
69.944
97.834
97.8106
97.781
97.7584
97.7553
97.7601
97.7811
97.8171
97.851
97.8823
97.9199
97.9354
97.94
97.9495
97.9545
97.9577
97.964
97.9727
97.9764
97.9759
97.9668
97.969
97.9387
97.848
97.6679
97.3478
96.8406
96.1553
95.2315
93.9982
92.7017
91.349
89.7666
88.0874
86.8821
85.6272
84.3299
82.9221
81.9196
81.1418
80.4529
79.5404
78.5023
77.9456
77.5997
77.1917
76.5179
75.7029
75.1989
74.9909
74.7389
74.2099
73.6651
73.4072
73.2549
73.1961
73.1159
72.9089
72.6233
72.3419
72.1758
72.1079
72.0353
71.8887
71.6482
71.3083
70.9468
70.7814
70.6991
70.5918
70.4116
70.1914
70.0926
70.0682
70.033
69.9724
69.9252
69.9041
69.8779
69.751
98.0063
98.0105
98.0088
98.016
98.0376
98.0727
98.1162
98.1552
98.1835
98.2087
98.2388
98.2547
98.2616
98.2595
98.2506
98.2441
98.2423
98.2403
98.2308
98.2028
98.1445
98.0188
97.8048
97.4424
96.8968
96.1425
95.0842
93.7363
92.2957
90.769
89.1746
87.4362
86.0575
84.9001
83.7667
82.2372
81.0192
80.3434
79.8159
79.0419
77.8912
77.0987
76.813
76.5659
76.025
75.2104
74.679
74.4423
74.2289
73.8457
73.2254
72.8013
72.7418
72.6863
72.5576
72.3795
72.2318
72.2009
72.1996
72.1676
72.1059
72.0422
71.9581
71.8517
71.7124
71.5205
71.2922
71.1401
71.0315
70.8984
70.696
70.4138
70.1694
70.0186
69.8928
69.7856
69.7219
69.6921
69.6752
69.6141
98.2092
98.2108
98.2153
98.2244
98.2372
98.2543
98.2793
98.3011
98.3191
98.3256
98.3225
98.3135
98.3095
98.2996
98.2869
98.2718
98.2472
98.2002
98.1116
97.9596
97.7201
97.3334
96.7361
95.936
94.8286
93.3418
91.7514
90.1676
88.4402
86.5097
85.0179
83.9264
82.937
81.5915
80.1775
79.4256
78.9972
78.4156
77.3622
76.3534
75.9788
75.7767
75.3896
74.6814
74.0346
73.7998
73.6387
73.3538
72.8952
72.4549
72.2807
72.2321
72.1671
72.0286
71.8551
71.7545
71.758
71.8236
71.9159
71.9353
71.9285
71.9025
71.8626
71.8249
71.7985
71.7749
71.7387
71.6803
71.5694
71.359
71.0273
70.6009
70.2349
70.0311
69.8921
69.7772
69.7045
69.6699
69.6516
69.5955
98.1937
98.1949
98.1998
98.2068
98.2126
98.2226
98.237
98.2491
98.251
98.2477
98.2375
98.2215
98.1942
98.1506
98.1024
98.0502
97.9722
97.8352
97.6062
97.2291
96.6187
95.7568
94.5795
92.997
91.1486
89.4961
87.7995
85.8099
83.9326
82.8677
82.0261
80.8924
79.3416
78.4534
78.1417
77.7997
77.0169
75.8442
75.187
75.0049
74.7875
74.32
73.6257
73.1739
73.0326
72.8811
72.5906
72.1832
71.877
71.8078
71.8111
71.7775
71.6598
71.5316
71.484
71.4866
71.5265
71.6039
71.6279
71.6171
71.6212
71.6397
71.6926
71.7755
71.8629
71.9728
72.0756
72.0872
72.0272
71.8166
71.3957
70.8071
70.3399
70.1088
69.9501
69.8167
69.7282
69.683
69.6567
69.587
98.1178
98.1129
98.1108
98.1114
98.1176
98.1314
98.1424
98.1519
98.1632
98.1652
98.1627
98.1554
98.1402
98.1074
98.0419
97.9109
97.6733
97.2744
96.6173
95.6877
94.4468
92.7891
90.7592
88.967
87.2708
85.4379
83.2668
81.9991
81.3258
80.5528
79.1124
77.6513
77.2348
77.1139
76.7864
75.9402
74.8603
74.4056
74.2682
74.0388
73.5708
72.9972
72.7286
72.6356
72.4821
72.1507
71.7827
71.6326
71.5737
71.5127
71.4363
71.3632
71.3186
71.3118
71.3268
71.3664
71.417
71.4322
71.4219
71.3853
71.3836
71.4174
71.5144
71.6672
71.823
72.005
72.2149
72.2689
72.2332
72.0677
71.6911
71.096
70.5181
70.1935
69.9891
69.8328
69.7292
69.6723
69.6417
69.5766
98.1157
98.119
98.1286
98.145
98.1648
98.188
98.2063
98.2156
98.2209
98.2194
98.2141
98.1924
98.1524
98.074
97.9028
97.56
96.9249
95.9362
94.6191
92.8839
90.7003
88.7415
87.0448
85.2531
82.9934
81.3262
80.6092
80.0861
79.1065
77.5121
76.5259
76.3754
76.2435
75.8023
74.9155
74.0568
73.8157
73.7141
73.4865
73.0254
72.5809
72.4323
72.3818
72.2714
72.0018
71.641
71.5058
71.4997
71.4753
71.3892
71.2891
71.2332
71.2275
71.2405
71.2706
71.3061
71.3261
71.3285
71.3124
71.2521
71.2495
71.2885
71.3973
71.5578
71.7384
71.9632
72.2639
72.4148
72.4076
72.2988
72.0019
71.4656
70.7849
70.2873
70.0156
69.8424
69.7318
69.6696
69.6391
69.595
98.1648
98.1756
98.1904
98.2086
98.2284
98.2486
98.2708
98.2902
98.3033
98.3095
98.2986
98.2503
98.1033
97.7876
97.1854
96.213
94.9031
93.1533
90.9394
88.8157
86.9867
85.147
82.9829
81.024
80.1477
79.5939
78.8084
77.3871
76.0872
75.75
75.715
75.553
74.9933
73.9913
73.3239
73.2393
73.2356
73.0805
72.6634
72.2057
72.0934
72.1104
72.0872
71.9454
71.6917
71.5686
71.5331
71.4956
71.4173
71.3135
71.2293
71.1995
71.2017
71.2233
71.2573
71.2739
71.279
71.2764
71.2563
71.1911
71.1702
71.2025
71.2926
71.42
71.5862
71.8327
72.2045
72.5282
72.5656
72.4991
72.2703
71.7943
71.0615
70.385
70.0424
69.8669
69.7608
69.6954
69.6602
69.6163
98.2497
98.2588
98.2716
98.2867
98.3037
98.3216
98.34
98.3479
98.3433
98.311
98.2101
97.9824
97.5214
96.7063
95.5045
93.7961
91.5509
89.2777
87.2014
85.1377
82.9332
80.8607
79.9057
79.3309
78.6465
77.3519
75.8013
75.1092
75.0642
75.1032
74.8893
74.2184
73.2598
72.7117
72.652
72.7041
72.6291
72.3233
71.8715
71.6993
71.7042
71.7417
71.7045
71.575
71.4677
71.4638
71.4647
71.4187
71.3115
71.1979
71.1521
71.155
71.1832
71.239
71.2756
71.2776
71.2706
71.2527
71.2359
71.2047
71.1839
71.2075
71.261
71.3375
71.4619
71.688
72.084
72.5377
72.6792
72.6512
72.4843
72.0644
71.3272
70.5098
70.0681
69.8947
69.7966
69.721
69.677
69.6284
98.2745
98.2735
98.2722
98.2772
98.2879
98.3042
98.307
98.2997
98.2608
98.1425
97.8542
97.2614
96.2719
94.7071
92.4923
90.1347
87.7904
85.4542
83.0583
80.9492
79.8343
79.078
78.3547
77.2536
75.9384
75.0784
74.763
74.6625
74.47
74.0211
73.2413
72.5219
72.3117
72.3391
72.3469
72.2602
71.9937
71.5992
71.386
71.3587
71.3892
71.3962
71.3279
71.2358
71.2265
71.2359
71.2331
71.2091
71.1731
71.152
71.1531
71.1723
71.2264
71.2817
71.2854
71.2814
71.2739
71.2634
71.2539
71.242
71.2197
71.2257
71.249
71.2896
71.3831
71.5802
71.9568
72.4936
72.73
72.7267
72.6119
72.2679
71.5899
70.7036
70.1257
69.9122
69.8182
69.7454
69.6973
69.6446
98.2388
98.2272
98.2251
98.2315
98.2493
98.265
98.2592
98.2201
98.0873
97.7428
97.0508
95.7991
93.8113
91.423
88.8372
86.2339
83.5367
81.4488
80.1751
79.1015
78.0788
76.8408
75.7012
75.1269
74.8564
74.7112
74.4317
73.9158
73.1788
72.4823
72.1986
72.0992
72.1429
72.154
72.0525
71.7786
71.4529
71.3336
71.2965
71.2769
71.2466
71.1721
71.0755
71.045
71.0452
71.0586
71.0579
71.0654
71.089
71.1159
71.1374
71.1738
71.2391
71.2933
71.3173
71.3255
71.3247
71.3192
71.3088
71.292
71.2604
71.2483
71.2516
71.2747
71.3555
71.5348
71.8704
72.3932
72.678
72.6955
72.6173
72.3523
71.7995
70.969
70.2609
69.9557
69.8316
69.7587
69.7073
69.6497
98.1809
98.1766
98.1836
98.1893
98.2164
98.2246
98.197
98.0635
97.6885
96.8668
95.3209
93.1212
90.4778
87.5008
84.4223
82.3238
80.725
79.2685
78.1234
76.8034
75.69
75.1485
74.8298
74.654
74.4528
74.0534
73.4425
72.7462
72.3411
72.1579
72.1368
72.1877
72.1362
71.973
71.7063
71.4262
71.3364
71.3221
71.3523
71.3422
71.2588
71.1182
71.0026
70.9711
70.9722
70.9924
70.9966
71.0014
71.0157
71.0399
71.0702
71.1183
71.188
71.2484
71.2972
71.3423
71.3684
71.3725
71.3653
71.3417
71.3013
71.2741
71.2632
71.2823
71.361
71.5328
71.8358
72.3113
72.6413
72.6659
72.5945
72.3698
71.9314
71.236
70.4735
70.0428
69.8596
69.7582
69.6994
69.6336
98.119
98.1289
98.1449
98.1845
98.2251
98.2147
98.0944
97.6985
96.7299
95.0376
92.6047
89.4549
86.2451
83.696
81.4128
79.7683
78.3273
76.8728
76.2588
75.81
75.349
74.9117
74.5101
74.1627
73.76
73.1621
72.6012
72.3993
72.3752
72.3967
72.3355
72.2626
72.13
71.845
71.6073
71.5099
71.4643
71.4741
71.4755
71.4258
71.3326
71.1964
71.1003
71.0667
71.0532
71.0445
71.04
71.038
71.0446
71.0647
71.0994
71.1412
71.18
71.21
71.2431
71.2939
71.3687
71.4254
71.4327
71.4068
71.3457
71.2944
71.2818
71.3032
71.385
71.5568
71.8425
72.2781
72.6242
72.6654
72.6041
72.4052
72.0216
71.4226
70.6847
70.1572
69.9059
69.7724
69.7044
69.6292
98.1396
98.1629
98.1946
98.2294
98.263
98.1705
97.7778
96.7972
94.959
92.1137
88.7042
85.7801
83.0904
80.75
78.6925
77.6764
77.0344
76.5976
76.2053
75.747
75.265
74.7495
74.2266
73.7606
73.2811
72.9495
72.8375
72.7609
72.6586
72.639
72.609
72.4896
72.2573
71.9908
71.8749
71.8749
71.8812
71.8785
71.8221
71.7173
71.5755
71.427
71.3658
71.3309
71.2929
71.2451
71.1944
71.1706
71.1712
71.1909
71.2367
71.2801
71.3009
71.316
71.3325
71.3553
71.3846
71.438
71.4877
71.4807
71.4213
71.3538
71.3404
71.3558
71.4242
71.5811
71.8384
72.2391
72.6201
72.6841
72.6367
72.4638
72.1148
71.5559
70.8259
70.2393
69.9485
69.7913
69.7118
69.6268
98.1863
98.2103
98.255
98.348
98.3005
97.9774
97.0666
95.0585
92.0013
88.8009
85.2898
82.6409
80.544
78.9865
78.0959
77.5853
77.168
76.8188
76.3273
75.742
75.236
74.6543
74.2199
73.9346
73.6543
73.53
73.4761
73.3893
73.3024
73.2097
73.0683
72.8352
72.638
72.5551
72.4764
72.442
72.4409
72.4032
72.303
72.1694
72.0088
71.9218
71.8838
71.8488
71.7859
71.6777
71.5432
71.4549
71.423
71.4342
71.4863
71.5363
71.5687
71.5775
71.5742
71.5568
71.5482
71.5529
71.5817
71.6031
71.5744
71.5131
71.4986
71.5078
71.5517
71.6645
71.8748
72.2328
72.624
72.7205
72.6918
72.5536
72.2422
71.7055
70.9522
70.2868
69.965
69.8006
69.7163
69.6237
98.2239
98.2703
98.3824
98.4962
98.31
97.4967
95.6273
92.5686
88.9967
85.5947
82.677
81.2422
80.04
79.0677
78.4793
77.8072
77.3017
76.9042
76.5274
76.1671
75.7077
75.1789
74.9231
74.7633
74.5927
74.5031
74.4067
74.2725
74.0963
73.8839
73.7014
73.5581
73.4603
73.397
73.3566
73.3053
73.2248
73.0854
72.8936
72.7004
72.6049
72.6029
72.6226
72.6223
72.5624
72.4104
72.2202
72.0546
71.9225
71.8383
71.8165
71.8352
71.9012
71.9689
71.9763
71.9524
71.9038
71.8672
71.8318
71.8111
71.8027
71.7724
71.7682
71.7782
71.8077
71.8774
72.0202
72.291
72.6561
72.8017
72.7936
72.6884
72.4031
71.8718
71.0892
70.3475
69.977
69.804
69.7195
69.6239
98.3201
98.42
98.7212
98.719
98.1778
96.5674
93.7066
89.7004
86.6614
84.0171
82.0568
81.2423
80.2548
79.4825
78.9286
78.4999
78.2068
77.7893
77.4356
77.1285
76.792
76.511
76.2761
76.0366
75.8703
75.7713
75.6371
75.419
75.1421
74.9223
74.8173
74.7932
74.7729
74.7339
74.6801
74.5822
74.4008
74.1497
73.8631
73.6147
73.4892
73.44
73.426
73.4169
73.3879
73.319
73.2065
73.0479
72.8691
72.6965
72.5322
72.4314
72.3983
72.4068
72.4582
72.4777
72.459
72.4069
72.3329
72.2629
72.2087
72.1551
72.1437
72.1548
72.1901
72.2382
72.313
72.4754
72.7644
72.9455
72.953
72.8668
72.595
72.0551
71.2377
70.4293
70.0043
69.8124
69.7244
69.6277
98.4721
98.7221
99.2695
99.0995
97.8974
95.327
91.727
88.1289
85.8735
83.6782
82.5432
81.7987
81.149
80.8435
80.5215
80.1731
79.8071
79.3975
79.1794
78.976
78.718
78.4332
78.1501
77.8846
77.7107
77.5258
77.2952
77.0089
76.737
76.639
76.6198
76.6197
76.6114
76.5706
76.4747
76.3039
76.0589
75.7506
75.4291
75.1922
75.0299
74.9071
74.7905
74.6411
74.4595
74.313
74.2469
74.1992
74.1233
73.967
73.7331
73.535
73.413
73.3327
73.2805
73.2399
73.1954
73.1357
73.0781
73.0192
72.9595
72.9038
72.8505
72.8147
72.8138
72.8248
72.8314
72.876
73.0295
73.1823
73.1936
73.1128
72.8354
72.2686
71.4083
70.5397
70.0663
69.8568
69.7625
69.6618
98.801
99.4143
100.212
99.6575
97.4869
94.5737
90.8271
87.7458
86.0942
84.5675
83.9688
83.8459
83.5753
83.1146
82.6146
82.4942
82.3948
82.2359
81.9819
81.7011
81.4516
81.2108
80.9103
80.5411
80.2591
80.0057
79.7322
79.4187
79.2176
79.1967
79.2036
79.2184
79.2074
79.1269
78.9117
78.5779
78.2326
77.9163
77.6559
77.474
77.338
77.2053
77.0194
76.755
76.4335
76.1307
75.9192
75.7759
75.6384
75.4681
75.2795
75.0864
74.9238
74.8039
74.7199
74.6499
74.5649
74.4457
74.3133
74.219
74.1637
74.1266
74.0825
74.037
73.9889
73.9215
73.7938
73.6393
73.6049
73.6042
73.5725
73.4524
73.137
72.5285
71.621
70.6955
70.181
69.9582
69.86
69.7561
99.4953
100.865
101.596
100.434
97.4343
94.5294
91.0226
88.6899
87.746
87.5382
87.3611
86.9548
86.603
86.3534
86.2427
86.2365
86.1528
85.9936
85.9215
85.7678
85.4514
85.0358
84.6259
84.287
83.938
83.5689
83.2325
82.9792
82.9372
82.9401
82.9465
82.9295
82.8591
82.6729
82.3096
81.8095
81.2978
80.8755
80.5965
80.4535
80.3812
80.2869
80.0924
79.7826
79.381
78.9812
78.6813
78.4739
78.2761
78.0326
77.7312
77.3982
77.0982
76.8953
76.7976
76.745
76.6759
76.5629
76.4459
76.3328
76.2292
76.134
76.0536
75.9826
75.8858
75.7195
75.4243
75.0006
74.6349
74.3984
74.2069
73.9628
73.5538
72.8749
71.9112
70.9358
70.3881
70.1534
70.0517
69.9473
100.739
103.363
103.783
101.974
98.8824
96.4735
93.6568
92.3355
91.8615
91.914
91.9235
91.8881
91.7264
91.3373
91.1588
91.3116
91.55
91.5131
91.3766
91.1116
90.7517
90.341
89.8588
89.3991
88.9252
88.4818
88.1792
88.0763
88.0647
88.0683
88.0883
88.0783
87.957
87.6294
87.0717
86.3782
85.7155
85.2176
84.926
84.7939
84.713
84.5868
84.3229
83.9106
83.401
82.9174
82.5618
82.3349
82.1541
81.9276
81.5915
81.1534
80.7141
80.3988
80.1948
80.05
79.9175
79.7768
79.7117
79.6848
79.6471
79.5932
79.5156
79.4026
79.2041
78.8294
78.1958
77.3091
76.4153
75.771
75.2894
74.8198
74.2314
73.4186
72.3667
71.3438
70.7743
70.5295
70.4253
70.3224
103.2
107.317
107.374
105.071
102.257
101.011
99.2195
97.8879
97.8972
98.3779
98.4851
98.435
98.3015
98.0665
98.1006
98.2815
98.3989
98.3778
98.3675
98.1725
97.7179
97.1043
96.5414
96.0622
95.5383
95.0209
94.7585
94.7378
94.8132
94.8971
94.9186
94.8685
94.6465
94.1668
93.4425
92.5791
91.7834
91.2411
90.9783
90.8983
90.8537
90.7368
90.4465
89.9424
89.2992
88.715
88.2941
87.9918
87.7422
87.4878
87.1396
86.6361
86.0794
85.7299
85.561
85.4298
85.2915
85.1456
85.0527
85.0273
85.0463
85.0706
85.0559
84.9798
84.7301
84.1126
82.9338
81.2178
79.3944
78.0152
77.0537
76.2531
75.4098
74.3895
73.1859
72.0958
71.5106
71.2632
71.1586
71.0623
107.5
112.998
112.717
109.887
107.835
107.463
106.57
105.786
105.708
105.931
106.235
106.617
106.664
106.398
106.206
106.42
106.831
106.836
106.703
106.358
105.852
105.296
104.731
104.216
103.632
103.166
103.033
103.092
103.309
103.431
103.451
103.366
103.053
102.457
101.607
100.613
99.7627
99.302
99.1511
99.1231
99.0937
98.9755
98.679
98.1329
97.3912
96.7641
96.4075
96.1829
95.9761
95.7211
95.3211
94.6825
93.9391
93.5036
93.3717
93.318
93.2586
93.2496
93.2687
93.3345
93.4803
93.5894
93.5781
93.4796
93.1274
92.2015
90.3231
87.4394
84.2185
81.6563
79.9173
78.6034
77.3846
76.0575
74.6303
73.4668
72.8888
72.6505
72.5514
72.4702
114.665
120.557
119.737
116.359
115.102
115.543
115.349
114.611
114.545
114.824
115.132
115.562
115.772
115.659
115.579
115.719
116.045
116.067
115.992
115.686
115.152
114.568
114.068
113.632
113.128
112.812
112.797
112.99
113.452
113.687
113.708
113.582
113.207
112.563
111.671
110.658
109.899
109.618
109.622
109.689
109.703
109.596
109.282
108.674
107.855
107.248
106.97
106.828
106.708
106.522
106.133
105.412
104.612
104.261
104.203
104.225
104.236
104.282
104.415
104.65
105.02
105.342
105.382
105.295
104.844
103.549
100.843
96.5234
91.5049
87.3757
84.589
82.5658
80.8031
79.0264
77.2773
76.0035
75.4196
75.1901
75.0919
75.0336
125.111
129.205
127.858
124.228
123.754
124.573
124.734
124.328
124.093
124.202
124.507
125.149
125.685
125.582
125.408
125.578
126.08
126.162
126.033
125.7
125.253
124.819
124.494
124.195
123.877
123.816
123.958
124.436
125.181
125.488
125.508
125.382
125.011
124.386
123.547
122.678
122.187
122.152
122.282
122.442
122.473
122.368
122.039
121.378
120.537
120.029
119.839
119.733
119.628
119.447
119.026
118.22
117.432
117.241
117.29
117.453
117.639
117.833
118.119
118.531
119.088
119.517
119.567
119.467
118.892
117.22
113.761
108.189
101.476
95.7471
91.8347
89.0082
86.5668
84.1913
82.0428
80.6578
80.0481
79.8068
79.6999
79.6695
137.258
138.613
136.885
133.227
133.145
134.388
134.738
134.271
133.996
134.125
134.453
135.148
135.968
136.017
135.972
136.164
136.707
136.915
136.853
136.633
136.317
136.041
135.934
135.898
135.913
136.088
136.521
137.394
138.419
138.776
138.791
138.68
138.369
137.831
137.137
136.554
136.376
136.487
136.751
136.959
136.943
136.786
136.408
135.687
134.853
134.42
134.257
134.148
134.027
133.821
133.353
132.508
131.868
131.806
131.917
132.187
132.512
132.858
133.321
133.931
134.664
135.145
135.175
135.018
134.254
132.154
127.99
121.48
113.62
106.825
102.146
98.7059
95.6622
92.6759
90.1128
88.6454
88.0445
87.8125
87.7042
87.6984
149.806
149.012
146.531
143.007
143.116
144.631
145.165
144.694
144.322
144.436
144.883
145.792
146.994
147.209
147.232
147.546
148.3
148.681
148.667
148.57
148.472
148.488
148.644
148.924
149.279
149.791
150.598
151.881
153.051
153.397
153.418
153.333
153.116
152.72
152.239
151.967
152.005
152.219
152.562
152.725
152.618
152.342
151.87
151.075
150.246
149.851
149.65
149.479
149.285
149.004
148.472
147.636
147.204
147.237
147.437
147.831
148.295
148.769
149.373
150.126
150.947
151.398
151.372
151.101
150.086
147.537
142.767
135.64
127.228
120.067
115.219
111.648
108.387
105.136
102.464
101.051
100.487
100.287
100.213
100.243
161.999
159.901
156.556
153.401
153.549
155.257
156.064
155.573
155.254
155.508
156.189
157.357
158.951
159.468
159.67
160.158
161.078
161.656
161.82
161.918
162.067
162.356
162.832
163.47
164.151
164.994
166.158
167.76
168.924
169.203
169.21
169.144
169.011
168.781
168.528
168.47
168.612
168.879
169.187
169.214
168.958
168.514
167.918
167.052
166.227
165.831
165.568
165.315
165.031
164.661
164.08
163.322
163.103
163.198
163.484
163.991
164.566
165.155
165.885
166.752
167.586
167.931
167.796
167.346
165.994
162.937
157.639
150.183
141.764
134.828
130.276
127.011
123.991
120.944
118.598
117.55
117.216
117.16
117.171
117.273
173.803
170.904
167.061
164.399
164.508
166.295
167.632
167.285
167.207
167.744
168.798
170.339
172.39
173.189
173.569
174.297
175.457
176.217
176.563
176.872
177.285
177.872
178.664
179.6
180.529
181.635
183.07
184.811
185.803
185.952
185.919
185.854
185.795
185.709
185.638
185.695
185.882
186.116
186.276
186.143
185.682
185.065
184.347
183.441
182.647
182.241
181.916
181.582
181.214
180.77
180.185
179.576
179.526
179.689
180.073
180.678
181.333
182.019
182.855
183.774
184.512
184.708
184.441
183.731
181.922
178.304
172.558
164.983
156.923
150.634
146.695
143.971
141.473
138.99
137.284
136.726
136.681
136.806
136.937
137.162
185.705
182.245
178.16
176.063
176.171
178.19
180.289
180.326
180.692
181.805
183.289
185.197
187.654
188.723
189.306
190.265
191.612
192.517
193.063
193.585
194.222
195.045
196.083
197.223
198.299
199.561
201.138
202.808
203.507
203.505
203.403
203.33
203.335
203.354
203.39
203.548
203.721
203.841
203.827
203.51
202.856
202.098
201.3
200.419
199.703
199.296
198.928
198.531
198.104
197.619
197.087
196.67
196.727
196.972
197.456
198.126
198.834
199.604
200.52
201.414
201.949
201.98
201.554
200.477
198.099
193.899
187.789
180.255
172.801
167.415
164.253
162.163
160.266
158.478
157.509
157.43
157.641
157.948
158.193
158.536
198.212
193.977
189.994
188.641
188.971
191.633
194.716
195.442
196.491
198.226
200.069
202.295
205.025
206.253
206.99
208.149
209.633
210.616
211.302
211.992
212.801
213.792
214.979
216.199
217.327
218.661
220.26
221.656
222.015
221.891
221.722
221.661
221.712
221.81
221.923
222.166
222.283
222.25
222.087
221.57
220.78
219.938
219.126
218.34
217.74
217.35
216.957
216.52
216.059
215.577
215.15
214.914
215.057
215.387
215.951
216.651
217.389
218.219
219.161
219.929
220.213
220.075
219.417
217.883
214.906
210.186
203.834
196.509
189.854
185.505
183.162
181.685
180.362
179.256
178.927
179.168
179.62
180.052
180.397
180.835
211.445
206.213
203.039
202.654
203.665
207.635
211.851
213.342
215.06
217.235
219.281
221.688
224.466
225.757
226.616
227.899
229.397
230.401
231.193
232.005
232.912
233.983
235.215
236.424
237.542
238.882
240.393
241.382
241.44
241.206
241.014
240.986
241.073
241.241
241.432
241.711
241.764
241.61
241.298
240.612
239.756
238.899
238.132
237.496
237.047
236.701
236.305
235.85
235.381
234.938
234.647
234.57
234.803
235.206
235.806
236.497
237.238
238.091
238.984
239.534
239.584
239.234
238.281
236.253
232.735
227.654
221.259
214.362
208.67
205.378
203.798
202.866
202.056
201.565
201.679
202.147
202.778
203.285
203.703
204.204
224.614
219.483
218.094
218.907
221.4
227.216
232.343
234.278
236.255
238.47
240.584
243.055
245.66
246.937
247.89
249.208
250.594
251.574
252.431
253.315
254.248
255.312
256.487
257.604
258.669
259.946
261.255
261.801
261.638
261.287
261.127
261.141
261.266
261.498
261.776
262.075
262.109
261.895
261.45
260.657
259.807
258.991
258.312
257.87
257.613
257.351
256.979
256.531
256.072
255.695
255.542
255.611
255.95
256.394
256.974
257.61
258.313
259.127
259.88
260.179
260.05
259.43
258.161
255.709
251.829
246.653
240.519
234.302
229.695
227.406
226.485
225.996
225.628
225.618
225.989
226.617
227.35
227.902
228.36
228.886
238.123
235.036
236.034
238.625
243.112
250.164
255.163
257.093
258.888
260.787
262.899
265.298
267.473
268.68
269.693
270.862
271.953
272.862
273.747
274.631
275.497
276.442
277.451
278.402
279.365
280.481
281.492
281.697
281.366
280.946
280.838
280.892
281.051
281.326
281.696
282.049
282.165
281.98
281.449
280.644
279.875
279.148
278.561
278.317
278.309
278.183
277.876
277.468
277.045
276.739
276.685
276.916
277.363
277.804
278.293
278.819
279.428
280.122
280.652
280.743
280.494
279.62
278.099
275.442
271.565
266.725
261.336
256.133
252.684
251.283
250.873
250.698
250.672
250.949
251.461
252.132
252.887
253.445
253.894
254.395
251.803
253.684
257.388
261.718
267.239
273.675
277.503
279.045
280.189
281.352
283.312
285.397
286.882
287.915
288.884
289.664
290.315
291.092
291.923
292.712
293.417
294.145
294.903
295.633
296.442
297.295
298.011
298.058
297.603
297.174
297.1
297.179
297.348
297.625
298.064
298.497
298.781
298.7
298.168
297.442
296.821
296.215
295.696
295.6
295.86
295.883
295.681
295.352
294.996
294.752
294.735
295.135
295.649
296.038
296.387
296.765
297.237
297.745
298.029
297.995
297.704
296.701
295.096
292.583
289.179
285.167
281.078
277.348
275.093
274.391
274.31
274.312
274.453
274.832
275.323
275.88
276.54
277.025
277.393
277.804
268.53
275.592
279.976
283.934
288.081
291.992
294.21
295.187
295.473
295.69
297.331
298.929
299.722
300.534
301.372
301.723
301.98
302.602
303.317
303.962
304.493
305.002
305.523
306.055
306.702
307.298
307.814
307.838
307.322
306.913
306.85
306.93
307.089
307.334
307.789
308.274
308.685
308.711
308.237
307.618
307.142
306.655
306.185
306.15
306.594
306.725
306.607
306.363
306.078
305.882
305.864
306.366
306.893
307.212
307.446
307.701
308.05
308.389
308.506
308.419
308.138
307.142
305.614
303.448
300.697
297.608
294.812
292.805
291.677
291.425
291.484
291.542
291.683
291.971
292.285
292.602
293.023
293.333
293.573
293.87
288.135
295.05
296.635
298.02
299.391
301.047
302.198
302.417
301.989
301.598
303.009
304.272
304.704
305.374
306.095
306.219
306.289
306.814
307.435
307.982
308.41
308.8
309.198
309.624
310.175
310.64
311.07
311.097
310.568
310.181
310.123
310.194
310.346
310.565
311.009
311.501
311.945
312.016
311.581
311.029
310.629
310.206
309.772
309.753
310.26
310.425
310.343
310.142
309.895
309.726
309.705
310.236
310.745
311.021
311.202
311.403
311.691
311.95
312.006
311.907
311.645
310.697
309.268
307.356
305.004
302.431
300.295
299.626
299.358
299.326
299.376
299.412
299.463
299.561
299.654
299.737
299.869
299.97
300.107
300.336
)
;

boundaryField
{
    inlet
    {
        type            fixedValue;
        value           uniform 68;
    }
    outlet
    {
        type            zeroGradient;
    }
    bottom
    {
        type            fixedValue;
        value           uniform 300;
    }
    top
    {
        type            fixedValue;
        value           uniform 300;
    }
    upstream
    {
        type            symmetryPlane;
    }
    defaultFaces
    {
        type            empty;
    }
}


// ************************************************************************* //
