/*--------------------------------*- C++ -*----------------------------------*\
  =========                 |
  \\      /  F ield         | OpenFOAM: The Open Source CFD Toolbox
   \\    /   O peration     | Website:  https://openfoam.org
    \\  /    A nd           | Version:  13
     \\/     M anipulation  |
\*---------------------------------------------------------------------------*/
FoamFile
{
    format      ascii;
    class       volScalarField;
    location    "0.0012";
    object      omega;
}
// * * * * * * * * * * * * * * * * * * * * * * * * * * * * * * * * * * * * * //

dimensions      [0 0 -1 0 0 0 0];

internalField   nonuniform List<scalar> 
16072
(
6.6183e+06
7.14036e+06
7.00355e+06
6.55199e+06
6.79435e+06
5.73346e+06
2.18532e+06
2.90667e+06
2.89591e+06
2.82538e+06
2.9263e+06
3.13706e+06
482837
1.21816e+06
1.34937e+06
1.3337e+06
1.37627e+06
1.53028e+06
45566.9
339996
615108
696959
712656
743490
4223.57
52688.5
181245
303920
370651
399152
1728.35
7786.78
33553.4
86011.4
144895
184395
1634.81
2215.3
6270.76
17427.8
41461.5
60906
1616.13
1769.32
2286.88
4354.52
10835.6
17232.1
1610.83
1691.26
1858.9
2206.61
3785.31
5131.66
1608.64
1658.76
1917.97
1987.49
2371.53
2636.31
1607.68
1626.51
1726.1
1934.52
2047.63
2141.23
1607.18
1613.25
1680.84
1920.4
1997.18
2018.36
1606.75
1608.8
1633.02
1731.92
1964.26
1996.29
1606.44
1607.01
1615.23
1673.41
1887.31
1983.83
1606.39
1606.23
1608.4
1629.97
1711.08
1894.01
1606.68
1605.65
1606.14
1611.67
1656.02
1806.64
1606.7
1605.6
1605.22
1606.61
1618.24
1676.78
1606.48
1605.89
1604.71
1604.87
1607.61
1622.39
1606.62
1605.67
1604.9
1604.02
1604.42
1608.39
1606.59
1605.72
1604.81
1603.99
1603.32
1604.06
1606.5
1605.84
1604.68
1604.1
1602.93
1602.72
1606.68
1605.6
1604.92
1603.78
1603.2
1602.02
1606.53
1605.8
1604.72
1604.03
1602.91
1602.3
1606.65
1605.64
1604.87
1603.84
1603.1
1602.04
1606.55
1605.77
1604.74
1603.99
1602.94
1602.22
1606.68
1605.62
1604.89
1603.82
1603.11
1602.03
1606.61
1605.7
1604.81
1603.91
1603.02
1602.12
1606.55
1605.76
1604.75
1603.98
1602.95
1602.2
1606.6
1605.71
1604.8
1603.93
1603.01
1602.14
1606.69
1605.61
1604.9
1603.82
1603.11
1602.03
1606.7
1605.6
1604.91
1603.81
1603.12
1602.02
1606.7
1605.61
1604.9
1603.81
1603.11
1602.02
1606.69
1605.61
1604.89
1603.81
1603.1
1602.01
1606.66
1605.62
1604.84
1603.8
1603.03
1601.98
1606.57
1605.68
1604.72
1603.84
1602.88
1602
1606.54
1605.68
1604.66
1603.81
1602.79
1601.94
1606.6
1605.6
1604.7
1603.7
1602.8
1601.81
1606.58
1605.6
1604.66
1603.69
1602.74
1601.77
1606.55
1605.62
1604.61
1603.69
1602.68
1601.77
1606.57
1605.59
1604.63
1603.64
1602.69
1601.71
1606.57
1605.58
1604.62
1603.63
1602.68
1601.68
1606.56
1605.58
1604.61
1603.63
1602.66
1601.69
1606.56
1605.59
1604.61
1603.64
1602.67
1601.71
1606.56
1605.6
1604.61
1603.66
1602.68
1601.73
1606.57
1605.59
1604.64
1603.66
1602.72
1601.75
1606.57
1605.6
1604.65
1603.69
1602.75
1601.79
1606.58
1605.61
1604.67
1603.71
1602.79
1601.84
1606.57
1605.63
1604.69
1603.76
1602.83
1601.91
1606.55
1605.67
1604.68
1603.83
1602.85
1602.01
1606.57
1605.67
1604.73
1603.85
1602.92
1602.06
1606.61
1605.65
1604.79
1603.85
1602.99
1602.06
1606.62
1605.66
1604.81
1603.86
1603.02
1602.08
1606.6
1605.68
1604.81
1603.89
1603.01
1602.11
1606.58
1605.71
1604.79
1603.92
1603
1602.14
1606.58
1605.73
1604.78
1603.93
1602.99
1602.15
1606.58
1605.73
1604.79
1603.93
1603
1602.15
1606.59
1605.72
1604.8
1603.92
1603.01
1602.14
1606.6
1605.7
1604.81
1603.91
1603.02
1602.12
1606.61
1605.7
1604.81
1603.91
1603.03
1602.12
1606.61
1605.7
1604.82
1603.9
1603.03
1602.12
1606.61
1605.7
1604.82
1603.91
1603.03
1602.12
1606.61
1605.7
1604.82
1603.91
1603.03
1602.12
1606.61
1605.7
1604.81
1603.91
1603.03
1602.12
1606.61
1605.7
1604.81
1603.91
1603.02
1602.13
1606.6
1605.71
1604.81
1603.92
1603.02
1602.13
1606.6
1605.71
1604.8
1603.93
1603.01
1602.14
1606.6
1605.71
1604.8
1603.93
1603.01
1602.14
1606.59
1605.71
1604.8
1603.92
1603.02
1602.13
1606.59
1605.73
1604.78
1603.94
1602.99
1602.17
1606.59
1605.72
1604.79
1603.94
1602.97
1602.21
1606.6
1605.7
1604.83
1603.87
1603.08
1602.06
1606.57
1605.73
1604.8
1603.9
1603.09
1601.91
1606.52
1605.81
1604.7
1604.07
1602.73
1602.55
1606.51
1605.83
1604.67
1604.07
1602.64
1604.95
1606.53
1605.82
1604.68
1604.08
1602.64
1612.66
1606.58
1605.75
1604.74
1604.05
1602.7
1640.52
1606.64
1605.66
1604.87
1603.82
1603.02
1744.2
1606.69
1605.59
1604.95
1603.58
1603.74
1892.12
1606.72
1605.57
1604.96
1603.52
1605.33
2023.28
1606.73
1605.56
1604.96
1603.52
1610.47
2728.32
1606.74
1605.55
1604.96
1603.54
1625.39
9968.15
1606.74
1605.55
1604.95
1603.57
1651.46
69337.4
6.96916e+06
7.17542e+06
6.08384e+06
6.19593e+06
6.30861e+06
6.39385e+06
7.72665e+06
7.70909e+06
6.65608e+06
6.74265e+06
6.8333e+06
6.92487e+06
7.01375e+06
7.10192e+06
7.19303e+06
7.28682e+06
7.38206e+06
7.47903e+06
8.90573e+06
7.67546e+06
7.77552e+06
9.31033e+06
9.38831e+06
8.08109e+06
8.18449e+06
8.28901e+06
9.87107e+06
8.50136e+06
1.014e+07
8.71648e+06
8.82509e+06
8.93473e+06
1.06529e+07
9.1557e+06
1.08612e+07
9.3811e+06
9.4961e+06
9.61124e+06
9.72658e+06
9.84163e+06
9.9628e+06
1.00816e+07
1.02017e+07
1.0318e+07
1.04342e+07
1.0548e+07
1.06567e+07
1.07879e+07
1.09487e+07
1.11069e+07
1.12591e+07
1.14063e+07
1.15506e+07
1.16925e+07
1.18328e+07
1.19721e+07
1.21115e+07
1.22505e+07
1.23894e+07
1.25284e+07
1.26676e+07
1.28071e+07
1.29474e+07
1.30885e+07
1.32303e+07
1.33721e+07
1.35146e+07
1.36576e+07
1.38012e+07
1.39454e+07
1.40908e+07
1.42368e+07
1.43839e+07
1.45314e+07
1.468e+07
1.48294e+07
1.49799e+07
1.51308e+07
1.52827e+07
1.5435e+07
1.55887e+07
1.57428e+07
1.58981e+07
1.60536e+07
1.621e+07
1.63665e+07
1.65239e+07
1.66813e+07
1.68401e+07
1.6999e+07
1.71593e+07
1.73194e+07
1.74807e+07
1.76417e+07
1.78043e+07
1.7967e+07
1.81311e+07
1.82952e+07
1.84605e+07
1.86256e+07
1.87919e+07
1.89582e+07
1.91252e+07
1.92921e+07
1.94599e+07
1.9628e+07
1.97967e+07
1.99661e+07
2.01347e+07
2.03041e+07
3.35472e+06
3.46778e+06
3.47858e+06
3.45537e+06
3.41329e+06
3.34003e+06
3.25754e+06
3.1922e+06
3.13989e+06
3.10761e+06
3.08274e+06
3.06832e+06
3.06044e+06
3.05734e+06
3.05594e+06
3.05958e+06
3.0676e+06
3.07759e+06
3.10404e+06
3.11631e+06
3.12763e+06
3.15506e+06
3.17391e+06
3.18431e+06
3.20633e+06
3.23083e+06
3.2564e+06
3.27055e+06
3.29933e+06
3.31558e+06
3.33195e+06
3.35119e+06
3.38139e+06
3.39695e+06
3.42055e+06
3.42679e+06
3.447e+06
3.48008e+06
3.49351e+06
3.53289e+06
3.54309e+06
3.57483e+06
3.58617e+06
3.62243e+06
3.64536e+06
3.65936e+06
3.65584e+06
3.65764e+06
3.69132e+06
3.73957e+06
3.7867e+06
3.82846e+06
3.86628e+06
3.90115e+06
3.93394e+06
3.96521e+06
3.99538e+06
4.02446e+06
4.05292e+06
4.08087e+06
4.10841e+06
4.13541e+06
4.16221e+06
4.18872e+06
4.21507e+06
4.24118e+06
4.26735e+06
4.29337e+06
4.31953e+06
4.34567e+06
4.37192e+06
4.39801e+06
4.42427e+06
4.45043e+06
4.47683e+06
4.50316e+06
4.52973e+06
4.55614e+06
4.5828e+06
4.6093e+06
4.63611e+06
4.66274e+06
4.68961e+06
4.7163e+06
4.74333e+06
4.77018e+06
4.79731e+06
4.8242e+06
4.85143e+06
4.87849e+06
4.90587e+06
4.93305e+06
4.96047e+06
4.9876e+06
5.01504e+06
5.04223e+06
5.06973e+06
5.09702e+06
5.12461e+06
5.15195e+06
5.17965e+06
5.20715e+06
5.23482e+06
5.26233e+06
5.29002e+06
5.31756e+06
5.34526e+06
5.37287e+06
5.40146e+06
5.43029e+06
1.79438e+06
1.95168e+06
2.00187e+06
1.98479e+06
1.93422e+06
1.84516e+06
1.76741e+06
1.72117e+06
1.69325e+06
1.67447e+06
1.66198e+06
1.654e+06
1.64838e+06
1.64584e+06
1.64624e+06
1.64959e+06
1.65564e+06
1.66306e+06
1.67199e+06
1.68192e+06
1.69275e+06
1.70433e+06
1.71604e+06
1.7283e+06
1.74079e+06
1.75372e+06
1.7668e+06
1.78001e+06
1.79347e+06
1.80734e+06
1.82121e+06
1.83204e+06
1.84032e+06
1.84817e+06
1.85622e+06
1.86456e+06
1.87358e+06
1.88347e+06
1.89235e+06
1.90247e+06
1.9131e+06
1.92347e+06
1.93166e+06
1.94606e+06
1.95557e+06
1.9631e+06
1.96952e+06
1.97801e+06
1.99732e+06
2.02856e+06
2.05951e+06
2.08671e+06
2.11058e+06
2.13185e+06
2.1513e+06
2.16952e+06
2.18688e+06
2.20336e+06
2.2193e+06
2.23482e+06
2.25003e+06
2.2648e+06
2.27932e+06
2.29353e+06
2.30749e+06
2.32118e+06
2.3348e+06
2.3483e+06
2.36194e+06
2.37549e+06
2.38905e+06
2.40248e+06
2.41593e+06
2.42926e+06
2.44267e+06
2.45599e+06
2.46939e+06
2.48266e+06
2.496e+06
2.50924e+06
2.52257e+06
2.53576e+06
2.549e+06
2.56217e+06
2.57556e+06
2.58887e+06
2.60228e+06
2.61554e+06
2.62891e+06
2.64215e+06
2.65551e+06
2.66876e+06
2.6821e+06
2.69529e+06
2.70858e+06
2.72169e+06
2.73486e+06
2.74793e+06
2.76107e+06
2.77411e+06
2.78725e+06
2.80035e+06
2.8134e+06
2.82647e+06
2.83946e+06
2.8525e+06
2.86532e+06
2.87841e+06
2.89109e+06
2.90658e+06
853636
1.02577e+06
1.14808e+06
1.21717e+06
1.24449e+06
1.23664e+06
1.21234e+06
1.17524e+06
1.1357e+06
1.10032e+06
1.07343e+06
1.05475e+06
1.04252e+06
1.03516e+06
1.03159e+06
1.03118e+06
1.03289e+06
1.03563e+06
1.0395e+06
1.04435e+06
1.05019e+06
1.05687e+06
1.06385e+06
1.0714e+06
1.07921e+06
1.08741e+06
1.09595e+06
1.10467e+06
1.11388e+06
1.12324e+06
1.1329e+06
1.14178e+06
1.14908e+06
1.15537e+06
1.16142e+06
1.16736e+06
1.17367e+06
1.18008e+06
1.18662e+06
1.19314e+06
1.2003e+06
1.20625e+06
1.21393e+06
1.2227e+06
1.22904e+06
1.23373e+06
1.23963e+06
1.24164e+06
1.24343e+06
1.25035e+06
1.26153e+06
1.27355e+06
1.28567e+06
1.29736e+06
1.30862e+06
1.31952e+06
1.33018e+06
1.34042e+06
1.35043e+06
1.36028e+06
1.37006e+06
1.37964e+06
1.38915e+06
1.39848e+06
1.40766e+06
1.41663e+06
1.42556e+06
1.43449e+06
1.44363e+06
1.45278e+06
1.46193e+06
1.47095e+06
1.47996e+06
1.48885e+06
1.49778e+06
1.50665e+06
1.51557e+06
1.52439e+06
1.53328e+06
1.54208e+06
1.55096e+06
1.55974e+06
1.56856e+06
1.57727e+06
1.58604e+06
1.59474e+06
1.60352e+06
1.61219e+06
1.62094e+06
1.62958e+06
1.63832e+06
1.64698e+06
1.65573e+06
1.66439e+06
1.67314e+06
1.68176e+06
1.6904e+06
1.69896e+06
1.70758e+06
1.71612e+06
1.72474e+06
1.73336e+06
1.74192e+06
1.75056e+06
1.75907e+06
1.76776e+06
1.77598e+06
1.78503e+06
1.79228e+06
1.80427e+06
426680
489205
566137
655341
731311
784254
819938
834356
831100
819812
801279
781789
763280
747564
735828
728091
723534
720809
719935
720212
721874
724572
727799
731580
735683
740219
745173
750293
755949
761731
767721
773980
779906
785171
790127
794854
799687
804504
809540
814441
819713
824062
830285
836314
841347
844874
849845
850181
848348
845995
846483
849125
853500
858609
864216
870082
876162
882181
888226
894294
900464
906599
912820
918977
925104
931073
937086
943057
949152
955253
961396
967422
973456
979367
985330
991225
997188
1.00306e+06
1.00901e+06
1.01488e+06
1.02085e+06
1.02671e+06
1.03264e+06
1.03847e+06
1.04436e+06
1.05018e+06
1.05607e+06
1.06186e+06
1.06774e+06
1.07351e+06
1.07936e+06
1.08514e+06
1.09101e+06
1.09682e+06
1.10273e+06
1.10853e+06
1.11435e+06
1.12011e+06
1.12589e+06
1.13164e+06
1.13742e+06
1.14328e+06
1.14899e+06
1.15494e+06
1.16055e+06
1.1667e+06
1.17188e+06
1.17862e+06
1.18259e+06
1.192e+06
216160
250345
273359
313358
364099
414274
469146
522115
562992
588792
601643
601677
598404
590693
580783
570962
561951
553967
547940
543752
541372
540400
540387
541064
542344
544227
546588
549195
552268
555542
558967
562772
566837
570766
574585
578247
581935
585584
589385
593088
597015
600423
605024
609242
613307
616383
620485
621495
619769
616292
613467
612365
612621
613951
616147
618852
622010
625324
628813
632432
636246
640129
644180
648251
652375
656401
660519
664607
668773
672938
677167
681316
685490
689561
693685
697749
701882
705939
710070
714136
718300
722373
726511
730564
734679
738731
742845
746877
750981
754990
759071
763083
767172
771229
775373
779453
783519
787577
791583
795637
799620
803800
807689
812007
815780
820343
823714
828753
831362
838164
84388.4
113610
128535
148177
173791
195002
222779
259594
302237
346221
388196
420464
442786
455658
461545
461365
459543
455316
449698
443929
438644
434318
430976
428708
427289
426833
426946
427545
428653
430096
431764
433722
436049
438554
441176
443785
446462
449120
451904
454636
457487
460145
463408
466367
469493
472261
475439
477425
476592
474353
471315
468988
467532
467015
467153
467880
469153
470675
472450
474405
476597
478918
481449
484053
486763
489429
492209
495009
497902
500806
503788
506725
509706
512608
515566
518475
521450
524367
527354
530291
533317
536270
539284
542228
545229
548181
551187
554132
557133
560057
563029
565954
568928
571904
574937
577956
580925
583937
586834
589849
592704
595840
598600
601883
604537
608044
610400
614210
616121
621110
26998.7
43316.8
50702.3
61672.7
77339.5
88404.1
99310.4
115468
135642
159093
188654
222740
257752
290238
319125
341309
356890
365797
370063
370022
369016
366766
363750
360638
357538
354906
352832
351333
350482
350197
350281
350714
351543
352695
354120
355682
357424
359208
361133
363051
365038
367017
369266
371349
373602
375952
378275
380684
380580
379674
377757
375596
373797
372515
371718
371428
371510
371895
372552
373385
374461
375692
377143
378695
380379
382064
383871
385721
387681
389668
391746
393807
395930
397997
400126
402218
404377
406493
408680
410829
413062
415235
417467
419643
421872
424068
426310
428511
430755
432942
435158
437344
439558
441799
444070
446367
448588
450890
453039
455347
457446
459865
461875
464431
466360
469101
470824
473755
475199
478927
8045.28
15332.1
18808.6
23141.4
31435.4
37757.3
42587.9
49360.5
58427.8
68452.2
79356.8
94092.8
113185
135175
160184
187899
216224
242144
264271
281282
293368
300999
304984
306320
306074
305262
303831
302203
300568
299012
297634
296525
295774
295511
295599
295967
296668
297519
298583
299729
300976
302328
303814
305263
306814
308628
310323
312373
313069
312753
311934
310523
309072
307765
306710
305942
305489
305212
305189
305293
305626
306115
306797
307596
308531
309493
310577
311716
312973
314267
315663
317062
318536
319976
321483
322965
324516
326039
327632
329199
330847
332447
334105
335721
337384
339029
340716
342378
344076
345734
347406
349065
350731
352445
354167
355945
357629
359424
361042
362844
364412
366313
367803
369823
371258
373427
374724
377013
378129
380957
3294.06
5371.9
7109.29
8520.62
11709.9
14978.7
17071.2
19936.1
24031.8
29094.6
33560.9
38896.3
45759.1
54808.8
65070.7
77753.3
93820.4
113075
134258
156419
178589
199556
217922
232755
243774
251408
256238
258809
259989
259972
259683
259019
258141
257280
256538
255889
255465
255194
255200
255345
255700
256262
256969
257755
258677
259872
261083
262514
263618
263625
263357
262749
261824
260833
259902
259079
258442
257892
257505
257214
257100
257113
257260
257543
257943
258380
258931
259540
260263
261030
261901
262787
263757
264708
265732
266741
267821
268883
270017
271134
272329
273490
274705
275891
277121
278345
279606
280859
282140
283399
284660
285924
287177
288494
289801
291186
292467
293879
295103
296524
297703
299209
300324
301930
303013
304738
305732
307536
308407
310596
2256.93
2687.24
3197.79
3788.12
5003.35
6321.19
7210.8
8201.19
9763.08
12116.9
14116
15946.2
18499.7
22308.8
26433.6
31021.9
36493.2
43740.5
53017.2
63848.1
76624.2
91370.8
108249
126287
144493
161779
177618
191228
202440
210909
216994
220991
223391
224616
225197
225280
225219
225051
224829
224566
224316
224153
224046
224049
224158
224502
225028
225734
226467
226577
226474
226241
225816
225217
224552
223886
223296
222728
222229
221781
221436
221175
221029
220986
221013
221094
221269
221500
221830
222202
222673
223166
223744
224314
224958
225596
226304
227003
227772
228533
229370
230183
231047
231893
232778
233670
234594
235525
236477
237423
238362
239317
240249
241253
242236
243311
244279
245387
246310
247428
248314
249505
250341
251614
252436
253806
254573
255998
256680
258407
2036.42
2116.4
2225.87
2412.29
2789.93
3376.88
3774.96
4084.96
4671.07
5648.05
6573.18
7161.33
8123.06
9482.38
11317.7
12943.5
14870.9
17415.5
20862
24805.5
29375.7
34695.3
41541.1
50146.7
60483
72070.7
84860.1
98541.2
112937
127377
141358
154209
165516
174907
182401
188036
192109
194880
196700
197798
198438
198821
199014
199081
199103
199172
199245
199426
199544
199400
199067
198551
198002
197424
196890
196388
195938
195486
195020
194552
194137
193761
193478
193248
193094
192963
192894
192889
192938
193035
193218
193424
193709
193994
194349
194704
195123
195539
196021
196502
197054
197591
198175
198751
199361
199986
200639
201310
201999
202693
203377
204083
204760
205513
206239
207060
207780
208639
209327
210197
210855
211788
212408
213408
214031
215111
215701
216823
217355
218726
1996.98
2007.91
2043.78
2084.02
2163.13
2347.22
2540.07
2661.35
2884.58
3306.95
3737.26
3976.19
4299.86
4802.64
5565.78
6240.54
6935.54
7827
9002.08
10442.6
12179
14018.7
16353.8
19329.1
22992.5
27366.9
32480.7
38438.9
45582
53916.7
63562.3
74190.3
85594.3
97300.1
109075
120454
131204
140941
149504
156707
162571
167199
170661
173146
174908
176164
177019
177611
178186
178295
178181
177882
177367
176742
176080
175393
174748
174077
173486
172941
172481
172064
171739
171449
171223
170981
170784
170615
170506
170425
170417
170436
170516
170611
170766
170923
171135
171344
171611
171881
172214
172540
172908
173275
173670
174085
174524
174986
175466
175958
176439
176947
177423
177970
178493
179104
179627
180278
180781
181442
181923
182639
183094
183863
184332
185172
185622
186498
186908
187991
1986.44
1987.12
2000.61
2013.83
2036.8
2066.29
2127.99
2172.79
2249.32
2426.76
2617.49
2739.81
2846.26
3074.77
3370.99
3711.67
3962.48
4316.74
4693.87
5292.7
5886.75
6605.72
7323.87
8390.94
9683.69
11344.2
13121.2
15162.4
17489.3
20462.8
24120.9
28598.2
33735
39666.6
46363.2
53919.7
62144.8
71070
80410.8
90023.2
99526.9
108809
117497
125501
132650
138897
144115
148378
151940
154624
156423
157499
158086
158292
158247
158074
157760
157312
156835
156322
155813
155286
154794
154318
153882
153468
153120
152808
152564
152359
152224
152126
152080
152066
152079
152099
152163
152226
152337
152457
152634
152807
153019
153233
153471
153730
154011
154317
154641
154981
155311
155667
155993
156381
156748
157194
157565
158048
158409
158900
159247
159783
160115
160691
161043
161683
162026
162700
163012
163854
1933.63
1947.86
1950.96
1962.08
1979.5
1988.05
2004.29
2019.04
2041.56
2100.84
2173.85
2235.48
2277.94
2375.81
2483.14
2662.16
2761.78
2945.1
3069.23
3337.01
3521.4
3854.12
4070.94
4510.68
4914.77
5588.39
6141.57
6890.23
7608.58
8786.44
10001.2
11696.2
13416.4
15500.1
17773.2
20679.9
23980.2
28024
32547.3
37827.5
43546
49908.8
56704.9
64011.9
71614.1
79441.6
87267.2
94960.5
102490
109598
115958
121390
125962
129734
132784
135170
137028
138321
139228
139744
140062
140110
140066
139924
139694
139405
139116
138809
138522
138228
137965
137707
137491
137283
137119
136977
136882
136802
136765
136763
136796
136849
136941
137039
137159
137306
137473
137666
137876
138100
138318
138559
138776
139043
139298
139618
139878
140233
140491
140852
141103
141502
141745
142175
142440
142928
143188
143707
143944
144593
1919.75
1938.05
1936.34
1939.44
1945.77
1959.21
1963.13
1967
1972.15
1987.21
2009.4
2036.15
2052.98
2092.64
2128.54
2208.61
2253.6
2343.29
2395.92
2512.04
2585.22
2739.02
2829.95
3021.3
3149.78
3412.59
3617.7
3901.54
4122.75
4571.16
5006.77
5576.01
6191.7
6987.03
7763.25
8748.96
9923.63
11350.5
12940.8
14835.3
16979.6
19466.4
22327.6
25634
29394.7
33588.3
38289.6
43461.5
49064.2
55040.7
61293
67562.3
73741.1
79742.6
85521.1
91043.7
96302.5
101113
105463
109291
112639
115484
117897
119879
121476
122668
123560
124166
124591
124835
124982
125022
125011
124954
124878
124772
124684
124570
124485
124386
124326
124248
124202
124147
124111
124100
124107
124137
124209
124295
124397
124517
124633
124784
124942
125155
125329
125581
125765
126027
126207
126505
126684
127006
127208
127583
127781
128185
128363
128867
1825.49
1933.46
1931.69
1928.94
1930.5
1944.21
1945.13
1948.74
1949.02
1951
1955.75
1964.08
1969.54
1982.55
1994.49
2023.13
2041.51
2079.94
2102.62
2152.26
2183.71
2252.14
2293.41
2379.56
2439.28
2534.16
2644.07
2745.6
2824.58
2987.67
3174.1
3351.54
3604.7
3890.26
4186.96
4471.75
4901.78
5386.13
6029.98
6682.08
7505.08
8366.51
9382.97
10482.1
11848.2
13327.4
15112.2
17190.9
19574.2
22209.4
25271.9
28582.4
32146.1
35864.4
39817.3
43975.3
48447.9
53031.2
57695.4
62340.2
67021
71587.4
76116.6
80500
84720
88622.6
92259.1
95514.6
98494.2
101105
103432
105393
107088
108456
109629
110534
111293
111827
112271
112559
112817
112960
113095
113149
113207
113224
113255
113268
113304
113325
113372
113395
113436
113464
113527
113594
113665
113762
113842
113951
114035
114184
114275
114456
114574
114818
114951
115238
115361
115753
1708.82
1893.08
1903.36
1909.93
1909.68
1915.6
1920.48
1930.72
1932.07
1933.14
1933.64
1934.55
1935.86
1939.03
1942.5
1951.07
1957.3
1970.94
1979.59
1998.67
2011.26
2038.62
2057.44
2093.29
2122.53
2156.87
2213.91
2252.97
2293.22
2347.3
2442.69
2500.17
2617.53
2703.25
2839.87
2922.76
3097.54
3230.17
3516.92
3700.73
4059.92
4306.95
4718.91
5039.69
5632.63
6111.78
6828.88
7510.35
8465.02
9291.15
10473.4
11598.2
13043.5
14420.5
16148.3
17866.3
20015.1
22131.5
24635.9
27084.1
29922
32709.1
35942.6
39126.6
42705
46122
49865.1
53442.1
57299.6
60919.4
64769.1
68308.2
71978.8
75241.2
78555.1
81456
84368.9
86860.1
89311.1
91367.3
93371.9
95001.3
96555.5
97763.5
98907.8
99769.9
100601
101206
101805
102217
102634
102894
103171
103329
103533
103657
103807
103906
104022
104096
104185
104269
104345
104437
104517
104653
104729
104892
104954
105228
1644.72
1739.51
1813.61
1866.67
1871.75
1874.12
1878.75
1888.38
1893.09
1897.97
1900.3
1901.49
1902.56
1905.18
1907.6
1912.42
1914.89
1919.99
1923.07
1929.87
1934.8
1943.81
1953.75
1967.25
1979.08
1992.03
2018.24
2033.57
2054.3
2071.81
2114.16
2140.04
2193.23
2223.21
2285.18
2319.24
2391.5
2437.51
2541.21
2606.2
2746.39
2827.47
2996.54
3102.01
3330.47
3472.69
3774.07
3959.45
4356.97
4606.63
5124.81
5479.36
6088.42
6534.53
7254.1
7823.84
8706.82
9414.98
10421.4
11309.2
12471.5
13544.6
14993.2
16312.5
17995.2
19545.6
21456.1
23348.4
25594.9
27728.7
30242.9
32666.6
35497.3
38169.4
41136.5
43900.7
46957.3
49798.2
52916.2
55781.8
58901.5
61727.8
64725.2
67379
70145.9
72550.9
75058.8
77193.5
79422.1
81266.9
83167.6
84689
86251
87472
88759.9
89759.1
90780.7
91551.9
92331.1
92895.1
93456.9
93890.6
94292.1
94625.8
94922.4
95221
95428.2
95705
95823.4
96160.5
1612.75
1652.16
1797.56
1875.92
1874.12
1872.17
1867.92
1868.87
1874.21
1879.86
1882.51
1882.91
1883.35
1884.02
1885.02
1886.91
1887.97
1889.81
1890.95
1893.31
1895.7
1898.37
1903.38
1909.04
1913.09
1917.75
1928.34
1934.4
1943.29
1949.75
1966.19
1977.54
2001.12
2013.53
2039.59
2054.26
2085.43
2103.99
2144.98
2170.83
2227.98
2261.13
2330.66
2369.08
2451.28
2500.41
2608.62
2674.37
2820.18
2911.34
3103.92
3235.36
3447.81
3624.57
3863.49
4097.17
4414.86
4725.33
5089.15
5486.16
5878.63
6358.69
6869.04
7444
7986.68
8645.59
9246.48
10082
10870.8
11839.5
12776.5
13918.8
15079.5
16448.6
17791.7
19302.4
20827.2
22491.8
24242.1
26085.9
28063.9
30118.8
32280.3
34491.3
36793.8
39098.5
41527.4
43888.9
46394.2
48776.5
51249.5
53577.4
55956.6
58192.5
60501.2
62714.6
64892.3
66974.6
68953.8
70845.5
72525.8
74242.3
75652.3
77181.4
78348.3
79763.8
80678.3
81984.3
82604.3
83916
1604.33
1616.16
1665.15
1756.41
1806.82
1826.54
1830.68
1829.77
1832.17
1835.14
1842.18
1846.6
1849.91
1851.58
1852.48
1853.18
1854.11
1855.77
1857.63
1860.77
1863.39
1865.29
1868.27
1871.29
1873.03
1874.94
1879.64
1882.59
1886.51
1889.19
1895.97
1900.93
1910.77
1915.81
1926.4
1932.47
1945.54
1953.15
1969.58
1980.08
2003.33
2018.85
2048.93
2065.44
2093.24
2117.24
2153.03
2190.15
2229.85
2280.78
2330.82
2403.7
2450.09
2542.56
2600.31
2720.62
2803.17
2952.35
3042.48
3231.01
3338.69
3565.23
3701.73
3989.65
4152.13
4483.32
4666.69
5053.66
5279.22
5753.42
6023.34
6584.59
6900.92
7565.19
7933.73
8697.52
9117.49
9990.54
10481.6
11477.6
12078.1
13241.8
13957.5
15281.3
16125.2
17592.9
18590.1
20201.9
21346
23114.7
24356.2
26246
27569.8
29552
30986
33158.9
34701.8
36986.7
38592.9
40954.9
42501.9
44900.4
46394.5
48771.5
50216.1
52624.9
53996.1
56421.8
57617.8
60042.8
1602.12
1604.39
1618.44
1658.97
1783.91
1829.92
1830.62
1828.56
1827.07
1827.42
1830.09
1835.8
1836.83
1836.74
1836.04
1835.46
1835.53
1835.8
1836.52
1838.49
1840.44
1841.76
1843.14
1844.32
1845.04
1845.86
1848.13
1850.1
1852.43
1854.01
1857.58
1860.11
1863.72
1865.58
1869.41
1872.49
1877.01
1880.23
1885.95
1892.25
1900.19
1910.47
1920.12
1930.17
1936.62
1950.11
1960.14
1980.59
1992.43
2017.03
2031.78
2063.09
2080.58
2117.78
2139.25
2186.44
2213.41
2270.66
2299.93
2363.26
2400.34
2482.72
2531.84
2640
2701.84
2833.12
2903
3052.04
3134.13
3311.45
3410.28
3626.11
3750.9
4022.47
4172.74
4492.9
4663.83
5025.87
5218.71
5628.24
5850.75
6324.74
6581.39
7127.86
7424.58
8056.01
8400.48
9131.75
9528.68
10368.1
10816.7
11759.1
12257.6
13302.3
13863.3
15049.1
15691.2
17039.9
17757.4
19250
20026.4
21632.1
22461.3
24167.4
25051.5
26873.2
27818.8
29761
30751.4
32910.3
1601.16
1601.38
1603.89
1617.49
1654.1
1733.7
1770.11
1785.46
1794.62
1797.61
1797.79
1799.41
1800.97
1802.9
1803.7
1805.19
1807.12
1809.15
1811.03
1812.72
1813.67
1814.46
1815.45
1816.71
1817.85
1819.18
1821.3
1823.09
1824.63
1826.06
1827.98
1829.72
1830.81
1831.86
1833.26
1835.44
1836.8
1839.07
1841.11
1845.1
1848.3
1853.74
1857.14
1861.92
1864.42
1869.8
1873.41
1881.7
1886.67
1897.24
1903.09
1915.58
1922.64
1937.82
1946.55
1965.53
1976.29
1999.62
2011.3
2034.71
2047.28
2075.48
2093.07
2132.59
2155.22
2203.91
2229.97
2285.27
2314.95
2378.85
2414.31
2492.53
2538.74
2640.4
2697.8
2821.52
2888.29
3030.49
3105.18
3263.63
3348.77
3533.97
3637.91
3862.46
3985.57
4249.17
4391.89
4696.57
4860.04
5208.11
5392.32
5781.41
5982.73
6407.42
6630.71
7108.43
7365.73
7917.64
8213.26
8843.59
9175.99
9881.2
10250.2
11030
11438.7
12303.4
12758.2
13720.2
14221.1
15388
1601.34
1600.21
1600.44
1602.79
1612.6
1651.35
1708.32
1779.52
1786.15
1786.43
1785.64
1785.88
1786.28
1787.91
1789.81
1791.88
1792.91
1793.52
1794.69
1795.33
1795.4
1795.38
1795.47
1795.72
1796.29
1797.66
1799.35
1801.1
1802.15
1803.19
1803.94
1804.87
1805.38
1806.32
1807.18
1809
1809.98
1811.75
1812.89
1815.14
1816.62
1819.09
1820.42
1822.58
1823.7
1826.03
1827.56
1831.17
1833.46
1838.33
1840.91
1846.27
1849.17
1855.38
1858.93
1866.62
1870.97
1880.32
1885.28
1895.3
1900.08
1910.1
1916.09
1930
1938.79
1958.12
1968.43
1989.99
2001.31
2025.43
2038.59
2067.16
2083.46
2119.2
2139.48
2183.65
2208.09
2260.69
2288.61
2347.95
2379.69
2448.86
2487.84
2572.58
2619.46
2720.68
2775.87
2894.55
2958.3
3094.67
3167
3321.82
3404.66
3581.53
3676.22
3878.5
3987.39
4219.99
4344.42
4609.05
4748.94
5045.56
5200.86
5528.3
5698.32
6056.28
6246.71
6653.74
6876.46
7399.22
1601.07
1600.38
1599.22
1599.37
1601.17
1608.66
1633.31
1686.18
1734.46
1748.24
1750.44
1754.26
1758.3
1761.22
1762.47
1764.45
1764.4
1764.13
1763.79
1763.92
1765.09
1767.98
1770.2
1772.08
1773.26
1774.41
1775.03
1775.88
1776.34
1777.29
1778.11
1779.47
1780.2
1781.43
1782.22
1783.68
1784.65
1786.25
1787.3
1788.96
1789.93
1791.4
1792.12
1793.42
1794.1
1795.52
1796.44
1798.6
1800.01
1802.68
1803.99
1806.63
1807.97
1810.75
1812.27
1815.49
1817.32
1821.27
1823.39
1827.84
1830.05
1834.53
1836.83
1842.04
1845.36
1852.71
1856.78
1865.25
1869.57
1878.78
1883.75
1894.48
1900.56
1913.89
1921.49
1938.11
1947.46
1967.68
1978.49
2001.34
2013.32
2038.93
2052.8
2082.78
2099.28
2135.14
2154.95
2197.95
2221.4
2272
2299.16
2357.76
2389.42
2457.47
2494.08
2572.71
2615.08
2706.1
2754.77
2858.94
2913.98
3031.47
3093.28
3224.87
3297.03
3452.45
3535.68
3709.19
3809
3990.71
1601.29
1600.01
1599.4
1598.16
1598.18
1599.3
1604.61
1618.89
1668.78
1698.55
1736.29
1740.63
1745.82
1748.67
1749.66
1750.17
1749.28
1749.19
1749.01
1747.96
1747.91
1748.95
1751.62
1753.19
1753.9
1754.27
1754.42
1754.53
1754.65
1754.92
1755.6
1757.45
1759.07
1760.59
1761.49
1762.4
1762.83
1763.57
1764.02
1764.94
1765.64
1767.08
1767.82
1769.12
1769.77
1771.06
1771.75
1773.18
1774.02
1775.66
1776.48
1778.07
1778.87
1780.47
1781.3
1783.03
1783.98
1786
1787.1
1789.4
1790.58
1792.96
1794.18
1796.78
1798.36
1801.13
1802.58
1805.72
1807.34
1810.71
1812.61
1816.63
1818.92
1823.98
1826.96
1833.53
1837.33
1845.59
1849.97
1859.13
1863.81
1873.68
1878.92
1890.18
1896.3
1909.55
1916.9
1932.84
1941.64
1960.68
1971
1993.14
2004.86
2029.85
2043.06
2071.42
2086.64
2119.48
2137.16
2175.21
2195.86
2237.75
2263.63
2316.33
2344.08
2401.96
2450.66
2517.03
2680.2
2962.79
1601.17
1600.17
1599.15
1598.27
1597.31
1596.87
1597.44
1600.35
1609.77
1630.64
1681.51
1703.02
1717.78
1724.14
1724.46
1725.79
1726.6
1726.41
1726.76
1727.4
1727.49
1727.68
1728.71
1729.62
1730.07
1730.52
1731.23
1731.92
1732.32
1732.91
1733.81
1735.22
1736.55
1737.89
1738.76
1739.48
1739.8
1740.21
1740.51
1741.2
1742.02
1743.39
1744.52
1745.94
1746.94
1748.09
1748.67
1749.47
1749.86
1750.63
1751.08
1752.04
1752.75
1754.23
1755.12
1756.7
1757.59
1759.1
1759.92
1761.36
1762.23
1763.56
1764.36
1765.77
1766.72
1768.09
1768.84
1770.3
1771.04
1772.33
1773.09
1774.81
1775.79
1777.88
1779.19
1782.05
1783.71
1787.31
1789.22
1793.05
1794.97
1798.99
1801.08
1805.56
1807.94
1813.06
1815.9
1822.06
1825.48
1832.88
1836.93
1845.62
1850.22
1859.98
1865.09
1875.82
1881.71
1894.24
1900.85
1913.82
1924.93
1939.17
1951.71
1970.58
1990.77
2042.37
2167.55
2372.22
2790.15
3792.17
1601.09
1600.24
1599.07
1598.27
1597.13
1596.47
1595.56
1595.73
1597.09
1602.52
1613.74
1640.87
1675.58
1706.07
1708.6
1712.86
1715.32
1715.18
1715.06
1715.17
1714.92
1713.62
1713.33
1713.27
1713.23
1713.33
1713.58
1714.2
1714.87
1715.85
1716.67
1717.49
1717.9
1718.39
1718.69
1719.28
1719.75
1720.58
1721.25
1722.21
1722.85
1723.72
1724.21
1724.94
1725.3
1726.02
1726.39
1727.12
1727.51
1728.34
1728.93
1730
1730.72
1731.91
1732.7
1733.86
1734.59
1735.62
1736.23
1737.16
1737.72
1738.58
1739.26
1740.33
1741.17
1742.25
1743.06
1744.01
1744.77
1745.43
1745.72
1746.51
1747.05
1747.82
1748.35
1749.68
1750.5
1752.2
1753.14
1755.05
1756.05
1758.07
1759.09
1761.24
1762.32
1764.63
1765.87
1768.56
1770.03
1773.16
1774.85
1778.46
1780.38
1784.43
1786.6
1790.99
1793.47
1798.76
1802.02
1807.53
1812.92
1821.55
1842.2
1906.67
2014.25
2215.54
2677.14
3302.45
3971.15
5571.77
1601.16
1600.15
1599.17
1598.14
1597.22
1596.2
1595.4
1594.51
1594.15
1594.63
1596.65
1604.51
1617.5
1641.47
1669.19
1687.08
1699.45
1700.11
1699.66
1697.74
1696.36
1696.11
1696.29
1697.3
1698.49
1698.95
1699.07
1698.83
1697.75
1697.11
1697
1697.1
1697.74
1699.24
1700.5
1701.5
1702.18
1702.6
1702.8
1702.91
1702.99
1703.19
1703.67
1704.67
1705.48
1706.37
1706.95
1707.55
1707.85
1708.27
1708.51
1708.92
1709.3
1710.11
1710.94
1712.02
1712.93
1713.95
1714.7
1715.49
1716.03
1716.63
1717.11
1717.78
1718.41
1719.12
1719.92
1720.81
1721.59
1722.42
1722.94
1723.37
1723.91
1724.29
1724.47
1724.95
1725.65
1726.11
1726.73
1727.66
1728.38
1729.2
1730.21
1731.23
1732.23
1733.24
1734.51
1735.51
1736.83
1737.82
1739.38
1740.5
1742.32
1743.42
1745.39
1746.81
1749.45
1751.66
1756.42
1768.04
1810.08
1878.14
2012.12
2287.14
2663.04
3299.44
4075.43
6042.24
6927.19
7586.56
1601.28
1600.03
1599.28
1598.03
1597.31
1596.07
1595.41
1594.2
1593.68
1592.68
1592.69
1593.37
1596.05
1602.37
1622.31
1638.27
1655.95
1670.65
1684.24
1690.87
1690.87
1690.46
1689.41
1686.64
1684.83
1683.43
1682.88
1683.03
1683.76
1684.58
1684.94
1684.97
1684.76
1684.47
1684.44
1684.47
1684.64
1685.17
1685.92
1686.51
1686.88
1687.29
1687.6
1687.95
1688.11
1688.36
1688.55
1688.93
1689.26
1689.76
1690.19
1690.72
1691.22
1691.81
1692.41
1693.06
1693.66
1694.33
1694.9
1695.45
1695.92
1696.41
1696.88
1697.48
1698.09
1698.72
1699.46
1700.23
1700.97
1701.72
1702.37
1702.86
1703.19
1703.49
1703.62
1703.69
1703.9
1704.34
1704.55
1704.97
1705.56
1706.23
1706.66
1707.61
1708.22
1709.12
1709.76
1710.7
1711.27
1712.27
1712.89
1713.99
1715.04
1716.44
1717.87
1721.16
1729.65
1762.46
1815.61
1914.68
2164.12
2378.61
2893.77
3494.04
4950.74
6233.94
6709.9
7872.83
8141.73
8116.18
1601.29
1600.03
1599.27
1598.04
1597.3
1596.09
1595.37
1594.19
1593.52
1592.41
1591.85
1591.01
1591.07
1591.79
1594.26
1601.33
1610.74
1633.98
1649.38
1665.27
1670.45
1671.58
1674.97
1676.83
1676.98
1676.93
1676.61
1675.32
1673.89
1672.28
1671.27
1671.09
1671.22
1671.71
1672.2
1672.33
1672.32
1672.18
1671.95
1671.91
1671.91
1671.99
1672.24
1672.72
1673.12
1673.44
1673.66
1673.89
1674.03
1674.17
1674.25
1674.41
1674.62
1674.97
1675.41
1675.96
1676.49
1677.12
1677.64
1678.07
1678.39
1678.65
1678.85
1679.15
1679.48
1679.89
1680.37
1680.96
1681.49
1682.17
1682.77
1683.39
1683.93
1684.39
1684.8
1685.11
1685.17
1685.35
1685.45
1685.54
1685.63
1685.97
1686.21
1686.56
1687.07
1687.72
1688.27
1688.97
1689.76
1690.65
1691.63
1692.95
1696.03
1704.16
1730.95
1776.21
1875.86
2081.13
2258.68
2795.51
3285.71
4238.62
5370.52
6032.23
7499.05
7867.86
7833.32
7736.86
7730.09
7816.54
1601.28
1600.03
1599.26
1598.04
1597.29
1596.09
1595.36
1594.18
1593.48
1592.33
1591.68
1590.6
1590.08
1589.26
1589.3
1589.91
1591.81
1596.45
1608.3
1617.38
1637.84
1654.69
1657.39
1662.32
1666.56
1666.4
1665.34
1664.97
1665.18
1665.28
1665.14
1664.76
1663.82
1661.99
1660.59
1659.93
1659.89
1659.97
1660.43
1661.12
1661.51
1661.61
1661.56
1661.21
1660.81
1660.63
1660.58
1660.6
1660.74
1661.09
1661.34
1661.51
1661.69
1661.85
1662.01
1662.15
1662.23
1662.35
1662.51
1662.65
1662.92
1663.17
1663.49
1663.8
1664.17
1664.47
1664.85
1665.16
1665.48
1665.78
1666.16
1666.43
1666.8
1667.06
1667.37
1667.66
1667.89
1668.07
1668.3
1668.43
1668.46
1668.57
1668.81
1668.96
1669.28
1669.61
1670.36
1670.92
1672.23
1675.39
1683.99
1708.79
1759.65
1893.26
2023.48
2195.57
2759.11
3210.22
4041.83
5354.15
5820.71
6856.35
7429.42
7448.26
7503.95
7665.15
7668.91
7628.06
7482.2
7377.33
1601.25
1600.02
1599.23
1598.02
1597.26
1596.07
1595.33
1594.16
1593.44
1592.3
1591.6
1590.5
1589.84
1588.82
1588.28
1587.48
1587.37
1587.7
1589.05
1592.39
1597.75
1610.85
1625.06
1630.31
1642.33
1656.06
1657.36
1656.76
1655.08
1654.35
1654.57
1655.35
1655.42
1655.2
1654.56
1653
1651.97
1651.67
1651.59
1651.32
1650.68
1650.14
1649.83
1649.75
1649.77
1649.92
1650.09
1650.13
1650.11
1650.01
1649.86
1649.81
1649.81
1649.85
1649.94
1650.05
1650.12
1650.2
1650.29
1650.34
1650.4
1650.46
1650.58
1650.72
1650.9
1651.01
1651.12
1651.19
1651.33
1651.5
1651.75
1652.03
1652.3
1652.58
1652.84
1653.05
1653.29
1653.45
1653.66
1653.79
1653.84
1653.9
1654.04
1654.17
1654.69
1656.22
1660.23
1673.28
1707.02
1777.38
1919.35
2016.81
2232.02
2849.41
3235.14
4113.21
5128.62
5711.24
6951.28
7274.22
7228.98
7286.38
7419.27
7423.14
7409.7
7361.38
7233.93
7142.08
7072.61
7049.61
1601.17
1599.99
1599.13
1597.99
1597.14
1596.05
1595.19
1594.15
1593.29
1592.31
1591.43
1590.5
1589.62
1588.75
1587.89
1587.12
1586.33
1585.76
1585.28
1585.42
1586.11
1587.84
1592.6
1601.12
1605.96
1618.44
1634.1
1637.04
1641
1644.83
1647.42
1648.73
1648.65
1647.95
1646.15
1644.9
1644.43
1644.23
1644.18
1644.12
1643.88
1643.05
1642.27
1641.71
1641.33
1640.91
1640.53
1640.3
1640.25
1640.26
1640.33
1640.41
1640.42
1640.39
1640.28
1639.98
1639.74
1639.6
1639.51
1639.48
1639.48
1639.49
1639.51
1639.56
1639.64
1639.71
1639.76
1639.83
1639.9
1639.93
1640
1640.05
1640.1
1640.13
1640.21
1640.28
1640.44
1640.59
1640.93
1641.29
1641.78
1642.88
1645.58
1653.23
1674.82
1726.67
1840.3
1926.09
2084.74
2526.89
2840.76
3375.12
4821.16
5420.56
5768.46
6662.05
6832.03
7132.66
7351.03
7347.41
7265.88
7129.34
7056.24
7031.23
7022.95
7010.07
6973.5
6891.73
6786.24
6734.52
1600.97
1600
1598.89
1597.98
1596.87
1596.01
1594.9
1594.09
1592.99
1592.22
1591.13
1590.39
1589.32
1588.61
1587.56
1586.89
1585.89
1585.26
1584.34
1583.85
1583.19
1583.06
1583.32
1584.29
1586.5
1589.82
1599.53
1608.62
1612.84
1623.81
1630.57
1633.38
1638.24
1639.69
1639.38
1638.97
1638.88
1638.81
1638.71
1638.42
1637.49
1636.17
1635.19
1634.54
1634.26
1634.19
1634.02
1633.54
1632.78
1632.24
1631.97
1631.87
1631.83
1631.81
1631.8
1631.73
1631.48
1631.24
1631.07
1630.93
1630.79
1630.69
1630.61
1630.53
1630.45
1630.36
1630.26
1630.2
1630.15
1630.1
1630.1
1630.12
1630.15
1630.2
1630.32
1630.41
1630.67
1631.4
1633.34
1638.65
1653.26
1701.86
1772.57
1845.72
2020.78
2366.68
2615.89
3117.05
4327.12
4876.99
5219.69
6236.95
6860.97
6814.63
6814.07
6940.65
7020.19
7017.79
6946.92
6850.03
6812.42
6799.06
6787.54
6775.06
6749.72
6683.64
6569.77
6504.6
6433.65
6412.56
1600.85
1599.9
1598.77
1597.83
1596.75
1595.82
1594.78
1593.86
1592.88
1591.94
1591.02
1590.08
1589.21
1588.27
1587.44
1586.5
1585.73
1584.8
1584.08
1583.18
1582.55
1581.73
1581.29
1580.74
1580.78
1581.15
1582.27
1585.46
1588.75
1593.85
1606.78
1613.33
1616.44
1625.24
1630.96
1631.1
1631.11
1632.13
1632.5
1632.43
1632.22
1631.71
1631.19
1630.87
1630.58
1630
1629.13
1628.09
1627.09
1626.39
1626.09
1626
1625.92
1625.73
1625.29
1624.79
1624.4
1624.17
1624.05
1624
1623.94
1623.76
1623.43
1623.13
1622.93
1622.8
1622.72
1622.69
1622.69
1622.7
1622.72
1622.66
1622.7
1623.02
1624.15
1627.67
1637.64
1665.69
1746.44
1820.61
1925.17
2223.06
2459.15
2880.78
3831.84
4303.34
5069.93
6055.41
6414.21
6390.15
6505.31
6760.5
6800.53
6778.4
6681.63
6603.38
6578.81
6576.11
6576.8
6570.81
6542.01
6451.66
6345.22
6281.02
6246.28
6230.94
6200.87
6175.72
6117.24
6085.23
1600.85
1599.71
1598.74
1597.61
1596.68
1595.57
1594.67
1593.59
1592.72
1591.66
1590.82
1589.78
1588.97
1587.96
1587.16
1586.2
1585.4
1584.48
1583.7
1582.82
1582.05
1581.24
1580.51
1579.79
1579.16
1578.67
1578.33
1578.45
1578.97
1580.15
1582.58
1589.3
1593.93
1598.33
1610.34
1617.01
1618.4
1622.42
1626.89
1627.15
1626.81
1626.35
1626.01
1625.93
1625.96
1625.96
1625.82
1625.28
1624.04
1622.9
1622.05
1621.6
1621.44
1621.26
1620.82
1620.09
1619.45
1619.11
1618.92
1618.83
1618.75
1618.52
1618.06
1617.6
1617.29
1617.11
1617.08
1617.09
1617.14
1617.42
1618.31
1620.8
1627.71
1647.11
1701.71
1775.23
1865.15
2115.12
2362.36
2649.19
3488.68
4064.68
4743.58
5654.94
5940.95
6087.31
6423.55
6482.84
6439.59
6423.56
6447.87
6450.11
6433.01
6369.71
6311.07
6284
6248.27
6179.31
6098.72
6035.64
5996.17
5977.67
5971.18
5962.52
5938.39
5897.79
5855.88
5829.05
5801.38
5791.45
1600.77
1599.69
1598.62
1597.58
1596.52
1595.53
1594.48
1593.53
1592.48
1591.58
1590.55
1589.68
1588.66
1587.84
1586.83
1586.04
1585.04
1584.29
1583.31
1582.59
1581.63
1580.93
1580.01
1579.35
1578.48
1577.88
1577.11
1576.64
1576.09
1575.96
1576.13
1576.78
1578.63
1580.74
1584.41
1594.35
1599.82
1602.27
1610.07
1617.69
1618.63
1619.55
1621.85
1621.92
1621.68
1621.27
1621.07
1620.73
1620.27
1619.77
1619.4
1619.04
1618.7
1618.02
1617.15
1616.34
1615.73
1615.35
1615.06
1614.81
1614.59
1614.29
1613.8
1613.23
1612.97
1613.06
1613.56
1615.16
1619.73
1633.15
1669.78
1759.1
1835.17
1961.02
2299.58
2553.82
3114.07
3869.72
4314.06
5190
5716.9
5779.38
5971.19
6259.25
6270.53
6257.92
6230.59
6194.4
6171.95
6153.04
6107.87
6031.57
5971.35
5931.81
5909.89
5893.72
5872.92
5846.51
5821.05
5799.66
5784.51
5773.78
5766.79
5760.28
5753.97
5745.49
5736.7
5727.21
5720.61
5714.42
1600.69
1599.66
1598.52
1597.52
1596.42
1595.44
1594.37
1593.41
1592.38
1591.43
1590.43
1589.49
1588.54
1587.61
1586.7
1585.77
1584.91
1583.98
1583.16
1582.24
1581.46
1580.54
1579.81
1578.91
1578.22
1577.32
1576.7
1575.84
1575.3
1574.53
1574.17
1573.64
1573.65
1573.9
1574.6
1576.21
1580.35
1583.3
1587.2
1598.03
1603.9
1605.22
1609.44
1615.3
1616.18
1616.3
1616.92
1616.9
1616.62
1616.19
1615.87
1615.57
1615.38
1615.08
1614.5
1613.73
1613.09
1612.67
1612.13
1611.85
1611.31
1610.81
1610.9
1611.61
1614.22
1622.14
1652.27
1704.15
1785.1
1899.42
2196.62
2448.39
2806.71
3623.87
4013.74
4629.36
5370.09
5555.92
5729.68
5944.29
5951.32
5975.7
6031.49
6034.26
6021.36
5964.02
5891.09
5849.85
5826.57
5815.7
5810.76
5803.85
5796.12
5790.98
5785.92
5777.98
5766.08
5753.46
5742.3
5734.24
5729.47
5727.11
5726.27
5725.93
5725.55
5724.6
5722.09
5715.66
5712.79
5707.1
1600.69
1599.57
1598.52
1597.41
1596.4
1595.31
1594.34
1593.26
1592.32
1591.26
1590.36
1589.32
1588.44
1587.43
1586.57
1585.58
1584.75
1583.79
1582.97
1582.04
1581.24
1580.34
1579.55
1578.69
1577.91
1577.08
1576.31
1575.54
1574.78
1574.07
1573.36
1572.76
1572.13
1571.73
1571.36
1571.41
1571.76
1572.7
1574.13
1576.87
1584.07
1588.16
1590.77
1598.87
1605.69
1606.72
1608.32
1611.4
1612.15
1612.19
1612.23
1612.14
1611.95
1611.81
1611.64
1611.18
1610.68
1610.07
1610.05
1610.37
1611.88
1616.85
1632.52
1675.55
1741.9
1840.18
2071.88
2344.1
2604.46
3205.52
3826.06
4281.31
4954.72
5270.06
5349.7
5636.32
5868.31
5870.77
5847.78
5828.65
5827.12
5823.54
5812.71
5794.41
5777.05
5763.86
5756.39
5754.15
5753.54
5754.47
5757.55
5760.33
5763.23
5766.05
5767.37
5766.77
5762.87
5754.03
5747.61
5744.28
5743.42
5743.45
5745.11
5747.86
5752.79
5755.16
5760.47
5763.67
5772.1
5770.43
1600.67
1599.54
1598.48
1597.39
1596.34
1595.28
1594.25
1593.23
1592.21
1591.22
1590.23
1589.27
1588.28
1587.36
1586.39
1585.5
1584.55
1583.69
1582.74
1581.93
1580.99
1580.2
1579.28
1578.53
1577.62
1576.89
1576.01
1575.3
1574.45
1573.75
1572.95
1572.29
1571.54
1570.92
1570.28
1569.79
1569.35
1569.13
1569.23
1569.64
1570.7
1573.29
1575.34
1578.63
1587.47
1592.74
1594.39
1598.18
1604.56
1606.42
1606.99
1607.25
1608.04
1608.57
1608.82
1609.27
1610.42
1613.62
1623.83
1653.01
1712.16
1837.65
1956.77
2158.12
2605.85
2976.13
3392.56
4055.7
4613.76
5098.02
5228.21
5455.03
5695.33
5725.26
5751.4
5780.65
5796.07
5797.22
5791.56
5774.19
5758.17
5753.71
5754.53
5764.25
5787.65
5802.01
5807.06
5807.81
5806.15
5804.11
5804.14
5806.66
5817.77
5832.74
5844.25
5852.13
5859.28
5863.65
5868.83
5871.97
5876.01
5878.32
5883.25
5886.98
5895.66
5901.54
5915.25
5923.58
5942.83
5942.15
1600.65
1599.55
1598.46
1597.38
1596.32
1595.27
1594.23
1593.21
1592.19
1591.19
1590.19
1589.23
1588.25
1587.3
1586.35
1585.43
1584.5
1583.59
1582.7
1581.8
1580.94
1580.05
1579.22
1578.35
1577.54
1576.68
1575.92
1575.06
1574.33
1573.47
1572.79
1571.95
1571.3
1570.48
1569.89
1569.12
1568.61
1567.92
1567.56
1567.1
1567.05
1567.22
1567.73
1568.76
1570.95
1575.57
1578.59
1581.71
1589.53
1595.97
1597.91
1600.24
1605.99
1610.8
1619.34
1643.19
1682.94
1787.2
1925.92
2070.43
2497.28
2875.2
3267.76
3969.25
4445.48
4886.66
5159.08
5447.89
5735.75
5788.02
5772.74
5757.68
5776.77
5858.73
5900.34
5906.72
5910.62
5914.64
5927.16
5948.99
5960.51
5962.84
5960.98
5953.58
5950.14
5950.59
5956.81
5977.45
5997.03
6009
6014.68
6016.44
6016.93
6017.76
6020.36
6029.27
6045.75
6059.96
6069.46
6075.22
6078.48
6080.43
6082.21
6084.31
6086.07
6088.08
6093.28
6097.23
6105.8
6104.48
1600.66
1599.57
1598.47
1597.4
1596.33
1595.29
1594.24
1593.22
1592.2
1591.21
1590.21
1589.24
1588.27
1587.31
1586.37
1585.43
1584.52
1583.6
1582.71
1581.8
1580.95
1580.05
1579.23
1578.35
1577.54
1576.68
1575.9
1575.06
1574.3
1573.48
1572.73
1571.94
1571.21
1570.45
1569.73
1569.01
1568.32
1567.65
1566.99
1566.45
1565.89
1565.5
1565.2
1565.26
1565.58
1566.48
1567.82
1570.58
1574.77
1581.54
1591.11
1612.23
1656.28
1735.77
1899.77
2018.97
2280.91
2848.54
3146.78
3863.28
4425.42
4789.54
5333.2
5566.22
5722.8
5883.33
5906.61
5936.17
6009.64
6070.35
6095.42
6100.28
6094.77
6080.07
6077.6
6082.99
6106.1
6129.19
6141.02
6146.33
6148.3
6149.18
6150.53
6154.23
6159.82
6162.49
6162.73
6161.12
6155.99
6152.48
6151.3
6151.36
6152.99
6159.67
6166.71
6169.48
6169.87
6169.66
6168.77
6168.17
6168.11
6168.22
6168.8
6170.96
6175.32
6178.69
6180.35
6180.84
6181.33
6178.71
1600.69
1599.61
1598.51
1597.45
1596.38
1595.34
1594.3
1593.27
1592.26
1591.25
1590.27
1589.28
1588.33
1587.35
1586.43
1585.47
1584.58
1583.64
1582.76
1581.84
1581
1580.09
1579.27
1578.39
1577.58
1576.73
1575.93
1575.11
1574.32
1573.52
1572.75
1571.98
1571.22
1570.48
1569.73
1569.03
1568.3
1567.62
1566.93
1566.28
1565.64
1565.07
1564.56
1564.24
1564.4
1565.29
1568.14
1577.29
1610.56
1660.11
1784.61
1910.4
2105.93
2684.67
3054.8
3558.89
4428.56
4707.19
5144.92
5763.47
5871.5
6006.29
6173.08
6213.5
6228.96
6235.55
6237.25
6239.86
6255.39
6289.99
6305.18
6306.29
6302.87
6287.95
6273.68
6266.99
6265.66
6268.45
6282.1
6295.95
6301.98
6303.26
6302.82
6298.99
6289.56
6283.86
6281.77
6281.46
6281.75
6282.61
6282.72
6282.22
6279.07
6270.22
6262.9
6258.68
6256.82
6256.47
6256.83
6258.67
6260.75
6261.73
6261.87
6261.52
6259.72
6257.56
6256.82
6256.73
6257.68
6254.27
1600.74
1599.62
1598.59
1597.48
1596.47
1595.38
1594.41
1593.33
1592.38
1591.32
1590.4
1589.36
1588.46
1587.45
1586.56
1585.57
1584.71
1583.74
1582.89
1581.96
1581.11
1580.21
1579.38
1578.51
1577.68
1576.84
1576.02
1575.22
1574.41
1573.63
1572.83
1572.08
1571.3
1570.57
1569.79
1569.11
1568.35
1567.71
1566.99
1566.48
1565.96
1566.05
1566.9
1570.77
1585.09
1620.53
1709.66
1820.78
1971.42
2404.3
2830.76
3178.73
4124.88
4707.77
4981.48
5674.87
6011.16
6058.38
6218.96
6324.1
6343.19
6357.25
6379.88
6402.08
6414.75
6416.44
6415.16
6407.7
6399.96
6398.13
6399.94
6403.88
6403.78
6402.51
6398.02
6390.42
6384.76
6381.38
6380.17
6380.43
6382.95
6386.37
6390.64
6395.56
6399.8
6401.69
6401.93
6401.51
6399.35
6393.21
6387.06
6382.34
6378.33
6374.35
6370.39
6366.45
6362.71
6359.74
6357.87
6357.1
6357.07
6357.79
6360.77
6365.61
6370.96
6374.55
6377.64
6378.6
6380.63
6374.94
1600.79
1599.69
1598.64
1597.56
1596.53
1595.49
1594.46
1593.46
1592.45
1591.48
1590.48
1589.54
1588.55
1587.65
1586.66
1585.79
1584.81
1583.98
1583.01
1582.2
1581.24
1580.46
1579.52
1578.76
1577.83
1577.09
1576.18
1575.46
1574.58
1573.86
1573
1572.3
1571.47
1570.78
1569.99
1569.36
1568.7
1568.32
1568.52
1570.14
1577.46
1605.84
1673.14
1766.4
1890.85
2228.03
2578.25
2952.86
3892.96
4479.82
4744.01
5452.12
6239.98
6322.6
6366.9
6416.72
6421.88
6421.23
6415.4
6415.12
6431.44
6452.89
6468.45
6479.31
6483.34
6483.84
6485.31
6493.22
6502.16
6507.5
6509.98
6510.41
6509.5
6505.03
6495.15
6489.59
6488.18
6488.33
6490.1
6497.53
6511.01
6522.63
6533.02
6541.78
6547.47
6550.19
6551.27
6551.5
6551.53
6551.5
6551.21
6550.25
6547.8
6541.61
6532.67
6524.66
6519
6516.07
6515.19
6515.23
6516.26
6520.34
6526.35
6530.87
6534.91
6536.8
6539.44
6540.77
6544.26
6537.71
1600.86
1599.76
1598.73
1597.66
1596.64
1595.6
1594.6
1593.58
1592.6
1591.6
1590.65
1589.66
1588.74
1587.77
1586.87
1585.92
1585.05
1584.11
1583.27
1582.34
1581.52
1580.61
1579.81
1578.91
1578.15
1577.25
1576.51
1575.62
1574.92
1574.04
1573.36
1572.5
1571.92
1571.11
1571.01
1571.52
1574.6
1588.54
1636.66
1700.7
1841
2108.78
2344.96
2791.61
3653.42
4124.05
4553.56
5557.93
6229.97
6235.39
6246.45
6424.86
6587.88
6616.05
6607.9
6563.35
6530.31
6525.85
6541.16
6585.35
6613.9
6624.87
6627.59
6628.76
6629.41
6631.23
6637.48
6653.5
6665.64
6673.25
6679.45
6685.85
6693.63
6700.45
6704.31
6706.53
6708.24
6709.6
6710.26
6710.19
6710.09
6711.59
6718.55
6736.9
6754.6
6766.97
6773.61
6776.23
6776.91
6776.35
6773.01
6764.99
6756.64
6747.99
6738.92
6729.88
6721.71
6714.93
6709.77
6706.18
6703.92
6702.75
6702.45
6702.66
6704.11
6707.73
6712.08
6714.47
6719.04
6712.79
1600.92
1599.87
1598.82
1597.8
1596.75
1595.77
1594.73
1593.78
1592.74
1591.83
1590.8
1589.91
1588.9
1588.04
1587.04
1586.19
1585.22
1584.4
1583.44
1582.64
1581.69
1580.92
1579.98
1579.23
1578.32
1577.58
1576.69
1575.98
1575.11
1574.5
1573.65
1573.62
1574.55
1579.4
1604.87
1665.19
1752.54
1990.03
2181.12
2503.54
3327.62
3819.82
4577.61
5533.29
6129.94
6286.47
6597.72
6776.8
6782.59
6765.46
6757.95
6759.48
6791.9
6837.81
6861.3
6867.73
6865.08
6843.94
6798.85
6778.39
6775.57
6780.77
6801.84
6819.12
6827.12
6833.93
6845.72
6861.24
6876.46
6887.28
6892.54
6893.68
6892.96
6889.34
6885.92
6884.42
6884.53
6887.84
6896.86
6902.41
6904.83
6905.88
6906.55
6907.79
6911.94
6924.3
6939.47
6951.56
6958.58
6961.54
6962.27
6962.15
6960.51
6953.99
6938.08
6921.57
6906.93
6894.64
6884.7
6877.09
6871.55
6867.55
6864.57
6862.39
6860.97
6860.31
6860.2
6860.51
6863.2
6857.4
1600.97
1600
1598.9
1597.95
1596.87
1595.93
1594.89
1593.95
1592.94
1592
1591.04
1590.09
1589.17
1588.22
1587.34
1586.38
1585.54
1584.58
1583.78
1582.82
1582.04
1581.1
1580.34
1579.41
1578.69
1577.77
1577.13
1576.21
1576.19
1577.29
1584.07
1621.86
1686.44
1853.4
2067.2
2311.17
3058.57
3650.75
4258.97
5588.38
6290.58
6771.16
6908.1
6880.71
6870.99
6923.83
6992.84
7001.04
7000.64
7002.57
7014.54
7049.63
7066.6
7070.25
7069.62
7063.79
7044.68
7031.1
7026.02
7024.55
7023.25
7021.98
7020.45
7019.56
7019.86
7022.37
7031.55
7047.15
7060.52
7069.74
7074.17
7075.02
7073.62
7065.11
7048.68
7036.15
7027.3
7021.69
7019.26
7018.81
7019.14
7021.01
7027.5
7040.71
7053.98
7067.04
7079.01
7089.54
7097.91
7102.88
7104.41
7104.33
7103.54
7101.15
7094.28
7080.6
7066.43
7053.2
7041.34
7031.59
7024.13
7018.68
7014.98
7012.71
7011.6
7011.2
7011.06
7010.99
7010.83
7003.77
1601.06
1600.05
1599.02
1598.01
1597.03
1596
1595.07
1594.04
1593.14
1592.12
1591.25
1590.23
1589.39
1588.38
1587.56
1586.58
1585.75
1584.82
1583.97
1583.09
1582.22
1581.41
1580.51
1579.77
1578.88
1578.58
1579.33
1585.04
1625.2
1720.38
1851.15
2093.62
2605.71
3084.77
3704.92
5244.42
6209.84
6303.4
6719.92
7128.32
7208.4
7202.31
7128.61
7069.71
7072.56
7143.42
7240.84
7278.12
7286.03
7284.67
7280.45
7279.74
7279.36
7278.2
7275.36
7269.26
7255.31
7229.18
7199.26
7172.56
7154.54
7145.31
7142.37
7142.63
7146.69
7161.18
7175.93
7184.84
7189.44
7190.9
7190.48
7186.25
7172.41
7159.43
7152.06
7149.44
7149.19
7149.49
7150.68
7154.3
7158.18
7160.58
7162.69
7166.79
7174.27
7185.27
7197.77
7209.9
7221.78
7232.33
7240.09
7244.09
7245.13
7245.11
7244.23
7240.27
7227.72
7210.59
7194.92
7181.31
7169.9
7159.68
7150.95
7143.58
7137.9
7133.09
7129.83
7127.31
7126.33
7117.8
1601.14
1600.06
1599.12
1598.04
1597.13
1596.06
1595.17
1594.13
1593.24
1592.25
1591.33
1590.41
1589.46
1588.59
1587.63
1586.81
1585.83
1585.06
1584.07
1583.34
1582.36
1581.69
1580.82
1581.07
1584.24
1608.71
1691.82
1812.13
2094.21
2546.3
3057.94
4193.84
5388.59
6365.08
7415.67
7656.96
7538.59
7412.24
7409.19
7454.03
7496.41
7495.66
7474.94
7434.25
7411.72
7399.4
7397.13
7401.41
7412.89
7418.79
7420.05
7418.01
7405.65
7381.7
7361.65
7347.3
7337.89
7331.23
7326.12
7323.04
7320.96
7318.52
7316.31
7315.42
7315.42
7315.53
7316.11
7318.75
7323.46
7326.91
7328.78
7329.26
7328.7
7324.49
7313.27
7302.51
7292.97
7284.68
7278.25
7274.11
7272.29
7272.07
7272.96
7277.23
7283.26
7289.07
7297.76
7306.88
7314.92
7322.13
7330.09
7337.41
7340.65
7340.95
7340.58
7339.49
7337.04
7330.77
7317.57
7305.16
7295.07
7287.02
7280.42
7274.82
7270.15
7266.89
7265.35
7265.06
7266.14
7257.88
1601.17
1600.09
1599.14
1598.09
1597.13
1596.14
1595.17
1594.23
1593.24
1592.36
1591.35
1590.53
1589.5
1588.72
1587.71
1586.92
1585.96
1585.15
1584.27
1583.44
1582.86
1583.69
1592.29
1655.46
1755.25
2037.09
2399.34
3121.42
4611.39
5649.93
7068.03
7261.98
7340.46
7524.96
7560.54
7577.83
7623.91
7652.48
7652.61
7637.82
7591.4
7557.31
7546.37
7547.28
7555.67
7561.37
7561.93
7559.63
7554.53
7550.31
7548.26
7548.4
7549.48
7551.64
7552.39
7551.74
7547.41
7532.13
7503.4
7476.02
7452.95
7434.88
7422.91
7417.77
7417.19
7418.31
7423.68
7436.13
7447.09
7455.38
7461.36
7465.67
7468.68
7470.23
7470.45
7469.53
7464.93
7451.01
7433.53
7417.35
7403.27
7393.02
7387.69
7386.28
7386.35
7387.07
7389.04
7394.15
7405.79
7418.8
7431.25
7443.12
7452.34
7456.05
7456.25
7455.64
7453.47
7447.08
7434.26
7422.84
7413.11
7404.39
7396.99
7391.82
7389.48
7389.04
7389.24
7389.96
7394.62
7384.62
1601.16
1600.15
1599.12
1598.15
1597.12
1596.21
1595.16
1594.3
1593.26
1592.42
1591.39
1590.56
1589.57
1588.72
1587.82
1586.9
1586.13
1585.13
1584.83
1586.19
1601.03
1682.05
1835.83
2149.87
3004.75
3825.93
4736.63
6754.56
7007.51
7187.54
7535.89
7759.67
7856.05
7860.1
7835.21
7791.99
7783.3
7787.46
7807.55
7832.09
7838.62
7836.2
7823.39
7798.7
7765.01
7722.07
7680.4
7653.37
7640.56
7637.27
7638.25
7647.33
7662.48
7670.13
7671.7
7670.19
7661.38
7631.88
7596.7
7572.37
7557.57
7551.46
7550.47
7551.02
7553.77
7562.64
7586.87
7615.62
7639.66
7656.81
7666.98
7671.49
7672.44
7671.73
7666.73
7647.94
7604.38
7562.4
7527.52
7501.23
7483.18
7472.57
7468.08
7467.27
7467.59
7469.51
7475.56
7488.2
7501.04
7512.91
7522.75
7530.46
7537.65
7543.04
7544.62
7544.44
7543.61
7541.4
7539.16
7537.78
7536.82
7536.17
7535.9
7535.98
7537.29
7541.23
7552.94
7559.72
7575.8
7565.14
1601.14
1600.18
1599.11
1598.19
1597.13
1596.23
1595.19
1594.3
1593.31
1592.39
1591.48
1590.52
1589.69
1588.7
1587.95
1586.92
1586.53
1587.92
1608.15
1702.12
1889.07
2326.8
3318.87
4667.53
6214.25
6819.21
7652.11
8044.91
8225.72
8266.25
8251.29
8216.35
8148.01
8024.78
7907.09
7833.03
7811.43
7814.91
7846.95
7905.69
7939.85
7949.56
7945.95
7917.55
7855.63
7817.47
7801.87
7799.2
7801.08
7812.54
7839.57
7856.9
7863.99
7865.03
7863.07
7852.02
7814.22
7762.5
7721.15
7691.67
7673.86
7666.62
7665.89
7667.73
7677.43
7710.36
7751.57
7783.03
7804.69
7817.6
7823.71
7825.27
7824.79
7820.95
7805.59
7762.87
7715.36
7674.99
7642.36
7617.51
7600.79
7591.79
7588.71
7588.52
7589.64
7593.65
7604.98
7623.23
7640.94
7656.47
7669.83
7680.33
7688.25
7694.46
7698.72
7699.94
7699.77
7698.7
7696.49
7694.83
7693.94
7693.58
7693.61
7694.63
7699.8
7708.15
7724.3
7731.87
7750.98
7738.87
1601.14
1600.19
1599.12
1598.18
1597.16
1596.2
1595.25
1594.26
1593.38
1592.37
1591.53
1590.53
1589.72
1588.76
1588.09
1588.94
1606.03
1699.43
1927.22
2448.9
3615.16
4605.68
6623.9
7599.66
7683.25
7867.14
8166.08
8321.52
8341.18
8330.12
8266.39
8164.53
8111.74
8098.07
8098.49
8105.34
8131.26
8165.94
8187.22
8200.83
8205.14
8202.99
8184.81
8119.76
8037.71
7978.93
7945.08
7931.22
7928.19
7928.82
7934.94
7945.79
7950.37
7950.3
7946.81
7930.63
7888.44
7851.03
7826.21
7811.8
7806.02
7805.53
7807.14
7816.02
7850.42
7908.29
7954.47
7987.52
8009.01
8020.89
8025.39
8025.84
8023.59
8011.7
7969.68
7903.49
7847.04
7802.6
7769.6
7747.17
7734.43
7729.54
7728.91
7729.87
7734.89
7751.49
7781.3
7809.32
7833.74
7853.88
7869.84
7881.99
7891.54
7899.05
7906.5
7912.71
7917.82
7921.13
7923.74
7925.21
7925.31
7925.15
7925.18
7926.36
7931.86
7937.28
7950.22
7957.31
7975.2
7958.18
1601.14
1600.18
1599.14
1598.15
1597.19
1596.18
1595.27
1594.27
1593.37
1592.41
1591.47
1590.65
1589.57
1589.83
1598.18
1676.83
1890.16
2313.74
3271.9
4356.21
7706.62
8448.34
8444.43
8358.62
8349.33
8433.97
8556.65
8600.98
8598.71
8538.79
8367.01
8249.73
8203.32
8196.08
8205.25
8250.14
8295.82
8312.67
8315.47
8314.6
8311.36
8301.13
8268.4
8194.26
8127.99
8079.87
8050.75
8038.47
8036.64
8038.37
8048.36
8068.4
8082.52
8088.78
8089.72
8088.18
8079.23
8055.33
8033.46
8018.65
8011.29
8009.34
8010.14
8018.45
8050.18
8092.22
8125.27
8149.31
8164.24
8171.33
8173.22
8172.83
8169.28
8154.15
8109.71
8060.86
8023.2
7996.32
7979.06
7970.07
7967.09
7967.03
7968.72
7975.22
7994.91
8034.01
8072.82
8107.41
8136.34
8159.53
8177.65
8191.38
8201.32
8208.89
8214.71
8218.46
8219.91
8219.65
8216.88
8212.1
8209.23
8207.77
8206.74
8206.15
8206.46
8208.05
8214.3
8218.55
8230.81
8206.23
1601.16
1600.16
1599.15
1598.15
1597.19
1596.19
1595.25
1594.31
1593.33
1592.48
1591.46
1590.86
1592.68
1639.71
1801.99
2266.16
3217.99
5392.74
8638.68
8576.25
8733.34
8725.7
8594.41
8393.55
8316.34
8314.13
8351.8
8404.01
8417.6
8409.88
8354.16
8272.3
8239.1
8236.57
8253.32
8318.65
8403.12
8465.27
8495.4
8503.27
8502.75
8494.52
8458.91
8364.6
8277.98
8219.5
8188.57
8178.6
8178.73
8187.54
8223.75
8272.97
8308.96
8331.56
8343.32
8347.91
8348.47
8346.33
8334.61
8308.41
8289.47
8280.39
8278.48
8280.71
8294.51
8324.64
8350.98
8372.02
8386.54
8394.73
8397.78
8397.85
8395.33
8383.43
8352.06
8321.81
8298.45
8282.94
8276.08
8275.11
8276.01
8279.75
8289.24
8314.26
8354.54
8394.74
8431.67
8463.69
8489.7
8509.47
8523.98
8534.88
8542.79
8547.89
8550.44
8550.97
8550.14
8545.69
8540.81
8537.92
8536.52
8535.96
8536.47
8537.85
8541.13
8542.75
8548
8551.99
8564.02
8524.46
1601.17
1600.14
1599.16
1598.14
1597.19
1596.18
1595.28
1594.24
1593.47
1592.26
1592.2
1600.33
1703.79
2028.75
2858.1
3974
6239.7
8332.16
8588.62
8441.23
8276.18
8258.75
8291.22
8414.61
8590.08
8720.95
8787.39
8809.25
8811.3
8794.07
8712.46
8593.12
8521.74
8497.78
8497.49
8512.3
8571.1
8645.55
8685.97
8695.71
8693.9
8680.22
8624.11
8529.53
8466.88
8436.63
8427.9
8428.03
8437.21
8478.64
8575.8
8661.14
8721.65
8758.67
8777.58
8784.15
8784.38
8779.15
8755.43
8699.48
8648.51
8609.63
8583.73
8568.16
8559.81
8556.77
8557.03
8562.18
8573.75
8583.32
8591.45
8598.08
8602.51
8605.88
8609.77
8613.06
8617.73
8625.54
8633.42
8642.38
8660.49
8689.16
8724.85
8762.07
8797.25
8828.66
8855.58
8877.56
8894.52
8906.69
8915.43
8921.53
8925.7
8927.67
8928.07
8927.01
8921.45
8916.73
8916.39
8917.78
8924.61
8928.62
8937.18
8944.68
8959.14
8964.94
8975.73
8980.87
8996.78
8930.17
1601.18
1600.14
1599.16
1598.15
1597.18
1596.2
1595.24
1594.35
1593.27
1593.58
1613.22
1780.58
2245.98
3475.25
7357.59
9412.83
9463.9
9421.07
9188.44
8907.15
8751.95
8705.75
8708.53
8741.59
8860.93
8995.39
9053.5
9060.67
9050.72
8991.37
8870.62
8807.16
8790.16
8793.64
8827.67
8922.23
9001.15
9047.07
9064.22
9065.37
9057.64
9019.09
8925.07
8849.42
8806.18
8789.39
8787.16
8790.99
8810.37
8874.12
8970.08
9050.02
9108.03
9144.33
9163.09
9169.73
9170.07
9165.25
9140.37
9065.59
8982.74
8915.8
8865.21
8830.55
8809.33
8798.33
8794.36
8793.7
8794.44
8798.96
8812.92
8838.05
8870.2
8905.13
8940.83
8974.52
9009.25
9046.08
9088
9131.86
9176.47
9217.31
9255.37
9287.36
9315.1
9336.52
9354.49
9367.38
9378.34
9385.69
9392.56
9396.2
9401.09
9403.33
9409.03
9412.96
9424.24
9432.86
9453.9
9467.29
9498.55
9517.03
9549.94
9566.91
9601.18
9619.29
9647.98
9660.86
9697.79
9569.73
1601.19
1600.14
1599.16
1598.15
1597.19
1596.18
1595.3
1594.24
1594.98
1638.81
1871.65
2680.72
5168.37
6897.08
8782.81
9597.78
9724.98
9708.89
9630.74
9332.95
8994.88
8879.55
8888.66
9024.72
9361.4
9581.97
9674.19
9687.77
9671.55
9577.01
9363.61
9215.11
9139.95
9114.83
9114.45
9133.04
9191.14
9231.91
9246.85
9247.31
9237.05
9188.52
9126.68
9098.87
9093.1
9094.51
9105.31
9142.26
9236.2
9332.31
9409.75
9466.31
9504.45
9528.41
9542.01
9547.9
9548.56
9545.09
9526.28
9463.47
9376.39
9300.91
9239.63
9192.91
9160.12
9140.29
9130.98
9128.11
9127.96
9131.02
9144.04
9184.89
9261.34
9340.85
9428.91
9514.08
9602.75
9682.13
9759.37
9821.53
9879.45
9920.87
9960.71
9985.53
10012.6
10027.1
10047.4
10057.3
10074.5
10082.1
10098.5
10106.9
10126.9
10139.6
10170.2
10191.1
10241.1
10273.5
10346.9
10388.5
10471
10514.1
10595.2
10632.5
10705.4
10739.3
10813.8
10848.7
10948
10649.9
1601.19
1600.14
1599.16
1598.16
1597.17
1596.24
1595.21
1596.3
1650.96
1942.15
2780.26
4450.9
9529.81
9706.26
9849.86
9983.79
10044.6
10022
9871.76
9525.12
9347.51
9313.63
9343.21
9518.92
9772.85
9917.58
9974.85
9979.71
9955.21
9833.06
9603.34
9457.53
9391.05
9375.27
9380.67
9426.44
9513.33
9564.54
9586.59
9590.22
9585.53
9563.15
9546.05
9544.03
9547.98
9566.41
9626.28
9706.75
9765.76
9805.46
9830.75
9846.31
9855.28
9861.84
9870.78
9882.72
9893.49
9899.58
9900.64
9897.33
9878.95
9836.13
9798.08
9767.72
9746.47
9734.87
9731.06
9730.84
9733.61
9743.9
9774.47
9851.78
9982.62
10109.5
10256.7
10381.3
10512.9
10612.4
10713.8
10779.5
10847.7
10884.3
10930.8
10951.2
10988.9
11006.4
11045.2
11065
11109.9
11135
11192.7
11226.8
11304.3
11352
11461.2
11529.9
11686.8
11778
11975.6
12075
12276.8
12371.9
12572
12669.3
12867
12960.9
13164.1
13271.4
13585.3
12853.2
1601.18
1600.14
1599.16
1598.14
1597.22
1596.12
1596.95
1661.98
2013.89
3434.12
8305
8520.25
8833.51
9016.22
9414.17
9731.7
9859.21
9855.02
9754.62
9578.13
9523.36
9528.71
9609.3
9919.3
10236.4
10394.8
10445.1
10443
10384.2
10174.2
9982.64
9889.15
9860.78
9862.08
9889.81
9982.87
10060.7
10100.4
10119.6
10126.9
10130.2
10135.3
10144.1
10161.1
10203.7
10285.5
10359.1
10409
10435
10447
10452.7
10455.3
10456.8
10459.7
10468.5
10495.5
10541.1
10583.6
10619.3
10645.1
10661.1
10667.8
10668.3
10664.8
10655.9
10653
10654
10659.8
10675.6
10709.3
10801.8
10915.3
11094
11238.8
11431.4
11568.7
11740.1
11846.1
11983.4
12055.3
12163.5
12213
12309.9
12356.7
12456.5
12510.7
12633.7
12706
12868.9
12963.8
13175.6
13298.2
13570
13727.9
14077.4
14279.3
14724.1
14963.2
15469.2
15718.8
16240
16492.7
17026.5
17291.5
17852.5
18133.9
18738.4
19062.5
19980.9
18087.6
1601.18
1600.16
1599.13
1598.22
1597.02
1597.31
1642.13
2032.21
3206.26
5866.85
10292
10178.3
10253.4
10277.1
10241.5
10206.3
10185.8
10142.2
10131.3
10137.8
10158.1
10201.9
10325.5
10577.1
10736.1
10784.7
10783.4
10749.5
10607.9
10433.2
10351.3
10329.8
10331.7
10361.1
10477.1
10627.7
10730.3
10790.8
10825
10848.5
10868.3
10892.6
10943.3
11041.8
11151
11245.8
11315.1
11354.1
11377.1
11389.9
11398.6
11404.2
11413.6
11430.2
11471.5
11542.8
11627.6
11703.7
11774.9
11829.5
11876.9
11906.8
11931
11941.7
11957.6
11968.6
11996.3
12025.6
12104.7
12177.1
12349.5
12466.3
12713
12867.7
13150.2
13310.2
13588.4
13728.4
13981.9
14101.8
14348.6
14470.9
14732.9
14874.3
15186.5
15370.1
15785.7
16032.8
16580.8
16894.7
17579
17964.4
18797.4
19267.9
20282.8
20840.2
22018.8
22623.7
23874.2
24486.8
25752.7
26380
27691.6
28354.5
29735.3
30436.6
31911.8
32699.1
34851.6
30576.5
1601.17
1600.16
1599.16
1598.12
1597.57
1621.75
1912.2
3394.81
9754.73
10473.8
10744.2
10803.2
10757.2
10536.7
10217.8
10117
10136.7
10333
10787
11151.2
11408.6
11571
11651.9
11660.6
11652
11622.9
11547.6
11346.3
11147.9
11048.3
11019.8
11019
11043
11148.3
11338.6
11487.8
11585.6
11647.9
11688.6
11718.6
11766.6
11866.6
12014
12185.6
12351
12489.3
12590.6
12651.6
12696.1
12719.8
12742.5
12766
12823.6
12906.3
13025
13135.5
13267.6
13368.2
13480
13551
13635.3
13677.4
13741.4
13772.4
13840.2
13883.6
13987
14071
14272.2
14414.8
14731.5
14933.7
15367.1
15660.7
16240.5
16571.3
17183.6
17506.2
18131.3
18453
19122.1
19482.3
20252.4
20701.2
21676.9
22260.8
23513.1
24243
25787.4
26658.8
28462.5
29498.8
31519.4
32772.4
35029.6
36454.2
38858.3
40236.5
42627.9
43884.7
46208.9
47421.1
49776.5
50968.8
53313.2
54496.4
56879
58100.7
61211.1
54709.3
1601.17
1600.16
1599.16
1598.23
1604.7
1810.9
2943.77
5523.57
11913.2
12270.9
12131.9
11665.7
11166.9
10783.5
10610.7
10590.4
10639
10875.7
11339.8
11747.9
12098.6
12382.5
12611.8
12735.1
12760.8
12755.5
12720.1
12591.8
12473.3
12440
12441.5
12468.2
12565.8
12736.6
12900.2
13021.5
13087.6
13119.3
13154.9
13231.7
13369.5
13548
13743.2
13932.7
14099.5
14224.8
14313
14360.8
14399.9
14421.8
14467.4
14513.4
14625.1
14742
14918.3
15068.6
15279.4
15435.9
15652.2
15789
16010.6
16140.4
16387.4
16525.2
16808.4
16983.9
17367.7
17644.2
18236
18687
19474.6
20143.7
21200.6
22194.1
23502.5
24616.3
25962.2
27038.6
28412.9
29480.1
30940.1
32103.7
33795.4
35273
37307.1
39257.2
41615.5
43915.4
46526.3
49014.2
51773.8
54358.9
57158.5
59783.3
62543.4
65059.1
67639
69798.3
72081
73831.2
75871.9
77363.1
79344.4
80581.3
82424
83444.5
85188.5
86030.5
88062.4
81683.5
1601.15
1600.21
1599.03
1600.18
1715.95
2741.63
9097.14
8766.52
8952.5
10230.8
11088.1
11241.6
11227.8
11221.7
11257.9
11410.3
11874.5
12433.8
12834.6
13168.3
13494.4
13811.8
14095.2
14294.9
14374.3
14388
14385.8
14387.1
14397.2
14428.8
14509.4
14672
14837
14968.8
15066.5
15121.7
15141.9
15156.9
15188.8
15261.9
15416.3
15607.8
15802.2
15973.7
16110.1
16200.5
16270.4
16313.7
16381.1
16426.1
16522.1
16598.9
16765.4
16971.3
17269.3
17621.7
18057
18549
19072.3
19618.1
20220.4
20830.6
21579.9
22284.3
23106.4
23963.9
25100.1
26373.9
27881.8
29540
31406.1
33561.8
35953.8
38700
41400.8
44212
46777.4
49404.5
51779.5
54272.9
56616.3
59183.4
61746.3
64597
67440.2
70538.3
73452.6
76510.9
79280.9
82074
84560.2
86979.7
89089.6
91102.9
92816
94432.2
95768.9
96962.6
97973.4
98846.9
99663
100360
101090
101594
102212
102567
103119
103371
104193
99505.1
1601.16
1600.17
1599.46
1634.42
2159.23
4460.88
10412.2
12863.2
14715.5
15085.8
14824.6
14046.5
13650.1
13627.9
13854.7
14528.7
15117.2
15528.6
15788.7
15968.2
16122.4
16265
16398
16493.2
16520.6
16526.4
16538.3
16567.8
16640.2
16813.8
17003.3
17134.3
17201.5
17216.9
17215.8
17202.1
17187.7
17185.6
17189.5
17207.6
17268
17434.2
17656.6
17890.6
18094.8
18278.3
18461.1
18644.8
18906.3
19164.7
19550.9
19952.3
20522
21239.5
22132.9
23273.7
24621.9
26191.6
27798.8
29555.3
31265.2
33216.8
35176.9
37334.7
39498
42089.2
44863.6
48166.8
51558.7
55365.5
59198.1
63403.1
67506.7
71803.2
75592.9
79310.5
82400.3
85422.3
87890.8
90416.3
92531.3
94801.7
96741.8
98831.8
100601
102451
103953
105474
106683
107864
108795
109660
110343
110962
111467
111941
112337
112683
112997
113253
113536
113775
114065
114248
114521
114665
114961
115100
115906
111261
1601.18
1600.09
1603.07
1853.29
3976.18
10649.2
14336.6
16505.7
18034.9
19018.2
19303.7
19236.8
18949.3
18733.1
18677.7
18689.8
18714.6
18724.8
18720.4
18710.5
18706.4
18707.1
18706.2
18686
18625.8
18575
18545.7
18535.2
18536.2
18542.9
18554.6
18566.5
18574.8
18573.5
18579.6
18599.7
18619.9
18672.5
18749.9
18881.1
19176.6
19633.8
20175.9
20868
21512.6
22233.6
22903.6
23738.5
24679.8
25871.8
27240.6
28961.9
30921
33310
36059.1
39370.7
43011
46978.1
50906.3
54995.8
58923.6
63022.3
66902.8
70962.6
74918.9
79238.3
83464.4
87936.4
92145.3
96352.8
100158
103716
106782
109513
111693
113587
115012
116264
117190
118069
118701
119334
119776
120264
120640
121089
121451
121891
122263
122667
123024
123359
123670
123956
124254
124528
124821
125046
125330
125518
125812
126014
126341
126521
126867
127053
127456
127657
128871
123117
1601.14
1600.59
1649.42
2544.06
27810.7
26635.9
24125.3
23064.1
22552.5
22105
21485.8
20867.1
20381.8
20067.2
19885.3
19772.9
19690.6
19642.8
19630.5
19626.6
19620.8
19615
19611.4
19595.1
19550.8
19547
19556.6
19584.4
19652.4
19752.9
19842.2
19935.4
20040.7
20210.3
20512.1
20875.3
21153.7
21546.7
22049.3
22783.2
23980.2
25533.6
27381.8
29509.5
31745.7
34047.9
36272.2
38784.8
41609.5
45025.8
48955.5
53573.9
58699.9
64508.9
70652.1
77120.8
83475.6
89537.2
95099.8
100225
104795
108889
112470
115760
118718
121449
123812
125930
127692
129221
130410
131375
132117
132726
133148
133515
133721
133921
134030
134157
134200
134270
134309
134407
134535
134761
135009
135352
135715
136111
136537
136922
137358
137745
138205
138606
139076
139422
139885
140169
140639
140936
141447
141714
142240
142519
143113
143411
145097
137569
1601.05
1603.96
1895.35
4799.01
13043.8
15827.6
18140.5
19155.9
19774.2
20102.2
20217.1
20245.5
20235.8
20217.7
20198.2
20197.9
20219.7
20285.3
20346.2
20423.9
20488.5
20563.9
20614.5
20690.4
20758.3
20912
21114.9
21398.3
21732
22165.7
22577.3
23066.5
23760.1
24687.7
26047.7
27501.3
28964
30564.9
32603.7
35430.9
39063.1
43559.1
48645.8
54210.8
59906.5
65607.9
71155
76846.1
82832.2
89423.9
96376.2
103571
110672
117467
123538
128824
133158
136645
139395
141556
143191
144409
145275
145929
146402
146797
147085
147363
147605
147885
148108
148328
148523
148717
148869
149030
149105
149204
149266
149364
149419
149516
149635
149848
150148
150545
151020
151576
152183
152795
153451
154030
154664
155210
155823
156352
156939
157381
157930
158284
158845
159209
159841
160177
160856
161221
161990
162384
164526
154731
1601.3
1636.08
2612.74
24960.1
26232.2
25897
24558
23798.9
23481.3
23230.3
22914.3
22677.5
22545.2
22481.9
22455.6
22433.7
22418.3
22429.5
22450.3
22499.2
22568.6
22741.7
22931.1
23168.6
23425.3
24028.6
24809.6
25933.6
27102.2
28611.5
30204.9
32245.6
34968.9
38530.4
42689.4
47209.3
51792.4
56924.2
63068.5
70699.8
79648.3
89527.8
99419.3
108801
117339
124891
131534
137454
142865
147913
152334
156060
158995
161198
162714
163756
164407
164807
165058
165173
165179
165148
165046
164905
164764
164714
164719
164782
164952
165250
165572
165945
166351
166785
167182
167572
167851
168135
168369
168617
168818
169057
169333
169696
170152
170693
171292
171965
172675
173397
174150
174838
175576
176240
176964
177617
178317
178882
179553
180031
180739
181240
182067
182533
183456
183950
184981
185508
188172
175043
1602.84
1780.59
4487.81
14775.8
18700.1
21231
22664.8
23531
23775.8
23702
23557.4
23518.9
23537.2
23620.4
23794.8
24007.9
24152.5
24463.7
24741.8
25247.2
25794.8
26717.9
27628.1
28476.1
29739.8
32009.5
35099.5
38742.2
42998.9
47753.9
53105.3
59712.6
67928.9
77467.3
87885.9
98463.5
108964
119741
130742
141762
152112
161230
168495
173983
177955
180759
182773
184140
185076
185746
186098
186267
186273
186236
186145
186032
185923
185820
185727
185686
185648
185591
185566
185584
185664
185867
186181
186642
187179
187820
188467
189116
189771
190379
190869
191306
191596
191899
192162
192455
192713
193040
193417
193921
194536
195260
196046
196917
197811
198729
199665
200546
201474
202339
203260
204120
205015
205775
206643
207316
208246
208963
210063
210735
211980
212646
214017
214709
217944
199725
1611.73
2265.33
36452.5
35061.9
29731.1
28704.8
27743.4
26800
26326.3
26174.8
26140.5
26241.7
26459.2
26926.6
27372.7
28034.7
28642.2
29873.7
31257
33219
35425.8
38618
41495.8
44865.1
50313.9
57512.3
66484
77096.2
88787
101768
115741
130910
146203
160559
173244
184218
193441
200837
206434
210383
212843
214244
214589
214492
214154
213584
213052
212483
211981
211556
211163
210843
210664
210656
210735
210978
211322
211693
212059
212436
212760
213016
213232
213468
213740
214109
214573
215197
215885
216668
217444
218208
218979
219684
220268
220809
221190
221613
222024
222482
222917
223448
224045
224815
225722
226762
227858
229048
230240
231464
232683
233853
235062
236215
237414
238560
239723
240752
241887
242824
244051
245057
246504
247447
249076
249966
251732
252623
256399
230740
1652.08
3655.51
21631.2
21588.5
22623.5
24035.9
24886.8
25396.8
26449.8
27828.3
28773.7
30668.9
32078
34274.8
36282.2
38586.9
41206.1
45193.9
50279.6
57202.8
65121.1
73972.7
82851.7
94826.3
110934
130086
150739
171320
190348
207736
222224
233750
241896
247113
250053
251709
252234
252039
251523
250614
249511
248318
247026
245809
244728
243861
243262
242808
242692
242743
242994
243397
243925
244539
245164
245815
246435
246985
247480
247965
248397
248791
249153
249562
250038
250646
251368
252264
253213
254244
255246
256212
257193
258087
258862
259618
260207
260877
261569
262325
263063
263918
264866
266038
267375
268867
270407
272049
273658
275311
276921
278487
280065
281593
283141
284650
286143
287513
288975
290253
291838
293216
295067
296358
298417
299596
301810
302935
307231
269679
1788.51
6164.29
17339
22753.7
24746.3
28702.5
31603.8
33568.3
37492.7
41011
44182.9
48549.7
52646.9
58278
64353.2
71256.6
80477.3
92559.3
108837
128913
150367
172299
194845
219458
243636
264530
280741
292373
299574
303887
304837
304431
303109
300677
298163
295862
293833
292052
290565
289369
288487
287904
287456
287138
286898
286776
286756
286843
287165
287708
288400
289178
290041
290962
291871
292772
293620
294398
295127
295869
296589
297306
298013
298788
299656
300677
301801
303081
304384
305748
307061
308315
309609
310802
311894
313000
313929
314984
316091
317275
318443
319745
321179
322919
324868
326991
329140
331382
333537
335740
337840
339901
341932
343921
345888
347840
349733
351526
353387
355100
357119
358968
361298
363026
365576
367109
369857
371242
376221
326141
2152.71
39082.7
37956.1
38547
40369.8
46509
55037
60551.1
69188.9
76716.3
84885.9
94731.8
107876
123711
141273
163013
190452
224124
260899
294537
322136
343463
359906
371235
377513
378637
377646
375142
371600
367834
363880
359927
356235
352983
350514
348914
348009
347616
347581
347745
347999
348224
348315
348343
348364
348473
348751
349254
350076
351216
352548
353953
355390
356832
358206
359516
360738
361875
362978
364141
365342
366594
367871
369240
370717
372341
374032
375832
377609
379412
381148
382802
384551
386198
387779
389438
390878
392506
394215
396031
397859
399833
402001
404570
407378
410335
413256
416242
419046
421911
424589
427241
429808
432356
434831
437328
439715
442039
444407
446677
449235
451696
454603
456891
460011
461994
465382
467062
472919
410028
3242.55
22132.4
28396.7
44679.7
61607.5
91190
111236
124515
143635
164021
187079
216268
254957
295756
337747
380516
421153
454028
477001
489311
492598
491251
487670
481702
474590
466854
459267
452676
447430
443644
440910
438961
437463
436209
435395
435091
435095
435507
436185
436994
437828
438570
439096
439545
440080
440775
441695
442929
444576
446632
448924
451266
453577
455812
457887
459815
461594
463257
464910
466700
468630
470701
472869
475167
477585
480121
482647
485195
487643
490066
492404
494639
497063
499396
501723
504254
506443
508921
511594
514416
517339
520443
523770
527539
531478
535448
539258
543088
546607
550235
553568
556917
560126
563378
566484
569675
572705
575722
578774
581778
585037
588303
591935
594962
598737
601354
605478
607529
614371
533158
5292.44
20694.5
67073.6
128640
177736
229330
258769
288023
337810
397225
455937
514781
569909
612310
645537
666545
675889
674222
667751
654941
640245
625906
613017
602250
593718
587275
582755
579750
577673
576296
575245
574492
573885
573545
573560
574128
575136
576561
578296
580107
581839
583399
584681
585943
587444
589214
591238
593600
596420
599729
603342
607011
610606
614036
617181
620057
622689
625153
627632
630367
633398
636716
640254
644001
647882
651827
655647
659351
662831
666213
669480
672618
676064
679431
682887
686742
690078
693879
698291
702875
707679
712732
717860
723224
728504
733573
738305
743038
747291
751810
755897
760102
764113
768337
772251
776384
780308
784276
788338
792342
796564
800894
805491
809520
814044
817640
822519
825190
832910
718102
7478
102033
302079
411623
475540
526106
581867
672531
778910
865353
924599
962751
985511
987434
979950
962229
939186
914031
889191
867422
850607
838839
830684
825271
821582
818607
816031
813799
812023
811144
810965
811370
812008
812913
814255
816181
818695
821746
825147
828511
831622
834484
837068
839766
842948
846535
850319
854324
858714
863629
868952
874425
879858
885067
889853
894215
898211
901964
905753
909933
914614
919777
925336
931236
937301
943366
949167
954680
959804
964723
969461
974028
979003
983860
988976
994581
999867
1.00601e+06
1.01358e+06
1.02128e+06
1.02928e+06
1.03738e+06
1.04507e+06
1.05229e+06
1.059e+06
1.06515e+06
1.07084e+06
1.07658e+06
1.08165e+06
1.08732e+06
1.09239e+06
1.09778e+06
1.10291e+06
1.10865e+06
1.11363e+06
1.11917e+06
1.12443e+06
1.12985e+06
1.13559e+06
1.14097e+06
1.1466e+06
1.15242e+06
1.15842e+06
1.16386e+06
1.16933e+06
1.17453e+06
1.17995e+06
1.18461e+06
1.19181e+06
1.01181e+06
101304
706250
992335
1.01919e+06
1.0492e+06
1.11578e+06
1.26139e+06
1.39309e+06
1.49478e+06
1.55248e+06
1.57135e+06
1.56266e+06
1.53658e+06
1.48755e+06
1.4308e+06
1.39439e+06
1.37146e+06
1.35444e+06
1.33933e+06
1.32358e+06
1.30804e+06
1.29464e+06
1.28428e+06
1.27766e+06
1.27369e+06
1.27061e+06
1.268e+06
1.26587e+06
1.2646e+06
1.26476e+06
1.26622e+06
1.26843e+06
1.27079e+06
1.27335e+06
1.27645e+06
1.28032e+06
1.28514e+06
1.29085e+06
1.29692e+06
1.30271e+06
1.30798e+06
1.31289e+06
1.31763e+06
1.32271e+06
1.32857e+06
1.335e+06
1.34146e+06
1.34783e+06
1.35432e+06
1.36123e+06
1.36862e+06
1.37633e+06
1.38419e+06
1.39189e+06
1.3991e+06
1.40578e+06
1.41202e+06
1.41795e+06
1.42392e+06
1.43033e+06
1.43737e+06
1.44505e+06
1.45329e+06
1.46202e+06
1.47098e+06
1.47991e+06
1.48849e+06
1.49666e+06
1.5043e+06
1.5116e+06
1.51859e+06
1.52533e+06
1.53243e+06
1.53925e+06
1.54661e+06
1.55383e+06
1.56316e+06
1.57379e+06
1.58693e+06
1.5997e+06
1.6127e+06
1.62477e+06
1.63534e+06
1.64464e+06
1.65271e+06
1.66007e+06
1.66718e+06
1.67428e+06
1.68064e+06
1.68828e+06
1.69496e+06
1.70239e+06
1.70929e+06
1.71789e+06
1.7243e+06
1.73239e+06
1.73988e+06
1.7479e+06
1.75671e+06
1.76394e+06
1.77194e+06
1.78015e+06
1.78858e+06
1.79592e+06
1.803e+06
1.81069e+06
1.81687e+06
1.827e+06
1.82842e+06
1.53155e+06
1.4146e+06
2.47278e+06
2.42946e+06
2.3542e+06
2.30229e+06
2.31506e+06
2.48036e+06
2.64308e+06
2.73564e+06
2.77165e+06
2.76835e+06
2.7511e+06
2.72039e+06
2.67211e+06
2.5984e+06
2.52924e+06
2.47441e+06
2.43179e+06
2.39596e+06
2.36415e+06
2.33683e+06
2.31434e+06
2.29689e+06
2.28504e+06
2.27704e+06
2.27068e+06
2.26547e+06
2.26158e+06
2.25952e+06
2.25943e+06
2.26091e+06
2.26306e+06
2.26531e+06
2.26797e+06
2.2717e+06
2.27693e+06
2.28381e+06
2.29194e+06
2.30001e+06
2.3072e+06
2.31363e+06
2.3198e+06
2.32625e+06
2.33346e+06
2.34178e+06
2.35082e+06
2.3598e+06
2.36841e+06
2.37681e+06
2.3853e+06
2.39405e+06
2.40314e+06
2.41261e+06
2.42213e+06
2.43133e+06
2.44019e+06
2.44883e+06
2.45734e+06
2.46592e+06
2.47488e+06
2.48439e+06
2.49448e+06
2.50515e+06
2.51634e+06
2.5278e+06
2.53922e+06
2.55035e+06
2.56108e+06
2.57135e+06
2.58123e+06
2.59069e+06
2.59993e+06
2.6093e+06
2.61828e+06
2.62804e+06
2.63613e+06
2.65802e+06
2.67263e+06
2.69801e+06
2.71812e+06
2.73858e+06
2.75458e+06
2.76435e+06
2.78399e+06
2.79111e+06
2.80284e+06
2.81284e+06
2.83039e+06
2.83784e+06
2.85637e+06
2.86602e+06
2.88108e+06
2.89162e+06
2.90354e+06
2.91357e+06
2.92927e+06
2.95018e+06
2.965e+06
2.97824e+06
2.98538e+06
3.00057e+06
3.02247e+06
3.03847e+06
3.04493e+06
3.06159e+06
3.07249e+06
3.08845e+06
3.10622e+06
3.09526e+06
2.69975e+06
5.48528e+06
5.95134e+06
5.92476e+06
5.67507e+06
5.20143e+06
4.78405e+06
4.50951e+06
4.36388e+06
4.29271e+06
4.26514e+06
4.26942e+06
4.28851e+06
4.31663e+06
4.35436e+06
4.41145e+06
4.46783e+06
4.51502e+06
4.5551e+06
4.59119e+06
4.62489e+06
4.65536e+06
4.68365e+06
4.71112e+06
4.73802e+06
4.76455e+06
4.79106e+06
4.81787e+06
4.84447e+06
4.86942e+06
4.89152e+06
4.91138e+06
4.93178e+06
4.9538e+06
4.97765e+06
5.0029e+06
5.02832e+06
5.05284e+06
5.07539e+06
5.09681e+06
5.11867e+06
5.14146e+06
5.16483e+06
5.18829e+06
5.21183e+06
5.23504e+06
5.25824e+06
5.28248e+06
5.30795e+06
5.33388e+06
5.35949e+06
5.38415e+06
5.40789e+06
5.43139e+06
5.45505e+06
5.47931e+06
5.50427e+06
5.52969e+06
5.55541e+06
5.58114e+06
5.60652e+06
5.63105e+06
5.65487e+06
5.67867e+06
5.70281e+06
5.72754e+06
5.75299e+06
5.77899e+06
5.8053e+06
5.83184e+06
5.85824e+06
5.8843e+06
5.91e+06
5.93514e+06
5.96021e+06
5.98454e+06
6.00905e+06
6.22371e+06
6.3713e+06
6.1886e+06
6.23078e+06
6.30428e+06
6.48421e+06
6.68135e+06
6.51253e+06
6.80991e+06
6.86044e+06
5.66244e+06
6.82755e+06
7.0515e+06
6.91391e+06
7.12878e+06
7.05888e+06
7.25106e+06
6.05182e+06
6.10781e+06
6.16364e+06
7.34939e+06
7.45768e+06
7.73148e+06
6.38419e+06
6.43909e+06
7.69702e+06
7.69927e+06
8.03338e+06
8.01577e+06
8.19414e+06
7.94046e+06
8.15171e+06
8.3156e+06
8.31054e+06
2.03728e+07
2.02864e+07
1.97602e+07
1.75315e+07
1.40183e+07
1.19268e+07
1.09187e+07
1.03796e+07
9.58076e+06
9.51581e+06
9.06631e+06
8.21843e+06
7.40229e+06
6.55006e+06
5.82458e+06
5.22395e+06
5.7518e+06
5.87995e+06
5.98415e+06
6.07488e+06
6.09646e+06
6.14666e+06
6.13348e+06
6.13606e+06
6.13187e+06
6.16091e+06
6.17295e+06
6.16033e+06
6.14326e+06
6.16148e+06
6.18005e+06
6.18186e+06
6.17876e+06
6.18579e+06
6.20068e+06
6.206e+06
6.20087e+06
6.18981e+06
6.18801e+06
6.19612e+06
6.20144e+06
6.19778e+06
6.18732e+06
6.17618e+06
6.17428e+06
6.17248e+06
6.16832e+06
6.1603e+06
6.1479e+06
6.14254e+06
6.14107e+06
6.13879e+06
6.13048e+06
6.11881e+06
6.10527e+06
6.09561e+06
6.09358e+06
6.09467e+06
6.09856e+06
6.10017e+06
6.09215e+06
6.08129e+06
6.07355e+06
6.06925e+06
6.07128e+06
6.0823e+06
6.10525e+06
6.13621e+06
6.16653e+06
6.18797e+06
6.19629e+06
6.19839e+06
6.20451e+06
6.21729e+06
6.23997e+06
6.27528e+06
6.3243e+06
6.37785e+06
6.41656e+06
6.48353e+06
5.4436e+06
5.49746e+06
5.76894e+06
5.5884e+06
3.79076e+06
2.65657e+06
2.32204e+06
2.10729e+06
1.9099e+06
2.16085e+06
2.05326e+06
1.9771e+06
1.97343e+06
1.93704e+06
1.90204e+06
1.90973e+06
2.00944e+06
2.05329e+06
2.08549e+06
2.09876e+06
2.10885e+06
2.10452e+06
2.10137e+06
2.10263e+06
2.0922e+06
2.07841e+06
2.07364e+06
2.07449e+06
2.07218e+06
2.07369e+06
2.08102e+06
2.09124e+06
2.10025e+06
2.1092e+06
2.12182e+06
2.13735e+06
2.15428e+06
2.1703e+06
2.18263e+06
2.19664e+06
2.21159e+06
2.22801e+06
2.24498e+06
2.2589e+06
2.27167e+06
2.28472e+06
2.29648e+06
2.30799e+06
2.31586e+06
2.32587e+06
2.33348e+06
2.34145e+06
2.34921e+06
2.35516e+06
2.35961e+06
2.36479e+06
2.36654e+06
2.36875e+06
2.37232e+06
2.37678e+06
2.38131e+06
2.38436e+06
2.38601e+06
2.38724e+06
2.38832e+06
2.39005e+06
2.3945e+06
2.40389e+06
2.41845e+06
2.43605e+06
2.45371e+06
2.46993e+06
2.48467e+06
2.498e+06
2.51176e+06
2.52795e+06
2.54976e+06
2.57929e+06
2.60355e+06
2.65733e+06
2.91232e+06
2.94246e+06
3.11795e+06
3.60483e+06
2.95084e+06
1.69367e+06
1.20729e+06
1.02772e+06
927826
1.00354e+06
1.0215e+06
1.0537e+06
1.11169e+06
1.15083e+06
1.1834e+06
1.22179e+06
1.27482e+06
1.3043e+06
1.32508e+06
1.33236e+06
1.33957e+06
1.33141e+06
1.32215e+06
1.31759e+06
1.30338e+06
1.28096e+06
1.26541e+06
1.25738e+06
1.24826e+06
1.23898e+06
1.23425e+06
1.23333e+06
1.23366e+06
1.23441e+06
1.23656e+06
1.24128e+06
1.24881e+06
1.25775e+06
1.26546e+06
1.2731e+06
1.28157e+06
1.29083e+06
1.30104e+06
1.31066e+06
1.31942e+06
1.32828e+06
1.33668e+06
1.34541e+06
1.35277e+06
1.3603e+06
1.36702e+06
1.37299e+06
1.37921e+06
1.38511e+06
1.38976e+06
1.3957e+06
1.3989e+06
1.40143e+06
1.4045e+06
1.40735e+06
1.41132e+06
1.41491e+06
1.41778e+06
1.42023e+06
1.42189e+06
1.42273e+06
1.42401e+06
1.42684e+06
1.43247e+06
1.44074e+06
1.45083e+06
1.46169e+06
1.47265e+06
1.48243e+06
1.49151e+06
1.50058e+06
1.51116e+06
1.52672e+06
1.53806e+06
1.56876e+06
1.80668e+06
1.82289e+06
1.92914e+06
2.52617e+06
2.66763e+06
1.82959e+06
1.09231e+06
815658
697809
700811
731667
780545
844262
897730
943130
979389
1.0189e+06
1.04165e+06
1.0545e+06
1.0548e+06
1.05368e+06
1.04111e+06
1.02397e+06
1.01243e+06
993121
966479
944220
928146
912520
896293
883401
873939
866426
860086
854577
850682
849231
849568
850731
851960
853723
855971
858861
862388
865910
869598
873347
877351
881586
885386
889788
893112
896466
899915
902543
906773
909661
911855
914498
916101
918432
920590
922729
924737
926522
927883
929020
930494
932707
935790
940036
945345
951976
958487
964986
971411
977949
987471
992785
1.01028e+06
1.19253e+06
1.19996e+06
1.25403e+06
1.61624e+06
2.34646e+06
2.01785e+06
1.21637e+06
812458
640055
592270
617287
670263
735888
796866
848161
884178
917790
935598
940934
934602
924713
906880
883698
865588
842017
812316
785829
764394
744325
724051
706560
692174
679892
669193
659300
650573
643827
638680
635322
632224
629566
627592
626155
625668
625631
625823
626360
627029
628469
629497
631539
632837
634072
635388
636354
638523
640356
641773
643641
644441
645572
646515
647646
648823
650145
651468
652569
653693
654702
655593
656892
658890
662271
666155
670520
675204
679609
686174
688765
699042
838219
841789
867803
1.06026e+06
1.83565e+06
1.98393e+06
1.46314e+06
900872
656039
553799
569737
624884
694992
763779
820340
858280
888435
901741
900335
886340
867144
844375
815235
790625
762743
729932
700191
674917
651651
628604
608182
590753
575508
562001
549474
537990
528296
519941
513566
507726
502342
497714
493589
490454
487929
485791
484154
482518
481809
480915
480900
480711
480353
480051
479728
480126
480792
481347
482294
482508
482732
482777
482997
483423
484121
485022
485905
486853
487396
487453
487446
487681
488795
490826
493465
496796
499794
504718
506028
512212
621099
623065
636887
734893
1.26651e+06
1.82557e+06
1.62346e+06
1.07232e+06
723872
553896
558970
615277
691042
768497
831702
872283
897723
904432
897255
874969
847004
818451
783556
752495
720400
684194
651520
623147
597463
572381
549859
530344
513104
497680
483427
470212
458753
448478
440099
432425
425276
418930
413116
408255
404062
400323
397162
394037
391733
389550
388013
386574
385067
383637
382238
381498
381054
380783
380786
380525
380035
379377
378965
378743
378831
379162
379673
380317
380494
380275
379676
378940
379046
379641
380973
383125
385055
388742
389396
393124
478932
480059
488352
538133
817854
1.49659e+06
1.6045e+06
1.2787e+06
844556
581963
575834
631824
714810
802799
872482
913552
930986
929360
913758
879975
843338
808247
768731
732084
696590
656779
621612
590779
563522
537193
513223
492278
473667
456984
441595
427243
414671
403204
393503
384560
376213
368696
361758
355738
350391
345517
341252
337113
333645
330558
327843
325474
323077
320799
318671
316983
315663
314639
313930
313022
311980
310818
309886
309135
308668
308522
308563
308734
308633
308206
307285
306069
305485
305416
305778
306828
308030
310565
310816
312966
380982
381642
386663
412273
565399
1.07308e+06
1.48828e+06
1.37975e+06
1.01427e+06
651658
620595
672209
762110
859823
930049
960287
960791
948353
922225
881303
838203
795528
754274
713604
676863
634959
598549
566291
538727
512303
487692
466023
446632
429381
413419
398419
385219
373043
362548
352773
343636
335324
327613
320810
314668
308969
303904
299025
294746
290947
287372
284273
281203
278268
275605
273173
271160
269493
268136
266675
265145
263569
262211
261033
260105
259474
259039
258792
258394
257647
256514
255064
254105
253432
253292
253556
254167
255621
255551
256643
310609
310973
313857
328293
417025
701221
1.23347e+06
1.34971e+06
1.16488e+06
769898
698284
737177
827780
918411
965276
977513
964189
932461
896988
849429
806957
758148
721194
679780
646030
606646
572227
540841
514841
489891
465788
444360
424967
408036
392189
377105
363784
351327
340531
330359
320813
312041
303840
296554
289912
283638
278038
272603
267809
263402
259276
255585
252030
248603
245501
242518
239966
237761
235852
233901
231971
230041
228325
226789
225480
224423
223562
222877
222162
221120
219792
218185
216973
215956
215302
215118
215250
215767
215390
215822
258364
258544
260140
269263
318509
475178
898083
1.23261e+06
1.1973e+06
922093
804982
821056
884259
940093
957774
939908
900923
850687
814651
765349
731633
682129
655319
617198
590966
560272
533251
506699
484279
463069
441217
421388
403164
387681
372858
358428
345598
333337
322763
312719
303194
294339
285950
278476
271623
265043
259163
253361
248296
243433
239008
234887
231003
227242
223760
220422
217467
214829
212482
210121
207879
205660
203645
201807
200187
198778
197557
196479
195444
194126
192608
190872
189463
188214
187233
186609
186333
186273
185572
185454
218602
218702
219564
225149
249316
339056
587741
993975
1.14649e+06
1.01962e+06
898318
877928
900487
898274
877572
826513
783241
732801
703572
658433
635850
593525
576737
543852
525388
503034
482620
460677
441602
426010
408759
392297
376868
363953
351196
338303
326622
315166
305414
296134
287164
278702
270502
263177
256416
249889
243989
238099
232934
227926
223398
219061
214990
211066
207284
203783
200557
197615
194966
192321
189841
187420
185180
183106
181243
179567
178063
176674
175352
173797
172105
170257
168686
167266
166051
165132
164456
164087
163052
162347
187797
187861
188304
191270
203359
258517
389189
701197
1.00724e+06
1.00749e+06
935054
884371
855537
792625
749106
683763
648315
596124
572845
524710
510511
478009
471392
450596
441544
431016
422564
408815
394841
384741
372178
359148
346290
335055
324843
314098
303915
293868
285415
277637
269751
262101
254597
247751
241444
235382
229744
224150
219102
214295
209886
205614
201529
197625
193748
190194
186871
183805
181022
178267
175648
173127
170768
168547
166525
164673
162992
161403
159881
158158
156334
154402
152706
151161
149767
148658
147651
147058
145785
144555
163633
163628
163814
165251
172755
204904
276339
440905
777784
933328
889778
829363
750572
654443
602881
522223
488192
433512
411067
361245
351754
328113
328348
317687
318203
318954
322842
322131
320437
320086
317946
313387
307106
300709
294700
286893
278735
270425
263317
256572
249818
243086
236505
230419
224848
219500
214405
209431
204797
200445
196400
192464
188575
184842
181138
177655
174433
171460
168751
166094
163494
160992
158637
156394
154330
152421
150691
149048
147463
145684
143817
141857
140105
138490
136988
135737
134536
133666
132334
130682
144465
144219
144298
144948
149043
166012
211976
295708
508482
768292
760625
713869
613932
511766
440657
363483
331981
282439
260053
217732
208896
188124
186763
175915
176259
177340
183593
186648
192129
200327
207587
216194
223472
230257
237023
238338
237589
235498
233025
230073
226023
221276
216251
211487
206976
202511
198056
193606
189376
185525
181927
178450
174953
171505
168109
164850
161893
159204
156784
154393
151970
149596
147349
145189
143216
141402
139787
138274
136820
135137
133359
131456
129741
128105
126594
125264
124028
122909
121613
119675
128758
128439
128448
128699
130493
138962
173364
216141
318471
561478
592908
555777
469685
376898
303629
249377
219692
184508
167633
139593
130294
110590
106176
94571.6
91540.4
86875.5
88076.4
88375.2
89956.4
93397.2
97094.4
103230
110335
119754
130344
139697
147684
154505
161099
168036
173117
176415
177788
178203
177945
177155
175516
173230
170741
168308
165830
163233
160431
157515
154602
151771
149217
146867
144668
142534
140343
138144
136053
134085
132302
130700
129325
128118
126939
125516
123973
122233
120689
119130
117731
116377
115196
113967
112767
110720
115644
115391
115183
115269
115949
119869
137062
172334
224430
376409
426377
401138
342536
274367
225133
187335
153017
130229
113560
93982.6
82174.6
67217.7
63111.9
54296
51283.1
48192.6
48169.3
48094.8
48267.8
48576
49199.6
50520.9
52364.2
55381.3
58485.6
62338.7
66474.7
71105.3
75805.1
81606.7
88283.8
95278.8
101546
106770
111716
116591
121398
125248
128431
131070
132997
134507
134897
134692
134129
133144
132260
131338
130291
129071
127588
125917
124251
122683
121348
120198
119245
118330
117518
116389
115168
113647
112348
110889
109710
108523
107546
106381
105303
103295
105023
104846
104468
104399
104594
106014
112908
145658
176610
255234
297223
285034
254797
213891
181274
147871
116495
93930.4
66033.9
50306.2
41650.4
37546.8
36948.1
35053.8
35401.3
36632.4
37284.2
37788.3
37823.5
37807.6
37727.3
37747.2
37868.5
38187.1
38562.5
39024.1
39619.9
40321.7
41278.2
42216.7
43881.3
45955.3
48557.9
50692.2
52906.1
55576.9
59326.5
63001.1
66708.3
70373.8
74441.6
78459.3
82165.7
85465
88331.1
90992.9
93766.5
96426.6
98834
100955
102444
103376
103887
104390
104923
105717
106376
107070
107145
106932
106396
105286
104297
103096
102248
101242
100503
99629.1
98752.5
96966
95997.6
95745.7
95551
95208.9
95241.4
95669
98231.7
110894
144029
211077
223202
214906
195376
168083
139407
107443
82879.1
56717.3
38807
30044.3
25474.7
25727.6
27526.6
29181.4
33973.3
35374
35535
35541.3
35522.3
35457.4
35265.3
34922.1
34840.9
34800
34673.4
34419
34161.7
34018.3
33875.5
33726.6
33733.5
33786
33946.8
34129.6
34352.5
34632.8
35275.7
36081.9
37007.9
37844.2
39181.8
40687.1
42259.5
43899.5
45638.8
47544.7
49753.8
52165.1
54867.9
57646.3
60503.4
63064.6
65658.9
68165.7
71187.8
74589.7
78595.8
82433.6
86284
89043.4
91298.9
92305.7
93170.2
93405.5
93911.9
94034
93956.6
93657.5
92995.6
91542.1
84036.2
84078.4
84169.8
84198.2
84304.4
84612.5
85959
91749.6
111800
167614
169396
159581
140549
114720
87037.3
64663.9
44885.2
33145.4
25719.9
22301.3
20260.2
19815.7
20367
23255.2
30730.2
30814.2
31525.4
32105.9
32562.4
32470.2
32217.6
31841.9
31744.3
31636.5
31417.5
31153.9
30910.3
30691.3
30496.4
30255.3
30104.6
29921.7
29794.1
29647.3
29456.7
29271.9
29170.4
29059.1
28994.5
28996.8
29029.3
29111.5
29298.2
29469
29804.9
30175.6
30713.8
31281.2
32185.5
33010.7
34182.3
35196.1
36658.6
38032.1
40073.8
42385.9
45844
49489.4
54038.2
58229.4
62644.2
66124.1
69979.5
73144.6
77019.7
80027.7
82914.5
84951.1
86057.3
85965.1
60962
61458
62371.2
62952.7
63857.3
64687.5
66050.4
74395.6
73895.7
67443.8
67152.9
63708.4
58209.5
47216.5
37193.2
29573.5
24572.9
21189.2
19543
19359.6
18812
17601.4
16163.4
16225.6
16770.3
18544.7
23468.9
26653.8
27854.2
27828.7
27613.6
27630.7
27732
27673.4
27532.6
27440
27403.9
27385.2
27330.3
27204.2
27083.3
26999.9
26923.6
26844.1
26666.9
26452.9
26210.5
25980.5
25787.7
25622.2
25480.6
25378.7
25280.3
25155
25078.2
25008.3
25010.2
25028.1
25087.6
25160.1
25308.9
25453
25696
25990.5
26590.9
27343.2
28580
30106.8
32308.4
34655.8
37450
40318.9
43722.3
47389.8
51838.5
56857.3
61469.4
66933
70343.7
75129.5
33638.4
34397.8
34908.8
35965.7
36670.4
37610.6
43063.7
41978.2
37122.5
28159.4
23684
22078.2
22750.1
21882.9
19696.9
18113.6
17007.5
16123.5
16194
15944.6
15688.4
15317.9
15053.6
14305.5
13851.5
14358.8
15867.7
18059.7
21280.3
24480.6
24826.8
25813.4
25778.4
25670
25484.7
25417.6
25446.3
25428.7
25363.7
25214.6
25060.5
24994.7
24960.1
24892.9
24736.7
24475.7
24192.7
23953.2
23765.7
23593.7
23442
23301.3
23197.5
23045.7
22904.7
22747.7
22642.2
22521.3
22431.8
22332.4
22226
22155
22077.3
22081.4
22129.3
22260.8
22474.3
22937.9
23392.3
24340.8
25124.1
26729.9
27990
30574.9
32609.6
36755.6
39602.1
45437
48643.7
56221
15690.9
16191.3
16509.3
16870.8
18226.8
20819.8
25442.3
23915.7
20407.4
16649.9
13871.2
12275.9
11817.2
12159.7
12948.4
14772.5
15005.9
14786.2
14215.4
13634.5
13464.3
13459.1
13428.5
13286.3
13072.5
12428.9
12139.3
12555
14152.6
16562.2
20647.1
23178.9
23180.5
23168.9
23005.2
22921.6
22900.4
22818.5
22659.2
22525.5
22427.3
22394.2
22354.6
22270
22080.2
21867.3
21711.1
21606.3
21537.3
21444.3
21336.4
21239.3
21187
21114.5
21023
20895.6
20793.8
20666.3
20569.4
20434.9
20319.2
20172
20059.3
19993.2
19960.7
19967
19995.2
20075.5
20177.8
20417.9
20662.6
21216.8
21659.5
22670.4
23526.6
25461.1
26923.8
30152.2
32238
38024.4
7549
7689.96
8172.53
9201.54
11259.2
17029.6
16927.7
15488.2
13156.4
11546.2
10571.1
9922.72
9362.88
9393.59
9806.94
10376
10822.1
11734.6
12666.6
12884.5
12782.3
12554.9
12131.6
11896.3
11686.4
11435.7
11244.1
10759.6
10790.1
11230.8
12634
15477.4
17688.6
19043
19386.8
20170.5
20259.6
20220.3
20108.6
20023
20022
20028.2
20010.6
19971.9
19899.8
19785.9
19700.9
19658.2
19614.6
19549.1
19476.9
19396.3
19334.6
19286.3
19219.2
19135.9
19066.5
18984.1
18911.8
18806
18675.3
18559.8
18449.6
18378.2
18343.1
18321.3
18305.1
18306.6
18320.8
18366.3
18444.4
18613.5
18789.9
19196
19520.7
20245.7
20821.2
22123.3
23087.5
26136.5
4231.63
4753.95
6024.25
8046.42
11959.8
12392.7
11956
10892.2
10136.7
9610.06
9262.51
8947.44
8716.46
8551.36
8430.12
8456.32
8626.14
9088.4
9505.65
10364.8
11116
11521
11503.5
11358.7
11009.3
10719.5
10381.6
10163.4
9940.31
9597.31
9764.81
10582
12332.4
15881.9
18773
19628.5
19638
19617.3
19524.4
19489.4
19466.8
19412.1
19327.3
19252.5
19174.4
19125.8
19083.2
19010.9
18908.8
18816.4
18706.5
18594
18483.2
18395.7
18299.5
18205.4
18103.3
18013.2
17905.3
17778.7
17631.8
17509.4
17403
17331.9
17282.3
17238.7
17217
17165.8
17137.6
17146.9
17186.8
17299.5
17395.5
17612.3
17779.5
18100.4
18314.2
18785.8
19144.2
20415.2
3549.76
5382.99
6514.18
8363.24
9741.14
9579.38
9453.32
9310.6
9076.41
8855.16
8674.04
8481.95
8350.67
8227.26
8180.23
8102.08
7982.55
7858.19
7878.74
8009.01
8347.61
8631.42
9131.34
9464.4
9762.27
9753.94
9649.99
9499.78
9208.31
9114.12
8916.28
8943.73
9372.4
10383
12244.2
14496.3
15333.9
16413.4
16924.2
17476.1
17651.5
17645.5
17612.3
17519.8
17485.4
17494.4
17483.7
17451
17402.5
17342.9
17258.5
17190.3
17134.1
17098.7
17053.5
16999
16941.5
16879.7
16799.6
16719.1
16624
16524
16440.7
16376.7
16339.3
16291
16250
16203
16162
16120.9
16107.6
16118.8
16153.5
16252.3
16344
16544.3
16656.3
16892.4
17034.2
17569.9
4641.45
5988.06
8307.93
8719.8
8992.3
9008.77
8917.55
8698.06
8549.56
8456.66
8346.16
8231.54
8100.94
8013.83
7952.36
7856.22
7765.59
7637.48
7520.78
7377.23
7288.68
7302.46
7376.57
7562.17
7742.65
8116.43
8375.21
8599.07
8733
8703.79
8623.6
8557.89
8421
8554.96
9192.58
10836.5
12643.3
16299
17742.6
18153.4
18111
18063.9
17977.8
17883.4
17856.2
17800.8
17692.1
17607.2
17513.9
17412.9
17300.9
17207.7
17126.6
17052.9
16961.8
16880.5
16806.9
16729.1
16636.7
16545.3
16434.6
16318
16221.8
16141
16091
16005.4
15943.3
15870.1
15834.9
15809.4
15801.2
15785.4
15768.8
15770.6
15782.8
15821.4
15863.1
15957
15981.4
16172.1
7630.85
8157.27
8694.59
8772.96
8679.74
8466.78
8348.84
8285.3
8253.65
8214.08
8127.57
7967.87
7805.5
7680.95
7610.07
7540.35
7448.99
7329.37
7227.12
7103.88
7041.58
6955.51
6880.99
6798.11
6782.17
6810.93
6886.21
7036.02
7138.71
7294.67
7464.2
7545.46
7655.66
7725.98
7827.69
8057.38
8705.63
10131.8
11623.1
13932.1
14679.6
15444
15925
16350.1
16558.9
16571.8
16543.5
16472.4
16381.2
16365
16371.2
16392.3
16386.3
16361.3
16302.1
16205.1
16122.3
16045
15995.5
15935.1
15879
15795.3
15734
15658.9
15618.1
15535.2
15487.8
15395.6
15317
15246.7
15175.3
15152.5
15151.5
15153.7
15163.5
15180
15184.3
15200.6
15189.7
15264.1
8503.64
8575.08
8468.17
8297.25
8207.44
8178.11
8141.25
8066.29
7901.15
7763.74
7690.68
7630.39
7518.54
7406.76
7291.19
7206.74
7126.73
7060.12
6973.71
6902.35
6820.62
6748.59
6684.13
6615.9
6550.1
6461.64
6378.84
6302.77
6267.33
6275.16
6298.31
6346.25
6408.07
6454.87
6546.89
6692
7032.12
7433.77
8261.66
10163
11860.5
15782.6
17056.6
17656.7
17623.7
17507.4
17462.6
17355.6
17251.1
17224
17201.5
17150.9
17052.3
16926.4
16779.3
16634.4
16537.4
16426.2
16330.2
16209
16107.1
15966.4
15861.4
15739.3
15659.2
15573.7
15527
15460
15357.6
15247.1
15125.9
15051.3
14972.6
14942.8
14888.5
14870.4
14827.3
14828
14808.6
14815.4
8070.43
8072.09
8087.09
8076.81
8007.29
7813.76
7659.39
7568.58
7529.46
7499.14
7433.89
7287.34
7152.9
7070.83
7029.36
6972.53
6890.53
6804.23
6728.38
6654.74
6590.85
6525.96
6459.45
6380.08
6305.78
6229.92
6159.57
6077
6002.25
5897.45
5811.94
5754.22
5727.71
5734.09
5759.62
5800.58
5881.6
6002.88
6306.15
6660.45
7290.3
8641.61
9825
12284.2
13552.6
14776.2
15046.4
15452.7
15719
15874.3
15880.6
15858.7
15804.1
15704.1
15611.6
15541.5
15519.6
15499.5
15480.9
15438.6
15400.4
15317.6
15275.3
15210.5
15181.1
15134.1
15078.4
15034.2
14997.4
14972.3
14920.6
14864.3
14789
14728.2
14663.3
14622.6
14524.3
14475.2
14397.9
14404.8
7838.93
7819.48
7723.61
7576.13
7473.44
7419.83
7388.72
7333.05
7217.44
7097.59
7028.43
6989.75
6924.92
6822.36
6712.36
6643.09
6599.29
6560.62
6488.75
6405.58
6316.56
6250.15
6190.72
6129.88
6057.41
5973.2
5886.89
5806.95
5732.41
5674.12
5627.78
5592.74
5565.51
5548.3
5535.36
5534.38
5538.14
5549.81
5575.14
5630.62
5781.78
6104.59
6785.31
7853.51
9161.07
11944.3
13748.1
16464.9
16912
16907.7
16848.3
16713.1
16662.2
16547
16405.9
16251
16182.9
16058.2
15974.4
15800.9
15688.3
15533.1
15476.7
15427.5
15362.2
15259.4
15123
15021.9
14923.2
14859.8
14771.9
14727
14656.4
14614.5
14554.1
14519.5
14445.9
14390.1
14298.6
14229.5
7306.04
7278.66
7273.64
7264.88
7226.34
7102.8
6979.8
6900.5
6861.24
6835.01
6783.92
6669.6
6562.17
6502.93
6468.76
6400.74
6311.23
6236.58
6193.17
6132.72
6054.77
5966.52
5885.45
5823.11
5762.6
5710.19
5665.09
5628.68
5598.45
5573.73
5553.66
5537.76
5524.85
5515.4
5508.29
5503.63
5501.13
5501.32
5502.84
5507.06
5516.6
5537.28
5592.54
5757.7
6129.22
6868.6
7710.64
9469.22
10680.1
12741.9
13494.9
13974.5
14244.8
14470.1
14560.7
14558.6
14541
14508.7
14490
14453.1
14427
14427.2
14436.6
14471.7
14494.8
14542.6
14547.8
14543.3
14524.4
14495.7
14453.3
14384.3
14324.5
14280.7
14231.2
14185.9
14165.7
14147.1
14093.1
14034.8
7019.23
6997
6953.51
6861.62
6781.01
6739.84
6716.92
6677.8
6582.22
6464.49
6383.01
6346.31
6312.5
6239.73
6130.75
6043.72
5989.9
5928.38
5850.35
5786.36
5734.23
5693.14
5658.94
5633.05
5612
5594.28
5578.7
5565.98
5553.8
5542.66
5533.65
5524.91
5516.82
5510.73
5506.28
5502.87
5502.21
5502.83
5504.93
5509.89
5516.27
5522.94
5533.31
5546.33
5574.25
5650.95
5937.91
6359.31
7232.23
8426.4
9802.53
11789.3
13308.6
14777.6
15010.5
14984.4
14935
14962.7
15062.8
15044.3
14964.6
14829.2
14680.3
14573.6
14497.5
14411.1
14348.7
14293.9
14273.5
14261.2
14245.7
14222.4
14176.4
14125.2
14066.1
14011
13955.1
13933.9
13889.4
13823.1
6682.41
6641.46
6600.43
6545.29
6467.86
6373.06
6288.04
6241.66
6209.5
6170.69
6094.35
5984.92
5904.7
5853.9
5806.75
5759.4
5716.78
5680.93
5651.6
5626.85
5606.14
5591.3
5579.63
5572.33
5567.14
5562.53
5557.58
5552.36
5545.69
5538.95
5533.3
5528
5524.47
5524.58
5525.7
5529.45
5534.53
5545.17
5558.31
5576.36
5592.54
5612.27
5631.8
5652.7
5673.65
5695.55
5707.57
5733.76
5806.09
6005.49
6431.07
7214.42
8020.07
9412.01
10273.1
11997.9
12565
12945.4
13132.5
13268.9
13421.5
13517.4
13601.7
13651.1
13709.6
13707.9
13694.2
13671.8
13629.6
13607.7
13609.9
13630.4
13659.4
13682.9
13680.7
13673.2
13648.6
13621.1
13561.9
13555.1
6371.79
6321.82
6259.23
6178.77
6103.53
6054.14
6004.78
5932.7
5865.5
5813.81
5771.72
5737.36
5707.98
5681.7
5659.89
5641
5623.78
5608.7
5595.9
5584.53
5575.16
5569.02
5564.37
5562.12
5561.71
5560.91
5560.77
5560.49
5561.03
5562.49
5565.02
5570.79
5575.54
5585.84
5593.77
5610.48
5624.06
5648.43
5669.77
5696.5
5720.11
5744.57
5770.59
5792.8
5811.56
5832.75
5848.24
5865.57
5892.09
5909.52
5932.68
5996.92
6224.11
6640.56
7405.52
8532.22
9696.54
11180.5
12435.6
13113.5
13268.2
13292.9
13354.9
13482.4
13601.6
13618.2
13593.9
13563.8
13519.3
13473
13436.9
13412.6
13396.7
13367.2
13317.7
13273.8
13249.5
13247.3
13240.1
13224.8
6023.49
5965.04
5904.34
5850.04
5805.63
5771.02
5744.38
5723.81
5707.27
5691.85
5676.66
5663.37
5650.75
5638.26
5627.83
5618.13
5607.88
5598.48
5590.77
5583.13
5578.32
5577.89
5578.73
5581.49
5588.2
5599.28
5608.8
5622.75
5633.92
5647.58
5661.11
5678.65
5689.59
5709.94
5726.45
5752.47
5770.06
5798.7
5820.1
5850.36
5868.97
5897.41
5913.13
5935.45
5944.25
5960.15
5968.54
5991.29
6008.86
6050.82
6087.7
6156.15
6200.55
6236.2
6321.33
6527.86
7065.22
7631.77
8990.38
9891.15
11508
12392.6
12561.6
12594.2
12671
12800.2
12896.9
12981.3
13078
13110.2
13105
13077
13065.1
13076.7
13081.3
13068
12993
12934.8
12896.1
12873.3
5769.67
5750.68
5733.96
5717.11
5702.36
5690.61
5681.9
5677.05
5672.64
5666.82
5659.8
5652.86
5646.06
5637.54
5631.49
5627.34
5624.42
5624.67
5626.09
5629.24
5635.21
5643.17
5653.87
5669.25
5690.72
5710.89
5732.73
5754.42
5777.35
5794.85
5815.58
5834.19
5852.65
5870.25
5890.77
5910.47
5928.63
5945.38
5964.49
5982.81
5996.72
6011.63
6018.65
6033.35
6040.94
6057.75
6073.94
6118.14
6143.28
6200.33
6257.82
6308.13
6358.66
6435.39
6494.93
6523.7
6568.35
6696.61
7055.5
7595.98
8681.82
10066.9
11103.4
12208
12473
12542.2
12561.9
12580.4
12609.9
12720.6
12854.9
12870.1
12870.6
12884.2
12894
12887.4
12855.8
12785.1
12757.7
12717.2
5708.3
5703.55
5698.35
5691.2
5684.57
5679.59
5677.18
5676.68
5677.2
5678.72
5681.57
5684.94
5688.48
5692.75
5698.21
5705.9
5715.55
5727.76
5740.91
5753.71
5769.63
5788.87
5809.89
5832.6
5858.48
5882.67
5904.87
5927.33
5945.67
5960.1
5973.7
5988.63
6000.06
6010.59
6023.06
6036.07
6044.44
6052.6
6061.76
6072.16
6080.14
6084.96
6092.38
6118.01
6136.11
6166
6238.79
6284.35
6334.78
6393.45
6498.68
6528.97
6583.9
6623.13
6710.91
6734.5
6776.76
6816.88
6851.35
6937.76
7168.46
7605.9
8487.79
9934.99
11103.5
11921.7
12270
12273.8
12295.7
12275.1
12274.7
12298.9
12320.5
12333.5
12369.4
12455.2
12548.2
12580.7
12580.7
12575.2
5706.54
5707.05
5708.49
5710.76
5715.18
5722.18
5730.76
5739.38
5750.56
5763.44
5778.11
5793.64
5810.25
5825.68
5842.74
5859.99
5878.17
5896
5915.26
5933.21
5952.3
5971.38
5990.23
6009.03
6029.07
6045.95
6059.03
6069.55
6078.69
6082.3
6086.13
6091.83
6096.31
6099.41
6105.82
6116.59
6123.9
6127.53
6134.81
6148.61
6162.39
6173.96
6209.22
6268.32
6296.84
6368.79
6499.54
6529.39
6584.11
6695.01
6771.59
6781.29
6840.23
6909.01
6949.55
6954.34
7001.05
7036
7071.45
7080.31
7098.79
7156.31
7353.5
7776.39
8511.05
10065.2
11383.1
11934.7
12319.3
12300.6
12209
12131.8
12067.6
12031.8
12032.7
12047.8
12093.5
12157.5
12180.1
12225.6
5782.98
5797.01
5811.22
5826.92
5843.08
5859.03
5874.22
5890.66
5908.09
5926.58
5944.48
5963.75
5982.27
5999.52
6014.76
6028.98
6042.12
6055.92
6069.6
6082.59
6095.32
6107.78
6119.52
6130.15
6140.62
6149.09
6154.1
6158.23
6161.8
6163.95
6165.63
6169.72
6175.77
6179.81
6187.88
6205.56
6219.34
6227.25
6243.08
6279.86
6304.88
6338.59
6454.3
6507.69
6555.42
6706.79
6799.69
6816.63
6900.35
7008.05
7022.43
7036.4
7120.26
7147.56
7150.27
7173.23
7206.98
7216.61
7225.46
7244.18
7259.91
7261.72
7271.65
7318.46
7497.14
8001.75
8703.67
10091.8
11628.6
12161.4
12224.4
12189
12070.5
12033
11985.5
11952.2
11927.7
11887.3
11846.7
11850.3
5964.35
5983.94
6001.93
6019.42
6034.18
6048.04
6060.33
6070.58
6079.35
6086.25
6092.04
6097.47
6103.2
6107.59
6112.46
6117.63
6125.38
6134.56
6145.36
6155.42
6165.73
6176.79
6188.65
6199.6
6214.18
6226.92
6235.16
6245.87
6258.82
6266.56
6273.97
6289.89
6303.65
6310.98
6323.5
6347.03
6365.69
6380.66
6426.83
6491.17
6523.15
6621.69
6776.72
6798.95
6881.07
7052.38
7074.6
7102.11
7216.21
7250.09
7249.78
7283.37
7338.67
7334.34
7338.8
7367.32
7371.07
7375.86
7377.62
7392.59
7390.65
7390.37
7386.91
7380.99
7389.12
7441.7
7634.05
8203.9
8961.83
10372.8
11821
12227.6
12207
12177.2
12095.9
11999.8
11935
11824.7
11718.2
11658.8
6115.83
6125.54
6134.99
6143.78
6152.16
6157.67
6161.09
6162.45
6162.49
6162.19
6161.89
6162.08
6162.83
6164.75
6169.1
6176.47
6185.66
6198.38
6213.82
6229.84
6247.59
6267.9
6287.75
6308.09
6333.1
6356.72
6376.14
6398.41
6421.7
6436.96
6450.14
6466.56
6479.81
6486.2
6497.85
6528.68
6548.95
6583.04
6697.52
6746.1
6797.83
6985.73
7068.07
7089.49
7226.31
7317.04
7318.79
7377.01
7463
7462.38
7465.06
7512.4
7512.84
7505.05
7508.96
7523.05
7512.8
7517.83
7513.64
7519.42
7511.28
7512.48
7509.69
7500.75
7492.38
7475.94
7484.13
7558.89
7788.01
8461.59
9503.74
10880.7
12020.5
12287.5
12272.8
12223.9
12136.1
11940.7
11786.7
11677.9
6184.63
6190.88
6197.73
6204.98
6211.52
6217.07
6220.9
6223.68
6226.69
6230.67
6234.97
6242.65
6252.72
6262.79
6274.42
6289.38
6305.72
6326.03
6350.14
6374.42
6400.27
6428.69
6455.07
6482.15
6511.26
6537.54
6559.91
6580.94
6599.71
6610.43
6616.66
6626
6634.52
6642.04
6669.14
6719.09
6746.84
6853.51
7003.81
7030.02
7136.91
7333.6
7350.54
7396.21
7558.16
7577.35
7579.2
7659.56
7677.86
7672.11
7685.52
7708.78
7686.16
7685.81
7685.3
7681.45
7661.64
7663.5
7661.98
7655.83
7646.19
7645.72
7644.32
7632.7
7626.48
7612.51
7582.15
7555.06
7568.19
7687.72
8003.91
8826.78
10341.1
11579.1
12505.9
12508.2
12423.6
12206
12078.1
11842.4
6264.24
6275.72
6286.94
6297.25
6307.84
6319.85
6330.39
6339.92
6351.89
6364.64
6376.87
6391.64
6407.21
6421.43
6438.04
6455.4
6473.81
6497.27
6522.47
6547.52
6574.01
6599.39
6622.24
6644.09
6666.77
6688.8
6706.05
6721
6733.74
6738.64
6743.05
6758.49
6775.03
6801.79
6903.86
6964.69
7019.06
7237.43
7321.87
7361.1
7553.79
7658.55
7658.61
7743.14
7835.8
7833.11
7850.68
7905.43
7888.74
7884.13
7898.79
7893.59
7865.13
7864.33
7859.48
7833.45
7824.61
7816.67
7810.93
7794.99
7791.98
7786.54
7779.12
7772.87
7759.27
7745.63
7715.88
7695.47
7656.12
7648.81
7681.89
7878.72
8338.37
9303.38
11465.6
12402.4
12905.7
12758.5
12525.5
12189.2
6388.42
6402.73
6417.61
6431.74
6448.4
6468.26
6486.75
6504.33
6522.94
6537.43
6549.44
6563.22
6576.96
6590.49
6605.36
6620.52
6636.34
6654.15
6672.35
6691.07
6710.68
6730.99
6749.47
6766.62
6786.96
6805.95
6818.42
6833.8
6849.8
6860.56
6888.07
6962.46
6995.35
7089.44
7302.42
7341.29
7437.61
7676.25
7705.6
7777.59
7963.35
7971.01
7980.37
8086.39
8111.99
8106.03
8135.45
8141.98
8121.8
8121.99
8122.3
8095.24
8070
8062.57
8040.38
8008.98
8003.45
7991.1
7973.08
7965.73
7965.13
7964.6
7960.32
7953
7938.51
7923.18
7896.63
7857.43
7828.63
7803.14
7777.55
7785.21
7866.68
8193.95
8881.29
10447.2
12177.1
13216.3
13245.9
12847.3
6555.21
6573.07
6591.44
6608.7
6627.44
6646.12
6660.19
6674.95
6690.87
6703.03
6713.56
6724.77
6736.33
6746.32
6756.11
6767.42
6776.02
6787.07
6797.93
6808.28
6825.04
6844.66
6860.07
6873.53
6896.31
6914.14
6926.67
6959.98
7011.41
7051.55
7182.93
7292.63
7367.51
7654.6
7778.63
7787.86
7943.98
8131.33
8149.67
8219.89
8279.56
8281.96
8349.98
8408.25
8387.07
8379.58
8392.84
8383.55
8357.79
8356.13
8343.91
8302.46
8288.98
8269.03
8233.32
8220.43
8199.91
8180.93
8172.67
8170.05
8167.86
8162.65
8159.21
8151.94
8143.21
8121.14
8098.57
8068.53
8047.76
8014.98
7991.73
7964.88
7963.67
7988.83
8161.03
8734.65
9658.85
11458.6
13414.2
13579.1
6729.28
6746.08
6761.97
6777.37
6795
6810.92
6821.46
6830.45
6840.12
6846.58
6850.23
6854.65
6860.88
6864.46
6870.43
6880.99
6888.22
6900.29
6910.11
6917.37
6934.7
6956.11
6966.56
6983.64
7020.6
7048.55
7095.65
7246.13
7344.97
7419.76
7699.45
7870.26
8065.76
8207.19
8203.63
8312.56
8601.56
8601.77
8563.25
8602.08
8649.57
8673.09
8709.8
8702.84
8679.35
8690.72
8691.56
8669.13
8650.95
8646.6
8624.08
8596.28
8581.32
8543.59
8514.07
8498.33
8474.81
8458.38
8453.81
8452.82
8452.82
8452.2
8450.27
8444.88
8435.35
8412.17
8386.13
8356.18
8333.99
8304.12
8280.9
8255.3
8240.02
8227.04
8233.83
8291.96
8608.73
9362.7
11008.1
13184.2
6873.45
6889.27
6904.53
6919.46
6933.59
6944.94
6950.62
6954.27
6960.66
6966.16
6969.31
6974.67
6983.54
6988.84
6995.49
7006.54
7018.08
7032.51
7041.72
7051.73
7077.41
7106.45
7131.76
7194.08
7269.19
7363.17
7646.82
7798.69
7853.95
8196.98
8647.67
8654.48
8643.09
8698.19
8904.79
9072.24
9067.62
8986.43
9004.1
9106.71
9111.45
9094.25
9095.17
9088.75
9087.19
9088.72
9066.6
9023.24
9019.42
9013.76
8986.23
8965.32
8939.16
8909.22
8893.94
8871.83
8848.89
8837.71
8834.67
8831.05
8829.41
8827.85
8825.47
8820.66
8807.41
8784.38
8754.1
8733.28
8705.98
8681.1
8657.76
8635.2
8621.14
8602.24
8590.07
8587.57
8607.05
8760.62
9360.04
11664.1
7016.59
7030.83
7043.62
7055.1
7067.28
7078.04
7086.29
7096.65
7110.9
7121.16
7126.72
7135.35
7146.91
7155.64
7163.19
7174.32
7191.95
7207.08
7218.34
7237.19
7282.57
7355.45
7429.35
7582.58
7951.11
8164.64
8224.09
8399.86
9079.68
9426.66
9292.53
9158.19
9327.61
9661.41
9691.8
9620.32
9547.88
9568.98
9673.68
9680.22
9627.43
9612.55
9622
9620.33
9615.49
9592.11
9550.17
9539.96
9534.1
9507.89
9478.82
9461.97
9440.11
9424.12
9406.53
9382.71
9365.77
9357.9
9348
9339.56
9335.38
9332.81
9329.88
9325.56
9314.48
9293.92
9264.25
9241.92
9216.89
9200.02
9176.04
9161.31
9134.97
9120.16
9093.73
9082.2
9057.73
9060.75
9166.47
10095.8
7132.26
7148.69
7164.8
7182.03
7201.58
7220.88
7238.89
7259.87
7282.92
7297.97
7305.72
7318.78
7332.36
7346.25
7356.89
7370.51
7394.47
7421.01
7457.33
7550.36
7672.36
7813.97
8253.71
8758.09
8793.44
8861.19
9426.58
10143.6
10210.4
9945.23
9870.16
10174.6
10552
10511
10306.5
10280.6
10342.2
10401.6
10394.6
10329.3
10303.1
10320.2
10321.3
10302.2
10284.2
10255.9
10239.8
10227.6
10190.3
10159.1
10149.9
10131.6
10109.7
10094.2
10076.8
10064
10053.2
10039
10025.6
10014.2
10006.3
9998.12
9993.68
9986.96
9978.53
9957.23
9936.1
9905.48
9887
9858.52
9843.78
9813.4
9794.76
9755.18
9732.34
9694.92
9678.56
9642.32
9651.24
9779.33
7278.61
7301.69
7325.21
7349.53
7373.85
7397.81
7424.54
7459.79
7493.03
7514.69
7525.96
7544.66
7569.46
7585.5
7607.81
7633.43
7675.82
7785.38
7945.51
8124.33
8618.48
9313.6
9444.25
9458.31
9844.67
10881.6
11168.5
10926.1
10620.8
10731.4
11290.3
11497.7
11370.1
11124.4
11128.6
11246.1
11285.3
11260.6
11186.4
11158.2
11164.6
11162.7
11129.9
11095.5
11082.7
11067.1
11049.9
11015.6
10987.2
10973.1
10950.4
10922.7
10910.4
10898
10887.1
10881.6
10876.8
10864.9
10848.9
10828.5
10810.9
10793.5
10782.7
10771.3
10762.4
10743.2
10726.1
10701.4
10684
10653.5
10633.5
10596.3
10569.6
10524.1
10488.5
10442.9
10417.9
10383.9
10372.7
10359.3
7414.6
7444.77
7477.41
7513.76
7546.7
7574.43
7607.37
7655.57
7699.87
7724.69
7749.17
7783.51
7827.89
7880.26
7931.97
8042.43
8251.22
8460.14
9013.02
9945.8
10134.2
10147.3
10506.9
11655.9
12180.6
12067.9
11574.5
11557.9
11994.7
12471.8
12475.9
12224.2
12104.1
12176.6
12336.5
12343.3
12274.8
12200.9
12195
12209.1
12206.3
12154.6
12102.5
12091.6
12084.7
12071.2
12048.4
12019.7
12000
11982
11956.7
11934.3
11923.2
11913.1
11906
11903.1
11900.5
11893.8
11878.7
11850.4
11823.4
11796.5
11779
11761
11746
11727.9
11717.1
11702.6
11690.3
11666.3
11643
11604.3
11566.5
11515.5
11469.6
11418.1
11388.5
11357.1
11347.7
11332.4
7606.98
7641.89
7683.3
7734.49
7777.94
7808.71
7853.95
7918.7
7975.46
8015.35
8055.17
8143.62
8225.91
8369.27
8631.8
8886.08
9479.04
10615.9
10941.7
11001.7
11419.6
12756.6
13428.4
13355.3
12840.9
12757.8
13127.9
13724.1
13795.5
13602.7
13399.2
13420.1
13617.3
13702
13680.8
13593.7
13559.6
13575.2
13607.8
13603.2
13548.1
13495.7
13486.6
13479.1
13459.5
13438.5
13420.5
13397.5
13380.2
13365.9
13347.7
13333.2
13324.4
13318
13314.8
13314.5
13314.2
13311.7
13299.4
13266.5
13231.9
13204.6
13183.4
13165.2
13148.2
13134.3
13124.3
13118.1
13113.5
13106.1
13090.1
13054.6
13009.8
12956.2
12903.4
12857.4
12826.5
12808.1
12800.4
12801.2
7790.65
7830.75
7888.18
7958.06
8008.04
8044.21
8108.59
8219.49
8299.62
8400.05
8514.68
8674.85
9037.25
9379.7
10062.1
11420.1
11862.2
12048.1
12774.3
14390.9
15048.7
14948.7
14464.5
14407.2
14796.2
15432
15545.8
15422.6
15218.5
15219.6
15396.3
15563.6
15574.6
15520.7
15481.3
15490.2
15553.8
15583.9
15569.8
15515.8
15491.7
15492.3
15495.8
15488.6
15465.2
15458.7
15449.8
15436.2
15427.8
15423.4
15420.7
15421.5
15427.5
15440.2
15450.5
15457
15457
15455.7
15450.8
15429.8
15393.6
15367.5
15351.2
15344.4
15344.1
15347.9
15359.8
15371.8
15377.9
15379.6
15379.2
15373.4
15347
15289.6
15239.9
15209.3
15199.7
15199.9
15203.4
15227.9
8017.28
8068.33
8148.1
8244.33
8305.62
8373.73
8492.72
8662.11
8881.8
9067.47
9462.2
9940.86
10716.7
12437.6
13139.1
13532
14792.7
16609.4
17244.9
17168.1
16854.5
16892.7
17491.1
18111.4
18222
18136.7
18044.3
18073.6
18314
18561.1
18622.9
18605.5
18587.6
18617.9
18726.6
18804.1
18836.5
18834.3
18805.3
18798.8
18813.4
18854.8
18869.1
18869.5
18873.7
18897.1
18910.8
18921.7
18936.8
18947.2
18957.1
18985.5
19030.7
19069.4
19096.7
19108.9
19108.5
19100.7
19094
19083.5
19066.2
19055.3
19051.7
19052.2
19065.6
19122.7
19191.5
19243.6
19273.9
19286.2
19288.3
19287.2
19278.9
19249
19223.4
19214.3
19214.6
19230.5
19261.1
19335.9
8274.93
8344.85
8469.07
8594.9
8712.63
8843.17
9128.18
9476.05
9991.47
10703.5
11511.5
13546.7
14823.9
15658.2
17725.1
19768.5
20515.1
20481.7
20407
20642.5
21692.5
22365.7
22477.4
22465
22470.5
22590.4
22995.5
23326.7
23513.3
23596.8
23624.1
23681.3
23865.3
24035.6
24154.1
24230.4
24260.8
24251.8
24235.7
24251.1
24315.6
24373.3
24394.1
24414.5
24476.5
24539.5
24596.4
24663.5
24722.1
24752.3
24765.8
24793.2
24843.4
24892.3
24930.4
24953.4
24958.2
24951
24922.6
24900.2
24895.2
24897
24906.3
24932.4
24994.8
25073.7
25155.3
25225.5
25265.6
25280.3
25280.8
25273.1
25244.6
25211.5
25195.1
25193
25197.6
25233.1
25279.5
25332.3
8625.24
8722.2
8942.23
9146.78
9382.05
9826.78
10390.4
11635.3
12695.9
14950.5
17148
18698
22137.9
24654.6
25425.9
25642.6
26121.8
27411.2
28534.3
29019.5
29226.5
29334.8
29565.9
30245.4
30844.6
31036.7
31092.8
31243.8
31704.6
31954.7
31995.9
32060.1
32242
32532.5
32720.4
32780.5
32759.9
32653
32618.9
32641.5
32734.3
32800.8
32816.4
32824.1
32862.1
32935.3
32994.2
33046
33083.6
33094.6
33081.3
33042.2
33020.3
33016
33021.8
33025.7
33016
32966.4
32869.9
32786.4
32734
32713.8
32709.9
32714
32727.5
32737.5
32737.2
32735.7
32732.1
32719.9
32673
32587.9
32510.4
32433.5
32365.5
32315.2
32287.2
32280.6
32269.5
32236.7
9079.91
9295.48
9675.06
10215.7
10793
12167.1
13850.1
16618.5
20369.6
22824.5
27529.2
31543.4
33083.1
33891.9
35285.2
36998
38132.5
38576.4
38843.9
39441.8
40609
41238.8
41359.9
41468.9
41885
42380.4
42589.3
42794.9
42956.3
43024.7
43169.4
43354.5
43491.8
43563.8
43580.1
43548.9
43360
43181.1
43104.1
43071.4
43060.6
43046.7
42984
42871.9
42785.5
42718
42669.1
42622.1
42537.3
42431.3
42304.5
42171.4
42026.8
41892.7
41764.7
41652.7
41505.8
41312
41112.1
40935.2
40780.8
40653.5
40534.3
40423.1
40317
40211.9
40098.7
39978
39832.5
39681.6
39524
39348.6
39212.5
39047.6
38923.9
38774.2
38687.3
38590.1
38531.5
38388.2
9862.51
10368.9
11250
12595.3
14499.3
17960.9
23460.2
27864.7
34419.3
40327.4
43228.5
46025.9
48310.8
49844.9
50982.7
51983.7
52611.6
52940.6
53626.6
54626.9
55183.4
55214.6
55148
55216.5
55573.8
55656.4
55631.3
55601.1
55509.3
55322.6
55202.6
55125.2
55069.9
54985.4
54766.5
54329.5
53939.3
53663.2
53379.9
53129.7
52893.4
52648.4
52368.3
52093.6
51799.3
51523.5
51255.6
50995.4
50694.5
50403.3
50110.1
49829.6
49530.1
49244
48941.8
48664.8
48353.1
48030.8
47700.9
47419.5
47139.5
46901.6
46643.2
46412.5
46171.4
45961.4
45730.1
45523.5
45283.5
45071.2
44835.2
44640.8
44434.4
44269.2
44100.1
43958.1
43853.8
43771.9
43720.1
43606.1
11369.3
12588.1
15127.7
18521.3
24771.1
32281.6
40948.2
49833.5
55791.4
60097.7
62746.5
64653.9
66004.1
66737.3
67031.5
67505
68206.3
68439.2
68407.4
68357.5
68311.8
68195.7
67831.7
67574.8
67252
66767.8
66486.3
66123
65527.8
65076.3
64774.6
64442.9
64024.5
63547.6
62974.5
62346.1
61786.1
61298.8
60816.5
60368.2
59906.1
59428.8
58943.2
58489.9
58038.8
57615.5
57185.2
56752.8
56289.1
55882.8
55484.8
55107.3
54710.5
54336.3
53934.2
53552.9
53149.1
52763.9
52383.4
52059.5
51732
51456.4
51165.1
50922.6
50668.6
50450.1
50202.1
49998.1
49762.2
49575.3
49376.3
49248.4
49116.7
49044.4
48966.8
48932.6
48932.8
48960.4
48986.1
49091
14798.1
18202.9
24676
34280.1
45035.1
57695.3
67424.1
74172.6
78381.3
79922.2
80840.4
81419.5
81398.4
81111.5
80891.9
80764.3
80505.6
79804.9
78995.6
78624.3
78217.3
77166.2
76193.9
75782.5
75114.3
74156.9
73459.8
72807.7
72085.1
71475
70929.7
70358.5
69723.6
69011.7
68229.1
67519.3
66885.4
66295
65705.3
65144
64551.6
63951.6
63375.3
62860.6
62364
61906.1
61436.5
60946.2
60414.2
59968.9
59548.6
59154.6
58738.3
58352.3
57938.3
57547.5
57138.3
56777.9
56442.3
56172.8
55904.9
55692.4
55457.2
55279.4
55094.5
54959.8
54796
54698.6
54579.9
54522.8
54521.6
54549.3
54601.8
54726.2
54809.4
54989.2
55105.7
55371.3
55513.9
55913.4
23111.7
32256.7
45957
61720.3
75402
85444
91059.4
93027.8
93180.5
92857.8
91844
91087.1
90531.6
89767.6
88983.9
88253
87230.5
85901.5
84997.8
84469.8
83481.2
82103
81277.2
80667.8
79698.6
78731.6
78011.5
77250.1
76484.6
75854.3
75263.4
74610.7
73872.6
73050.5
72245.4
71555.3
70914
70307.8
69702.5
69119.1
68494
67865.6
67281
66788.7
66325.4
65897
65445.1
64953.4
64424.7
63990.4
63600.2
63247.3
62878.8
62544.5
62192.5
61873.1
61538.8
61280.2
61068.2
60920.3
60792.2
60714.2
60635.3
60611.9
60621.4
60661.1
60711.4
60825.6
60923.6
61148.8
61314.3
61661.9
61885.1
62270.7
62476.1
62893
63129.5
63635.6
63879.5
64515.5
41673.8
59078.5
77809.9
91682.5
98861.3
101735
101628
100986
100220
98424.9
96976.4
96479.6
95645.8
94361.1
93603.1
93101.4
92024.7
90333.4
89250.2
88812.4
88185.2
86680.7
85677.2
85144.9
84234.9
83272.7
82522.9
81762.4
81019.4
80384.5
79768.7
79071.6
78249.4
77365
76581.6
75900
75268.8
74678.5
74094.8
73524.5
72899.2
72278
71725.6
71298.8
70909.8
70543.6
70141.5
69682
69211
68833.5
68527.7
68267.9
68016.8
67802.5
67591.4
67432.5
67259.5
67230.1
67253.6
67333.8
67445
67632.2
67785.3
68046.4
68269.5
68631.1
68907.4
69332.4
69609.8
70096.7
70441.3
70989.7
71356.2
71877.2
72179.7
72734.8
73065.8
73692.9
73969.5
74674.3
71518
90570.8
102007
107713
108831
108442
107292
105879
105295
103928
102546
102002
101231
100208
99531.3
99001.9
97869.5
96131.6
94997.1
94541
93914.1
92380.6
91399.5
90791.7
89796.7
88831.7
88079.5
87283.2
86504.3
85855.8
85215.7
84446.6
83522.5
82614.6
81851.6
81192.4
80600.9
80059
79529.5
79000.9
78408.1
77841
77370.5
77055
76789.7
76534.7
76222.9
75845.9
75501.4
75242
75119.7
75020.1
75017.6
75055.3
75142.9
75263.4
75439.2
75709.4
76072.1
76474.1
76895.5
77339.6
77774
78241.3
78701.6
79223.1
79683.9
80221.8
80648.7
81230.3
81690.7
82287.1
82723
83247.1
83588.6
84130.7
84468.2
85049.4
85289.5
85904.8
96903.8
107268
112636
115409
115402
115124
114028
112795
112497
111679
110536
110062
109154
107894
107138
106655
105590
103530
102213
101741
101097
99450.3
98404.7
97758.4
96669.2
95641.8
94863.2
94040.7
93237.4
92578.9
91919.3
91093.1
90114.3
89226.4
88505.8
87914.7
87417.2
86992.8
86579.9
86143.9
85640.3
85195.4
84875.1
84733.8
84665.3
84612.9
84469
84272.3
84196
84214.7
84341.3
84619.5
85009.1
85415.3
85916.1
86393.8
86962.7
87488.8
88090
88638.6
89231.2
89775.5
90355.3
90916.9
91506.9
92082
92622.4
93161.3
93629.1
94180
94645.8
95180.7
95595
96042.3
96354.3
96812.8
97100
97588.9
97776.8
98284.8
109250
116738
123543
126605
126439
126114
124820
123297
122948
122150
120993
120370
119119
117526
116572
116013
114773
112447
111003
110502
109772
107959
106884
106222
105042
103964
103193
102377
101589
100980
100359
99528.7
98572
97765.7
97157.8
96719.3
96413.9
96208.3
96009.8
95749.4
95428.4
95185.1
95124.5
95197.8
95475.1
95777.4
96009.3
96163.5
96370
96780.2
97393.4
98047
98791.1
99454.4
100162
100785
101472
102096
102799
103420
104087
104670
105289
105853
106443
106982
107488
107967
108389
108876
109296
109772
110145
110540
110811
111223
111470
111925
112091
112566
120741
130707
139654
140595
139753
139035
137100
135384
134955
134017
132817
132072
130537
128582
127470
126884
125534
122928
121410
120930
120178
118260
117141
116574
115401
114312
113614
112905
112227
111769
111294
110563
109736
109109
108711
108544
108561
108685
108841
108914
108931
108961
109176
109745
110495
111148
111760
112229
112806
113430
114220
114996
115858
116627
117429
118127
118858
119508
120217
120838
121484
122048
122625
123158
123696
124202
124657
125112
125496
125977
126381
126862
127226
127604
127847
128227
128442
128856
128985
129365
134959
148934
156670
155878
154014
153473
151373
149306
148829
147851
146566
145690
143903
141647
140417
139824
138381
135564
134064
133666
132989
131118
130025
129607
128665
127643
127121
126665
126241
126065
125876
125399
124827
124494
124437
124569
125077
125744
126379
126801
127142
127584
128292
129133
130158
131060
131803
132356
133014
133742
134614
135474
136387
137203
138008
138719
139429
140087
140784
141423
142048
142619
143163
143694
144199
144702
145127
145566
145915
146361
146724
147131
147421
147663
147806
148014
148116
148333
148345
148448
153469
170807
175578
173077
171385
170972
168605
165970
165415
164399
162971
161963
159950
157457
156200
155678
154271
151342
150005
149803
149367
147794
146892
146703
146210
145440
145181
145142
145176
145343
145576
145552
145386
145374
145584
146293
147385
148531
149585
150280
150820
151377
152213
153260
154467
155516
156323
156921
157590
158356
159252
160171
161113
161981
162796
163541
164251
164939
165634
166279
166856
167372
167827
168262
168656
169031
169321
169583
169777
170013
170198
170372
170473
170474
170450
170426
170383
170369
170251
170119
176289
195704
197251
193404
192069
191823
189340
186077
185439
184509
182916
181777
179696
177181
176079
175780
174677
171929
171036
171214
171119
170119
169723
169905
169871
169684
169756
170130
170687
171450
172160
172461
172633
172991
173718
174769
176203
177705
178988
179812
180395
181017
181937
183124
184471
185630
186459
187068
187725
188520
189433
190397
191352
192221
192983
193657
194261
194821
195357
195801
196137
196388
196590
196758
196914
197041
197106
197125
197119
197123
197115
197080
196995
196791
196588
196384
196179
196038
195744
195391
205130
224199
223672
218113
217196
217243
214717
210802
210140
209470
207884
206761
204948
202849
202268
202497
202027
200043
199748
200668
200963
200601
200710
201664
202137
202308
202834
203837
204784
206047
207192
207746
208119
208677
209605
210926
212665
214503
215999
216929
217502
218111
219040
220306
221731
222902
223669
224182
224717
225381
226153
226961
227733
228368
228858
229239
229550
229810
230048
230182
230190
230152
230075
229989
229913
229811
229662
229473
229273
229105
228927
228702
228445
228061
227717
227361
227032
226764
226350
225813
241767
258172
256139
248726
248656
249024
246185
241935
241576
241454
240569
239909
238913
238088
238356
239936
239980
238994
239196
241423
242276
242263
242732
244652
245514
245857
246839
248255
249507
251169
252606
253316
253820
254499
255531
256998
258965
261097
262721
263610
264007
264360
265057
266168
267446
268380
268856
269036
269227
269561
270031
270544
271020
271345
271505
271563
271557
271523
271455
271291
270999
270658
270340
270035
269757
269453
269119
268763
268416
268112
267797
267415
267010
266481
266023
265552
265130
264747
264245
263580
288632
299447
296688
288489
289116
289824
286429
282683
283183
284848
285341
286439
287380
287809
289612
293287
293669
293090
293744
297327
298506
298569
299353
302070
303045
303403
304563
306340
307864
309814
311460
312250
312737
313331
314232
315603
317588
319800
321297
321811
321747
321490
321578
322321
323411
324025
324116
323900
323642
323607
323733
323964
324133
324152
324021
323736
323448
323130
322792
322328
321778
321190
320664
320176
319724
319245
318757
318278
317829
317429
317011
316515
316004
315370
314843
314297
313813
313346
312766
312035
348885
352262
349534
341060
342554
343987
340363
338313
340947
347316
350463
355740
359019
360155
363265
367954
368400
367713
368700
373268
374383
374339
375324
378593
379465
379767
380977
382953
384499
386514
388189
388846
389027
389178
389582
390536
392358
394488
395597
395573
394778
393622
393074
393348
394286
394686
394476
393677
392914
392504
392349
392283
392196
391956
391505
390957
390416
389856
389290
388591
387828
387047
386357
385714
385109
384479
383870
383312
382810
382361
381875
381294
380704
379989
379421
378827
378295
377765
377110
376348
423575
422831
420649
412586
415683
419779
417419
418370
428370
443490
451305
459690
463799
464424
466588
471271
471508
470479
471854
477291
478049
477793
479080
482731
483225
483230
484225
486069
487279
489094
490594
490863
490525
489853
489566
489813
491270
493344
494046
493378
491459
489363
487982
487908
488666
489057
488626
487298
485989
485151
484704
484397
484075
483576
482895
482087
481303
480525
479766
478868
477921
476977
476141
475344
474575
473789
473067
472450
471918
471447
470890
470199
469500
468687
468064
467414
466820
466214
465486
464659
521886
521259
520827
514650
521371
533614
535378
543872
572001
595321
604183
610756
612645
611697
612157
616137
616604
615637
618032
624784
625036
624417
626196
629806
629619
629032
629826
631046
631557
632900
634018
633910
632596
630719
629404
628971
629764
631762
632301
630798
627535
624191
621784
621288
621964
622499
622018
620233
618266
616835
616025
615451
614938
614221
613220
612053
610962
609952
608998
607882
606712
605560
604529
603528
602534
601527
600629
599909
599303
598763
598083
597233
596378
595439
594730
594004
593322
592615
591811
590843
659776
667358
672598
670862
688461
718193
730112
759015
802938
821697
824984
827585
827680
825315
825398
830384
831899
831723
836770
845054
844783
843611
846006
849102
847905
846296
846833
847061
846611
847102
847745
847018
844143
840758
837926
836236
836343
838139
838857
836506
831558
826322
822160
820894
821690
822597
822168
819857
816934
814433
812976
812089
811398
810404
808927
807213
805664
804353
803178
801810
800337
798881
797552
796263
794947
793604
792383
791429
790626
789915
789013
787923
786826
785716
784862
784039
783226
782384
781492
780240
872371
902386
923668
933126
986832
1.04335e+06
1.06947e+06
1.10804e+06
1.14581e+06
1.15933e+06
1.15722e+06
1.15676e+06
1.15823e+06
1.15772e+06
1.16053e+06
1.17111e+06
1.17501e+06
1.17718e+06
1.18766e+06
1.19672e+06
1.19552e+06
1.1934e+06
1.19594e+06
1.19761e+06
1.19445e+06
1.19133e+06
1.19122e+06
1.19031e+06
1.18778e+06
1.18727e+06
1.18694e+06
1.18477e+06
1.18005e+06
1.17498e+06
1.17e+06
1.16603e+06
1.16477e+06
1.1661e+06
1.16713e+06
1.16402e+06
1.15751e+06
1.14999e+06
1.14315e+06
1.14015e+06
1.14079e+06
1.14212e+06
1.1418e+06
1.13898e+06
1.13493e+06
1.13079e+06
1.12808e+06
1.12661e+06
1.12564e+06
1.12431e+06
1.12219e+06
1.11967e+06
1.11736e+06
1.11553e+06
1.11403e+06
1.11236e+06
1.11048e+06
1.10856e+06
1.10674e+06
1.105e+06
1.10321e+06
1.10135e+06
1.09956e+06
1.09812e+06
1.09687e+06
1.09579e+06
1.09452e+06
1.09308e+06
1.09164e+06
1.09029e+06
1.08921e+06
1.08822e+06
1.08719e+06
1.08613e+06
1.08509e+06
1.08333e+06
1.23626e+06
1.33063e+06
1.39257e+06
1.43424e+06
1.55826e+06
1.62592e+06
1.63571e+06
1.66083e+06
1.69843e+06
1.6988e+06
1.69279e+06
1.69877e+06
1.71464e+06
1.72275e+06
1.73714e+06
1.75458e+06
1.76068e+06
1.76621e+06
1.78142e+06
1.78829e+06
1.78436e+06
1.78002e+06
1.78086e+06
1.77921e+06
1.77168e+06
1.76729e+06
1.76595e+06
1.76217e+06
1.75665e+06
1.75398e+06
1.75159e+06
1.7472e+06
1.74106e+06
1.73445e+06
1.72714e+06
1.71973e+06
1.7151e+06
1.71486e+06
1.71576e+06
1.71214e+06
1.70502e+06
1.69615e+06
1.68666e+06
1.68056e+06
1.67953e+06
1.68028e+06
1.67989e+06
1.67658e+06
1.67164e+06
1.66583e+06
1.66116e+06
1.65837e+06
1.65665e+06
1.65485e+06
1.65205e+06
1.64851e+06
1.645e+06
1.64218e+06
1.64003e+06
1.63791e+06
1.63551e+06
1.63294e+06
1.6303e+06
1.62777e+06
1.62525e+06
1.62267e+06
1.62007e+06
1.6178e+06
1.61574e+06
1.61401e+06
1.6122e+06
1.61034e+06
1.60852e+06
1.60683e+06
1.60536e+06
1.60399e+06
1.6025e+06
1.60104e+06
1.59964e+06
1.59704e+06
2.00162e+06
2.27953e+06
2.42404e+06
2.50515e+06
2.63643e+06
2.66671e+06
2.65331e+06
2.66012e+06
2.67113e+06
2.65495e+06
2.65834e+06
2.69236e+06
2.73387e+06
2.75695e+06
2.77978e+06
2.79553e+06
2.79867e+06
2.80386e+06
2.81538e+06
2.81449e+06
2.80405e+06
2.79657e+06
2.79357e+06
2.78491e+06
2.77374e+06
2.76841e+06
2.76443e+06
2.75573e+06
2.74684e+06
2.74107e+06
2.73567e+06
2.72949e+06
2.72201e+06
2.71392e+06
2.70441e+06
2.69361e+06
2.68447e+06
2.68033e+06
2.68023e+06
2.67565e+06
2.6691e+06
2.66051e+06
2.64953e+06
2.64057e+06
2.63553e+06
2.63388e+06
2.63255e+06
2.62826e+06
2.62273e+06
2.61558e+06
2.60883e+06
2.60415e+06
2.60097e+06
2.59845e+06
2.59489e+06
2.59018e+06
2.58509e+06
2.58075e+06
2.57753e+06
2.57468e+06
2.57145e+06
2.56784e+06
2.56392e+06
2.56018e+06
2.55669e+06
2.55329e+06
2.54981e+06
2.54659e+06
2.5435e+06
2.54101e+06
2.5386e+06
2.53633e+06
2.53409e+06
2.53192e+06
2.52982e+06
2.52768e+06
2.52533e+06
2.52315e+06
2.52098e+06
2.51716e+06
4.12011e+06
4.84812e+06
5.07893e+06
4.92405e+06
4.9847e+06
4.95439e+06
4.91566e+06
4.90859e+06
4.89066e+06
4.82486e+06
4.83705e+06
4.89935e+06
4.94917e+06
4.97351e+06
4.99686e+06
5.01017e+06
5.01412e+06
5.01856e+06
5.02623e+06
5.0185e+06
5.00226e+06
4.99131e+06
4.98579e+06
4.97412e+06
4.96461e+06
4.95951e+06
4.95343e+06
4.94062e+06
4.93245e+06
4.9293e+06
4.92954e+06
4.92973e+06
4.92137e+06
4.90769e+06
4.89145e+06
4.87687e+06
4.87038e+06
4.87034e+06
4.8781e+06
4.87301e+06
4.86641e+06
4.85345e+06
4.83389e+06
4.82514e+06
4.82496e+06
4.82604e+06
4.82787e+06
4.82144e+06
4.81379e+06
4.80258e+06
4.79332e+06
4.79086e+06
4.78927e+06
4.78874e+06
4.78595e+06
4.78001e+06
4.77342e+06
4.76883e+06
4.76657e+06
4.76418e+06
4.75988e+06
4.75445e+06
4.74879e+06
4.74432e+06
4.74108e+06
4.73818e+06
4.73499e+06
4.73256e+06
4.73042e+06
4.72929e+06
4.72809e+06
4.72662e+06
4.72467e+06
4.7225e+06
4.72025e+06
4.71788e+06
4.71501e+06
4.71261e+06
4.70952e+06
4.70524e+06
1.06301e+07
1.17485e+07
1.44877e+07
1.2586e+07
1.30817e+07
1.34593e+07
1.36397e+07
1.39038e+07
1.42211e+07
1.4534e+07
1.48207e+07
1.51264e+07
1.53831e+07
1.5562e+07
1.57498e+07
1.59764e+07
1.61745e+07
1.63022e+07
1.64371e+07
1.65759e+07
1.66302e+07
1.66604e+07
1.67228e+07
1.68087e+07
1.68723e+07
1.69172e+07
1.69603e+07
1.69953e+07
1.70459e+07
1.71347e+07
1.7236e+07
1.72871e+07
1.7269e+07
1.72226e+07
1.71774e+07
1.71633e+07
1.72266e+07
1.73865e+07
1.75056e+07
1.74834e+07
1.74227e+07
1.73329e+07
1.72756e+07
1.72951e+07
1.74324e+07
1.75764e+07
1.7606e+07
1.75767e+07
1.75331e+07
1.75036e+07
1.75098e+07
1.75624e+07
1.76242e+07
1.76543e+07
1.76603e+07
1.76611e+07
1.76725e+07
1.76987e+07
1.77226e+07
1.77288e+07
1.77228e+07
1.77161e+07
1.77173e+07
1.77291e+07
1.7744e+07
1.77575e+07
1.77721e+07
1.7794e+07
1.78203e+07
1.7846e+07
1.78634e+07
1.7875e+07
1.78841e+07
1.78939e+07
1.79053e+07
1.79163e+07
1.79236e+07
1.79303e+07
1.79318e+07
1.79423e+07
)
;

boundaryField
{
    inlet
    {
        type            turbulentMixingLengthFrequencyInlet;
        mixingLength    0.00575;
        phi             phi;
        k               k;
        value           uniform 1607.05;
    }
    outlet
    {
        type            inletOutlet;
        inletValue      uniform 1;
        value           nonuniform List<scalar> 
82
(
6.48353e+06
2.65733e+06
1.56876e+06
1.01028e+06
699042
512212
393124
312966
256643
215822
185454
162347
144555
130682
119675
110720
103295
96966
91542.1
85965.1
75129.5
56221
38024.4
26136.5
20415.2
17569.9
16172.1
15264.1
14815.4
14404.8
14229.5
14034.8
13823.1
13555.1
13224.8
12873.3
12717.2
12575.2
12225.6
11850.3
11658.8
11677.9
11842.4
12189.2
12847.3
13579.1
13184.2
11664.1
10095.8
9779.33
10359.3
11332.4
12801.2
15227.9
19335.9
25332.3
32236.7
38388.2
43606.1
49091
55913.4
64515.5
74674.3
85904.8
98284.8
112566
129365
148448
170119
195391
225813
263580
312035
376348
464659
590843
780240
1.08333e+06
1.59704e+06
2.51716e+06
4.70524e+06
1.79423e+07
)
;
    }
    bottom
    {
        beta1           0.075;
        blended         false;
        type            omegaWallFunction;
        value           nonuniform List<scalar> 
196
(
6.6183e+06
7.14036e+06
7.00355e+06
6.55199e+06
6.79435e+06
5.73346e+06
6.96916e+06
7.17542e+06
6.08384e+06
6.19593e+06
6.30861e+06
6.39385e+06
7.72665e+06
7.70909e+06
6.65608e+06
6.74265e+06
6.8333e+06
6.92487e+06
7.01375e+06
7.10192e+06
7.19303e+06
7.28682e+06
7.38206e+06
7.47903e+06
8.90573e+06
7.67546e+06
7.77552e+06
9.31033e+06
9.38831e+06
8.08109e+06
8.18449e+06
8.28901e+06
9.87107e+06
8.50136e+06
1.014e+07
8.71648e+06
8.82509e+06
8.93473e+06
1.06529e+07
9.1557e+06
1.08612e+07
9.3811e+06
9.4961e+06
9.61124e+06
9.72658e+06
9.84163e+06
9.9628e+06
1.00816e+07
1.02017e+07
1.0318e+07
1.04342e+07
1.0548e+07
1.06567e+07
1.07879e+07
1.09487e+07
1.11069e+07
1.12591e+07
1.14063e+07
1.15506e+07
1.16925e+07
1.18328e+07
1.19721e+07
1.21115e+07
1.22505e+07
1.23894e+07
1.25284e+07
1.26676e+07
1.28071e+07
1.29474e+07
1.30885e+07
1.32303e+07
1.33721e+07
1.35146e+07
1.36576e+07
1.38012e+07
1.39454e+07
1.40908e+07
1.42368e+07
1.43839e+07
1.45314e+07
1.468e+07
1.48294e+07
1.49799e+07
1.51308e+07
1.52827e+07
1.5435e+07
1.55887e+07
1.57428e+07
1.58981e+07
1.60536e+07
1.621e+07
1.63665e+07
1.65239e+07
1.66813e+07
1.68401e+07
1.6999e+07
1.71593e+07
1.73194e+07
1.74807e+07
1.76417e+07
1.78043e+07
1.7967e+07
1.81311e+07
1.82952e+07
1.84605e+07
1.86256e+07
1.87919e+07
1.89582e+07
1.91252e+07
1.92921e+07
1.94599e+07
1.9628e+07
1.97967e+07
1.99661e+07
2.01347e+07
2.03041e+07
2.03728e+07
2.02864e+07
1.97602e+07
1.75315e+07
1.40183e+07
1.19268e+07
1.09187e+07
1.03796e+07
9.58076e+06
9.51581e+06
9.06631e+06
8.21843e+06
7.40229e+06
6.55006e+06
5.82458e+06
5.22395e+06
5.7518e+06
5.87995e+06
5.98415e+06
6.07488e+06
6.09646e+06
6.14666e+06
6.13348e+06
6.13606e+06
6.13187e+06
6.16091e+06
6.17295e+06
6.16033e+06
6.14326e+06
6.16148e+06
6.18005e+06
6.18186e+06
6.17876e+06
6.18579e+06
6.20068e+06
6.206e+06
6.20087e+06
6.18981e+06
6.18801e+06
6.19612e+06
6.20144e+06
6.19778e+06
6.18732e+06
6.17618e+06
6.17428e+06
6.17248e+06
6.16832e+06
6.1603e+06
6.1479e+06
6.14254e+06
6.14107e+06
6.13879e+06
6.13048e+06
6.11881e+06
6.10527e+06
6.09561e+06
6.09358e+06
6.09467e+06
6.09856e+06
6.10017e+06
6.09215e+06
6.08129e+06
6.07355e+06
6.06925e+06
6.07128e+06
6.0823e+06
6.10525e+06
6.13621e+06
6.16653e+06
6.18797e+06
6.19629e+06
6.19839e+06
6.20451e+06
6.21729e+06
6.23997e+06
6.27528e+06
6.3243e+06
6.37785e+06
6.41656e+06
6.48353e+06
)
;
    }
    top
    {
        beta1           0.075;
        blended         false;
        type            omegaWallFunction;
        value           nonuniform List<scalar> 
190
(
5.48528e+06
5.95134e+06
5.92476e+06
5.67507e+06
5.20143e+06
4.78405e+06
4.50951e+06
4.36388e+06
4.29271e+06
4.26514e+06
4.26942e+06
4.28851e+06
4.31663e+06
4.35436e+06
4.41145e+06
4.46783e+06
4.51502e+06
4.5551e+06
4.59119e+06
4.62489e+06
4.65536e+06
4.68365e+06
4.71112e+06
4.73802e+06
4.76455e+06
4.79106e+06
4.81787e+06
4.84447e+06
4.86942e+06
4.89152e+06
4.91138e+06
4.93178e+06
4.9538e+06
4.97765e+06
5.0029e+06
5.02832e+06
5.05284e+06
5.07539e+06
5.09681e+06
5.11867e+06
5.14146e+06
5.16483e+06
5.18829e+06
5.21183e+06
5.23504e+06
5.25824e+06
5.28248e+06
5.30795e+06
5.33388e+06
5.35949e+06
5.38415e+06
5.40789e+06
5.43139e+06
5.45505e+06
5.47931e+06
5.50427e+06
5.52969e+06
5.55541e+06
5.58114e+06
5.60652e+06
5.63105e+06
5.65487e+06
5.67867e+06
5.70281e+06
5.72754e+06
5.75299e+06
5.77899e+06
5.8053e+06
5.83184e+06
5.85824e+06
5.8843e+06
5.91e+06
5.93514e+06
5.96021e+06
5.98454e+06
6.00905e+06
6.22371e+06
6.3713e+06
6.1886e+06
6.23078e+06
6.30428e+06
6.48421e+06
6.68135e+06
6.51253e+06
6.80991e+06
6.86044e+06
5.66244e+06
6.82755e+06
7.0515e+06
6.91391e+06
7.12878e+06
7.05888e+06
7.25106e+06
6.05182e+06
6.10781e+06
6.16364e+06
7.34939e+06
7.45768e+06
7.73148e+06
6.38419e+06
6.43909e+06
7.69702e+06
7.69927e+06
8.03338e+06
8.01577e+06
8.19414e+06
7.94046e+06
8.15171e+06
8.3156e+06
8.31054e+06
1.06301e+07
1.17485e+07
1.44877e+07
1.2586e+07
1.30817e+07
1.34593e+07
1.36397e+07
1.39038e+07
1.42211e+07
1.4534e+07
1.48207e+07
1.51264e+07
1.53831e+07
1.5562e+07
1.57498e+07
1.59764e+07
1.61745e+07
1.63022e+07
1.64371e+07
1.65759e+07
1.66302e+07
1.66604e+07
1.67228e+07
1.68087e+07
1.68723e+07
1.69172e+07
1.69603e+07
1.69953e+07
1.70459e+07
1.71347e+07
1.7236e+07
1.72871e+07
1.7269e+07
1.72226e+07
1.71774e+07
1.71633e+07
1.72266e+07
1.73865e+07
1.75056e+07
1.74834e+07
1.74227e+07
1.73329e+07
1.72756e+07
1.72951e+07
1.74324e+07
1.75764e+07
1.7606e+07
1.75767e+07
1.75331e+07
1.75036e+07
1.75098e+07
1.75624e+07
1.76242e+07
1.76543e+07
1.76603e+07
1.76611e+07
1.76725e+07
1.76987e+07
1.77226e+07
1.77288e+07
1.77228e+07
1.77161e+07
1.77173e+07
1.77291e+07
1.7744e+07
1.77575e+07
1.77721e+07
1.7794e+07
1.78203e+07
1.7846e+07
1.78634e+07
1.7875e+07
1.78841e+07
1.78939e+07
1.79053e+07
1.79163e+07
1.79236e+07
1.79303e+07
1.79318e+07
1.79423e+07
)
;
    }
    upstream
    {
        type            symmetryPlane;
    }
    defaultFaces
    {
        type            empty;
    }
}


// ************************************************************************* //
