/*--------------------------------*- C++ -*----------------------------------*\
  =========                 |
  \\      /  F ield         | OpenFOAM: The Open Source CFD Toolbox
   \\    /   O peration     | Website:  https://openfoam.org
    \\  /    A nd           | Version:  13
     \\/     M anipulation  |
\*---------------------------------------------------------------------------*/
FoamFile
{
    format      ascii;
    class       volScalarField;
    location    "0.0012";
    object      rho;
}
// * * * * * * * * * * * * * * * * * * * * * * * * * * * * * * * * * * * * * //

dimensions      [1 -3 0 0 0 0 0];

internalField   nonuniform List<scalar> 
16072
(
0.178613
0.129966
0.0981965
0.0798587
0.0705173
0.0651883
0.205317
0.177715
0.144797
0.121563
0.106129
0.0952207
0.214169
0.206626
0.18538
0.162575
0.143636
0.128718
0.213509
0.219729
0.210382
0.194079
0.177852
0.163288
0.21096
0.222582
0.221053
0.213065
0.201952
0.190626
0.208559
0.222056
0.225548
0.222403
0.215593
0.207814
0.207042
0.218317
0.225744
0.22566
0.222294
0.217052
0.206186
0.214482
0.225023
0.226734
0.225214
0.221636
0.20577
0.210789
0.221675
0.226691
0.22619
0.224166
0.205558
0.208511
0.217726
0.225975
0.225992
0.225335
0.205472
0.207036
0.213166
0.223321
0.225427
0.225717
0.205433
0.206191
0.210035
0.219174
0.224579
0.225704
0.205414
0.205766
0.207792
0.214046
0.221926
0.225534
0.205405
0.20556
0.206547
0.210143
0.218106
0.224838
0.205402
0.20547
0.205901
0.20773
0.213092
0.221566
0.2054
0.205429
0.205612
0.206418
0.209353
0.21634
0.2054
0.205411
0.205487
0.205825
0.207164
0.210965
0.2054
0.205403
0.205433
0.205568
0.206122
0.207678
0.2054
0.205401
0.205411
0.205464
0.205669
0.206309
0.2054
0.2054
0.205403
0.205422
0.205498
0.205738
0.2054
0.2054
0.205401
0.205407
0.205433
0.205519
0.2054
0.2054
0.2054
0.205402
0.20541
0.205438
0.2054
0.2054
0.2054
0.2054
0.205402
0.205411
0.2054
0.2054
0.2054
0.2054
0.2054
0.205403
0.2054
0.2054
0.2054
0.2054
0.2054
0.2054
0.2054
0.2054
0.2054
0.2054
0.2054
0.2054
0.2054
0.2054
0.2054
0.2054
0.2054
0.2054
0.2054
0.2054
0.2054
0.2054
0.2054
0.2054
0.2054
0.2054
0.2054
0.2054
0.2054
0.2054
0.2054
0.2054
0.2054
0.2054
0.2054
0.2054
0.2054
0.2054
0.2054
0.2054
0.2054
0.2054
0.2054
0.2054
0.2054
0.2054
0.2054
0.2054
0.2054
0.2054
0.2054
0.2054
0.2054
0.2054
0.2054
0.2054
0.2054
0.2054
0.2054
0.2054
0.2054
0.2054
0.2054
0.2054
0.2054
0.2054
0.2054
0.2054
0.2054
0.2054
0.2054
0.2054
0.2054
0.2054
0.2054
0.2054
0.2054
0.2054
0.2054
0.2054
0.2054
0.2054
0.2054
0.2054
0.2054
0.2054
0.2054
0.2054
0.2054
0.2054
0.2054
0.2054
0.2054
0.2054
0.2054
0.2054
0.2054
0.2054
0.2054
0.2054
0.2054
0.2054
0.2054
0.2054
0.2054
0.2054
0.2054
0.2054
0.2054
0.2054
0.2054
0.2054
0.2054
0.2054
0.2054
0.2054
0.2054
0.2054
0.2054
0.2054
0.2054
0.2054
0.2054
0.2054
0.2054
0.2054
0.2054
0.2054
0.2054
0.2054
0.2054
0.2054
0.2054
0.2054
0.2054
0.2054
0.2054
0.2054
0.2054
0.2054
0.2054
0.2054
0.2054
0.2054
0.2054
0.2054
0.2054
0.2054
0.2054
0.2054
0.2054
0.2054
0.2054
0.2054
0.2054
0.2054
0.2054
0.2054
0.2054
0.2054
0.2054
0.2054
0.2054
0.2054
0.2054
0.2054
0.2054
0.2054
0.2054
0.2054
0.2054
0.2054
0.2054
0.2054
0.2054
0.2054
0.2054
0.2054
0.2054
0.2054
0.2054
0.2054
0.2054
0.2054
0.2054
0.2054
0.2054
0.2054
0.2054
0.2054
0.2054
0.2054
0.2054
0.2054
0.2054
0.2054
0.2054
0.2054
0.2054
0.2054
0.2054
0.2054
0.2054
0.2054
0.2054
0.2054
0.2054
0.2054
0.2054
0.2054
0.2054
0.2054
0.2054
0.2054
0.2054
0.2054
0.2054
0.2054
0.2054
0.2054
0.2054
0.2054
0.2054
0.2054
0.2054
0.2054
0.2054
0.2054
0.2054
0.2054
0.2054
0.2054
0.2054
0.2054
0.2054
0.2054
0.2054
0.2054
0.2054
0.2054
0.2054
0.2054
0.2054
0.2054
0.2054
0.2054
0.2054
0.2054
0.2054
0.2054
0.2054
0.2054
0.2054
0.2054
0.2054
0.2054
0.2054
0.2054
0.2054
0.2054
0.2054
0.2054
0.2054
0.2054
0.2054
0.2054
0.2054
0.2054
0.2054
0.2054
0.2054
0.2054
0.2054
0.2054
0.2054
0.205401
0.2054
0.2054
0.2054
0.2054
0.2054
0.205402
0.2054
0.2054
0.2054
0.2054
0.2054
0.205403
0.2054
0.2054
0.2054
0.2054
0.2054
0.205405
0.2054
0.2054
0.2054
0.2054
0.2054
0.205405
0.2054
0.2054
0.2054
0.2054
0.2054
0.205402
0.2054
0.2054
0.2054
0.2054
0.2054
0.205391
0.2054
0.2054
0.2054
0.2054
0.205401
0.205382
0.2054
0.2054
0.2054
0.2054
0.205401
0.205376
0.2054
0.2054
0.2054
0.2054
0.205401
0.20537
0.2054
0.2054
0.2054
0.2054
0.205401
0.205354
0.2054
0.2054
0.2054
0.2054
0.205402
0.205356
0.2054
0.2054
0.2054
0.2054
0.205402
0.205145
0.0619607
0.0593698
0.0578641
0.0566038
0.0555413
0.0548798
0.0543102
0.05376
0.0532885
0.0528685
0.0524665
0.0521093
0.0518216
0.0515806
0.0513519
0.0511319
0.050931
0.0507493
0.0505882
0.050441
0.0503055
0.0501811
0.0500685
0.0499668
0.0498737
0.0497868
0.0497045
0.0496272
0.0495549
0.0494888
0.0494127
0.0492368
0.049029
0.0488227
0.0486244
0.0484356
0.0482526
0.0480823
0.0479228
0.0477779
0.0476233
0.0474859
0.0473536
0.047243
0.0471623
0.0471173
0.0471717
0.0472455
0.0472578
0.0472584
0.0472501
0.0472322
0.0472063
0.0471763
0.0471447
0.0471121
0.0470785
0.0470463
0.0470153
0.0469852
0.0469553
0.0469265
0.0468968
0.0468675
0.0468389
0.0468127
0.0467871
0.0467626
0.0467386
0.0467165
0.0466946
0.0466742
0.0466543
0.046636
0.0466177
0.0466
0.0465819
0.0465652
0.0465485
0.0465329
0.0465164
0.046501
0.0464854
0.0464713
0.0464573
0.0464451
0.046433
0.0464228
0.0464117
0.0464022
0.0463915
0.0463826
0.046373
0.0463652
0.0463557
0.0463477
0.0463384
0.046331
0.0463224
0.046316
0.0463081
0.0463018
0.046295
0.0462899
0.0462839
0.046279
0.0462737
0.0462689
0.0462663
0.0462638
0.08716
0.0806372
0.076352
0.0729504
0.0701417
0.0681158
0.0664096
0.0648274
0.0634271
0.0621647
0.060984
0.0599179
0.0589968
0.0581839
0.0574289
0.0567188
0.0560639
0.0554737
0.0549405
0.054451
0.0539986
0.0535821
0.0532004
0.0528483
0.0525235
0.0522223
0.0519416
0.051679
0.0514339
0.0512066
0.0509889
0.0507577
0.050511
0.0502654
0.0500289
0.0498049
0.0495918
0.0493886
0.0491953
0.0490116
0.048839
0.0486738
0.0485154
0.048376
0.0482574
0.0481647
0.0481551
0.0481731
0.0481483
0.0481199
0.0480901
0.0480569
0.0480188
0.0479781
0.0479362
0.0478936
0.0478495
0.0478067
0.0477651
0.0477246
0.0476844
0.0476453
0.0476054
0.0475659
0.0475274
0.0474915
0.0474563
0.0474223
0.0473887
0.0473567
0.0473251
0.0472951
0.0472657
0.0472382
0.0472109
0.0471845
0.0471578
0.0471327
0.0471076
0.0470838
0.0470593
0.047036
0.0470125
0.0469908
0.0469694
0.0469498
0.0469304
0.0469131
0.0468951
0.0468788
0.0468614
0.046846
0.0468298
0.0468155
0.0467996
0.0467852
0.0467698
0.0467564
0.0467419
0.0467296
0.0467161
0.046704
0.0466917
0.0466809
0.0466695
0.0466591
0.0466487
0.0466385
0.0466309
0.0466211
0.116375
0.105976
0.0987095
0.0928027
0.0879165
0.0842275
0.0811076
0.0783192
0.0759011
0.0737595
0.0717919
0.0700189
0.0684709
0.0670996
0.0658327
0.0646457
0.0635498
0.0625548
0.0616508
0.0608178
0.0600433
0.0593236
0.058657
0.0580362
0.0574587
0.056919
0.0564128
0.0559361
0.0554869
0.0550645
0.0546657
0.0543102
0.0539694
0.0536396
0.0533231
0.0530213
0.0527352
0.0524636
0.0521996
0.0519494
0.0517174
0.0514973
0.051282
0.0510832
0.0509132
0.05077
0.0506876
0.0506105
0.0504979
0.0504037
0.0503308
0.0502673
0.0502051
0.0501428
0.0500801
0.050016
0.0499496
0.0498844
0.0498205
0.0497579
0.0496955
0.0496343
0.0495721
0.0495104
0.0494501
0.0493929
0.0493368
0.0492819
0.0492272
0.0491738
0.0491208
0.0490698
0.0490198
0.0489723
0.0489254
0.0488798
0.0488342
0.0487905
0.048747
0.0487053
0.0486629
0.0486221
0.0485814
0.0485429
0.0485048
0.0484689
0.0484334
0.0484003
0.0483668
0.0483353
0.0483031
0.048273
0.0482423
0.0482136
0.0481834
0.0481548
0.0481255
0.0480984
0.0480707
0.0480453
0.0480189
0.047994
0.047969
0.0479456
0.0479218
0.047899
0.0478766
0.0478543
0.0478354
0.0478089
0.149853
0.137043
0.12736
0.118979
0.111717
0.105897
0.100837
0.0963127
0.0924044
0.0889809
0.0858886
0.083133
0.0807325
0.0786216
0.076699
0.0749201
0.0732889
0.071811
0.0704722
0.0692453
0.0681099
0.0670545
0.0660757
0.0651657
0.0643187
0.0635271
0.0627836
0.0620836
0.0614228
0.0607992
0.0602097
0.0596815
0.0591952
0.058738
0.0583038
0.057891
0.0574971
0.0571242
0.0567682
0.056428
0.0561027
0.0557993
0.0555006
0.0552245
0.0549712
0.0547445
0.0545572
0.0543772
0.0542002
0.0540576
0.0539461
0.0538505
0.0537607
0.0536724
0.0535836
0.0534926
0.053398
0.0533043
0.0532121
0.0531212
0.0530302
0.0529402
0.0528488
0.0527579
0.0526685
0.052583
0.052499
0.0524164
0.0523337
0.0522523
0.0521711
0.0520923
0.0520149
0.0519407
0.0518676
0.0517965
0.0517256
0.0516571
0.0515891
0.0515232
0.0514568
0.0513924
0.0513284
0.0512671
0.0512065
0.0511486
0.0510912
0.0510368
0.0509822
0.0509302
0.0508778
0.0508279
0.0507775
0.0507294
0.0506796
0.0506317
0.0505833
0.0505377
0.0504917
0.0504485
0.0504045
0.050362
0.0503197
0.0502791
0.0502382
0.0501984
0.0501595
0.0501204
0.0500864
0.0500359
0.178862
0.166923
0.157144
0.14785
0.139368
0.132188
0.125525
0.119285
0.113707
0.108706
0.104135
0.100041
0.0964548
0.0933011
0.0904557
0.0878542
0.0854859
0.0833545
0.0814368
0.0796957
0.0780982
0.0766229
0.0752602
0.0739993
0.0728306
0.071743
0.0707252
0.0697704
0.0688706
0.0680233
0.0672219
0.0664842
0.0658064
0.0651762
0.0645832
0.0640234
0.063491
0.0629852
0.0625064
0.0620486
0.0616105
0.0611966
0.0607937
0.0604237
0.060075
0.0597576
0.0594774
0.0591857
0.0589039
0.0586857
0.0585181
0.0583794
0.0582532
0.0581322
0.0580117
0.0578892
0.0577625
0.0576367
0.0575126
0.0573901
0.0572675
0.0571457
0.0570219
0.0568984
0.0567764
0.0566591
0.0565437
0.0564304
0.0563173
0.0562055
0.0560937
0.0559846
0.0558773
0.0557738
0.055672
0.0555728
0.0554742
0.0553786
0.0552838
0.0551914
0.0550986
0.0550082
0.0549185
0.0548322
0.0547468
0.0546646
0.0545833
0.0545054
0.0544275
0.0543529
0.0542783
0.0542068
0.0541351
0.0540658
0.0539947
0.0539256
0.0538563
0.0537902
0.0537242
0.0536616
0.0535984
0.0535369
0.0534758
0.0534164
0.053357
0.0532984
0.0532415
0.053184
0.0531339
0.0530571
0.199576
0.190249
0.182457
0.174481
0.166709
0.159744
0.152856
0.14601
0.139497
0.133312
0.127392
0.121882
0.1169
0.112415
0.108318
0.104559
0.101132
0.0980449
0.0952764
0.0927793
0.0905073
0.0884266
0.0865188
0.0847652
0.0831513
0.0816605
0.0802752
0.0789851
0.077776
0.0766435
0.0755762
0.07458
0.0736569
0.0728
0.0719983
0.0712455
0.0705345
0.0698612
0.0692198
0.068611
0.0680344
0.0674814
0.0669514
0.0664601
0.0659917
0.0655552
0.0651589
0.0647397
0.0643313
0.0640069
0.0637536
0.0635469
0.0633637
0.0631934
0.0630285
0.062864
0.0626963
0.0625306
0.0623678
0.062208
0.0620487
0.0618906
0.0617302
0.06157
0.0614115
0.0612586
0.0611083
0.0609609
0.0608144
0.0606696
0.0605248
0.0603828
0.0602427
0.0601074
0.0599742
0.0598444
0.0597157
0.0595907
0.0594669
0.0593459
0.0592246
0.0591061
0.0589887
0.0588753
0.0587634
0.0586552
0.0585481
0.0584449
0.0583421
0.0582432
0.0581448
0.0580503
0.057956
0.0578646
0.057771
0.0576795
0.057588
0.0575002
0.0574131
0.0573299
0.0572466
0.0571653
0.0570846
0.0570058
0.0569271
0.0568492
0.0567734
0.0566967
0.0566299
0.0565263
0.211247
0.205063
0.199595
0.19368
0.187941
0.182599
0.176899
0.171009
0.165169
0.159224
0.153132
0.147103
0.141345
0.13589
0.130681
0.125738
0.121119
0.116872
0.113002
0.109479
0.106266
0.103324
0.100632
0.0981669
0.0959091
0.0938364
0.0919239
0.0901564
0.0885122
0.0869818
0.0855486
0.0842079
0.0829588
0.0817977
0.0807154
0.0797029
0.0787517
0.077855
0.0770028
0.0761966
0.0754334
0.0747026
0.0740116
0.0733636
0.0727477
0.072165
0.071632
0.0710723
0.070502
0.070024
0.0696428
0.0693317
0.0690609
0.0688153
0.0685837
0.0683581
0.0681328
0.0679126
0.0676981
0.0674893
0.0672831
0.0670793
0.0668738
0.0666691
0.0664668
0.0662712
0.0660795
0.0658916
0.0657054
0.0655216
0.065338
0.0651576
0.0649796
0.0648068
0.0646371
0.0644717
0.0643082
0.0641493
0.0639921
0.0638383
0.0636844
0.0635337
0.0633847
0.0632405
0.0630983
0.0629606
0.0628243
0.0626925
0.0625614
0.0624348
0.0623095
0.062189
0.0620694
0.0619532
0.0618349
0.0617185
0.0616021
0.0614901
0.0613792
0.0612732
0.0611677
0.0610645
0.0609623
0.0608625
0.0607625
0.0606638
0.0605669
0.0604695
0.060384
0.0602521
0.217351
0.212891
0.209328
0.205399
0.201642
0.198151
0.194175
0.190004
0.185806
0.1813
0.176384
0.171218
0.165985
0.160719
0.155387
0.150036
0.14478
0.13972
0.134916
0.130393
0.126159
0.122209
0.118542
0.115151
0.112025
0.109148
0.106496
0.104051
0.101787
0.0996872
0.0977317
0.095907
0.0942064
0.0926253
0.0911546
0.0897833
0.0885011
0.0872965
0.0861599
0.0850859
0.0840696
0.0831026
0.0821949
0.0813405
0.080531
0.0797595
0.0790465
0.0783188
0.0775582
0.0768843
0.0763299
0.0758712
0.0754732
0.075117
0.0747874
0.0744726
0.0741645
0.0738669
0.0735801
0.0733035
0.0730334
0.0727686
0.072504
0.0722418
0.0719836
0.071734
0.0714903
0.0712521
0.0710166
0.0707849
0.0705541
0.0703272
0.0701033
0.0698856
0.069672
0.0694639
0.0692588
0.0690596
0.0688629
0.0686704
0.0684782
0.0682899
0.0681037
0.0679234
0.0677459
0.0675737
0.0674035
0.0672385
0.0670744
0.0669158
0.0667591
0.0666085
0.0664596
0.066315
0.0661683
0.0660236
0.0658789
0.0657392
0.0656011
0.065469
0.0653378
0.0652101
0.0650834
0.0649599
0.0648359
0.0647138
0.0645932
0.0644725
0.0643658
0.0642033
0.220393
0.217045
0.214193
0.211541
0.209274
0.207157
0.20452
0.201924
0.199429
0.196593
0.193314
0.189736
0.185966
0.181959
0.177659
0.173097
0.168375
0.163572
0.158749
0.153958
0.149251
0.144675
0.140264
0.136049
0.132059
0.128309
0.124801
0.121526
0.118472
0.115624
0.112964
0.110478
0.108159
0.106
0.103991
0.10212
0.100375
0.0987415
0.0972065
0.0957594
0.0943971
0.0931052
0.0918957
0.0907611
0.089689
0.0886665
0.0877152
0.0867721
0.0857822
0.0848616
0.0840771
0.083415
0.0828389
0.0823258
0.0818559
0.0814134
0.0809868
0.080579
0.0801895
0.0798174
0.0794578
0.0791085
0.0787633
0.0784236
0.0780907
0.0777697
0.0774576
0.0771538
0.076855
0.0765618
0.0762713
0.0759858
0.0757044
0.0754307
0.0751625
0.0749014
0.0746451
0.0743964
0.0741516
0.0739121
0.0736734
0.0734394
0.0732085
0.0729846
0.0727647
0.0725513
0.0723407
0.072136
0.0719328
0.0717359
0.0715417
0.0713552
0.0711715
0.0709934
0.0708134
0.0706358
0.070458
0.0702859
0.0701157
0.0699531
0.069792
0.0696356
0.0694804
0.0693296
0.0691779
0.0690289
0.0688811
0.0687331
0.068602
0.0684063
0.222459
0.219223
0.216646
0.214709
0.213087
0.211826
0.210057
0.208529
0.207206
0.205648
0.203737
0.201589
0.19928
0.196744
0.193896
0.190741
0.187346
0.18374
0.179929
0.175933
0.171792
0.167552
0.163254
0.158948
0.154682
0.150509
0.14646
0.142557
0.138815
0.13524
0.131839
0.128613
0.125567
0.122702
0.120017
0.117503
0.115148
0.112938
0.110861
0.108905
0.107067
0.105328
0.1037
0.102178
0.100744
0.0993797
0.0981075
0.0968722
0.0955899
0.0943562
0.0932655
0.0923263
0.091505
0.0907738
0.090107
0.0894842
0.0888904
0.0883265
0.0877919
0.0872846
0.0867988
0.0863311
0.0858737
0.0854268
0.0849917
0.0845734
0.0841689
0.0837768
0.0833932
0.0830187
0.0826495
0.0822876
0.0819316
0.0815857
0.0812473
0.0809185
0.0805968
0.0802852
0.0799795
0.079681
0.0793842
0.0790933
0.0788067
0.0785289
0.0782565
0.0779925
0.0777322
0.0774791
0.077228
0.0769844
0.0767445
0.0765141
0.0762879
0.0760692
0.0758492
0.0756322
0.0754148
0.0752041
0.0749955
0.0747961
0.0745992
0.0744086
0.0742195
0.0740364
0.073852
0.0736712
0.0734914
0.0733114
0.0731513
0.0729189
0.224045
0.22101
0.217953
0.216486
0.215055
0.214074
0.212711
0.211883
0.211231
0.210408
0.209371
0.208222
0.206971
0.205553
0.203893
0.201997
0.199913
0.197644
0.195159
0.192448
0.189515
0.186383
0.183066
0.179587
0.175976
0.172272
0.16851
0.16472
0.160928
0.157159
0.153435
0.149781
0.146225
0.142791
0.139499
0.136356
0.133363
0.130516
0.12781
0.125243
0.12281
0.120503
0.118332
0.116296
0.114383
0.112565
0.110868
0.109244
0.107579
0.105935
0.104431
0.103113
0.101955
0.100922
0.0999816
0.0991065
0.0982782
0.0974958
0.0967574
0.0960597
0.0953957
0.0947613
0.0941465
0.0935505
0.0929735
0.0924204
0.091888
0.0913745
0.0908752
0.0903902
0.0899149
0.0894505
0.0889951
0.0885531
0.088122
0.087704
0.0872964
0.0869026
0.0865178
0.0861427
0.0857711
0.0854073
0.0850493
0.0847026
0.0843637
0.0840356
0.0837127
0.0833989
0.0830879
0.082786
0.0824887
0.0822034
0.081924
0.0816548
0.0813852
0.0811199
0.0808541
0.0805961
0.0803405
0.0800962
0.0798553
0.0796229
0.0793926
0.0791701
0.0789464
0.0787272
0.0785089
0.0782904
0.0780952
0.0778204
0.22486
0.222527
0.219267
0.217746
0.216186
0.215278
0.214064
0.213594
0.213209
0.212721
0.212175
0.211624
0.211015
0.210285
0.209381
0.208318
0.207152
0.205883
0.204468
0.202872
0.201085
0.199118
0.196975
0.194662
0.192181
0.189544
0.186759
0.183835
0.180782
0.177615
0.174352
0.171012
0.167625
0.164223
0.160838
0.157493
0.154201
0.150978
0.147833
0.144776
0.141822
0.138974
0.136249
0.133656
0.131201
0.128854
0.126643
0.124545
0.122414
0.120266
0.118238
0.116423
0.114815
0.113375
0.112061
0.110841
0.10969
0.108605
0.107583
0.106621
0.105709
0.104842
0.104007
0.103202
0.102427
0.101687
0.100978
0.100296
0.099637
0.0989995
0.0983781
0.0977734
0.0971829
0.0966114
0.0960553
0.0955174
0.0949945
0.0944905
0.0939997
0.0935231
0.0930528
0.0925931
0.0921419
0.0917055
0.0912799
0.0908686
0.0904649
0.0900728
0.089685
0.0893082
0.0889376
0.0885818
0.0882344
0.0879008
0.0875683
0.0872423
0.0869159
0.0865987
0.0862843
0.0859836
0.0856876
0.0854029
0.0851213
0.0848499
0.0845774
0.084311
0.0840452
0.0837796
0.083541
0.0832152
0.225168
0.223759
0.220852
0.218932
0.216929
0.215895
0.214829
0.214537
0.21422
0.213838
0.213551
0.213319
0.21304
0.212673
0.212193
0.211621
0.210997
0.210328
0.209584
0.20872
0.20772
0.206587
0.205334
0.203967
0.202482
0.200869
0.199126
0.197245
0.195225
0.19306
0.190753
0.188309
0.18574
0.183061
0.180291
0.177444
0.174532
0.171566
0.168563
0.165537
0.162517
0.159512
0.15655
0.153648
0.150839
0.1481
0.145455
0.142931
0.140378
0.137752
0.135179
0.132805
0.130667
0.128733
0.126957
0.1253
0.123737
0.122262
0.12087
0.119554
0.118308
0.117126
0.115995
0.114909
0.113864
0.112867
0.111913
0.111001
0.110123
0.109277
0.108457
0.10766
0.106885
0.106136
0.10541
0.10471
0.104031
0.103378
0.102745
0.102131
0.101528
0.10094
0.100365
0.0998091
0.0992687
0.0987477
0.0982374
0.0977424
0.0972536
0.096779
0.0963123
0.0958646
0.0954283
0.0950107
0.0945967
0.0941923
0.0937879
0.0933951
0.0930052
0.0926324
0.0922658
0.0919142
0.0915668
0.0912334
0.0908989
0.0905731
0.0902476
0.0899235
0.0896297
0.0892402
0.224483
0.224026
0.22227
0.220039
0.217693
0.216486
0.215492
0.215133
0.214774
0.21435
0.214244
0.214167
0.214044
0.213849
0.213581
0.213283
0.212968
0.212624
0.212238
0.211786
0.211247
0.210618
0.209914
0.209145
0.208311
0.207401
0.206406
0.205318
0.204132
0.202839
0.201437
0.199922
0.198292
0.196546
0.194685
0.192713
0.190632
0.188442
0.186147
0.183756
0.181287
0.178747
0.176153
0.17352
0.170877
0.168228
0.165571
0.162978
0.160343
0.157553
0.15468
0.151904
0.149329
0.146962
0.144767
0.142697
0.140715
0.138822
0.137024
0.135318
0.133693
0.132137
0.130639
0.129198
0.127816
0.1265
0.125239
0.12403
0.122863
0.12174
0.120654
0.119605
0.118588
0.117608
0.116657
0.11574
0.114851
0.113997
0.113171
0.112376
0.111597
0.110839
0.110099
0.109385
0.108692
0.108024
0.107371
0.106738
0.106115
0.105511
0.104917
0.104348
0.103795
0.103266
0.102744
0.102237
0.10173
0.101238
0.100749
0.100282
0.099823
0.099384
0.0989509
0.0985369
0.0981222
0.0977202
0.0973175
0.0969196
0.0965538
0.0960831
0.223423
0.224375
0.22358
0.221295
0.21885
0.217264
0.216223
0.215626
0.215114
0.214631
0.2146
0.214607
0.214564
0.214448
0.214276
0.214128
0.213986
0.213821
0.213623
0.213383
0.21309
0.212741
0.212343
0.211909
0.211441
0.210933
0.210381
0.209776
0.209114
0.208386
0.207591
0.206728
0.205797
0.204786
0.203689
0.202504
0.201228
0.199857
0.198388
0.196821
0.195159
0.193406
0.191568
0.189639
0.187649
0.185598
0.183466
0.181321
0.179134
0.176753
0.174139
0.171434
0.168815
0.166349
0.164013
0.161783
0.159628
0.157531
0.155479
0.153487
0.151566
0.149719
0.147928
0.146178
0.144466
0.142812
0.141224
0.139701
0.138229
0.136804
0.135415
0.134066
0.132753
0.131485
0.130259
0.129077
0.127932
0.126832
0.125767
0.124739
0.123734
0.122757
0.121803
0.120885
0.119995
0.119137
0.118298
0.117487
0.116689
0.115915
0.115156
0.114428
0.113721
0.113046
0.112383
0.111739
0.111097
0.110473
0.109855
0.109264
0.108684
0.108129
0.107584
0.107063
0.106543
0.106041
0.105538
0.105045
0.104583
0.104007
0.22205
0.224373
0.224114
0.222555
0.220336
0.218028
0.216894
0.215936
0.215407
0.214867
0.214809
0.214844
0.214813
0.214722
0.214621
0.214571
0.214517
0.214445
0.214352
0.214233
0.214078
0.21388
0.213643
0.21338
0.213097
0.212796
0.212474
0.212129
0.211759
0.211356
0.210915
0.210437
0.209921
0.209363
0.208754
0.20809
0.207366
0.206578
0.205724
0.204804
0.203814
0.202759
0.201638
0.200437
0.199162
0.19785
0.19644
0.194975
0.193502
0.191901
0.190032
0.187905
0.185694
0.183561
0.181532
0.179557
0.177596
0.175673
0.173785
0.171906
0.17002
0.168139
0.166279
0.164454
0.162663
0.160902
0.159157
0.157434
0.15574
0.154087
0.152474
0.1509
0.149354
0.14784
0.146351
0.144899
0.143483
0.142119
0.1408
0.139527
0.138279
0.137062
0.135867
0.13471
0.133583
0.132496
0.131435
0.130408
0.129399
0.12842
0.12746
0.126538
0.125641
0.124784
0.123943
0.123125
0.12231
0.121519
0.120736
0.119985
0.11925
0.118548
0.117858
0.1172
0.116544
0.115913
0.11528
0.114663
0.114076
0.113356
0.217897
0.223963
0.22381
0.223222
0.221838
0.219242
0.217797
0.216308
0.215851
0.215181
0.215038
0.215023
0.214963
0.21485
0.214824
0.214817
0.214794
0.21475
0.214699
0.214642
0.214572
0.214474
0.21434
0.214174
0.213988
0.213794
0.213597
0.213395
0.213183
0.212953
0.2127
0.212425
0.21213
0.211816
0.211474
0.211101
0.210695
0.210254
0.209774
0.209255
0.208695
0.208099
0.207465
0.206786
0.206047
0.205281
0.204475
0.203584
0.202696
0.201794
0.20073
0.199392
0.197813
0.196156
0.194576
0.193108
0.19166
0.190182
0.188684
0.187211
0.185763
0.184296
0.182771
0.181193
0.179595
0.178019
0.176469
0.174928
0.17336
0.171765
0.170151
0.168544
0.166949
0.165382
0.163834
0.162307
0.160786
0.159284
0.1578
0.156347
0.15491
0.1535
0.152111
0.15076
0.149435
0.148148
0.146881
0.145647
0.144427
0.143237
0.142063
0.14093
0.139825
0.138766
0.137725
0.136712
0.135703
0.134723
0.13375
0.132816
0.131899
0.131023
0.130159
0.129336
0.128516
0.127727
0.126934
0.126163
0.125426
0.124513
0.213339
0.22206
0.222275
0.222823
0.222631
0.221042
0.21912
0.217125
0.216436
0.21552
0.215209
0.215113
0.214965
0.214871
0.214891
0.214926
0.214923
0.214889
0.214837
0.214808
0.214795
0.214772
0.214717
0.214624
0.214498
0.214357
0.21422
0.214094
0.213968
0.213831
0.213678
0.213508
0.213328
0.213142
0.212947
0.212733
0.212498
0.212242
0.211963
0.211661
0.211337
0.210996
0.210634
0.210252
0.209839
0.209404
0.208957
0.208473
0.207939
0.207454
0.206945
0.206276
0.205363
0.204225
0.202995
0.201843
0.20082
0.199881
0.1989
0.197864
0.196816
0.195792
0.194786
0.193758
0.192664
0.191503
0.190305
0.189104
0.187904
0.186703
0.185474
0.184203
0.182879
0.181521
0.180146
0.178773
0.1774
0.17604
0.174681
0.173326
0.171953
0.170568
0.169169
0.167782
0.166404
0.165051
0.163709
0.162388
0.161071
0.159771
0.158476
0.157209
0.155959
0.154748
0.15355
0.152374
0.151198
0.150048
0.148904
0.147799
0.14671
0.145662
0.144626
0.143637
0.142645
0.141692
0.140727
0.139791
0.138889
0.137771
0.209241
0.215655
0.219877
0.222945
0.222983
0.222404
0.220863
0.218714
0.217225
0.215928
0.215326
0.215207
0.214985
0.214912
0.214942
0.214976
0.214959
0.214924
0.214889
0.214884
0.2149
0.214917
0.214905
0.214864
0.214783
0.214676
0.214565
0.214474
0.214398
0.214319
0.214226
0.214114
0.213989
0.213864
0.213742
0.213615
0.213477
0.213324
0.213153
0.212965
0.212763
0.212556
0.212338
0.212111
0.211877
0.21163
0.211374
0.211104
0.210809
0.210496
0.21025
0.209972
0.20956
0.208941
0.208112
0.207175
0.206279
0.205537
0.204907
0.204338
0.203717
0.203022
0.202312
0.201629
0.200971
0.200314
0.199626
0.198867
0.198038
0.197179
0.196322
0.195471
0.194609
0.19372
0.192791
0.191812
0.190781
0.18972
0.188651
0.187585
0.186508
0.185416
0.184299
0.183167
0.182013
0.180847
0.179659
0.178467
0.177259
0.176051
0.174829
0.173621
0.172414
0.171231
0.170042
0.168863
0.167665
0.16648
0.165283
0.164116
0.162948
0.161817
0.160683
0.159593
0.158494
0.157427
0.156345
0.15528
0.154261
0.152973
0.206887
0.210197
0.216436
0.222661
0.222753
0.222124
0.221585
0.220435
0.218501
0.216839
0.215712
0.215577
0.215189
0.215011
0.215012
0.215002
0.214959
0.214908
0.214899
0.214906
0.214931
0.214972
0.214976
0.214961
0.214921
0.214853
0.21477
0.214695
0.214638
0.214587
0.214528
0.214453
0.214362
0.214268
0.214179
0.214094
0.21401
0.213919
0.213817
0.213698
0.213568
0.213432
0.21329
0.213142
0.212996
0.212849
0.212697
0.212535
0.212364
0.212175
0.211989
0.211869
0.211721
0.211469
0.211045
0.210427
0.209685
0.208931
0.208295
0.20785
0.207504
0.207161
0.206769
0.206315
0.205838
0.205386
0.204984
0.204597
0.204181
0.20371
0.203184
0.202615
0.202029
0.201446
0.200877
0.200302
0.199703
0.199068
0.198397
0.197693
0.196955
0.196188
0.195402
0.194607
0.193806
0.192993
0.192157
0.191298
0.19041
0.189496
0.188555
0.1876
0.186634
0.185669
0.184694
0.183706
0.182694
0.181674
0.180635
0.1796
0.178558
0.177526
0.176485
0.175461
0.174421
0.173393
0.172342
0.171292
0.170261
0.168988
0.205932
0.207347
0.211356
0.217282
0.220406
0.221594
0.222193
0.221818
0.220307
0.218488
0.216813
0.216166
0.215399
0.215158
0.215057
0.215018
0.214955
0.214905
0.214899
0.214907
0.214932
0.214972
0.214988
0.214987
0.214974
0.214945
0.214897
0.214836
0.21478
0.214728
0.214677
0.214624
0.214565
0.214503
0.214442
0.214382
0.21432
0.214255
0.214186
0.214109
0.214021
0.213927
0.213828
0.213721
0.213619
0.213523
0.21343
0.213331
0.213224
0.213108
0.212984
0.212872
0.21282
0.212746
0.212595
0.2123
0.21184
0.211227
0.210575
0.209993
0.209588
0.209314
0.209123
0.208931
0.208675
0.208367
0.208059
0.207768
0.207492
0.207233
0.206986
0.206719
0.206412
0.206065
0.205699
0.205321
0.204935
0.20455
0.204172
0.203792
0.203391
0.202955
0.202486
0.201993
0.201486
0.200965
0.200429
0.199879
0.199311
0.198723
0.198112
0.197485
0.196843
0.196196
0.19553
0.194849
0.194136
0.193406
0.192652
0.191892
0.191111
0.190334
0.189534
0.188744
0.187929
0.187116
0.186268
0.185413
0.184553
0.183454
0.205581
0.206103
0.207753
0.21141
0.217043
0.221267
0.222133
0.221915
0.221171
0.22007
0.218525
0.217108
0.215883
0.215466
0.215127
0.215089
0.215031
0.214939
0.214911
0.214916
0.214929
0.214946
0.214964
0.214976
0.214981
0.214976
0.214958
0.21492
0.214872
0.214821
0.21477
0.214721
0.214676
0.214634
0.214594
0.214551
0.214499
0.21444
0.214382
0.214324
0.214265
0.214202
0.214134
0.214059
0.213981
0.213911
0.213847
0.213783
0.213713
0.213633
0.213552
0.213469
0.213409
0.213385
0.21335
0.213256
0.213054
0.212705
0.212223
0.211649
0.211114
0.21068
0.21041
0.210263
0.210129
0.209998
0.209857
0.209677
0.209455
0.20922
0.20902
0.208849
0.208689
0.20853
0.208365
0.208176
0.207957
0.20771
0.207463
0.207224
0.206989
0.206741
0.206482
0.206214
0.205941
0.205655
0.205353
0.205032
0.204697
0.204342
0.203971
0.203583
0.20319
0.202789
0.202386
0.201965
0.201531
0.201075
0.200612
0.20013
0.199639
0.19913
0.198611
0.198074
0.197532
0.196963
0.196398
0.195781
0.195221
0.19438
0.205457
0.205639
0.206207
0.20783
0.211375
0.216455
0.220129
0.220916
0.221168
0.22119
0.220581
0.21906
0.217378
0.216237
0.215445
0.215329
0.215178
0.214998
0.214972
0.214964
0.214936
0.214922
0.214927
0.21495
0.21498
0.214988
0.214983
0.214963
0.214933
0.214898
0.214855
0.214807
0.214758
0.214714
0.214673
0.214633
0.214585
0.214531
0.214485
0.214447
0.21441
0.214372
0.214328
0.214277
0.214217
0.214159
0.214106
0.214056
0.214003
0.213944
0.213881
0.213825
0.213773
0.213738
0.213721
0.213696
0.213629
0.213482
0.213233
0.212865
0.212396
0.211899
0.211444
0.211136
0.210924
0.21079
0.210737
0.210678
0.210581
0.210443
0.210289
0.210134
0.20999
0.209856
0.209748
0.209649
0.20954
0.209416
0.209291
0.209163
0.209031
0.208878
0.208714
0.208546
0.208388
0.208225
0.20806
0.207882
0.207699
0.207502
0.207296
0.207073
0.206848
0.206612
0.206375
0.206122
0.205862
0.205585
0.205312
0.205025
0.204739
0.204437
0.204132
0.20381
0.203485
0.203146
0.202811
0.202447
0.202177
0.201753
0.205416
0.205474
0.205667
0.206226
0.207614
0.210926
0.215504
0.21929
0.221069
0.221284
0.221152
0.220635
0.219465
0.217823
0.216505
0.215837
0.215354
0.215083
0.215109
0.215076
0.214961
0.214914
0.214921
0.214953
0.215013
0.215026
0.21501
0.214986
0.214967
0.214948
0.214924
0.214887
0.214841
0.214788
0.214738
0.214693
0.214646
0.214595
0.214554
0.21453
0.214508
0.214482
0.214451
0.214413
0.214365
0.214315
0.214271
0.214231
0.214188
0.21414
0.214088
0.214042
0.214006
0.213971
0.21394
0.21392
0.213892
0.213837
0.213738
0.213576
0.213322
0.212965
0.212518
0.212056
0.211697
0.211406
0.211239
0.211161
0.211101
0.21103
0.210958
0.210892
0.210817
0.210717
0.210611
0.210511
0.21042
0.21032
0.210235
0.210172
0.210117
0.210045
0.209959
0.209863
0.209774
0.209676
0.209575
0.209459
0.209346
0.209225
0.209105
0.20897
0.208842
0.208705
0.208576
0.208429
0.208282
0.208112
0.207957
0.20778
0.207621
0.207431
0.207271
0.207069
0.206912
0.206747
0.206626
0.206527
0.206609
0.206822
0.205404
0.205421
0.205481
0.20566
0.206152
0.207323
0.210041
0.214125
0.217808
0.220066
0.220592
0.220413
0.22031
0.219802
0.218683
0.217244
0.216135
0.215561
0.215422
0.215272
0.215059
0.214961
0.214977
0.215044
0.215075
0.215059
0.215018
0.215001
0.214991
0.214981
0.214963
0.214935
0.214903
0.214864
0.214817
0.214768
0.214719
0.214669
0.214627
0.214603
0.214583
0.214557
0.214523
0.214488
0.214449
0.214405
0.214369
0.214338
0.214306
0.214266
0.214219
0.214178
0.214144
0.214115
0.214081
0.214047
0.214022
0.213993
0.213953
0.2139
0.213813
0.213657
0.213405
0.213032
0.212616
0.21221
0.21185
0.211617
0.211494
0.211378
0.211283
0.211247
0.211222
0.21118
0.211124
0.211063
0.210999
0.210914
0.210823
0.210754
0.210712
0.210667
0.210613
0.210556
0.210516
0.210474
0.210425
0.210359
0.210292
0.210215
0.210138
0.210045
0.209957
0.209866
0.209784
0.209695
0.209605
0.209504
0.209414
0.209316
0.209229
0.209127
0.209059
0.208966
0.208938
0.208955
0.209084
0.209408
0.21023
0.211797
0.205401
0.205405
0.205422
0.205477
0.205628
0.206023
0.206964
0.20886
0.212547
0.216314
0.219166
0.21985
0.220327
0.220299
0.220031
0.219167
0.217914
0.216703
0.215886
0.215548
0.215262
0.215119
0.215122
0.215129
0.215095
0.215047
0.215007
0.215009
0.215023
0.215023
0.215009
0.214981
0.214955
0.214937
0.214913
0.214873
0.214819
0.214763
0.214714
0.21468
0.214654
0.214623
0.214582
0.214545
0.214516
0.214482
0.214447
0.214417
0.214388
0.214352
0.214307
0.214266
0.214231
0.214201
0.21417
0.21413
0.214095
0.214068
0.214037
0.214017
0.213998
0.213955
0.213858
0.213681
0.213405
0.213065
0.212679
0.212296
0.212028
0.211819
0.211618
0.211502
0.211468
0.211422
0.211365
0.211334
0.211304
0.211254
0.211182
0.211125
0.211092
0.211061
0.211018
0.210961
0.210926
0.2109
0.210872
0.210832
0.210797
0.210757
0.210716
0.210659
0.210602
0.210541
0.210488
0.210426
0.21037
0.210302
0.210251
0.210206
0.210177
0.210154
0.210171
0.210231
0.210393
0.210753
0.211553
0.21313
0.217037
0.224632
0.2054
0.205401
0.205405
0.20542
0.205465
0.205583
0.205876
0.206533
0.207944
0.210639
0.214441
0.217079
0.219025
0.219892
0.219756
0.219541
0.219282
0.21868
0.217605
0.216547
0.215861
0.215495
0.215299
0.215124
0.215038
0.215023
0.215027
0.21504
0.215067
0.215068
0.215054
0.215028
0.215011
0.215001
0.214987
0.21496
0.214917
0.214866
0.214816
0.214771
0.214731
0.214691
0.214644
0.214604
0.214581
0.214558
0.214526
0.214493
0.214462
0.214429
0.214387
0.214341
0.214305
0.214273
0.214242
0.214204
0.214159
0.214125
0.214093
0.214068
0.214064
0.214055
0.214023
0.21395
0.213821
0.213634
0.213388
0.213082
0.212744
0.212444
0.212162
0.211888
0.211761
0.21168
0.211585
0.211515
0.211481
0.211437
0.211364
0.211317
0.21131
0.211302
0.211279
0.211227
0.211187
0.211166
0.211146
0.211115
0.211084
0.211055
0.211029
0.210994
0.210953
0.21092
0.210891
0.210859
0.210833
0.210802
0.210792
0.210802
0.210844
0.210941
0.211147
0.211577
0.212395
0.214137
0.218193
0.225955
0.246027
0.280687
0.2054
0.2054
0.205401
0.205405
0.205416
0.205449
0.205535
0.205733
0.206173
0.207161
0.208839
0.211837
0.215148
0.218133
0.218721
0.219258
0.219529
0.21944
0.219118
0.218332
0.217324
0.216552
0.215922
0.215367
0.215215
0.215196
0.215141
0.215074
0.215048
0.215049
0.215046
0.21504
0.215038
0.215037
0.215032
0.21502
0.214999
0.214969
0.214928
0.214877
0.21482
0.214765
0.214717
0.214674
0.214649
0.214629
0.214602
0.214566
0.214533
0.214502
0.214466
0.214418
0.214375
0.214342
0.214312
0.214279
0.214237
0.214193
0.214156
0.214127
0.214115
0.214108
0.214092
0.214057
0.213997
0.213911
0.2138
0.213654
0.213445
0.213168
0.212875
0.212547
0.212248
0.212073
0.211938
0.211785
0.211681
0.21162
0.211544
0.211466
0.211454
0.211451
0.211431
0.211375
0.211335
0.211326
0.211318
0.211298
0.21127
0.211245
0.211227
0.211206
0.211179
0.21116
0.211145
0.211146
0.211159
0.211197
0.21127
0.211412
0.211686
0.212206
0.213214
0.21558
0.219811
0.229553
0.252014
0.283257
0.323803
0.36392
0.2054
0.2054
0.2054
0.205401
0.205403
0.205412
0.205434
0.20549
0.205617
0.205905
0.20645
0.207621
0.209623
0.212478
0.215263
0.217363
0.218932
0.21902
0.218927
0.218841
0.218739
0.218307
0.217552
0.216669
0.216058
0.215693
0.215355
0.215102
0.215054
0.215059
0.215049
0.215029
0.215005
0.214996
0.214998
0.215004
0.215011
0.215009
0.214997
0.214969
0.214917
0.214857
0.214814
0.214775
0.214739
0.214708
0.214675
0.214636
0.2146
0.21457
0.214538
0.214494
0.214445
0.21441
0.214383
0.214356
0.214324
0.214284
0.214238
0.214205
0.214183
0.214167
0.214151
0.214127
0.214092
0.214045
0.214
0.21395
0.213876
0.213751
0.213555
0.213305
0.212996
0.212682
0.212462
0.212254
0.212037
0.211902
0.211812
0.2117
0.211621
0.211597
0.211573
0.211517
0.211458
0.211446
0.211436
0.21142
0.211385
0.211365
0.211358
0.211352
0.211349
0.211355
0.21138
0.21144
0.211562
0.211787
0.212198
0.212957
0.214597
0.217437
0.223262
0.237865
0.259254
0.29303
0.334102
0.375758
0.407146
0.416032
0.2054
0.2054
0.2054
0.2054
0.2054
0.205402
0.205408
0.205422
0.205455
0.205533
0.205696
0.206022
0.206681
0.207801
0.209901
0.212477
0.215189
0.216743
0.217897
0.218832
0.218826
0.218723
0.21853
0.218227
0.217676
0.216971
0.216373
0.215821
0.2155
0.215374
0.215238
0.215093
0.215019
0.215009
0.215012
0.215021
0.215037
0.215034
0.215025
0.215004
0.214973
0.214934
0.214903
0.214874
0.214841
0.214803
0.214761
0.214717
0.214677
0.214647
0.214616
0.214577
0.214527
0.214485
0.21446
0.214441
0.21442
0.214391
0.214344
0.214299
0.214271
0.214248
0.214225
0.214201
0.214172
0.214132
0.214105
0.214091
0.214069
0.214026
0.213945
0.213817
0.213643
0.21342
0.213164
0.212917
0.21267
0.212408
0.21223
0.212076
0.211925
0.211817
0.211773
0.211719
0.211633
0.211582
0.211559
0.21154
0.211507
0.211496
0.211503
0.211528
0.21158
0.21168
0.211862
0.212206
0.212867
0.214231
0.216538
0.221087
0.231896
0.247435
0.274681
0.313589
0.352019
0.385469
0.401703
0.42069
0.441171
0.447995
0.2054
0.2054
0.2054
0.2054
0.2054
0.2054
0.205401
0.205404
0.205412
0.205432
0.205474
0.205563
0.205745
0.206088
0.206702
0.207856
0.209581
0.212028
0.214266
0.216424
0.217354
0.217729
0.218149
0.218322
0.218268
0.218078
0.217691
0.217236
0.216716
0.216227
0.21585
0.215569
0.215312
0.215185
0.215188
0.215176
0.215124
0.215066
0.215031
0.215013
0.215003
0.215003
0.214998
0.214981
0.214953
0.214913
0.214866
0.214818
0.214775
0.214741
0.214708
0.214671
0.214627
0.214588
0.214564
0.214546
0.214527
0.214499
0.214454
0.214403
0.21437
0.214346
0.21432
0.214293
0.214265
0.214226
0.214193
0.214179
0.214164
0.214137
0.214092
0.214025
0.213937
0.21384
0.21372
0.213567
0.213385
0.213154
0.212897
0.212652
0.212454
0.212239
0.212113
0.212015
0.211914
0.211798
0.211761
0.211738
0.211745
0.211774
0.211854
0.21203
0.212376
0.21303
0.214253
0.216271
0.220556
0.229749
0.242928
0.268288
0.303047
0.336492
0.371354
0.391995
0.413615
0.436075
0.442129
0.443519
0.445439
0.449064
0.2054
0.2054
0.2054
0.2054
0.2054
0.2054
0.2054
0.205401
0.205402
0.205407
0.205416
0.205439
0.205484
0.205577
0.205747
0.206072
0.206618
0.207553
0.209113
0.211106
0.213375
0.215297
0.216528
0.21735
0.217795
0.217768
0.217727
0.21771
0.217642
0.217441
0.217052
0.216589
0.216161
0.215815
0.21559
0.215424
0.215237
0.215097
0.215085
0.215098
0.215094
0.215074
0.215049
0.215024
0.214995
0.214962
0.214933
0.214924
0.214911
0.214886
0.214845
0.2148
0.214761
0.214728
0.214697
0.214665
0.214634
0.214601
0.214555
0.214501
0.214462
0.214438
0.214417
0.214396
0.214371
0.214335
0.214291
0.214263
0.21424
0.214209
0.21417
0.214124
0.214071
0.21402
0.213966
0.213911
0.213834
0.213734
0.213582
0.213381
0.213158
0.212932
0.21272
0.212541
0.212425
0.212282
0.21226
0.212305
0.212457
0.212784
0.21342
0.214626
0.21686
0.2217
0.229644
0.242215
0.26843
0.300149
0.332754
0.365353
0.386947
0.410396
0.433093
0.435505
0.438186
0.444104
0.451069
0.454864
0.455463
0.455586
0.2054
0.2054
0.2054
0.2054
0.2054
0.2054
0.2054
0.2054
0.2054
0.205401
0.205403
0.205408
0.205418
0.20544
0.205484
0.205566
0.205719
0.205977
0.206431
0.207178
0.20833
0.210065
0.21207
0.213758
0.215453
0.216675
0.217037
0.217365
0.21748
0.217396
0.217305
0.217223
0.21713
0.216925
0.216538
0.216112
0.21581
0.215588
0.215473
0.215377
0.215267
0.215167
0.215098
0.215047
0.215014
0.214998
0.214997
0.214999
0.214991
0.214967
0.214927
0.214889
0.214859
0.214835
0.214809
0.214776
0.214738
0.214699
0.214654
0.214599
0.214552
0.214525
0.214508
0.214492
0.214469
0.214435
0.214388
0.21435
0.214319
0.214288
0.214255
0.214218
0.214183
0.214153
0.21412
0.214088
0.21405
0.214007
0.213946
0.213868
0.213753
0.213646
0.21353
0.21342
0.213443
0.213577
0.2139
0.21464
0.216091
0.218791
0.223982
0.231931
0.247838
0.276053
0.304357
0.336881
0.366301
0.387552
0.415575
0.429324
0.431964
0.437999
0.448006
0.453125
0.453425
0.453062
0.453509
0.454822
0.456003
0.456296
0.2054
0.2054
0.2054
0.2054
0.2054
0.2054
0.2054
0.2054
0.2054
0.2054
0.2054
0.205401
0.205403
0.205408
0.205418
0.205437
0.205474
0.205543
0.20566
0.205866
0.206211
0.206724
0.207607
0.208919
0.210395
0.212277
0.21397
0.215118
0.216178
0.216675
0.216952
0.217224
0.217235
0.217176
0.217041
0.216884
0.216751
0.216585
0.216335
0.216027
0.215752
0.215539
0.215415
0.215334
0.215242
0.215138
0.215099
0.215086
0.215067
0.215033
0.215
0.214975
0.214951
0.214921
0.214886
0.21485
0.21482
0.214794
0.214767
0.214729
0.214684
0.214647
0.214621
0.214597
0.214569
0.21453
0.214482
0.214443
0.214413
0.214391
0.214371
0.214342
0.21431
0.214286
0.214264
0.214241
0.214224
0.214212
0.214219
0.214247
0.214312
0.214456
0.214744
0.21531
0.216417
0.21851
0.222387
0.228841
0.241274
0.262753
0.287368
0.315766
0.35255
0.375632
0.397558
0.423406
0.430276
0.435607
0.445506
0.451456
0.451278
0.450627
0.450924
0.452936
0.455448
0.456462
0.456842
0.457203
0.457406
0.457402
0.2054
0.2054
0.2054
0.2054
0.2054
0.2054
0.2054
0.2054
0.2054
0.2054
0.2054
0.2054
0.2054
0.205401
0.205403
0.205408
0.205416
0.205432
0.205462
0.205513
0.205605
0.205757
0.205989
0.206386
0.206975
0.207806
0.209196
0.210775
0.212239
0.213745
0.214874
0.215749
0.21644
0.216692
0.216805
0.216892
0.216919
0.216904
0.216846
0.216725
0.216566
0.21638
0.216153
0.215907
0.215682
0.215469
0.215314
0.215272
0.215234
0.21518
0.215144
0.215117
0.215081
0.215036
0.214992
0.214953
0.214926
0.214903
0.214876
0.214835
0.214789
0.214757
0.214737
0.214715
0.214685
0.214639
0.214587
0.214549
0.214524
0.214508
0.214497
0.214481
0.214461
0.214445
0.214452
0.214477
0.214539
0.214668
0.214923
0.215397
0.216286
0.218042
0.221051
0.226106
0.236717
0.254715
0.276964
0.306224
0.344014
0.370958
0.391917
0.414684
0.426154
0.433929
0.446824
0.454336
0.454302
0.452091
0.450571
0.45175
0.454652
0.456929
0.4575
0.458108
0.458548
0.458507
0.458058
0.457423
0.457229
0.457193
0.2054
0.2054
0.2054
0.2054
0.2054
0.2054
0.2054
0.2054
0.2054
0.2054
0.2054
0.2054
0.2054
0.2054
0.2054
0.205401
0.205403
0.205407
0.205414
0.205427
0.20545
0.205491
0.205559
0.205668
0.205846
0.206118
0.206532
0.207211
0.208098
0.209299
0.210923
0.212372
0.213588
0.214841
0.215599
0.215957
0.216326
0.216616
0.216661
0.216662
0.216686
0.216688
0.216656
0.216564
0.216394
0.216194
0.215971
0.215754
0.215582
0.215442
0.215336
0.215259
0.215188
0.215147
0.215117
0.215077
0.215036
0.215011
0.214991
0.214956
0.214895
0.214847
0.214831
0.214816
0.214796
0.214768
0.214734
0.214704
0.214683
0.214667
0.21467
0.214685
0.21472
0.214803
0.214989
0.215367
0.21608
0.217411
0.220051
0.224216
0.232
0.248045
0.268612
0.295517
0.330919
0.360925
0.387211
0.411647
0.423882
0.433157
0.445884
0.453178
0.452896
0.451992
0.453402
0.456997
0.459188
0.459164
0.458592
0.458685
0.459521
0.459951
0.459837
0.459434
0.458931
0.458453
0.457949
0.457679
0.45761
0.45762
0.2054
0.2054
0.2054
0.2054
0.2054
0.2054
0.2054
0.2054
0.2054
0.2054
0.2054
0.2054
0.2054
0.2054
0.2054
0.2054
0.2054
0.205401
0.205403
0.205406
0.205412
0.205422
0.205441
0.205472
0.205522
0.205606
0.205736
0.205934
0.206248
0.206686
0.207348
0.208406
0.209601
0.21091
0.212471
0.213607
0.214472
0.215471
0.215991
0.216083
0.216235
0.216476
0.216542
0.216508
0.216488
0.216479
0.216449
0.216357
0.21621
0.21604
0.215852
0.215674
0.215516
0.215402
0.215319
0.215237
0.215154
0.215131
0.215117
0.215087
0.21503
0.214976
0.21495
0.214932
0.21491
0.214893
0.214888
0.214896
0.214924
0.214996
0.215149
0.215443
0.215983
0.216997
0.219005
0.222566
0.228759
0.241778
0.261367
0.285317
0.318615
0.351656
0.379184
0.407943
0.420412
0.429752
0.443129
0.449782
0.44976
0.45153
0.455993
0.459973
0.460765
0.460653
0.46054
0.460742
0.460639
0.46028
0.460232
0.460287
0.460281
0.460181
0.459929
0.45951
0.459141
0.459011
0.459025
0.45916
0.459419
0.459648
0.2054
0.2054
0.2054
0.2054
0.2054
0.2054
0.2054
0.2054
0.2054
0.2054
0.2054
0.2054
0.2054
0.2054
0.2054
0.2054
0.2054
0.2054
0.2054
0.205401
0.205402
0.205405
0.20541
0.205418
0.205433
0.205456
0.205496
0.205558
0.205653
0.205805
0.206026
0.206355
0.206882
0.207554
0.2085
0.209892
0.211181
0.212293
0.213576
0.214493
0.215042
0.215704
0.216172
0.216183
0.216214
0.216328
0.216415
0.21641
0.216383
0.216347
0.216296
0.21621
0.21608
0.215901
0.215722
0.215594
0.21548
0.215379
0.215291
0.215234
0.215164
0.215131
0.215119
0.215104
0.215111
0.21514
0.215225
0.215425
0.215848
0.216695
0.218346
0.221528
0.226524
0.236137
0.25461
0.277767
0.307331
0.341874
0.371278
0.401766
0.417487
0.424326
0.436014
0.448503
0.45217
0.455244
0.459354
0.461127
0.461084
0.46065
0.459783
0.459904
0.46037
0.460914
0.460912
0.460825
0.460556
0.46036
0.460399
0.460515
0.460581
0.46056
0.460508
0.460444
0.460444
0.460475
0.460543
0.46057
0.460467
0.460202
0.2054
0.2054
0.2054
0.2054
0.2054
0.2054
0.2054
0.2054
0.2054
0.2054
0.2054
0.2054
0.2054
0.2054
0.2054
0.2054
0.2054
0.2054
0.2054
0.2054
0.2054
0.205401
0.205402
0.205404
0.205408
0.205415
0.205426
0.205445
0.205475
0.205521
0.205596
0.205707
0.205872
0.206128
0.20648
0.207005
0.207815
0.208727
0.209833
0.211332
0.212507
0.213372
0.214428
0.215144
0.21543
0.215785
0.216191
0.216241
0.216215
0.216238
0.216302
0.216309
0.216289
0.216236
0.216149
0.216041
0.21593
0.215803
0.215659
0.215586
0.215517
0.215483
0.215514
0.215637
0.215935
0.216541
0.217789
0.220087
0.224422
0.232274
0.248119
0.270855
0.297225
0.332048
0.363456
0.388387
0.414487
0.424842
0.43302
0.443487
0.451282
0.456867
0.460898
0.462206
0.461958
0.460193
0.459112
0.459065
0.459366
0.459758
0.459899
0.460029
0.460313
0.460771
0.461055
0.461171
0.461134
0.461037
0.460958
0.460923
0.4609
0.460866
0.4608
0.460693
0.460535
0.460357
0.460231
0.460117
0.459949
0.459707
0.2054
0.2054
0.2054
0.2054
0.2054
0.2054
0.2054
0.2054
0.2054
0.2054
0.2054
0.2054
0.2054
0.2054
0.2054
0.2054
0.2054
0.2054
0.2054
0.2054
0.2054
0.2054
0.2054
0.205401
0.205402
0.205404
0.205407
0.205412
0.205421
0.205436
0.205459
0.205495
0.205551
0.205635
0.205764
0.205947
0.206215
0.206619
0.207142
0.207906
0.209057
0.210156
0.211217
0.212561
0.213564
0.214217
0.214983
0.215465
0.215652
0.215882
0.216163
0.216239
0.216227
0.216202
0.2162
0.216218
0.216234
0.216228
0.216234
0.216272
0.216436
0.216842
0.217694
0.219468
0.222823
0.228963
0.241496
0.261819
0.287423
0.320063
0.355667
0.381502
0.407248
0.422552
0.43073
0.440407
0.451533
0.457724
0.459858
0.460685
0.460399
0.459883
0.46022
0.460596
0.460505
0.459933
0.459166
0.459198
0.459658
0.460424
0.46121
0.46164
0.4617
0.461667
0.461485
0.461114
0.460831
0.460654
0.460533
0.460455
0.460423
0.46041
0.460394
0.460353
0.460243
0.46001
0.459795
0.459678
0.459561
0.459387
0.2054
0.2054
0.2054
0.2054
0.2054
0.2054
0.2054
0.2054
0.2054
0.2054
0.2054
0.2054
0.2054
0.2054
0.2054
0.2054
0.2054
0.2054
0.2054
0.2054
0.2054
0.2054
0.2054
0.2054
0.2054
0.205401
0.205401
0.205403
0.205406
0.20541
0.205417
0.205428
0.205447
0.205474
0.205517
0.205583
0.205678
0.205817
0.206026
0.206313
0.20674
0.207372
0.208101
0.209062
0.210401
0.21154
0.212467
0.213433
0.214273
0.214869
0.215408
0.21567
0.215841
0.215991
0.216231
0.216461
0.216685
0.217031
0.217691
0.218987
0.221742
0.227075
0.236282
0.254181
0.279545
0.309212
0.343721
0.37398
0.399956
0.420689
0.429198
0.437722
0.450746
0.457262
0.458385
0.457987
0.456836
0.457654
0.459699
0.460727
0.460617
0.460347
0.460369
0.460678
0.461224
0.461581
0.461584
0.461611
0.46166
0.461711
0.461678
0.461536
0.461355
0.461096
0.460721
0.460343
0.46017
0.460139
0.460162
0.460195
0.46019
0.460175
0.460152
0.460106
0.459978
0.45974
0.459611
0.459549
0.459476
0.459351
0.2054
0.2054
0.2054
0.2054
0.2054
0.2054
0.2054
0.2054
0.2054
0.2054
0.2054
0.2054
0.2054
0.2054
0.2054
0.2054
0.2054
0.2054
0.2054
0.2054
0.2054
0.2054
0.2054
0.2054
0.2054
0.2054
0.2054
0.205401
0.205401
0.205402
0.205405
0.205408
0.205414
0.205423
0.205437
0.205459
0.205492
0.205542
0.205615
0.205726
0.205881
0.206106
0.206424
0.206854
0.207493
0.208369
0.209311
0.210359
0.211603
0.212749
0.213683
0.214494
0.215436
0.216214
0.216971
0.218086
0.220079
0.224434
0.232257
0.245738
0.271245
0.301805
0.333521
0.365608
0.39131
0.415856
0.429717
0.437785
0.44701
0.451808
0.451448
0.451896
0.453965
0.458185
0.461411
0.461972
0.461487
0.460749
0.46104
0.461598
0.462072
0.462261
0.462248
0.462203
0.462168
0.462072
0.461884
0.461593
0.461295
0.461058
0.460827
0.460631
0.460458
0.460269
0.460119
0.460064
0.460038
0.460026
0.460036
0.460079
0.460075
0.46005
0.460001
0.459892
0.459666
0.459503
0.459443
0.459367
0.45926
0.459173
0.2054
0.2054
0.2054
0.2054
0.2054
0.2054
0.2054
0.2054
0.2054
0.2054
0.2054
0.2054
0.2054
0.2054
0.2054
0.2054
0.2054
0.2054
0.2054
0.2054
0.2054
0.2054
0.2054
0.2054
0.2054
0.2054
0.2054
0.2054
0.2054
0.2054
0.205401
0.205402
0.205404
0.205407
0.205411
0.205418
0.205429
0.205446
0.205472
0.205512
0.205571
0.20566
0.205787
0.205974
0.206244
0.206631
0.207167
0.207915
0.209058
0.209949
0.211023
0.212483
0.214675
0.218645
0.225861
0.236962
0.257333
0.288813
0.320485
0.355901
0.385321
0.406395
0.427068
0.434783
0.440629
0.448308
0.452534
0.455465
0.459009
0.462156
0.463057
0.462936
0.462177
0.462138
0.462468
0.462896
0.46291
0.462797
0.462639
0.462603
0.462532
0.462388
0.46213
0.461767
0.461408
0.461146
0.460977
0.460841
0.460751
0.46065
0.460501
0.460365
0.460258
0.460154
0.460098
0.460084
0.460118
0.460108
0.460021
0.459875
0.459734
0.459614
0.459517
0.459409
0.459305
0.459274
0.459248
0.459173
0.459099
0.459076
0.2054
0.2054
0.2054
0.2054
0.2054
0.2054
0.2054
0.2054
0.2054
0.2054
0.2054
0.2054
0.2054
0.2054
0.2054
0.2054
0.2054
0.2054
0.2054
0.2054
0.2054
0.2054
0.2054
0.2054
0.2054
0.2054
0.2054
0.2054
0.2054
0.2054
0.2054
0.2054
0.205401
0.205402
0.205403
0.205406
0.20541
0.205417
0.205428
0.20544
0.205459
0.205488
0.205536
0.205615
0.205747
0.205975
0.206366
0.207074
0.208405
0.211214
0.216516
0.225433
0.242068
0.271669
0.304691
0.337995
0.372086
0.393685
0.415925
0.433575
0.438105
0.444228
0.452918
0.456064
0.457241
0.458813
0.460275
0.460505
0.460994
0.462456
0.463685
0.463707
0.463502
0.463129
0.462864
0.462767
0.46276
0.46273
0.462651
0.462458
0.462149
0.461707
0.461335
0.461064
0.46093
0.460897
0.460855
0.460763
0.460697
0.460731
0.460755
0.460742
0.460631
0.460482
0.460371
0.460268
0.460111
0.459908
0.459713
0.459552
0.459417
0.459288
0.459183
0.45915
0.459162
0.45917
0.459155
0.459103
0.459056
0.459039
0.2054
0.2054
0.2054
0.2054
0.2054
0.2054
0.2054
0.2054
0.2054
0.2054
0.2054
0.2054
0.2054
0.2054
0.2054
0.2054
0.2054
0.2054
0.2054
0.2054
0.2054
0.2054
0.2054
0.2054
0.2054
0.2054
0.2054
0.2054
0.2054
0.2054
0.2054
0.2054
0.2054
0.2054
0.205401
0.205403
0.205405
0.205411
0.205422
0.205449
0.205501
0.205606
0.205807
0.206219
0.207044
0.208661
0.211985
0.218286
0.230702
0.253817
0.283973
0.315137
0.352533
0.379809
0.400266
0.420567
0.43094
0.438099
0.44677
0.450404
0.450277
0.450461
0.452888
0.456271
0.457819
0.459388
0.460474
0.460415
0.460551
0.46103
0.461764
0.462401
0.462475
0.462355
0.462043
0.461694
0.461562
0.461577
0.461598
0.461579
0.461476
0.461141
0.461037
0.461052
0.461142
0.461177
0.461172
0.461136
0.461059
0.461035
0.46097
0.460762
0.460445
0.460139
0.459953
0.459836
0.45974
0.459656
0.459564
0.459465
0.459366
0.459247
0.459138
0.459096
0.459114
0.459117
0.459063
0.458953
0.458908
0.458899
0.2054
0.2054
0.2054
0.2054
0.2054
0.2054
0.2054
0.2054
0.2054
0.2054
0.2054
0.2054
0.2054
0.2054
0.2054
0.2054
0.2054
0.2054
0.2054
0.2054
0.2054
0.2054
0.2054
0.2054
0.2054
0.2054
0.2054
0.2054
0.2054
0.2054
0.2054
0.2054
0.205401
0.205404
0.205409
0.205421
0.205446
0.2055
0.205613
0.205859
0.206403
0.207553
0.209878
0.214543
0.223862
0.241581
0.267635
0.299281
0.336646
0.365696
0.386996
0.409556
0.427003
0.433247
0.439997
0.44349
0.443426
0.442709
0.444488
0.448026
0.44963
0.449904
0.450489
0.451885
0.453621
0.455188
0.456477
0.457185
0.457243
0.457164
0.457119
0.457303
0.457846
0.458476
0.458895
0.459245
0.459585
0.459927
0.460358
0.460851
0.461085
0.461154
0.461188
0.461246
0.461349
0.461373
0.461347
0.461266
0.461086
0.460784
0.460472
0.460198
0.45995
0.45977
0.459674
0.459608
0.459566
0.459562
0.459582
0.459593
0.459571
0.459502
0.459403
0.459308
0.459187
0.459036
0.458858
0.458753
0.458712
0.45871
0.2054
0.2054
0.2054
0.2054
0.2054
0.2054
0.2054
0.2054
0.2054
0.2054
0.2054
0.2054
0.2054
0.2054
0.2054
0.2054
0.2054
0.2054
0.2054
0.2054
0.2054
0.2054
0.2054
0.2054
0.2054
0.2054
0.2054
0.2054
0.2054
0.205401
0.205403
0.205408
0.20542
0.205448
0.205512
0.205658
0.205983
0.206711
0.208195
0.211285
0.218485
0.232462
0.254969
0.286625
0.322582
0.353471
0.377797
0.402196
0.418651
0.426196
0.433941
0.437625
0.436935
0.436249
0.437905
0.44043
0.441724
0.442026
0.442665
0.444065
0.445979
0.447347
0.448446
0.449257
0.44958
0.449912
0.450531
0.451462
0.452217
0.452758
0.453331
0.453891
0.454563
0.455409
0.456256
0.457069
0.457775
0.458345
0.458877
0.459488
0.460168
0.460622
0.460672
0.460599
0.460539
0.460522
0.460475
0.460361
0.460159
0.459902
0.459773
0.459692
0.459648
0.459622
0.459606
0.459576
0.459559
0.459552
0.459533
0.459503
0.459471
0.459418
0.459327
0.459228
0.459131
0.458985
0.458807
0.458696
0.458639
0.458609
0.2054
0.2054
0.2054
0.2054
0.2054
0.2054
0.2054
0.2054
0.2054
0.2054
0.2054
0.2054
0.2054
0.2054
0.2054
0.2054
0.2054
0.2054
0.2054
0.2054
0.2054
0.2054
0.2054
0.2054
0.2054
0.2054
0.2054
0.205402
0.205406
0.205418
0.205445
0.205515
0.205686
0.206084
0.207055
0.209156
0.21366
0.224331
0.241118
0.268613
0.305565
0.342093
0.373573
0.394498
0.411518
0.426909
0.435091
0.436025
0.436732
0.43954
0.442703
0.443084
0.442779
0.440935
0.440128
0.440987
0.442557
0.443544
0.443905
0.444272
0.444786
0.445385
0.445867
0.446129
0.446196
0.446236
0.44635
0.446711
0.447413
0.448315
0.449294
0.450233
0.451038
0.451906
0.452894
0.453781
0.45451
0.455147
0.455645
0.456056
0.456546
0.457128
0.457521
0.457699
0.45783
0.458029
0.458382
0.458836
0.459135
0.459314
0.459472
0.459611
0.459726
0.459798
0.45981
0.45978
0.459751
0.45973
0.459687
0.459631
0.459582
0.459526
0.459441
0.459335
0.459218
0.459071
0.458903
0.458777
0.458714
0.458658
0.2054
0.2054
0.2054
0.2054
0.2054
0.2054
0.2054
0.2054
0.2054
0.2054
0.2054
0.2054
0.2054
0.2054
0.2054
0.2054
0.2054
0.2054
0.2054
0.2054
0.2054
0.2054
0.2054
0.2054
0.205401
0.205404
0.205413
0.205436
0.205504
0.20568
0.206125
0.207288
0.209971
0.216444
0.229736
0.253037
0.289634
0.326341
0.359909
0.389065
0.407873
0.427799
0.436722
0.437009
0.435073
0.436006
0.438167
0.438728
0.438873
0.439542
0.441506
0.443278
0.443427
0.443306
0.443109
0.443184
0.443546
0.443822
0.443776
0.443489
0.44307
0.442933
0.44295
0.443057
0.443297
0.443518
0.443727
0.444051
0.444543
0.445085
0.445619
0.446235
0.446944
0.447688
0.448534
0.449444
0.450299
0.451067
0.451831
0.452585
0.453325
0.453975
0.454557
0.455131
0.455699
0.456271
0.456778
0.457305
0.457881
0.458489
0.459023
0.459332
0.459527
0.459647
0.459689
0.459672
0.459658
0.459664
0.459624
0.459601
0.459598
0.459571
0.459504
0.459405
0.459302
0.4592
0.459095
0.458997
0.458911
0.458807
0.2054
0.2054
0.2054
0.2054
0.2054
0.2054
0.2054
0.2054
0.2054
0.2054
0.2054
0.2054
0.2054
0.2054
0.2054
0.2054
0.2054
0.2054
0.2054
0.2054
0.2054
0.2054
0.205402
0.205408
0.205423
0.205472
0.205614
0.206004
0.207216
0.210321
0.217406
0.234533
0.264127
0.301791
0.340459
0.380962
0.404089
0.414255
0.427609
0.431063
0.430396
0.431918
0.436537
0.437912
0.438432
0.439815
0.441872
0.4424
0.442227
0.44151
0.441603
0.441986
0.442385
0.442514
0.442529
0.442563
0.442641
0.442638
0.442414
0.441983
0.441778
0.441765
0.441865
0.442112
0.442383
0.442647
0.442884
0.44313
0.44343
0.443718
0.443933
0.444153
0.444475
0.444874
0.445311
0.445841
0.446473
0.447132
0.447793
0.4485
0.449274
0.45011
0.450966
0.451778
0.452556
0.453474
0.45425
0.454775
0.455295
0.455894
0.456558
0.457135
0.457586
0.457966
0.45827
0.458542
0.458809
0.459023
0.459195
0.459348
0.459496
0.459529
0.459499
0.459478
0.459438
0.459359
0.459303
0.459318
0.459339
0.459287
0.2054
0.2054
0.2054
0.2054
0.2054
0.2054
0.2054
0.2054
0.2054
0.2054
0.2054
0.2054
0.2054
0.2054
0.2054
0.2054
0.2054
0.2054
0.2054
0.205401
0.205403
0.205411
0.205437
0.205524
0.205792
0.206648
0.209198
0.215368
0.234097
0.266551
0.308118
0.350538
0.38678
0.412217
0.428482
0.436686
0.438308
0.44082
0.443107
0.443175
0.442007
0.439171
0.439414
0.440754
0.442281
0.443125
0.443554
0.44361
0.443554
0.443244
0.442586
0.441844
0.441358
0.441277
0.44131
0.441395
0.441476
0.44153
0.441546
0.441581
0.441689
0.441875
0.442051
0.442206
0.442347
0.442421
0.442432
0.442414
0.44243
0.442473
0.442488
0.442483
0.442544
0.442724
0.442973
0.443253
0.443592
0.444018
0.444526
0.445103
0.445752
0.446487
0.447305
0.448125
0.44888
0.449644
0.450562
0.451525
0.452436
0.453205
0.453982
0.454889
0.455622
0.456144
0.456593
0.457036
0.457419
0.457763
0.457997
0.458165
0.458344
0.458616
0.458936
0.459144
0.459208
0.459216
0.459246
0.459307
0.459411
0.459474
0.2054
0.2054
0.2054
0.2054
0.2054
0.2054
0.2054
0.2054
0.2054
0.2054
0.2054
0.2054
0.2054
0.2054
0.2054
0.2054
0.2054
0.205401
0.205403
0.205413
0.205448
0.20558
0.206028
0.207657
0.212072
0.226671
0.25582
0.299628
0.349569
0.389564
0.422999
0.427359
0.427725
0.431974
0.434385
0.436644
0.437723
0.440001
0.443366
0.444404
0.444348
0.443925
0.443515
0.44348
0.443385
0.443317
0.443186
0.443035
0.442991
0.442866
0.442453
0.441818
0.441299
0.441135
0.441132
0.441182
0.441286
0.441426
0.441624
0.441868
0.44214
0.442344
0.442429
0.442446
0.442415
0.442257
0.441965
0.441657
0.441505
0.44145
0.441409
0.441369
0.441373
0.441442
0.441596
0.441797
0.442024
0.442287
0.442602
0.442992
0.44346
0.44401
0.444641
0.445305
0.446002
0.446694
0.447294
0.447909
0.448685
0.449545
0.450322
0.451159
0.452116
0.452846
0.4533
0.453761
0.454238
0.454763
0.455285
0.455809
0.456263
0.456697
0.457203
0.45766
0.45801
0.458289
0.458577
0.458966
0.459354
0.459552
0.2054
0.2054
0.2054
0.2054
0.2054
0.2054
0.2054
0.2054
0.2054
0.2054
0.2054
0.2054
0.2054
0.2054
0.2054
0.2054
0.205403
0.205413
0.205453
0.205615
0.206203
0.208638
0.216179
0.239049
0.282937
0.335646
0.377791
0.411736
0.41544
0.421755
0.43131
0.43782
0.439501
0.440716
0.440312
0.439082
0.43785
0.438439
0.440123
0.442419
0.443638
0.443698
0.443513
0.443299
0.443008
0.44253
0.44189
0.441628
0.441668
0.441906
0.441958
0.441793
0.441489
0.441339
0.441329
0.441385
0.441565
0.441873
0.442222
0.442418
0.442427
0.442396
0.442364
0.442316
0.442182
0.441877
0.441405
0.441014
0.440884
0.440857
0.440861
0.440884
0.440934
0.44103
0.441184
0.441366
0.441553
0.441751
0.441997
0.44234
0.442684
0.443008
0.443363
0.443754
0.444149
0.444561
0.444985
0.445459
0.446027
0.446715
0.447433
0.448091
0.448871
0.449803
0.450599
0.451264
0.451922
0.452628
0.453333
0.454024
0.454663
0.455252
0.455878
0.456457
0.456947
0.457348
0.457674
0.458079
0.458508
0.458896
0.2054
0.2054
0.2054
0.2054
0.2054
0.2054
0.2054
0.2054
0.2054
0.2054
0.2054
0.2054
0.2054
0.2054
0.205402
0.20541
0.205445
0.205601
0.206281
0.209292
0.21866
0.250822
0.304169
0.360105
0.396969
0.420582
0.439185
0.444791
0.443603
0.440295
0.440739
0.443033
0.444366
0.444519
0.444387
0.443705
0.442092
0.440399
0.440494
0.440948
0.441751
0.442254
0.442286
0.442148
0.441779
0.441146
0.440716
0.44061
0.440641
0.440849
0.441263
0.441537
0.44168
0.441793
0.441879
0.442001
0.442184
0.442388
0.442494
0.442504
0.442468
0.442366
0.442198
0.441948
0.441637
0.441273
0.440935
0.440801
0.440785
0.440824
0.44088
0.44095
0.441038
0.441163
0.441337
0.441541
0.44174
0.441938
0.442093
0.442179
0.44234
0.442607
0.442888
0.443163
0.443442
0.443583
0.443654
0.443811
0.444136
0.444603
0.445174
0.445797
0.446474
0.447271
0.448196
0.449045
0.449811
0.45054
0.451297
0.451999
0.452709
0.453457
0.454198
0.454797
0.455237
0.455676
0.45605
0.456451
0.456863
0.457531
0.2054
0.2054
0.2054
0.2054
0.2054
0.2054
0.2054
0.2054
0.2054
0.2054
0.2054
0.2054
0.205401
0.205406
0.205431
0.205551
0.206131
0.208957
0.220414
0.2579
0.315542
0.368948
0.40372
0.429273
0.430818
0.432172
0.438501
0.445648
0.445882
0.444919
0.444157
0.444302
0.444453
0.444274
0.44403
0.443675
0.443262
0.442555
0.44141
0.441139
0.441175
0.441169
0.441103
0.441002
0.440853
0.440717
0.440599
0.440552
0.440568
0.440691
0.440947
0.441338
0.441696
0.441863
0.441971
0.442085
0.442219
0.442275
0.442206
0.442032
0.441785
0.441472
0.441109
0.440779
0.440601
0.440595
0.440654
0.440714
0.440794
0.44088
0.440949
0.441017
0.441104
0.441226
0.441386
0.441571
0.441753
0.441927
0.442034
0.442117
0.442241
0.442419
0.442578
0.442703
0.442789
0.442842
0.442869
0.44293
0.443091
0.443383
0.443756
0.44417
0.444686
0.445316
0.446095
0.44696
0.447886
0.448746
0.44959
0.450394
0.451097
0.451755
0.452401
0.453123
0.453653
0.454087
0.454501
0.454918
0.455317
0.456037
0.2054
0.2054
0.2054
0.2054
0.2054
0.2054
0.2054
0.2054
0.2054
0.2054
0.2054
0.205402
0.205414
0.205484
0.205861
0.207917
0.217994
0.252558
0.315707
0.370773
0.421269
0.434542
0.441009
0.444549
0.443873
0.439143
0.438275
0.440558
0.44356
0.443801
0.443571
0.443271
0.442882
0.442553
0.442517
0.442677
0.442904
0.442681
0.442308
0.441829
0.441501
0.441251
0.441052
0.4409
0.440807
0.440704
0.440629
0.440641
0.440638
0.440704
0.440873
0.441073
0.441273
0.441375
0.441395
0.441368
0.441288
0.441188
0.441044
0.440815
0.440517
0.4402
0.439932
0.439845
0.439879
0.440007
0.440247
0.440545
0.440748
0.440831
0.440877
0.440926
0.441
0.441099
0.441215
0.441344
0.441471
0.441585
0.441703
0.441804
0.441836
0.441863
0.441912
0.441985
0.44204
0.442112
0.44222
0.442299
0.442384
0.442525
0.442766
0.443103
0.443524
0.44408
0.44477
0.44551
0.446309
0.447088
0.447784
0.448426
0.44905
0.44969
0.45029
0.45097
0.451588
0.452074
0.452566
0.453004
0.453431
0.454139
0.2054
0.2054
0.2054
0.2054
0.2054
0.2054
0.2054
0.2054
0.2054
0.2054
0.205405
0.20543
0.205586
0.206698
0.213107
0.242221
0.305849
0.376915
0.425941
0.437137
0.443402
0.442597
0.442764
0.445201
0.445056
0.443818
0.440718
0.440684
0.441035
0.441434
0.44143
0.441051
0.440449
0.440228
0.440298
0.440618
0.441316
0.44199
0.442135
0.442098
0.441942
0.441631
0.441236
0.441039
0.441026
0.441037
0.441102
0.441126
0.44108
0.441
0.440953
0.440808
0.440646
0.440515
0.440441
0.440368
0.44027
0.440141
0.439971
0.439715
0.439417
0.439305
0.439317
0.439398
0.439537
0.439748
0.440021
0.440326
0.440516
0.4406
0.440627
0.440618
0.440615
0.440627
0.440622
0.440594
0.440569
0.440549
0.440564
0.440609
0.440663
0.440708
0.440774
0.440871
0.440983
0.441115
0.441285
0.441461
0.441629
0.44182
0.442074
0.442426
0.442838
0.443307
0.44382
0.44432
0.444829
0.4454
0.446084
0.446723
0.447257
0.447769
0.448381
0.449065
0.449641
0.450094
0.450559
0.451081
0.451564
0.452295
0.2054
0.2054
0.2054
0.2054
0.2054
0.2054
0.2054
0.2054
0.205401
0.205408
0.205451
0.2058
0.208436
0.226218
0.282064
0.352198
0.405742
0.419274
0.431975
0.440271
0.441818
0.440311
0.439595
0.440565
0.442404
0.44297
0.442557
0.441533
0.440964
0.440513
0.440149
0.439898
0.439772
0.439693
0.439688
0.439757
0.440002
0.440628
0.441384
0.441687
0.441594
0.441489
0.44142
0.441388
0.441449
0.441634
0.441788
0.441792
0.441716
0.441508
0.441185
0.440779
0.440318
0.439959
0.439733
0.439596
0.439512
0.439385
0.439316
0.439262
0.439245
0.439283
0.439365
0.439458
0.439593
0.439803
0.440047
0.440255
0.440374
0.440401
0.440383
0.440317
0.440215
0.440121
0.440022
0.439897
0.439769
0.439664
0.439615
0.439621
0.439639
0.439656
0.439707
0.439788
0.439871
0.439968
0.440101
0.440274
0.440485
0.440734
0.441026
0.441368
0.441744
0.442101
0.442453
0.442806
0.443111
0.443469
0.443968
0.44464
0.445315
0.445733
0.446203
0.446908
0.447712
0.448226
0.448569
0.449043
0.449551
0.45036
0.2054
0.2054
0.2054
0.2054
0.2054
0.2054
0.2054
0.205401
0.20541
0.205482
0.206042
0.212069
0.243326
0.322141
0.403155
0.435486
0.444914
0.441901
0.434792
0.436151
0.43794
0.43797
0.437681
0.437886
0.439065
0.441418
0.442487
0.442287
0.441533
0.440751
0.440314
0.440102
0.440028
0.439983
0.439898
0.439874
0.439857
0.439928
0.440335
0.440964
0.441339
0.4416
0.441706
0.441794
0.441956
0.442181
0.442257
0.442224
0.442089
0.441827
0.441411
0.440833
0.440272
0.439809
0.439533
0.439446
0.439447
0.439526
0.439578
0.439604
0.439639
0.4397
0.439759
0.439807
0.43984
0.439932
0.440118
0.440255
0.440289
0.440274
0.440214
0.440117
0.439983
0.439833
0.439668
0.439473
0.439266
0.439082
0.438938
0.438861
0.438828
0.438838
0.438891
0.438977
0.439078
0.43919
0.439319
0.439473
0.439643
0.439833
0.440027
0.440223
0.440442
0.440669
0.440929
0.441256
0.441581
0.441917
0.442226
0.44262
0.443227
0.443756
0.444031
0.444358
0.445078
0.44593
0.446345
0.446738
0.447224
0.448183
0.2054
0.2054
0.2054
0.2054
0.2054
0.2054
0.205401
0.205412
0.205502
0.206469
0.215417
0.271605
0.365472
0.407867
0.421902
0.44014
0.447609
0.446912
0.443048
0.439759
0.439624
0.439313
0.438479
0.437794
0.43849
0.439848
0.441687
0.442132
0.441964
0.441425
0.441103
0.44119
0.441231
0.441196
0.441024
0.440635
0.440126
0.439973
0.440088
0.440475
0.441094
0.441638
0.441776
0.441959
0.442109
0.442234
0.44229
0.442241
0.442095
0.441832
0.44141
0.440845
0.440286
0.439929
0.439782
0.439765
0.439807
0.439864
0.439917
0.439974
0.440029
0.440104
0.440138
0.44011
0.440066
0.440071
0.440142
0.440182
0.440138
0.440047
0.43995
0.439834
0.439683
0.43949
0.439249
0.438976
0.438707
0.438461
0.438228
0.438038
0.437929
0.437902
0.437911
0.43797
0.438108
0.438302
0.438501
0.438675
0.43883
0.438982
0.439098
0.4392
0.439307
0.439433
0.439558
0.439702
0.439887
0.440103
0.440337
0.440499
0.440734
0.441227
0.44167
0.441877
0.442224
0.442882
0.443513
0.443833
0.444064
0.445044
0.2054
0.2054
0.2054
0.2054
0.2054
0.205401
0.205412
0.205517
0.206699
0.221073
0.28722
0.370325
0.441095
0.4428
0.435056
0.43714
0.442556
0.445721
0.444755
0.44313
0.442452
0.442098
0.44132
0.440059
0.439574
0.440024
0.440882
0.441963
0.442054
0.442154
0.442313
0.442664
0.442712
0.442631
0.442334
0.44164
0.4408
0.440195
0.440169
0.440382
0.440836
0.441382
0.441705
0.44197
0.442044
0.442021
0.441963
0.441801
0.441528
0.441212
0.440885
0.44062
0.440287
0.439968
0.439856
0.439865
0.439908
0.439956
0.440011
0.440074
0.440137
0.440189
0.440175
0.440081
0.439957
0.439878
0.439843
0.439763
0.439635
0.439496
0.439351
0.439196
0.439016
0.438786
0.438488
0.43816
0.437839
0.437543
0.437251
0.436984
0.436777
0.436651
0.43658
0.436574
0.436637
0.436766
0.436917
0.436992
0.437023
0.437068
0.437149
0.437213
0.437222
0.437217
0.437187
0.437128
0.437083
0.437046
0.43711
0.437251
0.437329
0.437477
0.43785
0.438161
0.438248
0.438507
0.439116
0.439513
0.439694
0.440875
0.2054
0.2054
0.2054
0.2054
0.2054
0.20541
0.205494
0.206909
0.223067
0.306644
0.416619
0.426727
0.443283
0.445762
0.443492
0.439155
0.43951
0.442129
0.44364
0.443298
0.443234
0.443179
0.443114
0.44256
0.441448
0.440818
0.44105
0.441503
0.442075
0.442404
0.442938
0.44324
0.44323
0.443091
0.442758
0.442235
0.441314
0.440593
0.440416
0.440516
0.440772
0.44108
0.44133
0.441303
0.441118
0.440882
0.440612
0.440295
0.440043
0.439989
0.440058
0.440097
0.44004
0.439867
0.43981
0.439825
0.439836
0.439835
0.439827
0.439799
0.439764
0.439725
0.439595
0.439396
0.439208
0.439089
0.438999
0.438901
0.438778
0.438621
0.438427
0.438199
0.437932
0.437623
0.437259
0.436862
0.43647
0.436112
0.435773
0.435472
0.435206
0.435012
0.434872
0.434775
0.434697
0.434616
0.434493
0.434319
0.434118
0.433955
0.433825
0.433689
0.433525
0.433345
0.433155
0.432968
0.432785
0.432609
0.432416
0.432312
0.432214
0.432139
0.432163
0.432211
0.432181
0.432247
0.432473
0.432681
0.432687
0.434149
0.2054
0.2054
0.2054
0.2054
0.205405
0.205465
0.206361
0.225744
0.31159
0.386323
0.438779
0.437617
0.439885
0.443628
0.442775
0.440607
0.439096
0.440129
0.441735
0.442496
0.44293
0.443167
0.443264
0.443167
0.442704
0.441591
0.441095
0.441323
0.441814
0.442331
0.442915
0.443216
0.443202
0.442966
0.44244
0.44188
0.441405
0.440964
0.440719
0.440591
0.440603
0.44054
0.440395
0.440092
0.43975
0.439427
0.439151
0.43887
0.438919
0.439063
0.4393
0.439356
0.439298
0.439106
0.439003
0.438915
0.43879
0.438676
0.438566
0.438474
0.438401
0.438274
0.438077
0.437911
0.437808
0.437725
0.43761
0.437451
0.437248
0.43701
0.436723
0.436361
0.435935
0.435453
0.434924
0.434399
0.433893
0.433403
0.432933
0.432527
0.432188
0.431916
0.431684
0.431486
0.431276
0.431031
0.430713
0.43034
0.429935
0.429541
0.429151
0.428748
0.428305
0.427821
0.427273
0.426707
0.426126
0.425581
0.425052
0.424573
0.424101
0.423819
0.423574
0.423294
0.422983
0.422714
0.422596
0.422473
0.422018
0.423811
0.2054
0.2054
0.2054
0.205403
0.205433
0.205966
0.216993
0.308459
0.424006
0.435535
0.445447
0.443246
0.440002
0.440332
0.441445
0.441166
0.440212
0.440374
0.440848
0.441491
0.442139
0.442652
0.442936
0.443202
0.442768
0.441937
0.441124
0.441069
0.441332
0.44188
0.442337
0.442197
0.441914
0.441262
0.440704
0.440552
0.440459
0.440374
0.440338
0.440179
0.439986
0.439711
0.439329
0.438884
0.438492
0.438181
0.437915
0.437804
0.43794
0.438108
0.438184
0.438165
0.438056
0.437839
0.4376
0.437425
0.437262
0.437103
0.43694
0.436811
0.436671
0.436456
0.436168
0.435864
0.435582
0.435316
0.435016
0.434653
0.434228
0.433755
0.43325
0.432715
0.432123
0.431449
0.430705
0.429961
0.429259
0.428603
0.427979
0.427407
0.426906
0.426462
0.426022
0.425556
0.425041
0.424467
0.42381
0.423091
0.422331
0.42156
0.420771
0.419973
0.419151
0.418304
0.417404
0.416456
0.41545
0.414453
0.41349
0.412621
0.411752
0.411013
0.410302
0.409614
0.408966
0.408392
0.407848
0.407315
0.406285
0.408873
0.2054
0.2054
0.205401
0.205417
0.205638
0.212156
0.286756
0.39266
0.445807
0.44523
0.446548
0.445761
0.441365
0.440068
0.440718
0.441818
0.4416
0.44128
0.441032
0.4404
0.440575
0.440899
0.441368
0.44189
0.441686
0.441072
0.440635
0.440683
0.440852
0.441077
0.440922
0.440522
0.439915
0.43921
0.439134
0.439314
0.439632
0.439737
0.439668
0.439498
0.439192
0.438755
0.438236
0.437666
0.437151
0.436737
0.436365
0.436339
0.436336
0.436381
0.436385
0.436288
0.436094
0.435857
0.435604
0.435341
0.435056
0.434738
0.434386
0.434025
0.43361
0.433128
0.432622
0.432117
0.431604
0.431079
0.430548
0.429991
0.42937
0.428672
0.427887
0.427013
0.426072
0.425064
0.423999
0.422941
0.421915
0.420941
0.42005
0.419257
0.418521
0.417811
0.417068
0.416268
0.415364
0.414333
0.413169
0.411913
0.410597
0.409263
0.40791
0.406549
0.405163
0.403759
0.402337
0.400922
0.399489
0.398076
0.396682
0.395362
0.394115
0.392978
0.391815
0.390677
0.389626
0.388708
0.387785
0.386896
0.385343
0.389487
0.2054
0.2054
0.205406
0.205485
0.208034
0.265678
0.39394
0.429559
0.443343
0.44355
0.444644
0.444746
0.44326
0.440654
0.44077
0.441927
0.44233
0.442077
0.441355
0.439957
0.439002
0.438969
0.439012
0.439568
0.440034
0.440132
0.440325
0.440484
0.440482
0.440287
0.439836
0.439157
0.438243
0.437799
0.437846
0.438085
0.438551
0.438655
0.438582
0.438337
0.43788
0.437265
0.436548
0.435822
0.435156
0.434587
0.434138
0.433896
0.433771
0.433701
0.433575
0.433303
0.432894
0.432401
0.431832
0.431207
0.430565
0.429911
0.42925
0.428577
0.427843
0.427052
0.426248
0.425482
0.424754
0.424024
0.42323
0.422332
0.421312
0.42017
0.418906
0.417536
0.416067
0.414506
0.412908
0.411337
0.409823
0.4084
0.407105
0.405934
0.404829
0.403732
0.402597
0.401396
0.400092
0.398651
0.397049
0.395306
0.393458
0.391546
0.389605
0.387669
0.385747
0.383846
0.381963
0.380091
0.378239
0.376446
0.374721
0.373085
0.371535
0.370106
0.368735
0.367406
0.366134
0.364937
0.363739
0.362625
0.360736
0.366733
0.2054
0.205402
0.205427
0.206019
0.231649
0.354057
0.432552
0.443913
0.444458
0.442973
0.442557
0.443857
0.443008
0.441528
0.441174
0.44147
0.441654
0.441243
0.44037
0.439134
0.437964
0.437625
0.437458
0.437819
0.438662
0.43951
0.440077
0.440185
0.439983
0.439525
0.438732
0.437782
0.436713
0.436282
0.436182
0.436287
0.436591
0.436749
0.436606
0.43621
0.435546
0.434669
0.433749
0.432903
0.432152
0.431498
0.430914
0.430465
0.430068
0.429591
0.428972
0.428234
0.427395
0.426501
0.425563
0.424585
0.423559
0.422472
0.421341
0.420182
0.418982
0.417749
0.416506
0.415262
0.414017
0.412746
0.411407
0.409956
0.408359
0.406617
0.404744
0.402759
0.400673
0.398496
0.396297
0.394165
0.392153
0.390297
0.388619
0.387058
0.385562
0.384074
0.38254
0.38091
0.379149
0.377222
0.375147
0.372943
0.370661
0.368345
0.366048
0.363791
0.361598
0.359474
0.357424
0.355413
0.353452
0.351551
0.349756
0.348054
0.34646
0.344932
0.343458
0.342058
0.340754
0.339536
0.338301
0.337175
0.335304
0.343004
0.205401
0.205408
0.205517
0.21189
0.314494
0.423236
0.446204
0.450051
0.448439
0.44451
0.443027
0.442911
0.443057
0.442213
0.440681
0.440118
0.439835
0.439567
0.439329
0.438603
0.437522
0.436771
0.436508
0.436723
0.437557
0.438696
0.439223
0.439044
0.438653
0.437884
0.436773
0.435596
0.434469
0.433761
0.433607
0.433553
0.433616
0.433564
0.433193
0.432524
0.431607
0.430509
0.429343
0.428218
0.427149
0.426153
0.425234
0.424357
0.423391
0.422312
0.421128
0.419844
0.418493
0.417084
0.415585
0.413979
0.412283
0.410517
0.4087
0.406832
0.404925
0.403012
0.401141
0.399331
0.39755
0.395738
0.393848
0.391828
0.389651
0.387303
0.384798
0.382171
0.379467
0.376731
0.374053
0.371499
0.369121
0.366968
0.365051
0.363286
0.361598
0.359908
0.358177
0.356352
0.354399
0.352284
0.350033
0.347668
0.345249
0.34282
0.340437
0.33813
0.335928
0.333827
0.331825
0.329889
0.328034
0.326247
0.324562
0.322957
0.321463
0.320036
0.318687
0.317382
0.31615
0.314986
0.313827
0.312778
0.311062
0.31995
0.205402
0.205429
0.206232
0.25377
0.398567
0.448473
0.44864
0.449002
0.447871
0.446337
0.44374
0.442958
0.443102
0.442356
0.440581
0.439183
0.4386
0.438605
0.438698
0.438262
0.4373
0.436262
0.435591
0.435504
0.436014
0.436927
0.437274
0.437063
0.436357
0.4352
0.433797
0.432465
0.431117
0.430307
0.429864
0.429313
0.42873
0.428093
0.427261
0.426219
0.424929
0.42337
0.421646
0.419913
0.418294
0.416757
0.4153
0.413856
0.412335
0.410659
0.408787
0.406739
0.404552
0.402252
0.399866
0.397409
0.394892
0.392329
0.389736
0.387125
0.384531
0.381999
0.379572
0.377246
0.374985
0.37271
0.370352
0.367858
0.365211
0.362417
0.359522
0.356569
0.353596
0.350654
0.347841
0.345214
0.34282
0.340695
0.338812
0.337063
0.335389
0.333726
0.33203
0.330246
0.328345
0.326304
0.324152
0.321909
0.319634
0.317369
0.315168
0.31306
0.311069
0.309184
0.307401
0.305679
0.304038
0.302458
0.300983
0.29957
0.298253
0.296976
0.295777
0.294624
0.29355
0.292526
0.291511
0.290603
0.289109
0.298624
0.205406
0.205493
0.213106
0.335754
0.423217
0.448546
0.447462
0.445925
0.443767
0.442703
0.441908
0.441971
0.442531
0.441871
0.440178
0.438496
0.437799
0.437848
0.437849
0.437391
0.436309
0.434917
0.433683
0.433213
0.433442
0.433978
0.434069
0.433555
0.432446
0.430917
0.429225
0.427513
0.425897
0.424457
0.423094
0.421762
0.420572
0.419301
0.417823
0.41611
0.414095
0.411804
0.409377
0.406992
0.404706
0.402526
0.400373
0.398156
0.395753
0.393071
0.390149
0.387084
0.383958
0.380804
0.377633
0.374438
0.371236
0.368051
0.36491
0.361831
0.358846
0.355986
0.353278
0.350703
0.348206
0.345722
0.343202
0.340598
0.337896
0.335096
0.332238
0.329369
0.326532
0.323771
0.321166
0.318758
0.316604
0.314725
0.313063
0.311516
0.310032
0.308552
0.307032
0.305424
0.303708
0.301867
0.299934
0.297932
0.295914
0.293915
0.291982
0.290139
0.288415
0.286792
0.285268
0.283804
0.282418
0.281078
0.279826
0.278618
0.277495
0.276398
0.275371
0.274372
0.27345
0.272565
0.271705
0.270941
0.269644
0.279215
0.205422
0.205885
0.253358
0.395559
0.435679
0.449469
0.448104
0.444372
0.442121
0.440877
0.439743
0.438936
0.439452
0.439365
0.438515
0.437154
0.436201
0.436009
0.435687
0.434823
0.433361
0.431706
0.43029
0.429594
0.429222
0.428877
0.428095
0.42676
0.424939
0.422837
0.420636
0.418404
0.416116
0.41378
0.411678
0.409504
0.407347
0.405098
0.402683
0.40006
0.397177
0.393997
0.390635
0.387251
0.384046
0.380987
0.378026
0.375037
0.371895
0.368533
0.364963
0.361271
0.357547
0.353842
0.350192
0.346619
0.343148
0.3398
0.336578
0.333476
0.330515
0.327728
0.325136
0.322709
0.320388
0.318094
0.315772
0.313384
0.310921
0.308387
0.305824
0.303276
0.300783
0.298384
0.296143
0.294087
0.292278
0.290717
0.289333
0.288036
0.286784
0.285527
0.284229
0.282851
0.281379
0.2798
0.278144
0.276432
0.274709
0.273004
0.271357
0.269788
0.268328
0.266958
0.265679
0.264451
0.263293
0.262171
0.261125
0.260106
0.259156
0.258219
0.257342
0.256483
0.255698
0.254937
0.254212
0.253573
0.252434
0.261455
0.205447
0.20922
0.319211
0.437539
0.449871
0.453085
0.451165
0.446658
0.44213
0.440505
0.438899
0.437002
0.436576
0.436197
0.435404
0.434072
0.432593
0.431763
0.430921
0.429686
0.427948
0.426088
0.4244
0.422769
0.421247
0.419881
0.418255
0.41607
0.413353
0.410338
0.407231
0.404052
0.400788
0.397578
0.394263
0.390794
0.387375
0.383973
0.380524
0.376927
0.373048
0.368889
0.364648
0.360582
0.356808
0.35332
0.350012
0.346734
0.343324
0.339677
0.335832
0.331926
0.328081
0.324368
0.320832
0.317478
0.314302
0.311298
0.308444
0.305717
0.303123
0.300687
0.298427
0.296317
0.294304
0.292317
0.290312
0.288261
0.286156
0.284002
0.281833
0.27969
0.277604
0.275609
0.273756
0.27207
0.270605
0.269352
0.268238
0.267184
0.266155
0.265109
0.26402
0.262854
0.261601
0.260252
0.258842
0.257391
0.255936
0.254498
0.253109
0.251787
0.250557
0.249405
0.248332
0.247303
0.246334
0.245395
0.244519
0.243657
0.242851
0.242047
0.241293
0.240548
0.239874
0.239216
0.238609
0.238069
0.237106
0.245008
0.205502
0.231719
0.392663
0.451155
0.451386
0.454215
0.452646
0.447156
0.441933
0.440151
0.4377
0.435043
0.433274
0.432089
0.430751
0.428897
0.426794
0.424826
0.422746
0.420329
0.417703
0.415218
0.412847
0.410506
0.408116
0.405517
0.402422
0.398797
0.394867
0.390793
0.386627
0.382303
0.377956
0.373405
0.368834
0.364329
0.359982
0.355755
0.351569
0.347336
0.343005
0.338594
0.334252
0.330145
0.326412
0.323011
0.319808
0.316651
0.313404
0.309984
0.306428
0.302862
0.299407
0.296129
0.29306
0.290198
0.287529
0.285035
0.282681
0.280424
0.278266
0.276237
0.274355
0.272602
0.270932
0.269288
0.26763
0.26593
0.264185
0.2624
0.260606
0.258838
0.257122
0.255489
0.253979
0.252615
0.251441
0.250437
0.249546
0.248693
0.247848
0.246972
0.246047
0.24505
0.243975
0.242819
0.24162
0.240392
0.239167
0.237958
0.23679
0.235676
0.23464
0.233668
0.232762
0.231895
0.231078
0.230287
0.229548
0.228815
0.228126
0.22743
0.226774
0.226125
0.225541
0.224972
0.224465
0.223999
0.223256
0.22992
0.205957
0.289667
0.430624
0.452217
0.449374
0.451452
0.449765
0.444657
0.439212
0.4356
0.432261
0.428763
0.425474
0.42321
0.421271
0.418866
0.41564
0.41224
0.408903
0.405561
0.402214
0.398942
0.395554
0.391862
0.387731
0.383245
0.378523
0.373502
0.368239
0.36288
0.357599
0.352413
0.347284
0.342309
0.337384
0.332509
0.327834
0.323416
0.319217
0.315139
0.311079
0.307029
0.303127
0.299531
0.296308
0.293417
0.290738
0.288112
0.285389
0.282482
0.279433
0.276375
0.273434
0.270682
0.268151
0.26583
0.263693
0.261713
0.259842
0.258035
0.25629
0.254634
0.25309
0.251646
0.250269
0.248913
0.247545
0.24614
0.2447
0.243231
0.24176
0.240314
0.238913
0.237582
0.236353
0.235246
0.234308
0.233497
0.232776
0.232077
0.231372
0.230628
0.229829
0.228965
0.228033
0.22704
0.226019
0.22498
0.223949
0.222934
0.221951
0.221011
0.220135
0.219311
0.218542
0.217807
0.217115
0.216446
0.215819
0.215191
0.214597
0.213992
0.213416
0.212849
0.212343
0.211852
0.211433
0.21103
0.210463
0.216317
0.209195
0.346453
0.439747
0.447866
0.442977
0.440603
0.437394
0.432639
0.428134
0.4252
0.421615
0.417223
0.413103
0.409757
0.406193
0.402016
0.397221
0.392405
0.387523
0.382684
0.378017
0.373405
0.368716
0.363578
0.358166
0.352594
0.346833
0.340924
0.335038
0.329308
0.32384
0.318584
0.313637
0.308863
0.304172
0.299653
0.295423
0.291527
0.287904
0.284446
0.281071
0.277776
0.274649
0.271785
0.269231
0.26694
0.264798
0.262675
0.260446
0.258038
0.25549
0.252931
0.250486
0.248227
0.246182
0.244333
0.24265
0.241098
0.239626
0.238188
0.236779
0.235426
0.234155
0.23296
0.231816
0.230688
0.229553
0.228391
0.227204
0.225997
0.224794
0.223614
0.222471
0.221385
0.220384
0.219479
0.218727
0.21807
0.217473
0.216893
0.216293
0.215647
0.214949
0.214193
0.213384
0.212532
0.211666
0.21079
0.209926
0.209073
0.208246
0.207452
0.206709
0.206007
0.205354
0.204729
0.204142
0.203573
0.203039
0.202499
0.201986
0.201457
0.200953
0.200458
0.200023
0.199602
0.19926
0.198921
0.198438
0.203913
0.224627
0.389951
0.447616
0.445874
0.43428
0.430621
0.426822
0.421156
0.415334
0.411086
0.406453
0.40061
0.394168
0.388322
0.382778
0.376952
0.370672
0.363965
0.357099
0.350694
0.344937
0.339578
0.334179
0.328511
0.322569
0.316487
0.310486
0.304709
0.299251
0.294116
0.289357
0.284921
0.280753
0.276825
0.273015
0.269332
0.265881
0.26272
0.259816
0.257083
0.254445
0.251882
0.24946
0.247248
0.24527
0.243489
0.24182
0.240149
0.238361
0.23639
0.234275
0.232142
0.230113
0.228262
0.226616
0.225152
0.223837
0.222628
0.221474
0.220328
0.219186
0.218073
0.217019
0.216021
0.215063
0.214118
0.213172
0.212208
0.21123
0.210242
0.209261
0.208301
0.207371
0.206485
0.205667
0.204927
0.20431
0.203783
0.203279
0.202788
0.202275
0.201705
0.20109
0.200431
0.199734
0.199007
0.198278
0.197547
0.196826
0.196113
0.195417
0.194747
0.194116
0.193519
0.192964
0.192434
0.191937
0.191456
0.191
0.190535
0.19009
0.18963
0.18919
0.188762
0.188392
0.188037
0.187765
0.187491
0.187046
0.192291
0.269043
0.428844
0.451285
0.440394
0.425206
0.419607
0.413401
0.404673
0.393599
0.384721
0.377896
0.370588
0.362568
0.355187
0.348381
0.341553
0.334031
0.326446
0.319071
0.312438
0.306675
0.30139
0.296279
0.290933
0.285506
0.280245
0.275234
0.270511
0.266114
0.262031
0.258291
0.25483
0.251631
0.248601
0.245615
0.242702
0.23997
0.237483
0.235217
0.233098
0.231063
0.229097
0.227248
0.225558
0.22404
0.222661
0.221355
0.220029
0.218584
0.216963
0.215204
0.213423
0.211741
0.210228
0.208907
0.207753
0.206728
0.20579
0.204886
0.203971
0.20304
0.20212
0.201241
0.200405
0.1996
0.198809
0.198021
0.197225
0.196425
0.195621
0.194827
0.19405
0.193295
0.192575
0.191908
0.191306
0.190791
0.190361
0.189944
0.189515
0.189072
0.188575
0.188033
0.187467
0.186875
0.186265
0.18566
0.185055
0.184461
0.183869
0.183287
0.182722
0.18219
0.181684
0.181216
0.180769
0.18035
0.179946
0.179558
0.17916
0.178775
0.178377
0.178001
0.177634
0.177328
0.177039
0.176828
0.176616
0.176232
0.18118
0.31708
0.440932
0.445049
0.427496
0.410263
0.394386
0.381177
0.369785
0.357982
0.347942
0.339791
0.331506
0.322842
0.314695
0.307166
0.299888
0.29267
0.285571
0.278816
0.272964
0.268142
0.26397
0.259991
0.255899
0.251735
0.247664
0.243796
0.2402
0.236907
0.233864
0.231077
0.228496
0.226082
0.223776
0.221483
0.21922
0.217084
0.21514
0.213378
0.211746
0.210191
0.208696
0.207292
0.206007
0.204843
0.203777
0.202759
0.201711
0.200547
0.199219
0.19776
0.196281
0.194895
0.193667
0.192617
0.191717
0.190928
0.190207
0.189503
0.188775
0.188019
0.187262
0.186533
0.185839
0.185172
0.184519
0.183875
0.18323
0.182587
0.181944
0.181311
0.180691
0.180085
0.179506
0.178968
0.178484
0.178065
0.177699
0.177372
0.177008
0.17661
0.176186
0.175725
0.175252
0.174759
0.17426
0.173767
0.173273
0.172789
0.172301
0.171821
0.171346
0.170902
0.170478
0.170086
0.169713
0.169364
0.169026
0.168699
0.168361
0.168035
0.167692
0.167376
0.167073
0.166824
0.166602
0.166448
0.166291
0.165999
0.170471
0.363259
0.441216
0.421903
0.402036
0.378765
0.354175
0.338419
0.326112
0.313701
0.30337
0.295013
0.286694
0.278207
0.270719
0.264354
0.258581
0.252775
0.24719
0.242043
0.237735
0.234308
0.231378
0.228583
0.225605
0.222504
0.219483
0.216633
0.213988
0.211559
0.209304
0.207235
0.205312
0.203514
0.201776
0.200016
0.198253
0.19658
0.195065
0.193708
0.192468
0.191298
0.190178
0.189129
0.188167
0.187289
0.186477
0.185694
0.184874
0.183945
0.182867
0.181672
0.180463
0.179342
0.178368
0.177556
0.176875
0.176283
0.175743
0.175208
0.174639
0.174036
0.173427
0.172839
0.172284
0.171753
0.17124
0.170738
0.170241
0.169746
0.169253
0.168766
0.168287
0.167815
0.167365
0.166946
0.166568
0.166251
0.165952
0.165695
0.165419
0.165089
0.164728
0.164372
0.163987
0.163591
0.16319
0.162795
0.162399
0.16201
0.161611
0.161215
0.160823
0.160455
0.160103
0.15978
0.159473
0.159187
0.158908
0.158635
0.158351
0.158083
0.157797
0.157535
0.157294
0.157106
0.156941
0.156845
0.156737
0.156541
0.160292
0.37473
0.40042
0.379467
0.355691
0.328257
0.301841
0.285471
0.273238
0.261703
0.252706
0.246118
0.240246
0.234523
0.229378
0.225011
0.221016
0.217073
0.213246
0.209698
0.206766
0.204504
0.202614
0.200779
0.198752
0.196578
0.194427
0.192386
0.190494
0.188764
0.187157
0.185684
0.184315
0.183024
0.18176
0.180456
0.179131
0.177868
0.176736
0.175747
0.174866
0.174049
0.173271
0.172542
0.171871
0.171255
0.170682
0.170124
0.169527
0.168826
0.16799
0.167053
0.16611
0.165254
0.164533
0.163957
0.163489
0.163091
0.162726
0.162354
0.161941
0.161492
0.161033
0.160597
0.160194
0.159819
0.159464
0.159126
0.158793
0.158461
0.158126
0.15779
0.157453
0.157116
0.156792
0.156493
0.156227
0.156005
0.155808
0.155628
0.155455
0.155253
0.154985
0.154737
0.154442
0.154125
0.153804
0.153491
0.153175
0.152866
0.15254
0.15221
0.151886
0.15158
0.151288
0.151026
0.150775
0.150541
0.150312
0.150088
0.149854
0.149636
0.149407
0.149195
0.149008
0.148879
0.148761
0.148713
0.148652
0.148549
0.150658
0.372272
0.345566
0.31041
0.286465
0.263494
0.240823
0.228872
0.22146
0.214044
0.208262
0.204273
0.200679
0.19702
0.193821
0.191296
0.18898
0.186536
0.184083
0.181797
0.179964
0.178636
0.177566
0.176499
0.175227
0.173801
0.172384
0.171054
0.169831
0.168721
0.16769
0.166751
0.16588
0.165056
0.164231
0.163353
0.162441
0.16158
0.160839
0.160231
0.159722
0.159263
0.158827
0.158414
0.158032
0.157683
0.157359
0.157039
0.156676
0.156215
0.15563
0.154959
0.15429
0.153708
0.153254
0.152927
0.152689
0.152498
0.152322
0.152123
0.151877
0.151589
0.151292
0.151018
0.150781
0.150581
0.150408
0.150255
0.150108
0.149957
0.149796
0.149622
0.149434
0.149236
0.14904
0.148861
0.148712
0.148594
0.148523
0.148471
0.148419
0.14836
0.148246
0.148077
0.147847
0.147582
0.147317
0.147061
0.146801
0.146542
0.146269
0.145985
0.145708
0.145449
0.145197
0.144978
0.144767
0.144575
0.144379
0.144191
0.143998
0.143816
0.143628
0.143461
0.143316
0.143228
0.143151
0.143139
0.14311
0.143069
0.143128
0.337695
0.269821
0.231339
0.209238
0.193244
0.180492
0.174928
0.171517
0.167772
0.165296
0.164077
0.162971
0.161636
0.160429
0.159579
0.158773
0.157827
0.156799
0.15583
0.155179
0.1549
0.154776
0.15459
0.154178
0.153607
0.153036
0.152527
0.15209
0.151715
0.151361
0.151036
0.150721
0.15041
0.150072
0.149668
0.149229
0.148846
0.14858
0.148432
0.148358
0.148307
0.148247
0.148177
0.148105
0.148042
0.147988
0.14793
0.147827
0.147628
0.147309
0.146907
0.146508
0.146194
0.146003
0.145928
0.145924
0.145949
0.145969
0.145953
0.145873
0.145741
0.145591
0.145464
0.145378
0.145338
0.145333
0.145354
0.145383
0.145404
0.145405
0.145379
0.145326
0.145248
0.14516
0.145078
0.145017
0.145009
0.145044
0.145111
0.14518
0.145244
0.145285
0.145151
0.144941
0.144705
0.144463
0.14423
0.144
0.14376
0.143508
0.143249
0.142993
0.142753
0.142516
0.142319
0.142124
0.141951
0.141772
0.141597
0.141426
0.141259
0.141089
0.140945
0.140822
0.140748
0.140694
0.140699
0.140686
0.140681
0.138484
0.0462967
0.046486
0.0476293
0.0526239
0.0638095
0.0754987
0.0830609
0.0875989
0.0934326
0.0941009
0.096311
0.102679
0.110998
0.12233
0.135093
0.148725
0.163999
0.179156
0.19353
0.209043
0.223214
0.242145
0.253195
0.270659
0.284509
0.293263
0.300634
0.3098
0.319858
0.324534
0.329408
0.335049
0.340958
0.344384
0.346096
0.348275
0.351209
0.354736
0.356784
0.357019
0.357501
0.358653
0.360388
0.362041
0.362677
0.362886
0.363241
0.363953
0.364923
0.365257
0.365045
0.36462
0.364739
0.36527
0.366256
0.36682
0.366655
0.365911
0.364479
0.36299
0.362532
0.362669
0.362787
0.362541
0.361457
0.358901
0.354409
0.347987
0.340446
0.332989
0.326374
0.320392
0.314199
0.307553
0.299771
0.290412
0.279143
0.266853
0.255015
0.236771
0.0466491
0.0468131
0.0478306
0.0524533
0.06255
0.072828
0.0798653
0.0843057
0.0899704
0.0907183
0.09319
0.0994522
0.10764
0.118938
0.131841
0.145924
0.161565
0.17725
0.192335
0.208343
0.222862
0.24204
0.253563
0.271452
0.285779
0.295056
0.302931
0.312499
0.32292
0.327976
0.333185
0.339079
0.345196
0.348819
0.350721
0.35307
0.356137
0.359764
0.361899
0.36221
0.362757
0.363955
0.365723
0.367403
0.368068
0.368296
0.368661
0.369374
0.370342
0.370681
0.370471
0.370052
0.370165
0.370685
0.371653
0.372205
0.372027
0.371271
0.369827
0.368323
0.367837
0.36795
0.368045
0.367781
0.366681
0.364112
0.359611
0.353175
0.345605
0.338097
0.331409
0.325339
0.319058
0.312323
0.304455
0.295011
0.283653
0.271261
0.259374
0.241101
0.0478297
0.0479527
0.0487477
0.052749
0.0620627
0.0711513
0.0777229
0.0820697
0.0875895
0.0881321
0.0908507
0.0972429
0.105396
0.116744
0.129795
0.144134
0.160125
0.176345
0.19193
0.208277
0.223183
0.243053
0.255518
0.27434
0.28961
0.299829
0.30853
0.318832
0.329962
0.335702
0.341527
0.347921
0.354458
0.358436
0.360677
0.363369
0.366757
0.370652
0.372983
0.373443
0.374128
0.375464
0.377364
0.379153
0.379903
0.380195
0.380607
0.381356
0.382348
0.382715
0.382517
0.382116
0.382249
0.382779
0.383759
0.384299
0.38409
0.383294
0.381802
0.380262
0.379739
0.379831
0.379895
0.379593
0.378444
0.375805
0.371214
0.36467
0.356978
0.349341
0.342519
0.336295
0.329832
0.322901
0.314811
0.305125
0.293497
0.280827
0.268688
0.250133
0.0500526
0.0501454
0.0507728
0.0539534
0.0621219
0.070337
0.0763829
0.0805515
0.086004
0.0865693
0.0893445
0.0957366
0.103873
0.115272
0.128465
0.143077
0.159274
0.17598
0.192036
0.209119
0.22489
0.245669
0.259185
0.279245
0.295668
0.306952
0.31657
0.327777
0.339775
0.346305
0.35287
0.3599
0.366968
0.371371
0.374011
0.377145
0.380999
0.385313
0.387948
0.388621
0.389514
0.391079
0.393227
0.395229
0.396142
0.396566
0.397087
0.397941
0.399018
0.399458
0.399293
0.39895
0.399143
0.399749
0.400799
0.40136
0.401126
0.400281
0.398716
0.397133
0.396592
0.396688
0.396744
0.396407
0.395184
0.392411
0.387629
0.380854
0.37293
0.365087
0.358094
0.351696
0.345009
0.337809
0.32939
0.319317
0.307243
0.294127
0.281554
0.262461
0.0530725
0.0531524
0.0537256
0.0564254
0.0628568
0.0701769
0.0756342
0.0795181
0.0848657
0.0854339
0.0882404
0.0946182
0.10279
0.11427
0.127627
0.142494
0.15885
0.17617
0.193252
0.211355
0.228167
0.250182
0.26485
0.286263
0.303883
0.316197
0.326603
0.338652
0.351482
0.358729
0.365974
0.373603
0.381169
0.385944
0.38892
0.392459
0.396787
0.401563
0.404539
0.405437
0.406548
0.408361
0.410797
0.413061
0.414183
0.414783
0.415451
0.416454
0.417658
0.41821
0.418103
0.417849
0.418132
0.418871
0.420049
0.420678
0.420444
0.419564
0.417926
0.416299
0.415755
0.415885
0.415966
0.415613
0.414313
0.411374
0.406335
0.399238
0.39099
0.382871
0.375675
0.369104
0.362191
0.354706
0.345913
0.335376
0.322752
0.309081
0.29598
0.27619
0.0565402
0.0566151
0.0571997
0.0598776
0.0651843
0.0706272
0.0754187
0.0788736
0.0840346
0.0844153
0.0873808
0.0937661
0.102017
0.113628
0.127114
0.142267
0.159006
0.177455
0.195883
0.215365
0.233493
0.256885
0.272701
0.295523
0.314348
0.32767
0.338733
0.351508
0.365041
0.372873
0.380682
0.388796
0.39674
0.401769
0.40496
0.40879
0.413499
0.418667
0.421942
0.423021
0.424299
0.42631
0.428994
0.431499
0.432821
0.433595
0.434409
0.435557
0.436893
0.437557
0.437513
0.437355
0.437734
0.438627
0.439953
0.440683
0.440468
0.439569
0.43787
0.436198
0.435655
0.435833
0.435952
0.435597
0.434223
0.431112
0.42579
0.418326
0.409697
0.401248
0.39381
0.387055
0.379918
0.372148
0.362974
0.351948
0.338737
0.324463
0.310799
0.290237
0.0602626
0.0603293
0.060879
0.063799
0.0691218
0.0721884
0.075651
0.0786128
0.0834958
0.0836147
0.0867423
0.0931253
0.101529
0.113261
0.126911
0.142656
0.160252
0.180337
0.200613
0.221836
0.241518
0.266544
0.283578
0.307897
0.327923
0.342274
0.353848
0.367195
0.381239
0.38948
0.397716
0.406161
0.414311
0.41943
0.422675
0.426643
0.431585
0.437019
0.440492
0.441663
0.443019
0.445137
0.447979
0.450653
0.452121
0.453029
0.453952
0.455205
0.456635
0.45737
0.45737
0.457284
0.457741
0.458767
0.46023
0.461069
0.460871
0.459948
0.458194
0.456468
0.455911
0.456129
0.456285
0.455922
0.454467
0.451176
0.445553
0.437694
0.428648
0.419822
0.412093
0.405118
0.39774
0.389676
0.380112
0.368584
0.35477
0.339866
0.325621
0.304249
0.0642073
0.0642606
0.0647472
0.0679067
0.0739194
0.0760076
0.0765944
0.0787498
0.0832538
0.083089
0.0863227
0.092715
0.101288
0.113174
0.127319
0.144267
0.163368
0.185779
0.208493
0.232092
0.253689
0.280725
0.298971
0.324895
0.346044
0.361369
0.373247
0.386972
0.401251
0.409667
0.418175
0.426764
0.434894
0.439892
0.442996
0.446918
0.451911
0.457436
0.460962
0.462102
0.46342
0.465523
0.468396
0.471126
0.472648
0.473619
0.474587
0.475872
0.477325
0.478053
0.478055
0.477985
0.478486
0.479596
0.48115
0.482061
0.481881
0.480898
0.479074
0.477276
0.476673
0.476912
0.477075
0.476681
0.475119
0.471619
0.465667
0.457387
0.447893
0.438649
0.43057
0.423317
0.415659
0.407272
0.39729
0.385236
0.370799
0.35525
0.340403
0.318184
0.0683969
0.0684362
0.0688543
0.0719037
0.0788812
0.0819949
0.0794348
0.0795081
0.0833222
0.0828002
0.0861279
0.0925491
0.101293
0.113717
0.128926
0.147943
0.169587
0.195254
0.22129
0.248249
0.272277
0.301919
0.321301
0.34897
0.371056
0.38705
0.398763
0.412534
0.426633
0.434935
0.443518
0.451995
0.459805
0.464405
0.467136
0.470781
0.475601
0.480989
0.48437
0.485333
0.486466
0.488398
0.491139
0.493775
0.495226
0.49616
0.497084
0.498301
0.499673
0.50029
0.500223
0.500084
0.50058
0.5017
0.503267
0.50419
0.503989
0.502889
0.500966
0.499066
0.498365
0.498588
0.498707
0.498237
0.496513
0.492752
0.486422
0.47768
0.467703
0.457994
0.449498
0.441889
0.433888
0.425125
0.414673
0.402044
0.386951
0.37073
0.355251
0.332139
0.0728862
0.0729153
0.0732535
0.0756811
0.083896
0.0895287
0.085127
0.081724
0.0839255
0.0826923
0.0861644
0.0926751
0.10187
0.11545
0.132713
0.155055
0.180691
0.210959
0.241396
0.272999
0.300191
0.333244
0.353659
0.38326
0.406009
0.422266
0.43292
0.446101
0.459398
0.467173
0.475561
0.48358
0.490654
0.494522
0.496581
0.499669
0.504024
0.508973
0.511956
0.512562
0.513317
0.51489
0.517293
0.519633
0.520857
0.52162
0.522379
0.523404
0.52455
0.524913
0.524685
0.524361
0.524779
0.525814
0.527281
0.528141
0.527826
0.526532
0.524458
0.52242
0.521541
0.521702
0.521697
0.52107
0.519109
0.515003
0.508215
0.498951
0.488447
0.478214
0.469218
0.461156
0.452723
0.443505
0.432498
0.419221
0.403419
0.386485
0.370335
0.346267
0.0777552
0.077775
0.0780199
0.0798477
0.0888864
0.0968022
0.0934456
0.0868931
0.0857775
0.0829699
0.0865603
0.0934457
0.103609
0.11935
0.140126
0.167458
0.198939
0.235436
0.271353
0.308843
0.339989
0.377005
0.398357
0.42988
0.452854
0.469314
0.478269
0.490307
0.502102
0.508905
0.516577
0.523545
0.529331
0.532003
0.533084
0.53529
0.53884
0.54294
0.545167
0.545248
0.545372
0.546345
0.548141
0.549923
0.550718
0.551148
0.551585
0.55225
0.552972
0.552968
0.552387
0.551727
0.552007
0.552816
0.554026
0.554711
0.554163
0.552561
0.550273
0.548048
0.546896
0.546885
0.546674
0.545768
0.543452
0.538881
0.531521
0.521653
0.510561
0.499734
0.490137
0.481502
0.472524
0.462744
0.451061
0.437025
0.420434
0.402731
0.385861
0.360756
0.0831102
0.0831157
0.0832626
0.0846499
0.0930835
0.104017
0.103871
0.0960078
0.0903604
0.0844024
0.0878844
0.0956528
0.107593
0.126866
0.152818
0.187086
0.226266
0.270329
0.312205
0.356057
0.39203
0.433003
0.455933
0.489126
0.511942
0.529106
0.535932
0.546511
0.556001
0.561485
0.568344
0.573803
0.577633
0.578878
0.578382
0.579541
0.581807
0.5845
0.585692
0.584875
0.584046
0.584301
0.585133
0.585969
0.586144
0.586021
0.58594
0.586091
0.586101
0.585532
0.584376
0.583306
0.583217
0.583714
0.584469
0.584794
0.58386
0.581811
0.579244
0.576753
0.575229
0.574869
0.574334
0.573019
0.570182
0.564981
0.556913
0.546338
0.534582
0.523061
0.512733
0.503364
0.493687
0.483201
0.470687
0.455757
0.438278
0.419731
0.402075
0.375827
0.0890925
0.0890651
0.0891337
0.090118
0.0960532
0.110804
0.114748
0.108188
0.0991932
0.0884292
0.0914974
0.100639
0.115448
0.139594
0.172112
0.214911
0.263045
0.314699
0.361988
0.410256
0.451228
0.493251
0.518656
0.552203
0.573441
0.5932
0.601779
0.612967
0.620114
0.625933
0.631534
0.634537
0.635996
0.635137
0.633227
0.633429
0.634376
0.635034
0.634615
0.63263
0.630815
0.629938
0.629494
0.629013
0.628294
0.62746
0.626632
0.626024
0.625123
0.623647
0.621785
0.620222
0.619453
0.619475
0.619619
0.61933
0.617759
0.615141
0.61223
0.609389
0.607355
0.606455
0.605447
0.603544
0.59994
0.593879
0.584928
0.573537
0.561039
0.548733
0.537531
0.527236
0.516682
0.505309
0.491741
0.475723
0.457234
0.437764
0.419252
0.391738
0.0958928
0.0957974
0.0958242
0.096425
0.100162
0.117049
0.125147
0.122215
0.112671
0.0973391
0.0993406
0.110505
0.129318
0.158952
0.198561
0.249664
0.305318
0.362595
0.413197
0.462783
0.509339
0.55114
0.582827
0.617028
0.635695
0.658268
0.66816
0.679885
0.683989
0.689826
0.69858
0.701425
0.700583
0.69812
0.69617
0.6951
0.694464
0.693231
0.690562
0.687816
0.685419
0.683253
0.681173
0.679119
0.677418
0.675801
0.67412
0.672422
0.67034
0.667808
0.665213
0.663068
0.661579
0.660689
0.660016
0.658853
0.656497
0.653241
0.649911
0.646636
0.643983
0.642328
0.640628
0.637929
0.633387
0.626248
0.616228
0.603937
0.590632
0.577365
0.565089
0.553597
0.54191
0.529429
0.514589
0.49732
0.477691
0.457175
0.437715
0.408791
0.103776
0.103569
0.103577
0.103853
0.106206
0.119285
0.134822
0.138266
0.129835
0.113446
0.113804
0.128433
0.15216
0.186336
0.230461
0.287072
0.347146
0.405076
0.456328
0.501053
0.551731
0.591424
0.628956
0.661882
0.677688
0.706288
0.723062
0.737734
0.741701
0.749676
0.757977
0.760629
0.759186
0.75595
0.757572
0.757827
0.755961
0.752338
0.748542
0.746187
0.743614
0.740553
0.737041
0.733599
0.731088
0.728916
0.726494
0.723792
0.720553
0.716986
0.713704
0.711054
0.708858
0.707107
0.705395
0.703172
0.699796
0.695916
0.692268
0.688574
0.685179
0.682617
0.680014
0.676256
0.670385
0.661948
0.650704
0.637536
0.623484
0.609345
0.595783
0.582948
0.569933
0.556043
0.539524
0.52071
0.499853
0.478249
0.457789
0.42731
0.113084
0.11276
0.112679
0.112752
0.114011
0.121162
0.144699
0.153794
0.147556
0.138037
0.138936
0.159638
0.188302
0.223654
0.266491
0.316922
0.375569
0.434138
0.485599
0.528207
0.580974
0.621658
0.664462
0.694187
0.707753
0.734925
0.758688
0.774447
0.777216
0.787244
0.804261
0.804295
0.801354
0.801696
0.805796
0.807264
0.805351
0.800863
0.797074
0.797231
0.796318
0.793536
0.789137
0.784996
0.78277
0.780623
0.778058
0.774581
0.770361
0.766443
0.763411
0.760754
0.75805
0.755284
0.752421
0.74927
0.745331
0.741187
0.737449
0.733596
0.729667
0.726066
0.722436
0.717606
0.710674
0.700879
0.68857
0.674725
0.660026
0.644733
0.629751
0.615122
0.600477
0.584989
0.566787
0.546445
0.524224
0.501341
0.479816
0.447668
0.124189
0.123817
0.123474
0.123464
0.123908
0.127506
0.145511
0.172103
0.166756
0.172458
0.184075
0.213925
0.243584
0.274128
0.307549
0.343439
0.383998
0.427401
0.476874
0.523685
0.578078
0.620026
0.668549
0.695628
0.71563
0.749648
0.775631
0.798121
0.801934
0.809916
0.822601
0.827733
0.824529
0.82773
0.83758
0.839783
0.837286
0.832323
0.831007
0.833177
0.833968
0.832199
0.828177
0.824181
0.822872
0.821822
0.819889
0.816761
0.812457
0.808845
0.806598
0.804857
0.802659
0.799794
0.79617
0.792125
0.787865
0.784309
0.781169
0.777562
0.773375
0.769123
0.764482
0.758317
0.749719
0.738902
0.725926
0.712203
0.69771
0.682345
0.666133
0.650187
0.633869
0.616244
0.595489
0.573395
0.550218
0.526403
0.503905
0.470067
0.137353
0.136973
0.136412
0.136142
0.136159
0.137716
0.146656
0.178233
0.197828
0.226217
0.26161
0.300219
0.322811
0.342306
0.362242
0.381349
0.398248
0.416898
0.45257
0.499757
0.553301
0.601779
0.658075
0.687593
0.712639
0.749229
0.774116
0.797057
0.806989
0.823192
0.834002
0.835793
0.837713
0.843363
0.851876
0.854982
0.852878
0.848999
0.850174
0.853845
0.856093
0.854844
0.851823
0.84923
0.849113
0.848827
0.847637
0.84468
0.840775
0.83869
0.838178
0.837578
0.835972
0.833165
0.829374
0.825342
0.821801
0.819264
0.817308
0.814879
0.811163
0.806406
0.801213
0.794556
0.785604
0.773935
0.7616
0.748823
0.734865
0.719091
0.702444
0.684427
0.666561
0.647606
0.625723
0.602477
0.577989
0.553079
0.529985
0.494753
0.152458
0.152036
0.151467
0.150691
0.150568
0.151271
0.156423
0.178544
0.232167
0.328152
0.381265
0.416774
0.413922
0.415022
0.421537
0.423438
0.425592
0.432329
0.439102
0.455319
0.486445
0.534817
0.594745
0.641612
0.696456
0.739837
0.762034
0.787487
0.804628
0.823167
0.833186
0.834529
0.839584
0.851876
0.859368
0.859496
0.857026
0.857461
0.860516
0.863234
0.865959
0.865436
0.86392
0.862758
0.863149
0.863387
0.862562
0.860418
0.857117
0.856168
0.85679
0.857558
0.856734
0.854164
0.850007
0.845518
0.843342
0.842728
0.842134
0.840754
0.837952
0.833411
0.827169
0.818928
0.808804
0.79792
0.786908
0.776784
0.765483
0.751877
0.735424
0.717561
0.697527
0.675736
0.651402
0.628082
0.604672
0.580047
0.556875
0.520928
0.16838
0.16793
0.167377
0.166564
0.166617
0.167843
0.173933
0.197036
0.268827
0.391627
0.490503
0.546031
0.53754
0.527079
0.510088
0.488769
0.472945
0.458562
0.462261
0.467814
0.470463
0.480539
0.51019
0.567741
0.650965
0.693794
0.731779
0.766381
0.792927
0.818154
0.82496
0.828942
0.839159
0.853131
0.858546
0.85826
0.856788
0.859968
0.866193
0.867706
0.868635
0.868132
0.868732
0.869745
0.869816
0.869488
0.868461
0.8664
0.865213
0.865295
0.866542
0.867534
0.866989
0.864985
0.861334
0.857414
0.855953
0.856368
0.856895
0.856393
0.854165
0.849687
0.843083
0.834265
0.823916
0.8136
0.805184
0.79676
0.786896
0.774709
0.759145
0.739737
0.720427
0.698975
0.675676
0.651935
0.628074
0.604702
0.583361
0.548048
0.182966
0.182529
0.182097
0.182113
0.183229
0.187919
0.200905
0.244292
0.320588
0.392883
0.483186
0.54264
0.573223
0.596972
0.591572
0.57631
0.555938
0.534071
0.513338
0.494561
0.481485
0.482767
0.48706
0.499352
0.53684
0.594241
0.670843
0.727043
0.768024
0.799399
0.805124
0.819252
0.83898
0.850882
0.851402
0.850506
0.853802
0.861415
0.867749
0.868395
0.867816
0.867759
0.869074
0.872327
0.873042
0.872313
0.871231
0.869374
0.869325
0.870236
0.871602
0.872466
0.871762
0.869404
0.866111
0.862927
0.862788
0.863516
0.864517
0.8642
0.862621
0.857768
0.849277
0.838476
0.827822
0.819384
0.813089
0.807569
0.800423
0.790209
0.775423
0.757288
0.734278
0.709906
0.686371
0.666675
0.646646
0.6249
0.605432
0.572581
0.194208
0.194004
0.194415
0.195951
0.200277
0.214964
0.25537
0.315356
0.382806
0.41215
0.446581
0.495428
0.555946
0.592001
0.595435
0.598196
0.596633
0.591526
0.5773
0.555766
0.530144
0.51087
0.497902
0.498444
0.503077
0.517207
0.56067
0.626331
0.697845
0.75517
0.781951
0.81456
0.836174
0.839583
0.836634
0.841377
0.851935
0.862607
0.867527
0.866561
0.86398
0.865624
0.868893
0.872353
0.873108
0.872546
0.870478
0.870256
0.871671
0.874071
0.874206
0.874063
0.873189
0.870878
0.868311
0.866118
0.866164
0.866937
0.867972
0.867549
0.865299
0.861415
0.853442
0.842198
0.831339
0.823468
0.818144
0.812245
0.805402
0.795768
0.781124
0.76249
0.746061
0.722016
0.69877
0.675139
0.656455
0.639763
0.62363
0.593518
0.201953
0.202665
0.204601
0.210468
0.227524
0.267282
0.332192
0.384426
0.42991
0.437281
0.437674
0.442861
0.463016
0.498121
0.542702
0.574791
0.594485
0.593894
0.591244
0.585618
0.575809
0.560369
0.54054
0.524215
0.512433
0.513165
0.518281
0.53512
0.583676
0.658581
0.731187
0.799446
0.806429
0.816146
0.821063
0.831279
0.851978
0.861793
0.861448
0.858317
0.859425
0.862987
0.868904
0.871701
0.871728
0.869734
0.868452
0.869987
0.873735
0.875918
0.875541
0.874538
0.87175
0.868537
0.867944
0.868055
0.868828
0.868943
0.868864
0.868255
0.865696
0.858583
0.847385
0.836011
0.827756
0.822002
0.817577
0.81402
0.808528
0.799824
0.786661
0.768838
0.741813
0.716943
0.696987
0.677829
0.661814
0.647018
0.634141
0.60873
0.207959
0.210985
0.21911
0.240848
0.28535
0.347726
0.406937
0.424504
0.431944
0.439059
0.444794
0.449121
0.452769
0.458416
0.470215
0.491337
0.520814
0.548572
0.566673
0.576913
0.576539
0.574516
0.570138
0.562491
0.550283
0.536893
0.525921
0.526932
0.533221
0.554188
0.612925
0.693083
0.751477
0.789618
0.808878
0.835061
0.849618
0.852703
0.848525
0.85076
0.855609
0.864623
0.868221
0.868764
0.866591
0.865326
0.866859
0.871875
0.875199
0.87579
0.875231
0.87265
0.868235
0.866902
0.86761
0.869667
0.870677
0.870121
0.869272
0.866721
0.86038
0.850981
0.841596
0.832982
0.826312
0.821295
0.816998
0.81127
0.802982
0.791524
0.776013
0.75719
0.735417
0.71693
0.69921
0.684041
0.670687
0.65704
0.642161
0.618028
0.216929
0.229206
0.259304
0.31331
0.372354
0.40754
0.422328
0.43576
0.445174
0.451347
0.454532
0.455136
0.454993
0.454131
0.454555
0.456576
0.461933
0.474261
0.495054
0.52101
0.543452
0.555904
0.563206
0.562566
0.560925
0.557501
0.55096
0.543673
0.537929
0.539787
0.548733
0.577943
0.646823
0.724618
0.781792
0.827776
0.832513
0.830127
0.833022
0.842171
0.858234
0.8642
0.865178
0.862843
0.860112
0.862004
0.868704
0.874097
0.875083
0.874983
0.872668
0.86807
0.865015
0.865711
0.868297
0.871126
0.871081
0.870382
0.867669
0.8614
0.85178
0.841278
0.833708
0.827991
0.822369
0.816861
0.811008
0.803993
0.794222
0.781077
0.764409
0.745608
0.72651
0.707981
0.692003
0.679142
0.66754
0.654965
0.64407
0.623097
0.246547
0.290997
0.344259
0.384508
0.416838
0.437772
0.447954
0.449823
0.45094
0.453076
0.454078
0.454413
0.455106
0.455247
0.455159
0.45499
0.455254
0.456308
0.458936
0.464752
0.476251
0.492559
0.511724
0.529402
0.540985
0.548628
0.549866
0.549231
0.547478
0.544658
0.545408
0.549844
0.564477
0.602805
0.670652
0.737416
0.77912
0.805342
0.823153
0.84864
0.857143
0.859959
0.856832
0.853631
0.855881
0.864263
0.872156
0.874107
0.87408
0.871667
0.86646
0.863901
0.864399
0.867039
0.869993
0.870988
0.870544
0.867972
0.861368
0.851083
0.841464
0.833894
0.828232
0.823763
0.818797
0.812598
0.804412
0.793821
0.780197
0.76491
0.749285
0.733341
0.717771
0.703076
0.688487
0.676027
0.665052
0.653492
0.647023
0.630113
0.326015
0.368403
0.406033
0.436692
0.44715
0.448647
0.44748
0.44793
0.450215
0.454277
0.45647
0.456786
0.456803
0.456633
0.456047
0.455081
0.454783
0.454809
0.455044
0.455694
0.457011
0.459283
0.463488
0.47168
0.484142
0.500352
0.516011
0.527696
0.535068
0.538521
0.540235
0.54208
0.546123
0.555649
0.577086
0.619734
0.687501
0.763716
0.81006
0.841456
0.844049
0.840759
0.839708
0.845319
0.857898
0.869987
0.872131
0.87252
0.86861
0.863139
0.859791
0.861139
0.865565
0.869609
0.870326
0.869949
0.867164
0.860043
0.849435
0.838221
0.829694
0.824543
0.821766
0.818849
0.814112
0.80616
0.793832
0.777756
0.75958
0.742721
0.728127
0.71588
0.705928
0.696127
0.68537
0.674239
0.662576
0.654245
0.643275
0.621353
0.406529
0.427641
0.435274
0.438753
0.444517
0.451201
0.453643
0.454007
0.454554
0.45583
0.456842
0.457001
0.456986
0.456808
0.456328
0.455547
0.455083
0.454949
0.454993
0.455154
0.455286
0.45541
0.455732
0.456534
0.458178
0.461297
0.467047
0.476032
0.487501
0.500048
0.511134
0.519737
0.52617
0.532162
0.540251
0.55333
0.580321
0.629802
0.695152
0.756001
0.790771
0.810264
0.828088
0.851527
0.863858
0.868728
0.868733
0.862867
0.854855
0.855588
0.858214
0.86379
0.868459
0.869674
0.868977
0.865202
0.856465
0.844807
0.835352
0.829461
0.824232
0.819543
0.815225
0.810279
0.802626
0.790708
0.773988
0.756145
0.739007
0.724434
0.713045
0.703191
0.695793
0.688771
0.680735
0.67075
0.659891
0.646206
0.634179
0.613495
0.427603
0.440903
0.451887
0.453787
0.454169
0.45438
0.454557
0.455183
0.455902
0.456637
0.456946
0.456943
0.456874
0.456661
0.456294
0.455969
0.455798
0.455714
0.455643
0.455528
0.455386
0.455266
0.45526
0.455292
0.455421
0.455751
0.456401
0.457519
0.459344
0.462387
0.467351
0.47443
0.48294
0.491532
0.499902
0.50864
0.519448
0.536455
0.570006
0.622961
0.692625
0.765432
0.813652
0.842532
0.856304
0.855716
0.847861
0.837496
0.840876
0.848464
0.861287
0.866884
0.868211
0.867028
0.861584
0.849672
0.836895
0.827294
0.820012
0.818636
0.817234
0.814291
0.80857
0.799062
0.784686
0.766866
0.746834
0.728487
0.713288
0.701904
0.694714
0.691331
0.687572
0.682161
0.674914
0.664568
0.652219
0.637094
0.622918
0.602548
0.448666
0.449287
0.450783
0.453377
0.455448
0.456121
0.456088
0.456132
0.456372
0.456775
0.45694
0.45694
0.456904
0.45682
0.456647
0.456418
0.456217
0.456109
0.456055
0.455997
0.455898
0.455745
0.455605
0.455443
0.455432
0.45543
0.455463
0.455544
0.455686
0.455974
0.456525
0.457463
0.458952
0.461185
0.464287
0.468161
0.472833
0.478717
0.487413
0.501954
0.533837
0.5876
0.658
0.724186
0.767019
0.801651
0.811539
0.827261
0.843233
0.857035
0.861433
0.864672
0.8624
0.85358
0.838876
0.82654
0.821856
0.819427
0.816327
0.812647
0.808186
0.801228
0.7895
0.773024
0.753445
0.736264
0.722507
0.710311
0.699594
0.690418
0.68273
0.67803
0.67395
0.668472
0.660786
0.650755
0.639031
0.625874
0.612204
0.592597
0.452721
0.455082
0.455823
0.456043
0.455921
0.455966
0.45636
0.456647
0.456861
0.456935
0.456915
0.45688
0.456867
0.456838
0.456819
0.456733
0.456537
0.456351
0.456232
0.456151
0.456082
0.456041
0.456026
0.455992
0.45589
0.45577
0.455649
0.455561
0.455487
0.455415
0.455413
0.455443
0.455559
0.455804
0.456221
0.456863
0.457769
0.458995
0.460707
0.463362
0.468201
0.47781
0.500683
0.542762
0.60977
0.688505
0.754808
0.815678
0.835399
0.851302
0.850385
0.845663
0.833393
0.819086
0.807726
0.807414
0.808419
0.810908
0.809911
0.805466
0.795407
0.779028
0.757125
0.735333
0.71615
0.700667
0.692011
0.687577
0.685005
0.680915
0.675236
0.667367
0.658673
0.649365
0.639956
0.630183
0.619834
0.60912
0.599353
0.58407
0.455547
0.455784
0.456347
0.456708
0.456855
0.456859
0.456801
0.456709
0.4567
0.456777
0.456895
0.456995
0.457026
0.457027
0.456994
0.45685
0.456567
0.45645
0.456397
0.45636
0.456331
0.456289
0.456179
0.455979
0.455851
0.455782
0.455753
0.455697
0.455614
0.455511
0.455362
0.45524
0.455187
0.455175
0.455159
0.455192
0.455279
0.455409
0.455606
0.455934
0.456517
0.457611
0.459857
0.464698
0.476353
0.502794
0.556493
0.627805
0.693161
0.750005
0.775916
0.792652
0.797198
0.800985
0.805737
0.805591
0.804048
0.800473
0.792367
0.776212
0.754075
0.732304
0.71675
0.704875
0.696637
0.687867
0.680108
0.672852
0.667753
0.66255
0.655423
0.646387
0.635733
0.625701
0.616636
0.609482
0.602382
0.594595
0.587425
0.575375
0.4564
0.456587
0.456842
0.457058
0.457133
0.45713
0.457079
0.456947
0.456784
0.456728
0.456747
0.456827
0.456861
0.456831
0.456759
0.456667
0.456565
0.456429
0.456318
0.456233
0.45615
0.456068
0.455976
0.455868
0.455796
0.455743
0.455661
0.455556
0.455459
0.455355
0.455235
0.455125
0.455051
0.455006
0.454956
0.454896
0.454813
0.454743
0.454681
0.454683
0.454705
0.454748
0.454848
0.455088
0.455801
0.457711
0.463253
0.47564
0.506008
0.555818
0.622282
0.687594
0.737598
0.775164
0.796299
0.795164
0.787233
0.771105
0.746178
0.718497
0.696271
0.682485
0.676081
0.675137
0.676275
0.674696
0.670336
0.662744
0.652553
0.640938
0.628848
0.61682
0.606332
0.598092
0.592988
0.590451
0.587189
0.582576
0.577335
0.567002
0.457406
0.457323
0.456979
0.456622
0.456555
0.4566
0.456635
0.45664
0.456664
0.456695
0.45673
0.456797
0.456781
0.456683
0.456529
0.456348
0.456174
0.456078
0.456021
0.455955
0.455859
0.455751
0.455678
0.455625
0.455564
0.455485
0.455395
0.455324
0.455269
0.455206
0.455118
0.455012
0.454916
0.454855
0.454812
0.454743
0.454641
0.45455
0.454466
0.454373
0.454214
0.45397
0.4536
0.45315
0.452472
0.451713
0.45056
0.449306
0.44931
0.451765
0.461261
0.485377
0.528841
0.583325
0.632622
0.675173
0.68675
0.692881
0.690987
0.688103
0.683207
0.676875
0.670268
0.662601
0.655152
0.646937
0.637455
0.627247
0.617993
0.609643
0.602483
0.594516
0.587434
0.580762
0.575673
0.571047
0.567805
0.565699
0.562149
0.553621
0.457239
0.457281
0.457237
0.457176
0.457106
0.456962
0.45682
0.456751
0.456744
0.456769
0.456814
0.456818
0.456738
0.456559
0.456309
0.456022
0.455816
0.455732
0.455683
0.455629
0.455549
0.455446
0.455359
0.455304
0.455254
0.455172
0.455077
0.455034
0.455016
0.454987
0.454934
0.454853
0.454744
0.454631
0.45455
0.454489
0.454413
0.45431
0.454163
0.453939
0.453576
0.453074
0.452341
0.451367
0.449854
0.447758
0.444531
0.440328
0.434817
0.428439
0.422157
0.414304
0.414645
0.421324
0.443133
0.482537
0.53423
0.585667
0.625849
0.655377
0.669524
0.667799
0.660623
0.64751
0.629385
0.608758
0.593089
0.582296
0.577852
0.577481
0.57847
0.577352
0.57526
0.572182
0.567017
0.559808
0.553456
0.547422
0.544414
0.538195
0.457921
0.458409
0.458591
0.458602
0.4585
0.458144
0.45765
0.45728
0.457121
0.457044
0.456979
0.456885
0.456736
0.4565
0.45622
0.455968
0.455777
0.455676
0.455617
0.455558
0.455476
0.455361
0.455233
0.455125
0.45507
0.455041
0.454995
0.454959
0.454929
0.454883
0.454827
0.45476
0.454662
0.454532
0.454371
0.454215
0.454055
0.453851
0.453555
0.45311
0.452467
0.451561
0.450247
0.448347
0.445597
0.441593
0.436366
0.429355
0.420992
0.411166
0.401146
0.389918
0.380836
0.37261
0.366179
0.367633
0.37918
0.406081
0.45318
0.505298
0.557027
0.587614
0.58839
0.59299
0.591864
0.587052
0.580556
0.574421
0.568347
0.56273
0.556834
0.555606
0.553184
0.54921
0.544032
0.538391
0.533814
0.528379
0.525671
0.521181
0.45978
0.459705
0.459488
0.459086
0.458565
0.458167
0.457931
0.457795
0.457661
0.457518
0.457371
0.457194
0.456957
0.456664
0.45636
0.456176
0.456035
0.45588
0.455756
0.455666
0.455562
0.455409
0.455233
0.455094
0.455016
0.454999
0.455001
0.45499
0.454949
0.454887
0.454835
0.454778
0.454691
0.454549
0.45433
0.45405
0.453745
0.453363
0.452827
0.452013
0.450842
0.449036
0.446527
0.442805
0.437805
0.43111
0.423231
0.413221
0.403132
0.392121
0.381158
0.37007
0.36023
0.350207
0.341305
0.334411
0.327711
0.328639
0.335105
0.355953
0.396401
0.454314
0.500158
0.544116
0.563983
0.575456
0.57504
0.571796
0.565866
0.556011
0.543946
0.53275
0.523236
0.521947
0.521996
0.521441
0.519907
0.51716
0.513109
0.507151
0.459821
0.459444
0.459091
0.458819
0.458539
0.458414
0.45839
0.45839
0.458375
0.458333
0.458274
0.458107
0.457809
0.457486
0.457223
0.456997
0.456769
0.456502
0.456186
0.455933
0.455805
0.455705
0.455607
0.455525
0.45546
0.45541
0.455379
0.455331
0.455229
0.455125
0.455071
0.455027
0.454957
0.45477
0.454391
0.453899
0.453341
0.4526
0.451543
0.449973
0.447669
0.444222
0.439731
0.433036
0.425244
0.415962
0.405147
0.393809
0.382989
0.372002
0.36046
0.350788
0.341397
0.332409
0.323288
0.316212
0.30867
0.303273
0.297757
0.298626
0.30353
0.319796
0.36031
0.415472
0.467135
0.504078
0.532381
0.533374
0.529484
0.528248
0.526397
0.5219
0.515526
0.51011
0.505355
0.506003
0.506391
0.505467
0.502758
0.497356
0.459414
0.459207
0.459013
0.458905
0.458974
0.45918
0.459295
0.459235
0.459048
0.458761
0.458417
0.45814
0.457947
0.457814
0.457665
0.457457
0.457192
0.456901
0.456621
0.4564
0.45629
0.456259
0.456263
0.456255
0.456197
0.456059
0.455879
0.455757
0.455667
0.455585
0.455509
0.455385
0.455176
0.454861
0.454357
0.453613
0.452599
0.451126
0.448981
0.445796
0.441093
0.435229
0.427383
0.417422
0.407645
0.396266
0.383396
0.373043
0.362198
0.350984
0.340499
0.332628
0.323388
0.314987
0.307425
0.301342
0.294213
0.288266
0.282778
0.278792
0.27497
0.276009
0.281593
0.29695
0.334821
0.391662
0.455648
0.483138
0.501545
0.514665
0.515547
0.514513
0.511724
0.506467
0.500504
0.495199
0.490462
0.490008
0.490131
0.4883
0.459251
0.459202
0.459231
0.459338
0.459385
0.459335
0.459191
0.458997
0.458768
0.45857
0.458358
0.458244
0.458238
0.458213
0.458089
0.457839
0.457536
0.457275
0.457094
0.456987
0.456922
0.45686
0.456772
0.456709
0.456713
0.456706
0.456647
0.456561
0.456473
0.456355
0.456219
0.455997
0.455554
0.454865
0.454104
0.452981
0.450973
0.447839
0.443421
0.437071
0.429307
0.420566
0.408564
0.397444
0.386491
0.373242
0.36139
0.352282
0.341166
0.330498
0.322695
0.31532
0.306034
0.299331
0.293519
0.287197
0.281188
0.276221
0.271482
0.266978
0.262971
0.260006
0.257827
0.258906
0.265248
0.283973
0.32252
0.379196
0.443634
0.475376
0.48471
0.492615
0.492795
0.489162
0.485377
0.479933
0.477493
0.476734
0.477872
0.478902
0.459253
0.459222
0.459196
0.45916
0.459116
0.459047
0.458956
0.458837
0.458671
0.458529
0.458469
0.458414
0.458295
0.4581
0.457898
0.457673
0.457437
0.457228
0.457087
0.457012
0.456984
0.457003
0.457043
0.457063
0.457098
0.457116
0.457075
0.456943
0.456772
0.456533
0.456181
0.455753
0.455151
0.454028
0.452014
0.448815
0.44421
0.43864
0.430957
0.421222
0.411477
0.399318
0.385412
0.37528
0.362995
0.349787
0.340791
0.33178
0.320667
0.312646
0.306276
0.298479
0.290807
0.285844
0.280432
0.274381
0.269887
0.265564
0.261631
0.257242
0.25405
0.250772
0.248126
0.2449
0.245072
0.247018
0.254461
0.277311
0.320813
0.375709
0.431219
0.473475
0.483367
0.483994
0.479704
0.475009
0.473243
0.471364
0.470131
0.470102
0.459133
0.459111
0.459078
0.459028
0.458962
0.458881
0.458807
0.458766
0.458728
0.458677
0.458608
0.458477
0.458273
0.458033
0.457808
0.457634
0.457461
0.457302
0.457195
0.457149
0.457122
0.45708
0.457042
0.457026
0.45701
0.457004
0.457055
0.457072
0.456964
0.456677
0.456019
0.454828
0.452787
0.449814
0.445756
0.439849
0.432582
0.423852
0.411564
0.399978
0.388359
0.37336
0.361575
0.351987
0.338749
0.328387
0.321272
0.311698
0.302541
0.296759
0.290808
0.282963
0.278009
0.273656
0.268606
0.263286
0.260139
0.25616
0.25284
0.249025
0.246659
0.243586
0.241001
0.238722
0.236821
0.235223
0.235688
0.238824
0.248393
0.276802
0.328746
0.383961
0.432537
0.46642
0.476593
0.476974
0.475322
0.470865
0.466758
0.464461
0.459073
0.459072
0.459043
0.458991
0.45892
0.458839
0.458769
0.458702
0.458636
0.458571
0.458484
0.458349
0.458172
0.457991
0.4578
0.457655
0.457599
0.457549
0.45747
0.457352
0.45723
0.457139
0.457075
0.457027
0.456969
0.456872
0.456678
0.456313
0.455654
0.454533
0.4528
0.450115
0.446037
0.440796
0.433274
0.42336
0.413195
0.40006
0.385608
0.374562
0.36118
0.347005
0.338347
0.328342
0.316299
0.309239
0.302828
0.293229
0.28712
0.282432
0.276528
0.270108
0.266958
0.262786
0.258102
0.254261
0.251672
0.24819
0.24499
0.242419
0.240216
0.237703
0.235265
0.233718
0.231604
0.23019
0.228677
0.228712
0.22989
0.23467
0.247333
0.283421
0.345376
0.401734
0.435964
0.458874
0.468717
0.470469
0.470053
0.467444
0.459017
0.459001
0.458987
0.458957
0.458893
0.458794
0.458704
0.45864
0.458598
0.458565
0.458498
0.458362
0.458172
0.457993
0.457873
0.457782
0.457697
0.457611
0.457513
0.457401
0.457302
0.457222
0.457126
0.457024
0.456854
0.456541
0.455971
0.455012
0.453368
0.450815
0.447135
0.44141
0.433911
0.424852
0.4121
0.399339
0.386886
0.37076
0.358411
0.347818
0.333973
0.323608
0.316454
0.306004
0.297178
0.292054
0.285683
0.277798
0.27387
0.269635
0.263812
0.259901
0.257172
0.253094
0.249332
0.246904
0.244044
0.241191
0.238723
0.23692
0.234761
0.23284
0.231252
0.229869
0.228356
0.226883
0.22603
0.225107
0.225052
0.225533
0.227665
0.234967
0.253829
0.300125
0.369754
0.420441
0.4411
0.454034
0.460022
0.46288
0.458865
0.458845
0.458851
0.458868
0.458852
0.458796
0.458716
0.458649
0.458611
0.458599
0.45858
0.458508
0.458359
0.458194
0.458061
0.457963
0.457865
0.457758
0.457663
0.457576
0.457459
0.457362
0.457217
0.45691
0.456352
0.455361
0.453742
0.451195
0.447131
0.441673
0.434022
0.423268
0.412192
0.39843
0.382383
0.370106
0.35631
0.341236
0.331867
0.321581
0.309812
0.303038
0.296202
0.286546
0.281063
0.276889
0.270527
0.265342
0.262321
0.25817
0.253555
0.251218
0.248505
0.244815
0.242346
0.24044
0.237733
0.235421
0.233829
0.232326
0.230636
0.228996
0.22784
0.226691
0.225709
0.224651
0.223951
0.223348
0.223005
0.2227
0.222875
0.223894
0.22745
0.238812
0.26785
0.324044
0.389495
0.43854
0.446872
0.452225
0.458687
0.458677
0.458687
0.458725
0.458765
0.458783
0.458805
0.458817
0.45883
0.458833
0.458821
0.45877
0.458646
0.458494
0.458383
0.458305
0.458225
0.458129
0.457968
0.457787
0.457594
0.457273
0.45671
0.45577
0.454184
0.451513
0.44768
0.441839
0.433402
0.42347
0.409997
0.395346
0.381708
0.364569
0.350959
0.34028
0.325845
0.3146
0.307551
0.298277
0.289953
0.284802
0.277921
0.27109
0.267825
0.263859
0.258044
0.254919
0.252423
0.248623
0.245697
0.243762
0.240946
0.238286
0.236766
0.234985
0.232901
0.231339
0.230103
0.228826
0.2277
0.226759
0.225908
0.225194
0.224437
0.223676
0.222923
0.222577
0.222257
0.221994
0.221617
0.221641
0.222034
0.223702
0.229255
0.247234
0.288245
0.350499
0.412214
0.44602
0.458595
0.4586
0.458627
0.458679
0.458736
0.458779
0.458836
0.458944
0.45902
0.459017
0.458982
0.458933
0.458863
0.458784
0.458719
0.458646
0.458534
0.458387
0.458151
0.457734
0.457089
0.456031
0.454326
0.451689
0.447321
0.441261
0.433146
0.420819
0.407437
0.393239
0.375247
0.360275
0.346432
0.331987
0.322108
0.311061
0.29843
0.292649
0.287258
0.278916
0.273016
0.268863
0.263431
0.259667
0.256917
0.252447
0.248128
0.246287
0.244091
0.240979
0.239155
0.23728
0.234617
0.233297
0.232326
0.230757
0.229224
0.22834
0.227408
0.226509
0.225712
0.225068
0.224355
0.223821
0.223313
0.222909
0.222568
0.222302
0.221981
0.221676
0.221433
0.221237
0.221138
0.221271
0.222035
0.224765
0.23428
0.261557
0.315334
0.396922
0.458663
0.458706
0.458792
0.458889
0.45897
0.45904
0.459045
0.459052
0.459079
0.459099
0.459084
0.459095
0.4591
0.459082
0.45903
0.458925
0.458779
0.458415
0.457715
0.456552
0.454727
0.451796
0.44729
0.440604
0.431287
0.419279
0.403208
0.387218
0.372348
0.353166
0.33672
0.327021
0.315597
0.30367
0.294767
0.285421
0.279459
0.275812
0.26991
0.262423
0.259378
0.256677
0.252926
0.250268
0.247468
0.243203
0.240892
0.23953
0.237233
0.235127
0.233913
0.232119
0.23045
0.229848
0.22902
0.227762
0.226968
0.226393
0.225663
0.225005
0.224374
0.223792
0.223315
0.222908
0.22251
0.222246
0.222104
0.221898
0.221634
0.221415
0.221319
0.22116
0.221008
0.220754
0.22078
0.22111
0.222509
0.227648
0.243245
0.31271
0.458772
0.45878
0.458822
0.458894
0.458981
0.459078
0.459177
0.45927
0.459395
0.459495
0.459554
0.45958
0.459569
0.459536
0.459425
0.459162
0.458549
0.45738
0.455383
0.452307
0.447243
0.439593
0.429688
0.415794
0.398394
0.380955
0.364617
0.348243
0.329273
0.314843
0.308518
0.300333
0.286507
0.277918
0.273793
0.269442
0.265339
0.261051
0.254962
0.251243
0.249734
0.247299
0.244183
0.242167
0.239506
0.236612
0.235312
0.233761
0.231582
0.230654
0.229764
0.228409
0.227781
0.2273
0.226427
0.22581
0.225512
0.225036
0.224397
0.223885
0.223407
0.222992
0.222684
0.222356
0.222001
0.221805
0.221685
0.22154
0.221357
0.221223
0.221114
0.220959
0.220735
0.220493
0.220246
0.220159
0.220291
0.221053
0.223736
0.24865
0.459269
0.45927
0.459299
0.45935
0.459376
0.459399
0.459449
0.459547
0.459699
0.459801
0.459814
0.459802
0.459755
0.459556
0.459051
0.457962
0.455936
0.452595
0.447204
0.438755
0.42735
0.412783
0.393759
0.37325
0.357731
0.34154
0.322722
0.306426
0.298465
0.293318
0.285867
0.272845
0.264515
0.263471
0.261505
0.257031
0.252443
0.248879
0.245863
0.244389
0.242647
0.239549
0.237367
0.235884
0.233643
0.232098
0.230996
0.229218
0.227877
0.227362
0.226554
0.225836
0.225529
0.225054
0.22449
0.224343
0.224174
0.223799
0.223345
0.223007
0.222673
0.222377
0.2221
0.221795
0.221562
0.221474
0.221396
0.221296
0.221146
0.220997
0.22082
0.220608
0.22031
0.220051
0.219728
0.219573
0.219408
0.219492
0.219938
0.225687
0.459548
0.45958
0.459582
0.459571
0.459551
0.459553
0.459589
0.459689
0.459828
0.459879
0.459863
0.459743
0.45939
0.458536
0.456697
0.453394
0.447831
0.438858
0.426762
0.410909
0.390894
0.36898
0.351592
0.33608
0.319111
0.299575
0.290549
0.286789
0.281787
0.27217
0.260788
0.256423
0.256397
0.255606
0.251621
0.245109
0.242443
0.241093
0.239989
0.238625
0.236067
0.233332
0.232359
0.231112
0.229505
0.228702
0.227731
0.226266
0.225511
0.225014
0.224417
0.224085
0.22378
0.223349
0.223144
0.22306
0.222911
0.222651
0.222385
0.222163
0.221943
0.221741
0.221521
0.221245
0.221038
0.220921
0.220857
0.220772
0.220636
0.22044
0.220207
0.219931
0.219608
0.219296
0.219019
0.218764
0.218617
0.218514
0.218554
0.219807
0.45962
0.459625
0.45962
0.459576
0.459529
0.459532
0.459579
0.459706
0.459879
0.459884
0.45975
0.459262
0.457951
0.455177
0.450049
0.441197
0.428587
0.412139
0.390924
0.366969
0.348855
0.33257
0.315492
0.296446
0.285462
0.28119
0.277584
0.27106
0.259901
0.251971
0.25057
0.251282
0.250813
0.247467
0.241083
0.23661
0.236084
0.235669
0.234537
0.232478
0.229914
0.228911
0.2283
0.227084
0.226342
0.225951
0.225195
0.224238
0.223797
0.223413
0.223043
0.222764
0.222416
0.222082
0.221922
0.221802
0.221649
0.221461
0.221291
0.221127
0.220957
0.220786
0.220574
0.220318
0.220078
0.219878
0.219716
0.219583
0.219437
0.219264
0.219047
0.218792
0.218508
0.21822
0.218011
0.21774
0.217572
0.2174
0.217257
0.217478
0.458846
0.458747
0.458727
0.458774
0.458876
0.459039
0.459308
0.459548
0.459552
0.459366
0.458644
0.456748
0.452711
0.444889
0.432736
0.416106
0.394027
0.368787
0.348668
0.330972
0.313623
0.294044
0.282184
0.276963
0.273143
0.268277
0.259571
0.250078
0.246419
0.246349
0.24643
0.24537
0.241945
0.236804
0.233391
0.232249
0.231602
0.230488
0.228698
0.226784
0.225904
0.225628
0.22499
0.22416
0.223946
0.22367
0.222987
0.2224
0.222139
0.221846
0.221496
0.221145
0.220775
0.220488
0.220282
0.220079
0.219932
0.219853
0.21977
0.219656
0.219495
0.219281
0.219047
0.218834
0.218619
0.218363
0.218074
0.217801
0.217588
0.217424
0.217265
0.217073
0.216815
0.216537
0.216338
0.216162
0.215986
0.215791
0.215594
0.215377
0.45766
0.457732
0.457779
0.457838
0.457959
0.458182
0.458561
0.458759
0.458564
0.45766
0.455171
0.449364
0.438788
0.422931
0.400338
0.373564
0.351437
0.331814
0.31286
0.292472
0.280765
0.274279
0.26883
0.264009
0.257878
0.249892
0.243885
0.242195
0.242347
0.241925
0.239989
0.23629
0.232043
0.229772
0.229176
0.228615
0.227387
0.225451
0.223791
0.223224
0.223171
0.222956
0.22235
0.221891
0.221614
0.221142
0.220379
0.219963
0.219708
0.219364
0.218988
0.218705
0.218476
0.218336
0.218167
0.217888
0.217581
0.217436
0.217397
0.217358
0.217234
0.216934
0.216494
0.216162
0.216007
0.215883
0.215675
0.215327
0.214913
0.214622
0.214445
0.214326
0.214177
0.213969
0.213728
0.21356
0.213395
0.213239
0.213008
0.212574
0.456215
0.456288
0.456318
0.456343
0.456484
0.456876
0.457258
0.457034
0.455859
0.452349
0.444537
0.431075
0.409759
0.38213
0.357267
0.334791
0.313326
0.292742
0.279964
0.271279
0.265285
0.259812
0.253529
0.247748
0.242693
0.238548
0.237605
0.237621
0.237009
0.234986
0.231318
0.22721
0.225293
0.225009
0.224822
0.224136
0.222793
0.221123
0.220036
0.219855
0.219794
0.219506
0.218908
0.21845
0.218045
0.217424
0.216831
0.216623
0.216411
0.215996
0.215544
0.215338
0.215297
0.215305
0.215237
0.214947
0.214428
0.213981
0.213781
0.21375
0.213732
0.213605
0.21324
0.21269
0.212237
0.211999
0.211837
0.211618
0.211248
0.21081
0.210489
0.210337
0.210252
0.210169
0.210019
0.209779
0.209519
0.20927
0.208979
0.208411
0.45437
0.454528
0.454612
0.45475
0.455028
0.455431
0.455184
0.453657
0.448966
0.439167
0.421161
0.394553
0.367307
0.340889
0.315955
0.293937
0.279779
0.269356
0.261317
0.255409
0.250438
0.24494
0.240394
0.236926
0.234214
0.232759
0.231686
0.230763
0.229341
0.226515
0.222509
0.220192
0.21977
0.21978
0.219576
0.218917
0.217764
0.216337
0.21554
0.215342
0.215157
0.214732
0.21409
0.213531
0.212962
0.212395
0.212281
0.212287
0.212183
0.211767
0.211076
0.210533
0.210312
0.210278
0.210277
0.210198
0.209927
0.209462
0.208963
0.208652
0.208533
0.208449
0.20827
0.207885
0.207296
0.206692
0.206273
0.206013
0.205757
0.205457
0.205114
0.20484
0.20465
0.204516
0.204384
0.204191
0.203884
0.203524
0.203162
0.202522
0.452444
0.45268
0.452612
0.452689
0.453013
0.452819
0.451091
0.445594
0.433166
0.410585
0.38163
0.351781
0.322251
0.297221
0.280232
0.267257
0.257906
0.250428
0.244837
0.240924
0.238136
0.234685
0.231306
0.228688
0.227095
0.225649
0.224016
0.22231
0.220039
0.216595
0.214133
0.213863
0.214053
0.214111
0.213713
0.212722
0.211139
0.209847
0.209542
0.209434
0.209225
0.208827
0.20828
0.207612
0.20677
0.206123
0.205973
0.20596
0.2059
0.20562
0.205069
0.20443
0.203892
0.203572
0.203477
0.20348
0.203452
0.203283
0.20288
0.202292
0.201761
0.20143
0.201197
0.200939
0.200528
0.199913
0.199231
0.198704
0.198341
0.198071
0.197829
0.197597
0.197368
0.197138
0.196884
0.196584
0.196213
0.195774
0.195348
0.194648
0.450271
0.45015
0.449772
0.449811
0.449592
0.447574
0.440933
0.425297
0.39958
0.367793
0.33362
0.304678
0.28313
0.266798
0.25496
0.246958
0.240852
0.235442
0.233019
0.231255
0.228276
0.224542
0.221976
0.220091
0.218206
0.215903
0.213824
0.212115
0.20981
0.207452
0.206746
0.206684
0.206703
0.206455
0.205746
0.204492
0.202867
0.20207
0.201877
0.201684
0.201411
0.201045
0.200588
0.199971
0.199136
0.198364
0.197822
0.197484
0.19727
0.197087
0.196911
0.196666
0.196245
0.195652
0.195111
0.194803
0.194651
0.194514
0.19429
0.193888
0.193347
0.19283
0.192381
0.191954
0.191498
0.190961
0.190332
0.189734
0.189246
0.188878
0.188578
0.188325
0.188081
0.187812
0.187487
0.187092
0.186628
0.186115
0.185635
0.184879
0.447975
0.447159
0.446712
0.446455
0.444429
0.436963
0.419265
0.389601
0.353419
0.317959
0.28957
0.268981
0.253759
0.243153
0.235741
0.230769
0.228048
0.224942
0.221525
0.218911
0.216875
0.214129
0.211129
0.208915
0.207012
0.205036
0.203418
0.201674
0.199444
0.198214
0.197974
0.197809
0.197454
0.196761
0.195704
0.194257
0.193328
0.193108
0.192892
0.192495
0.19197
0.191425
0.190915
0.19039
0.189817
0.18925
0.188623
0.187904
0.187277
0.186933
0.1868
0.186701
0.186507
0.186067
0.185392
0.184832
0.184518
0.184293
0.184054
0.183724
0.183268
0.182753
0.182246
0.181723
0.181141
0.180482
0.179802
0.17921
0.178758
0.17838
0.178032
0.177694
0.177356
0.177006
0.176618
0.176163
0.175648
0.175098
0.174619
0.173871
0.443832
0.441981
0.441532
0.439483
0.431203
0.411975
0.37958
0.339574
0.304689
0.27573
0.255929
0.242826
0.232259
0.225187
0.222059
0.218966
0.214694
0.210531
0.208266
0.206386
0.203947
0.200678
0.198471
0.197167
0.195302
0.193005
0.191403
0.189872
0.188236
0.187605
0.187353
0.186977
0.186372
0.185536
0.184379
0.183189
0.182766
0.182577
0.182247
0.181729
0.181063
0.180338
0.179779
0.17937
0.179011
0.178645
0.178108
0.177228
0.17628
0.175848
0.175726
0.175647
0.175511
0.175192
0.174604
0.173951
0.173509
0.17321
0.172924
0.172562
0.172068
0.171484
0.170918
0.170397
0.169867
0.169261
0.168591
0.167965
0.167473
0.167079
0.166722
0.166357
0.165964
0.165536
0.165072
0.164574
0.164053
0.163508
0.163035
0.162295
0.437982
0.436076
0.433808
0.425906
0.40558
0.372058
0.329915
0.290901
0.26309
0.242993
0.22936
0.220096
0.215135
0.211206
0.207006
0.203507
0.200521
0.197063
0.194075
0.191966
0.190003
0.187704
0.185916
0.184339
0.182355
0.180408
0.178994
0.177569
0.176609
0.17634
0.176063
0.175544
0.174698
0.173505
0.172223
0.171677
0.171612
0.171507
0.171222
0.170716
0.169941
0.168978
0.16825
0.167857
0.167637
0.167434
0.16705
0.166228
0.165183
0.164677
0.16454
0.164468
0.164344
0.16405
0.163494
0.162794
0.162248
0.161884
0.161584
0.161239
0.160779
0.160208
0.159622
0.159072
0.158532
0.157953
0.157343
0.156758
0.156264
0.155832
0.155426
0.155011
0.154572
0.154104
0.153613
0.153101
0.15259
0.152079
0.15164
0.150922
0.429658
0.426022
0.418719
0.398964
0.364177
0.322617
0.280601
0.250407
0.229973
0.215523
0.207986
0.202537
0.197587
0.194249
0.192123
0.189472
0.185737
0.182018
0.180065
0.178594
0.176439
0.174018
0.172788
0.171622
0.169785
0.168055
0.16694
0.165956
0.165374
0.165021
0.16457
0.163884
0.162877
0.161578
0.16068
0.160509
0.160511
0.160459
0.160269
0.159837
0.159014
0.157881
0.157038
0.156679
0.156543
0.15642
0.156133
0.155448
0.154496
0.153912
0.153692
0.153586
0.153455
0.153186
0.152688
0.152024
0.151428
0.150995
0.150641
0.150266
0.149802
0.149248
0.148687
0.148165
0.147662
0.147128
0.146566
0.146014
0.145525
0.145078
0.144643
0.144188
0.143704
0.1432
0.142693
0.142188
0.141703
0.141216
0.140792
0.140078
0.417677
0.410296
0.39303
0.359797
0.316701
0.275587
0.240398
0.219078
0.20504
0.19615
0.19047
0.186095
0.183071
0.180663
0.178088
0.17531
0.17218
0.169233
0.16729
0.165718
0.163692
0.161948
0.160931
0.159791
0.15821
0.156959
0.156042
0.155233
0.154743
0.154373
0.153894
0.153135
0.15198
0.150771
0.150245
0.150145
0.150158
0.150146
0.150007
0.14961
0.1488
0.14767
0.146782
0.146392
0.146259
0.146147
0.145894
0.145328
0.14457
0.144001
0.143688
0.143503
0.14332
0.143026
0.142543
0.141909
0.141301
0.140823
0.140433
0.140041
0.139585
0.139061
0.138533
0.138043
0.137574
0.13708
0.136554
0.136015
0.13551
0.13503
0.134559
0.134073
0.133565
0.133045
0.132535
0.132038
0.13157
0.131103
0.13069
0.129974
0.400241
0.385926
0.357212
0.314913
0.272012
0.236072
0.210092
0.196684
0.186754
0.180203
0.176401
0.172966
0.169986
0.167793
0.165701
0.16319
0.159989
0.157324
0.155958
0.154641
0.152647
0.151105
0.150297
0.14932
0.147963
0.146963
0.146239
0.145617
0.14516
0.144743
0.1442
0.143358
0.142169
0.141221
0.140854
0.140747
0.140744
0.140715
0.140577
0.14018
0.13939
0.138357
0.137506
0.137051
0.136867
0.136732
0.136479
0.135988
0.135393
0.134888
0.134509
0.134233
0.133981
0.13365
0.13317
0.132566
0.131963
0.131457
0.131035
0.130628
0.13018
0.129682
0.12918
0.12871
0.12826
0.127788
0.127281
0.126748
0.126227
0.12572
0.125221
0.124714
0.124195
0.123678
0.123179
0.122703
0.122257
0.121807
0.121404
0.120699
0.377557
0.354795
0.318703
0.272914
0.23478
0.205821
0.188712
0.180056
0.172767
0.16777
0.16444
0.161372
0.158933
0.15695
0.154791
0.152308
0.149439
0.147344
0.146122
0.144811
0.142989
0.141778
0.141032
0.140079
0.138932
0.138178
0.137577
0.137012
0.136539
0.136085
0.135494
0.134594
0.13348
0.132762
0.13246
0.132332
0.132248
0.132144
0.13195
0.131518
0.130768
0.129895
0.129149
0.128632
0.128353
0.128159
0.127881
0.12744
0.126966
0.126531
0.12612
0.125758
0.125426
0.125045
0.124558
0.123978
0.123383
0.122856
0.122405
0.121982
0.121538
0.121061
0.120581
0.120124
0.119683
0.119222
0.118726
0.118196
0.117665
0.117144
0.116637
0.116131
0.115624
0.115129
0.114658
0.114211
0.113792
0.113368
0.112986
0.112314
0.351066
0.321753
0.281513
0.236574
0.205561
0.183628
0.173052
0.167277
0.161423
0.157094
0.15419
0.151458
0.149104
0.147151
0.145178
0.142867
0.14019
0.138431
0.137407
0.136189
0.134521
0.133496
0.132816
0.131911
0.130908
0.130275
0.129752
0.129225
0.128734
0.128229
0.127578
0.126656
0.125686
0.125127
0.124854
0.12467
0.124481
0.124273
0.12399
0.12351
0.122821
0.122117
0.121495
0.120956
0.120574
0.120295
0.119973
0.119571
0.119186
0.118803
0.11837
0.11793
0.117516
0.117085
0.116591
0.11603
0.115445
0.114905
0.114433
0.114002
0.113567
0.113112
0.112653
0.112209
0.111778
0.111333
0.110854
0.11034
0.109818
0.109307
0.108814
0.108332
0.107858
0.107403
0.106972
0.106565
0.106183
0.105794
0.105444
0.104826
0.323677
0.290721
0.247769
0.207009
0.183488
0.167318
0.160883
0.156678
0.151769
0.147911
0.145147
0.142584
0.140385
0.138515
0.136642
0.134455
0.132049
0.13059
0.129635
0.128447
0.126958
0.126105
0.125442
0.12454
0.123642
0.123088
0.122597
0.122071
0.121551
0.120995
0.120285
0.11936
0.118546
0.118105
0.117839
0.11759
0.117301
0.116978
0.116588
0.11606
0.115455
0.114912
0.114407
0.113871
0.113388
0.113007
0.112632
0.112262
0.111941
0.111592
0.111139
0.110631
0.110146
0.109676
0.109181
0.108644
0.108079
0.107541
0.107066
0.10664
0.106224
0.1058
0.105372
0.104954
0.104543
0.104122
0.103672
0.103188
0.102696
0.102214
0.101757
0.101318
0.100892
0.100489
0.100107
0.099746
0.0994067
0.0990594
0.0987477
0.0981989
0.297416
0.262147
0.217931
0.184211
0.166932
0.154866
0.150692
0.147475
0.143258
0.139783
0.137149
0.134665
0.1325
0.130722
0.129008
0.126969
0.124766
0.123472
0.122567
0.121407
0.120063
0.119316
0.118666
0.117769
0.116927
0.116397
0.115909
0.115374
0.114823
0.114216
0.113454
0.112552
0.111874
0.111516
0.11125
0.110947
0.110574
0.110137
0.109641
0.109082
0.108574
0.108173
0.107762
0.107234
0.106657
0.10617
0.105748
0.105409
0.105133
0.104805
0.104343
0.103792
0.103263
0.102776
0.102295
0.101792
0.101262
0.100748
0.100291
0.0998866
0.0995036
0.0991215
0.0987351
0.0983514
0.0979727
0.0975872
0.0971779
0.0967376
0.096289
0.0958527
0.0954435
0.0950572
0.0946879
0.0943406
0.0940104
0.0936978
0.0934028
0.0930998
0.0928298
0.0923544
0.273717
0.235992
0.192301
0.166977
0.154226
0.144984
0.141865
0.139216
0.13558
0.132499
0.129964
0.1275
0.125355
0.123677
0.122082
0.120157
0.118139
0.116944
0.116033
0.114865
0.113649
0.112976
0.112317
0.111408
0.110596
0.11007
0.109568
0.109013
0.108434
0.107786
0.106987
0.106125
0.105558
0.105258
0.104995
0.104653
0.104208
0.103663
0.103068
0.102507
0.102099
0.101814
0.101478
0.100955
0.100305
0.0997303
0.0992863
0.0989786
0.0987353
0.0984317
0.0979788
0.0974175
0.0968748
0.0963946
0.0959447
0.0954888
0.095009
0.0945354
0.0941116
0.0937431
0.0934041
0.0930724
0.0927351
0.0923942
0.0920552
0.0917118
0.0913499
0.0909604
0.090563
0.0901784
0.0898224
0.0894915
0.0891787
0.0888857
0.0886053
0.0883385
0.0880861
0.087826
0.0875967
0.0871922
0.252256
0.211888
0.171257
0.153686
0.144017
0.136767
0.134142
0.131787
0.128552
0.125792
0.123381
0.120934
0.118796
0.117193
0.115686
0.113844
0.111952
0.110806
0.109867
0.108678
0.107557
0.106927
0.106255
0.105335
0.104536
0.104
0.103483
0.102912
0.102314
0.101639
0.100824
0.100015
0.099533
0.0992733
0.0990198
0.09865
0.098138
0.097503
0.0968306
0.0962998
0.0959863
0.0957911
0.0955194
0.0950124
0.0943259
0.0936943
0.0932554
0.092981
0.0927686
0.0924971
0.0920741
0.0915296
0.0909997
0.0905465
0.0901417
0.0897432
0.0893226
0.0888991
0.0885184
0.0881943
0.087905
0.0876268
0.0873408
0.087045
0.0867484
0.0864495
0.0861365
0.085799
0.0854539
0.0851209
0.084817
0.0845387
0.0842782
0.0840344
0.083799
0.0835735
0.0833598
0.0831391
0.0829472
0.0826072
0.232276
0.190079
0.154805
0.143146
0.135452
0.129591
0.127268
0.125062
0.122069
0.119528
0.117216
0.114784
0.112664
0.111113
0.109649
0.107845
0.106044
0.104925
0.103943
0.102723
0.101683
0.101082
0.100394
0.0994677
0.0986815
0.0981422
0.0976164
0.0970401
0.0964347
0.0957459
0.0949297
0.0941806
0.093765
0.0935354
0.0932953
0.0929142
0.0923518
0.0916604
0.0909471
0.0904685
0.0902421
0.0901167
0.0899084
0.0894361
0.0887439
0.0880887
0.0876744
0.0874389
0.0872605
0.0870294
0.0866507
0.0861418
0.0856427
0.0852299
0.0848783
0.084541
0.0841819
0.0838111
0.0834767
0.0831995
0.0829604
0.0827339
0.0824968
0.0822446
0.0819891
0.0817332
0.0814669
0.0811785
0.0808824
0.0805973
0.0803408
0.0801095
0.079895
0.0796937
0.0794972
0.0793074
0.0791276
0.0789415
0.0787824
0.0784989
0.21343
0.170819
0.142125
0.134454
0.12806
0.123102
0.120987
0.118868
0.116016
0.113597
0.111339
0.108907
0.106786
0.105265
0.103811
0.102023
0.100291
0.0991907
0.0981712
0.0969319
0.0959655
0.0953878
0.0946955
0.0937779
0.0930152
0.0924843
0.0919618
0.0913912
0.0907885
0.0900974
0.0892966
0.0886128
0.0882525
0.088051
0.0878314
0.0874647
0.0868827
0.086165
0.0854535
0.0850332
0.0848909
0.0848248
0.0846791
0.0842587
0.0835776
0.0829287
0.0825485
0.0823579
0.082217
0.0820304
0.0817029
0.0812392
0.0807804
0.0804144
0.0801175
0.0798396
0.0795389
0.0792189
0.0789293
0.0786972
0.0785048
0.0783251
0.0781319
0.0779191
0.0777013
0.0774847
0.0772606
0.0770164
0.0767638
0.0765207
0.0763054
0.0761144
0.0759385
0.0757726
0.0756085
0.0754485
0.0752972
0.0751409
0.0750099
0.0747742
0.195558
0.154137
0.132258
0.12701
0.121524
0.117088
0.11511
0.113025
0.110257
0.107876
0.105606
0.103155
0.101022
0.099517
0.098061
0.0962873
0.0946271
0.0935536
0.0925153
0.0912809
0.0903903
0.0898408
0.0891595
0.0882705
0.0875489
0.0870384
0.0865297
0.0859765
0.0853895
0.084715
0.0839507
0.0833359
0.0830269
0.0828566
0.0826666
0.0823365
0.0817669
0.0810448
0.080368
0.0800086
0.0799421
0.0799317
0.0798437
0.0794862
0.0788248
0.078201
0.0778596
0.0777159
0.0776137
0.0774714
0.0771956
0.0767799
0.0763648
0.0760461
0.0758006
0.075576
0.0753276
0.0750537
0.0748049
0.0746133
0.0744618
0.0743221
0.0741664
0.0739878
0.0738031
0.0736213
0.0734341
0.0732281
0.0730127
0.0728052
0.0726243
0.0724663
0.0723217
0.0721843
0.0720462
0.0719104
0.0717828
0.0716514
0.0715441
0.0713479
0.178644
0.140068
0.124296
0.120417
0.115561
0.111382
0.109471
0.107361
0.104627
0.102203
0.0998747
0.0973998
0.095274
0.0937922
0.0923524
0.090615
0.0890414
0.0880112
0.0869833
0.0857852
0.0849756
0.0844625
0.0838091
0.0829692
0.0823048
0.0818254
0.081341
0.0808198
0.0802671
0.0796292
0.0789186
0.0783741
0.0781164
0.0779806
0.0778281
0.0775464
0.077015
0.0763043
0.0756783
0.0753866
0.0753799
0.0754209
0.0753821
0.075089
0.074456
0.0738652
0.0735652
0.0734627
0.073398
0.0732967
0.0730696
0.0727007
0.0723286
0.0720542
0.0718534
0.071674
0.0714703
0.0712369
0.0710239
0.0708671
0.0707495
0.0706424
0.0705178
0.0703683
0.0702121
0.0700603
0.0699045
0.0697305
0.0695461
0.0693681
0.0692154
0.069084
0.0689646
0.0688501
0.0687328
0.0686169
0.0685089
0.0683985
0.068311
0.0681475
0.162907
0.128666
0.117524
0.114375
0.109911
0.105844
0.103893
0.101695
0.0989414
0.0964209
0.0940375
0.0915824
0.0895178
0.0880919
0.0867012
0.0850365
0.0835711
0.0826023
0.0816108
0.0804775
0.0797551
0.079287
0.0786747
0.0779007
0.077305
0.0768672
0.076417
0.0759415
0.0754397
0.0748528
0.0742055
0.07373
0.0735225
0.0734234
0.073312
0.0730824
0.072607
0.0719175
0.0713496
0.0711259
0.0711641
0.0712483
0.0712476
0.0710115
0.0704192
0.0698637
0.0696036
0.0695322
0.0695017
0.0694359
0.0692525
0.0689279
0.0685964
0.068361
0.0681979
0.0680559
0.06789
0.0676915
0.0675098
0.0673822
0.0672922
0.0672113
0.0671121
0.0669872
0.0668557
0.0667295
0.0666003
0.0664532
0.0662946
0.0661409
0.0660115
0.0659024
0.0658036
0.065708
0.0656081
0.0655088
0.0654176
0.0653252
0.0652545
0.0651184
0.148476
0.119493
0.111411
0.108604
0.104328
0.10029
0.0981989
0.0958742
0.0930646
0.0904696
0.0881013
0.0857498
0.0838135
0.0824806
0.0811725
0.0796163
0.0782762
0.0773801
0.0764427
0.0753961
0.0747641
0.0743456
0.0737831
0.0730869
0.0725655
0.0721746
0.0717646
0.0713434
0.0709025
0.0703746
0.069794
0.0693845
0.069223
0.0691609
0.0690887
0.0689103
0.0684977
0.0678414
0.0673353
0.0671695
0.0672343
0.0673618
0.0673875
0.0671981
0.0666551
0.066133
0.0659116
0.0658633
0.0658621
0.0658253
0.0656803
0.0653973
0.0651031
0.0649018
0.0647704
0.0646598
0.0645259
0.064358
0.0642033
0.0641004
0.064033
0.0639733
0.0638954
0.0637917
0.0636817
0.0635776
0.0634711
0.0633467
0.0632102
0.0630773
0.0629679
0.0628774
0.0627961
0.0627162
0.0626311
0.0625462
0.0624696
0.062393
0.0623364
0.0622235
0.135694
0.112016
0.105614
0.102865
0.0985741
0.0945117
0.0922724
0.0898338
0.0869968
0.0844262
0.0821914
0.0800374
0.0782831
0.0770665
0.0758596
0.074434
0.0732258
0.0724059
0.071533
0.0705876
0.0700449
0.0696761
0.0691685
0.068557
0.0681084
0.0677635
0.0673963
0.0670327
0.0666554
0.0661886
0.065675
0.0653263
0.065206
0.0651772
0.0651391
0.0650092
0.0646562
0.064049
0.0636036
0.0634851
0.0635661
0.0637217
0.0637698
0.0636224
0.0631287
0.0626383
0.0624568
0.0624274
0.0624491
0.0624353
0.0623244
0.0620797
0.0618193
0.0616483
0.0615438
0.0614593
0.0613526
0.0612112
0.0610803
0.0609983
0.0609495
0.0609071
0.0608471
0.0607618
0.0606705
0.0605854
0.0604981
0.0603931
0.060276
0.0601615
0.0600695
0.0599949
0.0599282
0.0598614
0.059789
0.0597167
0.0596531
0.0595902
0.0595454
0.0594525
0.124351
0.105418
0.099823
0.0969212
0.0924714
0.0884206
0.0861511
0.0837147
0.0809886
0.0785857
0.0765713
0.0746507
0.0730887
0.0719906
0.0708843
0.0695961
0.0685173
0.067772
0.0669707
0.0661369
0.0656804
0.065359
0.0649104
0.064386
0.0640037
0.063701
0.0633778
0.0630718
0.0627545
0.0623473
0.0618988
0.061606
0.0615214
0.0615187
0.0615078
0.0614206
0.0611227
0.0605722
0.0601812
0.060108
0.0601986
0.0603628
0.0604301
0.0603143
0.0598668
0.0594161
0.0592706
0.0592586
0.0592967
0.0593001
0.0592174
0.0590069
0.0587775
0.0586339
0.058552
0.0584886
0.0584044
0.0582856
0.0581758
0.0581117
0.0580782
0.0580498
0.0580048
0.0579354
0.0578603
0.0577911
0.0577198
0.0576312
0.0575309
0.0574327
0.0573559
0.0572945
0.0572399
0.0571841
0.0571228
0.0570618
0.0570098
0.056959
0.0569241
0.0568488
0.115107
0.0992835
0.0939023
0.0906963
0.0861735
0.0823368
0.0801906
0.0778824
0.0753783
0.0732548
0.0715247
0.0698501
0.0684734
0.0674862
0.0664783
0.0653327
0.0643799
0.0637098
0.0629919
0.0622789
0.061904
0.0616274
0.0612407
0.0608004
0.0604743
0.0602091
0.0599309
0.0596794
0.0594142
0.0590608
0.058672
0.0584298
0.0583749
0.0583906
0.0584006
0.0583443
0.0580962
0.0576033
0.0572542
0.0572261
0.057323
0.0574847
0.0575618
0.057463
0.057058
0.0566553
0.0565378
0.0565436
0.0565935
0.0566092
0.0565455
0.0563633
0.0561623
0.0560428
0.05598
0.0559329
0.0558661
0.055766
0.0556744
0.055626
0.0556052
0.0555883
0.0555555
0.0554995
0.0554379
0.0553813
0.0553223
0.0552466
0.0551601
0.0550756
0.0550114
0.0549608
0.0549158
0.0548689
0.0548174
0.0547667
0.0547252
0.0546849
0.0546586
0.0545986
0.106968
0.0931799
0.087941
0.0846445
0.0803771
0.0770036
0.0751026
0.0730297
0.0708544
0.0690379
0.0675353
0.066066
0.0648575
0.0639782
0.0630699
0.0620623
0.0612252
0.0606301
0.0600009
0.0594022
0.0590978
0.0588609
0.0585313
0.0581588
0.0578754
0.0576417
0.0574056
0.0571998
0.0569732
0.0566603
0.0563189
0.0561177
0.0560871
0.0561189
0.0561477
0.0561097
0.0558916
0.0554458
0.0551307
0.0551377
0.0552422
0.0554034
0.0554843
0.0553912
0.0550157
0.054652
0.0545569
0.0545813
0.0546412
0.0546668
0.0546131
0.0544498
0.0542711
0.0541703
0.0541232
0.0540885
0.0540339
0.0539474
0.0538697
0.0538339
0.0538237
0.0538162
0.0537929
0.053747
0.0536954
0.0536479
0.0535974
0.0535304
0.0534536
0.0533789
0.0533237
0.053281
0.0532432
0.0532036
0.0531601
0.0531179
0.0530851
0.0530535
0.0530343
0.0529867
0.100948
0.0878539
0.083074
0.0801161
0.0762854
0.0733786
0.0716726
0.0697436
0.0678071
0.0662747
0.0650077
0.0637338
0.0626731
0.061887
0.0610635
0.0601592
0.0594044
0.0588673
0.0583086
0.0577892
0.0575309
0.0573233
0.0570342
0.0567033
0.0564465
0.0562359
0.0560308
0.0558551
0.0556515
0.0553616
0.0550488
0.0548724
0.0548595
0.0549059
0.0549509
0.0549243
0.0547175
0.054298
0.0540047
0.0540311
0.0541421
0.0543096
0.0543954
0.0543041
0.0539439
0.0535984
0.0535157
0.0535554
0.0536238
0.0536567
0.0536088
0.0534552
0.0532891
0.0531991
0.0531623
0.0531362
0.0530888
0.0530101
0.0529407
0.0529127
0.0529099
0.0529091
0.0528921
0.0528522
0.0528064
0.0527642
0.0527184
0.052656
0.0525843
0.0525149
0.0524646
0.0524266
0.0523935
0.0523586
0.0523203
0.0522838
0.0522566
0.0522305
0.052216
0.0521764
0.0948046
0.0842796
0.0804791
0.0780133
0.0744389
0.0717623
0.0701888
0.0683948
0.0666304
0.0652203
0.0640407
0.062856
0.061868
0.0611288
0.0603488
0.0594887
0.0587691
0.0582594
0.0577329
0.0572446
0.0570062
0.056813
0.0565414
0.0562263
0.0559809
0.0557814
0.0555901
0.0554273
0.0552329
0.0549501
0.0546468
0.0544799
0.0544759
0.0545315
0.0545857
0.0545664
0.0543624
0.0539473
0.0536593
0.0536931
0.0538087
0.0539835
0.0540754
0.0539861
0.0536281
0.0532848
0.0532056
0.0532525
0.0533262
0.0533636
0.0533189
0.0531679
0.0530053
0.0529191
0.0528866
0.0528645
0.0528203
0.0527442
0.0526776
0.0526525
0.0526531
0.0526554
0.0526411
0.0526035
0.0525598
0.0525195
0.0524756
0.0524146
0.0523445
0.0522767
0.0522281
0.0521918
0.0521606
0.0521277
0.0520916
0.0520573
0.0520323
0.0520084
0.0519959
0.0519596
)
;

boundaryField
{
    inlet
    {
        type            calculated;
        value           uniform 0.2054;
    }
    outlet
    {
        type            calculated;
        value           nonuniform List<scalar> 
82
(
0.236771
0.241101
0.250133
0.262461
0.27619
0.290237
0.304249
0.318184
0.332139
0.346267
0.360756
0.375827
0.391738
0.408791
0.42731
0.447668
0.470067
0.494753
0.520928
0.548048
0.572581
0.593518
0.60873
0.618028
0.623097
0.630113
0.621353
0.613495
0.602548
0.592597
0.58407
0.575375
0.567002
0.553621
0.538195
0.521181
0.507151
0.497356
0.4883
0.478902
0.470102
0.464461
0.467444
0.46288
0.452225
0.44602
0.396922
0.31271
0.24865
0.225687
0.219807
0.217478
0.215377
0.212574
0.208411
0.202522
0.194648
0.184879
0.173871
0.162295
0.150922
0.140078
0.129974
0.120699
0.112314
0.104826
0.0981989
0.0923544
0.0871922
0.0826072
0.0784989
0.0747742
0.0713479
0.0681475
0.0651184
0.0622235
0.0594525
0.0568488
0.0545986
0.0529867
0.0521764
0.0519596
)
;
    }
    bottom
    {
        type            calculated;
        value           nonuniform List<scalar> 
196
(
0.0523366
0.054076
0.0537289
0.0530529
0.0522921
0.0514159
0.050903
0.0502802
0.0501124
0.0498691
0.0496364
0.0496306
0.0496276
0.0495984
0.0496036
0.0496139
0.0496006
0.0495872
0.0495994
0.0496222
0.0496303
0.0496258
0.0496176
0.049604
0.0495926
0.0495787
0.0495633
0.0495482
0.0495326
0.0495188
0.0495061
0.0494924
0.0494777
0.0494623
0.0494495
0.0494383
0.0494284
0.0494179
0.0494111
0.0494032
0.0493948
0.0493846
0.0493707
0.049361
0.049355
0.0493551
0.0493293
0.0493203
0.0493091
0.0493209
0.0493368
0.0493676
0.0494256
0.0493836
0.0492128
0.0490623
0.0489458
0.0488578
0.0487879
0.0487333
0.0486904
0.0486557
0.0486252
0.0486004
0.0485797
0.0485625
0.0485479
0.0485362
0.0485243
0.0485131
0.0485027
0.0484951
0.0484883
0.0484829
0.0484781
0.0484743
0.0484691
0.0484645
0.0484592
0.048455
0.0484499
0.048445
0.0484388
0.0484338
0.0484282
0.0484237
0.0484174
0.0484119
0.0484053
0.0484003
0.0483947
0.0483909
0.0483865
0.048384
0.0483797
0.048377
0.0483723
0.0483697
0.048366
0.0483646
0.0483606
0.0483579
0.0483531
0.0483501
0.0483452
0.0483427
0.0483384
0.0483356
0.0483323
0.0483308
0.0483281
0.0483262
0.0483238
0.048321
0.0483213
0.0483209
0.0483595
0.0485654
0.0498588
0.056197
0.0702809
0.0826054
0.090232
0.0949185
0.102833
0.103535
0.108668
0.119879
0.133096
0.150414
0.169148
0.188596
0.209842
0.229254
0.245791
0.262772
0.276725
0.297932
0.306239
0.325503
0.337681
0.342764
0.346053
0.352903
0.360596
0.361579
0.363753
0.36769
0.371898
0.372848
0.371865
0.371937
0.373624
0.376326
0.377098
0.375931
0.375266
0.375662
0.376996
0.378139
0.378128
0.377732
0.377573
0.377997
0.378615
0.378486
0.377713
0.376846
0.376643
0.377214
0.378336
0.378825
0.37849
0.377428
0.37552
0.373779
0.373344
0.373586
0.373852
0.37358
0.372243
0.36907
0.363575
0.355886
0.347133
0.338797
0.331701
0.325504
0.319012
0.311957
0.303537
0.293278
0.280867
0.267589
0.25497
0.236649
)
;
    }
    top
    {
        type            calculated;
        value           nonuniform List<scalar> 
190
(
0.1471
0.14788
0.150985
0.155109
0.153828
0.149314
0.14799
0.147273
0.145644
0.144967
0.145269
0.145497
0.145345
0.145159
0.145207
0.14528
0.145211
0.14503
0.144856
0.144943
0.145328
0.145789
0.146125
0.14619
0.146083
0.14597
0.145907
0.145893
0.145908
0.145899
0.145873
0.145819
0.145745
0.145633
0.145448
0.14523
0.145073
0.145032
0.145097
0.145218
0.145345
0.145444
0.145515
0.145571
0.145623
0.145679
0.145727
0.145728
0.145634
0.14542
0.145121
0.144821
0.144604
0.144509
0.144527
0.14461
0.144716
0.14481
0.144861
0.144841
0.144763
0.144663
0.144582
0.144545
0.144556
0.144607
0.144686
0.144774
0.144853
0.144908
0.144933
0.144923
0.144884
0.144831
0.144778
0.144744
0.144786
0.144858
0.144955
0.145067
0.14518
0.145313
0.14537
0.145447
0.145508
0.145553
0.145589
0.145626
0.145617
0.145594
0.145542
0.145475
0.145425
0.145371
0.145354
0.145346
0.14537
0.145384
0.145411
0.145423
0.145457
0.145496
0.145562
0.145641
0.145778
0.145926
0.146134
0.146309
0.146527
0.144395
0.0926822
0.0838589
0.0803349
0.0782786
0.0753129
0.0731997
0.0722318
0.0708594
0.0692783
0.0677872
0.0664758
0.0651323
0.0640453
0.063309
0.0625543
0.061667
0.0609116
0.0604345
0.0599385
0.0594366
0.0592425
0.0591353
0.0589146
0.0586135
0.0583926
0.0582378
0.0580897
0.0579699
0.0577979
0.0574984
0.0571603
0.0569913
0.0570511
0.0572049
0.0573556
0.0574025
0.0571915
0.0566656
0.0562801
0.0563517
0.056548
0.0568407
0.0570296
0.056965
0.0565163
0.0560535
0.0559591
0.0560525
0.0561918
0.0562865
0.0562666
0.0560981
0.0559014
0.0558061
0.0557872
0.0557845
0.0557488
0.0556661
0.0555911
0.0555716
0.0555904
0.0556114
0.0556076
0.0555705
0.0555238
0.0554818
0.0554361
0.055368
0.0552862
0.0552066
0.0551529
0.055117
0.055089
0.0550588
0.0550237
0.0549899
0.0549677
0.0549471
0.0549424
0.0549102
)
;
    }
    upstream
    {
        type            symmetryPlane;
    }
    defaultFaces
    {
        type            empty;
    }
}


// ************************************************************************* //
