/*--------------------------------*- C++ -*----------------------------------*\
  =========                 |
  \\      /  F ield         | OpenFOAM: The Open Source CFD Toolbox
   \\    /   O peration     | Website:  https://openfoam.org
    \\  /    A nd           | Version:  13
     \\/     M anipulation  |
\*---------------------------------------------------------------------------*/
FoamFile
{
    format      ascii;
    class       volScalarField;
    location    "0.0012";
    object      T;
}
// * * * * * * * * * * * * * * * * * * * * * * * * * * * * * * * * * * * * * //

dimensions      [0 0 0 1 0 0 0];

internalField   nonuniform List<scalar> 
16072
(
87.9053
124.823
164.147
199.3
222.465
236.619
74.7716
91.7742
111.332
132.089
151.107
166.407
70.4658
77.9354
87.501
98.6824
110.531
121.654
69.115
72.7019
77.2054
82.4212
88.7586
95.4181
68.64
70.7396
72.9743
75.2829
78.1901
81.545
68.3918
70.0463
71.3455
72.477
73.5675
74.9558
68.213
69.5111
70.5721
71.4169
71.7434
72.1318
68.1042
69.1613
70.2891
70.9867
71.1031
71.0625
68.05
68.7217
69.9384
70.744
70.8505
70.7426
68.0228
68.4177
69.5878
70.576
70.6911
70.6636
68.0111
68.2199
69.0426
70.2921
70.5641
70.6562
68.0052
68.1071
68.6208
69.8245
70.4638
70.6403
68.0023
68.0507
68.3209
69.1578
70.1686
70.6164
68.0009
68.0234
68.1552
68.6339
69.6904
70.5388
68.0004
68.0107
68.0693
68.3127
69.0269
70.1311
68.0001
68.0045
68.0308
68.1387
68.529
69.449
68
68.0017
68.0131
68.0596
68.2381
68.74
68
68.0006
68.0051
68.0246
68.099
68.3063
68
68.0002
68.0018
68.0097
68.0385
68.1245
68
68.0001
68.0006
68.0034
68.0146
68.048
68
68
68.0002
68.0011
68.005
68.0176
68
68
68
68.0003
68.0015
68.0057
68
68
68
68.0001
68.0004
68.0017
68
68
68
68
68.0001
68.0004
68
68
68
68
68
68.0001
68
68
68
68
68
68
68
68
68
68
68
68
68
68
68
68
68
68
68
68
68
68
68
68
68
68
68
68
68
68
68
68
68
68
68
68
68
68
68
68
68
68
68
68
68
68
68
68
68
68
68
68
68
68
68
68
68
68
68
68
68
68
68
68
68
68
68
68
68
68
68
68
68
68
68
68
68
68
68
68
68
68
68
68
68
68
68
68
68
68
68
68
68
68
68
68
68
68
68
68
68
68
68
68
68
68
68
68
68
68
68
68
68
68
68
68
68
68
68
68
68
68
68
68
68
68
68
68
68
68
68
68
68
68
68
68
68
68
68
68
68
68
68
68
68
68
68
68
68
68
68
68
68
68
68
68
68
68
68
68
68
68
68
68
68
68
68
68
68
68
68
68
68
68
68
68
68
68
68
68
68
68
68
68
68
68
68
68
68
68
68
68
68
68
68
68
68
68
68
68
68
68
68
68
68
68
68
68
68
68
68
68
68
68
68
68
68
68
68
68
68
68
68
68
68
68
68
68
68
68
68
68
68
68
68
68
68
68
68
68
68
68
68
68
68
68
68
68
68
68
68
68
68
68
68
68
68
68.0001
68
68
68
68
68
68.0001
68
68
68
68
68
68.0003
68
68
68
68
68
68.0005
68
68
68
68
68
68.0008
68
68
68
68
68
68.0013
68
68
68
68
68
68.002
68
68
68
68
68.0001
68.0025
68
68
68
68
68.0001
68.0018
68
68
68
68
68.0001
68.0013
68
68
68
68
68.0001
68.0014
68
68
68
68
68.0001
68.0033
68
68
68
68
68.0002
68.0065
68
68
68
68
68.0002
68.0139
68
68
68
68
68.0002
67.9943
246.461
254.07
259.811
264.306
268.105
271.305
274.134
276.777
279.255
281.532
283.613
285.48
287.135
288.61
289.942
291.163
292.264
293.229
294.096
294.872
295.574
296.216
296.789
297.31
297.789
298.226
298.631
299.003
299.362
299.694
300.095
301.104
302.338
303.567
304.753
305.878
306.952
307.978
308.965
309.904
310.746
311.589
312.389
313.195
313.832
314.328
314.334
313.577
312.411
311.451
310.767
310.325
310.052
309.901
309.836
309.829
309.856
309.909
309.982
310.071
310.175
310.291
310.411
310.534
310.656
310.781
310.908
311.037
311.165
311.288
311.401
311.507
311.606
311.702
311.791
311.878
311.959
312.039
312.115
312.19
312.26
312.328
312.39
312.453
312.511
312.568
312.621
312.674
312.721
312.767
312.809
312.852
312.893
312.937
312.975
313.012
313.043
313.074
313.1
313.128
313.152
313.178
313.202
313.227
313.25
313.271
313.291
313.306
313.325
313.339
179.75
191.277
200.714
208.537
215.439
221.377
226.728
231.821
236.701
241.327
245.714
249.808
253.583
257.068
260.328
263.419
266.316
268.965
271.418
273.676
275.793
277.779
279.623
281.342
282.952
284.458
285.882
287.207
288.473
289.656
290.812
292.077
293.475
294.849
296.188
297.458
298.689
299.849
300.981
302.025
303.018
304.007
304.884
305.824
306.603
307.269
307.573
307.273
306.54
305.851
305.332
304.999
304.805
304.722
304.72
304.774
304.865
304.982
305.118
305.269
305.434
305.612
305.793
305.977
306.159
306.343
306.527
306.714
306.901
307.084
307.256
307.422
307.58
307.733
307.878
308.02
308.155
308.288
308.417
308.544
308.665
308.783
308.895
309.006
309.112
309.217
309.316
309.415
309.507
309.597
309.682
309.768
309.851
309.937
310.017
310.095
310.167
310.237
310.302
310.368
310.43
310.493
310.554
310.616
310.675
310.732
310.787
310.837
310.89
310.951
133.187
144.435
154.392
163.197
171.272
178.54
185.18
191.468
197.439
203.1
208.507
213.633
218.43
222.925
227.181
231.262
235.143
238.766
242.163
245.354
248.386
251.271
254.008
256.605
259.066
261.407
263.639
265.762
267.799
269.753
271.622
273.325
274.997
276.629
278.2
279.708
281.169
282.575
283.909
285.187
286.398
287.603
288.668
289.825
290.848
291.78
292.536
292.791
292.521
292.187
291.911
291.752
291.694
291.727
291.833
291.997
292.2
292.43
292.677
292.939
293.216
293.504
293.797
294.092
294.385
294.677
294.967
295.26
295.556
295.849
296.134
296.411
296.677
296.937
297.187
297.431
297.669
297.902
298.13
298.356
298.574
298.789
298.996
299.2
299.398
299.594
299.784
299.972
300.151
300.328
300.497
300.667
300.833
301.001
301.164
301.324
301.476
301.625
301.767
301.91
302.047
302.185
302.32
302.457
302.589
302.72
302.845
302.967
303.087
303.247
103.255
111.687
119.868
127.763
135.431
142.728
149.7
156.435
162.88
169.014
174.888
180.483
185.752
190.702
195.399
199.913
204.239
208.313
212.149
215.778
219.243
222.566
225.742
228.781
231.684
234.464
237.129
239.69
242.166
244.562
246.876
248.987
250.963
252.854
254.671
256.416
258.099
259.729
261.291
262.791
264.234
265.622
266.934
268.298
269.533
270.678
271.772
272.498
272.611
272.558
272.487
272.482
272.545
272.686
272.896
273.164
273.475
273.813
274.169
274.539
274.924
275.322
275.727
276.136
276.542
276.945
277.345
277.749
278.156
278.564
278.965
279.358
279.74
280.112
280.474
280.828
281.174
281.515
281.85
282.182
282.506
282.825
283.137
283.443
283.743
284.04
284.33
284.617
284.894
285.166
285.43
285.693
285.951
286.212
286.468
286.721
286.964
287.204
287.434
287.663
287.886
288.111
288.331
288.553
288.77
288.986
289.194
289.401
289.597
289.874
85.8756
91.0102
96.394
102.006
107.881
113.845
119.901
126.099
132.308
138.401
144.365
150.14
155.661
160.895
165.882
170.678
175.286
179.65
183.764
187.659
191.377
194.945
198.365
201.643
204.78
207.788
210.678
213.461
216.157
218.772
221.309
223.694
225.93
228.048
230.075
232.017
233.891
235.699
237.453
239.137
240.767
242.309
243.832
245.359
246.775
248.118
249.468
250.567
251.024
251.197
251.305
251.439
251.616
251.852
252.149
252.5
252.893
253.313
253.749
254.198
254.662
255.14
255.628
256.12
256.612
257.099
257.583
258.068
258.556
259.046
259.531
260.008
260.476
260.932
261.378
261.815
262.243
262.665
263.081
263.494
263.9
264.3
264.693
265.079
265.458
265.833
266.202
266.566
266.921
267.269
267.608
267.943
268.275
268.608
268.937
269.264
269.581
269.893
270.194
270.493
270.785
271.078
271.367
271.658
271.943
272.229
272.504
272.78
273.036
273.409
77.0772
79.7442
82.7883
86.1507
89.8665
93.832
98.0827
102.707
107.638
112.758
118.022
123.34
128.609
133.755
138.771
143.666
148.426
152.985
157.313
161.424
165.349
169.117
172.731
176.196
179.513
182.693
185.746
188.684
191.526
194.283
196.958
199.521
201.957
204.269
206.477
208.591
210.629
212.596
214.502
216.341
218.126
219.816
221.494
223.148
224.709
226.216
227.734
229.113
229.916
230.382
230.727
231.042
231.365
231.72
232.116
232.553
233.027
233.522
234.028
234.544
235.072
235.613
236.164
236.721
237.278
237.83
238.377
238.923
239.47
240.019
240.565
241.105
241.635
242.155
242.664
243.162
243.651
244.134
244.611
245.084
245.551
246.012
246.465
246.911
247.35
247.784
248.212
248.634
249.048
249.454
249.849
250.239
250.624
251.01
251.394
251.776
252.149
252.516
252.871
253.223
253.566
253.91
254.249
254.591
254.926
255.264
255.589
255.917
256.218
256.659
72.9349
74.1727
75.6919
77.451
79.5249
81.8304
84.3565
87.221
90.444
93.9724
97.7949
101.876
106.14
110.518
114.977
119.493
124.021
128.48
132.811
136.992
141.03
144.937
148.705
152.335
155.818
159.161
162.371
165.458
168.441
171.329
174.128
176.833
179.43
181.911
184.284
186.557
188.746
190.86
192.907
194.887
196.807
198.639
200.447
202.213
203.904
205.556
207.213
208.797
209.914
210.677
211.281
211.812
212.315
212.82
213.341
213.886
214.454
215.035
215.62
216.207
216.801
217.403
218.014
218.63
219.245
219.854
220.457
221.056
221.656
222.257
222.856
223.449
224.033
224.607
225.17
225.722
226.263
226.797
227.325
227.848
228.367
228.879
229.383
229.879
230.368
230.851
231.328
231.8
232.263
232.717
233.16
233.596
234.026
234.455
234.882
235.31
235.729
236.142
236.541
236.936
237.321
237.707
238.086
238.468
238.845
239.223
239.591
239.959
240.299
240.789
71.2037
71.6198
72.2818
73.1122
74.1568
75.3851
76.7484
78.3375
80.1832
82.2678
84.5969
87.187
90.0289
93.1017
96.394
99.8966
103.575
107.365
111.204
115.049
118.871
122.655
126.38
130.025
133.571
137.006
140.329
143.536
146.643
149.654
152.576
155.409
158.146
160.777
163.304
165.729
168.065
170.321
172.508
174.624
176.674
178.643
180.575
182.453
184.267
186.044
187.827
189.561
190.942
191.989
192.854
193.618
194.327
195.008
195.681
196.358
197.043
197.73
198.41
199.083
199.754
200.427
201.105
201.785
202.461
203.129
203.788
204.442
205.094
205.746
206.395
207.038
207.674
208.299
208.912
209.513
210.103
210.684
211.258
211.827
212.391
212.95
213.5
214.042
214.575
215.102
215.623
216.139
216.645
217.143
217.629
218.106
218.575
219.043
219.508
219.975
220.434
220.887
221.327
221.759
222.182
222.602
223.018
223.433
223.846
224.258
224.663
225.066
225.44
225.97
70.5536
70.6038
70.7645
71.0848
71.5642
72.1605
72.822
73.6451
74.6403
75.7773
77.0598
78.5159
80.1596
81.9954
84.0282
86.2753
88.7413
91.4075
94.2421
97.219
100.311
103.497
106.753
110.047
113.347
116.621
119.852
123.022
126.132
129.178
132.159
135.07
137.902
140.646
143.297
145.853
148.323
150.712
153.031
155.279
157.459
159.561
161.616
163.608
165.543
167.438
169.338
171.199
172.791
174.089
175.198
176.196
177.119
177.993
178.837
179.667
180.49
181.302
182.096
182.873
183.638
184.397
185.154
185.908
186.655
187.391
188.114
188.828
189.537
190.244
190.946
191.642
192.33
193.006
193.671
194.322
194.96
195.588
196.208
196.822
197.431
198.034
198.628
199.214
199.79
200.359
200.922
201.478
202.027
202.566
203.093
203.61
204.116
204.619
205.12
205.622
206.119
206.608
207.086
207.554
208.011
208.465
208.913
209.36
209.804
210.248
210.686
211.122
211.526
212.089
70.4171
70.221
70.1385
70.2243
70.3938
70.6438
70.9249
71.3201
71.8289
72.4207
73.0931
73.8638
74.7464
75.7498
76.8784
78.1462
79.5705
81.1599
82.9114
84.8215
86.8872
89.1069
91.4753
93.9785
96.5929
99.289
102.044
104.835
107.65
110.477
113.303
116.112
118.89
121.62
124.291
126.897
129.435
131.91
134.323
136.674
138.964
141.182
143.347
145.445
147.491
149.495
151.495
153.474
155.244
156.755
158.088
159.308
160.442
161.512
162.537
163.533
164.507
165.46
166.384
167.282
168.157
169.018
169.869
170.711
171.541
172.355
173.152
173.936
174.711
175.48
176.243
176.997
177.742
178.476
179.195
179.9
180.591
181.268
181.936
182.597
183.252
183.901
184.542
185.172
185.792
186.403
187.007
187.605
188.195
188.776
189.344
189.9
190.444
190.983
191.519
192.055
192.588
193.113
193.627
194.13
194.622
195.107
195.587
196.064
196.539
197.013
197.482
197.949
198.384
198.976
70.4675
70.1682
69.8767
69.8916
69.9025
69.956
70.046
70.2239
70.474
70.7661
71.1059
71.5047
71.9645
72.4878
73.0798
73.75
74.5118
75.3753
76.3446
77.4223
78.6139
79.9267
81.3708
82.9509
84.6648
86.5023
88.4547
90.5108
92.6659
94.9104
97.2333
99.6177
102.045
104.494
106.947
109.393
111.821
114.226
116.607
118.955
121.266
123.529
125.748
127.908
130.022
132.099
134.16
136.222
138.139
139.842
141.377
142.796
144.125
145.382
146.585
147.748
148.88
149.98
151.045
152.074
153.072
154.047
155.004
155.946
156.871
157.776
158.659
159.524
160.374
161.215
162.047
162.868
163.678
164.474
165.256
166.02
166.769
167.502
168.222
168.934
169.64
170.339
171.028
171.706
172.373
173.029
173.677
174.318
174.951
175.574
176.185
176.783
177.367
177.943
178.515
179.086
179.654
180.216
180.766
181.305
181.832
182.35
182.862
183.369
183.875
184.379
184.879
185.377
185.842
186.466
70.5333
70.2387
69.8452
69.7843
69.6878
69.6568
69.6583
69.7279
69.8424
69.9773
70.1456
70.3532
70.5924
70.8599
71.1583
71.4984
71.8914
72.3425
72.8528
73.4248
74.062
74.7713
75.5615
76.4419
77.4173
78.4891
79.6584
80.9261
82.2971
83.7741
85.3583
87.0444
88.8229
90.6801
92.6039
94.5838
96.6105
98.6761
100.774
102.892
105.021
107.148
109.267
111.36
113.431
115.484
117.525
119.585
121.572
123.4
125.081
126.65
128.134
129.548
130.907
132.221
133.5
134.741
135.942
137.102
138.227
139.32
140.39
141.439
142.466
143.469
144.446
145.4
146.335
147.256
148.165
149.061
149.943
150.81
151.66
152.491
153.304
154.099
154.879
155.648
156.41
157.163
157.906
158.636
159.353
160.058
160.753
161.44
162.119
162.788
163.445
164.087
164.714
165.331
165.941
166.549
167.155
167.754
168.343
168.918
169.482
170.035
170.581
171.12
171.657
172.193
172.724
173.255
173.75
174.412
70.5615
70.3736
69.9801
69.7959
69.6073
69.5213
69.4796
69.5091
69.5512
69.606
69.6873
69.7982
69.9256
70.0623
70.21
70.3803
70.5807
70.8137
71.0781
71.3744
71.7031
72.0699
72.4797
72.9403
73.4553
74.0293
74.664
75.3634
76.1321
76.9762
77.9011
78.9098
80.0022
81.1759
82.4295
83.7615
85.1703
86.654
88.21
89.8312
91.5103
93.2372
95.0024
96.7928
98.6092
100.449
102.304
104.201
106.092
107.892
109.583
111.185
112.726
114.216
115.662
117.072
118.452
119.798
121.106
122.373
123.603
124.801
125.974
127.123
128.248
129.345
130.414
131.457
132.479
133.483
134.472
135.446
136.404
137.345
138.267
139.169
140.051
140.913
141.758
142.589
143.411
144.223
145.023
145.81
146.581
147.339
148.085
148.822
149.55
150.268
150.975
151.665
152.34
152.999
153.652
154.3
154.946
155.584
156.214
156.829
157.433
158.023
158.605
159.179
159.75
160.319
160.883
161.448
161.975
162.681
70.492
70.4307
70.1915
69.892
69.6178
69.4905
69.4174
69.4154
69.4107
69.4235
69.4643
69.5261
69.5964
69.6648
69.7371
69.824
69.9287
70.0508
70.1891
70.343
70.512
70.6993
70.9075
71.1419
71.4044
71.6992
72.0276
72.3928
72.7973
73.247
73.7444
74.2925
74.8925
75.5465
76.2568
77.0272
77.86
78.7592
79.726
80.7609
81.8622
83.0286
84.2554
85.5382
86.8773
88.2758
89.7207
91.2334
92.7954
94.3417
95.8328
97.2743
98.6886
100.088
101.475
102.852
104.216
105.563
106.888
108.188
109.461
110.707
111.931
113.137
114.324
115.488
116.626
117.737
118.827
119.898
120.955
121.996
123.022
124.029
125.018
125.985
126.933
127.859
128.767
129.66
130.542
131.412
132.271
133.114
133.941
134.753
135.554
136.342
137.123
137.892
138.651
139.391
140.115
140.823
141.521
142.212
142.901
143.582
144.255
144.913
145.56
146.191
146.813
147.424
148.032
148.635
149.235
149.835
150.396
151.149
70.3763
70.4808
70.3744
70.0686
69.7388
69.5391
69.4291
69.3868
69.3418
69.335
69.356
69.392
69.4308
69.4619
69.4959
69.5418
69.5996
69.6661
69.7407
69.8222
69.9108
70.007
70.1134
70.2323
70.3653
70.5144
70.6821
70.8698
71.0783
71.3098
71.5653
71.8478
72.159
72.5017
72.8772
73.2888
73.7395
74.2321
74.7678
75.349
75.9766
76.6529
77.3785
78.1529
78.9814
79.8683
80.8075
81.8137
82.8906
83.9996
85.0986
86.1809
87.2672
88.371
89.4947
90.6409
91.8088
92.9883
94.169
95.3466
96.522
97.6947
98.8647
100.029
101.184
102.326
103.454
104.569
105.672
106.761
107.839
108.905
109.959
111
112.026
113.035
114.026
114.996
115.948
116.885
117.811
118.726
119.63
120.52
121.395
122.256
123.104
123.941
124.769
125.586
126.392
127.179
127.951
128.704
129.447
130.182
130.915
131.639
132.357
133.06
133.75
134.424
135.087
135.738
136.384
137.024
137.661
138.299
138.894
139.69
70.2047
70.4853
70.4412
70.2388
69.9434
69.6405
69.4855
69.3817
69.3251
69.2984
69.3072
69.3272
69.3419
69.3535
69.3707
69.3979
69.4315
69.4688
69.5103
69.5553
69.6032
69.653
69.7065
69.7656
69.8325
69.9076
69.9931
70.0899
70.1988
70.3187
70.4498
70.5932
70.7516
70.9263
71.1184
71.3295
71.5625
71.8182
72.0981
72.4036
72.736
73.0975
73.4898
73.9119
74.3674
74.8653
75.3982
75.9759
76.6117
77.2898
77.9765
78.6526
79.3343
80.0454
80.7944
81.5783
82.3965
83.2502
84.1337
85.037
85.9538
86.8832
87.8309
88.7986
89.7828
90.7734
91.7645
92.7541
93.7463
94.7426
95.7447
96.749
97.7531
98.7511
99.7421
100.723
101.693
102.651
103.599
104.537
105.469
106.394
107.312
108.217
109.111
109.991
110.861
111.721
112.575
113.419
114.253
115.072
115.876
116.662
117.439
118.209
118.977
119.737
120.491
121.231
121.959
122.671
123.371
124.058
124.739
125.415
126.085
126.76
127.388
128.221
69.6638
70.4373
70.4058
70.3253
70.1494
69.8206
69.6173
69.4197
69.3626
69.2987
69.2959
69.3002
69.2973
69.2996
69.3113
69.3291
69.3482
69.3665
69.3881
69.4127
69.4396
69.4666
69.4934
69.5215
69.5536
69.5906
69.634
69.6844
69.7421
69.8054
69.8738
69.9477
70.0286
70.1178
70.2162
70.3245
70.4439
70.5746
70.7178
70.8731
71.0426
71.2273
71.4296
71.6486
71.8858
72.1467
72.4325
72.7381
73.0797
73.4578
73.8511
74.2336
74.6031
74.9813
75.3927
75.8464
76.3341
76.8473
77.3868
77.9582
78.5609
79.1862
79.8301
80.4924
81.1778
81.8874
82.6212
83.3732
84.1394
84.9165
85.7079
86.5141
87.337
88.1723
89.0185
89.8696
90.7229
91.5734
92.4234
93.2725
94.126
94.9818
95.841
96.6975
97.5504
98.3949
99.235
100.069
100.901
101.728
102.55
103.362
104.163
104.951
105.733
106.509
107.284
108.054
108.82
109.574
110.318
111.047
111.766
112.473
113.174
113.871
114.563
115.263
115.916
116.772
69.0587
70.1938
70.2235
70.2911
70.2615
70.0591
69.8072
69.5447
69.4458
69.325
69.2955
69.2883
69.2726
69.274
69.284
69.298
69.3086
69.3147
69.3224
69.3344
69.3505
69.3682
69.3838
69.3971
69.4105
69.4264
69.4464
69.4714
69.5011
69.5341
69.5693
69.607
69.6482
69.6945
69.7463
69.8036
69.866
69.9337
70.0067
70.0855
70.1709
70.2644
70.3665
70.4782
70.5996
70.7323
70.8797
71.0386
71.2106
71.4081
71.6252
71.8409
72.0403
72.2224
72.4084
72.6219
72.8729
73.1558
73.455
73.7664
74.0968
74.452
74.8346
75.2381
75.6566
76.0858
76.5314
76.9983
77.4903
78.0053
78.5412
79.0927
79.66
80.241
80.8391
81.4526
82.0833
82.7268
83.3837
84.0501
84.7286
85.4159
86.1143
86.8193
87.5325
88.2495
88.9732
89.7005
90.4348
91.1715
91.9118
92.6489
93.3841
94.113
94.8416
95.5681
96.2985
97.0287
97.7597
98.4841
99.2029
99.912
100.614
101.308
101.999
102.688
103.373
104.067
104.718
105.571
68.5142
69.3581
69.9209
70.3106
70.3058
70.2268
70.0315
69.7619
69.5652
69.3881
69.309
69.2963
69.27
69.2696
69.2767
69.286
69.2868
69.2871
69.2893
69.2952
69.3061
69.3188
69.3295
69.3366
69.3407
69.3447
69.3508
69.3606
69.3746
69.3911
69.4085
69.4264
69.4457
69.4682
69.4947
69.525
69.5579
69.5932
69.6302
69.6699
69.7127
69.7603
69.8122
69.8695
69.9324
70.001
70.0764
70.1587
70.2469
70.3434
70.4584
70.5813
70.6977
70.7954
70.8732
70.9474
71.0405
71.1641
71.3155
71.4863
71.6628
71.8428
72.0355
72.2476
72.4787
72.7258
72.9839
73.2487
73.5204
73.8058
74.1103
74.4356
74.7796
75.1395
75.5117
75.894
76.2859
76.6895
77.1081
77.5433
77.9957
78.4643
78.9478
79.4443
79.952
80.4692
80.9968
81.5348
82.0852
82.6465
83.2184
83.7975
84.3828
84.9723
85.5683
86.1713
86.7828
87.4016
88.0268
88.654
89.2813
89.9077
90.532
91.1552
91.7794
92.4067
93.0345
93.673
94.2783
95.0714
68.2015
68.6414
69.4666
70.272
70.2724
70.1951
70.1264
69.9815
69.735
69.518
69.3714
69.3496
69.2963
69.2789
69.2805
69.2809
69.2769
69.273
69.2738
69.2773
69.2849
69.2948
69.3026
69.3072
69.308
69.3072
69.3067
69.3081
69.3123
69.3189
69.3263
69.3335
69.3408
69.3497
69.3612
69.3756
69.3921
69.4102
69.4288
69.4482
69.4689
69.4921
69.5177
69.5462
69.5783
69.6144
69.6538
69.6968
69.743
69.792
69.8474
69.9152
69.986
70.0493
70.0958
70.1173
70.1306
70.154
70.1988
70.271
70.3638
70.4645
70.5657
70.6681
70.7761
70.8973
71.0339
71.183
71.3379
71.4966
71.6586
71.8277
72.0066
72.1997
72.4062
72.6258
72.8541
73.0908
73.334
73.5857
73.846
74.1178
74.4018
74.7
75.0106
75.3332
75.6659
76.0093
76.3629
76.7277
77.1024
77.4869
77.8802
78.2822
78.6941
79.1167
79.5507
79.9963
80.4526
80.9172
81.3884
81.8651
82.3461
82.8314
83.3225
83.8208
84.3251
84.8437
85.3387
86.0016
68.0738
68.2627
68.7949
69.5764
69.9728
70.1381
70.1998
70.1481
69.9557
69.726
69.5172
69.4305
69.3294
69.2999
69.2864
69.2824
69.2755
69.2696
69.2692
69.2709
69.2757
69.2826
69.2882
69.2917
69.2924
69.2918
69.2898
69.2871
69.2856
69.2853
69.286
69.2875
69.2894
69.2923
69.2965
69.3019
69.3081
69.3154
69.3233
69.3315
69.3402
69.35
69.361
69.3733
69.388
69.4058
69.4262
69.4487
69.4726
69.4979
69.5247
69.5574
69.5982
69.641
69.677
69.6975
69.6908
69.6744
69.6573
69.6621
69.6839
69.7249
69.7804
69.8411
69.8981
69.9547
70.0167
70.0856
70.1617
70.2461
70.3382
70.4349
70.5331
70.6331
70.7375
70.8482
70.9659
71.0916
71.2256
71.3671
71.5142
71.6663
71.8236
71.9877
72.1589
72.3377
72.5236
72.7178
72.92
73.1309
73.3493
73.5759
73.8095
74.051
74.2996
74.5573
74.8229
75.0987
75.3832
75.6771
75.9775
76.2867
76.6012
76.9237
77.2528
77.5909
77.9356
78.2951
78.6405
79.1076
68.0261
68.0967
68.3168
68.8037
69.5393
70.0932
70.1898
70.1589
70.063
69.9243
69.731
69.5515
69.396
69.342
69.2977
69.2935
69.2869
69.2749
69.2708
69.2715
69.2731
69.2753
69.2785
69.2815
69.2839
69.2845
69.2836
69.2808
69.2773
69.2739
69.2707
69.2682
69.2667
69.2668
69.2676
69.2686
69.2688
69.269
69.2699
69.2717
69.2741
69.2773
69.281
69.2849
69.2899
69.2969
69.306
69.3167
69.3282
69.3399
69.3528
69.3673
69.3869
69.4116
69.4371
69.4619
69.4612
69.448
69.4218
69.3894
69.3588
69.3542
69.364
69.3881
69.4212
69.4577
69.4945
69.5279
69.5593
69.5936
69.6358
69.6848
69.7385
69.7953
69.8553
69.9167
69.9788
70.0414
70.1081
70.1797
70.2569
70.3376
70.4227
70.5121
70.6064
70.704
70.8052
70.9095
71.0185
71.1315
71.2493
71.371
71.4985
71.6307
71.7693
71.9126
72.0626
72.2177
72.3804
72.5478
72.7218
72.8998
73.0841
73.2715
73.4667
73.665
73.873
74.0851
74.2971
74.5746
68.0085
68.0339
68.1108
68.3273
68.797
69.4684
69.9394
70.0375
70.0697
70.0655
69.986
69.7936
69.5813
69.4359
69.3375
69.3238
69.3052
69.2826
69.2793
69.278
69.2739
69.2718
69.2727
69.2759
69.2806
69.2824
69.282
69.2798
69.2768
69.2735
69.2693
69.2645
69.2603
69.2575
69.2555
69.2533
69.2503
69.2466
69.2448
69.2446
69.2447
69.2452
69.2457
69.2457
69.2457
69.2464
69.2485
69.2518
69.2556
69.2594
69.2638
69.2699
69.2778
69.2889
69.3028
69.3183
69.3285
69.3246
69.3104
69.2834
69.245
69.2065
69.1736
69.1632
69.1682
69.1801
69.2012
69.2248
69.2457
69.2637
69.2816
69.3003
69.322
69.3472
69.3778
69.4122
69.4479
69.4832
69.5202
69.5587
69.5995
69.6406
69.6838
69.7292
69.7789
69.8306
69.885
69.9406
69.9993
70.0593
70.122
70.1859
70.2535
70.3231
70.3968
70.4725
70.552
70.6337
70.721
70.8109
70.9059
71.0028
71.1045
71.2071
71.3144
71.4234
71.5372
71.6528
71.7747
71.9342
68.0025
68.0109
68.0378
68.1133
68.2988
68.7391
69.3433
69.8327
70.0586
70.0762
70.0566
69.9886
69.8401
69.6328
69.468
69.3849
69.3235
69.2922
69.2962
69.2923
69.2776
69.2713
69.2722
69.2769
69.2849
69.2861
69.2837
69.2804
69.2781
69.2759
69.2728
69.2684
69.263
69.2577
69.2529
69.2487
69.2441
69.2389
69.2358
69.2351
69.2345
69.2338
69.2326
69.2308
69.2282
69.2259
69.2249
69.2244
69.2239
69.2229
69.2228
69.2238
69.2265
69.2304
69.2355
69.242
69.2486
69.2512
69.2475
69.2365
69.2141
69.1799
69.1367
69.0921
69.0683
69.0502
69.05
69.0554
69.0659
69.0769
69.0881
69.0992
69.1105
69.1205
69.1321
69.146
69.1618
69.1777
69.1962
69.218
69.2427
69.267
69.2912
69.3156
69.3421
69.3692
69.3976
69.4256
69.4558
69.4862
69.5186
69.551
69.5866
69.6233
69.6634
69.7032
69.7456
69.7873
69.8336
69.8795
69.9304
69.9795
70.0347
70.0862
70.1445
70.2041
70.272
70.3468
70.4546
70.6245
68.0007
68.0031
68.0118
68.0368
68.1033
68.26
68.6228
69.1602
69.6432
69.9302
69.9907
69.967
69.9511
69.8843
69.7414
69.5582
69.4159
69.3452
69.3298
69.3131
69.2885
69.2772
69.2795
69.2879
69.2912
69.2888
69.2836
69.2811
69.2801
69.2789
69.2768
69.2733
69.2688
69.2634
69.2574
69.2515
69.2457
69.2398
69.2356
69.2341
69.233
69.2312
69.2284
69.2256
69.2224
69.2189
69.2163
69.2144
69.2124
69.2097
69.2065
69.2045
69.2044
69.2049
69.2051
69.2056
69.207
69.2084
69.2089
69.2072
69.2006
69.1844
69.1561
69.1141
69.0713
69.0326
68.9978
68.9849
68.9822
68.9782
68.978
68.9817
68.9894
68.9968
69.0037
69.0101
69.0164
69.0205
69.0256
69.0337
69.046
69.0591
69.0717
69.0847
69.1002
69.1167
69.1339
69.1493
69.1651
69.1801
69.196
69.2111
69.2284
69.2468
69.2676
69.2884
69.3104
69.3322
69.3565
69.381
69.4077
69.4342
69.465
69.4957
69.5343
69.5845
69.6607
69.7755
69.9671
70.283
68.0002
68.0008
68.0033
68.0112
68.0323
68.0859
68.2121
68.4653
68.9546
69.4495
69.8154
69.903
69.9562
69.9501
69.9121
69.7997
69.6392
69.4857
69.3831
69.3423
69.3091
69.2945
69.2953
69.295
69.2904
69.2849
69.2811
69.2816
69.2833
69.2832
69.2815
69.2782
69.2749
69.2721
69.2684
69.2625
69.2552
69.2478
69.2417
69.238
69.2356
69.2326
69.2285
69.2249
69.2221
69.2187
69.2153
69.2125
69.2098
69.2065
69.2021
69.1985
69.196
69.1943
69.1925
69.1898
69.1874
69.1863
69.1857
69.186
69.1859
69.1825
69.172
69.1508
69.1158
69.0738
69.0287
68.9888
68.9654
68.9475
68.9291
68.9246
68.9271
68.9286
68.9292
68.9313
68.9352
68.9361
68.9369
68.9393
68.9442
68.9499
68.9541
68.9581
68.9649
68.9742
68.9845
68.9925
69.0011
69.0092
69.018
69.0255
69.034
69.0429
69.0533
69.0631
69.0742
69.0847
69.0978
69.1125
69.1291
69.1496
69.1774
69.2164
69.2736
69.3602
69.5116
69.7794
70.3798
71.5432
68
68.0002
68.0008
68.003
68.0094
68.0259
68.0662
68.1545
68.3433
68.7032
69.2029
69.5482
69.8005
69.902
69.882
69.8529
69.818
69.7395
69.6019
69.4649
69.3777
69.3354
69.3123
69.2902
69.2809
69.2813
69.2825
69.2841
69.2869
69.287
69.2855
69.2827
69.2807
69.2791
69.2771
69.2732
69.2672
69.2604
69.2539
69.2479
69.2428
69.2378
69.2321
69.2274
69.2248
69.222
69.2184
69.2148
69.2115
69.2081
69.2035
69.1985
69.1948
69.1916
69.1886
69.185
69.1806
69.1776
69.1748
69.1737
69.1744
69.1746
69.1716
69.1635
69.1478
69.1235
69.0905
69.0487
69.0059
68.971
68.9406
68.9135
68.9065
68.9028
68.8963
68.8916
68.8916
68.8907
68.8878
68.8875
68.8896
68.8933
68.8938
68.8935
68.8953
68.8995
68.9044
68.9067
68.9095
68.9131
68.9178
68.9217
68.9254
68.93
68.9354
68.9409
68.9476
68.9559
68.9674
68.9827
69.005
69.0365
69.0834
69.1635
69.2993
69.5634
70.1641
71.3119
74.3286
79.2516
68
68
68.0002
68.0007
68.0024
68.0071
68.0192
68.0466
68.1063
68.2386
68.463
68.8616
69.2988
69.6823
69.7559
69.8245
69.8534
69.8398
69.7954
69.6925
69.5626
69.4645
69.3854
69.3169
69.3
69.2996
69.2936
69.2845
69.2813
69.2819
69.2823
69.2821
69.2818
69.2816
69.2808
69.2791
69.2765
69.2728
69.2678
69.2614
69.254
69.2467
69.2401
69.2346
69.2313
69.2287
69.2251
69.2206
69.2166
69.2128
69.2082
69.2023
69.1971
69.1933
69.1898
69.186
69.1815
69.1768
69.1731
69.1702
69.1696
69.1695
69.1683
69.1645
69.1571
69.1461
69.1314
69.1114
69.0824
69.0448
69.0055
68.9638
68.9297
68.9125
68.9003
68.8852
68.8767
68.8733
68.8679
68.8625
68.8627
68.8641
68.8633
68.8601
68.8597
68.8612
68.8632
68.863
68.8631
68.8642
68.8665
68.8686
68.8703
68.8729
68.877
68.8832
68.8928
68.907
68.9269
68.9565
69.0056
69.087
69.2356
69.5782
70.1938
71.6585
75.1406
79.3951
84.3887
88.8936
68
68
68
68.0002
68.0006
68.0018
68.005
68.0129
68.0305
68.07
68.1436
68.3003
68.5683
68.9465
69.3109
69.5862
69.7827
69.7894
69.7767
69.7643
69.7485
69.6907
69.5923
69.4794
69.4025
69.3571
69.3162
69.2862
69.2804
69.2814
69.2805
69.2785
69.2757
69.2744
69.2749
69.2761
69.2773
69.2772
69.2756
69.272
69.2654
69.2576
69.2517
69.2467
69.2421
69.2381
69.2339
69.2287
69.2239
69.2199
69.2156
69.2099
69.2036
69.1991
69.1957
69.1923
69.1883
69.1833
69.1778
69.1738
69.1715
69.17
69.1682
69.1654
69.161
69.1551
69.1495
69.1432
69.1335
69.1168
69.0903
69.056
69.0139
68.9728
68.9448
68.9191
68.894
68.8805
68.8724
68.8614
68.8544
68.8539
68.853
68.8487
68.8441
68.8442
68.8443
68.8436
68.8418
68.8423
68.8438
68.8461
68.8493
68.8537
68.8612
68.8742
68.8963
68.9324
68.9928
69.1011
69.3348
69.7426
70.6112
72.9317
76.1263
80.623
85.7174
90.3121
93.4014
94.2458
68
68
68
68
68.0001
68.0004
68.0012
68.0032
68.0079
68.0188
68.0414
68.0858
68.1745
68.3248
68.605
68.9472
69.3015
69.5018
69.6529
69.7663
69.7631
69.7469
69.7199
69.6792
69.6078
69.5174
69.4408
69.3721
69.3332
69.3181
69.3017
69.2844
69.2757
69.2745
69.2751
69.2768
69.2792
69.2788
69.2776
69.2748
69.2707
69.2659
69.2621
69.2586
69.2544
69.2495
69.2441
69.2383
69.233
69.229
69.225
69.2198
69.2135
69.2084
69.2053
69.2029
69.2001
69.1961
69.1898
69.184
69.1801
69.1769
69.1738
69.1707
69.1672
69.1624
69.1596
69.1581
69.1554
69.1499
69.1392
69.122
69.0983
69.0679
69.0333
68.9998
68.9663
68.9321
68.9095
68.8903
68.873
68.8622
68.8586
68.8535
68.8444
68.8406
68.8398
68.8392
68.8379
68.8387
68.8412
68.8467
68.8563
68.8723
68.8993
68.9478
69.0407
69.2342
69.5651
70.2477
71.9686
74.3583
78.2261
83.4682
87.9627
91.3962
93.0187
94.8635
96.8395
97.5153
68
68
68
68
68
68.0001
68.0002
68.0007
68.0018
68.0045
68.0106
68.023
68.048
68.0946
68.1774
68.3323
68.563
68.8869
69.1821
69.4618
69.5788
69.6257
69.6772
69.6956
69.6877
69.6613
69.6095
69.5497
69.4833
69.4219
69.3746
69.3395
69.3086
69.2945
69.2952
69.2938
69.2873
69.2803
69.2763
69.2741
69.2732
69.2733
69.2727
69.2707
69.2671
69.262
69.256
69.2498
69.2443
69.2399
69.2357
69.231
69.2256
69.2211
69.2181
69.2159
69.2133
69.2095
69.2035
69.1969
69.1925
69.1892
69.1856
69.1821
69.1785
69.1736
69.1696
69.168
69.1661
69.1626
69.1567
69.1479
69.1362
69.1232
69.1069
69.0861
69.0611
69.0296
68.9952
68.9626
68.9364
68.9089
68.8931
68.8806
68.8674
68.8546
68.8516
68.8519
68.854
68.8597
68.8725
68.8977
68.9462
69.0384
69.2119
69.503
70.1571
71.6301
73.6978
77.5069
82.3493
86.2781
90.01
92.2112
94.4704
96.702
97.264
97.3855
97.5599
97.8864
68
68
68
68
68
68
68
68.0001
68.0004
68.001
68.0024
68.0055
68.0119
68.0248
68.0482
68.0925
68.1662
68.2917
68.5005
68.7661
69.0644
69.3153
69.4751
69.5781
69.6317
69.6272
69.6203
69.6159
69.6049
69.577
69.5254
69.4654
69.4115
69.3693
69.3417
69.3212
69.2976
69.2816
69.2808
69.2827
69.2822
69.2798
69.2769
69.2738
69.2703
69.2664
69.263
69.2617
69.2599
69.2566
69.2512
69.2454
69.2407
69.2369
69.2333
69.2295
69.2256
69.2212
69.2153
69.2082
69.2034
69.2004
69.1977
69.195
69.1919
69.1873
69.1817
69.1781
69.1749
69.1709
69.1659
69.16
69.1531
69.1464
69.1392
69.1317
69.121
69.1072
69.0866
69.0598
69.0301
69.0002
68.9723
68.9488
68.9333
68.9144
68.9136
68.9206
68.9424
68.9884
69.0782
69.2504
69.5805
70.3424
71.6246
73.6268
77.6855
82.1344
86.084
89.7673
92.0314
94.3719
96.4924
96.7855
97.0698
97.6462
98.2693
98.5662
98.6372
98.662
68
68
68
68
68
68
68
68
68.0001
68.0002
68.0005
68.0012
68.0027
68.0057
68.0118
68.0232
68.0442
68.0796
68.1409
68.2414
68.3963
68.6278
68.8933
69.115
69.3345
69.4925
69.5371
69.5768
69.5877
69.5762
69.5639
69.5523
69.5388
69.5109
69.4602
69.4053
69.3668
69.3394
69.3257
69.3142
69.3009
69.2888
69.2807
69.2746
69.2709
69.2694
69.2692
69.2694
69.2684
69.2651
69.2598
69.2548
69.2512
69.2483
69.2453
69.2414
69.2367
69.2318
69.2261
69.2192
69.2135
69.2103
69.2082
69.2061
69.2032
69.1988
69.1929
69.188
69.1841
69.1801
69.176
69.1713
69.1668
69.163
69.1587
69.1544
69.1492
69.1434
69.1352
69.1247
69.1096
69.0955
69.0802
69.0667
69.0706
69.0897
69.1358
69.2419
69.4564
69.8703
70.6889
71.9927
74.6506
79.1108
82.8661
86.5649
89.9433
92.297
95.2961
96.504
96.681
97.1639
98.0083
98.5316
98.593
98.5767
98.6224
98.7316
98.7929
98.8155
68
68
68
68
68
68
68
68
68
68
68.0001
68.0002
68.0005
68.0012
68.0026
68.0053
68.0104
68.02
68.0361
68.0643
68.1111
68.1805
68.299
68.4747
68.6715
68.9198
69.1423
69.2914
69.4264
69.4888
69.5238
69.5557
69.556
69.5475
69.5294
69.5082
69.4895
69.4669
69.4341
69.3946
69.3601
69.3334
69.3179
69.3079
69.2967
69.2841
69.2797
69.2784
69.2761
69.272
69.2679
69.2649
69.2619
69.2582
69.2537
69.2491
69.2453
69.2421
69.2387
69.234
69.2285
69.224
69.2207
69.2177
69.2142
69.2091
69.2031
69.1982
69.1944
69.1918
69.1893
69.1857
69.1818
69.1789
69.1761
69.1733
69.1712
69.17
69.1712
69.1752
69.1848
69.2052
69.2457
69.3259
69.4882
69.8044
70.4072
71.4766
73.6566
77.1714
80.6018
84.2878
88.727
91.2778
93.4365
95.8812
96.5588
97.0823
98.0343
98.5176
98.4872
98.4096
98.4309
98.5949
98.8101
98.9089
98.9489
98.96
98.9581
98.9507
68
68
68
68
68
68
68
68
68
68
68
68
68.0001
68.0002
68.0005
68.0011
68.0023
68.0045
68.0087
68.0159
68.0285
68.0494
68.0811
68.1347
68.214
68.3257
68.5117
68.7216
68.9142
69.1106
69.2584
69.3711
69.4582
69.489
69.5027
69.5118
69.5134
69.5111
69.5031
69.4869
69.4656
69.4411
69.4114
69.3795
69.3508
69.3242
69.3053
69.3001
69.2954
69.2886
69.2842
69.2811
69.2767
69.2711
69.2658
69.2609
69.2575
69.2547
69.2512
69.2461
69.2402
69.2362
69.2337
69.2309
69.2271
69.2212
69.2148
69.2102
69.2071
69.2052
69.2038
69.2019
69.1994
69.1981
69.1994
69.2032
69.2123
69.2308
69.2668
69.3334
69.4614
69.7229
70.1831
70.9939
72.8193
75.8336
79.1655
83.2369
87.961
90.7568
92.7952
95.0644
96.2495
96.9953
98.125
98.7104
98.7092
98.5361
98.4132
98.5255
98.7795
98.9534
98.9991
99.0487
99.0962
99.0977
99.068
99.0053
98.9652
98.9531
68
68
68
68
68
68
68
68
68
68
68
68
68
68
68.0001
68.0002
68.0005
68.001
68.002
68.0038
68.007
68.0127
68.0221
68.0371
68.0615
68.0985
68.1546
68.2458
68.3646
68.5247
68.7397
68.931
69.0902
69.2524
69.3505
69.3951
69.4405
69.4766
69.482
69.4812
69.4829
69.4825
69.4777
69.465
69.4426
69.4166
69.388
69.3604
69.3385
69.3205
69.3072
69.2977
69.2889
69.2838
69.2802
69.2755
69.2703
69.2673
69.2647
69.2603
69.2527
69.2468
69.2446
69.2426
69.24
69.2363
69.2321
69.2285
69.2263
69.2246
69.2253
69.2277
69.2331
69.2453
69.2716
69.3246
69.426
69.6219
70.0207
70.6752
71.9853
74.7456
77.9579
81.7009
86.2411
89.673
92.4843
94.9153
95.9766
96.78
97.9495
98.6439
98.6259
98.522
98.6093
98.8741
99.1173
99.134
99.1
99.1119
99.1834
99.2154
99.2044
99.1709
99.1364
99.1081
99.0771
99.055
99.0438
99.0397
68
68
68
68
68
68
68
68
68
68
68
68
68
68
68
68
68.0001
68.0002
68.0004
68.0009
68.0017
68.0032
68.0057
68.01
68.0171
68.0286
68.0464
68.0735
68.1161
68.1752
68.2642
68.4054
68.5645
68.7376
68.9423
69.0914
69.2038
69.3319
69.3984
69.4095
69.4278
69.4569
69.4646
69.4599
69.4568
69.4551
69.4506
69.438
69.4185
69.3964
69.3721
69.3494
69.3294
69.3151
69.3047
69.2947
69.2846
69.2817
69.2798
69.2759
69.2687
69.2622
69.2591
69.2568
69.2539
69.2515
69.2516
69.253
69.2572
69.2678
69.2895
69.3311
69.4075
69.555
69.8563
70.4094
71.4221
73.664
76.8791
80.3661
84.6843
88.5611
91.4751
94.352
95.6191
96.509
97.7666
98.3311
98.3117
98.4491
98.8385
99.2061
99.2694
99.2552
99.2436
99.2663
99.2694
99.2545
99.2555
99.2622
99.2606
99.2534
99.2394
99.2199
99.2086
99.2094
99.2246
99.2528
99.281
99.2961
68
68
68
68
68
68
68
68
68
68
68
68
68
68
68
68
68
68
68.0001
68.0002
68.0004
68.0008
68.0014
68.0026
68.0046
68.0079
68.0134
68.0219
68.0351
68.0559
68.086
68.1306
68.2014
68.2915
68.4177
68.6024
68.7727
68.9185
69.0853
69.2051
69.2761
69.3599
69.419
69.4202
69.4235
69.437
69.4471
69.4462
69.4424
69.4372
69.43
69.4184
69.4012
69.378
69.3551
69.339
69.3248
69.3121
69.3009
69.2938
69.2851
69.2814
69.2802
69.2789
69.28
69.2845
69.2971
69.3257
69.3855
69.5068
69.7512
70.2386
71.0387
72.6686
75.7726
79.249
83.1966
87.4871
90.7969
93.7773
95.2646
95.882
96.9623
98.1577
98.5117
98.788
99.1535
99.3283
99.3315
99.3074
99.2475
99.2557
99.2854
99.3299
99.3515
99.3496
99.3379
99.3319
99.3403
99.3586
99.3702
99.3779
99.3844
99.3921
99.4042
99.4217
99.4453
99.458
99.4558
99.4419
68
68
68
68
68
68
68
68
68
68
68
68
68
68
68
68
68
68
68
68
68.0001
68.0002
68.0004
68.0007
68.0012
68.0021
68.0037
68.0063
68.0104
68.0169
68.0272
68.0425
68.0651
68.0998
68.1475
68.218
68.3261
68.4476
68.594
68.7913
68.946
69.0588
69.1949
69.2876
69.3242
69.3689
69.4193
69.4253
69.4218
69.4244
69.4319
69.4323
69.4295
69.4222
69.4106
69.3964
69.3819
69.3653
69.3468
69.3382
69.3288
69.3272
69.3323
69.3503
69.3925
69.479
69.6614
70.0091
70.6924
72.001
74.7126
78.296
81.9302
86.2408
89.7504
92.3849
95.1198
96.0945
96.7483
97.6191
98.3904
98.9668
99.3188
99.4299
99.4103
99.2654
99.1839
99.1888
99.2396
99.3226
99.3634
99.38
99.4078
99.454
99.4931
99.5087
99.5054
99.4999
99.5016
99.5076
99.516
99.5214
99.5231
99.5228
99.5204
99.5202
99.5262
99.5311
99.5295
99.5188
68
68
68
68
68
68
68
68
68
68
68
68
68
68
68
68
68
68
68
68
68
68
68.0001
68.0002
68.0003
68.0006
68.001
68.0017
68.003
68.005
68.0082
68.0133
68.021
68.0325
68.0502
68.0753
68.1116
68.1661
68.2362
68.3382
68.491
68.6365
68.776
68.9513
69.0829
69.1678
69.2659
69.3271
69.3509
69.3801
69.4146
69.4233
69.4216
69.4187
69.4187
69.421
69.4224
69.4217
69.4227
69.4289
69.4526
69.5116
69.636
69.902
70.4292
71.4372
73.5714
76.9032
80.6126
84.8061
89.0586
91.8393
94.394
95.7873
96.5071
97.4345
98.596
99.1427
99.283
99.3526
99.3357
99.2978
99.3205
99.3638
99.3838
99.3616
99.3225
99.3358
99.4013
99.5094
99.6034
99.6445
99.6522
99.6529
99.6492
99.6364
99.6221
99.6108
99.6045
99.6034
99.6041
99.6073
99.6138
99.6189
99.619
99.615
99.6137
99.6163
99.6169
99.6116
68
68
68
68
68
68
68
68
68
68
68
68
68
68
68
68
68
68
68
68
68
68
68
68
68.0001
68.0001
68.0003
68.0005
68.0008
68.0014
68.0024
68.004
68.0065
68.0104
68.0163
68.0253
68.0384
68.0575
68.0859
68.1249
68.1823
68.2668
68.364
68.4915
68.6684
68.8183
68.9393
69.0647
69.1738
69.2511
69.3193
69.3521
69.3741
69.3939
69.4246
69.4544
69.4848
69.5339
69.6292
69.8203
70.2483
71.1258
72.668
75.6752
79.5886
83.5016
87.6664
91.0547
93.7798
95.7774
96.557
97.3436
98.5669
99.1427
99.2472
99.2207
99.1286
99.2011
99.374
99.5158
99.5209
99.5121
99.5161
99.5524
99.6206
99.6822
99.6929
99.6997
99.7103
99.7335
99.753
99.754
99.7524
99.7423
99.7207
99.7011
99.6955
99.6964
99.7027
99.7109
99.7159
99.7204
99.7252
99.7269
99.7249
99.7183
99.7177
99.7199
99.7203
99.7167
68
68
68
68
68
68
68
68
68
68
68
68
68
68
68
68
68
68
68
68
68
68
68
68
68
68
68.0001
68.0001
68.0002
68.0004
68.0007
68.0012
68.002
68.0032
68.0052
68.0082
68.0128
68.0197
68.0298
68.045
68.0663
68.0968
68.1398
68.1977
68.283
68.3996
68.5242
68.6623
68.8247
68.9747
69.0967
69.2027
69.3265
69.4297
69.5348
69.6947
69.9933
70.6944
72.0014
74.2667
78.4333
82.7579
86.532
90.1494
92.9222
95.3902
96.7178
97.4585
98.3008
98.7703
98.76
98.8088
99.0061
99.3876
99.6882
99.7511
99.7138
99.6637
99.7004
99.7733
99.8391
99.8679
99.8692
99.8682
99.87
99.8695
99.8621
99.8422
99.8154
99.7972
99.7896
99.7882
99.7883
99.7893
99.7915
99.7967
99.8017
99.8058
99.8118
99.8203
99.8236
99.827
99.8302
99.8292
99.8209
99.8147
99.8144
99.8125
99.8096
99.8067
68
68
68
68
68
68
68
68
68
68
68
68
68
68
68
68
68
68
68
68
68
68
68
68
68
68
68
68
68.0001
68.0001
68.0002
68.0003
68.0006
68.001
68.0016
68.0026
68.0041
68.0065
68.01
68.0155
68.0237
68.0359
68.0532
68.0787
68.1152
68.1672
68.239
68.3388
68.4893
68.6101
68.7582
68.9632
69.2839
69.8967
71.085
72.9415
76.311
81.0433
85.0954
89.1679
92.4718
94.6854
96.6678
97.3167
97.8045
98.4663
98.8763
99.1803
99.5431
99.87
99.9804
99.9741
99.915
99.9158
99.9537
99.9951
100.009
100.015
100.021
100.028
100.026
100.018
100
99.9734
99.9406
99.9128
99.8985
99.8902
99.8874
99.8848
99.8829
99.8834
99.8875
99.8951
99.9055
99.915
99.9233
99.9232
99.9195
99.9139
99.9094
99.907
99.9053
99.9024
99.9003
99.9015
99.9024
99.9004
99.9014
99.9016
68
68
68
68
68
68
68
68
68
68
68
68
68
68
68
68
68
68
68
68
68
68
68
68
68
68
68
68
68
68
68.0001
68.0001
68.0002
68.0003
68.0005
68.0009
68.0014
68.0024
68.004
68.0057
68.0083
68.0126
68.0196
68.031
68.0503
68.083
68.1394
68.2433
68.4458
68.8742
69.7296
71.2154
74.0492
78.8351
83.3271
87.2749
91.0257
93.304
95.6309
97.3334
97.7503
98.3122
99.1163
99.4031
99.4964
99.6086
99.7276
99.7838
99.8616
100.023
100.147
100.154
100.142
100.119
100.106
100.096
100.096
100.101
100.107
100.102
100.089
100.063
100.036
100.013
99.9953
99.9923
99.9925
99.9912
99.993
100.009
100.03
100.04
100.039
100.038
100.039
100.038
100.031
100.019
100.006
99.9956
99.9881
99.985
99.9838
99.9842
99.9896
99.9974
99.9991
99.999
100.002
100.001
68
68
68
68
68
68
68
68
68
68
68
68
68
68
68
68
68
68
68
68
68
68
68
68
68
68
68
68
68
68
68
68
68.0001
68.0001
68.0002
68.0004
68.0009
68.0018
68.0035
68.0073
68.015
68.0304
68.0596
68.1196
68.2431
68.4913
69.0265
70.1052
72.3179
76.252
80.6445
84.5747
89.0432
92.1757
94.3014
96.2591
97.1576
97.7826
98.5448
98.9425
98.9762
99.0195
99.2594
99.5784
99.6883
99.7768
99.8579
99.8858
99.9337
100.016
100.118
100.176
100.175
100.16
100.127
100.096
100.087
100.092
100.105
100.119
100.122
100.113
100.115
100.122
100.138
100.147
100.153
100.155
100.157
100.159
100.156
100.143
100.125
100.112
100.107
100.105
100.103
100.102
100.099
100.093
100.086
100.083
100.082
100.082
100.088
100.092
100.091
100.087
100.089
100.088
68
68
68
68
68
68
68
68
68
68
68
68
68
68
68
68
68
68
68
68
68
68
68
68
68
68
68
68
68
68
68
68.0001
68.0003
68.0006
68.0014
68.0032
68.0069
68.015
68.0317
68.0675
68.1489
68.3249
68.6935
69.4934
71.1715
74.2523
78.2959
82.7748
87.5244
90.7386
92.8719
95.1909
96.9806
97.6069
98.2417
98.5098
98.4953
98.4253
98.5812
98.889
99.0638
99.1259
99.2093
99.3517
99.4985
99.6133
99.6952
99.7674
99.8028
99.8203
99.8369
99.8673
99.9236
99.9747
100.004
100.032
100.062
100.095
100.135
100.18
100.22
100.244
100.257
100.27
100.285
100.291
100.289
100.283
100.266
100.239
100.214
100.195
100.18
100.173
100.172
100.171
100.171
100.174
100.182
100.187
100.188
100.186
100.183
100.18
100.175
100.168
100.16
100.156
100.156
100.155
68
68
68
68
68
68
68
68
68
68
68
68
68
68
68
68
68
68
68
68
68
68
68
68
68
68
68
68
68.0001
68.0002
68.0005
68.0013
68.0031
68.0073
68.0169
68.0385
68.0868
68.1974
68.4272
68.9356
70.229
72.7608
76.5375
81.3239
85.9426
89.3744
91.9771
94.7162
96.4683
97.0996
97.7092
98.0468
97.9999
97.9666
98.1437
98.4105
98.5496
98.5769
98.6271
98.7442
98.9035
99.0309
99.1504
99.2421
99.2793
99.3124
99.3653
99.4421
99.5101
99.566
99.628
99.69
99.7609
99.8447
99.9258
100.002
100.066
100.116
100.162
100.215
100.275
100.323
100.334
100.332
100.332
100.333
100.329
100.316
100.29
100.266
100.253
100.245
100.242
100.241
100.242
100.243
100.246
100.251
100.252
100.25
100.248
100.244
100.235
100.229
100.225
100.22
100.212
100.208
100.207
100.206
68
68
68
68
68
68
68
68
68
68
68
68
68
68
68
68
68
68
68
68
68
68
68
68
68
68
68.0001
68.0004
68.0011
68.0028
68.0069
68.0174
68.0428
68.1027
68.2515
68.5883
69.3819
71.3547
74.2933
78.7382
84.004
88.5042
91.8905
94.0557
95.7761
97.2614
98.0193
98.1313
98.2006
98.4186
98.6713
98.7374
98.7175
98.5683
98.5073
98.5934
98.7452
98.8245
98.8437
98.8668
98.9192
98.9813
99.0351
99.0657
99.0737
99.0784
99.0902
99.1244
99.1904
99.2768
99.3726
99.4656
99.5455
99.6295
99.7226
99.8051
99.871
99.9263
99.9694
100.005
100.046
100.097
100.137
100.161
100.178
100.199
100.233
100.274
100.292
100.298
100.304
100.31
100.317
100.324
100.327
100.325
100.324
100.323
100.32
100.313
100.306
100.298
100.287
100.277
100.268
100.258
100.249
100.244
100.243
100.242
68
68
68
68
68
68
68
68
68
68
68
68
68
68
68
68
68
68
68
68
68
68
68
68.0001
68.0002
68.0007
68.0021
68.0056
68.0158
68.0421
68.109
68.2912
68.7347
69.8852
72.3096
76.4481
82.1645
86.7023
90.3612
93.512
95.537
97.6178
98.2838
98.28
98.0885
98.1723
98.388
98.4622
98.4812
98.5381
98.6923
98.8414
98.8552
98.8465
98.8352
98.8453
98.8804
98.9028
98.8972
98.8689
98.8442
98.8399
98.8424
98.8521
98.8721
98.8909
98.9121
98.9463
98.9969
99.052
99.1058
99.1663
99.2335
99.3018
99.3773
99.4568
99.5303
99.5962
99.6623
99.7281
99.7939
99.8542
99.9109
99.9674
100.022
100.076
100.123
100.174
100.227
100.278
100.318
100.337
100.349
100.358
100.362
100.361
100.358
100.357
100.352
100.346
100.341
100.333
100.324
100.315
100.305
100.297
100.291
100.287
100.284
100.28
68
68
68
68
68
68
68
68
68
68
68
68
68
68
68
68
68
68
68
68
68
68.0001
68.0004
68.0013
68.0037
68.0111
68.0321
68.0906
68.2805
68.7959
70.0569
73.2411
78.2717
83.5792
88.2985
92.9453
95.4108
96.2781
97.4216
97.6866
97.6254
97.7762
98.2305
98.3785
98.443
98.5844
98.7775
98.8257
98.811
98.7479
98.7505
98.7745
98.8007
98.8125
98.8158
98.8205
98.8293
98.83
98.8127
98.7768
98.7579
98.7569
98.7666
98.7891
98.8151
98.8436
98.8728
98.9038
98.938
98.9668
98.9872
99.0076
99.0367
99.0716
99.1088
99.1533
99.206
99.2614
99.3177
99.3795
99.4487
99.5245
99.6033
99.6792
99.752
99.836
99.9077
99.9591
100.011
100.069
100.129
100.178
100.214
100.246
100.271
100.293
100.315
100.331
100.341
100.351
100.351
100.349
100.343
100.341
100.338
100.335
100.335
100.341
100.349
100.348
68
68
68
68
68
68
68
68
68
68
68
68
68
68
68
68
68
68
68
68.0002
68.0005
68.0018
68.0058
68.0191
68.0589
68.1907
68.5998
69.6784
73.1888
78.6427
84.3615
89.3905
93.4265
96.1377
97.7254
98.3506
98.4606
98.6781
98.8928
98.9
98.7931
98.5213
98.5425
98.6632
98.801
98.8825
98.9255
98.9319
98.9272
98.9006
98.8438
98.7765
98.731
98.7239
98.7268
98.734
98.74
98.744
98.7452
98.7486
98.7598
98.7798
98.7985
98.8142
98.8303
98.8455
98.858
98.8661
98.8745
98.881
98.8824
98.8816
98.8862
98.9004
98.9193
98.9397
98.9651
98.9988
99.0404
99.089
99.1451
99.2105
99.2846
99.3601
99.4307
99.5027
99.5886
99.6787
99.7649
99.8394
99.914
99.9987
100.065
100.111
100.148
100.184
100.214
100.239
100.253
100.262
100.27
100.286
100.308
100.328
100.337
100.341
100.346
100.357
100.375
100.391
68
68
68
68
68
68
68
68
68
68
68
68
68
68
68
68
68
68.0002
68.0006
68.0022
68.0076
68.0273
68.0946
68.3492
69.1034
71.8047
76.7387
83.0548
89.2741
93.6837
97.0596
97.4061
97.4032
97.777
98.0402
98.2716
98.3756
98.5983
98.9237
99.0178
99.0102
98.9659
98.9205
98.9104
98.897
98.8927
98.885
98.8752
98.8746
98.8668
98.835
98.7849
98.7374
98.7192
98.718
98.7212
98.7286
98.7395
98.7571
98.7802
98.8081
98.8315
98.8437
98.8496
98.8513
98.8477
98.8367
98.8232
98.8174
98.8152
98.8128
98.8083
98.8067
98.81
98.8186
98.83
98.844
98.8625
98.8875
98.9202
98.9618
99.012
99.0691
99.1294
99.1935
99.2586
99.3175
99.3786
99.4544
99.5373
99.6117
99.6901
99.7774
99.8419
99.88
99.9174
99.9547
99.9949
100.034
100.074
100.109
100.143
100.183
100.223
100.256
100.283
100.312
100.348
100.389
100.416
68
68
68
68
68
68
68
68
68
68
68
68
68
68
68
68.0001
68.0006
68.0021
68.0084
68.0325
68.1208
68.509
69.8441
73.9819
80.8812
87.6896
92.3479
95.8905
96.1916
96.7324
97.6722
98.336
98.5098
98.633
98.5999
98.4947
98.4049
98.4691
98.6379
98.8617
98.9558
98.9557
98.9323
98.904
98.8697
98.824
98.7725
98.7547
98.7611
98.7877
98.8067
98.7961
98.772
98.7533
98.7493
98.752
98.7649
98.7913
98.8246
98.8442
98.8469
98.8472
98.8485
98.8498
98.8465
98.8335
98.81
98.7888
98.7819
98.781
98.7817
98.7825
98.7841
98.7881
98.7951
98.8036
98.8133
98.8263
98.8469
98.8819
98.9197
98.9537
98.9882
99.0257
99.0649
99.1064
99.1495
99.1978
99.2549
99.322
99.3897
99.4498
99.5185
99.5985
99.6651
99.7198
99.7733
99.8298
99.8855
99.94
99.9915
100.041
100.094
100.144
100.189
100.229
100.264
100.305
100.348
100.39
68
68
68
68
68
68
68
68
68
68
68
68
68
68.0001
68.0004
68.0018
68.0073
68.0305
68.133
68.6158
70.2611
75.9134
83.7217
90.4609
94.3081
96.7156
98.6818
99.1726
99.0583
98.7085
98.7117
98.8671
98.9575
98.9689
98.9616
98.9149
98.7955
98.6727
98.692
98.7437
98.8179
98.8483
98.8449
98.8233
98.779
98.7153
98.6803
98.6739
98.68
98.7079
98.762
98.7978
98.8187
98.8261
98.8289
98.8345
98.8456
98.8594
98.866
98.8667
98.8648
98.8599
98.8515
98.837
98.819
98.8014
98.7903
98.7888
98.7921
98.8005
98.8062
98.8113
98.8165
98.8232
98.8323
98.8429
98.8539
98.8667
98.8803
98.8919
98.9118
98.9418
98.973
99.0045
99.0379
99.0601
99.0736
99.0944
99.1298
99.1766
99.2308
99.2872
99.3456
99.4116
99.4874
99.5573
99.6211
99.6814
99.743
99.7994
99.8569
99.9185
99.9804
100.033
100.075
100.119
100.158
100.2
100.245
100.306
68
68
68
68
68
68
68
68
68
68
68
68
68.0002
68.0011
68.005
68.0231
68.1094
68.5585
70.5673
76.9533
85.0613
91.4127
95.1627
97.5776
97.6903
97.822
98.5035
99.2016
99.2165
99.1185
99.0007
98.989
98.9858
98.9638
98.9549
98.9413
98.9295
98.8945
98.817
98.7939
98.7902
98.7771
98.7586
98.7414
98.7212
98.7038
98.6953
98.6959
98.7013
98.7207
98.7585
98.8105
98.8498
98.8591
98.8626
98.8665
98.8725
98.8745
98.8662
98.8489
98.8296
98.8109
98.79
98.77
98.7639
98.7715
98.7912
98.813
98.8336
98.8471
98.8553
98.8615
98.8671
98.8725
98.8787
98.8859
98.8937
98.9035
98.9112
98.9172
98.9279
98.9463
98.9688
98.9906
99.0101
99.0266
99.0381
99.0505
99.0704
99.1012
99.1388
99.179
99.2265
99.2815
99.3477
99.4207
99.4994
99.5727
99.6437
99.7104
99.7687
99.8238
99.8781
99.9407
99.9908
100.033
100.075
100.118
100.162
100.225
68
68
68
68
68
68
68
68
68
68
68.0001
68.0005
68.0024
68.0134
68.069
68.3852
70.1164
76.2306
85.2711
91.3933
96.9776
98.2362
98.7309
99.0241
98.9678
98.5563
98.4924
98.7209
99.0003
99.01
98.9741
98.9249
98.8805
98.8622
98.8665
98.8946
98.9477
98.9437
98.9297
98.8966
98.8591
98.8213
98.7897
98.768
98.7547
98.7434
98.7391
98.7437
98.7509
98.7646
98.7906
98.8258
98.8479
98.8499
98.8479
98.8414
98.8306
98.8207
98.8076
98.7865
98.765
98.7473
98.7342
98.7328
98.7417
98.7631
98.7977
98.84
98.8706
98.8834
98.8888
98.892
98.8943
98.8948
98.8944
98.8942
98.8955
98.8986
98.9052
98.9123
98.917
98.9239
98.9371
98.956
98.9741
98.994
99.0143
99.0281
99.0411
99.0586
99.0849
99.1198
99.1621
99.2166
99.2813
99.348
99.4189
99.4892
99.5541
99.6139
99.6711
99.7306
99.7875
99.8501
99.9081
99.9561
100.007
100.056
100.109
100.171
68
68
68
68
68
68
68
68
68
68.0001
68.0009
68.0049
68.0283
68.1948
69.2557
74.2124
83.542
92.3176
97.6867
98.3181
98.8805
98.8484
98.8783
99.1239
99.1223
99.0199
98.7502
98.7515
98.7862
98.815
98.8092
98.7642
98.7082
98.697
98.7105
98.7576
98.8461
98.9313
98.9556
98.9492
98.9288
98.8932
98.8477
98.82
98.8154
98.8146
98.8229
98.8331
98.8351
98.8377
98.8439
98.8424
98.8409
98.8346
98.8255
98.815
98.8018
98.7859
98.7672
98.7412
98.7117
98.703
98.7071
98.7214
98.7437
98.7749
98.8157
98.859
98.8857
98.896
98.897
98.8943
98.889
98.8815
98.8709
98.8575
98.8488
98.8451
98.8468
98.8529
98.8631
98.8752
98.8914
98.9126
98.9353
98.9595
98.9861
99.0116
99.0345
99.0577
99.0854
99.1203
99.161
99.2091
99.2628
99.315
99.3674
99.4258
99.4957
99.5642
99.625
99.6829
99.7493
99.8201
99.8792
99.9303
99.9856
100.047
100.111
100.171
68
68
68
68
68
68
68
68
68.0002
68.0014
68.0085
68.0596
68.4634
71.5047
80.7146
89.6147
95.3385
96.5143
97.7654
98.5706
98.7991
98.6927
98.6629
98.7745
98.9651
99.0016
98.9661
98.8705
98.8065
98.754
98.7133
98.6885
98.6799
98.6809
98.6902
98.7148
98.7628
98.8507
98.9398
98.946
98.9304
98.9136
98.8996
98.8892
98.8942
98.9107
98.9352
98.9476
98.9458
98.9357
98.9153
98.8863
98.8559
98.8335
98.8144
98.7948
98.7749
98.7533
98.7421
98.7324
98.7263
98.7286
98.7388
98.756
98.7814
98.8165
98.857
98.893
98.9109
98.9146
98.9131
98.9066
98.8955
98.8831
98.869
98.853
98.841
98.8397
98.8424
98.8497
98.8599
98.8704
98.8855
98.9045
98.9244
98.9465
98.9729
99.0036
99.0373
99.0727
99.1078
99.1439
99.1824
99.221
99.2619
99.3044
99.3445
99.391
99.4522
99.5301
99.608
99.6651
99.7285
99.8134
99.9012
99.9651
100.017
100.08
100.154
100.207
68
68
68
68
68
68
68
68.0003
68.0018
68.0133
68.0948
69.0539
74.4541
85.6358
95.5892
99.0046
99.404
99.0411
98.2305
98.3277
98.5125
98.5402
98.5461
98.5889
98.7217
98.9443
99.0078
98.9811
98.8977
98.8063
98.7558
98.7414
98.7425
98.7483
98.7569
98.7719
98.7883
98.8145
98.8762
98.937
98.9557
98.9698
98.9721
98.9742
98.9865
99.0066
99.025
99.0379
99.035
99.0234
98.9955
98.947
98.8967
98.8599
98.8336
98.8139
98.7988
98.7986
98.7971
98.7959
98.7981
98.8048
98.8171
98.8345
98.8538
98.8814
98.9186
98.9473
98.9581
98.9589
98.9572
98.9526
98.9439
98.9331
98.9218
98.9088
98.8986
98.8975
98.8987
98.9036
98.9116
98.9251
98.9452
98.9682
98.9925
99.0196
99.0515
99.0886
99.1288
99.1692
99.2051
99.237
99.2695
99.3028
99.3405
99.3873
99.4371
99.4909
99.5446
99.6069
99.6875
99.7623
99.8173
99.8778
99.9757
100.08
100.148
100.212
100.31
100.354
68
68
68
68
68
68
68.0003
68.0022
68.0162
68.1569
69.5874
78.6107
91.2945
95.5946
97.0029
98.9922
99.5569
99.4435
99.0415
98.7009
98.7034
98.6934
98.647
98.6284
98.7037
98.8385
98.9992
99.0172
98.9889
98.9167
98.8729
98.8809
98.8971
98.9063
98.9043
98.8908
98.8648
98.8568
98.8746
98.9195
98.9788
99.0157
99.0191
99.0283
99.0385
99.0489
99.0595
99.0705
99.0708
99.0651
99.0447
99.0058
98.9596
98.9275
98.9042
98.8926
98.892
98.8926
98.8938
98.898
98.9058
98.9193
98.9368
98.9498
98.9627
98.9805
99.0061
99.0264
99.0327
99.0359
99.0385
99.039
99.0373
99.0327
99.0262
99.0186
99.0174
99.0189
99.0216
99.0265
99.0362
99.055
99.0815
99.1114
99.1467
99.1881
99.235
99.2854
99.337
99.3878
99.4331
99.4741
99.5141
99.5557
99.5993
99.6485
99.7048
99.7658
99.8298
99.8888
99.9567
100.048
100.13
100.192
100.272
100.38
100.484
100.559
100.678
100.675
68
68
68
68
68
68.0003
68.0022
68.0184
68.1898
70.527
80.9636
91.6025
99.0581
99.172
98.448
98.653
99.1477
99.3328
99.2052
99.0406
99.0023
98.9967
98.9577
98.8819
98.8545
98.8917
98.9661
99.0537
99.047
99.0351
99.0339
99.0625
99.0846
99.0859
99.0741
99.0309
98.9727
98.9231
98.9159
98.935
98.9779
99.0211
99.0412
99.0538
99.0591
99.0617
99.0644
99.065
99.0619
99.059
99.0557
99.0532
99.0396
99.0157
98.9993
98.9996
99.0048
99.0122
99.0221
99.035
99.0518
99.0725
99.085
99.0889
99.0945
99.105
99.1214
99.1352
99.1468
99.1586
99.169
99.1786
99.1875
99.1954
99.2022
99.2107
99.2228
99.238
99.2536
99.2695
99.2883
99.3141
99.3461
99.3833
99.4282
99.4808
99.5406
99.6027
99.6654
99.731
99.7999
99.8672
99.9307
99.993
100.056
100.122
100.192
100.266
100.35
100.442
100.527
100.62
100.73
100.831
100.912
101.014
101.149
101.262
101.434
101.365
68
68
68
68
68.0002
68.0019
68.0155
68.221
70.8031
82.9791
96.676
97.6598
99.2132
99.4378
99.2291
98.8302
98.8579
99.0686
99.1405
99.1079
99.1229
99.1556
99.1914
99.1632
99.0924
99.022
99.0231
99.0465
99.0851
99.1012
99.1352
99.1716
99.1805
99.1744
99.1572
99.129
99.0712
99.0116
98.9825
98.9882
99.0074
99.0328
99.0499
99.0444
99.0331
99.0303
99.026
99.0227
99.0272
99.0448
99.0778
99.1142
99.1282
99.1265
99.1293
99.1403
99.154
99.169
99.1858
99.2034
99.2264
99.2463
99.2481
99.2502
99.258
99.275
99.2992
99.3272
99.3569
99.3853
99.411
99.4357
99.4613
99.4894
99.5197
99.5535
99.591
99.6322
99.6741
99.7161
99.7575
99.8015
99.8497
99.9034
99.9627
100.028
100.098
100.172
100.252
100.341
100.436
100.535
100.634
100.735
100.841
100.953
101.07
101.191
101.313
101.441
101.57
101.7
101.834
101.97
102.094
102.231
102.392
102.545
102.796
102.592
68
68
68
68.0001
68.0011
68.0112
68.1379
71.2353
84.0898
92.7519
98.5908
98.6087
98.8704
99.2476
99.1681
98.9638
98.8165
98.9037
99.029
99.0933
99.1552
99.2082
99.2513
99.2727
99.2481
99.1583
99.0801
99.081
99.1059
99.1359
99.1725
99.2028
99.2058
99.1879
99.1535
99.1303
99.1216
99.101
99.0807
99.0674
99.0654
99.0602
99.0509
99.0327
99.0263
99.0267
99.0322
99.0419
99.0682
99.1105
99.1684
99.2204
99.2457
99.2544
99.2697
99.2894
99.3093
99.3341
99.3629
99.3979
99.4386
99.4652
99.4843
99.5093
99.5439
99.5861
99.6315
99.6797
99.7296
99.7808
99.832
99.8831
99.937
99.9957
100.06
100.131
100.209
100.289
100.368
100.446
100.523
100.602
100.683
100.773
100.869
100.974
101.085
101.203
101.332
101.472
101.621
101.778
101.938
102.102
102.267
102.438
102.614
102.797
102.984
103.173
103.363
103.564
103.769
103.969
104.166
104.364
104.588
104.808
105.172
104.721
68
68
68
68.0006
68.0058
68.0808
69.7591
83.6545
97.7374
98.5451
99.4194
99.2274
98.9282
98.96
99.0546
99.0235
98.9292
98.944
98.9859
99.0604
99.1408
99.2066
99.25
99.3024
99.2762
99.2132
99.1408
99.1189
99.129
99.1555
99.1768
99.1618
99.1389
99.0982
99.0831
99.0919
99.1074
99.1342
99.1559
99.1482
99.1379
99.1255
99.1077
99.0978
99.1031
99.119
99.1425
99.172
99.2206
99.2815
99.3482
99.4112
99.4548
99.4851
99.5164
99.5579
99.607
99.6629
99.7242
99.7944
99.8645
99.9211
99.9705
100.02
100.075
100.137
100.206
100.279
100.357
100.439
100.53
100.631
100.741
100.858
100.981
101.113
101.253
101.396
101.535
101.67
101.802
101.936
102.073
102.215
102.368
102.533
102.71
102.903
103.113
103.339
103.581
103.835
104.1
104.372
104.648
104.928
105.209
105.494
105.782
106.075
106.364
106.659
106.957
107.257
107.56
107.869
108.196
108.512
109.053
108.241
68
68
68.0002
68.0031
68.0354
68.9961
80.3973
94.195
99.4264
99.4217
99.5823
99.501
99.0929
98.9438
98.9984
99.0999
99.0886
99.0699
99.0526
99.0152
99.0479
99.0932
99.147
99.2033
99.2064
99.1766
99.1505
99.1572
99.1681
99.1778
99.1616
99.1314
99.0965
99.0732
99.0894
99.131
99.1819
99.2395
99.28
99.2878
99.2875
99.2859
99.286
99.2922
99.3143
99.3524
99.397
99.4527
99.5146
99.5928
99.6824
99.7683
99.8446
99.9177
99.9949
100.08
100.175
100.276
100.382
100.496
100.605
100.705
100.8
100.893
100.989
101.092
101.207
101.337
101.478
101.63
101.795
101.974
102.169
102.379
102.6
102.831
103.068
103.302
103.533
103.759
103.983
104.206
104.434
104.671
104.922
105.188
105.474
105.783
106.119
106.48
106.864
107.263
107.675
108.094
108.52
108.951
109.385
109.818
110.246
110.669
111.09
111.513
111.932
112.351
112.778
113.217
113.675
114.113
114.86
113.622
68
68.0001
68.0012
68.0145
68.3749
77.0763
94.3909
97.9347
99.285
99.3382
99.4649
99.4362
99.2781
99.0076
99.0229
99.1319
99.1946
99.1798
99.1271
99.0218
98.9824
98.994
99.0155
99.0818
99.1498
99.1774
99.2065
99.2459
99.2588
99.2506
99.2299
99.1975
99.1713
99.1753
99.2062
99.2729
99.3585
99.4427
99.5149
99.5487
99.5694
99.594
99.6246
99.6653
99.7233
99.7965
99.8763
99.9602
100.057
100.174
100.303
100.43
100.553
100.678
100.809
100.951
101.108
101.278
101.46
101.65
101.837
102.017
102.19
102.362
102.542
102.733
102.939
103.161
103.402
103.664
103.949
104.257
104.59
104.941
105.309
105.687
106.063
106.432
106.793
107.147
107.499
107.851
108.213
108.591
108.994
109.425
109.886
110.378
110.9
111.449
112.018
112.603
113.195
113.791
114.385
114.978
115.565
116.145
116.712
117.267
117.811
118.356
118.901
119.444
119.99
120.542
121.114
121.661
122.581
120.909
68.0001
68.0004
68.0049
68.0877
71.9277
89.9599
98.3117
99.3758
99.4555
99.35
99.2972
99.3852
99.2861
99.1146
99.0896
99.1145
99.1552
99.1372
99.0919
99.021
98.9735
98.9806
98.9983
99.0615
99.171
99.2669
99.3416
99.414
99.435
99.4301
99.4128
99.388
99.3961
99.4268
99.4823
99.5762
99.6942
99.8242
99.938
100.016
100.081
100.152
100.24
100.349
100.479
100.621
100.763
100.908
101.063
101.227
101.402
101.587
101.782
101.994
102.228
102.485
102.764
103.059
103.368
103.684
104
104.308
104.607
104.899
105.196
105.508
105.846
106.213
106.615
107.052
107.527
108.037
108.578
109.142
109.718
110.297
110.863
111.41
111.939
112.453
112.959
113.466
113.985
114.525
115.095
115.702
116.348
117.032
117.748
118.49
119.245
120.006
120.762
121.51
122.246
122.972
123.681
124.374
125.043
125.695
126.327
126.954
127.574
128.199
128.83
129.47
130.126
130.756
131.795
129.775
68.0002
68.0015
68.019
68.9237
84.072
97.5559
99.5727
99.9479
99.8221
99.4971
99.3294
99.3128
99.3232
99.2392
99.099
99.0712
99.0806
99.0936
99.1163
99.0979
99.0612
99.0614
99.0969
99.1719
99.3076
99.4693
99.5898
99.6726
99.7318
99.7466
99.7566
99.7805
99.8343
99.9144
100.028
100.172
100.344
100.533
100.699
100.849
100.998
101.164
101.352
101.564
101.792
102.027
102.263
102.5
102.739
102.992
103.268
103.571
103.904
104.273
104.676
105.112
105.579
106.068
106.574
107.084
107.588
108.079
108.558
109.032
109.515
110.021
110.564
111.151
111.784
112.465
113.187
113.944
114.73
115.533
116.336
117.124
117.876
118.591
119.277
119.941
120.589
121.236
121.893
122.578
123.298
124.061
124.864
125.705
126.57
127.449
128.327
129.196
130.047
130.88
131.693
132.489
133.263
134.016
134.738
135.437
136.114
136.785
137.452
138.124
138.798
139.484
140.186
140.864
141.956
139.719
68.0005
68.0054
68.1165
75.0342
95.0393
99.662
99.7349
99.8319
99.7329
99.6239
99.4056
99.36
99.4001
99.3506
99.2152
99.1371
99.157
99.209
99.2784
99.3075
99.309
99.3247
99.3854
99.4791
99.6389
99.8404
100.027
100.172
100.278
100.352
100.432
100.546
100.677
100.855
101.058
101.271
101.506
101.764
102.024
102.295
102.584
102.894
103.23
103.592
103.972
104.359
104.747
105.139
105.544
105.972
106.434
106.936
107.484
108.085
108.739
109.443
110.187
110.955
111.731
112.503
113.257
113.987
114.693
115.388
116.092
116.824
117.596
118.417
119.287
120.206
121.163
122.148
123.146
124.141
125.114
126.049
126.927
127.753
128.538
129.29
130.023
130.753
131.499
132.276
133.094
133.957
134.861
135.797
136.748
137.702
138.64
139.556
140.443
141.307
142.145
142.961
143.753
144.521
145.258
145.971
146.661
147.343
148.022
148.708
149.401
150.106
150.828
151.528
152.633
150.343
68.0013
68.016
69.0709
87.0812
97.3501
99.6949
99.6406
99.5646
99.4047
99.3485
99.3095
99.3698
99.4833
99.4837
99.4123
99.3514
99.4038
99.5026
99.6208
99.7083
99.7605
99.8154
99.9072
100.062
100.284
100.559
100.842
101.074
101.276
101.469
101.678
101.917
102.182
102.474
102.782
103.118
103.499
103.907
104.335
104.795
105.293
105.834
106.421
107.045
107.683
108.32
108.947
109.572
110.208
110.872
111.586
112.367
113.221
114.151
115.147
116.192
117.265
118.343
119.407
120.442
121.438
122.386
123.291
124.172
125.053
125.96
126.909
127.908
128.955
130.044
131.159
132.284
133.401
134.495
135.549
136.547
137.473
138.341
139.163
139.949
140.714
141.479
142.262
143.081
143.942
144.848
145.793
146.766
147.747
148.72
149.667
150.583
151.464
152.315
153.137
153.938
154.716
155.47
156.195
156.896
157.575
158.25
158.926
159.61
160.303
161.01
161.737
162.443
163.544
161.468
68.0041
68.0688
74.5989
95.1689
98.6499
99.8119
99.7127
99.4497
99.4005
99.3538
99.3145
99.3422
99.4911
99.6325
99.703
99.7648
99.8815
100.046
100.236
100.399
100.531
100.674
100.869
101.147
101.477
101.852
102.232
102.596
102.959
103.338
103.745
104.185
104.646
105.13
105.672
106.247
106.864
107.519
108.221
108.984
109.819
110.72
111.671
112.645
113.621
114.574
115.504
116.423
117.355
118.331
119.371
120.485
121.674
122.932
124.241
125.576
126.911
128.217
129.476
130.676
131.811
132.881
133.895
134.878
135.86
136.868
137.915
139.008
140.143
141.31
142.489
143.662
144.81
145.92
146.98
147.972
148.89
149.75
150.565
151.345
152.107
152.87
153.656
154.48
155.349
156.263
157.214
158.187
159.161
160.119
161.044
161.934
162.784
163.603
164.391
165.161
165.909
166.635
167.335
168.013
168.673
169.333
169.997
170.675
171.364
172.069
172.796
173.504
174.586
173.122
68.0092
68.5219
84.7393
98.9804
99.9378
100.228
100.055
99.7348
99.6281
99.6227
99.6535
99.6809
99.8341
100.068
100.289
100.497
100.727
101.004
101.32
101.636
101.928
102.235
102.596
103.014
103.495
104.058
104.665
105.289
105.929
106.6
107.308
108.054
108.835
109.67
110.551
111.471
112.444
113.474
114.576
115.762
117.027
118.357
119.726
121.1
122.438
123.723
124.954
126.152
127.346
128.572
129.852
131.201
132.614
134.082
135.581
137.079
138.544
139.948
141.277
142.529
143.703
144.801
145.837
146.841
147.844
148.876
149.949
151.065
152.221
153.4
154.582
155.745
156.869
157.945
158.962
159.906
160.779
161.602
162.387
163.14
163.881
164.628
165.402
166.218
167.082
167.99
168.93
169.886
170.835
171.761
172.648
173.497
174.307
175.087
175.838
176.573
177.289
177.985
178.657
179.311
179.952
180.597
181.252
181.923
182.61
183.312
184.037
184.745
185.769
185.355
68.0173
71.5462
94.953
100.099
100.121
100.59
100.538
100.191
100.149
100.236
100.361
100.498
100.736
101.092
101.497
101.898
102.326
102.785
103.275
103.779
104.288
104.843
105.461
106.168
106.97
107.864
108.822
109.836
110.913
112.048
113.225
114.433
115.684
116.957
118.283
119.664
121.097
122.579
124.12
125.729
127.406
129.127
130.846
132.51
134.089
135.57
136.963
138.298
139.616
140.957
142.349
143.8
145.305
146.85
148.406
149.937
151.41
152.803
154.107
155.326
156.466
157.532
158.54
159.522
160.509
161.527
162.588
163.692
164.832
165.989
167.137
168.256
169.328
170.344
171.297
172.179
172.996
173.772
174.521
175.247
175.968
176.701
177.465
178.276
179.136
180.038
180.966
181.899
182.816
183.702
184.545
185.348
186.116
186.856
187.572
188.275
188.961
189.629
190.277
190.908
191.534
192.168
192.818
193.485
194.17
194.869
195.591
196.297
197.167
197.88
68.0787
79.3911
97.4074
100.144
100.137
100.747
100.982
100.861
101.008
101.189
101.494
101.869
102.311
102.898
103.595
104.318
105.038
105.806
106.648
107.546
108.478
109.459
110.496
111.624
112.862
114.228
115.732
117.338
119.005
120.713
122.448
124.201
125.954
127.723
129.505
131.294
133.094
134.914
136.763
138.649
140.558
142.463
144.316
146.074
147.713
149.234
150.66
152.02
153.356
154.707
156.103
157.552
159.05
160.58
162.111
163.604
165.026
166.357
167.592
168.741
169.813
170.82
171.78
172.724
173.681
174.674
175.712
176.794
177.906
179.026
180.128
181.191
182.199
183.149
184.035
184.853
185.618
186.351
187.07
187.777
188.486
189.215
189.979
190.791
191.651
192.545
193.457
194.363
195.243
196.086
196.885
197.644
198.371
199.074
199.758
200.431
201.091
201.733
202.359
202.971
203.585
204.211
204.858
205.523
206.207
206.901
207.617
208.317
209.07
210.183
68.5126
89.4925
98.0605
99.9382
100.211
100.725
101.238
101.554
102.177
102.913
103.663
104.441
105.329
106.351
107.433
108.55
109.73
111.038
112.456
113.946
115.478
117.048
118.677
120.403
122.29
124.348
126.536
128.794
131.068
133.328
135.541
137.693
139.792
141.831
143.824
145.793
147.753
149.707
151.664
153.622
155.572
157.486
159.32
161.036
162.622
164.087
165.458
166.766
168.053
169.357
170.707
172.111
173.563
175.044
176.516
177.94
179.284
180.532
181.684
182.752
183.75
184.693
185.604
186.511
187.441
188.414
189.432
190.49
191.571
192.649
193.697
194.698
195.641
196.524
197.346
198.104
198.826
199.526
200.221
200.917
201.623
202.355
203.126
203.944
204.802
205.685
206.575
207.45
208.291
209.091
209.845
210.562
211.251
211.92
212.574
213.22
213.854
214.472
215.078
215.674
216.278
216.898
217.543
218.204
218.884
219.57
220.278
220.961
221.679
222.417
70.5492
95.2366
99.2144
100.638
100.959
101.926
103.091
104.072
105.304
106.727
108.128
109.499
110.927
112.496
114.179
115.959
117.879
119.93
122.107
124.37
126.67
128.983
131.299
133.689
136.185
138.78
141.449
144.132
146.76
149.291
151.698
153.982
156.148
158.223
160.23
162.195
164.139
166.072
167.997
169.912
171.801
173.634
175.371
176.983
178.469
179.846
181.141
182.383
183.609
184.854
186.145
187.49
188.883
190.3
191.703
193.048
194.308
195.471
196.54
197.53
198.458
199.344
200.21
201.085
201.994
202.95
203.951
204.985
206.031
207.064
208.056
208.994
209.871
210.689
211.45
212.157
212.837
213.515
214.193
214.886
215.601
216.343
217.126
217.948
218.799
219.664
220.526
221.364
222.163
222.918
223.628
224.304
224.956
225.591
226.215
226.834
227.443
228.039
228.626
229.206
229.801
230.415
231.055
231.708
232.38
233.051
233.745
234.402
235.154
234.941
75.8918
96.6529
100.815
102.218
103.463
105.472
107.607
109.489
111.372
113.477
115.714
117.953
120.241
122.69
125.284
128.003
130.817
133.775
136.833
139.893
142.873
145.73
148.503
151.239
154.011
156.837
159.677
162.46
165.122
167.636
169.987
172.186
174.26
176.23
178.126
179.983
181.831
183.681
185.529
187.36
189.155
190.882
192.503
194.001
195.381
196.667
197.885
199.059
200.22
201.403
202.631
203.913
205.241
206.59
207.918
209.183
210.359
211.44
212.431
213.348
214.213
215.046
215.872
216.719
217.607
218.545
219.525
220.532
221.54
222.522
223.456
224.329
225.14
225.894
226.596
227.255
227.893
228.552
229.225
229.918
230.647
231.409
232.196
233.014
233.848
234.686
235.511
236.305
237.057
237.766
238.43
239.063
239.677
240.278
240.872
241.462
242.044
242.616
243.184
243.747
244.331
244.935
245.567
246.205
246.861
247.511
248.183
248.803
249.553
248.079
81.0272
97.4712
103.17
105.639
108.904
112.34
115.567
118.765
122.105
125.536
128.934
132.263
135.604
139.012
142.479
145.973
149.546
153.129
156.663
160.074
163.301
166.323
169.174
171.936
174.68
177.43
180.158
182.812
185.34
187.71
189.915
191.964
193.886
195.711
197.471
199.204
200.944
202.699
204.457
206.196
207.889
209.503
211.006
212.388
213.666
214.865
216.009
217.118
218.218
219.337
220.497
221.707
222.959
224.229
225.474
226.655
227.747
228.747
229.662
230.51
231.312
232.091
232.872
233.682
234.54
235.449
236.396
237.362
238.318
239.241
240.108
240.91
241.651
242.336
242.973
243.577
244.176
244.806
245.483
246.178
246.906
247.682
248.458
249.251
250.053
250.852
251.631
252.373
253.071
253.729
254.345
254.932
255.506
256.07
256.628
257.185
257.736
258.282
258.828
259.374
259.943
260.528
261.142
261.757
262.384
263.004
263.644
264.219
264.926
261.982
87.4636
101.735
108.075
113.697
119.679
125.495
130.86
135.841
140.684
145.412
149.861
153.996
157.951
161.918
165.875
169.723
173.464
177.102
180.611
183.948
187.068
189.946
192.63
195.19
197.72
200.266
202.799
205.263
207.606
209.793
211.817
213.69
215.445
217.113
218.723
220.319
221.939
223.588
225.243
226.871
228.44
229.922
231.292
232.547
233.712
234.813
235.87
236.901
237.923
238.959
240.026
241.134
242.279
243.439
244.575
245.648
246.639
247.546
248.374
249.14
249.864
250.568
251.279
252.023
252.815
253.658
254.533
255.421
256.294
257.128
257.903
258.613
259.264
259.862
260.415
260.939
261.485
262.07
262.72
263.4
264.099
264.835
265.57
266.305
267.061
267.809
268.529
269.212
269.852
270.453
271.018
271.555
272.082
272.604
273.12
273.637
274.152
274.668
275.187
275.706
276.252
276.808
277.387
277.968
278.552
279.128
279.726
280.251
280.887
276.753
95.1984
110.083
120.59
130.589
140.329
149.319
156.624
162.678
168.206
173.437
178.285
182.73
186.879
190.806
194.521
198.06
201.513
204.844
208.024
211.051
213.897
216.525
218.959
221.264
223.539
225.829
228.109
230.33
232.444
234.408
236.209
237.86
239.398
240.861
242.278
243.694
245.149
246.641
248.131
249.58
250.958
252.244
253.421
254.497
255.496
256.445
257.363
258.261
259.151
260.046
260.957
261.892
262.853
263.826
264.778
265.679
266.511
267.274
267.971
268.608
269.206
269.782
270.36
270.967
271.618
272.311
273.032
273.761
274.474
275.151
275.775
276.34
276.852
277.316
277.741
278.139
278.587
279.065
279.607
280.183
280.788
281.391
282.024
282.69
283.386
284.072
284.73
285.344
285.928
286.469
286.978
287.461
287.935
288.412
288.877
289.348
289.817
290.294
290.784
291.263
291.77
292.285
292.815
293.342
293.873
294.392
294.928
295.403
295.961
291.795
108.42
129.538
145.786
162.265
176.84
187.728
195.779
202.107
207.353
212.094
216.391
220.191
223.581
226.692
229.59
232.44
235.248
237.973
240.585
243.102
245.481
247.661
249.651
251.497
253.302
255.123
256.937
258.701
260.373
261.902
263.277
264.515
265.66
266.747
267.801
268.863
269.966
271.097
272.211
273.273
274.265
275.174
275.997
276.745
277.437
278.094
278.731
279.356
279.975
280.592
281.209
281.83
282.461
283.098
283.722
284.312
284.86
285.362
285.819
286.232
286.612
286.97
287.324
287.694
288.092
288.517
288.961
289.409
289.848
290.262
290.64
290.98
291.283
291.553
291.795
292.02
292.317
292.589
292.913
293.257
293.633
294.037
294.521
295.144
295.78
296.41
297.016
297.579
298.104
298.61
299.066
299.504
299.929
300.365
300.781
301.208
301.642
302.078
302.533
302.97
303.434
303.906
304.39
304.855
305.338
305.802
306.282
306.706
307.201
305.341
130.68
164.42
195.797
222.391
238.809
248.18
253.802
257.595
260.432
263.105
265.611
267.834
269.763
271.445
272.982
274.505
276.02
277.483
278.874
280.212
281.462
282.58
283.571
284.457
285.305
286.149
286.979
287.776
288.517
289.175
289.745
290.243
290.696
291.126
291.541
291.961
292.396
292.836
293.26
293.651
294.008
294.327
294.612
294.866
295.1
295.319
295.532
295.742
295.949
296.153
296.352
296.545
296.738
296.931
297.12
297.299
297.465
297.618
297.756
297.878
297.987
298.087
298.182
298.28
298.386
298.5
298.621
298.743
298.862
298.975
299.078
299.169
299.249
299.318
299.379
299.434
299.538
299.615
299.676
299.767
299.868
300.058
300.453
301.047
301.665
302.264
302.827
303.386
303.877
304.36
304.802
305.207
305.615
306.009
306.398
306.801
307.227
307.643
308.08
308.477
308.915
309.371
309.826
310.266
310.721
311.157
311.59
311.991
312.468
312.805
313.367
313.419
314.043
320.37
330.425
328.239
325.901
325.067
330.184
330.076
338.491
350.255
359.728
368.872
375.625
380.426
383.861
383.889
381.012
377.106
371.918
369.115
362.849
360.79
356.067
350.639
345.324
341.74
338.209
334.244
331.278
329.226
327.223
324.796
322.337
320.381
319.147
318.259
317.081
315.892
314.907
314.227
313.825
313.34
312.781
312.273
311.837
311.576
311.256
310.866
310.41
310.06
309.791
309.81
309.895
309.818
309.684
309.442
309.088
308.916
308.947
309.031
309.149
309.134
308.952
308.501
307.758
306.809
305.893
305.233
304.897
304.787
304.596
304.296
303.769
302.961
301.853
300.827
299.947
299.845
311.013
311.232
312.714
321.698
337.597
340.788
339.301
338.028
343.123
342.586
350.415
361.621
370.612
378.755
384.034
387.145
388.815
387.283
382.852
377.912
372.108
368.724
361.854
359.307
354.078
348.117
342.399
338.552
334.789
330.554
327.374
325.19
323.096
320.573
318.012
315.973
314.682
313.762
312.557
311.329
310.316
309.623
309.223
308.741
308.177
307.667
307.235
306.987
306.687
306.304
305.849
305.498
305.239
305.275
305.382
305.324
305.2
304.964
304.609
304.437
304.486
304.588
304.726
304.722
304.543
304.077
303.301
302.301
301.33
300.629
300.273
300.16
299.966
299.656
299.105
298.249
297.07
295.96
294.932
294.493
303.353
303.804
306.563
319.483
340.749
349.046
348.692
347.306
352.412
351.469
358.886
369.743
378.189
385.419
389.44
391.085
391.243
388.533
383.158
377.346
370.818
366.58
358.71
355.218
349.14
342.345
335.997
331.679
327.525
322.861
319.316
316.882
314.623
311.956
309.235
307.034
305.596
304.576
303.307
302.011
300.936
300.187
299.741
299.232
298.639
298.106
297.664
297.415
297.13
296.747
296.296
295.931
295.671
295.71
295.832
295.799
295.697
295.48
295.138
294.964
295.027
295.146
295.305
295.324
295.159
294.698
293.901
292.854
291.814
291.04
290.623
290.474
290.26
289.933
289.358
288.456
287.199
285.975
284.808
283.967
289.998
290.569
294.121
311.046
340.397
353.523
355.062
353.981
359.169
358.312
365.079
375.352
383.163
389.489
392.376
392.901
391.896
388.372
382.183
375.122
367.394
361.901
352.941
348.392
341.483
333.951
327.095
322.343
317.821
312.792
308.909
306.217
303.79
301.007
298.155
295.785
294.147
292.958
291.587
290.209
289.049
288.199
287.647
287.056
286.395
285.806
285.321
285.032
284.731
284.325
283.865
283.467
283.181
283.184
283.278
283.25
283.162
282.966
282.648
282.467
282.524
282.637
282.797
282.829
282.685
282.255
281.483
280.441
279.369
278.531
278.028
277.798
277.536
277.182
276.594
275.678
274.397
273.095
271.848
270.687
273.526
274.053
277.444
295.375
334.614
355.096
358.936
358.89
364.308
363.548
369.767
379.454
386.561
391.934
393.77
393.424
391.311
386.889
379.423
370.547
361.337
354.649
344.862
339.407
331.891
323.877
316.763
311.76
307.032
301.823
297.75
294.899
292.381
289.571
286.686
284.226
282.428
281.077
279.611
278.169
276.942
276.004
275.341
274.657
273.916
273.26
272.721
272.373
272.033
271.588
271.109
270.667
270.345
270.281
270.317
270.267
270.171
269.981
269.683
269.496
269.531
269.621
269.758
269.786
269.655
269.261
268.54
267.545
266.491
265.624
265.048
264.724
264.396
264.001
263.402
262.494
261.228
259.901
258.623
257.261
256.768
257.202
259.967
275.774
319.756
353.368
360.644
362.333
368.341
367.423
373.461
382.577
388.809
393.167
394.09
392.857
389.213
383.268
374.009
363.184
352.516
344.748
334.418
328.299
320.449
312.218
305.111
300.097
295.379
290.218
286.139
283.271
280.782
278.067
275.277
272.846
270.987
269.544
268.038
266.587
265.345
264.367
263.634
262.884
262.087
261.383
260.804
260.409
260.035
259.559
259.065
258.587
258.236
258.102
258.073
257.988
257.87
257.676
257.391
257.205
257.217
257.281
257.385
257.397
257.271
256.906
256.242
255.316
254.316
253.462
252.844
252.442
252.05
251.613
250.999
250.106
248.876
247.565
246.285
244.811
240.899
241.259
243.39
256.034
296.758
344.673
360.54
364.261
371.354
370.299
376.386
384.851
390.033
393.434
393.311
390.69
384.72
376.479
365.236
352.463
340.443
331.758
321.208
314.709
306.83
298.658
291.821
287.047
282.581
277.709
273.818
271.081
268.748
266.261
263.701
261.425
259.619
258.176
256.709
255.324
254.133
253.181
252.437
251.672
250.866
250.152
249.568
249.156
248.773
248.295
247.806
247.317
246.955
246.775
246.692
246.573
246.439
246.239
245.972
245.796
245.793
245.838
245.915
245.91
245.785
245.446
244.839
243.992
243.068
242.258
241.635
241.184
240.745
240.276
239.651
238.778
237.595
236.323
235.065
233.541
226.086
226.392
228.039
237.784
271.264
325.813
356.535
364.773
373.193
372.23
378.52
386.24
390.339
392.64
390.748
385.575
376.264
365.101
351.721
337.148
324.166
314.764
304.533
297.998
290.493
282.722
276.459
272.189
268.237
263.912
260.409
257.951
255.904
253.781
251.588
249.591
247.953
246.604
245.267
244.031
242.963
242.103
241.412
240.693
239.934
239.261
238.711
238.324
237.966
237.528
237.071
236.608
236.261
236.065
235.953
235.818
235.681
235.485
235.247
235.098
235.095
235.133
235.198
235.184
235.062
234.753
234.206
233.448
232.616
231.874
231.276
230.809
230.348
229.865
229.24
228.396
227.271
226.057
224.845
223.319
212.217
212.485
213.745
221.033
247.514
298.288
343.996
362.501
373.809
373.084
379.775
386.758
389.676
389.863
384.682
375.252
361.599
346.984
331.553
315.559
302.403
292.614
283.498
277.334
270.749
263.981
258.686
255.197
252.023
248.502
245.591
243.558
241.922
240.297
238.603
237.008
235.647
234.488
233.374
232.37
231.497
230.797
230.223
229.611
228.961
228.382
227.914
227.592
227.299
226.947
226.559
226.164
225.863
225.685
225.573
225.451
225.331
225.156
224.969
224.866
224.88
224.929
225
224.989
224.882
224.612
224.137
223.479
222.758
222.104
221.557
221.105
220.648
220.171
219.564
218.764
217.712
216.575
215.432
213.949
199.119
199.365
200.303
205.474
226.454
268.361
320.147
353.833
372.167
372.875
380.237
386.326
387.036
383.054
372.31
357.082
338.624
320.592
303.741
287.043
274.725
265.058
257.797
252.416
247.249
242.156
238.366
235.972
233.789
231.293
229.176
227.707
226.596
225.585
224.509
223.427
222.441
221.557
220.761
220.065
219.459
218.99
218.589
218.142
217.665
217.237
216.897
216.684
216.498
216.274
215.995
215.714
215.495
215.371
215.291
215.219
215.133
215.006
214.899
214.863
214.914
214.995
215.091
215.102
215.025
214.811
214.423
213.885
213.293
212.748
212.275
211.863
211.437
210.99
210.421
209.684
208.726
207.688
206.638
205.239
186.623
186.86
187.543
191.117
207.346
239.945
288.759
334.113
364.793
371.017
379.496
383.778
380.213
369.229
350.957
329.318
306.838
286.419
269.44
253.106
242.686
233.802
228.859
224.546
220.967
217.783
215.861
214.743
213.627
212.373
211.222
210.422
209.917
209.586
209.218
208.731
208.197
207.661
207.26
206.937
206.672
206.491
206.313
206.086
205.839
205.615
205.452
205.384
205.346
205.29
205.161
205.038
204.947
204.908
204.891
204.906
204.877
204.829
204.836
204.884
205.001
205.135
205.268
205.33
205.3
205.161
204.882
204.485
204.047
203.633
203.256
202.906
202.535
202.142
201.635
200.982
200.143
199.23
198.297
197.022
174.58
174.821
175.317
177.692
189.36
214.909
256.605
303.274
346.912
365.265
375.305
376.388
366.285
345.787
319.745
292.787
268.533
247.84
232.341
217.636
209.903
202.597
199.919
196.825
194.652
193.167
192.697
192.541
192.299
192.235
192.141
192.088
192.203
192.554
192.895
193.032
192.973
192.834
192.88
192.954
193.09
193.25
193.326
193.355
193.384
193.405
193.463
193.573
193.717
193.848
193.916
193.992
194.066
194.148
194.224
194.352
194.408
194.477
194.618
194.781
194.987
195.19
195.382
195.514
195.559
195.513
195.364
195.135
194.877
194.618
194.353
194.086
193.793
193.475
193.054
192.51
191.817
191.055
190.265
189.158
162.856
163.103
163.483
164.976
172.35
193.233
226.454
267.897
316.134
351.255
363.757
361.026
342.6
312.436
280.924
251.592
228.698
210.135
197.477
185.405
180.528
175.223
174.172
172.195
170.97
170.797
171.197
171.546
171.864
172.6
173.188
173.669
174.3
175.164
176.103
176.816
177.218
177.452
177.886
178.383
178.935
179.435
179.771
180.073
180.38
180.673
180.97
181.286
181.619
181.948
182.253
182.548
182.81
183.037
183.239
183.484
183.658
183.874
184.173
184.473
184.778
185.068
185.34
185.554
185.693
185.762
185.756
185.72
185.668
185.589
185.455
185.29
185.095
184.872
184.554
184.14
183.621
183.039
182.42
181.522
151.336
151.57
151.9
152.809
157.142
173.863
199.332
233.956
277.427
325.069
341.234
335.299
309.216
272.384
239.397
211.453
192.436
177.624
168.427
159.731
157.465
154.441
154.494
153.46
152.881
153.176
153.707
153.947
154.297
155.204
156.228
157.029
157.858
158.928
160.177
161.194
161.87
162.402
163.086
163.959
164.838
165.594
166.153
166.68
167.239
167.779
168.298
168.796
169.298
169.821
170.358
170.869
171.32
171.696
172.029
172.386
172.708
173.082
173.544
173.99
174.401
174.782
175.142
175.447
175.69
175.883
176.043
176.21
176.379
176.49
176.497
176.442
176.357
176.242
176.047
175.785
175.463
175.086
174.661
174.013
139.913
140.12
140.437
141.004
143.433
154.302
174.788
203.689
238.916
289.084
308.142
299.969
269.774
230.984
200.306
176.88
163.201
152.253
146.48
140.906
140.487
139.347
140.153
139.729
139.6
140.399
141.219
141.488
141.809
142.675
143.372
144.125
144.853
145.699
146.944
148.025
148.707
149.256
150.049
151.04
152.008
152.842
153.501
154.148
154.843
155.535
156.189
156.803
157.412
158.064
158.759
159.433
160.027
160.536
160.977
161.423
161.86
162.374
162.977
163.553
164.053
164.515
164.951
165.331
165.646
165.948
166.262
166.63
167.015
167.327
167.495
167.545
167.574
167.566
167.485
167.373
167.266
167.12
166.91
166.548
128.496
128.695
128.99
129.402
130.652
136.137
153.782
175.913
203.949
250.281
269.994
259.432
228.988
193.468
167.928
149.145
140.449
133.583
130.83
128.456
129.055
129.371
131.064
131.122
131.107
131.863
133.073
133.549
133.727
134.466
135.539
136.017
136.355
136.957
137.858
138.681
139.212
139.631
140.248
141.114
141.972
142.7
143.25
143.846
144.518
145.185
145.827
146.406
146.984
147.656
148.401
149.126
149.755
150.288
150.757
151.235
151.744
152.335
153.007
153.656
154.208
154.697
155.164
155.58
155.951
156.313
156.742
157.266
157.815
158.261
158.563
158.675
158.78
158.874
158.906
158.957
159.051
159.127
159.137
159.083
117.079
117.315
117.561
117.921
118.571
121.201
132.199
151.194
173.617
213.51
231.373
218.513
191.404
163.421
144.148
130.244
122.976
118.227
117.684
117.906
119.363
120.73
123.407
123.993
124.718
126.358
127.931
129.141
129.348
129.816
130.616
131.315
131.38
131.837
132.697
133.368
133.636
133.849
134.23
134.854
135.464
136.019
136.367
136.769
137.256
137.777
138.278
138.719
139.157
139.696
140.314
140.959
141.524
142
142.391
142.778
143.236
143.808
144.45
145.063
145.577
146.025
146.429
146.77
147.057
147.411
147.856
148.447
149.081
149.634
149.982
150.14
150.27
150.374
150.416
150.564
150.851
151.144
151.37
151.613
105.874
106.158
106.369
106.677
107.095
108.238
112.917
126.854
147.774
180.622
191.968
180.429
160.846
142.292
128.894
118.969
112.756
108.866
108.305
109.676
111.956
114.081
117.215
118.5
120.14
122.566
124.209
125.604
126.345
127.415
128.201
128.518
128.766
129.276
129.932
130.571
130.71
130.755
131.017
131.5
131.961
132.364
132.54
132.777
133.084
133.414
133.752
133.983
134.245
134.617
135.072
135.545
135.948
136.268
136.498
136.753
137.098
137.536
138.048
138.549
138.957
139.247
139.508
139.728
139.924
140.137
140.503
141
141.523
141.955
142.225
142.238
142.312
142.391
142.455
142.648
142.975
143.364
143.756
144.239
95.356
95.635
95.8695
96.0948
96.423
96.9504
98.9334
105.637
123.341
152.793
158.561
150.673
138.737
128.235
119.506
112.468
107.816
104.878
102.855
102.985
104.137
106.964
110.665
113.414
117.202
120.029
121.626
123.293
124.511
125.857
126.584
126.754
127.213
128.148
128.779
129.119
129.102
129.219
129.531
129.884
130.291
130.563
130.648
130.771
130.964
131.184
131.399
131.519
131.63
131.834
132.152
132.488
132.778
132.939
132.964
133.049
133.275
133.595
133.956
134.295
134.574
134.693
134.73
134.712
134.688
134.738
134.91
135.239
135.605
135.892
135.904
135.837
135.672
135.446
135.219
135.363
135.721
136.124
136.538
137.116
86.2382
86.4711
86.6942
86.8755
87.0991
87.5066
88.8073
93.6795
106.162
122.638
134.945
133.533
129.366
123.331
116.246
110.228
106.215
102.918
101.852
101.676
101.205
101.573
103.647
107.948
114.418
116.999
119.453
121.672
123.383
125.035
125.434
125.813
126.653
127.704
128.176
128.2
128.233
128.554
129.028
129.324
129.549
129.625
129.747
129.895
130.027
130.14
130.238
130.254
130.332
130.469
130.706
130.923
131.12
131.178
131.104
131.113
131.213
131.42
131.66
131.899
132.046
132.021
131.937
131.774
131.568
131.367
131.398
131.475
131.55
131.527
131.343
130.934
130.6
130.188
129.786
129.576
129.624
129.832
130.176
130.644
79.2841
79.435
79.5875
79.7519
80.0644
81.1116
83.6145
90.4522
99.1504
104.295
112.418
114.64
117.236
117.006
115.805
113.185
109.763
106.856
104.497
102.366
100.824
100.91
101.284
102.333
105.661
110.11
115.9
119.8
122.435
124.218
124.497
125.441
126.808
127.607
127.652
127.626
127.903
128.487
128.945
129.145
129.127
129.164
129.326
129.584
129.733
129.761
129.747
129.717
129.78
129.922
130.088
130.241
130.335
130.287
130.136
130.099
130.161
130.305
130.462
130.629
130.706
130.594
130.31
129.901
129.505
129.19
129.104
129.13
129.105
128.957
128.574
128.009
127.153
126.276
125.535
125.182
125.043
124.882
124.966
125.135
74.6888
74.7856
74.9479
75.3595
76.3567
78.8921
84.7534
91.5656
96.9871
98.3058
100.345
103.638
108.195
109.725
110.399
110.702
110.54
110.03
108.639
106.708
104.539
102.989
102.071
102.143
102.586
103.898
107.76
112.958
118.296
122.143
123.719
125.72
127.035
127.272
127.1
127.452
128.137
128.762
129.034
128.987
128.854
129.003
129.273
129.506
129.599
129.566
129.459
129.494
129.63
129.828
129.887
129.954
129.938
129.818
129.67
129.634
129.673
129.77
129.887
129.998
129.965
129.84
129.447
128.848
128.305
127.938
127.819
127.703
127.556
127.268
126.698
125.91
125.223
124.124
123.172
122.151
121.681
121.391
121.284
120.994
72.0399
72.2549
72.7241
73.7936
76.4875
82.0081
89.7121
94.3484
97.7915
97.6795
97.3125
97.5925
99.0486
101.69
105.088
107.364
109.116
109.099
108.945
108.603
108.022
106.995
105.584
104.315
103.491
103.587
104.068
105.6
109.808
115.646
120.936
125.5
125.815
126.338
126.595
127.225
128.459
128.926
128.882
128.665
128.775
129.024
129.403
129.522
129.513
129.356
129.336
129.447
129.682
129.86
129.859
129.822
129.647
129.437
129.439
129.473
129.544
129.576
129.622
129.641
129.527
129.12
128.457
127.778
127.33
127.066
126.938
126.849
126.641
126.247
125.6
124.682
123.17
121.879
120.994
120.088
119.456
118.945
118.68
118.087
70.8903
71.436
72.741
75.9959
81.8724
89.1508
95.1684
96.0248
96.4694
96.6683
96.9685
97.361
97.7387
98.2598
99.3166
101.146
103.659
105.839
107.31
108.268
108.261
108.144
107.878
107.42
106.597
105.584
104.749
104.852
105.425
107.28
112.265
118.325
122.456
124.916
126.082
127.676
128.433
128.563
128.34
128.468
128.762
129.285
129.473
129.462
129.311
129.22
129.317
129.621
129.818
129.869
129.835
129.663
129.376
129.33
129.377
129.482
129.56
129.543
129.513
129.368
128.969
128.379
127.82
127.312
126.923
126.638
126.415
126.102
125.637
124.975
124.064
122.938
121.667
120.637
119.701
118.953
118.374
117.793
117.105
116.113
71.0804
72.9493
77.2633
84.1717
90.4424
93.9113
94.9601
96.2611
97.1363
97.5071
97.7317
97.823
97.8469
97.8468
97.9508
98.2526
98.846
100.025
101.886
104.113
105.961
107.036
107.687
107.628
107.478
107.203
106.717
106.182
105.772
105.942
106.716
109.217
114.804
120.521
124.472
127.389
127.501
127.324
127.488
128.049
128.996
129.342
129.346
129.201
129.011
129.117
129.499
129.83
129.879
129.864
129.707
129.414
129.244
129.287
129.43
129.573
129.605
129.562
129.391
128.992
128.388
127.736
127.267
126.917
126.573
126.229
125.852
125.416
124.823
124.017
122.984
121.804
120.602
119.363
118.338
117.619
117.058
116.416
115.927
114.898
74.7644
80.8737
87.0769
91.1169
94.0649
96.2435
97.255
97.4642
97.5668
97.6797
97.7405
97.8099
97.9374
98.0675
98.1965
98.2865
98.3834
98.5454
98.8268
99.3847
100.466
101.946
103.612
105.071
106.014
106.648
106.725
106.664
106.515
106.302
106.37
106.748
107.993
111.213
116.538
121.165
123.834
125.546
126.716
128.376
128.882
129.041
128.822
128.605
128.748
129.249
129.747
129.87
129.862
129.694
129.369
129.261
129.285
129.416
129.588
129.691
129.658
129.49
129.072
128.419
127.808
127.338
126.994
126.73
126.428
126.042
125.52
124.83
123.939
122.932
121.903
120.849
119.821
118.851
117.887
117.088
116.412
115.677
115.422
114.55
84.707
89.288
93.22
96.2016
96.9734
97.117
97.1163
97.2687
97.6184
98.0282
98.2192
98.2975
98.3585
98.4051
98.4405
98.4752
98.5247
98.5505
98.5841
98.6572
98.7956
99.0193
99.4194
100.186
101.311
102.719
104.023
104.977
105.583
105.884
106.015
106.155
106.461
107.212
108.959
112.354
117.409
122.818
125.901
127.92
127.995
127.79
127.598
127.974
128.81
129.573
129.778
129.81
129.584
129.241
129.1
129.192
129.451
129.699
129.824
129.794
129.608
129.158
128.502
127.817
127.291
126.977
126.797
126.611
126.306
125.796
125.008
123.966
122.766
121.625
120.617
119.755
119.047
118.357
117.621
116.875
116.085
115.548
114.804
113.414
93.3609
95.4183
96.0854
96.3523
96.8611
97.5345
97.8765
98.0342
98.2145
98.4224
98.5277
98.5679
98.5927
98.6086
98.6194
98.6264
98.6484
98.6649
98.6788
98.6965
98.7039
98.7175
98.7572
98.8412
99
99.2919
99.8255
100.644
101.656
102.727
103.646
104.35
104.867
105.338
105.961
106.977
109.144
113.121
118.034
122.177
124.35
125.618
126.838
128.45
129.286
129.621
129.692
129.339
128.95
129.048
129.22
129.565
129.878
130.054
130.006
129.761
129.213
128.488
127.944
127.597
127.278
126.993
126.706
126.368
125.861
125.086
123.996
122.807
121.641
120.62
119.8
119.095
118.548
118.018
117.417
116.687
115.917
114.94
114.043
112.59
95.3743
96.7985
97.8899
98.0945
98.1524
98.2042
98.2572
98.3679
98.5274
98.6763
98.7367
98.746
98.7463
98.7426
98.7377
98.7413
98.7585
98.7766
98.7788
98.7739
98.7625
98.7508
98.7454
98.7496
98.7661
98.8095
98.8838
98.9985
99.1743
99.4599
99.9193
100.559
101.304
102.028
102.712
103.417
104.291
105.684
108.473
112.712
118.01
123.321
126.745
128.629
129.361
129.303
128.818
128.209
128.461
128.992
129.862
130.257
130.38
130.293
129.944
129.23
128.467
127.879
127.451
127.359
127.255
127.05
126.67
126.045
125.107
123.928
122.583
121.325
120.261
119.433
118.878
118.578
118.265
117.833
117.264
116.468
115.532
114.409
113.333
111.79
97.7152
97.9065
98.15
98.4267
98.5684
98.6264
98.6336
98.6516
98.7119
98.806
98.8463
98.851
98.8492
98.844
98.8334
98.8275
98.8289
98.8365
98.8417
98.8405
98.8331
98.817
98.7964
98.7895
98.7942
98.8009
98.8143
98.8336
98.8628
98.9102
98.9781
99.0766
99.2222
99.4336
99.7226
100.077
100.495
101.013
101.778
103.08
106.014
110.794
116.522
121.29
124.188
126.395
126.993
128.19
129.354
130.228
130.589
130.729
130.576
130.017
129.155
128.421
128.182
127.999
127.759
127.504
127.191
126.715
125.95
124.874
123.566
122.372
121.382
120.495
119.725
119.043
118.461
118.047
117.687
117.231
116.616
115.822
114.893
113.858
112.787
111.246
98.2617
98.5986
98.7504
98.7935
98.7904
98.7954
98.8148
98.8209
98.839
98.876
98.8995
98.903
98.9027
98.8975
98.8896
98.8808
98.8775
98.8758
98.8751
98.8743
98.8707
98.8655
98.8654
98.8662
98.8658
98.8672
98.8702
98.8772
98.8851
98.8929
98.9038
98.9208
98.9503
98.9986
99.0641
99.1454
99.2451
99.37
99.5375
99.7917
100.253
101.184
103.462
107.481
113.315
119.496
124.467
128.881
130.116
130.888
130.742
130.337
129.49
128.535
127.822
127.824
127.909
128.039
127.942
127.627
126.971
125.916
124.479
123.01
121.669
120.564
119.895
119.499
119.245
118.887
118.422
117.788
117.08
116.324
115.558
114.759
113.906
113.013
112.187
110.913
98.6928
98.7678
98.8788
98.9142
98.9237
98.922
98.91
98.894
98.8906
98.9
98.9198
98.9334
98.9346
98.932
98.9236
98.9101
98.9001
98.9007
98.9038
98.91
98.9156
98.9166
98.913
98.9075
98.909
98.9157
98.9295
98.9446
98.9564
98.9646
98.9693
98.9781
98.992
99.0092
99.0282
99.0525
99.0831
99.1183
99.1639
99.2239
99.3054
99.4309
99.6625
100.147
101.353
104.158
109.594
115.839
120.718
124.704
126.403
127.443
127.653
127.903
128.279
128.294
128.188
127.947
127.426
126.416
125.006
123.54
122.446
121.561
120.918
120.232
119.613
119.027
118.575
118.134
117.557
116.832
115.968
115.127
114.351
113.71
113.075
112.384
111.734
110.646
98.8379
98.8738
98.9286
98.959
98.9645
98.9641
98.9574
98.9406
98.9243
98.9207
98.9244
98.9365
98.9412
98.9388
98.9318
98.9239
98.9219
98.9201
98.9218
98.9281
98.9387
98.9487
98.9554
98.9609
98.9694
98.9829
98.9975
99.0121
99.0271
99.0394
99.0495
99.0612
99.0763
99.0947
99.1138
99.1319
99.1478
99.1638
99.1809
99.2018
99.2304
99.264
99.3051
99.3573
99.4514
99.6599
100.241
101.589
104.873
109.808
115.62
120.77
124.628
127.553
128.832
128.662
128.026
126.871
125.145
123.233
121.666
120.599
120.183
119.979
119.997
119.829
119.442
118.823
118.012
117.099
116.15
115.203
114.344
113.632
113.125
112.811
112.454
111.993
111.479
110.494
98.9506
98.9484
98.9336
98.9213
98.9213
98.9318
98.9379
98.9387
98.9417
98.9469
98.9555
98.9704
98.9733
98.9705
98.9642
98.9544
98.9461
98.9453
98.9484
98.957
98.9715
98.9898
99.0089
99.0269
99.0442
99.0618
99.0799
99.0986
99.1183
99.1353
99.1479
99.1598
99.174
99.1906
99.2088
99.226
99.2427
99.2616
99.2829
99.3027
99.3207
99.3219
99.3128
99.2938
99.2538
99.2049
99.1204
99.0579
99.0993
99.4249
100.624
103.54
108.338
113.52
117.418
120.487
121.32
121.494
121.336
121.085
120.724
120.301
119.854
119.306
118.766
118.189
117.491
116.708
115.962
115.26
114.637
113.958
113.337
112.741
112.242
111.786
111.445
111.191
110.819
109.984
98.9547
98.9637
98.9755
98.9794
98.979
98.9773
98.9804
98.9858
98.9928
99.0052
99.024
99.0331
99.0318
99.0276
99.02
99.0113
99.0088
99.0106
99.0182
99.0326
99.0502
99.0688
99.0877
99.107
99.1268
99.1454
99.1644
99.186
99.21
99.2307
99.247
99.2603
99.2723
99.2847
99.2986
99.3154
99.3338
99.3538
99.374
99.3797
99.3699
99.348
99.3066
99.2405
99.1245
98.9554
98.6879
98.3308
97.8587
97.3029
96.7594
96.1313
96.3071
97.3179
100.145
104.629
109.728
114.207
117.466
119.869
120.64
120.427
119.807
118.762
117.345
115.751
114.516
113.695
113.304
113.186
113.193
113.039
112.793
112.478
111.995
111.34
110.741
110.181
109.859
109.223
99.0628
99.1099
99.1486
99.1625
99.1611
99.1427
99.1123
99.0975
99.0978
99.1062
99.1265
99.1402
99.1414
99.1378
99.1313
99.132
99.1335
99.1371
99.1451
99.1571
99.1702
99.1836
99.1981
99.2141
99.2339
99.2577
99.2794
99.2996
99.3179
99.3336
99.3497
99.3668
99.3798
99.3892
99.3958
99.4035
99.4139
99.4278
99.4253
99.4086
99.375
99.3173
99.2216
99.0715
98.8449
98.5064
98.0574
97.4433
96.7003
95.806
94.8815
93.8242
92.9672
92.1567
91.6567
91.9653
93.6878
97.3045
102.808
107.934
112.573
114.777
114.651
114.829
114.702
114.277
113.738
113.255
112.746
112.235
111.711
111.579
111.356
111.013
110.559
110.035
109.56
109.006
108.699
108.22
99.3122
99.3095
99.302
99.2831
99.2526
99.2302
99.2224
99.2243
99.2319
99.2454
99.2625
99.2731
99.2743
99.2712
99.2632
99.2628
99.2665
99.2732
99.2833
99.2952
99.3062
99.3161
99.3266
99.3395
99.3563
99.3772
99.3993
99.4175
99.4327
99.4474
99.465
99.4864
99.4991
99.5057
99.504
99.501
99.4973
99.4844
99.4551
99.4031
99.3197
99.1792
98.9733
98.6588
98.2282
97.6413
96.9409
96.0352
95.1031
94.0673
93.0194
91.941
90.9566
89.9475
89.0371
88.3214
87.678
87.8693
88.9036
91.8881
97.2133
103.562
107.814
111.67
113.242
113.967
113.856
113.493
112.925
112.056
111.002
110.001
109.192
109.085
109.029
108.909
108.698
108.379
107.958
107.357
99.4239
99.4021
99.384
99.3758
99.3638
99.36
99.3657
99.3822
99.4067
99.434
99.4541
99.4568
99.4541
99.4491
99.4467
99.4457
99.4456
99.4451
99.444
99.4447
99.4487
99.457
99.4686
99.4816
99.496
99.5124
99.5298
99.5443
99.5554
99.5675
99.584
99.6059
99.6198
99.6191
99.6103
99.5923
99.5596
99.5083
99.4303
99.3069
99.1175
98.8253
98.4373
97.8524
97.1561
96.3148
95.3201
94.2549
93.2145
92.1473
91.0085
90.0306
89.0581
88.1279
87.1597
86.3892
85.5701
84.9681
84.3972
84.5547
85.3495
87.8613
93.5829
100.062
105.219
108.562
110.776
110.748
110.353
110.158
109.896
109.407
108.824
108.384
107.876
107.851
107.811
107.667
107.358
106.791
99.5095
99.5091
99.5089
99.5087
99.5231
99.5521
99.5695
99.5716
99.574
99.5762
99.5726
99.5686
99.5699
99.5804
99.5924
99.5961
99.5962
99.5946
99.5944
99.5957
99.6021
99.6169
99.6387
99.6539
99.6623
99.6682
99.6743
99.6825
99.6935
99.7043
99.7186
99.7296
99.7299
99.7239
99.7004
99.6494
99.571
99.4517
99.2733
99.0035
98.5986
98.0857
97.3889
96.4917
95.5808
94.5143
93.2902
92.2709
91.1941
90.0708
88.9961
88.1649
87.1877
86.2878
85.4538
84.7703
83.976
83.2894
82.6626
82.1879
81.785
81.9584
82.8535
85.2857
90.772
97.9064
104.757
106.957
108.375
109.361
109.322
109.159
108.847
108.338
107.754
107.222
106.708
106.582
106.529
106.283
99.6149
99.6217
99.6376
99.6638
99.6818
99.6838
99.682
99.6779
99.6731
99.674
99.676
99.6805
99.6995
99.7242
99.7343
99.7366
99.7371
99.7389
99.7451
99.7553
99.7672
99.7771
99.7845
99.7925
99.8062
99.8231
99.836
99.8498
99.8653
99.8706
99.8728
99.8667
99.8419
99.7914
99.7294
99.6359
99.4663
99.1983
98.8172
98.2651
97.5785
96.792
95.6981
94.6575
93.6016
92.3237
91.1546
90.2207
89.0893
87.9776
87.1418
86.3381
85.3298
84.5765
83.9157
83.1883
82.5012
81.9129
81.3544
80.811
80.343
79.9705
79.7507
79.9342
80.9239
83.9409
89.6888
96.8205
104.036
106.538
107.096
107.542
107.502
107.115
106.747
106.247
105.926
105.717
105.794
105.806
99.7241
99.7361
99.7501
99.7631
99.7742
99.7809
99.7837
99.7836
99.7822
99.7826
99.79
99.8046
99.8157
99.825
99.8319
99.8332
99.8345
99.8383
99.8471
99.8596
99.8703
99.8835
99.8987
99.9129
99.9288
99.948
99.963
99.9692
99.9667
99.9572
99.935
99.9001
99.8484
99.7534
99.5836
99.312
98.9164
98.4309
97.7546
96.8831
95.9882
94.8563
93.5453
92.5482
91.325
90.0079
89.0792
88.124
86.9613
86.0867
85.3792
84.5042
83.6436
83.0628
82.4319
81.7191
81.1901
80.6677
80.1949
79.661
79.2712
78.8614
78.534
78.1416
78.1771
78.4874
79.6598
83.3952
89.9263
96.7018
102.786
106.695
107.191
107.149
106.714
106.24
105.958
105.644
105.482
105.355
99.8166
99.8307
99.8443
99.8552
99.864
99.8717
99.8794
99.8874
99.8948
99.9024
99.9124
99.9212
99.9244
99.9243
99.924
99.9271
99.9334
99.9409
99.948
99.9566
99.966
99.9725
99.9786
99.9865
99.9981
100.011
100.028
100.031
100.023
100.002
99.9502
99.8528
99.6813
99.4273
99.077
98.5634
97.9236
97.143
96.0345
94.9562
93.8479
92.4043
91.2391
90.2526
88.8914
87.8102
87.0408
85.9924
85.0011
84.3422
83.6609
82.7574
82.1784
81.6564
81.0554
80.4153
80.0323
79.5438
79.1373
78.6664
78.3706
77.9846
77.6567
77.3669
77.1191
76.9249
77.0026
77.4895
79.0117
83.6019
91.1227
97.8725
102.864
106.331
106.893
106.821
106.534
106.002
105.592
105.209
99.9143
99.9296
99.9425
99.9527
99.9606
99.968
99.9755
99.9818
99.9874
99.9935
99.9988
100.003
100.007
100.01
100.012
100.015
100.025
100.039
100.043
100.044
100.044
100.045
100.048
100.053
100.06
100.056
100.043
100.017
99.966
99.8741
99.7275
99.4963
99.1407
98.6783
98.0116
97.1245
96.1946
94.9745
93.619
92.5346
91.2026
89.785
88.8808
87.8118
86.5331
85.7571
85.0377
83.957
83.2658
82.7154
82.0216
81.2643
80.8823
80.3737
79.8049
79.3321
79.0094
78.5765
78.1776
77.8562
77.5783
77.2603
76.951
76.7535
76.4805
76.2945
76.0924
76.1001
76.2769
77.0186
79.0956
84.9082
93.5346
100.367
103.349
105.585
106.273
106.318
106.192
105.749
100.012
100.024
100.039
100.049
100.053
100.056
100.06
100.066
100.074
100.086
100.092
100.093
100.094
100.094
100.094
100.095
100.1
100.105
100.107
100.107
100.106
100.106
100.106
100.103
100.09
100.066
100.02
99.9417
99.8035
99.5849
99.2654
98.7644
98.1
97.2838
96.1273
94.9391
93.7404
92.1788
90.9555
89.8587
88.4204
87.3378
86.5593
85.4076
84.4371
83.8498
83.1131
82.2042
81.7394
81.2299
80.5299
80.0556
79.7177
79.2133
78.7472
78.4423
78.0818
77.723
77.4103
77.1833
76.9102
76.6674
76.4656
76.289
76.0931
75.9
75.778
75.6448
75.6209
75.6873
76.0037
77.1542
80.3153
87.6613
96.9046
102.476
104.03
105.049
105.509
105.672
100.096
100.105
100.118
100.131
100.136
100.14
100.145
100.152
100.16
100.173
100.182
100.183
100.181
100.178
100.174
100.172
100.17
100.169
100.166
100.163
100.158
100.154
100.144
100.12
100.075
99.9923
99.855
99.6362
99.2843
98.8064
98.1301
97.1708
96.1556
94.8677
93.3539
92.138
90.737
89.2167
88.2281
87.109
85.8443
85.1052
84.3372
83.2421
82.6139
82.123
81.3707
80.7577
80.389
79.8783
79.3125
79.0201
78.6779
78.2145
77.9026
77.6598
77.3137
77.0174
76.8125
76.6199
76.4026
76.1916
76.0432
75.8943
75.7636
75.6208
75.5146
75.4163
75.3472
75.2814
75.303
75.4541
76.0012
77.8648
82.8072
91.2069
99.4844
104.251
104.781
105.021
100.162
100.17
100.179
100.189
100.199
100.207
100.217
100.227
100.238
100.247
100.253
100.254
100.251
100.246
100.24
100.236
100.232
100.227
100.217
100.205
100.19
100.165
100.119
100.041
99.9069
99.678
99.3466
98.8389
98.0993
97.2092
95.9877
94.6343
93.311
91.6191
90.26
89.1415
87.6092
86.4112
85.621
84.5711
83.6543
83.0679
82.2626
81.4663
81.0837
80.6117
79.9117
79.5263
79.2123
78.7359
78.3683
78.118
77.7531
77.4105
77.2121
76.9792
76.7066
76.4985
76.3319
76.1607
76.0105
75.8859
75.774
75.679
75.5761
75.4681
75.3574
75.291
75.2262
75.1705
75.1109
75.1179
75.1859
75.4518
76.3385
79.3661
86.1062
94.8259
102.141
104.983
100.211
100.218
100.226
100.235
100.245
100.254
100.265
100.282
100.296
100.298
100.299
100.3
100.3
100.296
100.292
100.286
100.278
100.269
100.251
100.216
100.163
100.075
99.9318
99.7073
99.3315
98.8052
98.0931
96.9972
95.7792
94.4519
92.7529
91.2667
89.8098
88.3227
87.285
86.0708
84.6389
83.9811
83.3654
82.4134
81.7294
81.2246
80.5605
80.1228
79.798
79.2527
78.7115
78.472
78.1883
77.7896
77.5439
77.2872
76.9291
76.7498
76.6146
76.3994
76.1913
76.0679
75.9374
75.8131
75.7057
75.6225
75.5324
75.4659
75.4018
75.3459
75.2925
75.2459
75.19
75.1347
75.0967
75.0636
75.0706
75.106
75.2354
75.6679
77.2109
81.8495
90.0191
100.826
100.246
100.255
100.266
100.278
100.289
100.303
100.312
100.32
100.331
100.337
100.338
100.341
100.344
100.344
100.342
100.336
100.324
100.292
100.232
100.135
99.982
99.7337
99.3481
98.7698
97.9562
96.8883
95.4096
93.9119
92.4889
90.5971
88.885
87.823
86.5974
85.3545
84.344
83.1846
82.4723
82.0619
81.3899
80.4855
80.0871
79.7415
79.2879
78.9773
78.6276
78.0754
77.7704
77.5885
77.2854
76.9971
76.8151
76.5565
76.3269
76.2418
76.1247
75.9527
75.8502
75.7761
75.682
75.6014
75.5264
75.4592
75.4058
75.3612
75.3198
75.2887
75.2653
75.23
75.1841
75.1421
75.1227
75.0967
75.0799
75.0753
75.093
75.1584
75.3814
76.1892
78.7591
91.221
100.282
100.286
100.295
100.308
100.322
100.337
100.351
100.365
100.381
100.393
100.401
100.408
100.412
100.411
100.402
100.379
100.327
100.228
100.06
99.7988
99.3673
98.7095
97.847
96.6172
95.0267
93.3491
91.7502
90.1514
88.1971
86.5413
85.824
84.9582
83.4824
82.4411
81.8683
81.2965
80.8251
80.3351
79.5798
79.0613
78.8507
78.539
78.1678
77.9172
77.561
77.1685
76.9945
76.7905
76.5033
76.367
76.2362
76.0509
75.9748
75.9173
75.8082
75.7412
75.7151
75.6658
75.5943
75.5387
75.4864
75.4421
75.4108
75.376
75.3364
75.3106
75.2909
75.2658
75.2323
75.2046
75.185
75.1619
75.1321
75.1157
75.1056
75.1144
75.1494
75.2782
75.6984
80.3376
100.356
100.365
100.378
100.39
100.397
100.402
100.408
100.419
100.434
100.447
100.455
100.459
100.455
100.437
100.394
100.303
100.134
99.8536
99.3972
98.6731
97.6814
96.3903
94.649
92.6606
91.1136
89.4929
87.599
85.7299
84.7293
84.1288
83.3453
81.9217
80.8162
80.6261
80.3412
79.7912
79.2599
78.8105
78.3919
78.1729
77.9319
77.5359
77.2765
77.0893
76.7942
76.6057
76.4781
76.2634
76.1021
76.0455
75.9506
75.8702
75.8431
75.7914
75.7254
75.7176
75.7067
75.6706
75.6217
75.5852
75.5479
75.5154
75.4854
75.4512
75.4229
75.4112
75.4004
75.3865
75.3651
75.3427
75.3164
75.2878
75.2509
75.2298
75.2023
75.1974
75.1993
75.2238
75.3075
76.2508
100.409
100.423
100.432
100.438
100.441
100.445
100.452
100.464
100.479
100.493
100.498
100.49
100.462
100.393
100.243
99.9699
99.5027
98.737
97.6869
96.2803
94.4498
92.3065
90.5402
88.9288
87.2336
85.0559
83.8993
83.3895
82.8068
81.772
80.4297
79.8244
79.7805
79.6515
79.1622
78.3878
78.0518
77.8689
77.7188
77.5446
77.2389
76.9249
76.8132
76.6597
76.4761
76.4139
76.3246
76.1564
76.0645
76.0105
75.9464
75.9126
75.8799
75.8267
75.8014
75.7964
75.7852
75.7613
75.7369
75.7182
75.6987
75.6811
75.6608
75.6327
75.6129
75.6031
75.5994
75.5932
75.5808
75.5599
75.5329
75.5009
75.4647
75.4348
75.4127
75.3934
75.3891
75.3906
75.4098
75.6449
100.434
100.443
100.448
100.452
100.458
100.469
100.486
100.508
100.536
100.551
100.543
100.505
100.403
100.183
99.7659
99.0273
97.9468
96.4951
94.5507
92.2018
90.3359
88.5798
86.8491
84.7646
83.3964
82.7874
82.3309
81.6327
80.4415
79.441
79.2247
79.2941
79.2317
78.8553
78.1654
77.6388
77.5647
77.5015
77.3611
77.1492
76.8879
76.7862
76.7199
76.5646
76.499
76.4787
76.4139
76.2976
76.237
76.1926
76.1539
76.126
76.0813
76.0369
76.0272
76.0218
76.013
76.0007
75.9944
75.9882
75.9796
75.9703
75.9573
75.9402
75.9242
75.9124
75.9039
75.8989
75.8938
75.8868
75.8741
75.8544
75.8292
75.8021
75.7893
75.769
75.7674
75.7624
75.7657
75.8304
100.396
100.401
100.409
100.425
100.447
100.475
100.51
100.554
100.605
100.604
100.56
100.424
100.113
99.4812
98.465
97.022
95.0144
92.5575
90.4668
88.5041
86.7184
84.5857
83.1798
82.4942
82.0287
81.527
80.6653
79.6174
79.1588
79.152
79.1713
79.0585
78.7056
78.1571
77.7493
77.6196
77.5665
77.4667
77.2809
77.0624
76.9575
76.9319
76.8659
76.776
76.7699
76.7569
76.6921
76.6368
76.6209
76.6
76.5722
76.5404
76.4977
76.4675
76.4557
76.4425
76.4421
76.4484
76.4596
76.4654
76.4644
76.4577
76.4503
76.4485
76.447
76.4418
76.4296
76.42
76.4197
76.4262
76.4336
76.4332
76.4223
76.4013
76.3935
76.3912
76.3945
76.4001
76.4075
76.4201
100.336
100.361
100.385
100.412
100.444
100.488
100.546
100.631
100.675
100.63
100.466
100.033
99.1931
97.8638
95.854
93.2993
91.0231
88.8584
86.9196
84.7336
83.4345
82.6508
82.0425
81.6251
81.086
80.2847
79.5969
79.4189
79.4573
79.4441
79.2923
78.9391
78.4428
78.1243
78.0409
77.9919
77.8984
77.7437
77.5449
77.4329
77.432
77.4235
77.3783
77.3633
77.3581
77.3237
77.2539
77.2451
77.2461
77.2342
77.2102
77.1964
77.1927
77.1983
77.1983
77.1877
77.1779
77.1819
77.2046
77.2359
77.2449
77.2377
77.2194
77.2175
77.2348
77.27
77.287
77.2868
77.2826
77.2878
77.3076
77.3356
77.3461
77.3461
77.3447
77.3504
77.3664
77.3975
77.4237
77.4458
100.272
100.318
100.362
100.402
100.456
100.539
100.647
100.756
100.714
100.503
99.9445
98.8862
97.0719
94.5401
92.072
89.6881
87.5775
85.4629
84.1737
83.2434
82.7125
82.2695
81.6692
81.0532
80.5428
80.1146
80.0287
80.0703
80.0556
79.9057
79.5718
79.0962
78.7957
78.7668
78.7847
78.7606
78.6737
78.5008
78.3373
78.3212
78.3395
78.3357
78.317
78.3097
78.2938
78.2445
78.2314
78.2579
78.2839
78.2781
78.2641
78.2681
78.3
78.3585
78.3853
78.3823
78.362
78.3467
78.3553
78.396
78.4532
78.4829
78.4852
78.4796
78.4845
78.5195
78.5817
78.6324
78.6557
78.6703
78.6911
78.7266
78.7677
78.8028
78.8253
78.8422
78.868
78.9131
78.9606
79.0165
100.239
100.306
100.372
100.452
100.559
100.695
100.889
100.878
100.642
99.9926
98.6028
96.3381
93.8136
91.2196
88.9014
86.7616
85.4527
84.4052
83.789
83.3304
82.8448
82.2404
81.8185
81.4905
81.1714
81.0547
81.0313
81.0174
80.9483
80.6993
80.2287
79.9367
79.9263
80.0015
80.0608
80.0616
80.0027
79.8312
79.7299
79.7381
79.7691
79.7707
79.7655
79.7538
79.7341
79.7339
79.7859
79.8926
79.9511
79.9541
79.9323
79.9159
79.9344
79.998
80.0757
80.1285
80.1509
80.1511
80.1466
80.163
80.2235
80.3031
80.3604
80.3968
80.4206
80.4493
80.5064
80.5954
80.6809
80.7462
80.791
80.8324
80.8779
80.9289
80.9839
81.0411
81.0976
81.1702
81.2451
81.3498
100.254
100.35
100.449
100.581
100.765
101.026
101.172
100.958
100.214
98.5731
96.2246
93.6264
91.0892
88.851
87.3386
86.0534
85.3425
84.7178
84.1318
83.7417
83.5689
83.2656
82.9351
82.7452
82.679
82.6269
82.5574
82.4715
82.3055
81.9534
81.693
81.7147
81.8643
82.0367
82.0779
82.0648
81.9542
81.7963
81.7895
81.8432
81.9193
81.9678
81.9894
81.9845
81.9678
81.9837
82.0699
82.2201
82.3254
82.3742
82.3918
82.3936
82.3982
82.4328
82.5171
82.6311
82.7293
82.7882
82.8139
82.8285
82.8595
82.9291
83.0273
83.1338
83.2292
83.3055
83.379
83.475
83.5897
83.7019
83.7959
83.8739
83.9446
84.0168
84.0957
84.1856
84.2862
84.404
84.5158
84.6764
100.304
100.433
100.592
100.83
101.184
101.632
101.505
100.753
99.1171
96.8095
94.158
91.8186
90.0053
88.4961
87.5516
86.8357
86.1822
85.6384
85.5863
85.5737
85.4266
85.1345
84.9646
84.9099
84.8589
84.7493
84.6471
84.5926
84.463
84.3064
84.3196
84.4504
84.6865
84.8415
84.8908
84.8747
84.7452
84.6713
84.7083
84.8133
84.9429
85.0392
85.1033
85.1404
85.1653
85.2099
85.2967
85.4242
85.5584
85.6832
85.8004
85.8858
85.9288
85.9569
86.0021
86.0895
86.2093
86.3224
86.4153
86.4895
86.5572
86.6435
86.7614
86.9018
87.0517
87.2001
87.337
87.4744
87.6143
87.751
87.8729
87.9867
88.0993
88.2162
88.3413
88.4795
88.6288
88.7974
88.9473
89.1639
100.532
100.741
101.074
101.572
102.382
102.591
102.034
100.551
98.3005
95.7782
93.4451
91.6196
90.455
89.5583
88.7312
88.4005
88.4229
88.3489
88.2618
88.2617
88.2738
88.1692
87.9541
87.9002
87.9289
87.9419
87.9545
87.9395
87.8841
87.8954
88.0348
88.299
88.5295
88.6684
88.7257
88.6967
88.6336
88.665
88.7743
88.9181
89.0476
89.1523
89.2518
89.3618
89.4878
89.6218
89.7367
89.8356
89.9496
90.0918
90.2513
90.3952
90.5058
90.5798
90.6325
90.7063
90.8351
90.9921
91.1353
91.2629
91.3883
91.5312
91.7037
91.8945
92.0833
92.2627
92.4373
92.6191
92.8046
92.9795
93.135
93.2812
93.4319
93.5978
93.781
93.9782
94.1809
94.3982
94.5876
94.8641
100.947
101.35
102.05
103.051
104.178
103.911
102.704
100.498
98.1742
95.8697
94.3368
93.4442
92.5736
92.0527
92.0817
92.1386
92.1111
92.058
92.135
92.2984
92.2922
92.1568
92.1489
92.2798
92.3719
92.3995
92.453
92.5103
92.5517
92.6751
92.9471
93.2638
93.5111
93.6865
93.734
93.6973
93.7021
93.8002
93.9654
94.1224
94.2425
94.3496
94.4876
94.6889
94.9285
95.1424
95.2881
95.3776
95.4621
95.5963
95.786
95.9703
96.1199
96.2368
96.3235
96.4131
96.5578
96.7565
96.9517
97.1243
97.2916
97.4788
97.703
97.9567
98.2088
98.4384
98.6449
98.8472
99.0543
99.2642
99.4658
99.6642
99.869
100.09
100.328
100.58
100.832
101.089
101.308
101.638
101.864
102.741
104.112
106.111
106.78
106.104
104.381
101.997
100.178
98.6813
97.3914
97.0311
97.0851
97.0803
97.0891
97.1864
97.4105
97.3883
97.3486
97.4454
97.6671
97.7229
97.787
97.8968
97.9923
98.0801
98.1845
98.2823
98.4174
98.6734
99.0415
99.3848
99.6198
99.7136
99.7025
99.7075
99.8164
100.025
100.238
100.395
100.495
100.579
100.719
100.985
101.321
101.6
101.785
101.88
101.938
102.043
102.243
102.47
102.655
102.799
102.911
103.023
103.189
103.428
103.686
103.925
104.155
104.4
104.674
104.97
105.257
105.516
105.75
105.977
106.21
106.452
106.697
106.95
107.217
107.502
107.799
108.098
108.387
108.68
108.932
109.328
103.586
105.295
107.855
110.609
110.371
109.341
107.372
105.339
104.145
103.113
102.696
102.773
102.874
103.026
103.398
103.745
103.719
103.597
103.641
103.869
104.118
104.192
104.316
104.489
104.568
104.656
104.814
105.008
105.235
105.534
105.896
106.229
106.41
106.428
106.408
106.473
106.686
106.97
107.216
107.384
107.472
107.531
107.665
107.98
108.392
108.723
108.941
109.049
109.093
109.168
109.354
109.614
109.847
110.034
110.191
110.347
110.552
110.833
111.144
111.442
111.73
112.028
112.35
112.687
113.005
113.288
113.543
113.794
114.06
114.349
114.653
114.972
115.307
115.657
116.011
116.359
116.689
117.02
117.313
117.794
106.648
109.74
114.186
116.032
115.334
113.975
111.877
110.05
109.629
109.323
109.304
109.435
109.726
110.019
110.316
110.705
110.757
110.663
110.639
110.794
111.087
111.305
111.469
111.604
111.692
111.818
112.018
112.259
112.531
112.846
113.216
113.522
113.609
113.577
113.576
113.708
114.01
114.351
114.627
114.819
114.921
114.985
115.123
115.461
115.919
116.294
116.539
116.667
116.729
116.806
116.984
117.266
117.55
117.79
118
118.212
118.469
118.798
119.165
119.525
119.872
120.224
120.589
120.96
121.307
121.619
121.907
122.198
122.512
122.86
123.235
123.632
124.044
124.463
124.875
125.273
125.649
126.031
126.378
126.96
111.614
116.624
122.178
122.151
121.02
119.452
117.379
116.064
116.091
116.234
116.514
116.769
116.944
117.148
117.48
117.959
117.984
117.871
117.888
118.057
118.324
118.57
118.799
118.969
119.067
119.207
119.445
119.744
120.045
120.362
120.726
120.976
121.001
120.963
121.001
121.208
121.583
121.973
122.301
122.536
122.667
122.762
122.928
123.28
123.762
124.182
124.461
124.616
124.71
124.819
125.012
125.317
125.656
125.966
126.245
126.525
126.844
127.227
127.649
128.072
128.483
128.892
129.308
129.72
130.107
130.463
130.803
131.154
131.538
131.961
132.415
132.89
133.376
133.86
134.325
134.769
135.193
135.626
136.028
136.71
118.825
125.971
130.062
129.016
127.074
125.562
123.736
122.94
123.094
123.502
123.988
124.265
124.423
124.539
124.732
125.178
125.331
125.274
125.275
125.395
125.646
125.948
126.229
126.423
126.557
126.733
127.002
127.329
127.65
127.983
128.348
128.55
128.556
128.547
128.646
128.938
129.368
129.815
130.212
130.503
130.684
130.836
131.056
131.423
131.907
132.367
132.688
132.885
133.029
133.19
133.422
133.761
134.161
134.551
134.914
135.275
135.67
136.119
136.605
137.095
137.577
138.053
138.53
138.996
139.436
139.847
140.248
140.667
141.123
141.619
142.146
142.69
143.238
143.771
144.277
144.755
145.218
145.695
146.144
146.904
128.034
136.286
137.532
135.57
133.318
132.226
130.806
130.322
130.442
130.894
131.588
131.927
131.976
131.979
132.083
132.487
132.728
132.701
132.718
132.837
133.073
133.399
133.735
133.98
134.155
134.362
134.66
135.019
135.378
135.742
136.109
136.298
136.329
136.379
136.566
136.939
137.418
137.929
138.405
138.769
139.018
139.243
139.527
139.911
140.393
140.882
141.255
141.509
141.72
141.952
142.251
142.652
143.129
143.609
144.066
144.52
145.002
145.527
146.084
146.643
147.195
147.738
148.275
148.793
149.285
149.751
150.214
150.694
151.211
151.764
152.344
152.934
153.52
154.079
154.606
155.103
155.588
156.092
156.571
157.377
138.81
145.813
145.06
141.888
139.9
139.358
138.469
137.961
138.026
138.463
139.245
139.623
139.626
139.544
139.572
139.89
140.229
140.247
140.277
140.405
140.664
141.028
141.404
141.7
141.934
142.19
142.524
142.923
143.336
143.75
144.133
144.339
144.433
144.577
144.871
145.316
145.845
146.42
146.971
147.415
147.75
148.063
148.413
148.821
149.314
149.845
150.277
150.596
150.89
151.214
151.607
152.098
152.662
153.233
153.783
154.329
154.895
155.488
156.103
156.721
157.333
157.931
158.515
159.072
159.603
160.112
160.62
161.143
161.696
162.278
162.883
163.489
164.085
164.645
165.17
165.666
166.157
166.668
167.157
167.971
150.379
154.267
152.372
148.21
146.943
146.898
146.46
145.812
145.793
146.191
147.013
147.389
147.358
147.214
147.221
147.493
147.871
147.943
148.02
148.202
148.515
148.922
149.343
149.711
150.021
150.34
150.726
151.182
151.667
152.145
152.563
152.818
153.002
153.265
153.666
154.176
154.758
155.392
156.023
156.546
156.971
157.377
157.802
158.257
158.793
159.381
159.872
160.263
160.651
161.079
161.575
162.154
162.795
163.441
164.072
164.694
165.323
165.962
166.615
167.27
167.92
168.551
169.159
169.733
170.283
170.813
171.343
171.882
172.443
173.025
173.624
174.218
174.798
175.336
175.841
176.318
176.797
177.299
177.78
178.572
161.628
162.24
159.484
154.894
154.431
154.775
154.582
153.866
153.731
154.104
154.923
155.276
155.232
155.075
155.084
155.349
155.769
155.925
156.073
156.349
156.757
157.228
157.704
158.162
158.572
158.971
159.426
159.957
160.524
161.073
161.54
161.864
162.156
162.547
163.051
163.625
164.273
164.98
165.692
166.291
166.799
167.299
167.804
168.329
168.925
169.555
170.094
170.559
171.041
171.568
172.152
172.797
173.489
174.185
174.869
175.539
176.202
176.857
177.519
178.184
178.845
179.481
180.087
180.655
181.201
181.73
182.257
182.786
183.329
183.884
184.454
185.015
185.558
186.059
186.529
186.976
187.431
187.909
188.368
189.116
171.87
170.43
166.569
162.065
162.197
162.955
162.867
162.113
161.856
162.204
163.007
163.373
163.341
163.23
163.274
163.588
164.075
164.339
164.598
165.016
165.549
166.097
166.651
167.224
167.749
168.236
168.771
169.386
170.041
170.657
171.182
171.588
171.996
172.511
173.118
173.769
174.5
175.298
176.068
176.728
177.314
177.904
178.488
179.074
179.71
180.35
180.922
181.452
182.013
182.617
183.259
183.936
184.645
185.358
186.061
186.746
187.409
188.051
188.696
189.346
189.99
190.608
191.189
191.732
192.254
192.762
193.267
193.765
194.27
194.781
195.304
195.817
196.312
196.765
197.191
197.601
198.023
198.469
198.897
199.586
181.357
178.519
173.785
169.883
170.271
171.379
171.352
170.581
170.228
170.557
171.345
171.798
171.851
171.852
171.976
172.399
172.996
173.389
173.792
174.392
175.067
175.704
176.351
177.051
177.696
178.27
178.883
179.583
180.322
181.011
181.603
182.098
182.616
183.245
183.953
184.691
185.499
186.366
187.159
187.857
188.511
189.173
189.818
190.436
191.078
191.695
192.274
192.851
193.467
194.117
194.781
195.455
196.148
196.846
197.536
198.204
198.84
199.447
200.053
200.665
201.274
201.853
202.394
202.897
203.382
203.855
204.323
204.777
205.23
205.686
206.153
206.61
207.05
207.451
207.831
208.199
208.585
208.993
209.386
210.009
190.328
186.572
181.318
178.288
178.715
180.017
180.062
179.328
178.963
179.309
180.133
180.746
180.993
181.166
181.443
182.03
182.76
183.29
183.858
184.658
185.476
186.202
186.945
187.772
188.523
189.166
189.851
190.637
191.458
192.219
192.876
193.448
194.062
194.787
195.579
196.389
197.238
198.128
198.916
199.62
200.322
201.024
201.699
202.318
202.928
203.497
204.055
204.656
205.297
205.96
206.616
207.259
207.908
208.563
209.214
209.842
210.432
210.987
211.541
212.102
212.66
213.189
213.681
214.136
214.576
215.005
215.426
215.827
216.223
216.618
217.027
217.426
217.81
218.16
218.493
218.821
219.17
219.539
219.895
220.45
199.261
194.8
189.384
187.163
187.524
188.924
189.105
188.493
188.259
188.711
189.676
190.532
191.069
191.463
191.935
192.72
193.589
194.246
194.974
195.964
196.908
197.712
198.538
199.475
200.3
200.995
201.743
202.606
203.493
204.301
204.995
205.621
206.306
207.097
207.946
208.796
209.64
210.503
211.258
211.936
212.66
213.37
214.037
214.633
215.178
215.682
216.198
216.797
217.436
218.086
218.711
219.302
219.886
220.481
221.076
221.649
222.183
222.677
223.169
223.672
224.174
224.649
225.088
225.492
225.883
226.263
226.632
226.978
227.315
227.651
228.002
228.347
228.679
228.983
229.275
229.566
229.879
230.212
230.53
231.021
208.655
203.264
198.027
196.472
196.759
198.255
198.727
198.36
198.41
199.133
200.377
201.542
202.403
203.028
203.697
204.671
205.658
206.411
207.27
208.416
209.452
210.309
211.198
212.209
213.068
213.792
214.584
215.497
216.413
217.224
217.921
218.572
219.295
220.119
220.989
221.84
222.642
223.433
224.121
224.752
225.472
226.165
226.796
227.345
227.805
228.231
228.695
229.273
229.89
230.506
231.084
231.607
232.116
232.639
233.174
233.689
234.161
234.591
235.019
235.462
235.909
236.332
236.719
237.072
237.414
237.743
238.06
238.35
238.632
238.913
239.212
239.507
239.794
240.056
240.312
240.57
240.85
241.146
241.429
241.861
218.395
212.142
207.353
206.327
206.623
208.339
209.309
209.357
209.835
211.059
212.672
214.143
215.27
216.077
216.9
218.013
219.067
219.877
220.828
222.077
223.157
224.038
224.965
226.006
226.85
227.569
228.378
229.306
230.201
230.971
231.636
232.278
233.006
233.831
234.691
235.508
236.238
236.91
237.506
238.075
238.782
239.441
240.026
240.51
240.868
241.201
241.612
242.161
242.752
243.322
243.84
244.287
244.712
245.161
245.635
246.092
246.501
246.866
247.23
247.615
248.01
248.384
248.723
249.026
249.318
249.596
249.861
250.099
250.329
250.559
250.809
251.058
251.301
251.525
251.747
251.973
252.222
252.482
252.729
253.104
228.284
221.492
217.517
216.997
217.51
219.722
221.333
222.018
223.151
224.96
226.904
228.551
229.805
230.707
231.613
232.786
233.844
234.674
235.681
236.969
238.039
238.92
239.859
240.874
241.66
242.346
243.147
244.049
244.873
245.561
246.163
246.769
247.472
248.274
249.1
249.855
250.485
250.999
251.484
251.989
252.666
253.299
253.834
254.241
254.484
254.705
255.065
255.585
256.15
256.666
257.116
257.476
257.814
258.189
258.602
258.999
259.344
259.641
259.94
260.269
260.615
260.942
261.234
261.488
261.728
261.955
262.168
262.355
262.535
262.716
262.918
263.122
263.325
263.512
263.702
263.897
264.113
264.336
264.55
264.871
238.446
231.532
228.855
228.952
230.066
233.103
235.47
236.917
238.754
241.027
243.1
244.715
245.939
246.854
247.779
248.932
249.929
250.752
251.784
253.038
254.052
254.913
255.832
256.767
257.461
258.098
258.868
259.71
260.426
260.998
261.506
262.045
262.703
263.47
264.247
264.919
265.413
265.744
266.096
266.533
267.177
267.792
268.28
268.6
268.714
268.808
269.109
269.596
270.134
270.594
270.965
271.234
271.48
271.779
272.131
272.467
272.746
272.976
273.211
273.483
273.782
274.065
274.311
274.515
274.703
274.878
275.04
275.176
275.304
275.435
275.59
275.75
275.913
276.067
276.225
276.389
276.571
276.758
276.939
277.206
248.596
242.666
241.861
242.89
245.129
249.075
252.139
254.249
256.578
258.973
260.867
262.237
263.307
264.18
265.095
266.159
267.036
267.833
268.846
269.969
270.878
271.698
272.555
273.348
273.927
274.505
275.216
275.96
276.542
276.969
277.348
277.79
278.388
279.12
279.847
280.429
280.762
280.876
281.056
281.427
282.045
282.659
283.13
283.36
283.326
283.273
283.496
283.942
284.45
284.863
285.157
285.329
285.476
285.694
285.983
286.262
286.478
286.639
286.806
287.021
287.275
287.516
287.715
287.869
288.004
288.129
288.242
288.327
288.404
288.484
288.59
288.708
288.834
288.956
289.081
289.212
289.358
289.507
289.657
289.868
259.097
255.806
257.09
259.584
263.007
267.369
270.719
273.123
275.504
277.575
279.056
280.077
280.918
281.705
282.561
283.428
284.1
284.819
285.716
286.577
287.315
288.067
288.8
289.391
289.843
290.351
290.962
291.571
292.007
292.272
292.49
292.805
293.335
294.03
294.71
295.217
295.398
295.268
295.225
295.538
296.125
296.757
297.255
297.423
297.237
296.999
297.127
297.517
297.988
298.373
298.604
298.683
298.725
298.855
299.079
299.305
299.464
299.558
299.655
299.81
300.017
300.218
300.371
300.474
300.558
300.636
300.705
300.746
300.773
300.803
300.861
300.941
301.033
301.123
301.214
301.307
301.414
301.521
301.639
301.792
269.429
271.06
274.411
277.932
281.655
285.574
288.76
291.172
293.254
294.607
295.451
295.944
296.402
296.992
297.666
298.199
298.572
299.127
299.785
300.276
300.81
301.464
302.026
302.4
302.73
303.152
303.626
304.082
304.387
304.502
304.552
304.732
305.187
305.829
306.454
306.903
306.981
306.639
306.361
306.628
307.156
307.801
308.336
308.493
308.177
307.752
307.785
308.108
308.531
308.895
309.086
309.09
309.035
309.085
309.243
309.421
309.532
309.569
309.602
309.7
309.86
310.018
310.13
310.188
310.226
310.266
310.301
310.307
310.294
310.282
310.301
310.347
310.409
310.469
310.525
310.581
310.647
310.715
310.801
310.897
281.266
287.125
290.436
293.355
296.431
299.487
302.345
304.534
306.032
306.561
306.727
306.612
306.602
306.915
307.342
307.539
307.634
308.003
308.405
308.579
308.941
309.495
309.903
310.118
310.354
310.691
311.037
311.37
311.582
311.6
311.533
311.609
311.997
312.57
313.131
313.532
313.565
313.105
312.681
312.906
313.363
313.992
314.526
314.692
314.312
313.772
313.736
314.007
314.382
314.716
314.883
314.846
314.727
314.723
314.832
314.969
315.047
315.048
315.038
315.095
315.217
315.34
315.42
315.448
315.456
315.47
315.483
315.469
315.433
315.396
315.391
315.414
315.453
315.491
315.52
315.547
315.584
315.623
315.684
315.737
293.284
298.502
299.462
301.02
303.522
306.009
308.732
310.811
311.922
311.807
311.407
310.864
310.558
310.7
310.964
310.985
310.937
311.201
311.461
311.487
311.769
312.263
312.592
312.737
312.924
313.21
313.49
313.762
313.932
313.913
313.798
313.829
314.182
314.707
315.223
315.593
315.613
315.117
314.652
314.855
315.273
315.878
316.389
316.554
316.157
315.588
315.526
315.774
316.122
316.432
316.586
316.534
316.392
316.367
316.454
316.571
316.632
316.62
316.593
316.632
316.736
316.841
316.906
316.921
316.918
316.921
316.925
316.904
316.86
316.814
316.8
316.814
316.842
316.869
316.886
316.9
316.925
316.951
317
317.036
)
;

boundaryField
{
    inlet
    {
        type            fixedValue;
        value           uniform 68;
    }
    outlet
    {
        type            zeroGradient;
    }
    bottom
    {
        type            fixedValue;
        value           uniform 300;
    }
    top
    {
        type            fixedValue;
        value           uniform 300;
    }
    upstream
    {
        type            symmetryPlane;
    }
    defaultFaces
    {
        type            empty;
    }
}


// ************************************************************************* //
