/*--------------------------------*- C++ -*----------------------------------*\
  =========                 |
  \\      /  F ield         | OpenFOAM: The Open Source CFD Toolbox
   \\    /   O peration     | Website:  https://openfoam.org
    \\  /    A nd           | Version:  13
     \\/     M anipulation  |
\*---------------------------------------------------------------------------*/
FoamFile
{
    format      ascii;
    class       volScalarField;
    location    "0.002";
    object      omega;
}
// * * * * * * * * * * * * * * * * * * * * * * * * * * * * * * * * * * * * * //

dimensions      [0 0 -1 0 0 0 0];

internalField   nonuniform List<scalar> 
16072
(
6.81656e+06
7.14331e+06
7.00178e+06
6.72598e+06
6.79545e+06
6.82035e+06
2.18513e+06
2.90595e+06
2.89579e+06
2.82658e+06
2.925e+06
3.13842e+06
482242
1.21813e+06
1.34938e+06
1.33346e+06
1.37619e+06
1.52977e+06
45556.4
340000
615063
697080
712531
743487
4223.69
52686.6
181234
303818
371026
398325
1728.35
7787.17
33563.2
85662.7
145718
183249
1634.82
2215.34
6283.63
17397.6
42011.8
59917.6
1616.13
1769.32
2287.86
4346.48
11016.6
16822.8
1610.83
1691.26
1858.97
2205.14
3812.63
5082.65
1608.64
1658.75
1917.87
1987.3
2376
2638.88
1607.68
1626.51
1726.08
1929.43
2047.32
2137.46
1607.18
1613.25
1680.81
1918.44
1993.95
2015.11
1606.75
1608.8
1633.01
1731.93
1962.61
1996.03
1606.44
1607.01
1615.23
1673.36
1886.76
1984.08
1606.39
1606.23
1608.4
1629.97
1711.17
1894.31
1606.68
1605.65
1606.14
1611.67
1656.06
1806.93
1606.7
1605.6
1605.22
1606.61
1618.24
1676.79
1606.48
1605.89
1604.71
1604.87
1607.62
1622.38
1606.62
1605.67
1604.9
1604.02
1604.42
1608.39
1606.59
1605.72
1604.81
1603.99
1603.32
1604.06
1606.5
1605.84
1604.68
1604.1
1602.93
1602.72
1606.68
1605.6
1604.92
1603.78
1603.2
1602.02
1606.53
1605.8
1604.71
1604.03
1602.91
1602.3
1606.65
1605.64
1604.87
1603.84
1603.1
1602.04
1606.55
1605.77
1604.74
1603.99
1602.94
1602.22
1606.68
1605.63
1604.89
1603.82
1603.11
1602.03
1606.61
1605.7
1604.81
1603.91
1603.02
1602.12
1606.54
1605.77
1604.74
1603.98
1602.95
1602.19
1606.59
1605.72
1604.8
1603.92
1603.01
1602.13
1606.69
1605.62
1604.9
1603.82
1603.12
1602.03
1606.7
1605.61
1604.91
1603.81
1603.12
1602.02
1606.7
1605.61
1604.91
1603.81
1603.12
1602.02
1606.69
1605.61
1604.89
1603.81
1603.1
1602.01
1606.66
1605.61
1604.85
1603.79
1603.03
1601.98
1606.57
1605.68
1604.73
1603.84
1602.88
1602
1606.54
1605.68
1604.66
1603.81
1602.79
1601.94
1606.6
1605.6
1604.7
1603.7
1602.8
1601.81
1606.58
1605.6
1604.66
1603.69
1602.74
1601.78
1606.55
1605.62
1604.61
1603.69
1602.68
1601.77
1606.57
1605.59
1604.63
1603.64
1602.69
1601.71
1606.58
1605.57
1604.63
1603.62
1602.68
1601.68
1606.56
1605.58
1604.61
1603.63
1602.66
1601.68
1606.56
1605.59
1604.61
1603.64
1602.67
1601.71
1606.56
1605.6
1604.61
1603.66
1602.68
1601.73
1606.57
1605.59
1604.64
1603.66
1602.72
1601.75
1606.57
1605.6
1604.65
1603.69
1602.75
1601.79
1606.58
1605.6
1604.67
1603.71
1602.79
1601.84
1606.57
1605.63
1604.69
1603.76
1602.83
1601.91
1606.55
1605.67
1604.68
1603.83
1602.86
1602.01
1606.57
1605.68
1604.72
1603.86
1602.92
1602.06
1606.6
1605.66
1604.78
1603.86
1602.99
1602.06
1606.62
1605.66
1604.81
1603.87
1603.02
1602.08
1606.6
1605.69
1604.8
1603.9
1603.01
1602.11
1606.58
1605.72
1604.79
1603.93
1602.99
1602.14
1606.58
1605.73
1604.78
1603.94
1602.99
1602.15
1606.58
1605.73
1604.78
1603.94
1602.99
1602.15
1606.59
1605.72
1604.8
1603.92
1603.01
1602.14
1606.6
1605.7
1604.81
1603.91
1603.02
1602.13
1606.61
1605.7
1604.81
1603.91
1603.03
1602.12
1606.61
1605.7
1604.82
1603.91
1603.03
1602.12
1606.61
1605.7
1604.82
1603.91
1603.03
1602.12
1606.61
1605.7
1604.82
1603.91
1603.03
1602.12
1606.61
1605.7
1604.81
1603.91
1603.02
1602.12
1606.61
1605.7
1604.81
1603.91
1603.02
1602.12
1606.6
1605.71
1604.81
1603.92
1603.02
1602.13
1606.6
1605.71
1604.8
1603.93
1603.01
1602.14
1606.6
1605.71
1604.8
1603.92
1603.01
1602.14
1606.6
1605.71
1604.8
1603.92
1603.02
1602.12
1606.59
1605.72
1604.79
1603.94
1602.99
1602.16
1606.59
1605.72
1604.79
1603.94
1602.97
1602.2
1606.6
1605.7
1604.83
1603.87
1603.08
1602.05
1606.57
1605.73
1604.8
1603.9
1603.09
1601.9
1606.52
1605.81
1604.7
1604.07
1602.72
1602.54
1606.51
1605.83
1604.67
1604.07
1602.63
1604.89
1606.53
1605.82
1604.68
1604.08
1602.64
1612.26
1606.58
1605.75
1604.74
1604.05
1602.7
1638.9
1606.64
1605.66
1604.87
1603.83
1603.02
1745.01
1606.69
1605.59
1604.95
1603.58
1603.73
1897.82
1606.72
1605.57
1604.96
1603.52
1605.33
2027.61
1606.73
1605.56
1604.96
1603.52
1610.45
2726.07
1606.74
1605.55
1604.96
1603.54
1625.33
9963.57
1606.74
1605.55
1604.95
1603.57
1651.3
69159.8
7.02144e+06
5.97834e+06
6.08369e+06
7.37602e+06
6.30312e+06
6.39538e+06
7.63933e+06
6.56774e+06
7.91169e+06
8.03677e+06
8.11131e+06
6.92294e+06
8.34102e+06
7.10312e+06
7.19544e+06
8.63468e+06
7.38042e+06
8.82279e+06
8.9107e+06
7.67686e+06
9.11514e+06
7.87858e+06
9.38541e+06
9.53572e+06
8.18446e+06
8.28764e+06
8.39256e+06
9.98061e+06
8.60528e+06
8.71261e+06
8.8211e+06
8.93105e+06
9.0418e+06
9.15361e+06
9.26706e+06
9.38118e+06
9.49573e+06
1.12786e+07
9.72593e+06
9.84511e+06
9.96358e+06
1.00831e+07
1.02011e+07
1.03183e+07
1.04341e+07
1.05483e+07
1.06585e+07
1.07895e+07
1.09494e+07
1.11076e+07
1.12601e+07
1.1407e+07
1.15512e+07
1.16931e+07
1.18337e+07
1.1973e+07
1.21119e+07
1.22506e+07
1.239e+07
1.25295e+07
1.26694e+07
1.28091e+07
1.29494e+07
1.30896e+07
1.32307e+07
1.33721e+07
1.35149e+07
1.36579e+07
1.38016e+07
1.39453e+07
1.40903e+07
1.42358e+07
1.43829e+07
1.45308e+07
1.46801e+07
1.48298e+07
1.49805e+07
1.51308e+07
1.52818e+07
1.54327e+07
1.55851e+07
1.57382e+07
1.58932e+07
1.60488e+07
1.62061e+07
1.63634e+07
1.65217e+07
1.66796e+07
1.68387e+07
1.69975e+07
1.71582e+07
1.73188e+07
1.7481e+07
1.76427e+07
1.78056e+07
1.7968e+07
1.81317e+07
1.82952e+07
1.846e+07
1.86251e+07
1.87916e+07
1.89586e+07
1.91264e+07
1.92944e+07
1.94624e+07
1.96308e+07
1.97993e+07
1.99686e+07
2.01374e+07
2.03038e+07
3.35499e+06
3.46429e+06
3.47513e+06
3.45826e+06
3.41104e+06
3.33723e+06
3.25983e+06
3.18491e+06
3.14155e+06
3.10981e+06
3.08871e+06
3.07149e+06
3.06373e+06
3.05751e+06
3.05798e+06
3.06293e+06
3.07028e+06
3.08869e+06
3.10445e+06
3.11339e+06
3.1387e+06
3.15199e+06
3.17366e+06
3.19404e+06
3.21001e+06
3.22789e+06
3.24288e+06
3.2775e+06
3.28609e+06
3.31516e+06
3.33371e+06
3.35031e+06
3.37772e+06
3.39619e+06
3.40634e+06
3.43502e+06
3.45326e+06
3.48723e+06
3.4943e+06
3.52053e+06
3.54125e+06
3.56523e+06
3.59872e+06
3.62105e+06
3.64173e+06
3.65893e+06
3.6561e+06
3.65767e+06
3.69078e+06
3.73908e+06
3.78641e+06
3.82824e+06
3.86614e+06
3.90104e+06
3.93399e+06
3.96535e+06
3.99566e+06
4.02489e+06
4.05348e+06
4.08127e+06
4.10871e+06
4.13561e+06
4.16244e+06
4.18889e+06
4.2153e+06
4.24137e+06
4.26754e+06
4.29336e+06
4.31949e+06
4.3455e+06
4.37182e+06
4.39785e+06
4.42421e+06
4.45034e+06
4.47685e+06
4.50309e+06
4.52976e+06
4.55608e+06
4.58278e+06
4.60912e+06
4.63588e+06
4.66231e+06
4.68924e+06
4.71587e+06
4.74307e+06
4.76996e+06
4.79724e+06
4.82409e+06
4.85134e+06
4.87818e+06
4.90554e+06
4.93257e+06
4.96011e+06
4.98736e+06
5.01495e+06
5.04227e+06
5.06983e+06
5.09708e+06
5.12457e+06
5.15187e+06
5.17944e+06
5.20695e+06
5.23459e+06
5.26225e+06
5.28982e+06
5.31754e+06
5.34519e+06
5.37285e+06
5.40153e+06
5.43277e+06
1.79472e+06
1.95094e+06
1.99951e+06
1.9839e+06
1.93487e+06
1.84522e+06
1.76772e+06
1.72082e+06
1.69275e+06
1.67471e+06
1.66235e+06
1.65364e+06
1.64831e+06
1.64604e+06
1.64669e+06
1.64944e+06
1.65509e+06
1.66278e+06
1.67222e+06
1.68236e+06
1.69316e+06
1.70424e+06
1.71567e+06
1.72816e+06
1.741e+06
1.7538e+06
1.76651e+06
1.78011e+06
1.79376e+06
1.8073e+06
1.82123e+06
1.83166e+06
1.84014e+06
1.84785e+06
1.85596e+06
1.86474e+06
1.87367e+06
1.8827e+06
1.89261e+06
1.90256e+06
1.91233e+06
1.92341e+06
1.93413e+06
1.94281e+06
1.95327e+06
1.96302e+06
1.96961e+06
1.97795e+06
1.99702e+06
2.02825e+06
2.05929e+06
2.08653e+06
2.11047e+06
2.13174e+06
2.15125e+06
2.16948e+06
2.18693e+06
2.20358e+06
2.21972e+06
2.23519e+06
2.2503e+06
2.26492e+06
2.27941e+06
2.29356e+06
2.30762e+06
2.32137e+06
2.33504e+06
2.34839e+06
2.36194e+06
2.37535e+06
2.38894e+06
2.40235e+06
2.41592e+06
2.42927e+06
2.44275e+06
2.456e+06
2.46942e+06
2.48262e+06
2.49601e+06
2.50917e+06
2.52252e+06
2.53562e+06
2.5489e+06
2.562e+06
2.57548e+06
2.58879e+06
2.60229e+06
2.61557e+06
2.629e+06
2.64217e+06
2.65548e+06
2.66858e+06
2.68186e+06
2.69502e+06
2.70834e+06
2.72157e+06
2.73487e+06
2.74803e+06
2.76119e+06
2.77424e+06
2.78728e+06
2.80031e+06
2.81328e+06
2.82634e+06
2.83922e+06
2.85232e+06
2.86514e+06
2.87831e+06
2.89087e+06
2.90777e+06
854550
1.02418e+06
1.1481e+06
1.21818e+06
1.24452e+06
1.23677e+06
1.21247e+06
1.17502e+06
1.13546e+06
1.10055e+06
1.07365e+06
1.05448e+06
1.04241e+06
1.03532e+06
1.03192e+06
1.03121e+06
1.03246e+06
1.03524e+06
1.03956e+06
1.04465e+06
1.05048e+06
1.05683e+06
1.06364e+06
1.07124e+06
1.07929e+06
1.08753e+06
1.09594e+06
1.10482e+06
1.11402e+06
1.12312e+06
1.13275e+06
1.1415e+06
1.14884e+06
1.15516e+06
1.16131e+06
1.16748e+06
1.17366e+06
1.18001e+06
1.18672e+06
1.19309e+06
1.19988e+06
1.20739e+06
1.21343e+06
1.21971e+06
1.22773e+06
1.23401e+06
1.23975e+06
1.24156e+06
1.24331e+06
1.25026e+06
1.26148e+06
1.27349e+06
1.28565e+06
1.29732e+06
1.3086e+06
1.31945e+06
1.33013e+06
1.34049e+06
1.35072e+06
1.36061e+06
1.37035e+06
1.3798e+06
1.38924e+06
1.39848e+06
1.40773e+06
1.41679e+06
1.42581e+06
1.43465e+06
1.44371e+06
1.4527e+06
1.46183e+06
1.47083e+06
1.47994e+06
1.48888e+06
1.49792e+06
1.50675e+06
1.51568e+06
1.52443e+06
1.53332e+06
1.54205e+06
1.55094e+06
1.55962e+06
1.56845e+06
1.57708e+06
1.58589e+06
1.59457e+06
1.60342e+06
1.61213e+06
1.62097e+06
1.62963e+06
1.63838e+06
1.64693e+06
1.65559e+06
1.66415e+06
1.67285e+06
1.68153e+06
1.69028e+06
1.69896e+06
1.70765e+06
1.71626e+06
1.72483e+06
1.73341e+06
1.7419e+06
1.7505e+06
1.7589e+06
1.7676e+06
1.77584e+06
1.78492e+06
1.79219e+06
1.80449e+06
427862
487653
566245
657042
730562
784511
820173
834057
830927
820060
801371
781613
763225
747645
735966
728091
723271
720517
719939
720365
722098
724602
727707
731447
735704
740294
745166
750406
755941
761588
767546
773736
779662
785003
790070
794950
799739
804598
809636
814358
819493
824842
829281
834523
840978
845341
849948
850120
848296
846033
846531
849151
853531
858618
864220
870014
876071
882166
888405
894542
900718
906756
912902
918956
925126
931178
937303
943214
949245
955214
961327
967315
973433
979396
985468
991339
997315
1.0031e+06
1.00905e+06
1.01484e+06
1.02081e+06
1.0266e+06
1.03254e+06
1.03829e+06
1.0442e+06
1.04998e+06
1.05591e+06
1.06174e+06
1.06771e+06
1.07352e+06
1.07944e+06
1.08515e+06
1.09096e+06
1.09666e+06
1.10247e+06
1.10828e+06
1.11418e+06
1.12004e+06
1.1259e+06
1.13175e+06
1.13752e+06
1.14337e+06
1.14902e+06
1.15495e+06
1.16045e+06
1.16659e+06
1.17179e+06
1.17854e+06
1.18257e+06
1.19185e+06
217613
249032
272947
315383
362752
414328
469818
521697
562885
589143
601618
601507
598278
590733
580856
570937
561797
553800
547913
543846
541497
540410
540345
540953
542348
544266
546583
549260
552212
555415
558820
562580
566631
570627
574554
578310
581997
585675
589455
593020
596936
600745
604229
608449
613475
616842
620544
621452
619743
616368
613562
612416
612668
613980
616163
618798
621911
625261
628905
632602
636445
640257
644244
648215
652363
656456
660685
664734
668861
672912
677117
681220
685462
689575
693799
697845
701990
705963
710089
714089
718260
722278
726434
730418
734543
738542
742682
746732
750921
754994
759155
763145
767198
771147
775178
779231
783329
787466
791550
795720
799707
803910
807763
812061
815735
820286
823662
828721
831383
838008
85574
112616
128138
149828
172441
194730
223764
259301
301903
346634
388181
420079
442633
455831
461645
461390
459471
455172
449652
443962
438676
434275
430923
428642
427320
426873
426971
427578
428589
429993
431650
433582
435899
438451
441158
443819
446510
449192
451946
454572
457479
460196
462892
466117
469801
472587
475440
477402
476590
474432
471417
469044
467586
467043
467168
467839
469063
470590
472482
474510
476743
479013
481494
484007
486732
489451
492334
495109
497982
500787
503748
506637
509671
512606
515653
518550
521537
524377
527358
530238
533279
536195
539237
542126
545133
548026
551040
553988
557060
560053
563118
566049
569007
571887
574802
577772
580743
583813
586780
589908
592782
595954
598689
601956
604528
608017
610378
614215
616166
621067
27886.5
42403.3
50202.8
62936
76499.3
87866
100054
115672
135039
159147
188843
222303
257489
290689
319575
341324
356698
365670
370046
370032
369039
366743
363696
360599
357601
354991
352878
351366
350410
350100
350183
350612
351446
352633
354110
355699
357453
359261
361155
363002
365047
366960
368953
371316
373857
376124
378232
380674
380610
379731
377854
375649
373844
372549
371737
371383
371440
371803
372541
373443
374561
375758
377171
378643
380340
382063
383963
385799
387753
389654
391713
393727
395891
397983
400192
402275
404449
406496
408678
410777
413030
415180
417447
419580
421814
423947
426185
428375
430677
432929
435242
437452
439666
441824
443983
446220
448423
450767
452972
455387
457510
459970
461965
464507
466366
469090
470813
473780
475255
478991
8390.63
15200.1
18203
23960.6
31170.9
37227.2
42667.4
49808.6
58343.3
68114.6
79441.9
94157.2
112876
135375
160949
188169
215746
241706
264287
281519
293561
301023
304911
306302
306089
305341
303888
302234
300492
298902
297532
296442
295713
295493
295597
295983
296686
297548
298590
299697
300979
302251
303633
305290
306976
308689
310268
312363
313117
312811
312008
310563
309110
307799
306733
305914
305412
305138
305151
305324
305691
306158
306811
307543
308488
309478
310646
311778
313037
314259
315637
316989
318497
319953
321531
323008
324578
326039
327630
329153
330823
332410
334107
335689
337358
338941
340612
342254
343994
345710
347476
349170
350850
352497
354116
355832
357485
359307
360970
362869
364463
366406
367887
369895
371269
373422
374716
377045
378185
381077
3350.95
5436
6725.74
8926.34
11798.5
14706.9
16825.3
20148
24186.8
28888.1
33320.5
39020
45912.6
54846.3
65270.5
78070
93682.4
112499
133937
156734
179251
199939
217850
232534
243668
251427
256302
258831
259906
259868
259570
258926
258099
257282
256563
255907
255475
255199
255196
255321
255692
256195
256866
257787
258775
259880
261035
262517
263668
263675
263405
262777
261853
260864
259933
259062
258379
257821
257471
257229
257130
257138
257262
257493
257897
258356
258982
259591
260323
261027
261882
262722
263718
264679
265766
266771
267873
268882
270016
271094
272313
273465
274722
275883
277120
278284
279524
280747
282057
283364
284713
286017
287295
288560
289775
291101
292344
293772
295031
296538
297744
299290
300401
301997
303023
304734
305719
307566
308456
310698
2268.27
2711.5
3106.1
3938.04
4910.17
6263.04
6993.12
8272.71
9982.93
12039.1
13805.9
15952.8
18754.4
22465.9
26358
30938.8
36619.9
43753.6
52777.7
63708.1
76892.2
91994.1
108609
126083
144041
161423
177503
191254
202407
210811
216868
220900
223353
224621
225225
225286
225218
225042
224802
224536
224309
224097
224007
224048
224224
224520
224990
225744
226510
226611
226502
226259
225831
225244
224589
223882
223252
222667
222203
221783
221454
221189
221010
220940
220963
221066
221305
221543
221886
222207
222662
223110
223707
224280
224980
225615
226347
227001
227772
228499
229358
230166
231074
231901
232798
233634
234533
235427
236395
237377
238395
239392
240356
241323
242228
243248
244176
245292
246242
247436
248348
249578
250411
251677
252444
253801
254553
256020
256719
258455
2038.2
2125.13
2219.56
2413.56
2817.1
3330.45
3630.48
4079.21
4827.82
5605.39
6336.84
7139.19
8276.15
9643.42
11281.8
12701.5
14932.1
17647.5
20918.5
24669
29122.3
34844.6
42033.8
50429
60228.5
71440.8
84291
98383.5
113076
127621
141512
154238
165442
174817
182340
187997
192078
194859
196661
197773
198433
198782
198985
199121
199169
199178
199225
199424
199573
199429
199080
198544
198013
197449
196931
196398
195915
195443
195004
194548
194148
193762
193454
193194
193038
192935
192920
192926
192991
193052
193214
193381
193675
193958
194359
194710
195155
195535
196021
196471
197044
197578
198207
198771
199397
199973
200600
201229
201921
202640
203390
204137
204851
205579
206241
207014
207696
208556
209264
210201
210885
211854
212475
213469
214038
215106
215676
216835
217382
218747
1998.45
2010.87
2046.78
2084.52
2190.55
2312.79
2472.27
2632.46
2980.35
3290.75
3596.81
3947.71
4391.2
4901.16
5550.17
6091.42
6936.45
7996.51
9132.25
10392.3
11909.6
13937.4
16590.6
19653.6
23055
27002
31940.4
38154.6
45711.4
54336.2
63929
74328.5
85449.4
97028.4
108816
120308
131168
140994
149558
156753
162579
167144
170630
173200
174967
176171
177015
177651
178221
178301
178177
177857
177368
176762
176117
175412
174744
174056
173482
172938
172487
172054
171712
171389
171162
170948
170800
170650
170555
170448
170419
170422
170486
170577
170765
170919
171153
171335
171607
171850
172204
172529
172941
173302
173718
174093
174507
174925
175397
175900
176433
176976
177492
178026
178498
179071
179561
180207
180726
181443
181951
182701
183159
183927
184342
185169
185598
186499
186924
188006
1987.73
1988.2
2001.3
2011.46
2038.7
2059.4
2108.26
2161.79
2293.29
2430.03
2538.99
2720.78
2895.81
3128.34
3357.51
3645.72
3950.58
4406.83
4794.75
5270.51
5731.32
6513.31
7403.41
8587.24
9786.79
11215.2
12770.3
14960.8
17571.8
20784.7
24389
28685.5
33597
39456.3
46130
53804.7
62124.3
71165.5
80567.6
90169.3
99542.8
108732
117446
125510
132638
138888
144174
148490
152007
154616
156383
157463
158081
158309
158268
158098
157770
157313
156845
156326
155814
155269
154762
154260
153825
153432
153127
152836
152609
152388
152240
152118
152062
152048
152069
152090
152164
152211
152327
152425
152620
152795
153049
153265
153528
153756
154015
154277
154585
154923
155292
155676
156040
156422
156752
157166
157511
157987
158361
158901
159275
159842
160181
160760
161061
161684
162009
162694
163018
163874
1933.38
1947.6
1950.84
1959.43
1984.76
1989.84
2002.05
2016.55
2052.74
2106.46
2142.77
2222.25
2290.86
2404.17
2479.88
2631.66
2758.65
2979.82
3122.59
3332.98
3477.06
3786.39
4072.1
4602.86
4979.8
5562.08
5982.19
6756.34
7663.77
8968.76
10171.4
11730.3
13315.2
15358.7
17662.9
20651.1
24013.9
28091.1
32613.2
37877.3
43549.2
49909.5
56683.9
63987.7
71535.7
79430.7
87344.2
95084.4
102564
109612
115957
121421
125998
129744
132775
135168
137027
138338
139250
139767
140073
140089
140033
139872
139638
139364
139111
138828
138559
138259
137990
137712
137487
137269
137113
136958
136874
136778
136741
136737
136776
136832
136963
137072
137222
137345
137495
137647
137835
138047
138294
138554
138806
139072
139297
139592
139831
140178
140448
140852
141131
141559
141813
142247
142471
142935
143180
143700
143945
144615
1919.48
1937.69
1936.21
1938.19
1950.58
1958
1962.59
1965.67
1972.98
1990.19
2001.93
2029.66
2054.63
2102.18
2131.75
2195.46
2251.09
2357.54
2417.08
2514.92
2574.55
2702.68
2816.02
3049.82
3190.95
3416.63
3569.29
3811.7
4174.23
4634.92
5111.62
5568.58
6160.39
6878.37
7728.7
8747.05
9994.65
11402.7
12940.7
14759.8
16982.6
19474
22334.9
25627.9
29383.4
33615.8
38332.3
43467.4
49024.4
55070.3
61349.6
67665.7
73837.6
79810.2
85522.8
90995.9
96201.9
101034
105424
109307
112680
115524
117898
119838
121405
122612
123533
124171
124620
124868
125017
125037
125021
124952
124878
124755
124667
124540
124454
124351
124302
124237
124215
124182
124168
124143
124138
124146
124186
124251
124371
124502
124650
124805
124940
125128
125287
125528
125723
126022
126233
126559
126753
127082
127251
127599
127783
128180
128364
128888
1825.8
1932.87
1931.39
1928.18
1931.91
1937.1
1950.15
1949.53
1949.77
1952.35
1955.17
1962.02
1969.18
1984.99
1995.49
2018.41
2040.04
2085.72
2112.74
2154.26
2179.96
2228.76
2290.17
2383.49
2465.12
2541.47
2628.59
2699.76
2857.62
3005.23
3224.92
3352.89
3601.06
3824.14
4162.07
4478.76
4960.25
5412.67
6029.41
6612.25
7500.22
8352.19
9392.97
10505.3
11882.7
13341.2
15128.1
17134.6
19475.4
22202.3
25319.7
28650.7
32194.7
35960.8
39896.3
44002.7
48277.2
52827.8
57527.3
62338.4
67080.1
71735.2
76206.9
80507.4
84624.3
88537.1
92206.5
95528.5
98525.5
101127
103428
105373
107076
108459
109644
110538
111285
111801
112237
112517
112781
112940
113095
113177
113253
113271
113288
113288
113295
113305
113345
113373
113439
113473
113519
113567
113625
113714
113806
113947
114059
114233
114341
114526
114626
114841
114962
115237
115364
115767
1708.78
1893.34
1903.57
1909.66
1910.14
1913.53
1927.05
1930.38
1932.48
1933
1933.56
1934.46
1936.06
1939.82
1942.94
1949.4
1956.82
1972.12
1986.18
1997.69
2011.21
2025.53
2057.54
2091.55
2136.65
2162.94
2207.7
2236.72
2303.61
2357.3
2458.75
2510.83
2616.74
2682.75
2823.03
2916.17
3115.83
3248.46
3523.21
3690.62
4047.93
4275.26
4724.51
5051.31
5677.35
6104.93
6846.41
7457.92
8413.99
9231.41
10511.4
11606.8
13087
14462.1
16284.3
17914.5
19942.6
21930.5
24517.9
27040.1
30009.2
32808.3
36045.2
39114.7
42626.9
46032.3
49877.6
53505.3
57381.6
60937.8
64698.4
68176.6
71830
75158.2
78553.5
81529.7
84443.5
86917.4
89325.1
91351
93330.9
94958.8
96528.7
97760.7
98931.5
99805.7
100635
101225
101807
102198
102621
102883
103178
103339
103525
103628
103766
103857
103984
104088
104205
104312
104404
104506
104566
104679
104746
104897
104960
105240
1644.69
1741.08
1811.78
1866.36
1872.7
1874.23
1878.14
1886.39
1892.68
1896.58
1899.22
1901.4
1903.65
1906.56
1908.59
1910.77
1914.5
1919.68
1925.97
1929.51
1935.44
1940.44
1952.81
1964.8
1985.44
1995.89
2016.15
2028.38
2056.41
2076.62
2121.06
2144.89
2193.06
2219.87
2277.81
2314.09
2394.31
2443.11
2547.7
2608.48
2740.16
2818.93
2990.26
3101.03
3341.64
3482.14
3777.98
3954.57
4336.17
4586.46
5129.79
5459.79
6146.3
6539.8
7359.82
7823.47
8740.49
9293.32
10407
11210
12545.1
13540.4
15051.1
16255
17970.6
19468.5
21543.3
23397.2
25700.4
27726
30215.2
32521.8
35346.5
37987.7
41089.8
43927
47104.8
49922.1
53023.5
55792.8
58889.1
61664.2
64713.5
67365.3
70173
72549
75040.5
77127.9
79350.4
81193.1
83157.5
84722.9
86341.4
87568.9
88818.2
89759.2
90741.9
91483.5
92264
92859.6
93461.1
93923.6
94350.3
94698.6
94974.2
95257.2
95441.7
95715.9
95836.1
96177.6
1612.79
1651.88
1800.16
1872.12
1870.36
1869.27
1868.34
1871.23
1875.74
1883.35
1882.76
1882.78
1883.03
1883.7
1884.85
1885.72
1887.55
1889.53
1892.4
1893.94
1896.71
1898.6
1903.15
1906.86
1914.97
1919.22
1927.75
1932.75
1944.01
1951.86
1969.58
1979.82
2000.98
2012.5
2037.05
2052.01
2085.13
2105.28
2148.79
2173.79
2227.28
2258.34
2325.47
2365.41
2452.57
2503.48
2613.08
2676.67
2816.5
2906.05
3104.32
3222.59
3478.19
3620.04
3924.4
4092.94
4453.6
4665.66
5108.59
5406.4
5930
6326.9
6910.52
7375.8
8002.05
8570.37
9337.1
10083
10971.6
11818.9
12818.4
13814.1
15037.2
16286.6
17765.3
19225.7
20930
22545.4
24370.7
26085.6
28099.3
30053.9
32318.5
34493.5
36873.7
39093.9
41492.3
43737.8
46225.7
48599.4
51196.3
53621.4
56140.7
58431.1
60710.9
62810.2
64905
66898.1
68836
70744
72489.6
74247.5
75703.8
77262
78400
79793.7
80670.6
81988.1
82617.6
83977.3
1604.34
1616.19
1671.92
1755.89
1795.43
1822.72
1832.95
1834.46
1836.46
1843.04
1843.78
1843.72
1844.26
1846.61
1850.42
1852.91
1855.84
1857.4
1860.01
1861.36
1863.93
1865.3
1868.25
1870.11
1874.05
1876.06
1880.1
1882.3
1887.08
1890.15
1897.06
1901.22
1910.06
1914.97
1925.41
1931.63
1945.32
1953.68
1971.86
1982.4
2004.91
2017.78
2045.46
2061.57
2096.46
2116.7
2160.24
2185.25
2239.15
2271.06
2341.11
2382.93
2474.12
2528.03
2628.94
2717.53
2820.14
2926.4
3053.7
3208.13
3357.86
3557.49
3720.52
3965.56
4150.85
4452.61
4681.13
5066.62
5325.21
5760.14
6044.14
6549.08
6888
7505.28
7920.96
8640.44
9147.74
9982.89
10550.4
11469
12119.2
13206.6
14005.8
15287.3
16204.3
17603.6
18589.2
20103.7
21218.5
22952.7
24280.5
26232.2
27690.3
29741.9
31204.1
33286.9
34768.2
36960.6
38504.1
40840.6
42442.7
44873.6
46423.9
48840.7
50257.7
52643.2
53945.8
56382.4
57599.3
60083.9
1602.13
1604.42
1617.93
1660.72
1778.06
1831.28
1831.46
1830.72
1827.71
1828.25
1831.42
1832.21
1833.98
1834.46
1835.54
1836.47
1837.07
1837.56
1838.19
1838.58
1839.39
1840.29
1842.49
1844.1
1846.56
1847.81
1849.89
1850.9
1852.96
1854.15
1856.75
1858.45
1862.21
1864.48
1869.32
1872.09
1878
1881.44
1888.89
1893.2
1902.48
1907.78
1919.07
1925.94
1939.27
1949.45
1964.56
1978.52
1996.42
2012.92
2035.51
2058.12
2083.52
2117.81
2141.98
2189.42
2215.92
2267.95
2297.61
2361.66
2401.41
2486.68
2535.49
2638.67
2698.41
2825.93
2899.03
3055.85
3141.69
3321.91
3418.58
3625.51
3746.35
4009.38
4160.03
4480.21
4656.09
5026.25
5224.04
5637.6
5860.9
6333.25
6593.37
7146.55
7445.93
8074.64
8407.9
9107.91
9489.32
10303.3
10759.7
11733.3
12263
13370.7
13946.7
15139.2
15760.9
17059.1
17752.4
19207
19984.8
21605.3
22450
24186.6
25071.8
26882.6
27813
29728.7
30722
32930.1
1601.16
1601.38
1603.88
1617.07
1654.95
1736.62
1773.81
1786.33
1790.11
1792.21
1794.33
1797.07
1805.22
1807.26
1807.86
1807.94
1808.04
1808.3
1808.84
1810.14
1812.69
1814.84
1817.24
1818.7
1820.27
1821
1822.07
1822.6
1823.73
1824.45
1826.19
1827.38
1830
1831.41
1834.17
1835.72
1838.34
1840.32
1843.03
1845.42
1848.46
1852.09
1855.2
1860.31
1863.94
1870.57
1874.66
1882.77
1887.59
1897.23
1903.09
1915.19
1922.45
1937.91
1946.82
1966.01
1976.54
1999.04
2010.4
2034.42
2047.83
2077.83
2095.49
2133.82
2155.06
2200.99
2227
2283.65
2314.92
2381.94
2417.92
2495.67
2540.62
2639.53
2696.17
2818.62
2885.45
3028.32
3104.1
3264.93
3351.27
3538.63
3644
3871.94
3995.91
4259.29
4398.3
4692.34
4849.24
5184.92
5368.77
5763.57
5974.93
6423.02
6655.15
7144.21
7397.96
7936.88
8223.48
8837.27
9166.98
9871.65
10244.6
11033.6
11443.3
12304.8
12753.7
13702.3
14202.5
15388.7
1601.34
1600.21
1600.44
1602.77
1612.99
1657.66
1707.79
1767.48
1786.6
1786.61
1786.32
1786.18
1787.1
1789.17
1793.22
1793.29
1792.61
1792.53
1792.56
1792.75
1793.27
1794.34
1795.9
1796.96
1797.81
1798.24
1799.03
1799.76
1801.06
1802.33
1803.99
1805.44
1806.88
1808.11
1809.05
1809.96
1810.54
1811.67
1812.47
1814.2
1815.43
1818.02
1819.43
1822.34
1823.9
1827.11
1828.8
1832.31
1834.22
1838.26
1840.57
1845.53
1848.43
1854.72
1858.39
1866.34
1870.77
1880.22
1885.21
1895.66
1900.85
1911.76
1917.85
1931.34
1939.28
1956.68
1966.46
1987.78
1999.78
2025.59
2039.53
2069.28
2085.61
2121.14
2141.12
2184.42
2208.25
2259.67
2287.43
2346.86
2379.15
2449.65
2489.61
2576.57
2624.18
2726.13
2780.24
2895.48
2956.67
3087.75
3159.05
3314
3400.06
3585.26
3683.89
3892.25
4000.92
4230.75
4352.25
4611.04
4749.36
5044.31
5200.24
5529.54
5699.57
6055.68
6243.54
6645.04
6866.84
7387.27
1601.07
1600.38
1599.22
1599.37
1601.21
1608.59
1638.45
1674.78
1732.23
1756.03
1760.73
1760.49
1758.13
1756.79
1757.24
1758.55
1761.36
1764.91
1767.24
1768.4
1769.28
1769.65
1769.92
1770.28
1771.15
1772.64
1773.92
1775.54
1776.76
1778.07
1778.8
1779.94
1780.82
1782.26
1783.13
1784.33
1784.91
1786.04
1786.67
1788.02
1788.87
1790.68
1791.67
1793.54
1794.47
1796.29
1797.2
1799.03
1799.97
1801.96
1803.08
1805.52
1806.94
1810.01
1811.76
1815.48
1817.52
1821.79
1824
1828.61
1831.05
1835.68
1837.9
1842.59
1845.33
1851.45
1855.19
1863.43
1868.08
1878.18
1883.72
1895.51
1901.91
1915.69
1923.3
1939.65
1948.53
1967.64
1978
2000.22
2012.27
2038.26
2052.64
2083.85
2100.92
2137.65
2157.34
2199.59
2222.18
2270.83
2297.37
2355.34
2387.86
2458.44
2496.47
2577.54
2620.13
2710.85
2758.77
2861.35
2915.85
3032.56
3094.34
3225.91
3297.81
3452.45
3535.5
3702.36
3802.75
3988.06
1601.29
1600.01
1599.4
1598.16
1598.18
1599.28
1604.59
1621.11
1654.71
1712.68
1737.38
1748.46
1747.91
1745.76
1744.39
1744.52
1746.93
1751.24
1751.71
1751.64
1751.46
1750.59
1749.47
1749.26
1749.46
1750.46
1753
1755.35
1756.92
1758.01
1758.62
1759.12
1759.4
1759.91
1760.43
1761.63
1762.55
1763.88
1764.6
1765.71
1766.29
1767.37
1767.92
1769.01
1769.64
1771.01
1771.84
1773.29
1774
1775.39
1776.11
1777.61
1778.44
1780.18
1781.14
1783.16
1784.25
1786.49
1787.62
1789.96
1791.11
1793.48
1794.58
1796.63
1797.67
1799.91
1801.27
1804.41
1806.33
1810.43
1812.69
1817.45
1820
1825.46
1828.48
1834.93
1838.38
1845.78
1849.75
1858.24
1862.81
1872.67
1878.13
1890.01
1896.51
1910.49
1918
1934.1
1942.73
1961.24
1971.29
1993.02
2004.88
2030.43
2044.02
2073.1
2088.43
2121.33
2138.83
2176.54
2196.78
2239.96
2264.01
2315.57
2349.64
2397.26
2448.94
2520.05
2662.67
3021.12
1601.18
1600.18
1599.14
1598.28
1597.31
1596.87
1597.43
1600.5
1609.89
1635.51
1662.49
1705.45
1722.53
1725.3
1727.97
1727.69
1726.5
1726.02
1726.44
1726.46
1726.7
1727.77
1728.66
1729.22
1729.6
1730
1730.94
1732.22
1733.3
1734.18
1734.71
1735.08
1735.36
1735.98
1736.85
1738.11
1739.38
1740.84
1742.03
1743.09
1743.72
1744.26
1744.51
1744.92
1745.26
1746.13
1747.04
1748.53
1749.58
1751.1
1752.05
1753.4
1754.08
1755.18
1755.72
1756.82
1757.39
1758.58
1759.29
1760.81
1761.84
1763.53
1764.42
1765.93
1766.7
1768.07
1768.72
1770.05
1770.9
1772.45
1773.26
1775.13
1776.2
1778.44
1779.72
1782.52
1784.02
1787.21
1788.92
1792.52
1794.42
1798.48
1800.72
1805.54
1808.16
1813.73
1816.71
1823.03
1826.41
1833.64
1837.55
1845.98
1850.54
1860.31
1865.48
1876.46
1882.23
1894.18
1902.37
1914.04
1924.47
1940.9
1952.69
1969.83
1992.59
2043.84
2167.3
2428
2738.01
3407.41
1601.09
1600.25
1599.06
1598.28
1597.13
1596.46
1595.57
1595.74
1597.08
1601.97
1617.31
1639.43
1675.32
1694.84
1712.58
1715.27
1715.26
1714.73
1714.03
1713.55
1713.26
1713.01
1713.19
1713.75
1713.94
1713.98
1714.16
1714.59
1715.19
1715.81
1716.38
1717.06
1717.77
1718.62
1719.36
1720.16
1720.73
1721.22
1721.43
1721.72
1721.92
1722.38
1722.83
1723.81
1724.64
1725.92
1726.88
1728.04
1728.7
1729.59
1730.07
1730.86
1731.27
1731.96
1732.34
1733.15
1733.77
1734.93
1735.78
1737.01
1737.93
1739.07
1739.83
1740.78
1741.35
1742.29
1742.82
1743.55
1744.15
1744.99
1745.38
1746.19
1747.04
1748.15
1748.74
1750.15
1751.01
1752.62
1753.44
1755.14
1756.02
1757.9
1758.93
1761.16
1762.36
1764.85
1766.16
1768.94
1770.42
1773.56
1775.23
1778.76
1780.63
1784.63
1786.75
1791.23
1793.63
1798.51
1802.35
1807.89
1812.53
1821.96
1843.77
1899.76
2058.41
2210.71
2556.72
3318.03
4455.95
5156.66
1601.16
1600.15
1599.16
1598.14
1597.22
1596.19
1595.41
1594.51
1594.14
1594.6
1596.83
1603.02
1619.14
1647.78
1669.3
1680.92
1691.43
1699.68
1700.79
1700.97
1700.74
1699.72
1697.13
1695.83
1695.45
1695.33
1695.56
1696.71
1698.36
1699.19
1699.53
1699.6
1699.56
1699.44
1699.41
1699.46
1699.75
1700.75
1702.07
1703.17
1703.92
1704.46
1704.76
1705.02
1705.22
1705.43
1705.68
1706.26
1707.1
1708.25
1709.22
1710.24
1710.92
1711.61
1712.01
1712.53
1712.82
1713.27
1713.76
1714.54
1715.42
1716.44
1717.31
1718.21
1718.96
1719.75
1720.39
1721.03
1721.44
1721.98
1722.31
1722.58
1723.14
1723.89
1724.22
1724.77
1725.83
1726.63
1727.22
1728.15
1728.88
1729.59
1730.46
1731.42
1732.37
1733.22
1734.41
1735.43
1736.73
1737.72
1739.2
1740.24
1742.09
1743.42
1745.53
1747.03
1749.6
1751.7
1756.36
1767.91
1803.42
1907.86
2006.01
2264
2643.38
3445.99
4175.29
5474.82
7407.84
7838.61
1601.28
1600.03
1599.27
1598.03
1597.32
1596.07
1595.42
1594.21
1593.68
1592.68
1592.69
1593.37
1595.85
1604.23
1615.1
1638.17
1666.04
1683.95
1684.67
1683.15
1683.59
1685.95
1687.5
1687.88
1687.76
1687.32
1685.66
1683.74
1683.1
1682.84
1682.86
1683.14
1684
1684.94
1685.54
1685.81
1685.91
1685.98
1686.03
1686.08
1686.13
1686.26
1686.59
1687.33
1687.96
1688.55
1688.99
1689.52
1690
1690.52
1690.86
1691.22
1691.53
1691.98
1692.39
1692.92
1693.41
1694.01
1694.59
1695.22
1695.82
1696.42
1696.97
1697.48
1698.04
1698.66
1699.28
1699.92
1700.48
1700.98
1701.43
1701.96
1702.34
1702.92
1703.38
1703.63
1704
1704.74
1705.11
1705.48
1705.95
1706.51
1706.82
1707.49
1708.02
1708.73
1709.36
1710.31
1710.99
1711.96
1712.67
1713.76
1714.91
1716.71
1718.34
1721.93
1730.41
1756.34
1832.53
1909.81
2115.63
2405.13
2942.61
3572.1
4483.93
6474.06
7152.62
7492.5
8237.36
8314.91
1601.29
1600.04
1599.27
1598.03
1597.3
1596.08
1595.37
1594.2
1593.51
1592.41
1591.85
1591.01
1591.06
1591.82
1594.2
1600.52
1612.23
1629.17
1649.61
1661.56
1674.6
1678.62
1678.6
1677.15
1675.11
1674.31
1674.02
1673.76
1673.71
1673.63
1673.05
1672.17
1671.51
1671.1
1670.99
1671.01
1671.12
1671.48
1672.16
1672.71
1673
1673.05
1673.04
1673.03
1673.02
1673.03
1673.06
1673.18
1673.52
1674.1
1674.61
1675.06
1675.43
1675.71
1675.92
1676.13
1676.26
1676.38
1676.5
1676.78
1677.22
1677.81
1678.41
1679.07
1679.72
1680.43
1681.05
1681.56
1681.97
1682.27
1682.49
1682.79
1683.12
1683.49
1683.95
1684.42
1684.7
1685.12
1685.56
1685.86
1685.98
1686.36
1686.63
1686.85
1687.15
1687.55
1688.1
1688.61
1689.3
1690.05
1691.07
1692.42
1695.59
1703.56
1731.74
1800.49
1866.86
2056.02
2280.23
2645.99
3454.56
4102.82
5636.48
6412.39
6963.79
7921.62
8001.67
7971.79
7864.31
7818.92
1601.28
1600.04
1599.26
1598.04
1597.29
1596.09
1595.36
1594.18
1593.48
1592.33
1591.68
1590.6
1590.08
1589.26
1589.3
1589.87
1591.87
1596.39
1608.46
1619.11
1632.15
1650.42
1658.88
1667.04
1668.4
1667.82
1667.38
1666.5
1665.21
1664.43
1663.68
1662.56
1662.03
1662.03
1662.11
1662.15
1661.94
1661.1
1660.31
1659.98
1659.97
1660
1660.1
1660.46
1661.14
1661.61
1661.82
1661.87
1661.85
1661.75
1661.49
1661.33
1661.28
1661.29
1661.35
1661.61
1662.03
1662.38
1662.67
1662.84
1663.05
1663.25
1663.47
1663.62
1663.75
1663.96
1664.34
1664.72
1665.19
1665.56
1665.93
1666.23
1666.64
1666.92
1667.36
1667.67
1668.02
1668.22
1668.44
1668.64
1668.67
1668.72
1668.82
1668.91
1669.06
1669.3
1669.91
1670.43
1671.65
1674.97
1684.08
1714.02
1764.22
1840.99
2073.2
2259.46
2592.03
3344.99
3877.4
5226.35
6177.78
6704.01
7550.98
7656.01
7626.44
7584.36
7598.74
7606.64
7594.06
7542.2
1601.25
1600.02
1599.23
1598.02
1597.26
1596.07
1595.33
1594.16
1593.44
1592.3
1591.61
1590.5
1589.84
1588.83
1588.26
1587.49
1587.37
1587.71
1588.98
1592.85
1597.94
1609.78
1623.55
1634.09
1644.79
1647.8
1652.89
1657.61
1658.22
1658.04
1657.4
1656.19
1655
1654.31
1653.44
1652.36
1651.6
1651.28
1650.89
1650.35
1650.12
1650.13
1650.27
1650.45
1650.53
1650.48
1650.21
1649.86
1649.69
1649.64
1649.66
1649.82
1650.18
1650.42
1650.53
1650.57
1650.57
1650.5
1650.34
1650.23
1650.19
1650.2
1650.31
1650.58
1650.82
1651.02
1651.22
1651.4
1651.61
1651.78
1651.95
1652.05
1652.26
1652.44
1652.73
1653.05
1653.3
1653.53
1653.66
1653.78
1653.89
1654.05
1654.14
1654.25
1654.73
1656.27
1660.3
1671.73
1709.2
1765.84
1896.86
2086.17
2241.42
2703.11
3498.59
4009.01
5243.64
5794.76
6455.61
7270
7403.83
7387.68
7380
7365.85
7339.37
7312.75
7258.67
7226.75
7163.12
7128.72
1601.17
1599.99
1599.13
1597.99
1597.14
1596.05
1595.19
1594.15
1593.29
1592.3
1591.43
1590.5
1589.62
1588.76
1587.89
1587.12
1586.33
1585.76
1585.29
1585.42
1586.08
1587.82
1593.2
1598.52
1606.24
1623.1
1631.17
1636.75
1643.51
1644.8
1644.79
1645.44
1647.13
1647.77
1647.73
1647.26
1645.64
1643.9
1642.86
1642.35
1642.05
1641.75
1641.46
1641.16
1640.71
1640.41
1640.28
1640.21
1640.14
1639.95
1639.77
1639.69
1639.68
1639.72
1639.77
1639.85
1639.95
1640.05
1640.14
1640.2
1640.21
1640.16
1639.97
1639.77
1639.67
1639.65
1639.66
1639.73
1639.9
1640.03
1640.16
1640.26
1640.37
1640.43
1640.52
1640.58
1640.73
1640.87
1641.21
1641.38
1641.78
1642.8
1645.43
1653.23
1680.22
1726.06
1807.43
1958.29
2092.4
2411.32
3140.58
3486.74
4079.98
5635.06
6127.89
6615.22
6984.4
6988.57
7024.62
7182.6
7217.24
7195.11
7099.32
7000.87
6950.1
6926.73
6901.9
6874.52
6801.42
6746.85
1600.97
1600
1598.89
1597.97
1596.87
1596.01
1594.9
1594.09
1592.99
1592.22
1591.12
1590.39
1589.32
1588.61
1587.56
1586.89
1585.88
1585.26
1584.35
1583.85
1583.17
1583.06
1583.33
1584.28
1586.26
1590.39
1599.65
1605.06
1612.43
1626.67
1635.19
1635.76
1635.05
1635.9
1639.4
1640.02
1639.78
1638.55
1637.59
1637.13
1636.78
1636.43
1636
1635.08
1633.91
1633.07
1632.73
1632.6
1632.52
1632.35
1632
1631.87
1631.88
1631.89
1631.87
1631.78
1631.49
1631.2
1631.08
1631.06
1631.05
1631.02
1630.95
1630.91
1630.87
1630.79
1630.58
1630.3
1630.1
1630
1629.99
1630
1630.1
1630.21
1630.38
1630.47
1630.72
1631.46
1633.48
1639.03
1655.12
1692.84
1779.2
1895.01
2001.52
2275.1
2797.46
3127.74
3799.96
5266.93
5756.18
5925.55
6660.93
7020.77
6977.02
6900.2
6887.39
6866.86
6853.24
6837.2
6804.15
6745.05
6678.4
6647.6
6601.82
6576.25
6522.86
6496.05
6442.16
6423.98
1600.84
1599.9
1598.77
1597.84
1596.75
1595.82
1594.78
1593.86
1592.87
1591.95
1591.01
1590.09
1589.21
1588.27
1587.44
1586.51
1585.73
1584.79
1584.09
1583.18
1582.55
1581.73
1581.29
1580.74
1580.78
1581.16
1582.26
1585.23
1589.1
1593.56
1603.55
1616.08
1620.67
1621.85
1626.72
1633.48
1634.23
1633.58
1631.98
1631.36
1631.31
1631.58
1631.64
1631.39
1630.24
1628.72
1627.81
1627.38
1627.27
1627.21
1627.09
1626.63
1625.76
1625.17
1624.82
1624.68
1624.65
1624.66
1624.65
1624.51
1624.21
1623.9
1623.6
1623.38
1623.23
1623.1
1622.98
1622.93
1622.91
1622.87
1622.86
1622.83
1622.9
1623.3
1624.53
1628.01
1637.82
1671.23
1742.82
1809.49
1949.21
2226.49
2465.91
2880.9
3904.11
4694.7
4985.53
5508.52
6552.33
6810.87
6706.99
6672.15
6733.23
6744.73
6727.62
6652.01
6554.13
6510.61
6494.14
6486.73
6476.53
6453.33
6383.59
6289.6
6211.75
6174.52
6136.06
6110.98
6055.91
6015.22
1600.85
1599.71
1598.73
1597.61
1596.67
1595.57
1594.67
1593.59
1592.72
1591.66
1590.81
1589.79
1588.97
1587.97
1587.16
1586.2
1585.4
1584.48
1583.69
1582.83
1582.05
1581.24
1580.5
1579.8
1579.16
1578.67
1578.33
1578.44
1578.94
1580.34
1582.58
1586.54
1596.2
1601.93
1604.8
1612.93
1624.68
1626.33
1625.63
1625.36
1625.8
1626.78
1627.07
1627.09
1626.82
1625.89
1625.08
1624.51
1624.02
1623.55
1623.21
1622.55
1621.76
1621.1
1620.72
1620.43
1620.03
1619.51
1619.03
1618.64
1618.44
1618.34
1618.28
1618.22
1618.04
1617.64
1617.28
1617.13
1617.17
1617.46
1618.33
1620.68
1627.65
1647.69
1704.58
1777.86
1861.5
2104.98
2414.68
2705.41
3482.67
4213.03
4717.38
5475.58
6079.03
6185.67
6300.22
6614.2
6693.02
6618.92
6438.67
6375.75
6370.6
6376.49
6373.4
6354.26
6285.43
6206.8
6140.98
6072.13
6012.69
5973.78
5941.67
5913.08
5882.18
5856.94
5828.89
5809.33
5782.24
5764.93
1600.77
1599.69
1598.62
1597.58
1596.52
1595.53
1594.47
1593.53
1592.48
1591.58
1590.55
1589.68
1588.66
1587.84
1586.83
1586.04
1585.04
1584.29
1583.31
1582.59
1581.63
1580.93
1580.01
1579.35
1578.48
1577.88
1577.11
1576.64
1576.09
1575.96
1576.13
1576.76
1578.11
1581.48
1586.3
1589.61
1597.89
1609.37
1611.71
1612.96
1618.07
1621.84
1622.38
1622.24
1621.62
1620.97
1620.88
1620.9
1620.89
1620.8
1620.44
1619.55
1618.63
1617.74
1617.21
1616.99
1616.75
1616.31
1615.64
1615.19
1614.72
1614.51
1614.26
1614.14
1613.81
1613.82
1614.14
1615.49
1620
1633.39
1675.14
1739.86
1812.24
1996.82
2323.05
2537.2
3099.38
3980.62
4353.86
5103.25
5591.05
5995.95
6260.93
6252.88
6182.04
6171.42
6196.88
6194.46
6173.18
6121.43
6086.36
6067.03
6045.57
5999.07
5947.93
5904.37
5871.47
5845.95
5824.77
5806.16
5791.09
5778.41
5769.33
5760.42
5753.86
5744.04
5734.94
5723.2
5711.27
5698.73
1600.69
1599.66
1598.52
1597.52
1596.42
1595.44
1594.37
1593.4
1592.38
1591.42
1590.43
1589.49
1588.54
1587.61
1586.7
1585.77
1584.91
1583.98
1583.16
1582.24
1581.46
1580.54
1579.81
1578.9
1578.22
1577.32
1576.7
1575.83
1575.3
1574.53
1574.17
1573.64
1573.65
1573.88
1574.63
1576.38
1578.6
1584.21
1592.58
1594.89
1598.43
1608.65
1612.7
1614.54
1615.74
1615.88
1616.23
1616.64
1616.76
1616.73
1616.63
1616.27
1615.64
1615.26
1614.89
1614.59
1614.01
1613.18
1612.49
1611.78
1611.27
1611.27
1611.47
1612.32
1615.07
1623.13
1650.03
1707.81
1773.5
1937.48
2181.26
2376.01
2849.01
3696.49
4005.39
4548.13
5414.78
5614.39
5707.32
5947.51
5962.26
5961.66
5974.34
5974.69
5966.12
5934.03
5894.56
5872.13
5851.8
5830.31
5812.38
5801.95
5794.65
5785.02
5773.4
5762.66
5753.07
5745.73
5740.1
5735.85
5734
5733.54
5733.35
5733.07
5732.26
5729.01
5724.87
5716.39
5708.69
5696.75
1600.69
1599.57
1598.52
1597.41
1596.4
1595.31
1594.34
1593.26
1592.32
1591.26
1590.36
1589.32
1588.44
1587.43
1586.57
1585.58
1584.75
1583.79
1582.97
1582.04
1581.24
1580.34
1579.55
1578.69
1577.91
1577.09
1576.31
1575.54
1574.78
1574.08
1573.35
1572.76
1572.13
1571.72
1571.35
1571.4
1571.75
1572.6
1574.81
1578.1
1580.59
1586.77
1596.21
1598.98
1601.14
1606.39
1610.42
1611.02
1611.56
1612.57
1612.77
1612.6
1611.97
1611.38
1611.09
1610.99
1610.91
1610.65
1610.51
1610.8
1612.26
1616.83
1633.62
1679.96
1736.31
1873.98
2076.87
2260.05
2724.69
3379.18
3661.23
4212.91
5009
5212.97
5308.04
5701.81
5861.11
5844.28
5820.14
5804.57
5790.78
5789.62
5795.08
5801.68
5801.71
5795.24
5778.1
5767.58
5762.74
5760.03
5758.08
5756.65
5754.87
5751.28
5744.89
5741.06
5740.45
5740.74
5742.45
5747.56
5754.22
5760.47
5765.29
5768.48
5770.43
5771.55
5771.75
5771.56
5770.72
5764.67
1600.67
1599.54
1598.48
1597.38
1596.34
1595.28
1594.26
1593.23
1592.22
1591.22
1590.23
1589.27
1588.29
1587.36
1586.39
1585.5
1584.55
1583.69
1582.74
1581.92
1580.99
1580.2
1579.29
1578.52
1577.63
1576.89
1576.01
1575.3
1574.45
1573.76
1572.94
1572.29
1571.54
1570.93
1570.28
1569.78
1569.36
1569.14
1569.25
1569.68
1570.62
1572.25
1576.68
1581.44
1584.23
1588.74
1596.4
1601.55
1603.43
1605.02
1607.13
1607.39
1607.75
1608.23
1608.81
1609.33
1610.5
1613.77
1624.58
1664.85
1715.98
1816.05
1984.84
2156.55
2611.73
3085.34
3386.76
4078.32
4669.82
4838.47
5125.93
5639.51
5739.74
5702.62
5686.28
5704.75
5754.3
5778.83
5782.8
5777.55
5761.86
5757.86
5761.34
5775.23
5785.03
5789.51
5791.29
5793.21
5798.24
5806.06
5813.19
5818.32
5821.66
5823.96
5825.82
5828.65
5835.43
5846.76
5859.38
5873.06
5888.12
5903.34
5916.36
5925.97
5931.84
5934.51
5935.02
5934.51
5933.32
5925.97
1600.65
1599.55
1598.46
1597.38
1596.32
1595.27
1594.23
1593.21
1592.19
1591.19
1590.19
1589.23
1588.25
1587.3
1586.35
1585.43
1584.5
1583.59
1582.7
1581.8
1580.93
1580.05
1579.22
1578.35
1577.55
1576.68
1575.92
1575.06
1574.33
1573.48
1572.79
1571.95
1571.31
1570.48
1569.89
1569.11
1568.6
1567.93
1567.56
1567.08
1567.04
1567.2
1567.78
1568.92
1571.33
1574.05
1577.21
1584.41
1591.45
1593.61
1595.87
1601.47
1606.45
1609.69
1617.87
1641.17
1696.65
1761.93
1894.63
2228.08
2420.31
2793.51
3411.67
3952.33
4432.77
4790.19
5275.36
5676.56
5698.98
5671.14
5703.46
5825.77
5862.25
5870.34
5875.4
5888.91
5916.49
5937.7
5945.87
5946.36
5944.59
5941.48
5941.08
5942.13
5948.77
5959.5
5967.3
5975.85
5988.28
6005.14
6023.09
6038.26
6049.18
6055.94
6059.22
6060.08
6059.81
6059.09
6059.13
6060.71
6068.47
6078.61
6084.64
6088.3
6090.93
6092.78
6093.8
6093.93
6093.41
6087.56
1600.67
1599.57
1598.47
1597.4
1596.33
1595.29
1594.24
1593.22
1592.2
1591.21
1590.21
1589.24
1588.27
1587.31
1586.37
1585.43
1584.52
1583.59
1582.71
1581.8
1580.95
1580.05
1579.23
1578.35
1577.55
1576.68
1575.9
1575.06
1574.3
1573.48
1572.73
1571.94
1571.21
1570.45
1569.73
1569.01
1568.31
1567.66
1567
1566.43
1565.88
1565.52
1565.22
1565.28
1565.58
1566.35
1567.72
1570.9
1575.11
1581.48
1590.92
1610.76
1667.97
1733.61
1833.21
2097.24
2316.06
2597.42
3416.86
3911.51
4324.39
4960.27
5315.49
5604.75
5675.82
5811.18
5979.86
6021.23
6026.09
6039.95
6053.27
6053.22
6055.04
6064.17
6092.92
6120.18
6133.75
6136.44
6135.7
6130.58
6123.98
6121.67
6121.81
6125.8
6142.68
6162.73
6175.11
6183.08
6187.81
6189.13
6188.46
6185.61
6183.73
6183.21
6183.37
6183.55
6183.37
6182.73
6181.28
6177.44
6171.07
6165.94
6163.04
6162.1
6162.07
6162.55
6164.37
6166.49
6168.03
6165.56
1600.69
1599.61
1598.51
1597.45
1596.38
1595.34
1594.3
1593.27
1592.26
1591.25
1590.27
1589.28
1588.33
1587.35
1586.43
1585.47
1584.58
1583.63
1582.77
1581.84
1581
1580.1
1579.27
1578.39
1577.58
1576.73
1575.93
1575.11
1574.32
1573.52
1572.75
1571.98
1571.22
1570.48
1569.73
1569.02
1568.3
1567.62
1566.93
1566.28
1565.63
1565.07
1564.56
1564.24
1564.4
1565.28
1568.15
1576.91
1612.16
1666.15
1747.98
1951.97
2142.66
2411.55
3148.18
3705.27
4041.57
4894.12
5480.82
5578.24
5828.16
6040.08
6072.35
6148.17
6203.04
6212.48
6212.69
6219.55
6252.9
6285.11
6294.43
6292.65
6281.87
6274.17
6273.41
6279.26
6297.16
6308.38
6311.53
6311.43
6307.91
6296.58
6286.59
6279.43
6274.47
6271.85
6271.3
6271.93
6275.36
6281.34
6286.18
6289.29
6290.54
6290.56
6289.46
6284.31
6272.1
6260.97
6252.88
6248.35
6246.66
6246.38
6246.48
6247.12
6248.38
6249.03
6250.15
6250.66
6252.27
6248.31
1600.74
1599.62
1598.58
1597.48
1596.47
1595.38
1594.41
1593.33
1592.38
1591.32
1590.4
1589.36
1588.46
1587.45
1586.57
1585.57
1584.71
1583.74
1582.89
1581.96
1581.11
1580.21
1579.38
1578.51
1577.68
1576.84
1576.02
1575.22
1574.41
1573.63
1572.83
1572.08
1571.29
1570.57
1569.8
1569.1
1568.35
1567.71
1567
1566.48
1565.93
1566.02
1566.89
1570.58
1585.5
1622.28
1698.98
1842.43
1978.86
2257.43
2923.58
3290.84
3800.36
4802.48
5268.49
5406.36
5822.3
6340.95
6371.74
6337.65
6316.79
6315.54
6329.22
6366.27
6381.65
6384.32
6381.21
6379.65
6382.2
6394.57
6402.63
6403.28
6401.39
6400
6400.5
6405.25
6416.22
6421.77
6422.77
6421.58
6413.98
6393.23
6377.4
6369.3
6366.53
6366.37
6368.16
6374.69
6380.62
6383.81
6384.94
6385.01
6384.48
6382.46
6380.16
6378.64
6377.02
6374.25
6370.57
6367.03
6364.5
6363.12
6362.65
6362.59
6363.03
6364.72
6370.96
6375.34
6385.49
6382.14
1600.79
1599.69
1598.64
1597.56
1596.53
1595.49
1594.47
1593.46
1592.45
1591.48
1590.48
1589.54
1588.55
1587.64
1586.66
1585.79
1584.81
1583.98
1583.01
1582.2
1581.24
1580.46
1579.52
1578.76
1577.83
1577.09
1576.19
1575.46
1574.58
1573.86
1573
1572.3
1571.47
1570.78
1570
1569.36
1568.7
1568.33
1568.55
1570.08
1576.49
1604.22
1671.5
1765.15
1899.59
2215.35
2585.49
2931.94
3744.57
4586.08
4881.26
5254.09
6046.78
6340.97
6295.65
6249.12
6294.56
6434.24
6493.84
6503.6
6495.71
6469.99
6448.47
6442.21
6444.33
6459.53
6480.28
6486.33
6486.27
6484.94
6484.61
6485.33
6488.53
6499.73
6514.26
6523.72
6528.91
6532
6533.42
6533.44
6532.77
6529.93
6523.74
6519.51
6517.78
6516.87
6516.69
6517.1
6519.74
6526.29
6531.97
6535.94
6538.26
6539.61
6540.59
6540.97
6540.95
6540.73
6539.69
6537.93
6536.83
6536.01
6535.6
6535.58
6536.24
6537.63
6540.16
6541.6
6545.79
6540.08
1600.86
1599.76
1598.73
1597.65
1596.65
1595.59
1594.6
1593.57
1592.61
1591.6
1590.65
1589.66
1588.74
1587.77
1586.87
1585.92
1585.05
1584.11
1583.26
1582.34
1581.52
1580.61
1579.81
1578.91
1578.15
1577.25
1576.51
1575.62
1574.92
1574.04
1573.36
1572.51
1571.9
1571.14
1571.03
1571.51
1574.63
1588.21
1632.16
1728.99
1814.73
2038.41
2410.85
2721.8
3525.41
4326.65
4708.69
5392.95
6149.77
6293.47
6290.69
6408.42
6596.61
6617.96
6601.4
6577.71
6573.05
6580.3
6614.18
6642.5
6653.04
6653.11
6644.27
6622.07
6611.47
6609.64
6611.38
6617.84
6622.05
6624.77
6628.42
6635.87
6655.02
6687.12
6713.89
6730.45
6737.81
6739.66
6739.55
6737.88
6732.57
6727.82
6724.75
6723.26
6722.87
6723.66
6727.66
6732.27
6734.47
6735.36
6735.8
6735.84
6735.33
6735.11
6735.31
6736.34
6738.09
6738.7
6738.71
6738.3
6736.77
6732.23
6725.76
6719.58
6714.08
6710.2
6708.12
6707.43
6708.2
6701.93
1600.93
1599.87
1598.82
1597.8
1596.75
1595.77
1594.73
1593.78
1592.74
1591.82
1590.8
1589.91
1588.9
1588.04
1587.04
1586.2
1585.22
1584.4
1583.44
1582.64
1581.69
1580.92
1579.99
1579.23
1578.32
1577.58
1576.69
1575.98
1575.1
1574.49
1573.66
1573.63
1574.51
1580.42
1604.56
1671.91
1769.65
1900.7
2248.22
2537.86
3131.26
4187.87
4698.26
5475.06
6146.31
6388.9
6567.38
6657.27
6659.78
6648.84
6653.85
6698.28
6742.62
6762.84
6781.01
6804.2
6825.71
6833.86
6834.64
6834.06
6832.49
6827.08
6818.45
6813.9
6813.35
6814.66
6821.37
6835.44
6846.2
6855.04
6865.53
6877.3
6889.03
6901.67
6916.53
6931.2
6941.11
6944.71
6944.96
6944.29
6941.7
6935.59
6929.22
6922.55
6914.94
6908.16
6903.22
6900.41
6899.51
6899.67
6901.92
6906.65
6908.84
6909.21
6909.03
6908.41
6906.92
6903.04
6895.76
6887.86
6880.27
6873.53
6867.72
6862.71
6858.24
6853.97
6850.51
6847.3
6846.16
6838.75
1600.97
1600
1598.9
1597.95
1596.87
1595.94
1594.88
1593.96
1592.94
1592.01
1591.03
1590.1
1589.17
1588.22
1587.34
1586.38
1585.54
1584.58
1583.78
1582.82
1582.04
1581.1
1580.35
1579.4
1578.7
1577.77
1577.13
1576.24
1576.2
1577.26
1584.26
1628.7
1687.65
1828.84
2095.79
2339.61
2821.63
4000.14
4618.52
5035.96
6149.45
6464.68
6537.22
6746.39
6862.79
6949.54
6995.1
6999.97
6994.81
6992.19
6993.35
7008.45
7042.49
7065.55
7081.32
7090.39
7094.29
7094.73
7093.07
7087.3
7076.93
7061.37
7043.08
7025.63
7011.53
7001.82
6996.45
6994.74
6994.81
6996.5
7003.19
7021.32
7041.31
7057.75
7070.13
7078.98
7084.29
7086.15
7086.13
7084.51
7078.19
7070.95
7066.47
7064.56
7064.31
7064.91
7068.34
7073.03
7074.51
7074.38
7073.11
7071.1
7067.61
7063.79
7060.39
7057.12
7053.15
7048.52
7043.04
7036.44
7028.95
7020.49
7011.78
7003.28
6995.39
6987.41
6981.5
6975.16
6972.7
6964.32
1601.06
1600.05
1599.02
1598.01
1597.03
1596.01
1595.07
1594.04
1593.14
1592.12
1591.25
1590.23
1589.39
1588.39
1587.55
1586.59
1585.74
1584.82
1583.97
1583.1
1582.22
1581.42
1580.5
1579.77
1578.89
1578.55
1579.31
1585.77
1626.45
1698.21
1883.34
2083.27
2445.91
3418.06
3966.65
4913.45
6066.85
6649.75
6773.45
7082.53
7276.9
7351.81
7376.52
7377.09
7355.11
7282.94
7231.95
7215.77
7215.7
7224.53
7234.6
7236.5
7236.24
7236.49
7240.28
7247.12
7250.75
7250.98
7247.39
7228.98
7200.58
7183.27
7175.18
7172.85
7172.93
7175.05
7179.88
7183.24
7185.65
7187.86
7190.05
7192.34
7195.05
7198.51
7202.69
7207.06
7211.02
7213.88
7215.12
7215.07
7212.93
7204.75
7195.88
7189.25
7184.48
7180.33
7175.87
7172.34
7171.28
7171.13
7170.89
7170.5
7170.64
7170.59
7170.25
7169.52
7168.1
7164.33
7157.36
7149.77
7141.27
7131.09
7120.14
7108.81
7098.71
7088.66
7082.04
7073.91
7070.47
7059.83
1601.14
1600.06
1599.12
1598.04
1597.12
1596.07
1595.16
1594.14
1593.24
1592.25
1591.34
1590.4
1589.47
1588.59
1587.63
1586.81
1585.83
1585.06
1584.07
1583.34
1582.36
1581.69
1580.82
1581.1
1584.42
1608.59
1670.59
1855.34
2080.9
2640.67
3284.13
4253.07
5843.71
6258.87
6649.7
7346.09
7496.05
7514.44
7509.35
7510.87
7507.06
7505.91
7503.13
7497.39
7479.99
7432.71
7399.97
7390.07
7390.85
7399.87
7411.23
7416.35
7417.66
7417.7
7416.55
7414.59
7412.58
7408.96
7400.37
7386.55
7372.19
7358.42
7345.48
7333.2
7321.76
7311.21
7301.47
7293.02
7286.41
7281.87
7279.84
7279.54
7279.8
7281.11
7285.07
7289.8
7293.6
7296.47
7298.97
7301.63
7304.08
7305.37
7305.46
7304.77
7302.43
7300.7
7300.06
7299.08
7297.74
7296.82
7296.28
7296.22
7297.05
7299.66
7300.27
7300.26
7300.02
7299.6
7298.74
7297.34
7294.95
7289.38
7277.32
7262.72
7250.54
7237.17
7229.6
7219.06
7214.4
7200.22
1601.18
1600.09
1599.14
1598.09
1597.13
1596.14
1595.16
1594.23
1593.24
1592.36
1591.35
1590.53
1589.51
1588.72
1587.7
1586.93
1585.94
1585.16
1584.26
1583.43
1582.88
1583.71
1592.43
1649.49
1780.04
1978.3
2536.39
3081.84
4182.6
5526.22
6084.34
6975.29
7368.28
7384.39
7400.64
7467.71
7596.27
7649.59
7671.91
7679.84
7682.04
7682.69
7680.34
7672.35
7661.13
7637.27
7599.98
7567.36
7541.82
7521.32
7505.36
7496.65
7494.67
7494.91
7494.89
7494.34
7493.19
7490.09
7482.29
7477.13
7475.12
7473.77
7470.93
7464.75
7456.77
7448.36
7439.2
7430.13
7422.47
7417.24
7415.3
7415.35
7416.26
7418.93
7425.73
7435.62
7443.85
7449.53
7452.93
7454.65
7455.04
7454.23
7449.29
7435.22
7419.72
7407.04
7398.91
7395.19
7393.48
7392.7
7392.74
7393.81
7397.52
7404.81
7411.74
7414.82
7415.21
7415.03
7414.72
7414.08
7412.76
7409.78
7402.23
7388.13
7374.96
7361.58
7352.73
7341.98
7337.69
7322.93
1601.17
1600.14
1599.13
1598.16
1597.12
1596.21
1595.16
1594.3
1593.26
1592.42
1591.39
1590.55
1589.58
1588.71
1587.82
1586.91
1586.11
1585.16
1584.79
1586.08
1601.42
1692.93
1834.44
2239.65
2778.69
3918.69
5235.89
6373.03
7901.49
8086.51
8024.29
7932.37
7901.96
7875.74
7820.09
7745.88
7717.27
7717.16
7740.37
7777.86
7791.65
7789.88
7769.87
7738.57
7721.96
7713.33
7705.38
7699.45
7695.11
7687.95
7669.76
7650.59
7640.38
7638.02
7638.49
7640.77
7647.57
7652.23
7652.98
7652.09
7647.37
7630.99
7604.27
7579.76
7556.63
7534.88
7517.31
7505.88
7500.61
7499.73
7500.58
7505.17
7520.29
7541.57
7558.44
7570.47
7578.2
7582.48
7584.1
7584.16
7582.84
7576.59
7563.01
7550.28
7539.77
7533.33
7531.08
7531
7531.73
7534.12
7540.23
7547.67
7554.01
7559.58
7565.65
7571.59
7576.65
7579.19
7579.44
7579.22
7578.06
7574.52
7564.38
7544
7525.82
7507.84
7496.62
7483.31
7478
7459.85
1601.14
1600.18
1599.11
1598.19
1597.13
1596.23
1595.19
1594.3
1593.3
1592.39
1591.48
1590.51
1589.71
1588.67
1587.97
1586.92
1586.54
1587.89
1608.03
1688.6
1915.75
2344.71
3265.8
5020.26
5753.84
7326.48
7687.14
7873.76
7881.8
7866.55
7869.37
7932.4
7980.42
7988.17
7979.78
7928.65
7877.33
7867.14
7871.88
7906.04
7962.51
7995.44
8008.55
8010.74
8006.07
7979.53
7919.43
7861.13
7810.88
7774.76
7756.31
7753.04
7754.23
7759.65
7773.43
7785.16
7790.41
7790.85
7788.27
7776.39
7740.77
7694.2
7652.8
7619.69
7597.23
7585.16
7580.26
7579.17
7579.67
7583.19
7596.51
7631.77
7668.09
7696.42
7716.21
7728.32
7734.72
7737.44
7737.85
7736.42
7728.46
7704.86
7680.99
7664.78
7656.39
7653.77
7653.66
7654.59
7657.92
7667.91
7683.01
7697.3
7710.91
7722.34
7732
7739.76
7744.82
7746.95
7746.89
7745.91
7742.21
7730.81
7705.77
7683.1
7665.1
7650.08
7639.44
7627.86
7623.38
7601.58
1601.13
1600.19
1599.12
1598.18
1597.15
1596.2
1595.24
1594.27
1593.37
1592.38
1591.53
1590.52
1589.73
1588.75
1588.06
1588.93
1605.61
1697.13
1910.24
2443.29
3350.75
4258.53
6930.04
7431.15
7640.14
8041.6
8204.13
8297.31
8315.5
8319.04
8318.38
8319.14
8316.11
8297.54
8242.87
8137.04
8051.78
8009.92
8000.68
8005.39
8040.52
8094.01
8116.38
8119.24
8113.9
8080.55
8002.94
7950.97
7926.09
7919.42
7920.01
7927.59
7953.16
7975.97
7988.05
7992.63
7992.87
7988.78
7968.68
7905.62
7829.33
7765.54
7715.4
7679.22
7655.88
7643.52
7639.13
7638.88
7641.93
7656.08
7699.54
7753.16
7797.69
7831.83
7855.76
7870.41
7877.8
7880.43
7880.64
7879.43
7873.23
7858.16
7846.99
7841.2
7839.25
7839.04
7839.56
7841.81
7848.29
7864.37
7883.52
7900.87
7915.87
7928.73
7939.88
7948.34
7953.79
7957.09
7958.21
7957.66
7953.72
7939.42
7914.34
7892.48
7875.03
7862.35
7853.38
7842.74
7838.53
7807.64
1601.14
1600.18
1599.14
1598.16
1597.19
1596.19
1595.27
1594.27
1593.36
1592.42
1591.46
1590.67
1589.56
1589.76
1596.87
1679.15
1880.44
2421.38
3674.34
4992.59
7757.27
8652.75
8693.74
8591.99
8400.3
8321.1
8302.76
8306.22
8346.7
8390.88
8415.86
8419.16
8409.58
8351.59
8239.26
8173.85
8149.79
8147.67
8157.28
8201.88
8255.1
8279.32
8286.4
8285.61
8275.45
8231.98
8160.22
8108.74
8078.43
8064.5
8060.84
8061.8
8069.95
8082.13
8087.36
8088.41
8087.29
8080.04
8051.4
7977.6
7904.74
7848
7808.1
7783.75
7771.5
7767.37
7767.27
7770.67
7785.88
7836.66
7915.42
7984.98
8041.78
8084.98
8115.37
8134.41
8144.36
8148.21
8148.72
8147.77
8142.26
8123.95
8103.81
8089.85
8081.46
8077.54
8076.54
8076.75
8078.76
8086.11
8102.31
8118.82
8133.86
8146.55
8157.18
8165.56
8172.16
8175.85
8177.01
8176.25
8170.86
8154.82
8141.38
8132.63
8127.34
8124.34
8123.2
8121.57
8122.35
8082.02
1601.15
1600.16
1599.15
1598.15
1597.19
1596.2
1595.25
1594.31
1593.32
1592.48
1591.47
1590.83
1592.38
1635.69
1796.51
2233.97
3374.96
4541.93
7036.39
7845.62
8436.14
8480.24
8413.14
8264.92
8233.42
8270.92
8370.11
8449.38
8525.16
8582.22
8600.09
8603.41
8597.04
8553.99
8436.82
8345.35
8299.53
8287.11
8289.41
8311.96
8374.73
8423.55
8446.23
8451
8449.23
8437.41
8392.72
8333.17
8291.96
8267.96
8257.01
8253.7
8253.82
8256.1
8257.43
8257.35
8255.67
8247.24
8217.31
8155.29
8100.29
8059.14
8032.36
8017.83
8012.36
8011.73
8013.84
8024.33
8060.38
8144.84
8229.68
8302.89
8361.9
8406.23
8437.01
8456.03
8465.84
8468.97
8469.04
8467.2
8458.46
8434.1
8410.14
8392.52
8380.59
8373.19
8370.04
8369.59
8370.11
8372.65
8381.13
8393.39
8406.54
8418.01
8429.45
8438.44
8447.12
8453.52
8459.54
8462.7
8464.99
8466.21
8469.27
8471.78
8477.13
8479.73
8486.6
8492.17
8510.58
8455.06
1601.17
1600.15
1599.16
1598.14
1597.19
1596.18
1595.28
1594.24
1593.46
1592.27
1592.21
1599.69
1693.46
1991.37
2644.42
4035.19
7674.1
8174.32
8697.87
8956.1
9029.73
9025.58
8949.24
8701.08
8476.91
8376.71
8363.59
8384.55
8496.56
8650.72
8729.39
8746.86
8742.58
8703.5
8576.07
8475.73
8435.17
8430.1
8443.7
8519.07
8676.34
8792.42
8857.61
8881.93
8884.58
8875.32
8824.79
8702.62
8600.82
8533.07
8496.41
8480.91
8476.45
8477.69
8486.41
8493.15
8494.3
8493.31
8487.28
8462.2
8420.37
8390.77
8373.96
8367.03
8365.74
8366.85
8373.74
8397.62
8466.45
8556.03
8636.32
8703.38
8755.62
8793.56
8818.81
8833.26
8839.51
8840.6
8839.66
8834.12
8813.19
8775.44
8743.81
8720.25
8704.01
8693.34
8688.26
8687.09
8687.43
8689.19
8695.65
8701.84
8717.45
8726.69
8745.02
8754
8773.05
8782.98
8804.22
8816.71
8844.38
8858.06
8885.95
8901.22
8931.85
8946.36
8976.34
8992.77
9039.58
8956.4
1601.18
1600.14
1599.16
1598.14
1597.18
1596.2
1595.23
1594.35
1593.27
1593.58
1615.44
1782.62
2269.61
3549.24
6669.75
7872.44
8298.6
8471.31
8800.96
8967.25
9008.82
8999.75
8914.35
8761.97
8706.71
8708.22
8758.82
8924.54
9078.06
9157.99
9179.11
9177.06
9150.62
9051.53
8924.37
8841.57
8804.88
8798.66
8805.62
8845.31
8963.07
9068.19
9126.33
9146.92
9147.61
9133.21
9063.58
8931.63
8836.91
8784.66
8763.45
8759.36
8761.76
8779.08
8815.56
8839.25
8849.9
8852.49
8851.65
8843.96
8816.9
8791.08
8778.49
8775.54
8776.32
8782.14
8801.71
8858.43
8939.5
9013.87
9076.91
9126.68
9163.01
9187.24
9201.66
9208.76
9211.01
9210.8
9208.3
9197.4
9168.3
9139.18
9117.53
9104.49
9100.56
9100.42
9103.21
9107.42
9119.46
9128.16
9148.71
9160.59
9186.48
9200.36
9230.15
9246.82
9283.69
9305.92
9354.55
9381.94
9441.23
9473.58
9537.39
9572.11
9639.64
9673.78
9737.69
9767.69
9843.52
9695.5
1601.18
1600.14
1599.16
1598.14
1597.19
1596.18
1595.29
1594.25
1595.07
1637.71
1859.31
2542.12
4289.79
6279.32
8169.9
8321.34
8845.88
9383.71
9730.21
9858.78
9868.23
9832.84
9637.24
9339.42
9180.05
9133.74
9138.35
9189.72
9289.42
9343.43
9353.93
9345.64
9295.14
9170.03
9087.88
9056.85
9052.94
9060.99
9107.35
9234.67
9338.12
9393.7
9416.03
9420.69
9417.1
9391.87
9304.61
9207.26
9145.32
9114.22
9104.06
9103.62
9111.06
9143.9
9184.61
9210.11
9223.12
9228
9228.45
9225.9
9217.62
9215
9215.84
9221.05
9235.42
9271.99
9346.73
9425.36
9497
9556.85
9604.38
9638.94
9662.55
9676.99
9685.55
9689.56
9690.74
9690.24
9687.22
9674.85
9665.45
9663.8
9665.73
9671.73
9690.45
9704.44
9736.57
9753.83
9790.81
9809.35
9848.69
9869
9912.97
9937.88
9992.76
10025.6
10099.3
10144.4
10244.6
10301.7
10422.6
10489.5
10618.2
10682.1
10806.6
10867.3
10986.4
11041.2
11183.1
10881.5
1601.18
1600.14
1599.16
1598.15
1597.17
1596.24
1595.2
1596.17
1657.5
1972.93
3018.72
5723.76
9638.92
9364.42
9181.18
9219.2
9508.97
9844.12
10059.4
10164.7
10178
10146
9962.92
9591.58
9378.98
9303.59
9299.88
9344.04
9468.5
9541.88
9562.21
9555.91
9503.01
9400.75
9349.41
9336.64
9339.45
9363.75
9448.68
9547.92
9611.85
9643.41
9655.88
9659.53
9658.12
9646.65
9608.97
9577.41
9564.01
9561.78
9563.92
9575.81
9615.82
9670.26
9714.25
9744.95
9766.53
9778.68
9786.79
9793.5
9804.17
9816.6
9838.33
9885.55
9964.58
10048.4
10131.2
10199.7
10257.1
10296.3
10327.5
10345.4
10361.2
10369.1
10379.1
10382.8
10390.8
10394.8
10406.4
10415.6
10440.6
10460.3
10509.1
10543.4
10620.1
10660.9
10738.8
10775.8
10851.9
10889.6
10970.1
11013.3
11108.4
11164.2
11288.6
11364.3
11535.3
11637.2
11860.6
11981.9
12237.9
12365.4
12631.5
12759.9
13020.1
13142.6
13401.4
13528.1
13873.7
13139.5
1601.18
1600.14
1599.17
1598.14
1597.22
1596.13
1596.93
1653.36
1997.28
3017.34
5277.78
8668.5
9545.63
9598
9579.45
9596.72
9768.43
10224.5
10514.3
10643.3
10668.5
10643.7
10487.6
10161.4
9944.91
9838.83
9805.74
9803.07
9813.01
9824.74
9825.05
9810.2
9759.7
9736.22
9735.55
9748.33
9796.33
9904.15
9995.36
10058.4
10094.3
10109.2
10113.6
10115
10117.3
10119.5
10122.8
10126.5
10133.2
10145.9
10177.9
10227.1
10288.8
10343.7
10400.1
10444.6
10490.3
10518
10545.9
10566
10609.1
10669.3
10770.1
10863
10973.5
11059.2
11151.8
11212
11276.8
11311.4
11356.2
11376.3
11412.4
11429.4
11466.3
11485.4
11528.5
11554
11612.9
11652
11743.8
11805.6
11947.8
12035.2
12200
12279
12442.6
12523
12693.9
12784.5
12983.1
13096.9
13351.2
13503.2
13842.9
14045.1
14496.1
14752.7
15308.2
15599.3
16211.6
16513.8
17146.4
17455
18100.4
18413.5
19074.7
19409.7
20315.8
18400.6
1601.18
1600.16
1599.13
1598.22
1597.02
1597.33
1646.55
1987.23
3660.82
10573.1
10656.9
10226
9759.56
9693.52
9750.54
10031.7
10418.1
10661
10769.5
10794.9
10789
10741.3
10581.2
10423.2
10344.7
10318.1
10315
10319
10328.8
10333
10334.7
10337.9
10347.2
10371.5
10432.4
10582.4
10742.2
10857.5
10915.7
10935.3
10938.7
10935.7
10919.8
10900.5
10893.8
10892.6
10895.5
10905.9
10938
10986.5
11077.1
11146.2
11244.5
11316.2
11411.7
11467.6
11540.4
11576
11644.5
11692.4
11799.9
11889.7
12036.4
12138.5
12278.8
12364.4
12483.4
12544.3
12640
12684.5
12776
12823
12925.2
12981.5
13104.5
13173.8
13327.8
13420.6
13628.7
13758.8
14053.5
14233.6
14627
14839
15247.1
15446.8
15865.9
16080.5
16543.3
16801.7
17373.3
17711
18459.1
18906.9
19894.8
20464.9
21684.3
22344
23732.1
24443.7
25902.9
26621
28090.9
28807.9
30275.1
30991.6
32479.8
33239.7
35249
30929.3
1601.18
1600.16
1599.16
1598.12
1597.54
1620.19
1963.37
3155.54
6510.24
10665.3
10214.1
10210.3
10765.2
11326.1
11557.2
11591.7
11510.7
11287.8
11128.5
11006
10875.6
10754.2
10686.7
10675.2
10679.1
10703.1
10765.9
10817.7
10850
10871.9
10893.7
10926.2
10987.4
11126.9
11397.8
11670.5
11897.3
12050.9
12143
12185.5
12200.8
12201.3
12198.2
12197.2
12201.1
12211.5
12243.1
12273.8
12348.8
12410
12523.9
12589.2
12696.7
12749.3
12850.8
12902.8
13010.1
13069
13192.9
13272.3
13445.8
13563.5
13775
13897.4
14095.7
14195.3
14374.6
14466.4
14659.7
14768.3
15008.4
15154.8
15477.5
15665.3
16064.2
16291
16779.7
17078.2
17727.6
18132.9
19008.3
19569.8
20634.8
21245.3
22324.1
22883.7
23966.8
24551.4
25778.4
26488.7
28009.4
28915.2
30813.6
31984.1
34334
35812.8
38384.7
39979.4
42640.8
44186.4
46738.4
48161.8
50605.5
51862
54163.7
55304.2
57564.5
58689.7
61491.6
54926.3
1601.17
1600.16
1599.16
1598.23
1604.67
1829.48
3032.81
11160
11361.3
11000
10683.3
10685.6
11017.7
11762.4
12159.6
12272.7
12264.6
12136.9
11882.2
11702.6
11593.1
11555.1
11555.7
11573.3
11621.3
11737.3
11848.9
11929.9
11993.8
12050
12104
12200.7
12409.8
12669.3
12958.4
13213.4
13428.2
13566
13671.2
13716.6
13764.9
13787.1
13834.6
13865.2
13928.4
13984.1
14084.1
14150.2
14247.3
14315.2
14413.2
14467.3
14549.6
14597.5
14698.4
14771
14929.4
15036.1
15257.6
15424.9
15773.1
16016.9
16435.3
16685.9
17103.4
17330.8
17747.2
17997.6
18513.7
18876.9
19615
20182
21127.1
21867.5
22930.4
23812.1
25041.8
26140.9
27731.2
29161.2
31123.6
32878.8
34993.7
36844.4
38845
40553
42422.3
44189.8
46282.9
48344.7
50804.6
53214.9
56011.4
58705.7
61704.8
64412.3
67279.7
69701
72316.8
74322.2
76568.2
78178.5
80131
81361
83042.4
83997.2
85571
86329.4
88147.4
81646.8
1601.16
1600.21
1599.03
1600.2
1719.76
2595.73
5198.93
12164.8
12089.6
11455.9
10958.6
10961.1
11318.4
12360
13031.8
13333.6
13473.5
13545.9
13551.4
13511.2
13453.9
13456.6
13487.7
13530.3
13594.9
13716.1
13840.6
13936.2
14003
14091.7
14240.9
14469.2
14736.8
14994.1
15204.9
15368.4
15474.1
15536.7
15573.5
15590.9
15604.4
15623
15668.2
15728.4
15826.7
15932.2
16072.7
16174.3
16299
16394.8
16543.5
16656.9
16793.5
16924.4
17122.8
17409.5
17719.1
18104.2
18591
19195.6
20027.8
20862.4
21880.5
22770.7
23812.2
24727.9
25695.9
26751.4
27994.8
29495.6
31267
33248.1
35376.5
37664
39983.5
42516.3
45060.9
47973.4
50948.4
54228.5
57449.8
60766.4
63815.2
66819.3
69388.8
71915.2
74139.9
76536.6
78804.4
81271.8
83593.4
86006.5
88205.5
90404.1
92313.6
94106.8
95598.7
96965.1
98126.3
99109.3
99997.3
100721
101432
101937
102505
102859
103363
103590
104330
99480
1601.16
1600.16
1599.46
1633.77
2166.84
5432.54
9537.3
10218.8
11138.2
11875.9
12493.8
13123.3
13775.3
14398.4
14793.6
14933.3
15009.9
15181.5
15460.9
15787.8
16143.8
16473.9
16703
16823.6
16848.1
16837.4
16783.5
16739.3
16723.1
16725.9
16748.6
16840.9
17020.5
17168.4
17266.2
17320.3
17350.1
17361.6
17368.4
17376.5
17392.8
17433
17506.4
17628.9
17783.4
18002.8
18272.3
18541.5
18861.2
19199.6
19682.5
20145.3
20637.6
21227.8
21979.7
22989.5
24065.7
25429.1
27011.5
28988.8
31187
33641.7
36078.7
38604.3
40982.1
43434.1
45779.7
48496.1
51408.7
54864.7
58444.9
62356.3
66080.7
69990.2
73576.5
77318.2
80713.2
84306.7
87491.4
90745.4
93449.7
96070.9
98151.6
100134
101642
103108
104256
105460
106456
107499
108351
109205
109901
110597
111162
111714
112168
112619
113019
113379
113736
114033
114345
114566
114846
115009
115285
115401
116117
111424
1601.19
1600.08
1602.93
1846.04
4019.38
11836.5
15848
18095.5
18240.5
18136.6
18235.2
18757.8
19116.9
19171.1
19129.2
18947.6
18777.6
18709.4
18704.8
18713.6
18731.6
18744
18735.3
18692.1
18618.8
18519.3
18429.4
18376.1
18357.7
18357.5
18360
18368.1
18394
18462.3
18556.3
18672.4
18791.6
18903.4
18985.3
19076.3
19267.4
19665.4
20083.7
20619.4
21151.3
21909.1
22772.8
23784.4
24902
26261.8
27800.1
29495.5
31164.2
33159.1
35539.8
38466
41693.5
45476
49590.6
54280.1
59033.4
63942.8
68456.8
72869
76783.2
80683.2
84307.2
88116
91822.7
95605.2
99110.4
102478
105412
108157
110460
112579
114297
115886
117114
118243
119045
119791
120304
120795
121116
121441
121662
121927
122137
122398
122633
122910
123202
123530
123881
124230
124603
124961
125361
125685
126078
126365
126732
126964
127317
127503
127872
128033
129112
123324
1601.15
1600.56
1648.09
2502.07
23556.4
25046.8
24876.3
23935.2
22055.3
21010.4
20668.8
20593
20522.4
20342.6
20128.4
19993.6
19929.5
19901
19883.8
19854.5
19810.9
19735.5
19646.2
19558
19487.9
19413.7
19389.9
19395.6
19423.5
19483.6
19530.8
19617.8
19821.4
20040.7
20362.2
20836.8
21389.5
21898.4
22259.8
22756.6
23798.5
25310.6
27075.5
29030.5
31204.6
33673.7
36356.2
39380
42709.7
46476.8
50479.9
54695.1
59026.4
63934.2
69353.1
75297.5
81494.7
87813.2
93935.7
99748.5
104945
109582
113491
116869
119683
122177
124281
126130
127619
128863
129844
130684
131371
132010
132507
132984
133333
133713
133994
134295
134485
134695
134829
134986
135081
135199
135287
135421
135575
135780
136044
136348
136755
137192
137737
138243
138842
139358
139984
140442
141035
141422
141959
142268
142763
143016
143530
143764
145259
137714
1601.06
1603.88
1908.78
4711.67
13241.2
16250.8
18176.4
19079.8
19380
19583.8
19891.1
20101.5
20202.9
20249.4
20284.4
20377.2
20500.1
20583.4
20654.4
20704.4
20728.4
20732.8
20731.8
20741.3
20771
20864.8
20995.1
21206.7
21529
21870
22166.2
22674.8
23522.7
24464.8
25755.7
27469.5
29342.5
30999.4
32589.1
34941.6
38223.7
42625.1
47696.6
53265.4
59120.1
65331
71760.8
78485.6
85251.2
92003.7
98449.6
104677
110666
116546
122156
127405
132035
135947
139035
141392
143136
144461
145430
146175
146713
147128
147372
147522
147574
147595
147605
147644
147757
147949
148146
148404
148633
148947
149235
149565
149845
150140
150407
150675
150903
151128
151354
151620
151951
152328
152807
153313
153950
154598
155353
156034
156792
157432
158170
158687
159359
159769
160383
160720
161308
161617
162260
162571
164491
154697
1601.32
1637.21
2503.01
29377.6
27392.9
25468.2
24867.8
24028.9
23380.4
23037.2
22847.6
22651
22498.7
22440.8
22439.7
22449
22477.8
22550.3
22639.7
22718.1
22794.5
22967.6
23104.3
23347.5
23589.7
24140
24782
25736.3
26935.9
28209.5
29636.4
31754.9
34638.7
38342.4
42572.1
47420.6
52374
57231.4
62601.2
69289
77652.8
87328.4
97465.1
107435
116724
125221
132812
139447
144992
149550
153192
156176
158594
160558
162089
163264
164094
164649
164941
165055
165085
165078
165064
165046
165025
164998
164951
164873
164831
164836
164890
165044
165351
165758
166218
166736
167244
167833
168399
168970
169472
169948
170352
170716
171003
171277
171548
171885
172307
172814
173434
174111
174910
175740
176645
177473
178348
179094
179937
180533
181322
181797
182557
182973
183743
184160
185033
185468
187901
174772
1602.86
1776.63
4879.27
16892
19280.7
21017.6
22107.8
22925
23400.3
23578.1
23622
23615.4
23640.8
23717
23830.3
24043.1
24170.2
24476.2
24920.8
25279.9
25800
26813.5
27876.2
28948
30284.6
32355.3
34987.8
38361.4
42635.2
47062.5
52196.8
58940
67505.2
77531.9
88419.3
99297.1
109499
119390
129570
139960
150076
159194
166978
173296
178040
181488
183858
185304
186001
186217
186196
186102
185941
185843
185758
185707
185674
185643
185593
185536
185540
185606
185721
185882
186065
186276
186458
186664
186897
187191
187562
188008
188557
189167
189795
190433
191044
191726
192377
193023
193587
194124
194576
195000
195354
195728
196127
196648
197287
198054
198942
199903
200962
202052
203175
204204
205242
206141
207134
207863
208832
209439
210429
210989
212035
212611
213816
214418
217430
199188
1611.54
2280.75
36300.5
31588.2
30212.3
28508.2
26911.6
26496.5
26058.9
26024.7
26082.7
26196
26438.9
26812.6
27376.6
28148.9
28664.1
29820.5
31146.7
32589.5
34824.3
38426.2
42193.5
46281.3
51484.5
58091.1
66072
76269.7
87974.1
100635
114575
129946
145948
161131
174200
184869
193236
200048
205586
209574
212048
213326
213994
214369
214362
214253
213989
213471
212746
211964
211270
210737
210308
210201
210253
210486
210906
211393
211860
212319
212763
213190
213571
213926
214231
214526
214781
215087
215427
215858
216391
216994
217702
218455
219234
220016
220775
221623
222440
223251
223970
224665
225267
225870
226419
227042
227723
228587
229593
230759
232035
233379
234781
236202
237598
238879
240124
241230
242430
243358
244575
245393
246689
247471
248875
249668
251288
252097
255656
229953
1650.88
3523.9
16514
21926.1
23333.2
23704.2
24458.1
25999.6
26746
27835.8
29077.1
30470
31856.4
33648.6
36098.6
38883.3
41315.2
45002.2
48963.9
54510.8
63166.4
73421.8
84891.5
97924.4
113167
130857
150173
170370
189560
207007
221703
233362
241903
247427
250395
251888
252031
251785
251178
250174
248839
247515
246421
245620
245069
244660
244322
244008
243693
243400
243283
243299
243434
243813
244413
245152
245944
246715
247406
248041
248622
249172
249670
250150
250593
251054
251502
252035
252626
253325
254137
254997
255965
256946
257958
258960
259947
261056
262141
263221
264204
265181
266065
267002
267919
268985
270129
271503
273014
274693
276445
278244
280041
281845
283555
285139
286641
288026
289495
290715
292251
293382
295050
296148
297972
299060
301164
302217
306320
268476
1784.09
6099.8
15308.9
22176.4
26038.6
27807.7
31087.1
35569.6
37960.5
41057
44770.9
48421.9
52112.3
56950
64364.7
72464
80965.9
90968.4
103614
121984
146122
172077
198217
223003
245747
265120
280622
292309
299768
304006
304771
304259
302875
300694
298342
296033
293872
291892
290197
288773
287526
286796
286685
286836
287331
287808
288141
288307
288369
288397
288491
288732
289144
289822
290761
291879
293048
294192
295241
296218
297117
297968
298757
299528
300270
301040
301819
302715
303691
304778
305980
307193
308515
309807
311142
312443
313750
315221
316690
318158
319538
320950
322294
323775
325286
327020
328826
330878
333024
335311
337611
339917
342151
344386
346459
348410
350235
351987
353815
355436
357385
358948
361068
362594
364914
366376
369059
370382
375223
324745
2169.99
41084.2
36816.3
37579.6
42791.2
46865.2
53869.5
63384.9
69785.4
77052
86874
95471.4
107279
121925
142353
165656
190078
218399
251417
286218
318770
343871
361645
372121
377679
378553
377682
375434
371982
368022
363767
359640
356054
353071
350797
349166
348042
347266
346846
346723
346716
346963
347581
348364
349187
349903
350479
350939
351337
351765
352295
353005
353926
355134
356628
358321
360063
361768
363363
364872
366285
367628
368893
370125
371327
372572
373856
375290
376829
378468
380216
381909
383719
385425
387206
388914
390671
392648
394675
396739
398747
400859
402967
405319
407727
410394
413055
415933
418809
421768
424662
427512
430218
432947
435450
437854
440105
442346
444665
446833
449324
451472
454148
456251
459154
461105
464482
466109
471860
408664
3375.53
21225.3
26098.8
42781.2
72338.1
89251.4
109108
130521
146473
165471
192653
219657
255026
295350
340669
383039
418919
448338
471090
485232
491871
491087
487877
481430
474037
466447
459123
452764
447640
443719
440761
438723
437449
436505
435777
435174
434796
434725
435007
435667
436496
437556
438841
440210
441505
442651
443692
444700
445731
446884
448202
449723
451461
453485
455792
458300
460848
463343
465713
467988
470156
472236
474221
476159
478071
480049
482111
484369
486760
489223
491781
494170
496694
498981
501420
503707
506108
508866
511771
514813
517886
521179
524540
528203
531840
535698
539349
543151
546802
550456
553982
557414
560634
563956
567001
569992
572841
575742
578767
581682
584901
587837
591217
594119
597706
600347
604532
606542
613313
531534
5774.8
19295
54890.4
132939
199966
229254
258773
297865
342073
399397
461792
517873
569996
612832
647466
668484
674810
672449
665669
653818
640465
626606
613414
602077
593193
586651
582128
579364
577647
576374
575268
574509
574137
573942
573862
573919
574340
575226
576676
578560
580654
582893
585206
587431
589428
591220
592983
594888
597002
599396
602049
604907
607940
611208
614703
618369
622039
625621
629061
632404
635645
638805
641875
644913
647953
651119
654439
658018
661756
665517
669332
672811
676455
679620
683123
686257
689659
693779
698244
703001
707884
713163
718433
723848
728959
734186
738854
743635
748069
752426
756668
760738
764564
768670
772449
776256
779987
783826
787925
791875
796102
800109
804439
808477
812888
816576
821630
824276
831994
716314
7552.96
99792.8
284474
432127
506388
531534
582220
685179
786910
870466
928925
965869
986868
988984
981453
964446
940152
913648
888170
866567
850929
840290
832503
826367
821571
817708
814606
812668
811638
811179
811060
811450
812406
813518
814707
816112
817908
820237
823265
826852
830708
834627
838445
841932
844965
847732
850621
853974
857883
862312
867124
872095
877127
882266
887501
892812
898037
903091
907958
912731
917441
922129
926806
931549
936401
941497
946860
952550
958391
964165
969901
975093
980486
985038
990305
994630
999723
1.00649e+06
1.01386e+06
1.02164e+06
1.02943e+06
1.03774e+06
1.04563e+06
1.05297e+06
1.05959e+06
1.06625e+06
1.07186e+06
1.07775e+06
1.08302e+06
1.0882e+06
1.09345e+06
1.09827e+06
1.103e+06
1.10827e+06
1.11317e+06
1.11823e+06
1.12335e+06
1.12863e+06
1.13454e+06
1.13994e+06
1.14564e+06
1.15116e+06
1.15695e+06
1.16265e+06
1.1682e+06
1.17354e+06
1.17934e+06
1.18397e+06
1.19135e+06
1.0107e+06
100488
679021
971790
1.05139e+06
1.08107e+06
1.13163e+06
1.26037e+06
1.40752e+06
1.50397e+06
1.55635e+06
1.57289e+06
1.56493e+06
1.53798e+06
1.48803e+06
1.43259e+06
1.39749e+06
1.37235e+06
1.35225e+06
1.33553e+06
1.32127e+06
1.30888e+06
1.29739e+06
1.28733e+06
1.27999e+06
1.27472e+06
1.27029e+06
1.26646e+06
1.26399e+06
1.26318e+06
1.26346e+06
1.2649e+06
1.26757e+06
1.2711e+06
1.27482e+06
1.27846e+06
1.28215e+06
1.286e+06
1.29016e+06
1.295e+06
1.30064e+06
1.30684e+06
1.3132e+06
1.31933e+06
1.32481e+06
1.32955e+06
1.334e+06
1.33882e+06
1.34456e+06
1.35135e+06
1.35892e+06
1.3669e+06
1.3749e+06
1.38276e+06
1.39052e+06
1.39818e+06
1.40573e+06
1.41299e+06
1.41991e+06
1.42654e+06
1.43306e+06
1.43961e+06
1.4463e+06
1.45321e+06
1.46046e+06
1.4681e+06
1.47621e+06
1.48473e+06
1.4936e+06
1.50249e+06
1.51113e+06
1.51954e+06
1.52725e+06
1.53514e+06
1.54187e+06
1.54984e+06
1.5558e+06
1.56378e+06
1.57639e+06
1.58875e+06
1.60158e+06
1.61363e+06
1.62554e+06
1.63642e+06
1.64525e+06
1.65323e+06
1.6617e+06
1.66828e+06
1.67597e+06
1.68237e+06
1.68893e+06
1.6962e+06
1.70191e+06
1.70851e+06
1.7158e+06
1.72267e+06
1.72988e+06
1.73752e+06
1.74534e+06
1.75463e+06
1.76211e+06
1.77018e+06
1.77816e+06
1.78651e+06
1.79475e+06
1.80235e+06
1.81025e+06
1.81686e+06
1.82705e+06
1.82914e+06
1.53015e+06
1.43148e+06
2.45537e+06
2.43823e+06
2.3725e+06
2.30612e+06
2.33326e+06
2.48319e+06
2.65249e+06
2.73855e+06
2.77215e+06
2.77051e+06
2.75395e+06
2.71978e+06
2.67164e+06
2.59954e+06
2.53307e+06
2.47972e+06
2.43573e+06
2.39823e+06
2.3661e+06
2.33882e+06
2.31665e+06
2.30014e+06
2.28977e+06
2.28153e+06
2.27326e+06
2.26491e+06
2.25805e+06
2.25465e+06
2.25395e+06
2.25621e+06
2.26091e+06
2.26661e+06
2.27232e+06
2.27759e+06
2.28254e+06
2.28724e+06
2.29197e+06
2.29743e+06
2.30416e+06
2.31202e+06
2.32023e+06
2.32804e+06
2.33487e+06
2.34089e+06
2.34695e+06
2.35387e+06
2.36215e+06
2.37179e+06
2.38219e+06
2.39282e+06
2.40328e+06
2.41347e+06
2.42346e+06
2.43323e+06
2.44267e+06
2.45155e+06
2.45983e+06
2.46773e+06
2.47561e+06
2.48378e+06
2.49244e+06
2.50177e+06
2.51192e+06
2.52289e+06
2.53452e+06
2.54656e+06
2.55867e+06
2.57041e+06
2.58163e+06
2.59233e+06
2.60249e+06
2.61275e+06
2.62211e+06
2.63288e+06
2.64103e+06
2.65665e+06
2.68053e+06
2.70181e+06
2.72151e+06
2.74001e+06
2.75585e+06
2.77162e+06
2.78443e+06
2.79323e+06
2.80371e+06
2.81602e+06
2.82772e+06
2.84357e+06
2.85182e+06
2.87012e+06
2.87647e+06
2.89188e+06
2.90484e+06
2.91048e+06
2.92641e+06
2.94541e+06
2.95965e+06
2.97799e+06
2.98626e+06
3.00238e+06
3.01838e+06
3.03072e+06
3.04442e+06
3.059e+06
3.07315e+06
3.08069e+06
3.10692e+06
3.09749e+06
2.68143e+06
5.491e+06
5.96061e+06
5.92069e+06
5.66765e+06
5.20075e+06
4.76942e+06
4.51431e+06
4.35753e+06
4.28219e+06
4.25973e+06
4.26593e+06
4.28136e+06
4.31065e+06
4.35189e+06
4.41541e+06
4.47295e+06
4.51581e+06
4.55203e+06
4.587e+06
4.62226e+06
4.65754e+06
4.69026e+06
4.71838e+06
4.74242e+06
4.76415e+06
4.78674e+06
4.81179e+06
4.83807e+06
4.86457e+06
4.89051e+06
4.91528e+06
4.93866e+06
4.96057e+06
4.98172e+06
5.00275e+06
5.02399e+06
5.04613e+06
5.06979e+06
5.0946e+06
5.11949e+06
5.1438e+06
5.16753e+06
5.19088e+06
5.21439e+06
5.23856e+06
5.2631e+06
5.28748e+06
5.31104e+06
5.33368e+06
5.35627e+06
5.37945e+06
5.40369e+06
5.42902e+06
5.45491e+06
5.48077e+06
5.50611e+06
5.53055e+06
5.55435e+06
5.57814e+06
5.60225e+06
5.6269e+06
5.65215e+06
5.67797e+06
5.70407e+06
5.73027e+06
5.75629e+06
5.78193e+06
5.80698e+06
5.8318e+06
5.85667e+06
5.88183e+06
5.90759e+06
5.93352e+06
5.96009e+06
5.98613e+06
6.01239e+06
6.21787e+06
6.13643e+06
6.2794e+06
6.25038e+06
6.36514e+06
6.49774e+06
6.44887e+06
6.57175e+06
6.77011e+06
5.62615e+06
6.92765e+06
5.72707e+06
6.94106e+06
7.10787e+06
7.01344e+06
7.16691e+06
7.05356e+06
7.16751e+06
6.09117e+06
7.4742e+06
7.42497e+06
7.44863e+06
7.54278e+06
7.76455e+06
7.71287e+06
7.7966e+06
7.99946e+06
7.99121e+06
8.04807e+06
8.18542e+06
6.75555e+06
8.15087e+06
8.31023e+06
8.5486e+06
2.03649e+07
2.01927e+07
1.92607e+07
1.64556e+07
1.32525e+07
1.16576e+07
1.07714e+07
1.02433e+07
9.52837e+06
9.45175e+06
8.98575e+06
8.23193e+06
7.49715e+06
6.67859e+06
5.95654e+06
5.3059e+06
5.75302e+06
5.89876e+06
6.01337e+06
6.07722e+06
6.09132e+06
6.13493e+06
6.11031e+06
6.11892e+06
6.12032e+06
6.14038e+06
6.14876e+06
6.14069e+06
6.13853e+06
6.15248e+06
6.15982e+06
6.15753e+06
6.15348e+06
6.1674e+06
6.18608e+06
6.1924e+06
6.1883e+06
6.17826e+06
6.17579e+06
6.18384e+06
6.18728e+06
6.18318e+06
6.1716e+06
6.15724e+06
6.15416e+06
6.15399e+06
6.15179e+06
6.14665e+06
6.13917e+06
6.13096e+06
6.127e+06
6.12205e+06
6.11359e+06
6.10284e+06
6.09005e+06
6.08297e+06
6.08117e+06
6.08178e+06
6.08423e+06
6.08449e+06
6.07551e+06
6.06437e+06
6.05751e+06
6.05455e+06
6.05777e+06
6.06986e+06
6.09289e+06
6.12233e+06
6.14923e+06
6.16894e+06
6.17627e+06
6.1796e+06
6.18709e+06
6.20159e+06
6.22768e+06
6.26579e+06
6.31314e+06
6.36496e+06
6.40239e+06
6.46112e+06
5.45448e+06
5.54982e+06
5.87763e+06
5.11109e+06
3.24432e+06
2.55683e+06
2.25561e+06
2.07092e+06
1.9023e+06
2.15e+06
2.02409e+06
1.97303e+06
1.97737e+06
1.94684e+06
1.91609e+06
1.92145e+06
2.02144e+06
2.06236e+06
2.0886e+06
2.09568e+06
2.10238e+06
2.09788e+06
2.0963e+06
2.08858e+06
2.07692e+06
2.06678e+06
2.06257e+06
2.06305e+06
2.06033e+06
2.06085e+06
2.06487e+06
2.07298e+06
2.08024e+06
2.09017e+06
2.10457e+06
2.12069e+06
2.13657e+06
2.15124e+06
2.16192e+06
2.17477e+06
2.18993e+06
2.20586e+06
2.22264e+06
2.23659e+06
2.24839e+06
2.26072e+06
2.27354e+06
2.2856e+06
2.29716e+06
2.30523e+06
2.31361e+06
2.32063e+06
2.32737e+06
2.3338e+06
2.33708e+06
2.34203e+06
2.34465e+06
2.34785e+06
2.3516e+06
2.3569e+06
2.36155e+06
2.36399e+06
2.36519e+06
2.36581e+06
2.36676e+06
2.36918e+06
2.37491e+06
2.38548e+06
2.40034e+06
2.41823e+06
2.43642e+06
2.45281e+06
2.46672e+06
2.47917e+06
2.49249e+06
2.50884e+06
2.53121e+06
2.56052e+06
2.58645e+06
2.64354e+06
2.91796e+06
2.97569e+06
3.30629e+06
3.52407e+06
2.50923e+06
1.49183e+06
1.14832e+06
1.00455e+06
918892
995840
1.00701e+06
1.04765e+06
1.10679e+06
1.1469e+06
1.18204e+06
1.22141e+06
1.27843e+06
1.30516e+06
1.3223e+06
1.32762e+06
1.33221e+06
1.32334e+06
1.3184e+06
1.30696e+06
1.2908e+06
1.27181e+06
1.2573e+06
1.24928e+06
1.23878e+06
1.2297e+06
1.22399e+06
1.22194e+06
1.22142e+06
1.22181e+06
1.22438e+06
1.22976e+06
1.23668e+06
1.24493e+06
1.25157e+06
1.25825e+06
1.26657e+06
1.27614e+06
1.28646e+06
1.29647e+06
1.30531e+06
1.31358e+06
1.32209e+06
1.33049e+06
1.33919e+06
1.34645e+06
1.35322e+06
1.35941e+06
1.36524e+06
1.37158e+06
1.37585e+06
1.38099e+06
1.38422e+06
1.38715e+06
1.39014e+06
1.39335e+06
1.39775e+06
1.40135e+06
1.40404e+06
1.40584e+06
1.40715e+06
1.40849e+06
1.41048e+06
1.41423e+06
1.42027e+06
1.42901e+06
1.43982e+06
1.4511e+06
1.46166e+06
1.47056e+06
1.479e+06
1.48769e+06
1.4986e+06
1.51407e+06
1.52653e+06
1.56067e+06
1.80978e+06
1.84251e+06
2.04503e+06
2.7109e+06
2.47452e+06
1.54395e+06
991052
779640
681663
692895
718256
771425
834429
887203
934393
972931
1.01558e+06
1.03684e+06
1.04813e+06
1.04798e+06
1.04547e+06
1.03166e+06
1.0192e+06
1.00377e+06
983023
958786
937408
921664
905066
889694
876919
866905
859185
852212
846938
843466
841834
842113
842875
843480
844915
847458
850528
854440
858406
861837
865313
868878
872935
877056
880930
884718
888063
892000
894861
898406
900952
903125
905438
906832
909398
911890
914133
915874
917442
918999
920497
922381
924657
928002
932832
938712
945408
951370
957453
963476
969927
979316
985159
1.00447e+06
1.19408e+06
1.21e+06
1.31751e+06
1.93305e+06
2.32912e+06
1.77626e+06
1.06492e+06
753473
614751
581184
602708
657608
721171
780541
833195
872608
908730
925947
931181
925442
915080
896298
877140
858085
833300
805450
779644
758601
737933
718818
702001
687419
675317
664064
654306
645908
639230
634380
630990
627527
624696
622701
621381
621236
621549
621722
621901
622295
623102
624553
626001
627611
628929
630684
632045
633907
635325
636528
638000
638405
639467
640790
642134
643308
644551
645920
647186
648435
649271
650229
651856
654351
658011
661679
665803
670265
674423
680856
683694
694681
839052
846804
898719
1.23727e+06
2.00231e+06
1.88059e+06
1.26093e+06
813203
617982
537914
552930
608297
675056
742155
800095
842397
874994
887910
886853
874628
856048
832814
806849
783762
754931
723648
694440
669509
645776
623967
604539
587218
572380
558430
545979
534755
525237
517323
511163
505131
499700
494947
490906
487977
485825
483693
481629
479960
478542
477999
477576
477433
477192
477221
477327
477684
478011
478290
478838
478602
478673
478941
479400
479920
480613
481542
482515
483430
483704
483714
483790
484335
485838
487838
490366
493621
496361
501165
502597
508935
621623
625856
651865
829064
1.50942e+06
1.81157e+06
1.47563e+06
945397
667705
531120
538773
594534
666368
741752
806514
852112
880595
886928
880439
861104
834790
806520
773919
746337
713401
678552
646305
618242
591981
568007
546667
527554
510895
495085
480848
467813
456562
446762
438750
431004
423899
417406
411663
406942
403045
399338
395751
392687
389785
387831
386036
384560
383156
381916
381006
380263
379622
379074
378809
377999
377339
376863
376590
376508
376617
376983
377555
378075
378017
377672
376926
376554
376799
377522
378845
380978
382714
386279
387007
390664
479286
481726
496377
590125
1.00511e+06
1.60814e+06
1.54109e+06
1.14029e+06
764581
550571
550784
606224
684994
771021
842942
889410
910978
909038
893890
865005
830847
797018
758978
727144
690674
652091
617248
586772
558639
533066
510358
490073
472215
455134
439689
425411
413023
402010
392768
383842
375597
367940
361072
355155
350026
345202
340532
336471
332544
329569
326754
324273
321991
319799
318109
316494
315080
313815
312898
311491
310259
309210
308376
307745
307311
307215
307275
307317
307056
306383
305264
304321
303852
303863
304251
305308
306389
308792
309099
311110
381237
382650
391629
440719
664679
1.24889e+06
1.4816e+06
1.29616e+06
909279
604319
588087
640744
727116
823972
899207
936946
942165
929541
902766
867578
827547
787508
746655
711246
673023
631948
595585
563758
534923
508670
485301
464455
445990
428260
412157
397095
384004
372228
362242
352550
343541
335098
327465
320733
314751
309117
303667
298856
294207
290465
286882
283645
280686
277773
275472
273173
271148
269288
267751
265885
264148
262630
261334
260256
259353
258783
258370
258038
257396
256414
255097
253829
252947
252295
252213
252452
252982
254332
254297
255223
310802
311620
317063
341971
468912
863309
1.31166e+06
1.30737e+06
1.07756e+06
702952
655402
699172
789335
888004
943132
959555
948942
920790
883579
842509
801594
756574
718662
681479
646218
606537
571482
540384
512761
487221
464284
443672
425334
407785
391688
376386
363046
350915
340627
330589
321165
312257
304145
296893
290372
284172
278194
272819
267685
263344
259212
255411
251936
248493
245699
242881
240381
238034
235960
233693
231541
229631
227939
226488
225191
224210
223354
222627
221633
220367
218859
217365
216200
215163
214562
214334
214398
214820
214468
214731
258531
258986
262046
275635
351717
564286
1.02277e+06
1.24106e+06
1.15754e+06
844340
753248
780022
853883
920659
948472
933860
895940
849687
810671
768025
733605
687849
659120
623022
596771
564228
535576
508694
484689
462155
441279
422003
404838
388581
373316
358535
345519
333501
323363
313482
304047
295025
286737
279255
272485
265972
259712
253959
248562
243765
239318
235103
231274
227470
224285
221108
218249
215518
213023
210410
207926
205696
203674
201908
200287
198961
197727
196627
195304
193774
192071
190396
189007
187720
186755
186120
185714
185611
184945
184579
218763
218992
220632
229253
272290
389777
706361
1.06478e+06
1.13344e+06
964407
850228
849426
881392
899654
882947
832484
784590
737572
706094
667610
642652
602528
583377
551430
533811
508431
485856
463972
444635
427594
411103
394672
380102
366283
352775
339518
327533
316209
306752
297614
288660
279996
271885
264508
257779
251292
245002
239145
233688
228667
224117
219665
215644
211646
208195
204812
201722
198733
195948
193082
190346
187871
185601
183579
181705
180105
178574
177159
175552
173789
171901
170071
168493
167031
165801
164874
164057
163642
162636
161674
187922
188048
188900
194091
215581
284730
450988
797975
1.03662e+06
991934
897729
867060
854287
810155
764091
695290
655823
607519
583808
541830
525797
491586
482904
460767
454957
440823
428613
414159
400344
388508
375972
362085
349712
338457
327473
316396
306046
296010
287784
279946
271967
264215
256708
249757
243429
237366
231390
225766
220496
215577
211105
206683
202636
198643
195096
191666
188499
185419
182507
179525
176644
174018
171593
169398
167349
165564
163841
162208
160396
158457
156421
154467
152742
151147
149730
148593
147464
146781
145552
144068
163692
163756
164168
166821
177623
224246
310550
517818
839156
935334
881403
828524
766413
675940
623938
542326
502386
451217
430063
383923
372004
344451
342385
331298
334671
334138
335267
333597
331137
330091
327115
320619
313199
306316
298929
290397
281916
273336
265949
259294
252536
245889
239261
233056
227424
222068
216813
211718
206891
202366
198187
194080
190216
186435
182994
179689
176635
173671
170829
167911
165039
162382
159918
157666
155556
153694
151908
150196
148304
146292
144187
142160
140356
138675
137158
135851
134557
133562
132283
130376
144414
144371
144535
145753
152164
177154
227000
333302
591289
795898
778483
728093
636342
532999
464337
384695
344392
296718
272910
230890
221084
198116
195498
185214
188875
190660
196733
200033
205366
216539
226750
233620
238798
244419
247807
247293
245513
241926
238310
234629
230126
225200
219906
214825
210043
205441
200739
196220
191916
187921
184190
180540
177046
173614
170457
167410
164662
162000
159413
156721
154027
151469
149095
146892
144853
143077
141409
139799
138008
136067
134012
132002
130211
128487
126980
125572
124255
123013
121748
119561
128767
128515
128575
129076
132125
144270
187042
238143
363987
612012
620761
581946
495314
394282
321808
261679
223328
191428
172083
145854
135961
116579
111892
100364
99036.1
94912.3
95629
95903.5
97883.3
102903
109826
116622
123527
133605
143953
153056
160682
167601
174031
179992
183716
185857
185854
185489
184528
182876
180432
177615
174633
171767
168914
166008
163107
160167
157386
154686
152206
149832
147540
145169
142744
140378
138176
136147
134315
132740
131336
130003
128480
126773
124919
123032
121384
119725
118320
116886
115660
114326
113137
110832
115655
115368
115302
115462
116697
122622
153121
184016
246322
415149
454137
425574
361040
286528
232966
190887
156778
134573
118237
100939
88855.9
73706
68925.7
59021.8
56001.2
52316.6
52113.7
51833.1
52109.7
52754.3
53912.8
55749.3
57624.2
60792.6
64355.7
68760.5
73309.5
78814.9
85051.6
92140.3
99007.5
105679
111615
117203
122762
127953
132083
135089
137360
139149
140391
140918
140771
140294
139343
138138
136980
135657
134241
132553
130710
128736
126915
125192
123715
122493
121429
120425
119276
117902
116341
114717
113257
111690
110510
109239
108204
106961
105869
103638
105061
104828
104489
104509
104900
107218
117603
152098
185226
278498
316100
301294
266001
221180
184386
150341
121168
98046.7
71081.6
54364.2
45161.4
41310.4
40455.2
37982.2
38156.7
38611.1
38991.2
39323.4
39441.5
39533.7
39468.1
39354.7
39424.2
39638.8
39960.1
40507.8
41307.9
42327.6
43681.2
45432.4
47367.5
49540.8
52104.6
54960.6
58242.1
62040.6
66131.4
70063.5
74082.4
78128.2
82479.8
86696.7
90790.4
94202.5
97388.4
100167
103044
105398
107377
108666
109359
109479
109455
109466
109557
109764
110028
109992
109732
109087
107983
106582
105421
104160
103215
102178
101437
100482
99538.2
97548.3
96006.2
95807
95515.8
95273.1
95365.5
96098.5
99998.7
118794
150772
216799
227551
219393
199969
171836
142260
111775
87381.3
60442.6
41585.9
32230
27527.9
27670.7
29275
31079.5
35707.2
36064.3
36005.8
35886.8
35854.7
35865
35778.6
35496
35177
35033.9
34773.8
34602.3
34479.6
34483.3
34488.7
34507.3
34570.9
34666.2
34850.4
35208.1
35656.1
36311.1
37166.7
38150.7
39357.6
40562.2
42146
44093.2
46267.8
48304.8
50613.2
53118.8
56045.9
59160.6
62404.6
65388.9
68183.7
70637.6
73083.9
75586.7
78648.4
82064
85796
89120.7
92036.3
93979.4
95238
95699.3
95846
95808.6
95753.8
95533.1
95250.7
94668.4
93923.8
92273.7
84071.1
84163.6
84215.7
84248.4
84366.1
84758.8
86651.4
94951.1
120245
179503
178927
168729
151798
124343
95429.6
71670.5
49124.4
35577
27646.7
23617.1
21408.8
20574.9
21050.6
23832.2
30828.7
31370.5
31966.9
32946.5
33563.6
33461.4
33178.5
32808
32675
32532.6
32287
32008.3
31814.9
31672.9
31522.5
31270.3
31059.4
30825.4
30672.1
30557.6
30397.5
30311.1
30232.6
30237.1
30272.6
30347.8
30438.9
30641.6
30928.4
31299.3
31715.2
32399
33083
34124.7
35211.4
36453.6
37594.8
39007.3
40466.1
42187.5
44526
47637.5
51445.7
55640.8
60034.1
64206.6
68100.4
71624.9
75095.1
78276
81553.2
84124.8
86311.7
87797.3
87794.6
87318.6
61037
61604.9
62502.3
63071.6
63931
64770.3
66460
72080.9
78411.8
73194.8
75660
72381.6
65090.7
52138.8
41543.6
32661
26875.3
23005
21143.2
20215.8
19321.3
17589.4
16629.6
16823.1
17713.5
19873.6
25048.4
29241.8
29986.8
29890.2
29633.3
29647.2
29646.7
29517.2
29229.9
29002.6
28826.8
28717.2
28572.1
28373.2
28186.9
28021.5
27897
27793.4
27639
27484.1
27329.7
27197.3
27102.5
27007.9
26868.2
26780.5
26685.8
26585
26514.9
26520.4
26554.8
26651.8
26759.5
26932.4
27068.4
27304.5
27536.1
28030.5
28616.4
29805.7
31228
33243.6
35492.2
38192.2
41047
44221.6
47856.3
52007.2
56937.8
62083.5
67055.9
72257.8
75359.1
78627.7
33581.4
34487.2
35134.8
36001.2
36878.6
37800
42636.6
42808.6
38465.9
28008.9
24721.2
24720.3
25100.1
23945.8
21604.5
19507.7
17919.4
16879.4
16922.2
16655.5
16134.4
16044.1
15784.6
15021.2
14697.3
15219.9
17078.8
18902.1
22437.1
25271.2
25663.5
26775.4
26828
26762.8
26572.1
26326
26275.5
26229.4
26139.8
25948.5
25778.8
25661.5
25596.6
25512.1
25394.7
25244
25116.3
24986.2
24903.9
24785.6
24645.5
24490.7
24344.7
24171.3
24035.6
23911.2
23840.3
23775.4
23719.6
23634.2
23545.9
23496.8
23450.1
23467.5
23536.2
23718.2
23990.5
24591.4
25108.8
26183.5
27046.5
28830.1
30271.8
33267
35665.1
40538.8
43927.1
50624
54013.9
61480.4
15712.7
16137.8
16589.3
16987.4
18014.1
22129.4
25937
24060
20112.9
16428.3
14093.9
12390.3
12586.6
13101.9
14378.8
15243.4
15053.5
14504.2
14140.3
13976.4
14043.7
14237.8
14248.3
14160.1
13910.2
13089
12703.8
13065.4
14998.8
17509.6
22636.8
24244.6
24055.9
23962
23814.4
23772.8
23735.1
23616.6
23442.8
23321.5
23245.7
23178
23108.9
22994
22867.9
22731.5
22648.5
22591.4
22553.4
22471.5
22350.9
22201.2
22079
21930.4
21830.6
21733.9
21677.6
21611
21556.1
21455.4
21355.3
21244.7
21176
21113.3
21073.1
21082.2
21121.1
21237.4
21368.1
21664.2
21944.1
22562.9
23077.4
24221.2
25289.1
27652.8
29465.7
33475.4
35943.6
42423.6
7548.25
7698.62
8144.5
9392.47
11640
16522.7
16478.4
15246.1
13286.2
11774.9
10649.2
9884.5
9488.49
9597.44
10193.9
10670
11783.1
12835.8
13555.2
13520
13359.7
12987.6
12496.7
12310.2
12077.6
11904.1
11674
11079.1
11095.4
11578.9
13206.4
16039.6
18311.3
19846.4
20020.4
20594.8
20717.7
20687.1
20589.8
20523.5
20537.8
20562.9
20545.4
20506.6
20426.7
20329
20265.6
20231.8
20193
20148.5
20081.1
19977
19882.1
19784.8
19710.9
19651.2
19601.8
19558.4
19524.7
19455.8
19363
19289
19238.2
19202.6
19154.8
19139.6
19142.7
19157.3
19194.4
19288.4
19400.9
19598.3
19803
20255.4
20640.4
21514.5
22256
23977.4
25206.3
28897
4217.18
4809.92
6083.01
7724.88
12300.4
12303.7
11958.5
11035.1
10155.5
9633.18
9256.13
8969.87
8722.39
8521.47
8457.93
8591.07
9038.35
9649.91
10134.3
10990.3
11742.3
11858.6
11756.7
11520
11120.1
10876.4
10595.9
10434.9
10182.4
9841.13
10019.1
10873.7
12743.4
16425.2
19531
19913.6
19785.1
19706
19664.8
19665.8
19650.9
19592.7
19498.4
19442.6
19372.7
19287.2
19198.5
19109.1
19007.6
18932.7
18838.9
18729.9
18619.3
18515.2
18417.9
18334.3
18258.6
18195.2
18127.7
18039.2
17941
17875.1
17833
17794.6
17744.6
17709.9
17705.2
17712.1
17737.7
17803.6
17895.2
18089.2
18210
18473.2
18648.8
19030.4
19313.6
19983.6
20462
22080.4
3524.54
4612.88
7300.77
8742.59
9871.16
9796.16
9487.53
9231.19
9011.54
8828.06
8667.75
8539.66
8370.95
8257.5
8129.7
8039.66
7930.5
7947.85
8063.11
8350.76
8744.7
9249.23
9764.53
10147.8
10326.9
10266.9
10063
9872.27
9529.46
9404.29
9115.7
9077.17
9440.01
10247.5
11998.4
14498.8
15514.2
16284.6
16749.3
17204.6
17398
17403.6
17386.6
17348.5
17336.9
17334.9
17317.8
17272.6
17208.1
17153.5
17091.7
17047.2
17002.5
16973.2
16932.3
16885.1
16837.5
16777.8
16714.5
16654.7
16583.7
16531.5
16501.3
16470.8
16428.3
16378.7
16359.8
16362.3
16378.2
16416.8
16453.7
16533.4
16609
16777.5
16891.8
17127.2
17288.6
17653.1
17865.8
18599.7
5301.77
6181.13
8151.43
8860.17
8827.39
8827.06
8798.23
8751.15
8613.06
8445.85
8348.93
8242.89
8131.92
8031.96
7926.19
7838.3
7731.59
7654.16
7525.7
7404.72
7399.56
7462.01
7626.04
7896.9
8214.16
8590.19
8857.84
9017.35
8991.81
8899.48
8709.57
8625.19
8439.99
8541.53
9089.56
10479.9
12231.4
15937.4
17432.8
17783.5
17748.8
17684.9
17644.4
17574.2
17542.7
17495.7
17392
17293.1
17182.6
17093.8
16992.7
16915.1
16844.5
16786.3
16693.3
16617.6
16507
16407
16295.1
16224.4
16125.6
16060.6
15995.4
15949.2
15874
15798.2
15737.8
15739.4
15759.5
15804.3
15839.3
15881
15906.2
15965
16009.6
16115.4
16190.4
16347.5
16435.7
16799.8
7302.24
8293.9
8533.24
8707.5
8711.56
8647.78
8444
8265.81
8163.8
8106.5
8065.62
7996.16
7877.76
7738.32
7622.21
7523.21
7429.33
7336.01
7237.04
7167.73
7083.26
6994.16
6900.94
6862.1
6886.29
6964.24
7130.55
7290.55
7507.53
7730.85
7842.94
7937.88
7944.43
7928.68
7946.41
8120.63
8721.35
10153.6
11393.3
13623.6
14337.3
15159.8
15519.5
15941.2
16108.7
16110.3
16083.2
16015.3
15952.5
15934.9
15937.8
15943.4
15933.4
15907.3
15858.7
15791.4
15702
15604.6
15524.3
15449.8
15402
15333
15289.8
15219.4
15160.3
15075.6
15043.3
14976.1
14952.5
14901.5
14898.1
14910.7
14931.6
14981.5
15014.5
15084.6
15129.3
15235.2
15280.6
15483.5
8146.69
8518.44
8542.34
8456.25
8239.09
8093.21
8023.02
7986.86
7929.23
7802.05
7660.04
7560.08
7501.79
7432.09
7348.74
7244.89
7153.57
7060.88
6982.69
6915.33
6844.85
6778.02
6702.96
6630.54
6541.09
6448.91
6378.9
6367.76
6391.84
6464.11
6525.36
6617.02
6723.15
6814.96
6907.47
7060.2
7278.61
7734.3
8558.24
10475.6
12085.7
15707.8
16659.4
17319.4
17294.5
17193.3
17140.5
17026.9
16922
16885.3
16862.4
16810.3
16737.7
16635.8
16515.1
16368.6
16236
16066.1
15931.7
15795
15711.3
15567.3
15478.6
15327.2
15243.2
15139.4
15111.4
15050.2
14970.9
14856
14771.2
14685.4
14642.4
14584.7
14551.3
14537.5
14547.2
14592
14604.3
14685.9
8254.65
8095.13
7994.98
7947.78
7920.15
7864.82
7731.02
7567.38
7447.73
7384
7356.12
7316.65
7215.11
7104
7030.7
6984.78
6921.5
6834.43
6750.52
6664
6597.88
6522.95
6463.42
6385.73
6312.1
6232.66
6169.23
6103.52
6034.82
5948.72
5883.51
5843.42
5850.87
5877.97
5945.3
6010.19
6116.2
6250.07
6569.77
6921.75
7592.3
8995.06
10187.7
12657.2
13575.2
14687
14980.5
15348.9
15609.2
15692.3
15715.2
15700.5
15663.3
15582.6
15509.6
15426.4
15382.6
15325.8
15292.6
15226.8
15185.3
15095.7
15049.2
14950.7
14898.1
14811.7
14750
14711.1
14670.1
14631.7
14548.4
14482.1
14403.4
14344.7
14277
14203.7
14111.9
14095.4
14059.7
14084.3
7788.04
7773.59
7744.18
7661.75
7506.35
7380.75
7298.7
7262.81
7217.08
7120.88
7007.81
6927.5
6891.05
6865.31
6809.99
6708.61
6610.06
6540.58
6477.57
6417.22
6332.25
6252.17
6174.23
6113.69
6045.71
5980.59
5909.54
5842.78
5782.15
5727.94
5681.21
5642.47
5613.75
5593.17
5587.13
5591.49
5604.77
5635.31
5679.55
5764.14
5989.55
6315.1
7025.65
8123.83
9475.24
12075.9
14260.1
16446.2
16724.8
16757.7
16719.4
16626.9
16586.7
16484.9
16353.7
16189.3
16091
15938.4
15847.2
15659.5
15580.8
15423.2
15383
15301.8
15199.5
15066.7
14915.5
14813.6
14700.3
14610.1
14498.9
14419.3
14331.9
14276.4
14203.2
14155.2
14060.4
14005.1
13911.2
13819.7
7394.54
7283.05
7211.55
7181.99
7169.51
7142.34
7060.35
6932.21
6826.59
6764.02
6734.28
6703.05
6629.18
6527.51
6468.01
6431.1
6364.25
6259.85
6169.57
6097.97
6033.06
5961.64
5883.75
5814.3
5763.94
5725.77
5692
5663.87
5639.32
5616.93
5596.61
5579.18
5564.2
5551.65
5543.48
5536.33
5532.86
5531.19
5532.56
5537.31
5548.51
5575.6
5647.98
5842.72
6271.64
7021.46
7875.79
9708.37
10780
13013.7
13512.4
14165.2
14313.3
14421.7
14477.6
14508.1
14518.8
14514.6
14502.1
14465.6
14448.3
14402.7
14394.6
14400.1
14409.2
14432.3
14428.2
14418.6
14392.1
14358.9
14283.1
14208.5
14134.6
14070.2
13987.7
13956.5
13898.1
13841.4
13794
13700.2
7068.7
7016.15
6957.71
6881.53
6801.02
6728.35
6681.79
6655.83
6611.74
6523.55
6411.37
6315.41
6264.32
6234.38
6187.78
6085.15
5986.26
5921.64
5856.08
5791.39
5739.95
5700.38
5670.29
5647.15
5629.64
5617.7
5606.86
5598.84
5590.7
5581.75
5572.54
5563.59
5554.27
5545.47
5540.03
5534.25
5531.88
5528.95
5529.09
5529.99
5532.91
5537.19
5546.19
5560.05
5593.35
5688.08
6027.32
6464.03
7374.55
8542.65
10005.2
11960.3
13424.2
14788.9
15014.7
14985.2
14938.2
14970.1
15064
15037.9
14945.3
14793.5
14632.2
14538.2
14449.4
14361.6
14290.9
14217.3
14187.4
14165.8
14133.5
14098.1
14022.7
13966.1
13883.4
13828.3
13781
13714.9
13634.8
13548.4
6674.5
6611.74
6571.5
6550.32
6525.6
6470.35
6362.91
6265.44
6184.29
6118.62
6073.86
6008.23
5914.94
5846.16
5800.09
5760.3
5722.49
5687.6
5658.32
5635.37
5618.24
5605.63
5597.2
5591.71
5588.1
5587.23
5585.65
5584.25
5581.5
5577.06
5571.15
5566.06
5560.81
5558.95
5559.57
5561.89
5567.86
5574.52
5589.02
5599.05
5619.26
5630.23
5652.86
5664.81
5689.87
5698.49
5710.25
5737.49
5820.82
6030.11
6502.64
7252.65
8131.93
9350.62
10583.6
12094.8
12481.7
12899.4
13108.2
13241.3
13366.9
13492.2
13578.8
13634.8
13673.2
13671.2
13657.8
13620.7
13566.7
13561.8
13571.8
13604.2
13616.7
13617.4
13605.7
13572.5
13532.4
13501.7
13475.8
13419.4
6367.02
6290.39
6212.96
6143.56
6066.36
6004.3
5963.75
5906.57
5837.28
5781.67
5741.98
5712.56
5688.6
5669.44
5653.16
5637.76
5624.04
5611.95
5601.25
5593.19
5588.31
5584.4
5582.58
5582.6
5583.26
5585.52
5588.17
5591.5
5594.42
5597.28
5600.2
5604.34
5612.55
5619.45
5632.05
5646.75
5663.27
5684.86
5707.02
5728.71
5753.92
5770.85
5797.69
5813.65
5834.62
5843.7
5863.7
5873.11
5892.15
5901.46
5923.5
5992.57
6255.5
6681.31
7584.37
8477.83
9866.18
11391.5
12469.3
13150.6
13245.2
13271.6
13373.9
13456
13549.8
13565.8
13552.2
13522
13446.5
13410.4
13400.5
13386.8
13358.8
13289.1
13261.9
13252.3
13246.8
13231.4
13171.7
13126.6
5937.16
5883.82
5843.06
5805.51
5768.86
5734.85
5705.29
5681.67
5663.96
5650.67
5641.41
5634.58
5627.61
5622.58
5618.31
5612.47
5606.43
5600.7
5594.93
5590.87
5590.21
5591.01
5593.73
5600.32
5609.81
5624.44
5635.67
5649.44
5663.07
5677.84
5690.64
5709.67
5727.77
5746.54
5767
5791.51
5813.14
5838.34
5861.21
5884.15
5907.89
5927.13
5945.88
5958.4
5968.52
5974.42
5985.34
5998.1
6014.77
6050.33
6099.27
6128.55
6193.04
6228.25
6320.91
6548.59
7137
7743.94
8802.05
10128.7
11777.9
12201.2
12505.7
12563.6
12670.6
12763.2
12874
12987.2
13049
13057.7
13050.4
13068.2
13094.5
13084.2
13039.5
12959
12907.3
12899.6
12883.6
12844.1
5737.27
5713.78
5693.01
5675.23
5660.88
5649.16
5639.74
5633.72
5629.7
5626.82
5625.36
5624.46
5622.21
5621.26
5620.31
5619.76
5620.29
5621.69
5624.43
5630.02
5636.14
5646.64
5665.11
5684.81
5707.95
5731.14
5755.64
5777.13
5800.82
5822.21
5844.15
5864.9
5886.62
5905.9
5926.22
5945.56
5962.08
5978.26
5993.99
6010.03
6025.39
6035.8
6044.29
6052.79
6059.85
6072.77
6087.79
6134.82
6157.58
6210.25
6264.47
6315.37
6380.9
6416.81
6482.98
6506.44
6558.06
6697.71
7047.21
7654.31
8817.32
9858.74
11380.6
12202.2
12475.9
12579.7
12581.6
12607.4
12713.3
12795.1
12806.2
12805.4
12813
12851.9
12854.3
12839.7
12800
12784.5
12767.2
12702.1
5687.17
5675.84
5664.69
5654.81
5647.61
5641.34
5636.79
5635.94
5636.58
5638.63
5643.36
5650.73
5659.57
5670.77
5681.51
5693.36
5705.93
5716.95
5728.18
5742.92
5762.16
5785.25
5811.09
5838.48
5865.07
5893.58
5919.88
5942.79
5965.99
5985.12
6000.31
6014.92
6028.27
6036.91
6045.1
6052.81
6058.28
6064.37
6070.84
6081.15
6091.33
6096.06
6105.37
6129.35
6152.53
6177.45
6248.89
6320.18
6340.33
6412.23
6515.04
6544.37
6576.42
6642.55
6704.99
6724.6
6765.93
6781.97
6814.31
6909.45
7138.92
7733.96
8620.9
9861.67
11057
12158.5
12307.4
12291.4
12224
12190.7
12205.4
12233.8
12257.8
12324.5
12449.7
12558.1
12591.8
12592
12585
12558
5690.52
5683.23
5678.45
5677.91
5678.67
5681.48
5687.82
5695.86
5707.65
5722.96
5742.31
5761.68
5782.28
5803.23
5823.68
5840.95
5858.23
5874.08
5892.13
5913.5
5936.46
5958.84
5982.71
6004.76
6024.83
6044.99
6062.34
6077.05
6089.9
6099.59
6106.26
6110.96
6113.12
6113.28
6113.09
6113.38
6115.41
6118.3
6124.12
6139.53
6157.26
6170.79
6208.45
6272.7
6303.94
6371.87
6519.89
6547.03
6589.66
6734.23
6786.86
6798.78
6850.48
6928.16
6945.01
6948.64
6988.1
7011.51
7032.88
7040.9
7062.53
7132.32
7338.47
7859.36
8732.69
10119.6
11166.8
12168.8
12245
12179.3
12107.6
12066.7
12049.8
12054.7
12094.5
12121.9
12126.3
12133
12140.1
12184.8
5767.21
5770.78
5777.75
5788.02
5800.52
5814.59
5830.86
5850.2
5870.64
5891.5
5913.18
5935.24
5956.6
5976.77
5993.54
6008.74
6024.08
6037.69
6050.67
6066.04
6079.99
6092.31
6105.6
6115.91
6124.71
6135.09
6144.43
6151.38
6160.35
6167.52
6171.11
6176.62
6183.04
6186.58
6189.68
6197.21
6206.32
6213.14
6225.96
6263.28
6292.17
6326.96
6436.03
6504.08
6544.74
6697.44
6803.59
6820.84
6922.35
7042.98
7046.09
7072.93
7158.71
7169.64
7163.36
7181.16
7207.69
7206.33
7203.39
7216.21
7230.42
7232.23
7243.96
7300.42
7506.18
7951.56
8718.59
10528.5
11519.3
12088
12149.1
12082.8
12066.3
12045.5
12010.2
11979.7
11901.1
11827.6
11813.3
11830.8
5935.01
5946.2
5959.05
5971.38
5985.08
6000.27
6017.19
6034.27
6050.65
6065.19
6080.39
6092.15
6101.69
6109.88
6116.71
6121.6
6129.88
6135.68
6140.93
6149.26
6156.28
6162.19
6174.17
6182.43
6189.84
6204.53
6217.97
6227.59
6245.39
6262.27
6273.15
6289.01
6306.72
6314.85
6325.94
6344.32
6361.56
6374.99
6411.1
6474.19
6505.41
6595.28
6751.62
6782.24
6857.06
7052.4
7087.26
7115.73
7245.41
7282.77
7285.27
7343.58
7369.52
7357.29
7362.47
7381.76
7365.9
7355.2
7356.77
7366.12
7353.2
7355.75
7352.27
7346.69
7356.97
7416.51
7636.73
8143.97
8945.01
10797.7
11769.8
12150.1
12235.6
12158.5
12067
11979.2
11860.6
11761
11726.1
11703.9
6093.19
6098.5
6105.37
6113.72
6121.56
6129.51
6138.01
6147.47
6156.71
6165.31
6172.94
6177.48
6180.75
6185.53
6188.69
6192.14
6200.1
6206.44
6213
6225.27
6237.47
6250.6
6270.91
6286.9
6305.47
6329.59
6352.01
6371.09
6398.15
6422.16
6441.2
6458.18
6477.32
6486.18
6495.69
6516.37
6538.76
6565.91
6661
6722.24
6774.36
6950.84
7045.05
7074.27
7221.99
7325.19
7331.23
7390.07
7498.3
7501.53
7507.13
7549.61
7538.09
7536
7537.33
7533.9
7501.57
7501.93
7491.51
7486.08
7472.13
7475.23
7469.69
7457.09
7445.29
7432.5
7444.48
7526.13
7798.82
8488.96
9332.9
11139.7
12096.6
12403
12380.2
12260.1
12002.8
11832.5
11778.3
11692.8
6172.41
6176.98
6182.74
6189.33
6196.27
6204.94
6214.55
6226.58
6237.85
6249.36
6261.02
6270.42
6279.4
6291.38
6300.72
6312.36
6326.65
6340.22
6354.12
6372.52
6391.11
6412.08
6435.52
6457.67
6478.16
6501.97
6524.58
6542.5
6565.57
6586.6
6600.25
6612.39
6627.59
6636.98
6658.21
6712.32
6747.02
6815.42
6980.72
7023.74
7101.14
7303
7341.85
7395.71
7542.33
7571.41
7583.06
7672.17
7705.41
7706.62
7721.76
7739.63
7723.85
7718.96
7702.06
7688.73
7670.89
7648.37
7620.75
7606.67
7603.84
7589.36
7577.07
7567.9
7562.27
7545.34
7526.97
7518.48
7538.08
7661.49
8042.76
8980.96
10142.9
11827.8
12505.6
12488.2
12417.5
12246
12096.4
11820.8
6258.44
6270.13
6286.16
6302.94
6319.49
6336.09
6351.91
6368.65
6383.9
6400.23
6417.66
6430.47
6444.44
6460.13
6472.31
6485.51
6501.52
6516.3
6531.54
6549.51
6567.99
6584.42
6603.2
6619.93
6633.99
6653.1
6669.78
6679.35
6696.26
6711.51
6720.14
6739.3
6778.33
6806.89
6882.72
7004.59
7051.61
7204.87
7351.96
7383.96
7492.44
7643.2
7652.33
7709.65
7809.62
7826.23
7844.77
7908.19
7913.12
7914.7
7922.95
7921.68
7909.11
7891.06
7882.96
7863.3
7818.39
7779.48
7772.48
7757.98
7737.23
7720.25
7716.23
7709.67
7691.52
7680.24
7654.77
7641.72
7614.97
7615.68
7659.01
7855.79
8385.93
9660.73
11260.8
12397.6
12713.4
12622.8
12537.9
12290
6399.8
6417
6434.58
6452
6468.23
6484.7
6502.59
6520.68
6539.49
6561.03
6581.46
6598.27
6613.4
6628.83
6641.2
6651.87
6664.98
6676.98
6687.31
6700.55
6710.12
6719.03
6732.51
6742.67
6752.01
6769.3
6781.58
6788.53
6807.06
6831.02
6855.77
6941.02
7027.37
7082.88
7268.06
7420.96
7470.9
7658.36
7739.38
7777.49
7924.27
7981.65
7982.46
8041.91
8093.59
8093.87
8106.71
8141.11
8136.79
8128.88
8133.18
8128.6
8104.28
8085.91
8074.44
8036.12
8006.04
7995.75
7969.14
7925.49
7905.4
7897.87
7879.67
7864.68
7857.92
7844.55
7834.26
7812.56
7793.51
7771.38
7755.4
7766.64
7872.94
8181.32
8907.08
10671.6
12203.3
13137.4
13048.4
12759.1
6558.07
6577.41
6599.71
6622.58
6643.88
6665.6
6687.96
6708.35
6727.78
6747.23
6764.99
6778.88
6789.86
6801.84
6809.52
6815.28
6821.89
6824.59
6827.49
6831.59
6833.75
6836.73
6845.53
6852.77
6858.77
6874.93
6891.91
6912.34
6974.31
7027.54
7117.62
7343.08
7404.21
7522.98
7845.37
7912.11
7946.98
8101.61
8148.82
8217.05
8311.76
8306.07
8309.95
8367.23
8380.88
8377.71
8395.42
8398.4
8380.66
8374.6
8373.44
8355.59
8329.16
8319.46
8291.17
8252.82
8238.48
8209.36
8161.9
8142.62
8125.84
8100.69
8087.36
8076.38
8066.99
8055.86
8047.29
8028.24
8006.99
7985.57
7968.09
7949.07
7950.87
7981.73
8187.41
8696.28
9781.73
12006
13512.1
13430.3
6718.4
6737.26
6757.73
6777.97
6796.68
6814.89
6831.79
6846.93
6862.61
6879.53
6895.59
6908.32
6918.06
6925.06
6928.61
6930.45
6931.42
6932.37
6934.47
6939.64
6942.73
6947.45
6958.07
6966.44
6981.61
7024.97
7065.71
7133.59
7344.38
7466.52
7635.57
7774.12
7939.58
8329.01
8411.57
8372.51
8431.44
8610.64
8630.75
8656.2
8664.27
8657.3
8688.6
8714.77
8703.1
8699.2
8710.75
8705.72
8689.7
8686.15
8671.97
8637.31
8626.47
8602.22
8557.67
8538.6
8511.63
8476.16
8455.16
8428.61
8398.9
8379.42
8365.96
8351.22
8342.51
8336.94
8326.03
8306.49
8287.98
8268.69
8248.2
8233.52
8219.01
8218.01
8229.5
8310.21
8670.7
9438.68
11357.2
13303.6
6850.74
6863.22
6877.02
6891.5
6907.64
6925.3
6942.3
6957.34
6972.6
6988.72
7004.3
7016.41
7028.47
7042.05
7049.63
7057.05
7062.91
7067.39
7075.72
7082.05
7086.58
7096.28
7115.38
7148.55
7243.29
7324.96
7429.58
7814.56
8083.63
8092.1
8195.79
8610.58
8867.72
8904.17
8852.65
8872.65
9076.32
9122.23
9086.38
9090.02
9106.88
9110.1
9117.52
9108.59
9090.59
9098.75
9103.86
9089.69
9075.12
9060.59
9041.55
9032.01
9013.41
8969.17
8940.84
8915.25
8878.83
8851.92
8829.37
8801.64
8777.51
8763.55
8746.16
8734.02
8724.43
8714.98
8698.39
8678.54
8659.74
8638.82
8622.79
8607.44
8596.49
8586
8584.81
8589.85
8622.32
8827.98
9491.19
11906.4
6972.59
6984.5
6994.62
7003.77
7018.4
7037.65
7054.93
7068.92
7086.81
7108.7
7129.45
7148.31
7171.39
7193.16
7210.03
7221.74
7231.44
7241.75
7253.96
7267.27
7288.38
7331.28
7450.73
7567.97
7678.73
7977.61
8604.09
8722.77
8629.33
8772.01
9437.48
9575.82
9464.09
9389.49
9456.28
9669.86
9709.61
9653.19
9622.76
9658.91
9670.75
9664.04
9655.26
9630.95
9624.74
9630.47
9624.44
9599.44
9586.76
9570.79
9558.4
9541.53
9511.53
9483.09
9454.22
9415.9
9382.81
9361.38
9339.48
9315
9295.28
9277.94
9259.66
9245.03
9233.5
9219.82
9201.69
9181.42
9162.82
9141.9
9122.94
9106.26
9091.73
9081.15
9073.68
9072.54
9074.99
9089.47
9224.01
10235.5
7069.04
7083.25
7095.3
7107.8
7130.93
7158.4
7179.63
7199.27
7228.05
7260.72
7283.16
7306.31
7337.38
7368.7
7393.67
7413.87
7431.64
7456.73
7494.86
7548.75
7690.02
7907.92
8015.62
8280.33
9076.09
9424.24
9322.49
9268.21
9640.12
10360.7
10386.8
10096.3
10031.2
10212.2
10412.7
10416.5
10338
10295.3
10328.7
10369.9
10357.3
10339.7
10328.9
10311.8
10311.7
10307.3
10280.5
10264.4
10254.8
10237.8
10223.3
10207.6
10190.7
10169
10141.5
10104.5
10068.7
10037.9
10008.2
9982.12
9963
9943.65
9923.51
9903.93
9883.99
9861.91
9839.56
9819.47
9802.78
9783.59
9765.04
9746.7
9731.92
9719.13
9713.6
9707.78
9706.53
9702.22
9720.16
9881.9
7210.34
7226.91
7238.63
7252.79
7282.28
7312.64
7329.47
7354.66
7398.38
7441.53
7470.16
7501.08
7546.86
7594.24
7631.26
7672.54
7728.14
7800.56
7975.44
8285.36
8431.03
8718.64
9595.03
10184.8
10140.2
9933.47
10105.5
10948.7
11298.7
11124.8
10771.3
10796
11125.9
11301.5
11252.4
11124.2
11107.1
11146.3
11194.1
11187.7
11153.9
11150.5
11147
11142.3
11133
11100.7
11082.4
11073.9
11054.2
11031.2
11010.5
10998.1
10989.8
10973.6
10945.8
10909.6
10877.3
10845.4
10815.1
10785.4
10763.6
10737.6
10714.6
10687.5
10662.8
10633.2
10610.6
10590.3
10577.4
10559.2
10543
10523.4
10510.4
10496.3
10489.5
10479.5
10473.9
10458.5
10456.3
10446.3
7337.49
7358.32
7371.53
7392.24
7437.96
7476.47
7501.05
7543.28
7611.98
7673.68
7716.99
7779.6
7847.38
7920.23
8019.67
8118.33
8315.03
8746.26
8940.67
9266.22
10302.9
11077.3
11076.8
10809.4
10873
11638.9
12291.7
12257.1
11805.7
11676.1
11868.6
12242.3
12294
12187.3
12072.6
12097.6
12196.1
12212.9
12193.7
12149
12149.9
12171.9
12174.5
12166.2
12134.6
12115.9
12107.2
12089.3
12060
12036.6
12014.3
11997.4
11981.8
11962.6
11946.2
11927.4
11907.2
11875.7
11840
11800.9
11770.5
11737.5
11710.1
11679.8
11655.3
11626.6
11605.1
11583.7
11572.4
11556.8
11547.9
11533.2
11524.8
11510
11502.3
11488.6
11480
11457.5
11444.3
11411
7478.08
7501.6
7518.86
7552.63
7619.34
7668.75
7711.13
7785.02
7882.97
7982.56
8068.21
8150.81
8294.98
8433.73
8666.76
9210.13
9500
9901.77
11132.8
12136.1
12183.2
11934
11983.6
12779.9
13577.1
13600.7
13176.9
12924.9
13036.3
13450
13564.3
13513
13386.9
13378.9
13474.4
13586.5
13587
13540.6
13513.6
13521.6
13563.4
13570.4
13559.2
13536.3
13521
13513
13500.9
13470.7
13442.9
13422.6
13401.9
13384
13365.9
13349.5
13338.8
13328.8
13313.2
13286.8
13252.2
13216.7
13184.2
13151.2
13116.6
13083.2
13055.5
13034.4
13019.4
13010.3
13005.1
12995.7
12988.2
12981.8
12978.6
12971
12964.3
12952.6
12941
12914.3
12888
12863.9
7635.99
7672.35
7702.97
7771.7
7872.82
7955.43
8035.61
8147.22
8315.89
8444.24
8619.57
8800.22
9043.53
9673.3
10145.6
10683.9
12193.2
13376.9
13467.5
13310.2
13456.6
14525.2
15318.9
15338.5
14955.2
14700.6
14780.4
15193.8
15369.1
15340.8
15224
15204.7
15276.8
15451.8
15517.8
15508.3
15475.9
15478.2
15524.3
15582.9
15596.1
15586.7
15576.2
15571.1
15564
15549.5
15530.4
15505.6
15486.3
15475.1
15469.8
15468.3
15467.5
15465.5
15464.7
15464
15461.5
15452
15423.5
15392.1
15368.4
15345.4
15321.1
15299.3
15283.1
15274.4
15273.4
15278.2
15293.1
15299.9
15300.2
15296.5
15293.5
15292.6
15291.4
15285.2
15268.5
15254.7
15245
15250.5
7866.28
7924.18
7979.67
8103.24
8261.01
8373.14
8515.83
8697.92
8932.92
9246.76
9519.47
10143.6
10839.6
11581.3
13560.1
14975.5
15148.6
15187.6
15721.6
17192.1
17812.3
17794.8
17485.1
17385.4
17541.7
18033.3
18252.4
18251.5
18187
18186.3
18291.9
18519.3
18625.4
18661.7
18661.8
18668.6
18725.1
18836
18902.2
18938
18943.4
18942
18953.1
18958
18952.3
18936.4
18928.9
18924.9
18926.8
18938.3
18973.4
19017.3
19051.2
19074.1
19095.1
19112.5
19122.1
19123.2
19112.3
19082.4
19068.9
19068
19073
19081.1
19086
19091.6
19108.8
19158.9
19201.7
19223.1
19229.8
19228.9
19223.1
19217.7
19217
19217.9
19220.3
19221
19220.7
19254.5
8182.03
8276.08
8377.27
8574.9
8793.39
9008.42
9210.22
9644.64
10077.5
10811.5
11843.5
12763.4
15071.1
17157.2
17635.8
18044
19336.9
20984.3
21612.3
21647.3
21520.8
21520.9
21896.4
22541.7
22815
22912.5
22933.7
22960.8
23136
23463.8
23678.8
23799.9
23865.2
23933.8
24043
24140.1
24245.1
24346.6
24411.8
24443
24447.7
24463.6
24503.9
24516.4
24516.3
24518.6
24522.9
24526.1
24557.1
24647.2
24747.4
24838.5
24905.6
24945.4
24973.3
24997.8
25015.9
25021.3
25016
24994.8
24980.9
24977
24981.8
25005.7
25047.4
25097.2
25144.7
25183
25201.1
25205.3
25204.5
25198.6
25179
25153.9
25135.4
25128.3
25127.2
25127.7
25128.1
25180.8
8614.19
8778.93
8915.78
9258.22
9603.19
10003.5
10678
11432.6
13123.7
14447.3
17183.2
20039.7
21059.2
22903.8
25136.1
26789.5
27446.6
27562.3
27743.4
28444.2
29409.1
30019.4
30241
30283.9
30386.4
30847.7
31302.6
31405.4
31477.5
31698.6
32151.9
32413.9
32464.4
32461.7
32492.6
32636.8
32808
32898
32915.9
32883.2
32824.2
32819.6
32842.1
32858.3
32859.2
32857.6
32842.4
32827.3
32841.8
32923.4
33029.4
33106.7
33142.2
33146.7
33135.6
33107.4
33084.3
33050.4
32980.8
32919.2
32875.2
32841.7
32813.6
32797.5
32785.1
32771.5
32755
32742.4
32714.2
32652.9
32588.7
32522.1
32446.2
32369.7
32295.3
32235.2
32177
32140.9
32104.8
32112.2
9218.42
9469.26
9747.99
10382.5
11315.9
12169
14169.4
16336.9
19723.3
24355
26462.2
29344.4
33061.5
35329.5
35969.5
36589.4
37673.4
38838.2
39667.2
40056.4
40429.6
41178
41775.6
41941
42061.9
42390.9
42547.7
42664.4
42965.8
43333.5
43543.8
43578
43516.1
43474.5
43485.4
43513.3
43530.4
43531.8
43479.1
43276.1
43117.4
43036.4
42964.8
42870
42758.4
42639.7
42516
42416.8
42353.3
42318.6
42295.1
42264
42182.7
42065.8
41930.4
41772.4
41581.6
41395.7
41223.5
41072.8
40931.5
40785.4
40632.3
40498.6
40352.9
40226.3
40088
39975.1
39823.4
39649.7
39513.8
39351.4
39204.5
39029.2
38883.2
38731.8
38616.3
38490.8
38415.2
38321.8
10134.1
10609.4
11320.8
12898.6
15186.4
17855.2
22261.7
28817.1
33370.9
38787.6
43663.4
46139.4
48378.1
49936.6
50712.4
51901.8
53174.6
53951
54169.4
54425.5
55049.2
55613.4
55732.6
55636.9
55525
55580.5
55646.9
55635.9
55622.5
55622.7
55587.6
55329.7
54945.1
54707.5
54561.1
54426.1
54242.6
53992.2
53644.9
53288.5
52931.8
52607.5
52308.1
52029.2
51732.9
51432.8
51129.6
50887
50649.2
50424.3
50142.7
49877.5
49601.4
49342.4
49055.8
48763.1
48432.6
48116.4
47802.3
47521.5
47237.6
46970.9
46689.3
46442.3
46171.7
45964.2
45727.5
45548.5
45309
45098.4
44892.6
44691.5
44486.3
44287.7
44113.2
43959.7
43831.9
43722.1
43624.9
43594.9
11723.8
12925.5
14930.3
19301.5
24568.7
32153.4
40256.5
48250.1
55162.1
59845.6
62800.1
64258.9
65671.1
66729.3
67441.9
68113.2
68368.4
68594.3
68719.2
68678.7
68568.1
68413.5
68101.3
67611.9
67368
67018
66499.2
66154.3
65879.7
65443.9
64821.1
64217.6
63731.3
63303.5
62894
62509
62079
61552.6
60964.2
60443.7
59936.6
59449.8
58954.7
58470.3
57978.4
57519.8
57082.5
56703.8
56327.3
55963.9
55538.3
55128.3
54739.2
54387
54012.5
53641.7
53235.5
52852.3
52469.4
52137.3
51800.5
51502.3
51193.7
50931.3
50651.4
50443.2
50220.1
50048.9
49824.5
49647.8
49460.9
49328.4
49175.2
49073.4
48979.2
48930.5
48925
48944
48969.6
49115.2
15131
18589.4
24172
34219.9
45623.9
56207.1
66494
73733.5
77288.4
79989.3
80541.8
80632.5
81160
81295.8
81129.8
80697.3
80439.3
80135.3
79428.1
78479.7
77965
77542.6
76578.7
75648.9
75090.4
74447.1
73636
72934.6
72304.3
71572.5
70736.5
70009
69388.8
68817.3
68265.3
67726.7
67117.2
66422.9
65754.3
65168.5
64588.7
64027.6
63448.7
62870.1
62278.6
61755.5
61290
60889.6
60487.2
60091.4
59625.1
59172.2
58758.3
58399.1
58019.4
57646.1
57240
56870
56510.5
56221.6
55936.6
55709.3
55470.3
55282.9
55089.5
54966.8
54840.8
54750.3
54647
54591.9
54574.9
54592.6
54630.2
54728
54805.8
54984.1
55105
55369.9
55516.6
55969.7
23639.5
31901.3
45520.9
60968.1
75153.2
85015.7
90482.7
92627.9
92520.7
92293.6
91906.1
90947.3
90362.6
89482.4
88604
88130.2
87401
86229.9
84998.5
84160.8
83549.6
82582.8
81380.3
80568.5
79912.2
79047.6
78149.8
77417.2
76681.3
75809.5
74945
74249.7
73630.9
73020.6
72414.1
71800.6
71095.9
70349.9
69690.7
69108.4
68525.1
67960.7
67379.2
66791.7
66186.3
65666.6
65237.5
64877.7
64518.1
64154.3
63718.3
63297.5
62918.5
62608.1
62282.2
61975.1
61642.9
61365.9
61116.5
60951.5
60806.2
60721.8
60637.7
60609.1
60615.7
60657.1
60718.1
60850.4
60945.4
61156.2
61314.1
61652.6
61845.8
62236.5
62453.5
62900.7
63142.6
63639.5
63890.7
64604.5
42166
58564.3
76609.9
91291.3
99113.5
101624
101439
100498
99137.4
98650.5
97390.8
95740.9
95180.2
94613.4
93431.6
92560.4
92031.6
91048.8
89558.2
88488.1
88009.2
87245.4
85957
85073.5
84434.5
83605.3
82697.7
81911.1
81116.5
80226.9
79416.1
78750.2
78127.3
77499
76860.1
76175.5
75391.4
74637
74004.3
73457.2
72911.1
72379.3
71826.6
71264.4
70694.8
70227.2
69877.5
69604.5
69341.7
69051.3
68695.9
68361.2
68079.2
67883.5
67696.5
67550
67370.8
67299.2
67303.3
67347.5
67453.9
67630.8
67774.3
68014.3
68230.7
68583.7
68855.3
69279.8
69562.1
70050.9
70411.2
70945.1
71270.2
71835.9
72175.9
72775.2
73081.2
73689
73987.5
74809
71601.8
89902.6
101302
107820
109248
108505
107549
105530
104102
103770
102961
101671
101177
100394
99249.7
98510.7
97996
96977.1
95392.1
94267
93775.3
93006.2
91630.3
90731.4
90069.6
89177.4
88228.3
87412.6
86559.2
85633.8
84834.6
84177.9
83549.4
82899.6
82218.5
81466.6
80646.2
79924.7
79343.4
78866.4
78401.8
77947.9
77467.3
76973.4
76493.9
76140.9
75919.5
75788.2
75695
75541.4
75352.7
75150.4
75103.5
75132.6
75240.4
75415.8
75576.9
75815.6
76124.2
76504.8
76900.4
77315.6
77730.5
78161.4
78605.8
79111.7
79573.2
80118
80564.6
81154.9
81642.1
82224
82631.3
83218.1
83596.5
84183.9
84480.8
85056.4
85330.3
86088
97261.9
106925
112036
115612
115652
114739
114088
112516
111417
111269
110774
109668
109229
108463
107047
106092
105576
104648
102810
101416
100853
100154
98664.4
97659
96970.8
96033.9
95022.4
94144.6
93237.4
92308.2
91526.3
90887
90278.6
89639.8
88943.1
88164.1
87370.3
86733.4
86270
85935.1
85629.9
85327.1
84995
84639.5
84314.1
84154.7
84144.8
84227.8
84420.2
84583.9
84698.7
84808.1
85062.7
85507.5
86068.8
86580
87144.6
87639
88176.9
88686.9
89231.3
89723.7
90260.6
90775.5
91342.6
91901.7
92454.7
93020.8
93527.3
94091.8
94586.3
95111.5
95509.3
96024.4
96368
96868.7
97121.1
97614.3
97843.1
98509.1
110003
116306
122518
126882
126562
125250
124820
123343
121961
121727
121097
119923
119372
118300
116547
115436
114847
113756
111646
110085
109476
108749
107123
106059
105396
104424
103363
102467
101561
100666
99934.9
99370.7
98853.7
98294.3
97643.2
96918.5
96253.7
95789
95535.6
95446.1
95429.2
95388.8
95310.4
95234.6
95225.6
95286.8
95578.2
96124.6
96728.1
97219.4
97713.8
98234.6
98925.7
99622.2
100406
101053
101708
102272
102897
103464
104061
104566
105125
105636
106207
106744
107284
107811
108282
108782
109230
109699
110056
110519
110826
111281
111511
111972
112182
112826
121383
130003
138421
140975
139458
137770
137450
135730
133956
133636
132900
131616
130960
129623
127526
126255
125631
124469
122098
120390
119773
119100
117451
116315
115780
114893
113842
112991
112173
111398
110807
110419
110105
109745
109251
108697
108283
108124
108164
108441
108921
109335
109662
109874
110177
110659
111432
112269
113187
113904
114573
115211
116044
116875
117753
118458
119134
119701
120310
120855
121413
121884
122393
122876
123406
123931
124436
124952
125382
125874
126304
126777
127119
127574
127867
128295
128503
128918
129092
129644
135735
147722
155618
156043
153487
151907
151730
150160
147958
147510
146629
145251
144498
142902
140531
139170
138534
137322
134766
133018
132470
131926
130446
129339
128980
128399
127467
126757
126146
125612
125276
125189
125209
125200
125030
124835
124797
124914
125465
126384
127356
128191
128854
129284
129805
130440
131370
132398
133465
134299
135039
135750
136627
137507
138393
139099
139733
140285
140854
141400
141927
142395
142870
143357
143870
144409
144893
145404
145801
146262
146652
147056
147327
147648
147842
148085
148185
148390
148446
148720
154275
168967
174625
174126
169982
168757
168793
167447
164722
164131
163078
161535
160697
158909
156373
154997
154430
153322
150737
149086
148731
148448
147418
146565
146443
146293
145748
145259
144945
144821
144847
145097
145668
146131
146392
146567
146871
147570
148677
149922
151213
152237
152972
153449
154020
154757
155795
156962
158133
159042
159788
160521
161399
162326
163225
163959
164574
165126
165661
166187
166654
167059
167445
167849
168277
168716
169092
169456
169715
169970
170178
170347
170420
170481
170488
170481
170440
170415
170338
170383
176972
193570
196367
195205
189986
189286
189422
187967
184844
184218
183165
181451
180586
178776
176324
175130
174785
174042
171778
170472
170489
170594
170219
169959
170208
170491
170423
170347
170390
170571
171056
171944
173012
173892
174514
175002
175644
176562
177879
179407
180921
182091
182872
183367
183937
184728
185838
187136
188401
189376
190109
190833
191677
192591
193442
194094
194569
194947
195271
195561
195789
195940
196094
196274
196509
196744
196931
197083
197143
197158
197143
197089
196960
196785
196616
196420
196215
196024
195823
195667
205836
222185
222156
220701
214821
214509
214719
212955
209573
209098
208356
206653
205960
204569
202624
201955
202109
201981
200579
199857
200341
201186
201287
201498
202489
203394
203601
203789
204224
204829
205753
207091
208617
209812
210642
211310
212085
213151
214631
216395
218122
219398
220166
220607
221102
221869
222975
224291
225531
226417
226983
227485
228083
228729
229295
229637
229772
229793
229777
229745
229697
229589
229518
229500
229539
229594
229592
229549
229406
229200
228985
228695
228379
228024
227717
227372
227051
226712
226439
226100
242928
255426
254579
252486
245833
246009
246442
244235
241002
241115
241065
240149
240041
239785
239045
239162
240426
240902
240278
240142
241384
243071
243463
244063
245925
247197
247521
247880
248655
249494
250737
252500
254390
255841
256853
257648
258456
259531
261044
262902
264685
265870
266419
266590
266750
267200
268097
269204
270197
270794
271025
271146
271361
271643
271842
271841
271660
271300
270970
270659
270360
270037
269786
269602
269503
269395
269225
268982
268623
268228
267824
267339
266875
266391
265992
265543
265144
264692
264363
263885
290155
295922
295154
292941
285835
286597
287552
284953
282795
284209
286278
286765
288606
290012
290357
291501
294540
295462
295077
295201
297380
299639
300111
300914
303391
304865
305207
305640
306647
307702
309149
311182
313330
314928
315978
316701
317277
318018
319204
320822
322382
323220
323336
323065
322691
322698
323190
324100
324791
325035
324929
324616
324417
324312
324192
323884
323296
322646
322056
321525
321049
320575
320195
319882
319655
319405
319076
318644
318087
317503
316939
316315
315769
315225
314791
314287
313844
313315
312947
312375
350377
348157
347916
345943
338735
340488
343169
340990
340869
345824
352187
354787
360302
363181
363876
365614
369408
370439
369952
370170
373097
375563
375913
376731
379624
381238
381521
381928
382998
384021
385388
387444
389651
391171
391962
392263
392235
392269
392755
394028
395359
395822
395533
394583
393620
393131
393254
393873
394281
394231
393675
392908
392346
391908
391477
390816
389980
389102
388323
387643
387061
386503
386050
385638
385295
384907
384423
383814
383073
382322
381635
380921
380343
379795
379368
378841
378377
377784
377382
376729
425198
418174
419539
417689
411128
415043
423111
423389
426530
441618
453106
457447
464505
467625
467794
468689
472181
473264
472574
472928
476678
479043
479144
479936
483196
484608
484627
484835
485723
486356
487251
489081
491237
492520
492765
492366
491249
490270
490039
490743
492035
492291
491510
489923
488359
487215
486991
487283
487490
487192
486089
484901
484001
483251
482539
481629
480587
479520
478598
477814
477173
476567
476059
475547
475069
474519
473854
473058
472121
471214
470400
469603
468995
468452
468030
467481
466988
466314
465858
465068
525082
515370
520443
519962
516333
525694
545783
551973
565336
595086
605991
607703
612642
614550
613754
613879
616822
618340
617696
618562
623643
625559
625260
626106
629568
630342
629849
629856
630302
630189
630210
631357
633454
634450
634196
632439
629759
627309
626214
626536
627867
628212
627029
624710
622352
620390
619643
619659
619709
619170
617472
615766
614450
613383
612444
611334
610061
608755
607643
606740
606040
605367
604748
604047
603338
602546
601626
600572
599367
598246
597269
596379
595718
595177
594741
594161
593626
592837
592295
591260
667188
657966
671643
678117
680712
708157
751419
766454
793330
821747
827008
824616
826180
828300
827278
827630
831933
834561
834363
836523
843425
844667
843675
844541
847807
847849
846473
846182
845953
844566
843226
843512
845228
846018
845071
841479
836718
831936
829334
829338
830975
831762
830258
827025
823473
820118
818381
818081
818045
817225
814713
812141
810157
808706
807573
806308
804760
803112
801689
800592
799797
799015
798178
797132
796006
794808
793488
792052
790457
789020
787803
786781
786018
785453
784961
784338
783726
782791
782095
780649
887039
885638
922792
946791
966172
1.03831e+06
1.10471e+06
1.1157e+06
1.13397e+06
1.16029e+06
1.15989e+06
1.15269e+06
1.15499e+06
1.16136e+06
1.16305e+06
1.16675e+06
1.176e+06
1.18033e+06
1.18137e+06
1.18642e+06
1.19413e+06
1.19443e+06
1.19192e+06
1.19245e+06
1.19458e+06
1.19347e+06
1.1907e+06
1.18994e+06
1.18869e+06
1.18502e+06
1.1814e+06
1.18038e+06
1.18124e+06
1.18164e+06
1.17965e+06
1.17412e+06
1.16697e+06
1.15892e+06
1.15353e+06
1.15264e+06
1.15454e+06
1.15601e+06
1.15429e+06
1.15028e+06
1.14531e+06
1.13995e+06
1.13629e+06
1.13518e+06
1.1349e+06
1.1337e+06
1.13029e+06
1.12651e+06
1.12343e+06
1.12134e+06
1.11992e+06
1.11853e+06
1.11669e+06
1.1146e+06
1.11267e+06
1.1112e+06
1.11016e+06
1.10916e+06
1.10792e+06
1.10626e+06
1.10437e+06
1.10246e+06
1.10049e+06
1.09848e+06
1.09635e+06
1.09448e+06
1.09293e+06
1.09171e+06
1.09077e+06
1.0901e+06
1.08945e+06
1.08871e+06
1.08793e+06
1.0868e+06
1.08582e+06
1.08372e+06
1.26166e+06
1.29494e+06
1.40671e+06
1.46239e+06
1.51177e+06
1.63032e+06
1.67853e+06
1.67401e+06
1.68645e+06
1.70337e+06
1.69848e+06
1.69568e+06
1.70899e+06
1.72787e+06
1.73721e+06
1.74939e+06
1.76291e+06
1.76869e+06
1.77102e+06
1.77802e+06
1.78315e+06
1.78088e+06
1.77501e+06
1.77434e+06
1.77365e+06
1.76947e+06
1.76534e+06
1.76349e+06
1.76007e+06
1.75312e+06
1.74646e+06
1.74257e+06
1.74148e+06
1.7404e+06
1.73696e+06
1.73031e+06
1.72119e+06
1.71014e+06
1.70087e+06
1.69727e+06
1.6982e+06
1.69994e+06
1.69799e+06
1.69365e+06
1.6877e+06
1.68033e+06
1.67383e+06
1.67051e+06
1.66913e+06
1.66724e+06
1.66325e+06
1.65834e+06
1.65385e+06
1.65057e+06
1.64846e+06
1.6468e+06
1.64473e+06
1.6422e+06
1.63962e+06
1.63743e+06
1.63572e+06
1.63413e+06
1.63212e+06
1.62943e+06
1.62627e+06
1.62316e+06
1.62021e+06
1.61748e+06
1.61477e+06
1.61245e+06
1.61056e+06
1.60908e+06
1.60786e+06
1.60688e+06
1.60579e+06
1.60467e+06
1.60344e+06
1.60191e+06
1.60045e+06
1.59737e+06
2.05975e+06
2.20881e+06
2.46045e+06
2.54826e+06
2.57579e+06
2.6795e+06
2.69999e+06
2.66938e+06
2.66844e+06
2.67199e+06
2.67392e+06
2.68825e+06
2.73029e+06
2.75992e+06
2.77509e+06
2.79053e+06
2.80154e+06
2.80324e+06
2.80305e+06
2.80579e+06
2.80427e+06
2.79551e+06
2.78684e+06
2.78383e+06
2.77813e+06
2.77004e+06
2.76482e+06
2.76053e+06
2.75314e+06
2.74285e+06
2.73318e+06
2.72568e+06
2.72041e+06
2.71653e+06
2.71203e+06
2.70418e+06
2.69392e+06
2.68138e+06
2.66939e+06
2.6618e+06
2.65937e+06
2.65993e+06
2.65693e+06
2.65228e+06
2.64573e+06
2.63669e+06
2.62744e+06
2.62086e+06
2.61681e+06
2.61402e+06
2.60978e+06
2.6041e+06
2.59817e+06
2.59338e+06
2.59e+06
2.58788e+06
2.58554e+06
2.58248e+06
2.57903e+06
2.57564e+06
2.5726e+06
2.56979e+06
2.56645e+06
2.56221e+06
2.55733e+06
2.55268e+06
2.54861e+06
2.54521e+06
2.54204e+06
2.53942e+06
2.53728e+06
2.53554e+06
2.53391e+06
2.53236e+06
2.53042e+06
2.52847e+06
2.52633e+06
2.52402e+06
2.52172e+06
2.51745e+06
4.36022e+06
4.70925e+06
5.02668e+06
4.97901e+06
4.9058e+06
4.96854e+06
4.97843e+06
4.91165e+06
4.8885e+06
4.86292e+06
4.85969e+06
4.88608e+06
4.94708e+06
4.97881e+06
4.9928e+06
5.00739e+06
5.01486e+06
5.01369e+06
5.00878e+06
5.00596e+06
4.99756e+06
4.98721e+06
4.97882e+06
4.97637e+06
4.96944e+06
4.96455e+06
4.9617e+06
4.95603e+06
4.9457e+06
4.93147e+06
4.92024e+06
4.91509e+06
4.91211e+06
4.91177e+06
4.91366e+06
4.90197e+06
4.88784e+06
4.86846e+06
4.85373e+06
4.85125e+06
4.85355e+06
4.85912e+06
4.85471e+06
4.84855e+06
4.83738e+06
4.82124e+06
4.808e+06
4.80449e+06
4.8032e+06
4.80324e+06
4.80066e+06
4.79387e+06
4.78525e+06
4.78077e+06
4.77904e+06
4.77895e+06
4.77773e+06
4.77376e+06
4.7687e+06
4.76378e+06
4.76028e+06
4.75762e+06
4.75369e+06
4.74803e+06
4.74172e+06
4.73674e+06
4.73323e+06
4.7309e+06
4.72825e+06
4.72622e+06
4.72472e+06
4.72389e+06
4.72315e+06
4.72247e+06
4.72099e+06
4.71929e+06
4.71684e+06
4.71384e+06
4.71038e+06
4.70589e+06
1.10376e+07
1.14348e+07
1.2199e+07
1.26681e+07
1.30213e+07
1.35441e+07
1.38939e+07
1.39875e+07
1.41728e+07
1.45046e+07
1.4835e+07
1.5109e+07
1.5417e+07
1.56698e+07
1.58291e+07
1.59714e+07
1.61264e+07
1.6275e+07
1.6372e+07
1.64667e+07
1.6579e+07
1.6666e+07
1.67175e+07
1.67855e+07
1.68759e+07
1.69702e+07
1.70314e+07
1.70672e+07
1.70809e+07
1.70796e+07
1.70916e+07
1.71513e+07
1.72748e+07
1.73854e+07
1.74027e+07
1.73542e+07
1.72838e+07
1.72171e+07
1.72054e+07
1.72974e+07
1.74837e+07
1.75863e+07
1.75649e+07
1.75106e+07
1.74343e+07
1.73776e+07
1.73694e+07
1.74406e+07
1.75556e+07
1.76061e+07
1.76029e+07
1.75864e+07
1.75833e+07
1.76127e+07
1.76645e+07
1.76958e+07
1.76993e+07
1.76922e+07
1.76881e+07
1.76977e+07
1.77203e+07
1.77385e+07
1.77442e+07
1.77447e+07
1.77495e+07
1.77638e+07
1.77804e+07
1.77926e+07
1.77998e+07
1.78091e+07
1.78231e+07
1.78432e+07
1.78663e+07
1.78904e+07
1.79112e+07
1.79269e+07
1.79343e+07
1.79353e+07
1.79344e+07
1.79472e+07
)
;

boundaryField
{
    inlet
    {
        type            turbulentMixingLengthFrequencyInlet;
        mixingLength    0.00575;
        phi             phi;
        k               k;
        value           uniform 1607.05;
    }
    outlet
    {
        type            inletOutlet;
        inletValue      uniform 1;
        value           nonuniform List<scalar> 
82
(
6.46112e+06
2.64354e+06
1.56067e+06
1.00447e+06
694681
508935
390664
311110
255223
214731
184579
161674
144068
130376
119561
110832
103638
97548.3
92273.7
87318.6
78627.7
61480.4
42423.6
28897
22080.4
18599.7
16799.8
15483.5
14685.9
14084.3
13819.7
13700.2
13548.4
13419.4
13126.6
12844.1
12702.1
12558
12184.8
11830.8
11703.9
11692.8
11820.8
12290
12759.1
13430.3
13303.6
11906.4
10235.5
9881.9
10446.3
11411
12863.9
15250.5
19254.5
25180.8
32112.2
38321.8
43594.9
49115.2
55969.7
64604.5
74809
86088
98509.1
112826
129644
148720
170383
195667
226100
263885
312375
376729
465068
591260
780649
1.08372e+06
1.59737e+06
2.51745e+06
4.70589e+06
1.79472e+07
)
;
    }
    bottom
    {
        beta1           0.075;
        blended         false;
        type            omegaWallFunction;
        value           nonuniform List<scalar> 
196
(
6.81656e+06
7.14331e+06
7.00178e+06
6.72598e+06
6.79545e+06
6.82035e+06
7.02144e+06
5.97834e+06
6.08369e+06
7.37602e+06
6.30312e+06
6.39538e+06
7.63933e+06
6.56774e+06
7.91169e+06
8.03677e+06
8.11131e+06
6.92294e+06
8.34102e+06
7.10312e+06
7.19544e+06
8.63468e+06
7.38042e+06
8.82279e+06
8.9107e+06
7.67686e+06
9.11514e+06
7.87858e+06
9.38541e+06
9.53572e+06
8.18446e+06
8.28764e+06
8.39256e+06
9.98061e+06
8.60528e+06
8.71261e+06
8.8211e+06
8.93105e+06
9.0418e+06
9.15361e+06
9.26706e+06
9.38118e+06
9.49573e+06
1.12786e+07
9.72593e+06
9.84511e+06
9.96358e+06
1.00831e+07
1.02011e+07
1.03183e+07
1.04341e+07
1.05483e+07
1.06585e+07
1.07895e+07
1.09494e+07
1.11076e+07
1.12601e+07
1.1407e+07
1.15512e+07
1.16931e+07
1.18337e+07
1.1973e+07
1.21119e+07
1.22506e+07
1.239e+07
1.25295e+07
1.26694e+07
1.28091e+07
1.29494e+07
1.30896e+07
1.32307e+07
1.33721e+07
1.35149e+07
1.36579e+07
1.38016e+07
1.39453e+07
1.40903e+07
1.42358e+07
1.43829e+07
1.45308e+07
1.46801e+07
1.48298e+07
1.49805e+07
1.51308e+07
1.52818e+07
1.54327e+07
1.55851e+07
1.57382e+07
1.58932e+07
1.60488e+07
1.62061e+07
1.63634e+07
1.65217e+07
1.66796e+07
1.68387e+07
1.69975e+07
1.71582e+07
1.73188e+07
1.7481e+07
1.76427e+07
1.78056e+07
1.7968e+07
1.81317e+07
1.82952e+07
1.846e+07
1.86251e+07
1.87916e+07
1.89586e+07
1.91264e+07
1.92944e+07
1.94624e+07
1.96308e+07
1.97993e+07
1.99686e+07
2.01374e+07
2.03038e+07
2.03649e+07
2.01927e+07
1.92607e+07
1.64556e+07
1.32525e+07
1.16576e+07
1.07714e+07
1.02433e+07
9.52837e+06
9.45175e+06
8.98575e+06
8.23193e+06
7.49715e+06
6.67859e+06
5.95654e+06
5.3059e+06
5.75302e+06
5.89876e+06
6.01337e+06
6.07722e+06
6.09132e+06
6.13493e+06
6.11031e+06
6.11892e+06
6.12032e+06
6.14038e+06
6.14876e+06
6.14069e+06
6.13853e+06
6.15248e+06
6.15982e+06
6.15753e+06
6.15348e+06
6.1674e+06
6.18608e+06
6.1924e+06
6.1883e+06
6.17826e+06
6.17579e+06
6.18384e+06
6.18728e+06
6.18318e+06
6.1716e+06
6.15724e+06
6.15416e+06
6.15399e+06
6.15179e+06
6.14665e+06
6.13917e+06
6.13096e+06
6.127e+06
6.12205e+06
6.11359e+06
6.10284e+06
6.09005e+06
6.08297e+06
6.08117e+06
6.08178e+06
6.08423e+06
6.08449e+06
6.07551e+06
6.06437e+06
6.05751e+06
6.05455e+06
6.05777e+06
6.06986e+06
6.09289e+06
6.12233e+06
6.14923e+06
6.16894e+06
6.17627e+06
6.1796e+06
6.18709e+06
6.20159e+06
6.22768e+06
6.26579e+06
6.31314e+06
6.36496e+06
6.40239e+06
6.46112e+06
)
;
    }
    top
    {
        beta1           0.075;
        blended         false;
        type            omegaWallFunction;
        value           nonuniform List<scalar> 
190
(
5.491e+06
5.96061e+06
5.92069e+06
5.66765e+06
5.20075e+06
4.76942e+06
4.51431e+06
4.35753e+06
4.28219e+06
4.25973e+06
4.26593e+06
4.28136e+06
4.31065e+06
4.35189e+06
4.41541e+06
4.47295e+06
4.51581e+06
4.55203e+06
4.587e+06
4.62226e+06
4.65754e+06
4.69026e+06
4.71838e+06
4.74242e+06
4.76415e+06
4.78674e+06
4.81179e+06
4.83807e+06
4.86457e+06
4.89051e+06
4.91528e+06
4.93866e+06
4.96057e+06
4.98172e+06
5.00275e+06
5.02399e+06
5.04613e+06
5.06979e+06
5.0946e+06
5.11949e+06
5.1438e+06
5.16753e+06
5.19088e+06
5.21439e+06
5.23856e+06
5.2631e+06
5.28748e+06
5.31104e+06
5.33368e+06
5.35627e+06
5.37945e+06
5.40369e+06
5.42902e+06
5.45491e+06
5.48077e+06
5.50611e+06
5.53055e+06
5.55435e+06
5.57814e+06
5.60225e+06
5.6269e+06
5.65215e+06
5.67797e+06
5.70407e+06
5.73027e+06
5.75629e+06
5.78193e+06
5.80698e+06
5.8318e+06
5.85667e+06
5.88183e+06
5.90759e+06
5.93352e+06
5.96009e+06
5.98613e+06
6.01239e+06
6.21787e+06
6.13643e+06
6.2794e+06
6.25038e+06
6.36514e+06
6.49774e+06
6.44887e+06
6.57175e+06
6.77011e+06
5.62615e+06
6.92765e+06
5.72707e+06
6.94106e+06
7.10787e+06
7.01344e+06
7.16691e+06
7.05356e+06
7.16751e+06
6.09117e+06
7.4742e+06
7.42497e+06
7.44863e+06
7.54278e+06
7.76455e+06
7.71287e+06
7.7966e+06
7.99946e+06
7.99121e+06
8.04807e+06
8.18542e+06
6.75555e+06
8.15087e+06
8.31023e+06
8.5486e+06
1.10376e+07
1.14348e+07
1.2199e+07
1.26681e+07
1.30213e+07
1.35441e+07
1.38939e+07
1.39875e+07
1.41728e+07
1.45046e+07
1.4835e+07
1.5109e+07
1.5417e+07
1.56698e+07
1.58291e+07
1.59714e+07
1.61264e+07
1.6275e+07
1.6372e+07
1.64667e+07
1.6579e+07
1.6666e+07
1.67175e+07
1.67855e+07
1.68759e+07
1.69702e+07
1.70314e+07
1.70672e+07
1.70809e+07
1.70796e+07
1.70916e+07
1.71513e+07
1.72748e+07
1.73854e+07
1.74027e+07
1.73542e+07
1.72838e+07
1.72171e+07
1.72054e+07
1.72974e+07
1.74837e+07
1.75863e+07
1.75649e+07
1.75106e+07
1.74343e+07
1.73776e+07
1.73694e+07
1.74406e+07
1.75556e+07
1.76061e+07
1.76029e+07
1.75864e+07
1.75833e+07
1.76127e+07
1.76645e+07
1.76958e+07
1.76993e+07
1.76922e+07
1.76881e+07
1.76977e+07
1.77203e+07
1.77385e+07
1.77442e+07
1.77447e+07
1.77495e+07
1.77638e+07
1.77804e+07
1.77926e+07
1.77998e+07
1.78091e+07
1.78231e+07
1.78432e+07
1.78663e+07
1.78904e+07
1.79112e+07
1.79269e+07
1.79343e+07
1.79353e+07
1.79344e+07
1.79472e+07
)
;
    }
    upstream
    {
        type            symmetryPlane;
    }
    defaultFaces
    {
        type            empty;
    }
}


// ************************************************************************* //
