/*--------------------------------*- C++ -*----------------------------------*\
  =========                 |
  \\      /  F ield         | OpenFOAM: The Open Source CFD Toolbox
   \\    /   O peration     | Website:  https://openfoam.org
    \\  /    A nd           | Version:  13
     \\/     M anipulation  |
\*---------------------------------------------------------------------------*/
FoamFile
{
    format      ascii;
    class       volScalarField;
    location    "0.002";
    object      p;
}
// * * * * * * * * * * * * * * * * * * * * * * * * * * * * * * * * * * * * * //

dimensions      [1 -1 -2 0 0 0 0];

internalField   nonuniform List<scalar> 
16072
(
4509.49
4657.36
4627.69
4570.3
4503.48
4430.05
4407.34
4682.48
4628.38
4609.84
4603.41
4550.78
4332.79
4623.39
4657.08
4606.23
4557.51
4497.51
4236.66
4586.41
4663.24
4592.85
4531.65
4475.05
4157.33
4520.54
4631.27
4605.3
4532.85
4464.21
4095.15
4465.64
4619.97
4627.97
4552.99
4473.3
4054.73
4356.91
4573.85
4627.07
4578.32
4495.53
4031.52
4258.83
4540.95
4621.07
4597.28
4521.98
4020.18
4158.88
4451.12
4604.37
4600.95
4552.74
4014.44
4095.75
4349.95
4578.8
4586.58
4571.41
4012.07
4055.01
4225.45
4506.64
4567.04
4578.65
4010.95
4031.79
4137.9
4393.66
4543.56
4577.35
4010.41
4020.14
4075.83
4249.93
4470.97
4572.36
4010.17
4014.51
4041.59
4140.82
4364
4553.33
4010.06
4012.01
4023.88
4074.14
4223.1
4461.28
4010.02
4010.84
4015.97
4038.09
4119.02
4313.58
4010.01
4010.32
4012.48
4021.84
4058.63
4163.46
4010
4010.11
4010.96
4014.74
4029.97
4072.74
4010
4010.04
4010.34
4011.83
4017.54
4035.12
4010
4010.01
4010.11
4010.63
4012.8
4019.43
4010
4010
4010.03
4010.2
4010.94
4013.37
4010
4010
4010.01
4010.06
4010.28
4011.09
4010
4010
4010
4010.02
4010.08
4010.32
4010
4010
4010
4010
4010.02
4010.08
4010
4010
4010
4010
4010
4010.02
4010
4010
4010
4010
4010
4010
4010
4010
4010
4010
4010
4010
4010
4010
4010
4010
4010
4010
4010
4010
4010
4010
4010
4010
4010
4010
4010
4010
4010
4010
4010
4010
4010
4010
4010
4010
4010
4010
4010
4010
4010
4010
4010
4010
4010
4010
4010
4010
4010
4010
4010
4010
4010
4010
4010
4010
4010
4010
4010
4010
4010
4010
4010
4010
4010
4010
4010
4010
4010
4010
4010
4010
4010
4010
4010
4010
4010
4010
4010
4010
4010
4010
4010
4010
4010
4010
4010
4010
4010
4010
4010
4010
4010
4010
4010
4010
4010
4010
4010
4010
4010
4010
4010
4010
4010
4010
4010
4010
4010
4010
4010
4010
4010
4010
4010
4010
4010
4010
4010
4010
4010
4010
4010
4010
4010
4010
4010
4010
4010
4010
4010
4010
4010
4010
4010
4010
4010
4010
4010
4010
4010
4010
4010
4010
4010
4010
4010
4010
4010
4010
4010
4010
4010
4010
4010
4010
4010
4010
4010
4010
4010
4010
4010
4010
4010
4010
4010
4010
4010
4010
4010
4010
4010
4010
4010
4010
4010
4010
4010
4010
4010
4010
4010
4010
4010
4010
4010
4010
4010
4010
4010
4010
4010
4010
4010
4010
4010
4010
4010
4010
4010
4010
4010
4010
4010
4010
4010
4010
4010
4010
4010
4010
4010
4010
4010
4010
4010
4010
4010
4010
4010
4010
4010
4010
4010
4010
4010
4010
4010
4010
4010
4010
4010
4010
4010
4010
4010
4010
4010
4010
4010
4010
4010
4010
4010
4010
4010
4010
4010
4010
4010
4010.01
4010
4010
4010
4010
4010
4010.01
4010
4010
4010
4010
4010
4010.03
4010
4010
4010
4010
4010
4010.04
4010
4010
4010
4010
4010
4010.07
4010
4010
4010
4010
4010
4010.12
4010
4010
4010
4010
4010
4010.17
4010
4010
4010
4010
4010.01
4010.23
4010
4010
4010
4010
4010.01
4010.21
4010
4010
4010
4010
4010.02
4009.95
4010
4010
4010
4010
4010.02
4009.72
4010
4010
4010
4010
4010.03
4009.6
4010
4010
4010
4010
4010.04
4009.61
4010
4010
4010
4010
4010.04
4009.5
4010
4010
4010
4010
4010.05
4009.96
4010
4010
4010
4010
4010.05
4004.74
4380.96
4333.76
4316.31
4292.4
4278.94
4273.68
4271.9
4273.19
4273.86
4272.12
4271.18
4272.16
4273.32
4273.27
4273.25
4273.97
4274.54
4273.81
4271.85
4269.46
4267.7
4266.47
4265.42
4264.69
4264.01
4263.52
4262.61
4261.74
4260.75
4260.04
4259.22
4258.15
4257.15
4256.09
4254.72
4253.49
4252.49
4251.97
4251.26
4249.48
4248.43
4247.35
4247.25
4247.88
4249.44
4251.93
4256.34
4252.78
4238.46
4225.5
4215.37
4207.88
4201.9
4197.22
4193.42
4190.46
4187.97
4185.93
4184.01
4182.36
4180.88
4179.77
4178.78
4178.09
4177.44
4176.91
4176.24
4175.77
4175.34
4175.14
4174.81
4174.56
4174.09
4173.65
4172.99
4172.48
4171.9
4171.64
4171.39
4171.38
4171.16
4170.98
4170.45
4169.98
4169.26
4168.71
4168.09
4167.77
4167.33
4167.09
4166.59
4166.27
4165.71
4165.42
4165.02
4164.85
4164.54
4164.42
4164.13
4163.9
4163.48
4163.08
4162.64
4162.24
4162
4161.75
4161.6
4161.39
4161.38
4161.96
4494.58
4431.35
4400.16
4364.93
4341.92
4328.55
4320.02
4315.89
4311.89
4305.97
4301.14
4298.56
4296.54
4293.58
4290.83
4289.18
4287.74
4285.13
4281.37
4277.54
4274.56
4271.98
4270.06
4268.44
4266.94
4265.6
4264.11
4262.85
4261.44
4260.37
4259.2
4258.15
4257.06
4255.82
4254.61
4253.56
4252.43
4251.66
4250.36
4249.87
4248.94
4247.57
4247.28
4247.13
4248.06
4248.91
4251.59
4249.11
4237.19
4225.18
4215.29
4207.87
4201.9
4197.22
4193.43
4190.47
4187.99
4185.95
4184.03
4182.39
4180.91
4179.81
4178.82
4178.13
4177.48
4176.95
4176.29
4175.82
4175.39
4175.19
4174.87
4174.62
4174.15
4173.71
4173.06
4172.56
4171.98
4171.72
4171.48
4171.47
4171.26
4171.08
4170.55
4170.08
4169.36
4168.82
4168.21
4167.88
4167.45
4167.22
4166.73
4166.4
4165.85
4165.56
4165.16
4164.99
4164.69
4164.58
4164.28
4164.06
4163.64
4163.25
4162.81
4162.42
4162.18
4161.93
4161.78
4161.58
4161.56
4162.12
4446.68
4397.53
4375.63
4344.83
4326.81
4316.55
4309.51
4306.66
4303.93
4299.68
4296.66
4295.81
4295.17
4293.83
4292.39
4291.75
4291.38
4289.48
4286.42
4283.33
4280.72
4278.53
4276.66
4275.17
4273.86
4272.51
4270.83
4269.35
4267.79
4266.51
4265.09
4263.66
4262.29
4260.86
4259.41
4258.27
4256.9
4255.55
4254.15
4253.95
4252.84
4251.02
4250.53
4250.56
4251.56
4252.96
4256.43
4253.67
4240.72
4227.98
4217.77
4210.25
4204.24
4199.53
4195.69
4192.7
4190.18
4188.1
4186.14
4184.45
4182.93
4181.78
4180.75
4180.02
4179.32
4178.75
4178.04
4177.52
4177.05
4176.79
4176.42
4176.13
4175.61
4175.13
4174.43
4173.89
4173.27
4172.97
4172.69
4172.64
4172.39
4172.17
4171.61
4171.11
4170.36
4169.78
4169.14
4168.78
4168.32
4168.05
4167.53
4167.17
4166.6
4166.28
4165.85
4165.66
4165.33
4165.19
4164.87
4164.62
4164.18
4163.77
4163.3
4162.89
4162.62
4162.36
4162.19
4161.96
4161.91
4162.39
4439.17
4396.84
4383.13
4360.73
4347.33
4338.55
4331.2
4327.05
4322.46
4316.38
4311.67
4309.02
4306.75
4303.9
4301.21
4299.64
4298.49
4296
4292.59
4289.07
4286.09
4283.63
4281.49
4279.84
4278.38
4276.92
4275.28
4273.74
4272.22
4270.89
4269.56
4268.01
4266.48
4264.9
4263.37
4261.98
4260.61
4259.44
4258.33
4257.07
4255.73
4254.74
4254.17
4253.52
4254.04
4254.29
4256.18
4253.49
4241.84
4229.86
4219.92
4212.46
4206.44
4201.73
4197.91
4194.92
4192.41
4190.34
4188.38
4186.69
4185.17
4184.01
4182.98
4182.23
4181.53
4180.95
4180.23
4179.71
4179.22
4178.97
4178.59
4178.3
4177.78
4177.29
4176.59
4176.04
4175.41
4175.11
4174.82
4174.76
4174.5
4174.28
4173.71
4173.2
4172.44
4171.86
4171.21
4170.84
4170.37
4170.1
4169.56
4169.2
4168.62
4168.29
4167.86
4167.65
4167.32
4167.17
4166.84
4166.59
4166.13
4165.72
4165.24
4164.82
4164.54
4164.27
4164.09
4163.84
4163.78
4164.11
4407.49
4363.09
4349.77
4327.1
4320.22
4319.83
4318.96
4320.29
4320.64
4318.21
4315.52
4313.65
4311.84
4309.1
4306.31
4304.55
4303.05
4300.34
4296.79
4293.08
4289.95
4287.4
4285.22
4283.5
4281.97
4280.49
4278.91
4277.3
4275.81
4274.41
4273.08
4271.45
4269.82
4268.13
4266.47
4264.89
4263.43
4262.24
4261.24
4259.53
4258.13
4257.34
4256.47
4255.86
4256.41
4256.82
4259.23
4257.02
4244.93
4232.11
4221.73
4214.05
4207.94
4203.17
4199.31
4196.3
4193.77
4191.69
4189.72
4188.03
4186.49
4185.33
4184.28
4183.52
4182.81
4182.22
4181.49
4180.94
4180.44
4180.17
4179.78
4179.47
4178.94
4178.44
4177.73
4177.16
4176.52
4176.2
4175.89
4175.82
4175.55
4175.31
4174.73
4174.2
4173.43
4172.84
4172.18
4171.8
4171.32
4171.03
4170.49
4170.12
4169.52
4169.18
4168.74
4168.52
4168.18
4168.02
4167.69
4167.42
4166.96
4166.53
4166.05
4165.62
4165.33
4165.05
4164.86
4164.6
4164.51
4164.63
4414.6
4355.7
4338.33
4312.45
4303.92
4302.52
4302.84
4306.94
4311.54
4314.16
4316.03
4317.55
4317.73
4316.09
4313.89
4312.27
4310.66
4307.6
4303.46
4299.17
4295.47
4292.32
4289.66
4287.48
4285.57
4283.77
4281.96
4280.13
4278.46
4276.91
4275.5
4273.8
4272.02
4270.22
4268.49
4266.85
4265.34
4263.93
4262.77
4261.31
4260.08
4259.04
4257.74
4257.17
4257.62
4257.6
4259.56
4257.81
4246.23
4233.39
4222.81
4214.95
4208.72
4203.87
4199.97
4196.93
4194.39
4192.3
4190.33
4188.63
4187.1
4185.93
4184.88
4184.13
4183.42
4182.83
4182.1
4181.54
4181.03
4180.76
4180.38
4180.08
4179.55
4179.05
4178.34
4177.76
4177.13
4176.8
4176.5
4176.42
4176.15
4175.91
4175.33
4174.8
4174.03
4173.44
4172.78
4172.4
4171.92
4171.64
4171.1
4170.73
4170.13
4169.79
4169.34
4169.13
4168.79
4168.63
4168.3
4168.04
4167.57
4167.15
4166.66
4166.25
4165.95
4165.68
4165.48
4165.21
4165.1
4164.95
4423.04
4365.04
4340.57
4304.21
4293.79
4289.13
4283.95
4284.78
4289.54
4294.45
4299.23
4304.11
4308.16
4310.66
4312.02
4313.1
4313.57
4312.09
4308.96
4305.22
4301.66
4298.38
4295.43
4292.89
4290.62
4288.43
4286.26
4284.09
4282.1
4280.29
4278.64
4276.76
4274.79
4272.81
4270.92
4269.16
4267.49
4265.92
4264.51
4263.18
4261.95
4260.71
4259.14
4258.57
4258.96
4258.81
4260.77
4259.81
4248.68
4235.24
4224.12
4215.9
4209.46
4204.49
4200.5
4197.4
4194.82
4192.69
4190.7
4188.98
4187.43
4186.24
4185.17
4184.41
4183.68
4183.09
4182.35
4181.78
4181.26
4180.99
4180.62
4180.31
4179.78
4179.28
4178.57
4177.99
4177.35
4177.02
4176.71
4176.63
4176.35
4176.11
4175.53
4175
4174.23
4173.63
4172.97
4172.59
4172.11
4171.83
4171.29
4170.92
4170.32
4169.97
4169.52
4169.31
4168.97
4168.81
4168.48
4168.21
4167.75
4167.33
4166.84
4166.42
4166.12
4165.86
4165.66
4165.37
4165.26
4164.76
4443.58
4373.73
4348.16
4307.87
4295.67
4287.47
4278.97
4275.37
4276.8
4280.38
4284.24
4287.89
4291.36
4294.83
4298.63
4302.84
4306.47
4308.08
4307.78
4306.39
4304.57
4302.48
4300.25
4298.1
4295.98
4293.79
4291.49
4289.12
4286.86
4284.79
4282.85
4280.72
4278.48
4276.28
4274.15
4272.17
4270.29
4268.6
4267
4265.53
4264.05
4262.66
4260.97
4260.31
4260.58
4260.2
4261.9
4261.69
4251.49
4237.69
4225.94
4217.27
4210.55
4205.4
4201.3
4198.12
4195.48
4193.3
4191.27
4189.51
4187.92
4186.69
4185.6
4184.81
4184.07
4183.46
4182.71
4182.12
4181.58
4181.29
4180.92
4180.61
4180.08
4179.56
4178.85
4178.26
4177.61
4177.27
4176.94
4176.86
4176.57
4176.32
4175.74
4175.2
4174.42
4173.83
4173.16
4172.78
4172.3
4172.01
4171.47
4171.09
4170.49
4170.13
4169.68
4169.46
4169.12
4168.96
4168.62
4168.36
4167.89
4167.48
4166.98
4166.57
4166.26
4165.99
4165.8
4165.48
4165.37
4164.49
4465.18
4395.26
4357.6
4312.12
4302.22
4290.42
4278.01
4272.83
4272.63
4275.08
4277.67
4279.37
4280.57
4281.98
4284.04
4287.11
4290.75
4293.69
4295.6
4296.87
4297.66
4298.07
4298.1
4297.9
4297.39
4296.51
4295.14
4293.43
4291.54
4289.65
4287.78
4285.62
4283.28
4280.92
4278.58
4276.4
4274.3
4272.39
4270.59
4268.84
4267.07
4265.49
4263.63
4262.81
4262.92
4262.3
4263.74
4264.3
4255.33
4241.29
4228.71
4219.39
4212.26
4206.86
4202.59
4199.28
4196.55
4194.3
4192.2
4190.38
4188.73
4187.45
4186.31
4185.48
4184.71
4184.06
4183.29
4182.66
4182.08
4181.77
4181.4
4181.08
4180.53
4180
4179.27
4178.67
4178
4177.65
4177.3
4177.2
4176.9
4176.64
4176.05
4175.5
4174.72
4174.11
4173.44
4173.04
4172.56
4172.27
4171.73
4171.34
4170.73
4170.36
4169.89
4169.67
4169.33
4169.17
4168.82
4168.56
4168.08
4167.67
4167.16
4166.75
4166.43
4166.16
4165.97
4165.62
4165.52
4164.24
4498.23
4415.38
4369.65
4321.6
4309.92
4293.46
4279.49
4272.56
4271.15
4274.21
4276.95
4277.31
4276.65
4276.78
4277.85
4279.37
4281.07
4282.34
4283.07
4283.73
4284.5
4285.47
4286.64
4288.05
4289.46
4290.57
4291.22
4291.44
4291.23
4290.74
4289.98
4288.66
4286.92
4284.96
4282.93
4280.95
4278.94
4277.01
4275.1
4273.17
4271.29
4269.51
4267.37
4266.27
4266.2
4265.35
4266.41
4267.77
4260.29
4246.28
4232.74
4222.54
4214.83
4209.09
4204.58
4201.1
4198.24
4195.87
4193.67
4191.75
4190.02
4188.65
4187.44
4186.56
4185.73
4185.03
4184.22
4183.54
4182.91
4182.56
4182.17
4181.83
4181.26
4180.71
4179.96
4179.33
4178.64
4178.25
4177.88
4177.75
4177.44
4177.16
4176.55
4175.98
4175.19
4174.58
4173.89
4173.48
4172.98
4172.69
4172.14
4171.75
4171.12
4170.74
4170.26
4170.03
4169.68
4169.51
4169.15
4168.88
4168.4
4167.98
4167.46
4167.05
4166.72
4166.45
4166.26
4165.88
4165.79
4164.17
4533.02
4450.26
4379.72
4335.05
4321.01
4295.89
4280.35
4274.52
4270.89
4273.39
4276.7
4277.33
4276.15
4275.6
4276.17
4277.01
4277.69
4278
4277.89
4277.5
4276.87
4276.26
4275.95
4276.27
4277.19
4278.43
4279.78
4281.07
4282.25
4283.4
4284.4
4284.86
4284.74
4284.2
4283.42
4282.47
4281.31
4280.05
4278.62
4277.09
4275.47
4273.8
4271.68
4270.39
4270.12
4269.1
4269.66
4271.84
4266.35
4253
4238.52
4227.11
4218.59
4212.35
4207.51
4203.76
4200.71
4198.2
4195.87
4193.82
4191.94
4190.45
4189.14
4188.18
4187.28
4186.5
4185.61
4184.86
4184.15
4183.75
4183.33
4182.97
4182.36
4181.77
4180.98
4180.31
4179.58
4179.15
4178.75
4178.59
4178.25
4177.94
4177.31
4176.71
4175.9
4175.27
4174.56
4174.14
4173.62
4173.31
4172.75
4172.34
4171.7
4171.3
4170.79
4170.56
4170.2
4170.02
4169.65
4169.36
4168.87
4168.45
4167.91
4167.5
4167.15
4166.88
4166.68
4166.27
4166.22
4164.4
4553.64
4487.34
4400.51
4354.35
4333.16
4298.98
4283.78
4277.91
4271.89
4273.29
4276.24
4277.03
4276.07
4275.7
4276.3
4276.75
4276.99
4277.16
4277.11
4276.58
4275.39
4273.86
4272.47
4271.59
4271.17
4271.06
4271.18
4271.51
4272.01
4272.73
4273.65
4274.45
4275.05
4275.58
4276.12
4276.6
4276.92
4277.05
4276.94
4276.55
4275.93
4275.21
4273.91
4273.13
4273.07
4272.29
4272.49
4275.36
4272.46
4260.74
4245.81
4233.15
4223.65
4216.76
4211.49
4207.48
4204.19
4201.43
4198.89
4196.68
4194.68
4193.04
4191.59
4190.47
4189.45
4188.59
4187.64
4186.8
4185.98
4185.47
4184.98
4184.57
4183.93
4183.29
4182.45
4181.72
4180.94
4180.44
4179.98
4179.77
4179.39
4179.05
4178.39
4177.76
4176.92
4176.27
4175.53
4175.07
4174.52
4174.2
4173.63
4173.2
4172.52
4172.1
4171.56
4171.32
4170.94
4170.75
4170.35
4170.06
4169.54
4169.11
4168.56
4168.14
4167.76
4167.49
4167.28
4166.83
4166.82
4165.03
4561.51
4521.37
4436.21
4383.32
4346.71
4298.82
4288.88
4282.76
4273.12
4273.79
4276.33
4277.05
4276
4275.73
4276.47
4276.84
4276.65
4276.71
4277
4276.81
4275.64
4273.79
4271.91
4270.54
4269.56
4268.73
4267.99
4267.39
4266.95
4266.69
4266.6
4266.52
4266.34
4266.24
4266.4
4266.76
4267.32
4267.95
4268.63
4269.07
4269.57
4269.89
4269.8
4269.98
4270.97
4271.25
4271.73
4275.43
4275.63
4266.93
4252.73
4239.23
4228.82
4221.4
4215.77
4211.46
4208.07
4205.33
4202.72
4200.29
4198.04
4196.23
4194.73
4193.6
4192.48
4191.44
4190.31
4189.33
4188.43
4187.86
4187.33
4186.86
4186.13
4185.4
4184.47
4183.67
4182.83
4182.28
4181.75
4181.48
4181.04
4180.63
4179.91
4179.23
4178.35
4177.67
4176.89
4176.39
4175.81
4175.45
4174.85
4174.39
4173.67
4173.21
4172.64
4172.38
4171.98
4171.76
4171.32
4171
4170.45
4170.02
4169.43
4169.02
4168.6
4168.33
4168.09
4167.62
4167.64
4166.11
4543.12
4530.16
4476.91
4417.71
4359.14
4305.47
4298.5
4289.6
4273.96
4273.57
4275.83
4276.5
4275.77
4275.72
4276.5
4276.97
4276.94
4277.07
4277.5
4277.54
4276.51
4274.54
4272.42
4270.77
4269.6
4268.68
4267.85
4267.14
4266.41
4265.66
4264.96
4264.24
4263.46
4262.66
4261.96
4261.37
4260.96
4260.72
4260.61
4260.5
4260.75
4261.01
4261.15
4261.74
4262.85
4263.95
4264.56
4268.43
4271.65
4267.39
4255.78
4242.33
4231.13
4223.15
4217.58
4213.67
4210.36
4207.51
4205.13
4203.15
4201.23
4199.43
4197.74
4196.42
4195.33
4194.5
4193.56
4192.56
4191.46
4190.66
4190
4189.53
4188.87
4188.17
4187.2
4186.28
4185.3
4184.61
4183.98
4183.66
4183.2
4182.79
4182.04
4181.31
4180.39
4179.65
4178.8
4178.24
4177.6
4177.21
4176.57
4176.07
4175.3
4174.79
4174.18
4173.9
4173.46
4173.22
4172.72
4172.38
4171.78
4171.33
4170.69
4170.27
4169.79
4169.52
4169.25
4168.77
4168.78
4167.83
4514.32
4540.05
4515.76
4456.97
4379.21
4328.41
4313.97
4299.12
4275.78
4274.49
4275.96
4275.63
4275.21
4275.75
4276.46
4276.75
4276.92
4277.59
4278.42
4278.64
4277.63
4275.52
4273.27
4271.54
4270.29
4269.23
4268.27
4267.46
4266.67
4265.77
4264.78
4263.77
4262.81
4261.9
4261.07
4260.3
4259.62
4258.97
4258.3
4257.46
4256.78
4256.1
4255.59
4255.37
4255.71
4256.2
4256.2
4258.6
4262.86
4262.59
4254.48
4241.77
4229.73
4220.69
4214.27
4210.17
4207.77
4206.01
4203.83
4201.64
4199.99
4199.06
4198.44
4197.82
4196.82
4195.72
4194.7
4194.05
4193.54
4193.17
4192.65
4192.1
4191.31
4190.5
4189.55
4188.75
4187.92
4187.33
4186.72
4186.32
4185.75
4185.22
4184.38
4183.6
4182.68
4181.97
4181.13
4180.57
4179.91
4179.49
4178.81
4178.26
4177.43
4176.86
4176.2
4175.91
4175.43
4175.16
4174.61
4174.25
4173.58
4173.12
4172.4
4171.98
4171.43
4171.17
4170.82
4170.39
4170.25
4170.07
4475.61
4540.3
4531.97
4491.93
4416.96
4362.53
4327.55
4305.46
4278.69
4278.1
4277.11
4274.05
4274.4
4275.46
4276.27
4276.37
4276.51
4277.36
4278.49
4279.03
4278.28
4276.26
4273.92
4272.03
4270.77
4269.73
4268.74
4267.81
4266.94
4265.99
4264.96
4263.95
4263.07
4262.26
4261.46
4260.6
4259.76
4258.94
4258.1
4257.17
4256.22
4255.28
4254.55
4253.88
4253.13
4253.16
4252.41
4252.84
4256.12
4258.41
4254.52
4243.51
4230.03
4218.91
4211.13
4205.73
4201.59
4199.21
4198.25
4197.31
4195.65
4193.92
4192.84
4192.72
4193.17
4193.62
4193.4
4192.59
4191.68
4191.31
4191.48
4191.94
4192.09
4191.82
4191.02
4190.06
4189
4188.31
4187.88
4187.83
4187.66
4187.42
4186.76
4186
4185
4184.16
4183.25
4182.67
4182.06
4181.7
4181.08
4180.56
4179.72
4179.14
4178.46
4178.17
4177.65
4177.37
4176.78
4176.41
4175.7
4175.25
4174.46
4174.08
4173.44
4173.26
4172.78
4172.55
4171.99
4172.47
4358.19
4528.91
4523.89
4507.84
4462.56
4404.79
4344.81
4316.14
4289.11
4287.17
4281.13
4272.96
4273.15
4274.74
4275.94
4276.44
4276.71
4277.2
4277.93
4278.46
4278.11
4276.73
4274.83
4272.93
4271.53
4270.6
4269.88
4269.13
4268.21
4267.06
4265.78
4264.58
4263.62
4262.87
4262.2
4261.45
4260.64
4259.82
4258.9
4257.86
4256.75
4255.66
4254.88
4254.32
4253.35
4252.65
4252.24
4251.16
4252.49
4255.63
4256.15
4249.98
4237.53
4223.22
4212.11
4205.42
4200.81
4196.59
4192.68
4190.55
4190.11
4189.86
4188.86
4187.33
4186.01
4185.6
4186.13
4187.11
4187.66
4187.51
4186.98
4186.66
4186.63
4186.89
4187.2
4187.59
4187.67
4187.54
4187.15
4186.9
4186.63
4186.49
4186.14
4185.86
4185.37
4185
4184.44
4184.07
4183.56
4183.26
4182.68
4182.21
4181.42
4180.91
4180.26
4180.03
4179.56
4179.38
4178.83
4178.55
4177.82
4177.41
4176.58
4176.23
4175.51
4175.4
4174.83
4174.8
4173.91
4174.38
4229.78
4475.31
4481.2
4496.72
4489.6
4450.51
4382.91
4340.81
4308.77
4299.06
4285.46
4273.31
4272.37
4274.21
4275.28
4275.85
4276.61
4277.05
4277.3
4277.45
4277.45
4277.11
4276.27
4274.84
4273.25
4271.92
4270.94
4270.16
4269.25
4268.01
4266.54
4265.16
4264.12
4263.47
4263
4262.47
4261.79
4261.02
4260.11
4259.04
4257.82
4256.61
4255.63
4255.06
4254.26
4253.18
4252.44
4251.67
4250.79
4252.79
4255.54
4254.86
4248.07
4235.09
4220.36
4208.79
4202.04
4198.76
4195.46
4191.06
4187.15
4185.25
4185.22
4185.62
4185.23
4183.7
4181.73
4180.39
4180.25
4181.2
4182.46
4183.19
4182.97
4182.08
4181.04
4180.42
4180.33
4180.82
4181.62
4182.55
4183.12
4183.27
4182.9
4182.38
4181.81
4181.49
4181.29
4181.42
4181.55
4181.83
4181.79
4181.68
4181.2
4180.88
4180.4
4180.25
4179.88
4179.84
4179.44
4179.32
4178.74
4178.53
4177.8
4177.66
4176.99
4177.11
4176.35
4176.62
4175.46
4175.67
4115.87
4295.06
4413.85
4499.57
4500.23
4484.83
4440.18
4379.54
4335.23
4309.94
4288.89
4274.52
4273.6
4275.39
4275.49
4275.38
4275.58
4276.13
4276.52
4276.76
4277.09
4277.45
4277.36
4276.47
4274.99
4273.4
4271.97
4270.85
4269.89
4268.81
4267.52
4266.17
4265.02
4264.24
4263.74
4263.29
4262.72
4262
4261.09
4260.03
4258.82
4257.64
4256.67
4256.01
4255.3
4254.22
4253.14
4252.29
4251.49
4251.01
4253.45
4255.55
4254.44
4247.65
4235.32
4220.5
4207.7
4200.1
4196.2
4194.53
4191.89
4187.84
4184.42
4182.79
4182.71
4183.18
4183.26
4182.24
4180.21
4178.3
4177.5
4177.9
4178.8
4179.51
4179.65
4179.21
4178.19
4177
4176.13
4176.03
4176.46
4177.11
4177.49
4177.69
4177.59
4177.45
4177.07
4176.86
4176.67
4176.84
4176.86
4176.99
4176.79
4176.88
4176.78
4177.13
4177.16
4177.5
4177.36
4177.55
4177.15
4177.17
4176.61
4176.69
4176.18
4176.54
4175.98
4176.22
4175.42
4175.43
4051.1
4142.2
4318.19
4490.78
4494.67
4479.16
4463.72
4424.98
4377.8
4329.53
4301.38
4281.12
4281.96
4280.3
4277.15
4275.4
4275.03
4275.38
4275.97
4276.53
4277.19
4277.59
4277.67
4277.09
4276
4274.75
4273.46
4272.19
4271.06
4269.96
4268.78
4267.56
4266.39
4265.38
4264.59
4263.96
4263.4
4262.84
4262.13
4261.19
4260.04
4258.86
4257.89
4257.12
4256.37
4255.36
4254.2
4253.1
4252.27
4251.51
4251.43
4253.63
4255.17
4253.9
4248.14
4236.87
4222.67
4208.94
4199.14
4194.37
4192.52
4191.72
4189.68
4186.47
4183.38
4181.35
4180.79
4181.16
4181.61
4181.39
4180.27
4178.65
4177.11
4176.03
4175.67
4175.97
4176.52
4176.89
4176.82
4176.36
4175.62
4174.77
4173.93
4173.34
4173.06
4173.12
4173.26
4173.47
4173.59
4173.66
4173.52
4173.23
4172.71
4172.34
4172.06
4172.15
4172.19
4172.46
4172.52
4172.76
4172.68
4172.86
4172.59
4172.79
4172.55
4172.84
4172.49
4172.65
4171.87
4172.2
4024.77
4063.83
4174.91
4337.65
4428.25
4464.9
4476.19
4464.12
4429.22
4372.33
4330.16
4297.4
4292.52
4284.33
4278.71
4275.87
4274.74
4274.86
4275.48
4276.48
4277.23
4277.51
4277.5
4277.22
4276.57
4275.78
4274.96
4273.92
4272.64
4271.2
4269.84
4268.66
4267.66
4266.81
4266.06
4265.33
4264.57
4263.81
4263.01
4262.07
4260.97
4259.84
4258.89
4258.1
4257.3
4256.32
4255.19
4254.06
4253.07
4252.33
4251.68
4251.62
4253.21
4254.24
4253.28
4248.66
4239.1
4225.9
4212.07
4200.72
4193.68
4190.63
4190.12
4190.03
4188.42
4185.47
4182.58
4180.44
4179.45
4179.42
4180.1
4180.7
4180.45
4179.09
4177.33
4175.8
4174.93
4174.57
4174.74
4175.23
4175.7
4175.67
4175.08
4174.11
4173.18
4172.45
4171.94
4171.63
4171.54
4171.6
4171.56
4171.35
4170.89
4170.56
4170.24
4170.26
4170.12
4170.11
4169.73
4169.6
4169.09
4169.02
4168.53
4168.65
4168.24
4168.54
4168.03
4168.12
4167.04
4167.13
4015.08
4029.6
4074.07
4176.75
4330.74
4456.78
4473.67
4467.11
4455.36
4423.79
4374.09
4330.74
4306.12
4285.77
4282.92
4278.96
4275.17
4275.06
4275.73
4276.59
4276.96
4276.98
4276.89
4276.74
4276.55
4276.2
4275.8
4275.21
4274.26
4272.92
4271.44
4270.16
4269.09
4268.2
4267.39
4266.54
4265.59
4264.61
4263.67
4262.7
4261.67
4260.64
4259.76
4258.98
4258.15
4257.13
4255.98
4254.86
4253.95
4253.19
4252.6
4251.86
4251.56
4252.43
4253.1
4252.76
4248.86
4241.33
4230.25
4216.86
4204.19
4195.42
4190.61
4188.97
4188.89
4188.42
4187.12
4185.03
4182.64
4180.29
4179.01
4178.82
4179.11
4179.05
4178.66
4178.07
4177.47
4176.49
4175.57
4174.88
4174.7
4174.49
4174.21
4173.7
4173.36
4173.06
4172.88
4172.55
4172.35
4172.01
4171.73
4171.1
4170.45
4169.73
4169.4
4169.21
4169.32
4169.25
4169.27
4168.94
4168.72
4168.19
4167.77
4167.26
4166.87
4166.18
4165.94
4165.01
4164.66
4162.81
4011.63
4016.69
4032.29
4076.44
4174.93
4321.24
4412.94
4439.27
4453.63
4451.62
4430.89
4390.06
4340.3
4306.92
4294.12
4285.18
4277.31
4277.1
4277.46
4276.9
4276.01
4275.72
4276.04
4276.36
4276.49
4276.44
4276.42
4276.22
4275.71
4274.82
4273.61
4272.29
4271.03
4269.83
4268.71
4267.61
4266.43
4265.27
4264.29
4263.46
4262.63
4261.76
4260.93
4260.13
4259.21
4258.04
4256.73
4255.49
4254.52
4253.8
4253.18
4252.49
4251.67
4251.07
4251.69
4252.36
4252.19
4249.5
4243.98
4234.96
4223.1
4210.57
4199.89
4192.65
4189.02
4187.38
4186.73
4186.37
4185.88
4184.68
4183.03
4181.26
4179.93
4178.61
4177.64
4177.23
4177.33
4177.26
4177.11
4176.78
4176.49
4175.84
4175.03
4173.94
4173.31
4172.85
4172.81
4172.66
4172.77
4172.68
4172.66
4172.12
4171.54
4170.72
4170.31
4169.86
4169.73
4169.31
4169.09
4168.58
4168.36
4167.88
4167.63
4167.21
4166.79
4166.21
4165.97
4165.11
4166.71
4167.19
4010.47
4012.1
4017.45
4032.7
4071.84
4160.68
4288.65
4395.67
4452.04
4450.92
4444.16
4429.68
4396.5
4353.24
4315.42
4295.65
4283.56
4282.15
4279.46
4275.58
4274.8
4275.07
4275.8
4276.55
4276.66
4276.74
4276.88
4276.91
4276.72
4276.38
4275.81
4274.79
4273.37
4271.78
4270.25
4268.94
4267.73
4266.54
4265.51
4264.69
4263.89
4263
4262.09
4261.22
4260.27
4259.12
4257.76
4256.43
4255.43
4254.65
4253.94
4253.16
4252.26
4251.42
4250.96
4251.49
4251.98
4251.81
4249.97
4246.02
4239.27
4229.61
4218.23
4206.6
4197.55
4191.3
4187.24
4185.61
4185.33
4184.95
4184.6
4184.2
4183.53
4182.04
4180.13
4178.45
4177.73
4177.17
4176.73
4176.49
4176.66
4176.6
4176.26
4175.41
4174.82
4174.27
4174.04
4173.55
4173.33
4172.94
4172.84
4172.28
4171.83
4171.09
4170.97
4170.67
4170.77
4170.29
4170.09
4169.19
4169.01
4168.1
4168.23
4167.46
4167.75
4167.94
4169.52
4171.94
4179.83
4194.61
4010.12
4010.6
4012.3
4017.2
4031.14
4062.05
4138.39
4250.23
4370.66
4409.63
4424.19
4428.85
4427.83
4409.95
4372.49
4334.35
4309.83
4293.98
4283.93
4275.46
4275
4276
4277.27
4277.06
4276.9
4276.94
4276.97
4276.95
4276.87
4276.75
4276.5
4275.91
4274.88
4273.44
4271.83
4270.45
4269.32
4268.26
4267.25
4266.38
4265.53
4264.52
4263.41
4262.4
4261.45
4260.43
4259.23
4257.96
4256.94
4256.14
4255.31
4254.37
4253.21
4252.25
4251.56
4251.35
4251.62
4251.84
4251.52
4250.26
4247.56
4242.92
4235.94
4226.37
4215.47
4205.05
4196.36
4190.12
4187.62
4185.95
4184.5
4184.24
4184.42
4184
4182.78
4181.3
4180.47
4179.63
4178.57
4177.41
4176.94
4176.6
4176.22
4175.52
4175.17
4174.99
4175.09
4174.95
4174.86
4174.46
4174.13
4173.4
4172.66
4171.68
4171.36
4171.05
4171.13
4170.82
4170.62
4170.1
4169.86
4169.54
4170.12
4170.27
4172.11
4175.49
4182.64
4196.17
4224.12
4276.91
4010.03
4010.16
4010.64
4012.17
4016.41
4027.15
4052.67
4109.26
4205.63
4313.62
4383.4
4429.36
4429.07
4423.47
4412.57
4389.52
4355.55
4320.84
4302.54
4286.61
4283.93
4281.88
4279.45
4276.25
4276.19
4276.36
4276.02
4275.72
4275.72
4275.93
4276.41
4276.41
4276.1
4275.28
4273.96
4272.53
4271.29
4270.21
4269.17
4268.18
4267.22
4266.12
4264.9
4263.83
4262.96
4262.13
4261.19
4260.1
4259.1
4258.29
4257.43
4256.32
4254.99
4253.67
4252.93
4252.45
4252.25
4252.21
4252.17
4251.81
4250.91
4249.18
4246.28
4241.59
4234.27
4224.57
4214.36
4204.13
4196.55
4192.4
4188.71
4185.9
4185.26
4184.71
4183.58
4182.33
4181.89
4181.59
4180.93
4179.82
4178.98
4178.29
4177.6
4176.52
4175.67
4175.36
4175.51
4175.57
4175.61
4175.43
4175.19
4174.59
4173.87
4172.86
4172.51
4172.13
4172.13
4171.74
4171.48
4171.39
4171.72
4172.79
4174.96
4178.73
4185.72
4198.1
4223.3
4272.94
4380.77
4644.69
4010.01
4010.04
4010.16
4010.58
4011.82
4015.17
4022.99
4042.03
4079.83
4155.16
4251.02
4351.68
4391.93
4399.73
4410.02
4408.36
4400.56
4378.72
4346.73
4319.66
4302.99
4290.47
4280.28
4276.92
4276.98
4276.79
4275.96
4275.2
4275.22
4275.68
4276.38
4276.44
4276.21
4275.74
4275.29
4274.67
4273.71
4272.5
4271.23
4270
4268.84
4267.68
4266.49
4265.49
4264.72
4264.04
4263.3
4262.37
4261.44
4260.64
4259.83
4258.77
4257.37
4255.92
4255
4254.52
4254.08
4253.65
4253.26
4252.87
4252.28
4251.38
4250.19
4248.42
4245.41
4240.4
4233.03
4223.97
4213.92
4205.53
4199.63
4193.56
4189.47
4187.91
4186.4
4184.06
4182.9
4182.64
4182.12
4181.15
4180.56
4180.1
4179.49
4178.55
4177.47
4176.8
4176.65
4176.53
4176.36
4176.12
4175.82
4175.3
4174.63
4173.85
4173.54
4173.42
4173.63
4173.83
4174.28
4175.32
4177.58
4181.65
4188.9
4202.33
4228.98
4277.9
4397.64
4655.51
5193.73
6359.77
4010
4010.01
4010.04
4010.14
4010.47
4011.39
4013.76
4019.4
4031.48
4056.6
4109.57
4189.42
4280.69
4339.49
4397.33
4406.85
4404.4
4400.05
4390.65
4371.58
4344.54
4320.59
4301.93
4291.27
4287.59
4284.09
4278.73
4275.77
4275.98
4277.34
4278.04
4277.6
4276.74
4276.03
4275.41
4274.98
4274.72
4274.3
4273.53
4272.37
4270.96
4269.55
4268.3
4267.34
4266.61
4265.96
4265.26
4264.39
4263.47
4262.73
4262.01
4261.13
4259.93
4258.5
4257.57
4257.05
4256.57
4255.93
4255.06
4254.26
4253.52
4252.58
4251.61
4250.71
4249.52
4247.57
4244.31
4239.44
4232.87
4224.67
4216.65
4209.07
4201.29
4195.88
4193.12
4189.67
4185.96
4184.84
4184.21
4182.9
4181.85
4181.46
4180.92
4179.92
4178.6
4177.83
4177.68
4177.73
4177.65
4177.37
4176.95
4176.23
4175.7
4175.33
4175.18
4175.52
4176.29
4177.89
4180.62
4185.26
4193.78
4210.37
4240.19
4304.7
4451.32
4715.84
5401.16
6545.19
7956.86
9191.12
4010
4010
4010.01
4010.03
4010.11
4010.34
4010.97
4012.53
4016.12
4023.68
4039.84
4069.75
4124.88
4207.61
4291.54
4338.56
4368.46
4391.92
4390.78
4385.88
4378.53
4366.06
4347.32
4324.55
4305.26
4295.78
4287.97
4282.6
4282.09
4281.51
4280.13
4278.36
4277.36
4276.57
4275.7
4275.31
4275.08
4274.83
4274.44
4273.81
4272.93
4271.91
4270.79
4269.66
4268.68
4267.81
4266.99
4266.07
4265.08
4264.37
4263.79
4263.12
4262.23
4261.06
4260.19
4259.68
4259.12
4258.31
4257.18
4255.99
4255.05
4254.06
4252.95
4252.09
4251.36
4250.47
4249.12
4246.93
4243.64
4239.49
4234.21
4228
4220.73
4212.17
4205.53
4200.37
4194.56
4190.08
4188.6
4186.89
4184.67
4183.77
4183.09
4181.87
4180.02
4178.89
4178.72
4178.85
4178.99
4178.79
4178.22
4177.62
4177.56
4178
4178.96
4180.67
4183.84
4189.85
4201.59
4223.13
4267.93
4366.21
4529.12
4947.21
5782.65
6864.68
8180.54
9489.11
10976
11630.4
4010
4010
4010
4010.01
4010.02
4010.08
4010.23
4010.62
4011.56
4013.7
4018.21
4027.46
4044.29
4078.67
4130.39
4204.32
4276.47
4343.22
4361.06
4366.84
4375.06
4376.53
4372.99
4363.96
4346.99
4328.33
4313.51
4300.67
4290.86
4285.41
4280.65
4278.17
4278.09
4278.24
4277.82
4276.98
4276.27
4275.91
4275.6
4275.22
4274.6
4273.67
4272.81
4272
4271.04
4269.96
4268.89
4267.83
4266.76
4265.92
4265.33
4264.76
4264.02
4262.98
4262.18
4261.76
4261.25
4260.39
4259.15
4257.86
4256.84
4255.91
4254.82
4253.81
4253.09
4252.48
4251.78
4250.75
4248.96
4246.39
4243.6
4240.58
4236.83
4231.76
4224.81
4217.5
4210.65
4202.94
4197.77
4194.71
4191.6
4188.76
4187.16
4185.51
4183.36
4181.19
4180.69
4180.67
4180.92
4180.98
4180.83
4181.31
4182.6
4185.49
4191.02
4201.06
4218.67
4254.09
4327.71
4448.11
4756.62
5384.66
6214.5
7459.38
8797.38
10217.2
11043.3
11399.9
11903.5
12373.4
4010
4010
4010
4010
4010
4010.02
4010.05
4010.14
4010.36
4010.89
4012.08
4014.57
4019.51
4029.01
4046.01
4077.06
4126.77
4191.12
4259.88
4307.19
4352.84
4366.45
4363.63
4359.36
4360.22
4358.74
4350.86
4336.45
4319.08
4304.82
4296.31
4289.38
4284.73
4282.86
4281.09
4279.13
4278.05
4277.92
4278.33
4278.36
4277.73
4276.29
4274.88
4273.99
4273.32
4272.57
4271.63
4270.45
4269.2
4268.1
4267.26
4266.56
4265.81
4264.68
4263.67
4263.22
4262.75
4261.96
4260.79
4259.57
4258.78
4258.13
4257.29
4256.25
4255.35
4254.73
4254.19
4253.55
4252.52
4250.88
4248.91
4247.15
4245.36
4243.28
4240.22
4235.71
4229.84
4223.02
4215.63
4209.4
4205.12
4199.87
4195.88
4192.71
4189.93
4186.42
4185.28
4185.32
4185.88
4187.18
4189.75
4194.65
4204.06
4221.91
4259.01
4326.4
4433.49
4703.08
5189.41
5885.71
7087.12
8344.57
9667.6
10596.8
11083
11710.9
12395.9
12637.5
12670.8
12686.2
4010
4010
4010
4010
4010
4010
4010.01
4010.03
4010.07
4010.19
4010.47
4011.08
4012.37
4014.88
4019.7
4028.32
4043.92
4069.24
4112.7
4169.95
4230.11
4283.72
4312.42
4344.11
4360.84
4359.86
4356.85
4352.4
4349.4
4342.85
4331.88
4318.74
4305.81
4295.9
4289.19
4283.05
4279.88
4279.82
4280.74
4280.58
4279.5
4277.76
4276.4
4276.31
4276.63
4276.62
4276.07
4274.82
4273.33
4271.92
4270.63
4269.56
4268.57
4267.25
4265.78
4264.98
4264.37
4263.63
4262.62
4261.32
4260.64
4260.29
4259.77
4258.93
4257.98
4257.32
4256.81
4256.25
4255.48
4254.44
4253.14
4251.9
4250.75
4249.68
4248.31
4246.45
4243.42
4239.3
4234.38
4229.25
4224.12
4218.8
4213.21
4207.75
4203.64
4199.37
4199.06
4200.48
4204.85
4214.8
4234.32
4271.11
4332.87
4455.47
4765.42
5216.7
5890.82
7051.25
8187.82
9461.73
10309.5
10916
11704.1
12350.6
12434.6
12473.5
12581.1
12753.3
12877.8
12907.8
4010
4010
4010
4010
4010
4010
4010
4010
4010.01
4010.04
4010.1
4010.23
4010.52
4011.14
4012.33
4014.62
4018.81
4026.13
4038.11
4059.89
4090.53
4136.27
4192.11
4246.49
4293.74
4311.86
4326.96
4346.18
4350.33
4349.09
4346.16
4341.82
4336.63
4328.73
4318.6
4307.59
4297.49
4291.42
4287.43
4284.1
4280.43
4278.31
4277.98
4278.51
4279.15
4278.93
4277.96
4276.58
4275.3
4274.64
4274.29
4273.77
4272.84
4271.43
4269.67
4268.21
4267.2
4266.39
4265.53
4264.22
4263.15
4262.62
4262.04
4261.19
4260.19
4259.56
4259.15
4258.7
4258.05
4257.23
4256.34
4255.46
4254.59
4253.8
4253.04
4252.13
4250.73
4248.56
4245.8
4243.41
4240.59
4238.21
4235.75
4232.51
4232.69
4236.04
4245.09
4264.8
4306.89
4386.31
4559.09
4865.54
5282
6114.59
7359.2
8409.94
9546.55
10326.6
11025
11910.7
12278.9
12297.7
12414.4
12624
12802.6
12849
12876.4
12916.1
12968.5
12986.6
4010
4010
4010
4010
4010
4010
4010
4010
4010
4010.01
4010.02
4010.04
4010.11
4010.24
4010.51
4011.05
4012.08
4013.97
4017.25
4022.96
4032.2
4046.34
4071.58
4105.55
4149.42
4201.28
4245.16
4283.31
4309.15
4319.07
4328.01
4336.25
4338.16
4338.19
4336.82
4333
4326.29
4317.9
4309.38
4302.23
4296.66
4290.92
4285.81
4283.74
4282.47
4280.68
4278.18
4276.6
4276.3
4276.33
4276.25
4275.73
4274.77
4273.72
4272.8
4272.07
4271.42
4270.79
4270.07
4268.95
4267.51
4266.35
4265.35
4264.31
4263.14
4262.25
4261.63
4260.99
4260.13
4259.25
4258.51
4257.86
4257.17
4256.52
4256.06
4255.66
4255.27
4254.67
4254.62
4255.03
4256.81
4261.13
4269.74
4286.73
4320.79
4379.84
4489.48
4697.75
5048.06
5747.98
6844.81
7785.01
8813.71
10005.1
10658.8
11308.6
12095.4
12262.1
12388.6
12636.4
12828
12834.5
12824.1
12855.6
12936.6
12980.2
12983.8
12977.7
12963.8
12960.8
4010
4010
4010
4010
4010
4010
4010
4010
4010
4010
4010
4010.01
4010.02
4010.05
4010.1
4010.22
4010.46
4010.9
4011.72
4013.17
4015.68
4019.77
4026.44
4037.31
4052.96
4077.96
4114.4
4155.65
4199.4
4243.41
4278.7
4296.92
4306.53
4318.98
4330.19
4330.71
4328.75
4326.38
4325.1
4323.32
4319.86
4314.09
4306.52
4298.66
4293.38
4289.96
4286.39
4282.77
4280.94
4279.9
4279.09
4278.13
4276.73
4275.39
4274.47
4273.87
4273.48
4273.18
4272.89
4272.4
4271.58
4270.74
4269.95
4269.05
4267.95
4266.68
4265.47
4264.22
4262.99
4261.8
4261.02
4260.55
4260.09
4259.86
4260.06
4260.81
4262.75
4266.88
4274.6
4288.6
4315.63
4364.79
4458.69
4633.69
4949.83
5529.52
6387.52
7291.4
8386.57
9765.66
10529.6
11154
12030.5
12322.1
12357.8
12524.2
12821.3
12905.5
12900.7
12909.1
12947.5
12971.9
12975.8
12982.9
12999.8
13025.1
13032.5
13031.2
13022.6
13007.8
4010
4010
4010
4010
4010
4010
4010
4010
4010
4010
4010
4010
4010
4010.01
4010.02
4010.05
4010.1
4010.2
4010.4
4010.76
4011.4
4012.52
4014.41
4017.45
4022.38
4029.84
4041.28
4059.45
4084.44
4118.52
4160.65
4204.77
4238.05
4264.33
4293.49
4310.17
4313.66
4316.9
4321.92
4323.82
4323.41
4322.07
4319.99
4317.59
4313.98
4309.16
4303.1
4295.97
4289.67
4286.09
4284.91
4284.14
4282.77
4280.73
4278.51
4277.06
4276.27
4275.59
4274.67
4273.94
4273.5
4272.98
4272.29
4271.44
4270.58
4269.68
4268.86
4268.1
4267.45
4266.46
4266.16
4266.42
4267.54
4270.29
4275.77
4286.11
4306.13
4347.96
4424.56
4555.25
4828.93
5311.78
6014.6
7013.91
8275.6
9380.54
10167.2
10976.4
11900.7
12252.6
12427.1
12706.8
12897.4
12890.8
12827.9
12850.6
12943.4
13056.1
13099.9
13103.2
13103.2
13108.4
13109.1
13103.8
13089.3
13078.8
13071.8
13064.7
13057.8
13051.6
4010
4010
4010
4010
4010
4010
4010
4010
4010
4010
4010
4010
4010
4010
4010
4010.01
4010.02
4010.04
4010.09
4010.18
4010.34
4010.63
4011.14
4012
4013.41
4015.7
4019.34
4024.72
4033.1
4046.16
4064.11
4090.41
4127.64
4164.84
4198.23
4236.29
4271.38
4285.66
4296.71
4309.08
4314.12
4315.15
4317.09
4319.45
4319.59
4318.78
4316.72
4313.04
4307.83
4302.56
4297.94
4294.02
4290.34
4286.95
4283.77
4282.16
4281.17
4280.23
4278.84
4277.07
4275.93
4275.26
4274.6
4273.48
4272.25
4271.87
4271.88
4272.36
4273.62
4276.1
4280.36
4288.18
4304.14
4335.43
4396.19
4499.27
4686.37
5133.59
5800.96
6642.96
7823.5
8982.52
10055.9
10905.5
11487.6
11965.7
12546.4
12884.7
12912.5
12789.6
12789
12894.4
13046.5
13127.6
13139.5
13139.8
13144.6
13155.7
13154.8
13138.7
13117.8
13112.1
13114.3
13115.3
13111.3
13100.8
13090.6
13084
13080.3
13077.3
4010
4010
4010
4010
4010
4010
4010
4010
4010
4010
4010
4010
4010
4010
4010
4010
4010
4010.01
4010.02
4010.04
4010.08
4010.15
4010.29
4010.52
4010.92
4011.58
4012.66
4014.4
4017.05
4021.09
4027.46
4036.68
4049.58
4069.92
4097.15
4128.12
4169.05
4209.44
4234.14
4259.16
4287.08
4294.9
4299.76
4307.8
4312.95
4313.86
4314.95
4314.86
4314.32
4313.19
4311.62
4309.17
4305.63
4301.04
4296.24
4292.17
4288.59
4285.95
4283.71
4281.31
4279.09
4278.99
4279.39
4279.42
4279.48
4280.21
4282.43
4287.91
4300.15
4324.51
4369.08
4451.27
4605.08
4959.99
5554.3
6266.87
7346.44
8647.87
9651.11
10692.5
11397.5
11897.8
12464
12693.6
12666.3
12705.4
12857.4
13060.1
13130.4
13125.6
13125.3
13146.6
13179.3
13188.8
13186.8
13180.2
13173.7
13159.3
13139.5
13123.8
13115.7
13115.2
13118.7
13126.1
13133.4
13137.2
13135.7
13134
13133.2
13131.4
4010
4010
4010
4010
4010
4010
4010
4010
4010
4010
4010
4010
4010
4010
4010
4010
4010
4010
4010
4010.01
4010.02
4010.04
4010.07
4010.13
4010.24
4010.43
4010.74
4011.25
4012.08
4013.39
4015.39
4018.51
4023.19
4029.68
4039.82
4054.71
4074.13
4103.93
4140.41
4169.87
4202.55
4236.83
4257.32
4276.59
4292.11
4298.72
4305.01
4307.36
4308.85
4310.96
4312.26
4312.16
4311.49
4310.06
4308.1
4305.7
4302.67
4298.66
4294.74
4291.94
4288.69
4288.34
4289.46
4293.3
4302.16
4320.05
4355.03
4422.92
4551.45
4833.12
5291.91
5922.78
6965.75
8324.97
9307.57
10323.9
11325.2
11702.5
12121.3
12596.4
12679.6
12764.7
12928.6
13091.4
13130.2
13141.9
13167
13188.8
13192.4
13186.4
13178.3
13177.2
13172.7
13162
13151.8
13146.1
13146.2
13149.4
13152.4
13154
13160.3
13162.8
13161.7
13160.2
13157.7
13151.3
13146
13143.1
13141
13138.2
4010
4010
4010
4010
4010
4010
4010
4010
4010
4010
4010
4010
4010
4010
4010
4010
4010
4010
4010
4010
4010
4010.01
4010.02
4010.03
4010.06
4010.11
4010.2
4010.35
4010.6
4011
4011.64
4012.63
4014.18
4016.54
4019.94
4025.11
4032.86
4043.33
4059.61
4081.28
4105.54
4139.97
4177.58
4205.95
4231.68
4255.9
4276.96
4286.05
4292.56
4301.47
4308.28
4308.68
4307.8
4307.69
4308.4
4309.59
4310.76
4310.62
4310.68
4312
4316.7
4327.62
4353.18
4406.26
4504.37
4716.74
5097.58
5698.78
6717.37
7972.51
8907.66
9936.8
11009
11533.7
12017.4
12598.8
12756.8
12809.7
12963.5
13130.3
13165.7
13171.5
13166.1
13157.7
13169.4
13190.6
13193.5
13191.2
13186.5
13181.4
13178.2
13175.8
13172.2
13168.5
13166.1
13167.8
13174.7
13180.1
13183.5
13183.4
13179.5
13173.8
13167.3
13161.1
13157.3
13153.3
13148.3
13146.4
13146.5
13145.9
4010
4010
4010
4010
4010
4010
4010
4010
4010
4010
4010
4010
4010
4010
4010
4010
4010
4010
4010
4010
4010
4010
4010
4010.01
4010.02
4010.03
4010.05
4010.09
4010.17
4010.29
4010.48
4010.8
4011.29
4012.07
4013.27
4015.04
4017.74
4021.72
4027.25
4035.52
4046.82
4062.31
4086.89
4114.9
4144.15
4175.22
4207.86
4235.73
4254.26
4270.09
4286.37
4293.09
4298.44
4305.27
4314.05
4318.1
4322.04
4330.51
4350.83
4396.5
4475.5
4625.91
4953.64
5513.41
6407.72
7540.9
8594.35
9802.34
10835.8
11369.4
11886.1
12554.2
12712.7
12758
12919
13075.4
13081.3
13053.5
13045.2
13084.2
13144
13190.7
13198.7
13196.8
13200.3
13210.5
13215.4
13217.2
13215.9
13212.7
13209.9
13207.3
13203.3
13198
13193.1
13188.6
13183.3
13180.5
13178.3
13175
13170.1
13163.9
13157.9
13155.9
13156.3
13154.9
13151.2
13149.8
13151.8
13153
4010
4010
4010
4010
4010
4010
4010
4010
4010
4010
4010
4010
4010
4010
4010
4010
4010
4010
4010
4010
4010
4010
4010
4010
4010
4010.01
4010.01
4010.03
4010.05
4010.08
4010.14
4010.24
4010.39
4010.64
4011.03
4011.64
4012.56
4013.97
4016.01
4018.98
4023.26
4029.51
4038.36
4050.86
4067.92
4089.72
4116.3
4149.65
4183.7
4210.86
4236.81
4261.52
4288.78
4304.83
4325.75
4361.54
4426.23
4541.97
4817.95
5402.38
6099.35
7075.11
8346.19
9566.72
10519.7
11166.1
11900.1
12612.5
12670.3
12658.4
12821.1
12985.8
13004.8
13040.4
13129.2
13237.4
13275.1
13266.1
13216.4
13192
13203.9
13226.2
13247.1
13251.2
13249.5
13245.1
13238.6
13230.4
13222.3
13217.5
13214.8
13212.3
13208.2
13202.5
13195.9
13188.8
13181.3
13174.1
13168.2
13164.1
13162.3
13162.7
13163.9
13165.2
13165.8
13164.1
13162.1
13163
13163.7
13162
4010
4010
4010
4010
4010
4010
4010
4010
4010
4010
4010
4010
4010
4010
4010
4010
4010
4010
4010
4010
4010
4010
4010
4010
4010
4010
4010
4010.01
4010.01
4010.02
4010.04
4010.07
4010.12
4010.19
4010.32
4010.52
4010.83
4011.3
4012.01
4013.11
4014.73
4017.19
4020.78
4026
4033.25
4043.74
4058.54
4079.51
4112.04
4135.92
4164.92
4205.56
4268.68
4377
4588.4
5028.77
5648.42
6546.72
7963.46
9216.92
10239.7
11212.2
11715.1
12195.2
12533.1
12663
12814.7
12959.7
13065.9
13173.8
13273.2
13290.1
13266.6
13224.3
13229.4
13261.8
13299.6
13309.6
13303.8
13290.6
13277.7
13266.4
13252.2
13241
13233.4
13227.3
13222.8
13219.5
13217.3
13215.7
13215.2
13216
13214.9
13210.9
13205.2
13198.5
13190.6
13182.9
13177
13173.6
13172.5
13173.5
13177.1
13181
13180.8
13177.3
13174.1
13173
13170.9
13167.2
4010
4010
4010
4010
4010
4010
4010
4010
4010
4010
4010
4010
4010
4010
4010
4010
4010
4010
4010
4010
4010
4010
4010
4010
4010
4010
4010
4010
4010
4010.01
4010.01
4010.02
4010.03
4010.06
4010.1
4010.17
4010.29
4010.47
4010.8
4011.13
4011.64
4012.46
4013.82
4016.05
4019.76
4026.14
4037.11
4056.79
4094.79
4175.34
4326.59
4627.66
5131.46
5973.51
7273.84
8561.26
9559.8
10752.8
11447.5
11811.9
12323.3
12674.9
12782.8
12922.4
13081.2
13165.3
13182.5
13190.1
13213
13266.9
13335.8
13344.9
13335.8
13309.1
13282.7
13282.2
13295.6
13308.2
13307.6
13299.2
13280.9
13255.9
13237.7
13230.4
13229.7
13230.3
13231.6
13231.9
13230.5
13228.9
13228.3
13228.6
13229
13227.1
13221.5
13213.2
13205.1
13198.4
13194.1
13192.1
13191.9
13192.2
13191.6
13191
13189
13184.9
13181.6
13179.8
13176.7
13172.1
4010
4010
4010
4010
4010
4010
4010
4010
4010
4010
4010
4010
4010
4010
4010
4010
4010
4010
4010
4010
4010
4010
4010
4010
4010
4010
4010
4010
4010
4010
4010
4010.01
4010.01
4010.02
4010.04
4010.08
4010.17
4010.33
4010.65
4011.39
4012.79
4015.68
4021.43
4032.84
4056.81
4104.29
4200.03
4397.06
4776.9
5497.73
6581.97
7706.67
8834.94
10151.4
10935
11390.7
12015.3
12532.9
12576.7
12657.1
12823.5
12909.6
12929.6
12969
13077.5
13189.2
13206.5
13213.1
13226.2
13260.7
13312.3
13332.5
13329.1
13309.6
13275.7
13261.9
13262.9
13267.3
13268.1
13265.2
13256.6
13247.3
13244.4
13246.2
13250.5
13255.1
13259.7
13264.1
13264.6
13261.4
13256.6
13249.9
13240.4
13229.3
13218.2
13210.2
13206.4
13203.7
13201.7
13200.7
13201.6
13203.1
13203
13200.6
13196.3
13191.5
13188.5
13186.4
13183.1
13178.2
4010
4010
4010
4010
4010
4010
4010
4010
4010
4010
4010
4010
4010
4010
4010
4010
4010
4010
4010
4010
4010
4010
4010
4010
4010
4010
4010
4010
4010
4010
4010.01
4010.02
4010.05
4010.12
4010.27
4010.6
4011.3
4012.85
4016.15
4022.91
4036.99
4069.42
4138.56
4276.99
4582.68
5166.08
6034.99
7116.86
8371.98
9613.14
10370.3
10991.5
11764.2
12160
12215.3
12317.7
12464
12534.1
12560.3
12614.4
12747.2
12881
12911.8
12918.9
12938
12994.1
13059.7
13088.1
13100.3
13103.4
13109.8
13130.4
13161.9
13185.6
13194.1
13200.8
13210.3
13226.3
13239.3
13245.5
13250.6
13257
13262.9
13271.6
13282.1
13285
13286.3
13287.5
13286.2
13282.1
13273.2
13260.7
13246.6
13234.9
13228.4
13224.2
13221.4
13218.8
13216.4
13216.3
13217.9
13218.5
13216.4
13210.5
13202.3
13196.8
13193.8
13191.6
13189
13185.1
4010
4010
4010
4010
4010
4010
4010
4010
4010
4010
4010
4010
4010
4010
4010
4010
4010
4010
4010
4010
4010
4010
4010
4010
4010
4010
4010
4010.01
4010.01
4010.04
4010.1
4010.24
4010.58
4011.39
4013.28
4017.34
4026.51
4047.11
4092.37
4186.39
4365.49
4829.19
5626.47
6642.5
7934.49
9151.92
10106
10878.5
11523.8
11951.6
12210.7
12393.1
12480.4
12479.4
12504
12560.2
12594.1
12597.5
12588.2
12580.7
12606.5
12674.5
12731.7
12759.3
12780.1
12812.6
12862.9
12901.3
12927.8
12951.5
12976.3
13003.2
13036
13074.7
13109.3
13134.3
13154.3
13174.4
13193.9
13209.7
13223.9
13240.1
13257.5
13269.6
13271.4
13270.6
13269.2
13268.4
13267.1
13264.7
13260
13252
13243.6
13239.3
13238.5
13237.8
13237.1
13235.4
13232.3
13228.6
13224.4
13219.7
13215.6
13211.6
13207.1
13203
13200
13197.3
13194.7
13191.6
4010
4010
4010
4010
4010
4010
4010
4010
4010
4010
4010
4010
4010
4010
4010
4010
4010
4010
4010
4010
4010
4010
4010
4010
4010
4010.01
4010.03
4010.07
4010.2
4010.51
4011.3
4013.31
4018.02
4030.37
4058.15
4120.04
4257.87
4567.74
5210.62
6087.64
7243.83
8624.3
9720.55
10797.9
11424.5
11761.7
12115.7
12297.2
12297.5
12288.4
12332.2
12416
12438.3
12446.2
12475.2
12535.6
12602.9
12613.5
12608.7
12602.7
12607
12626.5
12647.3
12660.9
12676.1
12692.7
12715.1
12746.2
12781.1
12812.3
12840.9
12867.2
12892.3
12921.2
12957.3
12995.9
13029.2
13055.9
13077.1
13094.7
13110.9
13129.7
13151.4
13171.8
13183
13190.4
13198.4
13209.9
13223.8
13236.2
13243.4
13245.2
13245.4
13246.9
13250
13253.5
13254.1
13252.7
13249.1
13243.1
13236.5
13230.8
13226.6
13222.6
13218.4
13213.6
13209.9
13207.1
13205.5
13203.1
4010
4010
4010
4010
4010
4010
4010
4010
4010
4010
4010
4010
4010
4010
4010
4010
4010
4010
4010
4010
4010
4010
4010
4010.01
4010.04
4010.13
4010.38
4011.07
4012.96
4017.85
4030.96
4065.74
4140.81
4357.15
4815.41
5566.83
6737.59
8217.41
9436.47
10319.9
11132.8
11431.8
11728
12065.9
12213.8
12341.7
12509.9
12574.1
12568.8
12537.6
12522.8
12526.3
12522.8
12506.6
12505
12514.2
12535.7
12560
12571.3
12573.5
12574.1
12574.4
12576.7
12580.2
12584.3
12589.7
12597.3
12608.7
12623.9
12641.5
12661.4
12685.5
12713.9
12744.4
12776.5
12811.4
12848.3
12884.7
12920.7
12954.6
12987.6
13018.4
13045.7
13071.6
13096.5
13116.4
13133.2
13153.2
13172.9
13187
13202.1
13221.4
13231.3
13237.9
13245.3
13251.8
13253.6
13252.7
13249
13242.8
13238.4
13234
13229.9
13228.7
13227.9
13226.4
13225.9
13226.4
13227.7
13227
4010
4010
4010
4010
4010
4010
4010
4010
4010
4010
4010
4010
4010
4010
4010
4010
4010
4010
4010
4010
4010.01
4010.02
4010.07
4010.23
4010.69
4012.04
4016.02
4028.02
4061.78
4146.55
4395.95
4928.08
5889.66
7384.22
8769.24
10096.7
10953.4
11420.3
11807.4
12284.8
12532.5
12593.2
12614.6
12616
12608.5
12589.6
12582.1
12588.8
12586.6
12574.8
12569
12571.3
12577.9
12576.2
12567.9
12551.1
12541
12536.5
12532.1
12527.9
12527.9
12529.1
12529.2
12529.7
12533
12541
12553.1
12567.1
12579.8
12591.1
12602.4
12614.1
12626.4
12639.7
12655.7
12675.5
12699.3
12727.2
12759.6
12794.5
12829.5
12863.5
12897.3
12928.1
12958.6
12988.2
13011.3
13033.6
13061.4
13084.9
13104.3
13130.4
13158.1
13176.1
13189.9
13206.4
13217.8
13223
13227
13231.8
13236.3
13237.1
13234.9
13232.1
13231.9
13232.6
13234
13236.9
13242.5
13247.1
4010
4010
4010
4010
4010
4010
4010
4010
4010
4010
4010
4010
4010
4010
4010
4010
4010
4010
4010.01
4010.03
4010.1
4010.34
4011.08
4013.62
4021.43
4045.19
4114.18
4346.15
4874.14
5950.24
7545.36
9075.93
10552.6
11138.6
11676.8
12362.9
12506.9
12503.8
12437
12449.8
12551
12640.8
12660.6
12657.6
12642.5
12606.9
12566.6
12544.6
12539.7
12539.1
12541
12548.1
12564.6
12572.9
12570.1
12563.3
12549.5
12535
12523.5
12514.9
12511.9
12513.1
12516.2
12519.5
12524
12530.5
12537.9
12547.6
12559.1
12566.6
12571
12574.9
12578.5
12580.4
12583.1
12589.6
12600.3
12614.8
12634.1
12658.9
12687.7
12716.4
12745
12773.8
12803
12834.8
12868.3
12899.7
12931.7
12968.9
13004.4
13039.3
13080.1
13116
13136.5
13154.7
13173.3
13189.1
13198.4
13203.8
13211.1
13213.5
13216
13219.1
13223.6
13228.2
13232.5
13237.1
13243.5
13249.4
4010
4010
4010
4010
4010
4010
4010
4010
4010
4010
4010
4010
4010
4010
4010
4010
4010.01
4010.03
4010.11
4010.39
4011.43
4015.19
4027.92
4075.58
4224.29
4629.12
5644.21
7226.11
8997.34
10455.7
11028.3
11637.1
12174.6
12191.2
12240.9
12361
12528.7
12555.5
12533.6
12479.9
12472.3
12492.2
12512.6
12539.9
12543.9
12530.6
12501.2
12488.7
12490.3
12497.6
12503
12509.1
12522.9
12543.7
12557
12556.6
12549.6
12536.5
12525.6
12519
12515.7
12516
12518
12520.7
12524.1
12528.3
12532.7
12538.7
12546.2
12550.1
12551.2
12551.3
12549.8
12546
12540.9
12540.6
12544.3
12551.1
12561.1
12575.3
12593.6
12614.8
12636.9
12660.4
12686.6
12715.5
12748.8
12786.7
12820.6
12851.4
12886.7
12921.3
12953.6
12989.4
13023.5
13045.5
13061
13077.7
13096.1
13109.1
13124.9
13142.4
13159.6
13173.8
13186
13197.6
13206.3
13212.3
13219
13230.2
4010
4010
4010
4010
4010
4010
4010
4010
4010
4010
4010
4010
4010
4010
4010.01
4010.02
4010.1
4010.39
4011.51
4015.94
4033.38
4105.82
4324.04
5143.52
6620.62
8438.52
9974.15
11106
12264.2
12531.5
12495.1
12525.5
12590.3
12588.3
12541.9
12478
12504.6
12546
12556.3
12538.8
12503.7
12474
12456.7
12458.4
12468
12481
12485.5
12488.6
12494.8
12498.8
12501
12504.3
12506.8
12510.6
12518.5
12528.1
12531.9
12530.3
12526.1
12523.3
12522.5
12522.7
12523.7
12525.6
12528.4
12532
12535
12537.2
12537.4
12537.2
12536.4
12534.3
12530.7
12526.2
12520.3
12517.2
12519.4
12525.5
12532.7
12541.3
12552.2
12565.6
12580.5
12597.1
12617.1
12641.5
12668.2
12697.2
12731
12765.7
12799.9
12833.4
12863.5
12890.2
12918.5
12945.2
12970.3
12994
13016.1
13039.6
13060.1
13081.8
13104.1
13126.1
13144.9
13159.7
13170.8
13178.7
13186.4
13196.5
4010
4010
4010
4010
4010
4010
4010
4010
4010
4010
4010
4010
4010
4010.02
4010.07
4010.31
4011.33
4015.75
4034.54
4113.6
4447.75
5444.93
7260.33
9446.68
10730.9
11881
12056.8
12067.4
12281.5
12565.4
12560.3
12585.4
12629
12625.2
12604.7
12561.8
12529.9
12535.1
12550.5
12562.9
12548.3
12511.6
12474.4
12465
12469.5
12485.3
12506.6
12525.6
12534.9
12533.8
12528.5
12519.6
12511.4
12507
12502.4
12503.8
12509.2
12515
12519.5
12523.9
12526.4
12527.4
12528.1
12527.7
12526.8
12526.5
12524
12521.3
12520.1
12520.1
12521.4
12521.9
12520.4
12518.2
12515.7
12513.9
12516
12523.2
12530.5
12536.7
12544.2
12554.1
12565.9
12578.9
12593
12609.1
12628.4
12649
12670.7
12696.2
12723.5
12749.9
12777.9
12806.3
12835
12862.5
12890.7
12920.8
12943.9
12966.6
12987.3
13011.6
13035.2
13060.4
13085.7
13109.7
13127.5
13141.3
13152
13164.9
4010
4010
4010
4010
4010
4010
4010
4010
4010
4010
4010
4010.01
4010.03
4010.19
4010.86
4014.23
4030.68
4112
4446.3
5609.14
7673.3
9662.65
11332.7
11691.3
12053.9
12516.6
12599.3
12521.7
12362.6
12391.5
12411.4
12444.5
12496.8
12551.6
12562
12548.6
12527.4
12522.4
12532.2
12554.5
12573.7
12568.8
12548.4
12531.3
12531.1
12539.6
12559.4
12575.6
12575.5
12569.1
12559.1
12545.3
12529.7
12514.5
12505.1
12503.1
12504.4
12508
12512.5
12517.3
12521.3
12522.5
12521.8
12519.3
12517.3
12516.2
12514.4
12512.5
12512.2
12513.6
12515.9
12516.9
12517.3
12518.9
12521.8
12522.2
12522.4
12526.3
12533.1
12539.3
12545.1
12551.4
12558.4
12566.2
12575.1
12584.8
12595.5
12608.2
12622.3
12639.5
12661.4
12683.8
12705.4
12728.9
12757.2
12786.6
12813.5
12842.5
12872.9
12900.4
12925.1
12953.3
12981.6
13009
13035.6
13065
13088.9
13106.9
13117.1
13131.8
4010
4010
4010
4010
4010
4010
4010
4010
4010
4010
4010.01
4010.08
4010.39
4012.29
4021.97
4082.77
4369.9
5586.78
7700.96
9881.78
11762.7
12519.5
12639.4
12574.1
12497.1
12563.1
12645.6
12643.9
12568.8
12476.8
12428.6
12415
12424.2
12455.6
12498.5
12516.8
12513.5
12510.8
12515.3
12532
12563.1
12570.8
12575.4
12576.1
12576.6
12578.7
12582.3
12583.5
12580.4
12572.4
12561.7
12546.5
12530.9
12523.2
12513.5
12509.6
12508.3
12508.6
12509.4
12509.5
12508.1
12504.1
12499.1
12495.4
12492.4
12490.1
12488.8
12488.4
12489.9
12494
12499
12503.5
12508.9
12516
12522.9
12525.5
12524.3
12524.7
12528.3
12533.5
12538
12541.9
12545.7
12549.3
12552.7
12556.5
12561
12567.1
12575.4
12586
12600.8
12620.7
12642.9
12666.2
12692.5
12721.1
12751.6
12780.4
12809.2
12835.5
12858.6
12882.7
12911.4
12940.2
12966.6
12994.3
13023.6
13048.7
13061.8
13076.9
4010
4010
4010
4010
4010
4010
4010
4010
4010
4010.02
4010.15
4010.83
4014.93
4043.99
4219.81
5178.11
7415.47
9571.58
11505.3
11760.8
12007.4
12535
12697.8
12629.7
12521.5
12528.4
12566.9
12613.8
12612.1
12585.4
12519.7
12449.1
12438.8
12454.4
12485.1
12508.1
12513.2
12513.6
12513.5
12517.8
12532.3
12554.5
12564.2
12566.5
12566.2
12564.4
12560.6
12554.8
12546.2
12535.8
12526.4
12520.6
12517.9
12514.5
12514.2
12511.2
12506.8
12501.8
12496.8
12491.7
12485.8
12480.1
12475.3
12472.2
12470.9
12471.1
12472.9
12474.5
12477
12481.7
12487.1
12492.5
12497.7
12503.9
12510
12512.7
12513.1
12511.6
12512.5
12514.9
12517.1
12518.5
12519
12519.3
12519
12517.9
12518.9
12521.8
12527.3
12535.9
12548
12564.9
12585.7
12609
12634.5
12660.6
12687.4
12713.7
12743.9
12773.4
12798.9
12823.3
12850.4
12881.3
12908.8
12932.2
12959.6
12991.4
13013.4
13032
4010
4010
4010
4010
4010
4010
4010
4010
4010.03
4010.24
4011.53
4020.74
4088.82
4605.87
6337.98
9097.71
11794.1
12260.9
12694.9
12650.2
12355.7
12397.7
12509.5
12507.4
12454.7
12429
12446
12515.1
12593.7
12600.4
12591.7
12550.3
12500.1
12488.2
12498.1
12516
12522.7
12523.4
12522.4
12520.8
12520.5
12526.4
12531.8
12531.5
12529.4
12526.4
12521.9
12515.4
12506
12498.1
12495.9
12496.5
12501.2
12506.3
12505.5
12502.4
12498.3
12493.4
12488.3
12482.4
12477.2
12474
12472
12471.6
12472.5
12475.1
12477.8
12480
12482.4
12484.4
12487
12490
12491.9
12494.4
12497
12497.9
12497.6
12495.7
12494.9
12495.2
12494.8
12493.1
12489.4
12486.9
12484.6
12484
12486.1
12490.2
12497
12506.9
12519.9
12535.8
12553.8
12572.3
12591.1
12613.2
12634.8
12654.7
12676.7
12705.7
12735.5
12757.8
12782.2
12811.8
12843.7
12867.1
12889.2
12919.8
12952.2
12982.7
4010
4010
4010
4010
4010
4010
4010.01
4010.04
4010.33
4012.36
4028.94
4194.13
5194.28
7886.16
11108.3
11758.7
12047.7
12356.3
12751.9
12757.8
12672
12502.8
12479.2
12458.2
12424.8
12412.9
12423.1
12459.9
12533.8
12576.5
12586.8
12582.4
12566.1
12545.2
12537.3
12541.6
12549
12550.4
12547.9
12538.1
12522.7
12503.6
12497
12494.6
12491.9
12488.5
12483.2
12475.3
12466
12464.8
12467
12473.6
12485.7
12499.9
12500.9
12498.5
12494.3
12490.6
12487.3
12484
12481.9
12479.8
12480.3
12482
12485.3
12490
12493
12494.3
12495.2
12495.5
12495.6
12495.1
12493.4
12491.9
12491.5
12491.4
12490.6
12489.3
12487.6
12486.1
12484.2
12481.3
12477.6
12474.4
12471.2
12472.1
12474.9
12480
12487.7
12497.9
12510.2
12523.9
12538.2
12552.6
12566.7
12582.4
12600.5
12619.1
12634.2
12653.9
12682.6
12704.9
12724.5
12747
12780
12811.6
12830.2
12853.7
12885.4
12921.7
4010
4010
4010
4010
4010
4010.01
4010.05
4010.36
4013.14
4039.22
4313.6
6081.96
9510.63
10784.5
12206.1
12393.2
12291.1
12333.7
12503.4
12674.3
12656.3
12598.8
12506.4
12471.5
12447.3
12439.7
12442.5
12464.4
12502.9
12539.7
12573.1
12582.8
12579.7
12580.4
12578.9
12583.4
12587.4
12586.9
12580.6
12564.7
12536.3
12502.3
12475.8
12465.3
12462.4
12462.7
12465.3
12468.3
12474.5
12478.4
12482
12484.1
12485.7
12494.9
12499.1
12497.2
12494.7
12493.2
12492.1
12491.5
12492.7
12495.3
12499.2
12503.7
12509.6
12514.6
12516.8
12516.9
12514.6
12512
12508
12503.2
12497.6
12492.9
12489.8
12487.7
12485.8
12484.7
12483.2
12481.3
12478.4
12474.4
12470.2
12465.9
12463.6
12464.9
12468.1
12473.1
12479.7
12487.9
12497.4
12508.9
12521.8
12535.6
12550.6
12564
12578.7
12596.1
12614
12629.5
12649.7
12675.3
12692.8
12707.7
12731.5
12764
12791.3
12814.1
12844.9
12877.1
4010
4010
4010
4010
4010
4010.04
4010.36
4013.1
4051.04
4457.64
6806.45
10362.5
12561.2
12554.9
12661.1
12713.8
12631.9
12459
12485.7
12552.4
12624.6
12604.8
12553.8
12519.6
12513
12509.6
12505.8
12499.5
12506.1
12518.6
12540.2
12569.8
12586.5
12592
12599.4
12602.9
12602.2
12598
12589.1
12572.2
12544.6
12508.2
12481.3
12473.7
12474.8
12481.3
12491.7
12500.2
12503.5
12504.2
12502.1
12498
12494
12495.8
12497.8
12496.1
12497.2
12498.2
12499.8
12503.3
12507.9
12512.1
12517.5
12523.6
12530.9
12537.3
12540.4
12541.6
12538.3
12530.5
12520.6
12510.3
12500.6
12492.8
12486.6
12481.4
12477.2
12474.5
12472.3
12470.4
12467.5
12464.1
12460.3
12457.7
12456.8
12459.5
12463.3
12467.9
12474.2
12483
12493.2
12504.7
12517.1
12529.1
12540.6
12553.6
12564.4
12575.6
12591.3
12607.9
12623.3
12644
12668.7
12685.3
12699.9
12721
12751.7
12770.4
12801.8
12836.4
4010
4010
4010
4010
4010.03
4010.3
4012.88
4045.7
4609.8
7203.66
10669.3
11655.7
12616.9
12656.5
12705.2
12730.4
12700.8
12610.5
12505.9
12524.8
12564.4
12581.7
12558.1
12543.8
12542.6
12546
12549.9
12541.4
12521.2
12514
12519.8
12540.4
12570.2
12592.8
12602.5
12605
12603.5
12597.3
12584
12564.3
12539.3
12511.6
12492.3
12486.9
12489.5
12495.5
12505.8
12517.4
12524.3
12525
12521.9
12514.6
12504.6
12499.3
12497.4
12497.8
12499.8
12502.5
12505.9
12510.7
12516.4
12524
12533.6
12542.6
12549.3
12553.9
12556.4
12555.8
12551.3
12542.7
12531.3
12518.5
12505.8
12495.5
12487.8
12482.4
12478.4
12475.9
12473.7
12472.1
12470.4
12469
12468.5
12468.6
12469.8
12473.1
12476.9
12481.9
12488.3
12496.9
12506.3
12515.9
12524.6
12532.4
12539
12546.8
12555.3
12565.4
12575.3
12589.3
12603.7
12619.8
12635.5
12650.8
12664.8
12685.9
12713.2
12737.1
12769.7
12792.6
4010
4010
4010
4010.02
4010.17
4011.87
4040.68
4482.95
7676.86
11873.9
12649
12441.7
12542.5
12599.1
12609.5
12633.9
12656.8
12631.6
12563.9
12535.1
12544.7
12557.4
12553.6
12550.1
12551.8
12556.8
12561.4
12555.3
12540.2
12520.3
12522.4
12532
12551.7
12576.4
12583.9
12576
12561.4
12543.7
12528.1
12520.1
12515.2
12509.3
12504.1
12504.5
12508.1
12514.4
12524.3
12536.2
12541.7
12539.2
12531.2
12517.7
12504
12499.1
12501
12503.2
12504.8
12507.2
12510.2
12514.2
12518.8
12524.2
12531.1
12538.3
12544.5
12548.8
12551
12550.1
12545
12536.5
12526.9
12517.3
12508.2
12500.7
12494.7
12490.3
12487.3
12485.2
12483.3
12481.7
12480.5
12480.1
12479.5
12479.2
12479.7
12480.8
12482.4
12486.5
12493.3
12501.3
12509.4
12517.8
12525.4
12532.4
12538.5
12545.5
12551.6
12560.1
12569.8
12581.6
12593.7
12610.3
12623.9
12635.5
12650
12668.2
12691.3
12713.4
12744.1
12745.8
4010
4010
4010.01
4010.09
4010.98
4024.65
4438.34
7232.82
10427.9
12412
12774.4
12627.5
12560.9
12536.7
12495.2
12508.5
12568.8
12619.4
12604.1
12573.9
12556.4
12543.2
12531.5
12538.2
12545.8
12556
12563
12559
12547.4
12529.9
12526.2
12530.3
12539
12544.7
12536.5
12519.3
12494.7
12474.4
12475.7
12485.1
12498.8
12504.8
12507.5
12512.6
12515.6
12517.1
12520.5
12525.7
12528.9
12524.5
12515.7
12507.1
12501.6
12500.1
12503.9
12506.9
12506.7
12505.6
12505.1
12506.5
12510.1
12515.4
12521.4
12528
12532.9
12536
12537.5
12537
12533.8
12528.2
12520.9
12512.6
12505
12498.8
12493.5
12489.6
12486.2
12482.8
12479.7
12477.7
12476.6
12476.6
12476.2
12475.1
12474.9
12477.3
12481.5
12487.6
12495.4
12504.9
12514.8
12524.5
12532.8
12539.7
12544.5
12549.3
12554.3
12561
12567.8
12576.5
12585.2
12596.6
12607.3
12619.7
12631.6
12648.4
12669.3
12689.7
12723.7
12712.3
4010
4010
4010.04
4010.51
4016.86
4193.68
6775.24
11563.4
12028.5
12520.8
12671.8
12601.9
12555
12537.1
12484.3
12477
12504.6
12582
12603.6
12593.1
12572.6
12544.2
12520.5
12518.5
12525.3
12529.6
12536.7
12542.5
12538.6
12537.4
12532
12530.4
12526.8
12517.5
12500.8
12478
12455.5
12444.6
12454
12470.2
12490.9
12501.8
12506.1
12508.5
12507.6
12508.3
12514.1
12521.7
12524.9
12522.8
12517.3
12511.8
12506.8
12504
12504.5
12505.4
12504.4
12502.2
12500.4
12500.6
12503.9
12509.9
12516.4
12522.4
12527.4
12531.3
12533.4
12532.8
12530
12525.7
12519.9
12512.9
12506.2
12500.4
12496.1
12493.5
12491.5
12489.3
12488.5
12489.2
12490.6
12491.9
12492.1
12492.3
12494.2
12497.4
12501.9
12507.9
12515.3
12523.3
12530.9
12537.5
12542.3
12545.6
12547.7
12550.3
12553.7
12559.5
12564.9
12571.8
12580.6
12590.7
12597.8
12606.9
12619.1
12637.4
12656.1
12672.5
12703
12700.7
4010
4010.02
4010.19
4012.5
4086.46
5773.15
10330.7
12831.2
12764
12680.8
12669.2
12608.8
12576.4
12562.6
12510.3
12496
12503.5
12536
12578
12568.8
12550.6
12538.2
12521.5
12506.2
12500.5
12491.4
12485.5
12500.7
12517.4
12531.3
12531.8
12524.5
12517
12503.6
12484
12461.2
12442.1
12437.9
12445.9
12461.5
12483.4
12499.8
12508
12513.3
12515.5
12518.9
12525.6
12531.5
12533.2
12531
12525.7
12519.6
12513.4
12508.8
12506.8
12505.5
12504.4
12503.3
12502.4
12502.6
12503.7
12505.6
12508.1
12511
12513.5
12515
12514.8
12513.1
12510.6
12508
12505.9
12504.4
12503.4
12501.9
12500.7
12500
12498.4
12496.8
12496.8
12497.5
12497.6
12497.1
12496.5
12495.7
12496
12498.4
12502.6
12508.1
12515.3
12523.7
12532.5
12541.1
12548.5
12554.3
12558.5
12562.2
12565.1
12568.6
12572.2
12577
12583
12589.6
12596.3
12605.3
12614.9
12630.2
12647.4
12665
12695.5
12729.4
4010.01
4010.07
4010.81
4026.82
4816.35
9478.66
11868.2
12826.6
12782.6
12722.3
12675.3
12603.3
12606.3
12605.1
12564
12519.4
12506.8
12489
12508.5
12515.2
12525.7
12541.4
12530
12508.5
12482.9
12453.6
12450.4
12467.9
12504
12524.7
12530.9
12527.3
12516.1
12497.3
12474.6
12453.9
12439.9
12436.6
12441.4
12457.1
12478.9
12498.9
12512.2
12517.8
12518.1
12516.9
12516.5
12516.9
12516
12513.5
12511.9
12512.4
12512.7
12509.7
12505.8
12501.9
12497.4
12492.4
12487.8
12485.2
12485.6
12488.4
12492.7
12497.4
12501.7
12504.8
12506.4
12506.5
12505.9
12505.1
12504
12502.7
12501.9
12501.3
12501.1
12500.4
12499.1
12498.5
12500
12501.2
12501.6
12501.8
12501.9
12502.2
12504.3
12508.3
12514.3
12521.6
12529.8
12538.5
12546.9
12554.5
12560.1
12563.7
12565.8
12567.3
12569.4
12571.8
12573.7
12576.6
12581
12585.1
12589.9
12597.8
12607.6
12621.4
12635.4
12651.1
12679.8
12770.7
4010.03
4010.25
4013.34
4183.48
7537.56
11711.8
12376.1
12692.8
12694.9
12681.7
12637.8
12626.5
12621.6
12612.4
12586.4
12541.7
12481.6
12438.1
12455.2
12490
12528.3
12563.1
12552.2
12515.9
12469.9
12432.4
12437.4
12458.5
12499.5
12525.4
12535.3
12531.1
12514.4
12493.2
12475
12463.2
12456.1
12457.4
12464.9
12476.2
12490.4
12503.5
12510.7
12510.9
12507.2
12505.5
12507.1
12509.7
12512.2
12514.9
12517.5
12519.6
12519.2
12516.5
12511.4
12505
12498.3
12492.5
12488.8
12487.3
12487.6
12489.1
12491.3
12494.1
12497
12499.1
12500
12499.9
12499.7
12500.2
12501.7
12504.1
12506.8
12508.8
12510.9
12512.1
12512.5
12513.5
12515.7
12517
12517.2
12517
12516.8
12517
12518.7
12522.3
12527.2
12533
12539.6
12546.5
12553.4
12559.7
12564.6
12568.2
12570.7
12572.2
12573.4
12573.9
12574.7
12575.9
12578.6
12580.8
12585.2
12592
12600.9
12613.3
12627
12643
12669.1
12823.6
4010.08
4010.89
4032.53
5357.97
10423.5
12608.2
12916.9
12833.9
12723.9
12688.4
12639.4
12572
12527.2
12524.4
12520.9
12493.1
12459
12435.1
12455.3
12499.7
12557
12577.1
12566.8
12522.2
12473.5
12441.3
12442.9
12463.1
12500.1
12524.4
12535
12529.7
12516.5
12504.7
12496.7
12493.7
12489.7
12489.8
12490
12491.1
12495.5
12502.8
12510.2
12515
12518.3
12521
12522.2
12522.2
12521.9
12521.6
12523.1
12525.2
12526
12522.3
12515.8
12508.1
12500.6
12493.9
12488.3
12484.5
12483
12483.5
12485.1
12487.2
12489.4
12490.8
12491.8
12492.8
12494.5
12497.1
12500.7
12505
12509.5
12513.2
12516
12516.8
12516.8
12517.7
12519.3
12519.4
12518.3
12516.8
12516
12515.8
12517.6
12521.4
12527.1
12533.8
12541.2
12548.7
12556.1
12562.3
12567.1
12570.5
12572.6
12573.4
12574.3
12574.1
12574.1
12573.9
12575.1
12576.1
12579.8
12585.7
12594.2
12605
12617.5
12633.3
12657.3
12874
4010.21
4012.77
4229.39
8338.04
12225.9
12838.4
13064.3
12989
12811
12715.3
12645.4
12555.3
12473.4
12465.3
12481.1
12485.3
12476.3
12466.2
12487.1
12528.3
12578.3
12581.1
12568.8
12531.3
12487.8
12459.1
12460.3
12480.1
12511.2
12532.1
12537
12531.7
12524
12517.1
12513.4
12508.3
12509
12503.2
12495.5
12493
12496.6
12504.3
12511.4
12514.5
12513.1
12511.2
12511.2
12513
12516.3
12520.7
12525.8
12530.8
12532.7
12530.5
12523.8
12514.6
12504.5
12495.4
12489
12485.3
12483.7
12483.9
12485.2
12487.1
12489.2
12491
12492.5
12493.8
12495.4
12498
12501.6
12506.1
12510.8
12514.9
12518.3
12519.7
12520.6
12522.1
12523.5
12523.1
12521.6
12520.1
12519.2
12519
12520.9
12524.7
12530.2
12536.7
12543.8
12550.6
12557.2
12562.5
12566.7
12569.7
12571.7
12572.4
12573
12572.1
12571.5
12570.4
12570.6
12570.6
12573.8
12578.8
12587.2
12597.2
12609.8
12625.6
12646.7
12922.1
4010.68
4024.04
5429.36
11268.4
12792.2
12860.5
12940.9
12854.3
12723.9
12655.9
12604.4
12524.1
12464.8
12474.7
12504.8
12521.2
12519.9
12508.4
12512.9
12544.6
12579.6
12594.5
12581.3
12539.8
12500.8
12478.8
12483.5
12498.9
12520.3
12534.6
12537.9
12531.7
12523.3
12520.9
12524.6
12532.4
12535.6
12534.1
12528.9
12522.1
12515.9
12513.1
12514.1
12516.9
12520.1
12522.8
12524.3
12526.2
12530
12535.8
12542.6
12547.6
12549.5
12545.8
12537.3
12525.8
12514
12504
12496
12490.1
12486.5
12484.4
12483.4
12483.3
12484
12484.8
12485.6
12486.7
12488.6
12491.9
12496.6
12502.5
12508.4
12513.6
12517.6
12519
12520.6
12522.3
12523.2
12522.1
12520.1
12518.1
12516.8
12516.4
12518.2
12522
12527.8
12534.6
12542
12549.2
12556
12561.2
12565.5
12568.4
12570.4
12571
12571.6
12570.4
12569.5
12567.5
12566.9
12566.4
12569.2
12573.5
12581.7
12591
12603.6
12619.4
12636.8
12967.6
4011.46
4115.58
8309.64
12314.2
12811.7
12792.5
12818.2
12738.5
12638.7
12580.9
12544.7
12494.6
12480.2
12512.5
12548.6
12558.2
12536.9
12516.7
12527.6
12559.5
12587.2
12585.5
12563.9
12538.5
12523.8
12518.1
12519.6
12525.5
12535.1
12540.1
12538.1
12535.6
12538.4
12546.8
12558.3
12564.5
12570.5
12565.3
12548.2
12530.4
12520
12518.4
12523.3
12530.3
12535.2
12537.2
12538.1
12539.3
12541.5
12545.2
12549.9
12554.4
12555.4
12551.3
12541.9
12529.2
12515.5
12502.9
12492.9
12485.6
12480.7
12477.9
12476.6
12476.3
12477
12478.1
12479.4
12480.8
12483.1
12486.8
12491.9
12498.1
12504.5
12510.3
12514.7
12516.7
12519.1
12521.3
12521.9
12520.4
12518.3
12516.1
12514.9
12514.6
12516.5
12520.4
12526.3
12533.3
12540.9
12548.1
12554.9
12559.9
12564.1
12566.8
12568.8
12569.4
12569.9
12568.6
12567.5
12564.9
12563.7
12562.7
12565.1
12568.9
12577
12585.9
12598.9
12614.3
12628.2
13006.7
4012.95
4750.61
10577.5
12365.8
12868.1
12850.9
12784
12741
12672.8
12619.7
12586.1
12543.7
12516.7
12522.2
12536.4
12537.1
12536.8
12549.5
12566.3
12580.5
12582.8
12577.6
12565.2
12552.7
12546.1
12547.9
12551.6
12554.7
12553.9
12550.9
12548.5
12548.1
12550.7
12556.5
12565.4
12574.5
12578.5
12574.5
12563.2
12549.4
12538.1
12533.1
12533.3
12536.5
12540.2
12542.4
12542.8
12543.2
12545.6
12550
12555.3
12559.3
12559.8
12554.6
12543.8
12529.3
12514.1
12500.6
12489.7
12481.8
12476.3
12472.8
12470.8
12469.9
12470.3
12471.4
12472.7
12474.3
12476.8
12480.9
12486.6
12493.5
12500.6
12507
12511.9
12514.5
12517.4
12519.9
12520.2
12518.7
12516.6
12514.4
12513
12512.7
12514.7
12518.5
12524.5
12531.8
12539.6
12547.1
12553.9
12558.8
12563.1
12565.7
12567.8
12568.3
12568.8
12567.4
12566.1
12563.2
12561.5
12560.1
12562.2
12565.6
12573.6
12582.2
12595.5
12610
12619.3
13030.4
4024.86
6477.87
11254.4
12506.8
13036.3
13015.3
12892.6
12811.7
12759.3
12696.1
12638.5
12602.2
12565.4
12544.7
12543
12539.6
12552.8
12574
12578.6
12582.3
12586.5
12580.7
12572.2
12571.8
12580.1
12583.3
12581.7
12574.7
12566.9
12561.7
12559.4
12560.6
12566.9
12579
12593
12603.9
12610.6
12606.8
12589.5
12566.3
12547.3
12537.4
12536.3
12540.2
12544.4
12546.1
12545.9
12545.7
12547.1
12550.1
12554.3
12557.8
12558.1
12552.9
12541.8
12526.9
12511.2
12496.9
12485.3
12476.7
12470.8
12466.9
12464.6
12463.7
12464.1
12465.4
12467.1
12469.1
12472.1
12476.6
12482.6
12490
12497.5
12504.5
12509.7
12513.1
12516.2
12518.8
12519.2
12517.5
12515.5
12513.4
12512
12511.7
12513.7
12517.6
12523.7
12531.1
12539.1
12546.6
12553.5
12558.3
12562.6
12565.1
12567.1
12567.5
12568.2
12566.7
12565.3
12562
12560
12558.4
12560.2
12563.3
12571.1
12579.6
12593.2
12606.7
12613.2
13025.4
4108.75
8918.08
12082.3
12848
13222.6
13166.4
12995.9
12812.3
12718.3
12622.9
12545.1
12530.2
12550
12561.6
12552.4
12534.1
12540.6
12568.4
12593.7
12602.1
12589
12573.1
12568.8
12582.1
12601.4
12619.7
12623.6
12614.3
12597.1
12581.6
12574.9
12577.3
12585.6
12595.9
12607.1
12615.1
12616.7
12608.3
12589.8
12567.1
12547.9
12537.5
12535.1
12537.6
12541.2
12543.1
12543.1
12542.9
12544.3
12547.6
12552.1
12555.7
12556.1
12551
12539.8
12524.6
12508.4
12493.7
12481.9
12473.2
12467
12463
12460.5
12459.5
12459.9
12461.3
12463.2
12465.5
12468.8
12473.5
12479.8
12487.5
12495.4
12502.7
12508.3
12512
12515.5
12518
12518.7
12517.1
12514.8
12512.7
12511.4
12511
12513
12516.9
12523
12530.6
12538.6
12546.3
12553.1
12557.9
12562.2
12564.7
12566.6
12567.1
12567.8
12566.4
12564.8
12561.3
12559.1
12557.3
12558.8
12561.7
12569.4
12577.7
12591.5
12604.1
12609
13001.3
4562.17
10665.4
12890.9
13139.5
13234.6
13078.2
12785.4
12644.7
12612.3
12572.2
12543.6
12539
12539.1
12518.2
12498.4
12507.6
12552.7
12601.2
12619
12612.7
12599.1
12589.2
12594.2
12613.7
12637.7
12650
12647.1
12629.8
12606.2
12588.2
12580.5
12580.7
12586
12595.4
12606.5
12615.9
12619.4
12612.3
12592.9
12567.8
12546.3
12534.1
12531.3
12534.2
12538.4
12540.7
12541.1
12541.2
12542.6
12545.8
12550.2
12553.9
12554.5
12549.6
12538.4
12523.1
12506.7
12491.8
12479.7
12470.8
12464.4
12460.2
12457.6
12456.5
12456.9
12458.4
12460.5
12463
12466.5
12471.5
12478
12485.9
12494
12501.6
12507.4
12511.5
12515.5
12517.7
12518.4
12517
12514.8
12512.4
12511.3
12510.8
12512.7
12516.6
12522.7
12530.4
12538.4
12546.2
12553.1
12557.8
12562.1
12564.6
12566.5
12567.1
12567.7
12566.2
12564.7
12560.9
12558.6
12556.6
12558
12560.6
12568.2
12576.5
12590.1
12602.2
12607
12962.8
6072.08
11553.3
13168.8
13305.5
13016.2
12787.3
12689.4
12656.8
12647.5
12607.4
12584.1
12594.5
12586.8
12564.6
12536.6
12537.1
12574.6
12617.2
12643.4
12643.8
12622.6
12603.9
12605.8
12627.2
12651.2
12666.9
12664.3
12643.5
12613.9
12589.7
12579.1
12579.7
12586.8
12596.6
12608.4
12617.9
12620.6
12611.9
12591.7
12566.3
12544.5
12532.3
12529.4
12532.2
12536.5
12539.2
12539.8
12540
12541.5
12544.6
12549
12552.9
12553.6
12548.8
12537.7
12522.2
12505.6
12490.5
12478.3
12469.2
12462.8
12458.3
12455.7
12454.5
12454.9
12456.4
12458.7
12461.4
12465
12470
12476.6
12484.6
12492.9
12500.7
12506.7
12510.9
12515.1
12518.3
12517.9
12516
12514.6
12512.2
12510.9
12510.4
12512.3
12516.2
12522.3
12530
12538
12545.8
12552.7
12557.5
12561.8
12564.2
12566.1
12566.6
12567.5
12565.9
12564.3
12560.5
12557.9
12555.9
12557.1
12559.6
12567.1
12575.3
12588.9
12600.5
12605
12913
7599.86
12049.8
13507.7
13348.7
12889.9
12839.3
12728
12573.2
12532.5
12495
12470.4
12510.3
12567.7
12573.4
12541.9
12538.8
12584.1
12636.3
12662.9
12653.5
12623.1
12600.8
12603.7
12626.5
12652.8
12668
12664.1
12640.8
12608.7
12583.6
12573.5
12574.5
12581.3
12591.2
12603.4
12614.3
12618.3
12610.5
12590.4
12564.6
12542.4
12529.9
12527
12530
12534.7
12537.7
12538.7
12539.1
12540.5
12543.7
12548.1
12552.1
12552.9
12548.3
12537.3
12521.8
12505.1
12489.9
12477.6
12468.4
12461.8
12457.3
12454.5
12453.4
12453.8
12455.3
12457.7
12460.5
12464.2
12469.3
12475.9
12483.9
12492.4
12500.3
12506.4
12510.9
12514.9
12519.4
12517.9
12515.6
12513.8
12512.6
12510.7
12510.3
12512
12515.8
12521.9
12529.7
12537.8
12545.4
12552.4
12557.3
12561.7
12563.8
12565.9
12566.3
12567.2
12565.9
12564
12560.2
12557.5
12555.5
12556.5
12558.9
12566.1
12574.2
12588
12599.1
12604.3
12849.3
9124.94
12645.9
13403
13175.5
12874.1
12831.9
12660.5
12574.4
12581
12575.9
12569.8
12598.5
12613.7
12599.4
12566
12565.4
12608
12650.8
12671.8
12661.5
12629.6
12605.5
12608
12631.1
12657.1
12673.5
12670.4
12646.8
12613.4
12586.7
12575.8
12577
12584.2
12594.2
12606.8
12617.9
12621.8
12613.5
12592.8
12566.5
12543.9
12531.1
12527.9
12530.7
12535.2
12538.2
12539.2
12539.5
12540.8
12543.7
12547.9
12551.7
12552.5
12547.7
12536.6
12520.9
12504
12488.6
12476.1
12466.8
12460.1
12455.4
12452.5
12451.2
12451.5
12453
12455.2
12458
12461.6
12466.6
12473.2
12481.2
12489.5
12497.5
12503.6
12508.2
12512.5
12516.2
12515.2
12514.4
12510.4
12509.1
12507.7
12507.3
12509.3
12512.7
12518.9
12526.6
12534.9
12542.8
12549.5
12554.4
12559
12560.9
12563.1
12563.6
12564.5
12563.5
12561.6
12557.6
12554.8
12552.8
12553.8
12556.1
12563.4
12571.4
12585.3
12595.9
12602
12783.2
10183
12760
13380.5
13126.5
12754.6
12777.5
12754.5
12683.5
12627.2
12569.3
12540.3
12570.9
12600
12587
12543.1
12533.8
12576.7
12624.6
12650
12640.1
12607.3
12584
12588.8
12614.3
12643
12661.2
12659.4
12636.1
12602.5
12575.9
12565.6
12567.4
12574.9
12585.2
12598.3
12610.3
12615
12607.3
12587
12560.8
12538.3
12525.5
12522.5
12525.6
12530.4
12533.7
12535
12535.5
12536.9
12539.8
12544.1
12548
12548.9
12544.3
12533.3
12517.7
12500.8
12485.3
12472.9
12463.5
12456.7
12452
12449.1
12447.7
12448
12449.5
12451.8
12454.6
12458.2
12463.2
12469.8
12477.7
12486.2
12494.2
12500.4
12505
12510.2
12511.8
12512.3
12511.5
12508
12504.5
12504.2
12503.5
12505.6
12509.4
12515.4
12523.1
12531
12539.6
12546
12550.9
12555.5
12557.7
12559.8
12560.5
12561.2
12560.1
12558.6
12554.6
12551.7
12549.6
12550.5
12552.8
12560.3
12568.3
12581.7
12592.1
12600.2
12686
11466.8
12926.8
13201.1
13080.6
12871.4
12960.2
12844
12656.2
12607.7
12612.2
12611.7
12633.8
12640.8
12620.1
12578.2
12572.9
12615.6
12659.9
12682.2
12671
12637.1
12612.1
12615
12638.5
12665.1
12681.7
12678.4
12653.6
12618.3
12589.9
12577.8
12578
12584.2
12593.2
12605.1
12616.2
12619.9
12611.2
12589.8
12562.6
12539.2
12525.5
12521.6
12523.8
12527.9
12530.7
12531.5
12531.5
12532.4
12534.9
12538.7
12542.2
12542.7
12537.8
12526.5
12510.7
12493.6
12477.9
12465.3
12455.8
12449
12444.2
12441.2
12439.8
12440
12441.4
12443.7
12446.4
12450
12455
12461.6
12469.6
12478.1
12486.2
12492.5
12497.3
12503.5
12504.8
12505.5
12502.5
12501.4
12498.4
12497.3
12496.9
12498.4
12502.4
12508.4
12516.5
12524.5
12532.6
12539.9
12544.6
12549.4
12551.9
12553.7
12554.4
12555.7
12554.2
12552.8
12548.7
12546
12544
12544.7
12547
12554.5
12562.8
12576.4
12586.3
12596
12625.1
12508.6
13118.4
13229.2
12989.1
12623.1
12685.9
12642.4
12537.9
12509.1
12493.8
12483.5
12513.2
12532.7
12518.9
12479.1
12475.8
12523
12573.5
12601.5
12595.1
12565.3
12544.2
12550.8
12577.8
12608
12628.1
12628.2
12606.3
12573.5
12547.3
12537.5
12539.9
12548.1
12559.1
12573
12585.9
12591.5
12584.6
12564.7
12539
12516.9
12504.6
12502
12505.6
12511
12514.9
12516.7
12517.7
12519.3
12522.5
12527.1
12531.4
12532.7
12528.6
12518.1
12502.9
12486.4
12471.3
12459.1
12450
12443.5
12439.1
12436.3
12435.3
12435.8
12437.6
12440.2
12443.3
12447.2
12452.5
12459.4
12467.7
12476.5
12484.9
12491.5
12496.4
12503.6
12504.5
12505.2
12500.8
12500.7
12499.9
12496.8
12497.5
12498.9
12501.5
12508.4
12515.7
12525.3
12532.4
12540.1
12545.3
12549.3
12552.3
12553.6
12554.6
12556.4
12554.7
12553.2
12549.2
12546.6
12544.5
12545.2
12547.3
12554.3
12563
12576.1
12586.7
12598.4
12523
4166.85
4202.37
4405.74
5156.75
6403.12
7279.14
7878.06
8284.21
8905.76
8977.95
9443.55
10308.3
11318.6
12705.9
14246.1
15993
17760.3
19601.4
21231.2
22677.8
23879.4
25560.8
26378.6
28173.2
28816
29385.9
29741
30365.2
31048.9
31242.8
31440.2
31736.3
32016.8
32009.1
31949.5
32029
32237.4
32490.3
32553.9
32416.7
32320.1
32331.5
32441
32563
32560.7
32512.9
32494.2
32516
32569
32592.3
32562.6
32531
32528.1
32571.6
32636
32648.7
32608.2
32512.4
32362.9
32243.3
32227.7
32245.6
32254.9
32215.9
32075.9
31768
31261.9
30590.7
29869.8
29192.8
28635.5
28135.5
27609
27008.1
26254.6
25334.3
24240.7
23067.3
21940.3
20341.9
4167.01
4202.36
4406.05
5163.57
6414.26
7288.58
7885.52
8289.72
8912.58
9005.64
9456.58
10309.2
11312.9
12692.8
14228.1
15974.3
17736.3
19566.7
21194.4
22643.2
23851.7
25525.2
26348.3
28137.6
28782.6
29354.4
29716.4
30345.8
31029.2
31224.7
31425
31723.4
32005.2
31999
31941.3
32022
32231.2
32484.4
32548.4
32412
32316.2
32328.2
32438.1
32560.3
32558.4
32511
32492.4
32514.3
32567.3
32590.8
32561.2
32529.8
32526.9
32570.4
32634.9
32647.4
32607
32511.4
32362.1
32242.7
32227
32244.8
32254
32215
32075
31767.2
31261.3
30590.6
29870.2
29193.5
28636.3
28136.3
27609.7
27008.8
26255.4
25335.2
24241.9
23068.8
21942.1
20343.9
4167.12
4201.29
4400.29
5162.71
6421.51
7291.73
7886.5
8291.23
8910.56
8972.57
9445.04
10308.1
11309
12686.8
14217.1
15946.1
17706.7
19528.7
21148.8
22591.8
23803.9
25484.3
26322.7
28113.3
28760.8
29335.3
29701.6
30334.2
31018.1
31215.3
31417.6
31718
32001
31996.6
31940.5
32022.1
32232.4
32486.3
32551
32415.7
32320.7
32333.3
32443.7
32566.4
32565.1
32518.1
32499.8
32522
32575.2
32599
32569.5
32538.3
32535.5
32579.1
32643.6
32656.2
32615.7
32520.2
32371
32251.7
32236
32253.8
32262.9
32223.9
32083.7
31775.7
31269.7
30599
29878.6
29202.1
28645
28145
27618.3
27017.1
26263.5
25343.1
24249.6
23076.4
21949.6
20351.5
4168.62
4201.21
4393.61
5140
6430.78
7298.85
7890.74
8293.99
8916.16
8968.18
9449.03
10305.3
11301.8
12675
14199.3
15913.7
17670.2
19471
21074.1
22533
23763.5
25434.1
26275.8
28064.8
28718.7
29297.5
29672.8
30311.9
30995.1
31194.6
31400.4
31703.6
31988.3
31986.4
31932.6
32015.4
32226.6
32480.6
32545.9
32412.5
32319
32332.2
32442.8
32565.8
32565.4
32519.1
32501.1
32523.3
32576.6
32601
32571.6
32541
32538.3
32581.9
32646.4
32658.8
32618.5
32523.2
32374.5
32255.6
32239.8
32257.4
32266.4
32227.2
32086.9
31778.7
31272.7
30602.5
29882.8
29206.7
28649.6
28149.5
27622.6
27021.1
26267.3
25346.8
24253.4
23080.4
21953.9
20356.1
4168.68
4198.73
4379.56
5103.07
6423.32
7313.36
7899.96
8299.54
8924.4
8979.53
9454.46
10302.5
11296.7
12666.5
14186.3
15884.5
17628.2
19403.1
21010.2
22474.1
23714.4
25386.2
26238.8
28027.4
28688.7
29270.7
29652.1
30295.6
30976.7
31177.8
31385.9
31691
31976.8
31977.6
31925.9
32009.2
32220.8
32474.2
32540
32409.1
32317.3
32331.1
32441.7
32564.7
32565.5
32520.1
32502.4
32524.7
32577.8
32602.9
32573.8
32543.7
32541.2
32584.6
32649
32661.6
32620.9
32525.9
32377.9
32259.5
32243.4
32260.8
32269.8
32230.2
32089.3
31780.6
31274.5
30604.8
29885.8
29210.1
28653
28152.4
27625.1
27023.2
26268.9
25348.1
24254.7
23081.9
21955.9
20358.6
4168.78
4195.24
4363.39
5043.92
6383.62
7332.85
7911.04
8310.44
8934.16
8974.32
9459.88
10301.4
11295.4
12664.5
14178.8
15853
17585.5
19344.2
20938.6
22417.9
23676.3
25343.6
26202.6
27985.4
28657.5
29242.7
29630
30278.2
30954.8
31157.3
31368.2
31674.4
31961
31965.3
31916.3
32000.2
32211.8
32463.2
32529.3
32402.6
32313.4
32327.8
32437.6
32560.1
32562.3
32518.3
32500.9
32523
32575.5
32601.1
32572.4
32543.3
32540.9
32583.8
32647.6
32660.3
32619.3
32524.2
32377.7
32260.1
32243.3
32260.4
32269
32228.8
32086.9
31777.5
31271.5
30602.9
29885.5
29210.6
28653.4
28152
27624
27021.2
26266.3
25345.3
24252.4
23080.2
21955.3
20359
4168.69
4191.03
4340.14
4973.55
6317.9
7329.76
7930.02
8323.55
8948.22
8958.63
9467.6
10302.5
11299.4
12667.3
14172
15825.8
17558
19290.1
20878
22372.3
23647.8
25309.1
26174.4
27947.1
28632
29221.3
29612.9
30265.5
30934.4
31137.9
31352
31657.8
31944.1
31952.6
31907.2
31991.8
32202.5
32449.9
32516.1
32395.5
32310.1
32325.5
32433.8
32554.9
32559.1
32517.3
32500.4
32522.2
32573.7
32599.4
32571.8
32544
32541.7
32583.7
32646.6
32659.9
32617.9
32522.4
32378.3
32262.1
32243.9
32261
32268.6
32227.4
32083.8
31773.2
31267.3
30600.7
29885.7
29212.1
28654.5
28151.8
27622.5
27018.5
26262.5
25341.1
24248.8
23077.8
21954.6
20359.9
4168.55
4186.89
4309.17
4897.55
6207.1
7316.35
7954.18
8344.98
8964.49
8944.66
9479.26
10306.7
11307.2
12673.9
14173.7
15813.5
17544.4
19256.8
20831.8
22341.7
23639.3
25291.2
26164.8
27919.1
28615.7
29207
29601.5
30258.5
30915.6
31120.2
31338.5
31641.8
31926
31939.9
31900.1
31985.4
32193.6
32434
32499.7
32387.9
32308.2
32324.8
32430.4
32548.7
32555.6
32516.8
32500.7
32521.9
32571.7
32597.2
32571.3
32545.3
32543.2
32583.9
32645.3
32658.5
32616.5
32519.6
32379.1
32264.9
32244.7
32261.8
32268
32224.8
32078.6
31766.3
31260.9
30597.2
29886
29214.2
28656
28151.2
27620
27014.1
26256.4
25334.6
24243.3
23074.1
21953.5
20361.2
4168.46
4182.8
4279.82
4818.28
6040.34
7265.44
7964.97
8375.87
8984.75
8933.24
9493.85
10314.7
11317.7
12685.4
14183.5
15806.6
17534.3
19232.7
20795.4
22317.7
23644
25284.4
26178.5
27903.8
28615
29209.6
29599.3
30259.3
30899.2
31106.4
31330.4
31627.8
31906.7
31927.9
31896.9
31983.4
32186.7
32415.6
32480.3
32380.9
32309.1
32327.5
32428.7
32542.3
32552.5
32518.3
32503.3
32523.6
32570.4
32595
32571.7
32547.9
32546.4
32585.3
32644.1
32657.3
32615
32516.2
32381
32269.6
32246.6
32263.6
32267.8
32221.5
32071.4
31756.7
31251.9
30592.7
29886.9
29217.8
28658.7
28150.7
27616.7
27007.9
26247.7
25325.2
24235.5
23069
21952.3
20363.4
4168.19
4179.23
4254.66
4710.29
5854.26
7186.95
7973.25
8397.78
9009.18
8916.87
9513.2
10328.8
11329.1
12692.1
14185.5
15796.7
17508.7
19209.2
20763.8
22288.4
23647.4
25270.5
26201.9
27887.6
28622
29231
29613.9
30272.9
30884.8
31094.3
31328.1
31616
31884.8
31917.3
31900.1
31988.4
32182.9
32393.8
32457.5
32374.6
32313.8
32335.4
32429.7
32535.4
32550.3
32522.1
32508.9
32527.8
32570
32592.4
32572.6
32552.1
32551.2
32588.1
32643
32656.8
32611.8
32511.7
32383.8
32276.4
32249.4
32266.5
32267.5
32216.5
32061.2
31743
31239.4
30586.5
29888.4
29223.2
28662.6
28150.1
27611.9
26999
26235.1
25311.8
24224.4
23061.8
21950.7
20366.7
4167.46
4176.61
4232.37
4560.36
5668.06
7050.75
7945.32
8436.49
9023.04
8897.69
9540.65
10350.8
11340.9
12685
14166.6
15773.8
17455
19169.3
20721.9
22225.6
23619.4
25205.6
26201.9
27821
28575.3
29227
29622.9
30289.9
30870.1
31097.1
31337.3
31604.8
31855
31903.6
31909.6
32003.5
32184.7
32368.2
32429.9
32369.9
32324.3
32350.8
32434.8
32528.8
32548.7
32530.1
32518.9
32535.8
32570.4
32590.7
32575.1
32557.4
32559.5
32593
32641.8
32656.7
32606.8
32506.3
32388
32286.1
32254.3
32270
32266.5
32209.8
32046.5
31723.5
31221.6
30577.9
29890.5
29230.8
28668.2
28149
27605.2
26986.4
26217.2
25292.8
24208.6
23051.7
21948.4
20371.4
4166.44
4174.78
4213.06
4436.49
5475.59
6807.2
7862.74
8465.93
9038.48
8906.49
9576.06
10389.5
11357.6
12657.6
14110.3
15711.4
17339.6
19066.5
20623
22093.2
23536.4
25068.1
26190.5
27730.3
28508.6
29209.8
29630.9
30294
30810.9
31064
31339.9
31592.4
31816.9
31894.6
31929.7
32031
32190.3
32336.4
32398.7
32361.3
32336.4
32378.8
32443.8
32519.5
32549.4
32537.8
32532.6
32549
32573.6
32586.7
32575.4
32564.2
32568.7
32603.4
32642.3
32654
32597.3
32499.7
32394
32298.6
32263.1
32273.3
32263.9
32199.2
32026.2
31696.9
31198.2
30566.9
29893.9
29241.2
28675.6
28147.2
27595
26968
26192.1
25266.4
24186.8
23037.7
21945.2
20378
4165.65
4173.42
4197.59
4348.68
5159.09
6524.74
7748.27
8476.4
9035.35
8962.68
9648.56
10468.5
11393.8
12600.7
13981.9
15536.4
17117.7
18823.8
20356
21710.5
23230.2
24668.2
25954
27343.7
28138.8
29013.4
29519
30232.3
30733.6
31090.3
31350
31553.4
31737.9
31836.3
31930.1
32081.5
32216.8
32304
32354
32348
32360.1
32412.7
32465.6
32513
32548.4
32549.9
32552.9
32567.7
32580.9
32585
32575.6
32576.1
32582.9
32614
32645.8
32646.9
32584.3
32492.1
32401.6
32315.1
32274.3
32277.1
32259.8
32184.6
31996.8
31658.2
31163.7
30550.6
29896.9
29255
28685.2
28144.4
27582
26943.3
26156.7
25229.1
24156.4
23018.4
21940.7
20386.8
4165.42
4171.74
4186.97
4281.5
4776.52
6247.72
7562.28
8385.12
9008.81
9129.92
9798.83
10636.1
11484.2
12504.6
13735
15156.3
16657
18342.9
19935.5
21311.9
23003.3
24366.8
25907.8
27122.7
27861.5
28791.1
29408.2
30070.7
30426.8
30838.3
31292.1
31516.2
31663.4
31767.8
31935
32102.6
32212.3
32260.3
32262.1
32318.6
32389.6
32443.3
32474.9
32489.4
32528
32557.8
32573.5
32581.6
32579.9
32573.5
32575.5
32590
32604
32626.2
32646.7
32636.4
32569.7
32486.5
32414.1
32338.2
32292.9
32281.7
32252.9
32161.4
31958.7
31611.6
31123.7
30532.1
29903.4
29272.5
28697.2
28138.8
27559.5
26905.7
26108.7
25180.1
24115.9
22992.4
21934.6
20398.7
4166.61
4168.73
4180.54
4233.33
4519.23
5774.84
7224.95
8206.51
8959.89
9470.41
10099.7
10993.7
11723.4
12382.3
13311.1
14518.5
15990.5
17525.6
19061.8
20291.6
22078
23341
25094.4
26270.2
27150.8
28471.8
29271
30088.1
30404
30845.8
31169.7
31353.5
31424.6
31590.8
31940
32155.2
32210.8
32162.8
32168.2
32301
32414.2
32467.9
32477.6
32464.7
32506.8
32559.9
32588.6
32587.9
32570.1
32551
32567.2
32596.8
32614.7
32628.1
32635.3
32610.4
32538.9
32469.2
32420.2
32359.5
32306.9
32282.6
32235.7
32126.5
31890.8
31529.9
31055.9
30498.8
29903.2
29294
28711.3
28132.5
27537.3
26858.6
26039.2
25109.2
24059.7
22957.5
21926.1
20413.9
4169.79
4165.24
4177.16
4203.46
4358.97
5099.03
6880.62
7973.13
8833.23
10051.4
10714.6
11724.3
12251.2
12382.1
12866.9
13562.6
14817.5
16365.1
18111
19477.1
21395.4
22846.3
24789.2
25808.9
26623.3
27947.8
28877
29564.3
29837.9
30426
31232.2
31308.3
31259.3
31494.7
31893.9
32117.7
32156.9
32053.1
32032.8
32252.6
32437.4
32498.9
32457.5
32415.8
32477.4
32563
32608.4
32605.7
32564.5
32542.7
32573.2
32619.3
32646.2
32646.1
32629.7
32589.6
32522.5
32472
32445.2
32401.9
32345.9
32289.7
32221.2
32078.8
31833.5
31460.4
30992.9
30468.6
29912.5
29316.5
28725.2
28111.8
27482.4
26782.6
25954.7
25024.3
23987.8
22912.1
21915.6
20434.9
4173.45
4165.6
4173.36
4186.19
4257.44
4609.76
6004.84
7668.33
8665.26
10876.7
12028.4
13146
13207.2
12747.5
12678.7
12790.8
13405
14434.9
16077.8
17748.2
19721.6
21397.4
23731.3
24781.5
25825
27363.2
28567.2
29562.3
29697.2
30187.8
30857.1
31074.2
31054.1
31336.1
31952.6
32150
32128.6
31971.9
31985.6
32215.6
32402.6
32461
32389.5
32307.9
32374.2
32484.7
32546.5
32537.9
32482.8
32453.1
32519.4
32585.8
32618.7
32609.9
32566
32500.8
32438.1
32419.7
32428.5
32405.8
32341.1
32266
32153.3
31976.4
31655.1
31281.7
30858.2
30397.1
29893.4
29343.2
28739.6
28105.6
27453.2
26686.7
25811.8
24891.1
23889.9
22852.7
21900
20459.1
4175.1
4171.52
4165.98
4174.22
4202.69
4365.59
5061.79
7077.63
8664.83
12131.9
14306.6
15422.3
14834.4
13888.3
13294
12854.2
12863.4
13203.2
14194.1
15815.3
17823.2
19796.6
22239.5
23510.3
24789.5
26454.8
27661.8
28780.8
29328.9
30158.9
30813.9
30817.5
30949
31336.2
31815.6
32033.5
32002.9
31865.5
31973.5
32246.9
32487.2
32535.5
32451.7
32371.6
32418.8
32519
32584.4
32577.4
32510.7
32487.1
32533
32592.7
32616.8
32582.8
32515.5
32444.5
32402.7
32406.2
32434.1
32436.2
32366.2
32246.5
32114
31891.2
31594.6
31172.3
30751.7
30340.6
29888.1
29342.1
28734.1
28026.3
27318.4
26553.6
25687.9
24750
23764
22778.7
21885.7
20494.8
4173.98
4174.2
4164.96
4160.52
4176.18
4242.66
4580.47
5936.36
8761.3
15123.9
17254.3
17708.4
16273.2
15084
14278.5
13451.8
13168.7
12921.6
12958
13507.2
14651.5
16540.9
19011.3
21179.5
23730.2
25504.6
26719.2
28045.1
28829.2
29785.6
30365.4
30366.6
30698.6
31409
31766.6
31900.7
31822.2
31851.7
32015.3
32206.7
32412.8
32453
32383.2
32318.6
32381.7
32488.5
32553.7
32554.5
32502.2
32495
32568.7
32631
32662
32620.5
32502.6
32396.6
32373.4
32412.6
32466
32475.5
32406.7
32248
32011.7
31693
31275
30926.5
30574.9
30232.1
29847.1
29374.2
28743.1
28047.4
27256.8
26319.5
25404.6
24534.2
23616.1
22683.8
21853.9
20529.3
4169.12
4169.78
4163.45
4153.9
4169.53
4225.86
4490.9
5527.14
8841.12
15074.8
20376.4
20893
19699.6
18099.3
16364.8
15000
14195.2
13475.8
13483.3
13554.8
13549.5
13915.8
15125.1
17655.4
21430.5
23337.7
25137.5
26951.6
28308.8
29440.4
29758
29954.4
30568.5
31336.2
31593.9
31610.7
31589.6
31784.9
32098.6
32184.3
32268.3
32239
32261.3
32290
32332.8
32396.7
32442.9
32451.4
32450.9
32486.6
32531.1
32580.9
32588.2
32526.6
32408.6
32304.9
32300.1
32357.6
32419.7
32438
32349.6
32167.5
31916.8
31557.5
31158.4
30713.5
30419.8
30138.5
29781.8
29303.8
28668.3
27851.6
27055
26196.2
25239.4
24285.2
23414.7
22588.4
21838.8
20579.6
4164.38
4162.76
4161.46
4169.08
4209.99
4379.07
4856.86
6428.9
9509.66
12427.7
16580.7
18507
20256.1
20530.5
19686.5
18448.3
17106.2
15911.4
14930
14114.5
13746.3
13834.9
13985.4
14488.7
16190.1
18818.5
22290.6
25178.4
27256.7
28520.8
28668.7
29389.8
30567.1
31250.4
31260.8
31202.1
31402.5
31801
32129.2
32167.3
32135
32101
32162.5
32321.9
32398.3
32428.7
32415.6
32433.3
32489.5
32573.6
32594
32589.6
32577.9
32485.1
32353.7
32271.6
32298.7
32368.9
32434.2
32451
32385
32146.1
31754.9
31261.4
30798.8
30511
30235.8
30013.4
29736
29316.4
28665.5
27874.5
26820.6
25759.9
24870.5
24064.2
23224.6
22443.8
21782.6
20620.8
4164.89
4165.82
4184.14
4240.94
4404.11
4870.28
6143.45
8486.2
10899.7
11401.5
13043
15608
18217.9
19056.6
19276.7
19384.1
19190.3
18616.7
17606.3
16511.2
15485
14757.4
14305.1
14342.9
14561.8
15221.4
17248
20255.1
23705.8
26469.5
27665.3
29210.1
30485.1
30658.3
30467.5
30744.1
31203.6
31860.6
32118.5
32099.3
31937
31976
32134.5
32349.2
32418.5
32416.1
32364.5
32380.3
32490.1
32624
32646.5
32615.1
32526.8
32441.7
32350.7
32299.7
32341.1
32398.1
32438.1
32421.8
32297.7
32103
31702.6
31155.2
30657.1
30284
30097.7
29872.7
29582.6
29142.5
28444.2
27575
26820.6
25749.9
24560.3
23682.9
23021.9
22364.8
21753.3
20660.5
4177.64
4205.22
4277.78
4469.36
4995.7
6402.73
8653.62
10238.8
11682.7
12177.5
12534
12910.3
13999.2
15574.4
17322
18733.9
18909.2
18856.2
18698.7
18389.1
17832.7
17011.9
16076
15374.1
14929.2
14977.3
15222.2
16002.3
18386.2
22092.7
25651.6
28866
29139.1
29472.7
29718.6
30275.4
31348.9
31836.7
31883.4
31736.4
31739.9
31888.5
32196.4
32352.8
32379.4
32309.6
32266
32330.8
32507
32619.8
32622.5
32584
32475
32313.5
32293.8
32318
32368.4
32397.4
32392
32349.8
32201.2
31806.7
31230.8
30691
30349.3
30064.6
29882.4
29754
29508.5
29078.4
28410.6
27526.8
26186.9
25113.2
24167.8
23364
22749.5
22202.7
21702.4
20702.8
4234.71
4331.95
4574.72
5332.4
6873.58
8847.81
10843.7
11952.4
12367.1
12408.1
12356.9
12410
12600.2
12979.6
13805.7
15062.2
16494.2
17525.9
18162.7
18330.5
18258.2
18092.2
17801.8
17325.8
16658.8
16012.4
15555.8
15615.8
15923.5
16989.7
19888.2
23778.5
26460.1
28313.9
29250.9
30583.3
31325.9
31423.9
31274.6
31340.8
31568.6
32025.1
32206.6
32267.2
32202.6
32146.1
32201.9
32408.6
32525
32601.7
32583.5
32481.3
32302.1
32242.5
32284.3
32375.7
32401
32386.3
32349
32202.2
31840.1
31343.5
30883.3
30488.9
30214
29982.9
29769.1
29491.4
29071.9
28477.4
27671.3
26726.8
25646.9
24839.4
24101.8
23418.6
22831.7
22140.5
21625.7
20709.1
4423.96
4844.24
5800.49
7503.23
9640.12
11487
11956
12015.5
12160.2
12409.5
12594.1
12682.2
12747.3
12811.3
12891.7
13058.7
13469.7
14236.4
15333.7
16437.8
17198.5
17668.3
17742
17693.2
17570.1
17331.1
16931.3
16480.4
16167.4
16266.3
16683.8
18093.8
21304.8
25117.9
28071.1
30334.7
30518.7
30320.9
30440.2
30878.5
31709.4
32043.9
32096.1
32015.2
31929.9
32003.7
32272.1
32507
32530.4
32534.8
32444.9
32272.2
32186
32217.9
32331.9
32429.1
32425.7
32385.5
32227.1
31878.1
31369.9
30848.1
30501.8
30225.6
29963.4
29709.1
29412.8
29049.2
28549.1
27879.6
27024.7
26084.6
25139.3
24256.9
23589.8
23004.2
22461.5
21969.6
21521
20634.2
5317.34
6682.31
8715.76
10360.7
11247.7
11758.9
12277
12524.4
12657.7
12728.4
12774.3
12787.2
12800
12811.9
12831.5
12860.8
12909.8
13002.4
13183.8
13575.9
14243.2
15126.9
16012.9
16659.3
17069.4
17205.3
17168.8
17082.5
16914.7
16687.2
16689.3
16842.7
17436
19104.6
22365.7
25671.6
27812.3
28994
29885.3
31167
31650.6
31842.8
31698.2
31551.5
31746.6
32087.1
32433.6
32518.8
32505
32388.8
32168.5
32115.4
32159.6
32307.8
32418.6
32445.2
32415
32266.1
31900.1
31350.5
30874.7
30517.4
30257.1
30043.4
29797.8
29496.8
29084.6
28537.8
27831.3
27062.9
26270.1
25479.3
24714.5
23992.3
23351.3
22791
22254.3
21980.4
21624.6
20794.9
8100.66
9667.96
10734.6
11628.1
12352.8
12660.9
12737
12730.6
12694.5
12713.2
12781.3
12848.1
12875.8
12882
12884.5
12890.7
12896.8
12900.7
12913.1
12949.8
13029.2
13188.1
13505.6
14028.9
14723.1
15457.6
16063.5
16428.7
16680.6
16675.8
16674.3
16696.1
16813.5
17145.1
17976.9
19848.7
23073.4
26829.7
29229.6
30800.2
31011.2
30928.5
30800.9
31084.5
31600.4
32274
32420.1
32455.7
32271.4
32003.9
31908.7
32000.3
32250.2
32441.8
32463.4
32439
32284.9
31898.6
31333.6
30747.4
30336.3
30121.4
29995.2
29844.2
29587.9
29171.8
28543.7
27737.8
26827.7
26001.4
25272
24684.1
24201.8
23680.2
23183
22626
22260.1
21766.1
21215.9
20256.4
10499
11817.8
12324.1
12426.8
12466
12535.4
12658.7
12802.7
12842.6
12858.7
12886.2
12913.7
12921.9
12925
12924.5
12921.6
12919.4
12915.1
12911.6
12911.8
12917.5
12932.5
12962.9
13023.4
13136.3
13352.3
13725.5
14232.5
14827.1
15384.5
15789.7
16089.1
16261.9
16431.3
16708.4
17206.7
18287.4
20475.3
23547.2
26516.2
28259.2
29331
30157.4
31374.1
32000.3
32231.1
32257.6
32001.2
31659.3
31718.9
31879.7
32189.9
32428.7
32492.8
32456.9
32260.8
31809.1
31191.2
30704.3
30406.7
30156.6
29931.4
29718.6
29456.8
29045.3
28416.3
27565
26703.7
25861.1
25169.8
24601.5
24123.9
23779
23395.6
22979.7
22490.4
21917.9
21332.9
20805.8
19898.8
11872.9
12072.8
12380.1
12671.2
12804
12823.5
12855.5
12882.6
12897.4
12912.8
12930.1
12941.1
12942
12939.6
12940.8
12945
12947.9
12947.8
12943.7
12933.9
12924.9
12921.3
12921.2
12924.3
12935.3
12957.4
12999.7
13073.6
13201.4
13424.6
13754.4
14172.5
14613.3
15021.9
15364.1
15705
16137.7
16838.3
18219.5
20537.4
23690.5
27204.7
29531.7
31037.4
31695.5
31662.4
31308.3
30882
31070.7
31466.9
32137
32434
32499.6
32437.2
32151.9
31548
30928.5
30432.8
30057.1
30001.5
29916.1
29743.4
29428.4
28919.9
28167.6
27263.2
26258.2
25402
24689.2
24147.2
23856.9
23648.5
23444
23159.5
22760.2
22247.3
21610.1
20871.7
20266.2
19389.8
12689.2
12743.1
12770.3
12801.1
12834.1
12888.1
12927.7
12943.2
12946.4
12945.7
12945.6
12949.3
12951.6
12953.5
12959
12963.4
12963
12960.8
12957.5
12952.8
12943.2
12931.4
12926.7
12927
12927.1
12927.3
12929.9
12936.8
12950.8
12976.3
13019.4
13088
13197.9
13363.4
13584.1
13840
14121.4
14441.9
14879.4
15546.8
16975.9
19336.5
22521.8
25635.6
27510.7
29147.7
29679.4
30484.5
31382.5
32047.4
32304
32449
32317.6
31855.7
31081
30529.6
30329.6
30186.8
30004.4
29802.5
29547.6
29150.6
28514.1
27671.3
26684
25863
25191
24601.5
24115.9
23663.6
23341.3
23086
22869.8
22586.8
22189.6
21685.3
21087.6
20411.9
19789.4
18933.4
12723.2
12810.3
12892
12936
12939
12938.4
12941.1
12955
12961.6
12963.2
12960.8
12956.4
12956.5
12958.7
12963.5
12968.7
12968.8
12967.2
12964.2
12958.4
12955
12953.6
12950.8
12947.2
12943.5
12939.3
12935.8
12933.9
12933.9
12936
12940.2
12948.1
12962.1
12984.8
13018.2
13066.5
13133.1
13223.8
13342.2
13508.1
13776.7
14257.8
15395
17349.9
20481.8
24152.9
27348.6
30257.4
31237.6
32027.1
31912.7
31626.7
30960.3
30203.2
29673.8
29689
29763.5
29895.8
29820.5
29552.4
28978.9
28104.2
26978.9
25922.6
24979.2
24236
23878.9
23638.5
23521.6
23314
23025.8
22635
22207.4
21772.7
21310.6
20814.1
20288.4
19761.6
19309.1
18624.9
12911.6
12916.1
12930.4
12960.4
12977.4
12977.3
12974.9
12972.9
12970
12967.9
12964.6
12960.6
12960.7
12963.2
12965.4
12965.7
12964.6
12963.3
12962.6
12963.3
12962.6
12958.3
12953.5
12948.8
12944.3
12941.4
12939.4
12937.3
12935.4
12936
12937.5
12938.2
12939.6
12943.2
12948.6
12956.3
12967.9
12984.9
13008.3
13038.6
13079.4
13144.7
13265.1
13510.5
14109.6
15420
17972.2
21372.4
24295.9
27282.7
28173.9
29101.5
29269.1
29458
29725.1
29737.5
29649
29451.6
29002.1
28138.9
26996.4
25943.6
25202.7
24642.5
24211
23768.9
23403.6
23045.3
22802.7
22520.4
22150.7
21686.2
21171.1
20725.9
20344
19978.7
19590.6
19205.4
18859
18269.9
12986.7
12977.3
12960.6
12955.7
12962.7
12974.7
12977
12975.6
12974
12973.6
12971.2
12966.5
12965.4
12965.6
12965.5
12964.7
12963.5
12962.6
12962
12961.8
12962.1
12961.8
12959.9
12956.5
12951.7
12947.8
12944.9
12941.5
12940.2
12941.9
12943.2
12942.9
12943.9
12947.1
12950.4
12951.7
12952.9
12955.7
12961.4
12966.1
12971.3
12977.5
12987.1
13003.8
13045.3
13149
13426.6
14048.8
15527.9
17894.6
21081.6
24274.6
26644.7
28571
29555.1
29423.3
28923.8
27980.1
26664.4
25290.8
24279.1
23666.4
23400.6
23347.1
23399.7
23300.8
23060.8
22659.8
22125.5
21530.4
20913.8
20327.4
19895
19533.5
19317.1
19135.5
18981.4
18788.3
18535.5
18012
12966.2
12973.3
12977.4
12980.5
12984.6
12990
12990.5
12987.4
12977.1
12965.9
12961.8
12961.5
12963.6
12967
12967.4
12965.9
12964
12962.5
12962.4
12964
12965.9
12966.1
12964.2
12960.2
12954.8
12949.3
12944.2
12941.7
12943.5
12946.4
12948
12949.3
12951.2
12954.3
12956.9
12957.4
12956.5
12957.7
12959.9
12960.9
12957.8
12949
12934.4
12917.3
12896.5
12872.5
12843.2
12808
12831.5
12963.5
13487.7
14641.3
16774.1
19340.8
21701.8
23547.3
24009.5
24231.2
24073.6
23896
23678.1
23428.4
23103.9
22729.1
22401.5
22025.9
21564.4
21060
20606.7
20156.2
19780.7
19421
19093.6
18788.3
18541.5
18347.6
18255
18135.1
17939.3
17506
13003.2
13007.4
13013
13014.4
13010.3
13000
12989.9
12983.5
12976.4
12972.2
12971.3
12971.7
12973.5
12974.7
12973.2
12969.5
12966.8
12966.4
12967.9
12970
12969.9
12967.3
12962.8
12957.7
12952.5
12949
12948
12948.1
12948.8
12949.4
12950.1
12951.4
12953.4
12956
12959.3
12962.1
12963.4
12963.6
12962
12956.2
12942.9
12921.9
12891.5
12853.8
12798.5
12722.4
12602.4
12445.6
12231.3
12000.3
11746.5
11494.4
11540.6
11909.2
12943.9
14816.2
17180.6
19644.9
21274.3
22734.1
23206.3
23075.7
22703.6
22035.9
21137.5
20198.1
19529.6
19088.5
18928.2
18795.8
18829.7
18824.1
18708.1
18475.2
18168.1
17875.2
17570.4
17309.7
17174.8
16868.9
13049.3
13045.5
13038.6
13029.8
13021
13009.8
13000.1
12994.8
12993.7
12995.2
12996.7
12996.3
12993
12988.8
12986
12983.7
12982.6
12982.8
12984
12985.4
12984
12979.4
12973
12969.3
12966.8
12964.6
12963.3
12961.7
12958.6
12956.7
12957.3
12958.8
12961.2
12965
12967.9
12969.9
12970
12967.3
12958.2
12941.3
12914
12876.5
12823.3
12751.7
12645.5
12499.3
12290.7
12030.6
11701.8
11335.3
10936.9
10540.4
10174.7
9884.15
9679.56
9783.84
10348.8
11548.4
13678.1
16050.4
18236.8
19137.6
19696.2
19649.8
19395.7
19148.2
18963.1
18746.5
18440.3
18107.2
17930.5
17763.7
17602.4
17479.3
17347
17154.4
16883.3
16537.2
16344.1
16142.4
13076.8
13073.9
13067.1
13057.6
13049.7
13043.3
13036.7
13032.2
13031.4
13031
13028
13021.8
13014
13007.6
13004.2
13005.1
13007.2
13008.1
13007.7
13006.4
13003.2
12997.4
12990.1
12985.7
12985.1
12985.1
12983.3
12979.6
12974.5
12971.8
12972.2
12974
12976
12979.5
12981
12980.7
12974.8
12962.1
12939.9
12906.8
12857.7
12788
12688.2
12549.4
12352.9
12098.3
11793.4
11404.4
11024.5
10608.1
10195.4
9787.41
9409.69
9054.9
8733.96
8484.7
8275.56
8332.1
8667.35
9558.61
11331.2
13584.5
16090.7
17696.5
18214.3
18750.5
18730.7
18576.9
18223.9
17746.6
17178.9
16703
16544.6
16450.5
16452.6
16428.4
16342
16129.7
15882.5
15641.4
13130.8
13127.5
13120.6
13110.8
13103
13092.9
13082.2
13072.3
13063.9
13056.9
13050.9
13045.7
13042.9
13043.6
13046.2
13050.7
13055.5
13057
13053.4
13042.1
13031.3
13026.4
13022.3
13017.7
13017
13017.6
13014.3
13007.2
12999.9
12996.8
12997
12999
12999.7
12999.6
12998.4
12989.8
12971.4
12941.4
12897.3
12834.8
12739.9
12607.4
12423.2
12170.1
11856.4
11510.1
11093.8
10649.4
10272.8
9842.78
9424.62
9073.92
8740.43
8407.6
8095.93
7837.45
7582.39
7408.53
7236.53
7282.05
7474.75
8277.55
9825.72
12140.3
14235.4
16319.7
16849.4
16853.2
16903
16827.7
16564.9
16205.8
15917.1
15742.7
15624.3
15657.7
15648.7
15603.7
15485.7
15250.8
13135.2
13131
13125.5
13117.4
13113.6
13113.8
13111.2
13105
13097
13091
13089.3
13090.3
13092
13093.1
13093.9
13093.5
13090.1
13085.7
13081
13076.2
13072.8
13071.2
13068.6
13062.7
13053.4
13045.1
13039.3
13034.7
13031.5
13030.4
13030.6
13030.4
13026.5
13016.6
13000.7
12975.1
12936.8
12878.6
12794.6
12673.2
12489.8
12261.3
11952
11566.3
11183.9
10760.7
10265.5
9884.27
9499.7
9049.94
8710.67
8422.95
8099.53
7793.38
7549.77
7333.52
7090.95
6894.48
6716.62
6581.4
6472.26
6525.44
6727.62
7434.17
9012.45
11350.1
13333.8
14913.6
16007.3
16313.9
16304.1
16174.1
15905.1
15594.6
15313.1
15079.9
14938
14949.1
14945.9
14856.9
13143.7
13139.9
13136.4
13133.1
13127.1
13121.6
13117.8
13113.8
13110.1
13107.8
13106.8
13106.4
13107.2
13108.5
13109.9
13113.1
13117.2
13118.4
13115.5
13108.7
13100.3
13093.4
13087.7
13083.4
13078.5
13072.6
13068.4
13068.5
13070
13069.7
13068.8
13068.1
13059.4
13039.6
13000.6
12943.1
12859.1
12738.5
12575.5
12336.7
12035.9
11696.1
11249.3
10806.5
10403.1
9907.54
9463.33
9136.25
8719.76
8331.33
8086.27
7799.89
7488.5
7267.15
7078.38
6854.5
6653.82
6498.81
6348.46
6187.37
6070.14
5974.62
5916.38
5969.06
6229.29
6879.89
8466.58
11011.9
13115.5
14123.3
15120.2
15354.4
15279.1
15120.6
15037.2
14894
14745.2
14585.9
14573.7
14552.9
13152
13149.1
13145.9
13141.4
13134.6
13129
13126.1
13124.5
13123
13120.7
13120.6
13122.4
13125
13128.1
13131.3
13133.2
13131.6
13127.5
13123.2
13119.7
13114.3
13110.2
13107.8
13105.3
13104.1
13103.7
13103.9
13104.4
13102
13100.1
13091.6
13067.8
13031.5
12983.2
12915
12808.8
12641.5
12418.9
12119.4
11733.4
11347.3
10893.3
10378.2
9980.49
9545.1
9056.71
8720
8403.2
8000.74
7724.83
7506.89
7213.05
6980.97
6819.96
6634.05
6425.19
6294.25
6157.91
6019.12
5875.69
5791.27
5673.49
5595.66
5508.97
5517.95
5586.23
5885.98
6668.11
8350.77
10795.4
13365.8
14180.6
14415.5
14575.5
14663
14630.2
14554.9
14487.5
14431.4
14357.2
13158
13152.5
13148
13143.9
13138.3
13134.3
13133.2
13133.7
13135.4
13137.5
13139
13141.3
13144.3
13146.8
13147.8
13146.6
13143.9
13139.8
13135.4
13132.2
13129.8
13128.1
13127.7
13127.2
13126.1
13126.6
13125.4
13122
13115.1
13099
13071.1
13028
12955.3
12842.3
12676.5
12445.9
12147.3
11807.1
11359.1
10902.8
10463.1
9933.83
9483.22
9125.31
8672.35
8295.39
8034.04
7709.55
7386.72
7183.89
6977.4
6713.02
6560.71
6407.36
6243.65
6087.1
5984.54
5842.68
5737.97
5633.44
5552
5444.59
5372.67
5305.11
5241.79
5204.25
5226.87
5330.86
5718.84
6746.02
8685.33
11075.2
13501
14397.6
14413.8
14268.1
14165
14125
14074.3
14054
13161.6
13155.7
13152.5
13150.7
13148.5
13145.6
13145.1
13145.9
13146.5
13146.9
13147.5
13148.8
13151.1
13154.4
13158
13159
13156.4
13153.1
13150.5
13147.7
13144.2
13141.4
13139.9
13138.9
13136
13131.1
13121.4
13104.4
13075.8
13030
12957.6
12851.7
12690
12479.5
12196.2
11822.2
11404.4
10936.3
10389.6
9936.84
9481.17
8973.31
8629.1
8286.85
7900.57
7625.05
7394.98
7091.32
6871.59
6700.87
6511.64
6308.93
6186.81
6050.56
5926.52
5803.14
5696.74
5594.7
5504.6
5420.57
5332.8
5271.28
5203.79
5148.04
5085.81
5048.11
5001.12
5002.38
5044.15
5196.64
5736.3
7149.94
9421.97
11613.3
13366.2
14263.4
14369.9
14323.5
14158.6
13955.6
13167.2
13161.7
13158.7
13157.7
13156.8
13155
13153.9
13153.7
13154
13155.2
13156.9
13159
13162.5
13167.5
13170.9
13172.9
13172
13170.3
13168.2
13165.7
13162.9
13160
13155.5
13150.9
13144.4
13131.2
13105.8
13062.5
12991
12879.4
12722.9
12504.7
12196.7
11837.8
11385.1
10858.7
10383.1
9844.53
9341.22
8950.62
8519.81
8109.68
7853.05
7540.95
7238.37
7027.39
6827.04
6584.4
6423.63
6282.64
6120.27
5972.73
5865.92
5763.1
5644.82
5548.27
5471.48
5398.64
5303.99
5236.78
5178.57
5127.11
5068.69
5021.4
4986.49
4946.74
4915.09
4886.29
4883.5
4899.85
4977.98
5212.38
5979.74
7818.45
10206.8
12085.3
13529.5
14134.5
14203.7
14155.9
13173.9
13168.5
13164.2
13163
13162.5
13162.2
13162.1
13162.4
13163.3
13165.2
13168.2
13171.6
13175.5
13179.7
13184.1
13187.1
13187.5
13186.6
13184.9
13182.5
13178.5
13173.4
13165.6
13150.9
13125.4
13081.2
13007.2
12898.5
12734.2
12503.2
12215.8
11805.4
11330.3
10851.7
10267.8
9726.46
9288.27
8775.57
8378.4
8045.45
7659.11
7379.82
7175.16
6901.46
6676.53
6523
6348.26
6160.69
6045.92
5936.45
5788.87
5681.93
5606.17
5516.7
5411.57
5348.36
5288.45
5205.19
5143.74
5104.11
5057.92
5002.97
4972.66
4944
4916.65
4886.4
4860.51
4836.63
4814.05
4810.24
4818.12
4855.4
4990.48
5346.76
6470.88
8780
11423.6
12673
13361.3
13879.7
13181.5
13176.2
13172.1
13171.2
13170.9
13170.8
13171.5
13172.1
13172.9
13174.8
13178.3
13183.1
13186.7
13190.9
13194
13196.2
13198
13197.2
13195
13191.5
13185.5
13172.3
13147.9
13104.2
13034.9
12923.5
12754
12525.3
12194.9
11787.9
11307.4
10707.8
10194.4
9645.74
9043.92
8642.36
8264.75
7825.56
7531.63
7251.91
6954.21
6778.67
6601.23
6370.59
6221.2
6107.6
5953.1
5823.01
5741.75
5635.58
5516.71
5456
5392.5
5296.02
5228.98
5189.66
5132.85
5073.81
5041.25
5002.85
4955.31
4928.34
4910.53
4888.2
4862.25
4845.57
4828.38
4811.64
4793.46
4782.1
4771.01
4772.36
4789
4848.58
5056.65
5678.63
7302.8
9992.43
12086.5
13269.8
13188.9
13184.4
13181.9
13181.4
13181.2
13181.4
13182.7
13183.1
13183.5
13184.8
13187.3
13190
13193.3
13195.4
13195.7
13196.8
13200
13199
13194.9
13185
13164.2
13125.3
13054.4
12942.6
12777.3
12512.2
12178.3
11758.8
11185.5
10622.9
10040.7
9447.85
8948.13
8390.68
7992.33
7723.93
7357.96
7017.49
6827.19
6614.86
6418.59
6288.33
6119.57
5947.1
5859.53
5769.81
5642.52
5554.87
5477.78
5372.16
5310.34
5271.58
5204.73
5128.18
5093.28
5059.43
5013.03
4984.89
4957.66
4918.59
4894.95
4882.98
4865.13
4847.83
4837.17
4829.33
4820.27
4807.38
4793.17
4775.79
4764.07
4755.7
4755.8
4762.77
4792.87
4899.14
5244.27
6276.02
8468.31
11680.8
13203.9
13204.5
13204.8
13204.8
13204.3
13203.6
13203.1
13203
13203.1
13203
13202.4
13201.1
13200.6
13200.2
13200.1
13199.5
13195.2
13186.4
13168.9
13133.3
13065.4
12949.9
12770.2
12504.3
12115.2
11648.9
11108.8
10401.6
9779.64
9292.64
8707.28
8168.8
7768.54
7429.91
7187.29
6925.12
6575.31
6405.75
6297.48
6136.89
5994.68
5883.87
5735.02
5634.56
5577.51
5494.95
5397.49
5335.82
5260.19
5189.97
5157.25
5116.81
5053.05
5017.4
4995.67
4961.66
4933.07
4918.24
4897.26
4871.5
4859.43
4847.97
4832.86
4825.06
4820.92
4814.98
4808.15
4798.94
4788.23
4773.34
4763.79
4757.32
4754.09
4751.82
4755.48
4770.52
4821.71
5012.02
5613.22
8415.06
13229.9
13232.1
13232.6
13232.3
13230.7
13226.9
13222.1
13218
13214.8
13213.6
13213.3
13213
13211.6
13209.2
13207.8
13201.1
13183.3
13145.3
13071.8
12943.3
12751.2
12458.5
12026.8
11507.6
10910.8
10231.2
9471.84
8919.29
8519.12
7976.27
7381.85
7158.76
6972.75
6730.62
6481.5
6235.7
6058.43
5986.05
5897.87
5754.98
5657.22
5567.21
5451.07
5395.05
5346.16
5265.4
5202.57
5153.41
5091.26
5058.45
5031.97
4991.02
4960.71
4947.92
4930.25
4904.3
4891.68
4882.19
4866.63
4851.3
4840.63
4827.55
4816.59
4812.08
4808.23
4803.26
4798.95
4793.89
4785.89
4775.31
4765.83
4760.19
4755.81
4751.98
4747.47
4746.81
4752.8
4780.34
4877.12
5825.44
13249.9
13251.1
13251.7
13251.3
13249.3
13245.5
13240.8
13236.2
13233.4
13233.9
13234.7
13234.9
13232.2
13224.8
13207.2
13169.6
13096.2
12964.1
12756
12442.6
11972.2
11374.5
10744.8
10034.2
9230.19
8613.71
8211.22
7806.31
7268.66
6776.64
6654.71
6579.53
6381.93
6079.09
5922.64
5832.91
5758.95
5684.66
5576.94
5466.37
5410.26
5337.8
5261.53
5221.96
5165.8
5096.79
5064.47
5028.85
4994.52
4973.53
4944.66
4915.29
4905.66
4896
4879.13
4868.4
4864.17
4857.82
4847.12
4838.38
4829.63
4817.29
4810.04
4807.43
4805.08
4802.23
4799.68
4796.38
4790.13
4781.29
4770.34
4762.98
4756.69
4752.3
4746.28
4741.5
4736.81
4739.5
4754.17
4955.73
13251.6
13252.9
13253.9
13254
13252.8
13249.8
13246.3
13243
13241.4
13243.2
13245.9
13246.3
13238.7
13215.5
13159.9
13042.5
12837.5
12512.5
12005.3
11350.9
10656.9
9902.39
9097.39
8390.21
7985.91
7630.77
7171.92
6629.5
6405.18
6351.71
6280.95
6099.71
5795.35
5648.77
5642.21
5611.77
5534.88
5432.91
5315.95
5265.08
5234.75
5178.39
5132.98
5095.82
5034.69
4998.93
4982.67
4962.6
4944.78
4924.58
4898.3
4883.36
4875.45
4865.13
4851.53
4845.72
4842.79
4837.88
4832.19
4828.24
4822.07
4813.24
4808.97
4806.93
4804.93
4802.52
4799.62
4795.61
4790.04
4781.92
4772.54
4762.44
4755.12
4747.97
4742.85
4737.45
4732.92
4728.5
4730.49
4776.1
13232.8
13234.1
13235.4
13237.4
13239.7
13240.1
13239
13240.4
13243.5
13248.5
13249.5
13238.4
13202.1
13110.2
12927
12615.5
12103.1
11403.9
10663.7
9862.34
9011.4
8267.12
7840.6
7479.37
7075.83
6560.66
6251.04
6186.1
6149.05
6055.45
5837.8
5589.84
5491.29
5489.13
5493.26
5440.73
5322.23
5203.81
5148.54
5136.98
5111.56
5061.27
5032.36
4997.19
4955.57
4945.66
4937.96
4927.73
4915.16
4895.91
4878.26
4870.5
4864.12
4855.48
4844
4835.5
4830.34
4825.17
4823.58
4823.05
4819.97
4813.42
4808.12
4804.96
4803.08
4801.09
4797.99
4793.13
4785.81
4776.98
4768.24
4760.42
4753.46
4746.77
4741.75
4737.26
4734.08
4730.08
4726.83
4736.6
13197.3
13199.3
13202.6
13206.7
13209.7
13211.6
13214.4
13220
13229.2
13231.7
13215.2
13156.3
13012.6
12740.6
12257.3
11551.4
10768.4
9910.84
9018.32
8226.13
7760.47
7371.17
6984.03
6510.18
6176.66
6059.66
6025.6
5979.87
5849.03
5622.91
5442.15
5394.21
5395.04
5386.5
5344.9
5241.46
5128.19
5081.26
5066.42
5050.48
5016.71
4984.91
4966.99
4936.76
4918.4
4917.22
4913.93
4906.43
4894.83
4879.19
4867.72
4860.95
4854.57
4847.18
4839.01
4831.55
4824.61
4818.98
4817.83
4817.64
4815.93
4811.93
4806.44
4800.1
4795.02
4792.72
4792.27
4789.88
4784.15
4774.56
4764.99
4758.36
4754.04
4750.2
4745.56
4741.49
4737.72
4733.85
4729.76
4725.55
13169.4
13175
13182.1
13186.9
13187.1
13185.3
13188.2
13195.2
13198.7
13170.8
13079.2
12875.6
12470.4
11813.4
11017.5
10099.7
9131.15
8286.36
7767.21
7338.18
6923.15
6463.31
6178.13
5999.57
5918.19
5887.69
5822.42
5679.2
5484.93
5367.02
5342.2
5329.88
5303.16
5248.88
5159.75
5068.66
5040.77
5033.44
5022.13
5000.91
4970.93
4952.07
4936.63
4914.95
4906.16
4902.41
4895.15
4882.96
4870.48
4861.06
4856.05
4851.51
4845.31
4840.24
4837.8
4835.47
4830.68
4824.26
4817.41
4812.3
4809.99
4808.49
4805.81
4800.03
4791.4
4784.23
4781.84
4782.5
4781.06
4775.56
4765.75
4756.56
4750.94
4748.88
4746.91
4744.68
4741.53
4738.88
4734.49
4725.7
13135.5
13138
13141.9
13143.8
13142.9
13148
13159.3
13168.3
13129.9
13010.3
12724
12175.3
11410.4
10461.5
9396.17
8472.33
7863.78
7342.02
6899.12
6476.28
6172.51
5986.54
5889.33
5810.36
5745.13
5664.62
5545.62
5391.26
5304.5
5293.65
5284.63
5251.54
5190.01
5108.19
5026.58
5004.61
5007.67
5006.72
4996.57
4977.51
4950.02
4931.6
4917.47
4902.25
4893.97
4885.02
4869.74
4856.24
4852.29
4853.93
4857.41
4855.07
4845.39
4834.32
4830.71
4832.56
4833.98
4831.37
4823.47
4811.17
4801.4
4798.02
4798.5
4798.74
4793.75
4783.77
4774.08
4770.39
4770.89
4771.41
4768.93
4762.63
4755.22
4750.53
4748.53
4747.35
4745.08
4741.57
4736.73
4726.91
13076.9
13079
13084.2
13091.9
13107.8
13132.6
13153.3
13115.2
12963.9
12581.1
11928
10990.5
9854.75
8836.81
8077.03
7452.08
6935.02
6500.06
6205.42
5988.03
5867.3
5803.78
5731.1
5645.98
5569.8
5479.02
5359.76
5258.13
5225.82
5218.36
5200.4
5156.93
5085.77
5011.95
4986.29
4985.77
4992.77
4990.42
4975.5
4948.39
4918.19
4906.48
4897.91
4891.12
4888.06
4879.51
4859.5
4843.93
4842.05
4848.38
4857.71
4859.67
4850.87
4834.72
4821.31
4816.05
4818.51
4823.36
4825.52
4821.03
4809.39
4795.83
4787.64
4786.17
4787.17
4785.35
4777.91
4769.22
4764.01
4763.94
4765.13
4765.57
4762.6
4757.29
4751.91
4748.15
4744.58
4740.26
4735.32
4725.97
13034.5
13040.2
13045
13056.9
13084.7
13112.8
13090.9
12901.5
12445.4
11656.9
10543.8
9367.53
8454.87
7696.82
7060.2
6593.75
6260.12
6026.8
5874.04
5759.73
5688.47
5647.52
5610.46
5541.61
5439.6
5337.17
5237.89
5175.64
5162.64
5154.75
5129.38
5076.49
5005.65
4972
4970.43
4979.42
4986.02
4976.18
4953.17
4918.58
4896.29
4890.84
4888.39
4891.37
4894.55
4888.26
4867.75
4844.85
4832.31
4830.44
4837.79
4846.14
4849.71
4845.63
4834.98
4822.65
4815.05
4814.85
4818.08
4819.59
4815.62
4804.62
4790.04
4779.15
4775.2
4775.36
4775.02
4771.93
4767.32
4764.42
4763.78
4763.88
4762.71
4759.34
4754.44
4749.77
4745.91
4742.14
4737.75
4728.77
12990.5
12993.2
12992.6
13027.1
13068.6
13071.7
12864.5
12357.4
11413
10208.2
9081.64
8084.84
7344.21
6797.17
6384.69
6114.97
5949.86
5826.04
5695.37
5619.26
5601.98
5567
5490.11
5381.27
5294.05
5226.01
5157
5125.82
5118.97
5109.78
5080.78
5027.54
4968.65
4947.91
4949.15
4962.41
4967.26
4958.3
4935.72
4906
4891.71
4884.75
4880.07
4880.56
4882.43
4879.03
4868.44
4856.1
4844.13
4832.51
4826.1
4829.32
4837.34
4843.57
4843.96
4836.16
4822.38
4811.25
4807.39
4807.42
4807.31
4804.06
4795.71
4785.09
4777.04
4772.99
4770.57
4768.62
4766.99
4767
4767.15
4766.67
4764.65
4761.23
4756.4
4751.12
4745.78
4740.83
4736.63
4728.84
12934.6
12925.1
12949.8
13015.7
13067.7
12875.4
12306.6
11287.5
9979.75
8788.37
7806.94
7059.49
6577.32
6239.89
6026.48
5890.99
5762.11
5690.72
5643.72
5566.88
5485.4
5418.23
5346.24
5261.19
5201.24
5157.48
5124.1
5115.76
5110.16
5087.29
5038.13
4975.25
4941.1
4935.54
4944.74
4956.51
4958.2
4946.33
4922.12
4902.91
4894.1
4887.25
4879.44
4873.08
4869.26
4866.81
4866.9
4868.89
4866.81
4854.44
4833.9
4820.22
4821.03
4828.35
4834.52
4835.47
4828.5
4817.37
4810.2
4807.47
4805.62
4801.58
4794.26
4785.41
4779.04
4775.84
4773.42
4770.07
4767.22
4766.71
4767.78
4768.36
4766.58
4762.18
4756.26
4750.77
4746.4
4742.47
4738.57
4731.22
12885.2
12873.5
12942.4
13019.1
12924.7
12299.1
11239.4
9878.31
8557.88
7660.81
6921.31
6435.57
6215.43
5999.49
5814.38
5747.35
5720.52
5643.07
5527.71
5422.8
5373.06
5328.36
5253.03
5183.75
5160.46
5138.97
5111.9
5091.82
5073.8
5041.38
4989.21
4944.99
4931.75
4937.17
4948.63
4954.7
4948.64
4927.09
4903.53
4895.07
4894.49
4894.17
4888.11
4875.55
4860.75
4853.47
4857.06
4864.95
4869.19
4862.36
4841.17
4820.3
4816.74
4823.52
4830.65
4832.9
4827.81
4816.98
4808.29
4805.31
4804.6
4801.86
4794.76
4785.07
4777.96
4775.39
4774.52
4772.69
4770.24
4768.75
4768.2
4767.74
4766.06
4762.41
4756.75
4750.79
4745.68
4741.98
4739.09
4732.57
12829.3
12875.6
12968.4
13001.6
12455.6
11305
9953.9
8578.42
7521.3
6884.27
6426.53
6154.9
5963.58
5828.2
5769.37
5698.3
5610.85
5524.52
5442.08
5358.63
5298.52
5253.14
5200.47
5165.15
5141.87
5113.99
5088.06
5070.01
5046.92
5005.37
4957.98
4938.16
4940.58
4950.24
4955.63
4951.56
4932.67
4902.83
4888.9
4890.79
4898.89
4904.3
4900.44
4883.84
4858.2
4844.7
4850.52
4863.28
4872.25
4869.87
4849.93
4823.57
4813.83
4818.68
4826.48
4829.86
4826.48
4817.04
4807.62
4803.14
4802.16
4800.71
4795.91
4788
4781.07
4777.39
4775.61
4773.53
4771.47
4770.11
4769.34
4768.24
4765.65
4761.17
4755.37
4749.8
4745.36
4742.13
4739.39
4733.44
12789.2
12890.2
12954.2
12689.5
11551.5
10070.5
8761.51
7571.79
6868.97
6444.96
6087.11
5942.14
5858.52
5746.99
5652.65
5596.72
5552.94
5469.53
5358.3
5279.09
5248
5215.97
5161.76
5134.12
5121.91
5101.05
5072.63
5046.2
5017.05
4975.53
4943.17
4938.08
4947.15
4956.69
4958.29
4947.21
4917.37
4883.66
4875.14
4882.93
4896.69
4906.11
4905.77
4889.82
4860.14
4841.04
4844.61
4858.35
4869.15
4869.18
4852.64
4827.02
4813.31
4814.8
4821.69
4825.49
4823.43
4816.02
4807.56
4802.51
4800.71
4798.87
4794.21
4787.23
4781.51
4778.54
4776.9
4774.74
4772.37
4770.45
4768.97
4767.28
4764.46
4759.91
4754.07
4748.51
4744.21
4741.56
4739.59
4734.19
12800.9
12931.8
12851.4
12050.6
10478
8971.16
7831.82
6935.85
6480.99
6175.33
5959.83
5857.25
5759.71
5667.9
5611.34
5553.79
5487.37
5401.33
5309.3
5248.88
5213.01
5175.85
5138.6
5125.52
5111.2
5084.51
5054.12
5025.97
4992.16
4953.58
4937.81
4943.96
4956.83
4965.29
4961.85
4941.75
4905.15
4874.01
4867.16
4877.47
4893.84
4905.36
4907.31
4893.35
4865.24
4843.55
4842.78
4854.85
4865.88
4866.89
4853.2
4830.98
4816.11
4814.03
4818.61
4821.84
4820.17
4813.94
4806.44
4801.39
4799.33
4797.71
4793.88
4787.95
4782.75
4779.59
4777.74
4775.66
4773.36
4771.15
4769.09
4766.68
4763.23
4758.31
4752.6
4747.35
4743.51
4741.26
4739.54
4734.56
12838.4
12922.7
12500.7
11145.1
9381.84
8084.07
7156.8
6541.71
6281.42
6048.87
5872.57
5793.16
5718.64
5622.83
5547.43
5489.36
5437.95
5361.74
5269.11
5217.56
5190.19
5155.42
5121.82
5110.2
5097.13
5070.11
5037.13
5006.24
4972.87
4944.66
4939.88
4948.69
4960.21
4966.44
4959.17
4933.99
4897.04
4871.43
4863.66
4872.74
4889.18
4901.67
4904.12
4891.71
4868.61
4849.14
4844.14
4852.06
4861.6
4862.55
4850.8
4832.28
4818.19
4813.61
4815.7
4818.09
4816.91
4812
4805.66
4800.73
4798.17
4796.24
4792.77
4787.91
4783.6
4780.58
4778.44
4776.16
4773.78
4771.38
4768.9
4765.92
4762.03
4756.84
4751.13
4746.05
4742.52
4740.68
4739.37
4734.7
12886.3
12813.3
11889.4
10212.9
8455.31
7439.7
6720.8
6346.34
6170.18
5977.04
5838.24
5761.75
5676.73
5577.62
5507.91
5450.26
5393.92
5324.78
5247.91
5204.89
5173.45
5135.78
5109.61
5101.02
5085.87
5056.28
5023.46
4993.36
4962.04
4942.11
4942.85
4951.7
4961.16
4964.67
4954.01
4926.65
4894.55
4874.23
4866.21
4871.39
4884.78
4896.46
4898.63
4887.94
4870.82
4856.22
4848.85
4851.44
4857.86
4858.05
4848.1
4833.22
4820.72
4814.45
4814.03
4815.15
4814.08
4810.2
4804.98
4800.34
4797.48
4795.33
4792.27
4788.25
4784.48
4781.44
4779.09
4776.69
4774.24
4771.58
4768.68
4765.15
4760.81
4755.36
4749.7
4744.81
4741.61
4740.03
4738.96
4734.52
12930.9
12560.2
11129.3
9289.41
7739.44
7004.74
6460.04
6237.13
6103.64
5937
5810.72
5736.23
5650.73
5543.7
5468.61
5413.04
5361.48
5299.57
5230.44
5192.31
5161.78
5124.73
5100.95
5091.45
5075.25
5045.03
5012.4
4983.53
4956.91
4944.17
4946.42
4953.05
4959.1
4958.95
4945.78
4919.69
4894.99
4879.53
4871.97
4872.65
4881
4889.99
4891.04
4882.48
4871.56
4862.35
4854.65
4852.21
4854.53
4853.31
4844.89
4833.36
4822.68
4815.41
4812.89
4812.68
4811.63
4808.73
4804.55
4800.22
4796.96
4794.46
4791.68
4788.39
4785.08
4781.95
4779.3
4776.72
4774.25
4771.48
4768.28
4764.3
4759.57
4753.9
4748.25
4743.5
4740.54
4739.19
4738.37
4734.11
12931.4
12115.2
10360.1
8464.23
7251.82
6727.24
6317.49
6176.2
6061.41
5908.54
5793.51
5718.03
5626.04
5514.6
5441.2
5388.07
5336.66
5278.38
5220.29
5185.61
5153.37
5116.18
5095.16
5084.75
5066.45
5035.58
5004.6
4978.39
4956.6
4947.89
4949.38
4953.29
4955.74
4951.48
4936.01
4914.12
4897.51
4886.93
4879.58
4875.78
4878.17
4883.23
4882.75
4876.85
4871.97
4867.73
4860.65
4854.17
4852.14
4849.1
4842.06
4833.52
4824.6
4816.7
4812.29
4810.71
4809.57
4807.49
4804.2
4800.12
4796.47
4793.62
4791.07
4788.37
4785.42
4782.21
4779.3
4776.55
4774.05
4771.17
4767.73
4763.38
4758.32
4752.46
4746.83
4742.2
4739.46
4738.28
4737.65
4733.54
12879.8
11535.9
9612.93
7809.48
6942.1
6550.62
6238.69
6141.99
6037.22
5890.62
5777.81
5698.23
5604.39
5492.52
5419.86
5368.43
5318.39
5262.66
5211.88
5179.45
5147.1
5111
5091.06
5078.96
5059.06
5028.36
4998.99
4975.53
4958.46
4952.21
4952.1
4952.91
4951.48
4943.02
4925.98
4909.62
4900.62
4894.7
4887.52
4879.73
4875.95
4876.46
4874.53
4871.64
4872.16
4872.24
4866.19
4856.56
4850.25
4845.15
4839.32
4833.35
4826.08
4817.8
4811.74
4808.91
4807.64
4806.26
4803.78
4799.93
4795.9
4792.71
4790.35
4788.13
4785.45
4782.13
4778.96
4776.07
4773.58
4770.66
4767.06
4762.42
4757.1
4751.1
4745.48
4740.95
4738.39
4737.36
4736.91
4732.94
12729.1
10905.9
8915.23
7352.52
6762.41
6443.48
6192.43
6119.65
6022.85
5880.87
5767.34
5680.31
5582.61
5474.1
5405.26
5355.09
5304.62
5250.21
5205.94
5175.23
5142.32
5107.32
5088.46
5074.79
5053.12
5022.76
4995.32
4974.75
4961.42
4956.42
4954.65
4952.37
4946.84
4934.22
4916.83
4906.15
4903.86
4902.33
4895.32
4884.06
4874.45
4869.8
4866.98
4867.34
4872.43
4876.06
4871.17
4858.99
4848.6
4841.58
4836.8
4832.98
4827.19
4818.68
4811.19
4807.26
4805.87
4805.08
4803.27
4799.62
4795.23
4791.73
4789.52
4787.71
4785.27
4781.85
4778.46
4775.44
4772.98
4770.06
4766.35
4761.49
4755.98
4749.87
4744.27
4739.84
4737.42
4736.52
4736.23
4732.36
12457.4
10280.4
8310.89
7056.86
6664.99
6386.53
6163.54
6100.36
6010.71
5875.36
5760.78
5667.21
5564.57
5459.45
5394.23
5345.3
5294.76
5241.38
5201.15
5171.57
5138.58
5104.97
5086.66
5071.52
5048.39
5018.62
4992.92
4974.84
4964.38
4960.19
4957.05
4951.79
4942.2
4925.79
4909.17
4903.63
4906.77
4909.26
4902.63
4888.12
4873.28
4863.2
4860.18
4863.78
4872.42
4878.98
4875.27
4861.15
4846.95
4838.31
4834.44
4832.39
4827.89
4819.27
4810.52
4805.65
4804.19
4803.9
4802.68
4799.21
4794.52
4790.75
4788.68
4787.2
4784.97
4781.45
4777.86
4774.76
4772.34
4769.46
4765.68
4760.67
4755
4748.82
4743.24
4738.89
4736.58
4735.79
4735.62
4731.86
12083.6
9665.7
7838.45
6882.11
6612.36
6359.84
6147.45
6086
5999.94
5870.82
5756.25
5658.57
5551.12
5448.6
5386.36
5338.19
5287.36
5235.01
5197.78
5168.89
5135.62
5103.33
5085.54
5069.14
5044.66
5015.52
4991.43
4975.39
4966.95
4963.41
4959.35
4951.39
4937.91
4918.1
4902.82
4901.78
4909.22
4915.22
4909.42
4891.64
4871.87
4857.18
4854.16
4860.94
4872.2
4881.13
4878.55
4862.93
4845.29
4835.35
4832.27
4831.66
4828.29
4819.63
4809.8
4804.17
4802.68
4802.81
4802.1
4798.79
4793.82
4789.84
4787.88
4786.68
4784.62
4781.03
4777.27
4774.1
4771.74
4768.9
4765.09
4759.97
4754.18
4747.94
4742.39
4738.1
4735.89
4735.2
4735.13
4731.44
11624
9104.24
7499.24
6783.99
6580.94
6346.85
6139.56
6077.41
5992.41
5867.17
5751.76
5651.53
5541.35
5440.95
5380.58
5332.94
5281.94
5230.58
5195.27
5166.78
5133.2
5102.24
5084.71
5067.27
5041.77
5013.2
4990.54
4976.04
4969.03
4966.11
4961.52
4951.18
4933.9
4911.31
4897.55
4900.28
4910.98
4919.82
4915.43
4894.69
4869.87
4852
4848.84
4858.64
4871.84
4882.58
4881.14
4864.27
4843.71
4832.71
4830.34
4830.88
4828.49
4819.83
4809.1
4802.84
4801.35
4801.86
4801.57
4798.4
4793.2
4789.03
4787.16
4786.2
4784.29
4780.63
4776.73
4773.52
4771.22
4768.43
4764.6
4759.4
4753.52
4747.24
4741.71
4737.46
4735.31
4734.71
4734.71
4731.08
11112.2
8620.8
7277.78
6731.73
6560.87
6337.81
6136.24
6073
5988.26
5864.21
5747.32
5645.15
5533.75
5435.6
5376.55
5329.24
5277.97
5227.55
5193.52
5165.2
5131.2
5101.44
5084.08
5065.84
5039.55
5011.46
4990.05
4976.71
4970.66
4968.26
4963.41
4951.03
4930.13
4905.58
4893.18
4899.02
4912.2
4923.21
4920.61
4897.29
4867.59
4847.49
4844.54
4856.69
4871.51
4883.47
4883.16
4865.22
4842.35
4830.38
4828.7
4830.17
4828.59
4819.95
4808.48
4801.68
4800.25
4801.06
4801.12
4798.06
4792.67
4788.34
4786.55
4785.78
4783.99
4780.28
4776.25
4773
4770.76
4768.02
4764.2
4758.94
4753
4746.69
4741.17
4736.96
4734.87
4734.34
4734.4
4730.83
10583.4
8227.98
7141.74
6706.64
6547.56
6328.49
6134.9
6071.39
5986.83
5861.59
5742.94
5639.7
5527.98
5431.91
5373.78
5326.57
5275.1
5225.5
5192.25
5163.91
5129.54
5100.75
5083.52
5064.67
5037.82
5010.12
4989.64
4977.12
4971.69
4969.8
4964.89
4950.94
4926.7
4900.74
4889.67
4897.81
4912.96
4925.64
4924.71
4899.58
4865.33
4843.46
4841.34
4854.83
4871.33
4883.96
4884.62
4865.92
4841.1
4828.35
4827.33
4829.54
4828.59
4820.03
4807.91
4800.7
4799.35
4800.41
4800.75
4797.79
4792.24
4787.77
4786.05
4785.43
4783.75
4780
4775.87
4772.6
4770.42
4767.73
4763.93
4758.63
4752.64
4746.31
4740.8
4736.61
4734.56
4734.09
4734.2
4730.67
10053.2
7941.75
7062.56
6698.61
6538.97
6318.18
6133.64
6071.7
5986.78
5858.75
5738.59
5635.3
5523.63
5429.33
5371.91
5324.64
5273.01
5224.05
5191.35
5162.81
5128.15
5100.1
5083.03
5063.71
5036.44
5008.96
4989.19
4977.26
4972.29
4970.84
4966
4950.88
4923.77
4896.64
4887.08
4896.49
4913.48
4927.43
4927.75
4901.92
4862.95
4840.04
4838.82
4853.31
4871.38
4884.27
4885.66
4866.54
4839.98
4826.76
4826.28
4829.06
4828.6
4820.17
4807.49
4799.95
4798.69
4799.96
4800.53
4797.64
4791.95
4787.38
4785.71
4785.22
4783.62
4779.84
4775.62
4772.34
4770.21
4767.57
4763.78
4758.45
4752.42
4746.06
4740.56
4736.38
4734.35
4733.93
4734.08
4730.58
9534.12
7742.89
7016.33
6699.76
6533.99
6307.56
6131.25
6072.32
5987.8
5857.2
5735.28
5631.92
5520.19
5427.36
5370.52
5323.08
5271.41
5222.9
5190.6
5161.77
5126.91
5099.38
5082.51
5062.76
5035.28
5007.9
4988.64
4977.15
4972.49
4971.41
4966.78
4950.81
4921.25
4893.14
4885.09
4895.1
4913.85
4928.67
4930.01
4904.14
4860.5
4837.24
4836.81
4852.06
4871.49
4884.46
4886.4
4867.05
4838.97
4825.55
4825.38
4828.64
4828.58
4820.27
4807.13
4799.33
4798.14
4799.58
4800.32
4797.49
4791.69
4787.02
4785.39
4784.98
4783.46
4779.64
4775.36
4772.06
4769.98
4767.38
4763.6
4758.25
4752.19
4745.81
4740.31
4736.14
4734.13
4733.75
4733.92
4730.44
9065.17
7613.1
6991.13
6703.9
6532.12
6298.76
6128.77
6072.17
5987.85
5854.98
5731.9
5628.93
5517.27
5425.71
5369.35
5321.72
5270.09
5221.83
5189.86
5160.72
5125.77
5098.59
5081.91
5061.81
5034.3
5006.92
4988.04
4976.89
4972.43
4971.68
4967.32
4950.76
4919.27
4890.36
4883.44
4894.14
4914.04
4929.32
4931.58
4905.75
4858.68
4835.11
4835.36
4851.11
4871.34
4884.55
4886.82
4867.38
4838.11
4824.59
4824.57
4828.26
4828.5
4820.26
4806.8
4798.8
4797.65
4799.23
4800.09
4797.32
4791.43
4786.69
4785.07
4784.74
4783.27
4779.44
4775.1
4771.8
4769.76
4767.19
4763.42
4758.05
4751.97
4745.58
4740.07
4735.91
4733.91
4733.56
4733.75
4730.29
8631.1
7524.23
6976.12
6707.82
6531.19
6291.51
6126.55
6072.58
5989.43
5854.98
5729.76
5626.26
5514.31
5423.73
5367.88
5320.1
5268.56
5220.4
5188.72
5159.27
5124.27
5097.3
5080.84
5060.47
5033
5005.54
4986.94
4976.03
4971.72
4971.27
4967.15
4950.13
4917.28
4887.68
4881.48
4893.1
4913.38
4929.45
4932.07
4906.08
4857.13
4832.82
4833.92
4849.81
4870.4
4884.47
4886.56
4867.09
4836.89
4823.29
4823.49
4827.55
4827.99
4819.76
4806.05
4797.92
4796.82
4798.5
4799.45
4796.72
4790.76
4785.96
4784.36
4784.09
4782.67
4778.83
4774.44
4771.14
4769.14
4766.59
4762.83
4757.46
4751.35
4744.96
4739.44
4735.29
4733.3
4732.97
4733.17
4729.74
8298.98
7478.27
6971.67
6711.94
6531.26
6285.58
6123.08
6069.19
5984.16
5849.3
5725.29
5622.86
5511.12
5421.39
5365.96
5318.1
5266.69
5218.56
5187.14
5157.48
5122.48
5095.58
5079.36
5058.84
5031.52
5003.92
4985.56
4974.83
4970.62
4970.46
4966.57
4949.34
4915.55
4885.37
4879.67
4892.06
4912.22
4929.67
4932.19
4906.12
4855.99
4830.31
4833
4848.7
4869.36
4884.39
4886.3
4866.73
4835.93
4822.17
4822.65
4826.93
4827.52
4819.37
4805.44
4797.21
4796.16
4797.93
4798.95
4796.27
4790.25
4785.4
4783.82
4783.61
4782.22
4778.38
4773.97
4770.68
4768.71
4766.19
4762.44
4757.06
4750.95
4744.55
4739.03
4734.88
4732.9
4732.6
4732.81
4729.4
7994.9
7444.11
6967.04
6707.8
6525.26
6276.87
6115.93
6068.28
5986.72
5850.93
5723.24
5619.59
5507.38
5418.09
5363.03
5315.11
5263.81
5215.7
5184.5
5154.71
5119.75
5092.97
5076.99
5056.41
5029.21
5001.48
4983.32
4972.73
4968.64
4968.74
4965.03
4947.71
4913.12
4882.47
4877.27
4890.23
4910.31
4928.65
4931.47
4905.24
4854.06
4826.96
4831.45
4846.84
4867.64
4883.19
4885.23
4865.45
4834.2
4820.33
4821.03
4825.47
4826.17
4818.09
4804.02
4795.68
4794.7
4796.54
4797.61
4794.96
4788.9
4784.02
4782.46
4782.3
4780.95
4777.11
4772.68
4769.4
4767.45
4764.95
4761.21
4755.84
4749.72
4743.32
4737.81
4733.66
4731.69
4731.41
4731.64
4728.26
7857.17
7437.47
6964.45
6702.91
6519.81
6270.75
6110.42
6061.68
5978.06
5844.53
5719.48
5616.77
5504.83
5415.97
5361.22
5313.41
5262.31
5214.29
5183.3
5153.53
5118.67
5091.94
5076.14
5055.59
5028.51
5000.68
4982.65
4972.16
4968.15
4968.42
4964.86
4947.58
4912.56
4881.56
4876.57
4889.99
4909.96
4928.68
4931.83
4905.61
4853.89
4825.89
4831.41
4846.48
4867.51
4883.26
4885.47
4865.6
4834.02
4820.15
4820.94
4825.45
4826.25
4818.18
4804.09
4795.64
4794.69
4796.59
4797.68
4795.06
4788.98
4784.08
4782.54
4782.41
4781.08
4777.24
4772.8
4769.52
4767.59
4765.1
4761.37
4755.99
4749.87
4743.47
4737.96
4733.82
4731.86
4731.59
4731.83
4728.46
7688.04
7420.99
6956.07
6698.48
6516.79
6265.28
6107.54
6066.64
5987.31
5850.37
5720.09
5616.33
5504.14
5415.35
5360.83
5313.07
5262.01
5213.96
5183.06
5153.27
5118.37
5091.65
5075.94
5055.39
5028.31
5000.38
4982.39
4971.94
4967.96
4968.34
4964.85
4947.57
4912.21
4880.94
4876.11
4889.71
4909.64
4928.67
4932.02
4905.8
4853.51
4825.2
4831.08
4846.06
4867.25
4883.13
4885.45
4865.5
4833.63
4819.78
4820.65
4825.17
4826.02
4817.97
4803.83
4795.33
4794.39
4796.31
4797.42
4794.81
4788.71
4783.79
4782.25
4782.13
4780.81
4776.97
4772.52
4769.23
4767.31
4764.82
4761.09
4755.71
4749.59
4743.18
4737.67
4733.53
4731.56
4731.3
4731.54
4728.17
)
;

boundaryField
{
    inlet
    {
        type            fixedValue;
        value           uniform 4010;
    }
    outlet
    {
        type            zeroGradient;
    }
    bottom
    {
        type            zeroGradient;
    }
    top
    {
        type            zeroGradient;
    }
    upstream
    {
        type            symmetryPlane;
    }
    defaultFaces
    {
        type            empty;
    }
}


// ************************************************************************* //
