/*--------------------------------*- C++ -*----------------------------------*\
  =========                 |
  \\      /  F ield         | OpenFOAM: The Open Source CFD Toolbox
   \\    /   O peration     | Website:  https://openfoam.org
    \\  /    A nd           | Version:  13
     \\/     M anipulation  |
\*---------------------------------------------------------------------------*/
FoamFile
{
    format      ascii;
    class       volScalarField;
    location    "0.0016";
    object      Ma;
}
// * * * * * * * * * * * * * * * * * * * * * * * * * * * * * * * * * * * * * //

dimensions      [];

internalField   nonuniform List<scalar> 
16072
(
4.30667
3.48623
2.89095
2.31942
1.80068
1.48235
4.72817
4.19005
3.73265
3.37045
3.04257
2.76241
4.88771
4.61263
4.31507
4.04722
3.80315
3.57878
4.94837
4.79697
4.64095
4.48024
4.31324
4.15298
4.9721
4.87527
4.79191
4.71168
4.62044
4.52377
4.98189
4.90641
4.85318
4.81306
4.7762
4.73161
4.98936
4.93148
4.88416
4.8533
4.84213
4.83023
4.99392
4.94934
4.89632
4.86971
4.86591
4.86934
4.99634
4.96735
4.91135
4.87965
4.87545
4.88079
4.99749
4.98016
4.93077
4.8878
4.88129
4.88331
4.99799
4.98886
4.95287
4.90089
4.88582
4.88391
4.99826
4.99374
4.97145
4.92147
4.89259
4.88509
4.9984
4.99625
4.98426
4.94904
4.90426
4.88621
4.99847
4.99744
4.99164
4.97068
4.92643
4.89064
4.9985
4.99802
4.99541
4.98483
4.95329
4.90693
4.99851
4.99831
4.99712
4.99233
4.97516
4.93542
4.99851
4.99844
4.99791
4.99585
4.98782
4.96693
4.99852
4.99849
4.99828
4.99739
4.9941
4.985
4.99852
4.99851
4.99843
4.99808
4.99677
4.99296
4.99852
4.99851
4.99849
4.99836
4.99785
4.99634
4.99852
4.99852
4.99851
4.99847
4.99829
4.99771
4.99852
4.99852
4.99851
4.9985
4.99845
4.99825
4.99852
4.99852
4.99852
4.99851
4.9985
4.99844
4.99852
4.99852
4.99852
4.99852
4.99851
4.9985
4.99852
4.99852
4.99852
4.99852
4.99852
4.99851
4.99852
4.99852
4.99852
4.99852
4.99852
4.99852
4.99852
4.99852
4.99852
4.99852
4.99852
4.99852
4.99852
4.99852
4.99852
4.99852
4.99852
4.99852
4.99852
4.99852
4.99852
4.99852
4.99852
4.99852
4.99852
4.99852
4.99852
4.99852
4.99852
4.99852
4.99852
4.99852
4.99852
4.99852
4.99852
4.99852
4.99852
4.99852
4.99852
4.99852
4.99852
4.99852
4.99852
4.99852
4.99852
4.99852
4.99852
4.99852
4.99852
4.99852
4.99852
4.99852
4.99852
4.99852
4.99852
4.99852
4.99852
4.99852
4.99852
4.99852
4.99852
4.99852
4.99852
4.99852
4.99852
4.99852
4.99852
4.99852
4.99852
4.99852
4.99852
4.99852
4.99852
4.99852
4.99852
4.99852
4.99852
4.99852
4.99852
4.99852
4.99852
4.99852
4.99852
4.99852
4.99852
4.99852
4.99852
4.99852
4.99852
4.99852
4.99852
4.99852
4.99852
4.99852
4.99852
4.99852
4.99852
4.99852
4.99852
4.99852
4.99852
4.99852
4.99852
4.99852
4.99852
4.99852
4.99852
4.99852
4.99852
4.99852
4.99852
4.99852
4.99852
4.99852
4.99852
4.99852
4.99852
4.99852
4.99852
4.99852
4.99852
4.99852
4.99852
4.99852
4.99852
4.99852
4.99852
4.99852
4.99852
4.99852
4.99852
4.99852
4.99852
4.99852
4.99852
4.99852
4.99852
4.99852
4.99852
4.99852
4.99852
4.99852
4.99852
4.99852
4.99852
4.99852
4.99852
4.99852
4.99852
4.99852
4.99852
4.99852
4.99852
4.99852
4.99852
4.99852
4.99852
4.99852
4.99852
4.99852
4.99852
4.99852
4.99852
4.99852
4.99852
4.99852
4.99852
4.99852
4.99852
4.99852
4.99852
4.99852
4.99852
4.99852
4.99852
4.99852
4.99852
4.99852
4.99852
4.99852
4.99852
4.99852
4.99852
4.99852
4.99852
4.99852
4.99852
4.99852
4.99852
4.99852
4.99852
4.99852
4.99852
4.99852
4.99852
4.99852
4.99852
4.99852
4.99852
4.99852
4.99852
4.99852
4.99852
4.99852
4.99852
4.99852
4.99852
4.99852
4.99852
4.99852
4.99852
4.99852
4.99852
4.99852
4.99852
4.99852
4.99852
4.99852
4.99852
4.99852
4.99852
4.99852
4.99852
4.99852
4.99852
4.99852
4.99852
4.99852
4.99852
4.99852
4.99852
4.99852
4.99852
4.99852
4.99852
4.99852
4.99852
4.99852
4.99852
4.99852
4.99852
4.99852
4.99852
4.99852
4.99852
4.99852
4.99852
4.99852
4.99852
4.99852
4.99852
4.99852
4.99852
4.99852
4.99852
4.99852
4.99852
4.99851
4.99852
4.99852
4.99852
4.99852
4.99852
4.99851
4.99852
4.99852
4.99852
4.99852
4.99852
4.9985
4.99852
4.99852
4.99852
4.99852
4.99852
4.99849
4.99852
4.99852
4.99852
4.99852
4.99852
4.99847
4.99852
4.99852
4.99852
4.99852
4.99852
4.99843
4.99852
4.99852
4.99852
4.99852
4.99851
4.99839
4.99852
4.99852
4.99852
4.99852
4.99851
4.99841
4.99852
4.99852
4.99852
4.99852
4.99851
4.99863
4.99852
4.99852
4.99852
4.99852
4.9985
4.99867
4.99852
4.99852
4.99852
4.99852
4.99848
4.99859
4.99852
4.99852
4.99852
4.99852
4.99847
4.99839
4.99852
4.99852
4.99852
4.99852
4.99846
4.99822
4.99852
4.99852
4.99852
4.99852
4.99844
4.99788
4.99852
4.99852
4.99852
4.99852
4.99844
4.99812
1.30427
1.19325
1.12687
1.08222
1.05891
1.0536
1.05923
1.06484
1.06561
1.06252
1.05818
1.05345
1.04869
1.04309
1.03692
1.0305
1.02111
1.01043
1.00034
0.990347
0.980676
0.971487
0.962441
0.953961
0.945677
0.937933
0.930069
0.922584
0.915427
0.908205
0.901654
0.895955
0.890448
0.885034
0.879722
0.874591
0.868987
0.864221
0.859115
0.854362
0.849583
0.845666
0.842217
0.837434
0.827996
0.810596
0.77439
0.718933
0.672244
0.643613
0.625248
0.613287
0.604664
0.597806
0.591892
0.586588
0.581635
0.57701
0.572597
0.568418
0.564384
0.560556
0.55685
0.553283
0.549795
0.546437
0.543149
0.539933
0.536732
0.533389
0.529925
0.526543
0.523181
0.519941
0.516702
0.513552
0.51038
0.507294
0.504202
0.501209
0.498228
0.49536
0.492515
0.48977
0.487025
0.484341
0.481638
0.478996
0.47635
0.473762
0.471193
0.468686
0.466215
0.463797
0.461406
0.459037
0.456685
0.454348
0.452062
0.449794
0.4476
0.445406
0.4433
0.441169
0.439148
0.437052
0.43509
0.432973
0.431005
0.428036
2.52256
2.33642
2.19653
2.08851
2.00757
1.94837
1.90149
1.86055
1.8222
1.78437
1.74904
1.71674
1.68714
1.65855
1.63122
1.60519
1.58002
1.55623
1.53307
1.51119
1.49028
1.47048
1.45144
1.43353
1.41638
1.3997
1.38376
1.36855
1.35385
1.33956
1.32589
1.31332
1.30167
1.29052
1.27956
1.26874
1.25889
1.24887
1.23944
1.23
1.22091
1.21231
1.2034
1.19556
1.18603
1.17474
1.15961
1.14
1.12186
1.10784
1.09757
1.08995
1.08379
1.07836
1.07326
1.06832
1.06345
1.05865
1.0539
1.04923
1.04459
1.04006
1.03559
1.0312
1.02685
1.02258
1.01836
1.01418
1.00995
1.0057
1.00144
0.997268
0.993147
0.98913
0.985144
0.981226
0.977318
0.973476
0.969662
0.965929
0.962236
0.958634
0.955085
0.951615
0.948177
0.944786
0.941409
0.938071
0.934754
0.931471
0.928226
0.925022
0.921873
0.918762
0.915698
0.91265
0.909637
0.906633
0.903691
0.900763
0.897909
0.895058
0.892284
0.889502
0.886814
0.884089
0.881467
0.87874
0.876126
0.872316
3.34703
3.13677
2.95932
2.81041
2.6881
2.58598
2.49736
2.42044
2.35279
2.29075
2.23421
2.18358
2.13761
2.09479
2.05434
2.01659
1.98183
1.94976
1.91936
1.89063
1.86331
1.83755
1.81322
1.79008
1.76797
1.74676
1.72658
1.70716
1.68844
1.67045
1.65308
1.63648
1.62083
1.60588
1.59155
1.57769
1.56446
1.55148
1.53894
1.52682
1.51514
1.50332
1.49235
1.48209
1.47129
1.46142
1.45262
1.4456
1.44017
1.4346
1.42971
1.42528
1.42107
1.41686
1.41252
1.40805
1.40344
1.39874
1.39396
1.38914
1.38429
1.37945
1.37463
1.36984
1.36507
1.36034
1.35564
1.35093
1.34617
1.34143
1.33675
1.33217
1.32766
1.32325
1.31888
1.31457
1.31029
1.30606
1.30189
1.29778
1.29373
1.28976
1.28586
1.28203
1.27825
1.27451
1.27081
1.26713
1.2635
1.25988
1.25631
1.25278
1.24931
1.24586
1.24248
1.2391
1.23578
1.23246
1.22921
1.22598
1.22282
1.21966
1.21657
1.21349
1.21048
1.20747
1.20453
1.20154
1.19864
1.19453
3.96917
3.78109
3.60356
3.43939
3.29387
3.16197
3.03999
2.93063
2.83382
2.74643
2.66762
2.59755
2.53452
2.47679
2.42322
2.37374
2.32862
2.28753
2.2493
2.21344
2.17965
2.14793
2.11816
2.09001
2.06333
2.03789
2.0137
1.99059
1.96839
1.94715
1.92672
1.90696
1.8881
1.87011
1.85285
1.83643
1.82052
1.80517
1.79034
1.77613
1.76216
1.74832
1.73572
1.72316
1.71049
1.69947
1.6904
1.68535
1.68393
1.68282
1.68121
1.67896
1.67617
1.67288
1.66916
1.66509
1.66073
1.65617
1.65144
1.64659
1.64164
1.63665
1.63164
1.62661
1.62157
1.61655
1.61155
1.60651
1.60142
1.59635
1.59137
1.58648
1.58169
1.57698
1.57234
1.56773
1.56317
1.55865
1.55419
1.5498
1.54548
1.54124
1.53708
1.53298
1.52894
1.52494
1.52099
1.51706
1.51318
1.50933
1.50552
1.50175
1.49804
1.49436
1.49073
1.48713
1.48357
1.48002
1.47655
1.47311
1.46973
1.46637
1.46306
1.45977
1.45654
1.45333
1.45018
1.44699
1.44393
1.43967
4.40378
4.26791
4.12776
3.98542
3.84769
3.71311
3.57949
3.45082
3.33045
3.21884
3.11639
3.024
2.94034
2.86391
2.79366
2.72927
2.67073
2.61774
2.56909
2.52394
2.48183
2.44252
2.40586
2.37148
2.33914
2.3085
2.27951
2.25197
2.22564
2.20058
2.17657
2.15349
2.13135
2.11017
2.08993
2.07066
2.05211
2.03431
2.01717
2.00066
1.98451
1.96886
1.95423
1.93945
1.92478
1.91172
1.90029
1.89259
1.88981
1.88903
1.8881
1.88643
1.88405
1.881
1.8774
1.87336
1.86898
1.86432
1.85946
1.85443
1.84927
1.84403
1.83874
1.83342
1.82807
1.82272
1.81737
1.812
1.8066
1.80121
1.7959
1.7907
1.7856
1.78059
1.77564
1.77072
1.76584
1.76101
1.75625
1.75156
1.74695
1.74242
1.73798
1.7336
1.72928
1.725
1.72077
1.71658
1.71245
1.70834
1.70429
1.70026
1.69631
1.69239
1.68852
1.68467
1.68087
1.67709
1.67339
1.66973
1.66615
1.66257
1.65906
1.65555
1.65212
1.64869
1.64534
1.64195
1.63872
1.63435
4.66526
4.58481
4.49415
4.39443
4.29092
4.1834
4.0688
3.94962
3.8291
3.70996
3.59457
3.48549
3.38326
3.28764
3.1985
3.11614
3.0406
2.97193
2.90915
2.85134
2.79784
2.7482
2.70218
2.65937
2.61941
2.58185
2.54652
2.51317
2.48149
2.45147
2.42287
2.39559
2.36948
2.34452
2.32071
2.29803
2.27635
2.25563
2.23572
2.21652
2.19788
2.17998
2.16295
2.14586
2.12901
2.11356
2.09928
2.08762
2.08127
2.0781
2.07571
2.07309
2.07001
2.06638
2.06227
2.05776
2.05292
2.04782
2.04251
2.03704
2.03143
2.02574
2.01999
2.01421
2.0084
2.00258
1.99675
1.99092
1.98507
1.97924
1.97348
1.96784
1.96231
1.95686
1.95148
1.94613
1.94082
1.93555
1.93037
1.92527
1.92027
1.91535
1.91052
1.90576
1.90107
1.89641
1.89181
1.88726
1.88277
1.87832
1.87393
1.86958
1.86531
1.86106
1.85687
1.85269
1.84858
1.84448
1.84049
1.83654
1.83267
1.82883
1.82504
1.82126
1.81756
1.81386
1.81024
1.80658
1.80312
1.79857
4.80346
4.76336
4.71426
4.65592
4.59049
4.52004
4.44116
4.35389
4.25966
4.1597
4.05594
3.95085
3.84607
3.74269
3.64196
3.5455
3.45434
3.36938
3.29049
3.21727
3.14925
3.08604
3.02752
2.97327
2.92291
2.87589
2.83192
2.79065
2.75173
2.71504
2.6803
2.64739
2.61606
2.58622
2.55781
2.53082
2.50512
2.48066
2.45725
2.43473
2.41297
2.39211
2.37222
2.35241
2.33302
2.31486
2.29753
2.28184
2.27106
2.26423
2.25905
2.25432
2.24956
2.24455
2.23925
2.2337
2.22792
2.22195
2.21582
2.20957
2.20323
2.19683
2.19039
2.18393
2.17746
2.171
2.16454
2.15808
2.1516
2.14515
2.13877
2.13253
2.1264
2.12038
2.11442
2.10849
2.1026
2.09677
2.09102
2.08538
2.07986
2.07442
2.0691
2.06384
2.05866
2.05351
2.04844
2.04341
2.03847
2.03357
2.02875
2.02398
2.01928
2.01462
2.01002
2.00543
2.0009
1.99641
1.99203
1.9877
1.98348
1.97929
1.97516
1.97103
1.96698
1.96294
1.95897
1.95499
1.95121
1.94638
4.86488
4.85237
4.83019
4.80079
4.76516
4.72561
4.67864
4.62433
4.56381
4.4966
4.42277
4.34329
4.25895
4.17026
4.07826
3.98473
3.89143
3.80001
3.71147
3.62644
3.54537
3.46854
3.39632
3.32872
3.26558
3.20654
3.1513
3.09954
3.05091
3.00525
2.96222
2.92164
2.88324
2.84683
2.8123
2.7796
2.7486
2.7192
2.69117
2.66432
2.63851
2.61379
2.59024
2.56704
2.54444
2.52307
2.50232
2.48267
2.46721
2.45598
2.4471
2.43929
2.43192
2.42467
2.41744
2.41018
2.40287
2.39549
2.38808
2.38063
2.37317
2.3657
2.35825
2.35084
2.34345
2.33609
2.32877
2.32147
2.31417
2.3069
2.29973
2.29271
2.28584
2.27908
2.2724
2.26575
2.25914
2.2526
2.24617
2.23986
2.23368
2.22763
2.22169
2.21583
2.21005
2.20432
2.19865
2.19305
2.18755
2.18211
2.17677
2.17149
2.1663
2.16114
2.15605
2.15097
2.14595
2.14098
2.13613
2.13136
2.12671
2.1221
2.11756
2.11303
2.10857
2.10413
2.09974
2.09537
2.09121
2.086
4.88799
4.88966
4.88396
4.87272
4.85589
4.83699
4.81243
4.78183
4.74734
4.70817
4.66356
4.61362
4.55846
4.49776
4.43156
4.36033
4.28494
4.20645
4.12589
4.04411
3.96217
3.88101
3.80166
3.72492
3.65132
3.5811
3.51439
3.45117
3.39133
3.33484
3.28143
3.23102
3.18338
3.13832
3.0957
3.05543
3.01738
2.98139
2.9472
2.9146
2.88336
2.85355
2.82519
2.79755
2.77076
2.74536
2.72053
2.69656
2.6762
2.6601
2.64681
2.63503
2.62414
2.61378
2.60377
2.59403
2.58447
2.57504
2.56574
2.55654
2.54745
2.53845
2.52957
2.5208
2.51212
2.50354
2.49504
2.48661
2.4782
2.46986
2.46166
2.45364
2.44581
2.43812
2.43053
2.42298
2.41548
2.40806
2.40077
2.39363
2.38666
2.37983
2.37314
2.36656
2.36005
2.3536
2.34723
2.34094
2.33477
2.32868
2.32271
2.31682
2.31103
2.30529
2.29962
2.29396
2.28836
2.28281
2.2774
2.2721
2.26693
2.26184
2.25681
2.25182
2.24688
2.24197
2.2371
2.23226
2.22766
2.22196
4.89256
4.90511
4.90559
4.90497
4.899
4.89174
4.88044
4.86476
4.84685
4.82589
4.80127
4.77308
4.74133
4.70557
4.66543
4.62078
4.57164
4.51811
4.46035
4.39859
4.33323
4.2649
4.19439
4.12261
4.0504
3.97852
3.90764
3.83829
3.77085
3.70568
3.64291
3.58275
3.52529
3.47055
3.4185
3.36913
3.32236
3.27806
3.23597
3.19587
3.15753
3.12104
3.08639
3.05293
3.02064
2.99
2.96013
2.93091
2.90505
2.88349
2.86502
2.84838
2.83301
2.81856
2.80485
2.79173
2.77907
2.76679
2.75485
2.7432
2.73183
2.7207
2.70982
2.69916
2.6887
2.67843
2.66833
2.65835
2.64847
2.6387
2.62913
2.6198
2.61071
2.60182
2.59306
2.58436
2.57573
2.5672
2.55883
2.55064
2.54266
2.53487
2.52725
2.51976
2.51237
2.50504
2.49781
2.49067
2.48367
2.47679
2.47005
2.46342
2.45691
2.45048
2.4441
2.43775
2.43145
2.42522
2.41914
2.4132
2.40742
2.40174
2.39615
2.39061
2.3851
2.37964
2.37421
2.36881
2.36368
2.35735
4.89111
4.90654
4.91368
4.91904
4.91741
4.91657
4.91277
4.90525
4.89695
4.88644
4.87347
4.8584
4.84132
4.822
4.79997
4.775
4.74687
4.71542
4.68056
4.64214
4.60006
4.55431
4.50494
4.45216
4.39627
4.33777
4.27722
4.21517
4.15208
4.08847
4.02479
3.9616
3.8994
3.83863
3.77964
3.72269
3.66794
3.61541
3.56501
3.51662
3.47012
3.42571
3.38339
3.34267
3.30359
3.26645
3.23044
3.1949
3.1624
3.13422
3.10945
3.0869
3.06599
3.04638
3.02789
3.01033
2.99357
2.97746
2.96196
2.94699
2.93251
2.91847
2.90485
2.89161
2.87872
2.86615
2.85387
2.84181
2.82993
2.81825
2.80684
2.79576
2.78501
2.77454
2.76425
2.75406
2.74397
2.73401
2.72425
2.71472
2.70545
2.69643
2.68763
2.67899
2.67049
2.66208
2.65377
2.64558
2.63755
2.62968
2.62199
2.61445
2.60705
2.59976
2.59253
2.58534
2.5782
2.57114
2.56424
2.55752
2.55099
2.54461
2.53833
2.53212
2.52595
2.51982
2.51374
2.50766
2.5019
2.4947
4.88908
4.90283
4.91478
4.92449
4.92478
4.92773
4.92726
4.92434
4.92089
4.91577
4.90912
4.9013
4.8925
4.88251
4.87097
4.85782
4.84282
4.82578
4.80661
4.78519
4.76138
4.73498
4.70581
4.67367
4.63845
4.60018
4.55904
4.51517
4.46864
4.41956
4.3681
4.31462
4.25963
4.20366
4.14725
4.09088
4.03491
3.97962
3.92514
3.87163
3.81923
3.76834
3.71912
3.67137
3.62538
3.58128
3.53852
3.49614
3.45618
3.4204
3.38831
3.35882
3.33127
3.30535
3.2809
3.25774
3.2357
3.21464
3.19449
3.17515
3.15655
3.13864
3.12137
3.10468
3.08852
3.07286
3.05763
3.04277
3.02822
3.01399
3.00014
2.98672
2.97376
2.96118
2.94887
2.93674
2.92475
2.91293
2.90135
2.89008
2.87914
2.86852
2.85819
2.8481
2.83818
2.82838
2.81871
2.8092
2.79987
2.79076
2.78186
2.77317
2.76466
2.7563
2.74802
2.73979
2.73161
2.72353
2.71562
2.70795
2.70048
2.69323
2.68611
2.67908
2.67211
2.66518
2.65829
2.6514
2.64488
2.63645
4.88821
4.89645
4.91084
4.92332
4.92708
4.93302
4.93348
4.93318
4.93253
4.92993
4.92627
4.92212
4.91779
4.91281
4.90687
4.90001
4.8922
4.88329
4.87322
4.86193
4.84933
4.83522
4.81949
4.8019
4.78226
4.76045
4.7365
4.71035
4.68191
4.65104
4.61759
4.58154
4.54303
4.50226
4.45952
4.41503
4.36904
4.32174
4.2733
4.22394
4.17391
4.12376
4.0738
4.02413
3.97512
3.92704
3.87977
3.83241
3.78648
3.744
3.70509
3.66882
3.63447
3.60183
3.57078
3.5412
3.51294
3.48591
3.46006
3.43531
3.41156
3.38873
3.36676
3.34562
3.32523
3.30555
3.28649
3.26796
3.24989
3.2323
3.21523
3.19875
3.18288
3.16753
3.15256
3.13787
3.12339
3.10914
3.09521
3.08167
3.06855
3.05587
3.04357
3.03159
3.01984
3.00827
2.99686
2.98565
2.97466
2.96395
2.95351
2.94335
2.93343
2.9237
2.91409
2.90457
2.89509
2.88574
2.87657
2.86769
2.85906
2.8507
2.84252
2.83448
2.82651
2.81859
2.81072
2.80284
2.79539
2.78545
4.89052
4.89362
4.90306
4.91691
4.9268
4.93446
4.93575
4.9373
4.93811
4.93681
4.93477
4.93248
4.93043
4.928
4.92494
4.92131
4.91716
4.91245
4.90718
4.90133
4.89487
4.8876
4.87944
4.87028
4.86001
4.84845
4.83561
4.82142
4.80581
4.78858
4.76957
4.74865
4.72585
4.70115
4.67459
4.64614
4.61582
4.58357
4.54937
4.51323
4.47524
4.4357
4.39486
4.3528
4.30987
4.26618
4.22196
4.17653
4.13077
4.08671
4.04515
4.00564
3.96749
3.93045
3.8945
3.85966
3.82596
3.79339
3.76195
3.73161
3.70233
3.67412
3.64691
3.62065
3.59528
3.57077
3.54705
3.52404
3.50166
3.47992
3.45885
3.43854
3.41898
3.40011
3.38176
3.3638
3.34613
3.32879
3.31185
3.29543
3.27953
3.2642
3.24936
3.23495
3.22085
3.207
3.19335
3.17996
3.16685
3.15409
3.14167
3.12962
3.11787
3.10641
3.09509
3.08391
3.07278
3.06183
3.05106
3.04064
3.03053
3.02076
3.01123
3.0019
2.99267
2.98353
2.97443
2.96532
2.95671
2.94511
4.89567
4.8916
4.89631
4.90816
4.92384
4.93245
4.93568
4.93864
4.94077
4.94017
4.93904
4.93802
4.9372
4.93593
4.93427
4.93227
4.92996
4.92735
4.92451
4.92145
4.9181
4.91437
4.91017
4.90547
4.90022
4.89431
4.88766
4.88027
4.87209
4.86304
4.853
4.84183
4.8295
4.816
4.80127
4.78525
4.76788
4.74908
4.72874
4.70677
4.68312
4.65784
4.63098
4.60253
4.57254
4.54097
4.50796
4.47304
4.43633
4.39932
4.36322
4.3281
4.2933
4.25849
4.22367
4.18888
4.15423
4.11997
4.08628
4.05324
4.02074
3.98884
3.95765
3.92728
3.89772
3.86895
3.84089
3.81348
3.78667
3.76056
3.73521
3.71075
3.68712
3.66426
3.64198
3.62018
3.59874
3.57775
3.55726
3.53741
3.51821
3.49969
3.48176
3.46437
3.44733
3.43063
3.41417
3.39807
3.3823
3.36698
3.35209
3.33767
3.32363
3.30996
3.29648
3.28319
3.26998
3.25698
3.24421
3.23183
3.21984
3.20827
3.19701
3.18603
3.17519
3.16448
3.15384
3.14317
3.13312
3.11969
4.90584
4.89264
4.89435
4.90173
4.91716
4.92648
4.93402
4.93793
4.94171
4.94141
4.94091
4.94119
4.94089
4.94004
4.93905
4.93789
4.93661
4.93515
4.93356
4.9319
4.9301
4.92817
4.92602
4.92365
4.92096
4.91794
4.91453
4.91072
4.90648
4.90179
4.89659
4.89081
4.8844
4.87737
4.86966
4.86126
4.85205
4.842
4.83098
4.81894
4.80579
4.79158
4.77621
4.75972
4.74208
4.723
4.70266
4.68073
4.65685
4.63172
4.60648
4.58174
4.55697
4.53138
4.50476
4.47729
4.44907
4.42016
4.39067
4.36089
4.33102
4.3011
4.27108
4.24101
4.211
4.18126
4.15186
4.12282
4.09403
4.06559
4.03755
4.01013
3.98336
3.9573
3.93175
3.90663
3.88181
3.85741
3.83346
3.81015
3.78749
3.76559
3.74431
3.72365
3.7034
3.68356
3.66401
3.64487
3.62611
3.60787
3.59012
3.57294
3.55619
3.53989
3.52383
3.50799
3.49227
3.47679
3.46159
3.44684
3.43256
3.41878
3.40539
3.39234
3.3795
3.36681
3.35427
3.34164
3.32982
3.31418
4.92596
4.89438
4.8959
4.89878
4.90779
4.91817
4.92955
4.93541
4.94129
4.94127
4.94152
4.94305
4.94269
4.94215
4.9414
4.94067
4.93994
4.9392
4.9384
4.93749
4.93647
4.93542
4.93433
4.93316
4.93185
4.93032
4.92856
4.92661
4.92444
4.92202
4.91932
4.91632
4.913
4.90935
4.90537
4.90103
4.89627
4.89106
4.88533
4.87907
4.8722
4.86476
4.85662
4.84781
4.83834
4.828
4.81665
4.80452
4.79099
4.77616
4.76077
4.74578
4.73128
4.71654
4.70058
4.68317
4.66467
4.6454
4.62526
4.60416
4.58211
4.55934
4.53614
4.51258
4.48843
4.4637
4.43843
4.4128
4.38689
4.36092
4.33493
4.30902
4.28311
4.25729
4.23146
4.20569
4.17992
4.15432
4.12893
4.10397
4.07941
4.05541
4.03184
4.00874
3.98595
3.96353
3.94135
3.91956
3.8981
3.87716
3.85669
3.83679
3.81733
3.79832
3.77957
3.76108
3.74271
3.72461
3.70682
3.68951
3.67273
3.65651
3.64074
3.62535
3.61022
3.59526
3.58049
3.56557
3.55167
3.53345
4.95215
4.90584
4.9036
4.8993
4.90136
4.90887
4.92114
4.93031
4.93829
4.93948
4.94121
4.94348
4.94326
4.94287
4.94241
4.94197
4.9415
4.94113
4.94081
4.94038
4.93981
4.93921
4.93861
4.93803
4.93746
4.93678
4.93594
4.93497
4.9339
4.93271
4.93135
4.92983
4.92813
4.92622
4.92413
4.92186
4.9194
4.91668
4.91372
4.91046
4.90693
4.90311
4.89894
4.89438
4.88948
4.88418
4.87825
4.87181
4.86485
4.85685
4.84808
4.83933
4.83118
4.82378
4.81622
4.80763
4.79754
4.78638
4.77452
4.76226
4.74929
4.73535
4.72041
4.70482
4.68871
4.67225
4.65521
4.63749
4.6189
4.59966
4.57988
4.55985
4.53953
4.51901
4.49803
4.47661
4.45463
4.43226
4.40956
4.38681
4.36405
4.3415
4.31903
4.2967
4.27431
4.25196
4.22951
4.20718
4.18491
4.16295
4.14125
4.11998
4.09899
4.07835
4.05785
4.03755
4.01728
3.9972
3.97735
3.95794
3.93901
3.92061
3.90266
3.88506
3.86774
3.85055
3.8336
3.81643
3.80045
3.77957
4.9757
4.9408
4.91365
4.89811
4.89942
4.90239
4.91038
4.92262
4.93179
4.93616
4.93971
4.94298
4.94276
4.94268
4.9427
4.94252
4.94217
4.942
4.94193
4.94173
4.9414
4.94104
4.94068
4.94032
4.94008
4.93988
4.93961
4.93925
4.9388
4.93828
4.93767
4.93697
4.93617
4.93524
4.93419
4.933
4.93171
4.9303
4.92876
4.92705
4.92522
4.92325
4.92112
4.91878
4.91626
4.91354
4.91052
4.90718
4.90357
4.89963
4.89486
4.88977
4.8849
4.88088
4.87763
4.8746
4.87075
4.86571
4.85948
4.85264
4.8455
4.83812
4.83023
4.82164
4.81222
4.80222
4.7919
4.78133
4.77038
4.75893
4.74683
4.73409
4.72074
4.70692
4.69269
4.67811
4.66307
4.64755
4.63144
4.61486
4.59783
4.58051
4.56289
4.54505
4.52691
4.50853
4.48982
4.47088
4.45167
4.43233
4.41291
4.39351
4.37409
4.35468
4.33517
4.31556
4.29579
4.27597
4.25616
4.23654
4.2172
4.1982
4.17948
4.16099
4.14263
4.12432
4.10613
4.0877
4.07032
4.04774
4.98953
4.97035
4.93571
4.9024
4.90186
4.90183
4.90521
4.91322
4.92247
4.93123
4.93665
4.94138
4.94137
4.94222
4.94274
4.94259
4.94241
4.94243
4.94243
4.94228
4.94204
4.94178
4.94158
4.94132
4.94119
4.94121
4.94127
4.94129
4.94123
4.94109
4.94087
4.94059
4.94027
4.93991
4.93947
4.93895
4.93834
4.93763
4.93682
4.93592
4.93497
4.93398
4.93292
4.93176
4.93049
4.9291
4.92756
4.92584
4.92396
4.92195
4.91965
4.91676
4.91374
4.9111
4.90916
4.9083
4.90773
4.90676
4.90488
4.90188
4.89817
4.89394
4.8897
4.8855
4.88094
4.87581
4.8702
4.86416
4.85784
4.85132
4.84465
4.83772
4.83039
4.82255
4.81422
4.80542
4.79627
4.78676
4.77691
4.7667
4.75615
4.74528
4.73404
4.72238
4.71032
4.69784
4.685
4.67179
4.65821
4.64429
4.63009
4.61567
4.60104
4.58615
4.57097
4.55546
4.53959
4.5234
4.50696
4.49036
4.47373
4.45711
4.44052
4.4239
4.40725
4.39044
4.37355
4.35623
4.33973
4.31798
4.99519
4.98676
4.9637
4.93107
4.91331
4.90323
4.90317
4.90629
4.91331
4.92377
4.93123
4.9379
4.93926
4.94135
4.94226
4.94226
4.94234
4.94262
4.9426
4.94242
4.94223
4.94213
4.94205
4.94193
4.94179
4.94182
4.94194
4.94212
4.94227
4.94234
4.94234
4.9423
4.94223
4.94214
4.94204
4.94191
4.94172
4.94143
4.94105
4.9406
4.94013
4.93967
4.9392
4.93868
4.9381
4.93743
4.93669
4.93585
4.93492
4.9339
4.93277
4.93142
4.92963
4.92781
4.92634
4.92548
4.92576
4.92642
4.9272
4.92704
4.92616
4.92427
4.92197
4.91947
4.91693
4.91453
4.91202
4.90922
4.906
4.90245
4.89866
4.89466
4.89056
4.8864
4.88207
4.8775
4.87264
4.86746
4.86194
4.85607
4.84993
4.84359
4.83707
4.83034
4.82337
4.81614
4.80863
4.80081
4.79265
4.78412
4.77527
4.76614
4.75677
4.74713
4.73725
4.72704
4.71654
4.70568
4.69453
4.68305
4.67137
4.65945
4.6474
4.6351
4.62266
4.60993
4.59704
4.58367
4.5708
4.55354
4.99733
4.99414
4.98449
4.96322
4.93381
4.90985
4.90532
4.90682
4.9091
4.91456
4.92263
4.93114
4.9362
4.93992
4.94126
4.94157
4.94237
4.94269
4.94262
4.9424
4.94234
4.94238
4.9424
4.94234
4.94223
4.94221
4.94226
4.94238
4.94254
4.94272
4.94287
4.94298
4.94308
4.94315
4.94322
4.94328
4.9433
4.94324
4.9431
4.9429
4.94271
4.94256
4.94242
4.94226
4.94207
4.94182
4.94154
4.9412
4.9408
4.94034
4.9398
4.93921
4.93839
4.93731
4.93624
4.93521
4.93518
4.93571
4.93689
4.93834
4.93959
4.93983
4.93931
4.9383
4.93673
4.93514
4.93372
4.93242
4.93106
4.92962
4.92785
4.92576
4.92344
4.92102
4.91852
4.91601
4.91347
4.91093
4.90817
4.90517
4.90186
4.89839
4.89474
4.89098
4.88705
4.88305
4.87893
4.8747
4.87023
4.86553
4.86054
4.85539
4.85001
4.84447
4.8387
4.83277
4.82661
4.82027
4.81363
4.80679
4.79961
4.79231
4.78474
4.77708
4.76918
4.76122
4.75294
4.74455
4.73613
4.7251
4.99813
4.99698
4.9935
4.98413
4.96374
4.93435
4.91508
4.91277
4.90872
4.90924
4.91299
4.92077
4.9304
4.93679
4.93958
4.941
4.94257
4.94282
4.94264
4.94248
4.94258
4.9428
4.94279
4.94273
4.94261
4.94255
4.94251
4.94253
4.94261
4.94277
4.94297
4.94319
4.94339
4.94357
4.94373
4.94389
4.94402
4.94405
4.94402
4.94397
4.94394
4.94394
4.94397
4.94398
4.94397
4.94395
4.94392
4.94389
4.9438
4.94366
4.94345
4.94321
4.94292
4.94247
4.94185
4.9412
4.94066
4.94077
4.94137
4.94259
4.94421
4.9461
4.94731
4.94782
4.94753
4.94696
4.94612
4.94513
4.94423
4.94356
4.9428
4.94195
4.94093
4.93984
4.93853
4.93709
4.93564
4.93425
4.93279
4.93122
4.92944
4.92762
4.92569
4.92373
4.92163
4.91951
4.91733
4.91514
4.91277
4.91027
4.90751
4.90469
4.90169
4.89866
4.89548
4.89228
4.88895
4.88559
4.88199
4.87827
4.87422
4.87011
4.86573
4.86132
4.8568
4.85227
4.84759
4.84284
4.83771
4.8307
4.9984
4.99802
4.99679
4.9935
4.98492
4.96668
4.93944
4.92321
4.91117
4.91017
4.91146
4.91407
4.92078
4.92857
4.9348
4.93882
4.94201
4.94266
4.94247
4.9426
4.94296
4.94307
4.94303
4.94298
4.94293
4.94285
4.94277
4.94272
4.94275
4.94286
4.94302
4.94323
4.94346
4.9437
4.94393
4.94416
4.94435
4.94443
4.94444
4.94446
4.9445
4.94458
4.94468
4.94476
4.94482
4.94489
4.94498
4.94511
4.94521
4.94525
4.94523
4.94519
4.94514
4.94503
4.94482
4.94451
4.94417
4.94392
4.94405
4.94456
4.94556
4.94714
4.94907
4.95077
4.95204
4.9528
4.95277
4.9524
4.95199
4.95162
4.95108
4.95051
4.94997
4.94954
4.94904
4.94846
4.94779
4.94716
4.94646
4.94561
4.94455
4.94346
4.94233
4.94124
4.9401
4.93901
4.93791
4.9369
4.93573
4.93447
4.93297
4.93144
4.92976
4.92808
4.9263
4.92459
4.92283
4.92114
4.91927
4.91742
4.91519
4.91306
4.91053
4.90826
4.9056
4.90305
4.90011
4.89659
4.89212
4.88482
4.99849
4.99837
4.99797
4.99685
4.99387
4.98677
4.97158
4.94811
4.92658
4.91454
4.91522
4.91447
4.91423
4.91715
4.92391
4.93204
4.93773
4.94097
4.94152
4.94283
4.94331
4.94316
4.94295
4.94309
4.94318
4.94316
4.94311
4.94303
4.94303
4.94309
4.94316
4.94329
4.94347
4.94368
4.94393
4.9442
4.94445
4.9446
4.94468
4.94474
4.94481
4.94491
4.94502
4.94512
4.9452
4.9453
4.94544
4.94562
4.94581
4.94594
4.94603
4.9461
4.94618
4.94625
4.94626
4.94619
4.94609
4.94596
4.94587
4.94598
4.94633
4.94708
4.9484
4.9501
4.95207
4.9539
4.95509
4.95572
4.95596
4.95604
4.95588
4.9556
4.95526
4.95497
4.95467
4.95439
4.9541
4.95393
4.95377
4.95353
4.95299
4.95236
4.95169
4.95106
4.95038
4.94974
4.94915
4.94868
4.94814
4.94753
4.94673
4.94592
4.945
4.9441
4.94313
4.94222
4.94133
4.94051
4.93959
4.93863
4.93746
4.93618
4.93464
4.93337
4.93113
4.92887
4.92564
4.92058
4.91243
4.89864
4.99851
4.99848
4.99837
4.998
4.99705
4.9946
4.98924
4.97721
4.95651
4.93446
4.92372
4.9157
4.91413
4.91486
4.91714
4.9221
4.92885
4.93475
4.93859
4.94162
4.94242
4.94228
4.94249
4.94327
4.94353
4.94348
4.94341
4.94341
4.94342
4.94339
4.94337
4.94337
4.94341
4.94352
4.94372
4.944
4.94431
4.94457
4.94473
4.94485
4.94496
4.94508
4.94521
4.94532
4.94541
4.94549
4.94563
4.94582
4.94602
4.94618
4.94631
4.94643
4.94658
4.94674
4.94687
4.94695
4.947
4.94699
4.94698
4.947
4.94708
4.94732
4.94786
4.94881
4.95031
4.95223
4.95405
4.95577
4.95692
4.95758
4.95807
4.9583
4.95819
4.95808
4.958
4.95786
4.95768
4.95756
4.95759
4.95766
4.95745
4.95711
4.95676
4.95649
4.95618
4.95585
4.95554
4.95535
4.95513
4.95482
4.95437
4.95391
4.95339
4.95291
4.95239
4.95195
4.95152
4.9512
4.95071
4.95012
4.9494
4.94812
4.9468
4.94499
4.94233
4.93843
4.93162
4.91981
4.89426
4.84264
4.99852
4.99851
4.99848
4.99838
4.99809
4.99733
4.99552
4.99159
4.98267
4.9676
4.94755
4.93051
4.91816
4.91803
4.91861
4.91875
4.91979
4.92339
4.92964
4.93524
4.93916
4.94084
4.94202
4.943
4.94327
4.94333
4.94341
4.94353
4.94358
4.94354
4.94344
4.94334
4.94334
4.94338
4.94347
4.94365
4.94392
4.94424
4.94453
4.94475
4.94493
4.94507
4.94522
4.94539
4.9455
4.94558
4.9457
4.94586
4.94604
4.9462
4.94634
4.94649
4.94666
4.94687
4.94708
4.94723
4.94734
4.94742
4.94748
4.94753
4.94758
4.94766
4.94785
4.94823
4.9489
4.94994
4.95137
4.95315
4.95506
4.95659
4.95777
4.95882
4.95924
4.95937
4.95956
4.95975
4.95967
4.95959
4.95969
4.95995
4.95989
4.95964
4.95942
4.9593
4.9592
4.95907
4.95896
4.95896
4.95898
4.9589
4.95867
4.95838
4.95808
4.95783
4.95752
4.95726
4.957
4.95682
4.95628
4.95561
4.9546
4.95309
4.95085
4.94713
4.94074
4.92914
4.90072
4.85005
4.73557
4.54713
4.99852
4.99851
4.99851
4.99848
4.99841
4.99819
4.99764
4.99639
4.99358
4.98818
4.97762
4.95963
4.9404
4.9298
4.92289
4.91778
4.91836
4.91979
4.92184
4.92549
4.93067
4.93587
4.93899
4.94087
4.94164
4.94204
4.94291
4.94338
4.94328
4.94316
4.94317
4.94321
4.94324
4.94323
4.94324
4.94335
4.94355
4.94378
4.94403
4.94429
4.94456
4.94478
4.94501
4.94525
4.94543
4.94552
4.94562
4.94576
4.94592
4.94606
4.94619
4.94634
4.94653
4.94677
4.94703
4.94724
4.94738
4.94749
4.9476
4.94771
4.94779
4.94785
4.94793
4.94808
4.94835
4.94877
4.94939
4.95029
4.95158
4.95321
4.95502
4.95668
4.95813
4.95909
4.95958
4.96015
4.96047
4.96048
4.9606
4.96101
4.96124
4.96108
4.96093
4.96085
4.96084
4.96076
4.96071
4.96077
4.96091
4.96101
4.96092
4.96072
4.96048
4.96037
4.9601
4.95978
4.95944
4.95892
4.95812
4.95681
4.95455
4.95068
4.94384
4.92817
4.89795
4.84103
4.6905
4.53867
4.37703
4.2395
4.99852
4.99852
4.99852
4.99851
4.99849
4.99844
4.99829
4.99793
4.99711
4.99536
4.99203
4.98481
4.97384
4.95698
4.9409
4.92657
4.92405
4.92351
4.92099
4.9219
4.92321
4.92654
4.93116
4.93494
4.93756
4.93967
4.94159
4.94228
4.94234
4.94246
4.94299
4.94325
4.94324
4.94312
4.94311
4.94316
4.94325
4.94335
4.94351
4.94373
4.94398
4.94421
4.94445
4.94475
4.94503
4.9452
4.94533
4.94547
4.94563
4.94578
4.94593
4.94607
4.94624
4.94647
4.94674
4.947
4.94718
4.94729
4.94741
4.94756
4.94773
4.94785
4.94792
4.94799
4.94811
4.94828
4.94852
4.94885
4.94938
4.95017
4.95136
4.95286
4.95458
4.95632
4.95776
4.95879
4.95967
4.96029
4.96055
4.96101
4.96161
4.96175
4.96165
4.96156
4.96166
4.96163
4.96159
4.96165
4.96191
4.96205
4.96193
4.96175
4.96146
4.96127
4.96094
4.96034
4.95938
4.95783
4.95519
4.95035
4.93968
4.91927
4.88409
4.78418
4.64929
4.51012
4.32694
4.20685
4.11522
4.07014
4.99852
4.99852
4.99852
4.99852
4.99851
4.9985
4.99846
4.99837
4.99815
4.99765
4.99665
4.99455
4.99081
4.98363
4.97142
4.95705
4.94244
4.93295
4.92378
4.92311
4.9236
4.92391
4.92502
4.92643
4.9291
4.93311
4.93667
4.93903
4.94015
4.9414
4.94267
4.94275
4.94287
4.94289
4.94297
4.94312
4.94312
4.94312
4.94319
4.94333
4.94347
4.94359
4.94374
4.94399
4.94433
4.94461
4.94481
4.945
4.94522
4.94542
4.94558
4.94573
4.94589
4.94608
4.94631
4.94657
4.94679
4.94691
4.947
4.94714
4.94737
4.94762
4.94774
4.94779
4.94787
4.948
4.94814
4.94827
4.94847
4.94879
4.94931
4.95006
4.95111
4.95237
4.95394
4.95542
4.95678
4.95807
4.95908
4.95983
4.96065
4.96152
4.96163
4.96162
4.96179
4.96191
4.96193
4.96199
4.96224
4.96222
4.96206
4.96178
4.96136
4.96061
4.95928
4.95699
4.95283
4.94439
4.92904
4.90176
4.82465
4.71664
4.59441
4.39849
4.26721
4.17013
4.10256
4.0626
4.01642
3.99466
4.99852
4.99852
4.99852
4.99852
4.99852
4.99851
4.99851
4.99848
4.99843
4.99831
4.99803
4.99746
4.99634
4.99426
4.99029
4.98399
4.97335
4.95887
4.94591
4.93526
4.93067
4.92529
4.92467
4.92516
4.92611
4.92729
4.92883
4.93113
4.93408
4.93699
4.93968
4.94086
4.94132
4.94206
4.94266
4.94271
4.94289
4.94298
4.94311
4.94325
4.94327
4.94327
4.94332
4.94345
4.94369
4.94394
4.94414
4.94434
4.9446
4.94486
4.94507
4.94523
4.9454
4.94558
4.94578
4.94602
4.94625
4.9464
4.94649
4.94662
4.94685
4.94715
4.94737
4.94747
4.94754
4.94766
4.94784
4.94797
4.94808
4.94823
4.94847
4.94879
4.94928
4.94989
4.95072
4.95167
4.95289
4.9541
4.95553
4.95678
4.95802
4.95942
4.96026
4.96077
4.96104
4.9614
4.96148
4.96152
4.96145
4.96124
4.96066
4.95954
4.9574
4.95314
4.94485
4.93094
4.90534
4.84113
4.7546
4.63362
4.42874
4.30592
4.20976
4.12466
4.07268
4.02528
3.99898
3.98646
3.9864
3.97756
4.99852
4.99852
4.99852
4.99852
4.99852
4.99852
4.99851
4.99851
4.9985
4.99847
4.99841
4.99826
4.99797
4.99739
4.99631
4.99433
4.99109
4.98512
4.97629
4.96514
4.95144
4.94117
4.93305
4.93059
4.92898
4.92715
4.92733
4.92788
4.92899
4.93065
4.93287
4.93535
4.93758
4.9391
4.94046
4.94122
4.94184
4.94257
4.94286
4.94291
4.94306
4.94312
4.94324
4.94345
4.94355
4.94359
4.94358
4.94364
4.9438
4.94406
4.94433
4.94454
4.94475
4.94497
4.94517
4.94538
4.94562
4.94584
4.94596
4.94608
4.94626
4.94653
4.94685
4.94703
4.94713
4.94724
4.9474
4.9476
4.94773
4.94785
4.94799
4.94818
4.94841
4.9487
4.94909
4.94952
4.95012
4.95077
4.95166
4.95265
4.954
4.95531
4.95687
4.9579
4.95855
4.95905
4.95872
4.95846
4.95755
4.95533
4.95098
4.94312
4.92899
4.89729
4.83223
4.75367
4.62295
4.43898
4.33124
4.21425
4.12961
4.07217
4.02412
3.99955
3.99028
3.98539
3.96947
3.963
3.96249
3.96111
4.99852
4.99852
4.99852
4.99852
4.99852
4.99852
4.99852
4.99852
4.99851
4.99851
4.99849
4.99846
4.99839
4.99825
4.99798
4.99745
4.99651
4.9949
4.99205
4.98785
4.98067
4.97022
4.95961
4.94906
4.94098
4.93465
4.93082
4.93055
4.931
4.92977
4.92992
4.93046
4.93178
4.93358
4.93522
4.93706
4.93871
4.94001
4.94108
4.94155
4.94208
4.94271
4.94308
4.94319
4.94325
4.94336
4.94344
4.94341
4.94341
4.94352
4.94375
4.94402
4.9443
4.94454
4.94469
4.94483
4.94501
4.94524
4.94543
4.94553
4.94564
4.94583
4.94614
4.94644
4.94659
4.9467
4.94685
4.94707
4.94726
4.94741
4.94754
4.9477
4.94786
4.94805
4.94826
4.9485
4.94872
4.94898
4.94932
4.94968
4.95025
4.95098
4.9518
4.95264
4.95206
4.95135
4.94919
4.9446
4.93474
4.91543
4.8754
4.81703
4.73001
4.55672
4.39943
4.31613
4.19402
4.12888
4.06221
4.00985
3.99458
3.99542
3.97933
3.96652
3.96367
3.96203
3.96333
3.9622
3.958
3.95528
4.99852
4.99852
4.99852
4.99852
4.99852
4.99852
4.99852
4.99852
4.99852
4.99852
4.99851
4.99851
4.99849
4.99846
4.9984
4.99827
4.99804
4.99761
4.99686
4.99557
4.99358
4.99014
4.98511
4.97812
4.96788
4.95767
4.94908
4.94182
4.93753
4.93277
4.93149
4.93177
4.93228
4.93222
4.93222
4.9325
4.9334
4.93497
4.93668
4.93833
4.9395
4.94049
4.94129
4.9417
4.94222
4.94269
4.94294
4.94314
4.94326
4.94329
4.94331
4.94343
4.94363
4.94382
4.94407
4.94435
4.94457
4.94476
4.94493
4.945
4.94504
4.94512
4.94534
4.94568
4.94593
4.94607
4.94618
4.94637
4.94661
4.94682
4.94698
4.94714
4.94728
4.94746
4.94763
4.94773
4.94783
4.94765
4.94758
4.94744
4.94697
4.94597
4.94394
4.94022
4.93259
4.91881
4.89357
4.84792
4.76733
4.62671
4.46613
4.36895
4.27323
4.14433
4.09289
4.03401
4.00526
3.99785
3.98163
3.96313
3.96098
3.9621
3.96355
3.9581
3.95392
3.95328
3.95315
3.953
3.95255
3.95206
4.99852
4.99852
4.99852
4.99852
4.99852
4.99852
4.99852
4.99852
4.99852
4.99852
4.99852
4.99852
4.99851
4.99851
4.99849
4.99847
4.99841
4.99831
4.99812
4.99779
4.99721
4.9963
4.99477
4.99251
4.98899
4.98325
4.97626
4.96744
4.95709
4.94946
4.94276
4.93898
4.93618
4.93316
4.93293
4.93301
4.93328
4.93347
4.93375
4.93415
4.93494
4.93612
4.93762
4.93894
4.93982
4.94068
4.94127
4.94196
4.94255
4.94268
4.94285
4.94302
4.94307
4.94315
4.94338
4.94364
4.94385
4.94401
4.94418
4.9444
4.94457
4.94466
4.94479
4.94505
4.94529
4.94542
4.9455
4.94563
4.94584
4.9461
4.94626
4.94641
4.9465
4.94661
4.94657
4.94637
4.94592
4.94502
4.94328
4.94014
4.9342
4.92237
4.90025
4.86148
4.78682
4.67324
4.54142
4.41655
4.29516
4.15909
4.11333
4.06096
4.00961
4.00017
3.98683
3.96431
3.95833
3.95762
3.95772
3.95357
3.94943
3.95
3.9505
3.95001
3.94912
3.94841
3.94749
3.94663
3.94699
3.94739
4.99852
4.99852
4.99852
4.99852
4.99852
4.99852
4.99852
4.99852
4.99852
4.99852
4.99852
4.99852
4.99852
4.99851
4.99851
4.99851
4.99849
4.99847
4.99843
4.99834
4.99819
4.99794
4.99751
4.99681
4.99575
4.99405
4.99146
4.98777
4.98199
4.9744
4.96653
4.95768
4.94983
4.94428
4.94019
4.93761
4.93533
4.934
4.93409
4.93398
4.93398
4.93424
4.93467
4.93545
4.93617
4.93701
4.93816
4.93933
4.94041
4.94121
4.94161
4.94192
4.94208
4.94248
4.94285
4.94298
4.94304
4.94323
4.9435
4.94372
4.94383
4.94393
4.94407
4.94424
4.94447
4.94466
4.94483
4.94497
4.94509
4.94526
4.94517
4.94514
4.94491
4.94426
4.94289
4.94036
4.93585
4.92676
4.90818
4.87824
4.82246
4.71587
4.58007
4.44242
4.31016
4.19902
4.13801
4.07597
4.02102
4.0092
3.98946
3.96065
3.95527
3.95517
3.956
3.95222
3.94718
3.94697
3.94748
3.94737
3.94656
3.94444
3.94324
3.94317
3.94351
3.94401
3.94379
3.94316
3.94306
3.94344
4.99852
4.99852
4.99852
4.99852
4.99852
4.99852
4.99852
4.99852
4.99852
4.99852
4.99852
4.99852
4.99852
4.99852
4.99852
4.99851
4.99851
4.99851
4.9985
4.99848
4.99844
4.99837
4.99826
4.99806
4.99774
4.99722
4.99641
4.99518
4.99333
4.99054
4.98657
4.98067
4.97369
4.96513
4.95762
4.95126
4.94503
4.94103
4.93931
4.93679
4.9347
4.93474
4.93498
4.93528
4.9352
4.9352
4.93535
4.93592
4.93686
4.9381
4.93914
4.9397
4.9403
4.94095
4.94152
4.94187
4.94216
4.94243
4.94267
4.94283
4.94301
4.9433
4.94355
4.94371
4.94384
4.94389
4.94389
4.94382
4.9436
4.94313
4.94225
4.94053
4.93697
4.92951
4.91565
4.89015
4.85042
4.76352
4.61319
4.49525
4.36575
4.23067
4.14988
4.07384
4.03553
4.01596
3.9884
3.96398
3.96169
3.9583
3.95718
3.94697
3.93965
3.94292
3.9451
3.94444
3.94155
3.94009
3.9399
3.94004
3.9402
3.93993
3.93953
3.93928
3.93918
3.93921
3.93915
3.93902
3.93906
3.93938
4.99852
4.99852
4.99852
4.99852
4.99852
4.99852
4.99852
4.99852
4.99852
4.99852
4.99852
4.99852
4.99852
4.99852
4.99852
4.99852
4.99852
4.99851
4.99851
4.99851
4.9985
4.99848
4.99845
4.9984
4.99831
4.99816
4.99791
4.99752
4.99691
4.996
4.99465
4.99257
4.98963
4.98552
4.97954
4.97247
4.96548
4.9576
4.95107
4.94587
4.94178
4.93951
4.938
4.93653
4.93489
4.93508
4.93541
4.93546
4.93537
4.93548
4.93583
4.93636
4.93717
4.93824
4.93912
4.93996
4.94062
4.94106
4.94146
4.94171
4.94203
4.94245
4.94268
4.94265
4.94262
4.94234
4.9415
4.93973
4.93657
4.93102
4.92104
4.90168
4.86454
4.78762
4.66529
4.53879
4.42728
4.27589
4.16662
4.10486
4.04388
4.01576
3.99477
3.97085
3.95959
3.95794
3.95479
3.94464
3.94247
3.94158
3.93981
3.93693
3.93632
3.93796
3.93869
3.93874
3.9385
3.93758
3.93656
3.93617
3.93602
3.93602
3.93627
3.93655
3.93658
3.93648
3.93629
3.93605
3.93601
3.93624
4.99852
4.99852
4.99852
4.99852
4.99852
4.99852
4.99852
4.99852
4.99852
4.99852
4.99852
4.99852
4.99852
4.99852
4.99852
4.99852
4.99852
4.99852
4.99852
4.99851
4.99851
4.99851
4.9985
4.99849
4.99846
4.99842
4.99835
4.99823
4.99804
4.99775
4.99729
4.9966
4.99555
4.99411
4.99188
4.98861
4.98468
4.97853
4.97089
4.96486
4.95765
4.95175
4.94639
4.94226
4.93951
4.93855
4.9377
4.93595
4.93542
4.93541
4.93548
4.93557
4.93573
4.93599
4.93643
4.93722
4.93802
4.93873
4.93921
4.93987
4.94036
4.94008
4.93977
4.93888
4.93698
4.93306
4.92478
4.90742
4.87639
4.81888
4.72282
4.59366
4.44828
4.29291
4.19128
4.13669
4.07493
4.02303
4.00549
3.97393
3.95462
3.95302
3.95524
3.95018
3.94093
3.93826
3.93717
3.93651
3.93592
3.93531
3.93466
3.93427
3.93387
3.9341
3.93485
3.93592
3.93616
3.93602
3.93544
3.93449
3.93382
3.93341
3.93333
3.93358
3.93369
3.93363
3.93341
3.93326
3.93326
3.93338
4.99852
4.99852
4.99852
4.99852
4.99852
4.99852
4.99852
4.99852
4.99852
4.99852
4.99852
4.99852
4.99852
4.99852
4.99852
4.99852
4.99852
4.99852
4.99852
4.99852
4.99852
4.99851
4.99851
4.99851
4.9985
4.99849
4.99847
4.99844
4.99838
4.99829
4.99814
4.99792
4.99757
4.99705
4.99627
4.99513
4.99352
4.99112
4.98762
4.98339
4.97774
4.9704
4.96367
4.9576
4.95166
4.94727
4.94459
4.94097
4.93843
4.93767
4.93671
4.93633
4.9362
4.93613
4.93594
4.93597
4.93621
4.93664
4.93641
4.93619
4.93519
4.93224
4.92549
4.91281
4.88976
4.84341
4.75817
4.61857
4.47118
4.34722
4.24117
4.154
4.07045
4.02388
4.00653
3.98387
3.9633
3.9631
3.95606
3.94041
3.93508
3.93612
3.93576
3.93487
3.93461
3.93316
3.93075
3.93047
3.93077
3.93163
3.93237
3.93237
3.93217
3.93209
3.93216
3.93249
3.93289
3.93303
3.93293
3.93262
3.9321
3.93177
3.93178
3.93201
3.93204
3.9319
3.93174
3.93172
3.93183
3.93187
4.99852
4.99852
4.99852
4.99852
4.99852
4.99852
4.99852
4.99852
4.99852
4.99852
4.99852
4.99852
4.99852
4.99852
4.99852
4.99852
4.99852
4.99852
4.99852
4.99852
4.99852
4.99852
4.99852
4.99852
4.99851
4.99851
4.9985
4.9985
4.99848
4.99845
4.99841
4.99834
4.99822
4.99805
4.99778
4.99738
4.99678
4.99591
4.99467
4.99288
4.99037
4.98691
4.98226
4.97631
4.96981
4.96367
4.95758
4.95258
4.94762
4.94423
4.94127
4.9397
4.93961
4.93812
4.93625
4.93501
4.93345
4.93085
4.92621
4.91714
4.89909
4.86257
4.77993
4.65988
4.53207
4.38721
4.25709
4.15861
4.08507
4.04623
4.01626
3.98043
3.96847
3.96309
3.94931
3.93434
3.93466
3.93719
3.93466
3.93115
3.92968
3.92928
3.92941
3.93078
3.93103
3.93013
3.9285
3.92819
3.92841
3.9288
3.92915
3.92955
3.92969
3.92985
3.93012
3.9303
3.93063
3.93088
3.93083
3.93065
3.93033
3.93033
3.93064
3.93101
3.93107
3.93081
3.93062
3.93054
3.93055
3.9306
4.99852
4.99852
4.99852
4.99852
4.99852
4.99852
4.99852
4.99852
4.99852
4.99852
4.99852
4.99852
4.99852
4.99852
4.99852
4.99852
4.99852
4.99852
4.99852
4.99852
4.99852
4.99852
4.99852
4.99852
4.99852
4.99852
4.99851
4.99851
4.99851
4.9985
4.99849
4.99846
4.99843
4.99837
4.99828
4.99815
4.99794
4.99763
4.99717
4.9965
4.99556
4.99418
4.99231
4.98958
4.98601
4.98137
4.97584
4.96904
4.96319
4.95713
4.95139
4.94699
4.94196
4.93703
4.93258
4.92543
4.91088
4.8817
4.82144
4.71752
4.58555
4.42616
4.26993
4.17427
4.10475
4.0484
4.00147
3.98687
3.97847
3.95637
3.9374
3.93776
3.93968
3.93676
3.93201
3.92951
3.92559
3.92498
3.92565
3.92668
3.92685
3.92711
3.9276
3.92855
3.92893
3.9284
3.92739
3.92714
3.92742
3.92805
3.92849
3.92848
3.92847
3.9285
3.92859
3.92884
3.92911
3.92918
3.92916
3.92914
3.92905
3.92911
3.92936
3.92996
3.93012
3.93004
3.92977
3.92968
3.92934
3.92912
4.99852
4.99852
4.99852
4.99852
4.99852
4.99852
4.99852
4.99852
4.99852
4.99852
4.99852
4.99852
4.99852
4.99852
4.99852
4.99852
4.99852
4.99852
4.99852
4.99852
4.99852
4.99852
4.99852
4.99852
4.99852
4.99852
4.99852
4.99852
4.99851
4.99851
4.99851
4.9985
4.99849
4.99847
4.99844
4.9984
4.99833
4.99822
4.99807
4.99782
4.99746
4.99691
4.99614
4.99501
4.99341
4.99108
4.98801
4.98342
4.97679
4.97163
4.96514
4.95603
4.94047
4.91336
4.86582
4.78578
4.65091
4.48528
4.33124
4.21986
4.13303
4.04501
4.00941
3.99176
3.96662
3.94522
3.94162
3.94081
3.93552
3.92967
3.92774
3.92779
3.9277
3.92696
3.92643
3.92629
3.92563
3.92447
3.92417
3.92505
3.92523
3.92544
3.9257
3.92598
3.92642
3.92651
3.92636
3.92646
3.92674
3.92725
3.92731
3.92701
3.92684
3.92675
3.92671
3.92674
3.92685
3.92701
3.92722
3.92739
3.92742
3.9274
3.92757
3.92798
3.92845
3.9285
3.92811
3.92785
3.92758
3.92727
4.99852
4.99852
4.99852
4.99852
4.99852
4.99852
4.99852
4.99852
4.99852
4.99852
4.99852
4.99852
4.99852
4.99852
4.99852
4.99852
4.99852
4.99852
4.99852
4.99852
4.99852
4.99852
4.99852
4.99852
4.99852
4.99852
4.99852
4.99852
4.99852
4.99852
4.99851
4.99851
4.99851
4.9985
4.99849
4.99848
4.99845
4.99841
4.99834
4.99826
4.99814
4.99793
4.99761
4.99706
4.99613
4.99456
4.99173
4.98672
4.97659
4.95562
4.91876
4.85575
4.72736
4.55813
4.4076
4.28504
4.17587
4.08266
4.03758
4.0054
3.97571
3.96281
3.9529
3.94268
3.93827
3.93563
3.9351
3.93375
3.92776
3.92606
3.92542
3.92507
3.92487
3.92387
3.92265
3.9227
3.92314
3.92344
3.92375
3.92394
3.9241
3.92427
3.92449
3.92465
3.92436
3.92417
3.92428
3.92442
3.92468
3.92509
3.92515
3.92487
3.92449
3.92432
3.92439
3.92443
3.92448
3.92454
3.92459
3.92484
3.92501
3.92506
3.92516
3.92544
3.92606
3.92635
3.92617
3.92582
3.92543
3.92507
4.99852
4.99852
4.99852
4.99852
4.99852
4.99852
4.99852
4.99852
4.99852
4.99852
4.99852
4.99852
4.99852
4.99852
4.99852
4.99852
4.99852
4.99852
4.99852
4.99852
4.99852
4.99852
4.99852
4.99852
4.99852
4.99852
4.99852
4.99852
4.99852
4.99852
4.99852
4.99852
4.99851
4.99851
4.99851
4.9985
4.99847
4.99843
4.99834
4.99815
4.99779
4.99709
4.99564
4.9927
4.98689
4.97506
4.94937
4.90115
4.80003
4.64206
4.49325
4.36479
4.22093
4.12676
4.07142
4.02392
4.00311
3.98819
3.96786
3.95205
3.94822
3.94918
3.9491
3.94242
3.93573
3.93513
3.93417
3.9322
3.92734
3.92297
3.92411
3.92478
3.92493
3.92375
3.92161
3.92088
3.92132
3.92201
3.92314
3.92374
3.92345
3.92292
3.92244
3.92207
3.92172
3.92156
3.92156
3.92164
3.92148
3.92159
3.92175
3.92177
3.92171
3.92163
3.92154
3.92151
3.92152
3.92154
3.92168
3.92213
3.92245
3.92263
3.92279
3.92301
3.92354
3.92403
3.92408
3.92382
3.92345
3.92308
4.99852
4.99852
4.99852
4.99852
4.99852
4.99852
4.99852
4.99852
4.99852
4.99852
4.99852
4.99852
4.99852
4.99852
4.99852
4.99852
4.99852
4.99852
4.99852
4.99852
4.99852
4.99852
4.99852
4.99852
4.99852
4.99852
4.99852
4.99852
4.99852
4.99852
4.99851
4.99851
4.9985
4.99849
4.99844
4.99836
4.99818
4.99779
4.99693
4.99513
4.99142
4.98391
4.96603
4.9272
4.8587
4.7311
4.56276
4.415
4.2672
4.16315
4.1039
4.04246
4.01394
4.00164
3.97859
3.96846
3.96761
3.96516
3.96013
3.94953
3.94729
3.94782
3.94696
3.94265
3.93608
3.93428
3.93424
3.9336
3.93129
3.92661
3.9234
3.92359
3.92405
3.92426
3.92296
3.92109
3.92074
3.92094
3.92105
3.9208
3.92019
3.9191
3.91879
3.91853
3.91869
3.91894
3.91908
3.91897
3.91878
3.91872
3.91878
3.91883
3.91881
3.91848
3.91817
3.91835
3.9186
3.91892
3.91935
3.91981
3.92018
3.92037
3.92053
3.92064
3.92095
3.9215
3.92184
3.92181
3.92167
3.92146
4.99852
4.99852
4.99852
4.99852
4.99852
4.99852
4.99852
4.99852
4.99852
4.99852
4.99852
4.99852
4.99852
4.99852
4.99852
4.99852
4.99852
4.99852
4.99852
4.99852
4.99852
4.99852
4.99852
4.99852
4.99852
4.99852
4.99852
4.99852
4.99851
4.99851
4.99849
4.99845
4.99836
4.99816
4.99766
4.99659
4.99434
4.98916
4.97773
4.95143
4.89707
4.81012
4.63571
4.45372
4.3356
4.20673
4.13046
4.05642
4.01831
4.00425
3.98096
3.96773
3.96791
3.96954
3.96653
3.95857
3.95742
3.95784
3.95732
3.95471
3.95224
3.95164
3.95094
3.9493
3.94604
3.94254
3.94044
3.93887
3.937
3.93397
3.93022
3.92753
3.92661
3.92631
3.92547
3.92398
3.92179
3.92028
3.91976
3.91954
3.91913
3.91838
3.91768
3.91748
3.91767
3.91792
3.918
3.91798
3.91774
3.91758
3.91743
3.91715
3.91663
3.91609
3.91595
3.9161
3.91648
3.91688
3.91724
3.91763
3.91801
3.91831
3.9185
3.91866
3.91894
3.91949
3.92003
3.92024
3.92015
3.91996
4.99852
4.99852
4.99852
4.99852
4.99852
4.99852
4.99852
4.99852
4.99852
4.99852
4.99852
4.99852
4.99852
4.99852
4.99852
4.99852
4.99852
4.99852
4.99852
4.99852
4.99852
4.99852
4.99852
4.99852
4.99852
4.99851
4.99851
4.9985
4.99846
4.99838
4.99817
4.99764
4.99641
4.99344
4.98593
4.96986
4.93486
4.85871
4.7179
4.52631
4.37388
4.26592
4.14264
4.08468
4.03578
4.00681
3.9903
3.97537
3.97153
3.9687
3.96111
3.9567
3.95861
3.95978
3.95956
3.95762
3.95546
3.9556
3.95543
3.95484
3.95357
3.95256
3.95214
3.95195
3.95164
3.95075
3.94938
3.94775
3.94556
3.9428
3.93979
3.93718
3.93556
3.93454
3.93363
3.93216
3.92956
3.92704
3.9254
3.92377
3.92255
3.92216
3.92106
3.92031
3.91985
3.91939
3.91899
3.91853
3.91777
3.91686
3.91603
3.91551
3.9153
3.91514
3.91512
3.91531
3.91565
3.91609
3.91645
3.9166
3.91688
3.91715
3.91733
3.9175
3.91777
3.91824
3.91853
3.91863
3.91849
3.91832
4.99852
4.99852
4.99852
4.99852
4.99852
4.99852
4.99852
4.99852
4.99852
4.99852
4.99852
4.99852
4.99852
4.99852
4.99852
4.99852
4.99852
4.99852
4.99852
4.99852
4.99852
4.99852
4.99852
4.99851
4.9985
4.99848
4.99841
4.99823
4.99774
4.99649
4.99297
4.98428
4.96345
4.91347
4.79549
4.627
4.45079
4.30049
4.16976
4.08748
4.03929
3.99737
3.98885
3.99127
3.97958
3.96982
3.9674
3.96672
3.96455
3.96176
3.95809
3.9576
3.95814
3.95804
3.95751
3.95686
3.95554
3.95553
3.95594
3.95618
3.95609
3.95516
3.95442
3.95436
3.95445
3.95442
3.95398
3.95304
3.95172
3.95015
3.94845
3.94668
3.94506
3.94382
3.94264
3.94126
3.93934
3.93666
3.93396
3.93177
3.93029
3.92924
3.92801
3.92673
3.92549
3.92407
3.92241
3.92112
3.92023
3.91936
3.91849
3.9177
3.91699
3.91652
3.91635
3.91631
3.91636
3.91646
3.91664
3.91678
3.9171
3.9173
3.91728
3.91725
3.91734
3.91757
3.91765
3.91742
3.91716
3.91699
4.99852
4.99852
4.99852
4.99852
4.99852
4.99852
4.99852
4.99852
4.99852
4.99852
4.99852
4.99852
4.99852
4.99852
4.99852
4.99852
4.99852
4.99852
4.99852
4.99852
4.99852
4.99851
4.9985
4.99845
4.99833
4.99795
4.99691
4.99383
4.9851
4.96362
4.89565
4.76553
4.59122
4.39349
4.2244
4.11574
4.05727
4.01087
3.99246
3.98421
3.96751
3.95865
3.95908
3.95914
3.95816
3.95812
3.95936
3.96151
3.96105
3.95947
3.95858
3.95874
3.95883
3.95859
3.95793
3.9573
3.9569
3.95685
3.9576
3.95859
3.95858
3.95823
3.95805
3.95776
3.95748
3.95713
3.95655
3.95574
3.9549
3.95409
3.95327
3.95235
3.95137
3.95045
3.94958
3.94861
3.94736
3.94556
3.94336
3.94144
3.93977
3.9385
3.93735
3.93568
3.93377
3.93196
3.92999
3.92779
3.92589
3.92446
3.92327
3.92212
3.92086
3.91974
3.91911
3.91884
3.91853
3.91799
3.91739
3.91733
3.91729
3.91721
3.91684
3.91655
3.91657
3.91662
3.91672
3.91669
3.91655
3.91641
4.99852
4.99852
4.99852
4.99852
4.99852
4.99852
4.99852
4.99852
4.99852
4.99852
4.99852
4.99852
4.99852
4.99852
4.99852
4.99852
4.99852
4.99852
4.99851
4.99851
4.99849
4.99843
4.99822
4.99757
4.99552
4.98886
4.97016
4.90938
4.77586
4.58346
4.351
4.21035
4.11721
4.05002
4.01469
3.97721
3.96131
3.96456
3.96511
3.96744
3.96536
3.95935
3.95508
3.95387
3.95336
3.95441
3.95524
3.95655
3.95782
3.95823
3.95838
3.95882
3.95949
3.95942
3.95904
3.95828
3.95759
3.95749
3.95777
3.95841
3.95864
3.95854
3.95842
3.95838
3.95824
3.95783
3.95718
3.95662
3.95616
3.95572
3.95525
3.95483
3.95449
3.95421
3.9538
3.9532
3.95264
3.95191
3.95071
3.94925
3.948
3.94677
3.94551
3.9441
3.94214
3.9396
3.93723
3.93462
3.9319
3.92985
3.9284
3.92703
3.92549
3.92405
3.92289
3.92195
3.92107
3.92038
3.91962
3.9189
3.91832
3.91806
3.91788
3.91718
3.91647
3.91632
3.91623
3.9162
3.91602
3.91587
4.99852
4.99852
4.99852
4.99852
4.99852
4.99852
4.99852
4.99852
4.99852
4.99852
4.99852
4.99852
4.99852
4.99852
4.99852
4.99852
4.99851
4.99851
4.99849
4.99841
4.99813
4.99718
4.99374
4.98252
4.94249
4.82729
4.62747
4.37464
4.20932
4.08906
4.03984
4.01124
3.98183
3.98439
3.98433
3.97275
3.95807
3.95804
3.96076
3.96225
3.96369
3.9616
3.95837
3.9565
3.95479
3.95395
3.95497
3.95561
3.95674
3.9576
3.95815
3.95887
3.95949
3.95953
3.9594
3.95889
3.95808
3.95767
3.95755
3.9576
3.95762
3.9575
3.95731
3.95722
3.95707
3.95683
3.95649
3.9563
3.95621
3.95611
3.95599
3.95588
3.95579
3.95567
3.95541
3.95485
3.95432
3.95395
3.95347
3.95256
3.95134
3.95041
3.94955
3.94849
3.94715
3.9454
3.94329
3.94101
3.93845
3.9361
3.93395
3.93239
3.93081
3.92916
3.92783
3.92668
3.92547
3.92433
3.92362
3.92278
3.9214
3.92004
3.91938
3.91838
3.91689
3.91602
3.91565
3.91537
3.91506
3.91481
4.99852
4.99852
4.99852
4.99852
4.99852
4.99852
4.99852
4.99852
4.99852
4.99852
4.99852
4.99852
4.99852
4.99852
4.99852
4.99851
4.99849
4.99841
4.99809
4.9969
4.99249
4.97593
4.90735
4.75073
4.47662
4.25736
4.10624
4.0492
3.99955
3.9719
3.96657
3.9606
3.95852
3.96003
3.96693
3.96895
3.965
3.96069
3.95988
3.95962
3.95976
3.95955
3.95951
3.95981
3.95933
3.9584
3.95759
3.95774
3.95827
3.95862
3.95895
3.95916
3.95926
3.95923
3.9592
3.95897
3.95844
3.95789
3.95746
3.95696
3.95658
3.95615
3.95591
3.95575
3.95568
3.95577
3.95592
3.95612
3.95637
3.95647
3.9565
3.95651
3.95647
3.95628
3.95588
3.95538
3.95485
3.95426
3.95379
3.95335
3.95255
3.95136
3.95067
3.95015
3.94944
3.94862
3.94755
3.94603
3.94409
3.94216
3.94031
3.93845
3.93682
3.93549
3.93397
3.93211
3.93041
3.92874
3.92717
3.92565
3.92401
3.92228
3.92107
3.92005
3.91868
3.917
3.91587
3.91538
3.91501
3.91435
4.99852
4.99852
4.99852
4.99852
4.99852
4.99852
4.99852
4.99852
4.99852
4.99852
4.99852
4.99852
4.99852
4.99851
4.9985
4.99843
4.99815
4.99704
4.99212
4.96928
4.89069
4.68244
4.39317
4.19416
4.06669
4.00845
3.97394
3.97648
3.97636
3.96883
3.96102
3.95297
3.95041
3.95103
3.95384
3.95915
3.96013
3.95975
3.95915
3.95857
3.95769
3.95694
3.95696
3.95817
3.9593
3.95943
3.95943
3.95941
3.95951
3.95961
3.95935
3.95908
3.95898
3.95894
3.95893
3.95897
3.95868
3.95809
3.95754
3.95707
3.95624
3.95562
3.95537
3.95521
3.95523
3.9554
3.95576
3.95627
3.95676
3.95685
3.95689
3.95689
3.95679
3.95645
3.95589
3.9553
3.9547
3.95408
3.95347
3.95281
3.95211
3.95137
3.9509
3.95061
3.95034
3.95002
3.94987
3.94947
3.94849
3.94707
3.94573
3.94438
3.94273
3.9412
3.93967
3.9378
3.93566
3.93357
3.93147
3.92931
3.92721
3.92515
3.92309
3.92142
3.92017
3.91856
3.91666
3.91567
3.91516
3.91454
4.99852
4.99852
4.99852
4.99852
4.99852
4.99852
4.99852
4.99852
4.99852
4.99852
4.99852
4.99851
4.99851
4.99846
4.99828
4.99738
4.99314
4.97372
4.88411
4.61891
4.35165
4.16405
4.06999
3.9823
3.97885
3.97107
3.95994
3.95963
3.96294
3.96732
3.96492
3.95887
3.95106
3.95012
3.95109
3.95384
3.95618
3.95679
3.95702
3.9566
3.95599
3.95526
3.95464
3.95485
3.95668
3.95793
3.95823
3.95851
3.95859
3.95881
3.95896
3.9589
3.95875
3.95865
3.95859
3.95859
3.95848
3.95803
3.95738
3.95683
3.95623
3.95524
3.95479
3.95452
3.95431
3.95428
3.9546
3.95528
3.9557
3.95575
3.95582
3.95584
3.95574
3.95541
3.95489
3.9544
3.954
3.95357
3.95302
3.95242
3.95188
3.95142
3.95114
3.95097
3.95086
3.95093
3.95076
3.95035
3.95021
3.94968
3.94871
3.94759
3.94631
3.94483
3.94316
3.9414
3.93924
3.93689
3.93444
3.9321
3.92967
3.92752
3.92556
3.9238
3.92226
3.92065
3.9187
3.91702
3.91586
3.91504
4.99852
4.99852
4.99852
4.99852
4.99852
4.99852
4.99852
4.99852
4.99852
4.99852
4.99851
4.99849
4.9984
4.99787
4.99544
4.98005
4.90256
4.66838
4.35571
4.14626
4.01911
3.98588
3.96966
3.96133
3.96074
3.95978
3.95736
3.95443
3.95499
3.95861
3.96233
3.96039
3.95752
3.95418
3.95211
3.95311
3.95398
3.95472
3.95537
3.95562
3.95511
3.9544
3.95338
3.95268
3.95316
3.95492
3.95591
3.95671
3.95719
3.9578
3.95786
3.95767
3.95723
3.95704
3.95694
3.95695
3.95709
3.95695
3.95676
3.95611
3.9556
3.95473
3.95368
3.95305
3.95277
3.95258
3.95288
3.95327
3.95369
3.95417
3.9544
3.95449
3.95424
3.95387
3.95359
3.9534
3.95321
3.95291
3.95254
3.95216
3.95188
3.95152
3.95111
3.95088
3.95072
3.95061
3.95041
3.95014
3.94992
3.94985
3.94941
3.94851
3.94732
3.94602
3.94454
3.9429
3.94094
3.9388
3.9364
3.93408
3.93176
3.92951
3.92752
3.92566
3.92381
3.92206
3.9202
3.91824
3.91675
3.91534
4.99852
4.99852
4.99852
4.99852
4.99852
4.99852
4.99852
4.99852
4.99852
4.99851
4.99847
4.99828
4.99718
4.98946
4.94608
4.72731
4.3814
4.15278
4.03764
4.02058
3.97694
3.9522
3.95258
3.95217
3.95359
3.95708
3.95644
3.95455
3.95258
3.95248
3.95432
3.95765
3.95777
3.95679
3.95577
3.95461
3.95409
3.95471
3.95517
3.95548
3.95499
3.95431
3.95284
3.95188
3.95209
3.95307
3.95376
3.95401
3.95432
3.95486
3.95506
3.9549
3.95443
3.95437
3.95452
3.95482
3.95527
3.95562
3.9556
3.95525
3.95457
3.95406
3.95292
3.9524
3.95219
3.95211
3.95213
3.95226
3.95234
3.95256
3.95291
3.95305
3.95294
3.95277
3.95266
3.95264
3.95249
3.95221
3.95186
3.95145
3.95122
3.95083
3.95032
3.94994
3.94966
3.94939
3.9492
3.94903
3.94862
3.94832
3.94799
3.94735
3.94643
3.94531
3.94412
3.94277
3.94109
3.93913
3.9369
3.93474
3.93246
3.93034
3.92833
3.92654
3.92475
3.92294
3.92104
3.91892
3.9169
3.91506
4.99852
4.99852
4.99852
4.99852
4.99852
4.99852
4.99852
4.99852
4.99851
4.99844
4.99809
4.99571
4.97716
4.84134
4.52818
4.2021
4.02292
3.97414
3.95893
3.96153
3.96413
3.95966
3.95575
3.95377
3.95452
3.95703
3.95832
3.95707
3.95326
3.95058
3.95039
3.95191
3.95431
3.95513
3.95502
3.95472
3.95416
3.95394
3.95403
3.95395
3.95376
3.95318
3.95201
3.95113
3.95053
3.95013
3.95037
3.9505
3.95071
3.95093
3.95137
3.95169
3.95222
3.9526
3.95298
3.95343
3.95378
3.9539
3.95386
3.95348
3.95291
3.95247
3.95183
3.95122
3.95094
3.95098
3.95107
3.95116
3.95133
3.95145
3.95153
3.95161
3.95178
3.95186
3.95199
3.95206
3.95183
3.95147
3.95102
3.95063
3.95028
3.94969
3.94903
3.94851
3.94808
3.94766
3.9473
3.94693
3.94654
3.94629
3.94608
3.94567
3.94497
3.94404
3.94296
3.94169
3.94017
3.93829
3.9362
3.9341
3.93193
3.92999
3.92794
3.92631
3.92448
3.92272
3.92073
3.91838
3.91623
3.91441
4.99852
4.99852
4.99852
4.99852
4.99852
4.99852
4.99852
4.9985
4.99842
4.99785
4.99394
4.94991
4.71588
4.33638
4.06133
3.99562
3.97892
3.9526
3.94235
3.94393
3.94846
3.95491
3.9562
3.95644
3.95681
3.9579
3.95867
3.95823
3.95562
3.95095
3.94865
3.9481
3.94899
3.95069
3.95195
3.95193
3.95164
3.95149
3.9515
3.95165
3.95195
3.95195
3.95096
3.95011
3.94915
3.9481
3.94764
3.94791
3.94839
3.94891
3.94949
3.94997
3.95069
3.95128
3.95193
3.95256
3.95253
3.95195
3.95129
3.95064
3.95019
3.9498
3.94943
3.94934
3.94929
3.94931
3.94943
3.94959
3.94974
3.94999
3.95025
3.95044
3.95077
3.9511
3.95131
3.95124
3.95092
3.95033
3.94952
3.94897
3.94858
3.94785
3.94703
3.94636
3.94572
3.94509
3.94449
3.94391
3.94335
3.94284
3.94239
3.94195
3.9414
3.94068
3.93965
3.93845
3.93705
3.93542
3.93355
3.93159
3.92967
3.92769
3.92575
3.92389
3.92186
3.92007
3.918
3.9157
3.91276
3.91151
4.99852
4.99852
4.99852
4.99852
4.99852
4.99852
4.9985
4.99841
4.99765
4.99116
4.92678
4.56324
4.17377
4.06934
3.95864
3.95964
3.96484
3.95701
3.94809
3.94104
3.94226
3.94465
3.94939
3.95296
3.95451
3.95563
3.95664
3.95667
3.95524
3.95187
3.94778
3.9458
3.94542
3.94586
3.94742
3.94811
3.94865
3.94919
3.94957
3.95032
3.95091
3.95103
3.94981
3.94902
3.94809
3.94707
3.94631
3.94649
3.94692
3.94769
3.94825
3.94916
3.95014
3.95076
3.95123
3.95142
3.95108
3.94997
3.94878
3.9479
3.9474
3.94706
3.94684
3.94698
3.94721
3.9474
3.94764
3.94793
3.94829
3.94857
3.94892
3.94924
3.94956
3.94979
3.94976
3.94939
3.94883
3.9479
3.94679
3.94591
3.94534
3.94458
3.94361
3.94263
3.94161
3.94059
3.93962
3.93879
3.93808
3.93748
3.93691
3.93632
3.9356
3.93477
3.93364
3.93208
3.93049
3.92891
3.92695
3.9251
3.92322
3.92108
3.91899
3.91691
3.91463
3.91229
3.90994
3.90772
3.90391
3.90353
4.99852
4.99852
4.99852
4.99852
4.99852
4.9985
4.99841
4.99768
4.98822
4.88762
4.4751
4.14257
3.96963
3.9615
3.94953
3.95264
3.95813
3.95911
3.95482
3.9467
3.93909
3.94009
3.94287
3.94809
3.95063
3.95197
3.95293
3.95361
3.95314
3.95109
3.94797
3.94487
3.94358
3.94285
3.94352
3.94516
3.94633
3.94725
3.94842
3.94971
3.95019
3.95014
3.94893
3.94783
3.94721
3.9466
3.94618
3.94639
3.94675
3.94748
3.94838
3.94937
3.95026
3.95077
3.95079
3.95042
3.94968
3.94802
3.94626
3.94525
3.94473
3.94438
3.9443
3.94456
3.94499
3.94535
3.94563
3.94588
3.94609
3.94626
3.94624
3.94626
3.94628
3.94617
3.94578
3.94508
3.94417
3.94293
3.94152
3.94026
3.93925
3.93831
3.93718
3.93584
3.93436
3.9329
3.9315
3.93038
3.92936
3.92832
3.92727
3.92617
3.92492
3.92356
3.92199
3.92009
3.91818
3.91595
3.91381
3.91138
3.90928
3.90702
3.90407
3.90146
3.89904
3.89593
3.89266
3.8898
3.88517
3.88646
4.99852
4.99852
4.99852
4.99852
4.99851
4.99842
4.99773
4.99026
4.85325
4.39671
4.06709
4.01471
3.93553
3.94341
3.95102
3.95092
3.95095
3.95456
3.95409
3.94939
3.94153
3.94019
3.94196
3.94534
3.9466
3.94821
3.94906
3.94948
3.95022
3.94915
3.94758
3.94526
3.94333
3.94198
3.94252
3.94415
3.94598
3.94808
3.94972
3.95071
3.95013
3.94906
3.94797
3.94677
3.946
3.94606
3.94633
3.94686
3.94745
3.94801
3.94866
3.94921
3.94956
3.94964
3.94915
3.94844
3.94749
3.94563
3.9436
3.94246
3.94181
3.94136
3.94114
3.94113
3.94109
3.94111
3.94109
3.94099
3.9408
3.94049
3.94012
3.93977
3.93942
3.93886
3.93799
3.93685
3.93545
3.93377
3.93198
3.93024
3.92872
3.92725
3.92558
3.92364
3.92161
3.91957
3.91758
3.91563
3.91369
3.91173
3.90976
3.90774
3.90565
3.90345
3.90107
3.89856
3.89593
3.89302
3.89003
3.88683
3.88379
3.88075
3.87687
3.87322
3.86965
3.86551
3.86111
3.85691
3.85011
3.85486
4.99852
4.99852
4.99852
4.99851
4.99846
4.99796
4.99118
4.89169
4.36096
4.00655
3.94646
3.95304
3.94117
3.94323
3.94924
3.95146
3.94954
3.94798
3.9503
3.9482
3.94513
3.9435
3.94391
3.94489
3.94581
3.94656
3.94679
3.94691
3.94724
3.94733
3.94644
3.94559
3.94397
3.94202
3.94283
3.94422
3.94605
3.94819
3.9492
3.94907
3.94806
3.94675
3.94546
3.94483
3.94463
3.94503
3.94561
3.94619
3.94666
3.94698
3.9472
3.9472
3.94695
3.94629
3.94541
3.94438
3.9432
3.94105
3.93929
3.93785
3.93672
3.9357
3.9349
3.93432
3.93379
3.93327
3.93275
3.93214
3.93143
3.93059
3.92968
3.92867
3.92755
3.92613
3.92443
3.9225
3.92031
3.9179
3.91544
3.91303
3.91064
3.90815
3.90546
3.90258
3.89958
3.89642
3.89318
3.88989
3.88662
3.88332
3.87998
3.87654
3.873
3.86931
3.86547
3.86151
3.85746
3.85326
3.84898
3.84453
3.83997
3.83505
3.82985
3.8244
3.81871
3.81263
3.80643
3.80038
3.79033
3.80133
4.99852
4.99852
4.99851
4.99849
4.99822
4.99491
4.90128
4.42528
4.07274
3.94093
3.92891
3.93418
3.93962
3.94409
3.9475
3.94863
3.94793
3.94568
3.94564
3.94716
3.94616
3.946
3.94629
3.94633
3.94619
3.94605
3.94584
3.94575
3.94576
3.94574
3.94557
3.94525
3.94459
3.94319
3.94358
3.94402
3.94521
3.9467
3.94653
3.94555
3.94455
3.94326
3.94209
3.94156
3.94172
3.94223
3.94289
3.9433
3.94353
3.9435
3.94315
3.94245
3.94146
3.94029
3.93896
3.93745
3.93553
3.9328
3.93078
3.92877
3.92693
3.92526
3.92385
3.92266
3.9215
3.9202
3.91874
3.91715
3.91535
3.91333
3.91115
3.90886
3.90643
3.90375
3.90081
3.89764
3.89423
3.89062
3.88692
3.88316
3.87929
3.87524
3.87102
3.86657
3.86186
3.85688
3.85173
3.84643
3.84101
3.83547
3.82979
3.82397
3.81808
3.81214
3.80622
3.80023
3.79418
3.78791
3.78147
3.77478
3.7679
3.76054
3.75301
3.74503
3.73693
3.72826
3.71918
3.71047
3.69592
3.71491
4.99852
4.99852
4.9985
4.99835
4.99682
4.9539
4.46427
4.0234
4.00892
3.94321
3.92628
3.93227
3.94018
3.94335
3.94628
3.94769
3.94681
3.9446
3.94409
3.94498
3.94632
3.94659
3.94728
3.94737
3.94666
3.94569
3.94579
3.94534
3.94468
3.94453
3.94454
3.94448
3.94442
3.94382
3.94324
3.94301
3.9432
3.9434
3.94223
3.9405
3.93924
3.93809
3.9369
3.93613
3.93608
3.93652
3.93702
3.93724
3.93707
3.93641
3.93521
3.93348
3.9316
3.92965
3.92748
3.9249
3.92207
3.91875
3.91587
3.91299
3.91021
3.90755
3.9049
3.90222
3.89937
3.89629
3.89302
3.88957
3.88595
3.88219
3.87832
3.87433
3.87012
3.86562
3.86081
3.85575
3.85045
3.84493
3.83914
3.83316
3.82693
3.82046
3.81367
3.80653
3.799
3.79113
3.78291
3.77446
3.76576
3.75694
3.74802
3.73909
3.73022
3.72145
3.71279
3.70414
3.69551
3.68677
3.67789
3.66863
3.65901
3.64892
3.63864
3.62778
3.61665
3.60511
3.5933
3.58207
3.56366
3.59031
4.99852
4.99851
4.99846
4.99779
4.98089
4.65252
4.09529
3.93856
3.95784
3.949
3.93831
3.93837
3.94149
3.94256
3.94508
3.94831
3.94782
3.94543
3.94348
3.94397
3.94541
3.94615
3.94705
3.94763
3.94701
3.9464
3.94618
3.94516
3.94391
3.94284
3.9423
3.94241
3.94228
3.94196
3.94104
3.94
3.93885
3.93748
3.93532
3.93298
3.93109
3.92963
3.9283
3.92723
3.92666
3.92653
3.92642
3.92581
3.92449
3.9225
3.91973
3.91648
3.91308
3.90962
3.90599
3.90203
3.89784
3.8936
3.88938
3.88505
3.88057
3.87592
3.87109
3.86606
3.86078
3.85518
3.84925
3.84317
3.83697
3.83065
3.82413
3.81742
3.81041
3.80317
3.79565
3.7878
3.77961
3.77107
3.76212
3.75277
3.74303
3.73291
3.72235
3.7114
3.70011
3.68855
3.67671
3.66465
3.65243
3.64016
3.62792
3.61577
3.60386
3.5922
3.58084
3.56967
3.55866
3.54763
3.53649
3.52505
3.51332
3.50113
3.48876
3.47596
3.46299
3.44965
3.43612
3.42343
3.40313
3.43548
4.99851
4.9985
4.99826
4.99457
4.83015
4.19766
3.9859
3.92561
3.93696
3.94782
3.94502
3.94301
3.94395
3.94393
3.94481
3.94723
3.94756
3.94658
3.9446
3.94382
3.94431
3.9445
3.94494
3.94561
3.94671
3.94708
3.9452
3.94369
3.94121
3.93931
3.93798
3.9375
3.93731
3.9366
3.93508
3.93294
3.93026
3.92749
3.92426
3.92096
3.91795
3.9155
3.9134
3.91155
3.90992
3.90837
3.90658
3.90424
3.90114
3.89726
3.89241
3.88702
3.88137
3.87561
3.86983
3.86378
3.8574
3.85091
3.8443
3.8375
3.83037
3.82281
3.8147
3.80606
3.79689
3.78725
3.77726
3.76708
3.75686
3.74668
3.7365
3.72626
3.71583
3.70511
3.69399
3.68243
3.67052
3.65819
3.64538
3.63212
3.61852
3.60455
3.59028
3.57573
3.56104
3.54622
3.53135
3.51642
3.50152
3.48671
3.47215
3.45793
3.44424
3.43103
3.41832
3.40592
3.39382
3.38176
3.36969
3.35733
3.34478
3.33192
3.31893
3.30557
3.29216
3.27855
3.26489
3.25206
3.23203
3.26721
4.99851
4.99844
4.9976
4.95815
4.394
3.99323
3.97023
3.92834
3.93315
3.93864
3.94434
3.94431
3.94443
3.9445
3.94466
3.9457
3.94592
3.94643
3.94588
3.94403
3.94285
3.94148
3.94157
3.94272
3.94403
3.94396
3.94046
3.93819
3.93466
3.93181
3.92962
3.9284
3.92736
3.92563
3.92279
3.91927
3.91501
3.91034
3.90559
3.90081
3.89606
3.89179
3.88784
3.88391
3.87993
3.87589
3.87158
3.86671
3.86104
3.85438
3.84656
3.83793
3.82888
3.81962
3.81012
3.80038
3.79052
3.78056
3.77033
3.75965
3.74828
3.73605
3.72294
3.70903
3.69453
3.67962
3.66456
3.64966
3.63517
3.62107
3.60724
3.59345
3.57955
3.56542
3.551
3.53621
3.52116
3.50574
3.48998
3.47389
3.4576
3.44109
3.42446
3.40782
3.39134
3.37507
3.35905
3.34319
3.3276
3.31231
3.29745
3.28305
3.26925
3.25595
3.24318
3.2308
3.21875
3.20683
3.19497
3.18293
3.17075
3.15832
3.14579
3.13302
3.12024
3.10731
3.09441
3.08229
3.06381
3.09885
4.99849
4.99823
4.99312
4.72497
4.0682
3.94127
3.94078
3.93035
3.93274
3.93881
3.94086
3.94339
3.94464
3.94382
3.94332
3.94363
3.94481
3.94599
3.94452
3.94143
3.93807
3.93644
3.9355
3.93603
3.93608
3.93462
3.93
3.92592
3.92176
3.9175
3.91391
3.91105
3.90819
3.90464
3.90008
3.89462
3.88796
3.88069
3.87308
3.86536
3.85774
3.85052
3.84368
3.83685
3.82963
3.82184
3.81332
3.80391
3.79345
3.78186
3.76914
3.75564
3.74165
3.72739
3.71313
3.69892
3.68472
3.67029
3.65534
3.63961
3.62294
3.60525
3.58665
3.56741
3.54788
3.52838
3.50932
3.49093
3.47334
3.45644
3.44009
3.4241
3.40832
3.39257
3.37665
3.36049
3.34422
3.32769
3.31092
3.29404
3.27718
3.26031
3.24355
3.22696
3.21073
3.19487
3.17942
3.16428
3.1495
3.13505
3.12107
3.10755
3.09458
3.08208
3.07011
3.05853
3.04729
3.03621
3.0252
3.01405
3.00281
2.99138
2.97985
2.96815
2.95646
2.94472
2.93299
2.92196
2.90545
2.93765
4.99845
4.99774
4.95548
4.32562
3.97783
3.92676
3.92737
3.92659
3.92942
3.93595
3.94125
3.94383
3.94386
3.94219
3.94164
3.94168
3.94222
3.94098
3.93798
3.93328
3.9284
3.92511
3.92294
3.92208
3.9204
3.91698
3.9106
3.90397
3.89773
3.89138
3.88561
3.8801
3.87438
3.86797
3.86032
3.85116
3.84059
3.82907
3.81721
3.80542
3.79389
3.78248
3.77102
3.75911
3.74631
3.73246
3.71754
3.70167
3.68493
3.66731
3.64883
3.62965
3.61017
3.59072
3.57149
3.55249
3.53363
3.51464
3.49521
3.47516
3.45439
3.4329
3.41088
3.38861
3.36653
3.34505
3.32452
3.30513
3.28691
3.26969
3.25325
3.23734
3.22173
3.20622
3.19066
3.17498
3.15929
3.14343
3.12744
3.11149
3.09564
3.07991
3.06436
3.04904
3.03412
3.01964
3.0056
2.99192
2.97859
2.96558
2.95298
2.94081
2.92912
2.91785
2.90704
2.89659
2.88644
2.87644
2.86652
2.85647
2.84636
2.83607
2.82566
2.81514
2.80462
2.79409
2.78355
2.77363
2.75897
2.78585
4.99829
4.99538
4.73866
4.06366
3.94614
3.92359
3.92288
3.92448
3.92771
3.93404
3.9396
3.94291
3.94261
3.93999
3.93735
3.93497
3.93265
3.9285
3.92352
3.9173
3.91077
3.90545
3.90122
3.89754
3.89253
3.88583
3.87669
3.86689
3.85694
3.84717
3.83765
3.82804
3.81774
3.80627
3.79307
3.77815
3.7615
3.74392
3.72624
3.7087
3.69129
3.67365
3.65559
3.63681
3.61694
3.59586
3.57377
3.55099
3.52779
3.50433
3.4807
3.45705
3.4336
3.4106
3.38831
3.36672
3.34564
3.32468
3.30355
3.28209
3.26024
3.23805
3.21571
3.19356
3.17201
3.1514
3.132
3.11388
3.09697
3.08105
3.06592
3.05136
3.03714
3.02306
3.00897
2.99482
2.98067
2.96632
2.9519
2.93757
2.9234
2.90937
2.89554
2.88197
2.8688
2.85603
2.84368
2.83164
2.81989
2.80838
2.79721
2.78638
2.77596
2.7659
2.75625
2.7469
2.7378
2.72883
2.71992
2.7109
2.70182
2.69257
2.6832
2.67376
2.6643
2.65487
2.64538
2.63644
2.62338
2.64358
4.99801
4.97565
4.35358
3.98848
3.92359
3.91972
3.92288
3.92591
3.93006
3.9343
3.93558
3.93526
3.93319
3.9283
3.92254
3.91724
3.91188
3.9058
3.89765
3.88864
3.87895
3.87047
3.86254
3.85404
3.84408
3.83241
3.81903
3.80457
3.78931
3.77365
3.75772
3.74127
3.72389
3.705
3.68412
3.66094
3.63599
3.61036
3.58498
3.56029
3.53627
3.51236
3.48819
3.46345
3.43783
3.41122
3.38395
3.35661
3.32973
3.30364
3.27834
3.25374
3.22996
3.20712
3.18528
3.16429
3.14388
3.12373
3.10358
3.08331
3.06289
3.04235
3.02186
3.00172
2.98232
2.96392
2.9467
2.9307
2.91583
2.90186
2.88861
2.87587
2.86344
2.85112
2.83879
2.82642
2.81402
2.80139
2.78871
2.77618
2.76379
2.75153
2.73943
2.72757
2.71604
2.70487
2.69403
2.68344
2.67306
2.66286
2.65294
2.6433
2.63399
2.62498
2.61632
2.60789
2.59967
2.59157
2.58349
2.57532
2.56709
2.55871
2.55021
2.54169
2.53314
2.52465
2.51605
2.50796
2.49639
2.51023
4.99775
4.84977
4.09305
3.93429
3.91262
3.92074
3.92816
3.93014
3.93079
3.92926
3.92441
3.91745
3.91049
3.90251
3.89374
3.88526
3.87623
3.86597
3.85332
3.8398
3.8259
3.81196
3.79742
3.78163
3.76441
3.74576
3.72525
3.70296
3.67929
3.65501
3.63031
3.60496
3.57852
3.55035
3.52009
3.48803
3.45511
3.42278
3.39193
3.3627
3.33472
3.30732
3.28013
3.25289
3.22533
3.1974
3.16953
3.1423
3.11625
3.09155
3.06809
3.04564
3.0241
3.00351
2.98391
2.96516
2.94699
2.92912
2.91132
2.89344
2.87543
2.85734
2.83932
2.82167
2.80476
2.78883
2.77403
2.76033
2.74761
2.73563
2.72422
2.7132
2.70242
2.6917
2.68096
2.67017
2.65934
2.64825
2.63713
2.62618
2.61537
2.60466
2.59406
2.58366
2.57352
2.56367
2.55406
2.54463
2.53535
2.52621
2.51731
2.50865
2.50024
2.49211
2.48424
2.47657
2.46906
2.46164
2.45422
2.44673
2.43918
2.43152
2.42375
2.41601
2.40822
2.40055
2.3927
2.38536
2.37553
2.38604
4.99506
4.56396
3.99092
3.90868
3.90866
3.91714
3.92095
3.91946
3.91473
3.90637
3.8959
3.88367
3.8713
3.85916
3.84579
3.83129
3.81539
3.79808
3.77946
3.75938
3.73757
3.71447
3.69001
3.66401
3.63664
3.60795
3.57763
3.54557
3.51216
3.47818
3.44415
3.41016
3.37586
3.34078
3.30476
3.26826
3.23229
3.19815
3.16645
3.13704
3.10946
3.08304
3.05727
3.0318
3.00631
2.98073
2.95544
2.93105
2.90802
2.88648
2.86625
2.84699
2.8285
2.81086
2.79408
2.77801
2.76243
2.74708
2.73174
2.71629
2.7007
2.68501
2.66938
2.6541
2.63953
2.62588
2.61325
2.60158
2.59073
2.58047
2.57063
2.56106
2.55164
2.54223
2.53276
2.52327
2.5137
2.5039
2.49411
2.48448
2.47498
2.46557
2.45623
2.44701
2.43798
2.42915
2.42049
2.41196
2.40354
2.39524
2.38716
2.37929
2.37165
2.36423
2.35701
2.34996
2.34302
2.33618
2.3293
2.32239
2.31541
2.30835
2.3012
2.29412
2.28699
2.27999
2.27278
2.26608
2.25771
2.27099
4.97641
4.26904
3.94275
3.89365
3.89723
3.8949
3.89142
3.88484
3.87308
3.85749
3.8402
3.82239
3.80386
3.78386
3.76202
3.73866
3.71395
3.68764
3.65893
3.62772
3.59446
3.55938
3.52258
3.48455
3.44585
3.40666
3.36691
3.32671
3.28654
3.24707
3.20865
3.17145
3.13532
3.09974
3.06444
3.02958
2.99602
2.96482
2.93637
2.91039
2.88629
2.86336
2.84106
2.81902
2.79696
2.77486
2.75312
2.7323
2.71282
2.69469
2.6777
2.6615
2.64592
2.63097
2.6167
2.60302
2.58971
2.57656
2.56337
2.55
2.53647
2.52282
2.50923
2.49599
2.48344
2.47173
2.46092
2.45094
2.44163
2.43279
2.42424
2.41585
2.40753
2.39918
2.39076
2.38233
2.37384
2.36511
2.35648
2.34797
2.33958
2.33123
2.32289
2.31461
2.30643
2.29838
2.29044
2.2826
2.27485
2.26723
2.25982
2.2526
2.24558
2.23876
2.23209
2.22555
2.21911
2.21275
2.20635
2.19993
2.19345
2.18692
2.1803
2.17379
2.16721
2.16079
2.15413
2.14799
2.14061
2.16146
4.88981
4.0773
3.91958
3.87925
3.86803
3.85212
3.83666
3.82013
3.79993
3.77713
3.7492
3.7189
3.68873
3.65831
3.62628
3.59174
3.55443
3.51456
3.47268
3.42913
3.3837
3.33686
3.28948
3.24253
3.19687
3.15286
3.11021
3.06886
3.02903
2.9909
2.95466
2.92047
2.88801
2.85671
2.82611
2.79628
2.76778
2.74142
2.71753
2.69582
2.67573
2.65659
2.63788
2.61924
2.60049
2.58169
2.56325
2.5457
2.52935
2.51417
2.4999
2.48624
2.47304
2.46035
2.4482
2.43653
2.42515
2.41386
2.40244
2.39079
2.37894
2.36697
2.35507
2.34356
2.33271
2.32265
2.31336
2.30476
2.29671
2.289
2.2815
2.27406
2.26664
2.25917
2.25163
2.24412
2.23656
2.22877
2.22112
2.2136
2.20614
2.19863
2.19108
2.1835
2.17596
2.16848
2.16109
2.15379
2.14658
2.13952
2.13268
2.12601
2.11952
2.1132
2.10701
2.10093
2.09492
2.08899
2.08301
2.07703
2.071
2.06493
2.05879
2.05277
2.04667
2.04075
2.03456
2.02894
2.02222
2.0541
4.68227
4.01315
3.89401
3.84395
3.80749
3.77532
3.74975
3.71881
3.68011
3.63881
3.59608
3.55273
3.50953
3.46519
3.41846
3.3694
3.31846
3.2667
3.21485
3.16272
3.11071
3.05966
3.01018
2.9632
2.91926
2.87827
2.83985
2.80368
2.76951
2.73715
2.70659
2.67797
2.6511
2.62537
2.60027
2.57571
2.55218
2.53037
2.51064
2.49277
2.4762
2.46032
2.44465
2.42888
2.41291
2.3969
2.38127
2.36651
2.35281
2.34006
2.32802
2.31641
2.30514
2.29427
2.28386
2.27386
2.2641
2.25434
2.2444
2.23418
2.22372
2.21314
2.20267
2.19263
2.18324
2.17457
2.16655
2.1591
2.15208
2.1453
2.13864
2.13198
2.12532
2.1186
2.11183
2.10512
2.09841
2.0915
2.08468
2.07801
2.07129
2.06447
2.05748
2.05041
2.04333
2.03629
2.02933
2.02249
2.01574
2.00917
2.00282
1.99664
1.99062
1.98475
1.97899
1.97331
1.9677
1.96216
1.95657
1.95099
1.94536
1.93972
1.934
1.92843
1.92276
1.91728
1.9115
1.90634
1.90028
1.94622
4.46298
3.96519
3.8458
3.76412
3.69847
3.64476
3.58954
3.53337
3.47605
3.41792
3.35859
3.3005
3.24416
3.18793
3.13089
3.07359
3.01651
2.96102
2.90766
2.85694
2.80877
2.76302
2.71965
2.6792
2.64212
2.60819
2.57689
2.54775
2.52029
2.49418
2.46941
2.44621
2.42446
2.4036
2.38313
2.36301
2.34364
2.32565
2.3094
2.2947
2.28103
2.2678
2.25458
2.24113
2.22746
2.21379
2.20057
2.18817
2.17668
2.16593
2.15569
2.14574
2.13604
2.12669
2.11775
2.10918
2.10079
2.09235
2.08366
2.07463
2.06534
2.05597
2.04676
2.038
2.02989
2.02242
2.01549
2.00902
2.00285
1.99684
1.99086
1.98486
1.97884
1.97278
1.96672
1.96076
1.95483
1.94875
1.94265
1.93665
1.93048
1.92415
1.9176
1.91089
1.90417
1.8975
1.89094
1.88452
1.87821
1.87209
1.8662
1.86047
1.85488
1.84942
1.84406
1.83876
1.83353
1.82837
1.82314
1.81794
1.8127
1.80746
1.80216
1.79699
1.79172
1.78664
1.78124
1.7765
1.77107
1.83556
4.25734
3.85576
3.72447
3.6036
3.4998
3.40736
3.32355
3.24997
3.17945
3.10636
3.03252
2.96343
2.90047
2.841
2.78345
2.72849
2.67591
2.62688
2.58175
2.54017
2.50155
2.4652
2.43073
2.39862
2.36932
2.34262
2.31811
2.29533
2.27376
2.25304
2.23322
2.21457
2.19705
2.18018
2.16351
2.147
2.13106
2.11624
2.10291
2.09086
2.07961
2.06857
2.05737
2.04585
2.03411
2.0225
2.0114
2.00107
1.99148
1.98242
1.97368
1.96512
1.95677
1.94874
1.9411
1.93379
1.92662
1.91934
1.91173
1.90374
1.8955
1.88721
1.87914
1.87156
1.8646
1.85821
1.85225
1.84662
1.84118
1.83581
1.83041
1.82498
1.81952
1.81408
1.80867
1.8034
1.79826
1.79287
1.78739
1.7818
1.77608
1.77002
1.76382
1.75746
1.75113
1.74487
1.73873
1.73276
1.72694
1.72127
1.71587
1.71059
1.70542
1.70037
1.6954
1.69051
1.68566
1.68087
1.67602
1.67121
1.66639
1.66157
1.6567
1.65193
1.64706
1.64238
1.63737
1.63297
1.62824
1.71743
4.04383
3.65813
3.47355
3.30551
3.16521
3.04818
2.94168
2.85082
2.76563
2.68584
2.61223
2.547
2.49021
2.43923
2.39317
2.35053
2.31009
2.27291
2.23933
2.20907
2.18125
2.15467
2.12886
2.10437
2.08192
2.06156
2.04297
2.02572
2.00924
1.99315
1.97757
1.9628
1.94885
1.93533
1.92186
1.90848
1.89554
1.88358
1.87288
1.86321
1.85409
1.84494
1.8354
1.82547
1.81542
1.80567
1.79655
1.78813
1.78027
1.7727
1.76528
1.75797
1.75085
1.74406
1.73764
1.73152
1.72547
1.71923
1.7126
1.70556
1.69828
1.69102
1.68407
1.67764
1.6718
1.66643
1.66139
1.65655
1.65177
1.64697
1.6421
1.63719
1.63227
1.62744
1.62268
1.61807
1.61375
1.60886
1.60376
1.59842
1.5931
1.58733
1.58148
1.57565
1.5699
1.56426
1.55875
1.55338
1.54815
1.54307
1.53831
1.53358
1.52891
1.52435
1.51987
1.51547
1.51108
1.50677
1.50241
1.49809
1.49382
1.48952
1.48516
1.48089
1.47652
1.47231
1.46783
1.46363
1.45991
1.581
3.69981
3.31279
3.05963
2.84944
2.67276
2.51444
2.38402
2.28668
2.20705
2.13758
2.07637
2.02494
1.98428
1.9518
1.92646
1.90218
1.87757
1.85454
1.83426
1.81643
1.8
1.78356
1.76662
1.74993
1.7345
1.72064
1.70815
1.69656
1.68525
1.67385
1.66255
1.6517
1.64138
1.63127
1.62114
1.6111
1.60147
1.59267
1.58487
1.57776
1.57085
1.5636
1.55568
1.54733
1.53909
1.53143
1.52453
1.51825
1.51226
1.50632
1.50035
1.49446
1.48878
1.48343
1.47841
1.47361
1.4688
1.46372
1.45819
1.45228
1.44619
1.44023
1.43467
1.42967
1.42517
1.42102
1.41706
1.41317
1.40921
1.40514
1.40097
1.39678
1.39262
1.38862
1.38474
1.38099
1.37781
1.37332
1.36855
1.36357
1.35858
1.35362
1.34866
1.34373
1.33896
1.33429
1.32978
1.32541
1.32114
1.31694
1.31309
1.3092
1.30526
1.30149
1.29778
1.29411
1.29048
1.28688
1.28328
1.27974
1.2763
1.27281
1.26919
1.26569
1.26211
1.25849
1.25483
1.25069
1.24854
1.40206
3.23119
2.85519
2.50762
2.17806
1.87205
1.63596
1.49004
1.39248
1.32901
1.28558
1.25449
1.23253
1.22142
1.21937
1.2273
1.23288
1.23424
1.23421
1.23507
1.23673
1.23792
1.23693
1.23363
1.22917
1.22486
1.22141
1.21866
1.21606
1.21288
1.20888
1.20445
1.20004
1.19573
1.1914
1.18698
1.18268
1.1787
1.17526
1.17229
1.16941
1.16616
1.16209
1.1571
1.15176
1.14698
1.14321
1.14028
1.13768
1.13493
1.13183
1.12848
1.12517
1.12212
1.11937
1.11686
1.11443
1.11184
1.10889
1.10549
1.1018
1.09808
1.09464
1.09171
1.08926
1.08708
1.08502
1.08293
1.08072
1.07828
1.07567
1.07297
1.07031
1.06773
1.06544
1.06334
1.06124
1.06024
1.05655
1.05281
1.04865
1.04476
1.04116
1.03783
1.03442
1.0313
1.02812
1.02518
1.02234
1.01964
1.01677
1.01439
1.01176
1.00898
1.00645
1.00394
1.00144
0.999038
0.996607
0.99423
0.991901
0.98984
0.98756
0.985221
0.982879
0.980603
0.977811
0.975359
0.971203
0.971684
1.13844
0.423958
0.402729
0.30068
0.112463
0.0101034
0.0668162
0.117527
0.146922
0.140587
0.191282
0.246083
0.239771
0.188984
0.103951
0.00674217
0.0628555
0.160448
0.25934
0.35563
0.447122
0.527636
0.597082
0.664596
0.705828
0.761834
0.823193
0.870894
0.899094
0.922278
0.955391
0.979642
0.995536
1.00851
1.02382
1.03919
1.04902
1.05405
1.05665
1.06145
1.0684
1.07235
1.07357
1.07269
1.07165
1.0735
1.07492
1.07501
1.07379
1.07187
1.07061
1.07079
1.06988
1.06802
1.06553
1.06313
1.06212
1.06231
1.06323
1.06436
1.06413
1.06103
1.05819
1.05649
1.05592
1.05718
1.06079
1.06642
1.07277
1.07697
1.07771
1.07497
1.07161
1.06949
1.06911
1.07127
1.07545
1.0809
1.08516
1.08705
1.08236
0.868411
0.847509
0.729796
0.383523
0.076195
0.0550023
0.115281
0.148369
0.14362
0.199013
0.251898
0.242117
0.185391
0.0943485
0.0122646
0.122107
0.229447
0.332499
0.433125
0.529396
0.616406
0.692155
0.767943
0.815897
0.877581
0.945064
0.999525
1.03483
1.06357
1.10233
1.13225
1.15366
1.17165
1.19152
1.21171
1.22626
1.23567
1.24205
1.24987
1.26002
1.26711
1.27127
1.27313
1.27437
1.27811
1.28182
1.2839
1.28447
1.28407
1.2841
1.28533
1.28579
1.28523
1.28376
1.28203
1.28163
1.28198
1.28314
1.28473
1.28537
1.28297
1.28063
1.27908
1.27856
1.27984
1.28363
1.28992
1.29766
1.3041
1.30762
1.3075
1.30628
1.3058
1.30686
1.31049
1.31658
1.32469
1.33259
1.33867
1.34093
1.19121
1.17429
1.07357
0.686843
0.219676
0.0126587
0.0937417
0.13688
0.137676
0.196706
0.247254
0.231692
0.165711
0.0671214
0.047603
0.171922
0.286986
0.394814
0.499109
0.599804
0.692121
0.772088
0.853211
0.905664
0.970657
1.04154
1.09989
1.13983
1.17229
1.21439
1.24787
1.27297
1.29443
1.31739
1.34078
1.35859
1.37122
1.38055
1.3907
1.40321
1.41268
1.41918
1.4234
1.42668
1.43206
1.43761
1.44141
1.44358
1.4446
1.4458
1.44797
1.44959
1.45014
1.44969
1.44864
1.44893
1.44944
1.45084
1.4528
1.45411
1.45241
1.45061
1.44933
1.44894
1.45026
1.45411
1.46067
1.46914
1.47698
1.48239
1.48427
1.48476
1.48562
1.4878
1.49245
1.49973
1.50948
1.51967
1.52861
1.53575
1.43675
1.424
1.34731
0.990845
0.435155
0.0967672
0.0446845
0.106068
0.117687
0.181985
0.228618
0.206466
0.132713
0.0304471
0.0932839
0.221136
0.341934
0.453872
0.562379
0.666502
0.762641
0.845308
0.929653
0.985086
1.05182
1.12411
1.18422
1.22684
1.26155
1.3052
1.34049
1.36771
1.39131
1.4161
1.44134
1.46115
1.47593
1.48739
1.49925
1.51338
1.52454
1.53278
1.53878
1.5437
1.55038
1.55733
1.5625
1.56599
1.56823
1.57037
1.57344
1.57595
1.57745
1.57787
1.57744
1.57845
1.57917
1.58084
1.58311
1.5849
1.58384
1.58255
1.58159
1.58141
1.58284
1.58674
1.59343
1.60223
1.61085
1.61749
1.62078
1.62262
1.62461
1.62774
1.63322
1.64136
1.65222
1.6639
1.6748
1.68555
1.63155
1.62202
1.56629
1.27245
0.699408
0.253595
0.0422616
0.0566212
0.0840935
0.154913
0.198537
0.171165
0.0923369
0.0280685
0.144776
0.27507
0.400962
0.517531
0.630079
0.736921
0.835899
0.920526
1.00688
1.06442
1.13201
1.20445
1.26487
1.30874
1.34459
1.38847
1.42426
1.4524
1.47705
1.50267
1.5287
1.5495
1.5655
1.57831
1.59124
1.60633
1.61853
1.62789
1.63506
1.64109
1.64868
1.65656
1.66268
1.66712
1.67029
1.67312
1.67695
1.68013
1.68238
1.68348
1.68356
1.68523
1.68617
1.6881
1.69063
1.69275
1.69224
1.69136
1.69069
1.69077
1.69236
1.69635
1.70308
1.71203
1.72105
1.72843
1.7327
1.73554
1.73846
1.74241
1.74862
1.75747
1.76916
1.78188
1.79416
1.80764
1.79573
1.7882
1.7475
1.51585
0.984932
0.467631
0.158194
0.0199093
0.0384105
0.118718
0.160209
0.128652
0.0477289
0.077637
0.203848
0.338231
0.470019
0.591717
0.70802
0.817391
0.918752
1.00502
1.0924
1.15135
1.21902
1.29061
1.35014
1.39407
1.43005
1.47297
1.50815
1.53618
1.56095
1.58652
1.61243
1.63336
1.64978
1.66323
1.67661
1.69204
1.70468
1.71462
1.72246
1.7292
1.73731
1.74571
1.75243
1.7575
1.76133
1.76464
1.76902
1.77269
1.77548
1.77711
1.77765
1.77983
1.78098
1.78311
1.78582
1.78814
1.78809
1.78755
1.78712
1.78745
1.78922
1.79328
1.8
1.80893
1.81809
1.82588
1.83082
1.83441
1.83808
1.84271
1.84955
1.85896
1.87125
1.88471
1.89796
1.91358
1.94342
1.9371
1.9053
1.7275
1.26119
0.729737
0.32388
0.110178
0.0245777
0.0766703
0.113925
0.0786606
0.0297067
0.140461
0.274495
0.415882
0.555034
0.682167
0.802589
0.914772
1.01814
1.10587
1.19315
1.25255
1.31945
1.38909
1.44644
1.4892
1.52416
1.56482
1.59825
1.62517
1.64916
1.67376
1.69863
1.71886
1.73494
1.74835
1.76154
1.77666
1.78913
1.79912
1.80718
1.81419
1.82241
1.83095
1.83788
1.84325
1.84744
1.85102
1.85565
1.8596
1.86271
1.8647
1.86558
1.86809
1.86938
1.87164
1.87439
1.87679
1.87705
1.87677
1.87655
1.87707
1.87898
1.88307
1.88969
1.89845
1.90753
1.91547
1.92083
1.92495
1.92918
1.93433
1.94167
1.9515
1.9642
1.97813
1.99204
2.00927
2.08291
2.07746
2.05028
1.92192
1.50719
1.01602
0.545074
0.242987
0.103466
0.0444033
0.0575947
0.0227832
0.0883751
0.217843
0.363685
0.516352
0.665208
0.798979
0.924364
1.03963
1.14368
1.23231
1.31707
1.37532
1.44025
1.50632
1.55986
1.59995
1.63251
1.66935
1.69973
1.72448
1.7467
1.76929
1.7921
1.81073
1.82568
1.83836
1.85065
1.86473
1.87639
1.88584
1.89362
1.90044
1.90832
1.91654
1.92326
1.92854
1.93276
1.93638
1.9409
1.94483
1.94798
1.95011
1.95121
1.95376
1.95511
1.95737
1.95996
1.96228
1.96266
1.96254
1.96246
1.96308
1.96505
1.96906
1.97546
1.98388
1.99268
2.00053
2.00608
2.01052
2.0151
2.0206
2.02826
2.03834
2.05124
2.06543
2.07968
2.09805
2.21869
2.214
2.19094
2.10356
1.72867
1.29689
0.817484
0.427671
0.213696
0.0857231
0.0140461
0.0612522
0.17273
0.318889
0.482858
0.652025
0.814007
0.956291
1.08762
1.20633
1.30874
1.3972
1.47572
1.5305
1.59118
1.64958
1.69693
1.73238
1.76082
1.79198
1.81775
1.8391
1.85841
1.87775
1.89729
1.91327
1.92624
1.93743
1.94805
1.96023
1.97035
1.97863
1.98557
1.99169
1.99869
2.00606
2.01209
2.01686
2.02069
2.02406
2.02804
2.03158
2.03445
2.03648
2.03759
2.03983
2.0411
2.04317
2.04535
2.04734
2.04767
2.04754
2.04746
2.04808
2.04996
2.05375
2.05977
2.06764
2.07591
2.08343
2.08894
2.09347
2.09819
2.10382
2.11161
2.12172
2.13459
2.14879
2.16308
2.18208
2.35394
2.34978
2.33131
2.26832
1.94614
1.5566
1.11795
0.673033
0.367842
0.179739
0.106564
0.157553
0.285756
0.456777
0.645268
0.835329
1.0128
1.16578
1.30392
1.42734
1.52601
1.61325
1.6819
1.73076
1.78409
1.82863
1.86501
1.89303
1.9155
1.93871
1.95786
1.97433
1.98936
2.00399
2.01879
2.03086
2.04089
2.0498
2.0579
2.06712
2.07486
2.08122
2.0867
2.09153
2.09704
2.10292
2.10769
2.11146
2.11444
2.11718
2.12012
2.1229
2.12505
2.12666
2.12753
2.12906
2.13007
2.13165
2.13308
2.13446
2.1345
2.13414
2.13389
2.13436
2.13597
2.13933
2.14473
2.15178
2.15924
2.16615
2.17138
2.17577
2.18039
2.18593
2.1936
2.20349
2.21606
2.22995
2.24396
2.26308
2.49141
2.4873
2.47328
2.4179
2.17995
1.79646
1.41269
0.971728
0.580689
0.315727
0.234336
0.288461
0.438672
0.64289
0.86051
1.07436
1.26843
1.43421
1.57946
1.70922
1.80146
1.88598
1.94102
1.98215
2.02589
2.05214
2.07179
2.08929
2.10423
2.11586
2.12588
2.13575
2.14479
2.15315
2.1614
2.16805
2.17412
2.17983
2.18451
2.18953
2.1939
2.19746
2.20078
2.20366
2.20697
2.21056
2.21343
2.21564
2.21725
2.21875
2.22023
2.22179
2.22272
2.22352
2.22381
2.22419
2.22469
2.22535
2.22563
2.22607
2.22555
2.22468
2.22404
2.22411
2.22523
2.22793
2.23241
2.23828
2.24456
2.25055
2.25523
2.25924
2.26349
2.26867
2.27594
2.28533
2.29724
2.31048
2.32384
2.34254
2.63369
2.62896
2.61874
2.57212
2.41883
2.02798
1.68829
1.29454
0.859129
0.503275
0.408061
0.463837
0.641744
0.884436
1.1323
1.37231
1.58206
1.75986
1.91048
2.04575
2.12697
2.20551
2.24322
2.27535
2.30797
2.31599
2.31771
2.32494
2.33148
2.32886
2.32682
2.32785
2.32905
2.32971
2.32931
2.32917
2.33033
2.33175
2.33204
2.33165
2.33147
2.33119
2.33158
2.33182
2.3321
2.33252
2.33276
2.33275
2.33238
2.332
2.33158
2.33111
2.33052
2.33
2.3292
2.32818
2.32762
2.32685
2.32552
2.32463
2.32323
2.32155
2.32021
2.31957
2.31995
2.32167
2.32484
2.32908
2.33376
2.33846
2.34229
2.34565
2.34926
2.3538
2.36035
2.36886
2.37972
2.39189
2.40419
2.42183
2.78328
2.77756
2.77015
2.73564
2.63623
2.26912
1.9535
1.60988
1.18794
0.756108
0.635058
0.692166
0.900503
1.18213
1.45867
1.72486
1.94444
2.12819
2.27833
2.41208
2.47525
2.54246
2.56168
2.58502
2.60672
2.6009
2.58782
2.5886
2.58555
2.57171
2.55886
2.54994
2.5426
2.53514
2.52406
2.51682
2.512
2.5079
2.50318
2.49653
2.4905
2.4856
2.48205
2.47902
2.4754
2.47193
2.46872
2.46579
2.4628
2.45994
2.45686
2.4538
2.45112
2.4488
2.44638
2.44378
2.44144
2.43867
2.43525
2.43257
2.4299
2.4271
2.42471
2.42305
2.42232
2.42274
2.42414
2.42623
2.42878
2.43175
2.43439
2.43681
2.43946
2.44306
2.44855
2.45578
2.46508
2.47569
2.48644
2.50233
2.94292
2.93686
2.93081
2.90823
2.82334
2.56084
2.20709
1.90574
1.53067
1.06912
0.914467
0.97504
1.21285
1.52969
1.83128
2.11671
2.33484
2.51154
2.64753
2.76074
2.79845
2.84703
2.84815
2.86456
2.87733
2.86768
2.84787
2.85049
2.84021
2.82118
2.8021
2.78393
2.77263
2.75758
2.7382
2.72473
2.71418
2.70486
2.69514
2.68201
2.66986
2.66017
2.65237
2.64532
2.63749
2.62957
2.6224
2.61605
2.61004
2.60414
2.59785
2.59174
2.58644
2.5819
2.57738
2.57275
2.56808
2.56276
2.55679
2.55185
2.54751
2.54332
2.53957
2.53654
2.53433
2.53298
2.53215
2.53153
2.53142
2.53226
2.53334
2.53455
2.53594
2.53828
2.5423
2.54777
2.55497
2.56341
2.57206
2.58543
3.11641
3.11145
3.10488
3.09107
3.02968
2.8776
2.46047
2.19268
1.86202
1.409
1.23352
1.30482
1.56671
1.9156
2.23524
2.52406
2.72305
2.8807
2.98719
3.06373
3.07335
3.09972
3.0848
3.0962
3.09949
3.08418
3.05798
3.05743
3.04857
3.03097
3.01449
2.99546
2.98397
2.96648
2.94536
2.92851
2.91536
2.90399
2.89112
2.87377
2.85775
2.84437
2.83331
2.82314
2.81179
2.80005
2.78925
2.77965
2.77076
2.76196
2.75244
2.74325
2.73522
2.72826
2.72149
2.71461
2.70741
2.69931
2.69054
2.68306
2.67679
2.67095
2.66559
2.661
2.65718
2.65382
2.65038
2.64658
2.64335
2.64154
2.64073
2.64045
2.64023
2.64108
2.64339
2.64658
2.65102
2.65661
2.66254
2.67256
3.30921
3.30537
3.29791
3.28855
3.2515
3.12365
2.78519
2.4936
2.18522
1.74174
1.57487
1.66512
1.94906
2.31862
2.64192
2.92143
3.09121
3.2043
3.25494
3.28818
3.27573
3.27634
3.25094
3.25804
3.25279
3.23436
3.20706
3.2002
3.1915
3.17471
3.15705
3.14401
3.13664
3.12281
3.10555
3.08889
3.07895
3.07088
3.05882
3.04228
3.02623
3.01297
3.00231
2.99193
2.97891
2.96556
2.95315
2.94208
2.93184
2.92165
2.91012
2.89877
2.88872
2.88003
2.87172
2.86313
2.85391
2.84349
2.8324
2.8227
2.81468
2.80745
2.80064
2.79456
2.78912
2.78383
2.77779
2.77085
2.76452
2.76014
2.75732
2.7556
2.75389
2.75287
2.75287
2.75334
2.75458
2.75674
2.75934
2.76519
3.52682
3.52258
3.51554
3.50684
3.48766
3.41082
3.21802
2.8047
2.5231
2.06635
1.92836
2.04301
2.34971
2.70786
3.01108
3.2619
3.40401
3.49128
3.50982
3.4998
3.46678
3.43914
3.38898
3.38227
3.35718
3.3244
3.29535
3.27929
3.27225
3.25723
3.2464
3.23262
3.22814
3.21824
3.20241
3.18883
3.18358
3.17993
3.17044
3.15924
3.14609
3.13613
3.12902
3.12243
3.1117
3.10015
3.08937
3.07984
3.07121
3.06222
3.05087
3.03977
3.02978
3.02101
3.01282
3.00424
2.99473
2.98337
2.97131
2.96069
2.9519
2.94397
2.93667
2.93052
2.92499
2.91887
2.91119
2.90182
2.89295
2.88601
2.88159
2.87858
2.8754
2.87332
2.87153
2.86903
2.86659
2.86492
2.86375
2.86481
3.77178
3.76542
3.76022
3.75099
3.73981
3.7008
3.55454
3.2169
2.88361
2.4161
2.3101
2.45706
2.74434
3.03577
3.29207
3.49378
3.6233
3.69876
3.71728
3.68733
3.63214
3.57411
3.50643
3.47546
3.43504
3.39181
3.36338
3.34079
3.32126
3.29981
3.28818
3.28296
3.27793
3.26683
3.25414
3.24436
3.24189
3.2397
3.23417
3.22545
3.21518
3.20919
3.20589
3.20177
3.19482
3.18641
3.17873
3.17232
3.16662
3.16046
3.15166
3.1427
3.13474
3.12809
3.12216
3.11602
3.10863
3.09884
3.08845
3.07896
3.07118
3.0647
3.05868
3.05388
3.04974
3.04499
3.03783
3.02855
3.01951
3.01255
3.00779
3.00561
3.00234
2.99912
2.99563
2.99158
2.98662
2.9814
2.97636
2.9723
4.03932
4.03125
4.02589
4.01806
4.00851
3.99049
3.91147
3.65798
3.28727
2.82141
2.75898
2.91168
3.10817
3.31039
3.49795
3.63754
3.73205
3.8191
3.84814
3.8416
3.80995
3.7365
3.64925
3.56956
3.49046
3.43217
3.41124
3.38319
3.3523
3.32971
3.31786
3.31194
3.3047
3.289
3.27813
3.27069
3.27144
3.26896
3.26335
3.25874
3.25198
3.24819
3.24673
3.24431
3.24002
3.2335
3.22894
3.22507
3.22192
3.21783
3.2117
3.20565
3.20026
3.1963
3.19389
3.1911
3.18571
3.17811
3.17041
3.16338
3.15777
3.15431
3.15245
3.15218
3.15208
3.15063
3.14593
3.13855
3.13118
3.12546
3.12329
3.12242
3.12192
3.12335
3.12194
3.11752
3.11124
3.10406
3.09611
3.08737
4.30985
4.30198
4.29572
4.28859
4.28131
4.26663
4.21627
4.05386
3.67605
3.34018
3.12756
3.20218
3.28632
3.42949
3.56939
3.68289
3.77432
3.85114
3.8689
3.89257
3.89884
3.88131
3.82312
3.71789
3.58786
3.51862
3.4633
3.41271
3.36635
3.34374
3.33817
3.33326
3.31776
3.29938
3.29106
3.28806
3.28647
3.28209
3.27445
3.27303
3.26862
3.26711
3.26542
3.26356
3.26052
3.25686
3.25444
3.25225
3.25012
3.24704
3.24323
3.23932
3.23616
3.2345
3.23427
3.23357
3.22913
3.22458
3.21907
3.21431
3.2115
3.21138
3.21281
3.21607
3.21994
3.22261
3.2207
3.21742
3.2146
3.21374
3.21551
3.22063
3.22509
3.23021
3.23463
3.23615
3.23251
3.22503
3.21601
3.2054
4.54704
4.54088
4.53539
4.52806
4.51631
4.47975
4.39479
4.18937
3.93943
3.80344
3.58431
3.51875
3.46638
3.50213
3.55299
3.62558
3.70388
3.77063
3.82881
3.87654
3.90509
3.90305
3.89134
3.86191
3.77645
3.6645
3.54441
3.46523
3.40275
3.37575
3.36184
3.34564
3.31607
3.30076
3.30181
3.30024
3.29619
3.28649
3.27864
3.27754
3.27743
3.27599
3.2747
3.26992
3.26696
3.26561
3.26491
3.26356
3.26176
3.25849
3.25615
3.25396
3.25225
3.25284
3.25442
3.25401
3.25096
3.24832
3.24409
3.24156
3.2406
3.24354
3.2493
3.25706
3.26387
3.26857
3.26798
3.26696
3.26698
3.26943
3.27626
3.28528
3.30184
3.31894
3.32857
3.33305
3.33462
3.33127
3.32471
3.31685
4.72023
4.71556
4.70857
4.69205
4.65267
4.56283
4.39618
4.1586
4.01285
3.99673
3.89253
3.79453
3.69461
3.65369
3.65219
3.64183
3.65136
3.6769
3.71892
3.77124
3.82159
3.85772
3.87718
3.87375
3.85992
3.82293
3.72501
3.60274
3.49152
3.41808
3.37374
3.34342
3.32176
3.31462
3.31706
3.31033
3.29927
3.28374
3.27945
3.28061
3.28284
3.28108
3.27671
3.27122
3.26896
3.26887
3.26941
3.26861
3.26576
3.26274
3.26115
3.26066
3.26066
3.26245
3.26388
3.26311
3.26146
3.25946
3.2569
3.25599
3.25722
3.26005
3.26746
3.27752
3.28608
3.29185
3.29346
3.29577
3.29896
3.30511
3.31702
3.3326
3.34552
3.36736
3.39077
3.40262
3.40646
3.40785
3.40758
3.40901
4.82611
4.81693
4.79666
4.75349
4.65534
4.46209
4.23298
4.11361
4.00914
3.99221
3.98894
3.97149
3.9041
3.81949
3.73921
3.68933
3.67967
3.68099
3.68644
3.69886
3.72017
3.7526
3.79124
3.82316
3.84257
3.83943
3.82466
3.78042
3.67648
3.54793
3.43537
3.36045
3.34557
3.33968
3.33065
3.3149
3.29262
3.28336
3.28388
3.28557
3.28634
3.28222
3.27456
3.27089
3.27022
3.2714
3.27214
3.27039
3.26663
3.26429
3.26345
3.26387
3.26634
3.26889
3.2681
3.26709
3.26543
3.26438
3.26377
3.26391
3.26651
3.27419
3.2847
3.294
3.30091
3.3056
3.30915
3.31148
3.31584
3.32399
3.33767
3.35621
3.3846
3.40451
3.42419
3.44069
3.45206
3.45966
3.46453
3.47555
4.87342
4.85004
4.79785
4.66688
4.46797
4.24513
4.10066
4.03486
4.00311
3.99517
3.99308
3.98865
3.97513
3.95103
3.90227
3.83519
3.77214
3.73043
3.69865
3.69452
3.69857
3.70621
3.71816
3.73685
3.76433
3.79306
3.81269
3.80831
3.78992
3.7332
3.61401
3.48545
3.4036
3.35811
3.33608
3.30786
3.29719
3.29418
3.29373
3.29171
3.28564
3.27692
3.2735
3.27201
3.27322
3.2746
3.27307
3.26829
3.2662
3.26439
3.26487
3.26711
3.27091
3.27141
3.27015
3.26762
3.26656
3.26663
3.26729
3.27011
3.27746
3.2884
3.29835
3.30693
3.31207
3.31558
3.31952
3.32525
3.33397
3.34643
3.36431
3.38588
3.41415
3.43002
3.44718
3.46205
3.47535
3.49202
3.50184
3.51909
4.86594
4.78462
4.62879
4.38759
4.22223
4.09914
4.03596
4.01214
3.99227
3.98292
3.9786
3.97664
3.97204
3.96872
3.96276
3.95053
3.92511
3.88102
3.82266
3.76727
3.73622
3.71664
3.71469
3.7177
3.72411
3.73591
3.75316
3.77206
3.78329
3.77752
3.75541
3.68915
3.5695
3.45608
3.3876
3.32485
3.3229
3.31241
3.30801
3.29524
3.27929
3.27585
3.27522
3.27656
3.27834
3.27659
3.26985
3.26534
3.26543
3.2657
3.26792
3.2712
3.27285
3.27194
3.26919
3.26677
3.26672
3.26753
3.27094
3.27872
3.28985
3.29984
3.30697
3.31416
3.32023
3.3251
3.33097
3.33943
3.35134
3.367
3.38718
3.40767
3.43007
3.451
3.46833
3.48266
3.49807
3.51055
3.5219
3.5452
4.71793
4.49809
4.31913
4.16558
4.07472
4.02394
3.99605
3.98318
3.97687
3.97379
3.97292
3.97306
3.96962
3.96501
3.96245
3.96048
3.95748
3.9516
3.93967
3.91372
3.87373
3.82683
3.78652
3.75936
3.73953
3.736
3.73876
3.74404
3.75271
3.76399
3.76154
3.7533
3.72464
3.64494
3.53444
3.42861
3.3765
3.33905
3.3191
3.29235
3.2897
3.28202
3.28344
3.28668
3.2822
3.27356
3.26711
3.26611
3.26651
3.26931
3.27395
3.2747
3.27347
3.26984
3.26697
3.26622
3.26699
3.27036
3.27857
3.2907
3.30125
3.30911
3.315
3.3203
3.32623
3.33324
3.34248
3.35508
3.37255
3.39164
3.41226
3.43178
3.45228
3.47297
3.48992
3.50593
3.51846
3.52357
3.53264
3.55606
4.3835
4.21783
4.10974
4.05045
4.00696
3.98872
3.98055
3.98066
3.97766
3.96962
3.96493
3.96279
3.96072
3.95889
3.95782
3.95751
3.95737
3.9567
3.95547
3.95252
3.94678
3.9363
3.91692
3.88673
3.84967
3.81237
3.78518
3.76918
3.7594
3.76042
3.76113
3.76021
3.75483
3.73969
3.70084
3.62534
3.51535
3.4225
3.36725
3.31828
3.31249
3.30266
3.3004
3.29344
3.28378
3.27227
3.27097
3.26924
3.27277
3.27763
3.27823
3.27607
3.27026
3.26631
3.26535
3.26615
3.26985
3.27856
3.29094
3.30217
3.30975
3.31568
3.31985
3.32422
3.33059
3.3408
3.35626
3.37556
3.39755
3.41658
3.43462
3.45033
3.46582
3.48174
3.49709
3.51312
3.52484
3.5389
3.55363
3.57896
4.13331
4.06333
4.01809
4.00253
3.99494
3.9816
3.97076
3.96689
3.96357
3.96121
3.95879
3.95683
3.95595
3.95526
3.95498
3.95515
3.95547
3.95528
3.95482
3.95458
3.95408
3.95276
3.95029
3.94601
3.93882
3.92536
3.90302
3.87502
3.84485
3.81803
3.7999
3.7854
3.77903
3.7713
3.75999
3.73739
3.69028
3.6044
3.49833
3.41419
3.3663
3.33782
3.31685
3.29582
3.2835
3.28183
3.27894
3.28179
3.28615
3.2837
3.27759
3.27042
3.26575
3.26405
3.26506
3.26969
3.2801
3.29379
3.30334
3.30982
3.31553
3.32109
3.32604
3.33252
3.3424
3.35765
3.37903
3.40099
3.42416
3.44089
3.45775
3.47184
3.48252
3.49408
3.50607
3.52176
3.53831
3.5556
3.57319
3.60352
4.04138
4.00332
3.98272
3.97202
3.96829
3.96625
3.96582
3.96139
3.9581
3.95562
3.9539
3.95307
3.95287
3.95315
3.95378
3.95378
3.95345
3.95311
3.95311
3.9532
3.95321
3.95332
3.95303
3.952
3.95106
3.9494
3.9465
3.94189
3.93423
3.92121
3.90191
3.87897
3.85551
3.83625
3.82054
3.80579
3.78611
3.75493
3.69561
3.61389
3.50427
3.4225
3.35739
3.32843
3.30019
3.30181
3.29797
3.29694
3.29207
3.28248
3.27061
3.26439
3.26299
3.26452
3.27085
3.28367
3.29525
3.30437
3.31019
3.31405
3.31742
3.322
3.33002
3.34277
3.36123
3.38308
3.40625
3.42498
3.44479
3.4595
3.47371
3.48221
3.49036
3.4998
3.51283
3.52907
3.55032
3.57395
3.59205
3.62231
3.98389
3.97809
3.97444
3.96961
3.96089
3.95734
3.957
3.95538
3.95396
3.95261
3.95176
3.95147
3.95183
3.95239
3.9529
3.95277
3.95245
3.95181
3.95144
3.95143
3.95149
3.9516
3.95183
3.9515
3.9512
3.95103
3.95079
3.9503
3.94936
3.94772
3.94502
3.94067
3.93373
3.92341
3.91063
3.89608
3.88102
3.86396
3.842
3.80804
3.73841
3.64235
3.51319
3.44079
3.37439
3.32942
3.32381
3.30358
3.28543
3.27109
3.27072
3.26464
3.26722
3.27549
3.28982
3.30036
3.30268
3.30561
3.31015
3.31543
3.32216
3.33218
3.34785
3.36968
3.39596
3.41589
3.43483
3.4498
3.46538
3.47969
3.49087
3.49751
3.50548
3.5151
3.52841
3.54592
3.56738
3.59116
3.6135
3.64458
3.96525
3.96312
3.9607
3.95764
3.95559
3.95512
3.95451
3.95292
3.95127
3.95074
3.95066
3.95088
3.95148
3.95187
3.95201
3.95188
3.95149
3.95104
3.9507
3.95055
3.9504
3.95023
3.95
3.95
3.95011
3.95017
3.95011
3.94994
3.94994
3.9497
3.94934
3.94867
3.94733
3.94537
3.94271
3.93905
3.93433
3.92842
3.92116
3.91144
3.8963
3.86807
3.80605
3.71007
3.58418
3.47612
3.39053
3.32985
3.30042
3.28026
3.28011
3.28072
3.28646
3.29256
3.30403
3.30397
3.30422
3.3049
3.30848
3.31589
3.32999
3.3512
3.37784
3.40222
3.42584
3.44193
3.45747
3.46599
3.47549
3.48364
3.49446
3.50709
3.52066
3.53486
3.55029
3.56758
3.58715
3.60687
3.62491
3.65282
3.95965
3.95896
3.95726
3.95355
3.95249
3.95218
3.95186
3.95121
3.9504
3.95027
3.95034
3.95053
3.95084
3.95094
3.9509
3.95077
3.95053
3.95023
3.94991
3.94959
3.94918
3.94883
3.9486
3.9484
3.94839
3.94855
3.94874
3.94882
3.94872
3.94844
3.94811
3.94776
3.94736
3.94684
3.94602
3.94463
3.94333
3.94183
3.94013
3.93814
3.93547
3.93132
3.92362
3.90806
3.86956
3.79386
3.65513
3.53957
3.43058
3.36593
3.33406
3.30752
3.31345
3.30651
3.29808
3.30226
3.30572
3.31169
3.32313
3.34173
3.36977
3.39338
3.41741
3.43214
3.44591
3.45976
3.47266
3.48379
3.49169
3.50185
3.51453
3.53041
3.54795
3.56463
3.58136
3.59713
3.6114
3.6257
3.64006
3.6641
3.95412
3.95322
3.95189
3.95109
3.95066
3.9506
3.95066
3.95044
3.94997
3.94971
3.94987
3.94997
3.95005
3.9501
3.94997
3.9497
3.94948
3.94927
3.94887
3.94825
3.94764
3.9473
3.94716
3.94709
3.94707
3.94712
3.94718
3.94724
3.94718
3.94681
3.94634
3.94591
3.94549
3.94498
3.94434
3.94363
3.94314
3.94304
3.94283
3.94244
3.94177
3.94078
3.93971
3.93829
3.93538
3.92809
3.90936
3.8676
3.77841
3.66316
3.5343
3.4503
3.38233
3.34597
3.31932
3.32254
3.32749
3.34242
3.3639
3.38651
3.41283
3.42686
3.44241
3.44617
3.45565
3.46162
3.47143
3.48579
3.50364
3.52172
3.54052
3.55824
3.57526
3.5912
3.60287
3.6145
3.62371
3.63341
3.64575
3.66956
3.95089
3.94989
3.94922
3.9488
3.94868
3.94877
3.94902
3.9491
3.94909
3.94916
3.94921
3.9493
3.94934
3.94914
3.94867
3.94826
3.948
3.94773
3.94726
3.94661
3.94599
3.94565
3.94558
3.94562
3.94562
3.9456
3.94566
3.94574
3.9456
3.94514
3.94453
3.94398
3.94359
3.94312
3.94252
3.94201
3.94165
3.94152
3.94159
3.9414
3.94112
3.9411
3.94145
3.94223
3.94319
3.94462
3.94607
3.94755
3.94346
3.9324
3.894
3.81736
3.68446
3.59058
3.49604
3.45501
3.42988
3.44358
3.43451
3.43687
3.44049
3.44743
3.45854
3.4699
3.48118
3.49449
3.51087
3.52705
3.54716
3.56361
3.57718
3.5903
3.604
3.61658
3.6289
3.6367
3.63965
3.64882
3.65981
3.68071
3.94755
3.94753
3.94726
3.94682
3.94644
3.94633
3.94657
3.94736
3.94811
3.9483
3.94813
3.9478
3.94724
3.94671
3.94617
3.94589
3.9458
3.94555
3.94523
3.94487
3.94451
3.94426
3.94425
3.94431
3.94432
3.94427
3.94422
3.94417
3.94397
3.94355
3.94303
3.94249
3.94201
3.94147
3.94087
3.94051
3.94033
3.94018
3.9402
3.94034
3.94072
3.94142
3.94258
3.94438
3.94735
3.95165
3.95865
3.96738
3.98009
3.99313
4.00891
4.02416
4.00872
3.98052
3.90107
3.79436
3.67232
3.60115
3.53823
3.50332
3.4917
3.4894
3.49167
3.50565
3.52767
3.55026
3.56722
3.5794
3.59666
3.59523
3.59679
3.60146
3.60839
3.62008
3.63406
3.64666
3.66173
3.67062
3.67947
3.69527
3.94353
3.9436
3.94376
3.94393
3.94427
3.94444
3.94442
3.94468
3.94512
3.94522
3.945
3.9445
3.94383
3.94331
3.94303
3.94298
3.94287
3.94293
3.94295
3.94289
3.94258
3.94227
3.94221
3.94232
3.94238
3.94235
3.94235
3.9423
3.94203
3.94143
3.94076
3.94017
3.93966
3.93925
3.93904
3.93901
3.93906
3.93911
3.93945
3.94007
3.94113
3.94263
3.94524
3.94879
3.95495
3.96255
3.97573
3.99006
4.01187
4.03456
4.06257
4.08835
4.11724
4.13439
4.14852
4.13185
4.08118
3.97405
3.83207
3.72504
3.64325
3.59487
3.59301
3.60139
3.6016
3.60422
3.60563
3.60975
3.61705
3.6246
3.63037
3.63511
3.64405
3.64887
3.65697
3.67049
3.6827
3.69345
3.70068
3.71317
3.93974
3.94031
3.9408
3.94108
3.94126
3.9414
3.94145
3.9412
3.94081
3.94042
3.94001
3.93983
3.93974
3.93956
3.93951
3.93965
3.94
3.94034
3.94056
3.94082
3.94105
3.94097
3.94078
3.94076
3.94085
3.94086
3.94063
3.94025
3.93979
3.93928
3.9388
3.93807
3.93761
3.93719
3.9369
3.93703
3.93749
3.93825
3.93939
3.94089
3.94329
3.94675
3.95232
3.95996
3.97118
3.98558
4.00561
4.02724
4.05557
4.08376
4.1141
4.14528
4.17674
4.20367
4.23478
4.25233
4.26892
4.25735
4.21861
4.13498
3.97447
3.83288
3.73675
3.67867
3.64502
3.63404
3.63524
3.63455
3.64046
3.65502
3.67736
3.69195
3.70455
3.6971
3.69424
3.6993
3.70361
3.7109
3.71908
3.73231
3.93661
3.9371
3.93736
3.93742
3.93732
3.93699
3.93662
3.93649
3.93643
3.93653
3.93658
3.93641
3.93621
3.93618
3.93639
3.93675
3.93711
3.93733
3.9375
3.93772
3.93789
3.93797
3.93805
3.9382
3.93832
3.93844
3.93823
3.93769
3.93694
3.93612
3.93539
3.93477
3.93442
3.93433
3.93457
3.93525
3.93652
3.93828
3.94057
3.94393
3.94894
3.95631
3.96702
3.9813
4.00041
4.02214
4.04992
4.07839
4.10761
4.14132
4.17149
4.20198
4.2334
4.25971
4.29152
4.31516
4.34204
4.35799
4.37426
4.36465
4.33267
4.24673
4.0877
3.90239
3.78901
3.72783
3.70359
3.68897
3.69506
3.71451
3.73122
3.73688
3.74441
3.7449
3.7418
3.73702
3.73694
3.73812
3.74298
3.7543
3.93352
3.93363
3.93367
3.93372
3.93369
3.93368
3.93376
3.93375
3.93371
3.93359
3.93334
3.93308
3.93333
3.93364
3.93345
3.93324
3.93348
3.9338
3.93402
3.93422
3.93446
3.93458
3.93446
3.93454
3.93474
3.93493
3.93464
3.93391
3.93305
3.93212
3.93155
3.93122
3.93132
3.93185
3.93293
3.93459
3.93695
3.94033
3.9452
3.95265
3.96288
3.97652
3.99521
4.01785
4.04363
4.07242
4.10715
4.13486
4.16769
4.20331
4.2312
4.25912
4.29126
4.31635
4.3444
4.36661
4.39458
4.41412
4.43823
4.44799
4.46304
4.45337
4.42136
4.31578
4.16494
3.97487
3.82425
3.75799
3.7433
3.72174
3.72144
3.73016
3.73926
3.74789
3.7582
3.76782
3.77859
3.78162
3.77974
3.77944
3.9318
3.93169
3.93152
3.93137
3.93125
3.93114
3.93111
3.93117
3.93125
3.93125
3.93118
3.93096
3.93085
3.93092
3.93076
3.93056
3.93049
3.93051
3.93043
3.93047
3.93061
3.9307
3.93058
3.93027
3.93029
3.93052
3.9306
3.93016
3.92947
3.92867
3.92838
3.92848
3.92916
3.93035
3.93243
3.93553
3.9406
3.94772
3.95783
3.97248
3.9903
4.01165
4.0409
4.06821
4.09885
4.13541
4.16763
4.19459
4.23456
4.26436
4.28929
4.31742
4.35009
4.37142
4.39471
4.41782
4.44362
4.46043
4.48126
4.49869
4.51724
4.52677
4.53494
4.52325
4.48781
4.37583
4.18709
4.00012
3.86589
3.75807
3.74348
3.7471
3.74193
3.74561
3.76279
3.77763
3.79517
3.81076
3.81077
3.80526
3.93037
3.93005
3.92973
3.92936
3.92911
3.92897
3.92888
3.92881
3.92878
3.92881
3.9289
3.92883
3.9286
3.92844
3.92836
3.92826
3.92825
3.92809
3.92791
3.92777
3.9276
3.9275
3.92753
3.92737
3.92722
3.92724
3.92718
3.92688
3.92647
3.92636
3.9264
3.92684
3.92802
3.93062
3.93504
3.94183
3.95254
3.96596
3.98461
4.00864
4.03306
4.06398
4.10005
4.12801
4.16526
4.20263
4.23013
4.2606
4.29978
4.32211
4.34712
4.37847
4.40346
4.42057
4.44585
4.46872
4.48671
4.50253
4.52334
4.53994
4.55389
4.57026
4.58143
4.59447
4.58814
4.57582
4.53258
4.40534
4.1816
3.98482
3.85426
3.78533
3.75319
3.75736
3.76326
3.77048
3.78158
3.7892
3.79345
3.80542
3.92867
3.92809
3.92746
3.92696
3.92681
3.92676
3.92672
3.9267
3.92669
3.92681
3.92675
3.92661
3.92648
3.92634
3.92615
3.92592
3.92571
3.92539
3.92517
3.92504
3.92498
3.92515
3.92523
3.92524
3.92502
3.92476
3.92478
3.92487
3.925
3.92559
3.92689
3.92929
3.93354
3.93996
3.94933
3.96277
3.98081
4.00141
4.0316
4.0611
4.0924
4.13268
4.16668
4.19536
4.23819
4.26916
4.29477
4.32735
4.35969
4.37919
4.40604
4.43439
4.45149
4.46971
4.49479
4.51289
4.52621
4.54383
4.56134
4.57488
4.58626
4.60292
4.61212
4.62561
4.63155
4.63911
4.63425
4.61322
4.54821
4.39305
4.14819
3.96559
3.84549
3.80087
3.77833
3.77912
3.77899
3.77781
3.78232
3.79478
3.9266
3.92589
3.92521
3.92469
3.9246
3.92449
3.92435
3.92458
3.92473
3.92471
3.92464
3.92449
3.92434
3.92419
3.92395
3.92368
3.92348
3.9233
3.92318
3.92315
3.9232
3.92336
3.92341
3.92333
3.92342
3.92366
3.92413
3.92484
3.92612
3.92831
3.93213
3.93784
3.94722
3.95942
3.97718
4.00012
4.02775
4.05849
4.09803
4.13009
4.16823
4.20889
4.23832
4.26978
4.3103
4.33414
4.35941
4.39247
4.41608
4.43497
4.4589
4.48367
4.49802
4.51708
4.5353
4.55058
4.563
4.58098
4.59252
4.6043
4.61736
4.62701
4.63773
4.64785
4.65626
4.66248
4.67016
4.6667
4.65942
4.62925
4.53763
4.35236
4.1013
3.9382
3.83945
3.7852
3.77935
3.78102
3.78673
3.7931
3.9244
3.92379
3.92321
3.92278
3.92262
3.92243
3.92235
3.92261
3.92264
3.92268
3.92278
3.92284
3.9226
3.92239
3.9223
3.92219
3.9221
3.92205
3.92199
3.92198
3.92193
3.92184
3.92186
3.92204
3.92247
3.92323
3.92461
3.92684
3.93072
3.93663
3.94582
3.95818
3.97716
3.99879
4.02887
4.06261
4.09819
4.13624
4.17791
4.2103
4.24798
4.28535
4.31223
4.34329
4.37503
4.3979
4.42096
4.44895
4.46825
4.48571
4.50675
4.52629
4.53898
4.55535
4.57109
4.58452
4.59646
4.60863
4.61951
4.63056
4.64082
4.64738
4.65813
4.66491
4.6712
4.67651
4.68201
4.6872
4.68676
4.68349
4.66985
4.62363
4.49584
4.2794
4.02891
3.87026
3.81656
3.79165
3.78194
3.78978
3.9225
3.92199
3.9215
3.92108
3.92085
3.92069
3.92073
3.92098
3.92104
3.92118
3.92136
3.92144
3.92132
3.92113
3.92104
3.92097
3.92086
3.9208
3.92074
3.9207
3.9207
3.92085
3.92125
3.92198
3.92329
3.92551
3.92941
3.9352
3.94431
3.95743
3.97552
3.99929
4.03132
4.06361
4.1038
4.14564
4.18129
4.22264
4.26174
4.29099
4.32633
4.359
4.38139
4.40913
4.4367
4.45556
4.47391
4.49937
4.51521
4.52864
4.54814
4.56319
4.57444
4.58836
4.60272
4.61182
4.62106
4.63293
4.64251
4.64978
4.65653
4.66409
4.67022
4.67521
4.67992
4.68525
4.68817
4.69165
4.69615
4.69585
4.69352
4.68666
4.66492
4.59379
4.408
4.16798
3.96125
3.84142
3.79406
3.78718
3.92106
3.92064
3.92018
3.91977
3.91956
3.91946
3.91937
3.91936
3.91951
3.91976
3.91985
3.91996
3.92006
3.91994
3.91977
3.91968
3.91958
3.91948
3.91946
3.91964
3.91993
3.92056
3.92181
3.92413
3.92795
3.93402
3.94359
3.95634
3.97568
4.00123
4.03125
4.07102
4.11074
4.14931
4.19842
4.23442
4.26736
4.31252
4.34177
4.36548
4.4006
4.42542
4.44269
4.46822
4.48988
4.50389
4.52235
4.54248
4.55273
4.5657
4.58459
4.59367
4.60315
4.61718
4.62665
4.63363
4.64295
4.65214
4.65705
4.66285
4.66987
4.67532
4.67867
4.68274
4.68666
4.68884
4.69125
4.69396
4.69702
4.69833
4.70028
4.69992
4.69732
4.68597
4.64937
4.53397
4.31336
4.0377
3.89814
3.81822
3.91953
3.91909
3.91869
3.91841
3.91825
3.91816
3.91801
3.91808
3.91825
3.91834
3.91852
3.91869
3.91881
3.91879
3.91864
3.91845
3.91832
3.91838
3.91866
3.91924
3.92044
3.92261
3.92649
3.93276
3.94204
3.95673
3.97635
4.0013
4.03715
4.07662
4.11767
4.16634
4.20653
4.24885
4.29129
4.32059
4.35538
4.39137
4.41042
4.43481
4.46673
4.48002
4.49414
4.51952
4.53349
4.54511
4.56338
4.57663
4.58538
4.5994
4.61223
4.61901
4.6291
4.63994
4.64555
4.65157
4.65886
4.66426
4.66874
4.67381
4.67757
4.68039
4.68362
4.68668
4.68862
4.69022
4.69265
4.69532
4.69674
4.6982
4.69978
4.70074
4.70106
4.69993
4.69453
4.67396
4.61418
4.42453
4.1856
3.91341
3.9179
3.9176
3.91732
3.91717
3.9172
3.9172
3.91724
3.91727
3.91729
3.91738
3.91749
3.91753
3.91752
3.9175
3.91745
3.91748
3.91766
3.91813
3.91911
3.92112
3.92491
3.9312
3.94171
3.95673
3.97819
4.00826
4.04214
4.08595
4.13379
4.17534
4.22493
4.27218
4.30416
4.34145
4.37892
4.40196
4.43185
4.45433
4.47232
4.49726
4.51606
4.52528
4.54064
4.56089
4.56984
4.58127
4.59789
4.60603
4.61446
4.62809
4.63524
4.64159
4.6509
4.65648
4.66061
4.66552
4.67029
4.67395
4.67734
4.68007
4.6822
4.6848
4.68708
4.68821
4.68915
4.69051
4.69235
4.69368
4.69438
4.69549
4.69665
4.69805
4.69924
4.70026
4.69986
4.6973
4.68721
4.6506
4.54988
4.15282
3.9167
3.91651
3.91628
3.91607
3.91607
3.91608
3.91612
3.91612
3.91608
3.91613
3.91618
3.91627
3.91623
3.91611
3.91616
3.91667
3.91764
3.9195
3.9232
3.93003
3.94112
3.95809
3.98297
4.01498
4.05463
4.09727
4.15292
4.19741
4.2399
4.28941
4.33762
4.35905
4.3907
4.43328
4.45502
4.4687
4.49069
4.51105
4.52693
4.54481
4.55501
4.56543
4.58237
4.59454
4.6023
4.61496
4.62609
4.63191
4.64083
4.64999
4.65365
4.65942
4.66482
4.66683
4.66978
4.67334
4.67596
4.67795
4.67958
4.68143
4.68341
4.68542
4.68687
4.6879
4.6891
4.69061
4.69202
4.69296
4.69373
4.69426
4.69496
4.69574
4.69665
4.69784
4.69942
4.69921
4.6981
4.69261
4.67467
4.4972
3.91629
3.91599
3.91572
3.91547
3.91535
3.91534
3.9153
3.91514
3.91492
3.91469
3.91449
3.91443
3.91449
3.91483
3.91564
3.91743
3.92125
3.92819
3.94007
3.95886
3.98459
4.02171
4.06532
4.1079
4.1695
4.21755
4.25903
4.30717
4.35862
4.39347
4.40943
4.43703
4.48082
4.50217
4.50721
4.51887
4.545
4.56252
4.56831
4.57891
4.58933
4.60151
4.61636
4.6222
4.62971
4.64129
4.64635
4.65166
4.65942
4.6621
4.66447
4.6691
4.67107
4.67254
4.67533
4.67713
4.67845
4.67981
4.68117
4.6824
4.68345
4.68456
4.68549
4.68622
4.68727
4.68859
4.68957
4.69038
4.69149
4.69225
4.69274
4.69284
4.69318
4.69387
4.69537
4.69697
4.69802
4.69732
4.69416
4.6549
3.91559
3.91525
3.91504
3.9147
3.91439
3.91423
3.91399
3.91373
3.91321
3.91274
3.91249
3.91256
3.91314
3.91456
3.9178
3.92412
3.9355
3.9547
3.98194
4.02141
4.07012
4.11607
4.17521
4.23649
4.27458
4.32072
4.37273
4.4179
4.43602
4.45093
4.48323
4.52023
4.53741
4.54272
4.54382
4.56546
4.59078
4.59536
4.59715
4.60776
4.61739
4.62861
4.63542
4.63923
4.64731
4.65295
4.65602
4.66049
4.66425
4.66576
4.66844
4.67148
4.67302
4.67451
4.67651
4.67746
4.67844
4.67938
4.67995
4.68046
4.68087
4.68127
4.68163
4.6821
4.68281
4.68386
4.6848
4.68563
4.6865
4.68739
4.68801
4.68858
4.68894
4.6895
4.69006
4.69119
4.69257
4.69364
4.69307
4.68363
3.91432
3.91415
3.9141
3.9138
3.91317
3.9128
3.91244
3.91207
3.91155
3.91114
3.9111
3.91188
3.91411
3.91909
3.9289
3.94711
3.97442
4.01483
4.06681
4.11747
4.17758
4.245
4.28576
4.33358
4.38226
4.43371
4.46003
4.46914
4.48926
4.52353
4.54986
4.55915
4.56492
4.56682
4.57949
4.60428
4.61249
4.61442
4.61777
4.62671
4.63596
4.64262
4.64477
4.64873
4.65364
4.65595
4.65828
4.66069
4.66192
4.66339
4.6658
4.66778
4.66905
4.67044
4.67193
4.67307
4.67384
4.67399
4.67392
4.67391
4.67419
4.67448
4.67462
4.67472
4.67504
4.67563
4.67634
4.67709
4.67782
4.67847
4.67898
4.67944
4.6799
4.68023
4.68043
4.68068
4.68132
4.68257
4.68297
4.68054
3.91384
3.9135
3.91326
3.91272
3.91158
3.91112
3.91063
3.9101
3.90959
3.9097
3.91088
3.91434
3.92193
3.93757
3.9632
4.00208
4.05624
4.1111
4.17118
4.24674
4.29373
4.34074
4.3862
4.44243
4.4731
4.48316
4.49657
4.52128
4.54898
4.56346
4.57097
4.57342
4.57606
4.58895
4.60673
4.61721
4.6191
4.62088
4.62717
4.63612
4.64081
4.64228
4.64412
4.64755
4.64946
4.65047
4.6518
4.6528
4.65328
4.65412
4.65566
4.65686
4.65762
4.65871
4.65981
4.66095
4.6612
4.66065
4.65997
4.65968
4.65979
4.66022
4.66056
4.66072
4.66091
4.66117
4.66143
4.6618
4.66205
4.66212
4.66201
4.66201
4.66212
4.66235
4.6624
4.66222
4.6622
4.66251
4.6631
4.66296
3.91376
3.91299
3.91232
3.91158
3.91098
3.91028
3.90955
3.90876
3.90833
3.90959
3.91398
3.925
3.94627
3.98077
4.03402
4.09309
4.15632
4.23546
4.28918
4.33888
4.38509
4.43757
4.46995
4.48438
4.49393
4.50894
4.53191
4.55299
4.56201
4.56521
4.56586
4.57302
4.58653
4.60018
4.60749
4.6108
4.61158
4.61531
4.6233
4.6258
4.62653
4.62824
4.63028
4.6317
4.63215
4.63252
4.63371
4.63485
4.63541
4.63599
4.63684
4.63672
4.63626
4.63607
4.63607
4.63645
4.63679
4.63637
4.63583
4.63504
4.63422
4.63429
4.63466
4.635
4.63512
4.63506
4.63454
4.634
4.63386
4.63367
4.63328
4.63272
4.63203
4.63135
4.63105
4.63046
4.62993
4.62917
4.62913
4.6291
3.91384
3.91309
3.91234
3.91169
3.91092
3.90952
3.90787
3.90599
3.90691
3.91208
3.92619
3.95285
4.0005
4.06095
4.12663
4.20964
4.27304
4.32082
4.36343
4.42005
4.45522
4.46522
4.47372
4.49244
4.50732
4.52136
4.53386
4.54223
4.54588
4.54601
4.5523
4.56555
4.57796
4.58438
4.58673
4.58691
4.58711
4.59214
4.5956
4.59478
4.5954
4.59735
4.59937
4.60036
4.60014
4.6001
4.60113
4.6016
4.60108
4.60086
4.6005
4.59963
4.59871
4.59795
4.59672
4.59579
4.59562
4.59556
4.59534
4.59483
4.59358
4.59193
4.59127
4.59113
4.59112
4.591
4.59048
4.58928
4.58787
4.5867
4.58565
4.58451
4.58324
4.58179
4.58046
4.5793
4.57818
4.57689
4.57603
4.57493
3.91425
3.91319
3.91223
3.9114
3.90893
3.90628
3.90251
3.9025
3.90825
3.92439
3.96001
4.0162
4.08027
4.16499
4.23669
4.28387
4.33042
4.38666
4.42101
4.42955
4.43935
4.4582
4.47532
4.48313
4.48692
4.49743
4.5072
4.51221
4.51447
4.51748
4.52565
4.53625
4.54222
4.54377
4.54394
4.54226
4.54313
4.54625
4.54675
4.54585
4.54619
4.54763
4.54881
4.54849
4.5474
4.54696
4.54711
4.546
4.54389
4.54206
4.54132
4.54073
4.54011
4.53937
4.53821
4.53635
4.5341
4.53244
4.53162
4.53105
4.53009
4.52821
4.52588
4.52399
4.523
4.5222
4.52131
4.52001
4.51805
4.51572
4.5134
4.51113
4.50893
4.50658
4.50424
4.50203
4.5003
4.49854
4.49711
4.49476
3.91361
3.91201
3.91054
3.90809
3.90422
3.89882
3.89526
3.90042
3.91936
3.96062
4.01776
4.09843
4.17372
4.22631
4.2764
4.33323
4.36815
4.37955
4.39448
4.41463
4.4176
4.4223
4.4303
4.44151
4.44522
4.44799
4.45373
4.45922
4.4622
4.46656
4.47313
4.47702
4.47695
4.47596
4.47364
4.47253
4.47417
4.47556
4.4746
4.47375
4.47316
4.47216
4.47024
4.46828
4.46694
4.4666
4.4663
4.46494
4.46224
4.45926
4.45676
4.45478
4.45331
4.45213
4.4509
4.44907
4.44626
4.44268
4.43976
4.43804
4.43655
4.43444
4.43198
4.42935
4.42676
4.42442
4.42233
4.42027
4.41793
4.41504
4.4117
4.40811
4.40456
4.40106
4.39769
4.39436
4.3912
4.38827
4.38599
4.38233
3.91221
3.90962
3.90679
3.90094
3.89275
3.88283
3.88532
3.90387
3.9439
4.00716
4.08578
4.14504
4.19683
4.26077
4.29888
4.30607
4.32114
4.34594
4.35645
4.35223
4.34913
4.35434
4.36598
4.37214
4.37169
4.37338
4.37829
4.37991
4.38117
4.38293
4.3838
4.38348
4.38332
4.38163
4.37794
4.37726
4.37711
4.37563
4.37389
4.37272
4.3706
4.36773
4.36416
4.36089
4.35843
4.3568
4.35532
4.35329
4.35057
4.34719
4.34339
4.33971
4.33661
4.33456
4.33295
4.33092
4.32827
4.32469
4.3207
4.31683
4.31306
4.30937
4.30595
4.30279
4.29968
4.29646
4.29321
4.28995
4.28661
4.28282
4.27853
4.2738
4.26877
4.26369
4.25908
4.2549
4.25124
4.24771
4.24456
4.23928
3.90738
3.90322
3.89449
3.88254
3.86458
3.85919
3.8723
3.90919
3.97283
4.03417
4.09615
4.16258
4.20132
4.21981
4.24048
4.25644
4.25479
4.25335
4.25659
4.26161
4.25915
4.25858
4.26424
4.2717
4.27014
4.26762
4.26593
4.2638
4.26412
4.26487
4.26388
4.26234
4.26021
4.25607
4.25312
4.25082
4.24828
4.24536
4.24365
4.24106
4.23783
4.23432
4.23005
4.2255
4.2214
4.21783
4.2145
4.21162
4.20893
4.20572
4.20213
4.19842
4.19481
4.19168
4.18872
4.18539
4.18161
4.17739
4.17244
4.16746
4.1627
4.15796
4.15343
4.14937
4.14562
4.14191
4.1381
4.13408
4.12971
4.12477
4.11927
4.11338
4.10735
4.10138
4.09585
4.0908
4.08626
4.08199
4.07819
4.07152
3.89635
3.88703
3.86908
3.84336
3.81903
3.82475
3.85376
3.91158
3.96857
4.03008
4.08896
4.1048
4.12099
4.14822
4.1489
4.14043
4.13534
4.13802
4.14044
4.13716
4.1312
4.13233
4.13746
4.13598
4.13071
4.12789
4.12536
4.12183
4.12089
4.12033
4.1183
4.11548
4.11024
4.10579
4.10225
4.09875
4.0952
4.09284
4.09021
4.08585
4.08166
4.0777
4.07299
4.06792
4.06329
4.05865
4.0542
4.05081
4.04802
4.04469
4.04127
4.03765
4.03349
4.02965
4.02591
4.02166
4.01688
4.01177
4.00594
4.00004
3.99466
3.98958
3.98471
3.98007
3.97558
3.97102
3.96636
3.96151
3.95638
3.95066
3.94429
3.93743
3.93053
3.92393
3.91803
3.91266
3.90775
3.90285
3.89827
3.89017
3.87415
3.85084
3.81721
3.76973
3.75632
3.77222
3.80928
3.87361
3.92585
3.95575
3.98912
4.00585
4.00595
4.00472
4.00409
4.00034
3.99348
3.98768
3.98923
3.98872
3.98278
3.97857
3.97863
3.97594
3.97164
3.96859
3.96475
3.96092
3.95954
3.95794
3.95522
3.95004
3.94435
3.9406
3.93747
3.93398
3.93041
3.92769
3.92298
3.91713
3.91263
3.90878
3.9043
3.89958
3.89502
3.88977
3.88493
3.88143
3.87853
3.87523
3.87193
3.86845
3.86381
3.85918
3.8548
3.84993
3.8444
3.83855
3.83217
3.82568
3.81978
3.81437
3.80925
3.80436
3.79952
3.79443
3.78906
3.78335
3.77731
3.77078
3.76378
3.75646
3.74926
3.74245
3.73631
3.73059
3.72516
3.71959
3.7142
3.70448
3.82956
3.78693
3.72608
3.66644
3.66905
3.69302
3.73746
3.79709
3.8253
3.84556
3.85908
3.85651
3.85386
3.85426
3.8477
3.83602
3.82787
3.82887
3.83044
3.82629
3.81892
3.81571
3.81447
3.80937
3.80501
3.80275
3.79938
3.79559
3.79334
3.79144
3.78825
3.78256
3.77754
3.77422
3.77149
3.76811
3.76511
3.76142
3.75512
3.74852
3.74386
3.74006
3.73602
3.73196
3.72778
3.72229
3.71724
3.71358
3.71046
3.70703
3.70357
3.69997
3.695
3.68956
3.68431
3.67868
3.67248
3.66605
3.6594
3.65275
3.64671
3.64114
3.63583
3.63054
3.62512
3.61932
3.61316
3.60666
3.5999
3.59274
3.58525
3.5776
3.57017
3.56314
3.55665
3.55039
3.54423
3.53771
3.53133
3.51989
3.75258
3.68031
3.58692
3.54452
3.55976
3.59129
3.63554
3.68688
3.70172
3.70517
3.70318
3.69995
3.69645
3.69123
3.68518
3.6766
3.66815
3.66739
3.6682
3.66558
3.66025
3.65602
3.65202
3.64738
3.64449
3.64253
3.63928
3.63586
3.63364
3.63128
3.62728
3.62176
3.61717
3.61451
3.61195
3.60905
3.60614
3.60136
3.59411
3.58722
3.58224
3.57815
3.57433
3.57071
3.56685
3.56145
3.55611
3.55204
3.54844
3.54455
3.54059
3.53638
3.53095
3.52478
3.51873
3.51247
3.50584
3.49904
3.49218
3.48539
3.47912
3.47329
3.46765
3.46189
3.45577
3.4491
3.44201
3.43463
3.4271
3.41933
3.41141
3.40345
3.39573
3.38832
3.38125
3.37422
3.36712
3.35955
3.35216
3.3392
3.63503
3.52851
3.42612
3.41598
3.44584
3.4813
3.5222
3.55777
3.56347
3.56169
3.55309
3.54459
3.54029
3.53884
3.53465
3.52658
3.51752
3.51733
3.51699
3.51404
3.50998
3.50676
3.50182
3.49705
3.49465
3.4931
3.49019
3.48681
3.4842
3.48133
3.47709
3.4719
3.46751
3.46488
3.46212
3.45945
3.45614
3.45034
3.44248
3.43519
3.4296
3.42515
3.42131
3.41778
3.41386
3.40849
3.40276
3.3979
3.39355
3.38906
3.3845
3.37948
3.37339
3.36651
3.35966
3.3528
3.34581
3.33875
3.33167
3.32461
3.3179
3.31155
3.3053
3.29877
3.29169
3.28398
3.27591
3.26768
3.2594
3.25107
3.24273
3.23448
3.22645
3.21864
3.21097
3.2032
3.19527
3.18686
3.17874
3.16482
3.47875
3.34879
3.27732
3.28849
3.33655
3.37026
3.39942
3.42029
3.42464
3.42175
3.4106
3.40032
3.39559
3.39456
3.39322
3.38848
3.38
3.37726
3.37572
3.37375
3.37157
3.36853
3.36276
3.35824
3.35613
3.35437
3.35143
3.34812
3.34522
3.34178
3.33729
3.33199
3.32739
3.32409
3.32095
3.31812
3.31403
3.30737
3.29906
3.29114
3.28473
3.27974
3.2757
3.272
3.2677
3.26213
3.25596
3.25022
3.24493
3.23969
3.23438
3.22851
3.22165
3.21409
3.20648
3.19905
3.19164
3.18417
3.1766
3.16898
3.1616
3.15456
3.14752
3.14007
3.13199
3.12335
3.11446
3.1056
3.09684
3.08818
3.07962
3.07123
3.06302
3.05494
3.04686
3.03861
3.03018
3.02134
3.01291
2.99878
3.29967
3.17327
3.14635
3.17663
3.23279
3.25912
3.27472
3.285
3.28984
3.28899
3.27809
3.26609
3.26102
3.26148
3.26205
3.25934
3.25187
3.24771
3.24523
3.24348
3.24229
3.23949
3.23351
3.22894
3.22656
3.22443
3.2213
3.21779
3.21429
3.21018
3.20523
3.1995
3.19424
3.18985
3.18612
3.18267
3.1777
3.17035
3.16151
3.1528
3.1455
3.1399
3.13559
3.13159
3.12679
3.12076
3.114
3.10727
3.10097
3.09496
3.08883
3.08202
3.07421
3.06582
3.05747
3.04948
3.0416
3.03359
3.02534
3.01707
3.00904
3.00134
2.9936
2.98542
2.9766
2.96735
2.95802
2.94891
2.94002
2.93139
2.92292
2.91465
2.90649
2.8984
2.89021
2.88188
2.87337
2.86458
2.85629
2.84267
3.11702
3.02433
3.02848
3.07625
3.13032
3.1483
3.15137
3.15577
3.16205
3.16264
3.15324
3.14147
3.13629
3.137
3.13865
3.13767
3.13156
3.12575
3.12253
3.1209
3.12014
3.11688
3.11083
3.1062
3.10328
3.1003
3.0966
3.09263
3.08843
3.08353
3.07778
3.0713
3.06503
3.05939
3.05486
3.05051
3.04477
3.03693
3.02753
3.01802
3.0099
3.00375
2.99904
2.99457
2.9892
2.98242
2.97463
2.96679
2.95957
2.95282
2.94589
2.93811
2.9293
2.92009
2.91118
2.90278
2.89453
2.88611
2.87736
2.86861
2.86015
2.85205
2.8439
2.83536
2.82623
2.81683
2.80751
2.79858
2.78999
2.78176
2.7737
2.76584
2.75799
2.75017
2.74221
2.73415
2.72596
2.7176
2.70981
2.69721
2.94559
2.9001
2.92354
2.98141
3.02692
3.03861
3.0331
3.03383
3.04116
3.04291
3.03525
3.02431
3.01927
3.01996
3.02189
3.02164
3.01642
3.00955
3.00554
3.00351
3.00229
2.99818
2.99202
2.9871
2.98329
2.97917
2.9746
2.96987
2.96478
2.95897
2.95227
2.94482
2.93733
2.93051
2.92506
2.91985
2.91355
2.90527
2.89525
2.88475
2.87581
2.86928
2.86419
2.85915
2.85305
2.84521
2.83613
2.82729
2.81936
2.81198
2.80436
2.79587
2.78639
2.77673
2.76758
2.75906
2.75071
2.74216
2.73325
2.72436
2.7158
2.70765
2.69949
2.69102
2.68206
2.67294
2.66403
2.65565
2.6477
2.64015
2.63275
2.62549
2.61818
2.61086
2.60338
2.59585
2.58823
2.58056
2.57347
2.56216
2.7962
2.791
2.82954
2.88701
2.92238
2.9311
2.91975
2.9189
2.9264
2.92883
2.92284
2.91319
2.90805
2.90806
2.90957
2.90939
2.90437
2.89635
2.89138
2.88858
2.88621
2.88081
2.87436
2.86896
2.86402
2.85849
2.85281
2.84714
2.8411
2.83437
2.82673
2.81829
2.80959
2.80179
2.79547
2.78952
2.78275
2.77394
2.76293
2.75128
2.74168
2.73496
2.72953
2.72394
2.71709
2.70825
2.69819
2.68867
2.68031
2.67257
2.66459
2.65582
2.64618
2.63651
2.62752
2.61922
2.61111
2.6028
2.5941
2.5854
2.5771
2.56925
2.56144
2.55339
2.54493
2.53641
2.52819
2.52061
2.5135
2.50679
2.50017
2.49363
2.48698
2.48029
2.47343
2.46658
2.45968
2.45279
2.44648
2.43654
2.66917
2.69016
2.74215
2.79232
2.81814
2.82616
2.81143
2.80951
2.81662
2.81931
2.81451
2.80595
2.80026
2.79899
2.79939
2.79844
2.79279
2.78358
2.77748
2.77351
2.76943
2.76258
2.75567
2.74957
2.74335
2.73635
2.72952
2.72292
2.716
2.70844
2.70002
2.69058
2.68071
2.67211
2.66512
2.65855
2.65132
2.64186
2.62963
2.61713
2.60735
2.60058
2.59488
2.58887
2.58153
2.57214
2.5616
2.55182
2.54339
2.53563
2.52772
2.51914
2.50983
2.50058
2.49208
2.48431
2.47674
2.46895
2.46074
2.45252
2.44473
2.43743
2.43022
2.42281
2.41505
2.40729
2.39991
2.39324
2.38704
2.3812
2.3754
2.36961
2.36366
2.35765
2.35148
2.34535
2.3392
2.33313
2.3276
2.31898
2.55824
2.59976
2.6563
2.69558
2.71529
2.72363
2.70725
2.70435
2.7104
2.7126
2.70802
2.69989
2.69311
2.68989
2.68857
2.6862
2.67917
2.66864
2.66136
2.65601
2.64995
2.64172
2.63425
2.62743
2.61994
2.61159
2.60381
2.59645
2.58884
2.58056
2.57135
2.5609
2.55002
2.54086
2.53341
2.52641
2.51881
2.50886
2.49583
2.48296
2.47344
2.46681
2.46108
2.45493
2.4475
2.43809
2.42754
2.41792
2.40973
2.40231
2.39485
2.38687
2.37824
2.36968
2.3619
2.35487
2.34803
2.34094
2.33338
2.32579
2.31867
2.31207
2.30557
2.2989
2.29191
2.28496
2.27846
2.2727
2.2674
2.26241
2.2574
2.25233
2.24706
2.24172
2.23623
2.23081
2.2254
2.22009
2.21529
2.20786
2.45878
2.51632
2.56901
2.59708
2.61377
2.62275
2.6056
2.6015
2.60566
2.60638
2.60064
2.59182
2.58341
2.57783
2.57438
2.57014
2.56132
2.54951
2.54117
2.53448
2.5265
2.5171
2.50916
2.50176
2.49318
2.4838
2.47538
2.46746
2.45928
2.45038
2.44045
2.42922
2.41776
2.40834
2.40069
2.39352
2.38582
2.37587
2.36265
2.34986
2.34091
2.33466
2.3292
2.32329
2.31613
2.30708
2.29686
2.28772
2.28006
2.27326
2.26651
2.25936
2.25159
2.24385
2.2369
2.2307
2.22467
2.21835
2.2115
2.2046
2.1982
2.19235
2.1866
2.18068
2.17444
2.16829
2.16262
2.15771
2.15324
2.14901
2.14472
2.1403
2.13566
2.13094
2.12609
2.12132
2.11658
2.11196
2.10781
2.10141
2.36549
2.43674
2.47838
2.4975
2.51279
2.52208
2.50425
2.49825
2.4996
2.49751
2.48908
2.47845
2.46806
2.46005
2.45446
2.44834
2.43772
2.42488
2.4158
2.4081
2.39848
2.38826
2.3801
2.37237
2.36299
2.35294
2.34419
2.33594
2.32736
2.31809
2.30781
2.29624
2.28468
2.27533
2.26777
2.26075
2.25329
2.24382
2.23098
2.21862
2.21038
2.20476
2.19977
2.19448
2.18787
2.17939
2.16969
2.1612
2.15428
2.14826
2.14236
2.13611
2.12927
2.12238
2.11626
2.11088
2.10563
2.10006
2.09392
2.08771
2.08202
2.07688
2.07185
2.06664
2.0611
2.05566
2.05075
2.04659
2.04283
2.03926
2.03556
2.03169
2.02759
2.02341
2.01913
2.01494
2.01078
2.00676
2.00315
1.99759
2.27467
2.35807
2.38419
2.39653
2.41085
2.41943
2.40023
2.39117
2.38859
2.382
2.36966
2.3567
2.3445
2.33457
2.32737
2.31975
2.3077
2.29425
2.28491
2.27662
2.26577
2.25513
2.24705
2.23926
2.22942
2.21909
2.21032
2.20206
2.19341
2.18416
2.17397
2.16252
2.15125
2.14232
2.13513
2.12855
2.12164
2.11298
2.10093
2.08919
2.08175
2.07686
2.07241
2.06797
2.06213
2.0543
2.04518
2.03741
2.03133
2.02615
2.02112
2.01578
2.00981
2.00372
1.99837
1.99369
1.98913
1.98423
1.97875
1.97317
1.96813
1.96364
1.95925
1.95468
1.94978
1.94497
1.94069
1.93714
1.93397
1.93092
1.92769
1.92428
1.92065
1.91695
1.91316
1.90948
1.90582
1.90231
1.89913
1.89425
2.18616
2.27565
2.28592
2.29267
2.30536
2.31149
2.2894
2.2761
2.26825
2.2557
2.23913
2.22442
2.21135
2.20051
2.19251
2.18404
2.17114
2.15755
2.14834
2.1398
2.12814
2.11751
2.10978
2.10211
2.09214
2.08198
2.07356
2.06556
2.05718
2.04833
2.0386
2.02763
2.01694
2.00872
2.00217
1.99626
1.99011
1.98239
1.97137
1.96028
1.95372
1.9496
1.94563
1.94191
1.93698
1.92986
1.92137
1.91432
1.90907
1.90469
1.9005
1.89596
1.89077
1.88541
1.88071
1.87664
1.87265
1.86834
1.86345
1.85846
1.85401
1.85009
1.84627
1.84227
1.83792
1.83366
1.8299
1.82686
1.82413
1.82151
1.81869
1.81569
1.81248
1.80922
1.80588
1.80265
1.79942
1.79634
1.79353
1.78922
2.09851
2.18588
2.18183
2.18293
2.19238
2.19349
2.16646
2.14794
2.13393
2.11533
2.09578
2.08097
2.0684
2.05761
2.04951
2.0408
2.02759
2.01418
2.00532
1.99665
1.98456
1.97428
1.96706
1.95965
1.9498
1.94018
1.93236
1.92481
1.91695
1.90878
1.8998
1.88953
1.87962
1.87228
1.86662
1.86153
1.85629
1.84955
1.83956
1.82912
1.82339
1.81997
1.81656
1.81347
1.80941
1.80304
1.79518
1.78879
1.78433
1.7807
1.77728
1.77347
1.76896
1.76422
1.7601
1.75657
1.7531
1.74932
1.74497
1.74051
1.73659
1.73321
1.72991
1.72643
1.72258
1.71878
1.71548
1.71286
1.71053
1.70827
1.70582
1.70319
1.70037
1.69751
1.69458
1.69174
1.68889
1.68618
1.68368
1.67985
2.00845
2.08555
2.06842
2.06242
2.06642
2.05905
2.02529
2.0015
1.98211
1.9595
1.93953
1.92635
1.91507
1.90469
1.89676
1.88805
1.87474
1.86167
1.85313
1.8443
1.83194
1.82227
1.81567
1.80858
1.799
1.79012
1.78302
1.77602
1.76882
1.76151
1.75342
1.744
1.73501
1.72865
1.72407
1.71986
1.71573
1.71004
1.70094
1.69111
1.68612
1.6833
1.6806
1.67821
1.67497
1.66937
1.66207
1.65628
1.65258
1.64971
1.64705
1.64393
1.64003
1.63581
1.63218
1.62915
1.62619
1.62292
1.61906
1.61506
1.61163
1.60874
1.60594
1.60294
1.59955
1.59617
1.59328
1.59105
1.58908
1.58716
1.58504
1.58276
1.58031
1.57781
1.57525
1.57276
1.57025
1.56785
1.56563
1.56224
1.9096
1.96931
1.93939
1.92412
1.91947
1.90027
1.85972
1.83273
1.81085
1.78742
1.76922
1.75809
1.74756
1.73712
1.72894
1.71986
1.70629
1.69345
1.685
1.6758
1.66333
1.65449
1.64859
1.64188
1.63274
1.62475
1.6184
1.612
1.60557
1.59926
1.59218
1.58368
1.57571
1.57043
1.56699
1.56373
1.56079
1.55629
1.548
1.53873
1.53441
1.53212
1.53024
1.52863
1.52616
1.52136
1.51458
1.50938
1.50639
1.50428
1.50235
1.49994
1.4966
1.49283
1.48965
1.48709
1.48461
1.48183
1.47843
1.47486
1.47188
1.46945
1.46713
1.4646
1.46166
1.45869
1.4562
1.45434
1.45272
1.45112
1.44932
1.44737
1.44525
1.44309
1.44087
1.43869
1.43649
1.43438
1.43241
1.42944
1.79397
1.82834
1.7841
1.75634
1.74048
1.70836
1.66459
1.63839
1.61702
1.59461
1.57771
1.56647
1.5546
1.54285
1.53363
1.5236
1.50958
1.49688
1.4883
1.47863
1.4665
1.45879
1.4537
1.44748
1.43911
1.43218
1.42662
1.42091
1.41542
1.41024
1.40428
1.39686
1.39003
1.38595
1.38347
1.38127
1.37944
1.37618
1.36877
1.36011
1.35647
1.3547
1.35364
1.35281
1.35103
1.34706
1.34092
1.33638
1.33409
1.33268
1.33142
1.32969
1.32689
1.32357
1.32083
1.31871
1.3167
1.31441
1.31146
1.30833
1.30579
1.30381
1.30196
1.29991
1.29743
1.29489
1.29281
1.29132
1.29004
1.28875
1.28727
1.28562
1.28383
1.282
1.2801
1.27821
1.2763
1.27448
1.27277
1.27024
1.64391
1.64684
1.58303
1.54109
1.51511
1.47407
1.43386
1.41167
1.39101
1.36696
1.34657
1.33101
1.31521
1.30108
1.2904
1.27932
1.26524
1.25303
1.24437
1.23461
1.22374
1.21753
1.21338
1.2079
1.20076
1.19508
1.1904
1.18562
1.18131
1.17742
1.17272
1.16662
1.16117
1.15833
1.15667
1.15554
1.15463
1.15242
1.14608
1.13833
1.13548
1.13439
1.13411
1.13394
1.13274
1.12963
1.12438
1.12069
1.11914
1.11836
1.11769
1.11655
1.11431
1.11149
1.10924
1.10758
1.10604
1.10422
1.10178
1.09915
1.09712
1.09561
1.09421
1.09264
1.09067
1.08861
1.08699
1.08589
1.08495
1.08398
1.08281
1.08149
1.08003
1.07852
1.07695
1.07537
1.07377
1.07225
1.07084
1.0688
1.44819
1.3984
1.30921
1.25683
1.2273
1.18648
1.15705
1.13884
1.11184
1.07516
1.04366
1.01998
0.999189
0.982969
0.97118
0.959702
0.946538
0.935552
0.927271
0.918313
0.909866
0.905563
0.902564
0.898214
0.8928
0.888573
0.885009
0.881564
0.878774
0.876296
0.87297
0.868455
0.864729
0.863176
0.862476
0.862447
0.862232
0.860645
0.855357
0.849063
0.847257
0.847088
0.847693
0.848138
0.847428
0.845093
0.840996
0.838419
0.837715
0.837609
0.837508
0.836848
0.83517
0.832947
0.831293
0.830177
0.829166
0.827864
0.825984
0.823978
0.822565
0.821594
0.820698
0.819622
0.81818
0.816669
0.81557
0.81489
0.814332
0.813711
0.812903
0.811944
0.81087
0.809723
0.808507
0.80727
0.806032
0.80487
0.803817
0.802345
1.17721
1.04655
0.934291
0.881162
0.855466
0.826218
0.814765
0.798599
0.746174
0.670054
0.614546
0.578549
0.55256
0.535395
0.523476
0.512867
0.50215
0.493619
0.486658
0.479876
0.475245
0.473489
0.472079
0.469511
0.466537
0.464251
0.462323
0.460869
0.460113
0.459358
0.457694
0.455223
0.453736
0.453771
0.454461
0.455733
0.456222
0.455007
0.450866
0.446541
0.446366
0.447402
0.449121
0.450365
0.450236
0.44873
0.446113
0.445011
0.445347
0.446125
0.446693
0.446552
0.445528
0.444101
0.443258
0.442888
0.442579
0.441942
0.440798
0.439631
0.439046
0.438799
0.438553
0.438072
0.437274
0.436434
0.435971
0.435821
0.435743
0.43558
0.435251
0.434784
0.434214
0.43355
0.432818
0.432041
0.431293
0.430598
0.430024
0.429291
)
;

boundaryField
{
    inlet
    {
        type            calculated;
        value           uniform 4.99852;
    }
    outlet
    {
        type            calculated;
        value           nonuniform List<scalar> 
82
(
1.08236
1.34093
1.53575
1.68555
1.80764
1.91358
2.00927
2.09805
2.18208
2.26308
2.34254
2.42183
2.50233
2.58543
2.67256
2.76519
2.86481
2.9723
3.08737
3.2054
3.31685
3.40901
3.47555
3.51909
3.5452
3.55606
3.57896
3.60352
3.62231
3.64458
3.65282
3.6641
3.66956
3.68071
3.69527
3.71317
3.73231
3.7543
3.77944
3.80526
3.80542
3.79478
3.7931
3.78978
3.78718
3.81822
3.91341
4.15282
4.4972
4.6549
4.68363
4.68054
4.66296
4.6291
4.57493
4.49476
4.38233
4.23928
4.07152
3.89017
3.70448
3.51989
3.3392
3.16482
2.99878
2.84267
2.69721
2.56216
2.43654
2.31898
2.20786
2.10141
1.99759
1.89425
1.78922
1.67985
1.56224
1.42944
1.27024
1.0688
0.802345
0.429291
)
;
    }
    bottom
    {
        type            calculated;
        value           uniform 0;
    }
    top
    {
        type            calculated;
        value           uniform 0;
    }
    upstream
    {
        type            symmetryPlane;
    }
    defaultFaces
    {
        type            empty;
    }
}


// ************************************************************************* //
