/*--------------------------------*- C++ -*----------------------------------*\
  =========                 |
  \\      /  F ield         | OpenFOAM: The Open Source CFD Toolbox
   \\    /   O peration     | Website:  https://openfoam.org
    \\  /    A nd           | Version:  13
     \\/     M anipulation  |
\*---------------------------------------------------------------------------*/
FoamFile
{
    format      ascii;
    class       volScalarField;
    location    "0.0016";
    object      omega;
}
// * * * * * * * * * * * * * * * * * * * * * * * * * * * * * * * * * * * * * //

dimensions      [0 0 -1 0 0 0 0];

internalField   nonuniform List<scalar> 
16072
(
6.69693e+06
7.14405e+06
7.00306e+06
6.62971e+06
6.61841e+06
6.75712e+06
2.19359e+06
2.90669e+06
2.89571e+06
2.83047e+06
2.93083e+06
3.13617e+06
482717
1.21815e+06
1.34933e+06
1.33353e+06
1.37637e+06
1.52814e+06
45555.7
339930
615211
696831
712953
743233
4223.66
52672
181467
303338
371337
397496
1728.36
7766.56
33565.8
86804.6
144528
183080
1634.82
2214.22
6277.93
18294.4
38962.1
60429.2
1616.13
1769.3
2286.91
4533.2
9494.8
17377
1610.83
1691.26
1858.88
2234.08
3389.35
4877.95
1608.64
1658.74
1917.96
1987.72
2247.36
2511.85
1607.68
1626.52
1725.95
1962.41
2012.33
2079.55
1607.18
1613.25
1680.7
1939.74
1982.08
1995.15
1606.75
1608.8
1633.13
1731.84
1957.55
1990.17
1606.44
1607.01
1615.22
1673.31
1887.12
1984.11
1606.39
1606.23
1608.4
1629.92
1711.3
1894.89
1606.68
1605.65
1606.14
1611.66
1656.08
1806.43
1606.7
1605.6
1605.22
1606.61
1618.23
1676.76
1606.48
1605.89
1604.71
1604.87
1607.61
1622.38
1606.62
1605.67
1604.9
1604.02
1604.42
1608.38
1606.59
1605.72
1604.81
1603.99
1603.32
1604.06
1606.5
1605.84
1604.68
1604.1
1602.93
1602.72
1606.68
1605.6
1604.92
1603.78
1603.2
1602.02
1606.53
1605.8
1604.72
1604.03
1602.91
1602.3
1606.65
1605.64
1604.87
1603.84
1603.1
1602.04
1606.55
1605.77
1604.74
1603.99
1602.94
1602.22
1606.68
1605.63
1604.89
1603.82
1603.11
1602.03
1606.61
1605.7
1604.82
1603.91
1603.03
1602.12
1606.54
1605.77
1604.75
1603.98
1602.96
1602.2
1606.59
1605.71
1604.81
1603.92
1603.01
1602.14
1606.69
1605.61
1604.9
1603.82
1603.11
1602.03
1606.7
1605.6
1604.91
1603.81
1603.12
1602.02
1606.7
1605.61
1604.9
1603.81
1603.11
1602.02
1606.69
1605.61
1604.89
1603.81
1603.09
1602.01
1606.67
1605.61
1604.85
1603.8
1603.03
1601.98
1606.57
1605.68
1604.72
1603.84
1602.88
1602
1606.54
1605.69
1604.66
1603.81
1602.79
1601.94
1606.6
1605.6
1604.7
1603.7
1602.8
1601.81
1606.58
1605.61
1604.66
1603.69
1602.74
1601.77
1606.55
1605.62
1604.62
1603.69
1602.69
1601.77
1606.57
1605.58
1604.63
1603.64
1602.69
1601.71
1606.58
1605.57
1604.63
1603.62
1602.68
1601.68
1606.56
1605.58
1604.61
1603.63
1602.66
1601.68
1606.56
1605.59
1604.61
1603.64
1602.67
1601.71
1606.56
1605.6
1604.61
1603.66
1602.68
1601.73
1606.57
1605.59
1604.64
1603.66
1602.72
1601.75
1606.57
1605.6
1604.65
1603.69
1602.75
1601.79
1606.58
1605.61
1604.67
1603.71
1602.79
1601.84
1606.57
1605.63
1604.69
1603.76
1602.83
1601.91
1606.55
1605.67
1604.68
1603.83
1602.85
1602.01
1606.57
1605.68
1604.73
1603.86
1602.92
1602.06
1606.6
1605.66
1604.78
1603.85
1602.99
1602.06
1606.61
1605.66
1604.81
1603.87
1603.02
1602.08
1606.6
1605.69
1604.8
1603.89
1603.01
1602.11
1606.58
1605.72
1604.79
1603.92
1603
1602.14
1606.58
1605.73
1604.78
1603.94
1602.99
1602.15
1606.58
1605.73
1604.79
1603.93
1603
1602.14
1606.59
1605.71
1604.8
1603.92
1603.01
1602.13
1606.6
1605.7
1604.82
1603.91
1603.03
1602.12
1606.61
1605.7
1604.82
1603.9
1603.04
1602.11
1606.61
1605.7
1604.82
1603.9
1603.04
1602.11
1606.61
1605.7
1604.82
1603.9
1603.04
1602.11
1606.61
1605.7
1604.82
1603.9
1603.04
1602.11
1606.61
1605.7
1604.82
1603.9
1603.03
1602.11
1606.6
1605.71
1604.81
1603.91
1603.03
1602.12
1606.6
1605.71
1604.81
1603.91
1603.02
1602.12
1606.59
1605.72
1604.8
1603.92
1603.01
1602.13
1606.59
1605.72
1604.8
1603.92
1603.01
1602.13
1606.59
1605.72
1604.8
1603.92
1603.02
1602.12
1606.59
1605.73
1604.79
1603.94
1602.99
1602.16
1606.59
1605.72
1604.79
1603.94
1602.98
1602.2
1606.6
1605.7
1604.83
1603.87
1603.08
1602.05
1606.57
1605.73
1604.8
1603.9
1603.09
1601.9
1606.52
1605.81
1604.7
1604.07
1602.73
1602.54
1606.51
1605.83
1604.67
1604.07
1602.64
1604.95
1606.53
1605.82
1604.68
1604.08
1602.64
1612.64
1606.58
1605.75
1604.74
1604.05
1602.7
1640.14
1606.64
1605.66
1604.87
1603.82
1603.02
1743.79
1606.69
1605.59
1604.95
1603.58
1603.73
1895.25
1606.72
1605.57
1604.96
1603.52
1605.33
2026.48
1606.73
1605.56
1604.96
1603.52
1610.46
2726.08
1606.74
1605.55
1604.96
1603.54
1625.35
9963.59
1606.74
1605.55
1604.95
1603.57
1651.33
69097
5.84951e+06
5.96151e+06
6.08836e+06
7.28046e+06
7.38896e+06
6.39195e+06
6.48265e+06
6.56952e+06
6.65834e+06
7.97225e+06
8.04703e+06
8.22801e+06
7.0102e+06
8.45955e+06
7.19569e+06
7.28703e+06
8.71728e+06
7.47712e+06
8.91152e+06
7.67606e+06
7.77593e+06
7.87644e+06
9.38398e+06
8.08217e+06
8.1867e+06
8.29098e+06
9.84654e+06
8.5012e+06
8.6071e+06
8.71409e+06
8.82227e+06
8.93208e+06
9.04263e+06
9.15373e+06
9.26607e+06
1.09939e+07
9.49333e+06
9.60914e+06
9.72537e+06
9.84127e+06
9.96075e+06
1.00806e+07
1.01995e+07
1.03159e+07
1.04317e+07
1.05461e+07
1.06566e+07
1.0788e+07
1.09476e+07
1.11053e+07
1.12574e+07
1.14043e+07
1.15486e+07
1.1691e+07
1.18322e+07
1.19722e+07
1.21118e+07
1.22507e+07
1.23898e+07
1.25288e+07
1.26685e+07
1.28081e+07
1.29486e+07
1.30893e+07
1.32309e+07
1.33726e+07
1.35153e+07
1.36586e+07
1.38029e+07
1.39475e+07
1.40933e+07
1.4239e+07
1.43856e+07
1.45322e+07
1.46801e+07
1.48287e+07
1.49793e+07
1.51304e+07
1.52832e+07
1.54361e+07
1.55903e+07
1.5744e+07
1.58985e+07
1.60526e+07
1.62079e+07
1.63633e+07
1.65203e+07
1.66776e+07
1.68366e+07
1.69959e+07
1.71565e+07
1.73169e+07
1.74784e+07
1.76395e+07
1.78021e+07
1.79648e+07
1.81293e+07
1.82937e+07
1.84593e+07
1.86248e+07
1.8791e+07
1.89572e+07
1.9124e+07
1.92909e+07
1.94582e+07
1.96261e+07
1.97945e+07
1.99641e+07
2.01333e+07
2.03005e+07
3.35807e+06
3.46066e+06
3.47855e+06
3.46088e+06
3.41602e+06
3.33798e+06
3.25666e+06
3.18755e+06
3.13876e+06
3.11239e+06
3.08993e+06
3.07292e+06
3.0595e+06
3.05974e+06
3.05362e+06
3.05598e+06
3.07395e+06
3.07969e+06
3.10407e+06
3.11019e+06
3.13356e+06
3.15169e+06
3.1735e+06
3.18116e+06
3.20702e+06
3.23104e+06
3.25555e+06
3.2663e+06
3.2958e+06
3.3105e+06
3.34119e+06
3.34943e+06
3.36818e+06
3.39329e+06
3.40572e+06
3.44094e+06
3.44951e+06
3.47034e+06
3.49893e+06
3.52548e+06
3.54116e+06
3.57598e+06
3.59915e+06
3.61981e+06
3.64165e+06
3.65936e+06
3.65623e+06
3.65766e+06
3.69085e+06
3.73911e+06
3.78634e+06
3.82809e+06
3.86591e+06
3.90079e+06
3.93366e+06
3.96491e+06
3.9952e+06
4.02441e+06
4.05303e+06
4.08093e+06
4.10849e+06
4.13541e+06
4.16224e+06
4.18873e+06
4.21521e+06
4.24132e+06
4.26756e+06
4.29349e+06
4.31973e+06
4.34576e+06
4.37209e+06
4.39812e+06
4.42448e+06
4.45054e+06
4.47699e+06
4.50315e+06
4.52977e+06
4.55606e+06
4.58281e+06
4.60924e+06
4.63613e+06
4.66264e+06
4.68959e+06
4.71618e+06
4.74327e+06
4.77003e+06
4.79728e+06
4.82411e+06
4.85144e+06
4.87839e+06
4.90576e+06
4.93278e+06
4.96015e+06
4.9872e+06
5.01461e+06
5.0418e+06
5.06938e+06
5.0967e+06
5.1243e+06
5.15174e+06
5.17934e+06
5.20684e+06
5.23444e+06
5.26199e+06
5.28956e+06
5.31726e+06
5.34494e+06
5.37273e+06
5.40144e+06
5.43267e+06
1.79925e+06
1.94816e+06
2.00262e+06
1.98569e+06
1.93469e+06
1.84655e+06
1.76916e+06
1.72095e+06
1.69222e+06
1.67522e+06
1.66272e+06
1.65307e+06
1.64753e+06
1.64592e+06
1.64718e+06
1.64992e+06
1.65509e+06
1.6623e+06
1.67178e+06
1.68213e+06
1.69323e+06
1.70439e+06
1.71575e+06
1.72786e+06
1.74061e+06
1.75374e+06
1.76692e+06
1.78018e+06
1.79404e+06
1.80732e+06
1.82137e+06
1.83188e+06
1.84001e+06
1.84795e+06
1.85606e+06
1.86433e+06
1.8733e+06
1.88286e+06
1.89281e+06
1.9024e+06
1.9124e+06
1.9253e+06
1.93338e+06
1.94224e+06
1.95335e+06
1.96326e+06
1.96971e+06
1.97794e+06
1.99707e+06
2.02827e+06
2.05928e+06
2.0865e+06
2.1104e+06
2.13167e+06
2.15115e+06
2.16928e+06
2.18666e+06
2.20323e+06
2.21934e+06
2.23488e+06
2.25011e+06
2.26479e+06
2.27928e+06
2.29343e+06
2.3075e+06
2.32124e+06
2.33497e+06
2.34844e+06
2.36211e+06
2.37553e+06
2.38908e+06
2.40243e+06
2.41596e+06
2.42928e+06
2.44279e+06
2.45607e+06
2.46951e+06
2.48269e+06
2.49605e+06
2.50918e+06
2.52251e+06
2.53561e+06
2.5489e+06
2.56204e+06
2.57552e+06
2.5888e+06
2.6023e+06
2.61555e+06
2.629e+06
2.64222e+06
2.65558e+06
2.66876e+06
2.68206e+06
2.69519e+06
2.70842e+06
2.72152e+06
2.73472e+06
2.74779e+06
2.76092e+06
2.77402e+06
2.7871e+06
2.80019e+06
2.8132e+06
2.82626e+06
2.83916e+06
2.85227e+06
2.86509e+06
2.87834e+06
2.89092e+06
2.90783e+06
858256
1.01889e+06
1.14983e+06
1.21957e+06
1.24358e+06
1.23662e+06
1.21366e+06
1.17514e+06
1.13493e+06
1.10064e+06
1.07384e+06
1.05421e+06
1.04194e+06
1.03522e+06
1.03223e+06
1.03156e+06
1.0326e+06
1.03503e+06
1.03928e+06
1.04449e+06
1.05049e+06
1.05693e+06
1.0637e+06
1.07116e+06
1.07907e+06
1.08755e+06
1.0961e+06
1.10489e+06
1.11416e+06
1.12321e+06
1.13292e+06
1.14171e+06
1.14892e+06
1.15527e+06
1.16137e+06
1.16721e+06
1.17349e+06
1.17996e+06
1.18656e+06
1.19294e+06
1.19996e+06
1.20761e+06
1.21284e+06
1.21957e+06
1.22784e+06
1.2341e+06
1.23974e+06
1.24142e+06
1.24319e+06
1.25016e+06
1.26139e+06
1.2734e+06
1.28556e+06
1.29724e+06
1.30852e+06
1.31932e+06
1.32996e+06
1.34025e+06
1.35042e+06
1.36032e+06
1.37016e+06
1.37966e+06
1.38912e+06
1.39836e+06
1.4076e+06
1.41662e+06
1.42568e+06
1.43464e+06
1.44384e+06
1.4529e+06
1.46201e+06
1.47093e+06
1.47998e+06
1.48886e+06
1.4979e+06
1.50676e+06
1.51574e+06
1.52451e+06
1.53341e+06
1.54212e+06
1.551e+06
1.55968e+06
1.56852e+06
1.57718e+06
1.58601e+06
1.59467e+06
1.60348e+06
1.61212e+06
1.62092e+06
1.62958e+06
1.63835e+06
1.64699e+06
1.65573e+06
1.66435e+06
1.67306e+06
1.68166e+06
1.69032e+06
1.69887e+06
1.70746e+06
1.71605e+06
1.72463e+06
1.73327e+06
1.74181e+06
1.75043e+06
1.75884e+06
1.76755e+06
1.77574e+06
1.78486e+06
1.79213e+06
1.80444e+06
431105
481974
569150
658669
729200
783402
820543
834364
830882
819930
801537
781561
763007
747677
736198
728297
723342
720386
719787
720240
722077
724645
727763
731440
735609
740345
745254
750434
756053
761673
767721
773933
779786
785107
790082
794770
799608
804446
809424
814269
819576
824808
829026
834572
841026
845315
849895
849948
848119
845892
846405
849056
853445
858561
864180
869958
875996
882028
888196
894323
900562
906648
912822
918886
925038
931041
937175
943182
949354
955392
961507
967437
973483
979372
985427
991320
997355
1.00319e+06
1.00916e+06
1.01496e+06
1.02092e+06
1.02669e+06
1.03263e+06
1.0384e+06
1.04434e+06
1.0501e+06
1.05601e+06
1.06175e+06
1.06766e+06
1.07344e+06
1.07933e+06
1.08512e+06
1.09101e+06
1.0968e+06
1.10268e+06
1.10847e+06
1.11431e+06
1.12005e+06
1.12581e+06
1.1316e+06
1.13734e+06
1.14323e+06
1.14892e+06
1.15487e+06
1.16039e+06
1.16653e+06
1.17169e+06
1.17844e+06
1.18247e+06
1.19174e+06
219898
243384
277142
317187
360570
413323
469368
521808
563241
589325
601721
601571
598237
590679
580956
571010
561776
553667
547834
543812
541521
540459
540390
540974
542305
544305
546623
549261
552299
555494
558958
562734
566751
570715
574545
578206
581896
585522
589276
592950
596995
600702
604158
608528
613454
616750
620473
621299
619586
616225
613448
612346
612611
613956
616161
618795
621902
625202
628777
632450
636335
640189
644205
648189
652318
656360
660580
664701
668945
673060
677276
681331
685508
689547
693752
697817
702024
706053
710214
714218
718368
722357
726505
730505
734654
738648
742778
746756
750884
754893
759013
763045
767164
771229
775352
779429
783503
787542
791522
795615
799558
803770
807656
811985
815681
820237
823579
828624
831273
837866
88722.5
106973
131390
152279
169787
194136
224342
259075
302450
347526
388330
419819
442407
455764
461653
461398
459460
455090
449623
443998
438762
434353
430961
428632
427258
426871
426977
427575
428666
430066
431750
433686
435983
438510
441145
443768
446445
449074
451813
454521
457511
460176
462887
466169
469738
472475
475372
477283
476467
474313
471328
468993
467557
467050
467188
467870
469090
470580
472412
474411
476671
478975
481484
484010
486718
489384
492249
495075
498041
500903
503880
506728
509706
512575
515604
518519
521568
524465
527481
530360
533371
536248
539271
542172
545207
548112
551131
554021
557034
559952
562958
565907
568919
571915
574937
577961
580933
583925
586793
589835
592654
595823
598587
601889
604490
607988
610323
614132
616064
620911
30514.3
37856.1
52070.9
65675
75099.2
86725.6
100920
115828
134889
159940
189530
221903
256708
290343
319622
341422
356748
365642
370058
370066
369096
366822
363737
360566
357506
354940
352853
351369
350500
350181
350263
350680
351487
352657
354097
355677
357419
359181
361064
362967
365061
366954
368960
371337
373783
376021
378178
380589
380518
379644
377787
375614
373833
372567
371778
371426
371481
371821
372512
373381
374519
375740
377179
378663
380343
382018
383896
385765
387792
389742
391819
393798
395916
397950
400145
402245
404477
406578
408791
410885
413103
415207
417450
419592
421858
424015
426271
428419
430667
432840
435082
437292
439544
441813
444081
446389
448612
450895
453012
455340
457401
459854
461871
464451
466345
469081
470790
473720
475172
478846
9908.98
13083.9
18822.2
25833.4
30561.2
36408.3
42943.8
50158.9
58174.5
68104.5
79988.8
94377.1
112237
134503
160672
188546
216323
241956
264189
281343
293463
301056
304967
306271
306037
305273
303845
302247
300601
299007
297618
296488
295717
295478
295576
295966
296672
297507
298538
299676
300982
302244
303630
305285
306907
308605
310230
312305
313051
312749
311961
310539
309106
307818
306775
305961
305464
305158
305149
305285
305670
306154
306831
307570
308501
309447
310591
311743
313061
314325
315722
317046
318514
319920
321487
322978
324600
326112
327731
329247
330880
332417
334087
335675
337378
338994
340696
342309
344004
345641
347329
349008
350710
352456
354181
355975
357663
359441
361026
362843
364372
366302
367801
369848
371262
373431
374721
377013
378126
380963
3716.38
4797.53
6820.53
9753.21
11501.9
14184.2
16869.9
20406.6
24222.3
28828.8
33467.1
39284.2
45824.5
54260.9
64776.4
78262.9
94385.7
113087
133900
156118
178550
199716
218078
232787
243734
251379
256231
258873
260031
259995
259678
258971
258078
257236
256514
255890
255478
255192
255185
255313
255694
256182
256849
257762
258712
259812
261006
262483
263621
263638
263374
262760
261847
260877
259964
259104
258427
257850
257471
257209
257128
257144
257289
257522
257916
258335
258935
259555
260335
261077
261951
262769
263732
264648
265725
266743
267891
268945
270105
271176
272358
273460
274687
275850
277122
278325
279604
280812
282086
283319
284587
285864
287149
288497
289813
291218
292506
293903
295097
296527
297667
299196
300321
301952
303025
304756
305748
307560
308425
310625
2320.54
2589.48
3073.95
4248.02
4852.88
6077.91
7049.96
8446.7
10077.4
12053.2
13806.7
16047.8
18789.6
22222.1
26133.7
30984.9
36780.6
43935.6
52848.8
63514.9
76418
91475.2
108567
126526
144538
161686
177479
191194
202488
210964
217007
220942
223311
224543
225155
225276
225224
225066
224820
224549
224312
224076
223973
224010
224169
224461
224964
225725
226481
226591
226486
226247
225824
225246
224605
223910
223289
222695
222206
221777
221461
221205
221047
220966
220985
221054
221262
221506
221887
222243
222719
223151
223720
224254
224943
225587
226359
227054
227851
228571
229396
230154
231029
231856
232784
233662
234607
235497
236441
237357
238295
239255
240213
241246
242241
243339
244317
245416
246311
247436
248283
249489
250334
251630
252449
253829
254600
256040
256715
258416
2042.63
2116.18
2218.36
2498.4
2784.76
3277.08
3662.81
4165.28
4870.63
5661.35
6344.04
7110.1
8311.4
9601.89
11232.4
12768.4
14893.8
17549.3
20880.3
24778.7
29302.3
34662.5
41586.3
50253.5
60580.3
72138.3
84803.1
98392.6
112770
127318
141382
154240
165502
174852
182336
188006
192110
194897
196695
197792
198428
198744
198931
199062
199101
199120
199190
199421
199565
199422
199078
198544
198007
197440
196927
196405
195937
195462
195009
194550
194164
193789
193494
193231
193061
192917
192885
192892
192979
193073
193260
193419
193691
193938
194328
194685
195163
195578
196089
196536
197078
197565
198159
198717
199369
199986
200663
201300
201980
202643
203318
204022
204718
205495
206233
207080
207814
208669
209334
210208
210832
211770
212400
213417
214039
215134
215732
216875
217403
218722
1996.78
2015.05
2045.61
2089.34
2186.16
2305.66
2473.56
2671.24
2994.07
3341.05
3616.74
3889.83
4397.42
4914.49
5588.59
6136.12
6847.19
7823.42
9073.34
10512.2
12218.5
13978
16248.6
19244.4
23028
27518.7
32592.4
38420.8
45379.8
53751.8
63487.9
74213.8
85687.2
97436.2
109144
120445
131132
140858
149427
156680
162543
167103
170567
173120
174872
176094
176978
177640
178221
178308
178186
177870
177366
176749
176101
175401
174747
174064
173487
172946
172514
172092
171758
171433
171187
170932
170760
170606
170539
170464
170450
170453
170506
170569
170739
170898
171158
171369
171665
171909
172237
172518
172894
173243
173678
174089
174555
174991
175463
175924
176392
176889
177377
177942
178475
179112
179654
180306
180794
181458
181911
182622
183085
183866
184333
185190
185650
186553
186963
187998
1988.05
1989.69
1999.57
2018.64
2038.33
2058.47
2103.4
2167.79
2300.46
2460.76
2567.3
2677.29
2881.57
3146.53
3418.99
3666.21
3879.24
4264.54
4733.7
5373.91
5969.53
6611.98
7213.97
8265.32
9657.85
11461.4
13229.3
15246.9
17418.2
20330.4
23973.1
28555.9
33773
39864.9
46538.4
53990
62058.9
70906.1
80205.8
89890.5
99442.9
108772
117510
125539
132601
138807
144096
148429
151975
154628
156415
157500
158085
158285
158239
158063
157748
157303
156843
156337
155849
155317
154813
154307
153849
153418
153085
152786
152584
152391
152263
152148
152076
152042
152055
152080
152170
152238
152376
152480
152653
152789
153006
153203
153477
153735
154046
154333
154653
154963
155277
155616
155946
156345
156719
157189
157583
158070
158424
158918
159244
159769
160107
160692
161037
161694
162046
162752
163069
163889
1933.53
1948.79
1951.33
1960.5
1984.75
1987.38
1995.12
2011.16
2050.16
2118.49
2161.76
2203.72
2277.37
2412.5
2528.85
2646.03
2724.3
2882.52
3079.35
3391.33
3602.43
3866.74
4043.65
4405.36
4868.47
5622.46
6216.84
6968.88
7625.16
8696.26
9863.68
11634
13428.5
15604.4
17935.3
20793.4
23953.9
27898.6
32359
37664.3
43436.1
49948.5
56778.4
64097.8
71610.9
79436
87291.7
94988.5
102437
109515
115916
121435
126010
129741
132756
135132
136989
138307
139233
139766
140115
140145
140091
139926
139665
139353
139070
138778
138527
138252
138002
137733
137500
137268
137109
136959
136882
136812
136787
136782
136808
136838
136925
137009
137161
137309
137508
137687
137897
138094
138298
138519
138733
139006
139262
139603
139887
140247
140505
140870
141106
141493
141739
142175
142429
142931
143199
143752
143997
144649
1919.72
1938.02
1936.34
1938.22
1956.1
1957.86
1960.39
1963.52
1972.63
1994.55
2010.67
2024.71
2047.98
2103.89
2155.89
2207.36
2239.19
2302.43
2388.3
2539.88
2637.54
2755.12
2825.51
2947.91
3123.56
3412.14
3663.26
3938.03
4195.2
4510.72
4943.23
5508.91
6228.17
6998.28
7876.08
8848.56
9945.61
11256.4
12838.7
14720.3
16944.8
19479.5
22368.3
25674.8
29435.3
33658.9
38362.5
43467.1
48968.3
54946.7
61174.5
67520.2
73754.3
79814.9
85602.3
91119.3
96314.4
101081
105389
109245
112661
115552
117951
119894
121441
122606
123494
124122
124579
124852
125027
125052
125034
124957
124877
124760
124682
124573
124499
124394
124331
124236
124186
124126
124110
124108
124134
124161
124232
124296
124386
124487
124597
124750
124906
125131
125330
125587
125776
126042
126215
126500
126680
127007
127196
127580
127785
128217
128408
128929
1825.81
1933.82
1931.88
1928.31
1933.44
1936.57
1946.99
1947.18
1948.65
1952.59
1956.74
1960.75
1967.29
1984.26
2005.47
2025.22
2037.3
2059.15
2095.38
2161.91
2213.51
2263.78
2296.86
2334.25
2419.79
2530.76
2667.38
2761.59
2885.04
2969.6
3142.31
3309.34
3627.49
3871.85
4235.26
4534.5
4938.82
5315.75
5977.43
6624.47
7514.7
8351.36
9415.52
10490.6
11875.3
13363
15190.3
17201.5
19529.9
22171.5
25187.3
28454.3
32035.2
35915.8
39968.3
44168.2
48509.1
53023.3
57576.2
62250.6
66939.3
71611.7
76134.4
80502.3
84662
88566.3
92204.8
95515.8
98517.3
101145
103468
105415
107092
108444
109616
110520
111290
111831
112286
112571
112822
112951
113079
113132
113203
113229
113276
113290
113322
113334
113363
113375
113409
113435
113494
113568
113661
113762
113850
113965
114045
114185
114275
114460
114569
114809
114949
115256
115393
115802
1708.66
1893.37
1903.44
1909.65
1910.24
1913.87
1927.89
1930.7
1932.79
1932.96
1933.1
1933.69
1935.31
1939.53
1946.42
1952.74
1956.82
1962.81
1975.17
2000.31
2025.71
2045.44
2060.06
2073.66
2107.63
2152.93
2223.27
2262.59
2321.53
2354.95
2425.53
2482.37
2615.17
2697.5
2854.19
2943.82
3114.87
3231.95
3492.6
3673.9
4060.61
4288.64
4745.22
5046.76
5661.69
6102.45
6881.96
7514.04
8474.08
9257.51
10458.7
11490.4
12945.7
14394.1
16294.4
18009.4
20099.1
22119.2
24636.5
27045.8
29877.8
32631
35891.1
39068.5
42648.5
46063.2
49876.2
53511.1
57420.2
61036.7
64818.3
68287.8
71862
75100.4
78421
81397
84370.4
86918.2
89389.6
91440.1
93409.8
95007.1
96533.3
97737
98895.3
99771.7
100625
101227
101827
102222
102628
102878
103147
103305
103505
103629
103800
103899
104025
104105
104195
104273
104348
104447
104513
104648
104727
104902
104974
105261
1644.79
1740.48
1812.92
1865.88
1872.15
1873.9
1879
1886.91
1892.47
1895.52
1897.86
1900.13
1903.46
1906.65
1909.95
1912.92
1914.82
1916.75
1920.68
1929.43
1940.55
1948.49
1954.61
1959.54
1971.53
1988.79
2021.14
2038.83
2065.59
2079.81
2109.58
2131.75
2185.9
2221.38
2291.24
2326.97
2399.8
2442.23
2536.87
2599.73
2740.98
2824.2
3000.87
3108.22
3339.76
3480.37
3783.81
3967.33
4360.77
4604.2
5120.72
5431.54
6086.32
6487.67
7339.83
7839.85
8813.57
9383.15
10504.6
11261.7
12529.4
13434.7
14936
16194.7
17979.4
19461.9
21514.9
23375.5
25751.2
27832.2
30356.6
32621.7
35391.1
37937.4
40961.4
43750.5
46958.7
49864.2
53083.7
55925.7
59022.5
61737.9
64700.7
67301.7
70118.4
72535
75107.2
77237.1
79470.4
81278.6
83157.3
84651.8
86211.5
87438.2
88731.4
89732.8
90778
91551.1
92329.4
92899.4
93459.8
93886.3
94292.3
94634.6
94923.2
95221.7
95423.5
95713.1
95838.9
96185.3
1612.75
1651.95
1800.56
1874.17
1872.2
1867.96
1866.42
1870.08
1875.13
1881.26
1881.43
1881.56
1882.36
1883.72
1885.04
1886.58
1887.79
1888.69
1890.12
1893.15
1897.76
1901.22
1903.95
1905.79
1909.86
1915.73
1928.94
1936.61
1947.97
1953.83
1965.95
1974.67
1996.1
2011.31
2042.4
2057.95
2089.52
2107.01
2145.24
2169.95
2225.76
2259.4
2330.84
2370.48
2454.79
2504.1
2612.43
2677.66
2822.14
2911.72
3106.08
3218.84
3462.69
3603.39
3913.06
4090.89
4477.1
4699.13
5163.49
5439.15
5961.37
6276.08
6858.95
7326.99
8008.99
8550.38
9310.1
10049.3
11008.9
11869
12915.9
13863.3
15076.4
16254.9
17716
19127.7
20821.8
22476.3
24381.5
26186.8
28227.1
30121.4
32299.7
34387.5
36775
39051.2
41576.7
43936.3
46463.6
48802.1
51253.3
53509.6
55889.4
58126.5
60462.4
62691
64921.5
67029.8
68983.4
70864.6
72524.7
74193.3
75608.1
77138.5
78321.8
79748.9
80678.9
82024.3
82659.3
84016.4
1604.33
1616.24
1666.02
1763.91
1800.52
1819.48
1826.97
1830.58
1833.86
1843.73
1847.5
1848.27
1848.19
1848.36
1849.18
1851.47
1854.78
1856.92
1859.18
1861.04
1863.96
1865.99
1868.2
1869.41
1871.82
1874.51
1880.37
1883.88
1888.8
1891.24
1896.2
1899.61
1907.91
1914.05
1927.31
1934.08
1947.64
1954.97
1970.79
1980.86
2003.66
2017.69
2047.86
2064.33
2098.72
2117.92
2159.56
2184.54
2239.41
2272.09
2343.03
2384.01
2472.66
2523.65
2635.27
2700.17
2835.47
2935.99
3067.57
3214.08
3384.42
3541.21
3700.94
3939.55
4153.64
4441.39
4665.62
5044.04
5341.68
5781.85
6092.98
6571.97
6909.51
7489.91
7905.11
8605.67
9098.85
9944.26
10540.7
11505.8
12188
13245.8
14001.8
15224.6
16127.3
17554.7
18616
20222.6
21400.7
23126.9
24382
26191.4
27515.7
29489.4
30942.2
33132.6
34722
37064.4
38660.1
40992.8
42535.5
44834.3
46332
48667.9
50124.4
52555.5
53953.2
56479.6
57721
60220.7
1602.13
1604.42
1618.07
1659.69
1781.08
1829.21
1830.31
1829.77
1828.24
1829.18
1831.1
1834.94
1834.72
1833.5
1833.24
1833.63
1835.08
1836.78
1838.45
1839.53
1840.68
1841.32
1842.3
1843.05
1844.7
1846.63
1849.78
1851.8
1854.18
1855.29
1857.31
1858.62
1861.73
1864.11
1869.55
1872.62
1878.72
1881.93
1888.71
1892.85
1902.15
1907.89
1920.35
1927.21
1941.49
1949.28
1965.99
1975.91
1996.74
2011.87
2036.8
2059.48
2084.79
2116.34
2143.91
2185.39
2217.38
2271.07
2300.63
2364.03
2403.61
2485.89
2532.31
2632.12
2693.02
2821.8
2894.96
3052.1
3141.47
3329.73
3429.73
3639.09
3756.39
4008.81
4154.06
4464.92
4639.51
5010.88
5215
5644.65
5873.76
6349.87
6601.63
7132.79
7425.83
8051.97
8400.29
9140.4
9540.49
10380.3
10823.3
11748.4
12239.3
13273.4
13837.4
15034.4
15689.2
17066.6
17791.6
19289.1
20054.8
21626.7
22436.2
24106.4
24983.6
26800.6
27762.8
29759.3
30794.6
33038.5
1601.16
1601.38
1603.91
1616.84
1654.65
1733.25
1774.1
1789.71
1795.03
1794.47
1794.26
1795.91
1801.22
1803.22
1805.6
1807.81
1809.11
1810.27
1811.33
1811.84
1812.48
1813.15
1814.74
1816.33
1818.56
1820.37
1822.55
1823.94
1825.4
1826.06
1827.08
1827.7
1829.17
1830.41
1833.37
1835.16
1838.54
1840.24
1843.71
1845.59
1849.47
1852.18
1856.75
1860.52
1865.02
1869.99
1874.52
1881.49
1886.99
1896.79
1903.65
1916.34
1923.59
1938.61
1947.26
1965.6
1976.16
1999.03
2010.56
2034.78
2048.13
2077.65
2094.92
2132.52
2153.71
2199.61
2225.79
2282.92
2314.89
2383.88
2420.84
2499.94
2544.02
2639.7
2694.03
2812.23
2878.55
3021.94
3099.86
3266.1
3354.73
3544.96
3648.46
3870.02
3991.05
4251.07
4393.65
4699.36
4863.56
5212.06
5394.44
5778.24
5976.83
6397.22
6621.11
7102.01
7363.77
7926.44
8226.45
8862.83
9192.57
9887.2
10247.2
11008.2
11410.5
12266.2
12725.7
13705.6
14226.1
15450
1601.34
1600.21
1600.43
1602.74
1612.96
1649.29
1718.61
1769.17
1784.01
1785.37
1784.97
1785.04
1786.33
1788.06
1791.56
1793.4
1794.14
1794.35
1794.08
1793.65
1793.66
1793.86
1794.68
1796.21
1798.08
1799.29
1800.62
1801.29
1802.18
1802.62
1803.38
1803.96
1805.19
1806.46
1808.12
1809.68
1811.09
1812.44
1813.42
1814.88
1815.92
1817.98
1819.35
1822.06
1823.59
1826.69
1828.42
1832.02
1834.11
1838.57
1841.13
1846.52
1849.43
1855.5
1858.89
1866.19
1870.41
1879.59
1884.64
1895.28
1900.6
1911.62
1917.75
1931.27
1939.22
1956.59
1966.39
1987.81
1999.95
2026.18
2040.3
2070.31
2086.34
2120.78
2139.86
2181.43
2205.03
2256.7
2285.4
2347.2
2380.6
2452.81
2492.41
2577.58
2623.99
2724.02
2778.75
2896.79
2960.33
3096.04
3167.54
3320.35
3402.28
3577.73
3672.69
3876.26
3986.93
4223.89
4350.39
4618.4
4757.8
5051.34
5203.05
5522.57
5689.21
6041.29
6232.44
6644.25
6873.64
7410.63
1601.07
1600.38
1599.22
1599.37
1601.19
1608.77
1635.8
1684.78
1723.24
1746.76
1756.79
1761.48
1762.28
1761.5
1760.77
1760.75
1760.49
1761.15
1763.85
1766.55
1768.26
1769.86
1771.15
1771.93
1772.41
1772.86
1773.55
1774.75
1776
1777.4
1778.43
1779.58
1780.4
1781.66
1782.66
1784.16
1785.08
1786.32
1786.93
1788.1
1788.75
1790.15
1791.03
1792.93
1794.07
1796.26
1797.39
1799.55
1800.62
1802.82
1803.95
1806.32
1807.58
1810.22
1811.69
1814.87
1816.78
1820.94
1823.27
1828.16
1830.84
1835.81
1838.17
1843.08
1845.84
1851.95
1855.62
1863.67
1868.21
1878.18
1883.69
1895.43
1901.72
1915.15
1922.41
1938.06
1946.85
1966.08
1976.93
2000.36
2013.04
2040.13
2054.57
2085.41
2101.96
2137.64
2157.17
2199.61
2222.74
2272.61
2299.29
2356.86
2388.17
2455.74
2492.56
2571.96
2615.19
2708.26
2757.98
2864.01
2919.11
3035.86
3096.27
3224.37
3294.76
3447.34
3530.13
3700.33
3806.68
3992.62
1601.29
1600.01
1599.4
1598.16
1598.18
1599.31
1604.23
1623.49
1654.71
1701.9
1735.54
1747.33
1750.54
1750.21
1748.72
1746.41
1745.17
1745.74
1747.89
1750.54
1752.12
1752.93
1752.93
1752.48
1751.97
1751.93
1752.05
1752.61
1754.44
1756.88
1758.51
1759.68
1760.28
1760.83
1761.1
1761.55
1761.87
1762.59
1763.25
1764.68
1765.53
1766.98
1767.74
1769.17
1769.91
1771.33
1772.05
1773.51
1774.29
1775.82
1776.57
1778.06
1778.81
1780.34
1781.15
1782.86
1783.87
1786.07
1787.3
1789.84
1791.18
1793.65
1794.99
1797.21
1798.22
1800.37
1801.6
1804.44
1806.18
1810
1812.2
1816.93
1819.5
1824.98
1827.91
1834.12
1837.55
1845.04
1849.27
1858.42
1863.36
1873.88
1879.44
1891.23
1897.45
1910.76
1918.02
1933.75
1942.39
1961.06
1971.14
1992.77
2004.33
2029.14
2042.49
2071.29
2086.95
2120.82
2139.03
2177.84
2199.15
2241.55
2265.06
2317.02
2346.41
2396.5
2449.11
2518.2
2672.47
2982.72
1601.17
1600.18
1599.14
1598.27
1597.32
1596.87
1597.44
1600.35
1610.36
1634.87
1674.97
1694.25
1720.21
1724.48
1726.65
1727.7
1727.72
1726.99
1726.54
1726.57
1726.95
1727.61
1728.23
1729.04
1730.08
1730.65
1730.84
1731.15
1731.96
1733.36
1734.57
1735.84
1736.74
1737.56
1737.96
1738.36
1738.63
1739.25
1740.04
1741.42
1742.57
1744
1744.9
1745.94
1746.46
1747.27
1747.69
1748.56
1749.16
1750.49
1751.37
1752.85
1753.7
1755.1
1755.79
1757.09
1757.75
1759.11
1759.81
1761.22
1761.93
1763.31
1764.19
1765.68
1766.5
1767.88
1768.5
1769.8
1770.64
1772.25
1773.15
1775.16
1776.23
1778.44
1779.66
1782.24
1783.66
1786.73
1788.52
1792.39
1794.48
1798.9
1801.19
1806.02
1808.51
1813.77
1816.6
1822.71
1826.08
1833.34
1837.27
1845.68
1850.16
1859.76
1864.91
1875.88
1881.84
1894.71
1902.34
1915.08
1926.57
1941.48
1953.37
1970.72
1992.27
2043.38
2181.4
2395.09
2749.33
3636.4
1601.08
1600.25
1599.06
1598.27
1597.13
1596.46
1595.56
1595.74
1597.17
1601.93
1615.65
1642.49
1680.28
1694.17
1707.67
1715.83
1715.75
1715.67
1715.37
1713.85
1713.44
1713.35
1712.69
1712.59
1712.91
1713.81
1714.6
1715.27
1715.98
1716.69
1716.97
1717.36
1717.63
1718.21
1718.64
1719.33
1719.88
1720.77
1721.49
1722.38
1722.89
1723.51
1723.82
1724.34
1724.64
1725.29
1725.84
1726.95
1727.82
1729.12
1729.99
1731.14
1731.78
1732.69
1733.14
1733.92
1734.34
1735.12
1735.58
1736.55
1737.21
1738.4
1739.3
1740.55
1741.42
1742.54
1743.18
1743.98
1744.54
1745.27
1745.6
1746.34
1746.94
1747.93
1748.46
1749.73
1750.49
1752.1
1752.99
1754.95
1756.01
1758.21
1759.29
1761.55
1762.65
1764.97
1766.19
1768.81
1770.26
1773.36
1775.03
1778.57
1780.44
1784.4
1786.54
1791.11
1793.62
1799.04
1802.69
1808.57
1813.64
1822.86
1843.93
1905.69
2040.7
2208.52
2638.1
3421.3
4159.59
5105.38
1601.15
1600.15
1599.16
1598.13
1597.23
1596.2
1595.4
1594.52
1594.15
1594.61
1596.7
1604.29
1615.83
1644.33
1670.81
1693.8
1694.86
1693.94
1695.03
1697.67
1699.28
1700.05
1700.08
1699.6
1698.49
1696.89
1695.88
1695.67
1695.8
1696.55
1698.01
1699.25
1700.25
1700.95
1701.3
1701.48
1701.56
1701.62
1701.7
1701.9
1702.48
1703.68
1704.67
1705.47
1705.92
1706.41
1706.73
1707.15
1707.39
1707.81
1708.24
1709.13
1709.96
1711.02
1711.83
1712.69
1713.33
1714
1714.43
1714.97
1715.31
1715.98
1716.68
1717.63
1718.54
1719.61
1720.45
1721.31
1722.03
1722.66
1723.01
1723.22
1723.53
1723.91
1724.08
1724.44
1725.21
1725.81
1726.44
1727.6
1728.63
1729.62
1730.71
1731.73
1732.72
1733.58
1734.66
1735.62
1736.77
1737.8
1739.24
1740.37
1742.12
1743.24
1745.31
1746.78
1749.64
1751.93
1756.82
1768.38
1808.24
1894.53
2000.66
2293
2646.9
3411.52
4133.07
5868.56
7221.06
7515.76
1601.28
1600.03
1599.28
1598.02
1597.32
1596.07
1595.41
1594.21
1593.68
1592.68
1592.69
1593.39
1595.86
1604.05
1617.57
1634.19
1660.23
1678.44
1690.39
1691.04
1690.53
1687.97
1685.42
1684.45
1684.32
1684.58
1685.22
1685.77
1685.73
1684.97
1683.88
1683.51
1683.4
1683.41
1683.68
1684.63
1685.66
1686.35
1686.72
1686.96
1687.17
1687.38
1687.53
1687.64
1687.77
1688.09
1688.64
1689.27
1689.7
1690.19
1690.64
1691.22
1691.72
1692.29
1692.71
1693.19
1693.59
1694.06
1694.5
1695.01
1695.5
1696.09
1696.79
1697.52
1698.25
1699.03
1699.63
1700.34
1700.94
1701.52
1702
1702.4
1702.61
1702.94
1703.21
1703.36
1703.61
1704.27
1704.61
1705.12
1705.79
1706.6
1707.24
1708.02
1708.59
1709.24
1709.72
1710.49
1710.95
1711.94
1712.58
1713.76
1714.78
1716.36
1717.9
1721.36
1729.7
1759.9
1821.92
1903.36
2157.56
2404.39
2938.64
3531.18
4719.05
6441.98
6886.67
7720.48
8217.57
8181.5
1601.29
1600.03
1599.27
1598.03
1597.3
1596.09
1595.37
1594.19
1593.52
1592.41
1591.85
1591.01
1591.07
1591.81
1594.4
1599.95
1615.82
1630.25
1646.41
1664.56
1669.23
1674.97
1677.05
1677.54
1677.73
1677.58
1676.61
1674.48
1672.4
1671.36
1671.33
1671.56
1672.12
1672.51
1672.53
1672.33
1671.71
1671.38
1671.33
1671.41
1671.86
1672.6
1673.1
1673.41
1673.57
1673.63
1673.64
1673.66
1673.7
1673.78
1673.97
1674.46
1675.03
1675.63
1676.05
1676.46
1676.75
1677.06
1677.27
1677.5
1677.64
1677.87
1678.22
1678.68
1679.26
1679.89
1680.49
1681.22
1681.93
1682.59
1683.14
1683.58
1683.8
1684
1684.14
1684.31
1684.36
1684.53
1684.85
1685.15
1685.39
1686.02
1686.57
1687.07
1687.65
1688.15
1688.61
1688.97
1689.58
1690.39
1691.31
1692.59
1695.62
1703.51
1732.95
1782.65
1862.14
2079.54
2264.05
2733.68
3324.72
4254.64
5608.55
6117.05
7195.2
7949.2
7952.09
7886.64
7808.63
7814.21
1601.28
1600.04
1599.26
1598.04
1597.29
1596.09
1595.36
1594.18
1593.48
1592.33
1591.68
1590.6
1590.08
1589.26
1589.3
1589.88
1591.8
1597.6
1604.86
1621.96
1641.47
1646.12
1655.85
1661.63
1665.83
1668.39
1668.47
1667.84
1666.74
1665.84
1664.67
1663.55
1661.94
1660.98
1660.89
1660.94
1661.16
1661.56
1661.68
1661.63
1661.1
1660.33
1660.01
1659.95
1659.99
1660.21
1660.82
1661.36
1661.71
1661.9
1661.96
1661.99
1661.98
1661.98
1662
1662.05
1662.08
1662.14
1662.29
1662.62
1662.97
1663.24
1663.48
1663.7
1664
1664.31
1664.51
1664.69
1665
1665.26
1665.71
1666.1
1666.52
1666.84
1667.23
1667.47
1667.78
1667.94
1668.17
1668.37
1668.45
1668.65
1668.86
1669.12
1669.5
1669.75
1670.29
1670.73
1671.91
1675.16
1684.32
1711.63
1758.67
1865.46
2056.77
2215.79
2693.68
3261.29
3834.41
5376.12
5999.34
6910.94
7488.68
7503.43
7508.43
7628.02
7718.12
7710.99
7654.58
7522.63
1601.25
1600.02
1599.23
1598.02
1597.26
1596.07
1595.33
1594.16
1593.44
1592.3
1591.6
1590.5
1589.84
1588.82
1588.28
1587.48
1587.36
1587.72
1589.04
1591.93
1600.76
1609.53
1619.33
1638.57
1645.71
1650.84
1654.05
1653.78
1654.07
1655.88
1656.72
1656.79
1656.65
1655.91
1654.4
1653.12
1651.84
1650.98
1650.61
1650.52
1650.48
1650.42
1650.28
1650.2
1650.06
1649.92
1649.89
1649.9
1649.97
1649.99
1649.96
1649.83
1649.69
1649.65
1649.65
1649.78
1650.14
1650.44
1650.67
1650.82
1650.89
1650.9
1650.88
1650.77
1650.72
1650.72
1650.81
1651
1651.29
1651.59
1651.86
1652.15
1652.41
1652.53
1652.76
1652.87
1653.03
1653.29
1653.47
1653.77
1653.99
1654.24
1654.45
1654.6
1655.1
1656.55
1660.23
1671.86
1706.05
1766.96
1922.6
2044.25
2223.89
2826.21
3313.43
4038.85
5284.27
5722.49
6627.47
7320.53
7335.71
7327.26
7373.05
7380.64
7365.17
7335.4
7286.6
7261.9
7211.95
7188.92
1601.17
1599.99
1599.13
1597.99
1597.14
1596.05
1595.19
1594.15
1593.29
1592.3
1591.43
1590.5
1589.62
1588.76
1587.89
1587.12
1586.33
1585.76
1585.29
1585.42
1586.11
1588.36
1591.62
1597.87
1612.19
1617.88
1628.24
1638.75
1642.96
1647.07
1647.76
1647.24
1646.05
1645.72
1645.84
1646.08
1646.06
1645.84
1645.21
1644
1642.69
1641.56
1640.91
1640.73
1640.74
1640.94
1641.07
1641.02
1640.66
1640.16
1639.95
1639.91
1639.93
1640.02
1640.03
1639.96
1639.82
1639.76
1639.74
1639.75
1639.82
1640.01
1640.19
1640.3
1640.34
1640.33
1640.26
1640.08
1639.95
1639.92
1639.92
1639.97
1640.12
1640.31
1640.55
1640.71
1640.95
1641.09
1641.38
1641.55
1641.96
1643.04
1645.82
1653.92
1679.05
1723.74
1826.36
1943.85
2072.6
2475.66
3039.71
3399.83
4419.44
5622.51
5945.62
6701.75
6955.55
6995.25
7175.8
7238.68
7215.15
7124.73
7037.63
7007.97
7001.64
6997.33
6992.6
6980.08
6927.76
6858.63
1600.97
1600
1598.89
1597.98
1596.87
1596.01
1594.9
1594.09
1592.98
1592.22
1591.13
1590.39
1589.32
1588.61
1587.57
1586.89
1585.88
1585.26
1584.34
1583.85
1583.17
1583.07
1583.33
1584.19
1586.54
1591.7
1595.98
1607.04
1617.68
1621.47
1630.29
1635.88
1638.04
1639.7
1639.72
1639.52
1638.9
1638.16
1637.64
1637.32
1636.89
1636.51
1636.03
1635.18
1634.29
1633.5
1632.92
1632.67
1632.52
1632.35
1632.07
1631.69
1631.42
1631.31
1631.29
1631.29
1631.27
1631.24
1631.09
1630.83
1630.7
1630.64
1630.62
1630.58
1630.5
1630.41
1630.34
1630.31
1630.3
1630.28
1630.28
1630.28
1630.24
1630.25
1630.32
1630.43
1630.72
1631.48
1633.5
1639.04
1653.84
1692.35
1785.29
1875.58
1997.1
2342.7
2689.07
3053.18
4053.86
5241.41
5497.13
5891
6826.39
6903.13
6886.29
6925.25
6943.69
6934.28
6904.12
6858.11
6811.42
6786.64
6747.26
6704.4
6640.36
6590.22
6537.12
6512.83
6474.42
6470.78
1600.85
1599.9
1598.76
1597.84
1596.75
1595.82
1594.78
1593.86
1592.87
1591.95
1591.02
1590.08
1589.21
1588.27
1587.45
1586.5
1585.73
1584.8
1584.08
1583.18
1582.55
1581.73
1581.29
1580.74
1580.78
1581.19
1582.27
1584.45
1590.44
1596.15
1601.23
1613.11
1621.75
1623.66
1625.83
1630.64
1633.19
1633.43
1633.23
1632.69
1631.73
1631.06
1630.66
1630.34
1630.03
1629.57
1628.55
1627.39
1626.57
1626.17
1625.99
1625.83
1625.45
1624.87
1624.53
1624.39
1624.33
1624.24
1624
1623.53
1623.26
1623.19
1623.19
1623.25
1623.29
1623.3
1623.28
1623.15
1622.83
1622.61
1622.58
1622.6
1622.72
1623.21
1624.61
1628.33
1637.99
1667.07
1743.14
1817.22
1930.02
2233.88
2498.37
2881.92
3868.72
4594.29
4938.13
5737.94
6567.11
6585.51
6525
6614.89
6814.04
6842.4
6810.99
6663.45
6532.17
6479.84
6468.16
6466.48
6462.48
6438.69
6361.64
6292.14
6238.93
6215.33
6180.36
6154.68
6092.81
6047.52
1600.85
1599.71
1598.73
1597.61
1596.68
1595.57
1594.67
1593.59
1592.72
1591.66
1590.82
1589.79
1588.96
1587.97
1587.16
1586.2
1585.4
1584.49
1583.7
1582.82
1582.05
1581.24
1580.5
1579.79
1579.17
1578.67
1578.33
1578.44
1578.96
1580.45
1582.75
1586.42
1594.84
1602.55
1606.39
1613.53
1622.01
1624.33
1624.25
1624.7
1626.89
1627.37
1627.27
1626.67
1625.78
1625.18
1624.8
1624.32
1623.59
1622.84
1622.22
1621.8
1621.35
1620.83
1620.24
1619.64
1619.24
1619.09
1619.05
1619.01
1618.89
1618.49
1618.02
1617.72
1617.61
1617.6
1617.63
1617.7
1617.72
1617.9
1618.58
1620.64
1627.38
1648.4
1692.72
1794.36
1872.92
2030.92
2464.59
2749.78
3334.33
4161.68
4786.16
5612.96
6002.55
6095.36
6391.79
6635.96
6631.88
6553.51
6449.75
6377.59
6333.65
6310.43
6290.03
6260.37
6215.9
6159.63
6096.11
6041.48
6000.71
5973.43
5940.44
5908.32
5874.09
5849.22
5823.96
5809.79
5787.62
5776.88
1600.77
1599.69
1598.62
1597.58
1596.52
1595.53
1594.47
1593.53
1592.48
1591.58
1590.55
1589.68
1588.66
1587.84
1586.83
1586.04
1585.04
1584.29
1583.31
1582.58
1581.63
1580.94
1580.01
1579.35
1578.48
1577.88
1577.1
1576.64
1576.1
1575.96
1576.13
1576.76
1578.13
1581.52
1586.08
1589.67
1597.62
1607.7
1610.8
1614.38
1617.59
1619.89
1622.18
1622.66
1622.3
1621.32
1620.92
1620.88
1620.85
1620.72
1620.15
1618.98
1618.11
1617.4
1616.99
1616.77
1616.45
1615.94
1615.33
1614.75
1614.37
1614.14
1614.01
1613.94
1613.71
1613.75
1614.16
1615.71
1620.63
1634.1
1667.23
1746.29
1828.14
1969.92
2353.27
2601.98
2938.82
3942.99
4484.97
5033.27
5591.06
5870.46
6254.4
6313.11
6264.21
6208.42
6190.73
6175.55
6165.03
6144.43
6093.65
6036.08
5983.62
5939.52
5904.56
5872.29
5840.97
5811.18
5785.87
5766.64
5753.52
5743.99
5737.5
5732.25
5729.32
5725.51
5722.62
5718.06
5712.29
5703.75
1600.69
1599.65
1598.53
1597.52
1596.42
1595.44
1594.37
1593.4
1592.38
1591.42
1590.44
1589.49
1588.54
1587.61
1586.7
1585.77
1584.9
1583.98
1583.16
1582.24
1581.46
1580.55
1579.81
1578.9
1578.22
1577.32
1576.7
1575.84
1575.3
1574.53
1574.16
1573.64
1573.65
1573.89
1574.64
1576.48
1578.62
1582.7
1591.5
1597.07
1599.61
1603.96
1611.53
1616.24
1616.8
1616.39
1615.98
1615.94
1616.28
1616.55
1616.57
1616.52
1616.28
1615.37
1614.25
1613.51
1613.02
1612.75
1612.61
1612.35
1611.53
1611.09
1611.25
1612.14
1615
1623.04
1650.5
1724.6
1791.46
1905.21
2199.14
2422.97
2765.24
3672.07
4197.97
4495.92
5282.76
5767.86
5770.11
5818.36
5951.25
5965.75
5957.76
5935.08
5915.54
5892.9
5873.63
5859.14
5845.97
5832.3
5815.64
5796.14
5776.53
5761.08
5749.4
5738.7
5727.93
5717.13
5708.2
5701.65
5697.48
5695.91
5695.82
5697.16
5701.09
5704.14
5705.64
5705.81
5705.19
5701.25
1600.69
1599.57
1598.52
1597.41
1596.4
1595.31
1594.34
1593.26
1592.32
1591.26
1590.36
1589.32
1588.44
1587.43
1586.57
1585.59
1584.75
1583.79
1582.97
1582.04
1581.24
1580.34
1579.55
1578.69
1577.9
1577.09
1576.31
1575.54
1574.78
1574.08
1573.36
1572.76
1572.13
1571.73
1571.35
1571.4
1571.71
1572.6
1574.91
1577.03
1580.77
1589.54
1594.14
1596.7
1602.64
1608.45
1610.19
1611.49
1612.97
1613.18
1612.99
1612.47
1612.21
1612.12
1612.11
1612.03
1611.76
1610.89
1610.56
1610.78
1612.06
1616.77
1635.3
1678.21
1737.44
1883.39
2066.93
2263.03
2726.3
3355.76
3667.53
4186.84
5048.31
5407.76
5427.98
5537.13
5816.51
5823.67
5795.64
5776.83
5774.15
5774.91
5783.48
5788.26
5788.5
5783.75
5769.85
5760.03
5756.2
5755.27
5754.4
5752.62
5746.55
5737.03
5729.81
5723.33
5716.38
5709.9
5705.51
5704.12
5704.19
5705.55
5709.76
5720.61
5733.61
5744.86
5753.94
5759.95
5764.81
5761.9
1600.67
1599.54
1598.48
1597.39
1596.34
1595.28
1594.25
1593.23
1592.21
1591.22
1590.23
1589.27
1588.28
1587.36
1586.39
1585.5
1584.55
1583.69
1582.75
1581.92
1580.99
1580.2
1579.29
1578.52
1577.62
1576.89
1576.01
1575.3
1574.45
1573.76
1572.94
1572.29
1571.53
1570.93
1570.28
1569.79
1569.34
1569.13
1569.25
1569.67
1570.59
1572.78
1576.01
1579.09
1585.97
1592.7
1595.21
1597.28
1602.85
1608.15
1609.85
1609.64
1608.46
1607.83
1608.06
1609.26
1611.03
1614.88
1625
1655.83
1723.83
1803.9
1976.19
2268.33
2515.49
2888.62
3548.82
4247.82
4718.25
4877.09
5130.88
5585.88
5723.35
5678.27
5644.45
5665.3
5759.34
5824.49
5840.15
5833.3
5796.04
5767.93
5762.02
5763.6
5771.42
5775.74
5777.54
5779.76
5784.39
5791.17
5798.7
5805.03
5808.84
5810.16
5809.89
5808.05
5806.19
5805.76
5805.95
5807.04
5809.91
5817.46
5835.88
5857.9
5882.08
5902.87
5922.37
5933.76
5947.44
5944.26
1600.65
1599.55
1598.46
1597.38
1596.32
1595.27
1594.23
1593.21
1592.19
1591.19
1590.19
1589.22
1588.25
1587.3
1586.35
1585.43
1584.5
1583.59
1582.7
1581.8
1580.93
1580.05
1579.22
1578.35
1577.55
1576.68
1575.91
1575.06
1574.33
1573.48
1572.79
1571.95
1571.3
1570.48
1569.89
1569.12
1568.6
1567.93
1567.56
1567.09
1567.04
1567.2
1567.73
1569
1571.03
1573.39
1579.04
1585.77
1588.52
1591.44
1598.06
1604.54
1608.89
1611.9
1618.33
1638.29
1690.54
1758.95
1911.36
2177.66
2364.98
2776.23
3542.24
3912.19
4375.48
4939.98
5389.23
5536.3
5518.54
5564.63
5783.75
5894.37
5913.54
5914.33
5912.22
5912.94
5917.85
5928.94
5934.85
5939.38
5943.64
5945.31
5946.41
5949.28
5956.29
5962.05
5966.6
5969.68
5971.08
5972.84
5976.34
5985.42
5997.91
6007.27
6013.34
6017.19
6019.38
6020.52
6021.48
6022.81
6025.02
6029.56
6041.77
6061.67
6079.63
6093.23
6103.74
6110.58
6117.5
6115.26
1600.67
1599.57
1598.47
1597.4
1596.33
1595.29
1594.24
1593.22
1592.2
1591.21
1590.21
1589.24
1588.27
1587.31
1586.37
1585.43
1584.52
1583.59
1582.71
1581.8
1580.95
1580.05
1579.23
1578.35
1577.55
1576.68
1575.9
1575.06
1574.29
1573.48
1572.73
1571.94
1571.2
1570.45
1569.73
1569.01
1568.31
1567.66
1567
1566.43
1565.88
1565.52
1565.2
1565.26
1565.56
1566.35
1567.73
1570.57
1575.14
1582.24
1591.19
1611.15
1658.09
1729.15
1886.95
2040.43
2231.45
2739.48
3310.89
3647.64
4383.63
5179.9
5384.54
5443.04
5619.97
5953.73
6053.47
6060.06
6060.36
6066.08
6094.11
6106.58
6105.61
6095.04
6084.98
6084.33
6089.93
6113.44
6137.48
6147.09
6148.72
6147.29
6139.42
6131.95
6130.04
6130.55
6134.39
6140.16
6142.72
6143.05
6142.06
6139.34
6137.99
6137.97
6139.38
6145.11
6154.21
6162.7
6170.49
6177.47
6182.22
6183.98
6184.04
6183.29
6182.83
6183.19
6185.31
6188
6191.11
6188.73
1600.69
1599.61
1598.51
1597.45
1596.38
1595.34
1594.3
1593.27
1592.26
1591.25
1590.27
1589.28
1588.33
1587.35
1586.43
1585.47
1584.57
1583.64
1582.76
1581.85
1580.99
1580.1
1579.27
1578.39
1577.58
1576.73
1575.93
1575.11
1574.32
1573.52
1572.75
1571.98
1571.22
1570.48
1569.74
1569.02
1568.29
1567.62
1566.93
1566.29
1565.63
1565.06
1564.56
1564.24
1564.39
1565.28
1568.22
1577.6
1608.55
1670.74
1787.88
1896.23
2108.17
2656.93
3012.7
3422.96
4370.63
4989.76
5147.81
5397.89
5996.47
6160.07
6142.9
6133.3
6155.07
6243.97
6305.85
6317.5
6316.52
6301.16
6275.71
6266.84
6266.91
6274.87
6289.41
6296.87
6299.72
6299.77
6297.31
6290.37
6285.31
6283.25
6283.23
6283.35
6283.57
6283.67
6282.33
6276.29
6267.59
6260.93
6256.14
6252.81
6250.97
6250.48
6250.88
6253.32
6257.2
6260.12
6261.85
6263.05
6263.88
6264.36
6264.75
6265.58
6267.23
6269.49
6271.51
6272.98
6273.94
6269.97
1600.74
1599.62
1598.58
1597.48
1596.47
1595.38
1594.41
1593.33
1592.38
1591.32
1590.4
1589.36
1588.46
1587.45
1586.56
1585.57
1584.7
1583.75
1582.89
1581.96
1581.11
1580.21
1579.37
1578.51
1577.68
1576.84
1576.02
1575.22
1574.41
1573.63
1572.83
1572.08
1571.29
1570.57
1569.8
1569.1
1568.35
1567.71
1566.99
1566.5
1565.93
1566
1566.85
1570.77
1584.84
1620.08
1711.67
1814.42
1985.37
2443.84
2749.49
3171.8
4175.87
4634.85
4939.93
5620.75
6109.85
6161.42
6158.69
6209.57
6285.06
6334.35
6378.54
6407.88
6419.5
6415.11
6403.13
6402.22
6409.06
6422.15
6424.3
6422.83
6416.19
6405.82
6399.91
6398.29
6398.42
6400.17
6401.83
6401.96
6399.79
6390.99
6382.1
6376.74
6373.97
6373.15
6373.34
6374.79
6375.52
6375.43
6374.39
6369.79
6363.05
6358.97
6357.35
6357.04
6357.86
6362.45
6372.12
6380.1
6386.22
6390.55
6393.78
6396.21
6397.7
6398.45
6399.19
6400
6402.16
6396.74
1600.79
1599.69
1598.63
1597.56
1596.53
1595.49
1594.46
1593.46
1592.45
1591.48
1590.47
1589.54
1588.54
1587.65
1586.66
1585.79
1584.81
1583.98
1583.01
1582.2
1581.24
1580.46
1579.52
1578.76
1577.83
1577.09
1576.18
1575.46
1574.57
1573.86
1573.01
1572.3
1571.48
1570.77
1570
1569.37
1568.68
1568.32
1568.56
1570.21
1577.21
1601.04
1664.18
1775.59
1895.04
2234.04
2577.47
2991.99
3913.92
4328.76
4783.61
5720.34
6146.25
6161.2
6212.88
6331.66
6385.16
6431.61
6450.81
6450.12
6438.46
6428.57
6431.11
6454.29
6493.12
6511.92
6515.35
6514.84
6510.15
6503.67
6501.66
6501.3
6502.29
6507.49
6514.05
6518.18
6518.95
6518.85
6517.94
6517.38
6517.19
6517.83
6520.8
6525.56
6528.54
6529.57
6529.55
6529.2
6528.26
6525.53
6521.84
6519.93
6519.57
6519.6
6520.12
6522.1
6528.47
6536.31
6542.45
6547.07
6551.21
6555.23
6559.48
6563.77
6567.83
6570.97
6572.92
6573.63
6573.65
6566.32
1600.86
1599.76
1598.73
1597.66
1596.64
1595.59
1594.6
1593.57
1592.6
1591.6
1590.65
1589.67
1588.74
1587.77
1586.87
1585.92
1585.05
1584.11
1583.26
1582.34
1581.52
1580.6
1579.82
1578.91
1578.15
1577.25
1576.51
1575.63
1574.91
1574.04
1573.36
1572.51
1571.91
1571.11
1571.03
1571.55
1574.39
1588.17
1627.81
1713.74
1874.97
2009.2
2414.51
2865.45
3391.04
4122.57
4728.09
5669.86
6108.37
6117.95
6266.18
6536.35
6584.4
6580.06
6543.58
6517.5
6522.75
6565.34
6610.61
6626.75
6627.89
6620.82
6613.98
6613.78
6619.73
6637.5
6648.86
6653.77
6656.49
6661.25
6669.87
6679.96
6689.32
6696.43
6700.34
6703.29
6708.68
6716.55
6727.92
6741.04
6751.86
6756.87
6757.6
6757.14
6755.49
6751.57
6747.57
6744.44
6742.55
6740.86
6738.83
6736.57
6734.47
6732.75
6731.73
6731.46
6731.56
6732.47
6736.72
6745.22
6752.02
6756.83
6759.65
6760.9
6761.28
6761.24
6760.69
6758.37
6755.72
6744.29
1600.93
1599.87
1598.82
1597.8
1596.75
1595.77
1594.73
1593.78
1592.74
1591.82
1590.8
1589.91
1588.9
1588.04
1587.04
1586.2
1585.22
1584.4
1583.44
1582.63
1581.69
1580.91
1579.99
1579.22
1578.32
1577.59
1576.68
1575.99
1575.1
1574.49
1573.67
1573.64
1574.52
1579.61
1606.41
1662.15
1782.1
1910.44
2153.25
2768.16
3116.7
3839.48
4926.14
5447.1
6084.77
6360.12
6675.94
6830.95
6814.21
6742.07
6708.66
6708.39
6736.5
6769.6
6785.41
6791.12
6796.45
6807.43
6818.29
6822.85
6822.71
6818.91
6810.64
6808.21
6808.88
6814.99
6829.15
6839.58
6846.21
6850.37
6853.37
6857.26
6865.85
6884.57
6902.76
6917.86
6930.56
6939.11
6943.21
6944.61
6946.46
6948.73
6949.76
6949.69
6948.67
6945.43
6936.55
6925.4
6915.48
6907.39
6901.59
6897.79
6895.4
6894.32
6894.2
6894.53
6895.82
6897.15
6897.91
6898.08
6898.04
6897.86
6897.78
6897.74
6897.77
6897.78
6897.64
6896.94
6894.82
6883.94
1600.97
1600
1598.9
1597.95
1596.87
1595.93
1594.88
1593.95
1592.94
1592.01
1591.03
1590.1
1589.17
1588.22
1587.34
1586.39
1585.54
1584.58
1583.78
1582.82
1582.05
1581.09
1580.35
1579.41
1578.69
1577.77
1577.13
1576.23
1576.18
1577.2
1584.65
1620.29
1702.47
1810.58
2046.01
2469.41
2826.06
3576.21
4825.45
5251.21
5788.49
6818.87
6928.94
6892.1
6871.79
6884.59
6948.18
6970.14
6968.15
6956.82
6953.35
6958.36
6980.55
7003.34
7014.21
7021.86
7033.34
7047.18
7060.76
7071.32
7076.53
7078.05
7077.62
7073.28
7060.21
7047.53
7039.46
7036.19
7035.84
7036.36
7038.22
7040.32
7040.88
7040.65
7040.44
7040.56
7041.52
7045.47
7055.48
7064.06
7068.36
7069.24
7069.07
7067.54
7061.15
7049.35
7039.1
7029.71
7021.53
7015.4
7011.3
7008.62
7007.05
7006.74
7007.52
7010.7
7015.53
7020.69
7025.6
7028.97
7030.75
7031.64
7032.1
7032.25
7032.22
7031.8
7030.96
7028.71
7026.24
7015.67
1601.06
1600.05
1599.02
1598.01
1597.03
1596.01
1595.07
1594.04
1593.15
1592.11
1591.25
1590.23
1589.39
1588.39
1587.55
1586.59
1585.74
1584.83
1583.97
1583.1
1582.22
1581.4
1580.52
1579.76
1578.89
1578.6
1579.35
1585.77
1627.6
1696.57
1877.09
2149.73
2413.94
3181.46
4151.69
4865.5
5789.07
6742.35
6967.01
6996.79
7176
7321.74
7343.22
7343.16
7330.43
7318.25
7296.25
7265.01
7234.02
7208.08
7190.33
7180.21
7177.29
7177.91
7184.22
7204.5
7219.62
7226.13
7227.5
7226.98
7223.42
7216.5
7210.55
7204.02
7194.97
7182.88
7169.66
7158.46
7151.05
7147.67
7147.11
7148.18
7154.27
7166.37
7175.93
7182.35
7186.46
7189.34
7190.94
7191.11
7190.13
7185.29
7177.32
7170.23
7162.92
7155.54
7150.67
7147.73
7143.22
7138.56
7134.56
7131.71
7129.53
7127.77
7125.99
7123.89
7122.08
7121.28
7121.33
7122.32
7125.03
7128.31
7131.82
7135.13
7137.53
7139.23
7140.15
7140.63
7140.71
7132.28
1601.14
1600.06
1599.12
1598.04
1597.12
1596.07
1595.17
1594.13
1593.24
1592.25
1591.34
1590.4
1589.47
1588.59
1587.63
1586.81
1585.83
1585.06
1584.06
1583.34
1582.36
1581.68
1580.83
1581.07
1584.34
1612.34
1682.71
1862.77
2086.02
2476.53
3502.53
4152.77
5456.04
6974.12
7294.73
7244.91
7302.7
7402.19
7430.89
7435.29
7436.98
7436.93
7450.13
7468.17
7471.48
7469.24
7456.02
7409.98
7363.4
7337.98
7327.57
7325.57
7326.29
7330.08
7341.63
7355.12
7366.81
7376.83
7385.22
7392.3
7398.89
7404.31
7407.76
7409.03
7408.8
7405.26
7390.7
7363.26
7339.1
7320.73
7307.98
7299.39
7293.62
7290.25
7288.86
7288.03
7286.8
7284.33
7280.03
7274.51
7268.61
7262.96
7257.68
7253.41
7250.44
7247.28
7243.67
7241.39
7240.31
7239.52
7238.83
7238.79
7239.81
7241.85
7242.95
7243.49
7243.74
7244.34
7246.52
7252.49
7258.26
7262.95
7268.99
7277.05
7285.77
7293.04
7298.3
7301.87
7304.26
7294.3
1601.17
1600.09
1599.13
1598.09
1597.13
1596.14
1595.17
1594.23
1593.24
1592.36
1591.35
1590.53
1589.51
1588.72
1587.71
1586.93
1585.96
1585.15
1584.26
1583.44
1582.86
1583.63
1593.19
1645.87
1787.71
1997.41
2403.67
3004.56
4101.79
6031.07
6479.13
6828.11
7477.96
7587.95
7586.99
7563.24
7534.1
7530.24
7551.2
7576.67
7589.39
7609.72
7637.31
7656.11
7660.75
7659.6
7651.99
7625.33
7572.02
7526.78
7497.07
7482.09
7477.16
7477.79
7485.59
7496.28
7501.72
7503.42
7504.68
7507.77
7516.19
7525.6
7532.79
7537.11
7538.56
7538.41
7536.48
7526.32
7498.94
7474.33
7457.61
7447.07
7440.66
7436.92
7435.22
7434.96
7434.79
7434.14
7431.51
7425.1
7420.24
7417.72
7417.1
7416.92
7416.42
7414.76
7409.35
7398.29
7386.49
7374.78
7364.86
7356.95
7351.8
7348.57
7345.76
7343.62
7342.9
7343.18
7345.61
7354.88
7371.26
7385.88
7398.9
7412.7
7427.18
7438.91
7446.81
7451.37
7453.41
7441.27
1601.17
1600.14
1599.12
1598.16
1597.12
1596.21
1595.16
1594.31
1593.26
1592.42
1591.4
1590.55
1589.58
1588.72
1587.81
1586.91
1586.13
1585.14
1584.82
1586.18
1602.19
1668.55
1857.29
2135.95
2698.98
4006.87
5524.85
6202.82
7554.69
8056.39
7997.21
7913.78
7899.47
7914.51
7926.99
7922.2
7885.49
7781.03
7702.07
7669.57
7666.95
7683.66
7732.64
7758.07
7764.61
7760.63
7737.62
7711.09
7697.33
7685.84
7673.83
7662.28
7650.47
7639.03
7630.87
7627.21
7626.71
7627.39
7630.35
7640.92
7671.88
7706.53
7731.54
7746.7
7753.64
7755.14
7754.3
7747.43
7720.08
7672.43
7633.01
7602.88
7580.29
7563.37
7551.44
7544.82
7542.96
7543.02
7544.2
7548.34
7554.54
7559.19
7561.71
7562.51
7562.14
7558.83
7545.37
7516.07
7490.28
7470.84
7458.68
7451.83
7448.17
7446.46
7446
7446.19
7447.86
7454.75
7474.41
7499.59
7525.19
7550.53
7572.96
7591.85
7607.8
7620.56
7628.13
7630.71
7630.99
7616.44
1601.14
1600.18
1599.11
1598.19
1597.13
1596.24
1595.18
1594.3
1593.31
1592.38
1591.49
1590.51
1589.71
1588.69
1587.96
1586.93
1586.54
1587.81
1607.95
1704.88
1904.47
2420.84
3182.46
4795.73
6173.65
7489.6
7826.6
7717.18
7720.36
7856.63
7960.82
8003.31
8012.12
8010.01
8004.74
7989.21
7944.78
7887
7856.95
7846.85
7847.01
7855.5
7889.96
7928.68
7955.71
7970.91
7975.88
7975.76
7970.34
7947.95
7895.01
7840.07
7788.63
7744.24
7712.6
7695.63
7689.98
7689.69
7692.36
7705.63
7746.21
7791.32
7824.31
7844.33
7853.31
7855.53
7855.1
7851.25
7836.07
7796.19
7755.92
7725.07
7705.27
7695.98
7693.62
7693.78
7695.63
7702.51
7715.16
7725.54
7733
7737.68
7739.48
7739.5
7737.5
7728
7699.18
7664.06
7634.25
7610.65
7593.61
7583.65
7579.25
7577.74
7577.61
7578.69
7583.06
7596.68
7626.65
7659.42
7688.43
7714.5
7737.74
7757.03
7771.89
7783.3
7791.12
7794.05
7794.42
7775.15
1601.14
1600.18
1599.12
1598.18
1597.15
1596.21
1595.24
1594.27
1593.38
1592.37
1591.54
1590.52
1589.72
1588.76
1588.05
1588.92
1606.62
1693.08
1912.05
2381.14
3408.98
4798.55
5741.09
7680.78
8052.15
8130.07
8135.32
8106.77
8100.64
8117.76
8189.68
8267.27
8303.88
8307.53
8298.31
8250.04
8138.9
8055.97
8009.86
7993.05
7991.48
7995.99
8017.75
8051.56
8073.14
8084.16
8086.38
8084.71
8075.04
8040.42
7971.12
7909.19
7859.31
7822.71
7800.48
7791.78
7790.9
7793.04
7803.82
7840.63
7902.33
7954.22
7990.18
8010.12
8018.03
8019.19
8016.81
8003.94
7961.63
7908.32
7866.42
7837.74
7821.67
7815.12
7813.89
7814.83
7821.15
7841.93
7866.84
7886.43
7899.88
7907.69
7911.12
7911.87
7911.13
7906.06
7886.86
7856.19
7829.74
7809.48
7796.18
7789.18
7786.9
7786.75
7787.61
7790.59
7798.42
7819.13
7849.08
7880.85
7910.65
7936.87
7960.14
7980.46
7996.65
8008.81
8018.08
8022.67
8024.68
7998.66
1601.14
1600.17
1599.14
1598.16
1597.19
1596.19
1595.26
1594.28
1593.37
1592.42
1591.46
1590.66
1589.56
1589.78
1596.75
1677.31
1886
2382.66
3552.5
4794.07
8207.99
8836.51
8739.38
8548.23
8386.25
8309.3
8286.86
8276.25
8252.52
8243.27
8245.04
8266.84
8309.01
8324.17
8320.03
8283.39
8187.56
8127.87
8109.59
8110.46
8130.02
8200.61
8271.74
8311.85
8326.92
8329.18
8326.65
8311.06
8252.33
8148.21
8062.16
7998.56
7955.9
7931.33
7921.27
7919.95
7922.55
7937.08
7986.78
8052.49
8102.94
8137
8156.94
8165.62
8167.25
8165.95
8157.9
8127.67
8076.62
8036.33
8010.65
7997.81
7993.52
7993.11
7994.52
8001.91
8028.12
8075.2
8118.44
8154.24
8180.9
8198.25
8208.21
8213.21
8214.87
8214.42
8209.8
8190.63
8155.8
8124.62
8099.82
8083.24
8074.63
8071.71
8071.44
8072.15
8074.95
8082.55
8103.21
8131.68
8160.75
8186.84
8208.71
8227.1
8243.38
8256.33
8268.69
8275.6
8282.1
8247.17
1601.16
1600.15
1599.15
1598.15
1597.18
1596.2
1595.24
1594.31
1593.33
1592.48
1591.47
1590.83
1592.51
1638.48
1795.77
2256.04
3319.03
4713.69
6710.4
7567.84
8432.59
8614.45
8566.07
8384.9
8272.52
8252.82
8273.06
8320.3
8332.38
8336.55
8349.37
8391.29
8437.29
8460.64
8466.45
8461.79
8429.59
8372.91
8342.45
8332.47
8332.51
8343.01
8389.48
8444
8473.25
8483.17
8483.61
8476.43
8441.38
8348.04
8261.21
8203.12
8170.48
8155.74
8151.91
8153.02
8164.66
8211.79
8285.85
8342.6
8380.77
8403.69
8415.92
8419.7
8419.38
8414.74
8394.8
8344.76
8298.99
8266.48
8246.45
8237.22
8235.07
8235.77
8241.32
8261.52
8314.93
8374.69
8427.95
8472.7
8507.28
8531.89
8548.09
8557.14
8560.67
8561.06
8559.42
8550
8518.14
8477.36
8444
8419.64
8405.03
8398.49
8396.61
8396.55
8397.69
8401.64
8414.12
8438.48
8469.98
8495.81
8522.98
8542.28
8563.77
8576.68
8594.79
8602.2
8619.34
8573.42
1601.18
1600.13
1599.16
1598.14
1597.19
1596.19
1595.27
1594.25
1593.46
1592.27
1592.19
1599.94
1701.9
2012.83
2621.04
3876.35
7362.06
8767.16
8847.19
8853.22
8795.54
8754.02
8744.94
8722.74
8681.57
8604.61
8467.26
8375.47
8340.81
8340.53
8368.04
8475.31
8588.42
8650.29
8668.66
8663.64
8623.72
8543.7
8499.31
8486.22
8487.58
8508.51
8593.82
8709.48
8788.08
8831.16
8847.01
8848.4
8839.24
8788.99
8665.35
8566.21
8504.14
8471.88
8459.6
8458.18
8464.27
8499.26
8570.41
8625.39
8662.14
8683.34
8692.92
8694.71
8692.95
8682.03
8645.43
8606.65
8582.32
8570.83
8567.74
8567.86
8570.83
8581.45
8612.8
8672.36
8732.18
8786.31
8831.96
8868.47
8895.7
8914.98
8927.56
8933.76
8935.27
8934.75
8930.55
8913.16
8873.78
8838.25
8810.36
8790.64
8780.21
8776.98
8776.92
8778.16
8783.45
8791.49
8813.04
8831.67
8865.57
8884.13
8913.64
8927.14
8951.27
8962.66
8986.64
8998.96
9032.72
8964.63
1601.19
1600.13
1599.16
1598.15
1597.18
1596.2
1595.23
1594.35
1593.27
1593.57
1613.44
1795.76
2264.31
3569.27
7171.01
8327.16
8625.11
8725.87
8754.53
8857.66
8931.55
8957.76
8953.47
8899.48
8781.56
8727.03
8718.31
8724.89
8760.05
8885.69
9048.87
9143.37
9179.05
9184.09
9171.72
9104.91
8966.72
8865.05
8810.4
8794.48
8796.6
8820.19
8910.81
9041.38
9133.81
9187.77
9209.21
9210.82
9201.55
9153.04
9028.68
8923.87
8858.71
8823.91
8809.89
8808.36
8816.24
8857.08
8923.21
8970.44
8999.62
9014.43
9018.86
9018.61
9014.03
8993.43
8962.26
8944.53
8938.63
8938.47
8941.46
8951.54
8978.89
9035.29
9094.64
9149.12
9195.83
9232.6
9260.38
9280.92
9296.56
9308.06
9315.79
9319.41
9320.36
9319.82
9316.64
9303.09
9282.06
9270.02
9267.5
9267.77
9272.07
9278.08
9294.36
9306.93
9336.28
9356.63
9397.39
9419.58
9458.68
9476.64
9512.4
9529.1
9564.43
9581.45
9618.51
9639.83
9704.91
9577.08
1601.19
1600.13
1599.16
1598.14
1597.19
1596.18
1595.29
1594.25
1595.11
1638
1859.33
2509.33
4534.78
6442.83
8653.06
8501.1
8524.37
8942.28
9476.88
9718.82
9779.75
9778.32
9721.55
9480.65
9197.5
9044.39
8996.52
8998.03
9040.55
9193.94
9338.84
9403.68
9417.29
9412.55
9375.7
9251.7
9136.76
9082.29
9067.4
9069.86
9098.22
9213.84
9388.12
9511.5
9586.25
9624.08
9634.99
9632.72
9608.92
9515.53
9385.73
9292.02
9232.74
9202.29
9192.41
9193.27
9204.66
9245.47
9296.4
9333.07
9355.9
9366.34
9369.69
9369.31
9366.46
9362.93
9362.8
9365.13
9372.85
9390.62
9434.65
9498.66
9568.35
9631.38
9688.42
9733.54
9769.48
9793.26
9811.8
9824.05
9836.61
9845.88
9856.96
9862.8
9870.84
9874.3
9883.27
9889.22
9905.4
9916.97
9945.25
9963.9
10007.3
10034.3
10094.6
10130.1
10201.5
10236
10303.7
10335.5
10401.7
10433.8
10502.3
10536.4
10611.4
10651.8
10741.6
10791.7
10943.8
10659.3
1601.19
1600.14
1599.16
1598.15
1597.17
1596.25
1595.2
1596.14
1657.17
1977.71
3027.52
5274.18
10268.2
9899
9276.54
9140.31
9221.91
9581.96
9899.02
10067
10114.9
10108.5
10046.9
9786.82
9448.41
9265.84
9207.22
9208.63
9263.94
9439.51
9583.2
9647.52
9658.46
9648.98
9590.25
9488.55
9437.16
9424.58
9427.43
9450.17
9534.05
9676.97
9786.59
9857.87
9897.09
9911.37
9911.55
9902.09
9860.8
9773.09
9705
9663.9
9647.18
9645.73
9652.19
9679
9747.88
9815.84
9869.1
9906.03
9931.92
9945.71
9953.48
9957.91
9965.69
9974.33
9990.47
10019.8
10085.7
10160.9
10252.2
10328
10406.2
10460.4
10513.8
10544.6
10577
10590.9
10614.2
10624.6
10647.9
10660.3
10690.1
10707.4
10747.3
10770.2
10822.9
10854.4
10926.4
10970
11068.4
11125.4
11250.4
11318.1
11460.8
11530.1
11674.8
11744.9
11892.8
11966
12123.1
12204.2
12382.8
12478.9
12691.2
12808.7
13071
13217.8
13638.5
12910.9
1601.19
1600.14
1599.16
1598.14
1597.22
1596.13
1596.87
1650.89
2021.45
3097.75
5627.76
9010.07
9127.62
9232.1
9317.67
9383.2
9521.13
9861.42
10171
10357.5
10426.5
10428
10390.3
10231.1
10042.3
9925.27
9869.48
9854.2
9856.79
9876.29
9904.84
9915.15
9911.98
9885.34
9832.11
9813.73
9814.39
9832.02
9895.29
10050.4
10203.5
10314.9
10380.8
10411.5
10419.1
10416.2
10398.3
10337.2
10270.7
10232.6
10216.6
10213.7
10217.3
10237.3
10305.6
10403.1
10494.6
10566.4
10625.2
10663.5
10697.1
10716.4
10735.8
10749
10776.5
10813.6
10903.4
10997.6
11125.8
11227.3
11346.2
11425.5
11517.9
11570
11639.6
11673.4
11731.9
11760
11819.6
11851.7
11923.9
11967.5
12067.3
12126.4
12256.7
12332.3
12499.6
12597.1
12813
12937
13208.6
13355.6
13670.2
13829.2
14163.4
14329
14680.8
14858.2
15238.7
15437.9
15873.3
16108.9
16626.2
16913.3
17545.8
17898.3
18670.6
19096.3
20249.3
18328.5
1601.18
1600.15
1599.13
1598.22
1597.02
1597.33
1646.04
1978.78
3405.4
9881.15
10624.6
10628.1
10358.8
9801.71
9609.85
9612.23
9777.57
10229.3
10463.9
10525.8
10531.1
10518.4
10456.7
10338.2
10273.8
10257.5
10256.7
10263.3
10292.2
10331.3
10354.7
10367.1
10376.4
10382.3
10392.2
10418.5
10490.1
10676.8
10895.2
11063.8
11173.3
11231.5
11253.2
11255.2
11249.9
11221.1
11148.1
11095.6
11070.6
11063.8
11064.4
11074.1
11110.3
11203.4
11334.3
11440.1
11548
11621.6
11694.6
11733
11779.2
11802.9
11851.1
11888.7
11978.5
12073
12252.5
12378.5
12563.5
12674.6
12835.7
12918.6
13054
13118
13248
13315.3
13462.9
13547.8
13735.5
13845.9
14093.5
14240.8
14568.5
14755.5
15161.1
15390.6
15891.7
16177.8
16804.2
17158.1
17918.4
18319.9
19162.9
19586.7
20471.8
20912.3
21833.4
22301.1
23293.2
23824.3
24966.5
25592.1
26938.9
27686.7
29289.8
30168.5
32041.5
33037
35616.1
31307.1
1601.18
1600.15
1599.16
1598.13
1597.55
1621.33
1942.27
3175.71
6034.11
11047
11123.8
10842.6
10655.9
10717.2
11046.4
11363.4
11452.3
11440.5
11337.5
11034.3
10771.9
10629.5
10592.9
10594.2
10618.9
10690.6
10761.6
10820.5
10873.6
10924
10966.1
11000
11028
11059.7
11120.1
11267.5
11531.7
11810.1
12057.2
12246.1
12376.4
12452.5
12486
12493.3
12491.6
12478.6
12462.8
12461
12463.7
12474.8
12502.1
12564.6
12683.4
12780.2
12902.1
12993.2
13094.7
13149.2
13214
13244.7
13308.6
13352.2
13456
13541.8
13745.6
13901.5
14215.3
14401.3
14723.4
14882.2
15174.8
15318.7
15615.3
15773.7
16113.7
16317.8
16773.5
17054.7
17663.9
18031.5
18822.7
19291.6
20289.6
20854.8
22041.8
22695.3
24062.4
24841.8
26473.2
27458
29305.2
30355.8
32267.2
33299.8
35221.8
36266
38229.1
39300.4
41366
42569.7
44860.4
46186.7
48722.3
50163.2
52933.8
54438.4
57431.7
58883.8
62365.2
55909.5
1601.18
1600.16
1599.15
1598.24
1604.54
1828.88
3043.48
10822.2
10602.7
10364.9
10426.2
10742.8
11187.5
11564
11884.2
12148.6
12304.6
12326.9
12272.6
12016.9
11725.7
11615.7
11606.8
11640.8
11782.3
11909.6
11978.1
12033.1
12105.6
12196.9
12285.1
12348.6
12397.4
12485.6
12641.9
12863.7
13106
13354.7
13581
13754.1
13889
13971.4
14025.5
14058.1
14096.7
14138.3
14175.2
14210.6
14256.6
14331.2
14435.4
14538.5
14671.8
14754.3
14888.6
14980.8
15103.7
15170.1
15271
15338.8
15493.4
15624
15921.8
16156.4
16663.5
17048.5
17730.8
18180.3
18923.9
19331.6
20050.4
20493.6
21263.9
21833.9
22780.6
23580
24836.4
25871.1
27357
28725.7
30492.5
32190.4
34258.1
36138.2
38424.7
40421.9
42938.7
45255.3
47965.3
50473.6
53138.1
55546.7
58009.2
60174.3
62445
64448
66578.5
68464.8
70595.3
72489.8
74651.6
76439
78589.6
80197.8
82288.6
83611.9
85638.8
86568.3
88708.8
82529
1601.16
1600.21
1599.03
1600.18
1718.47
2575.98
6454.74
9534.93
9934.17
11069.2
11866.6
12225.4
12347
12418.9
12561.1
12944
13387.1
13661
13740.1
13734.4
13675
13656.6
13667
13718.2
13825.7
13906.5
13971.6
14066.9
14181.1
14301.5
14400.8
14489.8
14585
14712.8
14881.5
15081.2
15267
15438
15573.5
15665.8
15742.7
15776.6
15804.8
15821.7
15856.8
15920.9
16006.7
16122.1
16223.6
16371.8
16552.8
16728.4
16979.8
17143.7
17455.7
17696.6
18015.6
18263.1
18565.1
18878.4
19382.1
20018.3
20878.4
21873
23104.6
24489.6
26066.8
27600.6
29187.1
30613.8
32124.6
33676
35373
37275
39330.3
41737.5
44297.2
47117
49990.7
53180.6
56307.3
59707.1
62901.9
66229.2
69261.8
72377.4
75269
78213.3
80853.1
83447.9
85626.5
87729.1
89456.2
91123.4
92524.7
93893.1
95074.2
96222.6
97267.8
98269.7
99190.4
100009
100797
101427
102127
102585
103243
103538
104446
99807.7
1601.16
1600.17
1599.44
1633.97
2139.68
5046.69
8949.7
10303.8
11296
12073.6
12753.1
13276.3
13697.3
14104.4
14497.6
14890.3
15222.8
15503
15706.8
15893.3
16132
16384.4
16596.1
16757.2
16868.7
16926.3
16941.2
16941.7
16921
16891.2
16874.8
16871.9
16876.6
16900.4
16981.3
17126.8
17256.2
17355.1
17427.6
17475.6
17508.2
17521.9
17540.6
17585.4
17693.8
17893.8
18163.5
18487.2
18777.5
19171.2
19658
20230.3
20913.7
21640.3
22571.4
23508.5
24469.6
25460.1
26539.4
27905.9
29532.6
31662.1
34105.8
37032.7
40153.7
43654.8
47089.4
50581.8
53707.6
56836
59705.1
62829.2
65849.2
69211.6
72474.7
76090.5
79465.7
83017.3
86213.2
89530.1
92409.4
95317.6
97730
100104
101963
103789
105190
106556
107570
108537
109219
109893
110377
110868
111250
111640
111979
112302
112632
112925
113247
113508
113829
114066
114423
114643
115063
115254
116174
111553
1601.19
1600.08
1602.97
1845.53
4035.66
12541.1
14602.7
16072.2
17891.4
18971.7
19108.5
19036
18859.4
18808.3
18828
18906.1
18929.1
18911.4
18826.4
18732.8
18686
18674.6
18667
18645.5
18619.4
18604.6
18591.6
18559.8
18511.3
18466.9
18428.8
18411.3
18412.7
18427
18471.4
18582.7
18749.7
18950.4
19150
19337.3
19502.6
19643.5
19860
20315.4
20941.4
21757.5
22747.1
23855.1
24956.5
26291.7
27871
29816.1
31854.8
34189.7
36670.6
39326.7
41922.6
44738.8
47813.1
51511.7
55705.2
60642.7
65804.4
71280.7
76506.5
81637.6
86136.6
90314.1
93818.8
97149.7
100005
102822
105299
107711
109808
111808
113451
114981
116244
117468
118466
119435
120193
120924
121435
121931
122275
122625
122866
123112
123279
123474
123638
123825
124018
124206
124428
124609
124881
125096
125425
125658
126040
126297
126771
127050
127634
127908
129269
123516
1601.14
1600.57
1649.01
2482.82
26054
25400
23854.4
22447.5
21976.2
21665.3
21174.6
20628.2
20258.2
20119.9
20093.9
20076.6
20035.5
19941.4
19835.7
19758.6
19700.7
19649.9
19609
19565.9
19533.7
19515.2
19514.5
19522.4
19546.1
19615
19693.8
19747.3
19826.3
19969.8
20316.5
20834.4
21418.1
22144.8
22946.9
23700.8
24378.5
25133.8
26388.3
28153.5
30502.8
33245.8
36288.5
39586.7
43013.1
46821.4
51075.3
55825.6
60746.8
65931.6
70947.9
75987.7
80839
85885.8
91095.6
96539.6
101994
107312
112109
116304
119768
122598
124795
126593
128024
129254
130194
130976
131536
131996
132313
132605
132789
133021
133270
133619
133953
134362
134705
135081
135367
135665
135919
136178
136416
136646
136868
137095
137357
137606
137921
138189
138552
138834
139274
139614
140134
140507
141098
141505
142201
142619
143426
143802
145618
138093
1601.05
1603.76
1855.62
4882.96
11964.4
15581.6
17602.7
18579.3
19325.4
19831.2
20062.7
20127.7
20202.8
20313.8
20435.9
20505.5
20510.1
20514.2
20524
20550.3
20573.6
20628
20717.2
20821.6
20881.1
20962
21053.5
21224.6
21545.6
22078.9
22557.4
22891.4
23425.2
24210.8
25679.8
27494.9
29587.6
32114
34662.7
37090
39504.7
42497.5
46410.9
51473.3
57505.6
64322.6
71484.8
78741.2
85915.7
93014.9
99937.9
106614
112717
118167
122891
127131
130965
134517
137628
140276
142400
144050
145230
146079
146664
147075
147347
147567
147746
147901
147980
148006
148001
147987
147972
147979
148013
148117
148356
148738
149165
149686
150190
150728
151215
151687
152159
152598
153049
153449
153859
154235
154651
155017
155463
155837
156320
156709
157273
157732
158382
158870
159596
160117
160955
161475
162431
162881
165076
155288
1601.3
1634.43
2595.56
24932
25946
26206.5
25185.1
23877.4
23309.7
23052
22931.5
22823
22753
22695.7
22590
22495.7
22379.2
22369.8
22391.1
22463.1
22564.2
22783.6
23125.6
23551.9
23836.8
24233.8
24726.5
25529.7
26870.7
28756.3
30302.3
31970
34103.7
37537.2
42135.5
47619.5
53814.8
60326.3
66779.6
73119.2
79847.1
87560
96099.3
105307
114675
123750
132027
139302
145492
150553
154467
157445
159569
161046
162086
162907
163581
164135
164517
164766
164907
164992
165025
165054
165074
165107
165138
165204
165285
165383
165455
165530
165604
165710
165862
166113
166390
166802
167335
167986
168669
169419
170120
170815
171411
171964
172499
173010
173531
174015
174509
174989
175509
175994
176562
177068
177691
178224
178947
179567
180394
181044
181961
182643
183679
184340
185505
186055
188676
175548
1602.82
1777.54
4936.47
13485.5
18939.4
21319.6
22431.5
22842.4
23227.1
23497.3
23719.1
23811.9
23840.3
23888.7
23926.8
24017.3
24115.4
24365.8
24666.3
25150.6
25585.7
26520.4
27859.7
29500.5
30718.7
32410.4
34691.5
37910.7
42816.2
48090.6
53064.9
58703
66042.9
75889
87656
100365
112860
124148
134285
143550
152338
160426
167211
172747
177091
180466
183023
184875
186110
186797
186896
186822
186578
186128
185735
185449
185262
185168
185113
185106
185144
185280
185517
185842
186205
186602
186990
187362
187698
187998
188244
188480
188706
188950
189233
189623
190020
190575
191241
192005
192783
193622
194405
195187
195870
196542
197212
197892
198589
199270
199953
200639
201363
202062
202848
203574
204426
205183
206146
206997
208073
208942
210116
211005
212298
213136
214567
215242
218326
200099
1611.62
2275.35
29686
33801.8
31889.9
28621.3
26866.7
25996.4
25779.2
25891.5
26107.4
26281.5
26429.8
26784.4
27157.9
27952.1
28641.7
29877.9
31242.2
32765.7
34519.3
37885.5
42376.1
47426
52264.1
58169.2
65704.6
76027
88602
101651
114802
128837
144048
159845
174373
186664
196089
202879
207793
211255
213564
214755
214759
214522
213969
213526
213258
213050
212806
212460
211989
211495
211021
210572
210313
210269
210329
210593
210989
211449
211978
212596
213252
213919
214548
215117
215599
216012
216359
216678
216967
217276
217613
217993
218453
219054
219644
220423
221307
222274
223235
224254
225212
226188
227073
227988
228929
229918
230927
231932
232917
233916
234940
235947
237033
238060
239212
240263
241532
242682
244069
245210
246699
247838
249445
250499
252251
253080
256602
230937
1651.77
3598.22
21338.4
22929.3
22916.7
23685.5
24669.2
25386.6
26170.3
27681.6
29016.6
30386
31335.2
33309.5
35566.3
38408.5
41015.7
45106.5
49674.7
54730.5
62415
72960.9
85696.5
99575.4
114405
131386
150467
170875
189867
206646
220922
232554
241508
247708
251156
252850
253018
252754
252069
251057
249923
248552
246999
245578
244439
243764
243612
243676
243885
244072
244202
244294
244354
244386
244511
244762
245140
245648
246240
246904
247650
248501
249387
250262
251077
251819
252455
253006
253494
253973
254454
254982
255574
256225
256990
257916
258786
259880
261071
262336
263578
264887
266143
267459
268710
270040
271420
272872
274330
275783
277171
278583
279989
281383
282834
284229
285732
287140
288760
290271
292011
293487
295339
296786
298764
300089
302233
303259
307234
269542
1784.32
6223.55
18145.6
22265.8
24760.1
28568.8
31790.2
34292.6
36949.6
40807.4
44712.9
48129.5
51342.6
56283.4
63070
70861.3
80288.5
91523.2
104722
121895
145304
172249
199136
223944
246814
266287
281706
292888
299560
303376
304530
304169
303117
301193
298936
296665
294552
292698
291105
289764
288691
287764
286953
286511
286480
286724
287435
288152
288729
289161
289483
289775
290046
290340
290735
291270
291959
292805
293770
294832
295989
297247
298508
299711
300814
301822
302719
303534
304308
305098
305932
306832
307834
308892
310084
311439
312657
314150
315722
317368
318994
320732
322465
324337
326183
328147
330163
332246
334288
336301
338181
340091
341955
343814
345693
347526
349439
351283
353310
355263
357413
359300
361576
363403
365823
367483
370118
371378
376010
326158
2150.88
35497.8
36518.5
37469.7
40497.6
47647.1
55908.4
61819.9
67808.7
75455.8
86221.6
95201.1
106477
120552
139401
162427
189034
218902
252055
286574
319046
344064
361618
372137
378124
379121
378252
375777
371880
367784
363707
359790
356361
353575
351489
350138
349338
348853
348514
348248
348049
347873
347742
347785
348208
349043
350077
351049
351871
352593
353289
354018
354758
355546
356432
357455
358643
360018
361554
363212
364970
366808
368591
370248
371759
373147
374432
375656
376889
378183
379586
381071
382705
384367
386165
388111
389774
391794
393880
396059
398252
400669
403176
405924
408664
411516
414371
417237
419981
422651
425097
427586
429991
432400
434790
437152
439567
441953
444471
446983
449623
452025
454795
457112
460054
462150
465405
466942
472438
410160
3347.21
22062
28226.4
42309.2
68555.8
93604.5
112181
126263
140522
160568
189994
218133
252960
292316
335641
378232
416686
447812
471624
486369
492547
491422
487824
481246
474047
466646
459460
452998
447621
443574
440676
438698
437564
437049
436901
436968
437135
437277
437414
437579
437846
438236
438762
439574
440796
442323
443894
445317
446601
447872
449225
450691
452196
453741
455354
457087
459000
461151
463529
466067
468702
471363
473872
476152
478224
480153
482010
483863
485823
487925
490236
492643
495255
497828
500506
503320
505583
508345
511242
514284
517436
520975
524715
528751
532700
536664
540514
544270
547797
551220
554301
557474
560538
563626
566659
569695
572761
575850
578995
582243
585492
588542
591911
594883
598438
601153
605166
607065
613552
533333
5564.63
19513.5
60562.2
136964
196311
235152
263303
292737
331950
391431
458011
515735
567684
609514
642256
662835
671809
670964
666153
655399
641245
626559
613049
601863
593317
587100
582752
579797
577719
576239
575127
574479
574453
575034
575988
577114
578246
579184
580026
580872
581896
583235
584903
587003
589478
592053
594454
596622
598711
600937
603384
606018
608679
611318
613956
616687
619637
622926
626563
630429
634379
638253
641810
644984
647871
650601
653333
656187
659324
662736
666500
670370
674492
678455
682440
686595
689674
693642
698011
702671
707585
712972
718486
724205
729571
734750
739663
744364
748727
753053
756869
760909
764838
768841
772743
776696
780671
784723
788731
792995
797017
800894
805038
808924
813207
816885
821757
824258
831702
718544
7627.22
92734.7
286061
436706
503241
539887
596288
681787
771160
857502
922821
962096
983420
984416
976198
958406
936466
912813
889202
867969
851372
839866
831961
826234
821918
818519
815793
813741
812300
811393
811103
811611
813050
815304
818002
820789
823359
825443
827273
829089
831261
834154
837783
842066
846577
850771
854452
857830
861266
865083
869292
873718
878084
882298
886404
890579
895061
900057
905584
911439
917339
922974
928038
932521
936627
940591
944689
949134
954146
959628
965620
971713
978054
984048
989919
996104
1.00018e+06
1.00654e+06
1.01373e+06
1.02147e+06
1.02946e+06
1.03773e+06
1.0455e+06
1.05306e+06
1.05978e+06
1.06611e+06
1.07209e+06
1.07782e+06
1.08315e+06
1.08875e+06
1.09349e+06
1.09878e+06
1.10406e+06
1.10944e+06
1.11461e+06
1.11993e+06
1.1253e+06
1.13077e+06
1.1361e+06
1.14184e+06
1.14684e+06
1.15187e+06
1.15718e+06
1.16243e+06
1.16771e+06
1.17299e+06
1.17861e+06
1.18302e+06
1.19032e+06
1.01329e+06
103118
662339
958763
1.05823e+06
1.09151e+06
1.14474e+06
1.27965e+06
1.40964e+06
1.4998e+06
1.55402e+06
1.57193e+06
1.56264e+06
1.53533e+06
1.48463e+06
1.42632e+06
1.38985e+06
1.36785e+06
1.3519e+06
1.33773e+06
1.3234e+06
1.309e+06
1.29591e+06
1.28555e+06
1.27863e+06
1.27414e+06
1.27086e+06
1.2682e+06
1.26612e+06
1.26505e+06
1.26473e+06
1.26561e+06
1.26806e+06
1.2719e+06
1.27674e+06
1.28192e+06
1.28681e+06
1.291e+06
1.29435e+06
1.29736e+06
1.30056e+06
1.30463e+06
1.31027e+06
1.31751e+06
1.32565e+06
1.33353e+06
1.34026e+06
1.34589e+06
1.35113e+06
1.35672e+06
1.36305e+06
1.36997e+06
1.37702e+06
1.38381e+06
1.39028e+06
1.39657e+06
1.40297e+06
1.40984e+06
1.41745e+06
1.42579e+06
1.43448e+06
1.44307e+06
1.45106e+06
1.45812e+06
1.46439e+06
1.47028e+06
1.47611e+06
1.48229e+06
1.48913e+06
1.49691e+06
1.50541e+06
1.51448e+06
1.5236e+06
1.53284e+06
1.5415e+06
1.54987e+06
1.55873e+06
1.56387e+06
1.57548e+06
1.58822e+06
1.60127e+06
1.61387e+06
1.62577e+06
1.63604e+06
1.64523e+06
1.65313e+06
1.66063e+06
1.66801e+06
1.67516e+06
1.68211e+06
1.68991e+06
1.69591e+06
1.70328e+06
1.71125e+06
1.71895e+06
1.7261e+06
1.73383e+06
1.7416e+06
1.74927e+06
1.75708e+06
1.76499e+06
1.7713e+06
1.77831e+06
1.78575e+06
1.79322e+06
1.8003e+06
1.80816e+06
1.81453e+06
1.82475e+06
1.82713e+06
1.53478e+06
1.44555e+06
2.39244e+06
2.41141e+06
2.39163e+06
2.34995e+06
2.36805e+06
2.5062e+06
2.66143e+06
2.73886e+06
2.76748e+06
2.76449e+06
2.74799e+06
2.71529e+06
2.66659e+06
2.5936e+06
2.52796e+06
2.47764e+06
2.43783e+06
2.4023e+06
2.36902e+06
2.33874e+06
2.31429e+06
2.2967e+06
2.2856e+06
2.27804e+06
2.27182e+06
2.26636e+06
2.26174e+06
2.25873e+06
2.25747e+06
2.25823e+06
2.26148e+06
2.26661e+06
2.27276e+06
2.27878e+06
2.28374e+06
2.28744e+06
2.29042e+06
2.29374e+06
2.29814e+06
2.30452e+06
2.31366e+06
2.32523e+06
2.33732e+06
2.34789e+06
2.35614e+06
2.36284e+06
2.36947e+06
2.37712e+06
2.386e+06
2.39558e+06
2.40502e+06
2.41397e+06
2.42263e+06
2.43129e+06
2.44029e+06
2.44995e+06
2.46045e+06
2.47154e+06
2.4826e+06
2.49311e+06
2.50256e+06
2.51089e+06
2.51864e+06
2.52644e+06
2.5346e+06
2.54346e+06
2.55333e+06
2.56437e+06
2.57616e+06
2.5883e+06
2.60027e+06
2.612e+06
2.62298e+06
2.63368e+06
2.64463e+06
2.65121e+06
2.67226e+06
2.69653e+06
2.72024e+06
2.73646e+06
2.75387e+06
2.77065e+06
2.77939e+06
2.79585e+06
2.80826e+06
2.82045e+06
2.83077e+06
2.84635e+06
2.85347e+06
2.86881e+06
2.87922e+06
2.89682e+06
2.91289e+06
2.92397e+06
2.93822e+06
2.95484e+06
2.96382e+06
2.97844e+06
2.98687e+06
3.00372e+06
3.01613e+06
3.03145e+06
3.04493e+06
3.05837e+06
3.06945e+06
3.07431e+06
3.10388e+06
3.09466e+06
2.69948e+06
5.48632e+06
6.01576e+06
5.93369e+06
5.63645e+06
5.18903e+06
4.75902e+06
4.49646e+06
4.35505e+06
4.29126e+06
4.26976e+06
4.27152e+06
4.28577e+06
4.31521e+06
4.35598e+06
4.41822e+06
4.47442e+06
4.51688e+06
4.55185e+06
4.58608e+06
4.62207e+06
4.65874e+06
4.69175e+06
4.7189e+06
4.74237e+06
4.76379e+06
4.78672e+06
4.81183e+06
4.83811e+06
4.86438e+06
4.8894e+06
4.91297e+06
4.93598e+06
4.95897e+06
4.98138e+06
5.00301e+06
5.02439e+06
5.04631e+06
5.06955e+06
5.09438e+06
5.12023e+06
5.14603e+06
5.17053e+06
5.19253e+06
5.21295e+06
5.23416e+06
5.25716e+06
5.2818e+06
5.30708e+06
5.332e+06
5.35609e+06
5.37949e+06
5.40308e+06
5.42751e+06
5.45299e+06
5.47945e+06
5.50647e+06
5.53348e+06
5.55965e+06
5.5844e+06
5.60769e+06
5.63041e+06
5.65332e+06
5.67714e+06
5.70203e+06
5.72761e+06
5.7536e+06
5.77969e+06
5.80563e+06
5.831e+06
5.85586e+06
5.88053e+06
5.90535e+06
5.93037e+06
5.95631e+06
5.98267e+06
6.00929e+06
6.03791e+06
6.34273e+06
6.14694e+06
6.25594e+06
6.48878e+06
6.55529e+06
6.43053e+06
6.75321e+06
6.55841e+06
6.75521e+06
6.8015e+06
6.96114e+06
6.84212e+06
5.85224e+06
7.06658e+06
7.28129e+06
7.26582e+06
7.13468e+06
7.38554e+06
7.43683e+06
7.30397e+06
7.67795e+06
7.73007e+06
6.3822e+06
7.61103e+06
7.76513e+06
7.67668e+06
7.72554e+06
7.79165e+06
8.01511e+06
6.73364e+06
8.03263e+06
8.31284e+06
8.1922e+06
2.03625e+07
2.01948e+07
1.92784e+07
1.64854e+07
1.32719e+07
1.16693e+07
1.07816e+07
1.02561e+07
9.53805e+06
9.47441e+06
8.96571e+06
8.17896e+06
7.43389e+06
6.60985e+06
5.87565e+06
5.23223e+06
5.79413e+06
5.92474e+06
6.02636e+06
6.08959e+06
6.09881e+06
6.13143e+06
6.11678e+06
6.10253e+06
6.13048e+06
6.14817e+06
6.15658e+06
6.14682e+06
6.13233e+06
6.14747e+06
6.1599e+06
6.15846e+06
6.15555e+06
6.16242e+06
6.181e+06
6.19176e+06
6.18918e+06
6.17959e+06
6.17614e+06
6.18341e+06
6.18745e+06
6.18443e+06
6.17464e+06
6.16048e+06
6.15761e+06
6.15772e+06
6.1554e+06
6.14891e+06
6.13904e+06
6.12969e+06
6.12634e+06
6.12111e+06
6.11334e+06
6.10305e+06
6.09148e+06
6.08461e+06
6.08303e+06
6.08408e+06
6.08701e+06
6.08767e+06
6.07917e+06
6.06758e+06
6.06029e+06
6.05684e+06
6.0599e+06
6.0716e+06
6.09431e+06
6.12452e+06
6.15221e+06
6.17163e+06
6.17808e+06
6.18092e+06
6.18766e+06
6.20135e+06
6.2263e+06
6.26334e+06
6.31109e+06
6.36469e+06
6.40436e+06
6.46551e+06
5.45401e+06
5.54738e+06
5.87575e+06
5.12853e+06
3.25787e+06
2.55937e+06
2.25763e+06
2.07324e+06
1.90248e+06
2.15882e+06
2.02245e+06
1.9653e+06
1.97219e+06
1.94144e+06
1.90917e+06
1.9145e+06
2.02554e+06
2.06418e+06
2.09004e+06
2.09781e+06
2.10288e+06
2.09685e+06
2.09524e+06
2.08912e+06
2.07856e+06
2.06991e+06
2.06361e+06
2.06369e+06
2.06025e+06
2.06051e+06
2.06467e+06
2.07288e+06
2.08204e+06
2.0914e+06
2.10424e+06
2.11917e+06
2.13533e+06
2.15137e+06
2.16369e+06
2.17752e+06
2.19274e+06
2.20791e+06
2.2242e+06
2.23808e+06
2.24927e+06
2.26291e+06
2.27636e+06
2.28818e+06
2.29869e+06
2.30568e+06
2.31387e+06
2.32196e+06
2.32968e+06
2.33676e+06
2.3401e+06
2.34471e+06
2.34639e+06
2.34899e+06
2.35267e+06
2.35843e+06
2.36315e+06
2.36598e+06
2.3675e+06
2.36823e+06
2.36916e+06
2.37147e+06
2.37692e+06
2.38733e+06
2.40237e+06
2.42051e+06
2.438e+06
2.4535e+06
2.46704e+06
2.47976e+06
2.49372e+06
2.5107e+06
2.53329e+06
2.56306e+06
2.58965e+06
2.64879e+06
2.91784e+06
2.97425e+06
3.29849e+06
3.52994e+06
2.52251e+06
1.49707e+06
1.15006e+06
1.00584e+06
919031
996609
1.00612e+06
1.04539e+06
1.10658e+06
1.14713e+06
1.18222e+06
1.22131e+06
1.27959e+06
1.30542e+06
1.32281e+06
1.32824e+06
1.33194e+06
1.32289e+06
1.31691e+06
1.30832e+06
1.29074e+06
1.27363e+06
1.25778e+06
1.24904e+06
1.2394e+06
1.23018e+06
1.22449e+06
1.2224e+06
1.22248e+06
1.22316e+06
1.2252e+06
1.22923e+06
1.23598e+06
1.24485e+06
1.25238e+06
1.25996e+06
1.26863e+06
1.27767e+06
1.28745e+06
1.29723e+06
1.30526e+06
1.31416e+06
1.32334e+06
1.33206e+06
1.34073e+06
1.34705e+06
1.35385e+06
1.36031e+06
1.36672e+06
1.37309e+06
1.37724e+06
1.38262e+06
1.3854e+06
1.38805e+06
1.39097e+06
1.3945e+06
1.39882e+06
1.40254e+06
1.40533e+06
1.40726e+06
1.40865e+06
1.40994e+06
1.41172e+06
1.4153e+06
1.42134e+06
1.43036e+06
1.44095e+06
1.45173e+06
1.46204e+06
1.47123e+06
1.48033e+06
1.4896e+06
1.5006e+06
1.51608e+06
1.52861e+06
1.56367e+06
1.80965e+06
1.84163e+06
2.04002e+06
2.70748e+06
2.48203e+06
1.55214e+06
994105
781223
682180
692830
718210
770835
835222
888580
936227
974851
1.01707e+06
1.03763e+06
1.04886e+06
1.04856e+06
1.04546e+06
1.03154e+06
1.01804e+06
1.00442e+06
982502
959871
937801
921368
905860
890383
877635
867572
859758
853275
847775
843482
841660
842047
843030
844229
846098
848383
851090
854732
858015
861580
865669
869680
874155
877625
881601
885319
888878
892619
895250
899217
901642
903807
906085
907751
910285
912756
914884
916657
918271
919793
921124
922923
925168
928745
933597
939294
945790
951970
958556
965048
971569
980810
986524
1.0059e+06
1.19394e+06
1.20949e+06
1.31457e+06
1.92401e+06
2.33149e+06
1.78473e+06
1.0696e+06
755741
615714
581143
603067
657933
722561
782557
835912
875805
911142
927698
932471
926353
915412
896522
876501
857799
832664
806002
779944
758442
738845
719571
702713
688080
675600
664798
655030
646180
639336
634402
630883
627808
625259
623211
621676
621258
621148
621251
621809
622657
623979
625042
626511
627984
629319
630866
632029
634208
635686
637022
638494
639078
640235
641491
642621
643745
644998
646341
647474
648702
649524
650649
652414
654911
658439
662192
666645
671424
675630
681859
684535
695252
838901
846483
897194
1.23109e+06
1.99806e+06
1.88393e+06
1.26787e+06
816313
619581
538341
553566
609310
676996
744685
803384
846525
878249
890703
888914
875890
856753
833299
806776
782608
754194
723783
694631
669493
646821
624770
605183
587771
572469
558936
546596
535150
525511
517442
510997
505191
499923
495214
491047
487946
485422
483165
481447
480078
479141
478377
477924
477635
477339
477209
477214
477667
478151
478617
479218
479136
479258
479545
479775
480179
480846
481745
482608
483546
483824
483937
484182
484838
486306
488272
490985
494435
497206
501802
503087
509097
621464
625606
651069
825510
1.50202e+06
1.81277e+06
1.48142e+06
949697
670138
531998
539642
596130
668850
744748
810178
857046
884425
890426
883112
862659
835679
807170
774416
744469
712477
678338
646413
618311
593146
568875
547252
527984
510837
495446
481391
468282
456956
446992
438624
430976
423941
417536
411725
406881
402709
398873
395534
392681
390181
388107
386266
384640
383174
381853
380797
380155
379638
379274
379056
378397
377832
377383
376922
376681
376747
377055
377541
378107
378057
377779
377248
376976
377203
377884
379283
381531
383278
386672
387270
390645
479131
481508
495897
588074
997914
1.60621e+06
1.54345e+06
1.14561e+06
767975
551829
551971
608352
687971
774342
846821
894825
914948
913112
897075
866663
831598
797687
759941
724888
689548
651598
617306
586827
559889
534016
510911
490418
472046
455410
440191
425936
413528
402371
392737
383795
375545
367994
361093
355081
349767
344817
340305
336401
332789
329761
326913
324275
321938
319734
317902
316345
315025
313915
313034
311758
310689
309667
308690
307900
307381
307205
307218
307281
307030
306419
305511
304670
304180
304161
304563
305675
306747
309027
309214
311013
381096
382456
391279
439458
660875
1.24369e+06
1.48228e+06
1.29966e+06
913708
606210
589743
643468
730761
827702
902842
940920
944970
932930
905875
868851
827504
787957
747824
709316
671658
631239
595525
563661
536207
509713
485854
464788
445759
428500
412647
397664
384623
372737
362339
352517
343446
335115
327459
320660
314553
308790
303431
298752
294335
290594
287004
283614
280604
277724
275298
273024
271057
269304
267816
266035
264517
263031
261638
260412
259404
258748
258266
257951
257310
256414
255274
254104
253207
252526
252440
252686
253205
254437
254295
255120
310683
311448
316777
341235
466899
857783
1.30966e+06
1.30799e+06
1.08159e+06
705609
657566
702553
793846
891243
944509
960979
950301
922671
885230
842519
800086
756604
719407
681149
644427
605704
571211
539998
514025
488353
464868
444089
425116
408023
392196
376978
363780
351569
340877
330587
321066
312269
304113
296833
290205
283863
277933
272693
267718
263426
259312
255388
251863
248465
245569
242757
240278
237980
235969
233761
231835
229980
228231
226653
225246
224166
223232
222502
221506
220330
218974
217574
216404
215338
214732
214479
214523
214849
214400
214604
258442
258847
261822
275202
350541
561170
1.01849e+06
1.24047e+06
1.15926e+06
847484
755695
783727
857639
922376
947843
931101
894490
849274
810136
766722
730866
687647
658802
625252
594296
563498
535118
508040
485678
463179
441890
422587
404727
388826
373850
359109
346351
334262
323764
313527
303975
295059
286669
279210
272306
265636
259405
253814
248522
243823
239392
235108
231245
227472
224206
221023
218152
215413
212981
210420
208141
205991
203943
202082
200358
198924
197604
196481
195151
193702
192132
190548
189164
187854
186876
186221
185764
185606
184819
184421
218707
218898
220471
228966
271427
387906
702065
1.06207e+06
1.13398e+06
966421
852283
851535
883302
898499
880007
826313
782512
736236
703960
665277
639716
602358
582362
554675
530946
508208
485461
463287
444926
428110
411676
395416
380168
366500
353269
340036
328391
316998
307225
297734
288665
280060
271780
264454
257552
250889
244651
238965
233611
228705
224158
219696
215676
211696
208176
204773
201642
198595
195854
193044
190477
188099
185831
183754
181795
180085
178460
177006
175383
173689
171919
170176
168614
167134
165882
164943
164053
163599
162479
161501
187898
187991
188791
193874
215046
283655
448494
794028
1.03533e+06
991793
898915
867473
853855
807466
759663
689692
653756
605616
579829
538143
523224
491723
483344
464575
450490
440650
428145
413576
399954
388465
376547
362823
349966
338545
327722
316889
306791
296748
288217
280138
272068
264262
256582
249639
243129
236889
231001
225539
220402
215578
211139
206748
202725
198761
195142
191675
188437
185263
182359
179438
176689
174165
171773
169560
167453
165565
163742
162057
160222
158340
156407
154537
152836
151230
149781
148639
147414
146727
145365
143878
163698
163735
164103
166681
177329
223708
309237
514556
836649
934185
880990
826907
764648
672802
619135
536724
500467
449218
425286
379131
369065
345311
343827
334798
331031
333359
333869
332571
330527
329884
327349
321209
313591
306241
299034
290835
282474
273943
266337
259524
252655
245853
239099
232833
227057
221576
216404
211473
206779
202346
198243
194178
190342
186595
183088
179726
176580
173501
170625
167767
164994
162437
160029
157793
155649
153704
151821
150052
148133
146165
144152
142202
140430
138745
137189
135878
134477
133488
132079
130170
144453
144362
144505
145677
151983
176692
226280
331655
587911
793500
776223
724685
633955
530628
459957
379675
341725
294573
269394
228849
220113
199287
196843
187278
186610
189646
194233
198370
204915
215841
225773
233644
239338
244177
247937
247524
245877
242440
238619
234758
230131
225088
219703
214529
209648
205003
200385
196021
191824
187924
184281
180667
177182
173777
170556
167450
164591
161814
159167
156532
153905
151446
149126
146967
144919
143069
141317
139664
137852
135945
133968
132024
130268
128548
127001
125587
124156
122914
121529
119338
128804
128537
128578
129044
132019
143979
186821
237238
361093
609722
618006
578352
492473
392634
319180
258450
221218
190330
170760
145343
136207
117184
112266
101683
96990
95080.1
94206.5
94880
97318
102705
108558
116407
123588
133506
143980
153198
161091
167631
173820
179764
183488
185546
185511
185087
184021
182307
179951
177345
174486
171736
168978
166111
163215
160291
157457
154696
152112
149624
147276
144949
142570
140278
138130
136162
134321
132694
131234
129871
128327
126651
124863
123033
121420
119778
118342
116896
115554
114202
112903
110590
115692
115421
115308
115448
116642
122483
152710
183440
245156
413136
451140
422355
358710
285502
231867
189911
155621
134456
118104
100915
89244.8
73650.5
68441.5
59222.6
54933.5
53006.7
51550.4
51512.9
51875.1
52562.2
53439.2
55404.8
57457.1
60756.8
64349.3
68866.4
73318.9
78638.3
84516.2
91661.4
98807.7
105503
111263
116974
122300
127057
130963
134213
136781
138882
140350
140852
140679
140147
139137
137908
136693
135318
133907
132301
130492
128615
126822
125163
123683
122404
121286
120286
119140
117799
116287
114702
113276
111733
110541
109250
108116
106800
105650
103371
105079
104872
104506
104510
104878
107151
117313
151829
184914
277344
314016
299242
264393
220556
184093
149978
120543
97919.9
71211.7
54628.9
45482.4
41457.1
40486.6
37767.7
37820.8
38716.8
38994.2
39125.4
39440.3
39425
39207.6
39191.7
39303.8
39608.5
39974.6
40597.4
41128.8
42105.5
43345.4
44929.9
47100.1
49508.4
51849.2
54801.4
58156.7
61649.3
65307.6
69152.9
73363.6
77829.5
82582.3
86802.5
90556.9
93592.4
96534.7
99324.9
102290
104643
106681
108070
108858
109168
109266
109313
109425
109573
109819
109780
109527
108920
107882
106520
105401
104180
103253
102196
101362
100306
99320.5
97273
96017.1
95822.6
95528.5
95267.1
95349.7
96062.8
99890.8
118725
150681
215546
226676
218483
198985
171325
142146
111257
87053.9
60239.2
41518.7
32327.8
27657.6
27788.6
29266.9
30973.4
35316.5
36487.2
36088.2
35894.8
36037.4
35949
35729.7
35348.4
35145.7
35046.4
34805.9
34614.5
34376.2
34224.6
34183.5
34198.2
34270.5
34458.9
34701.4
35104.6
35663.2
36295.3
37018.6
37924.5
39124.7
40507.1
42322.8
44253.3
46245.1
48041.8
49977.8
52390.4
55506.2
58689.4
61681.2
64523.2
67375.7
70099.1
72696.4
75340.6
78438.2
81739.1
85280
88459.3
91382.1
93515
94930.2
95483.7
95729.3
95727.2
95716.5
95552
95228.8
94529.9
93726.3
91989.9
84096.3
84182.3
84192.2
84208.3
84306.9
84685.8
86558.3
94659
119680
180059
179192
168072
150449
123249
94742.5
71189.9
48833.1
35396
27520
23635.2
21487
20619.2
21023.4
23803.7
30970.9
31935.3
32172.1
33057.5
33652.7
33474.2
33093.5
32776.9
32698.5
32557.8
32259.3
31984.6
31724.7
31504
31313.7
31057.4
30872.5
30712.9
30610.1
30489.4
30396.4
30301.5
30190
30185.5
30216.2
30294.3
30459
30723.3
30979.7
31327.8
31616.1
32158.7
32883.4
34017.1
34882.6
35956.2
37119
38656.4
40123.5
41985.6
44368.6
47490.4
51129.3
54964
59113.3
63389.3
67620.1
71388.4
74932
78070.6
81353.2
83978.8
86133.2
87550.2
87532.4
87023.8
61171.4
61683
62508.2
62996.7
63784.1
64580.6
66095.8
73375.3
78280.4
73984.6
76384.8
72664.7
64525.9
51684.4
41062.4
32365.7
26804
22895.7
20972.1
20196.3
19376.2
17710.9
16672
16850.6
17634.6
19742
24077.8
29660.4
29942.1
29797.2
29387.6
29387.7
29485.4
29409.9
29215.4
29073.3
28972.1
28876.2
28701.7
28459.4
28249.9
28061.5
27923
27788.2
27633.9
27458.2
27267.3
27080
26932.9
26850.3
26749.7
26702.8
26642.4
26578
26487
26459.6
26477.1
26540.1
26603.9
26723.9
26836.1
27083.9
27337.6
27884.2
28494.2
29727.3
31109.1
32991.7
35030.1
37622.8
40629.4
44152.7
47884.9
51948.3
56624.9
61779.5
66636.8
71830.3
74802.8
78100.6
33775.4
34629.8
35134.9
36020.3
36729
37524.5
42987.2
42620.6
37978.1
27854.6
24934.6
24872.3
25093.2
23906.2
21463.3
19417.4
17890.1
16892.8
16942.7
16648
16098
16007.5
15769.3
15066.1
14686.8
15230.1
16761.6
19191.7
22122.6
24593.8
25879.3
27235.8
27218.8
27081.3
26776.9
26591.2
26564.9
26496.8
26294
26000.8
25794.4
25617.1
25495.9
25365.5
25255.1
25129.1
24990
24811.8
24663.5
24542.8
24436.3
24343.4
24264.6
24150.7
24049.2
23936.7
23839.8
23739.8
23631.1
23500.8
23407.1
23343.9
23329.5
23357.8
23443.1
23664.4
23928.8
24496.1
24976.1
25982.3
26863.8
28749.3
30241.8
33274.2
35596.9
40323.5
43573.8
50152.1
53468.3
60791.8
15763.9
16253.1
16634.4
16982.5
18108.2
21533.7
25563.2
23826.2
20172.6
16465.4
14060.4
12329.4
12516.3
13042.6
14347.3
15273.4
15105.7
14591.7
14145.4
13941.1
14003.3
14235.4
14274.5
14187.5
13941.4
13100.4
12698.1
13142.1
14850.9
17743.6
23165.4
24420.5
24296.6
24213.7
23977
23864
23833.5
23727
23510
23317.4
23158.5
23071.3
23019.9
22929.6
22852.7
22781.3
22678.8
22535.3
22408.8
22280.2
22201.8
22116.5
22040.7
21929.2
21849.9
21753.4
21675.1
21558
21444.1
21307.3
21204.6
21118
21069
21015.5
21004.8
21018.7
21061.6
21178.5
21303.2
21585.5
21864.7
22498.5
23025.2
24186.9
25237.9
27537.8
29289.1
33180.4
35584.2
41891.8
7578.44
7725.53
8200.18
9344.4
11446.7
16832.8
16639.4
15345.5
13294.3
11662
10587.7
9860.82
9475.21
9596.75
10253.7
10718.3
11679.9
12767.6
13535
13492
13305.2
12869.2
12439.3
12302.4
12098.3
11928.8
11693.3
11082.4
11099.6
11578.7
13169.5
15584.7
17980.5
19320.5
19783.2
20576.5
20737.7
20715.4
20662.9
20535
20488.7
20471.3
20430.5
20360.7
20298.8
20277.1
20258.5
20214.9
20128.4
20045.2
19991.2
19935
19877.1
19810.6
19753
19706.7
19650.7
19567.3
19474.5
19357.5
19248
19192.3
19151.5
19112.9
19077.8
19075.2
19080.9
19100.6
19143.5
19241.9
19352
19550.6
19755
20206.1
20585.7
21438.6
22155.1
23820.8
25011.9
28587.6
4230.59
4803.74
5996.7
7851.02
12331.1
12298.1
11925.6
10899.6
10122.3
9629.04
9233.77
8948.37
8710.74
8534.41
8488.95
8621.76
9031.28
9566.35
10111.4
11035.2
11725.1
11827.6
11727.7
11512.9
11129.7
10898.6
10579.9
10420.1
10154.1
9832.8
10029.2
10966.4
13240.7
16465.7
19679.3
20045.9
19945.7
19847.9
19752.5
19663.6
19609.3
19502.2
19358.3
19222.3
19138.7
19076.5
19022.4
18945.4
18834.9
18752.7
18693.4
18644.9
18589.6
18538.4
18492.8
18455.9
18394.6
18318
18201.1
18063.1
17938.4
17869.5
17822.8
17776.1
17714.6
17666.3
17651.5
17655.4
17676.4
17733.1
17822.2
18014.2
18137.1
18401.8
18575.7
18949.4
19224.3
19875.3
20341.1
21916.3
3524.37
5166.13
6989.67
8507.73
9869.08
9716.96
9406.13
9203.06
9012.69
8836.8
8649.06
8498.94
8341.69
8245.99
8147.73
8070.37
7943.5
7950.01
8047.15
8316
8739.57
9214.24
9667.83
10063.1
10276.1
10220.2
10021.7
9828.5
9503.86
9387.47
9117.91
9091.52
9432.65
10293.9
12034.4
14319.5
15544.1
16323.7
16744.3
17196.8
17397.7
17404
17384.7
17332.9
17311.5
17312.1
17301.4
17270.4
17222.6
17165.1
17113.8
17075.7
17028.4
17001.2
16963.6
16926.3
16888.6
16846.2
16765.8
16671.5
16577.6
16518.5
16482.3
16442.7
16398.7
16349.1
16334.5
16337.7
16353.7
16390.5
16424.4
16496.6
16568.4
16731.1
16839.9
17066.2
17223
17578.3
17784.3
18499.5
5039.49
5887.22
8298.24
8704.67
8879.25
8882.83
8853.47
8716.35
8539.08
8415.65
8321.31
8204.88
8102.24
8023.6
7927.55
7846.27
7743.39
7658.79
7520.06
7386.94
7372.62
7431.1
7578.52
7853.05
8159.47
8562.66
8814.92
8998.04
8975.62
8887.7
8710.07
8632.27
8451.67
8557.17
9089.63
10554.7
12228.4
15839.6
17411.4
17782.2
17744.5
17677.4
17595.7
17512.5
17490.6
17449.7
17359.8
17259.7
17136.8
17025
16922.2
16857.4
16808.6
16772
16697
16650
16557.7
16475.7
16375.1
16274.5
16172.8
16101.2
16025
15960.8
15872.6
15789.7
15736.7
15739
15759.9
15801.9
15836.2
15877.2
15899.9
15952.7
15990.7
16084.6
16154.1
16298.4
16383.6
16743.9
7574.42
8190.91
8531.56
8740.79
8713.51
8560.56
8360.21
8248.61
8183.47
8141.02
8076.7
7949.59
7814.2
7687.55
7600.73
7516.45
7423.99
7332.39
7234.93
7150.44
7056.05
6955.1
6858.43
6822.92
6847.35
6931.2
7092.82
7254.63
7458.19
7672.91
7797.38
7927.14
7939.51
7925.49
7946.17
8111.47
8698.36
10129.8
11348
13521
14443.6
15173.7
15633.4
16018.9
16160.1
16157.8
16131.3
16069.1
16013
15959.7
15916.9
15905
15883.5
15855
15819.8
15787.2
15734.7
15667.4
15597.2
15515.1
15460.6
15388.2
15333.1
15248.8
15179.1
15094.4
15062.8
14997.6
14977.6
14933.5
14929.2
14939.5
14959.4
15007.2
15035.6
15095.7
15137.2
15234.8
15268.6
15452.1
8218.78
8525.47
8487.16
8327.31
8186.8
8121.44
8089.72
8041.66
7938.65
7766.33
7629.4
7548.78
7486.49
7402.4
7300.83
7199.77
7122.74
7047.62
6981.38
6914.35
6827.61
6741.89
6660.04
6590.13
6511.03
6423.57
6350.5
6327.92
6349.24
6416.36
6481.07
6606.21
6698.55
6813.62
6912.65
7037.26
7267.54
7666.24
8460.86
10350
11961.8
15609.4
16811.2
17442.2
17398.7
17249.7
17179.8
17048.3
16940.7
16874.7
16837.8
16762.2
16670.7
16564.4
16458.7
16333.3
16228.1
16090.7
15985.6
15858.4
15777
15630.8
15522.5
15361.8
15271.2
15165.5
15137.5
15072.3
15006.9
14892.4
14811.1
14743.9
14687
14624.6
14609.2
14576.2
14577.2
14606
14622.8
14711.3
8082.4
7997.62
7968.89
7962.48
7947.91
7890.63
7724.25
7576.12
7489.92
7452.41
7392.61
7273.28
7142.34
7044.72
6998.45
6956.13
6891.35
6815.79
6745.43
6664.81
6589.27
6508.4
6439.03
6357.58
6284.25
6202.67
6135.17
6063.22
5989.01
5905.92
5849.65
5820.68
5832.25
5862.95
5930.22
5996.27
6092.98
6225.81
6540.15
6899.21
7567.02
9009.35
10200.9
12693.4
13586.5
14820.6
15085.3
15395
15606.4
15708.6
15708.5
15688.2
15642.6
15544.9
15467.9
15397.9
15370.7
15330.7
15303.1
15244
15202.7
15112.2
15064.4
14963.9
14913.9
14838
14778.6
14735.8
14704.4
14669.7
14600
14534.3
14459.4
14403.2
14306.2
14250.6
14179.4
14150.8
14076.2
14093
7811.13
7790.96
7728.08
7596.69
7481.81
7400.21
7362.74
7328.08
7251.91
7122.86
7002.84
6934.76
6900.06
6841.31
6738.72
6647.85
6584.62
6550.9
6497.55
6422.42
6322.61
6238.49
6165.68
6101.74
6028.96
5949.87
5867.07
5797.27
5738.65
5690.87
5652.05
5618.82
5594.93
5576.74
5571.11
5575.52
5589.84
5622.11
5671.08
5758.09
5976.88
6309.63
7004.69
8146.13
9488.24
12252.4
14127.4
16398.7
16775.2
16780.3
16738
16629.5
16573.6
16433.9
16297.6
16144.2
16073.5
15944.3
15859.2
15677.4
15596.4
15426.3
15380.4
15286.3
15192.2
15070.1
14927.8
14832.1
14718.7
14642.3
14541.1
14465.6
14380.4
14326.7
14246
14197.1
14099.5
14045.5
13946.6
13852.7
7402.72
7324.8
7274.65
7251.75
7224.03
7156.26
7031.86
6925.98
6861.5
6829.6
6788.52
6701.75
6590.13
6499.57
6453.86
6417.85
6345.34
6253.78
6185.69
6124.07
6057.36
5977.03
5894.64
5824.09
5763.49
5713.22
5671.03
5637.97
5611.62
5590.04
5572.32
5557.06
5544
5533.77
5525.26
5519.36
5518.89
5520.23
5524.59
5534.66
5553.16
5585.99
5663.44
5859.4
6293.1
7029.68
7907.37
9728.73
10900.2
13026.7
13566.4
14118.5
14191.8
14346.3
14499.5
14540.5
14539.2
14522.8
14493.5
14427.7
14383.2
14355.4
14360.8
14380.8
14402.7
14437.2
14436
14429.5
14408.2
14368
14307.7
14259
14161.4
14098.6
14029.5
13981.1
13919.7
13876.6
13819.6
13721.2
7147.93
7107.04
7027.35
6910.92
6804.06
6741.34
6715.95
6692.48
6638.39
6522.79
6417.12
6352.57
6320.78
6277.56
6185.56
6078.74
6007.31
5949.28
5876.72
5808.15
5754.65
5713.3
5680.39
5652.45
5629.61
5610.18
5593.26
5580.05
5569.01
5558.67
5550.23
5542.04
5533.66
5526.86
5520.84
5516.47
5515.96
5516.52
5519.35
5524.67
5536.97
5547.6
5564.74
5581.11
5616.84
5711.27
6056.15
6489.12
7443.95
8552.65
9936.15
11972.3
13413.7
14908
15043.3
14988.1
14913.8
14943.1
15041.9
15018
14927.5
14784.7
14625.2
14523.7
14433.6
14355.2
14281
14222.4
14208.8
14180.9
14155.4
14115.7
14055.3
13986.4
13907.1
13864.7
13781.3
13705.9
13658.9
13586.5
6767.2
6689.4
6628.29
6582.69
6534.68
6458.23
6370.84
6294.68
6243.03
6198.18
6140.08
6039.3
5931.6
5867.82
5821.91
5777.19
5734.84
5698.02
5669.22
5646.92
5628.93
5615.37
5605.43
5595.91
5588.51
5581.83
5574.21
5567.6
5561.43
5554.73
5549.19
5544.58
5538.64
5536.52
5536.85
5538.57
5543.79
5551.25
5568.39
5583.37
5610.62
5628.5
5661.43
5677.47
5708.61
5719.43
5731.28
5757.87
5838.68
6044.61
6493.45
7331.67
8054.7
9504.83
10571.9
11939.5
12504.9
12919
13114.7
13230.9
13375.8
13496
13573.6
13607.4
13635.1
13640.6
13631.1
13607.5
13597.3
13599.4
13594.7
13597
13607.4
13600.7
13586.4
13572.6
13557.8
13537.6
13493.5
13413.5
6424.81
6349.92
6270.03
6187.99
6107.47
6051.03
6002.5
5946.73
5881.15
5826.2
5781.82
5743.8
5711.87
5686.36
5664.9
5646.79
5632.39
5619.96
5610.71
5603.09
5597.37
5592.84
5590.05
5586.07
5583.8
5580.9
5577.25
5576.26
5575.6
5576.21
5577.78
5581.22
5584.83
5592.02
5598.5
5610.34
5627.75
5649.95
5676.82
5706.94
5734.76
5763
5794.43
5815.86
5840.86
5852.49
5874.51
5882.77
5898.7
5907.64
5928.24
5998.01
6258.69
6677.3
7557.06
8444.08
10013.4
11235.8
12529.9
13226.6
13228.8
13232.8
13290.1
13371.3
13512.3
13556.6
13545.7
13508.5
13460.1
13450.6
13430.6
13373.7
13312.6
13297
13287.9
13257.1
13215.1
13183.3
13149.1
13143.1
5972.35
5912.76
5869.64
5832.65
5796.94
5762.92
5732.47
5706.34
5686.83
5671.25
5659.65
5650.34
5641.45
5635.08
5628.9
5621.91
5615.44
5609.06
5604.7
5600.75
5599
5599.36
5601.11
5604.72
5610.95
5617.87
5624.98
5633.87
5643.29
5655.25
5667.14
5681.42
5694.85
5708.26
5725.7
5748.55
5771.38
5800.3
5828.57
5859.71
5885.88
5909.82
5932.52
5951.13
5961.57
5973.51
5984.21
5993.23
6018.33
6051.02
6082.33
6149.27
6198.92
6226.91
6314.23
6545.73
7125.57
7705.5
8907.28
10453.2
11420
12208.6
12439.3
12582.3
12646.7
12759.7
12922.8
12997
13018.6
13051.2
13091.3
13092.4
13075
13011.8
12947.3
12944.3
12938.8
12928.9
12893.8
12840.1
5752.13
5728.73
5708.32
5690.26
5675.38
5663.27
5654.5
5648.55
5644.52
5641.26
5639.57
5638.32
5635.67
5634.25
5631.6
5630.61
5631.19
5632.92
5636.41
5642.09
5648.2
5657.97
5673.3
5687.79
5705.27
5723.45
5740.77
5757.49
5777.11
5795.14
5812.43
5830.55
5850.11
5867.6
5890.32
5910.68
5931.87
5953.11
5974.11
5995.89
6010.39
6023.56
6033.75
6042.08
6048.52
6062.73
6079.02
6118.74
6144.82
6211.86
6245.11
6322.27
6369.48
6404.75
6496.69
6526.22
6576.39
6720.19
7052.78
7754.2
8556.81
10151.3
11353.5
12144.6
12572.5
12566.9
12564.5
12603.3
12661.1
12659.3
12685.2
12789.2
12859.5
12866
12853.4
12835
12819.7
12801.9
12752.3
12667.3
5693.85
5682.53
5672.82
5663.79
5656.81
5651.47
5649.66
5649.82
5651.07
5654.08
5659.39
5664.92
5671.49
5680.53
5691.05
5703.37
5718.75
5732.59
5746.1
5762.92
5779.4
5797.91
5819.74
5839.76
5859.89
5881.6
5900.57
5918
5936.12
5950.12
5964.1
5981.3
5997.98
6012.47
6028.02
6043.03
6055.17
6064.18
6075.17
6088.28
6093.66
6098.72
6108.04
6123.3
6140.73
6171.83
6246.29
6287.49
6318.69
6425.43
6489.16
6526.83
6579.72
6644.79
6709.14
6729.32
6770.99
6809.03
6848.07
6934.62
7185.37
7742.77
8446.62
9791.46
11362.9
12057.1
12188
12190
12174
12198.7
12240.7
12274.4
12370.3
12456.3
12495
12503.3
12519
12552
12550.9
12539.3
5695.76
5689.92
5688.29
5688.78
5690.58
5694.58
5701.75
5710.57
5723.61
5736.52
5753.74
5771.63
5791.86
5813.49
5838.31
5858.78
5881.7
5898.73
5917.56
5936.19
5955.32
5972.33
5991.41
6004.97
6018.96
6032.59
6043.19
6050.59
6059.66
6067.67
6074.14
6084.6
6096.3
6103.34
6114.55
6126.53
6135.68
6140.75
6151.87
6167.51
6177.86
6191.76
6231.93
6267.52
6300.43
6399.6
6490.81
6512.66
6598.61
6716.83
6752.65
6776.64
6849.1
6929.75
6944.89
6953.98
6997.58
7036.3
7066.11
7068.65
7083.02
7142.73
7353.02
7902.21
8622.01
9837.9
11338
12080
12135.2
12178.1
12170.9
12162
12153.9
12113.5
12027.4
11986.8
11992
12020.9
12075.7
12212.9
5771.93
5782.17
5793.32
5804.38
5816.5
5831.99
5849.23
5868.85
5889.75
5909.77
5930.85
5952.4
5972.78
5993.87
6013.62
6030.89
6047.81
6062.6
6076.53
6090.76
6102.22
6110.33
6118.58
6124.41
6128.96
6132.63
6135.82
6137.64
6142.06
6147.33
6151.69
6161.24
6173.83
6180.78
6192.99
6211.81
6227.18
6238.13
6264.34
6301.34
6323.51
6368.75
6469.44
6504.12
6570.08
6731.57
6767.11
6804.2
6951.5
6996.26
7006.8
7056.7
7143.46
7159.98
7157.42
7179.57
7222.75
7230.75
7229.88
7243.8
7251.91
7246.94
7253.57
7308.63
7488.57
7934.19
8991.52
10161.4
11366.7
12196.5
12206.6
12194.8
12151
12046.9
11934.2
11865
11813.8
11804.3
11813.4
11857
5961.83
5978.65
5993.81
6006.3
6016.82
6029.08
6041.96
6055.84
6070.31
6082.71
6096.19
6108.51
6119.66
6130.61
6139.81
6145.64
6153.16
6159.17
6166.49
6174.85
6184.26
6190.58
6198.53
6203.39
6208.69
6214.05
6221.64
6226.75
6238.6
6250.77
6263.46
6280.72
6300.54
6310.8
6329.07
6358.08
6377.88
6397.41
6457.15
6505.83
6542.63
6664.15
6766.67
6795.27
6915.19
7042.41
7058.98
7126.3
7233.29
7236.59
7255.09
7334.64
7343.22
7336.66
7349.76
7389.09
7383.81
7381.21
7385.87
7394.63
7381.14
7379.99
7371.79
7354.66
7361
7421.67
7615.13
8089.62
9194.93
10672.3
11642.6
12296.1
12266.4
12141.4
12004.1
11901.9
11839.7
11812.6
11781
11687.3
6125.27
6134.56
6142.73
6147.41
6151.05
6155.8
6158.2
6161.42
6165.94
6170.56
6177.3
6185.1
6191.32
6199.87
6207.49
6213.77
6225.49
6234.05
6244.72
6259.35
6273.99
6284.76
6304.03
6317.27
6332.92
6350.22
6368.51
6379.33
6402.19
6419.15
6434.03
6452.14
6471.86
6482.13
6503.39
6536.77
6560.44
6603.25
6710.99
6747.66
6826.29
7011.22
7050.97
7099.4
7267.39
7314.06
7325.86
7413.26
7467.16
7466.69
7484.81
7520.8
7508.69
7520.79
7532.83
7532.26
7514.85
7524.98
7524.35
7518.75
7505.19
7503.12
7486.61
7473.45
7447.75
7421.74
7431.14
7518.95
7784.4
8338.71
9579.16
11327.8
12062.8
12358.1
12252.4
12057.9
11948.8
11866.3
11813.3
11686.2
6196.16
6203.25
6209.93
6213.83
6216.89
6221.09
6225.07
6231.15
6238.85
6247.24
6257
6267.4
6278.48
6294.66
6311.06
6329.59
6350.53
6370.45
6389.79
6413.26
6434.06
6453.47
6476.41
6495.28
6512.59
6530.75
6546.29
6557.15
6574.61
6586.41
6594.94
6606.01
6622.34
6634.16
6666.89
6715.62
6757.64
6869.11
6990.66
7036.36
7186.35
7329.81
7352.86
7457.82
7573.3
7583
7606.14
7687.69
7685.75
7686.17
7699.4
7706.08
7693.55
7699.83
7691.04
7682.13
7677.51
7676.68
7657.81
7642.06
7639.49
7620.02
7606.3
7590.4
7568.99
7541.88
7504.5
7500.49
7521.39
7658.06
8060.66
8745.09
10343.2
11865.9
12417.9
12554.5
12434.8
12130.5
12006.1
11769
6279.18
6288.02
6297.61
6306.11
6316.57
6329.15
6342.52
6356.22
6370.37
6383.15
6396.61
6410.72
6428.33
6450.5
6471.92
6494.37
6519.75
6541.71
6563.79
6587.63
6607.34
6625.43
6643.97
6659.45
6670.87
6681.7
6689.67
6693.65
6699.07
6703.57
6708.27
6718.83
6747
6777.27
6849.15
6963.39
7028.43
7197.21
7319.02
7397.82
7572.58
7657.44
7687.38
7801.97
7841.71
7856.92
7882.92
7916.59
7911.01
7908.73
7907.69
7900.1
7881.38
7872.23
7866.43
7856.01
7839.06
7814.33
7805.92
7799.29
7779.45
7757.49
7744.79
7717.91
7688.53
7672.57
7648.92
7628.11
7611.19
7614.63
7656.71
7863.32
8491.24
9371.01
11226.8
12427.3
12824.7
12807.5
12684.2
12198.3
6410.05
6424.23
6439.01
6451.08
6463.03
6475.88
6487.48
6500.25
6512.91
6528.52
6546.2
6566.01
6588.68
6612.42
6633.05
6653.49
6675.2
6694.9
6713.44
6731.11
6746
6759.64
6772.52
6784.8
6793.34
6798.91
6802.61
6804.3
6808.59
6818.71
6836.94
6897.54
6959.55
7021.49
7210.61
7368.55
7413.78
7588.71
7761.42
7812.91
7932.97
8003.75
8037.11
8125.99
8154.28
8151.29
8153.91
8163.38
8153.87
8127.19
8122.21
8106.06
8085.55
8076.39
8066.27
8039.79
8027.39
8020.77
8002.71
7976.9
7956.4
7943.47
7910.03
7889.24
7867.58
7853.18
7828.92
7810.5
7790.04
7774.07
7771.89
7785.17
7871.62
8194.24
9013.67
10449
12298.3
12916.2
13106.4
12957.7
6580.93
6594.25
6606.61
6615.08
6624.99
6637.81
6651.46
6665.49
6680.26
6696.25
6712.09
6726.54
6744.18
6761.58
6776.85
6793.06
6811.57
6827.81
6840.48
6852.47
6862.26
6872.94
6885.31
6894.69
6901.05
6909.42
6917.6
6929.93
6965.92
7023.5
7084.62
7243.26
7325.51
7521.45
7765.53
7795.32
7865.23
8143.42
8220.67
8234.86
8313.95
8361.41
8400.49
8446.39
8444.51
8425.33
8427.97
8422.36
8385.88
8371
8365.53
8339.73
8315.37
8302.06
8277.78
8265.76
8258.33
8234.14
8209
8197.38
8180.29
8147.36
8125.73
8100.85
8083.18
8058.58
8047.35
8030.44
8015.08
7999.08
7988.89
7972.48
7974.28
8005.29
8189.52
8698.47
10189.9
11774.5
13067
13313.2
6751.52
6759.21
6765.74
6771.14
6777.58
6786.9
6794.4
6801.27
6811.94
6823.83
6835.65
6847.56
6861.23
6874.49
6883.12
6892.81
6906.62
6915.93
6924.52
6937.28
6947.4
6962.56
6985.45
6999.25
7018.19
7059.15
7093.29
7166.25
7365.67
7436.3
7519
7812.64
8042.96
8151.18
8179.58
8260.95
8554.68
8637.98
8604.51
8620.96
8723.35
8743.37
8758.82
8767.94
8754.02
8735.85
8735.84
8719.96
8682.38
8676.18
8661.82
8622.87
8609.47
8588.82
8573.92
8561.17
8545.62
8527.53
8518.34
8499.11
8470.23
8444.99
8421.32
8391.49
8368.55
8348.56
8331.73
8311.5
8301.66
8286.03
8277.1
8257.23
8246.09
8224.64
8230.26
8305.15
8611.52
9411.13
11193.1
13182.3
6887.47
6891.56
6894.93
6897.85
6903.88
6911.99
6917.34
6922.76
6934.24
6944.82
6952.82
6961.2
6972.64
6982.35
6989.88
7001.45
7021.75
7039.29
7059.31
7082.44
7101.68
7132.42
7171.27
7225.24
7295.01
7371.83
7564.9
7900.95
7938.03
7984.72
8400.58
8737.05
8711.92
8687.52
8756.12
8996.11
9096.24
9073.02
9055.53
9124.7
9171.2
9158.55
9157.99
9155.25
9138.04
9134.97
9128.07
9087.48
9058.32
9050.86
9029.65
9009.14
8986.43
8965.74
8953.45
8944.9
8926.72
8910.09
8892.18
8877.15
8852.26
8827.34
8798.75
8770.37
8746.89
8725.66
8702.02
8689.7
8677.17
8670.9
8657.66
8646.49
8621.66
8599.85
8577.54
8561.5
8582.13
8758.4
9372.49
11742.6
7021.47
7030.05
7037.8
7044.5
7053.95
7063.49
7068.62
7072.81
7082.33
7091.66
7096.72
7105.64
7119.61
7134.07
7146.28
7164.09
7192.17
7219.64
7254.55
7291.12
7327.62
7414.31
7524.66
7612.79
7824.49
8316.54
8490.13
8468.16
8584.7
9246.41
9516.51
9345.99
9235.31
9390.38
9645.96
9671.65
9635.75
9612.62
9653.14
9716.7
9704.08
9667.65
9666.05
9659.12
9645.73
9639.93
9608.97
9566.86
9559.7
9552.2
9533.4
9516.99
9502
9495.55
9485.51
9474.73
9458.99
9440.11
9418.98
9398.23
9367.25
9340.93
9313.08
9285.8
9254.81
9230.29
9206.88
9192.9
9182.22
9173.53
9160.86
9144.37
9122.34
9101.04
9067.67
9048.43
9022.62
9027.55
9145.06
10119.6
7148.82
7166.35
7183.74
7199.12
7213.01
7223.84
7229.45
7233.75
7242.94
7253.66
7259.79
7268.31
7286.49
7304.39
7328.59
7355.31
7394.07
7452.49
7502.29
7593.55
7781.47
7904.19
8101.44
8725.91
9188.95
9142.86
9137.85
9592.87
10312.8
10347.7
10034.5
9938.92
10181.3
10467.8
10435
10297.7
10283.6
10331.4
10386.3
10382
10328.6
10304.7
10298.9
10281.3
10270.4
10248.2
10220.1
10212.6
10210.1
10194.7
10180.6
10175.5
10173.2
10171.1
10163.1
10153
10143.1
10117.6
10091.7
10061.4
10034.2
10003
9982.7
9953.21
9928.88
9896.88
9876.05
9850.79
9838.09
9818.74
9807.12
9782.96
9764.35
9730.84
9703.58
9666.02
9644.85
9620.71
9635.7
9796.94
7315.32
7339.74
7364.27
7383.54
7394.57
7399.12
7400.94
7403.37
7410.16
7420.61
7429.62
7443.17
7475.16
7517.79
7556.07
7624.67
7689.72
7797.31
8056.39
8232.8
8472.37
9194.67
9861.42
9882.8
9804.44
10072.9
11048.4
11366.8
11142
10779.7
10831.1
11231
11413.2
11322.1
11104.5
11101.7
11169.7
11193.2
11181.5
11122.7
11078.3
11072.6
11060.7
11031
11008.1
10993.9
10989
10989.7
10983.6
10975.3
10975.3
10977.3
10978.2
10977.4
10969.6
10963.6
10957.3
10941.7
10906.9
10864.7
10828.6
10796.9
10779
10755.9
10731.2
10698.1
10671.5
10641.7
10618.6
10590.8
10569.1
10541.1
10518.9
10488.2
10463.9
10430.4
10414.6
10388.9
10388.4
10391.4
7468.04
7495.8
7516.22
7529.97
7538.27
7542.83
7547.74
7558.1
7587.92
7617.85
7643.06
7691.74
7747.2
7842.83
7937.23
8051.98
8351.96
8614.28
8893.47
9751.47
10654.9
10714.4
10598.3
10782.1
11782.3
12399.3
12325.6
11834.7
11760.3
12050.9
12451.1
12470.4
12269.1
12115.9
12138.4
12234.7
12231.1
12152.6
12075.9
12048.9
12045.5
12041.4
12007.8
11974.9
11966.8
11968.6
11980.4
11986.1
11986.9
11990.4
12001.1
12005
12005
12001.2
11991.5
11985.4
11976.2
11950.4
11909.2
11868.9
11831.7
11798
11774.3
11750.8
11730.6
11707.7
11688.4
11656.5
11626.2
11589.4
11562.6
11529
11503.5
11474.4
11457.9
11439
11431
11414.7
11410.1
11396.7
7648.6
7675.95
7691.78
7709.21
7725.6
7737.39
7753.01
7790.39
7862.96
7929.13
7979.78
8080.49
8217.24
8357.38
8700.61
9062.07
9403.89
10398.1
11539
11692.1
11595.1
11783.6
12882.6
13646.9
13625.9
13143.1
12980.7
13208.9
13729.6
13819.4
13699.6
13498.7
13485.4
13583
13648
13620.8
13494.5
13420.2
13414.9
13412.9
13403.9
13358.6
13322.3
13316.4
13322.6
13341.4
13353.8
13363.7
13388.2
13415.6
13428.8
13431.1
13430.4
13424.9
13412.9
13398.5
13368.4
13327.4
13293.4
13264.4
13232.8
13201.7
13177
13159.3
13146.6
13134.9
13119.7
13093.5
13060.6
13025.1
12994.8
12967.7
12945.9
12926.9
12914.2
12908.4
12907.6
12907.3
12906.5
12896.1
7817.85
7849.7
7873.22
7921.3
7969.55
8005.67
8050.05
8156.95
8281.87
8398.94
8570.31
8730.24
9082.8
9589.98
10021.8
11190.6
12546.5
12792.2
12797.2
13184.5
14597.1
15310.5
15261.8
14804.6
14663.5
14879.5
15458.6
15607.9
15546.5
15371.3
15350
15442.6
15572.8
15586.6
15525.9
15429.2
15400
15412.4
15420.4
15401.6
15351.7
15328.7
15328.1
15339.4
15354.2
15376.8
15409.4
15452.6
15501.3
15539.3
15554.9
15558
15558.2
15555.5
15545.8
15520.2
15476.2
15430.6
15400.3
15386.5
15381.9
15380.6
15377.8
15373.2
15372.1
15373.3
15372.9
15365.7
15339.2
15307
15282.2
15267.7
15264.4
15265.2
15269.2
15280.7
15300.6
15315.8
15320.8
15319.1
8060.11
8099.62
8146.88
8246.83
8331.5
8407.43
8524
8695.45
8974.84
9210.74
9554.9
10192.9
10758.1
12126.6
13849.8
14231
14447.3
15375.4
16994.8
17585.1
17528.3
17197.5
17176.6
17547.1
18171.2
18357.2
18330.3
18264.4
18278
18440.9
18644.8
18700.8
18688.8
18633.6
18623
18640.4
18690.7
18729.4
18730.1
18708.8
18701.2
18709.8
18729.1
18763.6
18815.8
18866.9
18918.9
18989.6
19065.6
19119.5
19136.2
19135.9
19129.4
19123.6
19115.2
19091.1
19053.2
19022.5
19007
19007.5
19029.8
19089
19138.2
19169.5
19186.2
19197
19202.7
19202.9
19198.1
19181.3
19170.8
19169
19174.5
19204.3
19258.9
19308.4
19344.5
19369.8
19377.5
19377.7
8332.71
8389.12
8483.6
8648.64
8811.5
8967.05
9225.3
9674.45
10124.3
10981.1
11737.2
13208.5
15536
16313
16951.3
18634.4
20417
21057.4
21045.7
20921.8
21002.3
21714.6
22485.3
22731
22791.6
22818.3
22911.6
23244
23565.5
23739.9
23813.8
23827.6
23819.4
23846.4
23947
24047.5
24133.6
24193
24200.1
24201.7
24235.7
24278.9
24327.7
24422.9
24524.1
24605.5
24697.3
24800.8
24889.6
24936.7
24944.7
24932.1
24890.2
24863.6
24853.1
24841.2
24819
24807.2
24807.7
24821.9
24894.8
25007.8
25091.9
25148.4
25171.7
25174.1
25170.5
25161.6
25142.9
25134.3
25134.4
25140.5
25164.4
25220.8
25271.4
25315.7
25338.5
25344.8
25342.5
25320.8
8698.5
8792.52
8955.25
9295.82
9539.09
10044.6
10619.4
11744.7
13090.3
14646.7
17785.1
19158.2
20890.5
23762.4
25659.3
26307
26447.4
26734.4
27741.4
28845.3
29463.9
29736.1
29835.9
30040.8
30700
31291
31453.9
31501.6
31650.4
32038.3
32227.7
32227.1
32197.4
32206.2
32329.2
32543
32653.7
32680.6
32655.9
32654
32717.2
32815.4
32878.1
32962.9
33042.5
33084.5
33118.4
33157.1
33190.8
33204
33196.7
33141
33044.8
32962.8
32890.7
32832.9
32795.6
32783.5
32784.6
32797.9
32840.5
32870.8
32880.7
32881.7
32876
32849.3
32775.9
32695.4
32624.9
32579.8
32548.4
32529.1
32506.7
32494.9
32476.6
32463.5
32440.5
32374.7
32320.9
32187.5
9163.44
9348.76
9694.62
10429
11116.3
12208
14474.1
16412.2
20664.2
23531.1
26181.3
30462.9
33381.8
34302.7
34902.4
36120.5
37611.6
38608.1
39041
39427.7
40310.9
41314.5
41714.8
41813.8
42040.6
42567.9
42856.1
43054
43236.1
43315.6
43286.9
43178.9
43169.6
43242.5
43332
43371.4
43377.4
43317.7
43185.9
43136.1
43110.2
43096.4
43092.5
43083.4
43028.7
42914.2
42815.2
42748.6
42669.3
42542.4
42370.4
42183.7
42001
41821.7
41634.1
41462
41304.7
41183.9
41083.4
41019.8
40935.7
40841.6
40714.4
40588.6
40420.3
40266.4
40104.3
39921.7
39762.2
39617.1
39496.5
39380.9
39274.3
39160.1
39046.9
38925.4
38824.9
38658.5
38568
38355.8
9952.26
10393.7
11338
12932.4
15069.8
17980.6
23428.3
28721.1
33432.6
39749.2
43427.6
45649.3
47749.5
49090.3
50334.7
51584.7
52622
53083.2
53482.6
54286.8
55165.4
55558.2
55547.4
55502.5
55647.5
55880.6
55885.9
55858.3
55794.2
55613.1
55223.3
54941.1
54764.3
54655.4
54555.3
54355.8
54023.3
53688
53451.2
53237.5
52958.3
52693.2
52473
52288.8
52017.1
51709.6
51390.8
51124
50833.2
50507.1
50150.7
49807.9
49473
49167.1
48841.4
48525.8
48210.8
47960.3
47724.1
47523.3
47280.2
47043.2
46764.4
46521.6
46241.6
46013.2
45753.7
45502.4
45260
45051.1
44858.3
44701
44524.9
44402.9
44229.5
44126.2
43979.4
43844.3
43743.8
43591.6
11491.3
12708.8
15308.4
19332.4
24972.3
32920.5
40663.5
49205.8
55622.7
59770.6
62233.5
63868.3
65317.5
66265
66938.9
67291.7
67825
68279.4
68399.9
68370.3
68306.5
68221.4
67977.8
67666.7
67471.7
67061.1
66641.3
66362.4
65876
65182.8
64619.2
64229
63825.1
63396.5
62940.9
62440.1
61851.4
61302
60834.7
60399.5
59940.7
59507.2
59088.5
58674.9
58205.2
57754.3
57314.3
56914.8
56465.6
55976
55490.7
55059.8
54639.2
54254.6
53843.7
53454.2
53057.8
52735.6
52437.7
52180
51885.4
51597.9
51278.6
51002.6
50707
50472.8
50208.2
49975.5
49749.2
49585.5
49436.1
49340.1
49227.4
49173
49080.4
49058.1
49011.2
49014
49019.9
49098.1
14987.7
18661.6
24973
35363.7
45864.1
57298.3
67463.3
73803.7
77864.5
79822.7
80123.4
80759.2
81034.3
80930
80557.2
80359.1
80185.4
79829.3
78975.3
78293.8
77974.1
77412.2
76298.6
75648.5
75243.6
74485.1
73689.5
73040.2
72272.5
71438.9
70766.4
70187.4
69588.3
68968.4
68301.9
67573.6
66842.7
66231.6
65691.7
65173.1
64634.5
64110.3
63577.2
63046.3
62505.3
62009.1
61527.6
61084.3
60582.6
60044.8
59518
59069.7
58640.2
58251.3
57843.2
57472.5
57100.4
56807.8
56547.9
56329.2
56074.3
55825.4
55551.1
55321.3
55093.4
54945.6
54777
54672.1
54570.8
54561.3
54571.5
54620.7
54673.2
54791.6
54870.9
55050.2
55163.1
55409
55544.2
55948.9
23701.6
32946.4
46954.3
62321.9
76015.1
85418.1
90956.9
92831.8
92841.8
92659.6
91893.2
90916.8
90184.4
89371.1
88692.8
88003.3
87107.7
85890.9
84720.8
84068
83450
82298.7
81221.6
80643.2
79952.7
79010.5
78198.2
77469.5
76575.2
75738.6
75075.9
74462.4
73801.4
73101.2
72337.1
71535.6
70818.6
70232.6
69709.7
69192.2
68651.7
68113.1
67544.9
66974.2
66432.8
65950
65481.3
65045.2
64547.3
64030.7
63527.7
63121.1
62757.5
62433.8
62107.8
61822.2
61552.5
61363.3
61212
61101.2
60958.3
60822
60684.3
60596
60589.7
60620.4
60679.7
60808.8
60912.6
61149.1
61318
61671.2
61867.4
62260.5
62477.4
62929.8
63176.6
63684.2
63933.1
64603.2
43030.2
60031.3
78283.7
92272.5
99297.1
101800
101642
100690
99959.1
98838.9
96870.2
95949.8
95440.5
94305.4
93153
92580.6
91965.8
90602.8
89130.7
88382.8
87998.5
87120
85782.6
85132.2
84507.8
83573.1
82701.8
81896.1
80997.7
80215.4
79556.1
78923.2
78237
77483.6
76644.5
75824.8
75145
74604.5
74131.6
73653.3
73143
72610.8
72031.9
71458.6
70945.7
70513.3
70104.9
69720.9
69276.6
68830.3
68424.7
68122
67891.7
67707.5
67548.2
67409.8
67318.8
67319.7
67354.7
67460.1
67556.6
67676.6
67778.5
67995.9
68209.6
68595.1
68877.1
69285.9
69574.2
70044.8
70380.5
70918.2
71255.7
71826.2
72171
72801.7
73140.2
73773.4
74065.8
74819.8
72820.4
90983.2
102188
108181
109159
108596
107526
105506
104861
104123
102527
101714
101043
99941.5
99012.7
98492.6
97864.4
96475.5
94983.3
94216.7
93822.8
92907.5
91530.7
90852.2
90127.7
89104.1
88192.3
87333.5
86407.2
85616.6
84951.8
84310.2
83588.7
82763
81873.3
81085.6
80465.3
79999.9
79608.5
79201.9
78743.4
78236.4
77682.2
77163.4
76726.7
76397.1
76105.2
75829.5
75523.7
75217.3
75003.8
74907.9
74922
74992.6
75143.4
75277.9
75459.9
75739.7
76091.6
76498.1
76895.8
77310.6
77731.5
78196.7
78649.7
79184.6
79627.8
80128.4
80556.5
81108.9
81569.7
82161.6
82589.5
83189.4
83593.5
84226.4
84575.5
85167.9
85427.6
86095.7
97477.6
107164
112667
115859
115709
115076
114128
112355
111950
111527
110318
109644
109043
107767
106617
106050
105525
104158
102344
101443
101041
100100
98561.8
97818.6
97018.9
95890.3
94901.1
93989.6
93051.2
92258.1
91607.6
90982.5
90250.8
89386.2
88509.3
87800
87281.9
86946.8
86699.2
86429.2
86072.7
85637.2
85166.8
84773.4
84478.4
84343.7
84257
84190.8
84205.7
84240.6
84330.7
84555.4
84997
85424.3
85920.8
86367.1
86907.3
87430.2
88041.3
88624.8
89220.9
89749
90314.8
90872.3
91445.4
92017.7
92526.2
93019.6
93485.4
94009.3
94486.9
95026.2
95454.6
95992.1
96378.7
96932.4
97235.7
97736.2
97945.8
98508.4
109830
116680
123632
127124
126583
125932
125014
122978
122438
121917
120596
119892
119046
117469
116088
115424
114834
113267
111226
110244
109798
108720
107010
106243
105391
104166
103135
102226
101312
100558
99989.5
99454.8
98774.4
97941
97166.2
96611
96276.9
96156.1
96139.2
96110.3
95972.3
95670.2
95358.1
95205.6
95205.6
95322.6
95677
96055
96454.9
96864.1
97469.2
98107.7
98836.9
99467.1
100131
100695
101346
101981
102717
103385
104060
104630
105236
105791
106360
106891
107365
107796
108219
108685
109121
109606
109999
110490
110843
111353
111625
112091
112282
112820
121396
130629
139728
141072
139522
138738
137475
135007
134351
133749
132338
131574
130548
128674
127054
126338
125727
124003
121716
120691
120248
119122
117254
116477
115710
114473
113462
112640
111846
111233
110853
110526
110014
109335
108775
108478
108422
108539
108929
109292
109487
109517
109526
109609
109981
110606
111438
112204
112933
113549
114305
115059
115907
116633
117364
117983
118674
119346
120102
120779
121435
121984
122545
123070
123593
124101
124531
124941
125327
125783
126196
126680
127059
127543
127881
128372
128621
129048
129208
129652
135807
148680
156648
156277
153438
152917
151908
149073
148134
147514
146072
145197
143990
141873
140086
139357
138744
136896
134441
133453
133073
132027
130127
129389
128850
127750
126878
126269
125740
125405
125349
125356
125226
124843
124625
124611
124820
125515
126439
127271
127846
128132
128452
128893
129595
130447
131477
132382
133200
133906
134736
135565
136449
137205
137919
138535
139205
139894
140639
141332
141963
142515
143046
143582
144090
144611
145016
145404
145744
146152
146511
146924
147243
147614
147878
148206
148354
148575
148617
148756
154425
170093
175643
173933
169860
169948
169253
166053
164649
163997
162501
161476
160141
157844
155960
155293
154771
152967
150450
149623
149421
148673
146954
146382
146145
145479
144875
144587
144541
144610
144949
145547
145842
145901
145992
146285
147086
148296
149693
150870
151642
152027
152434
152966
153787
154797
155958
156980
157837
158580
159418
160291
161195
161988
162692
163322
163980
164695
165434
166131
166723
167236
167697
168160
168579
168966
169227
169420
169578
169768
169953
170159
170319
170474
170586
170682
170681
170658
170578
170411
177122
194661
197338
194286
190225
190602
189935
186422
184653
184015
182555
181341
179975
177706
175945
175503
175251
173835
171509
171062
171185
170859
169670
169479
169592
169497
169402
169502
169847
170488
171549
172647
173316
173705
174161
174814
175864
177359
179103
180504
181352
181781
182204
182779
183644
184771
186036
187162
188053
188831
189670
190561
191449
192214
192831
193351
193878
194460
195053
195574
195976
196264
196495
196709
196898
197013
197021
196970
196894
196861
196859
196875
196870
196845
196792
196695
196541
196293
196097
195670
205822
223169
223252
219262
215216
215824
215142
211323
209399
208897
207706
206445
205301
203456
202269
202350
202699
201975
200345
200413
201197
201113
200653
200851
201697
202011
202291
203007
203825
204941
206587
208160
209092
209620
210203
211007
212248
214023
216081
217689
218558
218975
219333
219882
220745
221921
223226
224364
225198
225850
226497
227155
227789
228276
228595
228788
229005
229300
229635
229897
230046
230062
230039
229999
229951
229846
229620
229313
229045
228824
228671
228515
228370
228176
227974
227704
227413
226980
226693
226069
242484
256678
255821
250145
246439
247406
246666
242476
240884
240937
240557
239724
239327
238606
238516
239517
241180
240875
240113
240713
242556
242689
242662
243238
244917
245487
246061
247277
248375
249868
252005
253949
255060
255707
256355
257194
258480
260397
262665
264348
265087
265314
265395
265654
266327
267350
268476
269377
269929
270223
270467
270719
270977
271112
271103
270974
270866
270870
270951
270962
270888
270645
270369
270108
269855
269543
269127
268631
268202
267832
267547
267249
266980
266648
266313
265895
265486
264915
264562
263808
289371
297471
296478
290019
286609
288163
287360
283057
282670
284459
285483
286175
287791
288385
289279
292453
295352
295230
294827
296005
298729
298971
299025
300025
302341
302994
303664
305187
306608
308424
310911
313107
314285
314878
315363
315949
316951
318678
320882
322368
322736
322570
322093
321901
322120
322919
323809
324382
324556
324457
324247
324070
323943
323776
323443
322979
322592
322362
322239
322045
321715
321231
320740
320282
319863
319402
318842
318204
317647
317162
316791
316393
316026
315583
315136
314600
314098
313437
313050
312244
349603
349652
349233
342754
339682
342569
342027
338971
340297
347153
351051
354658
359127
360736
362243
366725
370207
369994
369547
371233
374444
374570
374581
375969
378721
379404
380099
381795
383348
385217
387779
389959
390933
391124
391076
391045
391325
392503
394586
395814
395822
395026
393914
393075
392938
393396
394090
394326
394162
393518
392851
392272
391811
391332
390740
390049
389451
389024
388736
388368
387841
387136
386436
385800
385248
384688
384040
383315
382683
382133
381711
381237
380781
380235
379680
379045
378466
377751
377357
376550
423625
419690
420475
414437
412327
418659
420060
420440
426638
444224
451768
457497
463181
464686
465599
469367
473019
472545
471961
474282
477819
477688
477627
479558
482629
483116
483621
485207
486575
488116
490431
492313
492783
492380
491307
490250
489673
490032
491951
493154
492814
491241
489489
487918
487315
487523
488051
488103
487515
486273
485146
484182
483427
482706
481931
481057
480278
479684
479259
478746
478034
477093
476163
475340
474663
474027
473325
472546
471870
471277
470782
470202
469617
468938
468246
467506
466838
466082
465680
464862
522185
516906
521521
516789
517101
532052
540178
547423
569515
596883
604055
607684
611538
611753
611457
613550
617686
617113
616734
620366
624300
623780
623638
626310
629416
629441
629572
630851
631689
632523
634258
635606
635564
634038
631517
628937
626997
626708
628395
629951
629361
626965
624312
621870
620657
620640
621043
621040
620001
618090
616369
614982
613950
613053
612114
610994
609942
609126
608556
607903
606969
605709
604450
603362
602512
601774
600994
600116
599343
598656
598040
597306
596531
595674
594799
593934
593151
592342
591913
591029
661716
659534
674924
674559
680936
717797
739965
760144
800561
823957
824993
824389
826085
825927
824882
827139
832698
832460
832791
839005
843360
842258
842001
845430
848065
847378
847127
847956
847948
847680
848322
849028
848279
845131
840823
836051
831863
830466
832177
834471
833806
830531
826565
822724
820364
820001
820414
820419
818893
816031
813329
811287
809910
808860
807743
806274
804776
803605
802833
802033
800833
799151
797392
795867
794690
793745
792792
791717
790735
789863
789039
788082
787038
785945
784823
783800
782852
781940
781426
780334
876303
887359
931564
940648
969197
1.04918e+06
1.08662e+06
1.10703e+06
1.14297e+06
1.16231e+06
1.15816e+06
1.15381e+06
1.15712e+06
1.15962e+06
1.16102e+06
1.16724e+06
1.17598e+06
1.17694e+06
1.17933e+06
1.18934e+06
1.1934e+06
1.19114e+06
1.19044e+06
1.19392e+06
1.19527e+06
1.19325e+06
1.19227e+06
1.19226e+06
1.19102e+06
1.1886e+06
1.18787e+06
1.18739e+06
1.18525e+06
1.18042e+06
1.17427e+06
1.16672e+06
1.15899e+06
1.15531e+06
1.15678e+06
1.15997e+06
1.15935e+06
1.15543e+06
1.15009e+06
1.14434e+06
1.13993e+06
1.13856e+06
1.1388e+06
1.13873e+06
1.13668e+06
1.13276e+06
1.12868e+06
1.12554e+06
1.12357e+06
1.12228e+06
1.12096e+06
1.11906e+06
1.11689e+06
1.11509e+06
1.1139e+06
1.11286e+06
1.11133e+06
1.10913e+06
1.10663e+06
1.10436e+06
1.10253e+06
1.10111e+06
1.09978e+06
1.09835e+06
1.097e+06
1.09581e+06
1.09466e+06
1.09338e+06
1.09197e+06
1.09056e+06
1.08911e+06
1.08785e+06
1.08664e+06
1.08549e+06
1.08475e+06
1.08316e+06
1.24333e+06
1.30482e+06
1.41342e+06
1.44684e+06
1.52994e+06
1.63781e+06
1.65524e+06
1.66189e+06
1.69662e+06
1.70467e+06
1.69632e+06
1.69831e+06
1.71524e+06
1.72802e+06
1.73663e+06
1.7513e+06
1.7618e+06
1.76399e+06
1.76934e+06
1.7808e+06
1.78188e+06
1.77672e+06
1.77459e+06
1.77618e+06
1.77472e+06
1.76966e+06
1.76765e+06
1.76601e+06
1.76159e+06
1.75607e+06
1.75257e+06
1.74971e+06
1.74568e+06
1.73969e+06
1.73221e+06
1.72221e+06
1.71063e+06
1.70299e+06
1.70266e+06
1.70563e+06
1.70503e+06
1.70086e+06
1.69496e+06
1.68754e+06
1.68044e+06
1.67654e+06
1.67539e+06
1.67459e+06
1.67193e+06
1.66735e+06
1.66204e+06
1.65744e+06
1.65437e+06
1.65245e+06
1.65077e+06
1.64841e+06
1.64543e+06
1.64261e+06
1.64046e+06
1.63875e+06
1.6367e+06
1.63386e+06
1.63044e+06
1.62703e+06
1.62404e+06
1.6217e+06
1.61968e+06
1.61775e+06
1.6159e+06
1.61428e+06
1.61264e+06
1.61089e+06
1.60898e+06
1.60709e+06
1.60517e+06
1.6035e+06
1.60181e+06
1.60018e+06
1.59895e+06
1.59639e+06
2.02212e+06
2.23633e+06
2.46247e+06
2.52427e+06
2.5994e+06
2.68847e+06
2.67577e+06
2.6604e+06
2.6755e+06
2.66987e+06
2.67024e+06
2.69398e+06
2.73933e+06
2.76258e+06
2.77747e+06
2.79291e+06
2.79853e+06
2.79836e+06
2.80264e+06
2.80818e+06
2.80318e+06
2.79221e+06
2.78825e+06
2.7862e+06
2.77897e+06
2.77128e+06
2.76724e+06
2.76177e+06
2.75245e+06
2.74316e+06
2.73572e+06
2.7294e+06
2.72372e+06
2.71697e+06
2.70838e+06
2.69705e+06
2.68345e+06
2.67247e+06
2.66782e+06
2.66836e+06
2.66705e+06
2.66237e+06
2.6568e+06
2.64822e+06
2.63852e+06
2.63115e+06
2.62651e+06
2.62391e+06
2.62052e+06
2.61561e+06
2.60959e+06
2.60354e+06
2.59903e+06
2.59588e+06
2.59352e+06
2.59058e+06
2.58661e+06
2.58241e+06
2.57869e+06
2.5757e+06
2.57275e+06
2.56901e+06
2.56445e+06
2.55976e+06
2.55539e+06
2.55175e+06
2.54884e+06
2.54635e+06
2.54391e+06
2.54167e+06
2.53935e+06
2.53691e+06
2.53431e+06
2.53179e+06
2.52921e+06
2.52693e+06
2.52448e+06
2.52215e+06
2.52007e+06
2.5162e+06
4.28163e+06
4.73889e+06
5.06754e+06
4.98307e+06
4.92234e+06
4.99797e+06
4.94578e+06
4.90315e+06
4.89782e+06
4.85425e+06
4.85319e+06
4.89782e+06
4.95522e+06
4.97889e+06
4.99272e+06
5.00624e+06
5.00992e+06
5.00907e+06
5.01185e+06
5.01132e+06
5.00107e+06
4.98829e+06
4.98392e+06
4.98093e+06
4.97305e+06
4.96618e+06
4.96051e+06
4.95086e+06
4.93673e+06
4.92668e+06
4.92063e+06
4.91732e+06
4.9195e+06
4.91497e+06
4.90115e+06
4.88457e+06
4.86489e+06
4.85734e+06
4.85913e+06
4.86596e+06
4.86856e+06
4.8624e+06
4.85507e+06
4.83906e+06
4.82194e+06
4.81598e+06
4.81366e+06
4.81277e+06
4.81148e+06
4.80568e+06
4.79752e+06
4.78847e+06
4.78447e+06
4.78275e+06
4.78194e+06
4.77977e+06
4.77468e+06
4.76921e+06
4.76589e+06
4.76341e+06
4.76121e+06
4.75645e+06
4.74993e+06
4.74436e+06
4.74099e+06
4.73841e+06
4.73645e+06
4.73501e+06
4.73262e+06
4.73018e+06
4.72753e+06
4.72494e+06
4.72228e+06
4.71996e+06
4.71752e+06
4.71573e+06
4.71351e+06
4.7117e+06
4.70961e+06
4.70658e+06
1.28927e+07
1.15123e+07
1.23472e+07
1.26678e+07
1.30682e+07
1.35447e+07
1.37408e+07
1.39163e+07
1.41896e+07
1.45346e+07
1.48361e+07
1.51295e+07
1.54132e+07
1.56148e+07
1.57693e+07
1.59418e+07
1.6142e+07
1.62905e+07
1.64013e+07
1.65257e+07
1.66406e+07
1.66877e+07
1.67373e+07
1.68141e+07
1.68994e+07
1.69538e+07
1.69899e+07
1.70154e+07
1.70316e+07
1.70642e+07
1.71365e+07
1.72418e+07
1.73114e+07
1.72989e+07
1.72446e+07
1.71773e+07
1.71295e+07
1.71562e+07
1.73286e+07
1.75443e+07
1.75752e+07
1.75347e+07
1.74617e+07
1.73855e+07
1.73555e+07
1.74002e+07
1.75149e+07
1.75855e+07
1.75864e+07
1.75602e+07
1.75335e+07
1.75294e+07
1.75593e+07
1.76088e+07
1.76392e+07
1.76465e+07
1.76471e+07
1.76579e+07
1.76881e+07
1.77222e+07
1.77342e+07
1.77281e+07
1.77207e+07
1.77267e+07
1.77518e+07
1.77865e+07
1.78103e+07
1.78204e+07
1.7824e+07
1.78281e+07
1.78349e+07
1.78451e+07
1.78573e+07
1.7872e+07
1.78877e+07
1.7906e+07
1.79228e+07
1.79406e+07
1.79549e+07
1.79771e+07
)
;

boundaryField
{
    inlet
    {
        type            turbulentMixingLengthFrequencyInlet;
        mixingLength    0.00575;
        phi             phi;
        k               k;
        value           uniform 1607.05;
    }
    outlet
    {
        type            inletOutlet;
        inletValue      uniform 1;
        value           nonuniform List<scalar> 
82
(
6.46551e+06
2.64879e+06
1.56367e+06
1.0059e+06
695252
509097
390645
311013
255120
214604
184421
161501
143878
130170
119338
110590
103371
97273
91989.9
87023.8
78100.6
60791.8
41891.8
28587.6
21916.3
18499.5
16743.9
15452.1
14711.3
14093
13852.7
13721.2
13586.5
13413.5
13143.1
12840.1
12667.3
12539.3
12212.9
11857
11687.3
11686.2
11769
12198.3
12957.7
13313.2
13182.3
11742.6
10119.6
9796.94
10391.4
11396.7
12896.1
15319.1
19377.7
25320.8
32187.5
38355.8
43591.6
49098.1
55948.9
64603.2
74819.8
86095.7
98508.4
112820
129652
148756
170411
195670
226069
263808
312244
376550
464862
591029
780334
1.08316e+06
1.59639e+06
2.5162e+06
4.70658e+06
1.79771e+07
)
;
    }
    bottom
    {
        beta1           0.075;
        blended         false;
        type            omegaWallFunction;
        value           nonuniform List<scalar> 
196
(
6.69693e+06
7.14405e+06
7.00306e+06
6.62971e+06
6.61841e+06
6.75712e+06
5.84951e+06
5.96151e+06
6.08836e+06
7.28046e+06
7.38896e+06
6.39195e+06
6.48265e+06
6.56952e+06
6.65834e+06
7.97225e+06
8.04703e+06
8.22801e+06
7.0102e+06
8.45955e+06
7.19569e+06
7.28703e+06
8.71728e+06
7.47712e+06
8.91152e+06
7.67606e+06
7.77593e+06
7.87644e+06
9.38398e+06
8.08217e+06
8.1867e+06
8.29098e+06
9.84654e+06
8.5012e+06
8.6071e+06
8.71409e+06
8.82227e+06
8.93208e+06
9.04263e+06
9.15373e+06
9.26607e+06
1.09939e+07
9.49333e+06
9.60914e+06
9.72537e+06
9.84127e+06
9.96075e+06
1.00806e+07
1.01995e+07
1.03159e+07
1.04317e+07
1.05461e+07
1.06566e+07
1.0788e+07
1.09476e+07
1.11053e+07
1.12574e+07
1.14043e+07
1.15486e+07
1.1691e+07
1.18322e+07
1.19722e+07
1.21118e+07
1.22507e+07
1.23898e+07
1.25288e+07
1.26685e+07
1.28081e+07
1.29486e+07
1.30893e+07
1.32309e+07
1.33726e+07
1.35153e+07
1.36586e+07
1.38029e+07
1.39475e+07
1.40933e+07
1.4239e+07
1.43856e+07
1.45322e+07
1.46801e+07
1.48287e+07
1.49793e+07
1.51304e+07
1.52832e+07
1.54361e+07
1.55903e+07
1.5744e+07
1.58985e+07
1.60526e+07
1.62079e+07
1.63633e+07
1.65203e+07
1.66776e+07
1.68366e+07
1.69959e+07
1.71565e+07
1.73169e+07
1.74784e+07
1.76395e+07
1.78021e+07
1.79648e+07
1.81293e+07
1.82937e+07
1.84593e+07
1.86248e+07
1.8791e+07
1.89572e+07
1.9124e+07
1.92909e+07
1.94582e+07
1.96261e+07
1.97945e+07
1.99641e+07
2.01333e+07
2.03005e+07
2.03625e+07
2.01948e+07
1.92784e+07
1.64854e+07
1.32719e+07
1.16693e+07
1.07816e+07
1.02561e+07
9.53805e+06
9.47441e+06
8.96571e+06
8.17896e+06
7.43389e+06
6.60985e+06
5.87565e+06
5.23223e+06
5.79413e+06
5.92474e+06
6.02636e+06
6.08959e+06
6.09881e+06
6.13143e+06
6.11678e+06
6.10253e+06
6.13048e+06
6.14817e+06
6.15658e+06
6.14682e+06
6.13233e+06
6.14747e+06
6.1599e+06
6.15846e+06
6.15555e+06
6.16242e+06
6.181e+06
6.19176e+06
6.18918e+06
6.17959e+06
6.17614e+06
6.18341e+06
6.18745e+06
6.18443e+06
6.17464e+06
6.16048e+06
6.15761e+06
6.15772e+06
6.1554e+06
6.14891e+06
6.13904e+06
6.12969e+06
6.12634e+06
6.12111e+06
6.11334e+06
6.10305e+06
6.09148e+06
6.08461e+06
6.08303e+06
6.08408e+06
6.08701e+06
6.08767e+06
6.07917e+06
6.06758e+06
6.06029e+06
6.05684e+06
6.0599e+06
6.0716e+06
6.09431e+06
6.12452e+06
6.15221e+06
6.17163e+06
6.17808e+06
6.18092e+06
6.18766e+06
6.20135e+06
6.2263e+06
6.26334e+06
6.31109e+06
6.36469e+06
6.40436e+06
6.46551e+06
)
;
    }
    top
    {
        beta1           0.075;
        blended         false;
        type            omegaWallFunction;
        value           nonuniform List<scalar> 
190
(
5.48632e+06
6.01576e+06
5.93369e+06
5.63645e+06
5.18903e+06
4.75902e+06
4.49646e+06
4.35505e+06
4.29126e+06
4.26976e+06
4.27152e+06
4.28577e+06
4.31521e+06
4.35598e+06
4.41822e+06
4.47442e+06
4.51688e+06
4.55185e+06
4.58608e+06
4.62207e+06
4.65874e+06
4.69175e+06
4.7189e+06
4.74237e+06
4.76379e+06
4.78672e+06
4.81183e+06
4.83811e+06
4.86438e+06
4.8894e+06
4.91297e+06
4.93598e+06
4.95897e+06
4.98138e+06
5.00301e+06
5.02439e+06
5.04631e+06
5.06955e+06
5.09438e+06
5.12023e+06
5.14603e+06
5.17053e+06
5.19253e+06
5.21295e+06
5.23416e+06
5.25716e+06
5.2818e+06
5.30708e+06
5.332e+06
5.35609e+06
5.37949e+06
5.40308e+06
5.42751e+06
5.45299e+06
5.47945e+06
5.50647e+06
5.53348e+06
5.55965e+06
5.5844e+06
5.60769e+06
5.63041e+06
5.65332e+06
5.67714e+06
5.70203e+06
5.72761e+06
5.7536e+06
5.77969e+06
5.80563e+06
5.831e+06
5.85586e+06
5.88053e+06
5.90535e+06
5.93037e+06
5.95631e+06
5.98267e+06
6.00929e+06
6.03791e+06
6.34273e+06
6.14694e+06
6.25594e+06
6.48878e+06
6.55529e+06
6.43053e+06
6.75321e+06
6.55841e+06
6.75521e+06
6.8015e+06
6.96114e+06
6.84212e+06
5.85224e+06
7.06658e+06
7.28129e+06
7.26582e+06
7.13468e+06
7.38554e+06
7.43683e+06
7.30397e+06
7.67795e+06
7.73007e+06
6.3822e+06
7.61103e+06
7.76513e+06
7.67668e+06
7.72554e+06
7.79165e+06
8.01511e+06
6.73364e+06
8.03263e+06
8.31284e+06
8.1922e+06
1.28927e+07
1.15123e+07
1.23472e+07
1.26678e+07
1.30682e+07
1.35447e+07
1.37408e+07
1.39163e+07
1.41896e+07
1.45346e+07
1.48361e+07
1.51295e+07
1.54132e+07
1.56148e+07
1.57693e+07
1.59418e+07
1.6142e+07
1.62905e+07
1.64013e+07
1.65257e+07
1.66406e+07
1.66877e+07
1.67373e+07
1.68141e+07
1.68994e+07
1.69538e+07
1.69899e+07
1.70154e+07
1.70316e+07
1.70642e+07
1.71365e+07
1.72418e+07
1.73114e+07
1.72989e+07
1.72446e+07
1.71773e+07
1.71295e+07
1.71562e+07
1.73286e+07
1.75443e+07
1.75752e+07
1.75347e+07
1.74617e+07
1.73855e+07
1.73555e+07
1.74002e+07
1.75149e+07
1.75855e+07
1.75864e+07
1.75602e+07
1.75335e+07
1.75294e+07
1.75593e+07
1.76088e+07
1.76392e+07
1.76465e+07
1.76471e+07
1.76579e+07
1.76881e+07
1.77222e+07
1.77342e+07
1.77281e+07
1.77207e+07
1.77267e+07
1.77518e+07
1.77865e+07
1.78103e+07
1.78204e+07
1.7824e+07
1.78281e+07
1.78349e+07
1.78451e+07
1.78573e+07
1.7872e+07
1.78877e+07
1.7906e+07
1.79228e+07
1.79406e+07
1.79549e+07
1.79771e+07
)
;
    }
    upstream
    {
        type            symmetryPlane;
    }
    defaultFaces
    {
        type            empty;
    }
}


// ************************************************************************* //
