/*--------------------------------*- C++ -*----------------------------------*\
  =========                 |
  \\      /  F ield         | OpenFOAM: The Open Source CFD Toolbox
   \\    /   O peration     | Website:  https://openfoam.org
    \\  /    A nd           | Version:  13
     \\/     M anipulation  |
\*---------------------------------------------------------------------------*/
FoamFile
{
    format      ascii;
    class       volScalarField;
    location    "0.0016";
    object      p;
}
// * * * * * * * * * * * * * * * * * * * * * * * * * * * * * * * * * * * * * //

dimensions      [1 -1 -2 0 0 0 0];

internalField   nonuniform List<scalar> 
16072
(
4510.2
4657.62
4627.71
4571.33
4501
4436.17
4407.55
4682.51
4628.16
4610.51
4601.11
4557.01
4332.78
4623.37
4657.02
4606.37
4555.23
4502.8
4236.64
4586.41
4663.25
4593.11
4529.84
4479.58
4157.32
4520.55
4631.25
4605.5
4531.86
4467.48
4095.15
4465.64
4619.97
4628.08
4552.76
4474.89
4054.73
4356.91
4573.86
4626.96
4578.82
4495.3
4031.52
4258.82
4540.94
4620.97
4598.27
4520.34
4020.18
4158.88
4451.2
4604.22
4601.61
4550.5
4014.44
4095.74
4350.18
4578.28
4587.07
4570.34
4012.07
4055.03
4225.44
4505.74
4568.1
4578.17
4010.95
4031.79
4137.91
4393.38
4544.44
4576.87
4010.41
4020.14
4075.92
4249.26
4471.09
4572.02
4010.17
4014.51
4041.59
4140.65
4364.16
4553.69
4010.06
4012.01
4023.88
4074.09
4223.01
4461.33
4010.02
4010.84
4015.97
4038.08
4118.99
4313.53
4010.01
4010.32
4012.48
4021.84
4058.6
4163.41
4010
4010.11
4010.96
4014.74
4029.96
4072.73
4010
4010.04
4010.34
4011.83
4017.54
4035.11
4010
4010.01
4010.11
4010.63
4012.8
4019.44
4010
4010
4010.03
4010.2
4010.94
4013.37
4010
4010
4010.01
4010.06
4010.28
4011.09
4010
4010
4010
4010.02
4010.08
4010.32
4010
4010
4010
4010
4010.02
4010.08
4010
4010
4010
4010
4010
4010.02
4010
4010
4010
4010
4010
4010
4010
4010
4010
4010
4010
4010
4010
4010
4010
4010
4010
4010
4010
4010
4010
4010
4010
4010
4010
4010
4010
4010
4010
4010
4010
4010
4010
4010
4010
4010
4010
4010
4010
4010
4010
4010
4010
4010
4010
4010
4010
4010
4010
4010
4010
4010
4010
4010
4010
4010
4010
4010
4010
4010
4010
4010
4010
4010
4010
4010
4010
4010
4010
4010
4010
4010
4010
4010
4010
4010
4010
4010
4010
4010
4010
4010
4010
4010
4010
4010
4010
4010
4010
4010
4010
4010
4010
4010
4010
4010
4010
4010
4010
4010
4010
4010
4010
4010
4010
4010
4010
4010
4010
4010
4010
4010
4010
4010
4010
4010
4010
4010
4010
4010
4010
4010
4010
4010
4010
4010
4010
4010
4010
4010
4010
4010
4010
4010
4010
4010
4010
4010
4010
4010
4010
4010
4010
4010
4010
4010
4010
4010
4010
4010
4010
4010
4010
4010
4010
4010
4010
4010
4010
4010
4010
4010
4010
4010
4010
4010
4010
4010
4010
4010
4010
4010
4010
4010
4010
4010
4010
4010
4010
4010
4010
4010
4010
4010
4010
4010
4010
4010
4010
4010
4010
4010
4010
4010
4010
4010
4010
4010
4010
4010
4010
4010
4010
4010
4010
4010
4010
4010
4010
4010
4010
4010
4010
4010
4010
4010
4010
4010
4010
4010
4010
4010
4010
4010
4010
4010
4010
4010
4010
4010
4010
4010
4010
4010
4010
4010
4010
4010
4010
4010
4010
4010
4010
4010
4010
4010
4010
4010
4010
4010
4010
4010.01
4010
4010
4010
4010
4010
4010.01
4010
4010
4010
4010
4010
4010.03
4010
4010
4010
4010
4010
4010.05
4010
4010
4010
4010
4010
4010.07
4010
4010
4010
4010
4010
4010.12
4010
4010
4010
4010
4010
4010.17
4010
4010
4010
4010
4010.01
4010.23
4010
4010
4010
4010
4010.01
4010.2
4010
4010
4010
4010
4010.02
4009.95
4010
4010
4010
4010
4010.02
4009.73
4010
4010
4010
4010
4010.03
4009.6
4010
4010
4010
4010
4010.04
4009.6
4010
4010
4010
4010
4010.04
4009.49
4010
4010
4010
4010
4010.05
4009.95
4010
4010
4010
4010
4010.05
4004.73
4369.93
4346
4313
4287.78
4282.36
4275.98
4272.43
4272.03
4270.94
4270.5
4272.12
4274.14
4274.18
4273.29
4273.1
4274.17
4274.86
4273.51
4271.64
4269.91
4268.69
4267.63
4266.31
4264.51
4262.84
4261.8
4260.9
4260.3
4259.85
4259.32
4258.65
4257.66
4256.75
4256.04
4255.18
4254.28
4253.57
4252.42
4251.5
4251.14
4249.63
4248.38
4247.94
4248.9
4250.43
4252.82
4257.09
4253.37
4239.14
4226.39
4216.38
4208.9
4202.86
4197.98
4193.93
4190.74
4188.03
4185.89
4184.07
4182.57
4181.18
4180.1
4179.05
4178.19
4177.35
4176.76
4176.1
4175.56
4174.94
4174.49
4173.93
4173.62
4173.31
4173.23
4172.98
4172.76
4172.22
4171.74
4171.02
4170.46
4169.8
4169.44
4169.07
4169
4168.79
4168.75
4168.45
4168.29
4167.84
4167.51
4167
4166.72
4166.33
4166.19
4165.84
4165.6
4165.09
4164.75
4164.28
4163.97
4163.61
4163.38
4163.14
4163
4162.9
4162.75
4162.62
4162.33
4162.23
4162.63
4483.46
4443.8
4396.64
4360.2
4345.58
4330.82
4320.51
4314.85
4308.93
4304.36
4302.08
4300.61
4297.35
4293.7
4290.7
4289.38
4287.93
4284.77
4281.41
4278.02
4275.41
4273.16
4270.87
4268.22
4265.82
4263.95
4262.45
4261.39
4260.52
4259.63
4258.6
4257.59
4256.75
4255.83
4255.05
4254.41
4253.1
4252.41
4251.32
4250.62
4249.43
4248.61
4248.42
4248.14
4249.05
4249.78
4252.31
4249.71
4237.87
4226.06
4216.29
4208.89
4202.85
4197.98
4193.94
4190.75
4188.04
4185.91
4184.09
4182.59
4181.21
4180.13
4179.09
4178.23
4177.4
4176.81
4176.15
4175.61
4174.99
4174.54
4173.99
4173.68
4173.37
4173.3
4173.06
4172.84
4172.3
4171.82
4171.11
4170.56
4169.89
4169.54
4169.17
4169.11
4168.9
4168.86
4168.57
4168.4
4167.96
4167.63
4167.13
4166.85
4166.47
4166.33
4165.98
4165.75
4165.24
4164.9
4164.44
4164.13
4163.77
4163.55
4163.31
4163.17
4163.08
4162.93
4162.8
4162.51
4162.41
4162.8
4436.69
4409.61
4372.39
4341.02
4330.07
4318.55
4309.96
4305.55
4301.15
4298.03
4297.49
4297.61
4296.08
4293.71
4292.27
4292.06
4291.5
4289.25
4286.5
4283.7
4281.61
4279.73
4277.51
4275.04
4272.76
4270.81
4269.15
4267.95
4266.89
4265.74
4264.39
4263.16
4262
4260.87
4259.8
4258.9
4257.48
4256.59
4255.43
4254.2
4252.99
4252.33
4251.84
4251.55
4252.54
4253.84
4257.16
4254.26
4241.4
4228.87
4218.78
4211.27
4205.19
4200.28
4196.2
4192.98
4190.23
4188.06
4186.2
4184.66
4183.23
4182.11
4181.02
4180.12
4179.24
4178.6
4177.9
4177.32
4176.64
4176.14
4175.54
4175.19
4174.83
4174.71
4174.43
4174.17
4173.59
4173.07
4172.32
4171.73
4171.03
4170.64
4170.24
4170.13
4169.89
4169.82
4169.49
4169.3
4168.82
4168.47
4167.93
4167.62
4167.22
4167.04
4166.67
4166.41
4165.88
4165.52
4165.02
4164.69
4164.31
4164.07
4163.81
4163.64
4163.52
4163.36
4163.2
4162.9
4162.76
4163.06
4429.93
4408.44
4379.8
4357.72
4350.58
4340.03
4331.73
4326.46
4320.13
4314.84
4312.37
4310.68
4307.63
4303.82
4301.2
4299.97
4298.66
4295.88
4292.5
4289.4
4287.01
4284.79
4282.36
4279.77
4277.28
4275.24
4273.61
4272.37
4271.25
4270.17
4268.93
4267.53
4266.15
4264.97
4263.85
4262.62
4261.55
4260.45
4259.3
4257.69
4256.57
4256.12
4254.82
4254.48
4255.05
4255.15
4256.89
4254.09
4242.51
4230.74
4220.92
4213.47
4207.39
4202.49
4198.41
4195.2
4192.46
4190.29
4188.43
4186.89
4185.46
4184.34
4183.24
4182.33
4181.44
4180.8
4180.09
4179.5
4178.83
4178.32
4177.72
4177.37
4177
4176.88
4176.59
4176.32
4175.74
4175.21
4174.45
4173.85
4173.14
4172.75
4172.34
4172.23
4171.98
4171.89
4171.56
4171.36
4170.88
4170.51
4169.97
4169.65
4169.24
4169.05
4168.67
4168.4
4167.87
4167.49
4166.99
4166.65
4166.27
4166.01
4165.74
4165.57
4165.44
4165.27
4165.1
4164.78
4164.63
4164.78
4400
4373.81
4345.59
4324.96
4323.25
4320.18
4318.77
4319.9
4318.51
4316.31
4315.81
4315.11
4312.66
4309.13
4306.39
4304.93
4303.26
4300.24
4296.59
4293.4
4290.88
4288.56
4286.08
4283.43
4280.88
4278.81
4277.24
4275.95
4274.86
4273.71
4272.48
4271.01
4269.51
4268.21
4266.95
4265.58
4264.38
4263.14
4261.93
4260.46
4259.26
4258.54
4257.09
4256.83
4257.4
4257.67
4259.93
4257.6
4245.59
4232.99
4222.73
4215.06
4208.89
4203.92
4199.81
4196.57
4193.81
4191.64
4189.77
4188.22
4186.78
4185.64
4184.54
4183.62
4182.72
4182.07
4181.35
4180.74
4180.04
4179.53
4178.92
4178.55
4178.17
4178.03
4177.72
4177.44
4176.85
4176.3
4175.53
4174.92
4174.2
4173.79
4173.37
4173.24
4172.97
4172.88
4172.54
4172.32
4171.82
4171.45
4170.89
4170.57
4170.14
4169.95
4169.55
4169.28
4168.73
4168.35
4167.84
4167.49
4167.09
4166.83
4166.55
4166.37
4166.23
4166.05
4165.87
4165.53
4165.36
4165.31
4409.2
4365.47
4332.72
4312.01
4306.9
4301.15
4302.23
4307.88
4310.9
4312.8
4316.28
4318.98
4318.73
4316.35
4313.96
4312.49
4310.68
4307.33
4303.25
4299.51
4296.33
4293.48
4290.51
4287.42
4284.52
4282.14
4280.3
4278.78
4277.55
4276.23
4274.88
4273.34
4271.8
4270.36
4268.94
4267.51
4266.14
4264.8
4263.45
4262.18
4261.08
4259.97
4258.49
4258.14
4258.56
4258.42
4260.25
4258.38
4246.87
4234.25
4223.8
4215.95
4209.65
4204.61
4200.45
4197.19
4194.42
4192.24
4190.36
4188.82
4187.37
4186.24
4185.14
4184.22
4183.33
4182.68
4181.96
4181.34
4180.65
4180.13
4179.53
4179.16
4178.78
4178.63
4178.33
4178.05
4177.46
4176.91
4176.14
4175.52
4174.8
4174.39
4173.97
4173.84
4173.58
4173.48
4173.14
4172.92
4172.43
4172.05
4171.5
4171.17
4170.74
4170.55
4170.16
4169.88
4169.34
4168.96
4168.45
4168.1
4167.7
4167.44
4167.16
4166.99
4166.84
4166.67
4166.49
4166.14
4165.95
4165.64
4420.69
4373.21
4333.99
4305.7
4296.87
4286.21
4282.42
4286.55
4289.67
4292.43
4298.08
4304.55
4308.87
4311.04
4312.43
4313.64
4313.84
4311.94
4308.81
4305.46
4302.38
4299.46
4296.25
4292.86
4289.59
4286.84
4284.59
4282.72
4281.18
4279.58
4278.02
4276.31
4274.62
4272.97
4271.37
4269.79
4268.27
4266.82
4265.27
4263.92
4262.71
4261.43
4259.9
4259.5
4259.86
4259.6
4261.44
4260.36
4249.3
4236.08
4225.1
4216.89
4210.38
4205.21
4200.96
4197.64
4194.84
4192.62
4190.72
4189.16
4187.69
4186.54
4185.43
4184.5
4183.6
4182.94
4182.22
4181.59
4180.88
4180.37
4179.78
4179.41
4179.02
4178.87
4178.57
4178.28
4177.68
4177.13
4176.36
4175.74
4175.02
4174.61
4174.18
4174.05
4173.78
4173.68
4173.34
4173.11
4172.62
4172.24
4171.68
4171.35
4170.93
4170.73
4170.34
4170.06
4169.52
4169.14
4168.63
4168.28
4167.87
4167.62
4167.33
4167.16
4167.01
4166.84
4166.66
4166.29
4166.1
4165.45
4444.14
4378.47
4341.32
4311.36
4298.16
4282.39
4276.56
4278.68
4278.78
4278.77
4282.79
4288.6
4292.88
4295.69
4298.84
4302.75
4306.2
4307.69
4307.54
4306.57
4305.26
4303.57
4301.14
4298.17
4295.05
4292.29
4289.86
4287.8
4285.99
4284.12
4282.29
4280.33
4278.35
4276.45
4274.61
4272.81
4271.09
4269.43
4267.74
4266.21
4264.71
4263.32
4261.7
4261.2
4261.42
4260.93
4262.54
4262.21
4252.08
4238.5
4226.9
4218.24
4211.44
4206.1
4201.74
4198.34
4195.48
4193.21
4191.27
4189.67
4188.18
4186.99
4185.86
4184.91
4183.99
4183.32
4182.58
4181.94
4181.21
4180.69
4180.1
4179.72
4179.32
4179.16
4178.85
4178.55
4177.95
4177.39
4176.61
4175.98
4175.25
4174.83
4174.4
4174.26
4173.99
4173.88
4173.53
4173.3
4172.79
4172.41
4171.85
4171.52
4171.09
4170.88
4170.49
4170.22
4169.68
4169.3
4168.77
4168.42
4168.01
4167.75
4167.46
4167.3
4167.14
4166.97
4166.79
4166.4
4166.2
4165.17
4468.94
4396.16
4352.5
4316.94
4304.53
4284.71
4274.74
4276.44
4275.22
4273.05
4274.78
4278.67
4281.5
4282.95
4284.59
4287.36
4290.8
4293.51
4295.32
4296.73
4297.94
4298.81
4298.82
4297.96
4296.55
4295.05
4293.53
4292.09
4290.62
4288.96
4287.24
4285.27
4283.18
4281.13
4279.08
4277.04
4275.07
4273.12
4271.24
4269.44
4267.75
4266.17
4264.34
4263.63
4263.68
4262.97
4264.34
4264.79
4255.87
4242.05
4229.64
4220.33
4213.12
4207.52
4203
4199.48
4196.53
4194.18
4192.18
4190.52
4188.97
4187.74
4186.56
4185.58
4184.63
4183.93
4183.17
4182.49
4181.74
4181.2
4180.6
4180.21
4179.79
4179.61
4179.28
4178.97
4178.36
4177.78
4176.98
4176.34
4175.6
4175.17
4174.73
4174.57
4174.29
4174.17
4173.81
4173.57
4173.05
4172.66
4172.09
4171.75
4171.31
4171.1
4170.71
4170.43
4169.89
4169.51
4168.97
4168.61
4168.19
4167.94
4167.64
4167.47
4167.3
4167.14
4166.96
4166.53
4166.35
4164.91
4502.84
4410.55
4367.8
4324.74
4310.81
4288.71
4276.96
4276.65
4274.44
4272.31
4273.57
4276.42
4278.06
4278.28
4278.47
4279.36
4280.79
4281.96
4282.77
4283.65
4284.87
4286.31
4287.5
4288.29
4288.79
4289.33
4289.87
4290.33
4290.46
4290.16
4289.54
4288.44
4286.97
4285.31
4283.51
4281.6
4279.65
4277.62
4275.62
4273.69
4271.9
4270.15
4268.03
4267.02
4266.87
4265.94
4266.95
4268.22
4260.78
4246.99
4233.62
4223.43
4215.65
4209.7
4204.95
4201.26
4198.18
4195.72
4193.62
4191.88
4190.25
4188.93
4187.7
4186.66
4185.66
4184.91
4184.12
4183.4
4182.59
4182.02
4181.41
4180.98
4180.54
4180.33
4179.98
4179.64
4179.01
4178.4
4177.58
4176.92
4176.16
4175.71
4175.25
4175.08
4174.79
4174.65
4174.28
4174.01
4173.48
4173.07
4172.49
4172.14
4171.69
4171.47
4171.07
4170.79
4170.25
4169.85
4169.3
4168.93
4168.5
4168.24
4167.93
4167.77
4167.58
4167.42
4167.23
4166.78
4166.61
4164.83
4536.17
4442.73
4384.69
4335.12
4320.25
4293.85
4279.3
4277.71
4273.27
4271.3
4273.1
4276.05
4277.56
4277.24
4276.58
4276.55
4277.25
4277.83
4277.77
4277.34
4276.95
4276.82
4276.75
4276.69
4276.83
4277.48
4278.58
4279.99
4281.48
4282.82
4283.99
4284.7
4284.88
4284.61
4284.01
4283.11
4281.99
4280.59
4279.06
4277.51
4275.95
4274.32
4272.26
4271.05
4270.69
4269.57
4270.12
4272.23
4266.76
4253.63
4239.34
4227.94
4219.34
4212.9
4207.81
4203.87
4200.6
4198
4195.78
4193.91
4192.14
4190.71
4189.39
4188.29
4187.22
4186.4
4185.54
4184.75
4183.88
4183.25
4182.61
4182.15
4181.65
4181.4
4181.02
4180.64
4179.97
4179.33
4178.48
4177.79
4177
4176.51
4176.02
4175.83
4175.52
4175.36
4174.96
4174.66
4174.11
4173.68
4173.08
4172.71
4172.24
4172.01
4171.6
4171.32
4170.77
4170.36
4169.79
4169.41
4168.95
4168.69
4168.36
4168.2
4168
4167.84
4167.64
4167.15
4167.02
4165.04
4555
4482
4410.3
4347.9
4330.16
4299.94
4284.53
4278.54
4273.05
4271.71
4273.46
4275.63
4276.69
4276.6
4276.35
4276.21
4276.48
4276.9
4276.86
4276.18
4275.12
4274.06
4272.98
4271.81
4270.75
4270.14
4270.05
4270.38
4271.04
4271.94
4273.12
4274.34
4275.37
4276.2
4276.85
4277.28
4277.47
4277.37
4277.12
4276.71
4276.23
4275.57
4274.33
4273.63
4273.45
4272.58
4272.8
4275.63
4272.75
4261.23
4246.51
4233.88
4224.31
4217.22
4211.71
4207.51
4204.03
4201.18
4198.75
4196.74
4194.87
4193.3
4191.84
4190.59
4189.41
4188.51
4187.6
4186.73
4185.76
4185.04
4184.32
4183.79
4183.25
4182.95
4182.52
4182.09
4181.36
4180.66
4179.75
4179.01
4178.17
4177.65
4177.14
4176.91
4176.57
4176.38
4175.94
4175.6
4175
4174.55
4173.92
4173.53
4173.04
4172.79
4172.36
4172.08
4171.52
4171.09
4170.48
4170.08
4169.6
4169.33
4168.98
4168.82
4168.59
4168.44
4168.22
4167.71
4167.61
4165.67
4561.82
4519
4444.51
4373.5
4342.91
4304.97
4291.93
4281.81
4271.63
4271.72
4274.79
4276.82
4276.78
4276.02
4276.07
4276.4
4276.75
4277.1
4277.08
4276.48
4275.4
4274.16
4272.79
4271.29
4269.78
4268.5
4267.57
4267
4266.71
4266.55
4266.64
4266.85
4267.02
4267.13
4267.25
4267.47
4267.8
4268.14
4268.6
4268.98
4269.63
4269.98
4269.97
4270.2
4271.1
4271.31
4271.89
4275.6
4275.82
4267.31
4253.34
4239.86
4229.38
4221.75
4215.87
4211.41
4207.8
4204.96
4202.51
4200.3
4198.17
4196.47
4195
4193.73
4192.45
4191.39
4190.32
4189.32
4188.27
4187.49
4186.73
4186.12
4185.48
4185.09
4184.58
4184.08
4183.3
4182.54
4181.57
4180.77
4179.86
4179.27
4178.7
4178.42
4178.03
4177.81
4177.32
4176.93
4176.28
4175.78
4175.1
4174.68
4174.15
4173.87
4173.42
4173.13
4172.55
4172.1
4171.44
4171.01
4170.49
4170.21
4169.83
4169.67
4169.4
4169.26
4169
4168.47
4168.4
4166.71
4543.55
4529.81
4481
4412.45
4358.32
4313.52
4300.72
4286.2
4272.98
4272.4
4275.35
4277.56
4277.09
4275.86
4275.76
4276.34
4276.98
4277.48
4277.57
4277.02
4275.89
4274.53
4273.13
4271.62
4270.08
4268.71
4267.54
4266.55
4265.74
4265.13
4264.74
4264.48
4264.12
4263.53
4262.76
4261.97
4261.26
4260.68
4260.35
4260.21
4260.57
4260.9
4261.1
4261.7
4262.61
4263.65
4264.39
4268.37
4271.63
4267.5
4256.11
4242.78
4231.5
4223.36
4217.57
4213.45
4210.02
4207.12
4204.82
4203.08
4201.36
4199.66
4197.99
4196.58
4195.37
4194.52
4193.63
4192.62
4191.4
4190.4
4189.49
4188.86
4188.28
4187.91
4187.36
4186.75
4185.84
4184.95
4183.88
4183.01
4182.09
4181.48
4180.88
4180.57
4180.13
4179.84
4179.25
4178.77
4178.04
4177.49
4176.77
4176.3
4175.73
4175.43
4174.95
4174.65
4174.03
4173.54
4172.82
4172.36
4171.78
4171.49
4171.05
4170.89
4170.57
4170.44
4170.12
4169.59
4169.5
4168.38
4514.24
4540.15
4517.68
4456.69
4377.88
4330.9
4313.07
4294.13
4276.39
4274.01
4276.32
4277.16
4275.86
4275
4275.26
4276.03
4277
4277.82
4278.11
4277.73
4276.78
4275.51
4274.15
4272.68
4271.14
4269.66
4268.36
4267.21
4266.22
4265.37
4264.72
4264.25
4263.77
4263.06
4262.06
4260.87
4259.66
4258.48
4257.48
4256.62
4256.13
4255.65
4255.27
4254.97
4255.11
4255.51
4255.76
4258.39
4262.74
4262.57
4254.62
4241.97
4229.89
4220.69
4214.02
4209.87
4207.25
4205.37
4203.52
4201.56
4199.97
4199.23
4198.76
4197.98
4196.8
4195.77
4194.87
4194.2
4193.56
4193.02
4192.27
4191.5
4190.74
4190.27
4189.79
4189.33
4188.57
4187.77
4186.71
4185.76
4184.71
4183.96
4183.28
4182.92
4182.5
4182.22
4181.62
4181.1
4180.32
4179.71
4178.93
4178.42
4177.8
4177.47
4176.97
4176.66
4176
4175.47
4174.67
4174.19
4173.52
4173.24
4172.73
4172.57
4172.17
4172.06
4171.65
4171.18
4170.91
4170.63
4475.44
4540.56
4532.8
4493.04
4411.14
4363.18
4327.74
4306.58
4280.88
4279.05
4279.19
4276.12
4274.05
4274.49
4275.21
4276.06
4276.79
4277.59
4278.14
4278.09
4277.52
4276.52
4275.26
4273.84
4272.41
4270.97
4269.55
4268.17
4266.98
4266.03
4265.33
4264.79
4264.29
4263.57
4262.51
4261.16
4259.71
4258.31
4257.08
4256.08
4255.29
4254.55
4253.89
4253.1
4252.12
4252.12
4251.61
4252.37
4255.77
4258.11
4254.38
4243.53
4230.03
4218.77
4210.82
4205.13
4200.96
4198.5
4197.58
4196.99
4195.64
4194.04
4193.04
4192.93
4193.37
4193.83
4193.65
4192.88
4191.9
4191.34
4191.2
4191.47
4191.69
4191.74
4191.34
4190.69
4189.72
4188.85
4187.98
4187.36
4186.72
4186.29
4185.78
4185.43
4184.91
4184.48
4183.79
4183.21
4182.43
4181.84
4181.1
4180.63
4180.02
4179.7
4179.2
4178.91
4178.22
4177.66
4176.8
4176.29
4175.57
4175.3
4174.73
4174.63
4174.14
4174.11
4173.56
4173.31
4172.56
4173.06
4358.1
4529.38
4524.42
4508.31
4459.48
4406.02
4347.03
4320.5
4287.38
4286.19
4282.26
4274.45
4272.37
4273.35
4274.86
4276.05
4276.78
4277.12
4277.31
4277.4
4277.31
4276.85
4275.96
4274.71
4273.34
4272.01
4270.68
4269.25
4267.87
4266.75
4265.94
4265.36
4264.85
4264.19
4263.18
4261.83
4260.32
4258.86
4257.55
4256.47
4255.56
4254.64
4253.85
4253.12
4251.93
4251.2
4251.1
4250.41
4251.98
4255.13
4255.62
4249.53
4237.1
4222.79
4211.47
4204.73
4200.03
4195.71
4192.27
4190.29
4189.88
4190.06
4189.29
4187.51
4186.06
4185.89
4186.59
4187.49
4187.93
4187.71
4186.92
4186.27
4186.18
4186.83
4187.69
4188.43
4188.55
4188.19
4187.39
4186.59
4185.82
4185.44
4185.25
4185.42
4185.43
4185.44
4185.04
4184.62
4183.89
4183.33
4182.58
4182.16
4181.61
4181.41
4180.98
4180.77
4180.12
4179.64
4178.79
4178.35
4177.6
4177.37
4176.78
4176.7
4176.18
4176.19
4175.54
4175.49
4174.38
4174.91
4229.67
4475.12
4481.55
4497.38
4489.41
4450.39
4384.28
4341.84
4301.6
4295.19
4285.51
4273.64
4272.45
4273.3
4274.46
4275.74
4276.57
4276.92
4276.85
4276.68
4276.77
4276.79
4276.44
4275.64
4274.42
4273.05
4271.67
4270.29
4268.92
4267.74
4266.8
4266.05
4265.42
4264.77
4263.89
4262.68
4261.22
4259.74
4258.4
4257.35
4256.43
4255.47
4254.5
4253.71
4252.66
4251.51
4251.04
4250.72
4250.23
4252.33
4255.01
4254.29
4247.46
4234.48
4219.67
4207.81
4201.16
4197.63
4194.54
4190.6
4186.87
4185.18
4185.38
4185.84
4185.44
4184
4182.17
4180.9
4180.73
4181.49
4182.46
4182.99
4182.8
4182.21
4181.62
4181.37
4181.38
4181.64
4181.96
4182.34
4182.5
4182.5
4182.27
4182.14
4181.99
4182.02
4181.93
4181.93
4181.79
4181.76
4181.56
4181.51
4181.28
4181.28
4181.03
4180.92
4180.39
4180.05
4179.34
4179.05
4178.45
4178.4
4177.9
4178.06
4177.56
4177.84
4177.01
4177.29
4175.8
4176.2
4115.9
4293.87
4414.17
4500.98
4500.5
4485.04
4441.47
4379.71
4330.83
4309.49
4292.94
4276.17
4276.3
4275.64
4274.66
4275.15
4276.27
4276.62
4276.43
4276.23
4276.55
4276.84
4276.96
4276.85
4276.18
4274.93
4273.33
4271.63
4270.11
4268.93
4267.97
4267.04
4266.12
4265.24
4264.35
4263.36
4262.2
4260.93
4259.69
4258.64
4257.65
4256.63
4255.54
4254.57
4253.58
4252.46
4251.64
4251.22
4250.78
4250.43
4252.7
4254.72
4253.56
4246.78
4234.49
4219.49
4206.83
4198.92
4195.62
4194
4191.51
4188.11
4184.86
4182.9
4182.93
4183.85
4184.03
4182.87
4180.86
4178.91
4177.78
4177.78
4178.66
4179.79
4180.43
4180.25
4179.25
4177.9
4176.69
4176.08
4176.02
4176.45
4177.01
4177.66
4178.02
4178.15
4177.83
4177.45
4176.92
4176.71
4176.48
4176.66
4176.75
4177.2
4177.39
4177.77
4177.63
4177.64
4177.18
4177.2
4176.74
4176.92
4176.62
4176.93
4176.72
4177.12
4176.59
4176.68
4175.74
4175.62
4051.01
4142.05
4317.49
4492.56
4493.67
4478.26
4464.13
4423.34
4374.85
4331.27
4306.65
4283.56
4281.94
4277.91
4274.79
4275.07
4275.76
4275.74
4275.65
4275.99
4276.59
4277.14
4277.46
4277.78
4277.62
4276.65
4274.98
4272.98
4271.17
4269.87
4268.97
4268.17
4267.24
4266.19
4265.06
4263.93
4262.87
4261.86
4260.94
4260.12
4259.22
4258.17
4257.01
4255.85
4254.8
4253.76
4252.87
4252.19
4251.68
4251.03
4250.8
4252.79
4254.31
4253.03
4247.23
4235.87
4221.71
4208.03
4198.33
4194.03
4192.11
4191.68
4190.03
4186.66
4183.56
4181.88
4181.52
4181.95
4182.35
4181.94
4180.54
4178.66
4177.14
4176.47
4176.69
4177.38
4177.91
4177.91
4177.36
4176.47
4175.42
4174.42
4173.71
4173.5
4173.62
4173.91
4174.01
4173.92
4173.62
4173.36
4173.03
4172.81
4172.58
4172.55
4172.53
4172.68
4172.56
4172.5
4172.21
4172.27
4172.18
4172.52
4172.53
4172.95
4172.89
4173.28
4172.89
4172.96
4172
4172.13
4024.72
4063.91
4174.3
4341.13
4424.01
4464.97
4477.74
4464.01
4427.53
4371.57
4331.85
4298.96
4290.67
4280.43
4275.45
4275.83
4275.74
4275.04
4275.2
4275.92
4276.75
4276.91
4277.07
4277.39
4277.61
4277.24
4276.13
4274.41
4272.58
4271.05
4269.98
4269.14
4268.32
4267.37
4266.26
4265.06
4263.91
4262.92
4262.14
4261.48
4260.72
4259.71
4258.53
4257.33
4256.23
4255.21
4254.3
4253.48
4252.73
4252.03
4251.27
4250.97
4252.51
4253.58
4252.54
4247.8
4238.13
4225.19
4211.18
4200.32
4193.26
4191.04
4190.46
4190
4188.83
4186.26
4183.32
4181.15
4180.32
4180.22
4180.51
4180.78
4180.57
4179.56
4178.26
4177.07
4176.27
4175.73
4175.56
4175.6
4175.72
4175.56
4175.17
4174.58
4173.99
4173.39
4172.74
4172.06
4171.46
4171.05
4170.77
4170.69
4170.6
4170.69
4170.65
4170.69
4170.38
4170.06
4169.38
4169.08
4168.51
4168.55
4168.26
4168.64
4168.57
4168.89
4168.48
4168.36
4167.16
4166.97
4015.08
4029.55
4074.49
4176.12
4330.55
4456.01
4475.95
4467.34
4452.5
4422.48
4379.12
4331.77
4307.18
4289.21
4281.06
4279.48
4276.16
4274.88
4275.21
4276.27
4276.63
4276.43
4276.37
4276.55
4276.93
4276.99
4276.65
4275.79
4274.47
4272.92
4271.43
4270.23
4269.2
4268.27
4267.3
4266.24
4265.19
4264.28
4263.58
4262.96
4262.24
4261.24
4260.04
4258.82
4257.69
4256.64
4255.66
4254.72
4253.89
4253.05
4252.32
4251.4
4251.17
4252.06
4252.76
4252.35
4248.37
4241
4229.91
4216.72
4204.46
4195.61
4191.23
4188.92
4189.13
4189.22
4188.14
4186.01
4183.54
4180.96
4179.41
4178.99
4179.26
4179.56
4179.75
4179.49
4178.78
4177.49
4176.29
4175.37
4174.99
4174.68
4174.55
4174.4
4174.37
4174.12
4173.72
4172.93
4172.21
4171.48
4171
4170.47
4170.15
4169.83
4169.76
4169.6
4169.46
4169.03
4168.7
4168.19
4168.02
4167.64
4167.53
4167.14
4166.96
4166.21
4165.96
4164.74
4164.4
4162.42
4011.63
4016.66
4032.47
4075.93
4175.57
4318.52
4420.51
4436.76
4451.31
4452.14
4432.97
4390.14
4340.1
4308.64
4293.26
4284.77
4276.41
4274.84
4275.61
4276.56
4276.13
4275.17
4275.22
4275.57
4276.15
4276.62
4276.79
4276.64
4276.06
4274.9
4273.31
4271.74
4270.39
4269.26
4268.26
4267.27
4266.36
4265.61
4264.98
4264.33
4263.56
4262.57
4261.45
4260.4
4259.42
4258.44
4257.42
4256.36
4255.35
4254.45
4253.62
4252.76
4251.82
4251.47
4251.82
4252.32
4251.96
4249.26
4243.8
4234.95
4223.69
4210.61
4200.4
4192.72
4189.57
4187.79
4187.08
4187.24
4186.85
4185.2
4183.27
4181.47
4180.07
4178.85
4178.39
4178.46
4178.64
4178.33
4177.82
4177.2
4176.79
4176.13
4175.48
4174.73
4174.37
4173.92
4173.54
4172.8
4172.27
4171.72
4171.55
4171.2
4171.04
4170.68
4170.5
4170.05
4169.71
4168.96
4168.48
4167.8
4167.63
4167.21
4167.18
4166.97
4166.7
4166.22
4165.91
4164.95
4166.45
4166.93
4010.47
4012.1
4017.46
4032.6
4071.72
4161.34
4291.2
4390.78
4449.07
4452.91
4446.42
4430.34
4394.42
4352.93
4319.96
4299.07
4281.7
4277.16
4277.95
4277.08
4275.03
4274.47
4274.71
4275.14
4275.69
4276.22
4276.66
4276.79
4276.62
4276.03
4274.99
4273.6
4272.14
4270.78
4269.56
4268.4
4267.39
4266.7
4266.13
4265.51
4264.75
4263.79
4262.77
4261.9
4261.13
4260.3
4259.31
4258.16
4256.98
4255.91
4254.99
4254.06
4253.07
4252.18
4251.68
4251.7
4251.88
4251.56
4249.81
4246.05
4239.75
4230.2
4218.55
4207.23
4197.95
4191.26
4187.24
4186.33
4185.89
4184.97
4184.43
4184.03
4183.35
4181.93
4180.45
4179.22
4178.54
4177.78
4177.22
4176.89
4177
4176.93
4176.76
4176.27
4175.89
4175.24
4174.61
4173.51
4172.72
4171.93
4171.7
4171.32
4171.28
4171.08
4171.16
4170.82
4170.61
4169.78
4169.34
4168.31
4168.24
4167.44
4167.79
4167.15
4167.5
4167.71
4169.25
4171.6
4179.59
4194.21
4010.12
4010.6
4012.3
4017.22
4030.88
4063.16
4136.54
4250.17
4359.16
4423.53
4426.63
4426.57
4427.18
4412.14
4377.32
4336.92
4307.62
4291.37
4286.75
4279.72
4274.81
4274.99
4276.53
4276.33
4276.01
4276.08
4276.34
4276.5
4276.4
4276.1
4275.59
4274.78
4273.76
4272.59
4271.3
4269.96
4268.68
4267.74
4267.04
4266.36
4265.6
4264.74
4263.88
4263.19
4262.57
4261.85
4260.92
4259.75
4258.48
4257.31
4256.26
4255.28
4254.21
4253.14
4252.27
4251.72
4251.52
4251.4
4251.07
4249.97
4247.63
4243.3
4236.19
4226.81
4215.45
4204.8
4196.2
4190.6
4187.65
4185.2
4184.06
4183.74
4183.57
4183.1
4182.43
4181.62
4180.88
4179.82
4178.63
4177.48
4177.1
4176.88
4176.67
4176.3
4176.23
4176.04
4175.75
4174.91
4174.12
4173.31
4172.93
4172.41
4172.12
4171.75
4171.65
4171.3
4171.01
4170.31
4169.88
4169.26
4169.16
4169.01
4169.73
4169.98
4171.84
4175.22
4182.46
4196.03
4224.04
4275.07
4010.03
4010.16
4010.63
4012.18
4016.35
4027.39
4051.9
4108.7
4206.85
4316.44
4381.46
4423.1
4430.13
4426.76
4415.6
4390.11
4356.82
4323.18
4303.23
4287.66
4281.6
4282.13
4280.53
4277.46
4275.92
4275.99
4276.11
4275.95
4275.56
4275.5
4275.52
4275.46
4275.18
4274.56
4273.53
4272.2
4270.73
4269.35
4268.24
4267.31
4266.45
4265.59
4264.74
4264.14
4263.66
4263.07
4262.25
4261.18
4260
4258.88
4257.87
4256.9
4255.85
4254.68
4253.55
4252.68
4252.03
4251.62
4251.29
4250.85
4250.09
4248.61
4245.72
4240.91
4233.54
4223.82
4213.95
4203.79
4196.49
4191.56
4187.74
4184.95
4184.06
4183.47
4182.69
4182.04
4181.85
4181.52
4180.73
4179.49
4178.78
4178.38
4177.92
4177.08
4176.57
4176.22
4175.94
4175.29
4174.71
4174.2
4173.94
4173.57
4173.3
4172.99
4172.83
4172.31
4171.99
4171.24
4170.97
4170.92
4171.32
4172.45
4174.61
4178.45
4185.51
4198.13
4224.1
4273.04
4385.72
4630.39
4010.01
4010.04
4010.16
4010.58
4011.82
4015.13
4023.17
4041.17
4081.69
4154.68
4254.64
4334.67
4402.01
4406.79
4404.2
4404.32
4398.94
4380.48
4349.87
4321.33
4302.96
4292.57
4284.13
4277.63
4276.82
4277.4
4277.16
4276.03
4275.38
4275.47
4275.96
4276.51
4276.5
4276.26
4275.63
4274.54
4273.13
4271.62
4270.2
4268.94
4267.88
4266.95
4265.97
4265.14
4264.58
4264.02
4263.3
4262.41
4261.44
4260.52
4259.65
4258.77
4257.82
4256.66
4255.42
4254.36
4253.53
4252.87
4252.27
4251.76
4251.29
4250.69
4249.61
4247.66
4244.39
4239.29
4232.41
4223.59
4213.71
4205.43
4198.58
4191.9
4188.4
4186.8
4185.09
4182.99
4182.47
4182.4
4181.86
4180.69
4180.05
4179.96
4179.71
4178.94
4178.2
4177.64
4177.15
4176.4
4175.56
4174.98
4174.7
4174.48
4174.26
4174.14
4174.12
4173.9
4173.75
4173.57
4174.02
4175.16
4177.43
4181.48
4188.7
4202.51
4228.66
4278.9
4405.26
4649.71
5227.12
6394.9
4010
4010.01
4010.04
4010.14
4010.47
4011.39
4013.77
4019.26
4031.99
4056.59
4106.96
4189.59
4291.46
4341.23
4377.53
4406.52
4404.65
4398.32
4388.1
4371.74
4346.05
4317.95
4301.32
4290.06
4286.7
4284.41
4281.04
4277.48
4277.3
4278.1
4278.32
4278.14
4278.02
4277.99
4277.71
4276.87
4275.65
4274.36
4272.99
4271.56
4270.26
4269.16
4268
4266.77
4265.84
4265.14
4264.4
4263.56
4262.69
4261.96
4261.33
4260.65
4259.83
4258.79
4257.52
4256.33
4255.47
4254.74
4254.02
4253.29
4252.67
4252.21
4251.71
4250.9
4249.57
4247.51
4244.38
4239.9
4233.5
4225.28
4216.65
4208.1
4200.17
4194.87
4191.75
4188.06
4185.35
4184.66
4183.97
4182.44
4181.11
4180.98
4180.76
4180.03
4179.32
4178.99
4178.62
4178.05
4177.21
4176.47
4176.08
4175.94
4175.83
4175.79
4175.96
4176.28
4177
4178.47
4181.02
4185.65
4194.3
4210.55
4240.01
4309.12
4445.57
4721.29
5468.85
6548.5
7918.56
9209
4010
4010
4010.01
4010.03
4010.11
4010.34
4010.97
4012.53
4016.12
4023.86
4039.1
4071.92
4124.06
4204.89
4283.93
4359.84
4370.28
4375.91
4383.3
4384.59
4379.87
4364.63
4342.31
4322.09
4304.96
4293.43
4283.24
4281.29
4281.71
4281.28
4279.35
4277.75
4277.77
4278.33
4278.47
4278.21
4277.67
4276.94
4275.94
4274.71
4273.53
4272.45
4271.24
4269.69
4268.12
4267.01
4266.12
4265.18
4264.23
4263.43
4262.83
4262.28
4261.64
4260.78
4259.65
4258.39
4257.51
4256.88
4256.21
4255.39
4254.46
4253.75
4253.35
4252.93
4252.31
4251.44
4250.23
4248.41
4245.59
4241.45
4235.52
4228.36
4220.17
4211.18
4204.55
4199.25
4194.01
4190.14
4188.56
4186.67
4184.16
4182.91
4182.32
4181.47
4180.62
4180.38
4180.08
4179.57
4178.52
4177.79
4177.6
4177.67
4177.89
4178.3
4179.36
4181.43
4185.1
4191.45
4203.04
4224.26
4271.66
4362.58
4527.37
4988.69
5736.82
6825.51
8209.85
9631.53
11018.4
11396.3
4010
4010
4010
4010.01
4010.02
4010.08
4010.22
4010.62
4011.56
4013.72
4018.16
4027.56
4044.45
4078.13
4133.47
4205.29
4275.87
4326.99
4374.56
4382.19
4379.67
4374.97
4371.33
4364.36
4349.48
4328.55
4309.29
4298.45
4291.54
4283.87
4278.45
4277.78
4277.95
4278.31
4278.07
4277.46
4277.49
4277.52
4277.33
4276.94
4276.43
4275.87
4275.02
4273.63
4271.76
4270.09
4268.84
4267.65
4266.39
4265.3
4264.52
4263.91
4263.34
4262.66
4261.76
4260.59
4259.59
4259.03
4258.5
4257.77
4256.67
4255.43
4254.8
4254.49
4254.06
4253.45
4252.81
4252.03
4250.83
4249.02
4246.33
4242.55
4237.63
4231.45
4223.9
4216.67
4210.31
4203.24
4198.41
4194.98
4191.52
4187.6
4185.92
4184.87
4183.47
4182.64
4182.08
4181.44
4180.46
4180.12
4180.42
4181.17
4182.6
4185.47
4190.97
4201.11
4219.37
4257.03
4325.27
4449.12
4791.87
5342.7
6187.71
7502.95
8840.64
10238
10789.6
11338.4
12025.2
12541.9
4010
4010
4010
4010
4010
4010.02
4010.05
4010.14
4010.36
4010.89
4012.07
4014.58
4019.52
4028.86
4046.87
4075.62
4127.49
4193.34
4260.09
4312.06
4337.08
4365.11
4372.45
4370.65
4365.88
4359.12
4351.49
4339.56
4324.27
4308.98
4294.91
4288.68
4286.07
4282.5
4279.02
4277.88
4277.59
4277.26
4276.76
4276.55
4276.67
4276.84
4276.71
4276.26
4275.24
4273.88
4272.54
4271.24
4269.79
4268.32
4267.2
4266.32
4265.55
4264.84
4264.08
4263.11
4262.1
4261.43
4260.89
4260.17
4259.06
4257.5
4256.29
4255.89
4255.54
4254.96
4254.23
4253.62
4252.96
4252.09
4250.86
4249.19
4246.85
4243.86
4239.89
4234.96
4229.38
4223.28
4216.51
4210.24
4204.99
4198.68
4194.66
4191.75
4189.47
4187.41
4186.46
4185.63
4185.83
4186.83
4189.3
4194.11
4203.43
4221.63
4258.29
4319.59
4433.95
4716.44
5144.62
5895.52
7164.99
8371.65
9686.3
10407.9
11095.9
11954
12369.6
12410.5
12469.7
12592.7
4010
4010
4010
4010
4010
4010
4010.01
4010.03
4010.08
4010.19
4010.47
4011.08
4012.36
4014.87
4019.73
4028.47
4043.26
4070.81
4110.81
4168.78
4230.8
4281.91
4324.27
4338.62
4347.29
4357.35
4358.37
4356.34
4351.57
4343.47
4332.48
4318.84
4307.16
4298.62
4291.12
4286.76
4283.32
4279.35
4277.22
4276.93
4276.92
4276.71
4276.23
4275.78
4275.65
4275.7
4275.63
4275.22
4274.4
4273.12
4271.63
4270.25
4268.96
4267.83
4266.94
4266.05
4264.98
4264.06
4263.41
4262.77
4261.89
4260.52
4258.79
4257.79
4257.26
4256.69
4255.84
4255.05
4254.46
4253.91
4253.24
4252.42
4251.34
4249.94
4248.02
4245.81
4242.89
4239.63
4235.55
4230.57
4224.62
4218.14
4211.91
4205.92
4202.97
4200.07
4199.58
4200.8
4205.02
4214.74
4233.88
4268.94
4329.8
4467.04
4748.65
5145.96
5922.15
7070.44
8168.36
9432.01
10242.9
11018.1
11919.8
12229.7
12265.1
12395.6
12599.5
12786.4
12863.3
12881
4010
4010
4010
4010
4010
4010
4010
4010
4010.01
4010.04
4010.1
4010.23
4010.52
4011.13
4012.33
4014.65
4018.75
4026.06
4038.8
4057.87
4092.42
4138.73
4192.6
4247.81
4284.57
4315.89
4337.55
4338.27
4339.64
4343.34
4343.94
4341.78
4336.32
4328.1
4319.72
4310.15
4301.36
4293.53
4287.47
4284.81
4282.35
4279.29
4277.07
4276.4
4276.28
4276.33
4276.5
4276.57
4276.51
4275.94
4274.81
4273.35
4271.77
4270.31
4269.33
4268.66
4267.86
4266.88
4266.08
4265.5
4264.89
4263.97
4262.5
4260.95
4259.94
4259.19
4258.32
4257.25
4256.4
4255.86
4255.36
4254.83
4254.18
4253.34
4252.28
4251.08
4249.76
4248.4
4246.84
4245
4242.29
4239.28
4235.59
4231.89
4232.18
4235.82
4244.84
4264.98
4307.1
4388.49
4563.29
4827.69
5273.96
6217.4
7318.18
8378.75
9495.46
10284.8
11175.3
12018.2
12099.2
12223
12498.6
12759.4
12811.1
12799.9
12800.5
12821
12878.1
12932.6
4010
4010
4010
4010
4010
4010
4010
4010
4010
4010.01
4010.02
4010.04
4010.11
4010.24
4010.51
4011.05
4012.09
4013.94
4017.29
4022.95
4031.94
4047.8
4070.28
4104.29
4152.1
4199.01
4245.82
4281.54
4304.08
4327.61
4335.71
4333.96
4330.93
4331.75
4332.39
4330.9
4326.6
4319.32
4310.66
4302.68
4296.53
4290.88
4287.05
4284.65
4282.3
4280.11
4278.32
4277.05
4276.49
4276.3
4275.93
4275.33
4274.74
4273.97
4272.71
4271.35
4270.22
4269.13
4268.17
4267.79
4267.64
4267.33
4266.58
4265.33
4264.06
4263.02
4262.03
4260.8
4259.44
4258.53
4257.94
4257.48
4256.95
4256.23
4255.49
4254.73
4254.2
4254.18
4254.42
4255.35
4257.62
4262.31
4271.05
4287.74
4320.77
4378.62
4490.4
4689.02
5048.66
5794.18
6798.38
7692.85
8885.66
9953.78
10650.1
11563
12047.8
12186.7
12439.2
12736.4
12781.2
12754.3
12780.1
12867.4
12950.5
12966.2
12965.9
12955.4
12952.7
12957.9
4010
4010
4010
4010
4010
4010
4010
4010
4010
4010
4010
4010.01
4010.02
4010.05
4010.1
4010.22
4010.45
4010.9
4011.71
4013.19
4015.67
4019.79
4026.67
4036.7
4053.24
4078.99
4111.63
4156.83
4202.8
4241.3
4276.24
4295.14
4311.23
4327.69
4330.13
4329.05
4325.47
4324.8
4324.25
4322.25
4317.99
4312.02
4304.81
4298.61
4294.05
4290.58
4287.57
4284.09
4280.46
4278.73
4278.34
4278.08
4277.78
4277.2
4276.31
4275.32
4274.24
4272.92
4271.23
4270.09
4269.76
4269.5
4269
4268.13
4267.27
4266.56
4265.85
4264.87
4263.43
4262.02
4261.25
4260.83
4260.53
4260.18
4260.34
4261.05
4262.73
4266.31
4273.6
4287.37
4313.11
4363.31
4459.84
4627.19
4952.73
5547.97
6326.45
7235.9
8517.47
9766.23
10404
11196.8
11991.5
12182.3
12405.2
12767.6
12884.3
12859.4
12861
12905.3
12975.8
13020.1
13024.5
13027.3
13025.2
13013.3
12997.4
12980.1
12969
12966.3
4010
4010
4010
4010
4010
4010
4010
4010
4010
4010
4010
4010
4010
4010.01
4010.02
4010.05
4010.1
4010.2
4010.4
4010.76
4011.41
4012.52
4014.4
4017.49
4022.21
4029.99
4041.58
4058.48
4086.12
4120.32
4159.07
4202.49
4240.42
4269.59
4288.68
4302.05
4315.66
4324.18
4324.75
4324.04
4321.89
4320.23
4318.32
4315.46
4312.24
4308.05
4302.59
4297.05
4291.49
4287.7
4285.28
4283.15
4280.61
4279.15
4278.83
4278.58
4278.02
4276.93
4275.2
4273.43
4272.38
4271.94
4271.63
4271.16
4270.57
4269.95
4269.17
4268.26
4267.18
4266.02
4265.8
4266.12
4267.35
4270.4
4276.53
4287.7
4307.38
4346.05
4425.52
4554.93
4801.76
5311.14
6040.75
7002.59
8265.67
9339.95
10143.7
11116.3
11788.3
12050.7
12338
12805.7
12975.4
12948.7
12924
12971.2
13038
13042.1
13034.1
13035.5
13049.4
13073.2
13085.7
13084.6
13077.6
13064.1
13045.9
13028.2
13019
13015
4010
4010
4010
4010
4010
4010
4010
4010
4010
4010
4010
4010
4010
4010
4010
4010.01
4010.02
4010.04
4010.09
4010.18
4010.34
4010.63
4011.13
4011.99
4013.42
4015.68
4019.32
4024.85
4033.14
4046.11
4064.25
4090.99
4126.25
4165.11
4202.61
4234.9
4266.42
4284.91
4294.62
4306.58
4319.08
4320.61
4319.3
4316.43
4315.9
4316.02
4315.41
4313.17
4309.25
4303.48
4297.69
4293.42
4289.71
4286.92
4284.49
4282.61
4281.25
4279.92
4278.6
4277.38
4276.02
4274.64
4273.98
4273.6
4273.27
4273.2
4273.13
4273.33
4274.02
4275.65
4279.11
4286.32
4301.84
4333.64
4393.53
4506.08
4681.37
5072.61
5825.78
6658.45
7726.71
8928.36
10022.7
11062.1
11532.3
11878.8
12362.5
12850.3
12919.2
12859.6
12862
12922.3
13001.5
13046
13064.7
13101.8
13149.7
13166.7
13167.4
13162.1
13150.3
13135.9
13130.3
13127.1
13121.8
13113.4
13102.5
13092.8
13085.2
13076.7
4010
4010
4010
4010
4010
4010
4010
4010
4010
4010
4010
4010
4010
4010
4010
4010
4010
4010.01
4010.02
4010.04
4010.08
4010.15
4010.29
4010.52
4010.91
4011.58
4012.66
4014.38
4017.1
4021.15
4027.32
4036.77
4049.92
4069.99
4097.35
4129.5
4166.72
4205.64
4233.99
4259.38
4284.57
4294.69
4301.35
4308.11
4314.09
4315.98
4315.62
4315.79
4315.52
4314.3
4312.28
4309.3
4304.77
4299.28
4294.55
4291.12
4288.44
4286.4
4284.67
4283.3
4281.33
4278.82
4277.02
4276.83
4277.25
4278.9
4282.96
4290.96
4305.21
4329.36
4372.08
4456.79
4613.24
4947.28
5582.87
6334.93
7261.34
8607.1
9680.05
10607
11473.9
11867.8
12294.9
12741.5
12796.3
12793.7
12878.2
13031.4
13120.4
13127.5
13136
13149.3
13157.5
13164.3
13165.3
13160.5
13163.9
13172.6
13177.6
13177.2
13170.9
13162.3
13151.3
13141.2
13135.3
13129.9
13125.2
13122.2
13118.5
13111
4010
4010
4010
4010
4010
4010
4010
4010
4010
4010
4010
4010
4010
4010
4010
4010
4010
4010
4010
4010.01
4010.02
4010.04
4010.07
4010.13
4010.24
4010.43
4010.74
4011.25
4012.08
4013.4
4015.4
4018.5
4023.23
4029.76
4039.93
4054.96
4073.78
4101.52
4137.6
4172.52
4203.69
4230.81
4258.38
4286.06
4292.8
4295.38
4300.86
4308.42
4313.2
4313.86
4313.71
4313.42
4312.5
4310.82
4308.16
4304.27
4300.16
4297.18
4294.4
4292.12
4289.79
4289.62
4290.89
4294.64
4302.9
4319.71
4355.28
4430.95
4562.05
4815.93
5295.5
5982.1
6972.77
8332.9
9399.19
10206.4
11315.7
11899.9
12110.5
12481.5
12814.8
12823.9
12840.6
12921
13047.1
13129.3
13167.7
13183.9
13188
13183.3
13174.2
13175
13178
13174.8
13163.8
13151.8
13148
13149.2
13155.6
13162.5
13166
13165.2
13161.5
13159.3
13157.4
13155.6
13154
13151.2
13146.3
13138.2
4010
4010
4010
4010
4010
4010
4010
4010
4010
4010
4010
4010
4010
4010
4010
4010
4010
4010
4010
4010
4010
4010.01
4010.02
4010.03
4010.06
4010.11
4010.2
4010.35
4010.6
4011
4011.64
4012.64
4014.19
4016.53
4020
4025.16
4032.43
4043.45
4059.61
4079.47
4106.58
4142.01
4175.24
4205.03
4231.61
4255.16
4277.32
4290.5
4296.17
4300.28
4303.81
4306.34
4308.39
4310.24
4312.28
4312.55
4311.4
4308.89
4308.05
4308.78
4313.25
4325.65
4354.71
4409.52
4508.57
4711.74
5101.39
5795.17
6803.25
7922.96
8916.78
9968.05
11229.5
11787.2
11999.5
12321.4
12623.9
12727.2
12844.3
13043.9
13174.1
13188.1
13183.3
13168.6
13172.3
13194.8
13211.6
13213.2
13206.2
13191.7
13175.1
13166.4
13162.8
13161.9
13162.8
13164.5
13165.6
13167.8
13169.5
13172.4
13174.6
13171.9
13165.2
13161.9
13160.6
13159.1
13157
13152.9
13147
13140.9
4010
4010
4010
4010
4010
4010
4010
4010
4010
4010
4010
4010
4010
4010
4010
4010
4010
4010
4010
4010
4010
4010
4010
4010.01
4010.02
4010.03
4010.05
4010.09
4010.17
4010.29
4010.48
4010.8
4011.3
4012.07
4013.26
4015.05
4017.72
4021.59
4027.3
4035.47
4046.85
4063.15
4085.12
4112.39
4145.65
4178.44
4205.75
4229.27
4254.07
4280.89
4290.33
4291.36
4292.68
4298.26
4307.5
4316.78
4325.94
4337.47
4356.23
4393.96
4470.45
4624.13
4978.25
5581.09
6394.57
7420.88
8636.67
9938.87
10882.3
11402
11884.8
12384.6
12611.9
12717.4
12868.9
13075.6
13170.4
13188.5
13199.8
13203.9
13215.1
13217.4
13206.9
13178
13168.9
13177.3
13196.5
13212.1
13213.2
13209.1
13204.5
13195.6
13186.8
13184.3
13184.2
13182.9
13178.7
13174.4
13173.2
13174
13174.8
13171.1
13162.3
13158.7
13159.2
13160.2
13159.4
13156.1
13151.7
13148.6
4010
4010
4010
4010
4010
4010
4010
4010
4010
4010
4010
4010
4010
4010
4010
4010
4010
4010
4010
4010
4010
4010
4010
4010
4010
4010.01
4010.01
4010.03
4010.05
4010.08
4010.14
4010.24
4010.39
4010.64
4011.03
4011.64
4012.56
4013.96
4016
4018.99
4023.35
4029.44
4038.11
4050.8
4067.52
4088.99
4117.38
4149.77
4179.78
4210.43
4238.5
4261.54
4290.91
4311.02
4328.01
4357.21
4418.97
4540.55
4802.96
5297.81
6012.96
7102.3
8449.06
9585.91
10512.4
11352.4
11931.5
12161.3
12367.6
12650.9
12994.6
13164.3
13200.3
13210
13203.5
13218.8
13251.2
13257.4
13239.8
13219.4
13212.8
13209.8
13203.6
13191.4
13186.6
13194
13215.6
13231.2
13230.1
13223.9
13213
13201.2
13196.1
13194.7
13193.2
13189.6
13183.8
13177.1
13172.7
13170.9
13170.4
13168.6
13163.2
13158
13158.3
13161
13162.3
13161.8
13162.5
13161.8
4010
4010
4010
4010
4010
4010
4010
4010
4010
4010
4010
4010
4010
4010
4010
4010
4010
4010
4010
4010
4010
4010
4010
4010
4010
4010
4010
4010.01
4010.01
4010.02
4010.04
4010.07
4010.12
4010.19
4010.32
4010.52
4010.83
4011.3
4012.02
4013.11
4014.73
4017.21
4020.73
4025.83
4033.25
4043.83
4058.35
4079.2
4111.09
4135.3
4164.83
4205.47
4271.3
4385.18
4591.2
4951.39
5605.43
6648.99
7889.35
9004.91
10220.9
11343.5
11714.7
12032.8
12421.2
12817.2
13028.9
13113.3
13194.1
13221.3
13230.5
13247.5
13259.9
13254.1
13225.8
13215.3
13222
13239.8
13260.8
13263.6
13262.1
13258.1
13250.7
13242.2
13238.4
13238.6
13239.7
13236.6
13229.8
13219.8
13210.7
13205.6
13203.9
13203.9
13203.3
13200.2
13193.8
13183.8
13175.4
13173.2
13173.4
13174.1
13172.7
13168
13166.2
13168.1
13169.8
13169.3
13168.1
13166.3
4010
4010
4010
4010
4010
4010
4010
4010
4010
4010
4010
4010
4010
4010
4010
4010
4010
4010
4010
4010
4010
4010
4010
4010
4010
4010
4010
4010
4010
4010.01
4010.01
4010.02
4010.03
4010.06
4010.1
4010.17
4010.29
4010.47
4010.8
4011.14
4011.64
4012.46
4013.8
4016.03
4019.73
4026.1
4037.32
4057.59
4096.32
4180.78
4333.07
4598.78
5169.34
6123.25
7197.3
8365.64
9677.07
10748.4
11365.2
11839.8
12298.5
12579
12765
12964.3
13103.5
13145.5
13154.9
13190.5
13259.8
13266.1
13259
13249.9
13248.6
13259.3
13269.4
13274.6
13283.2
13298.6
13309.1
13309.8
13305.8
13296.1
13278.8
13258.8
13247.6
13243.6
13241
13238.1
13233.3
13227.4
13222.6
13219.2
13217.5
13215.9
13213.6
13210
13204.5
13196.8
13187.6
13183.6
13183.1
13183.9
13184.2
13181.4
13177.8
13177.1
13176.9
13176.5
13175.5
13173.7
4010
4010
4010
4010
4010
4010
4010
4010
4010
4010
4010
4010
4010
4010
4010
4010
4010
4010
4010
4010
4010
4010
4010
4010
4010
4010
4010
4010
4010
4010
4010
4010.01
4010.01
4010.02
4010.04
4010.08
4010.16
4010.33
4010.65
4011.4
4012.83
4015.61
4021.3
4033.09
4056.33
4102.87
4204.08
4395.38
4813.8
5605.74
6542.08
7648.19
9007.48
10015.2
10845.5
11603.9
11981.4
12258
12553
12777.1
12810.2
12815.9
12864.8
12998.3
13129.9
13142.5
13135.7
13147.2
13191.2
13237.8
13245.4
13238.5
13240.3
13255.1
13279.3
13299.5
13302.2
13296
13285.5
13276.5
13271
13268.2
13263.7
13256.1
13248.8
13245.4
13245.4
13247.2
13248.3
13246.9
13243.4
13239.8
13238
13234.9
13226.4
13215.6
13211.4
13208.5
13203
13198.1
13197.1
13197.3
13198.4
13197
13192.9
13190
13188
13186.7
13185.6
13184
4010
4010
4010
4010
4010
4010
4010
4010
4010
4010
4010
4010
4010
4010
4010
4010
4010
4010
4010
4010
4010
4010
4010
4010
4010
4010
4010
4010
4010
4010
4010.01
4010.02
4010.05
4010.11
4010.27
4010.6
4011.3
4012.81
4016.14
4023.23
4037.98
4067.61
4137.13
4286.03
4562.46
5153.1
6048.66
7118.14
8495.91
9552.51
10389.4
11314.3
11686.2
11919.3
12281.1
12503.7
12526.5
12514.9
12576.6
12720.8
12791.9
12803.8
12828.1
12891.4
12982.6
13032.7
13036.2
13038.6
13056.7
13104
13152.9
13171
13177.9
13190.4
13216.9
13247.7
13255.8
13252.9
13247.6
13248.5
13254.1
13262.4
13263.3
13260.8
13256.8
13256.3
13258.5
13262.2
13266.2
13267.2
13266.1
13263.1
13256.5
13247.1
13238.7
13232.4
13228.5
13224.9
13219.9
13215
13213.5
13213.4
13214.7
13214.6
13211.5
13206.2
13201.7
13198.9
13196.9
13194.7
4010
4010
4010
4010
4010
4010
4010
4010
4010
4010
4010
4010
4010
4010
4010
4010
4010
4010
4010
4010
4010
4010
4010
4010
4010
4010
4010
4010
4010.01
4010.04
4010.1
4010.24
4010.58
4011.37
4013.25
4017.41
4026.23
4046.65
4090.46
4191.25
4403.88
4773.43
5594.88
6727.9
7908.32
9072.44
9979.73
11034.3
11600.1
11837.8
12158.2
12375.1
12361.6
12335.4
12369
12481.8
12571.9
12585.4
12599.2
12628.9
12661.7
12679.8
12695.9
12721
12765.6
12819.2
12859.1
12885.5
12911.4
12946.6
12990.9
13034.6
13068.3
13093.9
13123.5
13164.3
13200.9
13215.1
13219
13221.5
13226.2
13234.5
13241.6
13241.5
13238.4
13235.8
13235.8
13238.4
13244.4
13246.9
13247.9
13249
13249.6
13247.8
13245.7
13244.3
13242.7
13241.8
13240.9
13238.6
13235.6
13234.1
13233.5
13232.1
13228.7
13222.4
13216
13211.5
13209.3
13207.3
4010
4010
4010
4010
4010
4010
4010
4010
4010
4010
4010
4010
4010
4010
4010
4010
4010
4010
4010
4010
4010
4010
4010
4010
4010
4010.01
4010.03
4010.07
4010.2
4010.51
4011.31
4013.31
4018.06
4029.54
4058.58
4120.1
4255.52
4548.9
5168.86
6226.1
7328.23
8611.99
9757.31
10603.1
11521.2
11926.8
12221.7
12442.1
12442.1
12434.1
12483.1
12530.5
12533.7
12519.5
12516.6
12543.3
12584.7
12600.4
12608.2
12618.9
12636.9
12649.2
12650.9
12652.9
12660.3
12676.9
12702.6
12733.5
12766.6
12801.2
12838.3
12875.2
12908
12934.1
12956
12983.6
13022.9
13064.3
13102.1
13119.8
13127.1
13139.1
13155.2
13167.2
13176.9
13185.6
13193.2
13201.5
13211.9
13222.2
13231.4
13238.4
13242.8
13246.2
13248.4
13249.8
13250.5
13251.7
13254.4
13254.1
13251.7
13249.8
13249.1
13247.8
13244.7
13239.5
13235
13230.7
13227.2
13222.9
4010
4010
4010
4010
4010
4010
4010
4010
4010
4010
4010
4010
4010
4010
4010
4010
4010
4010
4010
4010
4010
4010
4010
4010.01
4010.05
4010.14
4010.38
4011.06
4012.91
4017.71
4031.23
4064.75
4144.93
4334.12
4797.48
5635.42
6746.12
8032.28
9498.27
10404.7
11128
11916.2
11988
11974.9
12100.6
12217.3
12303.4
12393.6
12428.4
12456.7
12506.8
12548.9
12560.6
12561.4
12560.4
12564.9
12575.5
12578
12575.7
12575.6
12578.7
12586
12588.8
12590.1
12592.1
12597.3
12608
12623.4
12642.6
12664.7
12690.3
12718.7
12747.5
12775.6
12801.5
12827.1
12858.1
12892.7
12928.9
12963.7
12992
13016
13043.2
13070.5
13094.1
13118.2
13141.6
13157.2
13167.5
13177
13186.8
13197.1
13206.9
13216.4
13223.2
13228
13232.7
13238.9
13245.3
13244.9
13240.7
13238.7
13239.4
13240.7
13240.2
13238.1
13236.8
13236.7
13236.5
13235.6
4010
4010
4010
4010
4010
4010
4010
4010
4010
4010
4010
4010
4010
4010
4010
4010
4010
4010
4010
4010
4010.01
4010.02
4010.07
4010.23
4010.7
4012.1
4016.09
4027.92
4061.61
4143.29
4398.1
4949.2
5846.37
7227.68
8844.18
10045.1
10905.5
11644.2
11921.8
12078.1
12345.7
12568.7
12586.8
12569.7
12547.6
12528.8
12507.1
12496.8
12505.4
12529.3
12555.9
12562.3
12560.5
12555.8
12551.1
12550
12549
12544.7
12535.6
12528
12525.7
12525.7
12527.2
12530.7
12535.8
12543.9
12556.4
12571.7
12584.8
12595.6
12606.6
12620.6
12638.5
12659
12679.4
12697.7
12717.9
12745
12777.5
12808.2
12833.1
12850.7
12869.6
12894.4
12922.4
12951.4
12985.6
13022.7
13049.6
13071.3
13091.3
13112.2
13134.3
13157
13176.6
13190.1
13200
13210.6
13221.3
13226.8
13228.4
13230.5
13235.5
13240.8
13242
13241.4
13239.8
13239.5
13239.9
13239.4
4010
4010
4010
4010
4010
4010
4010
4010
4010
4010
4010
4010
4010
4010
4010
4010
4010
4010
4010.01
4010.03
4010.1
4010.33
4011.08
4013.53
4021.4
4047.2
4118.59
4348.13
4890.65
5909.99
7526.15
9046.33
10450.9
11317.8
11953.1
12301.4
12498.6
12540.6
12510.2
12433.9
12449
12535.5
12602
12608.5
12613.1
12615.1
12612.9
12604.2
12594.1
12586.4
12576.7
12562.8
12545.2
12530.5
12528.6
12532.6
12535.4
12534.9
12531.5
12525.2
12520.1
12517.2
12516.5
12517.4
12520.8
12528.8
12538.9
12546.7
12552.8
12558.9
12565.8
12573.3
12580.9
12589.5
12599.6
12607.1
12613.6
12623.4
12639.9
12659.8
12679
12698.6
12720.1
12746.5
12781.7
12818.3
12852.6
12892.7
12936.8
12977.1
13010.4
13041.9
13074.2
13106
13136.2
13161.2
13175.5
13183.9
13192.7
13206.4
13216.1
13217.8
13221.9
13230.6
13237.4
13237.8
13235.3
13235
13237.6
13238.3
4010
4010
4010
4010
4010
4010
4010
4010
4010
4010
4010
4010
4010
4010
4010
4010
4010.01
4010.03
4010.11
4010.4
4011.41
4015.01
4028.37
4071.63
4224.23
4673.63
5648.47
7315.22
8976.62
10664.3
11148.4
11574.1
12046.3
12075.8
12084.5
12252.6
12442.1
12537.7
12544.1
12527.6
12496.9
12509
12530.1
12544.7
12564.2
12584.1
12592.8
12590
12581.6
12571.5
12560.1
12544.9
12527.6
12519.8
12519.9
12524.5
12532.7
12536.3
12536.6
12534.1
12530.5
12527.8
12526.9
12527.3
12529.1
12533.6
12538.9
12541
12542.3
12544
12546.2
12548.8
12551.6
12555.4
12561.7
12570.1
12575.6
12579.9
12587.2
12601.4
12617.1
12629.4
12642.6
12659.1
12681.6
12712.4
12749
12788.2
12828.9
12865.5
12897.3
12924.7
12952.8
12981.7
13007.9
13031.7
13054.9
13071.8
13083.1
13097.1
13119.6
13141.1
13157.3
13176.6
13200.5
13215.6
13222.6
13228
13235.3
13242.5
4010
4010
4010
4010
4010
4010
4010
4010
4010
4010
4010
4010
4010
4010
4010.01
4010.02
4010.1
4010.38
4011.53
4016.1
4033.38
4097.3
4357.67
5036.89
6544.36
8447.43
10405.3
11133.6
11879.5
12429.9
12473.3
12565.7
12588.9
12539.8
12361.2
12323.1
12391
12492.5
12560.7
12577.7
12569.9
12551.5
12519.9
12485.3
12486.3
12499.4
12519
12531.1
12530.8
12528.3
12524.2
12520.2
12519.1
12518.5
12519
12522.3
12530.1
12536.1
12538.8
12540.9
12542
12542.4
12541.9
12540.9
12539.6
12536.4
12533
12528.6
12525.7
12525
12525.1
12525.9
12528.2
12533.4
12541.8
12552.5
12563
12569.2
12573.6
12580
12592.4
12603.7
12611.9
12620.7
12630.3
12641.5
12658.2
12681.6
12710.2
12739.4
12770.4
12800.8
12828.2
12855.1
12884
12913.2
12940.1
12968.8
12994.5
13018.1
13044.3
13076.1
13104.8
13128.8
13155
13186.2
13208.4
13217.5
13225.9
13238
4010
4010
4010
4010
4010
4010
4010
4010
4010
4010
4010
4010
4010
4010.01
4010.07
4010.31
4011.32
4015.59
4034.77
4122.94
4428.57
5409.09
7276.93
9448.24
10803.6
11560.5
12203.6
12193.6
12237
12385.8
12498.9
12607.8
12658.9
12653
12611.6
12539.2
12529.9
12549.2
12574.6
12578.9
12582.1
12573.7
12535.9
12490.5
12474.8
12474.5
12478.3
12485.8
12489.7
12494
12500.6
12507.2
12514.6
12518.9
12520.1
12519.4
12520.5
12522.5
12523.8
12526.4
12530.3
12532.7
12531.7
12528.8
12524.1
12517.1
12507.2
12499
12495.5
12495.2
12496
12498.4
12503.2
12511.5
12522.9
12535.6
12548.1
12558.6
12566.8
12573.6
12582
12591.3
12596.3
12597.7
12597.2
12595.6
12596.8
12602.8
12616.3
12634.7
12654
12676.7
12703.4
12729
12756
12788.9
12824
12859.6
12895.3
12932.4
12964.7
12998
13033.6
13064.6
13090.6
13121.4
13154.2
13175.3
13188.6
13205.5
4010
4010
4010
4010
4010
4010
4010
4010
4010
4010
4010
4010.01
4010.03
4010.19
4010.85
4014.23
4030.96
4106.44
4457.87
5688.7
7677.5
9753
10785.9
11954.6
12210.7
12377.1
12546.3
12545.8
12461.8
12399.4
12432.2
12512.7
12611.7
12635.7
12622.7
12588.6
12570.5
12569.2
12573
12574.5
12571.9
12563.4
12549.3
12517.2
12489.2
12481.6
12481.6
12485
12488.8
12489.8
12493.9
12501.1
12506.6
12508
12507.9
12506
12501.9
12497.5
12495.7
12495.9
12499.6
12505.5
12507.5
12507.1
12504.6
12499
12490.8
12486
12484.1
12484.9
12486.9
12491.1
12497.8
12507.5
12518.6
12528.7
12537.2
12544.8
12552.5
12559.9
12566.1
12570.9
12573
12572.8
12569.4
12563.3
12558.4
12557
12558.8
12566.8
12581.1
12598.6
12620.2
12646.4
12675.5
12706.4
12741.5
12779
12817
12856.3
12895.6
12931.8
12967.4
13004.3
13036.9
13067.5
13101.8
13133.9
13156.4
13179.7
4010
4010
4010
4010
4010
4010
4010
4010
4010
4010
4010.01
4010.08
4010.4
4012.31
4021.89
4081.93
4382.08
5483.6
7680.22
9961.53
11919.6
12453.4
12536
12631.6
12620.8
12585.3
12590.3
12600.1
12586.4
12526.8
12485.3
12486.6
12511.4
12547.9
12573.5
12570.9
12564.2
12558.5
12550
12541.4
12533.8
12532.6
12531.4
12528.9
12517.5
12508.5
12503.3
12498.7
12497.6
12495.7
12499.6
12508.3
12514.4
12515.2
12513
12506.6
12494.9
12483.1
12473.9
12471.1
12473.4
12479.9
12489.8
12494.8
12495.3
12493.8
12491.3
12489.4
12488.4
12486
12487.6
12492.8
12501.6
12511.9
12519.4
12524
12527.3
12530.9
12534.7
12536.4
12538.5
12541.1
12543.2
12544.1
12543.5
12541.8
12540.6
12539.2
12538.1
12539.6
12546.8
12560.9
12579.6
12601.2
12626.6
12654.7
12687.1
12722.2
12759.8
12796.6
12833.9
12869.5
12899.1
12929.4
12960.2
12990.5
13022.2
13054.3
13081.4
13112.9
4010
4010
4010
4010
4010
4010
4010
4010
4010
4010.02
4010.15
4010.84
4015.06
4045.61
4217.22
5173.57
7380.44
9680.1
11369.9
11663.5
12061.2
12538.6
12618.8
12668.6
12651.2
12595.1
12556.9
12565.7
12580.6
12581
12553.4
12506.1
12489.8
12481.8
12490.4
12504.3
12513.7
12513.4
12509.3
12504.3
12501.9
12504
12508.2
12511.3
12511.2
12510.1
12511.3
12515.4
12518.5
12520
12523.1
12528.4
12533.4
12532.4
12525.7
12514
12498.4
12482.3
12472.7
12468.2
12467.8
12471
12479.7
12482.5
12482.6
12483.6
12485.3
12487.1
12490.4
12496.2
12499.9
12505
12510.9
12515.4
12516.1
12515.3
12515.6
12516.9
12516.8
12516.8
12518.2
12521
12524.7
12527.5
12529.8
12532.8
12535.6
12538.6
12541.3
12543.9
12548.8
12558.5
12573.3
12591.2
12610.4
12631.2
12655.8
12682.9
12713.3
12743.7
12775.1
12807.5
12836.7
12865.3
12893
12923.4
12955
12989.1
13018.5
13055
4010
4010
4010
4010
4010
4010
4010
4010
4010.03
4010.24
4011.5
4020.94
4094.61
4649.94
6360.03
8975.64
11423.7
12472.2
12683
12574.3
12313.6
12377.9
12473
12538.8
12535.8
12502.1
12470.5
12482.7
12528.4
12574.5
12578.3
12554.7
12516.6
12488.8
12479
12481.7
12489.9
12500.6
12506
12506.3
12505.2
12504.6
12503.6
12506.6
12514.8
12524.3
12531.7
12539.8
12546.2
12553.1
12555.8
12554.3
12549.3
12542.8
12532.6
12517.3
12502.9
12493.1
12484.9
12480.4
12479.8
12482
12483.6
12486.4
12489.1
12491
12493.2
12495.8
12498.8
12502.5
12506.9
12511.5
12513.9
12512.5
12508.9
12504.8
12503.2
12501.8
12498.8
12498.6
12500.8
12505.4
12511.1
12515.9
12520.2
12524.8
12530
12536.3
12543.4
12549.8
12556.3
12564.9
12576.8
12591.3
12605.7
12620.7
12638.1
12658.8
12682
12705
12730.8
12754.8
12780.2
12803.1
12825
12850.1
12878.2
12913.9
12946.1
12985.6
4010
4010
4010
4010
4010
4010
4010.01
4010.04
4010.33
4012.37
4028.15
4205.64
5229.94
7975.97
11362.5
12112.6
12247.9
12564.4
12750
12721.5
12630
12490.3
12455.7
12450.3
12448.3
12439.5
12433.9
12439.9
12471.8
12534.1
12569.4
12572.9
12554.4
12517.1
12497.2
12498.9
12508.7
12522.3
12526.8
12524.4
12518.1
12511.9
12506.3
12510.8
12520.1
12534.5
12547.5
12554.7
12559.3
12565.3
12566.4
12563.2
12555.7
12544.2
12529.9
12517.3
12509.5
12505.2
12503.8
12503.7
12502.6
12501.1
12498.4
12495.6
12496.3
12497.7
12499.6
12502.1
12504.9
12506
12508.6
12508.6
12506.3
12502
12496.2
12491.5
12488.7
12487.1
12485.5
12484.7
12486.9
12492
12498.1
12503.3
12508.8
12515.1
12522.3
12530.8
12540.8
12550.8
12559.4
12566.8
12574.4
12584
12595.1
12606.6
12618.6
12633.8
12650.1
12668
12687.9
12706.5
12728.2
12748.8
12771.9
12792.9
12816.6
12851.3
12885.6
12923.3
4010
4010
4010
4010
4010
4010.01
4010.05
4010.36
4013.19
4039.58
4303.12
6089.07
9687.22
10813.2
12013.2
12318
12285.3
12374
12530.4
12654.3
12632.3
12589.8
12496.2
12459.6
12451.5
12446.1
12442.6
12446.6
12467
12506.5
12555.3
12577.3
12577.5
12564.2
12538.2
12533.6
12536.4
12542.9
12540.6
12530.5
12518.8
12510.5
12509.9
12515.3
12523.1
12535.3
12550.1
12559.1
12564.1
12566.6
12563.3
12554.9
12542.8
12528.3
12515.4
12512.6
12513.9
12516
12519.5
12522.2
12521.7
12518.9
12512.9
12506.5
12502.7
12500.5
12499
12497.7
12496.5
12495.8
12493.9
12491.7
12488.1
12483.8
12479.8
12477.7
12476
12476
12476.1
12475.1
12476.6
12481.1
12486.8
12493.2
12501.1
12510.3
12520.3
12529.4
12537.5
12544.8
12550.4
12555.3
12560.2
12566.5
12576.2
12587.4
12597.7
12609
12621.5
12634.7
12649
12666.3
12683.1
12700.2
12724.1
12745
12767.1
12792.2
12829
12868.1
4010
4010
4010
4010
4010
4010.04
4010.36
4013.02
4051.36
4470.59
6788.59
10452.7
12505
12446.6
12522.7
12504.5
12435.6
12400.4
12447.7
12537.6
12611.3
12595.1
12554.6
12496.7
12484.4
12481.3
12482.5
12480.4
12486.3
12507.9
12540.7
12574
12586.2
12593.6
12584.8
12575.3
12575.6
12571.6
12560.1
12542.4
12528.2
12516.2
12517.1
12515.9
12520.9
12529.8
12540.2
12545.4
12547.9
12540.2
12528.7
12515.3
12502.5
12491.5
12489.6
12494
12505.9
12521.2
12530
12534.8
12534.7
12530.7
12522.2
12509.9
12498.2
12490.1
12485.1
12481.4
12478.1
12477.7
12477.7
12477.1
12475.8
12474.2
12473
12472.8
12472.3
12473.4
12474.8
12475.4
12475.1
12478.3
12483.4
12490.7
12498.9
12507.9
12516.9
12523.5
12529
12534.6
12539.6
12544.5
12550
12555.5
12561.9
12569.5
12577.2
12586
12599.1
12610.8
12622.5
12638.6
12654.7
12668.6
12686.2
12708.5
12734
12755
12787.9
12822
4010
4010
4010
4010
4010.03
4010.3
4012.81
4043.91
4616.82
7288.34
10767.2
11509.7
12558.5
12598
12632.2
12655.9
12638.1
12542.5
12468.1
12512.5
12562.6
12573.5
12553.9
12536.4
12534.3
12535.3
12540.2
12536.2
12524.2
12524.3
12539.4
12562.5
12587
12599.5
12596.7
12591.3
12575.8
12551.3
12527.7
12510.3
12506.6
12505.3
12509.2
12516.1
12516.5
12516.1
12514.2
12508.7
12502.2
12495
12484.9
12476.1
12469.8
12468.4
12473.4
12481.4
12494.9
12514.8
12525.8
12531.6
12531.8
12526.8
12516.5
12504.1
12495
12488.2
12483.6
12480.3
12478.2
12478.2
12478.1
12477
12475
12473.9
12474.2
12475
12475.9
12478
12479.9
12480.7
12480.2
12481.8
12486.1
12493.1
12500.2
12507.4
12513.2
12519.2
12525.3
12531.9
12537.7
12542.9
12547.2
12550.9
12554.9
12558.4
12562.5
12568.9
12577.4
12589.3
12600.3
12612.4
12627.8
12644.3
12658.4
12677.4
12698
12721.5
12759
12782.1
4010
4010
4010
4010.02
4010.17
4011.87
4040.14
4463.02
7579.55
11603.1
12710.3
12284.8
12462.1
12578.7
12595.7
12616.9
12626.6
12626.7
12555.7
12520.7
12536.1
12546.6
12547.5
12548.8
12555.8
12565.3
12566.6
12564.2
12556.6
12544.2
12545.4
12554.2
12573.7
12594.8
12590.4
12579.8
12561.5
12539.5
12523.6
12517.3
12517.7
12518.8
12517.7
12516.5
12509.2
12497.4
12487.8
12478.9
12472.4
12467
12460.4
12457.1
12457.9
12463.3
12471.4
12481.8
12495.7
12510.4
12519.3
12524.9
12526.4
12524.6
12518.2
12508.4
12499.6
12492.7
12486.4
12481.1
12476.5
12472.8
12469.9
12468.1
12467.3
12469.1
12472.5
12476.3
12480
12483.7
12485.6
12485
12484.3
12485.7
12489.9
12495.6
12501.1
12507
12512.7
12518
12522.1
12525.7
12528.6
12531.7
12534.5
12538.3
12542.8
12548.2
12553.4
12559.6
12565.6
12574
12582.8
12596.8
12610.4
12626.3
12642.4
12663.5
12683.3
12701.3
12731.9
12733.5
4010
4010
4010.01
4010.09
4011
4024.96
4419.11
7240.53
10846.4
12539.8
12875.6
12770.2
12628.6
12578.6
12565.5
12576.9
12608.9
12624.3
12610.9
12553.2
12533.9
12529.6
12535
12551.3
12563.3
12572.4
12573.1
12570.1
12561.3
12554
12543.4
12545.6
12553.3
12566.4
12570.4
12567.2
12555
12541.1
12535.7
12538.1
12539.1
12538.9
12532.5
12520
12506.1
12490.1
12476
12466.3
12459.4
12453.9
12449.4
12448.2
12452.9
12459.9
12468.6
12478.3
12493.4
12511.5
12522.3
12528.7
12530.1
12527.2
12518.9
12505.9
12492.3
12481.4
12473.1
12466.4
12462
12460.3
12460.6
12462.2
12464.9
12469.5
12475.7
12482.4
12488.7
12493.8
12496.3
12496.5
12496
12496.3
12497.2
12498.9
12501.4
12504.7
12507.7
12510.3
12512.2
12514.1
12516.3
12519.8
12523.4
12527.7
12530.7
12535
12539
12546.3
12554.8
12565.7
12575.4
12589.5
12602.5
12617.9
12629.6
12646.8
12666.1
12684.6
12716.1
12702.6
4010
4010
4010.04
4010.52
4016.76
4198.84
6832.33
11595
11899.9
12439.7
12828.2
12754.8
12609.4
12560.9
12534.8
12540.2
12570.3
12617.7
12615
12588.5
12553.1
12543.1
12544.4
12548.6
12562.8
12568.5
12558.7
12552.3
12549
12545.2
12536.6
12531
12530.4
12537.2
12549.9
12554.2
12552.4
12551.6
12556.3
12558.7
12556
12550.4
12541.8
12528.4
12510.9
12491.9
12474.9
12461.5
12451.8
12445.2
12441.4
12443.7
12448.8
12455
12462.9
12472.8
12488.8
12505.9
12516.8
12521.6
12520.8
12515.5
12507.5
12498
12489.2
12482.2
12476.6
12472.4
12469.9
12468.7
12468.4
12469
12471.6
12477
12484.9
12493.3
12500.3
12505
12507.7
12508.3
12507.3
12505.1
12502.9
12502
12502.4
12504.5
12507.8
12511.6
12515.2
12518.1
12520.4
12522.5
12524.4
12526.5
12528.8
12532.7
12536.8
12542.6
12549
12558.5
12569.4
12583.4
12595.7
12611.6
12627.4
12645.2
12660.3
12675.8
12703.6
12699.8
4010
4010.02
4010.19
4012.49
4084.95
5723.75
10387.9
12840.7
12514.3
12500.1
12641.7
12641.1
12565.6
12553.8
12533.4
12512.3
12524.7
12566.6
12604.1
12592.9
12571.9
12567.4
12558.8
12550.1
12548.3
12538.8
12513.4
12512.1
12519.5
12527.8
12529.7
12522.4
12517.6
12520.5
12531.3
12542.5
12553.1
12564.3
12574.1
12576.7
12571
12559.1
12543.7
12525.6
12505.6
12486
12468.6
12457.2
12451.8
12450
12452
12458
12465.8
12473.6
12481.3
12490.2
12500.4
12509
12514.3
12517.2
12517.7
12515.7
12510.9
12503.7
12494.9
12486.6
12479.6
12472.9
12466.9
12463.1
12463.1
12466.3
12472.8
12480.7
12489.1
12497.2
12503.9
12508.7
12511.9
12513.5
12513.5
12511.9
12510.2
12509.1
12508.9
12509.6
12511.2
12513.1
12514.5
12514.5
12514.3
12514.9
12516.3
12519.5
12523.4
12528.8
12534.7
12542.1
12550.7
12560.6
12571.6
12585.3
12598.3
12612.5
12626.2
12642.9
12657.4
12672
12696.9
12729.9
4010.01
4010.07
4010.8
4026.87
4777.42
9392.06
11536.2
12840
12803.5
12639.1
12631.6
12592.9
12546.3
12546.9
12539.4
12522.2
12520.5
12533.2
12556.6
12571.9
12577.1
12579.3
12572.7
12557.8
12521.3
12482.5
12465.4
12475
12496.1
12515.5
12523.4
12521.7
12512.2
12509.6
12520.5
12537.4
12556
12569.3
12577.7
12577.6
12570.1
12557.3
12539.2
12517.4
12496.5
12480.6
12471
12466.7
12465.7
12466.2
12470.8
12477.8
12485.7
12492.8
12495.6
12498.4
12504.4
12510.5
12514.6
12515.9
12514.1
12509.1
12502.5
12495.1
12487.5
12480.3
12474
12469.6
12467.4
12467.6
12470.3
12474.8
12481.2
12489.3
12499.3
12509.2
12516.8
12522.2
12526.9
12529.6
12529.3
12526.1
12521.2
12516.3
12512.8
12511.4
12511.8
12512.9
12514.3
12515.2
12516.4
12517.7
12519.2
12521.3
12524.4
12528.7
12534.1
12541
12549.7
12560.7
12572.9
12585.5
12598.4
12612.3
12626.7
12641.2
12653
12666.4
12687.9
12777.6
4010.03
4010.25
4013.39
4186.19
7599.97
12017.9
12131.4
12724.4
12860.4
12794.2
12690.2
12620.6
12571.1
12555.3
12549
12531.1
12516.6
12493.3
12494.6
12524.9
12556.7
12584
12578.7
12547.2
12496.9
12451.6
12445.7
12458.2
12485.9
12508.9
12518.7
12515.3
12506.1
12502.8
12514.6
12531.4
12547.8
12560.8
12563.7
12557.7
12547.4
12535.1
12521.6
12508.9
12498.6
12490.6
12484.3
12479.4
12475.4
12472.6
12474.6
12481
12487.8
12493.3
12497.9
12503.2
12508.7
12512.2
12513.5
12512.4
12509.6
12506
12502.3
12498.8
12494.6
12490.2
12486.5
12483.3
12480.3
12478.3
12479
12483
12490.7
12500.7
12511.2
12520.9
12527.9
12533.2
12537.4
12539.3
12538.3
12534.7
12530.1
12525.5
12521.8
12519.3
12518.5
12518.8
12519.1
12518.5
12517.7
12516.9
12516.7
12518
12521
12525.5
12531.8
12539.4
12548.8
12559.4
12571.5
12583.8
12597.2
12610.1
12624.1
12637.8
12649.3
12661.8
12679.9
12833.8
4010.08
4010.88
4033.5
5411.09
10563.6
12832
12747.3
12847.7
12827.7
12741.9
12724.2
12659.6
12578.8
12557.1
12553.8
12532.1
12485.5
12433.1
12449.6
12494.9
12552.4
12572.8
12569.2
12537.2
12492.2
12454.3
12449.8
12459.2
12482.5
12505.9
12516.4
12515
12510
12508.8
12513.6
12521
12533
12542
12546.1
12544.2
12536.1
12525.8
12513.4
12500.8
12490.9
12485.1
12482.9
12484
12487.3
12492.3
12501
12510.7
12519.3
12525.6
12527.7
12526.7
12523.8
12520.1
12516.3
12513
12510.2
12508.2
12507
12505.5
12502.4
12497.5
12491.9
12486.8
12483.7
12483.8
12487.5
12494
12502
12510.8
12520.2
12528.8
12535
12540.5
12545.8
12548.1
12546.7
12542.4
12536.5
12529.8
12523.8
12519.2
12516.5
12514.8
12513.9
12513.2
12513
12512.7
12512.9
12514.2
12517.1
12521.3
12527.7
12535.6
12545.8
12557.3
12569.9
12582
12595.6
12608
12621.5
12633.3
12644.3
12656.3
12671.3
12888.3
4010.21
4012.76
4202.05
8393.45
11870.2
12945.2
12973.4
12955.2
12857.7
12754.1
12674.6
12607.9
12554.4
12539.2
12519.7
12481.5
12429.9
12407.4
12440.2
12498.1
12563.2
12581.7
12575.2
12539.9
12495.8
12463.8
12463.3
12477.8
12496.7
12514.3
12521.2
12521.4
12518.6
12515.1
12514.9
12521
12530
12538.7
12542.5
12538.2
12524.6
12509.7
12498.5
12492.4
12491.7
12495.1
12500.5
12505.5
12509
12512
12517.6
12526.2
12533.2
12535.9
12535.2
12533.2
12530.5
12527
12522.9
12518.3
12514.2
12511.1
12509.5
12508.5
12506.6
12503.4
12499.7
12496.3
12493.8
12492.8
12494.6
12499.5
12507.3
12516.8
12526.8
12535.3
12541.2
12546.8
12551.3
12552.3
12549.8
12544.7
12538.2
12531.1
12524.5
12519
12515.3
12512.9
12511.6
12510.6
12510
12509
12508.7
12509.4
12511.9
12516
12523
12531.3
12542.1
12553.7
12566.5
12578.9
12592.8
12604.7
12618
12628.9
12640
12651.8
12663.4
12941.3
4010.68
4023.53
5427.81
10648.6
12490.3
13026.9
13048.5
12971.4
12867.6
12746.2
12621.4
12523.6
12468.4
12456.4
12453.3
12435.4
12412.5
12420.7
12458.6
12512.2
12561
12578.3
12564.2
12528.9
12498.4
12477.9
12482.1
12494.1
12511
12520.4
12521.1
12518.3
12516.2
12515.9
12519.5
12523
12529.4
12533.4
12529.1
12519.1
12504.5
12492.7
12487.7
12489.3
12496.2
12505.1
12512.2
12516.5
12518.9
12522.5
12529.5
12538.2
12546.6
12552.5
12554.4
12551.7
12545.4
12537
12528.2
12520.6
12515.2
12512.6
12512.3
12512.5
12511.2
12507.9
12503.2
12498.3
12494.7
12493.7
12496.3
12502.1
12510.1
12519.1
12528.1
12535.6
12541
12546.9
12551.5
12552.3
12549.7
12544.7
12538.2
12530.5
12523
12516.5
12511.9
12508.4
12506.6
12505.5
12504.9
12504.1
12503.9
12504.6
12507
12511.2
12518.4
12527.2
12538.6
12550.7
12563.9
12576.5
12590.6
12602.2
12615.2
12625.2
12636.5
12648.1
12655.7
12990.8
4011.46
4112.78
8101.56
11776.6
12972
13111
13025.4
12881.5
12712.3
12588.8
12535.4
12483.8
12442.7
12442.7
12455.2
12450.6
12441.7
12443.5
12484.8
12533.5
12577
12583.8
12562.7
12535.9
12518.7
12511.6
12513.7
12516.8
12522.3
12526.1
12527.9
12529.5
12530.2
12528.3
12524.5
12524.6
12528.8
12534.3
12535.8
12530.8
12517.2
12502.7
12494.8
12495.2
12502.4
12513.4
12524.9
12533.9
12540.4
12546
12552.8
12561
12567.9
12570.3
12567.6
12560.8
12551
12539.8
12528.9
12519.7
12513.4
12510.2
12509.5
12509.6
12508.7
12505.9
12502.1
12497.9
12494.7
12493.6
12495.8
12501.2
12509.1
12518.3
12527.5
12534.9
12540.5
12546.9
12551.4
12551.5
12548.6
12543.5
12536.9
12529
12521.2
12514.1
12508.9
12505
12502.9
12501.7
12501.1
12500.3
12500.1
12500.5
12502.8
12507
12514.5
12523.6
12535.5
12548
12561.6
12574.5
12588.7
12600.2
12613
12622.3
12633.9
12645.1
12649.1
13031.8
4012.99
4759.27
10148.4
12799.1
13188.7
13008.2
12771.4
12589.4
12466.1
12410.5
12447.5
12482.9
12491.5
12495.7
12493.3
12474.1
12462.4
12473.8
12517
12558.2
12579
12573.3
12555.1
12540.1
12533.7
12529.6
12532
12536.6
12540.9
12540.6
12538.7
12538.3
12537.9
12537
12537.2
12538.6
12542.2
12545.1
12541.2
12530
12512.8
12498.4
12493.7
12499.4
12512.2
12527.1
12538.8
12545.2
12547.5
12549.8
12554.3
12560.2
12566.2
12569.8
12569
12563
12552.6
12539.7
12526.5
12515.6
12508.4
12505.3
12505.2
12506.1
12506
12503.9
12500.3
12496.1
12492.7
12491.7
12494.1
12499.7
12507.8
12517
12526.1
12533.2
12539.1
12545.6
12550.1
12550.2
12547.3
12542.2
12535.7
12527.9
12519.8
12512.3
12506.6
12502.2
12499.9
12498.6
12498
12497.3
12497.3
12497.5
12499.7
12504
12511.5
12520.9
12533.4
12546.2
12560.1
12573.2
12587.6
12598.8
12611.5
12620.2
12632.2
12642.6
12641.6
13054.1
4025.49
6547.37
11920.5
13258.9
13187.6
12869
12613.9
12461.1
12398.7
12399.9
12445.7
12489.3
12514.6
12507.6
12488.6
12473.5
12485.1
12517.2
12546.2
12566.6
12577.5
12570.9
12557.6
12551.1
12553
12555.4
12556.8
12554.7
12552.2
12550.9
12551.1
12552.6
12554.7
12554.7
12553.6
12551.3
12549.8
12548.9
12543.6
12532.8
12516.2
12500.4
12493.8
12498.6
12511.1
12525.9
12538.3
12545.8
12549.8
12553.3
12558
12564
12569.7
12572.6
12570.8
12563.6
12551.9
12537.6
12523.2
12511.4
12504.1
12501
12501.2
12502.5
12502.8
12501.1
12497.9
12494.1
12491
12490.1
12492.5
12498.2
12506.3
12515.7
12525
12532.1
12538.4
12545.2
12549.2
12549.4
12546.7
12541.6
12535.2
12527.4
12519.2
12511.3
12505.3
12500.5
12498
12496.6
12496
12495.4
12495.4
12495.4
12497.6
12501.9
12509.5
12519.1
12531.8
12544.8
12559
12572.5
12586.9
12598
12610.5
12619
12631
12640.6
12637.1
13044.8
4112.61
8847.74
12752.4
13336.7
13143.5
12900.4
12687.6
12562
12516.5
12520.6
12527.4
12523.7
12525.9
12527.1
12519.9
12514.7
12526.2
12546.4
12575.6
12599.9
12602.1
12586.1
12572.5
12571.5
12579.6
12589.4
12593.5
12590
12582.3
12574.4
12570.5
12570.7
12569.6
12565.8
12560.2
12555.8
12553.3
12551.6
12544.9
12532
12513.4
12496.3
12489.2
12494.7
12508.8
12525.2
12538.4
12546.1
12549.7
12552.8
12557
12562
12567
12570
12568.9
12562.4
12550.8
12536
12520.7
12508.3
12500.6
12497.6
12498.1
12499.8
12500.6
12499.4
12496.6
12493
12490
12489.1
12491.6
12497.3
12505.5
12515
12524.4
12531.4
12538
12545.3
12548.6
12548.7
12546.2
12541.3
12534.9
12527.1
12518.7
12510.7
12504.3
12499.3
12496.6
12495.1
12494.5
12494
12494
12494
12496
12500.3
12508
12517.8
12530.8
12543.9
12558.3
12571.9
12586.4
12597.5
12609.9
12618.1
12630.1
12639
12634
13014.3
4543.15
10359
12853.2
13206.8
13143.1
13044
12838.4
12710.6
12623.4
12528.3
12501.4
12538
12573.2
12570.9
12540.8
12520.6
12535.6
12573.1
12608.8
12618.7
12606.7
12587.9
12579.1
12586.6
12602
12612.3
12613.4
12605.2
12592.8
12582.2
12576.1
12573.1
12570.7
12566.2
12561
12555
12550
12546.4
12538.6
12525.2
12506.9
12489.9
12483
12489.3
12504.5
12521.8
12535.6
12543.9
12548.3
12552.1
12556.6
12561.7
12566.5
12569.4
12568.4
12561.9
12550.2
12534.9
12519.1
12506.3
12498.4
12495.4
12496.1
12498.1
12499.2
12498.3
12495.8
12492.3
12489.5
12488.6
12491.1
12496.8
12505.1
12514.6
12524
12531.2
12537.8
12545.9
12549.2
12548.7
12545.9
12541.3
12535.2
12527.2
12518.6
12510.5
12503.8
12498.6
12495.9
12494.2
12493.6
12493.2
12493.2
12493.1
12494.9
12499.2
12507
12517
12530.1
12543.3
12557.9
12571.6
12586.1
12597.2
12609.5
12617.6
12629.6
12637.9
12632.8
12967
5980.27
11620.7
12847.1
13152.4
13209.1
13039.1
12702.3
12583
12604.8
12574.5
12517.4
12524.1
12549.8
12562.1
12559.4
12563.9
12590.7
12625
12645.4
12649.8
12635
12613.3
12603
12607.8
12619.7
12630.1
12629.8
12617.8
12600.6
12585.7
12577.1
12573.6
12570.3
12564.6
12557.7
12551.2
12546.4
12543.2
12535.5
12522
12503.8
12486.8
12479.8
12486.4
12502.2
12520.2
12534.6
12543.3
12548.1
12552.2
12556.7
12561.4
12565.8
12568.6
12567.7
12561.5
12550
12534.5
12518.3
12505.1
12497
12493.9
12494.7
12496.8
12498.2
12497.5
12495.2
12491.9
12489.1
12488.2
12490.7
12496.4
12504.7
12514.2
12523.7
12530.8
12537.8
12545.4
12549.9
12548.4
12545.6
12540.7
12535.1
12527.1
12518.5
12510.2
12503.2
12497.8
12495.1
12493.4
12492.7
12492.4
12492.4
12492.2
12494
12498.3
12506
12515.9
12529.3
12542.5
12557.3
12571.2
12585.8
12596.8
12609
12617.1
12629.2
12636.9
12631.5
12906.2
7571.51
12233
12894.3
13089.6
13051.3
12798.6
12623.6
12665.5
12745.6
12707.9
12613
12591.9
12610.4
12620.1
12607.1
12599.2
12615.4
12643.3
12667.5
12666.1
12639.4
12608.8
12594.7
12600.8
12616
12627.6
12627.3
12614.6
12596.5
12581.1
12572.2
12568
12564.8
12559.6
12553.5
12547.1
12542.2
12538.8
12531.1
12517.6
12499.6
12482.9
12476.2
12483.2
12499.7
12518.2
12533
12542.1
12547.3
12551.8
12556.5
12561.1
12565.4
12568.1
12567.4
12561.5
12550
12534.5
12518.1
12504.6
12496.3
12493.2
12494
12496.3
12497.8
12497.3
12495.1
12491.9
12489.2
12488.3
12490.7
12496.4
12504.6
12514.2
12523.7
12530.8
12538.2
12544.8
12549.6
12548.4
12546.3
12541.1
12534.7
12527
12518.5
12510.2
12503.2
12497.5
12494.4
12492.8
12492.2
12492
12491.8
12491.5
12493.3
12497.6
12505.1
12515
12528.5
12541.9
12556.8
12571
12585.4
12596.6
12608.5
12616.8
12629
12636.1
12631.3
12830.9
9190.5
12795.7
13067.5
12953.7
12846.5
12796
12756.9
12768.3
12747.8
12681.8
12609.9
12622.8
12653.4
12649.6
12624.5
12614.9
12634.4
12663.8
12678.5
12671.6
12644.1
12614.1
12600.6
12606.5
12621.1
12633.4
12633.4
12620.2
12601.2
12584.8
12575.3
12571
12567.5
12561.9
12555.1
12548.4
12543.3
12539.9
12532
12518.3
12500.4
12483.7
12476.8
12483.6
12499.9
12518.4
12533.2
12542.3
12547.7
12552.2
12556.8
12561.2
12565
12567.6
12566.8
12560.8
12549.3
12533.6
12516.9
12503.1
12494.6
12491.3
12491.9
12494.2
12495.7
12495.3
12493.1
12489.9
12487.1
12486.2
12488.5
12494.1
12502.2
12511.7
12521
12528.1
12535.6
12542.5
12545.6
12546.3
12543.3
12539.2
12532.1
12524.1
12515.4
12507.3
12500.2
12494.7
12491.3
12489.6
12489.1
12489
12488.7
12488.5
12490.6
12494.6
12502.2
12512.3
12525.6
12539
12554
12568.4
12582.5
12593.8
12605.9
12614
12626.3
12633.1
12629.3
12753.2
10230.1
12909.3
13236.5
13005
12899.5
12724.2
12600.2
12653.6
12772.2
12751.3
12641
12613.9
12632.4
12633.1
12610.9
12600.2
12616.1
12641.4
12658.1
12652.7
12624.7
12594
12580.8
12588.4
12605.6
12619.8
12621.3
12609
12590.5
12574.7
12565.5
12561.4
12558.3
12553
12546.8
12540.5
12535.6
12532.5
12524.8
12511.5
12493.9
12477.5
12470.8
12477.8
12494.5
12513.3
12528.4
12537.9
12543.6
12548.4
12553.1
12557.5
12561.4
12564
12563.3
12557.7
12546.4
12530.8
12514
12500
12491.4
12488
12488.6
12490.9
12492.6
12492.3
12490.3
12487.1
12484.3
12483.3
12485.5
12491
12499
12508.5
12517.8
12524.9
12532.3
12539.5
12541.5
12543.4
12538.1
12534.6
12529.5
12521
12512.2
12503.6
12496.3
12491.1
12488.2
12486.1
12485.5
12485.4
12485.1
12485
12487.3
12491.1
12498.8
12508.9
12522.1
12535.4
12550.5
12565
12579.2
12590.3
12602.9
12610.4
12622.6
12629.5
12628
12646.3
11450.7
13168.1
13326.5
13051
12837.3
12804.6
12784.7
12826.7
12880.6
12812.6
12696
12675.6
12690.8
12677.9
12646
12633.5
12650.1
12676.3
12690
12682.4
12653.5
12621.9
12607.3
12612.8
12627.9
12640.5
12640.4
12626.5
12606.3
12588.7
12577.9
12572.2
12567.6
12561
12553.3
12545.7
12539.9
12535.8
12527.4
12513.4
12495.2
12478.1
12470.4
12476.5
12492.2
12510.3
12524.8
12533.8
12539.1
12543.6
12548
12551.9
12555.4
12557.6
12556.7
12550.8
12539.3
12523.4
12506.4
12492.2
12483.4
12479.8
12480.4
12482.7
12484.4
12484.1
12482.1
12479
12476.1
12475.2
12477.4
12482.9
12491
12500.5
12509.9
12517.1
12524.7
12532.3
12534.9
12535.4
12531.7
12526.7
12521.9
12513.7
12505.7
12497.2
12489.8
12484.3
12481.8
12479.8
12479.2
12479.1
12479.1
12478.9
12481
12485.1
12492.8
12502.9
12516.2
12529.6
12544.9
12559.3
12574.2
12585.1
12597.7
12605.3
12617.3
12624.1
12623.7
12578.4
12476.4
13303.7
13271.7
12866.9
12709.8
12624.9
12521.5
12573.9
12701.8
12672.6
12560.7
12542.2
12567.4
12568.6
12548.5
12542
12562.3
12591.4
12610.2
12607.6
12582.7
12554.7
12543.2
12552.1
12570.6
12586.4
12589.5
12578.6
12561.2
12546.1
12537.6
12534.1
12531.7
12527.1
12521.4
12515.7
12511.5
12508.9
12501.8
12489.1
12472.3
12456.4
12449.9
12457.2
12474.3
12493.8
12509.6
12519.7
12526
12531.2
12536.3
12541
12545.2
12548.1
12547.9
12542.8
12532
12516.8
12500.3
12486.6
12478.2
12475.1
12476.1
12478.8
12480.9
12481
12479.2
12476.3
12473.7
12472.9
12475.3
12481
12489.3
12499.1
12508.8
12516.3
12524.1
12532.5
12534.8
12533.9
12533.9
12527.9
12520.8
12513.7
12505.4
12498.2
12490.8
12484.7
12481.5
12479.4
12479.9
12479.5
12479.6
12478.9
12481.2
12485.2
12492.2
12502.9
12516.2
12529.2
12545.3
12559.4
12574.1
12585.3
12597.7
12606.4
12617
12624.3
12626.3
12471
4167.34
4201.95
4401.67
5147.43
6393.75
7271.84
7870.54
8273.83
8896.73
8956.48
9464.66
10375.1
11414.9
12838
14442.2
16218.2
17980.4
19751.9
21290.6
22728.4
23922.9
25564.9
26450.4
28010.9
29012.3
29341.7
29678.4
30391.5
31140.5
31210.3
31313.6
31587.1
31909.9
32041.2
31984.5
32027
32184.2
32407.3
32500.7
32413.8
32358.7
32400.2
32520.7
32642.2
32629.6
32566.1
32528.4
32535.2
32568.7
32575.8
32503.9
32455.4
32461.2
32529.2
32626.4
32650.1
32618
32521.6
32367.8
32246.8
32238.8
32265.8
32277.6
32239.1
32095.1
31783.5
31272.4
30588.6
29857.2
29178.6
28620.3
28107.6
27563.5
26945.2
26181.9
25264.3
24188
23042.8
21947
20383.3
4167.5
4201.94
4401.95
5154.19
6404.82
7281.36
7877.93
8279.1
8905.19
9005.09
9483.88
10377.8
11411.3
12825
14419.7
16194.6
17950
19714.7
21254.6
22694.3
23896.8
25530.2
26417.5
27977.7
28976.9
29311.7
29654.3
30371
31119.8
31192.2
31299.2
31575.2
31899.2
32031.5
31976.2
32019.8
32178
32401.6
32495.3
32409.2
32355.2
32397.2
32518.1
32639.6
32627.3
32564.2
32526.7
32533.7
32567.2
32574.1
32502.6
32454.3
32460.2
32528
32625.2
32649
32616.8
32520.4
32366.9
32246.1
32238.1
32265.1
32276.7
32238.2
32094.1
31782.6
31271.8
30588.5
29857.6
29179.3
28621
28108.3
27564.2
26945.9
26182.7
25265.3
24189.4
23044.4
21948.9
20385.3
4167.61
4200.9
4396.25
5153.1
6412.15
7284.57
7878.91
8280.17
8903.15
8989.73
9471.78
10376.8
11406.7
12814.9
14400.2
16158.2
17911.3
19675.1
21211
22645.3
23850.8
25489.8
26390
27953.1
28955
29292.9
29639.6
30358.5
31107.7
31182.8
31292.7
31570.9
31896.3
32029.6
31975.4
32019.9
32179.3
32403.8
32498.1
32412.8
32359.9
32402.6
32524
32645.8
32634
32571.3
32534.2
32541.4
32575.3
32582.3
32510.9
32463.1
32468.8
32536.8
32633.9
32657.8
32625.5
32529.2
32375.7
32254.9
32247.1
32274
32285.7
32247.1
32102.9
31791.2
31280.2
30596.9
29866
29187.9
28629.7
28116.9
27572.7
26954.3
26190.8
25273.2
24197.1
23051.9
21956.4
20392.9
4169.11
4200.86
4389.71
5130.33
6421.26
7291.7
7883.26
8283.19
8906.87
8975.19
9473.44
10375.2
11398.8
12796.9
14368.3
16112.7
17860.6
19614.8
21141.4
22592.5
23813.5
25440.2
26338.2
27905.2
28911.1
29256.3
29611.1
30334.1
31082.4
31162.5
31277.9
31559.5
31886.4
32020.5
31967.9
32013.2
32173.7
32398.9
32493.7
32409.7
32358.8
32402.2
32523.7
32645.4
32634.3
32572.2
32535.5
32542.9
32577.2
32583.6
32513.3
32465.9
32471.8
32539.6
32636.5
32660.8
32628.2
32532
32379.1
32258.3
32250.8
32277.6
32289.2
32250.4
32105.9
31794.1
31283.2
30600.3
29870.1
29192.4
28634.2
28121.3
27577
26958.3
26194.8
25277.1
24201.2
23056.2
21960.9
20397.5
4169.17
4198.45
4375.87
5093.33
6413.23
7306.27
7892.34
8289.25
8914.82
8965.19
9478.75
10372.5
11390.9
12777.8
14334.5
16065.6
17800.2
19544.7
21088.3
22542.2
23767.7
25391.8
26295.2
27867.1
28879.7
29229.7
29590.7
30315.5
31060.7
31146
31267.1
31551.5
31878.9
32013
31961.7
32007.4
32168.5
32393.8
32488.8
32406.2
32357.6
32402
32523.4
32644.7
32634.4
32573.1
32537
32544.5
32579
32584.8
32515.8
32469
32474.6
32542.4
32638.9
32663.7
32630.6
32534.4
32382.3
32261.5
32254.5
32281
32292.5
32253.3
32108.3
31796
31285
30602.5
29873.1
29195.7
28637.4
28124.2
27579.5
26960.5
26196.6
25278.7
24202.7
23057.9
21962.9
20399.9
4169.26
4195.08
4359.96
5034.45
6373.08
7325.68
7903.37
8299.88
8926.24
8968.8
9486.47
10369
11383.9
12760.6
14300.1
16012.8
17734.2
19483.2
21031.7
22499.1
23733.3
25347.2
26250
27824.8
28845.5
29200.7
29569.7
30295.4
31033.6
31125.9
31254.8
31542.3
31869
32002.4
31952.9
31999.2
32160.6
32384.8
32480
32399.7
32354.2
32399.8
32520.5
32640.5
32631.3
32571
32535.5
32543.1
32577.5
32582.1
32514.9
32468.9
32474.3
32541.5
32637.1
32662.6
32628.8
32532.4
32381.7
32261.4
32254.5
32280.5
32291.4
32251.6
32105.8
31792.8
31281.8
30600.6
29872.7
29196.2
28637.5
28123.6
27578.3
26958.7
26194.2
25276.3
24200.8
23056.6
21962.5
20400.2
4169.17
4190.99
4336.9
4964.67
6306.38
7322.21
7922.48
8312.87
8940.32
8961.28
9493.44
10365.4
11379.1
12745.3
14262.2
15961.3
17678.1
19425.6
20992.2
22470.5
23707.3
25308.5
26210.5
27786.2
28815.5
29176.2
29555.5
30280.2
31005.7
31106.5
31246
31536.4
31860
31991.8
31945
31992.3
32153.1
32374.5
32469.7
32392.8
32351.6
32398.7
32518
32635.8
32628.2
32569.6
32535.1
32542.6
32576.3
32579.7
32514.8
32469.8
32475.1
32541.4
32635.6
32662
32627.3
32530.3
32381.9
32262.5
32255.2
32280.5
32291.1
32249.9
32102.5
31788.4
31277.5
30598.2
29872.9
29197.5
28638.2
28123.1
27576.9
26956.2
26190.8
25272.6
24197.7
23054.6
21961.9
20400.9
4169.05
4186.95
4306.49
4889.17
6195.01
7308.34
7946.28
8334.72
8955.9
8944.05
9502.28
10363.3
11375.2
12729
14231.8
15921.9
17633.1
19384.3
20967.8
22458.1
23699.1
25284.3
26187.2
27759.4
28792.9
29155.5
29550.2
30272.3
30976
31087.8
31242.2
31535.1
31852.1
31981.1
31939.1
31988.1
32147.4
32363.2
32457.6
32385.9
32350.4
32399.3
32516.1
32630.3
32624.7
32568.5
32535.5
32542.8
32575.1
32576.8
32514.9
32471.3
32476.5
32541.6
32633.5
32661
32625.1
32527.2
32382.3
32263.7
32256.5
32280.8
32290.7
32247.1
32097.1
31781.5
31270.7
30594.4
29873
29199.5
28639.2
28122.2
27574.4
26952.1
26185.3
25266.8
24192.9
23051.4
21961.1
20401.9
4168.95
4182.94
4277.87
4810.44
6027.56
7256.93
7957.01
8365.93
8976.08
8928.91
9514.28
10364
11373.1
12723.2
14214.5
15885
17594.8
19341.2
20941.3
22444.4
23699.7
25269.7
26185.1
27749.7
28782.3
29147.8
29558.8
30274.4
30943.8
31071.2
31246.4
31540.4
31845.5
31970.6
31936.7
31989.5
32145.5
32351.5
32443.9
32380.2
32352.2
32403.3
32515.8
32624.5
32621.4
32569
32538
32544.9
32574.5
32574.5
32515.9
32474.2
32479.9
32543.1
32631.4
32660.5
32622.8
32523.6
32383.9
32266.1
32259.7
32282.3
32290.8
32243.7
32089.9
31771.7
31261.2
30589.4
29873.8
29202.9
28641.2
28121.4
27571.2
26946.4
26177.3
25258.3
24186
23047.1
21960.1
20403.8
4168.76
4179.4
4253.21
4702.21
5842.46
7178
7964.54
8388.36
9000.31
8911.19
9531.17
10371
11377.7
12720.5
14194.2
15841.8
17553.8
19284.5
20891.6
22403.7
23690.5
25247.8
26191.3
27746.3
28771.3
29154.2
29593.8
30291
30907.4
31054.1
31259.3
31553.4
31839.5
31960.4
31940.1
31999.5
32149.6
32339.2
32428
32376.3
32358.3
32412.3
32518
32618.1
32618.4
32571.3
32543.3
32549.5
32574.6
32572
32518.1
32478.5
32485.8
32546.1
32629.3
32659.7
32619.8
32519.1
32386.6
32272
32263.3
32285.4
32290.8
32238.7
32079.7
31758
31248
30582.7
29875.3
29208.2
28644.4
28120.2
27566.5
26938.1
26165.8
25246.2
24176.1
23040.8
21958.8
20406.7
4168.17
4176.7
4231.31
4553.67
5656.51
7040.39
7935.7
8427.58
9013.74
8890.01
9555.31
10387.4
11381.4
12704.4
14161.1
15781.5
17502.9
19200.7
20792
22294.1
23638.5
25180.4
26174.6
27708.2
28697.1
29126.4
29642.3
30316.7
30864.6
31048.5
31286
31571.4
31828.9
31945
31948
32019.5
32161.7
32326.9
32408.3
32375.5
32370.7
32427.5
32523.2
32611.5
32615.3
32576.3
32552.6
32557.7
32575.9
32571.4
32520.5
32485.9
32496.3
32552
32627
32659.8
32615.3
32514
32391.2
32282.1
32268.6
32289.8
32291
32231.6
32065.3
31738.4
31229.2
30573.3
29877.5
29215.7
28648.9
28118.6
27560
26926.4
26149.3
25228.6
24161.8
23031.9
21956.9
20410.8
4167.23
4174.84
4212.34
4432.22
5464.67
6796.03
7852.36
8457.41
9028.95
8897.42
9586.44
10419.4
11389.2
12671.1
14098.5
15680.6
17399.9
19056.5
20604.5
22072.5
23513.8
25040.4
26144.2
27661.2
28589.5
29090
29705
30315.8
30759.2
31007.8
31312.3
31597.1
31815.6
31931.6
31967.3
32055.7
32183.7
32311.1
32387.4
32373.6
32388
32453.4
32531.5
32602.3
32613.5
32582.9
32565.2
32569.9
32579.5
32569.6
32522
32492.2
32511.1
32561.5
32627.2
32656.1
32607.4
32508
32398.2
32296.5
32278.6
32294.5
32289.4
32221.9
32045.2
31711.9
31204.4
30561.5
29881.4
29226.3
28655.4
28116.3
27550.2
26909.1
26126
25204.2
24142
23019.4
21954.1
20416.7
4166.41
4173.48
4197.18
4345.74
5147.64
6513.21
7737.03
8468.1
9025.1
8957.22
9656.78
10492.7
11418.2
12609.5
13969.3
15477.8
17173.8
18790.4
20267
21623.5
23197.4
24672.1
25903.4
27350.2
28142.8
28824.5
29675.1
30283.4
30642.4
30992.2
31334.5
31588.2
31764.9
31862.2
31955.9
32101.6
32219.8
32298.7
32353.5
32366.9
32410
32484.8
32548
32593
32607.3
32589.2
32583.2
32585.9
32587.9
32566.3
32527.8
32509.4
32529.3
32576.5
32631
32650.3
32595.4
32501.2
32407.7
32316.5
32291.4
32300.1
32287.4
32207.8
32016.7
31672.7
31168
30543.7
29884.7
29240
28664.1
28113
27537.7
26886
26092.9
25169.5
24113.9
23001.9
21950
20424.6
4166.03
4172.23
4186.71
4279.48
4767.45
6237.3
7549.8
8375.49
8997.15
9129.89
9805.1
10655.8
11502.6
12512.4
13729.1
15098.9
16693
18327.1
19822.1
21143.7
22892.3
24352.6
25833.4
27251.2
27877.2
28671.5
29645.2
30063.2
30320.4
30770.3
31319.1
31595.2
31716.7
31786.8
31971.7
32141.6
32240.4
32276.2
32283
32350
32445.8
32517.3
32553.6
32566.2
32585.2
32595.5
32602.3
32599.3
32585.6
32554.8
32529.3
32527
32550.2
32588.8
32628.8
32635
32578
32494.9
32421.2
32343.5
32310.6
32306.1
32280.2
32185.3
31978.8
31624.7
31125.2
30525.8
29893.7
29259
28675.5
28107.1
27515.9
26850.4
26047.9
25123.7
24076.4
22978
21944.3
20435.4
4167.02
4169.71
4180.36
4231.86
4514.02
5757.65
7215.85
8197.67
8946.16
9476.73
10103.7
11008
11735.5
12396.2
13314.7
14467.7
15951.6
17452.7
18896
20134.2
22020.7
23395.6
25060.5
26464.1
27082.8
28176.4
29581.5
30082.9
30160.1
30638.7
31147.4
31431
31522
31571.7
31925.2
32166.4
32236.1
32202.9
32206.4
32330.3
32462.7
32539.4
32557.6
32537.3
32551.5
32586.4
32609.1
32603.9
32575.2
32536.7
32530.6
32545.5
32570
32597.3
32621.2
32611.5
32549.5
32480.3
32431.3
32371.1
32329
32310.7
32269.6
32150
31913.7
31543.1
31051.2
30488.1
29892.8
29280.1
28689.1
28101.1
27494.9
26806
25982.1
25056.5
24023.6
22945.5
21936.1
20449.4
4170.09
4166.12
4177.1
4202.62
4355.78
5084.77
6874.44
7958.07
8814.44
10049.5
10712.4
11726.6
12251
12397.7
12863.3
13488.7
14712.2
16299.2
18025.8
19456
21488.4
23007.4
24759.6
26026
26600.5
27629.7
29084.3
29589.5
29719.3
30307.9
31196.7
31376.1
31313.5
31471.7
31900.6
32148.6
32198.5
32099
32076.2
32284.7
32458.3
32522.7
32487.3
32447.7
32503
32575.7
32619.4
32611.7
32568.6
32524.1
32536.6
32576
32609.5
32620.7
32614.3
32584.7
32524
32475.7
32450.4
32409.1
32359.5
32311.3
32242.1
32100.3
31848
31464.5
30988.9
30466.6
29909.6
29305.6
28703.4
28080.7
27441.6
26733.5
25902.2
24976.3
23955.7
22902.3
21925.6
20468.6
4173.73
4166.01
4173.58
4186.02
4255.68
4603.19
5991.14
7647.37
8642.84
10844
12000.5
13120.3
13182.2
12752.6
12663.3
12736.4
13343.5
14438.9
16067.2
17753.3
19804.4
21510.5
23676.9
24892.9
25809.3
27373.2
28784.7
29360.3
29610.6
30181.7
30763.5
31089.2
31035.3
31303
31911
32172
32176.2
32037
32059.7
32293.7
32477
32551.2
32484.9
32373.6
32417.4
32508.6
32559.3
32546.9
32480.3
32435.7
32476.7
32530.1
32564.2
32565.6
32533.2
32484.4
32434.7
32425.1
32439.3
32421.2
32365.8
32299.7
32195.1
31995.3
31685.1
31284.6
30834.9
30380
29884.6
29331
28718.5
28075.7
27414.7
26641.8
25764.9
24848.3
23862
22845.8
21910
20491.3
4175.39
4171.45
4166.84
4174.28
4201.7
4362.43
5047.97
7051.9
8650.17
12029.7
14216.1
15355.5
14782.6
13879.8
13289
12855
12851.1
13235.3
14247.3
15865.1
17876.7
19851.8
22210.2
23579.2
24739.3
26628.7
27812.6
28465
29319.5
30316.9
30727.6
30730.5
30874.3
31259.6
31796.8
32028.6
32007.6
31889.4
31993.2
32265.2
32463.7
32520.7
32439.4
32368.5
32416.3
32511.3
32578.1
32576.8
32518.7
32479.1
32526.1
32602
32638.2
32615.7
32552.7
32477
32423.8
32422.8
32449.3
32451.6
32388.3
32275.1
32136.4
31919.2
31591.3
31169
30756.6
30349.7
29889.3
29331.9
28713.7
27997.7
27283
26514.2
25647.7
24713.5
23740.6
22773
21894.6
20524.3
4173.99
4174.31
4165.48
4161.09
4175.97
4240.92
4575.36
5919.29
8730.97
14910
17117.4
17658.6
16249.6
15097.6
14277.2
13460.8
13197
12944.2
12977.2
13505.1
14602
16499.5
18988.7
21115.5
23554.6
25851.8
26676.3
27657.1
28927.8
29917.2
30274.4
30288.6
30630.1
31326.5
31766.8
31919.7
31809.4
31837
32008.1
32208.7
32352.7
32402.3
32322.1
32260.4
32345.2
32457.7
32527
32535.9
32480.7
32468.7
32537.2
32601.6
32633.6
32590.6
32469.3
32367.7
32345.9
32397.9
32456.9
32472.8
32415.5
32266.3
32028.9
31696
31298.4
30888.8
30535
30220.1
29844.8
29366.1
28725.1
28019.9
27226
26286.7
25371.3
24503.3
23597.6
22681.4
21863.4
20557.1
4169.47
4169.43
4163.5
4155.5
4169.41
4225.11
4490.02
5505.75
8783.38
14957.6
20344.1
20915.7
19711.3
18120
16394.7
15013.3
14229.4
13490.4
13483.1
13548
13515.2
13864.1
15061.9
17570.2
21258.1
23600.8
24973.7
26788.1
28567.9
29545.2
29573.4
29832
30511.5
31316.5
31572.1
31633.6
31597.6
31775.7
32104.9
32231.2
32327.6
32306.5
32286.3
32291.3
32334.8
32374.6
32413.2
32418.3
32412.2
32441
32494.2
32549.1
32562.8
32505.6
32388.3
32290.8
32290.5
32360.8
32432.8
32459.9
32386
32206.1
31951.6
31587.8
31145.8
30728.2
30432
30136.9
29770.6
29290.8
28651.5
27827.8
27028.5
26172.3
25212.5
24261.4
23399.5
22584.7
21846.6
20604.6
4164.29
4162.93
4161.62
4169.32
4210.43
4377.89
4844.06
6405.92
9421.49
12485.6
16689.9
18553.2
20244
20495.9
19682.8
18477.4
17130.9
15950.9
14967
14143
13727.9
13814.4
13980.5
14482.8
16093.9
18762.2
22175.7
25430.8
27428.4
28309
28541
29210.1
30536.4
31259.7
31242.8
31197.1
31381.2
31799.2
32172.7
32231.9
32235.4
32177.4
32203.3
32352.5
32409
32416.6
32404.6
32414.9
32463.7
32544.5
32581.8
32610.8
32610.5
32516.8
32377.2
32293.2
32310.2
32381.8
32442.7
32461.4
32402.1
32166.6
31773.5
31278.2
30800.9
30447.5
30220
30012
29731.1
29305.6
28650.1
27856.2
26800.3
25741
24850.2
24044.6
23216.3
22444.1
21791.4
20644.8
4164.22
4165.78
4184.14
4240.03
4395.9
4855.56
6199.42
8454.13
10751.1
11494.9
13258.3
15732.1
18241.8
19046
19255.7
19392.6
19210.3
18643
17624.6
16515.7
15491
14783.8
14332.6
14363.7
14562.3
15207.7
17203.5
20365.9
23666
26161.9
27750.1
29430
30467.2
30753.6
30512.6
30729.3
31157.9
31891.9
32163.2
32166.1
32037
32019.1
32158.5
32379
32429.4
32420.3
32370
32386.1
32489.7
32598.7
32624.1
32598.5
32545.4
32430.2
32333.5
32286.3
32324
32385.6
32433.4
32426.7
32310.2
32115.8
31710.8
31150.7
30641
30313.5
30090.7
29852.4
29563.4
29128
28433.8
27565.1
26810.9
25738.7
24538.8
23667.8
23010.1
22365
21764.2
20682.2
4177.32
4204.89
4274.97
4461.95
4990.67
6349.99
8635.37
10359
11851
12287.5
12421.2
12748.3
13859.9
15482.9
17290.4
18707.3
18933.6
18877.3
18707.5
18385.6
17832.7
17028
16103.1
15393.6
14926.8
14968.8
15209.5
16041.8
18369.1
22227.4
25954
29129.3
29329
29561.3
29744.9
30230.5
31320.7
31865.3
31940.7
31823.7
31754
31889.8
32218.4
32383.2
32400.8
32332.7
32281.2
32343.6
32511.8
32595
32599.2
32556
32414.6
32261.3
32257.8
32282.5
32342.9
32377.3
32382.2
32350.6
32209.4
31818.3
31238.3
30684.3
30320.7
30069.2
29868.6
29730.3
29481.2
29056.9
28400.4
27523
26187
25107.9
24151.6
23354.3
22741
22202.5
21713.8
20725.4
4233.41
4329.09
4577.21
5305.7
6777.42
8835.34
11034.9
11991.2
12229.8
12253.6
12322.7
12452.8
12678
13052.1
13867
15077.3
16440.8
17463.2
18118.8
18316.7
18254.9
18105.9
17828.5
17350.9
16663.3
15991
15544.6
15616.6
15940.5
17074.4
19916.9
23727
26492.9
28181.2
29170.6
30509.8
31296.8
31478.2
31365.4
31395.9
31569.4
32005.6
32229.9
32287.3
32225.1
32173.7
32227.5
32420.8
32528.3
32587.9
32561.8
32445.2
32249.3
32200.1
32242.2
32345.8
32384.2
32371.8
32340.4
32202.4
31852.9
31355
30889.3
30484
30186.4
29954.3
29741.3
29455.6
29036.2
28450.9
27658.3
26722.6
25642
24837.5
24096.3
23416.8
22831.7
22149
21640.5
20724.7
4424.11
4827.65
5761.17
7537.82
9774.4
11190.8
11615.7
11924.3
12332.2
12560.8
12669.7
12729.3
12772.4
12805.3
12871
13035.2
13425
14162.3
15261.1
16420.9
17204.8
17691.1
17755.6
17696.9
17556.4
17300.7
16901.9
16469
16188.3
16296.7
16717.4
18139.8
21325.4
25098
28227.7
30244.7
30530
30425.6
30515.4
30916.5
31700.8
32042.4
32120.6
32043.7
31954.9
32030.5
32290.2
32509.2
32535
32532.3
32433.3
32244
32156
32190
32306
32416.3
32413.4
32375
32221.4
31881.8
31384.1
30858.7
30502.5
30219.4
29939.9
29676
29377.9
29012.5
28511.4
27847.3
27003.2
26075.5
25131.8
24248.9
23594.7
23008.4
22464.9
21981.6
21539.2
20649.3
5283.08
6712.99
8707
10210.9
11175.4
11941.9
12391.1
12639.3
12745.9
12761.1
12749.3
12750
12784.3
12822.5
12840.9
12860.1
12899.1
12983.2
13163
13571.2
14262
15154.8
16008.2
16638.6
17028.6
17168
17135.4
17058.1
16907.6
16697.4
16701.4
16851.8
17433.8
19187.2
22394.4
25639.5
27822.4
29006.8
29907.7
31191.1
31671.2
31877.2
31748.4
31585.5
31767.4
32090.6
32447.6
32527.2
32508.3
32391.8
32169.3
32105.7
32142.9
32285.8
32407.3
32431.1
32399.5
32250.2
31889.9
31350.1
30885.2
30528.5
30257.5
30036.2
29778.2
29462.2
29045.2
28498.4
27792.9
27027.5
26240.1
25460.9
24703.5
23980.3
23362.9
22798.1
22260.7
21994.6
21644.1
20808.9
8053.42
9484.7
10796.9
11844.3
12486.9
12614.5
12617.9
12619.2
12665.1
12754.1
12837.9
12866.1
12878.5
12889.3
12891.7
12882.8
12881.3
12888.1
12905.5
12952
13042.6
13206.8
13512.6
14011.9
14680.5
15409.5
16019.4
16396.1
16658.5
16663.4
16671.4
16695
16813
17145.7
17970.6
19883
23067.1
26711.6
29235.8
30828.2
31107.4
30996.9
30838.6
31110.5
31611.2
32275.9
32437.1
32475.7
32294.6
32032.5
31922.1
32000.9
32234.5
32420.4
32441.7
32411.8
32250.6
31862.3
31308.3
30738.9
30336.4
30133.7
29996.2
29837.1
29574.4
29150.4
28515.8
27708.1
26796.7
25968.7
25240.5
24652.3
24178.5
23663.2
23181.6
22627.8
22270.7
21788.6
21244
20280.3
10724.9
11891.7
12196.5
12282.9
12354.9
12505.8
12713.4
12839.4
12864.6
12881.1
12907.1
12918.8
12920.8
12919.1
12915.5
12904.5
12898.9
12900.8
12907.8
12916.3
12927
12943.3
12972.6
13025.4
13127
13332.8
13696.9
14198.3
14786.4
15343.4
15757.5
16070.2
16251.2
16425.6
16710.1
17200.1
18261.3
20394
23450.4
26388.6
28290.3
29305.7
30159.1
31385.7
32000.6
32222.3
32283.6
32039.1
31693
31750.7
31901.4
32189.6
32413.3
32466.4
32424.8
32216
31756.4
31149.9
30664.6
30391.1
30148.1
29932.7
29717.8
29453.6
29041.6
28410.1
27557.5
26692.7
25840.1
25146.2
24575.7
24100.3
23757.2
23381.5
22977.2
22504.2
21932.2
21354.9
20843.6
19941.4
11730.5
12141.2
12568
12761.6
12787.2
12795.3
12842.1
12897.6
12920.5
12937.1
12946.3
12950.5
12949.6
12941
12933.6
12931.9
12933.2
12934.9
12934.5
12933.4
12933.1
12931.1
12927.8
12926
12931.5
12949.9
12990.9
13064.1
13189.7
13406.8
13732.6
14153.8
14599
15016.9
15358.2
15694.3
16118.8
16791.7
18116.7
20380.5
23516.6
27032.6
29514.8
31054.2
31695.9
31675.4
31355.7
30925.3
31110.8
31508.5
32154.2
32434
32482.9
32414.6
32114.9
31498.6
30876.8
30391
30023.2
29978.6
29904.5
29740.5
29429.9
28922.8
28173.2
27272.6
26274.2
25411.6
24686.4
24126.8
23840.2
23626.3
23423.2
23143.9
22749.2
22244.2
21618.1
20895.4
20299.7
19416.8
12678.9
12697.6
12721
12755.5
12820.9
12877.6
12926.4
12952.3
12959.8
12963.9
12964.7
12961.8
12958.7
12954.3
12949.2
12946.7
12948.4
12953.1
12957.1
12957.6
12956.1
12950.4
12938.8
12928.8
12922.1
12921.8
12924.3
12930.9
12945.2
12970.7
13013.6
13082.2
13193.7
13360.3
13578.3
13830.7
14105.1
14419.3
14844
15492.7
16871.7
19245.3
22428.3
25606.7
27462.4
29199.1
29701.5
30498.1
31389.3
32080.3
32312.4
32451.4
32319.8
31840.1
31042.3
30495.1
30288.3
30147.5
29977.5
29779.5
29528.5
29138.3
28507.6
27664.8
26679.9
25873.1
25209.5
24617.4
24116.8
23657.1
23325
23068.7
22854.7
22574.8
22184
21665.6
21049.5
20395.4
19803.8
18968.1
12744
12840.5
12895.9
12916.7
12924.2
12930.8
12943.6
12967.8
12978.4
12981.1
12980.7
12975.8
12969.2
12964.8
12961.6
12959.4
12958.5
12959.8
12961.2
12960.6
12959.2
12957.3
12953.4
12942.1
12930.2
12926.7
12927.5
12928.3
12928.9
12931.3
12935.7
12944.4
12960.3
12984.9
13019.6
13067.2
13131.6
13219.1
13333.9
13494.9
13753.2
14225
15331.4
17278
20432.9
24128.7
27276.1
30274.3
31279.5
32034.4
31935.9
31655.9
30980.4
30179.5
29648.8
29668.6
29740.9
29866.5
29791.2
29525.1
28953.8
28086.2
26953.9
25898.4
24958.8
24258.9
23887.9
23645.6
23531.2
23315.1
23021.3
22640.5
22221.9
21789.2
21303.2
20779.8
20265.9
19750.4
19288.4
18593
12891.7
12895.3
12909.3
12940.3
12959
12964.1
12969
12977.6
12983
12983.7
12983
12981.5
12978
12974.9
12974.1
12973.3
12972
12970.4
12968.9
12966.6
12963.9
12961.2
12959.1
12956.1
12950.4
12944.5
12938.4
12932.9
12931.3
12932.3
12934.6
12937
12939.2
12942.8
12949.8
12958.2
12967
12980.1
12999.9
13028.5
13069.7
13134.5
13252.8
13494.3
14090.8
15382.7
17959.1
21354.2
24341.9
27177.5
28230.3
29153
29271.2
29448.3
29733.4
29723.2
29629.7
29432.6
28987.1
28127.7
26993
25944.5
25171.3
24612.8
24191.2
23768.6
23404.1
23051
22796.1
22513.6
22151
21704.8
21234.2
20775.2
20360.3
19955.8
19564.9
19173.5
18811.8
18224.1
12953.1
12967.3
12974.9
12978.5
12978.8
12973.8
12971.7
12973.6
12978.6
12984.3
12988.5
12989
12987.4
12982.9
12975.7
12969
12965.1
12963.2
12962.9
12964
12965.8
12965.5
12963
12958.8
12953.3
12948
12943.2
12938.4
12936.6
12937.8
12940.3
12942.6
12944.1
12945.6
12947.3
12949.2
12948.2
12944.4
12945.7
12950.3
12958.3
12967.6
12978.5
12996.3
13039.3
13143.7
13424.2
14041.8
15514.2
17897.8
21066.6
24296.4
26600
28627.1
29546.8
29408.5
28922.7
28000.2
26694.9
25314.5
24297.2
23672.3
23375.9
23332.5
23385.2
23281.4
23039.3
22636.4
22088
21500.9
20900.8
20399.2
19939.9
19573.3
19318.4
19161.6
19027
18810.3
18529.5
17986.7
12969.6
12976.1
12980.1
12983
12985.9
12985
12981.4
12981.5
12983.4
12986.4
12986.9
12985.5
12982.4
12977.7
12971.2
12966.4
12964.3
12964.3
12966.2
12968.7
12970.4
12969.7
12966.6
12962.1
12956.7
12952.1
12948.1
12944.6
12943.4
12944.8
12947
12948.3
12949.5
12950.9
12951.6
12951.9
12951.9
12949.5
12947
12945.4
12943
12937.5
12927.3
12913.1
12893.7
12870.6
12838.2
12807.4
12831.5
12967.1
13486
14652.8
16801.9
19391.8
21653.2
23463.5
24070.7
24180.5
24052.3
23915.6
23708.1
23430.7
23098.5
22729
22385.2
21996.7
21544.4
21049.5
20556.6
20079.1
19740.9
19411.4
19101
18831.4
18558.2
18399.9
18275.5
18134.1
17928.2
17488.9
12968.2
12978.3
12994.8
13005.1
13009.6
13010.6
13005.4
12992.1
12985.6
12984
12984.3
12986.2
12988.5
12988.1
12983.1
12977
12974.2
12973.4
12973.2
12973.4
12973.3
12972
12969
12964.7
12960
12955.7
12952.9
12950.4
12949
12948.9
12949.2
12950.4
12952.7
12955.1
12956
12955.3
12955.1
12954.1
12949.1
12940.3
12927.5
12911
12886.8
12853
12798.9
12722.5
12601.3
12446.2
12236.6
12000.5
11756.4
11500.6
11549.2
11906.4
12946.3
14794.8
17156.2
19502.8
21197.8
22788.9
23203.8
23079.3
22696.9
22059.8
21158.6
20219
19551.6
19129.3
18816.6
18730.5
18800.9
18757.8
18627.3
18409.4
18136.5
17860
17572.3
17341.6
17180.2
16873.7
13017.8
13027
13035.2
13034.4
13029.1
13022.1
13015.1
13004.6
12999.5
12999.2
13001.2
13004.6
13007.6
13007.8
13005.2
12997
12989
12985.2
12982.8
12981.8
12982.8
12983.4
12981.8
12977.9
12972.9
12968.1
12963.4
12960.2
12958.9
12959.8
12961.9
12964.2
12967
12967.8
12965.6
12961.2
12955.9
12949.3
12938.3
12922.4
12899.8
12868.6
12820.5
12750.8
12645.8
12499.9
12290.8
12035.4
11703.1
11333
10946.5
10532.4
10178.4
9900.2
9674.13
9778.09
10294.8
11539.9
13628.8
16092.5
17932.7
19366
19634.9
19445.1
19331.6
19191.4
19030.7
18781.5
18435.9
18159.5
17894.8
17699.4
17671.1
17580.2
17378.5
17060.3
16758.9
16423
16315.2
16163.7
13070.1
13061.9
13054.2
13048.9
13043.9
13037.5
13035.4
13038
13044.7
13055.2
13061.3
13061.8
13056.6
13044.9
13029.9
13015.9
13006.8
13002.6
12999.6
12996.8
12996.4
12997.9
12998.8
12997
12991.7
12985.5
12980.3
12976.8
12975.4
12976
12979.2
12983.5
12985.2
12984
12979.9
12971.4
12958.8
12941.6
12919.1
12889
12845.2
12779.9
12682.5
12543.3
12350.3
12097.7
11787.5
11412.8
11024.1
10603
10202.5
9778.4
9409.41
9068.85
8726.45
8485.37
8272.48
8334.48
8649.39
9501.3
11282.6
13724.4
16177.2
17251.8
18187.9
18777.9
18755.8
18593.2
18285.8
17882
17387.5
16978.2
16624.3
16479.5
16438.1
16349.6
16236.5
16048.6
15870.5
15624.4
13100.1
13088.1
13081.2
13079.1
13080.2
13085.8
13095.6
13099.9
13100.3
13097.7
13090.3
13077.1
13067.1
13058.8
13047.5
13041.2
13039.2
13038.9
13038.8
13037.7
13036.1
13034.2
13030.2
13024.2
13017.3
13011.8
13009.1
13008.4
13009.5
13012.5
13014.3
13014.7
13012.1
13006.5
12995.7
12978.1
12953.2
12920.9
12879.3
12818.4
12729.6
12599.7
12418.1
12170.2
11864.1
11511
11090.2
10667.2
10274
9832.1
9438.87
9074.79
8737.9
8415.4
8098.89
7835.16
7590.82
7406.92
7225.67
7261.41
7509.91
8220.16
9799.59
12152
14544.5
15946.1
16646.1
17007.8
16906.1
16584.6
16278
16139.2
15956.5
15813.4
15701.9
15656.5
15659.3
15634.2
15530.3
15286.6
13130
13125.2
13122.3
13120.4
13119.4
13117.2
13112.8
13109.7
13106.5
13103
13098.8
13090.9
13080.7
13078.3
13080.6
13082.7
13081.2
13078.8
13076.6
13073.3
13068.4
13065.9
13064.3
13059.8
13053.2
13048.9
13048.5
13049.9
13051.4
13052.5
13049.9
13043.4
13031.4
13016
12995.6
12967.1
12925.8
12867
12782.2
12655.6
12480
12251.2
11940.1
11575.3
11190.9
10738.9
10278.1
9902.89
9476.49
9063.33
8729.3
8423.52
8103.66
7799.73
7557.06
7332.78
7097.11
6888.5
6709.32
6585.08
6467.22
6511.5
6730.02
7466.42
8897.42
11101.8
13440.6
15438.6
15914.6
16160.3
16105.4
15987.6
15809
15567.5
15294
15060.6
14994
15012.6
15014.4
14945.7
13137.8
13135.8
13132.6
13129.2
13127.2
13125.9
13123.9
13120.4
13115.4
13109.9
13106.4
13104.1
13100.3
13100.2
13102.2
13104.9
13109.7
13113.9
13114.9
13114.2
13110.3
13105.5
13105.7
13106.8
13103.9
13098.9
13093.7
13090.2
13088.3
13087.2
13081.1
13069.6
13049.6
13023.2
12984.7
12929.7
12846.1
12729.3
12561.7
12319.9
12030.1
11675.1
11228.7
10816.3
10378.1
9875.53
9487.5
9126.12
8686.18
8369.48
8098.89
7795.83
7504.4
7278.36
7083.1
6861.65
6659.09
6493.87
6345.06
6187.74
6066.28
5963.71
5914
5976.61
6192.54
6915.66
8547.85
10819.6
12750.1
14736.8
15448.9
15458.9
15415.5
15225.6
14946
14771.7
14607.7
14450.5
14440.6
14478.1
13148.7
13148
13145.5
13141.3
13136.7
13132.7
13129
13125.2
13120.2
13114.9
13112.6
13113.4
13116.1
13119.4
13123.3
13125.6
13125.8
13127.2
13128.5
13129.6
13131.9
13132.6
13132
13132.1
13128.9
13121.3
13114.3
13109.5
13107.1
13104
13099.2
13086.4
13061.6
13013.2
12936.7
12818.2
12642.1
12417
12101.2
11729.6
11342.8
10859.5
10375.2
9975.62
9496.66
9050.4
8731.6
8363.91
7994.89
7756.98
7502.79
7208.82
7006.76
6834.97
6638.9
6432.86
6297.03
6157.72
6017.9
5878.5
5787.63
5664.25
5594.84
5507.25
5512.64
5587.31
5845.53
6649.17
8489.3
11074.8
12730.4
13963.2
14779.9
14972.8
14971.5
14896.4
14710.1
14484.9
14272.5
14180.8
13161.1
13159.8
13156.5
13149.8
13141.7
13135.8
13130.9
13127.3
13124.2
13122.8
13123.7
13125.9
13128.5
13131.5
13135
13138.2
13142.6
13146.1
13147.5
13147.5
13144.9
13142.3
13140.3
13139.6
13141
13141.1
13137.4
13132.3
13125.5
13110.4
13081.1
13032.4
12953
12838.7
12675.5
12446.7
12157.9
11809.7
11355.1
10923.8
10449.2
9910.42
9498.21
9100.39
8631.74
8301.29
8022.13
7671.27
7399.51
7195.8
6963.85
6725.99
6585.75
6413.41
6243.86
6094.01
5989.68
5843.8
5733.17
5635.68
5546.3
5444.21
5374.71
5300.94
5244.81
5202.57
5222.06
5335.27
5704.14
6683.55
8727.76
11431.7
12947.6
13670.6
14242
14402.5
14384
14352
14304.2
14186.5
13165.7
13164.1
13160.2
13152.9
13145.2
13141.5
13138.3
13136.2
13136
13137
13139
13141.1
13143.5
13146.8
13151.2
13153.9
13155.2
13155.9
13155.7
13154.6
13152.2
13150.4
13149.4
13148.4
13144.6
13137.8
13126.3
13109.3
13082
13038.8
12969.3
12865.9
12707.1
12496.4
12202.7
11833.8
11410.9
10924.2
10402.6
9945.64
9446.61
8977.86
8637.2
8240.95
7879.84
7623.8
7368.81
7074.9
6883.97
6700.17
6502.82
6323.77
6206.3
6053.72
5925.81
5809.01
5701.24
5586.14
5508.35
5425.64
5326.67
5269.92
5199.03
5142.61
5081.07
5050.74
5009.1
5012.49
5049.23
5209.12
5729.06
6980.34
9182.6
11877.3
13560.5
13897.5
13877.4
13876.3
13917.7
13994.9
13173
13170.6
13166.1
13158.2
13152.5
13150.5
13148.5
13147.5
13148.1
13149.2
13150.7
13154.4
13157.8
13159.2
13160.9
13162
13162.4
13161.8
13160.2
13159.2
13158.6
13158.2
13156.2
13151.8
13143.2
13128.4
13102.6
13060.4
12990.9
12883.5
12726.4
12508.6
12202.5
11837
11387.4
10871.9
10375.5
9850.81
9359.79
8928.99
8499.87
8129.54
7838.06
7501.05
7232.25
7014.17
6808.37
6588.15
6428.19
6276.9
6115.5
5984.08
5877.88
5763.68
5650
5556.08
5471.11
5391.29
5309.33
5233.7
5175.95
5129.5
5065.11
5021.58
4987.71
4955.68
4925.37
4891.69
4885.51
4900.91
4970.8
5212.72
5968.44
7643.25
10058.1
12551
13808.9
13984.3
13914.3
13825.2
13183.3
13181
13176.5
13169.1
13163.8
13162
13159.7
13159
13159.9
13161.4
13163.2
13165.9
13168.4
13169.5
13169.5
13169.9
13170.2
13169.6
13168.3
13167
13165.6
13162.8
13156.2
13143.4
13119.9
13079.2
13010.5
12905.9
12748.3
12522.6
12225.6
11822.9
11352.9
10856
10280.5
9738.58
9298.44
8788.16
8361.35
8023
7675.43
7384.41
7148
6880.06
6667.47
6509.57
6343.86
6166.05
6043.45
5931.52
5793.58
5696.3
5609.35
5510.47
5418.19
5355.27
5287.08
5208.3
5145.55
5100.08
5057.54
5002.46
4966.84
4938.66
4912.99
4887.32
4870.33
4851.38
4827.49
4818.65
4825.93
4859.58
4973.12
5353.94
6530.6
8694.33
11048.1
12918.4
13901.9
14013.4
13193.5
13191.9
13189.4
13184.7
13180.7
13180
13180.5
13181.7
13183
13184.5
13184.6
13183.4
13182.8
13183
13182.2
13181.3
13180.8
13180.1
13177.9
13175.6
13171.8
13162.3
13141.8
13102.3
13036.5
12928.4
12762.7
12540.9
12218.2
11797.2
11322
10749.9
10199.4
9632.6
9077.34
8679
8269.77
7794.61
7512
7267.53
6970.27
6757.42
6575.38
6360.01
6214.56
6104.46
5952.59
5818.65
5738.03
5637.73
5528.52
5463.55
5388.55
5295.81
5240.13
5193.39
5130.99
5077.67
5040.92
5001.36
4960.13
4929.84
4909.95
4886.36
4862.73
4849.91
4837.13
4822.25
4802.34
4790.78
4775.91
4774.29
4786.53
4845.17
5038.01
5665.11
7434.74
9920.1
11871.4
13363.2
13206.2
13204.7
13203.6
13202.7
13202.2
13202.7
13204.4
13205.2
13205.1
13204
13202.3
13200
13197.4
13195.2
13192.8
13191.5
13190.6
13187.9
13182.9
13172.7
13152.5
13115.1
13047.9
12941.2
12775.9
12520.9
12203.1
11772.6
11197.1
10655.4
10080.7
9432.13
8916.73
8453.47
8060.51
7724.93
7313.03
7014.72
6854.01
6638.76
6393.92
6253.84
6106.68
5947.68
5862.03
5773.55
5633.56
5541.44
5480.08
5391.75
5324.39
5273.85
5196.56
5130.05
5096.45
5060.63
5017.43
4983.94
4949.41
4918.66
4899.19
4883.12
4863.19
4845.97
4836.55
4829.8
4819.3
4806.16
4796.88
4787.01
4773.94
4765.22
4759.62
4763.81
4790.99
4898.23
5220.16
6337.38
8439.43
11560.6
13222.2
13222.6
13222.1
13219.6
13217.2
13217
13217.6
13217.6
13216.5
13214.9
13213
13211.5
13209.5
13205.7
13202.3
13197.5
13190.5
13179.3
13160
13123.6
13057.2
12947.3
12767.5
12499
12135.9
11670.2
11091
10410.5
9861.24
9310.13
8621.09
8146.16
7853.32
7513.49
7165.17
6862.45
6599.2
6460.88
6331.6
6120.91
5951.72
5859.49
5739.44
5642.31
5584.01
5495.33
5376.88
5324.7
5275.11
5207.85
5165.07
5116.77
5051.35
5020.71
4997.95
4969.5
4939.25
4916.58
4896.15
4880.19
4865.64
4846.86
4829.33
4820.92
4816.38
4810.74
4802.51
4795.29
4791.17
4785.08
4779.96
4772.18
4763.47
4753.43
4753.3
4765.4
4817.9
5005.85
5578.77
8293.38
13235.1
13235.8
13235.6
13234.5
13233.3
13233.2
13233.4
13233.6
13232.8
13230.5
13227.4
13224.2
13220.4
13214.1
13204.3
13191.5
13172.8
13139.4
13072.6
12953
12761.9
12453.4
12031.7
11531.5
10896.8
10164.5
9533.79
9016.85
8477.26
7820.23
7441.68
7279.47
7033.74
6644
6403.71
6265.88
6137.16
6023.82
5895.86
5727.95
5633.04
5558.32
5456.08
5397.4
5344.5
5251.63
5186.5
5156.52
5107.95
5064.46
5036.86
4995.89
4965.47
4951.51
4931.82
4906.7
4888.53
4877.27
4866.61
4854.87
4841.69
4826.59
4815.64
4809.79
4803.82
4797.21
4791.72
4787.85
4784.44
4780.99
4776.36
4771.1
4764.53
4757.65
4748.06
4744.65
4749.24
4776.91
4870.82
5779.32
13239.4
13238.7
13239.5
13239.7
13238.3
13236.7
13236.8
13237.3
13237.3
13235.9
13233.4
13229.1
13223.2
13215.1
13200.1
13167.9
13098.9
12972
12764.8
12432.5
11961.3
11399.6
10737.2
9949.54
9226
8742.06
8247.21
7638.57
7123.74
6930.86
6814.3
6608.4
6232.7
6010.7
5971.19
5904.67
5780.38
5669.41
5564.37
5463.65
5406.85
5337.39
5260.34
5213.06
5151.39
5085.33
5063.26
5037.57
4993.24
4969.54
4949.13
4925.59
4913.12
4899.19
4878.3
4864.52
4858.07
4852.61
4844.84
4835.09
4825.97
4817.38
4810.94
4806.17
4799.99
4793.39
4789.63
4786.96
4783.25
4779.84
4776.44
4773.7
4769.52
4763.14
4753.61
4742.45
4733.45
4735.71
4751.16
4950.39
13238.3
13239.1
13240.9
13243.4
13244.7
13244.8
13244.2
13245.3
13246.6
13246.7
13243.4
13235.5
13220.7
13191.6
13130.5
13012.2
12812
12475.5
11972.4
11368.2
10647.7
9830.67
9046.73
8518.58
8058.19
7537.81
6930.66
6668.3
6586.04
6476.61
6236.62
5900.5
5746.37
5749.25
5734
5626.97
5471.21
5397.2
5336.72
5288.06
5244.71
5180.04
5120.36
5070.48
5017.5
4998.39
4987.21
4964.13
4936.73
4922.18
4905.79
4892.47
4882.24
4867.2
4851.14
4843.73
4839.5
4836.41
4831.93
4824.91
4818.16
4812.96
4808.99
4804.98
4800
4793.88
4789.61
4786.22
4782.87
4778.71
4774.4
4769.15
4764.15
4757.72
4751.48
4742.19
4732.48
4725.24
4727.14
4773.18
13246
13246.8
13248.1
13252
13254.7
13256
13257
13257.8
13258.2
13255.7
13245.5
13222.4
13174.3
13074.5
12892.6
12569.9
12057
11416.4
10655.2
9790
8939.45
8391.44
7918.67
7421.5
6836.28
6507.46
6410.55
6339.21
6195.36
5913.63
5656.3
5583.2
5593.81
5595.16
5532.89
5371.12
5242.66
5220.79
5195.18
5158.54
5114.04
5055.3
5009.29
4969.54
4950.91
4944.52
4934.38
4917.6
4906.63
4898.59
4888.02
4879.13
4869.86
4855.9
4843.24
4835.05
4830.75
4829.18
4826.53
4821.3
4814.42
4808.44
4803.86
4800.43
4796.97
4793.28
4789.5
4785.49
4781.03
4776.27
4771.5
4766.31
4760.15
4753.88
4748.16
4742.79
4735.81
4726.88
4722.16
4731.97
13239.9
13240.8
13243.6
13250
13254.9
13256.4
13256.9
13256.1
13253
13239.5
13205.3
13127.7
12975.4
12689
12200.2
11551.9
10757
9844.62
8943.02
8340.78
7826.88
7336.04
6767.91
6413.54
6277.71
6208.66
6120.38
5927.64
5657.32
5505.9
5484.79
5490.23
5474.1
5409.23
5286.96
5166.29
5130.63
5119.58
5089.88
5052.04
5013.68
4971.99
4943.76
4924.06
4917.22
4911.64
4900.6
4888.93
4886.09
4882.62
4876.27
4869.34
4860.88
4848.66
4839.06
4830.74
4826.29
4825.67
4825.46
4822.75
4817.09
4808.81
4799.44
4792.59
4789.23
4786.85
4784.5
4781.38
4777.54
4773.54
4770.37
4767.13
4762.49
4755.6
4748.55
4742.91
4738.23
4731.43
4724.12
4718.84
13213.7
13219.4
13223
13225.9
13227.1
13227.2
13226.4
13223.7
13210.8
13167.2
13064.9
12849.7
12434.9
11824
11019.5
10042.5
9073.22
8403.43
7831.99
7301.48
6722.23
6405.01
6222.8
6101.49
6023.64
5906.56
5711.5
5514.66
5436.52
5430.22
5418.58
5378.92
5300.91
5194.62
5103.17
5079.04
5075.32
5055.78
5018.69
4991.15
4963.14
4937.6
4923.07
4913.61
4906.29
4895.56
4878.39
4869.51
4867.07
4863.63
4858.18
4853.05
4847.54
4842.98
4840.61
4835.79
4828.46
4821.72
4817.96
4817.5
4817.02
4812.06
4801.12
4787.55
4779.9
4777.86
4778.11
4778.28
4776.07
4771.58
4766.44
4763.77
4761.94
4759.28
4752.9
4746.74
4740.68
4736.71
4730.18
4719.43
13187.4
13190.7
13192.7
13192.1
13189.3
13191.1
13195.3
13193
13146.8
13018.7
12719
12196
11430.4
10416.3
9355.93
8580.6
7909.74
7319.25
6768.15
6423.33
6192.77
6067.76
5957.4
5837.49
5709.57
5565.64
5423.69
5377.43
5379.05
5369.4
5324.14
5239.23
5130.92
5049.89
5031.38
5035.65
5032.07
5009.66
4982.05
4961.23
4940.35
4925.49
4914.44
4904.45
4892.6
4873.39
4856.13
4854.45
4856.4
4855.98
4853.13
4847.1
4839.28
4837.78
4840.67
4842.02
4837.81
4826.71
4813.49
4807.1
4807.12
4808.46
4804.71
4794.01
4779.74
4770.25
4767.12
4768.32
4770.27
4770.59
4768.12
4764.42
4761.92
4760.31
4757.11
4751.14
4744.03
4737.88
4732.09
4722.04
13118.2
13121.9
13123
13122.4
13129.9
13144.1
13157.6
13113.2
12950.5
12579.2
11935.2
10951.8
9836.91
8912.02
8103.46
7426.77
6845.49
6482.07
6214.79
6046.37
5940.82
5833.01
5703.78
5599.96
5496.75
5394.15
5337.49
5310.84
5297.84
5271.8
5209.75
5109.07
5023.21
5000.82
5002.64
5009.06
5003.21
4981.41
4951.43
4932.18
4920.17
4910.73
4902.62
4893.99
4877.84
4854.38
4845.73
4848.34
4855.13
4859.51
4858.72
4850.42
4835.5
4825.98
4824.6
4828.14
4832.35
4832.14
4823.82
4810.83
4800.05
4795.79
4795.31
4793.18
4785.44
4774.01
4764.27
4760.6
4761.8
4765.02
4767.39
4767.55
4765.13
4762.52
4759.51
4754.99
4747.07
4738.17
4730.57
4720.27
13062.6
13069.2
13071.2
13074.5
13096.9
13119.7
13088.3
12892.1
12444.5
11630.4
10504.4
9431.57
8478.68
7651.75
7017.62
6585.17
6267.04
6063.57
5902.73
5784.66
5708.68
5652.05
5565.38
5458.48
5369.23
5312.98
5269.65
5242.14
5216.87
5174.01
5097.09
5011.35
4986.55
4989.7
5001.14
5002.25
4987.06
4952.7
4917.23
4906.83
4903.27
4903.14
4904.94
4901.89
4884.75
4857.11
4840.75
4836.56
4840.74
4847.29
4851.97
4851.98
4844.74
4833.37
4822.78
4818.44
4822.3
4828.79
4831.45
4825.84
4811.94
4796.16
4786.32
4782.77
4780.56
4776.03
4768.6
4762.21
4759.74
4760.98
4763.9
4766.32
4766.04
4762.89
4758.17
4753.36
4748.25
4742.1
4735.34
4724.71
12995
13000.7
12997.4
13023.8
13058.2
13055.2
12849.1
12327.5
11377
10233.4
9073.18
8071.78
7327.89
6784.23
6391.53
6136.09
5970.49
5813.61
5693.22
5656.83
5614.41
5529.14
5415.48
5332.13
5283.15
5238.46
5194.04
5167.48
5141.31
5097.67
5032.26
4986.11
4976.78
4981.67
4987.84
4981.11
4961.02
4925.03
4901.33
4896.01
4894.94
4896.29
4898.77
4896.26
4882.7
4863.78
4848.98
4838.43
4832.44
4832.74
4838.45
4845.39
4849.69
4847.46
4836.51
4821.43
4812.48
4812.6
4815.99
4817.55
4813.81
4803.52
4791.16
4782.6
4777.42
4773.42
4768.53
4764.13
4762.05
4762.66
4764.47
4766.14
4766.62
4765.41
4761.45
4755.36
4747.6
4739.74
4733.55
4724.83
12937
12930.6
12952.2
13011.1
13052.4
12861.8
12283.4
11250.8
9981.26
8785.42
7777.69
7073.12
6593.26
6256.82
6036.97
5861.39
5767.42
5715.49
5634.85
5540.26
5468.32
5401.44
5311.17
5242.38
5206.22
5175.48
5153.89
5137.21
5104.08
5047.88
4990.6
4974.26
4977.22
4982.49
4979.09
4966.72
4940.76
4912.11
4902.15
4899.15
4896.15
4891.93
4888.03
4882.47
4874.52
4869.69
4866.74
4859.77
4846.11
4831.72
4827.89
4833.03
4839.75
4843.62
4840.76
4829.01
4816.15
4811.99
4813.65
4815.04
4812.67
4805.37
4795.43
4787.03
4781.06
4775.43
4769.06
4763.58
4761.71
4763.27
4765.87
4767.36
4766.43
4763.56
4759.68
4754.92
4749.29
4742.33
4735.89
4727.31
12874.3
12867.2
12944
13016.5
12905.5
12282
11219.1
9816.7
8588.08
7638.03
6902.97
6507.53
6219.29
5961.18
5834.74
5789.66
5718.34
5602.32
5487.65
5424.12
5378.51
5305.04
5218.82
5190.24
5177.14
5147.29
5115.29
5091.02
5052.7
4999.84
4972.91
4974
4980.76
4980.95
4973.29
4954.09
4921.81
4902.54
4899.41
4901.15
4900.06
4892.98
4881.09
4867.59
4860.39
4863.83
4869.79
4869.66
4856.9
4834.41
4823.54
4826.97
4834.7
4840.39
4840.32
4831.38
4817.25
4809.89
4810.82
4813.12
4811.46
4804.24
4793.83
4785.51
4780.82
4777.3
4772.64
4767.37
4763.97
4763.69
4765.39
4766.99
4766.82
4764.27
4759.8
4754.38
4748.24
4741.86
4736.37
4728.42
12808.1
12858.5
12957.5
12977.3
12410.6
11300.2
9923.25
8525.91
7546.45
6890.66
6440.48
6144.72
5961.39
5873.96
5788.55
5689.16
5601.88
5521.59
5421.44
5342.09
5293.2
5244.21
5197.26
5170.99
5144.26
5108.58
5081.24
5055.5
5013.87
4978.83
4976.88
4986.4
4991.3
4983.82
4964.06
4931.24
4902.07
4895.65
4902.07
4911.35
4913.21
4903.29
4881.24
4856.62
4849.92
4859.35
4870.33
4874.72
4865.75
4842.29
4825.2
4824.54
4832.04
4838.94
4840.05
4832.43
4818.14
4808.19
4807.66
4810.59
4810.8
4805.8
4797.02
4788.37
4782.37
4777.81
4773.19
4768.64
4765.77
4765.27
4766.09
4766.61
4765.61
4762.7
4758.54
4753.34
4747.75
4741.73
4736.52
4729.36
12778.7
12877.5
12958.4
12672.2
11514.5
10109.2
8705.65
7550.87
6895.8
6401.14
6104.63
5979.63
5853.4
5738.69
5669.98
5629.35
5557.77
5437.44
5330.23
5284.34
5254.24
5199.32
5155.03
5140.92
5120.4
5082.67
5051.13
5025.56
4992.58
4977.45
4982.7
4990.76
4991.2
4977.94
4948.37
4909.97
4887.72
4887.88
4901.38
4916.04
4921.05
4910.7
4881.38
4848.34
4841.35
4853.48
4866.95
4873.59
4867.92
4848.01
4828.51
4822.52
4827.39
4834.37
4836.75
4831.41
4819.22
4808.66
4806.09
4807.66
4807.48
4803.24
4796.03
4788.7
4783.16
4778.75
4774.21
4769.64
4766.4
4765.31
4765.68
4765.86
4764.64
4761.58
4757.34
4752.26
4746.84
4741.23
4736.49
4729.63
12786.1
12918.1
12861.9
11991.9
10441.3
9014.24
7771.39
6920.73
6471.66
6151.77
5983.85
5860.71
5752.05
5687.95
5630.51
5564.53
5488.42
5384.21
5296.65
5246.45
5208.74
5163.45
5139.28
5124
5096.96
5060.18
5032.54
5006.57
4981.09
4979.14
4988.33
4996.43
4994.47
4973.32
4934.75
4897.33
4880.07
4883.68
4901.04
4917.66
4924.04
4914.07
4883.28
4848.84
4838.82
4849.48
4863.5
4870.93
4866.98
4851.53
4834.36
4825.55
4826.89
4832.22
4834.26
4829.56
4818.83
4808.66
4805.04
4805.66
4805.49
4802.11
4796.18
4789.55
4783.9
4779.2
4774.75
4770.47
4767.31
4765.84
4765.55
4765.14
4763.59
4760.39
4756.18
4751.14
4746
4740.7
4736.25
4729.8
12828.7
12910.1
12512.6
11069.3
9389.75
8117.48
7108.39
6552.8
6258.1
6013.32
5891.86
5809.41
5710.27
5627.5
5566.66
5512.5
5445.38
5336.04
5257.09
5220.36
5185.07
5138.55
5117.24
5104.88
5078.7
5042.59
5015.8
4993.39
4979.22
4983.13
4991.23
4996.81
4991.04
4963.73
4923.13
4891.49
4877.27
4881.86
4899.4
4916.03
4922.28
4911.26
4882.19
4852.64
4840.45
4846.57
4859.14
4866.75
4863.86
4851.73
4837.76
4828.26
4826.48
4829.63
4831.18
4827.23
4818.11
4808.75
4804.09
4803.4
4802.91
4800.37
4795.76
4790.02
4784.41
4779.4
4774.79
4770.64
4767.63
4765.99
4765.32
4764.44
4762.61
4759.32
4755.15
4750.22
4745.17
4740.02
4735.76
4729.43
12879.1
12798.8
11891.9
10133.3
8499.22
7444.02
6708.34
6367.51
6143.83
5951.02
5851.13
5767.33
5669.14
5593.41
5529.4
5465.53
5398.83
5305.76
5241.73
5202.82
5161.72
5119.59
5104.67
5091.13
5063.12
5030.1
5007.15
4988.4
4979.98
4984.8
4991.35
4994.65
4984.76
4954.04
4917.38
4892.31
4880.91
4884.14
4897.96
4912.2
4916.76
4904.7
4880.04
4858.33
4846.79
4847.38
4855.94
4862.35
4860.15
4851.04
4840.43
4831.63
4827.62
4828.28
4828.82
4825.23
4817.54
4809.14
4803.82
4801.93
4801.06
4799.16
4795.66
4790.62
4785.01
4779.62
4774.83
4770.78
4767.91
4766.14
4765.1
4763.8
4761.69
4758.26
4754.07
4749.15
4744.26
4739.24
4735.11
4728.89
12915.2
12553.5
11134.1
9215.86
7810.52
6986.6
6474.95
6266.99
6086.89
5915.45
5818.57
5740.58
5642.15
5558.48
5491.1
5429.3
5364.94
5279.98
5224.67
5189.17
5147.1
5106.78
5093.26
5079.88
5052.14
5021.26
5000.74
4986.08
4981.41
4985.25
4989.53
4989.52
4975.38
4944.65
4915.3
4896.42
4887.55
4888.39
4896.98
4907.12
4908.7
4896.01
4877
4862.8
4853.67
4850.31
4853.9
4857.9
4855.87
4849.42
4841.93
4834.32
4828.86
4827.26
4826.67
4823.37
4816.96
4809.46
4803.62
4800.63
4799.36
4798.05
4795.5
4791.02
4785.29
4779.43
4774.42
4770.49
4767.82
4766.03
4764.73
4763.08
4760.73
4757.2
4753.02
4748.1
4743.26
4738.28
4734.25
4728.06
12909.8
12123.1
10355.2
8408.8
7323.27
6701.11
6348.43
6207.95
6048.83
5896.07
5801.57
5717.83
5615.85
5531.4
5464.23
5401.54
5336.48
5262.69
5214.81
5179.08
5135.38
5099.08
5086.87
5071.99
5043.78
5015.7
4998.15
4986.46
4982.76
4984.68
4986.54
4982.85
4964.79
4936.69
4915.69
4903.14
4896.46
4894.39
4896.93
4901.44
4899.03
4886.7
4874.4
4867.02
4860.52
4854.38
4853.19
4854.16
4851.91
4847.79
4843.09
4836.84
4830.46
4826.87
4825
4821.85
4816.6
4809.86
4803.54
4799.52
4797.83
4796.97
4795.25
4791.27
4785.41
4779.09
4773.84
4770.01
4767.53
4765.76
4764.25
4762.32
4759.74
4756.1
4751.89
4746.97
4742.21
4737.27
4733.3
4727.16
12855.8
11562.7
9588.4
7784.24
7000.22
6532.48
6278.73
6169.66
6021.04
5880.38
5788.28
5701.77
5595.38
5507.86
5441.91
5381.36
5316.46
5249.16
5205.72
5170.93
5127.47
5094.44
5082.28
5066.29
5038.22
5012.36
4996.91
4987.27
4983.72
4983.66
4982.75
4975.21
4954.32
4930.36
4917.21
4910.66
4905.67
4900.89
4897.3
4895.44
4888.87
4877.95
4872.21
4870.68
4866.72
4858.62
4853.04
4850.77
4848.22
4846.17
4843.86
4838.88
4831.84
4826.47
4823.38
4820.34
4816.07
4810
4803.3
4798.39
4796.35
4795.87
4794.85
4791.26
4785.24
4778.46
4773
4769.28
4767.01
4765.29
4763.65
4761.49
4758.75
4755.02
4750.8
4745.88
4741.17
4736.26
4732.34
4726.24
12708.1
10949
8861.47
7355.39
6799.92
6434.54
6246.4
6146.45
6002.31
5868.64
5775.95
5685.67
5577.68
5490.48
5426.37
5366.21
5300.89
5239.42
5199.52
5164.62
5121.57
5092.21
5079.94
5062.42
5034.39
5010.66
4997.01
4988.54
4984.5
4982.58
4978.77
4967.44
4944.84
4925.38
4919.04
4918.06
4914.84
4907.49
4898.33
4889.39
4878.9
4870.63
4870.73
4873.99
4872.25
4862.82
4852.97
4847.63
4844.9
4844.58
4844.29
4840.48
4832.98
4826.07
4821.9
4818.95
4815.5
4809.99
4802.93
4797.24
4794.91
4794.74
4794.3
4791.09
4784.91
4777.71
4772.07
4768.47
4766.4
4764.76
4763.02
4760.69
4757.81
4754.02
4749.8
4744.88
4740.22
4735.35
4731.47
4725.41
12442.3
10339.6
8232.23
7078.52
6682.81
6375.93
6227.7
6133.63
5992.81
5860.67
5763.62
5669.3
5562.23
5477.03
5415.15
5355.5
5289.82
5231.79
5194.36
5159.54
5117.53
5091.16
5078.48
5059.76
5032.01
5009.96
4997.48
4989.68
4985.12
4981.53
4974.79
4959.99
4936.89
4921.74
4920.83
4924.65
4923.48
4913.71
4899.66
4883.38
4869.33
4864.67
4869.49
4876.64
4876.88
4866.52
4852.76
4844.59
4841.92
4843.02
4844.38
4841.61
4833.77
4825.53
4820.44
4817.58
4814.81
4809.78
4802.44
4796.09
4793.53
4793.64
4793.69
4790.8
4784.49
4776.9
4771.12
4767.65
4765.77
4764.22
4762.42
4759.96
4756.99
4753.15
4748.93
4744.02
4739.4
4734.56
4730.71
4724.7
12077.6
9729.74
7748.74
6915.1
6616.54
6338.16
6211.61
6123.71
5988.42
5856.8
5754.34
5654.73
5548.83
5467
5407.44
5347.9
5281.91
5226.43
5190.7
5155.48
5114.65
5090.91
5077.86
5057.95
5030.49
5009.85
4998.17
4990.68
4985.65
4980.63
4971.21
4953.37
4930.47
4919.21
4922.49
4930.19
4931.34
4919.64
4900.56
4877.64
4860.62
4859.94
4868.44
4878.59
4880.71
4869.54
4852.45
4841.66
4839.26
4841.53
4844.22
4842.35
4834.29
4824.94
4819.09
4816.32
4814.1
4809.49
4801.92
4795.01
4792.28
4792.64
4793.1
4790.48
4784.06
4776.15
4770.24
4766.9
4765.19
4763.72
4761.88
4759.34
4756.29
4752.42
4748.2
4743.3
4738.73
4733.91
4730.08
4724.12
11633.8
9159.02
7409.56
6826.24
6577.17
6311.86
6197.04
6114.5
5986.15
5855.06
5748.16
5643.92
5538.43
5459.46
5401.91
5342.53
5276.45
5222.65
5187.95
5152.19
5112.66
5090.91
5077.54
5056.62
5029.54
5009.99
4998.79
4991.47
4986.16
4979.94
4968.09
4947.62
4925.17
4917.25
4923.75
4934.38
4937.97
4925.11
4900.82
4872.08
4853.21
4855.98
4867.53
4879.91
4883.78
4871.88
4852.03
4838.92
4836.92
4840.17
4843.9
4842.8
4834.59
4824.31
4817.86
4815.2
4813.44
4809.18
4801.43
4794.05
4791.18
4791.79
4792.57
4790.19
4783.67
4775.48
4769.47
4766.24
4764.69
4763.29
4761.43
4758.82
4755.72
4751.82
4747.61
4742.72
4738.18
4733.38
4729.57
4723.64
11145.1
8654.14
7192.28
6781.94
6552.21
6294.44
6185.69
6107.39
5984.55
5853.87
5743.72
5636.12
5530.78
5454.07
5398.04
5338.69
5272.63
5220.17
5186.03
5149.49
5111.21
5091.04
5077.4
5055.61
5028.93
5010.28
4999.37
4992.1
4986.63
4979.41
4965.35
4942.7
4920.78
4915.63
4924.61
4937.41
4943.26
4930.17
4900.59
4866.55
4847.49
4852.42
4866.87
4880.8
4886.12
4873.77
4851.42
4836.57
4834.89
4839
4843.55
4843.09
4834.78
4823.73
4816.81
4814.25
4812.86
4808.89
4801
4793.22
4790.26
4791.07
4792.12
4789.92
4783.34
4774.9
4768.81
4765.68
4764.26
4762.92
4761.06
4758.41
4755.26
4751.36
4747.15
4742.27
4737.75
4732.98
4729.18
4723.28
10644.3
8232.96
7060.51
6759.38
6536.18
6284.18
6178.08
6102.85
5983.57
5852.76
5740.05
5630.44
5525.41
5450.27
5395.22
5336.02
5270.02
5218.53
5184.58
5147.25
5110.08
5091.14
5077.21
5054.77
5028.49
5010.55
4999.74
4992.43
4986.89
4978.87
4962.98
4938.51
4917.19
4914.12
4925.12
4939.51
4947.25
4934.87
4899.95
4861.28
4843.14
4849.24
4866.53
4881.37
4887.78
4875.31
4850.61
4834.68
4833.06
4838.02
4843.18
4843.23
4834.86
4823.2
4815.9
4813.45
4812.37
4808.64
4800.65
4792.54
4789.51
4790.48
4791.77
4789.71
4783.08
4774.43
4768.28
4765.24
4763.93
4762.66
4760.81
4758.13
4754.95
4751.04
4746.83
4741.96
4737.47
4732.71
4728.92
4723.04
10140
7920.58
6984.11
6745.67
6526.42
6278.78
6174.77
6100.14
5983.22
5851.55
5736.74
5626.18
5521.65
5447.66
5393.14
5334.12
5268.12
5217.44
5183.43
5145.42
5109.13
5091.19
5076.94
5054.08
5028.12
5010.65
4999.87
4992.5
4986.99
4978.36
4960.99
4934.98
4914.34
4912.73
4925.37
4940.9
4950.14
4938.99
4899.16
4856.78
4839.57
4846.95
4866.35
4881.62
4888.94
4876.58
4849.86
4833.22
4831.5
4837.32
4842.91
4843.34
4834.97
4822.8
4815.22
4812.87
4812.04
4808.49
4800.44
4792.05
4788.96
4790.08
4791.56
4789.61
4782.95
4774.12
4767.92
4764.97
4763.74
4762.52
4760.67
4757.96
4754.76
4750.83
4746.63
4741.76
4737.28
4732.54
4728.75
4722.89
9641.88
7703.77
6939.47
6735.14
6520.81
6276.65
6175.17
6099.32
5983.62
5850.43
5734.18
5623.1
5518.93
5445.72
5391.5
5332.68
5266.63
5216.63
5182.4
5143.89
5108.2
5091.06
5076.53
5053.41
5027.66
5010.52
4999.76
4992.32
4986.87
4977.83
4959.29
4932.01
4911.96
4911.53
4925.27
4941.82
4952.19
4942.09
4898.66
4852.94
4836.63
4845.46
4865.78
4882.02
4889.71
4877.5
4849.23
4831.95
4830.24
4836.75
4842.67
4843.39
4835.05
4822.46
4814.65
4812.38
4811.74
4808.34
4800.24
4791.62
4788.47
4789.72
4791.35
4789.48
4782.8
4773.81
4767.58
4764.68
4763.53
4762.34
4760.49
4757.76
4754.54
4750.61
4746.42
4741.55
4737.08
4732.35
4728.56
4722.71
9187.79
7566.42
6914.36
6727.85
6517.76
6277.15
6177.86
6099.61
5982.78
5847.52
5731.24
5620.47
5516.77
5444.14
5390.08
5331.42
5265.32
5215.89
5181.38
5142.55
5107.21
5090.73
5075.98
5052.73
5027.11
5010.24
4999.5
4992.01
4986.67
4977.36
4957.93
4929.7
4909.94
4910.65
4924.83
4942.58
4953.68
4944.37
4898.65
4849.26
4834.44
4844.61
4864.73
4882.73
4890.23
4878.08
4848.68
4830.78
4829.35
4836.21
4842.42
4843.36
4835.04
4822.11
4814.15
4811.95
4811.44
4808.17
4800.03
4791.22
4788.04
4789.4
4791.13
4789.33
4782.63
4773.53
4767.26
4764.42
4763.31
4762.15
4760.3
4757.56
4754.33
4750.4
4746.21
4741.34
4736.88
4732.16
4728.36
4722.52
8765
7474.94
6899.59
6721.57
6515.42
6278.44
6180.47
6100.93
5983.55
5846.41
5729.29
5618.1
5514.49
5442.31
5388.45
5329.87
5263.73
5214.79
5179.98
5140.95
5105.74
5089.85
5074.91
5051.58
5026.03
5009.39
4998.65
4991.11
4985.9
4976.41
4956.31
4927.41
4907.69
4909.39
4924.01
4942.56
4954.17
4945.76
4898.43
4845.23
4832.29
4843.41
4863.33
4882.8
4890.3
4878.02
4847.7
4829.28
4828.26
4835.24
4841.78
4842.85
4834.53
4821.35
4813.28
4811.14
4810.74
4807.58
4799.4
4790.43
4787.24
4788.68
4790.51
4788.76
4782.04
4772.85
4766.55
4763.75
4762.69
4761.55
4759.71
4756.96
4753.72
4749.79
4745.61
4740.75
4736.29
4731.58
4727.78
4721.94
8443.88
7428.46
6893.6
6718.08
6512.72
6280.38
6181.92
6098.3
5977.37
5839.65
5724.94
5614.96
5511.84
5440.07
5386.4
5327.9
5261.79
5213.23
5178.2
5139.11
5103.85
5088.46
5073.41
5050.11
5024.62
5008.17
4997.45
4989.91
4984.83
4975.29
4954.76
4925.41
4905.67
4908.1
4923.19
4941.98
4954.04
4946.36
4898.33
4842.24
4830.7
4842.07
4862.24
4882.38
4890.2
4877.83
4846.93
4828.08
4827.34
4834.39
4841.23
4842.36
4834.08
4820.74
4812.58
4810.48
4810.18
4807.1
4798.92
4789.84
4786.64
4788.14
4790.04
4788.33
4781.6
4772.37
4766.03
4763.28
4762.25
4761.13
4759.3
4756.56
4753.32
4749.4
4745.22
4740.36
4735.91
4731.2
4727.41
4721.58
8149.67
7392.67
6887.31
6710.9
6505.42
6274.47
6179.57
6098.37
5979.46
5839.99
5722.87
5611.86
5508.47
5436.95
5383.39
5324.92
5258.82
5210.58
5175.4
5136.31
5101.01
5086.11
5071.02
5047.76
5022.31
5006.03
4995.33
4987.83
4982.89
4973.34
4952.54
4922.77
4903.12
4906.03
4921.39
4940.43
4953.27
4945.56
4896.91
4839.12
4828.7
4839.96
4860.38
4881.07
4889.15
4876.64
4845.29
4826.16
4825.62
4832.79
4839.87
4841.01
4832.75
4819.29
4811.05
4809.01
4808.79
4805.77
4797.58
4788.42
4785.22
4786.79
4788.74
4787.09
4780.33
4771.07
4764.71
4761.99
4761
4759.89
4758.07
4755.33
4752.1
4748.18
4744.01
4739.16
4734.72
4730.02
4726.23
4720.42
8020.9
7387.28
6882.42
6704.74
6499.35
6269.34
6175.47
6091.97
5970.81
5833.22
5719.07
5609.16
5506.12
5434.91
5381.53
5323.25
5257.29
5209.29
5174.09
5135.13
5099.79
5085.21
5070.14
5046.97
5021.56
5005.41
4994.76
4987.29
4982.47
4972.97
4952.05
4922.04
4902.38
4905.6
4921.08
4940.24
4953.7
4945.91
4896.97
4837.81
4828.46
4839.71
4860.02
4881.11
4889.35
4876.84
4845.17
4825.86
4825.46
4832.7
4839.94
4841.07
4832.83
4819.3
4811.03
4809.02
4808.84
4805.87
4797.67
4788.48
4785.26
4786.87
4788.86
4787.23
4780.47
4771.17
4764.8
4762.11
4761.13
4760.03
4758.22
4755.49
4752.26
4748.35
4744.18
4739.34
4734.9
4730.2
4726.41
4720.6
7851.56
7371.03
6872.57
6698.67
6493.44
6265
6175.59
6097.67
5980.25
5838.29
5719.65
5608.74
5505.49
5434.41
5381.16
5322.96
5256.94
5209.02
5173.82
5134.85
5099.41
5085.01
5069.95
5046.79
5021.33
5005.21
4994.57
4987.1
4982.33
4972.84
4951.83
4921.59
4901.83
4905.35
4920.81
4940.09
4953.86
4946.15
4896.94
4836.76
4828.25
4839.4
4859.63
4880.93
4889.36
4876.8
4844.85
4825.41
4825.18
4832.37
4839.72
4840.87
4832.61
4819.03
4810.72
4808.73
4808.58
4805.63
4797.41
4788.18
4784.95
4786.59
4788.59
4786.98
4780.21
4770.89
4764.5
4761.81
4760.84
4759.75
4757.94
4755.21
4751.97
4748.06
4743.9
4739.05
4734.61
4729.91
4726.12
4720.31
)
;

boundaryField
{
    inlet
    {
        type            fixedValue;
        value           uniform 4010;
    }
    outlet
    {
        type            zeroGradient;
    }
    bottom
    {
        type            zeroGradient;
    }
    top
    {
        type            zeroGradient;
    }
    upstream
    {
        type            symmetryPlane;
    }
    defaultFaces
    {
        type            empty;
    }
}


// ************************************************************************* //
