/*--------------------------------*- C++ -*----------------------------------*\
  =========                 |
  \\      /  F ield         | OpenFOAM: The Open Source CFD Toolbox
   \\    /   O peration     | Website:  https://openfoam.org
    \\  /    A nd           | Version:  13
     \\/     M anipulation  |
\*---------------------------------------------------------------------------*/
FoamFile
{
    format      ascii;
    class       volVectorField;
    location    "0.0016";
    object      U;
}
// * * * * * * * * * * * * * * * * * * * * * * * * * * * * * * * * * * * * * //

dimensions      [0 1 -1 0 0 0 0];

internalField   nonuniform List<vector> 
16072
(
(809.751 0 13.1589)
(780.999 0 -2.10229)
(742.537 0 -14.6784)
(656.525 0 -12.0676)
(538.535 0 -1.53548)
(457.159 0 6.11174)
(819.713 0 12.4472)
(804.672 0 17.9044)
(789.539 0 16.8703)
(776.614 0 13.3532)
(749.911 0 7.28558)
(714.487 0 1.09352)
(822.639 0 9.95724)
(816.351 0 16.3602)
(809.246 0 13.3816)
(806.094 0 10.4835)
(801.676 0 9.75902)
(791.386 0 9.57592)
(824.871 0 5.50024)
(819.95 0 17.6475)
(817.452 0 18.7713)
(815.45 0 15.3407)
(814.705 0 12.7373)
(813.347 0 9.94225)
(825.982 0 4.14463)
(822.068 0 14.6945)
(820.629 0 16.9665)
(819.601 0 15.2436)
(819.112 0 12.9776)
(819.012 0 11.7032)
(826.116 0 2.57771)
(823.31 0 11.096)
(821.781 0 17.7343)
(821.451 0 16.9575)
(821.282 0 14.4077)
(821.297 0 12.1124)
(826.276 0 1.23411)
(824.358 0 10.3569)
(822.569 0 16.0967)
(822.23 0 16.504)
(822.232 0 15.1275)
(822.438 0 13.0469)
(826.372 0 0.664234)
(825.299 0 6.53709)
(823.01 0 13.8896)
(822.513 0 16.432)
(822.592 0 15.9176)
(822.899 0 13.7552)
(826.443 0 0.297857)
(825.682 0 4.29169)
(823.482 0 13.6006)
(822.79 0 15.67)
(822.742 0 16.114)
(822.956 0 14.8493)
(826.468 0 0.146152)
(825.986 0 2.47688)
(824.732 0 8.75331)
(823.188 0 14.5587)
(822.813 0 16.0115)
(822.951 0 15.3436)
(826.48 0 0.0713739)
(826.235 0 1.25203)
(825.182 0 6.6234)
(823.739 0 13.3354)
(822.855 0 16.4012)
(823.017 0 15.4723)
(826.489 0 0.0323915)
(826.36 0 0.651645)
(825.76 0 3.53059)
(824.523 0 9.96987)
(823.421 0 14.8489)
(823.13 0 15.2106)
(826.495 0 0.0140309)
(826.433 0 0.301124)
(826.085 0 1.94493)
(825.209 0 6.50696)
(823.627 0 14.3973)
(823.183 0 14.9406)
(826.498 0 0.0055828)
(826.465 0 0.144726)
(826.303 0 0.902882)
(825.705 0 3.80257)
(824.593 0 9.52119)
(823.52 0 13.3929)
(826.499 0 0.0021173)
(826.483 0 0.0644462)
(826.406 0 0.421262)
(826.126 0 1.75845)
(825.158 0 6.44532)
(823.892 0 11.7191)
(826.5 0 0.000756232)
(826.493 0 0.026532)
(826.456 0 0.185442)
(826.318 0 0.83336)
(825.826 0 3.09833)
(824.675 0 8.12208)
(826.5 0 0.000254129)
(826.497 0 0.010042)
(826.48 0 0.079586)
(826.42 0 0.347903)
(826.173 0 1.48394)
(825.724 0 3.81217)
(826.5 0 7.98237e-05)
(826.499 0 0.00357401)
(826.492 0 0.0298084)
(826.464 0 0.15003)
(826.37 0 0.570203)
(826.117 0 1.82749)
(826.5 0 2.36882e-05)
(826.5 0 0.0011592)
(826.497 0 0.0105627)
(826.486 0 0.0566236)
(826.445 0 0.233923)
(826.335 0 0.734423)
(826.5 0 6.55188e-06)
(826.5 0 0.000349421)
(826.499 0 0.00338728)
(826.495 0 0.0196814)
(826.478 0 0.0866129)
(826.431 0 0.290095)
(826.5 0 1.70074e-06)
(826.5 0 9.66166e-05)
(826.5 0 0.000999569)
(826.498 0 0.00622286)
(826.493 0 0.0288516)
(826.474 0 0.104788)
(826.5 0 4.11036e-07)
(826.5 0 2.46139e-05)
(826.5 0 0.000269839)
(826.5 0 0.00178699)
(826.498 0 0.00878476)
(826.491 0 0.0337413)
(826.5 0 9.25072e-08)
(826.5 0 5.76245e-06)
(826.5 0 6.66318e-05)
(826.5 0 0.000467769)
(826.499 0 0.00242429)
(826.497 0 0.00977591)
(826.5 0 1.93132e-08)
(826.5 0 1.23973e-06)
(826.5 0 1.50435e-05)
(826.5 0 0.000111606)
(826.5 0 0.000605471)
(826.499 0 0.00257493)
(826.5 0 3.73652e-09)
(826.5 0 2.44835e-07)
(826.5 0 3.10774e-06)
(826.5 0 2.42221e-05)
(826.5 0 0.000137589)
(826.5 0 0.000611664)
(826.5 0 6.70277e-10)
(826.5 0 4.43948e-08)
(826.5 0 5.86638e-07)
(826.5 0 4.79372e-06)
(826.5 0 2.83709e-05)
(826.5 0 0.000131329)
(826.5 0 1.08309e-10)
(826.5 0 7.37475e-09)
(826.5 0 1.01235e-07)
(826.5 0 8.64644e-07)
(826.5 0 5.30924e-06)
(826.5 0 2.55959e-05)
(826.5 0 1.9939e-11)
(826.5 0 1.13586e-09)
(826.5 0 1.59871e-08)
(826.5 0 1.42145e-07)
(826.5 0 9.03175e-07)
(826.5 0 4.51649e-06)
(826.5 0 2.30407e-12)
(826.5 0 1.61029e-10)
(826.5 0 2.31284e-09)
(826.5 0 2.13285e-08)
(826.5 0 1.39512e-07)
(826.5 0 7.23532e-07)
(826.5 0 -3.09214e-12)
(826.5 0 1.35459e-11)
(826.5 0 2.90981e-10)
(826.5 0 2.89878e-09)
(826.5 0 1.9557e-08)
(826.5 0 1.05192e-07)
(826.5 0 -9.95589e-13)
(826.5 0 -2.56319e-12)
(826.5 0 2.89708e-11)
(826.5 0 3.51957e-10)
(826.5 0 2.47856e-09)
(826.5 0 1.38827e-08)
(826.5 0 1.37819e-12)
(826.5 0 2.54721e-12)
(826.5 0 5.70516e-12)
(826.5 0 4.04763e-11)
(826.5 0 2.85651e-10)
(826.5 0 1.66354e-09)
(826.5 0 1.19769e-12)
(826.5 0 2.96072e-12)
(826.5 0 2.23739e-12)
(826.5 0 2.2914e-12)
(826.5 0 2.50789e-11)
(826.5 0 1.74389e-10)
(826.5 0 -6.93837e-13)
(826.5 0 -1.40951e-12)
(826.5 0 -3.28807e-12)
(826.5 0 -5.56135e-12)
(826.5 0 -4.88543e-12)
(826.5 0 8.87533e-12)
(826.5 0 -2.38599e-13)
(826.5 0 -1.06194e-12)
(826.5 0 -1.60557e-12)
(826.5 0 -9.16262e-13)
(826.5 0 1.14507e-13)
(826.5 0 2.33808e-12)
(826.5 0 6.44103e-14)
(826.5 0 -6.01802e-13)
(826.5 0 -8.91382e-13)
(826.5 0 -2.60674e-13)
(826.5 0 3.89416e-13)
(826.5 0 1.82819e-12)
(826.5 0 2.63148e-13)
(826.5 0 -4.5308e-13)
(826.5 0 1.93578e-13)
(826.5 0 2.49698e-13)
(826.5 0 2.35019e-12)
(826.5 0 4.53206e-12)
(826.5 0 -9.97636e-14)
(826.5 0 3.20173e-12)
(826.5 0 5.5897e-12)
(826.5 0 8.45863e-12)
(826.5 0 1.13722e-11)
(826.5 0 1.33068e-11)
(826.5 0 2.63565e-14)
(826.5 0 1.53773e-12)
(826.5 0 2.62978e-12)
(826.5 0 3.90656e-12)
(826.5 0 5.79409e-12)
(826.5 0 5.02944e-12)
(826.5 0 -1.87022e-13)
(826.5 0 -1.39461e-12)
(826.5 0 -1.75295e-12)
(826.5 0 -6.68298e-13)
(826.5 0 -2.07844e-12)
(826.5 0 -1.10892e-12)
(826.5 0 -7.70133e-13)
(826.5 0 -2.74699e-12)
(826.5 0 -2.96415e-12)
(826.5 0 -3.40861e-12)
(826.5 0 -2.93101e-12)
(826.5 0 -2.77168e-12)
(826.5 0 8.37093e-13)
(826.5 0 1.04808e-12)
(826.5 0 1.08231e-12)
(826.5 0 1.86651e-12)
(826.5 0 2.94656e-12)
(826.5 0 3.56955e-12)
(826.5 0 -1.37201e-13)
(826.5 0 5.76444e-13)
(826.5 0 6.97826e-13)
(826.5 0 1.27857e-12)
(826.5 0 1.44047e-12)
(826.5 0 2.55338e-12)
(826.5 0 -7.89506e-13)
(826.5 0 -1.24697e-12)
(826.5 0 -4.70707e-13)
(826.5 0 -1.29246e-12)
(826.5 0 -6.0291e-13)
(826.5 0 1.02327e-12)
(826.5 0 2.35164e-13)
(826.5 0 -1.25882e-13)
(826.5 0 8.91861e-13)
(826.5 0 8.71357e-13)
(826.5 0 2.34178e-12)
(826.5 0 2.62383e-12)
(826.5 0 6.17258e-13)
(826.5 0 1.29613e-12)
(826.5 0 1.73951e-12)
(826.5 0 3.25735e-12)
(826.5 0 4.02611e-12)
(826.5 0 3.39688e-12)
(826.5 0 1.37228e-13)
(826.5 0 -8.28191e-13)
(826.5 0 -8.06935e-13)
(826.5 0 -2.77301e-13)
(826.5 0 1.4153e-13)
(826.5 0 4.00406e-12)
(826.5 0 -1.09019e-12)
(826.5 0 -2.50361e-12)
(826.5 0 -1.87508e-12)
(826.5 0 -4.56625e-12)
(826.5 0 -4.48815e-12)
(826.5 0 -3.89385e-12)
(826.5 0 -6.12308e-15)
(826.5 0 -9.12837e-14)
(826.5 0 3.57297e-13)
(826.5 0 -1.0857e-12)
(826.5 0 -3.95134e-12)
(826.5 0 -8.00673e-12)
(826.5 0 1.01866e-12)
(826.5 0 1.34669e-12)
(826.5 0 2.42261e-13)
(826.5 0 1.69682e-12)
(826.5 0 4.6908e-13)
(826.5 0 -1.40507e-12)
(826.5 0 -5.04526e-13)
(826.5 0 -8.19424e-14)
(826.5 0 1.37608e-13)
(826.5 0 3.14919e-13)
(826.5 0 7.42338e-13)
(826.5 0 5.35596e-14)
(826.5 0 -6.8062e-13)
(826.5 0 -2.57342e-13)
(826.5 0 1.83835e-13)
(826.5 0 -3.63471e-12)
(826.5 0 -5.55403e-12)
(826.5 0 -8.36302e-12)
(826.5 0 1.43932e-12)
(826.5 0 1.72092e-12)
(826.5 0 1.10162e-12)
(826.5 0 1.81935e-12)
(826.5 0 -2.09468e-12)
(826.5 0 -1.10856e-11)
(826.5 0 1.23922e-13)
(826.5 0 -5.00934e-14)
(826.5 0 8.23202e-13)
(826.5 0 7.4221e-12)
(826.5 0 1.38439e-11)
(826.5 0 -2.02191e-11)
(826.5 0 -1.18081e-13)
(826.5 0 -7.27582e-13)
(826.5 0 -1.38772e-12)
(826.5 0 -5.37902e-13)
(826.5 0 4.9449e-12)
(826.5 0 -1.71592e-10)
(826.5 0 7.80125e-14)
(826.5 0 -2.10857e-12)
(826.5 0 -5.25058e-12)
(826.5 0 -1.07329e-11)
(826.5 0 -3.48252e-11)
(826.5 0 -9.84139e-10)
(826.5 0 1.82249e-13)
(826.5 0 6.33619e-13)
(826.5 0 1.93269e-12)
(826.5 0 -5.11932e-12)
(826.5 0 -8.09637e-11)
(826.5 0 -4.52203e-09)
(826.5 0 9.64502e-13)
(826.5 0 8.01417e-12)
(826.5 0 1.21991e-11)
(826.5 0 5.39322e-12)
(826.5 0 -2.88638e-10)
(826.5 0 -1.93097e-08)
(826.5 0 1.51458e-12)
(826.5 0 3.06292e-12)
(826.5 0 4.26438e-12)
(826.5 0 -9.99746e-12)
(826.5 0 -1.14854e-09)
(826.5 0 -7.56078e-08)
(826.5 0 -6.83665e-13)
(826.5 0 -3.05932e-12)
(826.5 0 -6.62237e-12)
(826.5 0 -7.64734e-11)
(826.5 0 -4.18985e-09)
(826.5 0 -2.7104e-07)
(826.5 0 9.34454e-13)
(826.5 0 -2.32818e-12)
(826.5 0 -8.39228e-12)
(826.5 0 -2.45999e-10)
(826.5 0 -1.391e-08)
(826.5 0 -8.91026e-07)
(826.5 0 3.23999e-12)
(826.5 0 5.10271e-12)
(826.5 0 -1.22675e-11)
(826.5 0 -7.5347e-10)
(826.5 0 -4.27531e-08)
(826.5 0 -2.69267e-06)
(826.5 0 1.29758e-12)
(826.5 0 3.03836e-12)
(826.5 0 -4.78861e-11)
(826.5 0 -2.24849e-09)
(826.5 0 -1.22008e-07)
(826.5 0 -7.50657e-06)
(826.5 0 7.9276e-13)
(826.5 0 -6.91456e-12)
(826.5 0 -1.65819e-10)
(826.5 0 -6.27253e-09)
(826.5 0 -3.24404e-07)
(826.5 0 -1.93121e-05)
(826.5 0 -1.08131e-12)
(826.5 0 -1.33707e-11)
(826.5 0 -4.17962e-10)
(826.5 0 -1.62776e-08)
(826.5 0 -8.04629e-07)
(826.5 0 -4.62503e-05)
(826.5 0 -1.89432e-12)
(826.5 0 -2.51564e-11)
(826.5 0 -1.0043e-09)
(826.5 0 -3.95507e-08)
(826.5 0 -1.87168e-06)
(826.5 0 -0.000102476)
(826.5 0 -2.12234e-12)
(826.5 0 -5.02311e-11)
(826.5 0 -2.26645e-09)
(826.5 0 -9.02478e-08)
(826.5 0 -4.07832e-06)
(826.5 0 -0.000214303)
(826.5 0 -6.26137e-12)
(826.5 0 -1.12236e-10)
(826.5 0 -4.78072e-09)
(826.5 0 -1.93152e-07)
(826.5 0 -8.3836e-06)
(826.5 0 -0.000415075)
(826.5 0 -5.88443e-12)
(826.5 0 -2.14703e-10)
(826.5 0 -9.40088e-09)
(826.5 0 -3.89673e-07)
(826.5 0 -1.61643e-05)
(826.5 0 -0.000767573)
(826.5 0 -5.01905e-12)
(826.5 0 -3.78856e-10)
(826.5 0 -1.72942e-08)
(826.5 0 -7.40248e-07)
(826.5 0 -2.94219e-05)
(826.499 0 -0.00129813)
(826.5 0 -5.95168e-12)
(826.5 0 -6.45656e-10)
(826.5 0 -2.98227e-08)
(826.5 0 -1.33135e-06)
(826.5 0 -5.0091e-05)
(826.498 0 -0.00214875)
(826.5 0 -1.09e-11)
(826.5 0 -1.04588e-09)
(826.5 0 -4.82988e-08)
(826.5 0 -2.27423e-06)
(826.5 0 -8.09621e-05)
(826.497 0 -0.00308206)
(826.5 0 -2.0341e-11)
(826.5 0 -1.57592e-09)
(826.5 0 -7.26742e-08)
(826.5 0 -3.61683e-06)
(826.5 0 -0.000125511)
(826.494 0 -0.00448982)
(826.5 0 -2.69378e-11)
(826.5 0 -2.22703e-09)
(826.5 0 -1.00822e-07)
(826.5 0 -5.10495e-06)
(826.5 0 -0.000177712)
(826.491 0 -0.00685798)
(826.5 0 -3.67726e-11)
(826.5 0 -3.12292e-09)
(826.5 0 -1.39298e-07)
(826.5 0 -8.20431e-06)
(826.499 0 -0.000213247)
(826.499 0 -0.0110134)
(826.5 0 -5.04581e-11)
(826.5 0 -4.01605e-09)
(826.5 0 -1.84013e-07)
(826.5 0 -1.1558e-05)
(826.498 0 -0.000392783)
(826.531 0 -0.0109403)
(826.5 0 -5.7598e-11)
(826.5 0 -4.69728e-09)
(826.5 0 -2.11122e-07)
(826.5 0 -1.36596e-05)
(826.497 0 -0.000472022)
(826.533 0 -0.0126363)
(826.5 0 -5.93694e-11)
(826.5 0 -4.83678e-09)
(826.5 0 -2.16116e-07)
(826.5 0 -1.41607e-05)
(826.495 0 -0.000492894)
(826.519 0 -0.0097727)
(826.5 0 -5.54784e-11)
(826.5 0 -4.40172e-09)
(826.5 0 -1.97932e-07)
(826.5 0 -1.31282e-05)
(826.493 0 -0.000476453)
(826.498 0 -0.00673725)
(826.5 0 -4.4008e-11)
(826.5 0 -3.50052e-09)
(826.5 0 -1.59821e-07)
(826.5 0 -1.12246e-05)
(826.491 0 -0.000401879)
(826.49 0 -0.0114371)
(826.5 0 -2.7609e-11)
(826.5 0 -2.30355e-09)
(826.5 0 -1.10018e-07)
(826.5 0 -7.98097e-06)
(826.489 0 -0.000254123)
(826.48 0 0.0146368)
(826.5 0 -8.94885e-12)
(826.5 0 -8.00868e-10)
(826.5 0 -3.8942e-08)
(826.5 0 -2.72998e-06)
(826.489 0 -7.52086e-05)
(826.401 0 -0.21996)
(410.536 0 7.1408)
(381.265 0 7.98313)
(364.109 0 8.08635)
(352.733 0 7.6046)
(347.596 0 7.11632)
(347.901 0 6.72877)
(351.586 0 6.33559)
(355.154 0 5.99878)
(357.013 0 5.6639)
(357.462 0 5.29741)
(357.312 0 4.91586)
(356.866 0 4.55651)
(356.276 0 4.225)
(355.305 0 3.91285)
(354.03 0 3.61212)
(352.579 0 3.35966)
(350.022 0 3.13147)
(346.925 0 2.92076)
(343.972 0 2.71721)
(340.99 0 2.52451)
(338.067 0 2.36234)
(335.259 0 2.22487)
(332.459 0 2.10989)
(329.816 0 2.01194)
(327.211 0 1.94309)
(324.773 0 1.87938)
(322.268 0 1.8265)
(319.876 0 1.79858)
(317.584 0 1.77926)
(315.258 0 1.77439)
(313.199 0 1.77245)
(311.741 0 1.71929)
(310.454 0 1.69046)
(309.197 0 1.663)
(307.943 0 1.64565)
(306.714 0 1.59982)
(305.283 0 1.56445)
(304.112 0 1.54906)
(302.79 0 1.51403)
(301.568 0 1.49532)
(300.302 0 1.47554)
(299.316 0 1.48392)
(298.48 0 1.4307)
(297.159 0 1.30687)
(294.132 0 1.19349)
(288.182 0 0.861434)
(275.295 0 0.478732)
(255.269 0 0.390268)
(238.253 0 0.574191)
(227.757 0 0.735967)
(221.015 0 0.762809)
(216.636 0 0.742836)
(213.496 0 0.720857)
(211.023 0 0.702794)
(208.91 0 0.687335)
(207.034 0 0.674452)
(205.293 0 0.662566)
(203.679 0 0.650716)
(202.145 0 0.639491)
(200.699 0 0.628336)
(199.307 0 0.618067)
(197.991 0 0.607585)
(196.719 0 0.598051)
(195.497 0 0.588381)
(194.304 0 0.579448)
(193.157 0 0.569939)
(192.035 0 0.561367)
(190.937 0 0.552246)
(189.843 0 0.545172)
(188.696 0 0.538068)
(187.503 0 0.53042)
(186.338 0 0.521267)
(185.178 0 0.512921)
(184.062 0 0.50362)
(182.944 0 0.495339)
(181.857 0 0.48621)
(180.757 0 0.478455)
(179.687 0 0.469819)
(178.611 0 0.462611)
(177.571 0 0.454569)
(176.532 0 0.447962)
(175.535 0 0.440382)
(174.545 0 0.433976)
(173.591 0 0.426428)
(172.635 0 0.42006)
(171.701 0 0.412551)
(170.758 0 0.406243)
(169.836 0 0.398762)
(168.91 0 0.392727)
(168.006 0 0.385722)
(167.106 0 0.380044)
(166.229 0 0.373503)
(165.363 0 0.367895)
(164.517 0 0.361457)
(163.679 0 0.355947)
(162.848 0 0.34976)
(162.021 0 0.344629)
(161.199 0 0.338802)
(160.394 0 0.333814)
(159.596 0 0.328306)
(158.824 0 0.323498)
(158.052 0 0.318218)
(157.311 0 0.313557)
(156.561 0 0.308461)
(155.85 0 0.30376)
(155.111 0 0.298733)
(154.42 0 0.294121)
(153.672 0 0.289174)
(152.978 0 0.287314)
(151.927 0 0.285205)
(678.274 0 -1.43582)
(647.799 0 -3.09207)
(623.941 0 -3.707)
(604.883 0 -3.58712)
(590.848 0 -3.45064)
(581.199 0 -3.21425)
(574.074 0 -2.73297)
(567.988 0 -2.21948)
(562.107 0 -1.70985)
(555.896 0 -1.25198)
(549.808 0 -0.853964)
(544.052 0 -0.49824)
(538.644 0 -0.172254)
(533.198 0 0.132709)
(527.788 0 0.409216)
(522.444 0 0.679012)
(517.039 0 0.94322)
(511.738 0 1.15976)
(506.423 0 1.34314)
(501.29 0 1.50636)
(496.274 0 1.6512)
(491.431 0 1.78621)
(486.669 0 1.89603)
(482.124 0 1.98763)
(477.701 0 2.07805)
(473.338 0 2.15534)
(469.114 0 2.21744)
(465.046 0 2.26704)
(461.067 0 2.31057)
(457.145 0 2.32815)
(453.386 0 2.32785)
(450.06 0 2.27189)
(447.121 0 2.23108)
(444.335 0 2.18171)
(441.564 0 2.14409)
(438.783 0 2.09291)
(436.251 0 2.03686)
(433.626 0 1.99511)
(431.14 0 1.9415)
(428.608 0 1.98595)
(426.151 0 1.88976)
(423.82 0 1.80881)
(421.359 0 1.83131)
(419.215 0 1.88586)
(416.434 0 2.03046)
(412.924 0 2.42103)
(407.768 0 3.08331)
(400.672 0 3.26673)
(393.844 0 2.54339)
(388.491 0 1.99027)
(384.565 0 1.73081)
(381.692 0 1.60115)
(379.416 0 1.5335)
(377.462 0 1.49186)
(375.669 0 1.46276)
(373.971 0 1.43824)
(372.318 0 1.41636)
(370.71 0 1.39475)
(369.13 0 1.37441)
(367.585 0 1.35388)
(366.06 0 1.33505)
(364.573 0 1.31552)
(363.111 0 1.29774)
(361.678 0 1.27962)
(360.261 0 1.26292)
(358.874 0 1.24504)
(357.505 0 1.22873)
(356.143 0 1.21202)
(354.765 0 1.19863)
(353.374 0 1.18564)
(351.973 0 1.1724)
(350.6 0 1.15635)
(349.242 0 1.14193)
(347.92 0 1.12553)
(346.605 0 1.11086)
(345.311 0 1.09446)
(344.012 0 1.08052)
(342.734 0 1.06479)
(341.458 0 1.05163)
(340.209 0 1.03683)
(338.971 0 1.02474)
(337.766 0 1.011)
(336.577 0 0.999405)
(335.418 0 0.985822)
(334.265 0 0.974245)
(333.13 0 0.960584)
(331.993 0 0.948931)
(330.87 0 0.935038)
(329.749 0 0.923625)
(328.64 0 0.91036)
(327.54 0 0.899553)
(326.456 0 0.887123)
(325.389 0 0.876431)
(324.336 0 0.864188)
(323.296 0 0.853473)
(322.26 0 0.841474)
(321.232 0 0.831397)
(320.205 0 0.820076)
(319.199 0 0.810248)
(318.197 0 0.799625)
(317.221 0 0.79008)
(316.246 0 0.779778)
(315.298 0 0.770463)
(314.346 0 0.760553)
(313.427 0 0.751156)
(312.492 0 0.741556)
(311.593 0 0.731989)
(310.654 0 0.723139)
(309.755 0 0.720593)
(308.439 0 0.728291)
(774.71 0 7.80071)
(755.656 0 6.60168)
(737.268 0 5.78572)
(720.154 0 4.65925)
(705.369 0 3.58694)
(692.677 0 2.79969)
(681.41 0 2.23461)
(671.552 0 1.89061)
(662.863 0 1.70764)
(654.696 0 1.59431)
(646.996 0 1.47332)
(639.924 0 1.38139)
(633.366 0 1.31486)
(627.089 0 1.28104)
(620.941 0 1.25747)
(615.01 0 1.24334)
(609.398 0 1.26857)
(604.072 0 1.26843)
(598.866 0 1.26814)
(593.813 0 1.25435)
(588.875 0 1.24735)
(584.097 0 1.24355)
(579.467 0 1.24991)
(574.957 0 1.26243)
(570.555 0 1.28844)
(566.255 0 1.31461)
(562.101 0 1.33642)
(558.037 0 1.36494)
(554.05 0 1.39205)
(550.145 0 1.42665)
(546.307 0 1.44847)
(542.507 0 1.41517)
(538.948 0 1.39122)
(535.562 0 1.37864)
(532.299 0 1.36313)
(529.103 0 1.35871)
(526.013 0 1.33552)
(522.94 0 1.32271)
(519.933 0 1.31532)
(516.997 0 1.29009)
(514.137 0 1.27557)
(511.19 0 1.2759)
(508.456 0 1.25888)
(505.902 0 1.22785)
(503.142 0 1.28172)
(500.592 0 1.31054)
(498.175 0 1.46421)
(495.973 0 1.71804)
(493.901 0 1.66259)
(491.716 0 1.5327)
(489.807 0 1.41979)
(488.164 0 1.33441)
(486.676 0 1.28707)
(485.26 0 1.26014)
(483.857 0 1.24598)
(482.454 0 1.23389)
(481.036 0 1.22653)
(479.611 0 1.21832)
(478.177 0 1.21229)
(476.742 0 1.20469)
(475.3 0 1.19969)
(473.867 0 1.19185)
(472.443 0 1.18697)
(471.03 0 1.18078)
(469.622 0 1.177)
(468.23 0 1.17034)
(466.848 0 1.1666)
(465.462 0 1.16209)
(464.05 0 1.1628)
(462.642 0 1.16233)
(461.244 0 1.16224)
(459.873 0 1.15678)
(458.525 0 1.15444)
(457.206 0 1.14795)
(455.899 0 1.14516)
(454.603 0 1.13868)
(453.307 0 1.13646)
(452.021 0 1.12998)
(450.742 0 1.12785)
(449.483 0 1.12187)
(448.239 0 1.12071)
(447.021 0 1.11543)
(445.825 0 1.11435)
(444.652 0 1.109)
(443.491 0 1.10774)
(442.342 0 1.10205)
(441.198 0 1.10029)
(440.06 0 1.09389)
(438.928 0 1.09198)
(437.802 0 1.08636)
(436.687 0 1.08461)
(435.583 0 1.07964)
(434.497 0 1.07759)
(433.422 0 1.07255)
(432.361 0 1.07025)
(431.301 0 1.06542)
(430.249 0 1.06349)
(429.198 0 1.05901)
(428.165 0 1.05643)
(427.139 0 1.05292)
(426.134 0 1.05035)
(425.133 0 1.04753)
(424.151 0 1.04488)
(423.172 0 1.04254)
(422.216 0 1.03877)
(421.257 0 1.03714)
(420.319 0 1.03226)
(419.359 0 1.03174)
(418.429 0 1.03793)
(417.108 0 1.05443)
(808.878 0 8.48327)
(800.943 0 6.2261)
(791.077 0 5.00565)
(779.868 0 4.20309)
(768.536 0 3.21014)
(757.202 0 2.49866)
(745.789 0 2.12225)
(734.999 0 1.79908)
(725.177 0 1.5361)
(716.051 0 1.34981)
(707.516 0 1.19017)
(699.699 0 1.06462)
(692.502 0 0.991966)
(685.749 0 0.958263)
(679.279 0 0.947105)
(673.104 0 0.948985)
(667.339 0 0.975654)
(661.978 0 0.989856)
(656.866 0 0.996631)
(651.944 0 0.996281)
(647.18 0 0.996998)
(642.581 0 0.993981)
(638.153 0 0.996569)
(633.856 0 1.00677)
(629.696 0 1.022)
(625.654 0 1.03905)
(621.749 0 1.05027)
(617.955 0 1.05572)
(614.237 0 1.06188)
(610.608 0 1.06865)
(607.042 0 1.06598)
(603.366 0 1.03875)
(599.758 0 1.00579)
(596.281 0 0.984217)
(592.914 0 0.971826)
(589.669 0 0.948838)
(586.474 0 0.931113)
(583.347 0 0.913896)
(580.286 0 0.901677)
(577.313 0 0.848285)
(574.351 0 0.832003)
(571.367 0 0.855692)
(568.642 0 0.821839)
(565.891 0 0.832058)
(563.093 0 0.930592)
(560.691 0 1.08596)
(558.773 0 1.44101)
(557.821 0 1.66346)
(557.496 0 1.33603)
(557.08 0 1.04163)
(556.477 0 0.868215)
(555.733 0 0.77879)
(554.879 0 0.741193)
(553.935 0 0.725871)
(552.909 0 0.720463)
(551.821 0 0.717332)
(550.682 0 0.718722)
(549.504 0 0.716585)
(548.295 0 0.716561)
(547.061 0 0.713764)
(545.802 0 0.714181)
(544.532 0 0.709761)
(543.255 0 0.708965)
(541.976 0 0.70568)
(540.694 0 0.705567)
(539.417 0 0.701004)
(538.142 0 0.700683)
(536.857 0 0.699827)
(535.55 0 0.705702)
(534.241 0 0.706477)
(532.946 0 0.708572)
(531.676 0 0.704064)
(530.432 0 0.703828)
(529.212 0 0.698156)
(528.005 0 0.697718)
(526.804 0 0.692677)
(525.6 0 0.693264)
(524.399 0 0.687931)
(523.206 0 0.688089)
(522.026 0 0.682936)
(520.862 0 0.683965)
(519.72 0 0.679463)
(518.601 0 0.680346)
(517.501 0 0.675786)
(516.414 0 0.676611)
(515.336 0 0.671648)
(514.263 0 0.671919)
(513.193 0 0.666079)
(512.13 0 0.666127)
(511.069 0 0.661321)
(510.02 0 0.661376)
(508.979 0 0.65711)
(507.956 0 0.656627)
(506.941 0 0.652263)
(505.939 0 0.65175)
(504.936 0 0.647789)
(503.938 0 0.647853)
(502.941 0 0.644063)
(501.959 0 0.642803)
(500.986 0 0.640209)
(500.031 0 0.638927)
(499.083 0 0.637297)
(498.15 0 0.636121)
(497.221 0 0.635023)
(496.308 0 0.632294)
(495.398 0 0.632089)
(494.501 0 0.628038)
(493.589 0 0.629347)
(492.708 0 0.637832)
(491.498 0 0.657816)
(818.362 0 9.70015)
(816.142 0 8.46832)
(812.58 0 7.95647)
(807.437 0 6.96635)
(801.222 0 6.01627)
(794.098 0 5.60648)
(785.878 0 5.18893)
(777.041 0 4.69855)
(768.154 0 4.25116)
(759.424 0 3.8431)
(750.947 0 3.40825)
(742.938 0 2.98557)
(735.417 0 2.64392)
(728.318 0 2.3685)
(721.549 0 2.13172)
(715.107 0 1.93115)
(709.074 0 1.77875)
(703.489 0 1.64499)
(698.245 0 1.52898)
(693.255 0 1.42523)
(688.471 0 1.33319)
(683.874 0 1.25004)
(679.468 0 1.1885)
(675.226 0 1.14386)
(671.145 0 1.10966)
(667.202 0 1.08221)
(663.409 0 1.0551)
(659.742 0 1.02368)
(656.163 0 0.997557)
(652.685 0 0.970432)
(649.284 0 0.948414)
(645.833 0 0.911685)
(642.368 0 0.874165)
(638.969 0 0.849978)
(635.659 0 0.828857)
(632.455 0 0.799456)
(629.317 0 0.77993)
(626.252 0 0.755086)
(623.259 0 0.736422)
(620.331 0 0.708041)
(617.421 0 0.697874)
(614.562 0 0.691606)
(611.857 0 0.639649)
(609.074 0 0.644134)
(606.298 0 0.700286)
(603.865 0 0.732974)
(601.836 0 0.890556)
(600.678 0 1.00816)
(600.368 0 0.761619)
(600.339 0 0.530974)
(600.174 0 0.390738)
(599.806 0 0.316399)
(599.268 0 0.287856)
(598.585 0 0.280604)
(597.788 0 0.285537)
(596.905 0 0.288119)
(595.958 0 0.295822)
(594.96 0 0.298043)
(593.921 0 0.302991)
(592.849 0 0.303874)
(591.745 0 0.309132)
(590.618 0 0.307295)
(589.477 0 0.310314)
(588.328 0 0.309296)
(587.17 0 0.312653)
(586.011 0 0.309557)
(584.849 0 0.312441)
(583.68 0 0.314667)
(582.495 0 0.325931)
(581.304 0 0.32986)
(580.123 0 0.33559)
(578.963 0 0.332455)
(577.828 0 0.33503)
(576.715 0 0.330454)
(575.616 0 0.33336)
(574.518 0 0.330464)
(573.416 0 0.335258)
(572.312 0 0.331868)
(571.213 0 0.335598)
(570.124 0 0.331898)
(569.05 0 0.336278)
(567.996 0 0.332803)
(566.964 0 0.336693)
(565.95 0 0.333267)
(564.948 0 0.337449)
(563.952 0 0.333803)
(562.96 0 0.337442)
(561.97 0 0.332745)
(560.986 0 0.336063)
(560.004 0 0.332664)
(559.033 0 0.335686)
(558.069 0 0.332532)
(557.122 0 0.334688)
(556.183 0 0.331426)
(555.255 0 0.334041)
(554.325 0 0.331708)
(553.398 0 0.33521)
(552.468 0 0.332681)
(551.553 0 0.333851)
(550.647 0 0.332591)
(549.76 0 0.333526)
(548.879 0 0.333665)
(548.013 0 0.334859)
(547.15 0 0.335806)
(546.303 0 0.334887)
(545.455 0 0.337152)
(544.62 0 0.33463)
(543.77 0 0.338725)
(542.955 0 0.349387)
(541.877 0 0.368238)
(821.248 0 10.9799)
(820.781 0 8.73607)
(819.853 0 8.07216)
(818.089 0 7.58427)
(815.533 0 6.58219)
(812.262 0 6.09351)
(807.949 0 5.96556)
(802.647 0 5.74702)
(796.615 0 5.45582)
(790.062 0 5.14137)
(783.15 0 4.78464)
(776.13 0 4.39174)
(769.159 0 4.01914)
(762.304 0 3.65882)
(755.59 0 3.31689)
(749.081 0 3.01709)
(742.862 0 2.76956)
(737.028 0 2.53689)
(731.548 0 2.32773)
(726.36 0 2.13667)
(721.415 0 1.96377)
(716.678 0 1.81524)
(712.153 0 1.69578)
(707.822 0 1.60302)
(703.678 0 1.52991)
(699.698 0 1.46957)
(695.883 0 1.41089)
(692.209 0 1.34941)
(688.645 0 1.29857)
(685.193 0 1.24311)
(681.835 0 1.19533)
(678.511 0 1.14047)
(675.185 0 1.09027)
(671.894 0 1.04702)
(668.669 0 1.00793)
(665.527 0 0.965078)
(662.459 0 0.926902)
(659.469 0 0.88808)
(656.547 0 0.856009)
(653.68 0 0.826075)
(650.853 0 0.812108)
(648.092 0 0.784848)
(645.421 0 0.728839)
(642.681 0 0.732301)
(639.959 0 0.778432)
(637.477 0 0.802652)
(635.24 0 0.958996)
(633.575 0 1.04569)
(632.778 0 0.717402)
(632.47 0 0.411885)
(632.214 0 0.243817)
(631.85 0 0.164233)
(631.362 0 0.141382)
(630.748 0 0.140363)
(630.032 0 0.150852)
(629.234 0 0.157053)
(628.375 0 0.169194)
(627.468 0 0.173653)
(626.522 0 0.181256)
(625.543 0 0.183607)
(624.532 0 0.191469)
(623.496 0 0.190141)
(622.444 0 0.194666)
(621.381 0 0.19346)
(620.309 0 0.197739)
(619.233 0 0.193546)
(618.153 0 0.197214)
(617.067 0 0.197774)
(615.968 0 0.208777)
(614.861 0 0.210004)
(613.758 0 0.214197)
(612.673 0 0.2069)
(611.612 0 0.207014)
(610.571 0 0.197935)
(609.544 0 0.198971)
(608.517 0 0.192851)
(607.485 0 0.196979)
(606.448 0 0.190447)
(605.414 0 0.193022)
(604.388 0 0.18576)
(603.376 0 0.188819)
(602.382 0 0.18143)
(601.41 0 0.183682)
(600.454 0 0.176463)
(599.511 0 0.179558)
(598.572 0 0.172583)
(597.637 0 0.175394)
(596.702 0 0.167327)
(595.772 0 0.169799)
(594.845 0 0.163296)
(593.927 0 0.165145)
(593.018 0 0.158602)
(592.125 0 0.159206)
(591.24 0 0.152648)
(590.366 0 0.154358)
(589.488 0 0.149597)
(588.611 0 0.152785)
(587.73 0 0.14773)
(586.863 0 0.147533)
(586.004 0 0.143805)
(585.165 0 0.142951)
(584.332 0 0.14114)
(583.516 0 0.140547)
(582.701 0 0.140247)
(581.902 0 0.136823)
(581.101 0 0.138924)
(580.312 0 0.133262)
(579.509 0 0.138539)
(578.736 0 0.145104)
(577.763 0 0.159924)
(822.538 0 11.0582)
(822.463 0 9.67361)
(822.3 0 8.95533)
(821.764 0 8.14637)
(820.829 0 7.24686)
(819.617 0 7.04237)
(817.839 0 6.82749)
(815.398 0 6.63095)
(812.333 0 6.54177)
(808.639 0 6.38755)
(804.334 0 6.12544)
(799.526 0 5.83117)
(794.334 0 5.56861)
(788.839 0 5.30023)
(783.116 0 4.98334)
(777.278 0 4.62789)
(771.445 0 4.29213)
(765.755 0 3.95348)
(760.268 0 3.62718)
(754.994 0 3.3131)
(749.917 0 3.0234)
(745.026 0 2.76833)
(740.338 0 2.55069)
(735.851 0 2.37283)
(731.564 0 2.22434)
(727.461 0 2.09904)
(723.537 0 1.97945)
(719.769 0 1.86672)
(716.133 0 1.7716)
(712.622 0 1.67741)
(709.22 0 1.5988)
(705.908 0 1.51892)
(702.641 0 1.44776)
(699.415 0 1.38271)
(696.246 0 1.32434)
(693.149 0 1.26365)
(690.126 0 1.20904)
(687.184 0 1.15595)
(684.311 0 1.10598)
(681.493 0 1.06533)
(678.722 0 1.0392)
(676.016 0 0.995817)
(673.383 0 0.933794)
(670.701 0 0.931454)
(668.043 0 0.957459)
(665.541 0 0.944883)
(663.164 0 1.03656)
(661.105 0 1.09546)
(659.76 0 0.743306)
(658.987 0 0.404721)
(658.419 0 0.219413)
(657.868 0 0.131721)
(657.269 0 0.107975)
(656.596 0 0.108729)
(655.853 0 0.122521)
(655.051 0 0.130567)
(654.203 0 0.145924)
(653.317 0 0.152245)
(652.402 0 0.162695)
(651.46 0 0.166889)
(650.493 0 0.177968)
(649.503 0 0.177883)
(648.499 0 0.184832)
(647.485 0 0.18437)
(646.464 0 0.190692)
(645.439 0 0.186308)
(644.412 0 0.191666)
(643.378 0 0.192083)
(642.332 0 0.204948)
(641.275 0 0.206136)
(640.22 0 0.211756)
(639.179 0 0.202715)
(638.16 0 0.202757)
(637.162 0 0.191227)
(636.177 0 0.192539)
(635.193 0 0.185298)
(634.203 0 0.19097)
(633.207 0 0.183368)
(632.212 0 0.186874)
(631.223 0 0.177885)
(630.248 0 0.181504)
(629.29 0 0.171839)
(628.353 0 0.174113)
(627.433 0 0.164571)
(626.526 0 0.168245)
(625.622 0 0.159476)
(624.72 0 0.163167)
(623.818 0 0.153223)
(622.921 0 0.156468)
(622.026 0 0.148219)
(621.141 0 0.150409)
(620.265 0 0.14167)
(619.405 0 0.142103)
(618.554 0 0.133365)
(617.714 0 0.135513)
(616.869 0 0.129637)
(616.025 0 0.13384)
(615.175 0 0.127704)
(614.336 0 0.127246)
(613.505 0 0.122304)
(612.695 0 0.120552)
(611.893 0 0.117952)
(611.108 0 0.116477)
(610.325 0 0.116051)
(609.555 0 0.111139)
(608.787 0 0.113936)
(608.025 0 0.106787)
(607.254 0 0.113148)
(606.505 0 0.118633)
(605.605 0 0.127254)
(823.11 0 11.9335)
(823.269 0 9.63129)
(823.324 0 9.02351)
(823.189 0 8.59024)
(822.845 0 7.47588)
(822.437 0 7.20395)
(821.766 0 7.17108)
(820.769 0 7.04301)
(819.475 0 7.02194)
(817.821 0 6.96698)
(815.726 0 6.83894)
(813.176 0 6.68634)
(810.184 0 6.5235)
(806.755 0 6.31806)
(802.904 0 6.09234)
(798.683 0 5.8617)
(794.174 0 5.63801)
(789.479 0 5.3674)
(784.692 0 5.05668)
(779.873 0 4.71479)
(775.068 0 4.37594)
(770.312 0 4.05455)
(765.652 0 3.75626)
(761.122 0 3.49352)
(756.747 0 3.26009)
(752.533 0 3.05492)
(748.483 0 2.85884)
(744.587 0 2.67678)
(740.831 0 2.51606)
(737.209 0 2.36333)
(733.705 0 2.23216)
(730.317 0 2.1055)
(727.017 0 1.99219)
(723.785 0 1.89171)
(720.62 0 1.80083)
(717.527 0 1.71045)
(714.511 0 1.62898)
(711.578 0 1.55048)
(708.716 0 1.48155)
(705.916 0 1.42058)
(703.166 0 1.36962)
(700.48 0 1.31093)
(697.864 0 1.23812)
(695.224 0 1.22668)
(692.613 0 1.23605)
(690.111 0 1.20876)
(687.653 0 1.27212)
(685.359 0 1.33485)
(683.585 0 0.969691)
(682.355 0 0.555833)
(681.415 0 0.315743)
(680.582 0 0.196551)
(679.777 0 0.1592)
(678.956 0 0.151982)
(678.107 0 0.161912)
(677.23 0 0.166616)
(676.33 0 0.181185)
(675.409 0 0.185894)
(674.473 0 0.196234)
(673.521 0 0.199809)
(672.554 0 0.212357)
(671.57 0 0.212095)
(670.579 0 0.220168)
(669.581 0 0.219063)
(668.58 0 0.226313)
(667.578 0 0.220731)
(666.577 0 0.22718)
(665.571 0 0.227269)
(664.553 0 0.242062)
(663.525 0 0.243006)
(662.497 0 0.25005)
(661.481 0 0.239255)
(660.486 0 0.239185)
(659.512 0 0.224986)
(658.552 0 0.226454)
(657.593 0 0.217931)
(656.63 0 0.225145)
(655.659 0 0.216381)
(654.687 0 0.220811)
(653.722 0 0.209929)
(652.769 0 0.214059)
(651.832 0 0.201882)
(650.917 0 0.204064)
(650.019 0 0.191885)
(649.134 0 0.196048)
(648.252 0 0.185254)
(647.372 0 0.189864)
(646.49 0 0.177868)
(645.614 0 0.181903)
(644.74 0 0.171636)
(643.876 0 0.174132)
(643.021 0 0.162823)
(642.182 0 0.162983)
(641.354 0 0.151637)
(640.536 0 0.154175)
(639.715 0 0.146911)
(638.893 0 0.152309)
(638.064 0 0.144942)
(637.243 0 0.144429)
(636.431 0 0.137869)
(635.638 0 0.135286)
(634.857 0 0.131273)
(634.091 0 0.129082)
(633.331 0 0.127786)
(632.582 0 0.121864)
(631.836 0 0.124413)
(631.093 0 0.116663)
(630.345 0 0.123293)
(629.613 0 0.128466)
(628.763 0 0.129639)
(823.316 0 12.2807)
(823.622 0 10.5857)
(823.796 0 9.28208)
(823.836 0 8.77798)
(823.713 0 7.73141)
(823.614 0 7.54635)
(823.373 0 7.27388)
(822.951 0 7.1461)
(822.429 0 7.24981)
(821.762 0 7.24323)
(820.871 0 7.1076)
(819.717 0 7.00018)
(818.291 0 6.97081)
(816.567 0 6.93904)
(814.524 0 6.8472)
(812.141 0 6.71053)
(809.417 0 6.58348)
(806.374 0 6.42555)
(803.045 0 6.21802)
(799.466 0 5.9645)
(795.679 0 5.68332)
(791.727 0 5.39479)
(787.665 0 5.10608)
(783.556 0 4.82736)
(779.451 0 4.55846)
(775.393 0 4.30021)
(771.409 0 4.04013)
(767.517 0 3.78815)
(763.72 0 3.55339)
(760.027 0 3.33)
(756.432 0 3.13319)
(752.945 0 2.94593)
(749.56 0 2.77538)
(746.264 0 2.62282)
(743.051 0 2.48204)
(739.919 0 2.34474)
(736.868 0 2.22015)
(733.903 0 2.10047)
(731.012 0 1.99918)
(728.189 0 1.9046)
(725.42 0 1.82781)
(722.72 0 1.74442)
(720.091 0 1.65064)
(717.463 0 1.61983)
(714.867 0 1.60623)
(712.361 0 1.5585)
(709.858 0 1.58415)
(707.433 0 1.64176)
(705.373 0 1.2998)
(703.771 0 0.833663)
(702.474 0 0.529109)
(701.331 0 0.363836)
(700.27 0 0.299063)
(699.244 0 0.272897)
(698.234 0 0.270727)
(697.228 0 0.265226)
(696.224 0 0.273771)
(695.22 0 0.272944)
(694.218 0 0.280117)
(693.214 0 0.280227)
(692.207 0 0.291628)
(691.194 0 0.288976)
(690.181 0 0.296408)
(689.168 0 0.293579)
(688.157 0 0.300827)
(687.151 0 0.293054)
(686.149 0 0.299465)
(685.147 0 0.298011)
(684.137 0 0.31392)
(683.117 0 0.313964)
(682.097 0 0.322223)
(681.089 0 0.309424)
(680.102 0 0.308886)
(679.136 0 0.291269)
(678.186 0 0.292378)
(677.239 0 0.282006)
(676.288 0 0.290598)
(675.33 0 0.28039)
(674.37 0 0.28574)
(673.415 0 0.272656)
(672.473 0 0.277186)
(671.547 0 0.26199)
(670.643 0 0.263854)
(669.756 0 0.248451)
(668.883 0 0.252939)
(668.013 0 0.239683)
(667.146 0 0.245288)
(666.276 0 0.230948)
(665.411 0 0.235879)
(664.548 0 0.223181)
(663.696 0 0.226009)
(662.854 0 0.211587)
(662.028 0 0.211434)
(661.214 0 0.196889)
(660.411 0 0.19986)
(659.606 0 0.190746)
(658.798 0 0.197698)
(657.983 0 0.188772)
(657.174 0 0.18869)
(656.373 0 0.179916)
(655.59 0 0.176803)
(654.822 0 0.170546)
(654.069 0 0.168005)
(653.325 0 0.164933)
(652.589 0 0.15859)
(651.859 0 0.160035)
(651.13 0 0.152343)
(650.397 0 0.15904)
(649.677 0 0.164032)
(648.863 0 0.156406)
(823.295 0 13.4629)
(823.771 0 10.8819)
(823.992 0 9.53413)
(824.149 0 9.10277)
(824.124 0 7.75907)
(824.148 0 7.70702)
(824.091 0 7.43574)
(823.897 0 7.1727)
(823.691 0 7.35877)
(823.429 0 7.41755)
(823.056 0 7.29947)
(822.549 0 7.21229)
(821.909 0 7.19939)
(821.123 0 7.1924)
(820.179 0 7.15421)
(819.051 0 7.09551)
(817.71 0 7.04486)
(816.132 0 6.97416)
(814.305 0 6.86146)
(812.22 0 6.71359)
(809.874 0 6.54569)
(807.272 0 6.36841)
(804.432 0 6.1808)
(801.388 0 5.98657)
(798.18 0 5.78204)
(794.853 0 5.56643)
(791.443 0 5.33199)
(787.983 0 5.08193)
(784.496 0 4.82581)
(781.008 0 4.56345)
(777.534 0 4.31793)
(774.099 0 4.07698)
(770.722 0 3.84905)
(767.414 0 3.63719)
(764.176 0 3.43861)
(761.011 0 3.24498)
(757.921 0 3.06387)
(754.908 0 2.88995)
(751.967 0 2.73675)
(749.094 0 2.59665)
(746.277 0 2.47915)
(743.532 0 2.3578)
(740.86 0 2.22778)
(738.212 0 2.16245)
(735.603 0 2.12185)
(733.075 0 2.05145)
(730.542 0 2.04241)
(728.027 0 2.09191)
(725.779 0 1.78544)
(723.901 0 1.27402)
(722.299 0 0.888279)
(720.857 0 0.660701)
(719.525 0 0.552882)
(718.267 0 0.494247)
(717.059 0 0.469092)
(715.885 0 0.445063)
(714.738 0 0.440961)
(713.611 0 0.427863)
(712.505 0 0.425192)
(711.412 0 0.417194)
(710.33 0 0.42443)
(709.254 0 0.416665)
(708.187 0 0.420043)
(707.128 0 0.412183)
(706.079 0 0.416405)
(705.04 0 0.404202)
(704.013 0 0.409253)
(702.991 0 0.405419)
(701.965 0 0.421288)
(700.932 0 0.418767)
(699.902 0 0.426811)
(698.884 0 0.410998)
(697.888 0 0.409378)
(696.914 0 0.387597)
(695.959 0 0.387883)
(695.009 0 0.374921)
(694.057 0 0.384344)
(693.098 0 0.371936)
(692.138 0 0.377769)
(691.182 0 0.361803)
(690.238 0 0.366453)
(689.312 0 0.347639)
(688.408 0 0.348957)
(687.523 0 0.329672)
(686.652 0 0.334216)
(685.786 0 0.317836)
(684.922 0 0.324344)
(684.056 0 0.307123)
(683.193 0 0.312903)
(682.334 0 0.297121)
(681.485 0 0.300215)
(680.648 0 0.281948)
(679.827 0 0.281397)
(679.02 0 0.262876)
(678.224 0 0.266281)
(677.428 0 0.254598)
(676.629 0 0.263426)
(675.822 0 0.252425)
(675.018 0 0.253264)
(674.222 0 0.241479)
(673.443 0 0.238099)
(672.682 0 0.228519)
(671.935 0 0.225949)
(671.2 0 0.219977)
(670.474 0 0.213677)
(669.753 0 0.213086)
(669.033 0 0.205854)
(668.309 0 0.212498)
(667.599 0 0.217167)
(666.799 0 0.2011)
(823.268 0 14.2117)
(823.676 0 12.2882)
(824.068 0 9.9262)
(824.302 0 9.50257)
(824.307 0 7.95157)
(824.394 0 7.98892)
(824.437 0 7.46463)
(824.331 0 7.17756)
(824.274 0 7.36814)
(824.171 0 7.41875)
(824 0 7.28836)
(823.766 0 7.22159)
(823.473 0 7.26549)
(823.12 0 7.31047)
(822.7 0 7.29387)
(822.201 0 7.25893)
(821.599 0 7.25383)
(820.872 0 7.24388)
(820.006 0 7.18874)
(818.985 0 7.09266)
(817.794 0 6.97768)
(816.417 0 6.86445)
(814.84 0 6.75581)
(813.059 0 6.64662)
(811.077 0 6.53484)
(808.908 0 6.40897)
(806.568 0 6.26137)
(804.072 0 6.09209)
(801.43 0 5.9113)
(798.661 0 5.71293)
(795.781 0 5.51152)
(792.819 0 5.2967)
(789.807 0 5.0733)
(786.773 0 4.84469)
(783.738 0 4.61759)
(780.719 0 4.38745)
(777.726 0 4.16467)
(774.77 0 3.94539)
(771.853 0 3.74432)
(768.978 0 3.55604)
(766.143 0 3.38845)
(763.369 0 3.21517)
(760.656 0 3.04172)
(757.977 0 2.91899)
(755.35 0 2.8357)
(752.795 0 2.7311)
(750.247 0 2.67209)
(747.674 0 2.71175)
(745.285 0 2.45222)
(743.187 0 1.92064)
(741.325 0 1.45043)
(739.618 0 1.13716)
(738.029 0 0.964407)
(736.532 0 0.85638)
(735.109 0 0.794699)
(733.743 0 0.73857)
(732.425 0 0.710279)
(731.146 0 0.678611)
(729.903 0 0.661644)
(728.692 0 0.638844)
(727.504 0 0.633451)
(726.334 0 0.613744)
(725.183 0 0.60972)
(724.05 0 0.59502)
(722.934 0 0.593919)
(721.837 0 0.573358)
(720.759 0 0.572333)
(719.69 0 0.562296)
(718.625 0 0.575547)
(717.559 0 0.569125)
(716.498 0 0.57637)
(715.451 0 0.556612)
(714.428 0 0.552218)
(713.429 0 0.523895)
(712.452 0 0.521489)
(711.483 0 0.504492)
(710.515 0 0.514048)
(709.542 0 0.498891)
(708.568 0 0.504996)
(707.598 0 0.485359)
(706.642 0 0.489366)
(705.703 0 0.46553)
(704.787 0 0.465286)
(703.893 0 0.440787)
(703.014 0 0.444698)
(702.142 0 0.424246)
(701.272 0 0.431562)
(700.402 0 0.410868)
(699.533 0 0.417487)
(698.669 0 0.397759)
(697.815 0 0.400944)
(696.973 0 0.37775)
(696.15 0 0.376555)
(695.342 0 0.352903)
(694.545 0 0.356646)
(693.752 0 0.341297)
(692.954 0 0.352319)
(692.149 0 0.338472)
(691.345 0 0.340844)
(690.548 0 0.324983)
(689.767 0 0.321635)
(689.005 0 0.307449)
(688.259 0 0.305108)
(687.528 0 0.29502)
(686.804 0 0.289143)
(686.088 0 0.285554)
(685.373 0 0.279055)
(684.652 0 0.285511)
(683.947 0 0.289321)
(683.122 0 0.2686)
(823.239 0 14.7406)
(823.617 0 12.9721)
(824.051 0 10.7663)
(824.367 0 9.8513)
(824.368 0 8.05558)
(824.514 0 8.34219)
(824.606 0 7.64053)
(824.545 0 7.14939)
(824.57 0 7.47302)
(824.516 0 7.49568)
(824.426 0 7.30624)
(824.305 0 7.19833)
(824.168 0 7.24854)
(824.011 0 7.33557)
(823.825 0 7.35726)
(823.607 0 7.3294)
(823.342 0 7.31715)
(823.016 0 7.32151)
(822.619 0 7.30558)
(822.148 0 7.25511)
(821.595 0 7.18547)
(820.947 0 7.11371)
(820.19 0 7.05342)
(819.309 0 6.99494)
(818.295 0 6.93462)
(817.143 0 6.8655)
(815.852 0 6.78409)
(814.418 0 6.68273)
(812.832 0 6.57005)
(811.087 0 6.44389)
(809.181 0 6.31859)
(807.123 0 6.18445)
(804.931 0 6.03977)
(802.624 0 5.88292)
(800.225 0 5.71235)
(797.75 0 5.52385)
(795.214 0 5.3208)
(792.631 0 5.10782)
(790.01 0 4.89843)
(787.365 0 4.69401)
(784.702 0 4.50302)
(782.052 0 4.30546)
(779.419 0 4.09994)
(776.798 0 3.94085)
(774.217 0 3.79527)
(771.683 0 3.64429)
(769.157 0 3.51628)
(766.589 0 3.52056)
(764.121 0 3.31945)
(761.869 0 2.81239)
(759.813 0 2.27905)
(757.895 0 1.86776)
(756.083 0 1.60666)
(754.366 0 1.42558)
(752.731 0 1.30992)
(751.167 0 1.21028)
(749.664 0 1.14596)
(748.214 0 1.0762)
(746.815 0 1.02631)
(745.459 0 0.980955)
(744.141 0 0.962037)
(742.852 0 0.925033)
(741.592 0 0.902241)
(740.359 0 0.867906)
(739.152 0 0.853615)
(737.971 0 0.821954)
(736.815 0 0.814801)
(735.678 0 0.797541)
(734.551 0 0.803729)
(733.428 0 0.786493)
(732.316 0 0.786606)
(731.22 0 0.759507)
(730.151 0 0.7511)
(729.109 0 0.715577)
(728.091 0 0.709582)
(727.088 0 0.686168)
(726.088 0 0.693268)
(725.085 0 0.67237)
(724.082 0 0.676568)
(723.085 0 0.651228)
(722.102 0 0.653834)
(721.138 0 0.624048)
(720.199 0 0.621953)
(719.283 0 0.591075)
(718.385 0 0.593541)
(717.496 0 0.567353)
(716.611 0 0.574767)
(715.725 0 0.549172)
(714.842 0 0.556144)
(713.963 0 0.531096)
(713.094 0 0.534085)
(712.24 0 0.504727)
(711.404 0 0.502708)
(710.587 0 0.472686)
(709.782 0 0.476629)
(708.983 0 0.456291)
(708.18 0 0.46971)
(707.371 0 0.452128)
(706.559 0 0.45651)
(705.756 0 0.435445)
(704.967 0 0.432295)
(704.198 0 0.41203)
(703.446 0 0.410143)
(702.71 0 0.394419)
(701.984 0 0.389294)
(701.266 0 0.381405)
(700.551 0 0.375943)
(699.828 0 0.38186)
(699.126 0 0.383524)
(698.221 0 0.364564)
(823.22 0 14.9758)
(823.459 0 14.0601)
(823.944 0 11.6841)
(824.248 0 10.5842)
(824.379 0 8.33355)
(824.586 0 8.69989)
(824.68 0 7.81705)
(824.668 0 7.29227)
(824.733 0 7.4518)
(824.683 0 7.48708)
(824.629 0 7.33441)
(824.563 0 7.2451)
(824.501 0 7.28302)
(824.434 0 7.36522)
(824.35 0 7.39653)
(824.253 0 7.38387)
(824.136 0 7.36779)
(823.986 0 7.36295)
(823.8 0 7.35023)
(823.58 0 7.31833)
(823.326 0 7.27227)
(823.03 0 7.22102)
(822.685 0 7.17746)
(822.278 0 7.14155)
(821.802 0 7.11056)
(821.25 0 7.07062)
(820.622 0 7.02042)
(819.911 0 6.96012)
(819.107 0 6.89987)
(818.197 0 6.82875)
(817.169 0 6.75757)
(816.017 0 6.68188)
(814.742 0 6.59712)
(813.347 0 6.49883)
(811.834 0 6.38884)
(810.207 0 6.26746)
(808.47 0 6.14023)
(806.626 0 6.00068)
(804.68 0 5.86215)
(802.639 0 5.70985)
(800.514 0 5.56729)
(798.327 0 5.38806)
(796.087 0 5.20998)
(793.801 0 5.03862)
(791.493 0 4.89239)
(789.173 0 4.73154)
(786.828 0 4.57024)
(784.417 0 4.53754)
(782.029 0 4.40564)
(779.773 0 3.96691)
(777.659 0 3.40178)
(775.649 0 2.88982)
(773.713 0 2.53555)
(771.85 0 2.27684)
(770.056 0 2.0891)
(768.327 0 1.91915)
(766.657 0 1.80195)
(765.044 0 1.69855)
(763.487 0 1.61551)
(761.983 0 1.52164)
(760.522 0 1.45584)
(759.1 0 1.38654)
(757.714 0 1.34814)
(756.362 0 1.29931)
(755.044 0 1.26559)
(753.76 0 1.20481)
(752.507 0 1.1712)
(751.28 0 1.13367)
(750.069 0 1.13041)
(748.871 0 1.10516)
(747.688 0 1.09995)
(746.525 0 1.06158)
(745.39 0 1.03989)
(744.287 0 0.987685)
(743.212 0 0.971628)
(742.155 0 0.939553)
(741.106 0 0.944026)
(740.057 0 0.918016)
(739.011 0 0.91997)
(737.972 0 0.886423)
(736.949 0 0.883421)
(735.947 0 0.842426)
(734.971 0 0.833968)
(734.022 0 0.79305)
(733.092 0 0.792039)
(732.175 0 0.758748)
(731.263 0 0.766237)
(730.352 0 0.734946)
(729.442 0 0.741873)
(728.539 0 0.709649)
(727.645 0 0.711329)
(726.769 0 0.673285)
(725.911 0 0.669264)
(725.074 0 0.630316)
(724.252 0 0.633748)
(723.438 0 0.606001)
(722.622 0 0.621983)
(721.801 0 0.598976)
(720.976 0 0.606223)
(720.159 0 0.577791)
(719.354 0 0.575395)
(718.571 0 0.546754)
(717.805 0 0.545465)
(717.058 0 0.522373)
(716.322 0 0.518367)
(715.596 0 0.504441)
(714.874 0 0.500449)
(714.144 0 0.504698)
(713.439 0 0.503942)
(712.445 0 0.488233)
(823.202 0 14.9833)
(823.356 0 14.4014)
(823.637 0 12.8924)
(824.026 0 11.0775)
(824.378 0 8.76646)
(824.586 0 9.19707)
(824.713 0 8.0145)
(824.74 0 7.42209)
(824.824 0 7.5892)
(824.778 0 7.48597)
(824.741 0 7.30296)
(824.707 0 7.27829)
(824.687 0 7.35408)
(824.657 0 7.43363)
(824.615 0 7.43831)
(824.57 0 7.4156)
(824.516 0 7.39117)
(824.442 0 7.38066)
(824.349 0 7.37555)
(824.239 0 7.35845)
(824.118 0 7.32063)
(823.983 0 7.27223)
(823.827 0 7.22813)
(823.643 0 7.19466)
(823.426 0 7.16916)
(823.169 0 7.14437)
(822.873 0 7.11081)
(822.536 0 7.06735)
(822.155 0 7.02174)
(821.719 0 6.975)
(821.22 0 6.93434)
(820.651 0 6.89851)
(820.011 0 6.86038)
(819.297 0 6.80946)
(818.503 0 6.74223)
(817.625 0 6.66142)
(816.658 0 6.57157)
(815.596 0 6.47743)
(814.436 0 6.3838)
(813.174 0 6.29603)
(811.813 0 6.21157)
(810.358 0 6.11421)
(808.813 0 5.99962)
(807.18 0 5.90798)
(805.474 0 5.77991)
(803.691 0 5.68415)
(801.838 0 5.54283)
(799.882 0 5.50728)
(797.87 0 5.47157)
(795.888 0 5.17012)
(793.972 0 4.65785)
(792.108 0 4.10808)
(790.272 0 3.66739)
(788.458 0 3.33083)
(786.671 0 3.10543)
(784.913 0 2.90215)
(783.189 0 2.73097)
(781.501 0 2.5478)
(779.855 0 2.40943)
(778.252 0 2.30641)
(776.687 0 2.23532)
(775.158 0 2.11882)
(773.663 0 2.01132)
(772.203 0 1.90588)
(770.777 0 1.84677)
(769.387 0 1.77652)
(768.032 0 1.73612)
(766.707 0 1.67643)
(765.404 0 1.63825)
(764.12 0 1.57114)
(762.854 0 1.53965)
(761.614 0 1.48804)
(760.402 0 1.46286)
(759.225 0 1.40167)
(758.078 0 1.37376)
(756.954 0 1.32166)
(755.84 0 1.3099)
(754.732 0 1.2658)
(753.628 0 1.25678)
(752.536 0 1.21201)
(751.461 0 1.20531)
(750.41 0 1.15617)
(749.386 0 1.14314)
(748.391 0 1.0904)
(747.417 0 1.08188)
(746.459 0 1.03518)
(745.507 0 1.03767)
(744.559 0 0.995309)
(743.612 0 0.999061)
(742.673 0 0.956123)
(741.744 0 0.955275)
(740.835 0 0.905959)
(739.944 0 0.899175)
(739.077 0 0.848251)
(738.225 0 0.849871)
(737.387 0 0.811177)
(736.547 0 0.829353)
(735.707 0 0.798259)
(734.86 0 0.808663)
(734.021 0 0.769798)
(733.192 0 0.768056)
(732.386 0 0.727662)
(731.598 0 0.726786)
(730.831 0 0.693007)
(730.077 0 0.690689)
(729.336 0 0.667533)
(728.599 0 0.666056)
(727.856 0 0.666226)
(727.141 0 0.66087)
(726.106 0 0.665029)
(823.363 0 15.902)
(823.305 0 14.5436)
(823.507 0 13.5708)
(823.831 0 12.148)
(824.321 0 9.81571)
(824.506 0 9.68777)
(824.717 0 8.29089)
(824.792 0 7.69445)
(824.873 0 7.72362)
(824.839 0 7.40751)
(824.811 0 7.267)
(824.803 0 7.28425)
(824.806 0 7.39451)
(824.783 0 7.47015)
(824.758 0 7.46098)
(824.735 0 7.42764)
(824.709 0 7.40713)
(824.67 0 7.40454)
(824.617 0 7.40929)
(824.556 0 7.40988)
(824.494 0 7.38876)
(824.431 0 7.34704)
(824.361 0 7.29946)
(824.28 0 7.25912)
(824.181 0 7.22422)
(824.06 0 7.19172)
(823.918 0 7.15789)
(823.757 0 7.1233)
(823.575 0 7.08722)
(823.37 0 7.0507)
(823.136 0 7.01817)
(822.867 0 6.99381)
(822.564 0 6.97043)
(822.222 0 6.94054)
(821.839 0 6.89634)
(821.409 0 6.84253)
(820.928 0 6.78242)
(820.392 0 6.72301)
(819.798 0 6.66586)
(819.139 0 6.61094)
(818.413 0 6.55669)
(817.619 0 6.48736)
(816.752 0 6.42358)
(815.81 0 6.34853)
(814.795 0 6.28965)
(813.696 0 6.22296)
(812.515 0 6.15532)
(811.233 0 6.1245)
(809.855 0 6.17539)
(808.434 0 6.06883)
(807.012 0 5.70365)
(805.595 0 5.18238)
(804.161 0 4.7353)
(802.7 0 4.36941)
(801.211 0 4.08347)
(799.698 0 3.85129)
(798.167 0 3.71323)
(796.631 0 3.58171)
(795.099 0 3.42071)
(793.576 0 3.21594)
(792.059 0 3.07842)
(790.55 0 2.98233)
(789.055 0 2.92451)
(787.579 0 2.82083)
(786.123 0 2.70141)
(784.692 0 2.54297)
(783.286 0 2.43953)
(781.904 0 2.36107)
(780.54 0 2.33784)
(779.194 0 2.2807)
(777.867 0 2.23273)
(776.564 0 2.13134)
(775.286 0 2.05142)
(774.04 0 1.94514)
(772.822 0 1.89885)
(771.628 0 1.84006)
(770.448 0 1.83356)
(769.278 0 1.787)
(768.116 0 1.77015)
(766.97 0 1.70176)
(765.841 0 1.67072)
(764.737 0 1.59137)
(763.659 0 1.55952)
(762.611 0 1.48851)
(761.585 0 1.47505)
(760.576 0 1.42058)
(759.575 0 1.42368)
(758.58 0 1.37164)
(757.589 0 1.3718)
(756.607 0 1.31432)
(755.636 0 1.30657)
(754.684 0 1.24044)
(753.752 0 1.22692)
(752.845 0 1.16007)
(751.955 0 1.15768)
(751.081 0 1.10486)
(750.209 0 1.12391)
(749.337 0 1.08237)
(748.462 0 1.09487)
(747.592 0 1.04331)
(746.732 0 1.04144)
(745.894 0 0.985143)
(745.075 0 0.985051)
(744.279 0 0.934118)
(743.498 0 0.93415)
(742.731 0 0.89438)
(741.972 0 0.897654)
(741.208 0 0.886002)
(740.475 0 0.87791)
(739.449 0 0.907322)
(824.113 0 13.1808)
(823.526 0 13.9045)
(823.566 0 13.7792)
(823.751 0 13.1371)
(824.172 0 11.3359)
(824.376 0 10.1248)
(824.689 0 8.59033)
(824.81 0 7.9385)
(824.894 0 7.8725)
(824.885 0 7.51893)
(824.852 0 7.26786)
(824.875 0 7.30539)
(824.88 0 7.44529)
(824.851 0 7.51849)
(824.834 0 7.49096)
(824.821 0 7.44339)
(824.809 0 7.40243)
(824.787 0 7.40096)
(824.755 0 7.43098)
(824.718 0 7.45607)
(824.682 0 7.45378)
(824.651 0 7.41914)
(824.621 0 7.36769)
(824.587 0 7.31849)
(824.543 0 7.27892)
(824.485 0 7.24282)
(824.413 0 7.20516)
(824.332 0 7.16747)
(824.243 0 7.13273)
(824.144 0 7.09872)
(824.033 0 7.06989)
(823.908 0 7.04791)
(823.765 0 7.02958)
(823.605 0 7.00578)
(823.423 0 6.97077)
(823.218 0 6.92366)
(822.986 0 6.87044)
(822.727 0 6.82036)
(822.438 0 6.77417)
(822.118 0 6.7419)
(821.763 0 6.70538)
(821.373 0 6.67134)
(820.941 0 6.62938)
(820.467 0 6.59644)
(819.95 0 6.51715)
(819.376 0 6.50802)
(818.746 0 6.45138)
(818.049 0 6.419)
(817.273 0 6.47986)
(816.441 0 6.52128)
(815.583 0 6.36657)
(814.72 0 5.95371)
(813.836 0 5.46811)
(812.909 0 5.08702)
(811.928 0 4.86165)
(810.895 0 4.61306)
(809.814 0 4.40665)
(808.689 0 4.24027)
(807.527 0 4.17207)
(806.336 0 4.12998)
(805.12 0 4.03672)
(803.879 0 3.82846)
(802.614 0 3.66321)
(801.332 0 3.57206)
(800.036 0 3.56151)
(798.738 0 3.50229)
(797.443 0 3.42562)
(796.151 0 3.28563)
(794.858 0 3.1635)
(793.566 0 3.03326)
(792.275 0 2.98497)
(790.993 0 2.93022)
(789.723 0 2.89976)
(788.473 0 2.79665)
(787.24 0 2.71193)
(786.024 0 2.58508)
(784.817 0 2.51564)
(783.618 0 2.41776)
(782.425 0 2.38256)
(781.245 0 2.30946)
(780.08 0 2.29011)
(778.939 0 2.2091)
(777.819 0 2.17074)
(776.726 0 2.0703)
(775.654 0 2.03026)
(774.601 0 1.94258)
(773.558 0 1.9294)
(772.524 0 1.85587)
(771.492 0 1.85024)
(770.471 0 1.77809)
(769.46 0 1.76861)
(768.468 0 1.68745)
(767.494 0 1.67001)
(766.545 0 1.58431)
(765.613 0 1.57658)
(764.697 0 1.50663)
(763.786 0 1.52551)
(762.88 0 1.46931)
(761.971 0 1.48193)
(761.068 0 1.41351)
(760.174 0 1.4106)
(759.3 0 1.33565)
(758.446 0 1.33535)
(757.613 0 1.26663)
(756.798 0 1.26815)
(755.997 0 1.21181)
(755.209 0 1.21754)
(754.414 0 1.1955)
(753.659 0 1.17822)
(752.641 0 1.22818)
(824.325 0 11.7538)
(823.558 0 13.1469)
(823.623 0 13.8057)
(823.66 0 13.8215)
(823.925 0 12.5864)
(824.231 0 10.7305)
(824.515 0 9.45657)
(824.749 0 8.21122)
(824.87 0 8.18158)
(824.888 0 7.55274)
(824.855 0 7.32989)
(824.94 0 7.38432)
(824.905 0 7.452)
(824.888 0 7.48029)
(824.867 0 7.48018)
(824.858 0 7.44457)
(824.85 0 7.41495)
(824.841 0 7.39789)
(824.825 0 7.41786)
(824.802 0 7.46013)
(824.778 0 7.47824)
(824.76 0 7.45969)
(824.748 0 7.41546)
(824.737 0 7.36207)
(824.72 0 7.31388)
(824.692 0 7.27516)
(824.655 0 7.24505)
(824.612 0 7.21499)
(824.566 0 7.18307)
(824.518 0 7.14769)
(824.465 0 7.11687)
(824.407 0 7.09336)
(824.341 0 7.0759)
(824.265 0 7.0533)
(824.177 0 7.02111)
(824.076 0 6.97563)
(823.961 0 6.92614)
(823.833 0 6.87985)
(823.692 0 6.84084)
(823.538 0 6.81006)
(823.37 0 6.77838)
(823.186 0 6.74213)
(822.981 0 6.71325)
(822.756 0 6.68788)
(822.51 0 6.64827)
(822.234 0 6.59981)
(821.922 0 6.61965)
(821.58 0 6.55069)
(821.19 0 6.57185)
(820.755 0 6.66561)
(820.296 0 6.69206)
(819.837 0 6.48526)
(819.381 0 6.06183)
(818.912 0 5.56467)
(818.397 0 5.22086)
(817.829 0 5.04728)
(817.215 0 4.9446)
(816.562 0 4.77121)
(815.866 0 4.57641)
(815.128 0 4.44187)
(814.346 0 4.46105)
(813.524 0 4.48231)
(812.667 0 4.43279)
(811.778 0 4.26691)
(810.852 0 4.10211)
(809.895 0 3.96648)
(808.913 0 3.95365)
(807.912 0 3.97185)
(806.888 0 4.00393)
(805.848 0 3.92912)
(804.788 0 3.81949)
(803.714 0 3.64525)
(802.623 0 3.53701)
(801.525 0 3.44237)
(800.421 0 3.44062)
(799.316 0 3.41214)
(798.204 0 3.41553)
(797.09 0 3.33418)
(795.967 0 3.26977)
(794.846 0 3.12893)
(793.725 0 3.04138)
(792.617 0 2.90661)
(791.518 0 2.85201)
(790.436 0 2.75667)
(789.366 0 2.73866)
(788.313 0 2.65769)
(787.265 0 2.64657)
(786.226 0 2.55357)
(785.185 0 2.52813)
(784.151 0 2.42133)
(783.123 0 2.38528)
(782.11 0 2.27099)
(781.11 0 2.23598)
(780.132 0 2.12593)
(779.168 0 2.1103)
(778.223 0 2.02337)
(777.283 0 2.04456)
(776.351 0 1.9741)
(775.418 0 1.98874)
(774.492 0 1.90193)
(773.573 0 1.8981)
(772.672 0 1.79908)
(771.787 0 1.7997)
(770.922 0 1.70183)
(770.073 0 1.70883)
(769.239 0 1.61998)
(768.419 0 1.63889)
(767.592 0 1.58394)
(766.812 0 1.59855)
(765.781 0 1.57756)
(825.15 0 6.67281)
(824.103 0 9.41374)
(823.843 0 13.9328)
(823.53 0 13.8798)
(823.659 0 13.2041)
(823.892 0 11.9934)
(824.188 0 10.7797)
(824.558 0 8.90027)
(824.75 0 8.72945)
(824.785 0 7.71803)
(824.822 0 7.5598)
(824.922 0 7.57096)
(824.906 0 7.47859)
(824.891 0 7.45208)
(824.874 0 7.44039)
(824.862 0 7.43119)
(824.857 0 7.41659)
(824.857 0 7.41828)
(824.856 0 7.43834)
(824.843 0 7.46728)
(824.824 0 7.48202)
(824.812 0 7.47389)
(824.806 0 7.44617)
(824.804 0 7.40138)
(824.801 0 7.35085)
(824.791 0 7.30313)
(824.773 0 7.26941)
(824.75 0 7.24977)
(824.726 0 7.23012)
(824.703 0 7.20056)
(824.681 0 7.16832)
(824.657 0 7.14002)
(824.629 0 7.11858)
(824.594 0 7.09797)
(824.55 0 7.07138)
(824.497 0 7.03083)
(824.436 0 6.98242)
(824.369 0 6.93489)
(824.297 0 6.8968)
(824.22 0 6.86699)
(824.139 0 6.839)
(824.052 0 6.80797)
(823.956 0 6.7761)
(823.85 0 6.75041)
(823.735 0 6.71402)
(823.608 0 6.67407)
(823.459 0 6.64858)
(823.293 0 6.65339)
(823.111 0 6.5914)
(822.896 0 6.6551)
(822.657 0 6.76738)
(822.414 0 6.75514)
(822.183 0 6.53991)
(821.97 0 6.11212)
(821.751 0 5.64324)
(821.501 0 5.23299)
(821.204 0 5.09087)
(820.876 0 5.05296)
(820.519 0 4.98402)
(820.141 0 4.83788)
(819.729 0 4.67644)
(819.28 0 4.53817)
(818.792 0 4.5605)
(818.277 0 4.62758)
(817.732 0 4.64871)
(817.165 0 4.52329)
(816.571 0 4.3913)
(815.952 0 4.25914)
(815.299 0 4.23114)
(814.62 0 4.2363)
(813.912 0 4.31741)
(813.181 0 4.32388)
(812.422 0 4.29571)
(811.641 0 4.14854)
(810.836 0 4.03271)
(810.013 0 3.89667)
(809.166 0 3.86821)
(808.3 0 3.82464)
(807.409 0 3.86188)
(806.501 0 3.83173)
(805.577 0 3.84376)
(804.648 0 3.74701)
(803.711 0 3.68871)
(802.775 0 3.53995)
(801.833 0 3.47654)
(800.893 0 3.35123)
(799.945 0 3.33657)
(798.995 0 3.24407)
(798.033 0 3.24854)
(797.069 0 3.15395)
(796.099 0 3.14494)
(795.135 0 3.02445)
(794.172 0 2.99459)
(793.223 0 2.8588)
(792.28 0 2.83666)
(791.351 0 2.71606)
(790.424 0 2.72721)
(789.504 0 2.62519)
(788.581 0 2.63526)
(787.662 0 2.51761)
(786.746 0 2.51367)
(785.842 0 2.38638)
(784.95 0 2.38568)
(784.072 0 2.26681)
(783.208 0 2.2709)
(782.354 0 2.16312)
(781.516 0 2.17786)
(780.671 0 2.1097)
(779.876 0 2.1295)
(778.834 0 2.06786)
(825.828 0 3.01579)
(825.03 0 7.39543)
(823.745 0 14.328)
(823.443 0 13.5393)
(823.629 0 13.1227)
(823.694 0 12.8858)
(823.899 0 11.9195)
(824.336 0 9.82188)
(824.531 0 9.27553)
(824.663 0 7.97383)
(824.777 0 7.80974)
(824.905 0 7.70984)
(824.897 0 7.46321)
(824.874 0 7.43046)
(824.861 0 7.42267)
(824.852 0 7.41624)
(824.847 0 7.42659)
(824.855 0 7.43898)
(824.863 0 7.45748)
(824.857 0 7.47643)
(824.842 0 7.48063)
(824.832 0 7.47678)
(824.828 0 7.47048)
(824.829 0 7.45085)
(824.832 0 7.41757)
(824.832 0 7.37239)
(824.826 0 7.32828)
(824.816 0 7.29712)
(824.804 0 7.27737)
(824.795 0 7.25381)
(824.789 0 7.22306)
(824.783 0 7.18871)
(824.776 0 7.15412)
(824.762 0 7.12273)
(824.741 0 7.0968)
(824.713 0 7.06982)
(824.679 0 7.03843)
(824.642 0 7.00335)
(824.603 0 6.96889)
(824.562 0 6.93465)
(824.521 0 6.90134)
(824.479 0 6.86698)
(824.433 0 6.83602)
(824.384 0 6.80173)
(824.331 0 6.77582)
(824.272 0 6.73293)
(824.203 0 6.71513)
(824.123 0 6.68071)
(824.035 0 6.68368)
(823.938 0 6.62202)
(823.813 0 6.72116)
(823.678 0 6.80223)
(823.548 0 6.7713)
(823.44 0 6.55873)
(823.354 0 6.17885)
(823.277 0 5.69925)
(823.175 0 5.29431)
(823.039 0 5.06401)
(822.871 0 5.02908)
(822.688 0 5.04038)
(822.489 0 5.0373)
(822.275 0 4.87956)
(822.035 0 4.71703)
(821.77 0 4.60542)
(821.48 0 4.62261)
(821.173 0 4.65225)
(820.856 0 4.71017)
(820.528 0 4.67682)
(820.182 0 4.61951)
(819.817 0 4.48292)
(819.425 0 4.41169)
(819.008 0 4.34986)
(818.564 0 4.39604)
(818.098 0 4.41587)
(817.614 0 4.47703)
(817.115 0 4.44377)
(816.598 0 4.43219)
(816.059 0 4.32596)
(815.489 0 4.27233)
(814.892 0 4.15543)
(814.269 0 4.1349)
(813.629 0 4.06991)
(812.971 0 4.09928)
(812.301 0 4.05464)
(811.617 0 4.08307)
(810.924 0 4.00814)
(810.216 0 4.01151)
(809.493 0 3.90638)
(808.748 0 3.89056)
(807.986 0 3.77446)
(807.204 0 3.75356)
(806.413 0 3.63721)
(805.612 0 3.62513)
(804.808 0 3.51347)
(803.999 0 3.52126)
(803.19 0 3.41951)
(802.377 0 3.45573)
(801.561 0 3.35804)
(800.735 0 3.38197)
(799.904 0 3.25695)
(799.066 0 3.25577)
(798.231 0 3.10421)
(797.396 0 3.11381)
(796.568 0 2.95303)
(795.743 0 2.9857)
(794.925 0 2.82237)
(794.114 0 2.89331)
(793.297 0 2.73189)
(792.523 0 2.8616)
(791.515 0 2.65322)
(826.234 0 1.16782)
(825.692 0 3.87191)
(824.845 0 8.72872)
(823.984 0 10.1725)
(823.847 0 12.4935)
(823.425 0 13.2435)
(823.623 0 12.5508)
(823.911 0 11.3888)
(824.179 0 10.2585)
(824.48 0 8.7611)
(824.691 0 8.05842)
(824.859 0 7.92575)
(824.82 0 7.41611)
(824.842 0 7.42722)
(824.846 0 7.46399)
(824.834 0 7.44566)
(824.833 0 7.43673)
(824.848 0 7.44164)
(824.86 0 7.46277)
(824.856 0 7.47292)
(824.845 0 7.46823)
(824.836 0 7.48461)
(824.838 0 7.49805)
(824.84 0 7.49566)
(824.842 0 7.47632)
(824.845 0 7.43821)
(824.846 0 7.38587)
(824.845 0 7.3392)
(824.842 0 7.30762)
(824.84 0 7.28152)
(824.841 0 7.25729)
(824.844 0 7.23175)
(824.846 0 7.19935)
(824.846 0 7.16135)
(824.839 0 7.12376)
(824.826 0 7.08935)
(824.809 0 7.06146)
(824.788 0 7.03976)
(824.765 0 7.01995)
(824.742 0 6.99595)
(824.72 0 6.96866)
(824.699 0 6.93837)
(824.678 0 6.90721)
(824.657 0 6.8702)
(824.633 0 6.83624)
(824.607 0 6.80379)
(824.576 0 6.77433)
(824.538 0 6.75265)
(824.496 0 6.72141)
(824.448 0 6.71795)
(824.392 0 6.67694)
(824.314 0 6.76474)
(824.233 0 6.8248)
(824.163 0 6.77936)
(824.115 0 6.60463)
(824.097 0 6.25197)
(824.089 0 5.82613)
(824.073 0 5.40317)
(824.028 0 5.09361)
(823.951 0 4.9711)
(823.862 0 5.02228)
(823.749 0 5.01535)
(823.633 0 4.99446)
(823.513 0 4.88523)
(823.377 0 4.74533)
(823.222 0 4.60257)
(823.057 0 4.60439)
(822.885 0 4.64724)
(822.71 0 4.7306)
(822.528 0 4.73611)
(822.335 0 4.73114)
(822.127 0 4.62615)
(821.898 0 4.54246)
(821.651 0 4.42557)
(821.389 0 4.42088)
(821.118 0 4.4183)
(820.842 0 4.50722)
(820.553 0 4.52798)
(820.244 0 4.5822)
(819.912 0 4.52439)
(819.56 0 4.50835)
(819.19 0 4.39039)
(818.804 0 4.35413)
(818.403 0 4.24491)
(817.989 0 4.25617)
(817.566 0 4.19666)
(817.133 0 4.26067)
(816.684 0 4.21567)
(816.214 0 4.27512)
(815.721 0 4.19937)
(815.205 0 4.22845)
(814.672 0 4.10778)
(814.121 0 4.1121)
(813.56 0 3.97126)
(812.988 0 3.99073)
(812.408 0 3.86975)
(811.818 0 3.93076)
(811.217 0 3.82938)
(810.6 0 3.89512)
(809.967 0 3.76822)
(809.318 0 3.82626)
(808.657 0 3.67765)
(807.988 0 3.73121)
(807.313 0 3.58033)
(806.633 0 3.62653)
(805.95 0 3.47748)
(805.266 0 3.54517)
(804.571 0 3.42583)
(803.907 0 3.50523)
(803.032 0 3.38983)
(826.397 0 0.440025)
(826.154 0 1.5487)
(825.506 0 4.62848)
(824.722 0 8.97236)
(823.89 0 14.0622)
(823.343 0 13.806)
(823.629 0 12.6847)
(823.785 0 12.2824)
(824.007 0 11.4902)
(824.297 0 10.1319)
(824.494 0 8.97517)
(824.719 0 8.36537)
(824.719 0 7.58529)
(824.782 0 7.6857)
(824.792 0 7.59847)
(824.802 0 7.52096)
(824.814 0 7.46074)
(824.847 0 7.45304)
(824.854 0 7.45813)
(824.85 0 7.44754)
(824.844 0 7.45507)
(824.841 0 7.4715)
(824.844 0 7.49526)
(824.847 0 7.5012)
(824.848 0 7.49307)
(824.85 0 7.47228)
(824.854 0 7.43577)
(824.858 0 7.39043)
(824.859 0 7.34894)
(824.861 0 7.3134)
(824.865 0 7.28313)
(824.871 0 7.25871)
(824.877 0 7.23193)
(824.882 0 7.19813)
(824.884 0 7.16243)
(824.883 0 7.12737)
(824.878 0 7.09675)
(824.868 0 7.07462)
(824.855 0 7.05719)
(824.84 0 7.0367)
(824.827 0 7.01433)
(824.817 0 6.98952)
(824.809 0 6.96214)
(824.801 0 6.92627)
(824.793 0 6.89273)
(824.784 0 6.86091)
(824.772 0 6.83991)
(824.757 0 6.81033)
(824.738 0 6.79107)
(824.716 0 6.75834)
(824.687 0 6.76008)
(824.654 0 6.71691)
(824.599 0 6.78155)
(824.548 0 6.81846)
(824.508 0 6.78637)
(824.492 0 6.63481)
(824.504 0 6.34891)
(824.532 0 5.97931)
(824.563 0 5.56017)
(824.573 0 5.17023)
(824.556 0 5.0455)
(824.496 0 4.93122)
(824.44 0 4.96467)
(824.379 0 5.02264)
(824.307 0 4.9863)
(824.236 0 4.85208)
(824.158 0 4.75139)
(824.079 0 4.64899)
(823.992 0 4.63497)
(823.901 0 4.64005)
(823.802 0 4.71196)
(823.694 0 4.72966)
(823.578 0 4.7457)
(823.456 0 4.67617)
(823.326 0 4.63272)
(823.192 0 4.5414)
(823.056 0 4.53606)
(822.913 0 4.50289)
(822.757 0 4.54592)
(822.583 0 4.52719)
(822.394 0 4.56935)
(822.195 0 4.5338)
(821.986 0 4.55573)
(821.77 0 4.48583)
(821.547 0 4.49273)
(821.321 0 4.41268)
(821.091 0 4.43772)
(820.853 0 4.37062)
(820.599 0 4.40321)
(820.325 0 4.33298)
(820.031 0 4.35984)
(819.722 0 4.28148)
(819.399 0 4.30981)
(819.066 0 4.22583)
(818.725 0 4.26567)
(818.379 0 4.18536)
(818.027 0 4.2577)
(817.665 0 4.18221)
(817.288 0 4.24172)
(816.893 0 4.13122)
(816.477 0 4.16411)
(816.044 0 4.02358)
(815.596 0 4.07678)
(815.138 0 3.93253)
(814.673 0 4.02292)
(814.202 0 3.87626)
(813.728 0 4.01292)
(813.245 0 3.86097)
(812.78 0 4.05337)
(812.166 0 3.86859)
(826.462 0 0.15577)
(826.366 0 0.577502)
(826.087 0 1.8336)
(825.485 0 4.85835)
(824.866 0 8.6962)
(824.254 0 10.6279)
(823.948 0 11.9478)
(823.956 0 12.293)
(823.937 0 12.4009)
(824.075 0 11.5123)
(824.302 0 9.914)
(824.467 0 9.20987)
(824.649 0 7.90462)
(824.789 0 7.84022)
(824.792 0 7.68496)
(824.796 0 7.46185)
(824.832 0 7.48291)
(824.857 0 7.47605)
(824.857 0 7.46235)
(824.85 0 7.43353)
(824.851 0 7.4416)
(824.852 0 7.46336)
(824.855 0 7.4958)
(824.854 0 7.50316)
(824.854 0 7.49266)
(824.861 0 7.48048)
(824.865 0 7.4632)
(824.869 0 7.4369)
(824.871 0 7.40281)
(824.873 0 7.36548)
(824.877 0 7.32586)
(824.883 0 7.29065)
(824.889 0 7.25699)
(824.898 0 7.2223)
(824.905 0 7.1896)
(824.912 0 7.15954)
(824.915 0 7.1328)
(824.913 0 7.11219)
(824.905 0 7.09482)
(824.896 0 7.0755)
(824.888 0 7.05599)
(824.883 0 7.03593)
(824.881 0 7.00906)
(824.88 0 6.97204)
(824.88 0 6.93347)
(824.879 0 6.90257)
(824.878 0 6.87853)
(824.876 0 6.85756)
(824.871 0 6.833)
(824.861 0 6.81486)
(824.847 0 6.79197)
(824.83 0 6.7814)
(824.806 0 6.74586)
(824.767 0 6.78119)
(824.735 0 6.81119)
(824.713 0 6.79335)
(824.712 0 6.67844)
(824.735 0 6.46734)
(824.781 0 6.14447)
(824.836 0 5.7458)
(824.872 0 5.41467)
(824.889 0 5.0752)
(824.874 0 4.96258)
(824.848 0 4.93917)
(824.795 0 4.95303)
(824.751 0 4.96979)
(824.709 0 4.97175)
(824.676 0 4.89563)
(824.641 0 4.81791)
(824.605 0 4.72642)
(824.557 0 4.69533)
(824.499 0 4.64022)
(824.435 0 4.6528)
(824.369 0 4.65344)
(824.299 0 4.69076)
(824.232 0 4.66819)
(824.169 0 4.68395)
(824.11 0 4.64364)
(824.039 0 4.64877)
(823.954 0 4.58509)
(823.851 0 4.58253)
(823.742 0 4.52125)
(823.626 0 4.53619)
(823.507 0 4.48564)
(823.388 0 4.51951)
(823.272 0 4.47644)
(823.159 0 4.53307)
(823.046 0 4.49309)
(822.92 0 4.54626)
(822.783 0 4.47975)
(822.625 0 4.51058)
(822.461 0 4.40745)
(822.282 0 4.4267)
(822.101 0 4.30807)
(821.914 0 4.35251)
(821.729 0 4.25552)
(821.543 0 4.3526)
(821.356 0 4.27945)
(821.155 0 4.39093)
(820.943 0 4.27856)
(820.707 0 4.38307)
(820.462 0 4.22808)
(820.199 0 4.33436)
(819.932 0 4.15433)
(819.657 0 4.26466)
(819.386 0 4.08523)
(819.111 0 4.24397)
(818.842 0 4.08898)
(818.569 0 4.29914)
(818.227 0 4.07617)
(826.487 0 0.0502602)
(826.451 0 0.202198)
(826.346 0 0.659924)
(826.069 0 1.91313)
(825.552 0 4.45349)
(824.637 0 9.47895)
(824.14 0 11.3395)
(824.153 0 13.4072)
(823.858 0 12.894)
(823.957 0 12.0832)
(824.082 0 11.4372)
(824.255 0 10.566)
(824.536 0 9.15196)
(824.767 0 8.41621)
(824.832 0 7.90054)
(824.842 0 7.60536)
(824.875 0 7.62444)
(824.879 0 7.5231)
(824.871 0 7.4655)
(824.869 0 7.43097)
(824.873 0 7.45128)
(824.881 0 7.48538)
(824.882 0 7.49659)
(824.881 0 7.49796)
(824.878 0 7.49335)
(824.884 0 7.48168)
(824.889 0 7.47223)
(824.89 0 7.46397)
(824.89 0 7.44663)
(824.89 0 7.41949)
(824.891 0 7.38365)
(824.893 0 7.3418)
(824.899 0 7.30025)
(824.909 0 7.25654)
(824.92 0 7.22113)
(824.931 0 7.19584)
(824.94 0 7.17405)
(824.941 0 7.15274)
(824.936 0 7.13064)
(824.93 0 7.1061)
(824.925 0 7.08479)
(824.923 0 7.06801)
(824.923 0 7.04658)
(824.926 0 7.01338)
(824.929 0 6.97859)
(824.933 0 6.94961)
(824.938 0 6.92846)
(824.943 0 6.90634)
(824.946 0 6.88381)
(824.943 0 6.86136)
(824.937 0 6.84394)
(824.929 0 6.82082)
(824.917 0 6.79335)
(824.898 0 6.77587)
(824.871 0 6.78349)
(824.853 0 6.81091)
(824.844 0 6.79786)
(824.85 0 6.72069)
(824.875 0 6.56495)
(824.923 0 6.3013)
(824.978 0 5.98272)
(825.039 0 5.60791)
(825.082 0 5.24157)
(825.093 0 5.08964)
(825.077 0 4.92965)
(825.054 0 4.86149)
(825.024 0 4.91964)
(824.995 0 4.93873)
(824.976 0 4.94816)
(824.964 0 4.93155)
(824.945 0 4.89554)
(824.922 0 4.79584)
(824.89 0 4.73274)
(824.857 0 4.65342)
(824.816 0 4.63912)
(824.776 0 4.61632)
(824.746 0 4.65891)
(824.723 0 4.67317)
(824.696 0 4.71409)
(824.656 0 4.68462)
(824.599 0 4.68351)
(824.538 0 4.62786)
(824.47 0 4.62044)
(824.404 0 4.54834)
(824.335 0 4.54945)
(824.274 0 4.49218)
(824.22 0 4.5303)
(824.171 0 4.50072)
(824.113 0 4.55076)
(824.047 0 4.51094)
(823.963 0 4.54546)
(823.874 0 4.48403)
(823.775 0 4.50583)
(823.678 0 4.41972)
(823.578 0 4.44258)
(823.484 0 4.35985)
(823.393 0 4.42524)
(823.306 0 4.36881)
(823.209 0 4.43993)
(823.105 0 4.36819)
(822.979 0 4.41862)
(822.848 0 4.32343)
(822.7 0 4.3809)
(822.552 0 4.2784)
(822.403 0 4.35683)
(822.26 0 4.25614)
(822.115 0 4.3416)
(821.97 0 4.2421)
(821.805 0 4.33684)
(821.542 0 4.11946)
(826.496 0 0.0145124)
(826.484 0 0.0640351)
(826.444 0 0.229575)
(826.35 0 0.64223)
(826.079 0 1.86539)
(825.64 0 4.03178)
(824.736 0 8.11699)
(824.736 0 10.0944)
(824.245 0 11.4229)
(824.143 0 11.6066)
(824.175 0 11.6626)
(824.172 0 11.6961)
(824.352 0 10.7887)
(824.562 0 9.57564)
(824.73 0 8.59507)
(824.84 0 8.02667)
(824.914 0 7.93594)
(824.913 0 7.69941)
(824.905 0 7.5607)
(824.902 0 7.51926)
(824.903 0 7.51407)
(824.908 0 7.51245)
(824.909 0 7.50144)
(824.913 0 7.48704)
(824.917 0 7.47854)
(824.916 0 7.4777)
(824.918 0 7.47246)
(824.918 0 7.46778)
(824.919 0 7.46444)
(824.921 0 7.45901)
(824.92 0 7.43826)
(824.919 0 7.40107)
(824.922 0 7.35806)
(824.929 0 7.31628)
(824.939 0 7.27701)
(824.952 0 7.24684)
(824.962 0 7.21899)
(824.964 0 7.19379)
(824.961 0 7.16975)
(824.956 0 7.14415)
(824.953 0 7.12236)
(824.952 0 7.10757)
(824.953 0 7.08673)
(824.957 0 7.05293)
(824.962 0 7.01823)
(824.967 0 6.99241)
(824.975 0 6.97176)
(824.984 0 6.95156)
(824.99 0 6.92625)
(824.991 0 6.9009)
(824.989 0 6.87544)
(824.985 0 6.8552)
(824.98 0 6.8265)
(824.971 0 6.8036)
(824.958 0 6.79354)
(824.943 0 6.78823)
(824.936 0 6.80449)
(824.934 0 6.79686)
(824.942 0 6.74551)
(824.964 0 6.63363)
(825.002 0 6.44322)
(825.056 0 6.17754)
(825.122 0 5.82727)
(825.168 0 5.54802)
(825.214 0 5.21406)
(825.228 0 5.02666)
(825.219 0 4.9708)
(825.188 0 4.8741)
(825.178 0 4.87589)
(825.177 0 4.91443)
(825.161 0 4.93466)
(825.145 0 4.89393)
(825.129 0 4.86254)
(825.116 0 4.81313)
(825.099 0 4.7672)
(825.081 0 4.68376)
(825.065 0 4.6666)
(825.061 0 4.64603)
(825.056 0 4.67673)
(825.039 0 4.66761)
(825.003 0 4.68141)
(824.963 0 4.66057)
(824.919 0 4.67302)
(824.877 0 4.63121)
(824.835 0 4.62536)
(824.802 0 4.57067)
(824.777 0 4.58866)
(824.762 0 4.55806)
(824.739 0 4.59091)
(824.71 0 4.55056)
(824.661 0 4.56958)
(824.612 0 4.5101)
(824.552 0 4.52573)
(824.497 0 4.4487)
(824.441 0 4.47499)
(824.393 0 4.4063)
(824.353 0 4.47365)
(824.318 0 4.43074)
(824.275 0 4.50722)
(824.233 0 4.43373)
(824.163 0 4.49646)
(824.1 0 4.39066)
(824.007 0 4.45805)
(823.937 0 4.31807)
(823.832 0 4.41289)
(823.751 0 4.24553)
(823.65 0 4.33597)
(823.498 0 4.14121)
(823.377 0 3.96992)
(823.154 0 3.56868)
(826.499 0 0.00380085)
(826.495 0 0.0184826)
(826.483 0 0.0689123)
(826.446 0 0.224409)
(826.361 0 0.58501)
(826.136 0 1.61934)
(825.746 0 3.36734)
(825.053 0 6.98047)
(824.435 0 10.3799)
(824.128 0 10.9384)
(824.299 0 12.2465)
(824.162 0 12.1497)
(824.129 0 11.6689)
(824.219 0 11.04)
(824.426 0 10.0929)
(824.701 0 8.95971)
(824.866 0 8.33461)
(824.988 0 7.73619)
(824.966 0 7.41436)
(824.996 0 7.63124)
(824.955 0 7.63688)
(824.937 0 7.57348)
(824.945 0 7.48949)
(824.961 0 7.46908)
(824.963 0 7.47284)
(824.961 0 7.47491)
(824.959 0 7.47524)
(824.954 0 7.47599)
(824.954 0 7.47837)
(824.956 0 7.48109)
(824.956 0 7.47131)
(824.955 0 7.44897)
(824.955 0 7.41523)
(824.956 0 7.37895)
(824.962 0 7.34342)
(824.971 0 7.31648)
(824.98 0 7.29028)
(824.986 0 7.25245)
(824.985 0 7.21568)
(824.982 0 7.18334)
(824.98 0 7.1601)
(824.978 0 7.14801)
(824.979 0 7.1302)
(824.984 0 7.09494)
(824.989 0 7.05868)
(824.993 0 7.03072)
(825.001 0 7.01003)
(825.01 0 6.98667)
(825.018 0 6.95838)
(825.02 0 6.92822)
(825.02 0 6.89905)
(825.019 0 6.87177)
(825.019 0 6.84503)
(825.016 0 6.82365)
(825.01 0 6.80281)
(825.003 0 6.79221)
(824.999 0 6.78006)
(824.997 0 6.7833)
(824.999 0 6.7767)
(825.006 0 6.74524)
(825.022 0 6.67041)
(825.05 0 6.54534)
(825.096 0 6.33324)
(825.149 0 6.07665)
(825.21 0 5.78977)
(825.272 0 5.45152)
(825.291 0 5.29686)
(825.304 0 5.05361)
(825.305 0 4.94209)
(825.314 0 4.94717)
(825.299 0 4.91593)
(825.285 0 4.86897)
(825.273 0 4.85487)
(825.267 0 4.8478)
(825.258 0 4.84007)
(825.249 0 4.79669)
(825.242 0 4.77041)
(825.246 0 4.74477)
(825.258 0 4.74492)
(825.264 0 4.71397)
(825.24 0 4.69711)
(825.21 0 4.66666)
(825.177 0 4.66495)
(825.146 0 4.63383)
(825.117 0 4.63264)
(825.095 0 4.60755)
(825.085 0 4.62557)
(825.086 0 4.62407)
(825.083 0 4.64482)
(825.072 0 4.62494)
(825.043 0 4.62347)
(825.012 0 4.58611)
(824.974 0 4.57508)
(824.942 0 4.50939)
(824.91 0 4.49786)
(824.884 0 4.45266)
(824.868 0 4.48506)
(824.858 0 4.48307)
(824.845 0 4.51561)
(824.828 0 4.5149)
(824.795 0 4.49799)
(824.747 0 4.48388)
(824.681 0 4.43471)
(824.656 0 4.39425)
(824.516 0 4.32203)
(824.438 0 4.13744)
(824.354 0 3.95532)
(824.192 0 3.48515)
(823.955 0 2.81528)
(823.511 0 1.39025)
(826.5 0 0.000910187)
(826.499 0 0.0047523)
(826.495 0 0.0193161)
(826.483 0 0.0656577)
(826.453 0 0.192674)
(826.379 0 0.505534)
(826.213 0 1.24914)
(825.877 0 2.69519)
(825.242 0 5.6909)
(824.6 0 8.42053)
(824.562 0 10.3942)
(824.316 0 11.0507)
(824.207 0 11.0712)
(824.227 0 11.0661)
(824.298 0 10.9956)
(824.443 0 10.607)
(824.689 0 9.40478)
(824.78 0 8.89794)
(824.894 0 8.10158)
(824.99 0 8.05885)
(824.976 0 7.77424)
(824.973 0 7.42462)
(824.964 0 7.34874)
(825.009 0 7.45777)
(825.014 0 7.48316)
(825.008 0 7.47928)
(825 0 7.47838)
(824.995 0 7.48213)
(824.989 0 7.49237)
(824.983 0 7.49664)
(824.981 0 7.49197)
(824.98 0 7.47793)
(824.978 0 7.46038)
(824.978 0 7.43903)
(824.981 0 7.4136)
(824.988 0 7.38191)
(824.998 0 7.34863)
(825.004 0 7.31417)
(825.004 0 7.28014)
(825.002 0 7.24845)
(825.001 0 7.22264)
(825 0 7.20744)
(825.002 0 7.1835)
(825.009 0 7.14047)
(825.013 0 7.0994)
(825.015 0 7.07007)
(825.02 0 7.04678)
(825.027 0 7.02297)
(825.034 0 6.99449)
(825.037 0 6.96276)
(825.038 0 6.93369)
(825.039 0 6.90606)
(825.042 0 6.88234)
(825.046 0 6.85982)
(825.045 0 6.84304)
(825.044 0 6.81601)
(825.044 0 6.79275)
(825.044 0 6.77905)
(825.046 0 6.76806)
(825.048 0 6.75464)
(825.053 0 6.73144)
(825.063 0 6.68797)
(825.083 0 6.60761)
(825.114 0 6.47794)
(825.16 0 6.28245)
(825.22 0 6.00404)
(825.272 0 5.72725)
(825.316 0 5.48656)
(825.351 0 5.22376)
(825.367 0 5.13338)
(825.38 0 5.02927)
(825.38 0 4.92698)
(825.37 0 4.88)
(825.367 0 4.85641)
(825.364 0 4.84212)
(825.352 0 4.81604)
(825.345 0 4.80012)
(825.35 0 4.7909)
(825.367 0 4.80022)
(825.39 0 4.79861)
(825.38 0 4.77152)
(825.357 0 4.73596)
(825.33 0 4.72189)
(825.308 0 4.68549)
(825.288 0 4.64865)
(825.272 0 4.60978)
(825.268 0 4.61499)
(825.275 0 4.62616)
(825.283 0 4.65486)
(825.28 0 4.65834)
(825.263 0 4.65785)
(825.242 0 4.6364)
(825.215 0 4.62572)
(825.197 0 4.56654)
(825.178 0 4.54692)
(825.163 0 4.49702)
(825.157 0 4.52522)
(825.163 0 4.5169)
(825.157 0 4.54485)
(825.146 0 4.5225)
(825.129 0 4.52088)
(825.046 0 4.44365)
(825.001 0 4.35461)
(824.943 0 4.21054)
(824.853 0 3.97346)
(824.725 0 3.59873)
(824.515 0 2.95739)
(824.159 0 1.73509)
(823.293 0 -1.23162)
(821.784 0 -6.58932)
(826.5 0 0.000197347)
(826.5 0 0.00111828)
(826.499 0 0.0048573)
(826.495 0 0.0174652)
(826.486 0 0.0554317)
(826.462 0 0.153129)
(826.405 0 0.395199)
(826.289 0 0.889086)
(825.999 0 2.14534)
(825.607 0 3.93051)
(825.086 0 6.64323)
(824.43 0 10.1637)
(824.166 0 10.4532)
(824.244 0 11.1233)
(824.263 0 11.4718)
(824.285 0 11.2114)
(824.309 0 10.7939)
(824.413 0 10.2196)
(824.64 0 9.28407)
(824.809 0 8.7138)
(824.978 0 7.95539)
(824.987 0 7.56296)
(824.958 0 7.71599)
(824.957 0 7.71268)
(824.991 0 7.59371)
(825.018 0 7.51496)
(825.025 0 7.49635)
(825.012 0 7.51027)
(825.003 0 7.51211)
(825.001 0 7.50726)
(825 0 7.49477)
(824.998 0 7.47053)
(824.998 0 7.46376)
(824.998 0 7.46072)
(824.996 0 7.45924)
(824.994 0 7.44853)
(824.999 0 7.42132)
(825.008 0 7.3813)
(825.015 0 7.34019)
(825.018 0 7.30406)
(825.02 0 7.27656)
(825.02 0 7.26185)
(825.019 0 7.24468)
(825.027 0 7.19976)
(825.032 0 7.15013)
(825.032 0 7.11539)
(825.033 0 7.08972)
(825.036 0 7.06353)
(825.041 0 7.03327)
(825.045 0 7.00451)
(825.047 0 6.97623)
(825.051 0 6.94945)
(825.057 0 6.9264)
(825.065 0 6.91063)
(825.072 0 6.89264)
(825.073 0 6.8668)
(825.075 0 6.83089)
(825.078 0 6.80159)
(825.08 0 6.78369)
(825.081 0 6.7703)
(825.083 0 6.75394)
(825.086 0 6.73645)
(825.094 0 6.71109)
(825.108 0 6.66854)
(825.13 0 6.58991)
(825.161 0 6.46012)
(825.204 0 6.248)
(825.249 0 6.01831)
(825.299 0 5.74257)
(825.344 0 5.47516)
(825.381 0 5.30549)
(825.401 0 5.21347)
(825.413 0 5.04513)
(825.421 0 4.94978)
(825.427 0 4.927)
(825.424 0 4.88981)
(825.41 0 4.83509)
(825.413 0 4.81032)
(825.431 0 4.81333)
(825.468 0 4.8365)
(825.464 0 4.82411)
(825.443 0 4.79181)
(825.422 0 4.77953)
(825.401 0 4.76617)
(825.39 0 4.72111)
(825.381 0 4.67438)
(825.379 0 4.65563)
(825.388 0 4.66614)
(825.404 0 4.67285)
(825.409 0 4.68131)
(825.399 0 4.6786)
(825.381 0 4.6726)
(825.361 0 4.6564)
(825.351 0 4.60861)
(825.337 0 4.57349)
(825.325 0 4.55548)
(825.317 0 4.53669)
(825.331 0 4.55812)
(825.308 0 4.52037)
(825.289 0 4.47385)
(825.261 0 4.39359)
(825.209 0 4.25965)
(825.13 0 4.04903)
(825.003 0 3.68655)
(824.796 0 3.00323)
(824.407 0 1.64214)
(823.411 0 -1.69344)
(821.932 0 -7.58558)
(817.644 0 -22.4927)
(810.442 0 -46.0154)
(826.5 0 3.90477e-05)
(826.5 0 0.000239384)
(826.5 0 0.0011052)
(826.499 0 0.00424493)
(826.496 0 0.0141462)
(826.489 0 0.0417078)
(826.471 0 0.113598)
(826.432 0 0.277863)
(826.347 0 0.629775)
(826.177 0 1.39994)
(825.898 0 2.59331)
(825.275 0 5.59031)
(824.916 0 6.55074)
(824.479 0 10.067)
(824.318 0 10.6637)
(824.208 0 10.5298)
(824.238 0 10.5534)
(824.288 0 10.6081)
(824.348 0 10.4325)
(824.52 0 9.9158)
(824.7 0 9.29357)
(824.815 0 8.74342)
(824.889 0 8.15626)
(824.914 0 7.87913)
(824.967 0 7.40572)
(824.975 0 7.24148)
(825.03 0 7.36036)
(825.019 0 7.48379)
(825 0 7.49717)
(825.005 0 7.47528)
(825.01 0 7.45817)
(825.013 0 7.46368)
(825.016 0 7.45955)
(825.014 0 7.45027)
(825.009 0 7.44423)
(825.004 0 7.4394)
(825.004 0 7.43607)
(825.006 0 7.42475)
(825.008 0 7.40576)
(825.012 0 7.38088)
(825.019 0 7.34804)
(825.026 0 7.31631)
(825.032 0 7.29137)
(825.039 0 7.25581)
(825.042 0 7.2065)
(825.039 0 7.1693)
(825.036 0 7.143)
(825.036 0 7.11628)
(825.039 0 7.08845)
(825.043 0 7.05895)
(825.048 0 7.03484)
(825.054 0 7.01237)
(825.064 0 6.99066)
(825.076 0 6.97483)
(825.086 0 6.96254)
(825.093 0 6.92808)
(825.095 0 6.88699)
(825.097 0 6.84711)
(825.1 0 6.81639)
(825.103 0 6.79963)
(825.105 0 6.78567)
(825.106 0 6.7732)
(825.109 0 6.76475)
(825.116 0 6.75615)
(825.127 0 6.733)
(825.142 0 6.68162)
(825.161 0 6.59001)
(825.184 0 6.45473)
(825.214 0 6.27665)
(825.249 0 6.07074)
(825.306 0 5.77439)
(825.348 0 5.5902)
(825.384 0 5.40728)
(825.419 0 5.18815)
(825.438 0 5.09316)
(825.449 0 5.08451)
(825.446 0 4.97303)
(825.445 0 4.87145)
(825.461 0 4.86286)
(825.503 0 4.89978)
(825.523 0 4.8839)
(825.502 0 4.82984)
(825.481 0 4.81852)
(825.459 0 4.81772)
(825.455 0 4.76416)
(825.448 0 4.71041)
(825.443 0 4.68837)
(825.451 0 4.70061)
(825.469 0 4.72178)
(825.487 0 4.72631)
(825.482 0 4.72257)
(825.465 0 4.7108)
(825.441 0 4.69534)
(825.443 0 4.64103)
(825.422 0 4.60187)
(825.404 0 4.54903)
(825.4 0 4.51299)
(825.391 0 4.47414)
(825.371 0 4.40811)
(825.332 0 4.28771)
(825.26 0 4.06333)
(825.136 0 3.64104)
(824.897 0 2.78902)
(824.345 0 1.01062)
(823.298 0 -2.76684)
(821.584 0 -8.86635)
(815.457 0 -28.808)
(811.758 0 -44.5507)
(803.987 0 -72.385)
(792.472 0 -109.15)
(826.5 0 7.04851e-06)
(826.5 0 4.66826e-05)
(826.5 0 0.000229596)
(826.5 0 0.000931933)
(826.499 0 0.00327229)
(826.497 0 0.010268)
(826.492 0 0.0288944)
(826.48 0 0.0764244)
(826.455 0 0.180607)
(826.399 0 0.415844)
(826.3 0 0.834892)
(826.07 0 1.80538)
(825.767 0 3.19628)
(825.266 0 5.70138)
(824.796 0 7.77173)
(824.467 0 8.33923)
(824.289 0 10.486)
(824.33 0 11.4631)
(824.101 0 11.0217)
(824.284 0 10.4672)
(824.37 0 10.3014)
(824.509 0 10.0442)
(824.677 0 9.3932)
(824.768 0 8.67452)
(824.75 0 8.31601)
(824.797 0 7.96784)
(824.843 0 7.95949)
(824.918 0 7.7085)
(824.946 0 7.41512)
(824.957 0 7.38819)
(824.992 0 7.44752)
(824.997 0 7.48222)
(824.997 0 7.47744)
(824.995 0 7.45187)
(824.997 0 7.43817)
(825 0 7.43975)
(825.001 0 7.43853)
(824.999 0 7.42726)
(824.999 0 7.41756)
(825.003 0 7.40755)
(825.012 0 7.38697)
(825.02 0 7.3597)
(825.026 0 7.3357)
(825.032 0 7.31086)
(825.036 0 7.27103)
(825.034 0 7.22891)
(825.029 0 7.20371)
(825.026 0 7.18254)
(825.027 0 7.1593)
(825.032 0 7.13368)
(825.041 0 7.10454)
(825.05 0 7.07971)
(825.061 0 7.05964)
(825.074 0 7.04425)
(825.087 0 7.03356)
(825.096 0 7.00857)
(825.101 0 6.95529)
(825.103 0 6.91014)
(825.103 0 6.87851)
(825.107 0 6.85797)
(825.112 0 6.84507)
(825.115 0 6.82662)
(825.118 0 6.81242)
(825.122 0 6.80811)
(825.128 0 6.80029)
(825.137 0 6.77586)
(825.146 0 6.73251)
(825.153 0 6.67614)
(825.163 0 6.58954)
(825.177 0 6.48942)
(825.206 0 6.32917)
(825.249 0 6.12088)
(825.297 0 5.90211)
(825.331 0 5.73979)
(825.388 0 5.43239)
(825.418 0 5.3113)
(825.431 0 5.24755)
(825.444 0 5.07803)
(825.458 0 4.97602)
(825.495 0 5.01749)
(825.537 0 5.02202)
(825.54 0 4.9163)
(825.519 0 4.88931)
(825.492 0 4.90125)
(825.496 0 4.83966)
(825.493 0 4.76168)
(825.484 0 4.73118)
(825.488 0 4.73329)
(825.509 0 4.73891)
(825.532 0 4.74603)
(825.52 0 4.73966)
(825.506 0 4.71717)
(825.477 0 4.66977)
(825.472 0 4.61691)
(825.463 0 4.56556)
(825.441 0 4.48861)
(825.409 0 4.379)
(825.357 0 4.19922)
(825.273 0 3.89928)
(825.103 0 3.2903)
(824.736 0 2.11239)
(824.016 0 -0.495687)
(822.947 0 -4.25811)
(819.198 0 -15.9037)
(814.439 0 -33.2244)
(811.195 0 -48.3966)
(797.756 0 -90.206)
(794.842 0 -92.9963)
(792.682 0 -97.2083)
(784.278 0 -122.355)
(826.5 0 1.163e-06)
(826.5 0 8.32331e-06)
(826.5 0 4.34394e-05)
(826.5 0 0.000186299)
(826.5 0 0.000688574)
(826.499 0 0.00226552)
(826.498 0 0.00672639)
(826.495 0 0.0185232)
(826.488 0 0.0465123)
(826.472 0 0.111402)
(826.44 0 0.243038)
(826.374 0 0.512269)
(826.257 0 1.02007)
(826.055 0 1.85984)
(825.638 0 3.73045)
(825.296 0 5.22611)
(824.817 0 7.85672)
(824.634 0 8.94675)
(824.388 0 8.91998)
(824.444 0 9.78174)
(824.448 0 10.1077)
(824.368 0 10.3615)
(824.449 0 10.1451)
(824.491 0 9.83419)
(824.53 0 9.43573)
(824.635 0 8.91287)
(824.709 0 8.64208)
(824.819 0 8.03013)
(824.825 0 7.79107)
(824.828 0 7.87283)
(824.904 0 7.79649)
(824.906 0 7.6646)
(824.932 0 7.61294)
(824.946 0 7.52104)
(824.952 0 7.49668)
(824.961 0 7.47688)
(824.966 0 7.4591)
(824.966 0 7.43607)
(824.975 0 7.43347)
(824.987 0 7.4362)
(824.998 0 7.41915)
(825.003 0 7.39307)
(825.006 0 7.37027)
(825.01 0 7.34869)
(825.016 0 7.32313)
(825.017 0 7.28968)
(825.015 0 7.26148)
(825.014 0 7.24311)
(825.016 0 7.22543)
(825.02 0 7.20412)
(825.025 0 7.18178)
(825.034 0 7.15469)
(825.045 0 7.12992)
(825.058 0 7.11262)
(825.071 0 7.10414)
(825.083 0 7.08656)
(825.091 0 7.03988)
(825.095 0 6.98608)
(825.094 0 6.95125)
(825.096 0 6.93171)
(825.103 0 6.92505)
(825.111 0 6.90814)
(825.114 0 6.87597)
(825.116 0 6.85858)
(825.119 0 6.84777)
(825.128 0 6.82338)
(825.136 0 6.7858)
(825.138 0 6.75408)
(825.139 0 6.71949)
(825.143 0 6.67539)
(825.153 0 6.60642)
(825.17 0 6.52274)
(825.204 0 6.36804)
(825.235 0 6.23947)
(825.28 0 6.03795)
(825.321 0 5.82794)
(825.364 0 5.59743)
(825.381 0 5.51041)
(825.418 0 5.2594)
(825.451 0 5.18936)
(825.496 0 5.17264)
(825.543 0 5.10638)
(825.532 0 5.03235)
(825.511 0 5.00114)
(825.51 0 4.93688)
(825.515 0 4.83755)
(825.508 0 4.78838)
(825.506 0 4.77153)
(825.531 0 4.80063)
(825.532 0 4.7709)
(825.523 0 4.74755)
(825.51 0 4.69655)
(825.493 0 4.62448)
(825.464 0 4.51022)
(825.413 0 4.3216)
(825.331 0 4.02596)
(825.177 0 3.48019)
(824.888 0 2.54378)
(824.345 0 0.588735)
(823.459 0 -2.34542)
(820.643 0 -10.7502)
(816.886 0 -25.0535)
(814.366 0 -36.6673)
(801.822 0 -74.2485)
(797.326 0 -83.5153)
(795.695 0 -90.1871)
(784.967 0 -120.74)
(781.201 0 -131.83)
(780.104 0 -126.398)
(781.002 0 -124.713)
(826.5 0 1.75735e-07)
(826.5 0 1.35775e-06)
(826.5 0 7.51735e-06)
(826.5 0 3.3935e-05)
(826.5 0 0.000131859)
(826.5 0 0.000453778)
(826.5 0 0.00141707)
(826.499 0 0.00404362)
(826.497 0 0.0107922)
(826.493 0 0.0264522)
(826.484 0 0.0624031)
(826.466 0 0.13432)
(826.429 0 0.286466)
(826.366 0 0.547082)
(826.242 0 1.05889)
(826.043 0 1.95675)
(825.786 0 3.08435)
(825.257 0 5.52615)
(824.968 0 6.76385)
(824.603 0 8.82249)
(824.509 0 9.82158)
(824.37 0 9.45171)
(824.437 0 9.62287)
(824.465 0 9.66938)
(824.488 0 9.78235)
(824.496 0 9.74501)
(824.543 0 9.4656)
(824.601 0 9.131)
(824.679 0 8.70001)
(824.753 0 8.30066)
(824.831 0 8.12882)
(824.871 0 7.72471)
(824.881 0 7.57064)
(824.907 0 7.64986)
(824.914 0 7.69093)
(824.897 0 7.61577)
(824.921 0 7.54062)
(824.927 0 7.5027)
(824.936 0 7.48069)
(824.954 0 7.46574)
(824.962 0 7.45514)
(824.966 0 7.43036)
(824.971 0 7.42254)
(824.982 0 7.41413)
(824.994 0 7.39603)
(825.001 0 7.35972)
(824.999 0 7.3225)
(824.998 0 7.30103)
(825.001 0 7.29128)
(825.005 0 7.27312)
(825.009 0 7.243)
(825.013 0 7.21498)
(825.02 0 7.18763)
(825.031 0 7.16402)
(825.044 0 7.15319)
(825.056 0 7.14453)
(825.068 0 7.11113)
(825.074 0 7.06208)
(825.074 0 7.02649)
(825.076 0 7.00872)
(825.083 0 7.01015)
(825.089 0 7.01235)
(825.093 0 6.97248)
(825.099 0 6.92209)
(825.101 0 6.89636)
(825.105 0 6.87581)
(825.116 0 6.83825)
(825.122 0 6.80107)
(825.122 0 6.77813)
(825.123 0 6.75786)
(825.128 0 6.72385)
(825.135 0 6.68567)
(825.15 0 6.6276)
(825.167 0 6.56234)
(825.194 0 6.45227)
(825.212 0 6.363)
(825.257 0 6.14197)
(825.283 0 6.00796)
(825.328 0 5.77708)
(825.357 0 5.65658)
(825.416 0 5.45898)
(825.47 0 5.44272)
(825.502 0 5.28864)
(825.511 0 5.15658)
(825.495 0 5.12161)
(825.505 0 5.00562)
(825.496 0 4.92357)
(825.49 0 4.85477)
(825.489 0 4.79056)
(825.492 0 4.72157)
(825.476 0 4.60728)
(825.438 0 4.4362)
(825.36 0 4.15276)
(825.196 0 3.59988)
(824.91 0 2.6784)
(824.41 0 0.850228)
(823.571 0 -1.85238)
(821.264 0 -8.93381)
(818.34 0 -20.3056)
(815.428 0 -30.4778)
(803.104 0 -66.745)
(799.272 0 -77.4588)
(797.487 0 -85.8095)
(785.696 0 -117.916)
(782.199 0 -125.001)
(783.2 0 -117.9)
(781.751 0 -120.951)
(778.531 0 -128.542)
(777.933 0 -135.43)
(777.349 0 -135.09)
(826.5 0 2.43531e-08)
(826.5 0 2.03155e-07)
(826.5 0 1.19067e-06)
(826.5 0 5.65425e-06)
(826.5 0 2.30043e-05)
(826.5 0 8.29176e-05)
(826.5 0 0.000269677)
(826.5 0 0.000807595)
(826.499 0 0.00222654)
(826.498 0 0.00578517)
(826.496 0 0.0139452)
(826.492 0 0.0323359)
(826.482 0 0.0694645)
(826.463 0 0.147024)
(826.43 0 0.280359)
(826.365 0 0.553562)
(826.269 0 0.95851)
(826.09 0 1.69442)
(825.792 0 3.11061)
(825.607 0 3.97466)
(825.073 0 6.47887)
(824.776 0 7.71483)
(824.569 0 8.55758)
(824.526 0 9.69964)
(824.487 0 9.86303)
(824.446 0 9.55867)
(824.497 0 9.38365)
(824.527 0 9.35592)
(824.574 0 9.34107)
(824.625 0 9.21818)
(824.697 0 8.89213)
(824.744 0 8.58415)
(824.807 0 8.11883)
(824.83 0 7.99304)
(824.857 0 7.8643)
(824.873 0 7.61574)
(824.886 0 7.59653)
(824.902 0 7.67901)
(824.897 0 7.64344)
(824.901 0 7.5828)
(824.927 0 7.53257)
(824.931 0 7.50458)
(824.937 0 7.49467)
(824.962 0 7.47199)
(824.976 0 7.44374)
(824.985 0 7.40684)
(824.98 0 7.38383)
(824.979 0 7.36627)
(824.984 0 7.34871)
(824.994 0 7.32686)
(825 0 7.2945)
(824.997 0 7.26901)
(824.997 0 7.25112)
(825.003 0 7.22887)
(825.012 0 7.20963)
(825.022 0 7.19319)
(825.036 0 7.16244)
(825.048 0 7.11442)
(825.052 0 7.07515)
(825.053 0 7.0594)
(825.059 0 7.0639)
(825.067 0 7.07319)
(825.073 0 7.05382)
(825.076 0 6.99939)
(825.077 0 6.95956)
(825.078 0 6.93695)
(825.082 0 6.91715)
(825.093 0 6.87815)
(825.098 0 6.85085)
(825.103 0 6.82987)
(825.109 0 6.80506)
(825.117 0 6.77462)
(825.126 0 6.74369)
(825.135 0 6.71792)
(825.147 0 6.67915)
(825.157 0 6.63078)
(825.174 0 6.54417)
(825.191 0 6.44824)
(825.223 0 6.28736)
(825.246 0 6.19787)
(825.303 0 5.98491)
(825.335 0 5.95218)
(825.422 0 5.63787)
(825.424 0 5.64558)
(825.452 0 5.36272)
(825.453 0 5.26934)
(825.391 0 5.02429)
(825.388 0 4.82824)
(825.364 0 4.61268)
(825.285 0 4.25001)
(825.134 0 3.65994)
(824.869 0 2.69522)
(824.338 0 0.877845)
(823.261 0 -2.09138)
(820.851 0 -9.9053)
(818.494 0 -19.5956)
(814.791 0 -31.277)
(803.895 0 -64.5488)
(801.644 0 -71.7138)
(795.659 0 -86.3112)
(785.729 0 -117.851)
(783.445 0 -118.092)
(783.79 0 -113.797)
(780.715 0 -121.56)
(777.586 0 -132.347)
(777.287 0 -136.112)
(776.419 0 -134.15)
(777.159 0 -132.241)
(777.695 0 -132.691)
(777.356 0 -133.743)
(826.5 0 3.09398e-09)
(826.5 0 2.79072e-08)
(826.5 0 1.73072e-07)
(826.5 0 8.62328e-07)
(826.5 0 3.67194e-06)
(826.5 0 1.38044e-05)
(826.5 0 4.68629e-05)
(826.5 0 0.000145773)
(826.5 0 0.000420329)
(826.5 0 0.0011289)
(826.499 0 0.00286034)
(826.498 0 0.00683916)
(826.496 0 0.0154686)
(826.491 0 0.033625)
(826.482 0 0.0693391)
(826.465 0 0.135211)
(826.434 0 0.265958)
(826.387 0 0.455962)
(826.294 0 0.841741)
(826.162 0 1.43567)
(825.986 0 2.1546)
(825.591 0 4.00508)
(825.365 0 4.977)
(825.15 0 6.22922)
(824.809 0 8.18597)
(824.611 0 8.38119)
(824.543 0 8.76909)
(824.5 0 9.56984)
(824.602 0 9.83681)
(824.493 0 9.59268)
(824.532 0 9.2345)
(824.56 0 9.12994)
(824.625 0 9.01839)
(824.697 0 8.83377)
(824.741 0 8.61576)
(824.791 0 8.29915)
(824.834 0 7.96413)
(824.842 0 7.89913)
(824.862 0 7.71602)
(824.873 0 7.53062)
(824.896 0 7.52972)
(824.92 0 7.61561)
(824.925 0 7.64221)
(824.927 0 7.60112)
(824.933 0 7.56651)
(824.953 0 7.51375)
(824.971 0 7.45199)
(824.968 0 7.43444)
(824.966 0 7.41914)
(824.971 0 7.38925)
(824.98 0 7.3493)
(824.987 0 7.31279)
(824.992 0 7.30406)
(824.992 0 7.30459)
(824.991 0 7.28655)
(824.995 0 7.26157)
(825.003 0 7.23816)
(825.016 0 7.20135)
(825.026 0 7.14863)
(825.028 0 7.10789)
(825.03 0 7.0887)
(825.038 0 7.08187)
(825.051 0 7.07574)
(825.059 0 7.05285)
(825.056 0 7.02983)
(825.053 0 7.0101)
(825.052 0 6.99981)
(825.06 0 6.97289)
(825.069 0 6.94301)
(825.079 0 6.9133)
(825.088 0 6.8891)
(825.099 0 6.85727)
(825.109 0 6.83115)
(825.118 0 6.8095)
(825.123 0 6.80892)
(825.13 0 6.77264)
(825.13 0 6.74265)
(825.136 0 6.68308)
(825.148 0 6.59322)
(825.157 0 6.53354)
(825.175 0 6.46426)
(825.212 0 6.3367)
(825.246 0 6.19705)
(825.289 0 6.00453)
(825.208 0 5.62793)
(825.201 0 5.28654)
(825.113 0 4.7265)
(824.949 0 4.01513)
(824.572 0 2.68795)
(823.851 0 0.355667)
(822.563 0 -3.72097)
(820.523 0 -11.4659)
(817.977 0 -19.8048)
(810.281 0 -40.0538)
(802.008 0 -67.0613)
(802.975 0 -69.533)
(792.453 0 -95.0516)
(786.43 0 -118.187)
(784.573 0 -111.455)
(782.396 0 -114.665)
(778.412 0 -126.195)
(778.496 0 -133.514)
(777.901 0 -132.275)
(777.853 0 -131.093)
(777.673 0 -132.411)
(777.044 0 -133.925)
(776.997 0 -135.956)
(777.011 0 -135.973)
(776.806 0 -135.509)
(776.713 0 -135.102)
(826.5 0 3.58998e-10)
(826.5 0 3.54918e-09)
(826.5 0 2.32539e-08)
(826.5 0 1.21491e-07)
(826.5 0 5.39972e-07)
(826.5 0 2.11684e-06)
(826.5 0 7.4765e-06)
(826.5 0 2.41913e-05)
(826.5 0 7.24209e-05)
(826.5 0 0.000202573)
(826.5 0 0.000531748)
(826.5 0 0.00132319)
(826.499 0 0.00312132)
(826.498 0 0.00699173)
(826.496 0 0.0151139)
(826.492 0 0.0310166)
(826.484 0 0.060738)
(826.47 0 0.11936)
(826.447 0 0.207631)
(826.404 0 0.389193)
(826.343 0 0.641707)
(826.244 0 1.04589)
(826.073 0 1.84555)
(825.908 0 2.55824)
(825.585 0 3.98511)
(825.217 0 5.75534)
(825.097 0 6.11565)
(824.863 0 7.70253)
(824.759 0 8.44693)
(824.606 0 8.30663)
(824.591 0 8.80763)
(824.585 0 9.10624)
(824.579 0 9.41442)
(824.589 0 9.37199)
(824.6 0 9.09973)
(824.603 0 8.91853)
(824.632 0 8.80083)
(824.693 0 8.62975)
(824.742 0 8.44522)
(824.803 0 8.11139)
(824.833 0 7.91807)
(824.847 0 7.87157)
(824.883 0 7.65255)
(824.889 0 7.50969)
(824.914 0 7.54134)
(824.933 0 7.6175)
(824.929 0 7.63453)
(824.929 0 7.59625)
(824.935 0 7.54401)
(824.935 0 7.49978)
(824.929 0 7.46317)
(824.934 0 7.43673)
(824.952 0 7.43715)
(824.965 0 7.44517)
(824.973 0 7.42947)
(824.983 0 7.37958)
(824.988 0 7.33502)
(824.99 0 7.29812)
(824.991 0 7.24853)
(824.993 0 7.20235)
(824.996 0 7.17639)
(825.001 0 7.16411)
(825.017 0 7.15085)
(825.041 0 7.12561)
(825.051 0 7.09862)
(825.045 0 7.07871)
(825.038 0 7.06748)
(825.034 0 7.06143)
(825.037 0 7.04421)
(825.048 0 7.01017)
(825.059 0 6.98114)
(825.073 0 6.94475)
(825.083 0 6.91513)
(825.094 0 6.91109)
(825.102 0 6.90434)
(825.098 0 6.89634)
(825.103 0 6.86058)
(825.073 0 6.79474)
(825.07 0 6.71399)
(825.075 0 6.63569)
(825.066 0 6.51456)
(825.037 0 6.31552)
(824.96 0 5.93159)
(824.836 0 5.37456)
(824.558 0 4.33393)
(824.022 0 2.37996)
(823.21 0 -0.159902)
(821.532 0 -5.50688)
(818.45 0 -15.211)
(813.905 0 -27.1589)
(805.773 0 -55.044)
(802.313 0 -68.4976)
(801.778 0 -72.0146)
(788.091 0 -105.37)
(784.214 0 -119.651)
(783.544 0 -112.568)
(781.252 0 -119.965)
(779.379 0 -130.025)
(778.422 0 -129.918)
(777.441 0 -129.938)
(777.08 0 -132.07)
(776.542 0 -135.045)
(776.76 0 -136.678)
(776.469 0 -136.13)
(776.57 0 -134.939)
(776.66 0 -134.84)
(776.631 0 -134.977)
(776.484 0 -135.345)
(776.349 0 -135.54)
(776.294 0 -135.516)
(826.5 0 4.17423e-11)
(826.5 0 4.32274e-10)
(826.5 0 2.99495e-09)
(826.5 0 1.63808e-08)
(826.5 0 7.59561e-08)
(826.5 0 3.09684e-07)
(826.5 0 1.1368e-06)
(826.5 0 3.81702e-06)
(826.5 0 1.18543e-05)
(826.5 0 3.43702e-05)
(826.5 0 9.36656e-05)
(826.5 0 0.000241213)
(826.5 0 0.000590105)
(826.5 0 0.00137644)
(826.499 0 0.00305848)
(826.498 0 0.00657057)
(826.496 0 0.0134172)
(826.493 0 0.0265538)
(826.487 0 0.0513478)
(826.477 0 0.0918661)
(826.457 0 0.171544)
(826.43 0 0.28455)
(826.383 0 0.479939)
(826.308 0 0.812312)
(826.215 0 1.18125)
(826.02 0 2.02534)
(825.81 0 3.00816)
(825.646 0 3.79347)
(825.224 0 5.80788)
(825.029 0 6.63753)
(824.876 0 7.0869)
(824.751 0 8.3817)
(824.725 0 8.38051)
(824.659 0 8.37423)
(824.672 0 8.6532)
(824.652 0 8.81975)
(824.596 0 8.99054)
(824.608 0 8.99665)
(824.637 0 8.91626)
(824.644 0 8.77788)
(824.656 0 8.6266)
(824.688 0 8.48298)
(824.741 0 8.28491)
(824.794 0 8.04237)
(824.82 0 7.94513)
(824.872 0 7.7533)
(824.893 0 7.57669)
(824.916 0 7.58566)
(824.916 0 7.64812)
(824.891 0 7.6305)
(824.909 0 7.57008)
(824.933 0 7.4846)
(824.934 0 7.4115)
(824.933 0 7.38118)
(824.948 0 7.38639)
(824.966 0 7.40903)
(824.971 0 7.42404)
(824.962 0 7.42699)
(824.944 0 7.40912)
(824.95 0 7.35544)
(824.969 0 7.29654)
(824.976 0 7.26231)
(824.985 0 7.2414)
(825.005 0 7.21549)
(825.022 0 7.18375)
(825.026 0 7.1575)
(825.021 0 7.13886)
(825.016 0 7.12972)
(825.012 0 7.12861)
(825.016 0 7.09948)
(825.023 0 7.06647)
(825.037 0 7.01802)
(825.045 0 6.98801)
(825.056 0 6.96903)
(825.056 0 6.95145)
(825.045 0 6.90251)
(825.022 0 6.80644)
(824.98 0 6.65176)
(824.906 0 6.39339)
(824.789 0 5.99336)
(824.566 0 5.27047)
(824.104 0 3.86422)
(823.334 0 1.64311)
(821.938 0 -2.72175)
(819.125 0 -11.615)
(815.894 0 -21.4067)
(809.734 0 -41.8282)
(803.403 0 -62.0825)
(801.864 0 -65.2554)
(790.592 0 -93.9091)
(785.844 0 -116.975)
(784.711 0 -112.686)
(781.893 0 -117.282)
(780.151 0 -128.642)
(779.551 0 -128.928)
(778.319 0 -128.534)
(777.619 0 -131.11)
(776.904 0 -133.12)
(776.603 0 -135.072)
(776.209 0 -134.919)
(776.177 0 -133.971)
(776.623 0 -133.938)
(776.661 0 -134.411)
(776.484 0 -134.94)
(776.232 0 -135.238)
(775.961 0 -135.459)
(775.632 0 -135.692)
(775.308 0 -135.853)
(775.298 0 -135.84)
(775.37 0 -135.766)
(826.5 0 6.00234e-12)
(826.5 0 5.36734e-11)
(826.5 0 3.82183e-10)
(826.5 0 2.19874e-09)
(826.5 0 1.06672e-08)
(826.5 0 4.52653e-08)
(826.5 0 1.72428e-07)
(826.5 0 6.00055e-07)
(826.5 0 1.93034e-06)
(826.5 0 5.79209e-06)
(826.5 0 1.6337e-05)
(826.5 0 4.35442e-05)
(826.5 0 0.000110166)
(826.5 0 0.000265778)
(826.5 0 0.000613072)
(826.5 0 0.00135403)
(826.499 0 0.00288827)
(826.498 0 0.00589343)
(826.497 0 0.0116999)
(826.494 0 0.022408)
(826.489 0 0.0411493)
(826.481 0 0.0751444)
(826.468 0 0.128585)
(826.446 0 0.219646)
(826.412 0 0.366432)
(826.363 0 0.564736)
(826.278 0 0.935404)
(826.166 0 1.42781)
(826.019 0 2.05047)
(825.751 0 3.32889)
(825.556 0 4.16394)
(825.311 0 5.30813)
(825.062 0 6.55145)
(824.94 0 7.26713)
(824.773 0 8.16592)
(824.702 0 8.47565)
(824.698 0 8.2315)
(824.69 0 8.35202)
(824.714 0 8.55456)
(824.673 0 8.64969)
(824.614 0 8.78648)
(824.61 0 8.80342)
(824.626 0 8.75765)
(824.674 0 8.61559)
(824.703 0 8.46587)
(824.727 0 8.31526)
(824.772 0 8.10237)
(824.819 0 7.9841)
(824.849 0 7.93066)
(824.882 0 7.70787)
(824.884 0 7.60163)
(824.879 0 7.66917)
(824.838 0 7.7075)
(824.866 0 7.6316)
(824.922 0 7.52341)
(824.938 0 7.40934)
(824.934 0 7.37165)
(824.936 0 7.36798)
(824.935 0 7.37912)
(824.923 0 7.40305)
(824.911 0 7.41314)
(824.917 0 7.39979)
(824.93 0 7.37928)
(824.946 0 7.35937)
(824.97 0 7.31882)
(824.987 0 7.27399)
(824.995 0 7.23139)
(824.994 0 7.20994)
(824.985 0 7.2136)
(824.982 0 7.18175)
(824.963 0 7.10509)
(824.969 0 7.05019)
(824.969 0 6.97475)
(824.952 0 6.86465)
(824.904 0 6.67257)
(824.81 0 6.34276)
(824.638 0 5.76947)
(824.283 0 4.71116)
(823.602 0 2.74402)
(822.525 0 -0.776233)
(820.568 0 -6.55406)
(816.879 0 -16.7222)
(810.72 0 -36.1399)
(805.202 0 -52.6564)
(801.408 0 -66.0438)
(792.435 0 -92.9382)
(788.783 0 -104.615)
(787.403 0 -105.64)
(781.544 0 -120.156)
(780.455 0 -128.881)
(779.862 0 -125.879)
(778.765 0 -124.107)
(778.491 0 -127.73)
(777.788 0 -130.229)
(777.005 0 -134.117)
(776.469 0 -134.734)
(776.055 0 -134.572)
(776.1 0 -134.538)
(776.124 0 -134.721)
(776.069 0 -135.016)
(775.998 0 -135.161)
(775.796 0 -134.993)
(775.727 0 -134.706)
(775.718 0 -134.652)
(775.721 0 -134.753)
(775.668 0 -135.087)
(775.456 0 -135.347)
(775.197 0 -135.407)
(775.139 0 -135.342)
(775.21 0 -135.262)
(826.5 0 9.43548e-12)
(826.5 0 1.52505e-11)
(826.5 0 5.691e-11)
(826.5 0 3.07945e-10)
(826.5 0 1.52201e-09)
(826.5 0 6.66569e-09)
(826.5 0 2.62562e-08)
(826.5 0 9.44679e-08)
(826.5 0 3.14153e-07)
(826.5 0 9.74364e-07)
(826.5 0 2.83838e-06)
(826.5 0 7.8163e-06)
(826.5 0 2.04205e-05)
(826.5 0 5.08791e-05)
(826.5 0 0.000121156)
(826.5 0 0.000276912)
(826.5 0 0.000607586)
(826.5 0 0.00128966)
(826.499 0 0.00262678)
(826.499 0 0.00521885)
(826.497 0 0.00997261)
(826.495 0 0.0184956)
(826.492 0 0.033661)
(826.485 0 0.0584727)
(826.475 0 0.100232)
(826.459 0 0.170001)
(826.435 0 0.269399)
(826.396 0 0.436747)
(826.338 0 0.690365)
(826.26 0 1.01633)
(826.137 0 1.56623)
(825.94 0 2.43754)
(825.802 0 3.07633)
(825.49 0 4.57654)
(825.3 0 5.51143)
(825.142 0 6.18277)
(824.977 0 6.83872)
(824.806 0 8.0622)
(824.776 0 8.54273)
(824.684 0 8.28467)
(824.668 0 8.24224)
(824.708 0 8.42328)
(824.713 0 8.51154)
(824.681 0 8.63545)
(824.652 0 8.6477)
(824.651 0 8.57794)
(824.658 0 8.49722)
(824.69 0 8.42775)
(824.736 0 8.35139)
(824.786 0 8.20677)
(824.804 0 8.05327)
(824.782 0 7.9735)
(824.782 0 7.82206)
(824.816 0 7.67028)
(824.845 0 7.66381)
(824.855 0 7.64545)
(824.868 0 7.58863)
(824.88 0 7.56271)
(824.885 0 7.55147)
(824.879 0 7.52157)
(824.871 0 7.48241)
(824.881 0 7.43129)
(824.905 0 7.38401)
(824.92 0 7.35997)
(824.935 0 7.33705)
(824.942 0 7.30426)
(824.945 0 7.29257)
(824.941 0 7.27164)
(824.927 0 7.21784)
(824.899 0 7.10783)
(824.855 0 6.94355)
(824.782 0 6.67998)
(824.646 0 6.25887)
(824.356 0 5.35659)
(823.855 0 3.80228)
(822.99 0 1.05071)
(821.603 0 -3.50782)
(818.453 0 -11.8634)
(812.115 0 -30.3433)
(808.418 0 -44.1999)
(802.586 0 -62.2591)
(793.016 0 -89.8742)
(791.538 0 -93.8814)
(787.421 0 -103.856)
(781.727 0 -123.221)
(780.657 0 -126.094)
(780.433 0 -121.382)
(779.468 0 -123.873)
(778.951 0 -128.011)
(777.078 0 -132.323)
(776.341 0 -135.664)
(775.065 0 -134.776)
(774.547 0 -133.719)
(775.541 0 -133.976)
(776.124 0 -133.973)
(776.302 0 -133.819)
(776.168 0 -133.497)
(776.078 0 -133.393)
(776.069 0 -133.405)
(776.053 0 -133.519)
(775.966 0 -133.783)
(775.78 0 -133.999)
(775.662 0 -134.13)
(775.593 0 -134.239)
(775.532 0 -134.39)
(775.462 0 -134.62)
(775.373 0 -134.778)
(775.289 0 -134.86)
(775.272 0 -134.819)
(775.295 0 -134.767)
(826.5 0 1.91555e-11)
(826.5 0 1.8816e-11)
(826.5 0 2.52537e-11)
(826.5 0 6.26356e-11)
(826.5 0 2.40636e-10)
(826.5 0 1.01069e-09)
(826.5 0 4.03415e-09)
(826.5 0 1.49225e-08)
(826.5 0 5.11756e-08)
(826.5 0 1.63769e-07)
(826.5 0 4.92233e-07)
(826.5 0 1.39734e-06)
(826.5 0 3.76646e-06)
(826.5 0 9.66902e-06)
(826.5 0 2.3753e-05)
(826.5 0 5.59322e-05)
(826.5 0 0.000126726)
(826.5 0 0.000276497)
(826.5 0 0.000584067)
(826.5 0 0.00118797)
(826.499 0 0.00235767)
(826.499 0 0.00451202)
(826.498 0 0.00839513)
(826.496 0 0.0153275)
(826.493 0 0.0268893)
(826.488 0 0.0464286)
(826.481 0 0.0790839)
(826.469 0 0.128002)
(826.45 0 0.207902)
(826.421 0 0.333481)
(826.382 0 0.500073)
(826.32 0 0.766196)
(826.221 0 1.22591)
(826.13 0 1.61628)
(825.937 0 2.4885)
(825.69 0 3.75208)
(825.592 0 4.10172)
(825.379 0 5.1381)
(825.077 0 6.93234)
(824.915 0 7.17849)
(824.925 0 7.05844)
(824.812 0 7.86187)
(824.734 0 8.56831)
(824.674 0 8.67483)
(824.562 0 8.39107)
(824.632 0 8.31741)
(824.676 0 8.37119)
(824.688 0 8.46942)
(824.665 0 8.501)
(824.65 0 8.4811)
(824.652 0 8.42622)
(824.658 0 8.35451)
(824.667 0 8.27301)
(824.694 0 8.11516)
(824.712 0 8.03582)
(824.76 0 7.89245)
(824.799 0 7.7749)
(824.818 0 7.72017)
(824.841 0 7.63118)
(824.846 0 7.53311)
(824.848 0 7.52246)
(824.851 0 7.58184)
(824.843 0 7.55381)
(824.834 0 7.486)
(824.843 0 7.43721)
(824.845 0 7.34843)
(824.824 0 7.1983)
(824.763 0 6.94175)
(824.653 0 6.54779)
(824.444 0 5.83308)
(824.058 0 4.60996)
(823.375 0 2.72024)
(821.927 0 -1.55063)
(819.095 0 -9.41064)
(815.407 0 -21.2056)
(809.286 0 -43.9551)
(806.377 0 -53.5271)
(798.891 0 -71.9177)
(789.175 0 -103.922)
(788.547 0 -101.092)
(784.823 0 -108.461)
(780.936 0 -123.32)
(780.862 0 -123.135)
(779.954 0 -125.089)
(777.765 0 -127.968)
(776.515 0 -133.201)
(776.262 0 -134.882)
(775.637 0 -133.611)
(776.151 0 -132.611)
(776.121 0 -132.529)
(775.93 0 -132.509)
(775.557 0 -132.462)
(775.532 0 -132.565)
(775.872 0 -132.997)
(775.992 0 -133.287)
(775.922 0 -133.631)
(775.87 0 -133.852)
(775.746 0 -133.858)
(775.625 0 -133.822)
(775.589 0 -133.796)
(775.55 0 -133.763)
(775.527 0 -133.756)
(775.52 0 -133.831)
(775.504 0 -134.01)
(775.479 0 -134.176)
(775.436 0 -134.309)
(775.39 0 -134.4)
(775.358 0 -134.456)
(775.359 0 -134.433)
(775.374 0 -134.417)
(826.5 0 4.95702e-12)
(826.5 0 1.13858e-11)
(826.5 0 1.57432e-11)
(826.5 0 1.47997e-11)
(826.5 0 3.69487e-11)
(826.5 0 1.48541e-10)
(826.5 0 6.12201e-10)
(826.5 0 2.34938e-09)
(826.5 0 8.33815e-09)
(826.5 0 2.75306e-08)
(826.5 0 8.52599e-08)
(826.5 0 2.49329e-07)
(826.5 0 6.91689e-07)
(826.5 0 1.8293e-06)
(826.5 0 4.62291e-06)
(826.5 0 1.12127e-05)
(826.5 0 2.6138e-05)
(826.5 0 5.8765e-05)
(826.5 0 0.000127502)
(826.5 0 0.000268191)
(826.5 0 0.000544883)
(826.5 0 0.00107929)
(826.499 0 0.00206999)
(826.499 0 0.00386577)
(826.498 0 0.00706686)
(826.497 0 0.0125182)
(826.495 0 0.0217499)
(826.491 0 0.0370568)
(826.485 0 0.0611073)
(826.476 0 0.0999754)
(826.462 0 0.15989)
(826.441 0 0.24921)
(826.409 0 0.385979)
(826.366 0 0.585334)
(826.298 0 0.866813)
(826.201 0 1.30098)
(826.101 0 1.79979)
(825.888 0 2.72356)
(825.658 0 3.77041)
(825.651 0 4.08092)
(825.325 0 5.5374)
(825.093 0 7.13876)
(824.972 0 6.88057)
(825.047 0 6.68912)
(824.762 0 7.57147)
(824.659 0 8.48567)
(824.662 0 8.75642)
(824.576 0 8.54203)
(824.612 0 8.39223)
(824.626 0 8.36907)
(824.634 0 8.35267)
(824.641 0 8.33925)
(824.641 0 8.35787)
(824.638 0 8.35599)
(824.639 0 8.34421)
(824.662 0 8.27144)
(824.682 0 8.20346)
(824.717 0 8.06066)
(824.721 0 8.01392)
(824.773 0 7.79632)
(824.791 0 7.74967)
(824.752 0 7.57089)
(824.743 0 7.4237)
(824.71 0 7.24423)
(824.637 0 6.97377)
(824.482 0 6.45237)
(824.166 0 5.50226)
(823.555 0 3.74819)
(822.411 0 -0.0090065)
(820.443 0 -6.12955)
(817.484 0 -15.1792)
(811.338 0 -34.0666)
(805.594 0 -50.0469)
(799.291 0 -67.7489)
(791.24 0 -98.0584)
(789.728 0 -101.175)
(790.085 0 -97.9813)
(783.578 0 -116.064)
(780.42 0 -127.803)
(777.937 0 -126.675)
(776.804 0 -128.551)
(775.989 0 -131.965)
(776.059 0 -135.002)
(775.786 0 -134.949)
(775.438 0 -133.1)
(775.863 0 -132.258)
(775.934 0 -132.617)
(775.872 0 -133.035)
(775.753 0 -133.27)
(775.568 0 -133.441)
(775.354 0 -133.536)
(775.287 0 -133.499)
(775.278 0 -133.46)
(775.329 0 -133.458)
(775.435 0 -133.484)
(775.568 0 -133.691)
(775.578 0 -133.867)
(775.562 0 -133.893)
(775.506 0 -133.887)
(775.443 0 -133.752)
(775.432 0 -133.687)
(775.399 0 -133.628)
(775.388 0 -133.656)
(775.438 0 -133.795)
(775.461 0 -133.951)
(775.458 0 -134.094)
(775.446 0 -134.166)
(775.437 0 -134.218)
(775.44 0 -134.218)
(775.439 0 -134.217)
(826.5 0 -2.74435e-12)
(826.5 0 2.53446e-12)
(826.5 0 2.33933e-12)
(826.5 0 1.09326e-12)
(826.5 0 -1.21847e-13)
(826.5 0 1.07293e-11)
(826.5 0 7.64396e-11)
(826.5 0 3.54031e-10)
(826.5 0 1.34719e-09)
(826.5 0 4.62071e-09)
(826.5 0 1.47577e-08)
(826.5 0 4.44157e-08)
(826.5 0 1.26771e-07)
(826.5 0 3.44615e-07)
(826.5 0 8.95807e-07)
(826.5 0 2.23267e-06)
(826.5 0 5.35164e-06)
(826.5 0 1.23652e-05)
(826.5 0 2.75946e-05)
(826.5 0 5.95831e-05)
(826.5 0 0.000124784)
(826.5 0 0.000253366)
(826.5 0 0.000500752)
(826.5 0 0.000963094)
(826.5 0 0.00180198)
(826.499 0 0.00330462)
(826.499 0 0.00588387)
(826.497 0 0.0102862)
(826.496 0 0.0175781)
(826.493 0 0.0293793)
(826.488 0 0.0482884)
(826.481 0 0.0778456)
(826.471 0 0.123128)
(826.455 0 0.192794)
(826.432 0 0.292475)
(826.397 0 0.443518)
(826.347 0 0.666308)
(826.278 0 0.953612)
(826.173 0 1.41921)
(826.054 0 2.07496)
(825.902 0 2.75369)
(825.701 0 3.64249)
(825.525 0 4.5454)
(825.351 0 5.63352)
(825.098 0 6.91367)
(825.023 0 7.02296)
(825.191 0 6.60068)
(824.939 0 7.20556)
(824.658 0 8.25705)
(824.636 0 8.76396)
(824.572 0 8.65559)
(824.578 0 8.37454)
(824.608 0 8.28295)
(824.644 0 8.22456)
(824.669 0 8.26703)
(824.683 0 8.29005)
(824.692 0 8.30059)
(824.699 0 8.2898)
(824.642 0 8.13585)
(824.631 0 7.98123)
(824.596 0 7.73663)
(824.473 0 7.2331)
(824.216 0 6.3344)
(823.751 0 4.75783)
(822.898 0 2.03827)
(821.283 0 -2.41206)
(818.186 0 -11.1775)
(811.989 0 -30.5562)
(807.599 0 -44.2824)
(802.734 0 -62.1687)
(793.933 0 -90.9744)
(790.713 0 -94.2813)
(789.409 0 -97.1255)
(783.465 0 -116.552)
(780.319 0 -125.788)
(778.379 0 -126.061)
(776.197 0 -130.353)
(776.583 0 -134.469)
(776.486 0 -133.921)
(775.747 0 -131.125)
(776.028 0 -130.107)
(776.266 0 -130.801)
(776.11 0 -131.121)
(775.72 0 -132.132)
(775.606 0 -133.019)
(775.561 0 -133.268)
(775.322 0 -133.337)
(775.304 0 -133.371)
(775.307 0 -133.445)
(775.328 0 -133.708)
(775.293 0 -133.928)
(775.206 0 -133.91)
(775.162 0 -133.811)
(775.174 0 -133.716)
(775.248 0 -133.623)
(775.379 0 -133.554)
(775.488 0 -133.543)
(775.547 0 -133.554)
(775.566 0 -133.519)
(775.581 0 -133.452)
(775.575 0 -133.383)
(775.549 0 -133.326)
(775.542 0 -133.388)
(775.572 0 -133.545)
(775.577 0 -133.685)
(775.562 0 -133.809)
(775.551 0 -133.918)
(775.553 0 -133.993)
(775.569 0 -134.034)
(775.561 0 -134.061)
(826.5 0 -1.78218e-12)
(826.5 0 -3.50523e-12)
(826.5 0 -3.11689e-12)
(826.5 0 -1.62639e-12)
(826.5 0 2.44565e-12)
(826.5 0 5.30809e-12)
(826.5 0 1.67947e-11)
(826.5 0 6.68842e-11)
(826.5 0 2.34843e-10)
(826.5 0 7.96629e-10)
(826.5 0 2.57618e-09)
(826.5 0 7.92631e-09)
(826.5 0 2.32066e-08)
(826.5 0 6.47903e-08)
(826.5 0 1.72906e-07)
(826.5 0 4.42597e-07)
(826.5 0 1.08904e-06)
(826.5 0 2.5836e-06)
(826.5 0 5.91783e-06)
(826.5 0 1.31255e-05)
(826.5 0 2.81895e-05)
(826.5 0 5.88673e-05)
(826.5 0 0.000119264)
(826.5 0 0.000235755)
(826.5 0 0.000453295)
(826.5 0 0.000851791)
(826.5 0 0.00156093)
(826.499 0 0.00280139)
(826.499 0 0.00490377)
(826.498 0 0.00845651)
(826.497 0 0.0141824)
(826.494 0 0.0235986)
(826.491 0 0.0381162)
(826.486 0 0.0610798)
(826.477 0 0.0960874)
(826.465 0 0.148519)
(826.447 0 0.22471)
(826.42 0 0.346542)
(826.385 0 0.501209)
(826.332 0 0.737754)
(826.253 0 1.09736)
(826.16 0 1.50746)
(826.03 0 2.12513)
(825.831 0 3.12609)
(825.706 0 3.71894)
(825.616 0 4.34982)
(825.364 0 5.82969)
(825.183 0 7.02491)
(825.048 0 6.78784)
(825.221 0 6.57267)
(824.981 0 7.26006)
(824.739 0 8.20368)
(824.758 0 8.4827)
(824.662 0 8.36252)
(824.6 0 8.10764)
(824.646 0 8.01197)
(824.646 0 7.88171)
(824.549 0 7.5911)
(824.337 0 7.02372)
(823.957 0 6.03285)
(823.249 0 4.10783)
(821.871 0 0.322229)
(818.682 0 -8.58871)
(814.375 0 -21.6991)
(809.84 0 -36.5154)
(801.321 0 -61.7049)
(795.377 0 -76.3171)
(793.667 0 -85.1987)
(787.855 0 -104.683)
(783.634 0 -115.907)
(781.931 0 -118.168)
(778.642 0 -124.866)
(777.248 0 -133.085)
(776.977 0 -134.602)
(776.041 0 -132.247)
(775.469 0 -128.493)
(776.397 0 -128.703)
(776.788 0 -130.705)
(776.195 0 -132.023)
(775.434 0 -132.627)
(775.229 0 -132.645)
(775.172 0 -132.625)
(775.136 0 -132.626)
(775.204 0 -133.069)
(775.178 0 -133.587)
(775.145 0 -133.659)
(775.129 0 -133.552)
(775.286 0 -133.407)
(775.356 0 -133.398)
(775.396 0 -133.465)
(775.399 0 -133.601)
(775.377 0 -133.655)
(775.338 0 -133.611)
(775.375 0 -133.533)
(775.46 0 -133.437)
(775.522 0 -133.31)
(775.598 0 -133.191)
(775.655 0 -133.125)
(775.65 0 -133.146)
(775.641 0 -133.205)
(775.623 0 -133.254)
(775.618 0 -133.303)
(775.646 0 -133.406)
(775.704 0 -133.532)
(775.726 0 -133.638)
(775.715 0 -133.713)
(775.708 0 -133.81)
(775.697 0 -133.922)
(775.715 0 -133.941)
(775.739 0 -133.879)
(826.5 0 1.53268e-12)
(826.5 0 -2.05002e-13)
(826.5 0 -2.813e-12)
(826.5 0 -3.1147e-12)
(826.5 0 3.29577e-12)
(826.5 0 6.87029e-12)
(826.5 0 1.68921e-11)
(826.5 0 3.28194e-11)
(826.5 0 6.90909e-11)
(826.5 0 1.74813e-10)
(826.5 0 4.95707e-10)
(826.5 0 1.4642e-09)
(826.5 0 4.29139e-09)
(826.5 0 1.21989e-08)
(826.5 0 3.33305e-08)
(826.5 0 8.7465e-08)
(826.5 0 2.20658e-07)
(826.5 0 5.36849e-07)
(826.5 0 1.26066e-06)
(826.5 0 2.86733e-06)
(826.5 0 6.31492e-06)
(826.5 0 1.35194e-05)
(826.5 0 2.80914e-05)
(826.5 0 5.69595e-05)
(826.5 0 0.000112188)
(826.5 0 0.000216571)
(826.5 0 0.000406058)
(826.5 0 0.000749025)
(826.5 0 0.00134192)
(826.499 0 0.00237681)
(826.499 0 0.00408141)
(826.498 0 0.00696312)
(826.497 0 0.0115155)
(826.495 0 0.0190109)
(826.493 0 0.0301808)
(826.489 0 0.048756)
(826.482 0 0.0747759)
(826.473 0 0.116488)
(826.459 0 0.176151)
(826.439 0 0.268739)
(826.414 0 0.378323)
(826.368 0 0.589831)
(826.317 0 0.811623)
(826.238 0 1.15845)
(826.137 0 1.65715)
(825.993 0 2.41452)
(825.897 0 2.86866)
(825.692 0 3.90258)
(825.564 0 4.75928)
(825.414 0 5.91401)
(825.24 0 6.40239)
(825.151 0 6.69962)
(825.135 0 6.61452)
(824.872 0 6.8756)
(824.623 0 6.73449)
(824.291 0 6.25296)
(823.709 0 5.0134)
(822.562 0 1.90404)
(820.458 0 -3.65827)
(816.717 0 -14.5472)
(810.986 0 -32.1949)
(804.435 0 -49.206)
(796.55 0 -72.2601)
(791.736 0 -89.4929)
(787.907 0 -99.1019)
(785.351 0 -105.112)
(780.376 0 -118.039)
(777.443 0 -131.822)
(777.043 0 -135.136)
(775.859 0 -131.16)
(775.961 0 -126.205)
(777.558 0 -126.723)
(777.964 0 -129.153)
(777.259 0 -130.565)
(776.036 0 -131.981)
(775.637 0 -132.262)
(775.174 0 -132.3)
(775.132 0 -132.45)
(775.119 0 -132.69)
(775.102 0 -133.214)
(775.044 0 -133.355)
(775.075 0 -133.32)
(775.142 0 -133.272)
(775.291 0 -133.285)
(775.387 0 -133.288)
(775.413 0 -133.255)
(775.489 0 -133.143)
(775.618 0 -133.053)
(775.684 0 -133.054)
(775.782 0 -133.132)
(775.784 0 -133.288)
(775.655 0 -133.416)
(775.591 0 -133.446)
(775.584 0 -133.434)
(775.594 0 -133.418)
(775.625 0 -133.397)
(775.658 0 -133.348)
(775.661 0 -133.266)
(775.657 0 -133.218)
(775.659 0 -133.225)
(775.669 0 -133.242)
(775.689 0 -133.251)
(775.717 0 -133.294)
(775.813 0 -133.424)
(775.858 0 -133.494)
(775.884 0 -133.606)
(775.887 0 -133.654)
(775.909 0 -133.712)
(775.896 0 -133.754)
(775.871 0 -133.729)
(826.5 0 4.25016e-12)
(826.5 0 4.65171e-12)
(826.5 0 1.07665e-11)
(826.5 0 1.89745e-11)
(826.5 0 2.00053e-11)
(826.5 0 1.97145e-11)
(826.5 0 1.95432e-11)
(826.5 0 1.73942e-11)
(826.5 0 1.86681e-11)
(826.5 0 3.86628e-11)
(826.5 0 9.56573e-11)
(826.5 0 2.75295e-10)
(826.5 0 8.09259e-10)
(826.5 0 2.32203e-09)
(826.5 0 6.44936e-09)
(826.5 0 1.72825e-08)
(826.5 0 4.46074e-08)
(826.5 0 1.1112e-07)
(826.5 0 2.67195e-07)
(826.5 0 6.22602e-07)
(826.5 0 1.40366e-06)
(826.5 0 3.08032e-06)
(826.5 0 6.5492e-06)
(826.5 0 1.36149e-05)
(826.5 0 2.74394e-05)
(826.5 0 5.43077e-05)
(826.5 0 0.000104152)
(826.5 0 0.000197152)
(826.5 0 0.000360991)
(826.5 0 0.000655648)
(826.5 0 0.00115025)
(826.5 0 0.00201284)
(826.499 0 0.00339025)
(826.499 0 0.00574485)
(826.498 0 0.00933133)
(826.496 0 0.015288)
(826.494 0 0.0241278)
(826.491 0 0.0384021)
(826.487 0 0.0584454)
(826.479 0 0.0915308)
(826.469 0 0.135646)
(826.452 0 0.208589)
(826.431 0 0.302378)
(826.397 0 0.452807)
(826.353 0 0.632488)
(826.281 0 0.930183)
(826.2 0 1.22271)
(826.049 0 1.80825)
(825.868 0 2.27881)
(825.722 0 2.60189)
(825.513 0 2.99895)
(825.205 0 3.27755)
(824.605 0 2.8391)
(823.582 0 0.931757)
(821.982 0 -2.64064)
(819.15 0 -10.1855)
(813.46 0 -25.6541)
(807.456 0 -41.0907)
(799.707 0 -64.5884)
(792.415 0 -89.1906)
(791.67 0 -88.0444)
(786.002 0 -101.101)
(779.699 0 -121.935)
(777.982 0 -128.662)
(776.581 0 -128.337)
(776.614 0 -125.279)
(778.038 0 -124.96)
(778.393 0 -126.546)
(777.72 0 -128.127)
(776.459 0 -129.667)
(775.95 0 -130.837)
(776.027 0 -131.218)
(776.048 0 -131.956)
(775.792 0 -132.483)
(775.393 0 -133.176)
(775.267 0 -133.483)
(775.221 0 -133.483)
(775.208 0 -133.424)
(775.38 0 -133.278)
(775.601 0 -133.12)
(775.631 0 -133.053)
(775.651 0 -132.93)
(775.647 0 -132.771)
(775.647 0 -132.712)
(775.752 0 -132.71)
(775.822 0 -132.676)
(775.859 0 -132.658)
(775.878 0 -132.688)
(775.891 0 -132.825)
(775.901 0 -133.075)
(775.817 0 -133.294)
(775.711 0 -133.382)
(775.668 0 -133.397)
(775.66 0 -133.394)
(775.655 0 -133.381)
(775.654 0 -133.337)
(775.644 0 -133.274)
(775.618 0 -133.203)
(775.635 0 -133.128)
(775.675 0 -133.111)
(775.703 0 -133.119)
(775.729 0 -133.14)
(775.761 0 -133.155)
(775.818 0 -133.228)
(775.904 0 -133.349)
(775.937 0 -133.502)
(775.905 0 -133.604)
(775.887 0 -133.646)
(775.865 0 -133.669)
(775.811 0 -133.64)
(826.5 0 2.94436e-12)
(826.5 0 4.37257e-12)
(826.5 0 6.38016e-12)
(826.5 0 1.29253e-11)
(826.5 0 1.60032e-11)
(826.5 0 1.67661e-11)
(826.5 0 1.19692e-11)
(826.5 0 3.75241e-12)
(826.5 0 -2.15008e-12)
(826.5 0 -8.2852e-12)
(826.5 0 1.33754e-12)
(826.5 0 3.81102e-11)
(826.5 0 1.42725e-10)
(826.5 0 4.375e-10)
(826.5 0 1.25054e-09)
(826.5 0 3.42104e-09)
(826.5 0 9.01346e-09)
(826.5 0 2.29405e-08)
(826.5 0 5.64164e-08)
(826.5 0 1.34475e-07)
(826.5 0 3.10035e-07)
(826.5 0 6.96412e-07)
(826.5 0 1.51236e-06)
(826.5 0 3.22374e-06)
(826.5 0 6.61653e-06)
(826.5 0 1.34723e-05)
(826.5 0 2.61807e-05)
(826.5 0 5.12027e-05)
(826.5 0 9.47656e-05)
(826.5 0 0.00017992)
(826.5 0 0.000317588)
(826.5 0 0.000584412)
(826.5 0 0.000978015)
(826.5 0 0.00175166)
(826.499 0 0.00276733)
(826.499 0 0.00484002)
(826.498 0 0.00725401)
(826.497 0 0.0122821)
(826.495 0 0.0176854)
(826.492 0 0.0255365)
(826.487 0 0.0329977)
(826.48 0 0.0483566)
(826.468 0 0.0577751)
(826.447 0 0.0787734)
(826.41 0 0.0786553)
(826.349 0 0.0878272)
(826.23 0 -0.050859)
(826.038 0 -0.159504)
(825.602 0 -0.955038)
(824.802 0 -2.18247)
(823.515 0 -4.70353)
(821.255 0 -10.175)
(816.17 0 -22.3294)
(810.011 0 -38.8227)
(802.349 0 -63.4065)
(797.131 0 -78.7093)
(793.599 0 -88.3673)
(786.221 0 -106.888)
(782.094 0 -119.12)
(779.649 0 -124.214)
(777.649 0 -127.719)
(777.593 0 -129.327)
(777.617 0 -127.924)
(777.407 0 -127.518)
(777.64 0 -128.543)
(777.303 0 -129.986)
(777.019 0 -131.731)
(776.969 0 -132.346)
(776.36 0 -132.304)
(776.097 0 -132.222)
(775.917 0 -132.211)
(775.731 0 -132.476)
(775.642 0 -132.731)
(775.512 0 -132.928)
(775.381 0 -133.104)
(775.494 0 -133.101)
(775.701 0 -133.043)
(775.914 0 -132.882)
(776.055 0 -132.632)
(776.105 0 -132.512)
(776.1 0 -132.442)
(776.069 0 -132.311)
(775.996 0 -132.198)
(775.896 0 -132.249)
(775.776 0 -132.375)
(775.712 0 -132.534)
(775.712 0 -132.699)
(775.725 0 -132.82)
(775.753 0 -132.911)
(775.804 0 -133.04)
(775.802 0 -133.15)
(775.74 0 -133.194)
(775.673 0 -133.191)
(775.641 0 -133.182)
(775.649 0 -133.144)
(775.646 0 -133.075)
(775.635 0 -132.987)
(775.602 0 -132.932)
(775.558 0 -132.942)
(775.596 0 -132.983)
(775.634 0 -133.007)
(775.665 0 -133.044)
(775.691 0 -133.089)
(775.729 0 -133.116)
(775.831 0 -133.232)
(775.878 0 -133.398)
(775.855 0 -133.511)
(775.814 0 -133.556)
(775.767 0 -133.538)
(775.699 0 -133.492)
(826.5 0 5.19373e-12)
(826.5 0 5.05377e-12)
(826.5 0 2.8444e-12)
(826.5 0 -3.7264e-12)
(826.5 0 -1.20723e-12)
(826.5 0 3.04817e-12)
(826.5 0 2.88127e-12)
(826.5 0 2.97264e-12)
(826.5 0 6.1807e-12)
(826.5 0 6.16807e-12)
(826.5 0 2.34517e-12)
(826.5 0 3.50931e-12)
(826.5 0 2.0591e-11)
(826.5 0 7.55126e-11)
(826.5 0 2.34523e-10)
(826.5 0 6.65977e-10)
(826.5 0 1.81274e-09)
(826.5 0 4.70847e-09)
(826.5 0 1.19301e-08)
(826.5 0 2.89512e-08)
(826.5 0 6.90082e-08)
(826.5 0 1.56483e-07)
(826.5 0 3.52089e-07)
(826.5 0 7.49243e-07)
(826.5 0 1.59829e-06)
(826.5 0 3.18984e-06)
(826.5 0 6.43557e-06)
(826.5 0 1.21812e-05)
(826.5 0 1.99245e-05)
(826.5 0 3.53418e-05)
(826.5 0 5.33345e-05)
(826.5 0 9.26845e-05)
(826.5 0 0.000110219)
(826.5 0 0.000165841)
(826.5 0 -5.32533e-06)
(826.499 0 -0.000199087)
(826.498 0 -0.00157196)
(826.496 0 -0.00343643)
(826.492 0 -0.0118537)
(826.484 0 -0.0225574)
(826.47 0 -0.0506828)
(826.441 0 -0.111987)
(826.38 0 -0.253127)
(826.265 0 -0.527046)
(826.041 0 -1.10433)
(825.577 0 -2.30352)
(824.622 0 -4.695)
(822.834 0 -9.53367)
(819.022 0 -19.4881)
(813.433 0 -35.3842)
(806.271 0 -58.4414)
(801.672 0 -70.5447)
(793.52 0 -90.3339)
(785.619 0 -114.188)
(784.226 0 -116.472)
(781.894 0 -121.753)
(779.732 0 -131.001)
(779.208 0 -131.781)
(778.318 0 -129.74)
(777.321 0 -129.764)
(776.722 0 -131.232)
(776.716 0 -133.103)
(777.043 0 -133.801)
(776.832 0 -134.007)
(776.707 0 -134.072)
(776.73 0 -134.304)
(776.465 0 -134.699)
(776.173 0 -134.857)
(775.615 0 -134.936)
(775.187 0 -134.496)
(775.557 0 -133.765)
(775.694 0 -133.325)
(775.749 0 -133.218)
(775.645 0 -133.162)
(775.468 0 -133.036)
(775.598 0 -132.794)
(775.754 0 -132.637)
(775.863 0 -132.547)
(776.051 0 -132.348)
(776.144 0 -132.087)
(776.052 0 -131.953)
(775.923 0 -131.981)
(775.796 0 -132.103)
(775.669 0 -132.328)
(775.542 0 -132.574)
(775.48 0 -132.736)
(775.486 0 -132.819)
(775.542 0 -132.911)
(775.564 0 -132.964)
(775.607 0 -133.004)
(775.646 0 -133.035)
(775.653 0 -132.997)
(775.648 0 -132.915)
(775.623 0 -132.833)
(775.539 0 -132.802)
(775.447 0 -132.799)
(775.439 0 -132.756)
(775.441 0 -132.72)
(775.439 0 -132.723)
(775.504 0 -132.783)
(775.57 0 -132.82)
(775.615 0 -132.869)
(775.661 0 -132.954)
(775.694 0 -132.989)
(775.768 0 -133.066)
(775.842 0 -133.215)
(775.842 0 -133.309)
(775.795 0 -133.345)
(775.739 0 -133.312)
(775.665 0 -133.262)
(826.5 0 1.05175e-12)
(826.5 0 6.96189e-13)
(826.5 0 1.7715e-12)
(826.5 0 2.55971e-12)
(826.5 0 2.62045e-12)
(826.5 0 7.57918e-13)
(826.5 0 4.3031e-12)
(826.5 0 1.58387e-11)
(826.5 0 1.78034e-11)
(826.5 0 2.01928e-11)
(826.5 0 2.07866e-11)
(826.5 0 1.87239e-11)
(826.5 0 2.07656e-11)
(826.5 0 2.83589e-11)
(826.5 0 5.56598e-11)
(826.5 0 1.29104e-10)
(826.5 0 3.65509e-10)
(826.5 0 8.74302e-10)
(826.5 0 2.06981e-09)
(826.5 0 4.54683e-09)
(826.5 0 1.01004e-08)
(826.5 0 1.86574e-08)
(826.5 0 3.29743e-08)
(826.5 0 2.05861e-08)
(826.5 0 -6.06538e-08)
(826.5 0 -6.4916e-07)
(826.5 0 -2.1851e-06)
(826.5 0 -9.12195e-06)
(826.5 0 -2.47655e-05)
(826.5 0 -7.18333e-05)
(826.5 0 -0.000205091)
(826.5 0 -0.000542668)
(826.499 0 -0.00138615)
(826.499 0 -0.00331815)
(826.497 0 -0.00822822)
(826.493 0 -0.018183)
(826.486 0 -0.0393038)
(826.469 0 -0.084851)
(826.433 0 -0.181392)
(826.359 0 -0.379403)
(826.215 0 -0.772683)
(825.919 0 -1.58701)
(825.243 0 -3.2804)
(823.799 0 -7.22275)
(821.308 0 -14.5575)
(817.108 0 -25.7237)
(808.945 0 -48.9555)
(802.763 0 -65.8561)
(796.687 0 -83.6486)
(787.485 0 -113.768)
(785.412 0 -116.501)
(783.232 0 -117.499)
(779.522 0 -130.554)
(778.894 0 -134.314)
(778.234 0 -132.417)
(777.818 0 -134.513)
(777.426 0 -136.876)
(776.397 0 -139.322)
(776.007 0 -139.034)
(775.44 0 -137.672)
(775.762 0 -137.326)
(775.958 0 -137.688)
(776.025 0 -137.773)
(775.809 0 -137.442)
(775.432 0 -136.813)
(775.602 0 -136.608)
(775.661 0 -136.661)
(775.6 0 -136.614)
(775.37 0 -136.372)
(774.93 0 -135.902)
(774.824 0 -135.044)
(775.197 0 -133.888)
(775.474 0 -133.127)
(775.665 0 -132.895)
(775.681 0 -132.626)
(775.656 0 -132.253)
(775.703 0 -132.119)
(775.743 0 -132.091)
(775.771 0 -132.053)
(775.742 0 -132.032)
(775.682 0 -131.979)
(775.52 0 -132.044)
(775.462 0 -132.13)
(775.367 0 -132.283)
(775.335 0 -132.539)
(775.361 0 -132.708)
(775.412 0 -132.792)
(775.451 0 -132.818)
(775.491 0 -132.788)
(775.513 0 -132.757)
(775.526 0 -132.729)
(775.537 0 -132.658)
(775.514 0 -132.547)
(775.411 0 -132.446)
(775.297 0 -132.439)
(775.28 0 -132.502)
(775.304 0 -132.537)
(775.353 0 -132.532)
(775.409 0 -132.533)
(775.481 0 -132.586)
(775.551 0 -132.647)
(775.597 0 -132.698)
(775.648 0 -132.79)
(775.661 0 -132.888)
(775.696 0 -132.93)
(775.759 0 -133.025)
(775.791 0 -133.085)
(775.769 0 -133.111)
(775.736 0 -133.071)
(775.681 0 -133.033)
(826.5 0 4.90035e-12)
(826.5 0 6.21463e-12)
(826.5 0 6.60624e-12)
(826.5 0 4.3343e-12)
(826.5 0 1.29733e-12)
(826.5 0 2.83019e-12)
(826.5 0 3.80162e-12)
(826.5 0 8.35558e-12)
(826.5 0 1.9491e-11)
(826.5 0 2.24756e-11)
(826.5 0 2.4734e-11)
(826.5 0 3.37268e-11)
(826.5 0 3.18124e-11)
(826.5 0 2.81075e-11)
(826.5 0 2.14781e-11)
(826.5 0 -4.5369e-12)
(826.5 0 -9.54977e-11)
(826.5 0 -6.84704e-10)
(826.5 0 -2.64898e-09)
(826.5 0 -1.13925e-08)
(826.5 0 -4.53424e-08)
(826.5 0 -1.69639e-07)
(826.5 0 -5.91905e-07)
(826.5 0 -1.99418e-06)
(826.5 0 -6.3245e-06)
(826.5 0 -1.96784e-05)
(826.5 0 -5.74834e-05)
(826.5 0 -0.000163924)
(826.5 0 -0.000454366)
(826.5 0 -0.0012104)
(826.499 0 -0.00311503)
(826.497 0 -0.00801628)
(826.493 0 -0.0188682)
(826.485 0 -0.0431031)
(826.463 0 -0.102565)
(826.418 0 -0.223487)
(826.326 0 -0.472296)
(826.122 0 -0.995136)
(825.661 0 -2.2338)
(824.681 0 -4.73395)
(822.728 0 -10.2105)
(819.73 0 -18.9009)
(812.356 0 -38.0891)
(804.123 0 -61.7612)
(801.41 0 -74.9055)
(790.301 0 -105.595)
(785.221 0 -120.267)
(784.067 0 -117.428)
(780.618 0 -130.262)
(779.071 0 -135.325)
(777.447 0 -133.514)
(776.4 0 -136.667)
(775.991 0 -139.018)
(775.517 0 -142.601)
(775.293 0 -142.472)
(775.08 0 -140.888)
(775.901 0 -139.704)
(776.116 0 -139.687)
(776.115 0 -139.746)
(775.889 0 -139.458)
(775.714 0 -139.272)
(775.767 0 -139.324)
(775.818 0 -139.233)
(775.799 0 -138.946)
(775.667 0 -138.448)
(775.578 0 -137.819)
(775.655 0 -137.104)
(775.694 0 -136.517)
(775.632 0 -136.154)
(775.432 0 -135.709)
(775.192 0 -135.095)
(775.139 0 -134.548)
(775.327 0 -134.129)
(775.513 0 -134.036)
(775.579 0 -134.184)
(775.597 0 -134.411)
(775.521 0 -134.257)
(775.436 0 -133.813)
(775.439 0 -133.41)
(775.451 0 -133.241)
(775.432 0 -133.124)
(775.387 0 -132.964)
(775.308 0 -132.722)
(775.252 0 -132.665)
(775.242 0 -132.663)
(775.274 0 -132.655)
(775.299 0 -132.646)
(775.339 0 -132.622)
(775.377 0 -132.564)
(775.376 0 -132.527)
(775.371 0 -132.491)
(775.346 0 -132.427)
(775.28 0 -132.377)
(775.178 0 -132.376)
(775.14 0 -132.416)
(775.159 0 -132.451)
(775.223 0 -132.47)
(775.304 0 -132.486)
(775.375 0 -132.502)
(775.447 0 -132.515)
(775.514 0 -132.539)
(775.573 0 -132.581)
(775.615 0 -132.638)
(775.634 0 -132.692)
(775.664 0 -132.724)
(775.716 0 -132.786)
(775.763 0 -132.823)
(775.76 0 -132.856)
(775.735 0 -132.814)
(775.681 0 -132.787)
(826.5 0 -2.78558e-12)
(826.5 0 -1.95774e-12)
(826.5 0 -3.68546e-12)
(826.5 0 -2.67779e-12)
(826.5 0 -1.96258e-12)
(826.5 0 2.08024e-12)
(826.5 0 5.88084e-12)
(826.5 0 4.98166e-12)
(826.5 0 6.6169e-12)
(826.5 0 5.83426e-12)
(826.5 0 5.26741e-12)
(826.5 0 6.354e-12)
(826.5 0 4.44134e-12)
(826.5 0 -1.81931e-11)
(826.5 0 -1.4361e-10)
(826.5 0 -7.26144e-10)
(826.5 0 -3.29019e-09)
(826.5 0 -1.40404e-08)
(826.5 0 -5.69359e-08)
(826.5 0 -2.19872e-07)
(826.5 0 -8.12237e-07)
(826.5 0 -2.88661e-06)
(826.5 0 -9.6955e-06)
(826.5 0 -3.19025e-05)
(826.5 0 -9.85164e-05)
(826.5 0 -0.000298428)
(826.5 0 -0.000859203)
(826.499 0 -0.00235667)
(826.498 0 -0.0066589)
(826.494 0 -0.0167785)
(826.485 0 -0.0419158)
(826.462 0 -0.106376)
(826.41 0 -0.24206)
(826.287 0 -0.558588)
(825.988 0 -1.31838)
(825.361 0 -3.01282)
(824.122 0 -6.20037)
(821.103 0 -14.3262)
(815.959 0 -27.0143)
(807.9 0 -49.2102)
(799.016 0 -78.1817)
(798.626 0 -81.667)
(787.355 0 -110.701)
(784.443 0 -122.662)
(785.343 0 -117.541)
(782.026 0 -126.857)
(781.13 0 -129.739)
(779.485 0 -134.531)
(778.193 0 -137.532)
(777.112 0 -139.843)
(776.029 0 -139.602)
(775.664 0 -139.505)
(776.041 0 -140.051)
(776.087 0 -140.592)
(775.934 0 -141.131)
(775.809 0 -141.005)
(775.801 0 -140.552)
(776 0 -140.264)
(776.029 0 -140.281)
(775.99 0 -140.349)
(775.888 0 -140.345)
(775.824 0 -140.196)
(775.799 0 -140.06)
(775.832 0 -139.869)
(775.893 0 -139.661)
(775.934 0 -139.378)
(775.956 0 -139.128)
(775.965 0 -138.913)
(775.906 0 -138.532)
(775.767 0 -137.986)
(775.61 0 -137.367)
(775.516 0 -136.803)
(775.549 0 -136.461)
(775.646 0 -136.085)
(775.718 0 -135.796)
(775.718 0 -135.567)
(775.616 0 -135.252)
(775.509 0 -135.16)
(775.574 0 -134.904)
(775.523 0 -134.242)
(775.462 0 -133.519)
(775.55 0 -133.127)
(775.536 0 -132.592)
(775.522 0 -132.178)
(775.502 0 -132.05)
(775.459 0 -132.097)
(775.426 0 -132.205)
(775.404 0 -132.269)
(775.361 0 -132.245)
(775.297 0 -132.178)
(775.23 0 -132.14)
(775.188 0 -132.143)
(775.173 0 -132.18)
(775.145 0 -132.26)
(775.127 0 -132.363)
(775.155 0 -132.438)
(775.225 0 -132.468)
(775.327 0 -132.469)
(775.441 0 -132.441)
(775.479 0 -132.425)
(775.533 0 -132.408)
(775.588 0 -132.412)
(775.629 0 -132.444)
(775.656 0 -132.487)
(775.69 0 -132.519)
(775.741 0 -132.571)
(775.764 0 -132.588)
(775.747 0 -132.618)
(775.698 0 -132.589)
(775.629 0 -132.598)
(826.5 0 -7.56395e-12)
(826.5 0 -9.84248e-12)
(826.5 0 -1.58565e-11)
(826.5 0 -1.75926e-11)
(826.5 0 -2.03248e-11)
(826.5 0 -1.92601e-11)
(826.5 0 -1.66237e-11)
(826.5 0 -1.79043e-11)
(826.5 0 -1.49438e-11)
(826.5 0 -1.20892e-11)
(826.5 0 -1.16802e-11)
(826.5 0 -2.31722e-11)
(826.5 0 -1.05374e-10)
(826.5 0 -5.59035e-10)
(826.5 0 -2.80391e-09)
(826.5 0 -1.31667e-08)
(826.5 0 -5.87082e-08)
(826.5 0 -2.44733e-07)
(826.5 0 -9.87087e-07)
(826.5 0 -3.71233e-06)
(826.5 0 -1.366e-05)
(826.5 0 -4.73666e-05)
(826.5 0 -0.000157721)
(826.5 0 -0.000507545)
(826.499 0 -0.00153824)
(826.498 0 -0.0047049)
(826.495 0 -0.0129281)
(826.488 0 -0.0344004)
(826.465 0 -0.0950209)
(826.412 0 -0.231361)
(826.267 0 -0.599439)
(825.925 0 -1.5071)
(825.139 0 -3.56644)
(823.3 0 -8.20096)
(818.612 0 -20.2381)
(812.607 0 -36.8275)
(803.994 0 -62.2286)
(796.901 0 -81.6256)
(791.55 0 -96.0864)
(783.135 0 -122.622)
(781.583 0 -124.092)
(780.327 0 -128.954)
(777.72 0 -137.171)
(776.353 0 -145.992)
(775.014 0 -146.1)
(774.187 0 -145.716)
(774.921 0 -144.166)
(775.917 0 -143.187)
(775.919 0 -142.824)
(775.736 0 -142.326)
(775.653 0 -141.357)
(776.076 0 -140.745)
(776.276 0 -140.851)
(776.239 0 -140.967)
(776.098 0 -141.089)
(776.007 0 -141.084)
(775.87 0 -140.841)
(775.923 0 -140.622)
(775.998 0 -140.54)
(776.057 0 -140.496)
(776.075 0 -140.456)
(775.979 0 -140.298)
(775.904 0 -140.077)
(775.936 0 -139.912)
(775.983 0 -139.883)
(776.035 0 -139.867)
(776.076 0 -139.753)
(776.076 0 -139.526)
(776.032 0 -139.268)
(775.957 0 -139.044)
(775.881 0 -138.843)
(775.829 0 -138.554)
(775.827 0 -138.17)
(775.887 0 -137.85)
(775.95 0 -137.506)
(775.969 0 -137.194)
(775.931 0 -136.86)
(775.825 0 -136.257)
(775.749 0 -135.545)
(775.715 0 -135.057)
(775.719 0 -134.774)
(775.726 0 -134.71)
(775.728 0 -134.593)
(775.724 0 -134.443)
(775.692 0 -134.298)
(775.623 0 -134.173)
(775.526 0 -133.895)
(775.46 0 -133.564)
(775.415 0 -133.373)
(775.364 0 -133.225)
(775.307 0 -133.109)
(775.259 0 -133.006)
(775.223 0 -132.822)
(775.22 0 -132.629)
(775.231 0 -132.551)
(775.244 0 -132.584)
(775.282 0 -132.621)
(775.354 0 -132.612)
(775.463 0 -132.566)
(775.499 0 -132.54)
(775.561 0 -132.458)
(775.615 0 -132.391)
(775.628 0 -132.396)
(775.644 0 -132.443)
(775.658 0 -132.477)
(775.693 0 -132.508)
(775.707 0 -132.518)
(775.669 0 -132.506)
(775.621 0 -132.481)
(775.582 0 -132.452)
(826.5 0 -4.3421e-12)
(826.5 0 -4.59965e-12)
(826.5 0 -6.53318e-12)
(826.5 0 -9.55926e-12)
(826.5 0 -1.7329e-11)
(826.5 0 -2.45013e-11)
(826.5 0 -2.95415e-11)
(826.5 0 -2.91668e-11)
(826.5 0 -2.63787e-11)
(826.5 0 -2.825e-11)
(826.5 0 -6.94379e-11)
(826.5 0 -3.41168e-10)
(826.5 0 -1.86901e-09)
(826.5 0 -1.00699e-08)
(826.5 0 -4.9938e-08)
(826.5 0 -2.32201e-07)
(826.5 0 -1.02548e-06)
(826.5 0 -4.19323e-06)
(826.5 0 -1.67403e-05)
(826.5 0 -6.24464e-05)
(826.5 0 -0.000223523)
(826.5 0 -0.000766812)
(826.499 0 -0.00250546)
(826.497 0 -0.00817597)
(826.492 0 -0.0232136)
(826.475 0 -0.0701457)
(826.43 0 -0.187532)
(826.302 0 -0.512816)
(825.958 0 -1.39812)
(825.126 0 -3.56591)
(822.603 0 -9.90249)
(818.062 0 -22.8074)
(810.619 0 -45.7334)
(802.2 0 -68.7775)
(794.055 0 -93.0839)
(785.144 0 -117.393)
(782.205 0 -125.491)
(780.139 0 -129.972)
(777.591 0 -139.375)
(777.091 0 -141.334)
(776.764 0 -138.623)
(777.197 0 -137.634)
(777.328 0 -138.258)
(777.05 0 -138.982)
(776.431 0 -139.937)
(776.088 0 -140.624)
(776.049 0 -140.94)
(776.34 0 -141.249)
(776.339 0 -141.23)
(776.289 0 -141.027)
(776.412 0 -140.782)
(776.508 0 -140.777)
(776.496 0 -140.882)
(776.377 0 -141.053)
(776.177 0 -141.14)
(776.049 0 -141.071)
(775.981 0 -140.963)
(775.949 0 -140.891)
(776.01 0 -140.95)
(776.114 0 -141.099)
(776.094 0 -141.098)
(776.042 0 -141.003)
(776.034 0 -140.93)
(776.03 0 -140.821)
(776.045 0 -140.707)
(776.073 0 -140.591)
(776.102 0 -140.431)
(776.11 0 -140.228)
(776.087 0 -140.029)
(776.05 0 -139.84)
(776.014 0 -139.656)
(775.984 0 -139.477)
(775.975 0 -139.309)
(776.007 0 -139.133)
(776.055 0 -138.947)
(776.072 0 -138.745)
(776.051 0 -138.543)
(775.99 0 -138.296)
(775.919 0 -137.925)
(775.893 0 -137.467)
(775.882 0 -136.902)
(775.876 0 -136.373)
(775.878 0 -136.017)
(775.839 0 -135.572)
(775.799 0 -135.026)
(775.728 0 -134.805)
(775.628 0 -134.79)
(775.553 0 -134.506)
(775.502 0 -133.94)
(775.492 0 -133.452)
(775.492 0 -133.08)
(775.485 0 -132.831)
(775.469 0 -132.536)
(775.47 0 -132.304)
(775.511 0 -132.234)
(775.551 0 -132.311)
(775.562 0 -132.359)
(775.543 0 -132.359)
(775.503 0 -132.42)
(775.549 0 -132.449)
(775.587 0 -132.382)
(775.616 0 -132.346)
(775.601 0 -132.368)
(775.593 0 -132.449)
(775.609 0 -132.494)
(775.616 0 -132.502)
(775.625 0 -132.497)
(775.617 0 -132.486)
(775.594 0 -132.47)
(775.567 0 -132.436)
(826.5 0 -2.46416e-12)
(826.5 0 -1.96937e-12)
(826.5 0 2.98817e-12)
(826.5 0 3.43387e-12)
(826.5 0 2.87748e-12)
(826.5 0 -5.95074e-12)
(826.5 0 -1.39589e-11)
(826.5 0 -2.18651e-11)
(826.5 0 -4.39262e-11)
(826.5 0 -1.67594e-10)
(826.5 0 -9.54406e-10)
(826.5 0 -5.63325e-09)
(826.5 0 -3.14589e-08)
(826.5 0 -1.70336e-07)
(826.5 0 -8.36535e-07)
(826.5 0 -3.82416e-06)
(826.5 0 -1.6827e-05)
(826.5 0 -6.72532e-05)
(826.5 0 -0.000267478)
(826.5 0 -0.000965481)
(826.499 0 -0.00350785)
(826.496 0 -0.0115206)
(826.487 0 -0.0368682)
(826.458 0 -0.11553)
(826.371 0 -0.338169)
(826.108 0 -1.01761)
(825.381 0 -2.93801)
(823.189 0 -8.37838)
(817.959 0 -22.9348)
(811.115 0 -41.7908)
(799.082 0 -77.3625)
(792.956 0 -97.5963)
(791.734 0 -102.769)
(785.619 0 -121.727)
(783.854 0 -129.844)
(779.483 0 -132.25)
(777.777 0 -133.946)
(778.122 0 -137.561)
(777.634 0 -139.296)
(776.785 0 -142.575)
(776.455 0 -142.846)
(776.226 0 -141.885)
(776.165 0 -140.891)
(776.068 0 -140.587)
(776.023 0 -140.402)
(776.236 0 -140.285)
(776.371 0 -140.268)
(776.53 0 -140.333)
(776.658 0 -140.494)
(776.656 0 -140.618)
(776.603 0 -140.689)
(776.565 0 -140.784)
(776.521 0 -140.953)
(776.344 0 -141.101)
(776.24 0 -141.128)
(776.121 0 -141.079)
(776.025 0 -140.954)
(776.013 0 -140.892)
(776.041 0 -140.918)
(776.104 0 -141.029)
(776.102 0 -141.119)
(776.072 0 -141.08)
(776.058 0 -141)
(776.07 0 -140.95)
(776.088 0 -140.885)
(776.098 0 -140.797)
(776.088 0 -140.625)
(776.065 0 -140.473)
(776.041 0 -140.37)
(776.017 0 -140.289)
(775.995 0 -140.213)
(775.985 0 -140.138)
(775.994 0 -140.078)
(776.022 0 -140.036)
(776.05 0 -139.95)
(776.04 0 -139.807)
(776.026 0 -139.681)
(776.008 0 -139.554)
(775.975 0 -139.331)
(775.937 0 -138.977)
(775.928 0 -138.624)
(775.928 0 -138.221)
(775.936 0 -137.83)
(775.937 0 -137.561)
(775.92 0 -137.195)
(775.847 0 -136.539)
(775.779 0 -135.912)
(775.69 0 -135.42)
(775.598 0 -134.972)
(775.552 0 -134.83)
(775.562 0 -134.703)
(775.572 0 -134.594)
(775.579 0 -134.345)
(775.587 0 -134.189)
(775.619 0 -134.147)
(775.662 0 -134.042)
(775.653 0 -133.81)
(775.623 0 -133.649)
(775.548 0 -133.686)
(775.522 0 -133.717)
(775.549 0 -133.491)
(775.588 0 -133.197)
(775.624 0 -133.118)
(775.594 0 -133.051)
(775.55 0 -132.905)
(775.536 0 -132.849)
(775.516 0 -132.738)
(775.521 0 -132.656)
(775.519 0 -132.603)
(775.503 0 -132.503)
(826.5 0 -6.50818e-12)
(826.5 0 -1.14016e-11)
(826.5 0 -9.90362e-12)
(826.5 0 -8.17785e-12)
(826.5 0 -5.35203e-12)
(826.5 0 -1.41154e-11)
(826.5 0 -2.35225e-11)
(826.5 0 -6.69223e-11)
(826.5 0 -3.55108e-10)
(826.5 0 -2.32387e-09)
(826.5 0 -1.50655e-08)
(826.5 0 -8.98489e-08)
(826.5 0 -4.98998e-07)
(826.5 0 -2.69903e-06)
(826.5 0 -1.3033e-05)
(826.5 0 -5.91561e-05)
(826.5 0 -0.000256617)
(826.5 0 -0.000999136)
(826.499 0 -0.0040341)
(826.495 0 -0.0140547)
(826.483 0 -0.0488273)
(826.441 0 -0.158781)
(826.301 0 -0.517906)
(825.856 0 -1.71158)
(824.4 0 -5.32544)
(820.049 0 -17.2934)
(812.74 0 -37.632)
(800.092 0 -74.0459)
(792.064 0 -96.7169)
(788.521 0 -107.17)
(779.361 0 -138.524)
(776.673 0 -144.827)
(775.362 0 -143.792)
(775.407 0 -147.756)
(775.618 0 -147.363)
(775.482 0 -145.319)
(775.14 0 -141.775)
(776.161 0 -140.702)
(776.66 0 -141.14)
(776.759 0 -141.385)
(776.695 0 -141.852)
(776.416 0 -141.788)
(776.055 0 -141.5)
(775.915 0 -141.15)
(775.828 0 -140.833)
(775.881 0 -140.464)
(776.161 0 -140.307)
(776.254 0 -140.312)
(776.378 0 -140.396)
(776.436 0 -140.52)
(776.431 0 -140.645)
(776.421 0 -140.827)
(776.361 0 -141.013)
(776.277 0 -141.073)
(776.25 0 -141.067)
(776.192 0 -141.011)
(776.118 0 -140.885)
(776.093 0 -140.844)
(776.094 0 -140.861)
(776.091 0 -140.909)
(776.069 0 -141.002)
(776.04 0 -141.041)
(776.016 0 -140.989)
(776.012 0 -140.957)
(776.009 0 -140.905)
(776.015 0 -140.828)
(776.001 0 -140.7)
(775.984 0 -140.59)
(775.977 0 -140.529)
(775.969 0 -140.49)
(775.962 0 -140.461)
(775.96 0 -140.444)
(775.968 0 -140.431)
(775.98 0 -140.427)
(775.993 0 -140.418)
(775.984 0 -140.334)
(775.972 0 -140.214)
(775.976 0 -140.126)
(775.986 0 -140.04)
(775.991 0 -139.864)
(775.963 0 -139.528)
(775.951 0 -139.209)
(775.953 0 -138.903)
(775.954 0 -138.543)
(775.943 0 -138.197)
(775.912 0 -137.904)
(775.867 0 -137.549)
(775.809 0 -137.207)
(775.724 0 -136.743)
(775.648 0 -136.245)
(775.586 0 -135.645)
(775.572 0 -135.25)
(775.557 0 -134.886)
(775.547 0 -134.461)
(775.571 0 -134.108)
(775.575 0 -133.97)
(775.55 0 -133.898)
(775.527 0 -133.627)
(775.512 0 -133.535)
(775.479 0 -133.537)
(775.431 0 -133.431)
(775.429 0 -133.047)
(775.496 0 -132.821)
(775.501 0 -132.72)
(775.426 0 -132.704)
(775.392 0 -132.685)
(775.391 0 -132.641)
(775.383 0 -132.638)
(775.378 0 -132.702)
(775.384 0 -132.64)
(826.5 0 -1.6503e-11)
(826.5 0 -2.44637e-11)
(826.5 0 -3.48596e-11)
(826.5 0 -4.55415e-11)
(826.5 0 -5.26179e-11)
(826.5 0 -7.38065e-11)
(826.5 0 -1.67321e-10)
(826.5 0 -7.53318e-10)
(826.5 0 -5.01086e-09)
(826.5 0 -3.50105e-08)
(826.5 0 -2.27295e-07)
(826.5 0 -1.34902e-06)
(826.5 0 -7.31975e-06)
(826.5 0 -4.02367e-05)
(826.5 0 -0.000188733)
(826.5 0 -0.000845476)
(826.499 0 -0.00371687)
(826.495 0 -0.0137145)
(826.481 0 -0.0544096)
(826.43 0 -0.189431)
(826.254 0 -0.658888)
(825.613 0 -2.36051)
(823.081 0 -8.96934)
(817.674 0 -24.7472)
(804.771 0 -59.9333)
(794.981 0 -87.97)
(790.054 0 -100.889)
(781.974 0 -132.565)
(779.587 0 -131.819)
(779.377 0 -132.398)
(778.2 0 -136.778)
(777.787 0 -137.83)
(777.186 0 -139.056)
(776.849 0 -139.772)
(776.148 0 -141.583)
(776.1 0 -142.128)
(776.015 0 -141.73)
(776.207 0 -140.998)
(776.682 0 -140.81)
(776.765 0 -140.94)
(776.7 0 -141.13)
(776.451 0 -141.535)
(776.159 0 -141.852)
(775.953 0 -141.827)
(775.9 0 -141.694)
(775.869 0 -141.489)
(775.922 0 -141.215)
(776.059 0 -141.054)
(776.153 0 -141.055)
(776.186 0 -141.081)
(776.206 0 -141.093)
(776.221 0 -141.085)
(776.242 0 -141.04)
(776.241 0 -140.97)
(776.245 0 -140.936)
(776.231 0 -140.915)
(776.203 0 -140.861)
(776.171 0 -140.824)
(776.136 0 -140.833)
(776.078 0 -140.832)
(776.042 0 -140.84)
(776.002 0 -140.83)
(775.977 0 -140.787)
(775.949 0 -140.746)
(775.931 0 -140.699)
(775.927 0 -140.638)
(775.927 0 -140.551)
(775.918 0 -140.476)
(775.92 0 -140.431)
(775.921 0 -140.416)
(775.924 0 -140.411)
(775.931 0 -140.415)
(775.94 0 -140.43)
(775.944 0 -140.453)
(775.941 0 -140.482)
(775.946 0 -140.518)
(775.964 0 -140.508)
(775.953 0 -140.407)
(775.949 0 -140.295)
(775.957 0 -140.233)
(775.959 0 -140.097)
(775.891 0 -139.782)
(775.875 0 -139.534)
(775.887 0 -139.332)
(775.876 0 -139.04)
(775.86 0 -138.712)
(775.839 0 -138.408)
(775.793 0 -138.066)
(775.719 0 -137.659)
(775.645 0 -137.29)
(775.586 0 -137.012)
(775.543 0 -136.604)
(775.526 0 -136.191)
(775.52 0 -136.033)
(775.51 0 -135.811)
(775.465 0 -135.406)
(775.424 0 -135.061)
(775.385 0 -134.838)
(775.351 0 -134.584)
(775.309 0 -134.357)
(775.243 0 -134.265)
(775.21 0 -134.18)
(775.273 0 -133.989)
(775.329 0 -133.805)
(775.298 0 -133.786)
(775.243 0 -133.766)
(775.252 0 -133.53)
(775.264 0 -133.325)
(775.268 0 -133.288)
(775.257 0 -133.09)
(826.5 0 -3.93214e-11)
(826.5 0 -7.11574e-11)
(826.5 0 -1.14377e-10)
(826.5 0 -1.5897e-10)
(826.5 0 -2.34812e-10)
(826.5 0 -4.29775e-10)
(826.5 0 -1.50967e-09)
(826.5 0 -9.50664e-09)
(826.5 0 -6.99469e-08)
(826.5 0 -4.94838e-07)
(826.5 0 -3.21192e-06)
(826.5 0 -1.87279e-05)
(826.5 0 -0.000100714)
(826.5 0 -0.000551189)
(826.499 0 -0.00256876)
(826.496 0 -0.0111783)
(826.483 0 -0.0483463)
(826.436 0 -0.174705)
(826.237 0 -0.702931)
(825.371 0 -2.95818)
(822.535 0 -10.9816)
(815.67 0 -31.0888)
(801.61 0 -73.327)
(795.815 0 -88.1661)
(783.719 0 -123.098)
(777.692 0 -137.691)
(776.213 0 -140.039)
(775.929 0 -143.325)
(776.106 0 -144.493)
(776.462 0 -142.664)
(776.366 0 -141.633)
(776.021 0 -140.768)
(776.051 0 -139.767)
(776.128 0 -139.58)
(776.259 0 -139.745)
(776.475 0 -140.608)
(776.511 0 -140.827)
(776.616 0 -140.702)
(776.726 0 -140.606)
(776.652 0 -140.649)
(776.498 0 -140.815)
(776.252 0 -141.078)
(775.928 0 -141.397)
(775.773 0 -141.636)
(775.84 0 -141.659)
(775.858 0 -141.63)
(775.889 0 -141.578)
(775.944 0 -141.502)
(776.003 0 -141.393)
(776.059 0 -141.35)
(776.086 0 -141.202)
(776.125 0 -141.026)
(776.202 0 -140.877)
(776.247 0 -140.801)
(776.255 0 -140.771)
(776.267 0 -140.76)
(776.234 0 -140.772)
(776.169 0 -140.756)
(776.106 0 -140.743)
(776.066 0 -140.742)
(775.972 0 -140.714)
(775.921 0 -140.673)
(775.881 0 -140.597)
(775.845 0 -140.515)
(775.818 0 -140.434)
(775.801 0 -140.331)
(775.796 0 -140.219)
(775.814 0 -140.142)
(775.857 0 -140.113)
(775.864 0 -140.113)
(775.874 0 -140.127)
(775.889 0 -140.163)
(775.903 0 -140.211)
(775.899 0 -140.274)
(775.88 0 -140.343)
(775.88 0 -140.4)
(775.887 0 -140.459)
(775.884 0 -140.496)
(775.869 0 -140.458)
(775.843 0 -140.341)
(775.825 0 -140.21)
(775.803 0 -140.064)
(775.785 0 -139.908)
(775.768 0 -139.753)
(775.743 0 -139.552)
(775.71 0 -139.263)
(775.732 0 -139.025)
(775.732 0 -138.859)
(775.688 0 -138.642)
(775.623 0 -138.291)
(775.578 0 -137.939)
(775.548 0 -137.671)
(775.516 0 -137.278)
(775.506 0 -136.853)
(775.49 0 -136.546)
(775.438 0 -136.349)
(775.377 0 -136.022)
(775.315 0 -135.805)
(775.258 0 -135.579)
(775.203 0 -135.389)
(775.147 0 -135.065)
(775.097 0 -134.818)
(775.08 0 -134.486)
(775.117 0 -134.035)
(775.161 0 -133.727)
(775.143 0 -133.576)
(775.094 0 -133.31)
(775.116 0 -133.055)
(775.139 0 -132.978)
(775.158 0 -132.859)
(826.5 0 -2.37404e-10)
(826.5 0 -3.69762e-10)
(826.5 0 -5.5807e-10)
(826.5 0 -8.18095e-10)
(826.5 0 -1.27489e-09)
(826.5 0 -3.11572e-09)
(826.5 0 -1.63197e-08)
(826.5 0 -1.20774e-07)
(826.5 0 -9.15818e-07)
(826.5 0 -6.54081e-06)
(826.5 0 -4.19005e-05)
(826.5 0 -0.000242707)
(826.5 0 -0.00127115)
(826.497 0 -0.00727217)
(826.489 0 -0.0311103)
(826.45 0 -0.139605)
(826.282 0 -0.585725)
(825.534 0 -2.64414)
(822.368 0 -11.0225)
(811.518 0 -40.6849)
(801.456 0 -76.3925)
(791.005 0 -112.886)
(779.286 0 -145.316)
(775.849 0 -138.158)
(777.363 0 -140.964)
(777.436 0 -140.316)
(776.684 0 -139.922)
(776.509 0 -140.461)
(776.21 0 -141.541)
(776.53 0 -142.294)
(776.434 0 -142.218)
(776.152 0 -141.668)
(775.695 0 -140.538)
(775.8 0 -139.835)
(775.869 0 -139.793)
(776.045 0 -140.006)
(776.25 0 -140.285)
(776.324 0 -140.381)
(776.368 0 -140.554)
(776.29 0 -140.696)
(776.136 0 -140.849)
(775.922 0 -140.988)
(775.694 0 -141.155)
(775.484 0 -141.344)
(775.58 0 -141.501)
(775.709 0 -141.502)
(775.753 0 -141.47)
(775.832 0 -141.415)
(775.892 0 -141.256)
(775.955 0 -141.123)
(776.031 0 -140.992)
(776.121 0 -140.75)
(776.177 0 -140.58)
(776.186 0 -140.522)
(776.181 0 -140.51)
(776.177 0 -140.522)
(776.152 0 -140.595)
(776.073 0 -140.661)
(775.979 0 -140.637)
(775.912 0 -140.58)
(775.865 0 -140.545)
(775.773 0 -140.447)
(775.735 0 -140.329)
(775.693 0 -140.227)
(775.641 0 -140.136)
(775.585 0 -140.074)
(775.567 0 -140.01)
(775.621 0 -139.986)
(775.664 0 -139.989)
(775.676 0 -139.998)
(775.698 0 -140.03)
(775.726 0 -140.088)
(775.754 0 -140.149)
(775.771 0 -140.198)
(775.768 0 -140.255)
(775.764 0 -140.339)
(775.773 0 -140.405)
(775.777 0 -140.408)
(775.76 0 -140.37)
(775.728 0 -140.321)
(775.701 0 -140.248)
(775.679 0 -140.159)
(775.66 0 -140.084)
(775.641 0 -140.013)
(775.62 0 -139.885)
(775.624 0 -139.695)
(775.598 0 -139.465)
(775.551 0 -139.23)
(775.562 0 -139.11)
(775.553 0 -138.966)
(775.528 0 -138.714)
(775.507 0 -138.435)
(775.483 0 -138.187)
(775.461 0 -137.927)
(775.436 0 -137.611)
(775.398 0 -137.356)
(775.333 0 -137.024)
(775.255 0 -136.708)
(775.179 0 -136.319)
(775.105 0 -136.132)
(775.045 0 -135.79)
(774.999 0 -135.556)
(774.967 0 -135.411)
(774.98 0 -135.29)
(775.016 0 -135.054)
(775.008 0 -134.836)
(774.955 0 -134.618)
(774.928 0 -134.382)
(774.931 0 -134.157)
(774.979 0 -133.893)
(826.5 0 -1.34324e-09)
(826.5 0 -1.93576e-09)
(826.5 0 -2.80783e-09)
(826.5 0 -4.09928e-09)
(826.5 0 -7.22624e-09)
(826.5 0 -2.63061e-08)
(826.5 0 -1.83472e-07)
(826.5 0 -1.44829e-06)
(826.5 0 -1.12203e-05)
(826.5 0 -7.95438e-05)
(826.5 0 -0.000507442)
(826.499 0 -0.00292182)
(826.495 0 -0.0148617)
(826.471 0 -0.0857727)
(826.372 0 -0.355176)
(825.773 0 -1.92544)
(822.925 0 -9.77841)
(814.697 0 -33.5678)
(801.211 0 -74.1797)
(789.835 0 -111.442)
(787.481 0 -117.375)
(783.965 0 -127.686)
(779.834 0 -134.612)
(778.278 0 -137.669)
(777.86 0 -138.846)
(777.11 0 -139.996)
(776.518 0 -140.629)
(776.033 0 -140.624)
(776.046 0 -140.792)
(776.235 0 -141.309)
(776.468 0 -142.46)
(776.205 0 -142.126)
(775.971 0 -141.711)
(775.737 0 -141.095)
(775.607 0 -140.517)
(775.743 0 -140.554)
(775.794 0 -140.604)
(775.859 0 -140.674)
(775.901 0 -140.775)
(775.87 0 -140.946)
(775.716 0 -141.032)
(775.582 0 -141.037)
(775.425 0 -141.004)
(775.311 0 -140.907)
(775.313 0 -140.877)
(775.553 0 -140.869)
(775.678 0 -140.851)
(775.773 0 -140.848)
(775.85 0 -140.797)
(775.95 0 -140.68)
(776 0 -140.616)
(776.053 0 -140.489)
(776.062 0 -140.369)
(776.051 0 -140.348)
(776.022 0 -140.365)
(775.978 0 -140.443)
(775.916 0 -140.555)
(775.835 0 -140.636)
(775.771 0 -140.72)
(775.664 0 -140.651)
(775.621 0 -140.606)
(775.554 0 -140.554)
(775.48 0 -140.419)
(775.424 0 -140.255)
(775.378 0 -140.182)
(775.324 0 -140.101)
(775.331 0 -140.07)
(775.344 0 -140.079)
(775.39 0 -140.084)
(775.441 0 -140.119)
(775.49 0 -140.168)
(775.541 0 -140.229)
(775.569 0 -140.271)
(775.591 0 -140.331)
(775.617 0 -140.404)
(775.644 0 -140.433)
(775.665 0 -140.399)
(775.675 0 -140.313)
(775.672 0 -140.191)
(775.64 0 -140.097)
(775.619 0 -140.048)
(775.584 0 -140.014)
(775.529 0 -139.996)
(775.496 0 -139.991)
(775.464 0 -139.972)
(775.443 0 -139.89)
(775.413 0 -139.765)
(775.372 0 -139.621)
(775.354 0 -139.448)
(775.375 0 -139.352)
(775.384 0 -139.24)
(775.379 0 -139.058)
(775.367 0 -138.828)
(775.354 0 -138.59)
(775.336 0 -138.373)
(775.31 0 -138.159)
(775.26 0 -137.898)
(775.193 0 -137.668)
(775.116 0 -137.341)
(775.043 0 -137.071)
(774.978 0 -136.777)
(774.923 0 -136.433)
(774.883 0 -136.027)
(774.857 0 -135.713)
(774.845 0 -135.352)
(774.837 0 -135.029)
(774.811 0 -134.727)
(774.776 0 -134.307)
(774.75 0 -134.184)
(774.739 0 -133.865)
(826.5 0 -6.17858e-09)
(826.5 0 -8.8585e-09)
(826.5 0 -1.26949e-08)
(826.5 0 -1.90426e-08)
(826.5 0 -4.38203e-08)
(826.5 0 -2.45297e-07)
(826.5 0 -1.99962e-06)
(826.5 0 -1.62564e-05)
(826.5 0 -0.000125872)
(826.5 0 -0.00090145)
(826.498 0 -0.00564729)
(826.489 0 -0.0322799)
(826.443 0 -0.16222)
(826.145 0 -1.00249)
(824.584 0 -5.34625)
(816.61 0 -26.6865)
(801.873 0 -68.8347)
(787.505 0 -115.804)
(781.576 0 -134.187)
(777.277 0 -154.235)
(773.836 0 -148.106)
(775.031 0 -141.21)
(776.094 0 -139.508)
(776.407 0 -139.703)
(776.501 0 -139.94)
(776.586 0 -140.663)
(776.108 0 -140.819)
(775.834 0 -140.735)
(775.659 0 -140.632)
(775.742 0 -140.75)
(775.86 0 -141.098)
(776.087 0 -141.46)
(775.952 0 -141.732)
(775.649 0 -141.596)
(775.529 0 -141.439)
(775.435 0 -141.223)
(775.385 0 -141.047)
(775.475 0 -141.145)
(775.512 0 -141.215)
(775.528 0 -141.329)
(775.428 0 -141.346)
(775.356 0 -141.278)
(775.207 0 -141.06)
(775.146 0 -140.74)
(775.211 0 -140.521)
(775.388 0 -140.392)
(775.516 0 -140.342)
(775.582 0 -140.353)
(775.643 0 -140.365)
(775.736 0 -140.4)
(775.789 0 -140.442)
(775.804 0 -140.46)
(775.778 0 -140.479)
(775.772 0 -140.487)
(775.758 0 -140.505)
(775.713 0 -140.57)
(775.668 0 -140.64)
(775.637 0 -140.694)
(775.61 0 -140.697)
(775.551 0 -140.666)
(775.445 0 -140.629)
(775.399 0 -140.616)
(775.282 0 -140.559)
(775.213 0 -140.487)
(775.174 0 -140.422)
(775.153 0 -140.376)
(775.151 0 -140.324)
(775.171 0 -140.311)
(775.197 0 -140.322)
(775.277 0 -140.328)
(775.375 0 -140.359)
(775.447 0 -140.403)
(775.48 0 -140.468)
(775.497 0 -140.527)
(775.519 0 -140.511)
(775.553 0 -140.474)
(775.582 0 -140.386)
(775.598 0 -140.256)
(775.564 0 -140.163)
(775.514 0 -140.062)
(775.498 0 -140.02)
(775.453 0 -139.997)
(775.383 0 -139.994)
(775.325 0 -140.003)
(775.281 0 -140.017)
(775.238 0 -140.032)
(775.219 0 -140.02)
(775.213 0 -139.974)
(775.179 0 -139.86)
(775.177 0 -139.721)
(775.191 0 -139.61)
(775.197 0 -139.484)
(775.199 0 -139.335)
(775.201 0 -139.134)
(775.203 0 -138.936)
(775.188 0 -138.73)
(775.147 0 -138.518)
(775.082 0 -138.251)
(775.002 0 -137.951)
(774.929 0 -137.708)
(774.856 0 -137.364)
(774.796 0 -137.157)
(774.749 0 -136.82)
(774.71 0 -136.627)
(774.675 0 -136.34)
(774.648 0 -136.121)
(774.625 0 -135.874)
(774.589 0 -135.534)
(774.554 0 -135.157)
(774.526 0 -134.659)
(826.5 0 -2.61362e-08)
(826.5 0 -3.71139e-08)
(826.5 0 -5.29192e-08)
(826.5 0 -8.77074e-08)
(826.5 0 -3.03277e-07)
(826.5 0 -2.34726e-06)
(826.5 0 -2.05454e-05)
(826.5 0 -0.000167012)
(826.5 0 -0.00132172)
(826.497 0 -0.00930212)
(826.48 0 -0.0575797)
(826.385 0 -0.32823)
(825.7 0 -2.28046)
(821.216 0 -15.653)
(809.497 0 -54.4213)
(787.744 0 -112.954)
(782.5 0 -121.454)
(782.258 0 -126.399)
(779.125 0 -136.034)
(777.952 0 -139.737)
(775.204 0 -142.941)
(775.001 0 -142.269)
(775.234 0 -141.167)
(775.571 0 -140.251)
(775.693 0 -140.279)
(775.828 0 -140.778)
(775.721 0 -141.488)
(775.604 0 -141.49)
(775.353 0 -141.194)
(775.419 0 -140.809)
(775.492 0 -140.776)
(775.573 0 -141.013)
(775.649 0 -141.504)
(775.502 0 -141.66)
(775.317 0 -141.586)
(775.269 0 -141.536)
(775.21 0 -141.445)
(775.237 0 -141.405)
(775.316 0 -141.431)
(775.32 0 -141.452)
(775.299 0 -141.434)
(775.233 0 -141.33)
(775.101 0 -141.045)
(775.066 0 -140.673)
(775.086 0 -140.462)
(775.12 0 -140.252)
(775.222 0 -140.164)
(775.279 0 -140.225)
(775.332 0 -140.302)
(775.397 0 -140.378)
(775.475 0 -140.511)
(775.512 0 -140.572)
(775.56 0 -140.66)
(775.569 0 -140.764)
(775.556 0 -140.798)
(775.523 0 -140.793)
(775.492 0 -140.813)
(775.478 0 -140.808)
(775.458 0 -140.756)
(775.392 0 -140.705)
(775.288 0 -140.7)
(775.235 0 -140.705)
(775.134 0 -140.675)
(775.047 0 -140.649)
(775.015 0 -140.603)
(775.03 0 -140.56)
(775.058 0 -140.527)
(775.095 0 -140.515)
(775.149 0 -140.533)
(775.202 0 -140.573)
(775.265 0 -140.572)
(775.318 0 -140.625)
(775.392 0 -140.65)
(775.418 0 -140.638)
(775.454 0 -140.617)
(775.503 0 -140.523)
(775.528 0 -140.382)
(775.522 0 -140.255)
(775.469 0 -140.103)
(775.413 0 -140.025)
(775.377 0 -140.012)
(775.309 0 -140.003)
(775.224 0 -140.033)
(775.148 0 -140.097)
(775.093 0 -140.127)
(775.047 0 -140.138)
(775.022 0 -140.135)
(775.012 0 -140.126)
(775.01 0 -140.115)
(775.041 0 -140.091)
(775.083 0 -140.055)
(775.111 0 -140.008)
(775.123 0 -139.929)
(775.125 0 -139.807)
(775.11 0 -139.626)
(775.075 0 -139.414)
(775.023 0 -139.213)
(774.948 0 -138.952)
(774.863 0 -138.679)
(774.779 0 -138.37)
(774.696 0 -138.095)
(774.633 0 -137.823)
(774.567 0 -137.457)
(774.534 0 -137.222)
(774.484 0 -136.804)
(774.447 0 -136.568)
(774.409 0 -136.248)
(774.364 0 -135.882)
(774.34 0 -135.639)
(774.322 0 -135.2)
(826.5 0 -1.01372e-07)
(826.5 0 -1.42556e-07)
(826.5 0 -2.05941e-07)
(826.5 0 -4.28658e-07)
(826.5 0 -2.31783e-06)
(826.5 0 -2.17431e-05)
(826.5 0 -0.000195201)
(826.499 0 -0.0015892)
(826.496 0 -0.0125177)
(826.47 0 -0.0894312)
(826.319 0 -0.533107)
(824.826 0 -4.82523)
(816.513 0 -30.1475)
(801.371 0 -84.7831)
(792.586 0 -96.8036)
(782.296 0 -128.542)
(777.809 0 -142.592)
(775.775 0 -141.479)
(775.572 0 -140.463)
(775.648 0 -140.298)
(775.616 0 -140.806)
(775.327 0 -142.135)
(775.173 0 -141.898)
(775.189 0 -141.482)
(775.257 0 -141.414)
(775.392 0 -141.533)
(775.485 0 -141.772)
(775.474 0 -141.823)
(775.361 0 -141.623)
(775.223 0 -140.984)
(775.232 0 -140.561)
(775.176 0 -140.613)
(775.146 0 -140.823)
(775.099 0 -141.108)
(775.004 0 -141.457)
(774.975 0 -141.535)
(774.962 0 -141.587)
(775.033 0 -141.612)
(775.123 0 -141.584)
(775.156 0 -141.542)
(775.207 0 -141.445)
(775.21 0 -141.31)
(775.064 0 -141.016)
(775.004 0 -140.726)
(774.954 0 -140.547)
(774.915 0 -140.393)
(774.954 0 -140.269)
(775.021 0 -140.301)
(775.101 0 -140.403)
(775.188 0 -140.572)
(775.261 0 -140.76)
(775.287 0 -140.861)
(775.331 0 -140.948)
(775.34 0 -141.032)
(775.355 0 -141.087)
(775.415 0 -141.05)
(775.414 0 -140.94)
(775.32 0 -140.88)
(775.235 0 -140.823)
(775.146 0 -140.8)
(775.062 0 -140.8)
(774.979 0 -140.805)
(774.901 0 -140.765)
(774.877 0 -140.728)
(774.877 0 -140.717)
(774.894 0 -140.71)
(774.932 0 -140.7)
(774.985 0 -140.702)
(775.041 0 -140.728)
(775.117 0 -140.718)
(775.201 0 -140.749)
(775.264 0 -140.718)
(775.328 0 -140.702)
(775.39 0 -140.671)
(775.438 0 -140.612)
(775.463 0 -140.509)
(775.472 0 -140.389)
(775.445 0 -140.259)
(775.345 0 -140.131)
(775.266 0 -140.055)
(775.231 0 -140.035)
(775.159 0 -140.017)
(775.066 0 -140.036)
(774.99 0 -140.068)
(774.928 0 -140.067)
(774.878 0 -140.063)
(774.842 0 -140.072)
(774.821 0 -140.099)
(774.818 0 -140.14)
(774.837 0 -140.172)
(774.866 0 -140.181)
(774.895 0 -140.151)
(774.913 0 -140.096)
(774.922 0 -140.031)
(774.9 0 -139.896)
(774.856 0 -139.752)
(774.796 0 -139.57)
(774.73 0 -139.387)
(774.643 0 -139.137)
(774.553 0 -138.87)
(774.472 0 -138.672)
(774.381 0 -138.356)
(774.303 0 -138.145)
(774.241 0 -137.879)
(774.18 0 -137.552)
(774.141 0 -137.307)
(774.094 0 -136.958)
(774.04 0 -136.833)
(773.992 0 -136.334)
(774.042 0 -135.803)
(826.5 0 -3.60374e-07)
(826.5 0 -5.02633e-07)
(826.5 0 -7.77715e-07)
(826.5 0 -2.34014e-06)
(826.5 0 -1.83354e-05)
(826.5 0 -0.000188069)
(826.499 0 -0.0017134)
(826.495 0 -0.0137433)
(826.462 0 -0.111768)
(826.216 0 -0.843101)
(824.116 0 -7.23932)
(809.988 0 -55.2824)
(796.32 0 -91.8545)
(777.802 0 -154.582)
(769.887 0 -144.865)
(773.793 0 -145.371)
(774.669 0 -145.906)
(774.351 0 -144.285)
(774.487 0 -142.413)
(774.579 0 -140.236)
(774.626 0 -140.037)
(774.604 0 -140.43)
(774.518 0 -140.968)
(774.75 0 -141.189)
(774.957 0 -141.254)
(775.13 0 -141.382)
(775.3 0 -141.592)
(775.369 0 -141.648)
(775.352 0 -141.604)
(775.204 0 -141.278)
(775.025 0 -140.807)
(774.876 0 -140.543)
(774.794 0 -140.557)
(774.71 0 -140.726)
(774.661 0 -141.121)
(774.681 0 -141.32)
(774.789 0 -141.41)
(774.969 0 -141.363)
(775.053 0 -141.286)
(775.152 0 -141.18)
(775.22 0 -141.081)
(775.237 0 -141.057)
(775.048 0 -140.863)
(774.952 0 -140.802)
(774.853 0 -140.715)
(774.774 0 -140.602)
(774.763 0 -140.495)
(774.837 0 -140.499)
(774.904 0 -140.551)
(774.998 0 -140.802)
(775.03 0 -140.968)
(775.098 0 -141.07)
(775.164 0 -141.204)
(775.182 0 -141.292)
(775.216 0 -141.251)
(775.292 0 -141.137)
(775.319 0 -140.995)
(775.208 0 -140.878)
(775.085 0 -140.806)
(774.996 0 -140.784)
(774.909 0 -140.768)
(774.831 0 -140.755)
(774.756 0 -140.735)
(774.739 0 -140.756)
(774.758 0 -140.751)
(774.789 0 -140.73)
(774.836 0 -140.708)
(774.9 0 -140.689)
(774.983 0 -140.677)
(775.075 0 -140.647)
(775.165 0 -140.623)
(775.249 0 -140.59)
(775.321 0 -140.556)
(775.378 0 -140.516)
(775.405 0 -140.46)
(775.396 0 -140.4)
(775.378 0 -140.331)
(775.316 0 -140.228)
(775.202 0 -140.12)
(775.09 0 -140.037)
(775.037 0 -139.999)
(774.981 0 -139.976)
(774.892 0 -139.971)
(774.801 0 -139.992)
(774.715 0 -140.023)
(774.644 0 -140.059)
(774.59 0 -140.089)
(774.562 0 -140.123)
(774.554 0 -140.153)
(774.576 0 -140.142)
(774.606 0 -140.11)
(774.631 0 -140.079)
(774.631 0 -140.024)
(774.629 0 -139.971)
(774.601 0 -139.932)
(774.517 0 -139.837)
(774.43 0 -139.721)
(774.366 0 -139.596)
(774.261 0 -139.366)
(774.175 0 -139.163)
(774.09 0 -138.961)
(773.983 0 -138.712)
(773.882 0 -138.457)
(773.793 0 -138.191)
(773.721 0 -138.004)
(773.645 0 -137.644)
(773.598 0 -137.232)
(773.552 0 -137.059)
(773.485 0 -136.739)
(773.536 0 -136.388)
(826.5 0 -1.17627e-06)
(826.5 0 -1.64331e-06)
(826.5 0 -2.98807e-06)
(826.5 0 -1.43838e-05)
(826.5 0 -0.000137992)
(826.499 0 -0.00151852)
(826.495 0 -0.0137044)
(826.463 0 -0.108588)
(826.103 0 -1.16921)
(822.719 0 -11.3167)
(807.103 0 -59.5229)
(798.405 0 -101.742)
(781.05 0 -127.775)
(777.198 0 -136.629)
(774.804 0 -139.405)
(775.055 0 -141.715)
(775.408 0 -143.024)
(775.303 0 -143.62)
(775.038 0 -143.106)
(774.567 0 -141.723)
(773.856 0 -140.349)
(773.894 0 -140.148)
(773.989 0 -140.248)
(774.353 0 -140.636)
(774.699 0 -140.81)
(774.94 0 -140.921)
(775.141 0 -141.159)
(775.28 0 -141.321)
(775.282 0 -141.381)
(775.157 0 -141.27)
(774.964 0 -140.996)
(774.712 0 -140.72)
(774.602 0 -140.572)
(774.484 0 -140.594)
(774.49 0 -140.694)
(774.659 0 -140.87)
(774.865 0 -140.924)
(775.01 0 -140.866)
(775.161 0 -140.756)
(775.313 0 -140.595)
(775.348 0 -140.519)
(775.315 0 -140.548)
(775.102 0 -140.651)
(774.87 0 -140.764)
(774.782 0 -140.801)
(774.715 0 -140.852)
(774.7 0 -140.868)
(774.749 0 -140.892)
(774.8 0 -140.909)
(774.86 0 -140.907)
(774.931 0 -140.945)
(775.012 0 -141.025)
(775.089 0 -141.106)
(775.139 0 -141.162)
(775.186 0 -141.038)
(775.198 0 -140.991)
(775.228 0 -140.939)
(775.129 0 -140.82)
(774.973 0 -140.767)
(774.913 0 -140.75)
(774.836 0 -140.727)
(774.755 0 -140.701)
(774.695 0 -140.681)
(774.668 0 -140.658)
(774.689 0 -140.602)
(774.728 0 -140.553)
(774.789 0 -140.497)
(774.851 0 -140.462)
(774.919 0 -140.435)
(775.021 0 -140.369)
(775.092 0 -140.346)
(775.161 0 -140.348)
(775.221 0 -140.361)
(775.259 0 -140.359)
(775.262 0 -140.332)
(775.222 0 -140.326)
(775.17 0 -140.288)
(775.088 0 -140.196)
(774.968 0 -140.117)
(774.843 0 -140.061)
(774.747 0 -139.99)
(774.683 0 -139.949)
(774.607 0 -139.938)
(774.517 0 -139.938)
(774.411 0 -139.953)
(774.321 0 -139.967)
(774.235 0 -140.016)
(774.211 0 -140.019)
(774.197 0 -140.006)
(774.19 0 -139.991)
(774.187 0 -139.975)
(774.178 0 -139.976)
(774.149 0 -139.977)
(774.108 0 -139.962)
(774.041 0 -139.909)
(773.926 0 -139.858)
(773.818 0 -139.799)
(773.671 0 -139.665)
(773.588 0 -139.557)
(773.443 0 -139.366)
(773.367 0 -139.174)
(773.294 0 -139.038)
(773.098 0 -138.803)
(772.978 0 -138.473)
(772.922 0 -138.305)
(772.79 0 -138.054)
(772.67 0 -137.8)
(772.596 0 -137.481)
(772.549 0 -136.95)
(772.64 0 -136.763)
(826.5 0 -3.52898e-06)
(826.5 0 -5.10101e-06)
(826.5 0 -1.24893e-05)
(826.5 0 -9.11514e-05)
(826.5 0 -0.000997432)
(826.496 0 -0.0110155)
(826.466 0 -0.103734)
(826.193 0 -0.958079)
(821.462 0 -14.3457)
(801.718 0 -73.7878)
(782.314 0 -129.804)
(774.758 0 -154.762)
(771.857 0 -141.939)
(774.01 0 -141.394)
(775.947 0 -141.226)
(776.356 0 -140.934)
(776.271 0 -140.973)
(776.104 0 -141.913)
(775.453 0 -141.9)
(774.995 0 -141.613)
(774.064 0 -140.475)
(773.889 0 -139.85)
(773.985 0 -139.918)
(774.397 0 -140.132)
(774.597 0 -140.245)
(774.92 0 -140.364)
(775.143 0 -140.623)
(775.2 0 -140.771)
(775.254 0 -140.991)
(775.049 0 -141.156)
(774.908 0 -141.114)
(774.711 0 -140.921)
(774.564 0 -140.848)
(774.409 0 -140.771)
(774.486 0 -140.66)
(774.726 0 -140.651)
(774.925 0 -140.601)
(775.153 0 -140.41)
(775.334 0 -140.192)
(775.438 0 -140.049)
(775.342 0 -140.053)
(775.166 0 -140.196)
(775.031 0 -140.379)
(774.88 0 -140.595)
(774.707 0 -140.784)
(774.68 0 -140.949)
(774.709 0 -140.931)
(774.76 0 -140.901)
(774.823 0 -140.853)
(774.873 0 -140.87)
(774.93 0 -140.895)
(775.008 0 -140.887)
(775.064 0 -140.939)
(775.122 0 -140.903)
(775.122 0 -140.886)
(775.122 0 -140.82)
(775.133 0 -140.747)
(775.03 0 -140.635)
(774.874 0 -140.569)
(774.833 0 -140.549)
(774.762 0 -140.519)
(774.676 0 -140.473)
(774.613 0 -140.423)
(774.574 0 -140.409)
(774.574 0 -140.396)
(774.606 0 -140.366)
(774.649 0 -140.355)
(774.693 0 -140.346)
(774.738 0 -140.349)
(774.792 0 -140.351)
(774.848 0 -140.345)
(774.903 0 -140.344)
(774.947 0 -140.346)
(774.961 0 -140.328)
(774.935 0 -140.29)
(774.871 0 -140.278)
(774.784 0 -140.244)
(774.673 0 -140.182)
(774.549 0 -140.104)
(774.409 0 -140.07)
(774.295 0 -139.997)
(774.203 0 -139.95)
(774.108 0 -139.905)
(773.991 0 -139.913)
(773.875 0 -139.918)
(773.774 0 -139.901)
(773.682 0 -139.855)
(773.603 0 -139.854)
(773.534 0 -139.868)
(773.467 0 -139.909)
(773.406 0 -139.932)
(773.339 0 -139.957)
(773.261 0 -139.961)
(773.168 0 -139.931)
(773.05 0 -139.866)
(772.913 0 -139.762)
(772.762 0 -139.659)
(772.579 0 -139.546)
(772.404 0 -139.435)
(772.219 0 -139.329)
(772.08 0 -139.204)
(771.986 0 -138.953)
(771.747 0 -138.779)
(771.596 0 -138.549)
(771.479 0 -138.255)
(771.313 0 -137.876)
(771.128 0 -137.58)
(770.97 0 -137.418)
(770.772 0 -137.101)
(771.014 0 -137.128)
(826.5 0 -9.78972e-06)
(826.5 0 -1.54455e-05)
(826.5 0 -5.79287e-05)
(826.5 0 -0.00057873)
(826.498 0 -0.00631683)
(826.474 0 -0.0757152)
(826.225 0 -0.844688)
(822.975 0 -11.4787)
(799.727 0 -74.9446)
(783.653 0 -113.236)
(777.785 0 -133.64)
(773.455 0 -142.855)
(772.487 0 -142.81)
(773.985 0 -142.116)
(775.545 0 -141.052)
(776.34 0 -140.465)
(776.232 0 -139.994)
(775.987 0 -140.15)
(775.775 0 -140.917)
(775.039 0 -140.987)
(774.646 0 -140.547)
(774.423 0 -140.156)
(774.47 0 -139.962)
(774.601 0 -140.086)
(774.798 0 -140.269)
(775.032 0 -140.332)
(775.118 0 -140.474)
(775.137 0 -140.53)
(775.136 0 -140.663)
(775.037 0 -140.902)
(774.824 0 -141.153)
(774.739 0 -141.166)
(774.616 0 -141.038)
(774.422 0 -140.91)
(774.58 0 -140.679)
(774.778 0 -140.484)
(775.003 0 -140.333)
(775.315 0 -140.052)
(775.467 0 -139.886)
(775.462 0 -139.81)
(775.291 0 -139.892)
(775.07 0 -140.078)
(774.867 0 -140.256)
(774.789 0 -140.532)
(774.707 0 -140.64)
(774.694 0 -140.76)
(774.729 0 -140.82)
(774.784 0 -140.82)
(774.849 0 -140.816)
(774.899 0 -140.853)
(774.945 0 -140.861)
(774.977 0 -140.88)
(775.016 0 -140.881)
(775.016 0 -140.897)
(775.003 0 -140.878)
(774.981 0 -140.836)
(774.979 0 -140.708)
(774.838 0 -140.391)
(774.763 0 -140.271)
(774.696 0 -140.21)
(774.605 0 -140.165)
(774.496 0 -140.146)
(774.398 0 -140.182)
(774.329 0 -140.272)
(774.295 0 -140.365)
(774.297 0 -140.407)
(774.323 0 -140.394)
(774.35 0 -140.38)
(774.379 0 -140.345)
(774.409 0 -140.284)
(774.444 0 -140.211)
(774.465 0 -140.168)
(774.47 0 -140.133)
(774.427 0 -140.112)
(774.348 0 -140.095)
(774.239 0 -140.102)
(774.104 0 -140.093)
(773.957 0 -140.048)
(773.807 0 -139.982)
(773.653 0 -139.917)
(773.511 0 -139.839)
(773.371 0 -139.79)
(773.229 0 -139.753)
(773.084 0 -139.748)
(772.944 0 -139.709)
(772.797 0 -139.683)
(772.644 0 -139.667)
(772.487 0 -139.676)
(772.336 0 -139.68)
(772.185 0 -139.711)
(772.039 0 -139.705)
(771.882 0 -139.704)
(771.714 0 -139.681)
(771.527 0 -139.641)
(771.313 0 -139.618)
(771.082 0 -139.579)
(770.837 0 -139.52)
(770.586 0 -139.39)
(770.339 0 -139.199)
(770.096 0 -139.015)
(769.856 0 -138.874)
(769.628 0 -138.665)
(769.38 0 -138.441)
(769.133 0 -138.226)
(768.862 0 -138.084)
(768.596 0 -137.849)
(768.367 0 -137.49)
(768.108 0 -137.223)
(767.705 0 -136.693)
(768.348 0 -136.593)
(826.5 0 -2.5446e-05)
(826.5 0 -4.85162e-05)
(826.5 0 -0.00028628)
(826.499 0 -0.00338189)
(826.486 0 -0.0396601)
(826.368 0 -0.433193)
(823.147 0 -10.4529)
(805.721 0 -67.2266)
(783.691 0 -131.249)
(773.912 0 -137.634)
(774.458 0 -139.466)
(774.242 0 -141.505)
(773.779 0 -142.894)
(774.389 0 -141.983)
(775.131 0 -141.132)
(775.61 0 -140.555)
(775.915 0 -140.203)
(775.745 0 -139.692)
(775.606 0 -139.906)
(775.347 0 -140.311)
(774.945 0 -140.346)
(774.826 0 -140.316)
(774.898 0 -140.276)
(774.997 0 -140.397)
(775.033 0 -140.589)
(775.085 0 -140.65)
(775.077 0 -140.598)
(775.061 0 -140.565)
(775.02 0 -140.571)
(774.956 0 -140.789)
(774.81 0 -141.047)
(774.752 0 -141.155)
(774.705 0 -141.14)
(774.581 0 -140.921)
(774.775 0 -140.571)
(774.876 0 -140.437)
(775.073 0 -140.3)
(775.344 0 -140.151)
(775.377 0 -140.089)
(775.274 0 -140.105)
(775.137 0 -140.18)
(774.932 0 -140.305)
(774.719 0 -140.383)
(774.633 0 -140.406)
(774.63 0 -140.511)
(774.664 0 -140.627)
(774.721 0 -140.714)
(774.781 0 -140.788)
(774.838 0 -140.841)
(774.878 0 -140.872)
(774.896 0 -140.879)
(774.893 0 -140.834)
(774.878 0 -140.831)
(774.857 0 -140.818)
(774.814 0 -140.797)
(774.749 0 -140.715)
(774.668 0 -140.583)
(774.498 0 -140.335)
(774.437 0 -140.259)
(774.327 0 -140.18)
(774.191 0 -140.126)
(774.054 0 -140.118)
(773.945 0 -140.107)
(773.874 0 -140.104)
(773.834 0 -140.084)
(773.813 0 -140.047)
(773.801 0 -140.008)
(773.794 0 -139.955)
(773.782 0 -139.878)
(773.758 0 -139.811)
(773.721 0 -139.77)
(773.662 0 -139.772)
(773.573 0 -139.795)
(773.443 0 -139.816)
(773.287 0 -139.806)
(773.105 0 -139.823)
(772.902 0 -139.829)
(772.689 0 -139.818)
(772.484 0 -139.742)
(772.277 0 -139.681)
(772.075 0 -139.61)
(771.867 0 -139.572)
(771.662 0 -139.518)
(771.452 0 -139.479)
(771.234 0 -139.422)
(771 0 -139.359)
(770.755 0 -139.268)
(770.49 0 -139.211)
(770.218 0 -139.139)
(769.935 0 -139.099)
(769.646 0 -139.032)
(769.335 0 -139.007)
(769.012 0 -138.971)
(768.668 0 -138.954)
(768.318 0 -138.897)
(767.947 0 -138.844)
(767.569 0 -138.755)
(767.17 0 -138.688)
(766.777 0 -138.594)
(766.389 0 -138.479)
(766.017 0 -138.268)
(765.631 0 -138.08)
(765.265 0 -137.859)
(764.885 0 -137.621)
(764.525 0 -137.224)
(764.11 0 -136.96)
(763.7 0 -136.685)
(763.282 0 -136.487)
(762.577 0 -136.016)
(763.788 0 -135.542)
(826.5 0 -6.23163e-05)
(826.5 0 -0.000162703)
(826.499 0 -0.00142529)
(826.492 0 -0.0186721)
(826.435 0 -0.211313)
(824.976 0 -5.05765)
(805.222 0 -62.6649)
(785.968 0 -112.327)
(778.902 0 -152.146)
(772.005 0 -146.058)
(773.137 0 -141.923)
(773.789 0 -141.602)
(774.049 0 -141.832)
(774.382 0 -141.1)
(774.729 0 -141.101)
(775.178 0 -140.956)
(775.405 0 -140.625)
(775.49 0 -140.322)
(775.422 0 -139.979)
(775.368 0 -140.019)
(775.25 0 -140.264)
(775.109 0 -140.482)
(775.172 0 -140.652)
(775.193 0 -140.863)
(775.167 0 -141.032)
(775.075 0 -140.921)
(775.058 0 -140.752)
(774.985 0 -140.546)
(774.883 0 -140.506)
(774.863 0 -140.661)
(774.82 0 -140.812)
(774.76 0 -141.039)
(774.789 0 -140.994)
(774.785 0 -140.887)
(774.875 0 -140.679)
(774.974 0 -140.56)
(775.098 0 -140.52)
(775.273 0 -140.48)
(775.221 0 -140.57)
(775.03 0 -140.501)
(774.853 0 -140.469)
(774.676 0 -140.47)
(774.487 0 -140.489)
(774.389 0 -140.503)
(774.42 0 -140.515)
(774.51 0 -140.57)
(774.609 0 -140.674)
(774.696 0 -140.732)
(774.758 0 -140.746)
(774.779 0 -140.756)
(774.748 0 -140.724)
(774.678 0 -140.668)
(774.614 0 -140.606)
(774.542 0 -140.559)
(774.437 0 -140.504)
(774.28 0 -140.357)
(774.146 0 -140.229)
(773.97 0 -140.079)
(773.847 0 -139.97)
(773.686 0 -139.837)
(773.519 0 -139.71)
(773.36 0 -139.616)
(773.211 0 -139.584)
(773.077 0 -139.613)
(772.955 0 -139.699)
(772.845 0 -139.765)
(772.746 0 -139.773)
(772.642 0 -139.781)
(772.525 0 -139.787)
(772.397 0 -139.78)
(772.257 0 -139.734)
(772.091 0 -139.683)
(771.891 0 -139.606)
(771.65 0 -139.546)
(771.374 0 -139.522)
(771.077 0 -139.529)
(770.769 0 -139.511)
(770.456 0 -139.461)
(770.139 0 -139.401)
(769.823 0 -139.35)
(769.515 0 -139.255)
(769.204 0 -139.158)
(768.891 0 -139.012)
(768.557 0 -138.884)
(768.201 0 -138.726)
(767.808 0 -138.616)
(767.384 0 -138.509)
(766.925 0 -138.453)
(766.441 0 -138.407)
(765.93 0 -138.42)
(765.408 0 -138.385)
(764.871 0 -138.359)
(764.331 0 -138.279)
(763.786 0 -138.183)
(763.239 0 -138.055)
(762.678 0 -137.942)
(762.123 0 -137.778)
(761.56 0 -137.626)
(761.016 0 -137.393)
(760.448 0 -137.252)
(759.894 0 -137.037)
(759.338 0 -136.822)
(758.818 0 -136.51)
(758.249 0 -136.326)
(757.699 0 -136.015)
(757.109 0 -135.763)
(756.538 0 -135.343)
(755.947 0 -135.1)
(754.97 0 -134.544)
(756.696 0 -133.893)
(826.5 0 -0.000151066)
(826.5 0 -0.00060339)
(826.497 0 -0.00660442)
(826.467 0 -0.0961015)
(825.882 0 -2.0782)
(815.122 0 -38.386)
(787.099 0 -111.014)
(776.874 0 -134.446)
(776.18 0 -144.463)
(773.881 0 -146.748)
(773.668 0 -143.851)
(774.103 0 -141.701)
(774.173 0 -141.202)
(774.356 0 -140.761)
(774.638 0 -140.885)
(775.051 0 -141.397)
(775.105 0 -141.391)
(775.148 0 -140.895)
(775.216 0 -140.413)
(775.284 0 -140.179)
(775.378 0 -140.295)
(775.394 0 -140.588)
(775.396 0 -140.905)
(775.356 0 -141.233)
(775.227 0 -141.497)
(775.113 0 -141.378)
(775.043 0 -140.906)
(774.93 0 -140.564)
(774.822 0 -140.428)
(774.752 0 -140.536)
(774.765 0 -140.703)
(774.781 0 -140.812)
(774.776 0 -140.975)
(774.837 0 -140.933)
(774.901 0 -140.807)
(774.973 0 -140.773)
(775.024 0 -140.814)
(775.051 0 -140.959)
(774.937 0 -141.047)
(774.697 0 -141.022)
(774.461 0 -140.91)
(774.286 0 -140.679)
(774.129 0 -140.494)
(774.039 0 -140.41)
(774.065 0 -140.383)
(774.176 0 -140.406)
(774.309 0 -140.459)
(774.406 0 -140.521)
(774.443 0 -140.587)
(774.414 0 -140.646)
(774.3 0 -140.622)
(774.141 0 -140.583)
(773.984 0 -140.522)
(773.819 0 -140.437)
(773.606 0 -140.406)
(773.355 0 -140.319)
(773.121 0 -140.099)
(772.909 0 -139.854)
(772.7 0 -139.642)
(772.477 0 -139.482)
(772.238 0 -139.398)
(771.987 0 -139.401)
(771.738 0 -139.423)
(771.497 0 -139.465)
(771.269 0 -139.494)
(771.041 0 -139.509)
(770.804 0 -139.494)
(770.558 0 -139.435)
(770.303 0 -139.314)
(770.033 0 -139.164)
(769.732 0 -139.014)
(769.386 0 -138.919)
(768.988 0 -138.871)
(768.554 0 -138.849)
(768.1 0 -138.786)
(767.626 0 -138.738)
(767.142 0 -138.669)
(766.651 0 -138.597)
(766.164 0 -138.472)
(765.672 0 -138.373)
(765.18 0 -138.258)
(764.675 0 -138.157)
(764.148 0 -138.041)
(763.584 0 -137.948)
(762.992 0 -137.803)
(762.363 0 -137.655)
(761.698 0 -137.484)
(760.99 0 -137.373)
(760.261 0 -137.225)
(759.507 0 -137.092)
(758.745 0 -136.895)
(757.964 0 -136.743)
(757.187 0 -136.57)
(756.403 0 -136.452)
(755.632 0 -136.315)
(754.861 0 -136.219)
(754.112 0 -136.067)
(753.365 0 -135.941)
(752.648 0 -135.724)
(751.929 0 -135.521)
(751.236 0 -135.217)
(750.527 0 -135.009)
(749.861 0 -134.682)
(749.16 0 -134.437)
(748.489 0 -134.015)
(747.749 0 -133.809)
(747.028 0 -133.444)
(746.302 0 -133.214)
(745.124 0 -132.653)
(747.235 0 -132.224)
(826.5 0 -0.000360697)
(826.499 0 -0.00226774)
(826.487 0 -0.0299865)
(826.366 0 -0.485093)
(821.025 0 -19.4474)
(796.09 0 -95.8181)
(770.531 0 -151.721)
(772.92 0 -142.448)
(774.646 0 -144.038)
(775.079 0 -146.091)
(774.978 0 -143.659)
(774.512 0 -142.345)
(774.519 0 -141.377)
(774.635 0 -140.95)
(774.723 0 -141.058)
(774.967 0 -141.591)
(775.009 0 -141.853)
(775.02 0 -141.657)
(775.058 0 -140.827)
(775.21 0 -140.263)
(775.388 0 -140.428)
(775.44 0 -140.76)
(775.428 0 -141.073)
(775.373 0 -141.458)
(775.317 0 -141.545)
(775.216 0 -141.363)
(774.963 0 -140.864)
(774.852 0 -140.707)
(774.682 0 -140.499)
(774.607 0 -140.558)
(774.637 0 -140.644)
(774.675 0 -140.788)
(774.717 0 -140.881)
(774.753 0 -140.955)
(774.789 0 -140.958)
(774.806 0 -141.044)
(774.754 0 -141.221)
(774.686 0 -141.255)
(774.498 0 -141.304)
(774.198 0 -141.253)
(773.878 0 -141.119)
(773.652 0 -140.859)
(773.498 0 -140.559)
(773.423 0 -140.252)
(773.439 0 -140.04)
(773.52 0 -140.01)
(773.608 0 -140.135)
(773.658 0 -140.322)
(773.639 0 -140.492)
(773.53 0 -140.619)
(773.305 0 -140.644)
(773.034 0 -140.567)
(772.735 0 -140.485)
(772.41 0 -140.411)
(772.06 0 -140.273)
(771.689 0 -140.033)
(771.323 0 -139.741)
(770.974 0 -139.478)
(770.635 0 -139.237)
(770.295 0 -139.042)
(769.942 0 -138.885)
(769.562 0 -138.784)
(769.157 0 -138.725)
(768.74 0 -138.687)
(768.311 0 -138.666)
(767.867 0 -138.622)
(767.403 0 -138.507)
(766.91 0 -138.382)
(766.388 0 -138.279)
(765.837 0 -138.222)
(765.257 0 -138.157)
(764.641 0 -138.085)
(763.995 0 -137.952)
(763.32 0 -137.802)
(762.616 0 -137.675)
(761.89 0 -137.579)
(761.164 0 -137.452)
(760.435 0 -137.32)
(759.7 0 -137.215)
(758.964 0 -137.124)
(758.24 0 -136.969)
(757.502 0 -136.798)
(756.747 0 -136.551)
(755.953 0 -136.293)
(755.128 0 -135.991)
(754.256 0 -135.74)
(753.352 0 -135.489)
(752.412 0 -135.29)
(751.452 0 -135.096)
(750.462 0 -134.967)
(749.47 0 -134.812)
(748.472 0 -134.696)
(747.5 0 -134.539)
(746.544 0 -134.396)
(745.626 0 -134.206)
(744.724 0 -134.052)
(743.864 0 -133.833)
(743.017 0 -133.659)
(742.209 0 -133.413)
(741.394 0 -133.249)
(740.621 0 -132.968)
(739.846 0 -132.735)
(739.112 0 -132.375)
(738.336 0 -132.161)
(737.595 0 -131.76)
(736.797 0 -131.521)
(736.016 0 -131.113)
(735.212 0 -130.916)
(733.937 0 -130.369)
(736.256 0 -130.762)
(826.5 0 -0.000942198)
(826.496 0 -0.00871653)
(826.463 0 -0.118993)
(825.152 0 -4.9359)
(804.667 0 -68.5104)
(781.571 0 -129.067)
(774.439 0 -148.589)
(772.296 0 -143.789)
(774.689 0 -142.545)
(775.149 0 -142.952)
(775.45 0 -143.181)
(774.972 0 -142.604)
(774.778 0 -141.865)
(774.818 0 -141.418)
(774.845 0 -141.43)
(774.897 0 -141.759)
(774.834 0 -141.964)
(774.895 0 -141.642)
(775.052 0 -140.832)
(775.154 0 -140.364)
(775.297 0 -140.307)
(775.35 0 -140.863)
(775.386 0 -141.099)
(775.428 0 -141.259)
(775.372 0 -141.298)
(775.226 0 -141.303)
(774.729 0 -141.057)
(774.59 0 -140.993)
(774.389 0 -140.844)
(774.342 0 -140.654)
(774.365 0 -140.64)
(774.423 0 -140.632)
(774.476 0 -140.703)
(774.49 0 -140.822)
(774.446 0 -140.986)
(774.381 0 -141.229)
(774.25 0 -141.319)
(774.042 0 -141.389)
(773.753 0 -141.351)
(773.378 0 -141.169)
(772.957 0 -140.941)
(772.647 0 -140.581)
(772.43 0 -140.243)
(772.274 0 -140.028)
(772.186 0 -139.948)
(772.162 0 -139.98)
(772.161 0 -140.079)
(772.138 0 -140.167)
(772.041 0 -140.207)
(771.825 0 -140.171)
(771.473 0 -140.023)
(771.017 0 -139.889)
(770.509 0 -139.72)
(769.965 0 -139.496)
(769.375 0 -139.298)
(768.759 0 -139.115)
(768.16 0 -138.911)
(767.587 0 -138.687)
(767.026 0 -138.462)
(766.466 0 -138.229)
(765.876 0 -138.024)
(765.239 0 -137.873)
(764.561 0 -137.746)
(763.846 0 -137.666)
(763.101 0 -137.605)
(762.318 0 -137.548)
(761.498 0 -137.466)
(760.651 0 -137.356)
(759.801 0 -137.183)
(758.948 0 -136.955)
(758.086 0 -136.681)
(757.19 0 -136.432)
(756.258 0 -136.238)
(755.298 0 -136.097)
(754.329 0 -135.946)
(753.353 0 -135.802)
(752.393 0 -135.62)
(751.442 0 -135.44)
(750.508 0 -135.231)
(749.583 0 -135.035)
(748.668 0 -134.817)
(747.738 0 -134.591)
(746.783 0 -134.335)
(745.787 0 -134.093)
(744.767 0 -133.815)
(743.718 0 -133.553)
(742.653 0 -133.295)
(741.564 0 -133.102)
(740.475 0 -132.891)
(739.377 0 -132.701)
(738.292 0 -132.465)
(737.211 0 -132.265)
(736.159 0 -132.045)
(735.127 0 -131.87)
(734.137 0 -131.681)
(733.175 0 -131.54)
(732.267 0 -131.351)
(731.386 0 -131.194)
(730.556 0 -130.954)
(729.733 0 -130.76)
(728.953 0 -130.468)
(728.167 0 -130.254)
(727.415 0 -129.92)
(726.627 0 -129.708)
(725.864 0 -129.333)
(725.039 0 -129.148)
(724.231 0 -128.779)
(723.393 0 -128.604)
(722.087 0 -128.086)
(724.38 0 -129.777)
(826.499 0 -0.00244469)
(826.485 0 -0.0310698)
(826.323 0 -0.672755)
(818.33 0 -32.1473)
(782.524 0 -120.502)
(776.791 0 -139.303)
(774.781 0 -145.66)
(773.869 0 -143.741)
(774.542 0 -141.837)
(775.051 0 -141.531)
(775.33 0 -141.81)
(775.316 0 -142.128)
(775.011 0 -142.108)
(774.836 0 -141.87)
(774.814 0 -141.781)
(774.834 0 -141.811)
(774.871 0 -141.558)
(774.936 0 -141.045)
(775 0 -140.62)
(775.013 0 -140.403)
(775.032 0 -140.334)
(775.207 0 -140.559)
(775.257 0 -140.715)
(775.31 0 -140.858)
(775.2 0 -141.062)
(774.98 0 -141.316)
(774.403 0 -141.248)
(774.086 0 -141.098)
(773.926 0 -140.923)
(773.859 0 -140.673)
(773.829 0 -140.508)
(773.851 0 -140.401)
(773.863 0 -140.461)
(773.817 0 -140.693)
(773.707 0 -140.902)
(773.553 0 -141.02)
(773.279 0 -141.127)
(772.923 0 -141.079)
(772.468 0 -140.978)
(771.93 0 -140.797)
(771.343 0 -140.617)
(770.848 0 -140.334)
(770.487 0 -139.972)
(770.217 0 -139.633)
(769.996 0 -139.408)
(769.804 0 -139.329)
(769.617 0 -139.33)
(769.385 0 -139.381)
(769.054 0 -139.433)
(768.569 0 -139.462)
(767.926 0 -139.41)
(767.174 0 -139.238)
(766.33 0 -139.051)
(765.412 0 -138.905)
(764.468 0 -138.713)
(763.542 0 -138.413)
(762.655 0 -138.03)
(761.792 0 -137.623)
(760.933 0 -137.219)
(760.044 0 -136.875)
(759.109 0 -136.597)
(758.116 0 -136.398)
(757.076 0 -136.247)
(756.006 0 -136.1)
(754.91 0 -135.936)
(753.786 0 -135.731)
(752.644 0 -135.458)
(751.492 0 -135.157)
(750.343 0 -134.873)
(749.192 0 -134.645)
(748.043 0 -134.446)
(746.895 0 -134.253)
(745.758 0 -134.019)
(744.631 0 -133.764)
(743.512 0 -133.518)
(742.401 0 -133.296)
(741.322 0 -133.052)
(740.257 0 -132.839)
(739.207 0 -132.668)
(738.176 0 -132.507)
(737.166 0 -132.296)
(736.142 0 -132.073)
(735.098 0 -131.798)
(734.018 0 -131.516)
(732.919 0 -131.194)
(731.798 0 -130.905)
(730.673 0 -130.628)
(729.541 0 -130.406)
(728.416 0 -130.186)
(727.286 0 -130.012)
(726.171 0 -129.815)
(725.065 0 -129.653)
(723.989 0 -129.468)
(722.937 0 -129.317)
(721.936 0 -129.137)
(720.973 0 -128.994)
(720.071 0 -128.804)
(719.205 0 -128.652)
(718.39 0 -128.439)
(717.586 0 -128.281)
(716.825 0 -128.017)
(716.06 0 -127.807)
(715.318 0 -127.492)
(714.539 0 -127.292)
(713.776 0 -126.939)
(712.957 0 -126.748)
(712.141 0 -126.392)
(711.289 0 -126.24)
(709.98 0 -125.761)
(711.961 0 -129.063)
(826.496 0 -0.00736526)
(826.468 0 -0.098338)
(825.075 0 -5.66241)
(804.304 0 -75.1471)
(774.271 0 -143.798)
(773.72 0 -145.533)
(774.115 0 -145.532)
(774.209 0 -143.659)
(774.408 0 -141.697)
(775.038 0 -140.704)
(775.392 0 -140.827)
(775.391 0 -141.253)
(775.105 0 -141.726)
(774.835 0 -141.819)
(774.809 0 -141.535)
(774.839 0 -141.205)
(774.904 0 -140.794)
(774.858 0 -140.576)
(774.766 0 -140.645)
(774.646 0 -140.796)
(774.609 0 -140.858)
(774.688 0 -140.896)
(774.772 0 -140.851)
(774.811 0 -140.842)
(774.69 0 -140.904)
(774.382 0 -141.229)
(773.773 0 -141.283)
(773.295 0 -141.286)
(773.058 0 -140.96)
(772.887 0 -140.662)
(772.773 0 -140.424)
(772.689 0 -140.321)
(772.592 0 -140.375)
(772.453 0 -140.5)
(772.236 0 -140.598)
(771.885 0 -140.781)
(771.406 0 -140.818)
(770.784 0 -140.8)
(770.044 0 -140.783)
(769.251 0 -140.613)
(768.445 0 -140.325)
(767.719 0 -139.857)
(767.107 0 -139.329)
(766.568 0 -138.889)
(766.052 0 -138.603)
(765.527 0 -138.486)
(764.966 0 -138.522)
(764.346 0 -138.589)
(763.617 0 -138.619)
(762.743 0 -138.517)
(761.716 0 -138.291)
(760.549 0 -138.041)
(759.29 0 -137.723)
(757.986 0 -137.305)
(756.674 0 -136.845)
(755.383 0 -136.412)
(754.129 0 -136.008)
(752.904 0 -135.618)
(751.684 0 -135.243)
(750.45 0 -134.864)
(749.188 0 -134.501)
(747.895 0 -134.172)
(746.58 0 -133.868)
(745.246 0 -133.604)
(743.895 0 -133.363)
(742.526 0 -133.13)
(741.151 0 -132.886)
(739.785 0 -132.642)
(738.452 0 -132.385)
(737.156 0 -132.109)
(735.898 0 -131.808)
(734.668 0 -131.517)
(733.46 0 -131.261)
(732.273 0 -131.044)
(731.109 0 -130.842)
(729.972 0 -130.652)
(728.876 0 -130.432)
(727.797 0 -130.245)
(726.741 0 -130.06)
(725.708 0 -129.871)
(724.69 0 -129.652)
(723.654 0 -129.425)
(722.592 0 -129.16)
(721.49 0 -128.891)
(720.368 0 -128.594)
(719.231 0 -128.323)
(718.099 0 -128.069)
(716.969 0 -127.871)
(715.854 0 -127.67)
(714.741 0 -127.498)
(713.646 0 -127.295)
(712.56 0 -127.119)
(711.505 0 -126.921)
(710.474 0 -126.761)
(709.495 0 -126.585)
(708.558 0 -126.449)
(707.682 0 -126.281)
(706.847 0 -126.142)
(706.066 0 -125.945)
(705.297 0 -125.789)
(704.567 0 -125.54)
(703.826 0 -125.345)
(703.096 0 -125.059)
(702.329 0 -124.869)
(701.565 0 -124.551)
(700.748 0 -124.381)
(699.922 0 -124.055)
(699.058 0 -123.918)
(697.752 0 -123.457)
(699.284 0 -128.393)
(826.488 0 -0.0195893)
(826.4 0 -0.413189)
(820.174 0 -28.0726)
(782.16 0 -125.36)
(773.353 0 -146.896)
(773.871 0 -145.466)
(774.019 0 -145.165)
(774.007 0 -144.025)
(774.27 0 -142.537)
(774.91 0 -141.573)
(775.306 0 -140.46)
(775.386 0 -140.128)
(775.169 0 -140.627)
(774.843 0 -140.853)
(774.726 0 -140.678)
(774.673 0 -140.421)
(774.67 0 -140.169)
(774.431 0 -140.641)
(774.279 0 -140.808)
(774.083 0 -141.005)
(773.99 0 -140.75)
(773.972 0 -140.685)
(773.989 0 -140.456)
(773.951 0 -140.296)
(773.716 0 -140.434)
(773.274 0 -140.77)
(772.594 0 -141.027)
(771.963 0 -141.113)
(771.504 0 -140.897)
(771.173 0 -140.447)
(770.907 0 -139.994)
(770.649 0 -139.71)
(770.348 0 -139.639)
(769.96 0 -139.785)
(769.446 0 -140.02)
(768.786 0 -140.163)
(767.936 0 -140.216)
(766.936 0 -140.045)
(765.835 0 -139.702)
(764.685 0 -139.236)
(763.511 0 -138.811)
(762.363 0 -138.39)
(761.291 0 -137.954)
(760.276 0 -137.587)
(759.276 0 -137.334)
(758.262 0 -137.173)
(757.225 0 -136.997)
(756.131 0 -136.784)
(754.941 0 -136.49)
(753.609 0 -136.163)
(752.142 0 -135.797)
(750.575 0 -135.38)
(748.932 0 -134.978)
(747.25 0 -134.647)
(745.592 0 -134.333)
(744.006 0 -133.968)
(742.5 0 -133.544)
(741.052 0 -133.081)
(739.632 0 -132.598)
(738.211 0 -132.141)
(736.778 0 -131.735)
(735.33 0 -131.403)
(733.877 0 -131.127)
(732.426 0 -130.877)
(730.977 0 -130.63)
(729.526 0 -130.374)
(728.083 0 -130.088)
(726.667 0 -129.791)
(725.293 0 -129.501)
(723.965 0 -129.242)
(722.686 0 -128.999)
(721.455 0 -128.77)
(720.27 0 -128.535)
(719.124 0 -128.304)
(718.01 0 -128.085)
(716.928 0 -127.883)
(715.884 0 -127.66)
(714.846 0 -127.49)
(713.823 0 -127.335)
(712.822 0 -127.172)
(711.828 0 -126.979)
(710.81 0 -126.779)
(709.761 0 -126.539)
(708.675 0 -126.283)
(707.568 0 -125.995)
(706.452 0 -125.731)
(705.345 0 -125.487)
(704.245 0 -125.29)
(703.161 0 -125.097)
(702.078 0 -124.933)
(701.011 0 -124.743)
(699.953 0 -124.577)
(698.921 0 -124.396)
(697.915 0 -124.248)
(696.961 0 -124.082)
(696.052 0 -123.954)
(695.203 0 -123.801)
(694.398 0 -123.673)
(693.643 0 -123.499)
(692.9 0 -123.359)
(692.191 0 -123.13)
(691.466 0 -122.945)
(690.74 0 -122.681)
(689.977 0 -122.496)
(689.207 0 -122.202)
(688.388 0 -122.034)
(687.545 0 -121.732)
(686.668 0 -121.599)
(685.349 0 -121.145)
(686.696 0 -127.523)
(826.472 0 -0.0557821)
(825.773 0 -2.87811)
(803.416 0 -79.0115)
(775.197 0 -147.528)
(773.528 0 -144.921)
(774.055 0 -144.438)
(773.953 0 -144.635)
(773.843 0 -143.669)
(774.014 0 -142.152)
(774.691 0 -141.041)
(775.049 0 -140.152)
(775.098 0 -139.671)
(774.897 0 -139.93)
(774.502 0 -140.309)
(774.208 0 -140.465)
(774.026 0 -140.391)
(773.923 0 -140.329)
(773.737 0 -140.53)
(773.425 0 -140.799)
(773.141 0 -140.93)
(772.873 0 -140.916)
(772.708 0 -140.601)
(772.572 0 -140.129)
(772.319 0 -139.974)
(771.866 0 -140.199)
(771.188 0 -140.642)
(770.388 0 -140.795)
(769.574 0 -140.638)
(768.838 0 -140.178)
(768.163 0 -139.705)
(767.522 0 -139.314)
(766.87 0 -139.054)
(766.153 0 -138.99)
(765.336 0 -139)
(764.371 0 -138.978)
(763.19 0 -138.93)
(761.788 0 -138.751)
(760.202 0 -138.476)
(758.492 0 -138.215)
(756.754 0 -137.88)
(755.051 0 -137.457)
(753.42 0 -136.865)
(751.872 0 -136.172)
(750.386 0 -135.51)
(748.922 0 -134.972)
(747.447 0 -134.58)
(745.932 0 -134.331)
(744.366 0 -134.136)
(742.725 0 -133.944)
(741.015 0 -133.651)
(739.244 0 -133.278)
(737.427 0 -132.885)
(735.601 0 -132.456)
(733.808 0 -131.976)
(732.083 0 -131.473)
(730.441 0 -130.982)
(728.881 0 -130.505)
(727.383 0 -130.041)
(725.916 0 -129.604)
(724.459 0 -129.194)
(723.002 0 -128.822)
(721.544 0 -128.498)
(720.089 0 -128.209)
(718.637 0 -127.948)
(717.19 0 -127.699)
(715.742 0 -127.451)
(714.305 0 -127.188)
(712.9 0 -126.93)
(711.549 0 -126.68)
(710.257 0 -126.442)
(709.029 0 -126.202)
(707.86 0 -125.971)
(706.743 0 -125.749)
(705.669 0 -125.545)
(704.63 0 -125.359)
(703.622 0 -125.185)
(702.646 0 -124.993)
(701.66 0 -124.856)
(700.687 0 -124.715)
(699.733 0 -124.555)
(698.776 0 -124.372)
(697.789 0 -124.184)
(696.764 0 -123.956)
(695.701 0 -123.716)
(694.616 0 -123.447)
(693.524 0 -123.2)
(692.44 0 -122.973)
(691.366 0 -122.788)
(690.306 0 -122.607)
(689.248 0 -122.447)
(688.204 0 -122.262)
(687.168 0 -122.097)
(686.156 0 -121.92)
(685.171 0 -121.77)
(684.235 0 -121.609)
(683.343 0 -121.485)
(682.51 0 -121.343)
(681.721 0 -121.221)
(680.978 0 -121.062)
(680.247 0 -120.927)
(679.543 0 -120.713)
(678.82 0 -120.535)
(678.085 0 -120.292)
(677.316 0 -120.108)
(676.53 0 -119.838)
(675.701 0 -119.671)
(674.831 0 -119.394)
(673.942 0 -119.262)
(672.594 0 -118.751)
(674.333 0 -126.164)
(826.478 0 -0.105884)
(822.3 0 -17.7106)
(783.606 0 -126.491)
(774.689 0 -142.504)
(773.647 0 -143.131)
(773.983 0 -142.587)
(774.032 0 -142.043)
(773.876 0 -141.395)
(773.849 0 -140.68)
(774.205 0 -140.377)
(774.423 0 -140.116)
(774.329 0 -140.199)
(774.017 0 -140.634)
(773.573 0 -141.145)
(773.177 0 -141.062)
(772.91 0 -140.568)
(772.725 0 -140.138)
(772.461 0 -140.198)
(771.964 0 -140.607)
(771.46 0 -140.919)
(771.016 0 -140.666)
(770.592 0 -140.12)
(770.104 0 -139.625)
(769.472 0 -139.441)
(768.657 0 -139.531)
(767.638 0 -139.778)
(766.466 0 -139.936)
(765.189 0 -139.884)
(763.907 0 -139.472)
(762.676 0 -138.801)
(761.457 0 -138.159)
(760.19 0 -137.723)
(758.85 0 -137.405)
(757.368 0 -137.214)
(755.7 0 -137.03)
(753.793 0 -136.873)
(751.672 0 -136.641)
(749.439 0 -136.232)
(747.176 0 -135.729)
(744.962 0 -135.108)
(742.829 0 -134.468)
(740.788 0 -133.823)
(738.853 0 -133.162)
(737.011 0 -132.564)
(735.225 0 -132.088)
(733.461 0 -131.728)
(731.706 0 -131.397)
(729.941 0 -131.052)
(728.152 0 -130.654)
(726.332 0 -130.231)
(724.499 0 -129.791)
(722.665 0 -129.344)
(720.847 0 -128.918)
(719.074 0 -128.53)
(717.379 0 -128.166)
(715.78 0 -127.797)
(714.272 0 -127.411)
(712.829 0 -127.011)
(711.422 0 -126.607)
(710.023 0 -126.22)
(708.619 0 -125.869)
(707.205 0 -125.571)
(705.785 0 -125.312)
(704.362 0 -125.077)
(702.943 0 -124.847)
(701.529 0 -124.612)
(700.137 0 -124.359)
(698.787 0 -124.108)
(697.498 0 -123.868)
(696.272 0 -123.65)
(695.111 0 -123.441)
(694.011 0 -123.243)
(692.967 0 -123.046)
(691.967 0 -122.857)
(691 0 -122.683)
(690.062 0 -122.52)
(689.144 0 -122.341)
(688.203 0 -122.221)
(687.27 0 -122.097)
(686.351 0 -121.953)
(685.423 0 -121.785)
(684.459 0 -121.61)
(683.453 0 -121.4)
(682.405 0 -121.176)
(681.336 0 -120.921)
(680.257 0 -120.682)
(679.185 0 -120.463)
(678.123 0 -120.28)
(677.071 0 -120.101)
(676.023 0 -119.94)
(674.988 0 -119.756)
(673.963 0 -119.592)
(672.959 0 -119.42)
(671.983 0 -119.269)
(671.053 0 -119.112)
(670.166 0 -118.987)
(669.334 0 -118.851)
(668.548 0 -118.73)
(667.8 0 -118.583)
(667.067 0 -118.45)
(666.352 0 -118.247)
(665.616 0 -118.072)
(664.861 0 -117.844)
(664.077 0 -117.658)
(663.266 0 -117.407)
(662.422 0 -117.236)
(661.518 0 -116.979)
(660.618 0 -116.844)
(659.234 0 -116.303)
(661.965 0 -124.003)
(826.404 0 -0.477879)
(812.073 0 -57.8182)
(779.897 0 -130.319)
(773.519 0 -142.614)
(773.328 0 -142.503)
(773.593 0 -140.4)
(773.351 0 -140.819)
(773.236 0 -140.392)
(773.082 0 -140.238)
(773.141 0 -140.485)
(773.285 0 -140.459)
(773.118 0 -140.516)
(772.708 0 -140.818)
(772.22 0 -140.877)
(771.703 0 -140.387)
(771.215 0 -139.701)
(770.715 0 -139.534)
(770.106 0 -139.996)
(769.385 0 -140.262)
(768.61 0 -140.103)
(767.743 0 -139.716)
(766.794 0 -139.11)
(765.713 0 -138.514)
(764.424 0 -138.272)
(762.929 0 -138.338)
(761.262 0 -138.39)
(759.43 0 -138.29)
(757.453 0 -137.928)
(755.401 0 -137.299)
(753.338 0 -136.594)
(751.291 0 -135.904)
(749.251 0 -135.272)
(747.156 0 -134.851)
(744.964 0 -134.534)
(742.624 0 -134.266)
(740.13 0 -133.88)
(737.512 0 -133.357)
(734.865 0 -132.763)
(732.268 0 -132.186)
(729.785 0 -131.598)
(727.447 0 -131.008)
(725.267 0 -130.375)
(723.241 0 -129.713)
(721.34 0 -129.098)
(719.516 0 -128.594)
(717.722 0 -128.194)
(715.933 0 -127.865)
(714.135 0 -127.557)
(712.324 0 -127.251)
(710.517 0 -126.91)
(708.731 0 -126.551)
(706.967 0 -126.194)
(705.237 0 -125.829)
(703.57 0 -125.453)
(701.99 0 -125.076)
(700.504 0 -124.705)
(699.098 0 -124.336)
(697.747 0 -123.97)
(696.417 0 -123.619)
(695.085 0 -123.284)
(693.74 0 -122.974)
(692.377 0 -122.701)
(690.998 0 -122.453)
(689.611 0 -122.22)
(688.228 0 -121.994)
(686.855 0 -121.764)
(685.513 0 -121.526)
(684.222 0 -121.296)
(682.997 0 -121.081)
(681.838 0 -120.884)
(680.745 0 -120.693)
(679.711 0 -120.508)
(678.731 0 -120.326)
(677.79 0 -120.152)
(676.876 0 -119.993)
(675.988 0 -119.84)
(675.109 0 -119.679)
(674.199 0 -119.571)
(673.293 0 -119.45)
(672.396 0 -119.314)
(671.487 0 -119.156)
(670.538 0 -118.986)
(669.542 0 -118.784)
(668.499 0 -118.569)
(667.427 0 -118.323)
(666.344 0 -118.09)
(665.263 0 -117.876)
(664.192 0 -117.69)
(663.13 0 -117.511)
(662.075 0 -117.345)
(661.036 0 -117.158)
(660.007 0 -116.993)
(659.001 0 -116.821)
(658.023 0 -116.665)
(657.087 0 -116.508)
(656.194 0 -116.381)
(655.353 0 -116.245)
(654.558 0 -116.123)
(653.795 0 -115.98)
(653.047 0 -115.844)
(652.311 0 -115.649)
(651.552 0 -115.476)
(650.766 0 -115.259)
(649.958 0 -115.072)
(649.115 0 -114.835)
(648.247 0 -114.661)
(647.304 0 -114.418)
(646.391 0 -114.27)
(645.023 0 -113.776)
(649.09 0 -121.294)
(825.869 0 -2.7034)
(801.978 0 -88.2727)
(776.114 0 -136.77)
(771.713 0 -143.898)
(772.183 0 -142.206)
(772.082 0 -141.056)
(771.54 0 -142.742)
(771.487 0 -142.158)
(771.316 0 -142.12)
(771.123 0 -143.202)
(771.216 0 -142.352)
(771.163 0 -140.647)
(770.732 0 -139.771)
(769.974 0 -139.748)
(769.016 0 -139.764)
(768.025 0 -139.559)
(767.051 0 -139.341)
(765.985 0 -139.194)
(764.734 0 -139.102)
(763.218 0 -139.166)
(761.532 0 -138.828)
(759.695 0 -138.052)
(757.645 0 -137.273)
(755.373 0 -136.711)
(752.927 0 -136.332)
(750.306 0 -136.17)
(747.547 0 -135.913)
(744.694 0 -135.384)
(741.837 0 -134.561)
(739.048 0 -133.573)
(736.335 0 -132.664)
(733.695 0 -131.965)
(731.127 0 -131.371)
(728.561 0 -130.878)
(725.941 0 -130.378)
(723.203 0 -129.942)
(720.395 0 -129.488)
(717.633 0 -128.958)
(714.994 0 -128.433)
(712.528 0 -127.865)
(710.245 0 -127.287)
(708.137 0 -126.706)
(706.194 0 -126.118)
(704.377 0 -125.577)
(702.63 0 -125.142)
(700.899 0 -124.805)
(699.163 0 -124.508)
(697.418 0 -124.209)
(695.673 0 -123.889)
(693.948 0 -123.552)
(692.257 0 -123.207)
(690.601 0 -122.864)
(688.981 0 -122.521)
(687.421 0 -122.189)
(685.945 0 -121.871)
(684.555 0 -121.56)
(683.239 0 -121.246)
(681.966 0 -120.93)
(680.702 0 -120.617)
(679.423 0 -120.311)
(678.122 0 -120.023)
(676.793 0 -119.765)
(675.441 0 -119.527)
(674.08 0 -119.302)
(672.725 0 -119.083)
(671.389 0 -118.862)
(670.093 0 -118.636)
(668.856 0 -118.418)
(667.692 0 -118.217)
(666.594 0 -118.034)
(665.56 0 -117.859)
(664.581 0 -117.689)
(663.65 0 -117.52)
(662.754 0 -117.355)
(661.881 0 -117.203)
(661.029 0 -117.052)
(660.178 0 -116.898)
(659.287 0 -116.805)
(658.404 0 -116.674)
(657.523 0 -116.541)
(656.624 0 -116.392)
(655.68 0 -116.228)
(654.678 0 -116.032)
(653.619 0 -115.819)
(652.523 0 -115.577)
(651.409 0 -115.345)
(650.297 0 -115.129)
(649.197 0 -114.936)
(648.106 0 -114.752)
(647.027 0 -114.578)
(645.97 0 -114.387)
(644.926 0 -114.218)
(643.906 0 -114.045)
(642.917 0 -113.883)
(641.966 0 -113.722)
(641.058 0 -113.591)
(640.199 0 -113.454)
(639.385 0 -113.33)
(638.599 0 -113.188)
(637.827 0 -113.047)
(637.06 0 -112.856)
(636.268 0 -112.684)
(635.445 0 -112.475)
(634.604 0 -112.286)
(633.721 0 -112.06)
(632.822 0 -111.881)
(631.838 0 -111.646)
(630.904 0 -111.483)
(629.593 0 -111.034)
(635.368 0 -118.389)
(823.254 0 -15.2941)
(783.035 0 -124.722)
(771.849 0 -143.593)
(770.014 0 -143.158)
(770.185 0 -143.209)
(769.832 0 -145.623)
(768.987 0 -146.978)
(768.97 0 -145.255)
(768.888 0 -143.503)
(768.635 0 -142.545)
(768.299 0 -141.619)
(767.686 0 -140.667)
(766.723 0 -140.346)
(765.486 0 -140.103)
(764.022 0 -139.351)
(762.37 0 -138.355)
(760.509 0 -137.687)
(758.383 0 -137.472)
(755.971 0 -137.629)
(753.362 0 -137.199)
(750.533 0 -136.243)
(747.488 0 -135.047)
(744.229 0 -133.981)
(740.797 0 -133.306)
(737.302 0 -132.898)
(733.833 0 -132.427)
(730.369 0 -131.891)
(726.949 0 -131.205)
(723.648 0 -130.338)
(720.498 0 -129.413)
(717.514 0 -128.534)
(714.712 0 -127.762)
(712.052 0 -127.183)
(709.461 0 -126.735)
(706.843 0 -126.364)
(704.158 0 -125.947)
(701.434 0 -125.456)
(698.769 0 -124.933)
(696.249 0 -124.437)
(693.917 0 -123.928)
(691.775 0 -123.424)
(689.808 0 -122.929)
(687.995 0 -122.435)
(686.294 0 -121.98)
(684.645 0 -121.601)
(682.997 0 -121.286)
(681.329 0 -120.998)
(679.648 0 -120.711)
(677.972 0 -120.421)
(676.327 0 -120.121)
(674.725 0 -119.82)
(673.158 0 -119.522)
(671.63 0 -119.219)
(670.164 0 -118.915)
(668.78 0 -118.616)
(667.479 0 -118.325)
(666.241 0 -118.036)
(665.032 0 -117.749)
(663.816 0 -117.467)
(662.569 0 -117.189)
(661.289 0 -116.921)
(659.974 0 -116.672)
(658.634 0 -116.436)
(657.288 0 -116.209)
(655.958 0 -115.99)
(654.656 0 -115.772)
(653.401 0 -115.555)
(652.211 0 -115.349)
(651.097 0 -115.161)
(650.05 0 -114.99)
(649.062 0 -114.826)
(648.124 0 -114.665)
(647.229 0 -114.504)
(646.364 0 -114.346)
(645.517 0 -114.198)
(644.691 0 -114.051)
(643.859 0 -113.9)
(642.977 0 -113.826)
(642.113 0 -113.697)
(641.246 0 -113.557)
(640.354 0 -113.405)
(639.398 0 -113.245)
(638.366 0 -113.05)
(637.262 0 -112.83)
(636.111 0 -112.584)
(634.94 0 -112.349)
(633.773 0 -112.125)
(632.623 0 -111.924)
(631.487 0 -111.733)
(630.372 0 -111.549)
(629.284 0 -111.352)
(628.216 0 -111.179)
(627.174 0 -111.002)
(626.164 0 -110.833)
(625.192 0 -110.666)
(624.261 0 -110.528)
(623.376 0 -110.39)
(622.536 0 -110.26)
(621.718 0 -110.117)
(620.915 0 -109.969)
(620.109 0 -109.78)
(619.278 0 -109.605)
(618.41 0 -109.402)
(617.53 0 -109.209)
(616.602 0 -108.991)
(615.666 0 -108.807)
(614.637 0 -108.579)
(613.675 0 -108.401)
(612.436 0 -107.977)
(620.538 0 -115.195)
(819.464 0 -38.0522)
(778.038 0 -126.793)
(768.795 0 -144.941)
(767.445 0 -146.61)
(767.061 0 -147.449)
(766.443 0 -147.53)
(766.075 0 -145.431)
(766.131 0 -142.47)
(765.719 0 -140.457)
(764.627 0 -139.922)
(763.332 0 -139.102)
(761.729 0 -138.179)
(759.825 0 -137.591)
(757.598 0 -136.888)
(754.892 0 -136.148)
(751.753 0 -135.535)
(748.283 0 -135.101)
(744.613 0 -134.691)
(740.852 0 -133.837)
(736.879 0 -133.016)
(732.747 0 -132.104)
(728.563 0 -130.993)
(724.35 0 -129.915)
(720.199 0 -128.996)
(716.208 0 -128.219)
(712.38 0 -127.63)
(708.711 0 -127.06)
(705.223 0 -126.375)
(701.939 0 -125.563)
(698.85 0 -124.697)
(695.94 0 -123.913)
(693.231 0 -123.288)
(690.707 0 -122.788)
(688.273 0 -122.385)
(685.82 0 -121.995)
(683.279 0 -121.616)
(680.684 0 -121.205)
(678.149 0 -120.757)
(675.769 0 -120.331)
(673.587 0 -119.894)
(671.597 0 -119.457)
(669.772 0 -119.03)
(668.085 0 -118.604)
(666.487 0 -118.201)
(664.92 0 -117.858)
(663.337 0 -117.568)
(661.726 0 -117.296)
(660.105 0 -117.025)
(658.498 0 -116.748)
(656.929 0 -116.466)
(655.404 0 -116.185)
(653.912 0 -115.903)
(652.457 0 -115.618)
(651.063 0 -115.337)
(649.751 0 -115.067)
(648.518 0 -114.807)
(647.339 0 -114.55)
(646.176 0 -114.293)
(644.988 0 -114.036)
(643.753 0 -113.776)
(642.472 0 -113.52)
(641.153 0 -113.275)
(639.81 0 -113.039)
(638.471 0 -112.812)
(637.161 0 -112.594)
(635.889 0 -112.382)
(634.671 0 -112.173)
(633.521 0 -111.977)
(632.446 0 -111.799)
(631.434 0 -111.636)
(630.475 0 -111.479)
(629.559 0 -111.325)
(628.682 0 -111.17)
(627.831 0 -111.015)
(626.997 0 -110.87)
(626.185 0 -110.724)
(625.364 0 -110.578)
(624.496 0 -110.501)
(623.638 0 -110.394)
(622.784 0 -110.238)
(621.882 0 -110.081)
(620.892 0 -109.911)
(619.79 0 -109.714)
(618.605 0 -109.484)
(617.369 0 -109.227)
(616.116 0 -108.983)
(614.876 0 -108.748)
(613.661 0 -108.534)
(612.468 0 -108.334)
(611.306 0 -108.14)
(610.183 0 -107.935)
(609.083 0 -107.755)
(608.011 0 -107.573)
(606.975 0 -107.396)
(605.975 0 -107.224)
(605.015 0 -107.078)
(604.1 0 -106.933)
(603.228 0 -106.794)
(602.372 0 -106.648)
(601.53 0 -106.494)
(600.678 0 -106.306)
(599.803 0 -106.128)
(598.886 0 -105.927)
(597.962 0 -105.731)
(596.984 0 -105.514)
(596.007 0 -105.327)
(594.93 0 -105.106)
(593.941 0 -104.915)
(592.747 0 -104.491)
(604.2 0 -111.63)
(804.788 0 -82.8239)
(771.927 0 -135.998)
(766.972 0 -144.669)
(763.756 0 -147.76)
(762.738 0 -147.637)
(762.359 0 -144.019)
(761.296 0 -141.552)
(760.197 0 -140.629)
(758.391 0 -141.423)
(755.874 0 -141.186)
(752.819 0 -139.352)
(749.451 0 -136.831)
(745.801 0 -135.355)
(741.69 0 -134.792)
(737.135 0 -133.873)
(732.295 0 -132.564)
(727.249 0 -131.252)
(722.194 0 -130.076)
(717.163 0 -129.31)
(712.287 0 -128.339)
(707.582 0 -127.072)
(703.038 0 -125.702)
(698.6 0 -124.502)
(694.33 0 -123.629)
(690.332 0 -123.001)
(686.619 0 -122.443)
(683.141 0 -121.904)
(679.888 0 -121.305)
(676.845 0 -120.614)
(673.972 0 -119.896)
(671.259 0 -119.226)
(668.742 0 -118.654)
(666.403 0 -118.205)
(664.141 0 -117.842)
(661.833 0 -117.513)
(659.424 0 -117.153)
(656.956 0 -116.743)
(654.549 0 -116.314)
(652.308 0 -115.913)
(650.273 0 -115.509)
(648.426 0 -115.116)
(646.727 0 -114.741)
(645.138 0 -114.373)
(643.611 0 -114.021)
(642.095 0 -113.705)
(640.556 0 -113.42)
(638.994 0 -113.147)
(637.428 0 -112.877)
(635.884 0 -112.611)
(634.376 0 -112.347)
(632.908 0 -112.084)
(631.466 0 -111.82)
(630.058 0 -111.552)
(628.715 0 -111.287)
(627.458 0 -111.032)
(626.281 0 -110.789)
(625.149 0 -110.55)
(624.015 0 -110.312)
(622.834 0 -110.071)
(621.586 0 -109.823)
(620.281 0 -109.572)
(618.937 0 -109.325)
(617.576 0 -109.084)
(616.237 0 -108.854)
(614.943 0 -108.635)
(613.7 0 -108.425)
(612.514 0 -108.223)
(611.393 0 -108.034)
(610.339 0 -107.862)
(609.34 0 -107.703)
(608.384 0 -107.548)
(607.464 0 -107.394)
(606.578 0 -107.24)
(605.719 0 -107.085)
(604.878 0 -106.94)
(604.063 0 -106.791)
(603.243 0 -106.654)
(602.387 0 -106.561)
(601.522 0 -106.463)
(600.651 0 -106.304)
(599.701 0 -106.154)
(598.633 0 -105.958)
(597.428 0 -105.732)
(596.126 0 -105.489)
(594.783 0 -105.222)
(593.435 0 -104.966)
(592.111 0 -104.723)
(590.828 0 -104.494)
(589.578 0 -104.282)
(588.366 0 -104.079)
(587.205 0 -103.868)
(586.072 0 -103.684)
(584.968 0 -103.494)
(583.9 0 -103.309)
(582.87 0 -103.133)
(581.876 0 -102.981)
(580.927 0 -102.825)
(580.02 0 -102.677)
(579.119 0 -102.526)
(578.234 0 -102.365)
(577.336 0 -102.175)
(576.413 0 -101.999)
(575.448 0 -101.798)
(574.478 0 -101.6)
(573.453 0 -101.382)
(572.431 0 -101.193)
(571.305 0 -100.978)
(570.292 0 -100.777)
(569.129 0 -100.363)
(585.681 0 -107.657)
(795.564 0 -90.6391)
(764.592 0 -143.702)
(761.713 0 -146.36)
(757.652 0 -145.848)
(755.952 0 -142.731)
(753.691 0 -142.985)
(750.554 0 -143.097)
(747.589 0 -140.517)
(743.836 0 -136.463)
(738.618 0 -133.756)
(732.289 0 -132.154)
(725.815 0 -130.752)
(719.69 0 -129.447)
(713.649 0 -127.631)
(707.479 0 -125.698)
(701.376 0 -124.207)
(695.354 0 -123.16)
(689.637 0 -122.346)
(684.361 0 -121.353)
(679.468 0 -120.37)
(674.887 0 -119.441)
(670.548 0 -118.524)
(666.352 0 -117.688)
(662.353 0 -116.99)
(658.662 0 -116.399)
(655.26 0 -115.918)
(652.1 0 -115.475)
(649.158 0 -114.993)
(646.398 0 -114.45)
(643.766 0 -113.875)
(641.252 0 -113.335)
(638.902 0 -112.882)
(636.713 0 -112.51)
(634.577 0 -112.191)
(632.372 0 -111.869)
(630.049 0 -111.528)
(627.665 0 -111.154)
(625.358 0 -110.768)
(623.236 0 -110.412)
(621.329 0 -110.067)
(619.602 0 -109.737)
(617.994 0 -109.421)
(616.456 0 -109.107)
(614.943 0 -108.796)
(613.425 0 -108.505)
(611.89 0 -108.236)
(610.351 0 -107.979)
(608.825 0 -107.729)
(607.326 0 -107.483)
(605.856 0 -107.238)
(604.412 0 -106.991)
(602.984 0 -106.741)
(601.59 0 -106.488)
(600.268 0 -106.243)
(599.042 0 -106.013)
(597.897 0 -105.795)
(596.787 0 -105.582)
(595.654 0 -105.366)
(594.445 0 -105.139)
(593.145 0 -104.899)
(591.776 0 -104.651)
(590.372 0 -104.403)
(588.969 0 -104.161)
(587.615 0 -103.932)
(586.329 0 -103.718)
(585.106 0 -103.516)
(583.94 0 -103.321)
(582.829 0 -103.139)
(581.768 0 -102.97)
(580.743 0 -102.81)
(579.745 0 -102.652)
(578.776 0 -102.494)
(577.836 0 -102.336)
(576.928 0 -102.179)
(576.043 0 -102.032)
(575.189 0 -101.88)
(574.354 0 -101.75)
(573.474 0 -101.646)
(572.565 0 -101.514)
(571.592 0 -101.382)
(570.547 0 -101.206)
(569.321 0 -101.001)
(567.988 0 -100.729)
(566.57 0 -100.461)
(565.134 0 -100.181)
(563.707 0 -99.9177)
(562.321 0 -99.6667)
(560.985 0 -99.4308)
(559.695 0 -99.2013)
(558.447 0 -98.9882)
(557.264 0 -98.7783)
(556.106 0 -98.5871)
(554.979 0 -98.3865)
(553.884 0 -98.1987)
(552.826 0 -98.0192)
(551.807 0 -97.8537)
(550.826 0 -97.6907)
(549.885 0 -97.5342)
(548.948 0 -97.3728)
(548.023 0 -97.2055)
(547.09 0 -97.0164)
(546.128 0 -96.8412)
(545.131 0 -96.6317)
(544.12 0 -96.4382)
(543.058 0 -96.2225)
(542.004 0 -96.0297)
(540.846 0 -95.8158)
(539.799 0 -95.6096)
(538.692 0 -95.2241)
(563.421 0 -102.642)
(784.157 0 -117.166)
(757.162 0 -135.48)
(751.232 0 -139.941)
(744.843 0 -140.694)
(740.125 0 -141.512)
(733.808 0 -139.317)
(725.056 0 -135.311)
(717.093 0 -130.2)
(708.192 0 -128.362)
(698.485 0 -127.253)
(688.736 0 -125.031)
(679.885 0 -122.329)
(672.192 0 -120.354)
(665.101 0 -119.171)
(658.677 0 -117.944)
(652.817 0 -116.715)
(647.207 0 -115.558)
(642.008 0 -114.499)
(637.31 0 -113.692)
(633.117 0 -112.928)
(629.306 0 -112.111)
(625.672 0 -111.269)
(622.04 0 -110.497)
(618.475 0 -109.866)
(615.157 0 -109.357)
(612.127 0 -108.904)
(609.339 0 -108.473)
(606.755 0 -108.021)
(604.31 0 -107.532)
(601.926 0 -107.026)
(599.598 0 -106.54)
(597.389 0 -106.104)
(595.3 0 -105.729)
(593.23 0 -105.39)
(591.067 0 -105.052)
(588.79 0 -104.685)
(586.473 0 -104.292)
(584.268 0 -103.907)
(582.272 0 -103.556)
(580.491 0 -103.226)
(578.863 0 -102.914)
(577.291 0 -102.614)
(575.707 0 -102.312)
(574.092 0 -101.998)
(572.472 0 -101.689)
(570.877 0 -101.396)
(569.331 0 -101.12)
(567.831 0 -100.858)
(566.356 0 -100.607)
(564.888 0 -100.356)
(563.422 0 -100.101)
(561.961 0 -99.8409)
(560.542 0 -99.5819)
(559.208 0 -99.334)
(557.98 0 -99.1025)
(556.833 0 -98.8844)
(555.705 0 -98.67)
(554.524 0 -98.449)
(553.229 0 -98.2129)
(551.815 0 -97.9587)
(550.326 0 -97.6932)
(548.816 0 -97.4264)
(547.344 0 -97.1691)
(545.963 0 -96.9308)
(544.679 0 -96.7116)
(543.47 0 -96.506)
(542.312 0 -96.3107)
(541.192 0 -96.1256)
(540.087 0 -95.9479)
(538.988 0 -95.7737)
(537.893 0 -95.598)
(536.817 0 -95.4227)
(535.764 0 -95.2461)
(534.755 0 -95.0735)
(533.779 0 -94.9114)
(532.838 0 -94.7414)
(531.973 0 -94.6082)
(530.957 0 -94.5169)
(529.883 0 -94.3317)
(528.718 0 -94.1717)
(527.508 0 -93.9233)
(526.118 0 -93.6873)
(524.679 0 -93.428)
(523.224 0 -93.1429)
(521.777 0 -92.8595)
(520.358 0 -92.5958)
(518.988 0 -92.3461)
(517.667 0 -92.1195)
(516.393 0 -91.9028)
(515.165 0 -91.6832)
(514.023 0 -91.4728)
(512.886 0 -91.2879)
(511.771 0 -91.0892)
(510.69 0 -90.8984)
(509.643 0 -90.7263)
(508.633 0 -90.557)
(507.651 0 -90.3939)
(506.712 0 -90.2366)
(505.778 0 -90.0715)
(504.853 0 -89.893)
(503.932 0 -89.7113)
(502.98 0 -89.5392)
(501.985 0 -89.3396)
(500.986 0 -89.1409)
(499.934 0 -88.9457)
(498.89 0 -88.7423)
(497.753 0 -88.5485)
(496.65 0 -88.33)
(495.737 0 -87.9775)
(532.544 0 -97.5189)
(760.526 0 -136.54)
(740.725 0 -149.24)
(727.753 0 -141.343)
(715.462 0 -136.422)
(700.46 0 -129.261)
(680.124 0 -120.637)
(658.913 0 -116.076)
(641.911 0 -113.916)
(627.938 0 -111.203)
(615.204 0 -107.892)
(603.546 0 -105.004)
(593.74 0 -102.992)
(586.306 0 -101.692)
(580.695 0 -100.292)
(576.773 0 -99.2238)
(573.092 0 -98.611)
(569.144 0 -98.2125)
(565.346 0 -97.9189)
(562.082 0 -97.5516)
(559.318 0 -97.2037)
(556.825 0 -96.9053)
(554.261 0 -96.6016)
(551.425 0 -96.2561)
(548.455 0 -95.8962)
(545.649 0 -95.548)
(543.122 0 -95.254)
(540.836 0 -94.9969)
(538.722 0 -94.742)
(536.658 0 -94.4646)
(534.544 0 -94.1526)
(532.397 0 -93.832)
(530.304 0 -93.5367)
(528.287 0 -93.2691)
(526.26 0 -93.0072)
(524.148 0 -92.7235)
(521.964 0 -92.4196)
(519.799 0 -92.1062)
(517.795 0 -91.8101)
(516.01 0 -91.5505)
(514.402 0 -91.3146)
(512.863 0 -91.0863)
(511.257 0 -90.8464)
(509.504 0 -90.5775)
(507.652 0 -90.288)
(505.84 0 -90.0072)
(504.163 0 -89.7555)
(502.635 0 -89.5311)
(501.205 0 -89.3225)
(499.787 0 -89.1134)
(498.339 0 -88.8939)
(496.856 0 -88.6619)
(495.378 0 -88.4247)
(493.959 0 -88.1951)
(492.637 0 -87.9836)
(491.421 0 -87.7922)
(490.272 0 -87.6122)
(489.117 0 -87.4289)
(487.873 0 -87.2268)
(486.486 0 -86.9964)
(484.968 0 -86.7409)
(483.388 0 -86.4734)
(481.828 0 -86.2097)
(480.368 0 -85.9652)
(479.048 0 -85.7479)
(477.846 0 -85.5528)
(476.721 0 -85.3697)
(475.635 0 -85.1914)
(474.557 0 -85.0141)
(473.452 0 -84.8322)
(472.319 0 -84.6456)
(471.164 0 -84.4529)
(470.021 0 -84.2619)
(468.898 0 -84.072)
(467.838 0 -83.8926)
(466.823 0 -83.7235)
(465.839 0 -83.5523)
(465.041 0 -83.4287)
(463.841 0 -83.2508)
(462.54 0 -83.0233)
(461.161 0 -82.8215)
(459.767 0 -82.5501)
(458.422 0 -82.2633)
(457.097 0 -82.067)
(455.779 0 -81.8059)
(454.507 0 -81.5797)
(453.264 0 -81.3351)
(452.083 0 -81.1058)
(450.948 0 -80.8949)
(449.85 0 -80.719)
(448.773 0 -80.5194)
(447.802 0 -80.3371)
(446.814 0 -80.152)
(445.818 0 -79.9709)
(444.873 0 -79.8034)
(443.954 0 -79.6372)
(443.061 0 -79.4757)
(442.2 0 -79.3287)
(441.365 0 -79.1741)
(440.545 0 -79.0213)
(439.736 0 -78.8728)
(438.95 0 -78.7163)
(438.131 0 -78.5524)
(437.255 0 -78.399)
(436.385 0 -78.2199)
(435.477 0 -78.0566)
(434.508 0 -77.8622)
(433.531 0 -77.669)
(432.341 0 -77.4486)
(431.839 0 -77.2749)
(483.602 0 -85.9963)
(730.886 0 -116.421)
(728.395 0 -113.901)
(695.109 0 -110.795)
(640.214 0 -106.052)
(570.025 0 -100.177)
(506.245 0 -98.7055)
(465.773 0 -92.891)
(439.758 0 -83.2361)
(423.18 0 -77.8692)
(411.466 0 -76.2905)
(403.07 0 -75.7289)
(397.521 0 -74.8803)
(395.368 0 -74.2691)
(395.855 0 -74.7601)
(399.503 0 -75.7661)
(402.502 0 -76.3552)
(404.134 0 -76.4819)
(405.228 0 -76.3885)
(406.493 0 -76.4773)
(407.945 0 -76.6434)
(409.215 0 -76.7248)
(409.764 0 -76.6483)
(409.499 0 -76.4362)
(408.757 0 -76.1688)
(407.973 0 -75.9287)
(407.407 0 -75.723)
(407.015 0 -75.5328)
(406.64 0 -75.3403)
(406.066 0 -75.1112)
(405.209 0 -74.8369)
(404.182 0 -74.5368)
(403.121 0 -74.2329)
(402.067 0 -73.9363)
(400.971 0 -73.638)
(399.818 0 -73.3416)
(398.669 0 -73.0498)
(397.594 0 -72.7771)
(396.671 0 -72.5428)
(395.88 0 -72.3346)
(395.106 0 -72.129)
(394.21 0 -71.9029)
(393.053 0 -71.6331)
(391.594 0 -71.3084)
(390.027 0 -70.9519)
(388.648 0 -70.6265)
(387.593 0 -70.3619)
(386.795 0 -70.1523)
(386.079 0 -69.9719)
(385.286 0 -69.7845)
(384.363 0 -69.5811)
(383.347 0 -69.3607)
(382.34 0 -69.1416)
(381.416 0 -68.9381)
(380.592 0 -68.752)
(379.851 0 -68.5792)
(379.134 0 -68.4104)
(378.365 0 -68.2339)
(377.469 0 -68.0386)
(376.418 0 -67.8207)
(375.265 0 -67.5884)
(374.099 0 -67.3555)
(373.023 0 -67.1397)
(372.109 0 -66.9553)
(371.349 0 -66.802)
(370.674 0 -66.6647)
(370.027 0 -66.5345)
(369.366 0 -66.4057)
(368.659 0 -66.2721)
(367.872 0 -66.1265)
(367.03 0 -65.9722)
(366.155 0 -65.8109)
(365.303 0 -65.6543)
(364.478 0 -65.4978)
(363.756 0 -65.3599)
(363.097 0 -65.2356)
(362.44 0 -65.0974)
(362.152 0 -65.0696)
(360.971 0 -64.89)
(359.745 0 -64.6621)
(358.39 0 -64.4287)
(357.169 0 -64.1952)
(356.147 0 -63.9927)
(355.249 0 -63.8341)
(354.339 0 -63.6597)
(353.512 0 -63.5128)
(352.685 0 -63.3612)
(351.922 0 -63.2196)
(351.199 0 -63.0902)
(350.521 0 -62.9799)
(349.787 0 -62.842)
(349.226 0 -62.7385)
(348.563 0 -62.625)
(347.862 0 -62.4975)
(347.233 0 -62.381)
(346.627 0 -62.278)
(346.028 0 -62.1714)
(345.47 0 -62.0763)
(344.926 0 -61.9781)
(344.408 0 -61.88)
(343.891 0 -61.7697)
(343.469 0 -61.6925)
(342.958 0 -61.5938)
(342.411 0 -61.491)
(341.842 0 -61.3716)
(341.284 0 -61.2769)
(340.524 0 -61.1135)
(339.857 0 -61.0239)
(338.59 0 -60.7534)
(338.958 0 -60.6719)
(396.618 0 -75.2659)
(150.484 0 0.317516)
(142.975 0 0.511968)
(106.973 0 1.14812)
(40.5294 0 -1.06433)
(3.6698 0 -0.280317)
(-24.202 0 0.392924)
(-42.4834 0 0.162612)
(-53.1006 0 -0.12612)
(-51.1592 0 -0.955848)
(-69.6051 0 -0.947749)
(-90.7415 0 -0.906618)
(-89.8379 0 -0.702573)
(-71.6773 0 -1.15217)
(-39.8778 0 -1.72306)
(-2.19258 0 -1.42271)
(24.5357 0 -0.982597)
(62.9142 0 -1.55426)
(101.816 0 -1.63624)
(139.222 0 -1.91122)
(174.153 0 -1.18673)
(204.11 0 -0.594595)
(229.922 0 -1.03832)
(253.957 0 -1.01245)
(268.688 0 -0.934558)
(288.178 0 -0.860234)
(308.999 0 -0.48445)
(324.571 0 -0.177821)
(333.635 0 -0.0177771)
(340.681 0 0.0306872)
(350.929 0 0.200001)
(358.048 0 0.349935)
(362.515 0 0.446137)
(366.044 0 0.507005)
(370.282 0 0.587977)
(374.577 0 0.677063)
(377.138 0 0.728782)
(378.228 0 0.756707)
(378.577 0 0.770182)
(379.563 0 0.789355)
(381.273 0 0.837799)
(382.035 0 0.872871)
(382.035 0 0.884427)
(381.462 0 0.885654)
(380.784 0 0.882218)
(381.036 0 0.90023)
(381.168 0 0.913291)
(380.91 0 0.919716)
(380.295 0 0.915082)
(379.485 0 0.905598)
(378.859 0 0.900266)
(378.665 0 0.911585)
(378.149 0 0.916232)
(377.422 0 0.909163)
(376.574 0 0.901692)
(375.764 0 0.886371)
(375.365 0 0.881725)
(375.342 0 0.880221)
(375.497 0 0.889742)
(375.66 0 0.904288)
(375.51 0 0.912762)
(374.437 0 0.903193)
(373.49 0 0.887715)
(372.923 0 0.876857)
(372.672 0 0.874627)
(372.954 0 0.882637)
(373.897 0 0.907409)
(375.382 0 0.949927)
(377.011 0 1.00213)
(377.964 0 1.04571)
(377.872 0 1.06638)
(376.819 0 1.06355)
(375.581 0 1.05277)
(374.723 0 1.04968)
(374.374 0 1.05934)
(374.745 0 1.09021)
(375.665 0 1.13865)
(376.878 0 1.20428)
(377.728 0 1.26323)
(377.756 0 1.31)
(375.875 0 1.32774)
(307.095 0 0.834655)
(299.906 0 1.52069)
(259.339 0 4.24317)
(138.646 0 5.9751)
(28.0456 0 2.37219)
(-20.2338 0 1.78123)
(-42.4885 0 1.21254)
(-54.656 0 0.559916)
(-53.2665 0 -0.268538)
(-73.7635 0 2.40383)
(-94.4862 0 0.623262)
(-92.1587 0 -0.436235)
(-71.3522 0 -1.34931)
(-36.6293 0 -2.33767)
(4.30415 0 -2.1401)
(48.0703 0 -2.06176)
(90.5265 0 -3.03066)
(131.07 0 -3.52757)
(169.936 0 -3.16173)
(206.393 0 -3.3968)
(238.505 0 -2.80391)
(266.402 0 -2.32152)
(293.08 0 -1.24873)
(309.986 0 -1.21474)
(331.048 0 -1.15411)
(353.502 0 -0.677798)
(370.973 0 -0.384727)
(382.25 0 -0.272746)
(390.921 0 -0.186833)
(402.717 0 0.0394919)
(411.454 0 0.179427)
(417.585 0 0.26922)
(422.628 0 0.351782)
(428.175 0 0.499682)
(433.869 0 0.62994)
(437.859 0 0.687606)
(440.336 0 0.71754)
(441.9 0 0.750641)
(443.786 0 0.79493)
(446.441 0 0.871238)
(448.164 0 0.91035)
(449.106 0 0.921323)
(449.45 0 0.927975)
(449.524 0 0.943362)
(450.357 0 0.983056)
(451.209 0 1.00668)
(451.596 0 1.01957)
(451.581 0 1.01039)
(451.294 0 0.997579)
(451.097 0 1.00427)
(451.223 0 1.02502)
(451.15 0 1.02809)
(450.88 0 1.0222)
(450.417 0 1.01525)
(449.871 0 0.999727)
(449.693 0 0.99502)
(449.711 0 1.00186)
(449.914 0 1.02067)
(450.185 0 1.04053)
(450.322 0 1.04727)
(449.52 0 1.02877)
(448.781 0 1.01183)
(448.295 0 1.00266)
(448.057 0 1.00645)
(448.305 0 1.02757)
(449.22 0 1.0754)
(450.786 0 1.14734)
(452.712 0 1.22528)
(454.287 0 1.28088)
(455.049 0 1.3006)
(454.89 0 1.29422)
(454.391 0 1.28445)
(454.081 0 1.28954)
(454.173 0 1.31437)
(454.94 0 1.37226)
(456.345 0 1.45438)
(458.249 0 1.55908)
(460.128 0 1.64588)
(461.396 0 1.72082)
(461.727 0 1.73213)
(416.05 0 1.23561)
(410.719 0 2.35229)
(378.389 0 8.09519)
(247.943 0 14.2328)
(81.3724 0 7.87158)
(-2.12967 0 4.2279)
(-34.944 0 2.52752)
(-51.0834 0 1.27261)
(-51.7342 0 0.0755993)
(-73.7066 0 5.10592)
(-93.8332 0 1.34482)
(-89.1618 0 -0.399181)
(-64.398 0 -2.06248)
(-26.086 0 -3.63908)
(18.4046 0 -3.7682)
(67.9323 0 -4.46037)
(113.523 0 -5.42491)
(155.813 0 -6.20758)
(195.79 0 -6.83793)
(233.622 0 -5.66237)
(267.345 0 -4.09505)
(296.322 0 -4.46877)
(324.263 0 -3.55256)
(342.205 0 -3.54925)
(363.642 0 -3.53806)
(386.429 0 -2.66971)
(404.49 0 -2.13744)
(416.834 0 -1.92974)
(426.27 0 -1.76752)
(438.595 0 -1.35292)
(448.034 0 -1.09097)
(455.034 0 -0.91987)
(460.91 0 -0.762028)
(467.121 0 -0.489025)
(473.513 0 -0.25671)
(478.306 0 -0.164215)
(481.66 0 -0.107719)
(484.063 0 -0.0351521)
(486.555 0 0.0663123)
(489.795 0 0.213884)
(492.154 0 0.292665)
(493.774 0 0.311746)
(494.847 0 0.333887)
(495.559 0 0.381431)
(496.854 0 0.468594)
(498.241 0 0.521135)
(499.144 0 0.544659)
(499.64 0 0.53641)
(499.825 0 0.524853)
(500.008 0 0.552049)
(500.42 0 0.596337)
(500.708 0 0.599085)
(500.813 0 0.603744)
(500.725 0 0.580123)
(500.445 0 0.571304)
(500.52 0 0.576187)
(500.597 0 0.596463)
(500.863 0 0.638467)
(501.218 0 0.675918)
(501.557 0 0.681403)
(501.027 0 0.652809)
(500.513 0 0.629971)
(500.16 0 0.620282)
(499.974 0 0.633558)
(500.209 0 0.682204)
(501.061 0 0.777182)
(502.575 0 0.910443)
(504.549 0 1.04655)
(506.403 0 1.13221)
(507.664 0 1.15561)
(508.123 0 1.14191)
(508.189 0 1.13038)
(508.303 0 1.14867)
(508.715 0 1.20041)
(509.708 0 1.31524)
(511.328 0 1.46472)
(513.533 0 1.65178)
(515.899 0 1.78761)
(517.878 0 1.91144)
(519.55 0 1.90166)
(490.657 0 0.867002)
(487.226 0 2.08404)
(465.905 0 8.7244)
(354.341 0 24.9513)
(161.226 0 18.5177)
(35.6681 0 7.51921)
(-16.315 0 4.2354)
(-39.9087 0 2.22344)
(-44.6329 0 0.423573)
(-68.6873 0 6.32808)
(-87.4832 0 1.61602)
(-80.0471 0 -0.605738)
(-51.8348 0 -3.31105)
(-10.6536 0 -5.54761)
(36.4475 0 -6.10091)
(87.4554 0 -7.335)
(135.269 0 -8.5492)
(178.93 0 -9.91466)
(220.218 0 -9.23818)
(258.762 0 -8.67775)
(293.219 0 -7.10661)
(322.383 0 -7.23557)
(350.546 0 -5.64933)
(368.746 0 -5.59307)
(389.805 0 -5.48101)
(412.067 0 -4.28265)
(429.864 0 -3.62062)
(442.439 0 -3.40841)
(452.013 0 -3.10687)
(464.163 0 -2.48359)
(473.637 0 -2.16504)
(480.884 0 -1.95742)
(487.042 0 -1.72031)
(493.416 0 -1.30078)
(499.972 0 -0.974608)
(505.059 0 -0.868141)
(508.826 0 -0.800896)
(511.692 0 -0.682634)
(514.506 0 -0.503743)
(518.023 0 -0.286407)
(520.721 0 -0.185017)
(522.735 0 -0.170147)
(524.25 0 -0.144802)
(525.381 0 -0.0576841)
(526.971 0 0.0830703)
(528.681 0 0.157854)
(529.925 0 0.189745)
(530.774 0 0.176244)
(531.312 0 0.165401)
(531.756 0 0.22809)
(532.412 0 0.283088)
(532.94 0 0.28775)
(533.319 0 0.281414)
(533.514 0 0.251824)
(533.442 0 0.253015)
(533.764 0 0.273029)
(533.911 0 0.314312)
(534.251 0 0.384194)
(534.683 0 0.437255)
(535.137 0 0.426687)
(534.833 0 0.378828)
(534.508 0 0.354278)
(534.288 0 0.351418)
(534.184 0 0.381792)
(534.442 0 0.470084)
(535.254 0 0.625005)
(536.69 0 0.827577)
(538.61 0 1.02025)
(540.53 0 1.12039)
(542.022 0 1.13138)
(542.837 0 1.1005)
(543.281 0 1.09102)
(543.712 0 1.13312)
(544.366 0 1.22317)
(545.52 0 1.40841)
(547.253 0 1.63489)
(549.584 0 1.90777)
(552.151 0 2.09001)
(554.497 0 2.25842)
(556.953 0 2.21627)
(541.124 0 0.581968)
(538.971 0 1.8014)
(526.242 0 8.83836)
(445.416 0 30.3852)
(257.955 0 31.0169)
(94.5209 0 15.7549)
(14.3498 0 7.16498)
(-21.2013 0 3.48301)
(-32.0975 0 1.14018)
(-58.4856 0 8.61884)
(-76.4393 0 1.93434)
(-66.7134 0 -1.17944)
(-35.9374 0 -5.13385)
(7.55491 0 -8.14578)
(56.7512 0 -9.01021)
(108.683 0 -10.9599)
(158.366 0 -12.2535)
(203.499 0 -13.0402)
(245.619 0 -13.385)
(284.258 0 -12.3624)
(318.752 0 -10.113)
(347.598 0 -10.3462)
(375.395 0 -8.37163)
(393.434 0 -8.1578)
(413.73 0 -7.82638)
(435.004 0 -6.16255)
(452.054 0 -5.30943)
(464.359 0 -5.06541)
(473.693 0 -4.56471)
(485.257 0 -3.65937)
(494.365 0 -3.26353)
(501.469 0 -3.00681)
(507.557 0 -2.66796)
(513.775 0 -2.07429)
(520.163 0 -1.63841)
(525.214 0 -1.5222)
(529.071 0 -1.44922)
(532.107 0 -1.28353)
(535.008 0 -1.00998)
(538.568 0 -0.7125)
(541.371 0 -0.58842)
(543.543 0 -0.584268)
(545.249 0 -0.557508)
(546.582 0 -0.425605)
(548.296 0 -0.221721)
(550.139 0 -0.122941)
(551.552 0 -0.0867641)
(552.59 0 -0.108888)
(553.337 0 -0.118994)
(553.918 0 -0.0202674)
(554.74 0 0.0539613)
(555.408 0 0.0551636)
(555.951 0 0.0401986)
(556.322 0 0.000691043)
(556.384 0 0.0104497)
(556.899 0 0.0527775)
(557.101 0 0.116116)
(557.504 0 0.218665)
(557.996 0 0.290924)
(558.5 0 0.257215)
(558.361 0 0.190187)
(558.165 0 0.161119)
(558.037 0 0.165758)
(558.017 0 0.215368)
(558.313 0 0.352608)
(559.108 0 0.580274)
(560.48 0 0.867129)
(562.322 0 1.1285)
(564.214 0 1.24618)
(565.784 0 1.24188)
(566.773 0 1.18924)
(567.439 0 1.18203)
(568.081 0 1.2526)
(568.907 0 1.38921)
(570.184 0 1.66131)
(571.993 0 1.98206)
(574.385 0 2.35982)
(577.033 0 2.59765)
(579.557 0 2.81776)
(582.469 0 2.73389)
(577.033 0 0.365143)
(575.536 0 1.44026)
(567.995 0 8.05243)
(513.4 0 32.5711)
(357.287 0 45.9782)
(174.899 0 25.0541)
(59.1042 0 11.6111)
(5.05538 0 5.66518)
(-14.5808 0 2.23443)
(-44.1177 0 11.345)
(-61.9738 0 2.12589)
(-50.311 0 -2.17754)
(-17.2332 0 -7.57085)
(28.6065 0 -11.3772)
(79.9279 0 -12.8349)
(133.374 0 -14.9948)
(185.042 0 -15.9689)
(231.355 0 -17.7876)
(273.808 0 -17.7323)
(312.062 0 -16.4158)
(346.103 0 -13.6772)
(374.286 0 -13.7404)
(401.214 0 -11.1928)
(418.762 0 -10.7858)
(437.986 0 -10.1262)
(457.915 0 -7.96165)
(473.861 0 -6.96013)
(485.546 0 -6.72813)
(494.361 0 -5.97297)
(505.036 0 -4.73748)
(513.498 0 -4.28787)
(520.203 0 -3.99954)
(525.99 0 -3.54627)
(531.835 0 -2.75463)
(537.836 0 -2.20465)
(542.64 0 -2.09161)
(546.381 0 -2.02324)
(549.393 0 -1.80721)
(552.213 0 -1.41718)
(555.652 0 -1.0327)
(558.399 0 -0.892275)
(560.576 0 -0.904146)
(562.325 0 -0.875121)
(563.722 0 -0.688418)
(565.443 0 -0.410189)
(567.296 0 -0.285848)
(568.761 0 -0.246344)
(569.877 0 -0.278309)
(570.731 0 -0.284979)
(571.368 0 -0.143782)
(572.278 0 -0.0492087)
(573.023 0 -0.0512413)
(573.65 0 -0.0816724)
(574.12 0 -0.126398)
(574.269 0 -0.105176)
(574.91 0 -0.0318568)
(575.148 0 0.0544467)
(575.59 0 0.194448)
(576.112 0 0.286071)
(576.634 0 0.222455)
(576.612 0 0.138455)
(576.505 0 0.100904)
(576.43 0 0.112854)
(576.479 0 0.191819)
(576.807 0 0.386987)
(577.585 0 0.697132)
(578.891 0 1.07659)
(580.64 0 1.40849)
(582.462 0 1.53633)
(584.034 0 1.50747)
(585.104 0 1.42604)
(585.895 0 1.42369)
(586.671 0 1.52877)
(587.609 0 1.72009)
(588.967 0 2.08981)
(590.816 0 2.51452)
(593.224 0 3.00334)
(595.891 0 3.29594)
(598.491 0 3.56592)
(601.673 0 3.42744)
(604.886 0 0.314728)
(603.727 0 1.24389)
(598.687 0 7.06082)
(563.128 0 32.0268)
(443.647 0 54.6947)
(270.764 0 41.6204)
(121.697 0 20.6849)
(41.2249 0 8.77137)
(8.54328 0 4.10468)
(-25.9815 0 14.0564)
(-44.2183 0 2.13305)
(-30.6641 0 -3.67462)
(4.91602 0 -10.6579)
(53.4871 0 -15.6528)
(107.565 0 -17.1679)
(163.424 0 -19.4389)
(217.072 0 -21.2043)
(264.166 0 -22.9159)
(306.53 0 -22.6404)
(344.009 0 -20.7943)
(377.05 0 -17.4989)
(404.217 0 -17.3928)
(429.71 0 -14.2663)
(446.358 0 -13.6701)
(464.158 0 -12.5525)
(482.363 0 -9.79878)
(496.845 0 -8.67442)
(507.59 0 -8.48914)
(515.618 0 -7.42135)
(525.113 0 -5.80157)
(532.682 0 -5.31451)
(538.774 0 -5.00985)
(544.07 0 -4.43128)
(549.357 0 -3.4193)
(554.79 0 -2.74858)
(559.177 0 -2.65182)
(562.645 0 -2.60162)
(565.489 0 -2.33794)
(568.094 0 -1.8098)
(571.282 0 -1.33029)
(573.847 0 -1.17892)
(575.915 0 -1.21528)
(577.605 0 -1.18847)
(578.967 0 -0.941994)
(580.603 0 -0.581138)
(582.376 0 -0.430028)
(583.802 0 -0.391551)
(584.913 0 -0.437452)
(585.795 0 -0.440717)
(586.44 0 -0.254455)
(587.36 0 -0.137502)
(588.126 0 -0.143968)
(588.777 0 -0.192566)
(589.293 0 -0.246003)
(589.499 0 -0.211859)
(590.194 0 -0.09971)
(590.451 0 0.0112887)
(590.907 0 0.19434)
(591.427 0 0.30784)
(591.945 0 0.206881)
(591.992 0 0.104111)
(591.948 0 0.0534587)
(591.91 0 0.0766143)
(592.001 0 0.189471)
(592.346 0 0.452356)
(593.096 0 0.858285)
(594.326 0 1.34375)
(595.965 0 1.75399)
(597.687 0 1.8898)
(599.217 0 1.82902)
(600.313 0 1.71001)
(601.171 0 1.71157)
(602.024 0 1.85581)
(603.026 0 2.11078)
(604.423 0 2.59163)
(606.277 0 3.13471)
(608.662 0 3.7484)
(611.305 0 4.10073)
(613.914 0 4.42153)
(617.248 0 4.21287)
(628.053 0 0.293292)
(627.123 0 1.07508)
(623.02 0 5.95082)
(602.538 0 29.3137)
(507.67 0 59.8982)
(369.605 0 57.0922)
(204.809 0 31.371)
(91.7075 0 15.8604)
(39.404 0 6.92665)
(-3.28681 0 16.8364)
(-22.3567 0 2.00126)
(-6.87404 0 -5.75071)
(31.7241 0 -14.6416)
(83.9203 0 -20.4691)
(142.155 0 -22.4757)
(201.44 0 -25.4816)
(257.18 0 -27.1946)
(304.635 0 -28.634)
(346.427 0 -27.7737)
(382.498 0 -25.3346)
(413.551 0 -21.5351)
(439.127 0 -21.1931)
(462.249 0 -17.3772)
(477.422 0 -16.6435)
(493.366 0 -14.9561)
(509.351 0 -11.5811)
(521.968 0 -10.367)
(531.434 0 -10.2773)
(538.404 0 -8.8404)
(546.421 0 -6.7962)
(552.85 0 -6.29792)
(558.128 0 -5.99867)
(562.754 0 -5.28876)
(567.305 0 -4.03767)
(571.996 0 -3.2439)
(575.808 0 -3.18093)
(578.863 0 -3.16882)
(581.416 0 -2.8653)
(583.69 0 -2.17798)
(586.502 0 -1.59882)
(588.774 0 -1.44543)
(590.631 0 -1.51534)
(592.173 0 -1.49584)
(593.414 0 -1.18498)
(594.887 0 -0.73328)
(596.501 0 -0.55428)
(597.806 0 -0.520208)
(598.838 0 -0.584661)
(599.677 0 -0.583387)
(600.3 0 -0.352203)
(601.152 0 -0.208868)
(601.875 0 -0.221733)
(602.502 0 -0.291769)
(603.02 0 -0.355604)
(603.256 0 -0.306025)
(603.935 0 -0.148451)
(604.194 0 -0.00863701)
(604.638 0 0.223796)
(605.119 0 0.360774)
(605.606 0 0.210164)
(605.681 0 0.0928024)
(605.677 0 0.0260077)
(605.664 0 0.0626249)
(605.771 0 0.213767)
(606.112 0 0.555689)
(606.817 0 1.07298)
(607.954 0 1.67861)
(609.461 0 2.17449)
(611.058 0 2.31493)
(612.51 0 2.21353)
(613.595 0 2.04761)
(614.478 0 2.05223)
(615.363 0 2.23999)
(616.39 0 2.568)
(617.79 0 3.17564)
(619.613 0 3.85208)
(621.938 0 4.60419)
(624.52 0 5.01946)
(627.086 0 5.3928)
(630.48 0 5.09598)
(648.16 0 0.293305)
(647.411 0 0.943146)
(644.052 0 4.93693)
(634.573 0 25.8889)
(555.144 0 60.2494)
(454.66 0 70.1592)
(303.036 0 49.0286)
(161.824 0 23.8919)
(81.7271 0 12.8374)
(25.9303 0 20.6692)
(5.19786 0 1.74867)
(22.6087 0 -8.38815)
(65.435 0 -19.4381)
(123.157 0 -27.0753)
(187.435 0 -29.7132)
(251 0 -32.5744)
(308.58 0 -34.1161)
(355.704 0 -34.6462)
(396.072 0 -33.038)
(429.838 0 -29.91)
(457.551 0 -25.5461)
(480.716 0 -24.944)
(500.315 0 -20.2719)
(513.323 0 -19.497)
(526.77 0 -17.1118)
(539.565 0 -13.1254)
(549.84 0 -11.9599)
(557.653 0 -12.0103)
(563.309 0 -10.1494)
(569.56 0 -7.64596)
(574.605 0 -7.17426)
(578.875 0 -6.91237)
(582.654 0 -6.07102)
(586.295 0 -4.57303)
(590.074 0 -3.65666)
(593.151 0 -3.64829)
(595.659 0 -3.69805)
(597.811 0 -3.36485)
(599.649 0 -2.50381)
(601.957 0 -1.82397)
(603.829 0 -1.67929)
(605.381 0 -1.79693)
(606.69 0 -1.79146)
(607.732 0 -1.41371)
(608.965 0 -0.870312)
(610.341 0 -0.661771)
(611.445 0 -0.636964)
(612.331 0 -0.724466)
(613.056 0 -0.720736)
(613.633 0 -0.440515)
(614.338 0 -0.27612)
(614.955 0 -0.292317)
(615.508 0 -0.388694)
(615.988 0 -0.467769)
(616.227 0 -0.402631)
(616.818 0 -0.190261)
(617.063 0 -0.0177545)
(617.464 0 0.270218)
(617.865 0 0.430179)
(618.285 0 0.226165)
(618.363 0 0.0819976)
(618.362 0 -0.000983723)
(618.359 0 0.0556931)
(618.461 0 0.251098)
(618.774 0 0.683184)
(619.411 0 1.32652)
(620.434 0 2.06682)
(621.786 0 2.65706)
(623.229 0 2.79922)
(624.569 0 2.65059)
(625.61 0 2.42894)
(626.481 0 2.43538)
(627.364 0 2.67232)
(628.381 0 3.08345)
(629.75 0 3.8337)
(631.508 0 4.65927)
(633.737 0 5.5653)
(636.222 0 6.04797)
(638.699 0 6.47763)
(642.074 0 6.07334)
(666.12 0 0.293892)
(665.5 0 0.854996)
(662.972 0 3.94299)
(658.54 0 20.62)
(596.136 0 60.2828)
(519.602 0 75.9293)
(402.707 0 65.2624)
(252.25 0 39.2541)
(140.845 0 20.0138)
(64.9501 0 24.8139)
(41.5906 0 2.01655)
(60.8687 0 -11.8391)
(109.551 0 -26.1718)
(175.681 0 -35.7186)
(246.919 0 -38.5133)
(314.006 0 -40.9386)
(371.856 0 -41.8754)
(417.476 0 -40.8703)
(455.258 0 -38.2327)
(485.95 0 -34.3093)
(509.241 0 -29.2741)
(529.195 0 -28.3595)
(544.477 0 -22.6229)
(554.788 0 -21.956)
(565.117 0 -18.6539)
(573.631 0 -14.006)
(580.793 0 -13.1618)
(586.515 0 -13.4877)
(590.684 0 -11.2067)
(594.909 0 -8.29969)
(598.336 0 -7.86493)
(601.413 0 -7.64249)
(604.165 0 -6.67256)
(606.742 0 -4.92965)
(609.445 0 -3.90738)
(611.626 0 -3.98379)
(613.467 0 -4.13245)
(615.114 0 -3.78888)
(616.434 0 -2.74024)
(618.099 0 -1.97207)
(619.471 0 -1.85177)
(620.623 0 -2.02585)
(621.617 0 -2.04638)
(622.386 0 -1.6057)
(623.308 0 -0.967587)
(624.356 0 -0.734965)
(625.185 0 -0.723661)
(625.859 0 -0.841969)
(626.405 0 -0.834811)
(626.894 0 -0.522125)
(627.38 0 -0.319564)
(627.855 0 -0.350647)
(628.265 0 -0.476789)
(628.666 0 -0.574634)
(628.878 0 -0.48628)
(629.318 0 -0.227663)
(629.527 0 -0.00635434)
(629.843 0 0.343327)
(630.12 0 0.521627)
(630.437 0 0.257611)
(630.484 0 0.0834353)
(630.456 0 -0.0116237)
(630.446 0 0.052088)
(630.517 0 0.309635)
(630.775 0 0.844714)
(631.32 0 1.63226)
(632.204 0 2.52351)
(633.369 0 3.21571)
(634.625 0 3.35705)
(635.821 0 3.15324)
(636.785 0 2.86559)
(637.613 0 2.87208)
(638.46 0 3.16025)
(639.435 0 3.66499)
(640.742 0 4.57791)
(642.403 0 5.57207)
(644.5 0 6.64778)
(646.847 0 7.20123)
(649.192 0 7.69099)
(652.476 0 7.15872)
(682.552 0 0.301656)
(681.95 0 0.809824)
(680.186 0 3.04893)
(675.255 0 15.065)
(638.512 0 54.0568)
(567.553 0 77.931)
(485.486 0 79.842)
(356.06 0 56.1435)
(220.48 0 33.5653)
(117.534 0 32.3721)
(91.5074 0 1.38185)
(112.011 0 -16.5468)
(168.031 0 -34.8386)
(243.883 0 -46.4078)
(320.547 0 -49.2251)
(388.447 0 -50.4844)
(443.884 0 -50.3317)
(486.515 0 -47.2704)
(520.542 0 -43.3174)
(547.662 0 -38.5765)
(565.883 0 -32.6784)
(581.986 0 -31.4454)
(592.661 0 -24.5954)
(600.147 0 -24.3171)
(607.271 0 -19.8901)
(611.297 0 -14.4217)
(614.763 0 -13.8697)
(618.075 0 -14.3971)
(620.75 0 -11.609)
(622.605 0 -8.38993)
(624.205 0 -8.17288)
(625.927 0 -8.09435)
(627.467 0 -7.01033)
(628.89 0 -5.07924)
(630.354 0 -3.95513)
(631.494 0 -4.13446)
(632.577 0 -4.40033)
(633.621 0 -4.04876)
(634.369 0 -2.84109)
(635.25 0 -1.98119)
(636.03 0 -1.90479)
(636.693 0 -2.17229)
(637.289 0 -2.21531)
(637.723 0 -1.71417)
(638.266 0 -1.01009)
(638.88 0 -0.743361)
(639.369 0 -0.754515)
(639.771 0 -0.906983)
(640.078 0 -0.906301)
(640.396 0 -0.537887)
(640.634 0 -0.336753)
(640.942 0 -0.354503)
(641.142 0 -0.526463)
(641.412 0 -0.655723)
(641.559 0 -0.555967)
(641.799 0 -0.228991)
(641.937 0 0.0475752)
(642.119 0 0.456573)
(642.227 0 0.642292)
(642.403 0 0.316621)
(642.386 0 0.101212)
(642.304 0 -0.0144634)
(642.257 0 0.0758169)
(642.271 0 0.399884)
(642.449 0 1.05044)
(642.876 0 1.99282)
(643.587 0 3.04742)
(644.53 0 3.84741)
(645.562 0 3.98529)
(646.578 0 3.72572)
(647.432 0 3.36595)
(648.189 0 3.37249)
(648.969 0 3.72143)
(649.871 0 4.33307)
(651.085 0 5.42229)
(652.616 0 6.59815)
(654.543 0 7.86033)
(656.712 0 8.49077)
(658.883 0 9.04519)
(662.005 0 8.36295)
(697.876 0 0.342762)
(697.156 0 0.783753)
(695.995 0 2.32184)
(691.166 0 11.2161)
(677.345 0 48.8648)
(605.628 0 76.1001)
(547.659 0 87.7862)
(454.294 0 73.0654)
(319.493 0 51.0059)
(188.814 0 40.7792)
(158.676 0 1.87487)
(179.162 0 -22.2955)
(242.635 0 -45.8108)
(326.018 0 -59.7445)
(403.666 0 -61.6566)
(468.617 0 -61.1149)
(518.625 0 -59.1965)
(556.512 0 -53.9573)
(585.9 0 -48.3538)
(609.049 0 -42.3482)
(622.054 0 -35.2376)
(633.978 0 -33.3821)
(640.319 0 -25.0249)
(645.265 0 -25.0024)
(649.624 0 -18.9759)
(650.179 0 -13.2013)
(650.332 0 -13.5033)
(651.589 0 -14.7297)
(652.856 0 -11.7951)
(652.356 0 -8.37836)
(652.047 0 -8.07936)
(652.256 0 -7.94054)
(652.445 0 -6.7722)
(652.737 0 -4.65589)
(652.781 0 -3.54005)
(652.838 0 -3.93493)
(653.13 0 -4.41381)
(653.456 0 -4.08719)
(653.611 0 -2.66743)
(653.612 0 -1.83049)
(653.718 0 -1.80446)
(653.806 0 -2.1337)
(653.928 0 -2.25616)
(653.984 0 -1.71206)
(654.074 0 -0.91718)
(654.157 0 -0.662126)
(654.252 0 -0.707083)
(654.324 0 -0.892536)
(654.345 0 -0.886389)
(654.4 0 -0.563009)
(654.403 0 -0.281406)
(654.425 0 -0.330962)
(654.438 0 -0.526015)
(654.517 0 -0.697266)
(654.543 0 -0.552509)
(654.565 0 -0.23462)
(654.574 0 0.156283)
(654.561 0 0.625129)
(654.459 0 0.804868)
(654.452 0 0.426663)
(654.354 0 0.137867)
(654.177 0 0.0142204)
(654.051 0 0.136367)
(653.991 0 0.532855)
(654.063 0 1.31777)
(654.34 0 2.44814)
(654.844 0 3.68209)
(655.523 0 4.59058)
(656.291 0 4.72153)
(657.091 0 4.39352)
(657.803 0 3.95021)
(658.457 0 3.95277)
(659.141 0 4.3546)
(659.944 0 5.08602)
(661.032 0 6.38689)
(662.398 0 7.76763)
(664.114 0 9.22976)
(666.061 0 9.93617)
(668.015 0 10.5575)
(670.905 0 9.70309)
(712.332 0 0.429412)
(711.454 0 0.779938)
(710.708 0 1.83442)
(707.164 0 7.81442)
(703.837 0 34.338)
(640.354 0 76.1579)
(595.945 0 90.2904)
(532.174 0 85.443)
(423.676 0 71.8351)
(280.668 0 53.2502)
(243.726 0 2.1638)
(262.822 0 -29.2957)
(330.715 0 -59.2731)
(415.476 0 -75.3734)
(488.346 0 -75.5422)
(546.582 0 -72.9381)
(588.798 0 -67.8531)
(620.375 0 -61.2657)
(644.552 0 -54.4874)
(662.934 0 -48.2266)
(671.074 0 -39.4896)
(679.028 0 -37.3616)
(681.853 0 -28.2724)
(684.821 0 -29.2484)
(687.301 0 -21.9042)
(686.267 0 -14.5344)
(684.228 0 -13.8284)
(684.545 0 -13.8437)
(684.353 0 -10.3354)
(682.468 0 -6.65869)
(680.807 0 -7.24048)
(679.456 0 -7.52846)
(678.447 0 -6.2085)
(677.741 0 -4.22978)
(676.217 0 -3.04365)
(675.498 0 -3.45548)
(674.961 0 -3.97799)
(674.43 0 -3.63254)
(674.003 0 -2.28742)
(673.184 0 -1.35099)
(672.546 0 -1.42087)
(672.021 0 -1.95138)
(671.592 0 -1.99395)
(671.243 0 -1.45407)
(670.784 0 -0.719119)
(670.338 0 -0.398854)
(669.983 0 -0.500898)
(669.68 0 -0.727684)
(669.372 0 -0.753008)
(669.117 0 -0.354875)
(668.823 0 -0.064565)
(668.54 0 -0.158498)
(668.324 0 -0.400436)
(668.176 0 -0.611626)
(668.028 0 -0.474012)
(667.849 0 -0.109502)
(667.639 0 0.390858)
(667.379 0 0.869992)
(667.033 0 1.022)
(666.804 0 0.59582)
(666.582 0 0.231724)
(666.295 0 0.099848)
(666.061 0 0.263445)
(665.895 0 0.749142)
(665.838 0 1.65539)
(665.93 0 2.96489)
(666.185 0 4.38132)
(666.556 0 5.39844)
(667.021 0 5.52183)
(667.568 0 5.1543)
(668.105 0 4.63337)
(668.63 0 4.64105)
(669.189 0 5.12665)
(669.863 0 5.98964)
(670.795 0 7.49126)
(671.958 0 9.07607)
(673.415 0 10.761)
(675.094 0 11.5506)
(676.784 0 12.242)
(679.372 0 11.1927)
(726.061 0 0.544249)
(725.214 0 0.817056)
(724.64 0 1.58187)
(722.522 0 5.19575)
(716.639 0 21.9094)
(685.381 0 67.4246)
(632.437 0 87.0002)
(588.234 0 93.9282)
(513.173 0 88.4631)
(384.954 0 68.11)
(341.011 0 3.2223)
(358.044 0 -36.9361)
(424.32 0 -74.783)
(502.612 0 -92.4949)
(566.268 0 -89.953)
(615.015 0 -85.8222)
(648.397 0 -78.0022)
(673.031 0 -68.6335)
(691.646 0 -58.6445)
(704.153 0 -49.8074)
(708.109 0 -39.5012)
(712.947 0 -35.9249)
(713.107 0 -24.8861)
(715.205 0 -25.6067)
(716.628 0 -17.5529)
(715.5 0 -11.2823)
(712.552 0 -13.1555)
(713.047 0 -14.7205)
(711.55 0 -11.0073)
(709.465 0 -7.50496)
(707.578 0 -5.99854)
(704.851 0 -5.4645)
(703.707 0 -4.4648)
(701.981 0 -2.1874)
(699.555 0 -1.45598)
(698.252 0 -2.44474)
(697.007 0 -3.15062)
(695.814 0 -2.84467)
(694.832 0 -1.50731)
(693.355 0 -0.525142)
(692.072 0 -0.768345)
(691.008 0 -1.31644)
(690.035 0 -1.60676)
(689.168 0 -1.06831)
(688.24 0 -0.196789)
(687.304 0 0.0813651)
(686.497 0 -0.102086)
(685.802 0 -0.399376)
(685.151 0 -0.466165)
(684.564 0 -0.0925608)
(683.947 0 0.185933)
(683.355 0 0.0528166)
(682.884 0 -0.203982)
(682.502 0 -0.438662)
(682.123 0 -0.32134)
(681.714 0 0.133041)
(681.249 0 0.733271)
(680.708 0 1.23371)
(680.089 0 1.34823)
(679.609 0 0.8843)
(679.223 0 0.442679)
(678.813 0 0.26393)
(678.448 0 0.444457)
(678.146 0 1.05324)
(677.927 0 2.17944)
(677.804 0 3.71448)
(677.771 0 5.33567)
(677.795 0 6.43693)
(677.922 0 6.54021)
(678.186 0 6.0716)
(678.52 0 5.45594)
(678.89 0 5.44506)
(679.299 0 5.95258)
(679.816 0 6.98486)
(680.553 0 8.79332)
(681.467 0 10.6138)
(682.615 0 12.5111)
(683.972 0 13.3618)
(685.35 0 14.1208)
(687.571 0 12.8568)
(739.264 0 0.760154)
(738.758 0 0.825846)
(738.056 0 1.53399)
(736.934 0 3.49838)
(732.002 0 14.1949)
(727.102 0 54.6573)
(659.667 0 84.5696)
(630.708 0 97.8792)
(579.804 0 100.416)
(481.799 0 81.2487)
(438.24 0 4.29908)
(454.178 0 -45.7211)
(512.476 0 -90.0722)
(579.141 0 -109.384)
(631.355 0 -106.522)
(670.09 0 -99.3893)
(695.187 0 -86.5616)
(712.483 0 -80.3397)
(724.604 0 -71.6054)
(730.958 0 -63.7055)
(732.105 0 -51.7607)
(734.686 0 -48.4216)
(733.175 0 -36.791)
(735.421 0 -35.4962)
(736.233 0 -24.6586)
(735.057 0 -15.577)
(732.324 0 -13.3092)
(732.534 0 -10.5552)
(731.043 0 -7.92786)
(729.294 0 -5.36561)
(727.622 0 -6.78534)
(725.102 0 -5.94306)
(724.15 0 -3.9311)
(722.001 0 -1.85264)
(719.864 0 -1.06324)
(718.356 0 -1.40089)
(716.854 0 -1.93635)
(715.501 0 -1.63931)
(714.314 0 -0.101911)
(712.464 0 0.467121)
(710.87 0 0.0856555)
(709.444 0 -0.431274)
(708.149 0 -0.454754)
(706.968 0 0.00840819)
(705.694 0 0.498265)
(704.411 0 0.666317)
(703.25 0 0.455826)
(702.221 0 0.167226)
(701.275 0 0.0962608)
(700.419 0 0.466263)
(699.518 0 0.714633)
(698.654 0 0.52308)
(697.936 0 0.170133)
(697.326 0 -0.0839706)
(696.715 0 0.0618749)
(696.066 0 0.555326)
(695.343 0 1.19415)
(694.521 0 1.63994)
(693.627 0 1.7115)
(692.892 0 1.23592)
(692.32 0 0.704906)
(691.771 0 0.558241)
(691.263 0 0.824555)
(690.804 0 1.50919)
(690.4 0 2.69083)
(690.045 0 4.39327)
(689.707 0 6.16252)
(689.365 0 7.36736)
(689.137 0 7.49364)
(689.095 0 7.10098)
(689.203 0 6.43742)
(689.392 0 6.48169)
(689.624 0 7.15206)
(689.956 0 8.28933)
(690.457 0 10.242)
(691.071 0 12.2699)
(691.855 0 14.4473)
(692.833 0 15.3816)
(693.854 0 16.2006)
(695.649 0 14.6988)
(752.292 0 1.0984)
(752.075 0 1.02669)
(751.299 0 1.53072)
(750.598 0 2.66713)
(747.809 0 8.34036)
(740.343 0 28.6413)
(699.313 0 82.8421)
(668.751 0 93.926)
(629.481 0 106.428)
(557.141 0 87.4573)
(523.907 0 5.01886)
(539.133 0 -55.8427)
(587.608 0 -100.881)
(640.735 0 -122.58)
(681.804 0 -121.497)
(710.204 0 -121.035)
(728.605 0 -103.755)
(740.292 0 -87.5446)
(745.381 0 -72.7)
(748.335 0 -61.7924)
(748.117 0 -49.2837)
(748.977 0 -42.8959)
(746.739 0 -33.0823)
(748.967 0 -31.7974)
(748.125 0 -21.2901)
(745.981 0 -18.7206)
(743.755 0 -18.249)
(743.164 0 -15.3731)
(741.824 0 -10.892)
(740.178 0 -9.07473)
(739.169 0 -4.67573)
(737.761 0 -3.86315)
(736.961 0 -2.42402)
(735.424 0 0.0594071)
(733.935 0 -0.583075)
(732.21 0 -1.03942)
(731.379 0 -1.11053)
(730.613 0 -0.690249)
(729.426 0 0.156165)
(727.838 0 0.913975)
(726.312 0 0.758675)
(724.974 0 0.242181)
(723.792 0 -0.119221)
(722.761 0 0.552987)
(721.405 0 1.38163)
(720.058 0 1.61138)
(718.795 0 1.44881)
(717.647 0 1.15542)
(716.592 0 1.09392)
(715.665 0 1.37515)
(714.611 0 1.47975)
(713.595 0 1.318)
(712.722 0 1.04008)
(711.954 0 0.743152)
(711.181 0 0.804674)
(710.353 0 1.35016)
(709.451 0 2.06339)
(708.42 0 2.44783)
(707.315 0 2.4027)
(706.379 0 1.90742)
(705.64 0 1.34182)
(704.965 0 1.02347)
(704.313 0 1.27549)
(703.705 0 2.24972)
(703.133 0 3.89991)
(702.566 0 5.87895)
(701.954 0 7.82731)
(701.281 0 8.98429)
(700.723 0 9.0328)
(700.39 0 8.37595)
(700.259 0 7.63922)
(700.257 0 7.56382)
(700.291 0 8.11977)
(700.391 0 9.64298)
(700.601 0 12.1591)
(700.863 0 14.4006)
(701.244 0 16.706)
(701.801 0 17.6474)
(702.429 0 18.5187)
(703.749 0 16.7735)
(765.369 0 1.59255)
(765.171 0 1.4193)
(764.597 0 1.49559)
(763.857 0 2.50599)
(762.702 0 5.0715)
(758.036 0 18.0674)
(751.567 0 56.5964)
(696.084 0 94.4785)
(671.464 0 108.179)
(614.643 0 79.1383)
(593.365 0 5.98044)
(606.646 0 -64.1126)
(647.896 0 -106.073)
(687.853 0 -128.214)
(718.225 0 -133.923)
(738.308 0 -136.402)
(748.025 0 -129.915)
(755.277 0 -117.223)
(758.469 0 -99.5986)
(759.595 0 -84.0643)
(758.884 0 -70.1861)
(758.333 0 -58.2152)
(755.61 0 -44.4655)
(756.326 0 -39.4553)
(753.382 0 -25.1887)
(751.137 0 -20.0686)
(749.454 0 -18.1132)
(747.709 0 -11.8298)
(746.915 0 -8.0611)
(745.348 0 -9.92974)
(745.078 0 -10.2246)
(743.873 0 -5.14341)
(743.335 0 -2.71816)
(742.557 0 -1.49189)
(741.327 0 -1.20423)
(740.076 0 -0.513612)
(739.836 0 -0.188801)
(739.611 0 0.504881)
(738.482 0 1.36904)
(737.667 0 1.34033)
(736.341 0 1.27397)
(735.564 0 1.23964)
(734.857 0 1.32118)
(734.298 0 1.33237)
(733.181 0 1.39805)
(732.057 0 1.51788)
(731.007 0 1.35258)
(730.071 0 1.1419)
(729.208 0 1.00849)
(728.479 0 1.246)
(727.46 0 1.38574)
(726.512 0 1.11332)
(725.669 0 0.776748)
(724.902 0 0.627221)
(724.142 0 0.833312)
(723.324 0 1.43555)
(722.455 0 2.20796)
(721.364 0 2.65023)
(720.204 0 2.73148)
(719.208 0 2.29813)
(718.394 0 1.72285)
(717.653 0 1.63957)
(716.94 0 1.98087)
(716.286 0 2.78724)
(715.674 0 4.1913)
(715.039 0 6.33618)
(714.287 0 8.32669)
(713.395 0 9.67854)
(712.585 0 9.95163)
(711.988 0 9.85985)
(711.639 0 9.12659)
(711.443 0 9.41821)
(711.253 0 10.3481)
(711.121 0 11.5801)
(711.047 0 13.8531)
(710.937 0 16.4049)
(710.889 0 19.1627)
(711.019 0 20.1581)
(711.24 0 21.0199)
(712.039 0 19.0226)
(778.416 0 2.117)
(778.07 0 2.11556)
(777.83 0 1.66118)
(777.066 0 2.64847)
(776.495 0 3.95132)
(774.661 0 8.8005)
(765.639 0 27.4982)
(736.575 0 77.9906)
(708.004 0 101.003)
(665.409 0 60.7056)
(647.675 0 -5.79066)
(663.285 0 -67.3186)
(696.837 0 -95.1629)
(722.835 0 -115.87)
(743.88 0 -124.812)
(755.007 0 -133.676)
(763.093 0 -131.345)
(765.546 0 -133.4)
(768.13 0 -122.329)
(768.328 0 -109.785)
(766.617 0 -94.4387)
(763.856 0 -77.0552)
(760.401 0 -63.1907)
(758.917 0 -51.3283)
(755.76 0 -33.6747)
(754.278 0 -31.4128)
(752.704 0 -24.7058)
(750.313 0 -15.9376)
(749.297 0 -9.83233)
(748.193 0 -10.5157)
(747.551 0 -7.88298)
(746.849 0 -5.01163)
(746.515 0 -1.8373)
(745.645 0 -2.0034)
(744.69 0 -3.38763)
(744.15 0 -1.76412)
(744.093 0 -0.520083)
(743.779 0 0.288553)
(743.284 0 0.440805)
(742.716 0 0.634167)
(741.664 0 1.28368)
(741.485 0 1.36645)
(741.207 0 1.5745)
(740.925 0 2.13674)
(740.241 0 2.08422)
(739.393 0 2.12119)
(738.733 0 2.22287)
(738.188 0 2.25002)
(737.66 0 2.41311)
(737.221 0 2.46487)
(736.411 0 2.31808)
(735.684 0 2.2947)
(735.038 0 2.17056)
(734.462 0 2.03691)
(733.918 0 2.34099)
(733.364 0 2.94299)
(732.728 0 3.52278)
(731.751 0 3.60647)
(730.767 0 3.43643)
(729.895 0 3.09179)
(729.166 0 2.57501)
(728.522 0 2.22695)
(727.924 0 2.83603)
(727.448 0 4.50709)
(727.029 0 6.77896)
(726.556 0 9.03767)
(725.874 0 11.099)
(724.979 0 12.1006)
(724.101 0 12.1163)
(723.423 0 11.2871)
(722.926 0 10.7292)
(722.657 0 10.3926)
(722.299 0 11.0636)
(721.956 0 13.8103)
(721.633 0 17.2149)
(721.273 0 19.4607)
(720.907 0 21.9792)
(720.65 0 22.9442)
(720.454 0 23.8765)
(720.694 0 21.6131)
(791.119 0 2.80816)
(790.749 0 2.76033)
(790.506 0 2.75371)
(790.017 0 2.57932)
(789.473 0 3.6787)
(788.715 0 5.34934)
(784.104 0 13.9405)
(766.288 0 31.5655)
(741.384 0 73.6008)
(714.593 0 47.4059)
(699.415 0 -27.349)
(716.6 0 -73.4552)
(732.703 0 -97.8244)
(747.144 0 -115.753)
(759.006 0 -124.169)
(763.169 0 -131.8)
(767.507 0 -134.66)
(772.312 0 -137.807)
(772.504 0 -132.924)
(772.474 0 -127.617)
(772.155 0 -116.81)
(770.02 0 -98.5332)
(767.262 0 -77.458)
(762.198 0 -53.4727)
(757.536 0 -38.9181)
(754.72 0 -42.4571)
(754.24 0 -29.4651)
(752.418 0 -19.8817)
(750.885 0 -15.9544)
(750.109 0 -15.7911)
(748.959 0 -10.6249)
(748.032 0 -5.59002)
(747.878 0 -3.43217)
(747.094 0 -3.61196)
(746.36 0 -3.77505)
(745.893 0 -1.62324)
(745.959 0 -0.274066)
(745.666 0 0.791553)
(745.249 0 0.299469)
(745.174 0 -0.510795)
(744.593 0 0.20092)
(744.584 0 0.992755)
(744.375 0 1.56118)
(744.141 0 1.30238)
(743.838 0 1.2964)
(743.174 0 1.64489)
(742.951 0 1.88287)
(742.677 0 2.17366)
(742.371 0 2.24728)
(742.077 0 2.15195)
(741.53 0 2.11898)
(741.055 0 1.91121)
(740.643 0 1.91485)
(740.318 0 1.97043)
(740.053 0 2.07649)
(739.86 0 2.53236)
(739.371 0 3.15334)
(738.612 0 3.50626)
(737.924 0 3.56655)
(737.287 0 3.32023)
(736.766 0 3.10804)
(736.396 0 3.10862)
(736.18 0 3.31545)
(736.135 0 4.29564)
(736.159 0 6.20253)
(736.07 0 8.78694)
(735.622 0 10.6764)
(734.884 0 12.2297)
(734.125 0 13.0096)
(733.502 0 13.5686)
(733.099 0 12.9932)
(732.853 0 14.1039)
(732.604 0 14.9409)
(732.474 0 15.7262)
(732.278 0 18.4114)
(731.858 0 21.901)
(731.307 0 25.144)
(730.767 0 25.8713)
(730.185 0 26.641)
(729.822 0 24.2743)
(802.706 0 3.49456)
(802.383 0 3.44923)
(802.136 0 3.58041)
(801.658 0 3.50144)
(801.309 0 3.48491)
(800.522 0 2.6855)
(798.269 0 1.75328)
(791.408 0 -4.53808)
(769.262 0 -12.8882)
(757.178 0 -12.2831)
(738.615 0 -5.84892)
(748.245 0 -35.2321)
(751.058 0 -50.2153)
(759.328 0 -75.9331)
(763.739 0 -94.6558)
(767.571 0 -105.681)
(771.272 0 -118.078)
(773.814 0 -125.006)
(773.562 0 -129.192)
(776.225 0 -133.385)
(775.131 0 -129.566)
(773.714 0 -125.052)
(771.698 0 -113.828)
(768.99 0 -94.6603)
(765.171 0 -75.2233)
(762.659 0 -54.6935)
(757.71 0 -31.5101)
(754.572 0 -23.6471)
(751.417 0 -22.4621)
(750.513 0 -18.4819)
(749.476 0 -12.2233)
(749.673 0 -6.33743)
(749.024 0 -6.10699)
(748.117 0 -6.51716)
(747.316 0 -5.24231)
(747.011 0 -2.50384)
(746.729 0 -0.287471)
(746.607 0 0.0524042)
(746.191 0 -0.630009)
(746.552 0 -0.714306)
(746.24 0 0.434499)
(746.074 0 1.14048)
(745.846 0 2.19907)
(745.7 0 1.84896)
(745.432 0 1.09651)
(745.06 0 0.879068)
(744.991 0 1.201)
(744.826 0 1.68502)
(744.655 0 2.11108)
(744.4 0 1.74828)
(744.091 0 1.40903)
(743.802 0 1.47233)
(743.598 0 1.56476)
(743.49 0 1.95787)
(743.435 0 2.61223)
(743.453 0 3.01148)
(742.867 0 3.35122)
(742.499 0 3.39084)
(741.973 0 3.38844)
(741.572 0 3.3937)
(741.313 0 3.20233)
(741.299 0 3.37557)
(741.533 0 4.59493)
(741.942 0 6.71166)
(742.299 0 9.18094)
(742.492 0 11.4956)
(742.221 0 13.3295)
(741.781 0 14.2663)
(741.376 0 14.5792)
(741.125 0 14.2967)
(741.064 0 14.4242)
(741.22 0 13.9971)
(741.502 0 16.0209)
(741.827 0 20.474)
(741.999 0 23.6962)
(742.003 0 25.2031)
(741.555 0 28.105)
(740.811 0 29.2236)
(739.94 0 30.0809)
(739.136 0 27.4662)
(811.938 0 4.09231)
(811.672 0 3.89675)
(811.485 0 4.30421)
(810.935 0 3.38409)
(810.341 0 2.47902)
(809.007 0 -0.969244)
(806.141 0 -15.8845)
(798.571 0 -47.408)
(786.221 0 -78.5046)
(778.301 0 -103.798)
(767.195 0 -73.5162)
(761.576 0 -61.6267)
(757.9 0 -53.9376)
(762.567 0 -62.9511)
(766.125 0 -68.4989)
(769.273 0 -79.9464)
(771.112 0 -93.5736)
(772.109 0 -107.596)
(772.56 0 -122.124)
(774.431 0 -120.314)
(774.639 0 -125.515)
(774.614 0 -127.148)
(773.908 0 -125.316)
(772.731 0 -120.264)
(770.124 0 -103.754)
(766.97 0 -78.5343)
(762.264 0 -53.8408)
(761.069 0 -46.0388)
(756.158 0 -33.2595)
(753.441 0 -21.8397)
(751.425 0 -10.9477)
(750.528 0 -9.12819)
(748.882 0 -10.6573)
(748.147 0 -9.37293)
(748.354 0 -6.40115)
(747.919 0 -2.15445)
(747.858 0 -0.559484)
(747.385 0 -1.00829)
(746.929 0 -1.52097)
(747.076 0 -0.924708)
(747.108 0 0.145961)
(746.685 0 1.14901)
(746.633 0 1.93792)
(746.234 0 1.80695)
(746 0 1.32354)
(745.944 0 1.31546)
(745.923 0 1.6226)
(745.786 0 2.25415)
(745.698 0 2.45684)
(745.374 0 2.17243)
(745.242 0 1.92836)
(745.1 0 1.97033)
(745.04 0 2.31278)
(745.103 0 2.8304)
(745.162 0 3.27813)
(745.103 0 3.43382)
(744.618 0 3.46593)
(744.466 0 3.46178)
(743.955 0 3.51019)
(743.851 0 3.64283)
(743.837 0 4.11968)
(744.176 0 4.2903)
(744.736 0 4.83244)
(745.425 0 6.59673)
(745.894 0 8.99862)
(746.219 0 11.2875)
(745.983 0 12.8972)
(745.816 0 14.697)
(745.734 0 16.0391)
(745.853 0 17.036)
(746.284 0 17.5821)
(746.768 0 19.4727)
(748.098 0 19.2587)
(749.622 0 20.6584)
(750.183 0 24.9773)
(750.26 0 28.9177)
(749.945 0 31.5933)
(749.398 0 31.8094)
(748.58 0 32.66)
(747.789 0 30.4917)
(818.024 0 4.37852)
(817.784 0 3.99128)
(817.484 0 3.6764)
(816.836 0 2.41086)
(815.423 0 -2.82822)
(812.029 0 -17.9537)
(810.563 0 -34.6659)
(795.584 0 -90.0379)
(785.503 0 -114.135)
(782.653 0 -133.31)
(777.091 0 -119.661)
(774.827 0 -111.501)
(771.981 0 -88.6417)
(766.841 0 -78.7052)
(770.166 0 -70.1933)
(768.615 0 -72.8484)
(768.888 0 -77.2621)
(769.376 0 -82.8977)
(769.982 0 -89.2724)
(771.358 0 -100.191)
(772.668 0 -110.746)
(773.762 0 -117.976)
(773.907 0 -121.775)
(773.601 0 -121.284)
(772.867 0 -119.071)
(771.634 0 -112.7)
(768.52 0 -95.8035)
(765.147 0 -68.7328)
(760.386 0 -38.4995)
(755.675 0 -19.8423)
(752.314 0 -11.5011)
(751.946 0 -13.4873)
(750.567 0 -16.528)
(750.141 0 -9.92972)
(749.915 0 -4.40096)
(749.307 0 -2.02645)
(748.427 0 -1.96138)
(747.505 0 -3.3855)
(747.241 0 -2.71137)
(747.489 0 -1.0639)
(747.547 0 0.129317)
(747.226 0 1.7231)
(746.814 0 1.65349)
(746.413 0 1.24995)
(746.261 0 1.25125)
(746.27 0 1.44324)
(746.293 0 1.79531)
(746.228 0 2.21312)
(746.029 0 2.26989)
(745.753 0 2.01533)
(745.717 0 1.91379)
(745.675 0 1.88583)
(745.647 0 2.26699)
(745.792 0 3.06968)
(745.819 0 3.75295)
(745.643 0 3.65414)
(745.458 0 3.47948)
(745.291 0 3.25332)
(745.026 0 3.49269)
(745.09 0 3.75097)
(745.248 0 4.12007)
(745.517 0 5.34882)
(746.077 0 6.97918)
(746.685 0 9.23462)
(747.143 0 11.3119)
(747.623 0 13.0296)
(747.642 0 14.5235)
(747.837 0 15.6133)
(748.109 0 16.5892)
(748.601 0 17.5751)
(749.514 0 19.053)
(750.69 0 19.8997)
(751.499 0 23.6247)
(753.265 0 27.2257)
(754.75 0 29.4014)
(755.154 0 31.3542)
(754.976 0 34.8856)
(754.819 0 35.705)
(754.607 0 36.0904)
(754.587 0 33.8731)
(821.385 0 3.90951)
(821.075 0 3.32276)
(820.354 0 0.8834)
(818.903 0 -4.62576)
(816.134 0 -15.4259)
(810.211 0 -40.9676)
(800.162 0 -92.3947)
(789.512 0 -127.639)
(784.048 0 -120.275)
(781.563 0 -126.431)
(779.805 0 -132.623)
(778.305 0 -132.087)
(775.206 0 -121.378)
(771.607 0 -107.836)
(769.138 0 -90.9118)
(767.666 0 -88.0542)
(768.415 0 -81.2532)
(768.526 0 -81.038)
(768.707 0 -82.0138)
(769.314 0 -84.465)
(770.134 0 -89.2283)
(771.199 0 -96.087)
(772.163 0 -104.1)
(772.795 0 -110.84)
(773.22 0 -114.91)
(773.018 0 -114.702)
(772.272 0 -112.563)
(770.766 0 -104.836)
(767.632 0 -85.9386)
(764.487 0 -63.1562)
(759.377 0 -38.948)
(755.799 0 -31.1874)
(753.235 0 -18.8264)
(752.636 0 -11.0628)
(751.229 0 -4.58278)
(749.436 0 -4.76514)
(748.165 0 -5.43616)
(747.813 0 -6.11621)
(747.956 0 -2.66757)
(747.823 0 -1.00555)
(747.907 0 1.16183)
(747.451 0 1.10822)
(746.86 0 0.59563)
(746.492 0 0.468201)
(746.459 0 1.07356)
(746.487 0 1.59669)
(746.545 0 2.13279)
(746.382 0 2.06594)
(746.14 0 1.62113)
(745.911 0 1.58991)
(745.88 0 1.68138)
(745.9 0 1.9527)
(746.022 0 2.69973)
(746.118 0 3.29439)
(745.97 0 3.75175)
(745.874 0 3.48271)
(745.735 0 3.12794)
(745.628 0 3.06151)
(745.644 0 3.24015)
(745.696 0 3.78008)
(745.93 0 4.77478)
(746.444 0 6.80382)
(746.921 0 8.9515)
(747.183 0 10.7189)
(747.645 0 12.4092)
(748.049 0 13.7643)
(748.427 0 14.9064)
(748.695 0 16.5396)
(749.025 0 18.2089)
(749.592 0 20.1997)
(750.579 0 22.8061)
(751.847 0 25.0998)
(753.346 0 28.2357)
(754.188 0 30.9785)
(755.284 0 34.8871)
(756.303 0 35.9675)
(757.202 0 37.4996)
(757.88 0 37.6976)
(758.25 0 38.7093)
(759.062 0 37.1741)
(822.795 0 2.37058)
(822.04 0 -0.396623)
(820.554 0 -5.7365)
(816.799 0 -20.9151)
(809.961 0 -57.2356)
(795.752 0 -101.404)
(795.213 0 -102.439)
(786.631 0 -121.105)
(780.068 0 -130.632)
(777.335 0 -134.381)
(776.33 0 -137.3)
(776.271 0 -137.682)
(775.873 0 -136.264)
(775.057 0 -132.809)
(773.395 0 -125.671)
(771.316 0 -112.083)
(769.871 0 -99.0667)
(769.183 0 -91.5683)
(767.687 0 -85.7526)
(768.343 0 -85.4544)
(768.783 0 -86.0067)
(769.432 0 -87.3643)
(770.221 0 -89.6127)
(770.991 0 -93.688)
(771.834 0 -99.4058)
(772.477 0 -105.52)
(772.958 0 -109.096)
(772.741 0 -108.569)
(771.811 0 -105.964)
(769.754 0 -95.7982)
(765.633 0 -73.7302)
(760.296 0 -41.035)
(755.61 0 -18.1431)
(752.161 0 -9.40704)
(750.914 0 -4.77935)
(749.279 0 -8.31826)
(749.566 0 -10.6548)
(749.358 0 -5.87705)
(748.905 0 -2.64506)
(748.454 0 0.941106)
(747.638 0 0.476362)
(747.036 0 -0.235534)
(747.032 0 -0.854852)
(746.707 0 0.465277)
(746.775 0 1.2645)
(746.898 0 2.33471)
(746.728 0 2.03301)
(746.266 0 1.5109)
(746.154 0 0.840125)
(745.948 0 1.19687)
(745.994 0 1.57883)
(746.128 0 2.37863)
(746.344 0 3.31582)
(746.347 0 3.72391)
(746.211 0 3.72788)
(745.952 0 3.47301)
(745.853 0 3.02519)
(745.848 0 2.99801)
(745.94 0 3.32923)
(746.146 0 4.27496)
(746.626 0 6.16769)
(747.388 0 8.85798)
(748.072 0 11.8357)
(748.651 0 13.3942)
(748.822 0 13.8488)
(748.841 0 14.6164)
(749.041 0 15.7169)
(749.354 0 17.6631)
(749.834 0 20.2519)
(750.501 0 23.2248)
(751.533 0 26.9393)
(752.747 0 30.2118)
(754.792 0 34.3855)
(755.354 0 35.7088)
(756.496 0 38.3951)
(757.449 0 38.9869)
(758.414 0 41.069)
(759.673 0 40.7721)
(760.305 0 41.2254)
(761.451 0 40.5475)
(822.52 0 -2.004)
(820.094 0 -11.3157)
(815.275 0 -34.8487)
(803.069 0 -76.7667)
(802.789 0 -82.9601)
(791.252 0 -110.155)
(778.299 0 -133.562)
(775.733 0 -137.108)
(776.02 0 -135.683)
(776.817 0 -133.444)
(776.736 0 -133.783)
(776.659 0 -135.273)
(776.067 0 -136.121)
(775.775 0 -136.26)
(775.441 0 -135.892)
(774.997 0 -134.506)
(774.25 0 -130.779)
(773.03 0 -123.398)
(771.435 0 -113.444)
(769.982 0 -102.746)
(769.784 0 -95.431)
(769.574 0 -91.2618)
(769.747 0 -90.291)
(769.944 0 -90.6921)
(770.285 0 -91.6629)
(770.947 0 -93.5866)
(771.691 0 -96.9955)
(772.259 0 -101.158)
(772.378 0 -103.591)
(772.115 0 -102.674)
(771.067 0 -99.0423)
(768.491 0 -87.3368)
(764.406 0 -65.0735)
(759.864 0 -44.2265)
(758.677 0 -29.1509)
(752.263 0 -24.0074)
(752.872 0 -13.2526)
(750.149 0 -7.33683)
(749.483 0 -1.35082)
(747.941 0 -1.47957)
(746.863 0 -2.22632)
(747.183 0 -2.88146)
(747.183 0 -1.10002)
(747.207 0 0.0220347)
(747.264 0 1.68671)
(747.084 0 1.77514)
(746.35 0 0.977486)
(746.007 0 0.527025)
(746.095 0 0.526853)
(746.137 0 1.02848)
(746.296 0 1.96789)
(746.41 0 2.88196)
(746.53 0 3.74132)
(746.431 0 3.76658)
(746.157 0 3.30738)
(745.928 0 3.11335)
(745.912 0 3.07428)
(745.978 0 3.19041)
(746.231 0 3.89173)
(746.823 0 5.64636)
(747.623 0 8.3735)
(748.058 0 10.3168)
(748.417 0 12.1408)
(749.036 0 13.9236)
(749.398 0 14.7536)
(749.505 0 15.6945)
(749.681 0 17.0581)
(750.18 0 19.3395)
(750.932 0 22.6051)
(751.848 0 26.4216)
(752.968 0 30.965)
(753.75 0 34.0088)
(754.75 0 37.68)
(755.462 0 38.7995)
(756.506 0 41.1812)
(757.43 0 41.8306)
(758.639 0 43.5381)
(759.654 0 44.4892)
(760.577 0 44.5041)
(762.355 0 43.8267)
(817.415 0 -24.5056)
(808.357 0 -55.9519)
(806.912 0 -67.1178)
(792.289 0 -110.262)
(780.208 0 -136.02)
(778.803 0 -131.889)
(778.328 0 -128.428)
(777.816 0 -130.519)
(777.352 0 -132.513)
(776.792 0 -133.693)
(776.29 0 -135.116)
(776.229 0 -135.909)
(775.861 0 -136.579)
(775.506 0 -136.892)
(775.483 0 -136.817)
(775.516 0 -136.673)
(775.542 0 -136.368)
(775.456 0 -135.622)
(775.138 0 -133.764)
(774.344 0 -129.537)
(773.292 0 -122.548)
(772.191 0 -113.512)
(771.325 0 -105.427)
(770.858 0 -99.6791)
(770 0 -95.906)
(770.311 0 -94.7796)
(770.596 0 -95.1169)
(771.046 0 -95.8198)
(771.667 0 -97.163)
(772.376 0 -99.1218)
(771.933 0 -99.0687)
(771.465 0 -97.7706)
(770.147 0 -92.9354)
(766.61 0 -77.701)
(763.013 0 -55.919)
(756.49 0 -27.6424)
(754.221 0 -10.8098)
(750.551 0 -1.10858)
(749.457 0 -1.41587)
(748.062 0 -4.83196)
(749.063 0 -6.6402)
(747.944 0 -3.77493)
(747.812 0 -1.80294)
(747.944 0 1.80302)
(747.495 0 2.06008)
(746.568 0 0.886424)
(746.275 0 0.0560444)
(746.284 0 0.105133)
(746.302 0 0.398358)
(746.533 0 1.40517)
(746.85 0 2.76438)
(746.842 0 4.07409)
(746.684 0 3.94051)
(746.284 0 3.3809)
(746.005 0 2.91419)
(745.935 0 2.906)
(745.993 0 3.10832)
(746.241 0 3.82215)
(746.862 0 5.53874)
(747.724 0 8.04889)
(748.455 0 11.3271)
(748.939 0 13.8269)
(749.317 0 14.9318)
(749.732 0 15.9736)
(750.144 0 16.66)
(750.544 0 17.6641)
(751.009 0 19.3907)
(751.65 0 22.1329)
(752.65 0 26.4639)
(753.649 0 31.4365)
(754.755 0 37.4558)
(755.616 0 41.6438)
(756.744 0 45.1284)
(758.12 0 45.5258)
(759.097 0 46.0245)
(760.144 0 46.0046)
(760.387 0 46.6478)
(760.758 0 46.6476)
(761.415 0 47.0829)
(763.007 0 47.8779)
(808.483 0 -62.565)
(792.079 0 -110.885)
(784.4 0 -126.372)
(785.786 0 -118.791)
(782.682 0 -122.047)
(779.072 0 -127.804)
(776.722 0 -132.307)
(776.53 0 -134.426)
(776.461 0 -135.35)
(775.977 0 -135.614)
(776 0 -135.596)
(775.949 0 -135.806)
(775.779 0 -136.073)
(775.703 0 -136.271)
(775.661 0 -136.38)
(775.668 0 -136.628)
(775.77 0 -136.754)
(775.792 0 -136.691)
(775.816 0 -136.445)
(775.781 0 -136.008)
(775.636 0 -135.058)
(775.323 0 -133.271)
(774.727 0 -130.002)
(773.828 0 -124.706)
(772.777 0 -118.226)
(771.79 0 -110.953)
(771.355 0 -105.43)
(771.213 0 -101.614)
(771.269 0 -99.481)
(771.505 0 -99.2958)
(771.648 0 -99.4057)
(771.637 0 -98.9838)
(771.449 0 -97.8051)
(770.843 0 -95.439)
(769.112 0 -88.1344)
(766.401 0 -75.3376)
(761.74 0 -52.0289)
(758.932 0 -37.8288)
(757.253 0 -25.2418)
(752.35 0 -19.5141)
(752.031 0 -10.5058)
(749.425 0 -5.65112)
(748.242 0 0.515409)
(747.619 0 0.545461)
(747.179 0 -0.782992)
(746.783 0 -1.32916)
(747.07 0 -1.50926)
(746.808 0 -0.462512)
(747.022 0 0.889118)
(747.236 0 2.41922)
(747.103 0 3.38728)
(746.88 0 3.47087)
(746.299 0 2.8522)
(746.004 0 2.55682)
(745.942 0 2.50806)
(746.007 0 2.81808)
(746.291 0 3.70141)
(746.932 0 5.5754)
(747.828 0 8.43177)
(748.384 0 10.4211)
(748.695 0 11.5685)
(749.276 0 13.1568)
(749.692 0 14.6229)
(750.068 0 16.1781)
(750.503 0 17.6624)
(751.178 0 19.5971)
(752.167 0 22.5933)
(753.218 0 26.3801)
(754.273 0 30.9092)
(754.859 0 34.6474)
(755.479 0 39.1548)
(756.141 0 42.4001)
(757.158 0 46.5219)
(758.223 0 47.7702)
(759.31 0 49.0173)
(760.246 0 48.9471)
(761.201 0 49.1623)
(761.954 0 50.008)
(762.517 0 51.2631)
(763.415 0 52.2895)
(791.694 0 -104.815)
(790.011 0 -107.452)
(781.725 0 -125.724)
(778.089 0 -133.89)
(777.261 0 -133.88)
(776.085 0 -133.734)
(776 0 -133.558)
(776.45 0 -134.282)
(776.199 0 -135.02)
(776.091 0 -135.546)
(776.042 0 -135.74)
(775.898 0 -135.809)
(775.848 0 -135.821)
(775.795 0 -135.94)
(775.79 0 -136.119)
(775.826 0 -136.299)
(775.951 0 -136.422)
(775.99 0 -136.425)
(775.996 0 -136.428)
(776.008 0 -136.39)
(776.002 0 -136.256)
(775.941 0 -136.01)
(775.814 0 -135.606)
(775.603 0 -134.897)
(775.31 0 -133.729)
(774.84 0 -131.571)
(774.177 0 -127.761)
(773.52 0 -122.719)
(772.936 0 -116.877)
(772.441 0 -111.36)
(772.22 0 -107.688)
(771.901 0 -104.493)
(771.991 0 -103.284)
(771.857 0 -100.909)
(771.639 0 -98.8269)
(770.75 0 -94.0781)
(768.768 0 -85.8966)
(765.295 0 -69.306)
(760.449 0 -43.4221)
(755.95 0 -22.3555)
(753.12 0 -6.89153)
(750.669 0 2.10225)
(749.222 0 1.10751)
(748.962 0 -2.71327)
(748.396 0 -4.38353)
(748.745 0 -4.14643)
(748.396 0 -2.244)
(748.204 0 0.137492)
(748.158 0 3.97371)
(747.878 0 4.49907)
(747.032 0 3.80787)
(746.407 0 2.54998)
(746.107 0 1.82757)
(746.029 0 1.83927)
(746.106 0 2.30502)
(746.444 0 3.47555)
(747.226 0 6.03128)
(748.202 0 9.27077)
(748.747 0 12.4478)
(749.223 0 14.8679)
(749.673 0 15.2941)
(750.157 0 15.8455)
(750.455 0 16.5287)
(750.866 0 18.1667)
(751.458 0 20.6562)
(752.366 0 24.0457)
(753.658 0 28.6451)
(754.822 0 33.9718)
(756.087 0 39.9572)
(756.499 0 44.2446)
(757.367 0 48.6461)
(758.183 0 50.1017)
(758.774 0 51.9982)
(759.47 0 52.5431)
(760.112 0 52.8185)
(761.22 0 53.3232)
(762.013 0 53.3774)
(762.755 0 53.7727)
(763.742 0 56.4865)
(765.431 0 59.4021)
(779.455 0 -137.176)
(776.612 0 -134.612)
(777.602 0 -130.995)
(777.478 0 -131.333)
(777.031 0 -132.149)
(776.617 0 -133.564)
(776.882 0 -134.774)
(776.41 0 -135.597)
(776.125 0 -135.774)
(776.01 0 -135.684)
(775.923 0 -135.633)
(775.904 0 -135.631)
(775.905 0 -135.649)
(775.935 0 -135.718)
(776.02 0 -135.99)
(776.032 0 -136.141)
(776.041 0 -136.171)
(776.045 0 -136.174)
(776.053 0 -136.162)
(776.067 0 -136.134)
(776.061 0 -136.141)
(776.04 0 -136.129)
(775.965 0 -136.096)
(775.811 0 -135.897)
(775.735 0 -135.765)
(775.648 0 -135.546)
(775.546 0 -135.127)
(775.433 0 -134.39)
(775.262 0 -133.081)
(774.946 0 -130.907)
(774.452 0 -127.374)
(773.936 0 -123.409)
(773.437 0 -118.461)
(773.213 0 -114.71)
(773.024 0 -110.867)
(772.787 0 -108.073)
(772.234 0 -104.218)
(771.156 0 -98.4914)
(768.866 0 -87.7835)
(766.611 0 -74.8533)
(761.562 0 -50.0108)
(760.326 0 -38.7671)
(756.519 0 -26.5677)
(755.799 0 -20.1362)
(751.617 0 -13.4024)
(751.961 0 -6.57139)
(749.99 0 -1.95747)
(748.306 0 2.6358)
(747.935 0 2.9204)
(747.25 0 2.10034)
(746.918 0 1.14725)
(746.56 0 0.437685)
(746.442 0 0.775918)
(746.526 0 1.56809)
(746.937 0 3.32773)
(747.763 0 6.65672)
(748.269 0 9.35401)
(748.629 0 11.4489)
(748.739 0 12.28)
(749.427 0 13.508)
(749.874 0 14.8573)
(750.266 0 15.9909)
(750.864 0 17.6332)
(751.737 0 20.4204)
(752.867 0 24.5989)
(753.983 0 29.6592)
(754.832 0 34.4262)
(755.163 0 37.1207)
(756.104 0 41.404)
(756.659 0 43.509)
(758.094 0 47.8038)
(758.697 0 50.4264)
(759.277 0 53.0768)
(759.832 0 54.6589)
(760.589 0 56.1433)
(761.485 0 57.2341)
(762.766 0 59.02)
(763.984 0 60.0708)
(764.53 0 60.9274)
(765.875 0 63.2347)
(779.822 0 -127.548)
(778.295 0 -132.068)
(777.548 0 -134.668)
(777.091 0 -134.758)
(776.119 0 -134.951)
(776.03 0 -134.944)
(776.404 0 -135.135)
(776.32 0 -135.44)
(776.186 0 -135.596)
(776.044 0 -135.699)
(775.968 0 -135.67)
(775.934 0 -135.638)
(775.998 0 -135.684)
(776.088 0 -135.733)
(776.164 0 -135.825)
(776.129 0 -135.913)
(776.105 0 -135.93)
(776.07 0 -135.911)
(776.053 0 -135.871)
(776.056 0 -135.87)
(776.05 0 -135.882)
(776.013 0 -135.9)
(775.946 0 -135.855)
(775.831 0 -135.823)
(775.751 0 -135.82)
(775.728 0 -135.815)
(775.726 0 -135.81)
(775.735 0 -135.783)
(775.751 0 -135.677)
(775.742 0 -135.427)
(775.691 0 -135.002)
(775.577 0 -134.243)
(775.38 0 -133.061)
(775.09 0 -131.172)
(774.773 0 -128.893)
(774.415 0 -126.101)
(774.053 0 -123.303)
(773.601 0 -120.008)
(773.021 0 -116.214)
(772.009 0 -109.594)
(769.495 0 -97.045)
(767.129 0 -79.7257)
(760.282 0 -45.15)
(760.13 0 -31.4056)
(753.655 0 -4.11042)
(750.133 0 1.23458)
(750.608 0 9.82533)
(749.363 0 6.24158)
(748.756 0 1.01999)
(747.875 0 -0.891765)
(748.764 0 -2.45471)
(747.71 0 -1.06036)
(747.831 0 0.430063)
(748.03 0 3.78199)
(748.603 0 8.57553)
(749.06 0 13.042)
(748.939 0 15.0224)
(749.063 0 16.3872)
(749.449 0 15.9512)
(749.906 0 16.1936)
(750.429 0 17.2631)
(751.139 0 19.4253)
(752.162 0 22.8195)
(753.576 0 28.1059)
(755.167 0 34.6047)
(755.817 0 40.7658)
(756.666 0 47.3913)
(757.094 0 50.0531)
(758.041 0 52.7179)
(759.033 0 52.555)
(759.77 0 53.5059)
(759.838 0 54.0613)
(760.256 0 56.4686)
(760.687 0 59.0421)
(761.316 0 61.8432)
(762.16 0 64.4121)
(763.277 0 66.7864)
(764.65 0 68.4257)
(765.902 0 70.2372)
(767.531 0 71.3218)
(776.299 0 -134.58)
(776.807 0 -134.168)
(776.917 0 -134.386)
(776.659 0 -134.585)
(776.385 0 -135.021)
(776.341 0 -135.614)
(776.395 0 -135.694)
(776.307 0 -135.62)
(776.106 0 -135.537)
(776.066 0 -135.526)
(776.06 0 -135.519)
(776.078 0 -135.531)
(776.138 0 -135.639)
(776.164 0 -135.718)
(776.17 0 -135.755)
(776.148 0 -135.755)
(776.096 0 -135.725)
(776.06 0 -135.702)
(776.038 0 -135.7)
(776.008 0 -135.699)
(775.973 0 -135.692)
(775.931 0 -135.658)
(775.857 0 -135.622)
(775.766 0 -135.597)
(775.715 0 -135.616)
(775.723 0 -135.665)
(775.743 0 -135.714)
(775.755 0 -135.771)
(775.793 0 -135.829)
(775.803 0 -135.83)
(775.814 0 -135.795)
(775.811 0 -135.7)
(775.771 0 -135.497)
(775.7 0 -135.151)
(775.591 0 -134.689)
(775.415 0 -134.099)
(775.206 0 -133.351)
(774.984 0 -132.458)
(774.769 0 -131.322)
(774.526 0 -129.719)
(774.14 0 -127.346)
(773.308 0 -122.434)
(771.388 0 -113.087)
(768.498 0 -96.1762)
(764.602 0 -70.983)
(761.742 0 -55.0365)
(758.366 0 -32.5331)
(757.067 0 -26.1644)
(754.112 0 -17.6921)
(751.766 0 -10.6598)
(751.273 0 -6.57749)
(750.268 0 -1.47316)
(749.085 0 3.60893)
(747.447 0 7.78395)
(748.13 0 11.0128)
(748.201 0 11.8997)
(748.573 0 12.6392)
(749.117 0 14.3073)
(749.576 0 15.4194)
(750.2 0 16.9465)
(751.188 0 19.6822)
(752.528 0 24.4638)
(753.81 0 30.1615)
(754.649 0 34.5299)
(755.546 0 39.1931)
(755.788 0 41.0894)
(757.139 0 45.1806)
(757.54 0 48.0692)
(758.669 0 52.1971)
(759.203 0 53.6533)
(759.924 0 55.4879)
(760.59 0 57.1339)
(761.151 0 59.5137)
(761.659 0 62.5663)
(762.091 0 65.5978)
(762.641 0 68.5109)
(763.544 0 72.232)
(764.536 0 74.1264)
(765.478 0 75.278)
(767.061 0 76.0106)
(776.939 0 -135.059)
(776.781 0 -135.631)
(776.614 0 -135.675)
(776.209 0 -135.595)
(776.237 0 -135.455)
(776.244 0 -135.541)
(776.235 0 -135.596)
(776.183 0 -135.599)
(776.085 0 -135.587)
(776.077 0 -135.586)
(776.087 0 -135.6)
(776.112 0 -135.617)
(776.149 0 -135.608)
(776.138 0 -135.593)
(776.123 0 -135.592)
(776.098 0 -135.587)
(776.063 0 -135.578)
(776.028 0 -135.571)
(775.998 0 -135.565)
(775.955 0 -135.542)
(775.879 0 -135.521)
(775.81 0 -135.501)
(775.766 0 -135.469)
(775.726 0 -135.445)
(775.703 0 -135.449)
(775.716 0 -135.493)
(775.743 0 -135.564)
(775.752 0 -135.658)
(775.757 0 -135.712)
(775.765 0 -135.725)
(775.78 0 -135.721)
(775.781 0 -135.701)
(775.757 0 -135.633)
(775.73 0 -135.523)
(775.687 0 -135.382)
(775.567 0 -135.19)
(775.484 0 -135.059)
(775.41 0 -134.98)
(775.348 0 -134.869)
(775.309 0 -134.683)
(775.272 0 -134.323)
(775.193 0 -133.686)
(774.993 0 -132.405)
(774.533 0 -129.89)
(773.277 0 -123.745)
(771.061 0 -111.649)
(765.422 0 -84.2287)
(763.467 0 -62.9365)
(756.306 0 -25.9723)
(754.468 0 -13.5898)
(751.352 0 5.58461)
(748.562 0 12.1933)
(750.042 0 19.449)
(749.18 0 18.0713)
(748.489 0 15.5593)
(749.446 0 13.3429)
(749.839 0 13.7192)
(750.391 0 15.3292)
(751.257 0 18.7831)
(752.141 0 24.2456)
(753.742 0 33.0692)
(754.326 0 39.9254)
(755.793 0 48.1814)
(756.183 0 51.6057)
(756.917 0 55.1184)
(757.904 0 54.702)
(758.808 0 55.7548)
(759.432 0 55.6985)
(759.643 0 56.9709)
(760.126 0 59.5788)
(760.714 0 62.558)
(761.499 0 65.8015)
(762.355 0 69.645)
(763.016 0 72.9687)
(763.727 0 77.3335)
(764.394 0 79.9027)
(764.906 0 80.9315)
(765.407 0 81.4083)
(766.009 0 82.4086)
(767.279 0 82.3478)
(776.606 0 -135.153)
(776.495 0 -135.265)
(776.265 0 -135.389)
(776.167 0 -135.494)
(776.112 0 -135.547)
(776.083 0 -135.618)
(776.091 0 -135.663)
(776.069 0 -135.662)
(776.028 0 -135.642)
(776.027 0 -135.602)
(776.091 0 -135.554)
(776.119 0 -135.524)
(776.123 0 -135.505)
(776.1 0 -135.493)
(776.015 0 -135.515)
(775.914 0 -135.543)
(775.865 0 -135.53)
(775.84 0 -135.506)
(775.804 0 -135.489)
(775.764 0 -135.45)
(775.735 0 -135.393)
(775.709 0 -135.351)
(775.697 0 -135.31)
(775.7 0 -135.276)
(775.699 0 -135.301)
(775.695 0 -135.393)
(775.692 0 -135.501)
(775.704 0 -135.6)
(775.731 0 -135.646)
(775.743 0 -135.64)
(775.755 0 -135.605)
(775.762 0 -135.546)
(775.748 0 -135.475)
(775.712 0 -135.394)
(775.66 0 -135.308)
(775.603 0 -135.258)
(775.553 0 -135.237)
(775.546 0 -135.333)
(775.545 0 -135.446)
(775.562 0 -135.522)
(775.578 0 -135.573)
(775.576 0 -135.496)
(775.592 0 -135.323)
(775.629 0 -134.958)
(775.64 0 -134.305)
(775.492 0 -132.678)
(774.946 0 -129.538)
(773.635 0 -121.931)
(770.699 0 -106.837)
(767.344 0 -85.7645)
(762.178 0 -54.8553)
(761.229 0 -40.5032)
(757.597 0 -16.5076)
(758.467 0 -10.1778)
(755.47 0 0.16922)
(755.427 0 7.44801)
(754.361 0 13.1406)
(753.837 0 19.9431)
(753.137 0 27.2377)
(752.106 0 33.6508)
(753.242 0 38.2217)
(753.111 0 41.4309)
(755.039 0 44.7844)
(754.997 0 48.1826)
(756.884 0 51.9904)
(757.408 0 54.1993)
(758.095 0 56.242)
(758.99 0 58.2887)
(759.822 0 61.0117)
(760.413 0 63.9244)
(760.934 0 67.4195)
(761.626 0 70.6126)
(762.361 0 73.0756)
(763.224 0 75.8369)
(763.778 0 78.4425)
(764.678 0 81.8321)
(765.118 0 85.7909)
(765.439 0 87.2017)
(766.028 0 88.0033)
(767.345 0 88.4169)
(776.145 0 -135.528)
(775.951 0 -135.59)
(775.828 0 -135.606)
(775.772 0 -135.585)
(775.807 0 -135.57)
(775.835 0 -135.563)
(775.885 0 -135.556)
(775.924 0 -135.567)
(775.963 0 -135.596)
(776.012 0 -135.646)
(776.021 0 -135.653)
(776.021 0 -135.633)
(775.997 0 -135.578)
(775.926 0 -135.523)
(775.808 0 -135.498)
(775.725 0 -135.498)
(775.698 0 -135.466)
(775.707 0 -135.39)
(775.706 0 -135.303)
(775.68 0 -135.257)
(775.656 0 -135.256)
(775.652 0 -135.273)
(775.671 0 -135.296)
(775.701 0 -135.339)
(775.715 0 -135.378)
(775.717 0 -135.412)
(775.732 0 -135.466)
(775.762 0 -135.531)
(775.783 0 -135.554)
(775.78 0 -135.54)
(775.757 0 -135.522)
(775.732 0 -135.485)
(775.735 0 -135.407)
(775.719 0 -135.31)
(775.67 0 -135.224)
(775.638 0 -135.183)
(775.633 0 -135.198)
(775.647 0 -135.269)
(775.685 0 -135.433)
(775.692 0 -135.562)
(775.689 0 -135.641)
(775.715 0 -135.647)
(775.775 0 -135.596)
(775.92 0 -135.379)
(776.073 0 -135.071)
(776.326 0 -134.508)
(776.531 0 -133.719)
(776.956 0 -132.187)
(776.966 0 -129.141)
(777.104 0 -123.962)
(776.439 0 -114.195)
(774.834 0 -96.6135)
(768.853 0 -64.6535)
(768.397 0 -38.9268)
(761.194 0 -1.25756)
(760.444 0 20.3821)
(756.799 0 38.4428)
(759.074 0 52.1574)
(755.829 0 60.4835)
(755.768 0 59.0444)
(755.705 0 57.7504)
(756.142 0 55.5275)
(757.07 0 54.9115)
(757.701 0 55.0758)
(758.289 0 56.9425)
(758.964 0 61.0371)
(759.717 0 67.1551)
(760.114 0 72.3733)
(761.172 0 78.438)
(761.627 0 81.8454)
(762.125 0 84.9604)
(762.813 0 85.3906)
(763.588 0 86.7794)
(764.421 0 87.2021)
(765.216 0 87.2332)
(765.524 0 87.8792)
(765.043 0 88.2508)
(765.53 0 90.7882)
(765.947 0 93.7737)
(766.992 0 95.2767)
(775.438 0 -135.67)
(775.541 0 -135.516)
(775.656 0 -135.351)
(775.701 0 -135.284)
(775.707 0 -135.285)
(775.712 0 -135.294)
(775.735 0 -135.298)
(775.797 0 -135.408)
(775.903 0 -135.576)
(775.938 0 -135.649)
(775.928 0 -135.644)
(775.917 0 -135.61)
(775.875 0 -135.532)
(775.794 0 -135.443)
(775.683 0 -135.358)
(775.627 0 -135.306)
(775.637 0 -135.238)
(775.637 0 -135.176)
(775.629 0 -135.158)
(775.628 0 -135.188)
(775.64 0 -135.237)
(775.673 0 -135.282)
(775.717 0 -135.31)
(775.762 0 -135.344)
(775.79 0 -135.395)
(775.798 0 -135.468)
(775.81 0 -135.546)
(775.83 0 -135.591)
(775.836 0 -135.598)
(775.815 0 -135.587)
(775.78 0 -135.566)
(775.75 0 -135.512)
(775.743 0 -135.43)
(775.73 0 -135.317)
(775.688 0 -135.216)
(775.676 0 -135.199)
(775.706 0 -135.256)
(775.734 0 -135.335)
(775.761 0 -135.397)
(775.788 0 -135.427)
(775.833 0 -135.392)
(775.909 0 -135.287)
(776.025 0 -135.113)
(776.216 0 -134.764)
(776.497 0 -134.224)
(776.903 0 -133.356)
(777.521 0 -132.015)
(778.201 0 -130.337)
(779.329 0 -127.593)
(780.185 0 -125.009)
(781.757 0 -120.589)
(783.239 0 -116.123)
(782.61 0 -105.8)
(783.211 0 -93.868)
(781.423 0 -72.9128)
(779.218 0 -47.8347)
(773.29 0 -14.215)
(773.327 0 5.964)
(768.621 0 30.801)
(769.332 0 37.1778)
(767.383 0 49.3491)
(765.726 0 54.0078)
(763.814 0 57.7424)
(763.192 0 61.608)
(762.795 0 66.5853)
(762.308 0 69.8067)
(762.015 0 71.976)
(761.825 0 74.2583)
(763.659 0 76.7124)
(762.002 0 81.709)
(762.238 0 84.5272)
(762.415 0 88.1383)
(762.709 0 89.6711)
(763.573 0 90.1776)
(764.503 0 91.3225)
(765.1 0 92.2452)
(765.807 0 95.5723)
(765.73 0 97.233)
(765.931 0 99.8458)
(766.563 0 101.576)
(775.295 0 -135.182)
(775.442 0 -135.096)
(775.573 0 -135.026)
(775.609 0 -135.004)
(775.645 0 -135.002)
(775.631 0 -135.083)
(775.587 0 -135.185)
(775.598 0 -135.232)
(775.691 0 -135.24)
(775.751 0 -135.221)
(775.779 0 -135.184)
(775.78 0 -135.114)
(775.744 0 -135.053)
(775.681 0 -135.012)
(775.627 0 -135.007)
(775.583 0 -135.03)
(775.535 0 -135.079)
(775.557 0 -135.068)
(775.593 0 -135.05)
(775.636 0 -135.074)
(775.67 0 -135.115)
(775.71 0 -135.145)
(775.77 0 -135.163)
(775.831 0 -135.192)
(775.866 0 -135.277)
(775.873 0 -135.415)
(775.878 0 -135.534)
(775.892 0 -135.587)
(775.888 0 -135.567)
(775.839 0 -135.519)
(775.795 0 -135.463)
(775.775 0 -135.382)
(775.765 0 -135.294)
(775.736 0 -135.231)
(775.722 0 -135.18)
(775.738 0 -135.195)
(775.772 0 -135.247)
(775.805 0 -135.288)
(775.85 0 -135.266)
(775.91 0 -135.191)
(776.018 0 -135.009)
(776.146 0 -134.787)
(776.399 0 -134.281)
(776.658 0 -133.72)
(777.255 0 -132.387)
(777.715 0 -131.312)
(778.999 0 -128.429)
(779.878 0 -126.339)
(781.798 0 -121.949)
(783.163 0 -118.694)
(785.704 0 -112.354)
(786.693 0 -109.928)
(789.573 0 -102.18)
(790.052 0 -99.1942)
(791.69 0 -90.5184)
(791.373 0 -80.211)
(790.673 0 -65.1358)
(787.292 0 -39.8446)
(781.411 0 -6.56444)
(778.972 0 22.9615)
(771.993 0 58.5518)
(768.526 0 74.0346)
(767.444 0 88.5464)
(767.896 0 90.9552)
(766.702 0 94.4937)
(766.424 0 93.1508)
(765.809 0 91.6903)
(765.342 0 89.6367)
(764.987 0 88.4395)
(764.876 0 88.6542)
(764.57 0 87.0118)
(763.951 0 90.09)
(764.961 0 94.5033)
(764.625 0 98.9534)
(764.429 0 101.983)
(764.942 0 102.703)
(765.25 0 103.269)
(765.18 0 102.559)
(765.341 0 104.649)
(766.033 0 107.26)
(775.363 0 -134.693)
(775.434 0 -134.685)
(775.469 0 -134.738)
(775.491 0 -134.782)
(775.514 0 -134.762)
(775.531 0 -134.701)
(775.554 0 -134.682)
(775.567 0 -134.686)
(775.615 0 -134.678)
(775.705 0 -134.645)
(775.753 0 -134.616)
(775.763 0 -134.601)
(775.747 0 -134.587)
(775.668 0 -134.6)
(775.559 0 -134.672)
(775.5 0 -134.755)
(775.546 0 -134.802)
(775.623 0 -134.799)
(775.692 0 -134.792)
(775.774 0 -134.815)
(775.865 0 -134.864)
(775.924 0 -134.925)
(775.964 0 -134.991)
(776.006 0 -135.046)
(776.057 0 -135.095)
(776.079 0 -135.22)
(776.051 0 -135.363)
(776.005 0 -135.427)
(775.973 0 -135.382)
(775.953 0 -135.293)
(775.947 0 -135.251)
(775.902 0 -135.179)
(775.867 0 -135.118)
(775.815 0 -135.051)
(775.776 0 -135.023)
(775.788 0 -135.051)
(775.841 0 -135.064)
(775.909 0 -135.031)
(776.02 0 -134.859)
(776.141 0 -134.656)
(776.372 0 -134.21)
(776.64 0 -133.681)
(777.135 0 -132.616)
(777.698 0 -131.338)
(778.615 0 -129.186)
(779.588 0 -126.865)
(781.392 0 -122.532)
(782.458 0 -119.956)
(785.097 0 -113.562)
(786.745 0 -109.825)
(789.09 0 -103.937)
(790.787 0 -99.901)
(793.28 0 -93.2514)
(794.625 0 -89.5975)
(796.857 0 -83.8136)
(797.293 0 -80.58)
(798.542 0 -72.7228)
(798.19 0 -65.4043)
(797.328 0 -52.6274)
(795.598 0 -35.5081)
(788.016 0 0.33767)
(783.569 0 27.5161)
(781.93 0 49.1268)
(773.951 0 79.2507)
(772.323 0 81.0101)
(772.48 0 86.4908)
(771.958 0 90.7735)
(770.396 0 92.7119)
(769.406 0 94.472)
(769.765 0 95.6164)
(770.973 0 98.1119)
(770.856 0 101.2)
(771.22 0 99.3824)
(768.414 0 100.322)
(766.835 0 103.998)
(766.44 0 108.75)
(765.955 0 111.666)
(765.863 0 112.445)
(766.337 0 110.758)
(766.849 0 111.069)
(775.415 0 -134.371)
(775.451 0 -134.328)
(775.476 0 -134.29)
(775.495 0 -134.25)
(775.506 0 -134.223)
(775.531 0 -134.176)
(775.585 0 -134.121)
(775.64 0 -134.099)
(775.666 0 -134.104)
(775.703 0 -134.133)
(775.708 0 -134.161)
(775.63 0 -134.192)
(775.553 0 -134.259)
(775.521 0 -134.316)
(775.511 0 -134.388)
(775.55 0 -134.488)
(775.622 0 -134.543)
(775.697 0 -134.564)
(775.774 0 -134.57)
(775.851 0 -134.568)
(775.918 0 -134.591)
(775.972 0 -134.618)
(776.017 0 -134.672)
(776.055 0 -134.789)
(776.082 0 -134.921)
(776.11 0 -135.102)
(776.094 0 -135.262)
(776.042 0 -135.337)
(775.972 0 -135.316)
(775.918 0 -135.23)
(775.858 0 -135.137)
(775.789 0 -135.074)
(775.746 0 -134.992)
(775.739 0 -134.911)
(775.766 0 -134.85)
(775.819 0 -134.836)
(775.925 0 -134.733)
(776.074 0 -134.521)
(776.268 0 -134.169)
(776.541 0 -133.629)
(776.958 0 -132.751)
(777.535 0 -131.518)
(778.429 0 -129.536)
(779.433 0 -127.242)
(781.012 0 -123.49)
(782.48 0 -119.997)
(784.545 0 -115.033)
(786.401 0 -110.275)
(788.596 0 -104.719)
(790.833 0 -99.5018)
(792.568 0 -94.7159)
(794.474 0 -89.5716)
(796.865 0 -83.0004)
(797.756 0 -80.8429)
(800.015 0 -74.3949)
(800.89 0 -71.3093)
(802.782 0 -65.8569)
(803.112 0 -63.4281)
(803.907 0 -57.4331)
(803.381 0 -50.3861)
(802.845 0 -40.6439)
(800.378 0 -23.3862)
(794.291 0 7.03818)
(783.753 0 46.4568)
(780.863 0 61.7507)
(774.861 0 91.1463)
(772.19 0 106.981)
(769.809 0 114.375)
(770.183 0 115.248)
(772.473 0 112.662)
(774.282 0 110.02)
(774.326 0 109.998)
(774.295 0 110.869)
(773.175 0 110.804)
(771.667 0 110.143)
(769.834 0 112.034)
(769.499 0 113.212)
(769.177 0 114.737)
(769.07 0 115.735)
(769.124 0 116.616)
(775.473 0 -134.135)
(775.507 0 -134.039)
(775.527 0 -133.96)
(775.558 0 -133.869)
(775.584 0 -133.78)
(775.597 0 -133.723)
(775.606 0 -133.706)
(775.601 0 -133.733)
(775.593 0 -133.775)
(775.574 0 -133.831)
(775.534 0 -133.872)
(775.473 0 -133.897)
(775.497 0 -133.95)
(775.567 0 -134.008)
(775.602 0 -134.036)
(775.636 0 -134.046)
(775.693 0 -134.04)
(775.769 0 -134.022)
(775.826 0 -134.007)
(775.872 0 -133.989)
(775.915 0 -134.056)
(775.942 0 -134.217)
(775.953 0 -134.333)
(775.983 0 -134.392)
(776.028 0 -134.456)
(776.075 0 -134.596)
(776.057 0 -134.745)
(775.981 0 -134.81)
(775.905 0 -134.781)
(775.812 0 -134.748)
(775.731 0 -134.669)
(775.66 0 -134.619)
(775.639 0 -134.561)
(775.67 0 -134.534)
(775.764 0 -134.44)
(775.904 0 -134.286)
(776.103 0 -134.007)
(776.391 0 -133.503)
(776.785 0 -132.748)
(777.402 0 -131.5)
(778.196 0 -129.774)
(779.272 0 -127.339)
(780.644 0 -124.236)
(782.294 0 -120.217)
(784.372 0 -115.034)
(785.868 0 -111.662)
(788.726 0 -104.235)
(790.449 0 -99.4352)
(792.267 0 -95.4293)
(794.809 0 -88.7306)
(796.301 0 -84.0365)
(797.944 0 -79.5245)
(800.198 0 -73.4254)
(800.617 0 -72.0047)
(802.857 0 -64.4574)
(803.648 0 -62.5728)
(805.474 0 -57.5775)
(805.711 0 -56.0939)
(807.507 0 -50.0952)
(807.162 0 -48.9864)
(808.346 0 -42.678)
(807.815 0 -37.6878)
(806.969 0 -29.4526)
(802.766 0 -10.5487)
(798.19 0 12.9749)
(787.39 0 52.9239)
(777.031 0 87.1707)
(778.904 0 89.0699)
(776.927 0 102.889)
(772.092 0 113.613)
(771.064 0 116.483)
(771.876 0 116.324)
(772.253 0 116.55)
(772.049 0 116.886)
(772.195 0 115.931)
(772.18 0 116.829)
(773.295 0 119.096)
(773.678 0 120.589)
(772.813 0 122.048)
(771.778 0 122.333)
(775.589 0 -133.963)
(775.611 0 -133.833)
(775.594 0 -133.729)
(775.574 0 -133.621)
(775.565 0 -133.528)
(775.556 0 -133.487)
(775.554 0 -133.471)
(775.564 0 -133.457)
(775.573 0 -133.445)
(775.568 0 -133.475)
(775.549 0 -133.553)
(775.521 0 -133.614)
(775.522 0 -133.64)
(775.589 0 -133.653)
(775.633 0 -133.66)
(775.669 0 -133.681)
(775.737 0 -133.704)
(775.811 0 -133.684)
(775.832 0 -133.677)
(775.864 0 -133.682)
(775.896 0 -133.687)
(775.907 0 -133.777)
(775.91 0 -133.918)
(775.904 0 -134.006)
(775.916 0 -134.071)
(775.958 0 -134.214)
(775.97 0 -134.381)
(775.898 0 -134.491)
(775.82 0 -134.465)
(775.723 0 -134.423)
(775.67 0 -134.331)
(775.646 0 -134.243)
(775.68 0 -134.049)
(775.737 0 -133.904)
(775.887 0 -133.625)
(776.12 0 -133.246)
(776.551 0 -132.509)
(777.155 0 -131.402)
(777.969 0 -129.849)
(779.138 0 -127.425)
(780.577 0 -124.068)
(781.98 0 -120.819)
(784.23 0 -115.442)
(786.101 0 -110.338)
(788.075 0 -105.554)
(790.235 0 -100.422)
(792.916 0 -91.9519)
(793.815 0 -90.1434)
(796.464 0 -84.2349)
(798.548 0 -77.2512)
(799.829 0 -73.229)
(800.925 0 -70.9627)
(803.272 0 -63.9485)
(803.847 0 -61.3948)
(805.418 0 -55.9279)
(806.08 0 -55.0131)
(807.751 0 -49.2545)
(807.968 0 -47.8928)
(809.358 0 -43.0451)
(809.621 0 -42.636)
(810.971 0 -37.6405)
(810.644 0 -36.9382)
(811.597 0 -31.0595)
(811.093 0 -26.7126)
(809.802 0 -18.6932)
(805.056 0 0.0964437)
(798.51 0 24.4522)
(789.835 0 62.2677)
(777.109 0 108.195)
(772.012 0 107.964)
(773.425 0 109.842)
(772.72 0 117.672)
(769.73 0 125.252)
(768.569 0 125.896)
(770.291 0 123.863)
(772.041 0 123.291)
(774.539 0 121.909)
(776.097 0 122.492)
(775.427 0 123.741)
(773.988 0 125.36)
(775.761 0 -133.769)
(775.752 0 -133.646)
(775.714 0 -133.497)
(775.649 0 -133.36)
(775.581 0 -133.292)
(775.532 0 -133.276)
(775.503 0 -133.269)
(775.483 0 -133.26)
(775.466 0 -133.271)
(775.463 0 -133.321)
(775.486 0 -133.368)
(775.51 0 -133.393)
(775.536 0 -133.429)
(775.593 0 -133.468)
(775.684 0 -133.485)
(775.733 0 -133.489)
(775.773 0 -133.482)
(775.783 0 -133.474)
(775.791 0 -133.451)
(775.803 0 -133.435)
(775.819 0 -133.452)
(775.829 0 -133.485)
(775.854 0 -133.595)
(775.849 0 -133.749)
(775.818 0 -133.821)
(775.797 0 -133.926)
(775.774 0 -134.014)
(775.726 0 -134.04)
(775.691 0 -133.972)
(775.68 0 -133.942)
(775.672 0 -133.872)
(775.684 0 -133.739)
(775.757 0 -133.5)
(775.947 0 -133.055)
(776.319 0 -132.278)
(776.829 0 -131.302)
(777.756 0 -129.436)
(778.805 0 -127.237)
(780.092 0 -124.567)
(782.144 0 -119.749)
(783.841 0 -115.59)
(785.625 0 -111.592)
(788.684 0 -103.436)
(790.155 0 -99.3027)
(792.382 0 -94.3048)
(794.888 0 -87.1979)
(796.657 0 -80.9904)
(797.594 0 -79.5564)
(800.616 0 -71.4092)
(801.704 0 -66.8089)
(802.724 0 -64.3705)
(804.164 0 -61.2871)
(806.066 0 -53.3468)
(806.351 0 -52.7397)
(807.902 0 -48.5479)
(808.522 0 -46.9692)
(809.638 0 -41.1811)
(809.921 0 -40.8726)
(811.239 0 -36.8481)
(811.555 0 -35.8635)
(812.419 0 -31.5842)
(812.853 0 -31.2899)
(813.539 0 -27.8254)
(814.101 0 -26.6043)
(813.263 0 -22.557)
(813.013 0 -17.7757)
(811.661 0 -9.48846)
(806.55 0 9.85115)
(796.847 0 42.638)
(790.735 0 66.4995)
(774.446 0 115.784)
(768.055 0 130.312)
(769.21 0 121.392)
(770.684 0 122.619)
(771.62 0 123.269)
(772.264 0 123.556)
(772.831 0 124.009)
(772.133 0 125.259)
(771.52 0 125.84)
(772.596 0 126.763)
(775.84 0 -133.62)
(775.776 0 -133.456)
(775.672 0 -133.302)
(775.561 0 -133.179)
(775.482 0 -133.133)
(775.43 0 -133.14)
(775.395 0 -133.141)
(775.384 0 -133.152)
(775.384 0 -133.17)
(775.422 0 -133.194)
(775.452 0 -133.211)
(775.488 0 -133.246)
(775.539 0 -133.298)
(775.596 0 -133.338)
(775.647 0 -133.349)
(775.683 0 -133.331)
(775.719 0 -133.317)
(775.712 0 -133.302)
(775.705 0 -133.294)
(775.692 0 -133.28)
(775.676 0 -133.286)
(775.701 0 -133.378)
(775.718 0 -133.494)
(775.734 0 -133.619)
(775.729 0 -133.707)
(775.717 0 -133.743)
(775.712 0 -133.76)
(775.717 0 -133.721)
(775.716 0 -133.656)
(775.749 0 -133.5)
(775.824 0 -133.244)
(775.984 0 -132.803)
(776.298 0 -132.048)
(776.807 0 -130.867)
(777.532 0 -129.273)
(778.56 0 -127.067)
(780.118 0 -123.542)
(781.406 0 -120.736)
(783.816 0 -115.386)
(786.153 0 -109.278)
(787.767 0 -105.615)
(790.467 0 -99.1771)
(793.336 0 -89.7932)
(794.036 0 -88.6786)
(796.924 0 -81.8526)
(799.035 0 -74.2219)
(800.245 0 -70.3652)
(801.301 0 -68.8336)
(803.939 0 -59.7492)
(804.456 0 -57.7402)
(805.838 0 -54.4321)
(807.261 0 -50.7771)
(808.282 0 -45.1585)
(808.485 0 -45.8065)
(810.215 0 -40.7333)
(810.79 0 -38.1641)
(811.344 0 -34.8874)
(811.668 0 -34.9264)
(812.769 0 -30.8358)
(813.279 0 -28.6224)
(813.485 0 -27.6998)
(814.403 0 -24.5371)
(814.549 0 -23.7753)
(815.413 0 -20.977)
(815.193 0 -20.8529)
(815.7 0 -17.7283)
(815.403 0 -15.334)
(814.596 0 -10.8743)
(812.355 0 -1.6301)
(806.15 0 22.0123)
(793.737 0 62.2476)
(790.91 0 73.8178)
(775.816 0 113.52)
(767.7 0 138.018)
(767.881 0 134.714)
(769.928 0 129.267)
(769.807 0 128.35)
(769.349 0 127.682)
(769.959 0 126.921)
(771.162 0 127.304)
(775.733 0 -133.533)
(775.63 0 -133.412)
(775.51 0 -133.28)
(775.397 0 -133.128)
(775.341 0 -133.037)
(775.306 0 -133.013)
(775.275 0 -132.993)
(775.327 0 -132.992)
(775.378 0 -133.002)
(775.411 0 -133.013)
(775.449 0 -133.042)
(775.478 0 -133.101)
(775.514 0 -133.164)
(775.565 0 -133.206)
(775.606 0 -133.228)
(775.614 0 -133.224)
(775.612 0 -133.217)
(775.604 0 -133.212)
(775.594 0 -133.218)
(775.588 0 -133.249)
(775.59 0 -133.295)
(775.62 0 -133.363)
(775.643 0 -133.418)
(775.657 0 -133.448)
(775.667 0 -133.464)
(775.679 0 -133.443)
(775.706 0 -133.355)
(775.747 0 -133.194)
(775.827 0 -132.925)
(775.971 0 -132.517)
(776.268 0 -131.81)
(776.684 0 -130.876)
(777.472 0 -129.161)
(778.393 0 -127.104)
(779.78 0 -124.082)
(781.552 0 -120.074)
(783.753 0 -114.814)
(785.442 0 -111.001)
(788.876 0 -102.43)
(790.622 0 -97.6336)
(792.714 0 -92.616)
(795.633 0 -84.5744)
(797.494 0 -77.9691)
(798.082 0 -77.2071)
(801.471 0 -67.399)
(802.462 0 -63.1178)
(803.403 0 -60.7444)
(805.076 0 -57.012)
(806.787 0 -49.2735)
(807.147 0 -48.693)
(808.187 0 -46.1144)
(809.741 0 -41.0268)
(810.289 0 -38.5221)
(810.901 0 -37.1731)
(811.864 0 -33.6735)
(812.409 0 -31.201)
(812.493 0 -30.6011)
(813.46 0 -27.3967)
(813.968 0 -25.0667)
(814.359 0 -23.7102)
(814.572 0 -23.0392)
(815.129 0 -19.7178)
(815.452 0 -19.876)
(816.019 0 -17.7751)
(816.09 0 -17.6819)
(816.512 0 -15.4105)
(816.907 0 -14.9929)
(816.441 0 -12.9467)
(816.189 0 -10.3983)
(815.073 0 -5.3096)
(812.077 0 5.98614)
(805.282 0 33.8362)
(790.121 0 81.2849)
(789.377 0 88.0184)
(780.879 0 110.504)
(767.763 0 133.195)
(765.926 0 134.628)
(766.013 0 134.321)
(767.434 0 132.587)
(769.53 0 129.902)
(775.618 0 -133.379)
(775.522 0 -133.257)
(775.411 0 -133.159)
(775.303 0 -133.064)
(775.254 0 -132.972)
(775.222 0 -132.923)
(775.207 0 -132.912)
(775.272 0 -132.924)
(775.307 0 -132.933)
(775.347 0 -132.949)
(775.406 0 -132.978)
(775.478 0 -133.043)
(775.497 0 -133.103)
(775.507 0 -133.145)
(775.542 0 -133.185)
(775.557 0 -133.207)
(775.563 0 -133.217)
(775.56 0 -133.232)
(775.551 0 -133.254)
(775.556 0 -133.281)
(775.562 0 -133.286)
(775.57 0 -133.297)
(775.577 0 -133.305)
(775.591 0 -133.282)
(775.625 0 -133.209)
(775.679 0 -133.086)
(775.79 0 -132.831)
(775.954 0 -132.445)
(776.267 0 -131.729)
(776.696 0 -130.742)
(777.455 0 -129.009)
(778.312 0 -127.078)
(779.92 0 -123.454)
(781.324 0 -120.16)
(783.816 0 -114.377)
(786.017 0 -109.102)
(788.588 0 -102.443)
(790.71 0 -97.423)
(794.162 0 -87.634)
(795.327 0 -84.3321)
(797.364 0 -79.0925)
(800.18 0 -70.543)
(801.399 0 -66.3633)
(802.271 0 -64.2423)
(804.588 0 -56.2751)
(805.516 0 -52.7312)
(806.428 0 -50.3715)
(808.006 0 -46.0656)
(808.937 0 -41.6108)
(809.411 0 -39.9399)
(810.282 0 -37.6818)
(811.51 0 -32.9266)
(811.747 0 -32.2904)
(812.497 0 -30.0316)
(813.091 0 -28.0276)
(813.642 0 -25.4604)
(814.031 0 -23.8229)
(814.562 0 -21.668)
(814.741 0 -21.1594)
(815.077 0 -19.6493)
(815.672 0 -16.8023)
(815.806 0 -16.5019)
(816.271 0 -15.2565)
(816.469 0 -14.4088)
(816.797 0 -12.9816)
(816.958 0 -13.2474)
(817.201 0 -12.3002)
(817.237 0 -12.6388)
(817.094 0 -10.9034)
(816.966 0 -9.34765)
(816.464 0 -6.75626)
(814.671 0 -0.166905)
(810.623 0 14.3126)
(803.601 0 46.7332)
(785.146 0 104.129)
(780.993 0 102.611)
(778.435 0 115.732)
(771.311 0 128.825)
(767.891 0 131.763)
(768.164 0 132.229)
(775.595 0 -133.149)
(775.516 0 -133.028)
(775.424 0 -132.925)
(775.316 0 -132.848)
(775.253 0 -132.797)
(775.222 0 -132.771)
(775.223 0 -132.802)
(775.283 0 -132.832)
(775.314 0 -132.864)
(775.369 0 -132.909)
(775.432 0 -132.954)
(775.48 0 -133.023)
(775.496 0 -133.097)
(775.494 0 -133.125)
(775.502 0 -133.167)
(775.512 0 -133.203)
(775.512 0 -133.22)
(775.511 0 -133.232)
(775.51 0 -133.244)
(775.516 0 -133.239)
(775.534 0 -133.213)
(775.557 0 -133.183)
(775.599 0 -133.109)
(775.66 0 -132.988)
(775.766 0 -132.756)
(775.93 0 -132.384)
(776.25 0 -131.654)
(776.678 0 -130.661)
(777.405 0 -129.016)
(778.402 0 -126.76)
(779.868 0 -123.395)
(781.362 0 -120.079)
(784.189 0 -113.236)
(786.168 0 -108.369)
(788.703 0 -102.315)
(791.717 0 -94.0509)
(794.032 0 -87.5362)
(796.036 0 -82.937)
(798.76 0 -73.6764)
(799.776 0 -70.2811)
(801.696 0 -65.6244)
(804.043 0 -57.6239)
(804.607 0 -55.3401)
(805.454 0 -52.718)
(807.334 0 -45.8678)
(808.19 0 -42.4496)
(808.539 0 -42.1249)
(810.11 0 -37.3343)
(810.82 0 -33.0351)
(811.062 0 -32.6753)
(811.905 0 -30.8066)
(812.801 0 -26.5372)
(813.049 0 -25.861)
(813.516 0 -24.6267)
(814.213 0 -21.9684)
(814.537 0 -20.1721)
(814.71 0 -19.9015)
(815.119 0 -18.2989)
(815.431 0 -16.4329)
(815.702 0 -14.9737)
(815.937 0 -14.2357)
(816.002 0 -14.3571)
(816.261 0 -12.7039)
(816.472 0 -12.0184)
(816.678 0 -11.9959)
(816.985 0 -11.2279)
(817.038 0 -10.954)
(817.145 0 -10.2361)
(817.273 0 -10.5315)
(817.1 0 -9.42934)
(816.915 0 -8.6602)
(816.643 0 -7.19811)
(815.862 0 -3.94112)
(813.214 0 5.44467)
(806.99 0 26.9912)
(798.659 0 61.6357)
(781.221 0 120.034)
(775.952 0 119.773)
(773.457 0 120.932)
(771.092 0 127.046)
(775.624 0 -132.942)
(775.56 0 -132.839)
(775.481 0 -132.748)
(775.396 0 -132.686)
(775.352 0 -132.677)
(775.332 0 -132.698)
(775.326 0 -132.723)
(775.337 0 -132.771)
(775.376 0 -132.844)
(775.43 0 -132.935)
(775.448 0 -132.967)
(775.466 0 -132.986)
(775.483 0 -133.043)
(775.473 0 -133.099)
(775.448 0 -133.135)
(775.432 0 -133.185)
(775.421 0 -133.214)
(775.422 0 -133.213)
(775.431 0 -133.205)
(775.476 0 -133.159)
(775.524 0 -133.095)
(775.593 0 -132.981)
(775.71 0 -132.766)
(775.91 0 -132.376)
(776.24 0 -131.673)
(776.7 0 -130.674)
(777.476 0 -128.921)
(778.444 0 -126.638)
(779.952 0 -123.201)
(781.793 0 -118.808)
(783.853 0 -113.749)
(786.883 0 -106.516)
(789.753 0 -98.5294)
(791.057 0 -95.2984)
(794.871 0 -85.4649)
(797.57 0 -76.2724)
(798.447 0 -74.8298)
(800.828 0 -68.1289)
(802.777 0 -58.7467)
(803.403 0 -57.9584)
(805.477 0 -53.5233)
(807.01 0 -45.7797)
(807.024 0 -45.0899)
(807.935 0 -42.6634)
(809.528 0 -36.4697)
(810.078 0 -34.5622)
(810.49 0 -34.1646)
(811.67 0 -28.948)
(811.946 0 -26.5221)
(812.179 0 -26.9634)
(813.375 0 -23.8467)
(813.698 0 -20.9584)
(813.774 0 -20.9371)
(814.294 0 -19.454)
(814.815 0 -16.8413)
(815.031 0 -16.2747)
(815.29 0 -15.7696)
(815.726 0 -13.3682)
(815.729 0 -12.6487)
(815.809 0 -12.3174)
(816.065 0 -11.4481)
(816.289 0 -10.4242)
(816.384 0 -9.87145)
(816.518 0 -9.65966)
(816.62 0 -9.65726)
(816.652 0 -9.42692)
(816.713 0 -9.53514)
(816.774 0 -9.56002)
(816.794 0 -9.46513)
(816.78 0 -9.27224)
(816.808 0 -9.23196)
(816.779 0 -8.32755)
(816.685 0 -7.61958)
(816.277 0 -5.95321)
(814.996 0 -1.30381)
(810.57 0 15.1252)
(806.866 0 37.0699)
(788.057 0 89.8316)
(776.819 0 122.564)
(773.16 0 126.465)
(775.614 0 -132.705)
(775.544 0 -132.614)
(775.475 0 -132.584)
(775.422 0 -132.608)
(775.394 0 -132.632)
(775.389 0 -132.636)
(775.382 0 -132.65)
(775.394 0 -132.714)
(775.412 0 -132.798)
(775.416 0 -132.826)
(775.429 0 -132.866)
(775.439 0 -132.898)
(775.441 0 -132.937)
(775.425 0 -132.995)
(775.387 0 -133.043)
(775.345 0 -133.104)
(775.336 0 -133.115)
(775.345 0 -133.097)
(775.395 0 -133.021)
(775.468 0 -132.903)
(775.592 0 -132.679)
(775.783 0 -132.308)
(776.106 0 -131.651)
(776.66 0 -130.452)
(777.343 0 -128.977)
(778.457 0 -126.488)
(780.226 0 -122.079)
(781.716 0 -118.651)
(784.063 0 -112.828)
(787.434 0 -103.939)
(789.977 0 -97.6986)
(792.835 0 -90.1636)
(794.77 0 -83.4021)
(797.191 0 -77.2122)
(800.85 0 -66.4105)
(801.85 0 -63.11)
(802.077 0 -62.2718)
(804.631 0 -52.1983)
(805.806 0 -47.0111)
(806.65 0 -47.4172)
(808.603 0 -41.309)
(808.674 0 -36.2512)
(808.384 0 -37.019)
(810.071 0 -33.4633)
(811.116 0 -28.603)
(811.444 0 -28.1214)
(811.876 0 -27.0468)
(812.423 0 -22.4448)
(812.66 0 -21.693)
(813.224 0 -21.4584)
(814.088 0 -18.2596)
(814.178 0 -16.944)
(814.216 0 -16.98)
(814.667 0 -15.0126)
(814.914 0 -13.8759)
(815.16 0 -13.4232)
(815.451 0 -12.6476)
(815.613 0 -11.2544)
(815.557 0 -11.3313)
(815.689 0 -10.6042)
(815.853 0 -9.46551)
(815.933 0 -9.27177)
(816.011 0 -9.1894)
(816.132 0 -8.63602)
(816.227 0 -8.21324)
(816.322 0 -8.08874)
(816.471 0 -8.12588)
(816.611 0 -8.09337)
(816.65 0 -7.98631)
(816.69 0 -8.12996)
(816.684 0 -8.1031)
(816.658 0 -7.92348)
(816.68 0 -7.61506)
(816.631 0 -7.30633)
(816.426 0 -6.51563)
(815.659 0 -3.88394)
(813.702 0 3.98463)
(806.464 0 28.0432)
(797.782 0 59.9807)
(780.519 0 107.833)
(775.558 0 -132.531)
(775.53 0 -132.447)
(775.487 0 -132.394)
(775.448 0 -132.381)
(775.437 0 -132.402)
(775.435 0 -132.414)
(775.441 0 -132.454)
(775.436 0 -132.506)
(775.424 0 -132.534)
(775.419 0 -132.566)
(775.413 0 -132.602)
(775.402 0 -132.664)
(775.379 0 -132.737)
(775.345 0 -132.808)
(775.316 0 -132.89)
(775.302 0 -132.902)
(775.307 0 -132.862)
(775.354 0 -132.739)
(775.451 0 -132.512)
(775.633 0 -132.122)
(775.962 0 -131.437)
(776.484 0 -130.317)
(777.376 0 -128.373)
(778.428 0 -125.978)
(780.071 0 -122.079)
(782.773 0 -115.194)
(784.345 0 -111.442)
(786.618 0 -105.134)
(791.639 0 -90.2621)
(793.753 0 -85.3679)
(794.619 0 -84.6379)
(798.266 0 -70.9343)
(800.555 0 -63.433)
(802.785 0 -60.0558)
(805.039 0 -53.0339)
(804.367 0 -51.6827)
(805.386 0 -47.1558)
(807.508 0 -39.0954)
(808.61 0 -37.9527)
(809.361 0 -38.0835)
(809.796 0 -31.3644)
(809.656 0 -28.8005)
(809.955 0 -29.0419)
(811.776 0 -24.9977)
(812.233 0 -22.4277)
(812.342 0 -22.6987)
(812.735 0 -20.4913)
(813.042 0 -17.1154)
(813.373 0 -17.0754)
(814.246 0 -15.7574)
(814.521 0 -13.7554)
(814.486 0 -13.8009)
(814.6 0 -13.1571)
(814.923 0 -11.5087)
(815.152 0 -10.791)
(815.371 0 -10.598)
(815.521 0 -10.1329)
(815.649 0 -9.28887)
(815.765 0 -8.76955)
(815.859 0 -8.29924)
(815.88 0 -7.91203)
(815.883 0 -8.06364)
(815.882 0 -7.94388)
(815.894 0 -7.59475)
(815.953 0 -7.50507)
(816.056 0 -7.60891)
(816.183 0 -7.65923)
(816.254 0 -7.6209)
(816.28 0 -7.57457)
(816.329 0 -7.55426)
(816.428 0 -7.51336)
(816.514 0 -7.45671)
(816.564 0 -7.39233)
(816.571 0 -7.29993)
(816.531 0 -7.03119)
(816.418 0 -6.63038)
(816.032 0 -5.29232)
(814.583 0 -0.349766)
(811.434 0 11.1184)
(793.961 0 64.1488)
(775.539 0 -132.393)
(775.528 0 -132.307)
(775.496 0 -132.233)
(775.455 0 -132.187)
(775.445 0 -132.175)
(775.441 0 -132.181)
(775.439 0 -132.216)
(775.425 0 -132.277)
(775.399 0 -132.314)
(775.377 0 -132.358)
(775.356 0 -132.406)
(775.341 0 -132.497)
(775.301 0 -132.597)
(775.238 0 -132.664)
(775.186 0 -132.703)
(775.22 0 -132.604)
(775.318 0 -132.385)
(775.496 0 -131.998)
(775.807 0 -131.353)
(776.395 0 -130.088)
(777.362 0 -127.899)
(778.49 0 -125.361)
(780.38 0 -120.789)
(783.193 0 -113.127)
(785.538 0 -107.497)
(786.661 0 -102.891)
(791.708 0 -89.6368)
(795.328 0 -76.1131)
(796.744 0 -75.0284)
(796.882 0 -75.4019)
(801.053 0 -60.8401)
(803.198 0 -49.301)
(805.235 0 -49.3689)
(806.772 0 -49.8319)
(806.865 0 -41.048)
(806.722 0 -37.9202)
(808.324 0 -34.7152)
(810.111 0 -30.7779)
(810.62 0 -31.1386)
(810.61 0 -28.8196)
(810.553 0 -23.2985)
(810.786 0 -23.1789)
(811.654 0 -22.81)
(812.671 0 -19.0559)
(812.869 0 -18.0732)
(812.952 0 -18.2211)
(813.427 0 -15.1729)
(813.746 0 -13.6783)
(814.158 0 -13.9464)
(814.774 0 -12.0072)
(814.772 0 -11.2898)
(814.815 0 -11.2316)
(815.113 0 -9.99253)
(815.212 0 -9.3828)
(815.343 0 -9.14901)
(815.46 0 -9.06406)
(815.572 0 -8.68495)
(815.716 0 -8.08143)
(815.789 0 -7.99149)
(815.855 0 -7.73775)
(815.89 0 -7.29283)
(815.868 0 -7.21112)
(815.858 0 -7.11543)
(815.908 0 -6.82712)
(815.986 0 -6.82554)
(816.107 0 -6.8637)
(816.228 0 -6.88385)
(816.296 0 -6.87082)
(816.343 0 -7.00797)
(816.356 0 -7.03773)
(816.388 0 -7.10882)
(816.444 0 -7.01598)
(816.498 0 -7.02878)
(816.578 0 -6.91392)
(816.653 0 -6.91756)
(816.566 0 -6.61863)
(816.508 0 -6.38113)
(816.292 0 -5.61562)
(815.648 0 -3.28488)
(809.09 0 17.8291)
(775.563 0 -132.344)
(775.52 0 -132.225)
(775.49 0 -132.128)
(775.449 0 -132.089)
(775.417 0 -132.07)
(775.393 0 -132.1)
(775.371 0 -132.152)
(775.324 0 -132.22)
(775.271 0 -132.26)
(775.208 0 -132.286)
(775.147 0 -132.336)
(775.107 0 -132.425)
(775.082 0 -132.524)
(775.106 0 -132.506)
(775.186 0 -132.374)
(775.353 0 -132.05)
(775.685 0 -131.367)
(776.243 0 -130.143)
(777.284 0 -127.741)
(778.707 0 -124.447)
(780.195 0 -120.635)
(783.621 0 -111.504)
(786.803 0 -102.571)
(786.726 0 -101.469)
(791.431 0 -89.0922)
(796.315 0 -70.0517)
(798.029 0 -65.899)
(798.277 0 -70.5347)
(800.158 0 -62.7347)
(804.144 0 -47.1913)
(805.456 0 -40.0751)
(807.158 0 -40.6388)
(808.556 0 -43.6618)
(808.28 0 -37.1142)
(808.525 0 -29.5586)
(809.181 0 -28.6004)
(811.417 0 -27.0194)
(812.543 0 -23.7249)
(811.468 0 -24.3454)
(811.283 0 -21.5837)
(811.934 0 -18.3807)
(812.552 0 -18.2057)
(813.554 0 -15.7409)
(813.557 0 -13.8754)
(813.462 0 -14.2465)
(814.011 0 -13.0317)
(814.44 0 -11.2872)
(814.814 0 -11.2327)
(815.208 0 -10.8408)
(815.217 0 -9.67946)
(815.211 0 -9.75949)
(815.514 0 -9.15521)
(815.64 0 -8.66357)
(815.643 0 -8.75344)
(815.711 0 -8.34648)
(815.785 0 -7.97502)
(815.935 0 -7.61586)
(816.097 0 -7.1752)
(816.196 0 -6.98246)
(816.204 0 -6.83295)
(816.156 0 -6.51312)
(816.112 0 -6.43409)
(816.102 0 -6.37675)
(816.119 0 -6.30174)
(816.165 0 -6.28206)
(816.249 0 -6.44042)
(816.343 0 -6.52238)
(816.43 0 -6.56816)
(816.535 0 -6.56634)
(816.603 0 -6.60395)
(816.641 0 -6.57359)
(816.645 0 -6.59433)
(816.66 0 -6.53999)
(816.68 0 -6.59711)
(816.751 0 -6.41978)
(816.752 0 -6.452)
(816.758 0 -6.21773)
(816.729 0 -6.02192)
(816.632 0 -5.58211)
(815.235 0 -0.676031)
(775.473 0 -132.389)
(775.441 0 -132.235)
(775.427 0 -132.187)
(775.382 0 -132.185)
(775.325 0 -132.197)
(775.29 0 -132.217)
(775.229 0 -132.262)
(775.177 0 -132.343)
(775.08 0 -132.397)
(774.995 0 -132.433)
(774.925 0 -132.5)
(774.891 0 -132.524)
(774.925 0 -132.427)
(775.048 0 -132.161)
(775.335 0 -131.56)
(775.843 0 -130.462)
(776.858 0 -128.163)
(778.397 0 -124.69)
(779.95 0 -120.813)
(783.493 0 -111.482)
(787.337 0 -100.333)
(787.603 0 -98.6889)
(790.506 0 -89.4867)
(797.306 0 -67.9855)
(798.883 0 -58.1067)
(799.877 0 -63.5151)
(799.827 0 -63.9572)
(804.276 0 -48.7213)
(806.575 0 -36.0627)
(807.429 0 -33.6412)
(809.127 0 -35.9816)
(809.615 0 -37.242)
(809.657 0 -31.8019)
(810.775 0 -26.3128)
(810.693 0 -23.0191)
(812.337 0 -23.3679)
(813.744 0 -22.1391)
(813.121 0 -19.4942)
(812.15 0 -19.179)
(813.034 0 -16.2117)
(813.868 0 -14.502)
(814.538 0 -14.1042)
(814.544 0 -12.0669)
(814.153 0 -11.6301)
(814.417 0 -11.0734)
(815.084 0 -9.77059)
(815.456 0 -9.33997)
(815.802 0 -9.23169)
(815.883 0 -8.49126)
(815.845 0 -8.19556)
(815.966 0 -8.27462)
(816.22 0 -7.85029)
(816.292 0 -7.73913)
(816.244 0 -7.75983)
(816.255 0 -7.34754)
(816.298 0 -7.28217)
(816.42 0 -7.13966)
(816.562 0 -6.79646)
(816.604 0 -6.69117)
(816.559 0 -6.5731)
(816.479 0 -6.31811)
(816.428 0 -6.20888)
(816.406 0 -6.20284)
(816.408 0 -6.12468)
(816.435 0 -6.1112)
(816.492 0 -6.13332)
(816.579 0 -6.1842)
(816.668 0 -6.19259)
(816.763 0 -6.25531)
(816.849 0 -6.26609)
(816.897 0 -6.25005)
(816.925 0 -6.12371)
(816.925 0 -6.07621)
(816.934 0 -5.97448)
(816.94 0 -6.00802)
(816.96 0 -5.90176)
(816.968 0 -6.02742)
(817.003 0 -6.01571)
(816.993 0 -5.8971)
(816.715 0 -4.77416)
(775.337 0 -132.537)
(775.331 0 -132.429)
(775.35 0 -132.348)
(775.33 0 -132.319)
(775.233 0 -132.304)
(775.176 0 -132.31)
(775.117 0 -132.339)
(775.058 0 -132.407)
(774.969 0 -132.455)
(774.866 0 -132.547)
(774.797 0 -132.551)
(774.824 0 -132.38)
(775.001 0 -131.911)
(775.392 0 -130.984)
(776.239 0 -129.009)
(777.79 0 -125.459)
(779.378 0 -121.569)
(782.806 0 -112.648)
(787.212 0 -99.4949)
(787.945 0 -97.3634)
(789.932 0 -89.8934)
(797.608 0 -66.6738)
(799.357 0 -54.0741)
(800.888 0 -58.919)
(800.462 0 -61.7129)
(804.73 0 -48.933)
(808.166 0 -34.8717)
(808.564 0 -30.2701)
(809.689 0 -30.7311)
(810.975 0 -33.0433)
(810.824 0 -31.1689)
(811.048 0 -26.3543)
(812.354 0 -22.3596)
(812.773 0 -19.485)
(813.853 0 -18.7733)
(815.201 0 -19.3019)
(814.158 0 -18.4262)
(814.101 0 -15.5109)
(814.145 0 -14.252)
(814.984 0 -12.5351)
(815.821 0 -12.0972)
(815.954 0 -11.3328)
(815.417 0 -9.72867)
(815.214 0 -9.39134)
(815.71 0 -8.65988)
(816.04 0 -8.10888)
(816.303 0 -7.99841)
(816.421 0 -7.76913)
(816.351 0 -7.36854)
(816.406 0 -7.37443)
(816.59 0 -7.3494)
(816.781 0 -7.05353)
(816.828 0 -7.02963)
(816.753 0 -7.06347)
(816.754 0 -6.7151)
(816.824 0 -6.6499)
(816.934 0 -6.52787)
(816.985 0 -6.29245)
(816.971 0 -6.21409)
(816.905 0 -6.19929)
(816.838 0 -6.0646)
(816.792 0 -5.96119)
(816.749 0 -5.91748)
(816.728 0 -5.9028)
(816.745 0 -5.92107)
(816.803 0 -5.99687)
(816.883 0 -6.03397)
(816.969 0 -6.00783)
(817.045 0 -5.95106)
(817.106 0 -5.86956)
(817.144 0 -5.7686)
(817.165 0 -5.67361)
(817.171 0 -5.59516)
(817.16 0 -5.59961)
(817.145 0 -5.59943)
(817.143 0 -5.68231)
(817.153 0 -5.71106)
(817.186 0 -5.82147)
(817.195 0 -5.9347)
(817.126 0 -5.62117)
(775.196 0 -132.933)
(775.166 0 -132.763)
(775.157 0 -132.694)
(775.105 0 -132.67)
(774.918 0 -132.642)
(774.857 0 -132.643)
(774.789 0 -132.654)
(774.714 0 -132.665)
(774.647 0 -132.698)
(774.625 0 -132.631)
(774.709 0 -132.331)
(774.981 0 -131.602)
(775.613 0 -130.013)
(776.982 0 -126.741)
(778.558 0 -122.846)
(781.633 0 -114.774)
(786.431 0 -100.625)
(787.766 0 -97.0449)
(789.084 0 -90.8677)
(797.677 0 -66.5965)
(799.985 0 -51.467)
(801.389 0 -56.6729)
(800.607 0 -60.138)
(805.539 0 -47.2824)
(809.193 0 -33.4506)
(809.88 0 -28.9774)
(810.811 0 -28.9001)
(812.072 0 -29.9839)
(812.269 0 -29.9387)
(811.971 0 -25.7369)
(813.012 0 -21.9125)
(813.682 0 -18.5929)
(813.909 0 -17.3863)
(815.061 0 -17.0023)
(815.982 0 -17.6609)
(815.388 0 -16.4133)
(815.058 0 -13.018)
(815.249 0 -11.7646)
(815.842 0 -11.2526)
(816.744 0 -9.97781)
(816.867 0 -9.81983)
(816.294 0 -9.19466)
(816.027 0 -8.58685)
(816.204 0 -8.28233)
(816.452 0 -7.80076)
(816.577 0 -7.42605)
(816.645 0 -7.24445)
(816.621 0 -7.1183)
(816.688 0 -6.98626)
(816.801 0 -6.98321)
(816.981 0 -6.90317)
(817.105 0 -6.67755)
(817.102 0 -6.66642)
(817.032 0 -6.58499)
(817.038 0 -6.29094)
(817.111 0 -6.26513)
(817.149 0 -6.20414)
(817.104 0 -6.10742)
(817.071 0 -6.15386)
(817.036 0 -6.1932)
(817.027 0 -6.09541)
(817.01 0 -5.93422)
(816.941 0 -5.84653)
(816.892 0 -5.74644)
(816.917 0 -5.70053)
(816.975 0 -5.68174)
(817.051 0 -5.68382)
(817.129 0 -5.62242)
(817.176 0 -5.59909)
(817.188 0 -5.56383)
(817.184 0 -5.58885)
(817.199 0 -5.5009)
(817.21 0 -5.43492)
(817.205 0 -5.24186)
(817.184 0 -5.27548)
(817.154 0 -5.28478)
(817.16 0 -5.56383)
(817.165 0 -5.56978)
(817.174 0 -5.80471)
(817.132 0 -5.74027)
(775.094 0 -132.773)
(775.017 0 -132.708)
(774.95 0 -132.654)
(774.867 0 -132.614)
(774.807 0 -132.579)
(774.726 0 -132.558)
(774.641 0 -132.55)
(774.56 0 -132.583)
(774.522 0 -132.526)
(774.622 0 -132.154)
(774.989 0 -131.15)
(775.994 0 -128.686)
(777.453 0 -125.149)
(780.067 0 -118.327)
(784.929 0 -104.422)
(786.977 0 -98.9094)
(788.463 0 -92.4437)
(797.141 0 -67.4612)
(800.071 0 -51.348)
(801.554 0 -56.8385)
(801.111 0 -59.1864)
(806.544 0 -44.0646)
(809.797 0 -31.4865)
(810.46 0 -29.076)
(811.148 0 -28.5274)
(812.194 0 -27.1459)
(813.185 0 -26.218)
(813.32 0 -24.3878)
(813.446 0 -21.1843)
(813.966 0 -18.5212)
(813.976 0 -16.8564)
(814.711 0 -15.0982)
(815.906 0 -13.9125)
(816.374 0 -14.012)
(815.614 0 -13.4865)
(815.568 0 -11.5711)
(815.689 0 -9.98658)
(816.089 0 -9.63236)
(816.986 0 -8.8388)
(816.949 0 -8.13517)
(816.396 0 -8.33425)
(816.118 0 -8.0614)
(816.334 0 -7.7078)
(816.548 0 -7.42796)
(816.605 0 -7.08999)
(816.54 0 -6.95044)
(816.453 0 -7.01059)
(816.58 0 -6.78872)
(816.742 0 -6.56019)
(816.889 0 -6.49596)
(817.038 0 -6.24052)
(817.013 0 -5.95091)
(816.896 0 -5.99913)
(816.824 0 -6.04706)
(816.843 0 -5.93737)
(816.886 0 -5.84068)
(816.89 0 -5.67922)
(816.792 0 -5.56394)
(816.723 0 -5.61655)
(816.715 0 -5.786)
(816.734 0 -5.87847)
(816.775 0 -5.84641)
(816.772 0 -5.65783)
(816.676 0 -5.43749)
(816.639 0 -5.36309)
(816.673 0 -5.43745)
(816.726 0 -5.51872)
(816.791 0 -5.52248)
(816.845 0 -5.4397)
(816.842 0 -5.27483)
(816.796 0 -5.16084)
(816.77 0 -5.15832)
(816.769 0 -5.1976)
(816.771 0 -5.25121)
(816.765 0 -5.20627)
(816.727 0 -5.2774)
(816.697 0 -5.28652)
(816.669 0 -5.39336)
(816.647 0 -5.50994)
(816.597 0 -5.48863)
(774.871 0 -133.677)
(774.833 0 -133.577)
(774.784 0 -133.534)
(774.761 0 -133.463)
(774.731 0 -133.383)
(774.605 0 -133.29)
(774.489 0 -133.249)
(774.405 0 -133.116)
(774.492 0 -132.568)
(775.007 0 -131.047)
(776.133 0 -128.169)
(778.091 0 -122.991)
(782.594 0 -110.675)
(785.548 0 -102.774)
(787.261 0 -95.8892)
(796.039 0 -70.3102)
(800.007 0 -53.2807)
(800.69 0 -59.1527)
(800.559 0 -59.1966)
(806.992 0 -42.1024)
(810.171 0 -29.3193)
(810.359 0 -30.5907)
(810.506 0 -31.1378)
(812.267 0 -25.684)
(812.872 0 -22.39)
(812.913 0 -23.1739)
(812.623 0 -22.4253)
(813.261 0 -20.3293)
(814.065 0 -17.8473)
(814.097 0 -15.526)
(814.64 0 -13.4524)
(815.687 0 -12.1533)
(815.9 0 -12.0949)
(815.133 0 -11.6764)
(815.064 0 -10.6985)
(815.295 0 -9.55361)
(815.401 0 -8.58666)
(816.09 0 -8.39041)
(816.348 0 -8.32416)
(815.801 0 -8.03297)
(815.399 0 -8.07684)
(815.544 0 -7.87549)
(815.908 0 -7.54589)
(816.115 0 -7.12096)
(816.036 0 -6.7507)
(815.77 0 -6.57788)
(815.735 0 -6.51456)
(815.907 0 -6.38182)
(816.074 0 -6.2855)
(816.244 0 -6.20257)
(816.31 0 -5.97098)
(816.162 0 -5.7407)
(815.956 0 -5.77015)
(815.875 0 -5.85145)
(815.869 0 -5.91965)
(815.881 0 -5.98005)
(815.885 0 -5.92261)
(815.824 0 -5.63067)
(815.705 0 -5.40512)
(815.666 0 -5.44308)
(815.691 0 -5.61116)
(815.736 0 -5.75352)
(815.775 0 -5.80345)
(815.745 0 -5.60974)
(815.646 0 -5.27121)
(815.593 0 -5.07766)
(815.593 0 -5.09172)
(815.619 0 -5.14159)
(815.638 0 -5.19706)
(815.638 0 -5.17236)
(815.595 0 -5.09092)
(815.535 0 -4.95564)
(815.506 0 -4.91605)
(815.502 0 -4.91562)
(815.499 0 -4.96942)
(815.465 0 -5.0204)
(815.405 0 -5.1979)
(815.325 0 -5.30744)
(815.261 0 -5.40047)
(815.163 0 -5.4339)
(774.701 0 -133.827)
(774.664 0 -133.753)
(774.627 0 -133.689)
(774.652 0 -133.586)
(774.426 0 -133.458)
(774.262 0 -133.485)
(774.176 0 -133.433)
(774.256 0 -132.871)
(774.842 0 -131.091)
(776.097 0 -127.555)
(779.535 0 -118.346)
(783.269 0 -108.493)
(785.449 0 -100.909)
(793.965 0 -76.2402)
(798.967 0 -57.5452)
(799.078 0 -62.8343)
(800.123 0 -59.4657)
(806.695 0 -38.6665)
(809.384 0 -28.7237)
(808.916 0 -32.3504)
(809.5 0 -30.93)
(811.532 0 -24.7368)
(812.608 0 -20.1505)
(812.512 0 -20.6796)
(811.576 0 -22.0541)
(811.555 0 -20.7111)
(812.374 0 -17.9876)
(813.18 0 -15.4554)
(813.698 0 -13.5525)
(814.092 0 -12.3834)
(814.702 0 -11.5041)
(814.743 0 -11.01)
(813.887 0 -10.226)
(813.74 0 -9.23355)
(813.97 0 -8.47556)
(814.119 0 -7.56241)
(814.366 0 -7.32131)
(814.794 0 -7.59703)
(814.455 0 -7.58253)
(813.938 0 -7.3239)
(813.878 0 -7.25507)
(814.162 0 -6.94649)
(814.51 0 -6.4691)
(814.608 0 -5.99341)
(814.379 0 -5.67138)
(814.084 0 -5.77609)
(814.111 0 -5.99388)
(814.173 0 -6.07617)
(814.311 0 -6.22368)
(814.404 0 -6.30488)
(814.471 0 -6.20889)
(814.362 0 -5.86849)
(814.113 0 -5.46141)
(813.93 0 -5.19907)
(813.843 0 -5.14713)
(813.82 0 -5.2284)
(813.792 0 -5.36405)
(813.76 0 -5.38912)
(813.71 0 -5.17045)
(813.66 0 -4.89856)
(813.626 0 -4.82682)
(813.614 0 -5.00755)
(813.611 0 -5.25645)
(813.583 0 -5.40389)
(813.527 0 -5.30428)
(813.423 0 -5.07293)
(813.318 0 -4.8886)
(813.258 0 -4.83723)
(813.229 0 -4.85264)
(813.201 0 -4.89896)
(813.161 0 -4.92929)
(813.106 0 -4.91791)
(813.055 0 -4.89763)
(813.019 0 -4.97554)
(812.989 0 -5.01299)
(812.938 0 -5.06596)
(812.86 0 -4.92404)
(812.734 0 -4.80639)
(812.614 0 -4.79607)
(812.435 0 -4.82967)
(774.495 0 -134.577)
(774.441 0 -134.52)
(774.424 0 -134.458)
(774.301 0 -134.414)
(774.083 0 -134.546)
(773.888 0 -134.612)
(773.886 0 -133.972)
(774.399 0 -131.919)
(776.309 0 -126.283)
(779.834 0 -116.495)
(782.334 0 -108.51)
(790.196 0 -86.0728)
(796.12 0 -66.0381)
(796.604 0 -68.1428)
(798.831 0 -60.8092)
(804.915 0 -39.0532)
(807.174 0 -29.4106)
(806.816 0 -34.1133)
(807.53 0 -33.2554)
(809.68 0 -24.3169)
(809.484 0 -20.0715)
(809.818 0 -22.8046)
(810.135 0 -23.496)
(810.688 0 -20.1631)
(810.169 0 -17.7065)
(810.018 0 -17.0982)
(810.66 0 -15.6273)
(811.649 0 -13.0388)
(812.181 0 -11.2937)
(812.606 0 -10.4031)
(812.628 0 -9.82295)
(811.618 0 -9.71489)
(811.173 0 -9.54319)
(811.273 0 -9.12047)
(811.584 0 -7.99135)
(811.769 0 -7.42751)
(812.072 0 -7.09995)
(812.056 0 -7.08969)
(811.343 0 -6.93964)
(811.133 0 -6.70415)
(811.224 0 -6.56566)
(811.466 0 -6.44952)
(811.664 0 -6.39286)
(811.685 0 -6.36603)
(811.46 0 -6.32397)
(811.23 0 -6.11196)
(811.152 0 -5.81898)
(811.143 0 -5.69374)
(811.201 0 -5.77375)
(811.233 0 -5.92859)
(811.216 0 -6.00294)
(811.121 0 -5.93215)
(810.924 0 -5.65033)
(810.707 0 -5.21369)
(810.506 0 -4.89153)
(810.365 0 -4.85671)
(810.316 0 -5.11055)
(810.264 0 -5.43486)
(810.234 0 -5.62659)
(810.277 0 -5.58081)
(810.266 0 -5.23672)
(810.141 0 -4.87822)
(810.025 0 -4.81744)
(809.949 0 -4.93173)
(809.866 0 -5.02336)
(809.74 0 -4.99693)
(809.577 0 -4.87027)
(809.432 0 -4.70077)
(809.336 0 -4.64085)
(809.267 0 -4.656)
(809.207 0 -4.69976)
(809.144 0 -4.7299)
(809.082 0 -4.67028)
(809.01 0 -4.56925)
(808.924 0 -4.52458)
(808.81 0 -4.62513)
(808.665 0 -4.80293)
(808.491 0 -4.89179)
(808.328 0 -4.84829)
(808.067 0 -4.81578)
(774.262 0 -135.142)
(774.182 0 -135.021)
(774.155 0 -134.811)
(773.818 0 -134.788)
(773.419 0 -135.01)
(773.216 0 -134.566)
(773.666 0 -132.291)
(775.79 0 -125.751)
(778.581 0 -117.189)
(784.167 0 -100.668)
(791.407 0 -77.4664)
(793.166 0 -73.3037)
(795.516 0 -64.855)
(802.503 0 -40.6112)
(804.891 0 -30.9793)
(803.132 0 -36.4424)
(803.986 0 -32.8117)
(806.603 0 -22.8236)
(807.302 0 -19.3177)
(806.589 0 -22.425)
(806.001 0 -23.1469)
(806.365 0 -21.0389)
(807.219 0 -17.8077)
(807.436 0 -16.7284)
(807.124 0 -16.2474)
(807.277 0 -14.3551)
(807.987 0 -10.9346)
(808.411 0 -9.00693)
(808.745 0 -9.01212)
(808.849 0 -9.38662)
(808.159 0 -9.76962)
(807.395 0 -9.41981)
(807.438 0 -8.41876)
(807.672 0 -7.39925)
(807.751 0 -6.7572)
(807.983 0 -6.34421)
(808.058 0 -6.19669)
(807.575 0 -6.23261)
(807.028 0 -6.00939)
(806.982 0 -5.82199)
(807.084 0 -5.72577)
(807.249 0 -5.6101)
(807.307 0 -5.62136)
(807.219 0 -5.79401)
(807.01 0 -5.97492)
(806.862 0 -5.84644)
(806.767 0 -5.4186)
(806.668 0 -4.99138)
(806.575 0 -4.80249)
(806.464 0 -4.96881)
(806.327 0 -5.31493)
(806.2 0 -5.59932)
(806.061 0 -5.70334)
(805.931 0 -5.60063)
(805.747 0 -5.20272)
(805.484 0 -4.70774)
(805.286 0 -4.45497)
(805.215 0 -4.47934)
(805.23 0 -4.62619)
(805.271 0 -4.80039)
(805.257 0 -4.84441)
(805.109 0 -4.70293)
(804.898 0 -4.4747)
(804.728 0 -4.41665)
(804.572 0 -4.4331)
(804.387 0 -4.55567)
(804.169 0 -4.63441)
(803.964 0 -4.65302)
(803.817 0 -4.57946)
(803.71 0 -4.50656)
(803.623 0 -4.47562)
(803.534 0 -4.49356)
(803.427 0 -4.53903)
(803.296 0 -4.60933)
(803.149 0 -4.54075)
(802.968 0 -4.50132)
(802.762 0 -4.33848)
(802.524 0 -4.2997)
(802.3 0 -4.3191)
(801.95 0 -4.32497)
(773.896 0 -135.698)
(773.818 0 -135.492)
(773.344 0 -135.149)
(772.725 0 -136.004)
(772.11 0 -136.108)
(772.328 0 -133.675)
(773.983 0 -127.361)
(777.457 0 -116.091)
(784.106 0 -94.7081)
(787.616 0 -82.6332)
(790.713 0 -71.8677)
(797.026 0 -47.8776)
(799.237 0 -37.957)
(799.215 0 -40.5034)
(800.75 0 -34.7104)
(801.872 0 -23.7397)
(801.381 0 -21.4911)
(801.276 0 -25.1096)
(801.684 0 -24.6619)
(802.374 0 -19.443)
(801.907 0 -16.9847)
(801.678 0 -18.5322)
(802.065 0 -18.2516)
(803.055 0 -14.0326)
(802.963 0 -11.5974)
(802.842 0 -11.0815)
(803.041 0 -10.0965)
(803.199 0 -9.31372)
(803.348 0 -9.24597)
(803.227 0 -9.57582)
(802.447 0 -9.52351)
(802.156 0 -8.7467)
(802.279 0 -7.74671)
(802.336 0 -6.80919)
(802.449 0 -6.02132)
(802.507 0 -5.75275)
(802.155 0 -6.05833)
(801.524 0 -6.38379)
(801.326 0 -6.19598)
(801.334 0 -5.89651)
(801.46 0 -5.45167)
(801.518 0 -5.04259)
(801.378 0 -5.01086)
(801.134 0 -5.36595)
(800.927 0 -5.87006)
(800.852 0 -6.07884)
(800.81 0 -5.902)
(800.707 0 -5.51105)
(800.5 0 -5.09094)
(800.184 0 -4.90495)
(799.915 0 -4.98569)
(799.79 0 -5.13331)
(799.715 0 -5.24107)
(799.633 0 -5.28025)
(799.48 0 -5.16606)
(799.173 0 -4.82908)
(798.848 0 -4.51892)
(798.725 0 -4.44714)
(798.733 0 -4.50435)
(798.771 0 -4.57513)
(798.743 0 -4.61606)
(798.563 0 -4.59884)
(798.277 0 -4.55154)
(798.013 0 -4.47965)
(797.782 0 -4.36509)
(797.541 0 -4.27573)
(797.275 0 -4.22951)
(797.012 0 -4.23545)
(796.809 0 -4.29416)
(796.664 0 -4.36413)
(796.551 0 -4.3764)
(796.432 0 -4.33993)
(796.278 0 -4.22347)
(796.076 0 -4.14146)
(795.845 0 -4.0893)
(795.589 0 -4.12055)
(795.316 0 -4.14641)
(795.018 0 -4.13038)
(794.735 0 -4.06901)
(794.285 0 -4.08598)
(773.215 0 -136.343)
(773.09 0 -135.303)
(772.012 0 -136.346)
(770.657 0 -137.019)
(770.182 0 -134.875)
(771.306 0 -128.146)
(774.976 0 -114.449)
(780.615 0 -95.6699)
(784.405 0 -79.6642)
(789.609 0 -59.7824)
(793.915 0 -42.5222)
(793.505 0 -40.9098)
(794.3 0 -37.1067)
(797.352 0 -24.8515)
(797.134 0 -22.0514)
(795.997 0 -26.1516)
(795.505 0 -25.5662)
(796.012 0 -20.3369)
(796.33 0 -16.7161)
(796.065 0 -16.9925)
(795.713 0 -17.149)
(795.928 0 -15.2973)
(796.69 0 -11.8714)
(796.762 0 -10.7333)
(796.607 0 -11.0328)
(796.669 0 -10.1728)
(796.715 0 -8.28091)
(796.627 0 -8.14526)
(796.564 0 -8.8887)
(796.289 0 -9.13985)
(795.86 0 -8.22676)
(795.777 0 -7.06646)
(795.695 0 -6.19965)
(795.718 0 -5.54933)
(795.782 0 -5.29024)
(795.536 0 -5.4834)
(794.865 0 -5.917)
(794.461 0 -5.88468)
(794.422 0 -5.57719)
(794.499 0 -5.23936)
(794.621 0 -4.77184)
(794.545 0 -4.30134)
(794.202 0 -4.16171)
(793.808 0 -4.55733)
(793.618 0 -5.10558)
(793.592 0 -5.32424)
(793.586 0 -5.2859)
(793.522 0 -5.12452)
(793.294 0 -4.83607)
(792.826 0 -4.54165)
(792.436 0 -4.47518)
(792.305 0 -4.56436)
(792.257 0 -4.66259)
(792.204 0 -4.71279)
(792.068 0 -4.69393)
(791.758 0 -4.5325)
(791.37 0 -4.28098)
(791.172 0 -4.17056)
(791.148 0 -4.18071)
(791.166 0 -4.20888)
(791.114 0 -4.15119)
(790.895 0 -4.02853)
(790.54 0 -3.88036)
(790.181 0 -3.84867)
(789.87 0 -3.87297)
(789.571 0 -3.97491)
(789.26 0 -4.03713)
(788.953 0 -4.05127)
(788.703 0 -4.01415)
(788.516 0 -4.00164)
(788.363 0 -4.01796)
(788.198 0 -4.03322)
(787.984 0 -3.99622)
(787.71 0 -3.95486)
(787.402 0 -3.83377)
(787.073 0 -3.80548)
(786.733 0 -3.71763)
(786.363 0 -3.70026)
(786.014 0 -3.68676)
(785.459 0 -3.67406)
(772.284 0 -136.127)
(771.029 0 -135.768)
(769.137 0 -137.339)
(767.311 0 -136.966)
(767.548 0 -130.207)
(770.429 0 -115.801)
(774.336 0 -99.3022)
(780.676 0 -77.1089)
(784.867 0 -56.6344)
(786.014 0 -49.9695)
(788.343 0 -40.0157)
(789.515 0 -28.6904)
(789.575 0 -27.088)
(789.801 0 -28.3663)
(790.207 0 -25.4881)
(789.922 0 -20.5966)
(789.188 0 -19.4453)
(788.863 0 -20.5892)
(789.209 0 -18.7212)
(789.307 0 -14.0883)
(788.914 0 -12.6448)
(788.957 0 -13.4895)
(789.503 0 -12.2975)
(789.563 0 -9.83893)
(789.381 0 -8.97898)
(789.367 0 -8.70708)
(789.268 0 -8.21657)
(789.101 0 -8.14842)
(788.942 0 -8.39664)
(788.661 0 -8.21957)
(788.494 0 -7.40435)
(788.388 0 -6.63106)
(788.297 0 -5.93067)
(788.344 0 -5.24629)
(788.232 0 -4.96306)
(787.656 0 -5.29166)
(786.951 0 -5.70863)
(786.749 0 -5.64602)
(786.787 0 -5.4065)
(786.923 0 -5.09882)
(787.023 0 -4.67671)
(786.851 0 -4.23804)
(786.352 0 -4.07161)
(785.829 0 -4.40114)
(785.62 0 -4.78081)
(785.611 0 -4.90749)
(785.631 0 -4.91256)
(785.602 0 -4.88944)
(785.391 0 -4.80959)
(784.873 0 -4.58946)
(784.383 0 -4.39903)
(784.2 0 -4.4121)
(784.143 0 -4.50457)
(784.098 0 -4.55239)
(783.976 0 -4.51199)
(783.677 0 -4.33517)
(783.256 0 -4.05051)
(782.976 0 -3.86441)
(782.888 0 -3.85955)
(782.851 0 -3.93504)
(782.742 0 -3.97977)
(782.471 0 -3.93879)
(782.062 0 -3.81549)
(781.634 0 -3.68524)
(781.247 0 -3.59632)
(780.879 0 -3.61441)
(780.508 0 -3.68015)
(780.149 0 -3.74992)
(779.849 0 -3.79118)
(779.613 0 -3.81294)
(779.41 0 -3.79521)
(779.184 0 -3.75445)
(778.896 0 -3.66318)
(778.54 0 -3.58227)
(778.151 0 -3.47377)
(777.743 0 -3.4332)
(777.322 0 -3.38494)
(776.87 0 -3.35574)
(776.443 0 -3.32041)
(775.757 0 -3.34838)
(770.03 0 -135.845)
(767.651 0 -136.542)
(764.282 0 -137.892)
(762.636 0 -132.881)
(764.304 0 -118.892)
(768.078 0 -99.186)
(772.999 0 -79.4966)
(778.629 0 -57.5271)
(780.531 0 -45.7212)
(781.74 0 -37.4744)
(782.47 0 -28.2462)
(782.266 0 -27.7585)
(782.378 0 -27.1666)
(783.16 0 -21.4286)
(782.723 0 -18.8375)
(782.01 0 -19.9271)
(781.522 0 -19.7182)
(781.711 0 -16.7913)
(781.954 0 -13.3306)
(781.555 0 -12.2034)
(781.27 0 -12.4474)
(781.596 0 -11.5586)
(781.978 0 -8.85212)
(781.727 0 -7.99909)
(781.573 0 -8.32351)
(781.591 0 -7.90932)
(781.406 0 -7.18185)
(781.156 0 -7.58983)
(780.948 0 -8.13325)
(780.833 0 -7.48334)
(780.818 0 -6.36146)
(780.661 0 -5.55811)
(780.622 0 -4.91985)
(780.605 0 -4.51994)
(780.26 0 -4.57716)
(779.501 0 -4.95856)
(778.942 0 -5.09169)
(778.818 0 -4.96263)
(778.896 0 -4.78928)
(779.035 0 -4.61689)
(779.096 0 -4.37908)
(778.86 0 -4.05806)
(778.267 0 -3.86853)
(777.644 0 -3.97834)
(777.377 0 -4.13131)
(777.35 0 -4.2167)
(777.368 0 -4.30159)
(777.335 0 -4.39847)
(777.12 0 -4.51381)
(776.605 0 -4.4213)
(776.066 0 -4.10633)
(775.8 0 -3.92356)
(775.695 0 -3.93234)
(775.623 0 -4.00603)
(775.48 0 -4.05583)
(775.169 0 -4.01451)
(774.724 0 -3.83804)
(774.364 0 -3.63916)
(774.183 0 -3.55073)
(774.06 0 -3.55793)
(773.868 0 -3.56017)
(773.528 0 -3.51445)
(773.066 0 -3.40353)
(772.573 0 -3.30183)
(772.107 0 -3.24324)
(771.657 0 -3.28418)
(771.212 0 -3.35332)
(770.788 0 -3.4144)
(770.425 0 -3.44582)
(770.122 0 -3.46499)
(769.843 0 -3.46792)
(769.529 0 -3.43802)
(769.144 0 -3.35824)
(768.688 0 -3.27996)
(768.201 0 -3.16515)
(767.692 0 -3.12149)
(767.171 0 -3.04763)
(766.613 0 -3.01157)
(766.088 0 -2.98397)
(765.242 0 -2.98589)
(765.842 0 -135.48)
(761.596 0 -137.174)
(757.325 0 -135.864)
(756.576 0 -124.395)
(760.078 0 -103.327)
(764.48 0 -81.064)
(769.113 0 -64.722)
(773.81 0 -43.6636)
(775.068 0 -34.4203)
(775.008 0 -32.4691)
(774.908 0 -26.3143)
(774.762 0 -22.9109)
(774.823 0 -22.8803)
(774.949 0 -21.7166)
(774.797 0 -19.1975)
(774.311 0 -16.8632)
(773.912 0 -16.0763)
(773.929 0 -15.6237)
(774.092 0 -13.0825)
(773.802 0 -10.3531)
(773.619 0 -10.0941)
(773.963 0 -10.1976)
(774.086 0 -8.50663)
(773.847 0 -7.38466)
(773.719 0 -7.37974)
(773.684 0 -7.36303)
(773.443 0 -7.17576)
(773.16 0 -7.38656)
(773.029 0 -7.30277)
(773.032 0 -6.44909)
(773.014 0 -5.62979)
(772.902 0 -5.13605)
(772.88 0 -4.71109)
(772.733 0 -4.51251)
(772.171 0 -4.69403)
(771.413 0 -4.87761)
(770.978 0 -4.72871)
(770.866 0 -4.46102)
(770.933 0 -4.26199)
(771.021 0 -4.16367)
(771.001 0 -4.0938)
(770.68 0 -4.06052)
(770.036 0 -4.10622)
(769.373 0 -4.00714)
(769.021 0 -3.81376)
(768.929 0 -3.7654)
(768.909 0 -3.86554)
(768.828 0 -4.02611)
(768.565 0 -4.26238)
(768.048 0 -4.32257)
(767.503 0 -4.07709)
(767.153 0 -3.80418)
(766.964 0 -3.71189)
(766.824 0 -3.73792)
(766.623 0 -3.77568)
(766.267 0 -3.74391)
(765.782 0 -3.5985)
(765.341 0 -3.40124)
(765.044 0 -3.2968)
(764.806 0 -3.2972)
(764.51 0 -3.31595)
(764.09 0 -3.27126)
(763.569 0 -3.15573)
(763.005 0 -3.02626)
(762.443 0 -2.95207)
(761.884 0 -2.98524)
(761.339 0 -3.07077)
(760.826 0 -3.14671)
(760.375 0 -3.19129)
(759.975 0 -3.20473)
(759.59 0 -3.19093)
(759.158 0 -3.14364)
(758.653 0 -3.05554)
(758.081 0 -2.95952)
(757.476 0 -2.84114)
(756.847 0 -2.77865)
(756.204 0 -2.71527)
(755.522 0 -2.67584)
(754.886 0 -2.64453)
(753.863 0 -2.65474)
(759.117 0 -135.728)
(752.734 0 -136.91)
(749.284 0 -128.909)
(749.97 0 -112.123)
(755.557 0 -84.9888)
(760.047 0 -64.3819)
(764.515 0 -50.2772)
(767.273 0 -33.0623)
(768.052 0 -29.0256)
(768.022 0 -27.1943)
(767.23 0 -22.0347)
(766.734 0 -21.6828)
(766.681 0 -21.8013)
(767.081 0 -18.6805)
(766.991 0 -16.0451)
(766.589 0 -15.2576)
(766.301 0 -14.9231)
(766.394 0 -13.1494)
(766.295 0 -10.1729)
(765.973 0 -9.02056)
(765.953 0 -9.51294)
(766.374 0 -9.01089)
(766.262 0 -7.09671)
(765.984 0 -6.62625)
(765.88 0 -6.97725)
(765.824 0 -6.79778)
(765.543 0 -6.45353)
(765.249 0 -6.68258)
(765.195 0 -6.52925)
(765.26 0 -5.70223)
(765.22 0 -5.01987)
(765.136 0 -4.62532)
(765.053 0 -4.43243)
(764.727 0 -4.51642)
(764.026 0 -4.70852)
(763.378 0 -4.59342)
(763.008 0 -4.19793)
(762.851 0 -3.79546)
(762.826 0 -3.6331)
(762.805 0 -3.66725)
(762.649 0 -3.77735)
(762.217 0 -3.97331)
(761.548 0 -4.15677)
(760.909 0 -3.91913)
(760.482 0 -3.44366)
(760.264 0 -3.24191)
(760.143 0 -3.35975)
(759.968 0 -3.60106)
(759.627 0 -3.91849)
(759.101 0 -4.05505)
(758.563 0 -3.86054)
(758.141 0 -3.53295)
(757.84 0 -3.34755)
(757.589 0 -3.335)
(757.29 0 -3.39712)
(756.86 0 -3.41082)
(756.314 0 -3.30794)
(755.783 0 -3.11406)
(755.355 0 -2.98406)
(754.974 0 -2.97091)
(754.551 0 -2.99944)
(754.034 0 -2.96701)
(753.434 0 -2.85987)
(752.777 0 -2.72705)
(752.089 0 -2.64295)
(751.395 0 -2.66209)
(750.722 0 -2.74423)
(750.095 0 -2.82291)
(749.531 0 -2.87443)
(749.011 0 -2.88629)
(748.493 0 -2.8728)
(747.929 0 -2.81545)
(747.298 0 -2.72702)
(746.606 0 -2.63099)
(745.882 0 -2.51786)
(745.132 0 -2.44894)
(744.367 0 -2.37411)
(743.564 0 -2.32196)
(742.821 0 -2.28858)
(741.632 0 -2.28854)
(749.626 0 -135.532)
(742.524 0 -133.795)
(740.929 0 -118.962)
(743.804 0 -97.5905)
(750.796 0 -66.6161)
(755.055 0 -50.5509)
(758.295 0 -40.5244)
(759.635 0 -26.7894)
(760.451 0 -24.8047)
(760.44 0 -24.3357)
(759.501 0 -20.357)
(758.858 0 -19.2929)
(758.647 0 -19.4268)
(758.965 0 -17.4788)
(759.176 0 -14.9175)
(759.064 0 -13.2305)
(758.868 0 -12.9058)
(758.766 0 -11.9202)
(758.466 0 -9.30058)
(758.229 0 -7.93081)
(758.375 0 -8.35971)
(758.718 0 -8.15326)
(758.44 0 -6.65204)
(758.15 0 -6.19634)
(758.048 0 -6.46275)
(757.932 0 -6.36263)
(757.625 0 -6.11521)
(757.356 0 -6.14272)
(757.348 0 -5.74766)
(757.392 0 -5.01227)
(757.322 0 -4.53241)
(757.205 0 -4.30737)
(756.991 0 -4.34493)
(756.462 0 -4.62976)
(755.72 0 -4.7712)
(755.184 0 -4.47292)
(754.837 0 -3.88683)
(754.58 0 -3.29285)
(754.387 0 -3.0562)
(754.185 0 -3.16653)
(753.844 0 -3.46061)
(753.285 0 -3.89762)
(752.62 0 -4.20501)
(752.037 0 -3.93017)
(751.553 0 -3.29345)
(751.169 0 -2.878)
(750.886 0 -2.92375)
(750.585 0 -3.22299)
(750.15 0 -3.6097)
(749.602 0 -3.80091)
(749.058 0 -3.65666)
(748.567 0 -3.3241)
(748.132 0 -3.07857)
(747.734 0 -3.01969)
(747.3 0 -3.08356)
(746.765 0 -3.12051)
(746.134 0 -3.04378)
(745.491 0 -2.86033)
(744.905 0 -2.72444)
(744.355 0 -2.69743)
(743.784 0 -2.72309)
(743.156 0 -2.68882)
(742.457 0 -2.58409)
(741.683 0 -2.44544)
(740.851 0 -2.35263)
(740.007 0 -2.36116)
(739.197 0 -2.44095)
(738.449 0 -2.51635)
(737.765 0 -2.56379)
(737.121 0 -2.56555)
(736.474 0 -2.54196)
(735.787 0 -2.47664)
(735.041 0 -2.38706)
(734.244 0 -2.28384)
(733.415 0 -2.1723)
(732.561 0 -2.09658)
(731.692 0 -2.02806)
(730.791 0 -1.97498)
(729.962 0 -1.94177)
(728.642 0 -1.94298)
(738.089 0 -135.082)
(732.514 0 -127.247)
(732.988 0 -107.598)
(738.318 0 -81.5738)
(745.524 0 -49.696)
(749.515 0 -40.0184)
(751.186 0 -33.1021)
(751.556 0 -22.7084)
(752.351 0 -22.095)
(752.691 0 -21.5802)
(751.772 0 -18.2093)
(750.998 0 -17.7931)
(750.642 0 -17.8336)
(750.983 0 -15.5134)
(751.37 0 -12.9694)
(751.472 0 -11.792)
(751.388 0 -11.7614)
(751.13 0 -10.4301)
(750.636 0 -7.82715)
(750.438 0 -7.03609)
(750.697 0 -7.7207)
(750.941 0 -7.33459)
(750.53 0 -5.9516)
(750.212 0 -5.76727)
(750.078 0 -6.11999)
(749.889 0 -5.88348)
(749.547 0 -5.5154)
(749.293 0 -5.43583)
(749.265 0 -5.04093)
(749.243 0 -4.44634)
(749.113 0 -4.0796)
(748.89 0 -3.9877)
(748.479 0 -4.24439)
(747.75 0 -4.6802)
(747.037 0 -4.72905)
(746.576 0 -4.27273)
(746.209 0 -3.51318)
(745.81 0 -2.77755)
(745.389 0 -2.47507)
(744.943 0 -2.65248)
(744.387 0 -3.13955)
(743.708 0 -3.76899)
(743.068 0 -4.09305)
(742.533 0 -3.77124)
(741.998 0 -3.08269)
(741.441 0 -2.53453)
(740.957 0 -2.49612)
(740.49 0 -2.82619)
(739.948 0 -3.2667)
(739.363 0 -3.48995)
(738.792 0 -3.37493)
(738.21 0 -3.04675)
(737.609 0 -2.76802)
(737.022 0 -2.68107)
(736.422 0 -2.74654)
(735.759 0 -2.8012)
(735.02 0 -2.73952)
(734.245 0 -2.56235)
(733.484 0 -2.42256)
(732.756 0 -2.39011)
(732.036 0 -2.41732)
(731.295 0 -2.38796)
(730.492 0 -2.28302)
(729.601 0 -2.13436)
(728.628 0 -2.02728)
(727.642 0 -2.02552)
(726.705 0 -2.10264)
(725.848 0 -2.178)
(725.059 0 -2.22418)
(724.313 0 -2.22033)
(723.563 0 -2.19227)
(722.781 0 -2.12396)
(721.95 0 -2.03863)
(721.077 0 -1.94008)
(720.171 0 -1.83612)
(719.243 0 -1.75965)
(718.301 0 -1.69142)
(717.335 0 -1.63622)
(716.451 0 -1.60527)
(715.051 0 -1.60666)
(725.991 0 -133.341)
(723.046 0 -118.442)
(725.958 0 -94.6016)
(733.021 0 -65.4863)
(739.394 0 -36.5913)
(743.245 0 -32.7712)
(743.434 0 -27.9678)
(743.337 0 -19.8388)
(744.048 0 -19.6175)
(744.64 0 -19.5662)
(743.941 0 -16.7857)
(743.161 0 -16.0748)
(742.69 0 -15.9692)
(742.961 0 -14.016)
(743.467 0 -11.6446)
(743.761 0 -10.46)
(743.766 0 -10.5427)
(743.278 0 -9.42708)
(742.653 0 -7.03808)
(742.47 0 -6.32193)
(742.773 0 -7.02077)
(742.837 0 -6.70617)
(742.337 0 -5.53805)
(741.979 0 -5.39851)
(741.78 0 -5.70675)
(741.473 0 -5.43695)
(741.072 0 -5.04626)
(740.8 0 -4.85178)
(740.703 0 -4.43368)
(740.579 0 -3.94125)
(740.335 0 -3.67615)
(739.944 0 -3.71095)
(739.284 0 -4.12054)
(738.385 0 -4.61641)
(737.709 0 -4.61715)
(737.282 0 -4.08171)
(736.863 0 -3.20919)
(736.3 0 -2.34905)
(735.615 0 -1.95032)
(734.885 0 -2.16927)
(734.101 0 -2.8333)
(733.322 0 -3.61545)
(732.704 0 -3.93315)
(732.194 0 -3.5807)
(731.598 0 -2.86856)
(730.854 0 -2.23825)
(730.119 0 -2.13592)
(729.449 0 -2.47904)
(728.789 0 -2.94748)
(728.154 0 -3.18478)
(727.529 0 -3.09253)
(726.831 0 -2.774)
(726.036 0 -2.47256)
(725.235 0 -2.36061)
(724.457 0 -2.42204)
(723.663 0 -2.48606)
(722.813 0 -2.43264)
(721.914 0 -2.25809)
(720.993 0 -2.11137)
(720.102 0 -2.07339)
(719.248 0 -2.09948)
(718.407 0 -2.07314)
(717.516 0 -1.97181)
(716.526 0 -1.82211)
(715.438 0 -1.70972)
(714.337 0 -1.70288)
(713.3 0 -1.77723)
(712.363 0 -1.84937)
(711.504 0 -1.89098)
(710.693 0 -1.88262)
(709.88 0 -1.85142)
(709.045 0 -1.78401)
(708.165 0 -1.70316)
(707.251 0 -1.60918)
(706.302 0 -1.51305)
(705.334 0 -1.44092)
(704.354 0 -1.38011)
(703.358 0 -1.32986)
(702.45 0 -1.30278)
(701.021 0 -1.30829)
(714.252 0 -129.903)
(714.179 0 -108.5)
(719.764 0 -80.429)
(727.19 0 -50.2298)
(732.6 0 -27.1516)
(736.29 0 -27.7897)
(735.402 0 -24.0207)
(735.04 0 -17.5045)
(735.653 0 -17.4817)
(736.382 0 -17.6247)
(735.914 0 -15.3807)
(735.202 0 -14.6857)
(734.66 0 -14.3934)
(734.85 0 -12.4563)
(735.374 0 -10.2671)
(735.763 0 -9.42208)
(735.798 0 -9.65257)
(735.09 0 -8.42939)
(734.334 0 -6.18411)
(734.12 0 -5.71104)
(734.366 0 -6.46881)
(734.21 0 -6.07232)
(733.622 0 -5.04241)
(733.202 0 -5.01239)
(732.897 0 -5.32033)
(732.439 0 -4.96977)
(731.941 0 -4.51804)
(731.601 0 -4.27188)
(731.395 0 -3.88944)
(731.138 0 -3.46708)
(730.733 0 -3.26651)
(730.124 0 -3.41188)
(729.19 0 -3.93787)
(728.153 0 -4.43927)
(727.488 0 -4.40522)
(727.062 0 -3.82177)
(726.575 0 -2.87611)
(725.831 0 -1.92806)
(724.86 0 -1.45278)
(723.797 0 -1.7248)
(722.77 0 -2.56079)
(721.922 0 -3.41835)
(721.32 0 -3.68785)
(720.806 0 -3.32619)
(720.124 0 -2.62201)
(719.166 0 -1.93585)
(718.143 0 -1.77902)
(717.253 0 -2.13235)
(716.475 0 -2.61083)
(715.779 0 -2.84927)
(715.083 0 -2.76983)
(714.262 0 -2.45805)
(713.282 0 -2.14105)
(712.279 0 -2.01278)
(711.341 0 -2.07267)
(710.432 0 -2.14145)
(709.494 0 -2.0941)
(708.498 0 -1.92746)
(707.453 0 -1.78332)
(706.433 0 -1.74899)
(705.477 0 -1.7793)
(704.563 0 -1.75834)
(703.612 0 -1.66137)
(702.557 0 -1.51198)
(701.391 0 -1.39611)
(700.213 0 -1.38713)
(699.113 0 -1.46112)
(698.135 0 -1.53263)
(697.247 0 -1.57157)
(696.413 0 -1.56202)
(695.58 0 -1.53124)
(694.729 0 -1.46891)
(693.836 0 -1.39614)
(692.911 0 -1.31193)
(691.949 0 -1.22615)
(690.972 0 -1.16117)
(689.982 0 -1.10701)
(688.985 0 -1.06306)
(688.079 0 -1.04092)
(686.663 0 -1.05101)
(703.14 0 -124.485)
(706.1 0 -97.5412)
(714.085 0 -66.2116)
(720.295 0 -37.7585)
(725.134 0 -20.6226)
(728.739 0 -24.1119)
(727.162 0 -21.1954)
(726.608 0 -15.6149)
(727.158 0 -15.6201)
(727.903 0 -15.9539)
(727.592 0 -14.0786)
(726.966 0 -13.2344)
(726.377 0 -12.8717)
(726.438 0 -11.1544)
(726.898 0 -9.17182)
(727.291 0 -8.46959)
(727.26 0 -8.75144)
(726.3 0 -7.60452)
(725.417 0 -5.55559)
(725.125 0 -5.18055)
(725.218 0 -5.91421)
(724.792 0 -5.5064)
(724.106 0 -4.61276)
(723.6 0 -4.61539)
(723.153 0 -4.88448)
(722.504 0 -4.50243)
(721.872 0 -4.03976)
(721.421 0 -3.76514)
(721.077 0 -3.40268)
(720.66 0 -3.02084)
(720.066 0 -2.86707)
(719.212 0 -3.10336)
(718.008 0 -3.69171)
(716.853 0 -4.15649)
(716.166 0 -4.10773)
(715.71 0 -3.53401)
(715.14 0 -2.5646)
(714.196 0 -1.55422)
(712.887 0 -1.0259)
(711.444 0 -1.32461)
(710.18 0 -2.30803)
(709.293 0 -3.17459)
(708.697 0 -3.39133)
(708.157 0 -3.04248)
(707.371 0 -2.35282)
(706.202 0 -1.62754)
(704.904 0 -1.42436)
(703.807 0 -1.79146)
(702.922 0 -2.26477)
(702.165 0 -2.4931)
(701.402 0 -2.42208)
(700.478 0 -2.12319)
(699.348 0 -1.80503)
(698.185 0 -1.67304)
(697.123 0 -1.73479)
(696.138 0 -1.80662)
(695.149 0 -1.76491)
(694.098 0 -1.60739)
(692.974 0 -1.46738)
(691.866 0 -1.43779)
(690.844 0 -1.47368)
(689.892 0 -1.45913)
(688.912 0 -1.3701)
(687.828 0 -1.22733)
(686.622 0 -1.11367)
(685.404 0 -1.10513)
(684.278 0 -1.17907)
(683.297 0 -1.24947)
(682.416 0 -1.28614)
(681.597 0 -1.27753)
(680.777 0 -1.24909)
(679.94 0 -1.19343)
(679.059 0 -1.12895)
(678.147 0 -1.05473)
(677.194 0 -0.979567)
(676.229 0 -0.923281)
(675.251 0 -0.877287)
(674.274 0 -0.840734)
(673.388 0 -0.823254)
(672.015 0 -0.837324)
(692.443 0 -118.194)
(699.031 0 -84.9773)
(708.383 0 -52.9691)
(712.461 0 -28.568)
(716.977 0 -16.2724)
(720.613 0 -21.0765)
(718.634 0 -18.8853)
(717.928 0 -14.0841)
(718.432 0 -14.1186)
(719.123 0 -14.4494)
(718.834 0 -12.7384)
(718.216 0 -11.8039)
(717.569 0 -11.4543)
(717.458 0 -9.93262)
(717.77 0 -8.16547)
(718.061 0 -7.63487)
(717.851 0 -7.93171)
(716.615 0 -6.77899)
(715.589 0 -4.92439)
(715.173 0 -4.68457)
(715.022 0 -5.38764)
(714.3 0 -4.92402)
(713.496 0 -4.1379)
(712.88 0 -4.18663)
(712.258 0 -4.4317)
(711.391 0 -4.02002)
(710.595 0 -3.55202)
(710.009 0 -3.28009)
(709.513 0 -2.9441)
(708.924 0 -2.58991)
(708.127 0 -2.46587)
(707.005 0 -2.77147)
(705.532 0 -3.39668)
(704.268 0 -3.81649)
(703.532 0 -3.75329)
(703.018 0 -3.21669)
(702.348 0 -2.26903)
(701.179 0 -1.20241)
(699.487 0 -0.634431)
(697.671 0 -0.957578)
(696.217 0 -2.03583)
(695.315 0 -2.86686)
(694.716 0 -3.03389)
(694.139 0 -2.71114)
(693.262 0 -2.04156)
(691.923 0 -1.30771)
(690.396 0 -1.08208)
(689.122 0 -1.45956)
(688.154 0 -1.92028)
(687.354 0 -2.13305)
(686.545 0 -2.06835)
(685.556 0 -1.78636)
(684.327 0 -1.47621)
(683.055 0 -1.34782)
(681.918 0 -1.41265)
(680.902 0 -1.48663)
(679.904 0 -1.45166)
(678.839 0 -1.30742)
(677.677 0 -1.17657)
(676.52 0 -1.15502)
(675.466 0 -1.19835)
(674.506 0 -1.19095)
(673.527 0 -1.1104)
(672.442 0 -0.976781)
(671.226 0 -0.867624)
(669.998 0 -0.860606)
(668.878 0 -0.934633)
(667.923 0 -1.00378)
(667.079 0 -1.03857)
(666.299 0 -1.03181)
(665.516 0 -1.00694)
(664.713 0 -0.958738)
(663.861 0 -0.903013)
(662.976 0 -0.839111)
(662.047 0 -0.774253)
(661.108 0 -0.726414)
(660.156 0 -0.687781)
(659.212 0 -0.658019)
(658.361 0 -0.64488)
(657.048 0 -0.661748)
(682.28 0 -111.099)
(692.549 0 -71.0334)
(701.929 0 -41.7733)
(703.932 0 -22.171)
(708.175 0 -13.5811)
(711.864 0 -18.5207)
(709.662 0 -16.7827)
(708.815 0 -12.6729)
(709.26 0 -12.8265)
(709.808 0 -13.1716)
(709.384 0 -11.5138)
(708.649 0 -10.4187)
(707.887 0 -10.0905)
(707.544 0 -8.8167)
(707.626 0 -7.2736)
(707.719 0 -6.83573)
(707.223 0 -7.11036)
(705.682 0 -6.00784)
(704.503 0 -4.35913)
(703.926 0 -4.19898)
(703.46 0 -4.84324)
(702.433 0 -4.35752)
(701.496 0 -3.66853)
(700.759 0 -3.73262)
(699.941 0 -3.94594)
(698.842 0 -3.53083)
(697.879 0 -3.08212)
(697.152 0 -2.83072)
(696.5 0 -2.51711)
(695.725 0 -2.18575)
(694.699 0 -2.09053)
(693.285 0 -2.43145)
(691.55 0 -3.0542)
(690.179 0 -3.42774)
(689.376 0 -3.35747)
(688.786 0 -2.87496)
(688.009 0 -1.98765)
(686.629 0 -0.86708)
(684.577 0 -0.258395)
(682.433 0 -0.653276)
(680.853 0 -1.7486)
(679.957 0 -2.53026)
(679.371 0 -2.65225)
(678.768 0 -2.35652)
(677.833 0 -1.72274)
(676.38 0 -0.998892)
(674.68 0 -0.774685)
(673.271 0 -1.14744)
(672.252 0 -1.59403)
(671.435 0 -1.78877)
(670.612 0 -1.72961)
(669.599 0 -1.4695)
(668.326 0 -1.1764)
(666.994 0 -1.05746)
(665.827 0 -1.12643)
(664.819 0 -1.20215)
(663.848 0 -1.174)
(662.803 0 -1.04404)
(661.635 0 -0.92351)
(660.456 0 -0.909593)
(659.398 0 -0.959443)
(658.453 0 -0.959097)
(657.497 0 -0.887079)
(656.431 0 -0.764694)
(655.227 0 -0.661758)
(654.011 0 -0.656535)
(652.918 0 -0.72961)
(652.01 0 -0.796704)
(651.222 0 -0.829719)
(650.498 0 -0.825172)
(649.766 0 -0.804008)
(649.007 0 -0.762749)
(648.193 0 -0.714917)
(647.342 0 -0.660349)
(646.445 0 -0.604865)
(645.54 0 -0.564911)
(644.624 0 -0.533047)
(643.721 0 -0.509351)
(642.91 0 -0.499872)
(641.667 0 -0.518226)
(672.44 0 -103.282)
(686.208 0 -57.034)
(694.212 0 -32.9868)
(694.727 0 -17.7285)
(698.644 0 -11.9107)
(702.37 0 -16.3798)
(700.028 0 -14.8249)
(699.007 0 -11.3047)
(699.33 0 -11.6504)
(699.597 0 -12.0168)
(698.848 0 -10.3786)
(697.851 0 -9.15949)
(696.888 0 -8.82442)
(696.253 0 -7.74496)
(696.037 0 -6.41266)
(695.856 0 -6.05911)
(694.998 0 -6.302)
(693.142 0 -5.24321)
(691.805 0 -3.79779)
(691.051 0 -3.71036)
(690.226 0 -4.28816)
(688.904 0 -3.78298)
(687.836 0 -3.17763)
(686.986 0 -3.25981)
(685.961 0 -3.4476)
(684.634 0 -3.04031)
(683.515 0 -2.6244)
(682.645 0 -2.40769)
(681.829 0 -2.12558)
(680.853 0 -1.81141)
(679.579 0 -1.72455)
(677.875 0 -2.06737)
(675.918 0 -2.66279)
(674.451 0 -2.99779)
(673.574 0 -2.92677)
(672.907 0 -2.4995)
(672.039 0 -1.69775)
(670.508 0 -0.553258)
(668.163 0 0.0898142)
(665.752 0 -0.40975)
(664.106 0 -1.45939)
(663.246 0 -2.1792)
(662.703 0 -2.27391)
(662.109 0 -1.99819)
(661.154 0 -1.41594)
(659.637 0 -0.716091)
(657.812 0 -0.514521)
(656.313 0 -0.868076)
(655.275 0 -1.29989)
(654.471 0 -1.47519)
(653.662 0 -1.42049)
(652.664 0 -1.18579)
(651.387 0 -0.91462)
(650.038 0 -0.807393)
(648.876 0 -0.879867)
(647.906 0 -0.955806)
(646.986 0 -0.933873)
(645.983 0 -0.818542)
(644.828 0 -0.709096)
(643.648 0 -0.702076)
(642.603 0 -0.756984)
(641.689 0 -0.762615)
(640.77 0 -0.698277)
(639.737 0 -0.587452)
(638.557 0 -0.491626)
(637.367 0 -0.488234)
(636.315 0 -0.559297)
(635.467 0 -0.623668)
(634.744 0 -0.654735)
(634.083 0 -0.652444)
(633.407 0 -0.635623)
(632.694 0 -0.601014)
(631.92 0 -0.560543)
(631.104 0 -0.514548)
(630.242 0 -0.467592)
(629.374 0 -0.434771)
(628.497 0 -0.408921)
(627.637 0 -0.390466)
(626.868 0 -0.384474)
(625.694 0 -0.403325)
(662.701 0 -94.8035)
(679.673 0 -44.1374)
(684.939 0 -26.235)
(684.66 0 -14.5861)
(688.18 0 -10.722)
(691.891 0 -14.5998)
(689.407 0 -13.043)
(688.132 0 -10.0217)
(688.197 0 -10.5354)
(687.967 0 -10.9255)
(686.68 0 -9.27927)
(685.29 0 -7.97139)
(684.049 0 -7.63328)
(683.082 0 -6.72762)
(682.544 0 -5.58138)
(682.056 0 -5.28068)
(680.796 0 -5.4859)
(678.635 0 -4.50898)
(677.161 0 -3.25934)
(676.239 0 -3.21923)
(675.032 0 -3.71906)
(673.439 0 -3.22132)
(672.264 0 -2.69324)
(671.319 0 -2.78561)
(670.087 0 -2.94463)
(668.542 0 -2.56534)
(667.282 0 -2.19598)
(666.276 0 -2.01342)
(665.292 0 -1.75736)
(664.122 0 -1.45295)
(662.623 0 -1.36315)
(660.671 0 -1.69478)
(658.542 0 -2.25004)
(656.999 0 -2.55355)
(656.063 0 -2.49016)
(655.336 0 -2.11667)
(654.411 0 -1.41157)
(652.805 0 -0.286373)
(650.251 0 0.384244)
(647.635 0 -0.208699)
(645.972 0 -1.20296)
(645.177 0 -1.82731)
(644.701 0 -1.92017)
(644.168 0 -1.65823)
(643.23 0 -1.13201)
(641.682 0 -0.475202)
(639.763 0 -0.297748)
(638.215 0 -0.631938)
(637.188 0 -1.04063)
(636.422 0 -1.1971)
(635.653 0 -1.14524)
(634.693 0 -0.938015)
(633.445 0 -0.691414)
(632.106 0 -0.597267)
(630.973 0 -0.672549)
(630.058 0 -0.747555)
(629.199 0 -0.731937)
(628.247 0 -0.631099)
(627.117 0 -0.532191)
(625.946 0 -0.530539)
(624.925 0 -0.588849)
(624.05 0 -0.599068)
(623.174 0 -0.542403)
(622.181 0 -0.442981)
(621.033 0 -0.355145)
(619.875 0 -0.353449)
(618.87 0 -0.421966)
(618.085 0 -0.483519)
(617.429 0 -0.513008)
(616.828 0 -0.513054)
(616.202 0 -0.500714)
(615.529 0 -0.472298)
(614.788 0 -0.438538)
(614.005 0 -0.400291)
(613.177 0 -0.361052)
(612.345 0 -0.334628)
(611.504 0 -0.314147)
(610.686 0 -0.300154)
(609.955 0 -0.297402)
(608.84 0 -0.316048)
(653.01 0 -85.2131)
(672.265 0 -33.3923)
(673.97 0 -21.3358)
(673.342 0 -12.3371)
(676.501 0 -9.72393)
(680.041 0 -13.0621)
(677.294 0 -11.404)
(675.64 0 -8.82807)
(675.234 0 -9.43722)
(674.226 0 -9.81333)
(672.188 0 -8.13871)
(670.333 0 -6.81879)
(668.8 0 -6.5089)
(667.519 0 -5.74611)
(666.694 0 -4.76486)
(665.91 0 -4.51843)
(664.25 0 -4.68251)
(661.813 0 -3.79992)
(660.24 0 -2.73525)
(659.166 0 -2.73834)
(657.571 0 -3.15274)
(655.746 0 -2.67889)
(654.502 0 -2.22461)
(653.479 0 -2.32693)
(652.044 0 -2.45911)
(650.302 0 -2.11144)
(648.928 0 -1.78913)
(647.81 0 -1.63897)
(646.679 0 -1.40723)
(645.35 0 -1.11651)
(643.675 0 -1.02733)
(641.53 0 -1.33695)
(639.281 0 -1.84685)
(637.7 0 -2.11861)
(636.733 0 -2.07167)
(635.979 0 -1.74868)
(635.034 0 -1.13661)
(633.42 0 -0.0864703)
(630.738 0 0.613213)
(627.965 0 -0.0461819)
(626.332 0 -0.983007)
(625.617 0 -1.4969)
(625.214 0 -1.60343)
(624.786 0 -1.35652)
(623.904 0 -0.881383)
(622.342 0 -0.286946)
(620.347 0 -0.123025)
(618.779 0 -0.449867)
(617.788 0 -0.818888)
(617.079 0 -0.962641)
(616.366 0 -0.912222)
(615.459 0 -0.732345)
(614.255 0 -0.512189)
(612.946 0 -0.431789)
(611.852 0 -0.507728)
(610.991 0 -0.580547)
(610.189 0 -0.571264)
(609.284 0 -0.484729)
(608.182 0 -0.396345)
(607.027 0 -0.398838)
(606.034 0 -0.458354)
(605.199 0 -0.471569)
(604.368 0 -0.422715)
(603.415 0 -0.334046)
(602.302 0 -0.255014)
(601.178 0 -0.254599)
(600.219 0 -0.320243)
(599.491 0 -0.378873)
(598.892 0 -0.407252)
(598.342 0 -0.409632)
(597.754 0 -0.39969)
(597.113 0 -0.375677)
(596.401 0 -0.346961)
(595.648 0 -0.315048)
(594.851 0 -0.282087)
(594.053 0 -0.260888)
(593.246 0 -0.244432)
(592.466 0 -0.23402)
(591.766 0 -0.233161)
(590.7 0 -0.25027)
(642.975 0 -74.198)
(663.135 0 -24.7671)
(661.213 0 -17.6241)
(660.299 0 -10.5818)
(663.147 0 -8.76601)
(666.214 0 -11.6028)
(662.93 0 -9.87829)
(660.704 0 -7.68816)
(659.552 0 -8.36788)
(657.472 0 -8.66913)
(654.556 0 -6.98044)
(652.304 0 -5.7138)
(650.567 0 -5.45104)
(649.054 0 -4.8173)
(648.012 0 -3.98331)
(646.981 0 -3.78158)
(644.948 0 -3.90086)
(642.271 0 -3.13523)
(640.63 0 -2.2462)
(639.401 0 -2.27946)
(637.422 0 -2.60313)
(635.418 0 -2.17215)
(634.14 0 -1.79015)
(633.048 0 -1.89897)
(631.409 0 -2.00065)
(629.519 0 -1.68763)
(628.076 0 -1.41654)
(626.874 0 -1.29947)
(625.633 0 -1.09316)
(624.191 0 -0.820434)
(622.396 0 -0.73298)
(620.114 0 -1.00796)
(617.793 0 -1.47737)
(616.22 0 -1.71337)
(615.267 0 -1.69047)
(614.527 0 -1.41112)
(613.599 0 -0.887067)
(612.015 0 0.046331)
(609.271 0 0.7687)
(606.374 0 0.0649945)
(604.81 0 -0.797486)
(604.208 0 -1.21222)
(603.85 0 -1.33022)
(603.49 0 -1.0944)
(602.72 0 -0.674405)
(601.165 0 -0.15142)
(599.11 0 0.00200584)
(597.534 0 -0.32088)
(596.598 0 -0.637322)
(595.952 0 -0.776332)
(595.304 0 -0.726085)
(594.455 0 -0.572271)
(593.3 0 -0.380344)
(592.028 0 -0.313071)
(590.977 0 -0.386759)
(590.166 0 -0.455034)
(589.412 0 -0.449107)
(588.548 0 -0.37406)
(587.473 0 -0.29586)
(586.337 0 -0.301442)
(585.374 0 -0.359552)
(584.581 0 -0.373956)
(583.794 0 -0.331677)
(582.882 0 -0.252499)
(581.803 0 -0.182565)
(580.713 0 -0.182978)
(579.794 0 -0.24495)
(579.115 0 -0.299275)
(578.563 0 -0.325209)
(578.053 0 -0.328387)
(577.5 0 -0.319424)
(576.889 0 -0.298852)
(576.205 0 -0.274201)
(575.482 0 -0.247714)
(574.717 0 -0.220066)
(573.952 0 -0.203247)
(573.179 0 -0.189918)
(572.433 0 -0.182421)
(571.759 0 -0.18243)
(570.735 0 -0.197541)
(631.784 0 -62.7927)
(651.231 0 -18.7844)
(646.241 0 -14.8587)
(644.878 0 -9.18033)
(647.325 0 -7.80574)
(649.451 0 -10.1721)
(645.182 0 -8.45369)
(642.117 0 -6.5536)
(639.934 0 -7.2412)
(636.619 0 -7.38499)
(632.934 0 -5.78385)
(630.522 0 -4.66993)
(628.727 0 -4.4801)
(627.049 0 -3.96239)
(625.853 0 -3.26069)
(624.617 0 -3.10112)
(622.225 0 -3.17142)
(619.331 0 -2.53083)
(617.627 0 -1.80793)
(616.209 0 -1.86244)
(613.845 0 -2.09631)
(611.72 0 -1.72079)
(610.436 0 -1.41138)
(609.265 0 -1.52428)
(607.419 0 -1.593)
(605.435 0 -1.32625)
(603.968 0 -1.1122)
(602.704 0 -1.02424)
(601.385 0 -0.843825)
(599.88 0 -0.595403)
(598.015 0 -0.514042)
(595.643 0 -0.746206)
(593.293 0 -1.17591)
(591.772 0 -1.38193)
(590.898 0 -1.37361)
(590.215 0 -1.13794)
(589.355 0 -0.69223)
(587.821 0 0.12101)
(585.044 0 0.811848)
(582.042 0 0.107753)
(580.563 0 -0.673913)
(580.076 0 -0.982718)
(579.773 0 -1.10529)
(579.483 0 -0.904664)
(578.827 0 -0.521749)
(577.297 0 -0.0678492)
(575.195 0 0.0631271)
(573.612 0 -0.24546)
(572.741 0 -0.510969)
(572.169 0 -0.640397)
(571.6 0 -0.587512)
(570.814 0 -0.457699)
(569.708 0 -0.294654)
(568.473 0 -0.238764)
(567.465 0 -0.308529)
(566.706 0 -0.370393)
(566.001 0 -0.365426)
(565.177 0 -0.300559)
(564.127 0 -0.23275)
(563.011 0 -0.240738)
(562.082 0 -0.295455)
(561.337 0 -0.310042)
(560.599 0 -0.272792)
(559.731 0 -0.202571)
(558.689 0 -0.141532)
(557.631 0 -0.14263)
(556.75 0 -0.200107)
(556.117 0 -0.249086)
(555.608 0 -0.271733)
(555.137 0 -0.275153)
(554.616 0 -0.267548)
(554.034 0 -0.250368)
(553.38 0 -0.229552)
(552.689 0 -0.208074)
(551.957 0 -0.185236)
(551.227 0 -0.172284)
(550.485 0 -0.161707)
(549.772 0 -0.156564)
(549.122 0 -0.157242)
(548.134 0 -0.170485)
(618.679 0 -50.314)
(635.685 0 -13.8672)
(628.23 0 -12.4405)
(626.011 0 -7.86813)
(627.714 0 -6.78648)
(628.188 0 -8.69625)
(622.303 0 -7.03095)
(618.128 0 -5.44023)
(614.83 0 -6.17463)
(610.428 0 -6.2242)
(606.344 0 -4.7452)
(604.037 0 -3.77919)
(602.217 0 -3.63033)
(600.336 0 -3.2029)
(598.976 0 -2.62529)
(597.514 0 -2.50092)
(594.724 0 -2.51874)
(591.606 0 -2.01103)
(589.804 0 -1.44399)
(588.12 0 -1.50279)
(585.345 0 -1.65566)
(583.152 0 -1.35117)
(581.881 0 -1.11261)
(580.607 0 -1.21953)
(578.548 0 -1.25739)
(576.517 0 -1.04627)
(575.053 0 -0.887688)
(573.736 0 -0.823532)
(572.363 0 -0.670276)
(570.841 0 -0.45071)
(568.951 0 -0.374221)
(566.526 0 -0.563512)
(564.185 0 -0.946399)
(562.758 0 -1.13825)
(562.045 0 -1.12761)
(561.461 0 -0.946761)
(560.753 0 -0.566352)
(559.311 0 0.143627)
(556.499 0 0.751749)
(553.387 0 0.11666)
(551.991 0 -0.611445)
(551.612 0 -0.816801)
(551.408 0 -0.922943)
(551.242 0 -0.788667)
(550.695 0 -0.426309)
(549.21 0 -0.0337811)
(547.058 0 0.0714424)
(545.462 0 -0.212482)
(544.669 0 -0.442958)
(544.198 0 -0.549848)
(543.735 0 -0.497493)
(543.032 0 -0.388171)
(541.98 0 -0.251487)
(540.777 0 -0.206121)
(539.809 0 -0.272304)
(539.106 0 -0.327622)
(538.458 0 -0.323049)
(537.679 0 -0.268347)
(536.655 0 -0.209505)
(535.557 0 -0.219097)
(534.665 0 -0.270275)
(533.975 0 -0.285158)
(533.297 0 -0.2526)
(532.483 0 -0.190966)
(531.484 0 -0.138162)
(530.462 0 -0.139544)
(529.621 0 -0.192063)
(529.037 0 -0.235822)
(528.574 0 -0.255284)
(528.141 0 -0.258753)
(527.654 0 -0.251999)
(527.102 0 -0.237785)
(526.482 0 -0.220377)
(525.825 0 -0.203332)
(525.13 0 -0.184801)
(524.433 0 -0.175029)
(523.725 0 -0.166812)
(523.042 0 -0.163374)
(522.415 0 -0.164111)
(521.465 0 -0.175407)
(601.026 0 -40.0949)
(614.875 0 -11.0181)
(605.441 0 -10.5112)
(601.69 0 -6.68358)
(601.959 0 -5.83326)
(599.651 0 -7.23139)
(591.556 0 -5.61103)
(586.354 0 -4.2203)
(582.253 0 -4.85592)
(577.151 0 -4.86896)
(572.984 0 -3.74349)
(570.745 0 -3.05088)
(568.626 0 -2.9621)
(566.319 0 -2.61607)
(564.632 0 -2.16141)
(562.778 0 -2.07372)
(559.458 0 -2.05098)
(556.06 0 -1.6794)
(554.07 0 -1.26366)
(551.988 0 -1.32037)
(548.776 0 -1.39949)
(546.578 0 -1.17199)
(545.34 0 -1.00142)
(543.935 0 -1.0962)
(541.677 0 -1.10583)
(539.656 0 -0.953047)
(538.211 0 -0.84598)
(536.844 0 -0.800112)
(535.449 0 -0.672648)
(533.967 0 -0.487952)
(532.103 0 -0.418838)
(529.662 0 -0.570542)
(527.375 0 -0.892883)
(526.104 0 -1.08378)
(525.607 0 -1.0491)
(525.176 0 -0.934524)
(524.701 0 -0.607248)
(523.442 0 -0.0178873)
(520.614 0 0.485625)
(517.378 0 -0.0109423)
(516.069 0 -0.699949)
(515.768 0 -0.825968)
(515.722 0 -0.917466)
(515.733 0 -0.83276)
(515.311 0 -0.512942)
(513.905 0 -0.174117)
(511.706 0 -0.0900982)
(510.106 0 -0.341261)
(509.399 0 -0.54637)
(509.057 0 -0.623591)
(508.73 0 -0.57933)
(508.149 0 -0.485779)
(507.163 0 -0.37341)
(505.992 0 -0.339406)
(505.062 0 -0.400579)
(504.42 0 -0.448577)
(503.839 0 -0.443595)
(503.117 0 -0.398121)
(502.123 0 -0.348044)
(501.047 0 -0.357784)
(500.198 0 -0.40487)
(499.572 0 -0.418384)
(498.969 0 -0.390156)
(498.226 0 -0.336294)
(497.287 0 -0.291015)
(496.314 0 -0.292858)
(495.526 0 -0.338801)
(494.998 0 -0.37726)
(494.588 0 -0.393696)
(494.198 0 -0.396997)
(493.747 0 -0.391184)
(493.229 0 -0.379555)
(492.647 0 -0.365216)
(492.03 0 -0.351713)
(491.376 0 -0.336893)
(490.716 0 -0.329415)
(490.043 0 -0.322869)
(489.394 0 -0.320338)
(488.793 0 -0.320938)
(487.891 0 -0.329962)
(576.983 0 -26.8013)
(586.346 0 -7.70455)
(574.225 0 -8.25257)
(567.806 0 -5.45161)
(565.398 0 -4.68463)
(558.992 0 -5.55611)
(548.866 0 -4.21077)
(543.247 0 -3.42907)
(538.682 0 -4.48353)
(532.998 0 -4.51292)
(528.493 0 -3.36954)
(525.63 0 -2.7027)
(522.491 0 -2.56052)
(519.305 0 -2.27797)
(516.984 0 -1.92855)
(514.471 0 -1.84034)
(510.489 0 -1.76597)
(506.761 0 -1.51808)
(504.465 0 -1.2298)
(501.867 0 -1.24935)
(498.317 0 -1.26825)
(496.225 0 -1.12642)
(495.049 0 -1.01353)
(493.517 0 -1.07504)
(491.162 0 -1.05827)
(489.234 0 -0.962833)
(487.828 0 -0.895359)
(486.434 0 -0.858574)
(485.089 0 -0.756563)
(483.738 0 -0.605116)
(481.984 0 -0.535529)
(479.616 0 -0.638843)
(477.46 0 -0.907312)
(476.415 0 -1.08429)
(476.105 0 -1.05943)
(475.897 0 -0.985924)
(475.693 0 -0.728749)
(474.726 0 -0.254855)
(471.979 0 0.1802)
(468.661 0 -0.20098)
(467.467 0 -0.799284)
(467.23 0 -0.8762)
(467.357 0 -0.972883)
(467.558 0 -0.906309)
(467.277 0 -0.655509)
(466.012 0 -0.357101)
(463.835 0 -0.281328)
(462.285 0 -0.498381)
(461.682 0 -0.672252)
(461.476 0 -0.722193)
(461.296 0 -0.697415)
(460.871 0 -0.614305)
(459.98 0 -0.520999)
(458.86 0 -0.494726)
(457.984 0 -0.548029)
(457.406 0 -0.589038)
(456.901 0 -0.584747)
(456.251 0 -0.546583)
(455.313 0 -0.501609)
(454.281 0 -0.508553)
(453.492 0 -0.549961)
(452.944 0 -0.562945)
(452.43 0 -0.540271)
(451.787 0 -0.495053)
(450.942 0 -0.455999)
(450.047 0 -0.456315)
(449.339 0 -0.494517)
(448.88 0 -0.527119)
(448.531 0 -0.540134)
(448.19 0 -0.542186)
(447.783 0 -0.53647)
(447.307 0 -0.526356)
(446.773 0 -0.514455)
(446.204 0 -0.503571)
(445.601 0 -0.491681)
(444.987 0 -0.485396)
(444.361 0 -0.479823)
(443.758 0 -0.477486)
(443.198 0 -0.476788)
(442.368 0 -0.483437)
(539.341 0 -21.2619)
(543.697 0 -7.09595)
(526.454 0 -7.05098)
(515.395 0 -4.63605)
(509.401 0 -3.8654)
(498.848 0 -4.33878)
(488.387 0 -3.19777)
(483.238 0 -2.35678)
(478.003 0 -2.93301)
(470.636 0 -3.13353)
(464.121 0 -2.73188)
(459.149 0 -2.4234)
(454.046 0 -2.30956)
(449.562 0 -2.08399)
(446.383 0 -1.82527)
(443.098 0 -1.73722)
(438.585 0 -1.64309)
(434.655 0 -1.4952)
(432.044 0 -1.31666)
(429.026 0 -1.30573)
(425.505 0 -1.29219)
(423.689 0 -1.21988)
(422.637 0 -1.15628)
(421.082 0 -1.18747)
(418.853 0 -1.16367)
(417.136 0 -1.11659)
(415.825 0 -1.07959)
(414.508 0 -1.04799)
(413.347 0 -0.973717)
(412.248 0 -0.867038)
(410.734 0 -0.811132)
(408.615 0 -0.877489)
(406.749 0 -1.07938)
(405.989 0 -1.22629)
(405.818 0 -1.19372)
(405.853 0 -1.14306)
(405.895 0 -0.953531)
(405.239 0 -0.601457)
(402.743 0 -0.287513)
(399.57 0 -0.582185)
(398.565 0 -1.05101)
(398.441 0 -1.0637)
(398.726 0 -1.14033)
(399.065 0 -1.08761)
(398.912 0 -0.902274)
(397.86 0 -0.679793)
(395.868 0 -0.623588)
(394.497 0 -0.792753)
(394.055 0 -0.933371)
(393.979 0 -0.949249)
(393.939 0 -0.935752)
(393.663 0 -0.867216)
(392.91 0 -0.800016)
(391.896 0 -0.784023)
(391.122 0 -0.826045)
(390.63 0 -0.854766)
(390.214 0 -0.849441)
(389.663 0 -0.818417)
(388.828 0 -0.783179)
(387.9 0 -0.789894)
(387.219 0 -0.821577)
(386.77 0 -0.830477)
(386.364 0 -0.811001)
(385.848 0 -0.775973)
(385.142 0 -0.74564)
(384.377 0 -0.746369)
(383.792 0 -0.774971)
(383.428 0 -0.800121)
(383.156 0 -0.808902)
(382.879 0 -0.809397)
(382.532 0 -0.803777)
(382.118 0 -0.795192)
(381.652 0 -0.785484)
(381.152 0 -0.776847)
(380.62 0 -0.767185)
(380.074 0 -0.76199)
(379.518 0 -0.756834)
(378.987 0 -0.754556)
(378.498 0 -0.75348)
(377.786 0 -0.756737)
(485.87 0 -5.80169)
(475.235 0 -3.91198)
(447.851 0 -4.04837)
(431.667 0 -3.18671)
(423.419 0 -2.66355)
(411.394 0 -2.53471)
(403.264 0 -2.45427)
(398.618 0 -2.96985)
(390.205 0 -4.48958)
(377.519 0 -4.16121)
(366.478 0 -2.76553)
(358.15 0 -2.03776)
(350.816 0 -1.73747)
(345.22 0 -1.55656)
(341.331 0 -1.38745)
(337.557 0 -1.28171)
(333.026 0 -1.16809)
(329.269 0 -1.09923)
(326.553 0 -0.994594)
(323.54 0 -0.931085)
(320.632 0 -0.9115)
(319.312 0 -0.899962)
(318.495 0 -0.857738)
(317.14 0 -0.84048)
(315.339 0 -0.807378)
(313.984 0 -0.788296)
(312.904 0 -0.758752)
(311.88 0 -0.726033)
(311.09 0 -0.678302)
(310.361 0 -0.60237)
(309.229 0 -0.543123)
(307.58 0 -0.55363)
(306.231 0 -0.691223)
(305.823 0 -0.797938)
(305.843 0 -0.772768)
(306.129 0 -0.758323)
(306.317 0 -0.657847)
(305.849 0 -0.427124)
(303.738 0 -0.146054)
(301.09 0 -0.336498)
(300.419 0 -0.671452)
(300.522 0 -0.64638)
(300.991 0 -0.71324)
(301.431 0 -0.688622)
(301.368 0 -0.571657)
(300.555 0 -0.408679)
(298.951 0 -0.33882)
(297.939 0 -0.464953)
(297.738 0 -0.552627)
(297.828 0 -0.559958)
(297.924 0 -0.557683)
(297.774 0 -0.508683)
(297.189 0 -0.458145)
(296.363 0 -0.44053)
(295.768 0 -0.466545)
(295.419 0 -0.485756)
(295.133 0 -0.480269)
(294.718 0 -0.457034)
(294.049 0 -0.427441)
(293.311 0 -0.426569)
(292.814 0 -0.447499)
(292.515 0 -0.455075)
(292.247 0 -0.441612)
(291.884 0 -0.419593)
(291.355 0 -0.396862)
(290.777 0 -0.394516)
(290.363 0 -0.412344)
(290.131 0 -0.42797)
(289.964 0 -0.431742)
(289.779 0 -0.429132)
(289.526 0 -0.422536)
(289.211 0 -0.414619)
(288.849 0 -0.406549)
(288.453 0 -0.399566)
(288.026 0 -0.391969)
(287.583 0 -0.387409)
(287.138 0 -0.382883)
(286.717 0 -0.380479)
(286.339 0 -0.377769)
(285.807 0 -0.379165)
(403.527 0 -11.9106)
(362.565 0 -5.30145)
(324.324 0 -3.6014)
(306.48 0 -2.53935)
(298.672 0 -2.23272)
(289.646 0 -2.08042)
(286.942 0 -1.50509)
(282.375 0 -0.625488)
(264.366 0 -0.0835278)
(237.259 0 -0.139197)
(217.421 0 -0.595024)
(204.55 0 -0.749586)
(195.246 0 -0.735979)
(189.175 0 -0.669599)
(185.055 0 -0.590336)
(181.398 0 -0.533595)
(177.614 0 -0.497589)
(174.621 0 -0.46797)
(172.234 0 -0.429982)
(169.873 0 -0.402445)
(168.242 0 -0.397853)
(167.708 0 -0.382419)
(167.319 0 -0.364367)
(166.482 0 -0.352611)
(165.465 0 -0.344713)
(164.711 0 -0.336256)
(164.105 0 -0.322663)
(163.672 0 -0.305668)
(163.492 0 -0.283109)
(163.289 0 -0.261214)
(162.711 0 -0.2537)
(161.794 0 -0.27366)
(161.238 0 -0.315308)
(161.317 0 -0.327354)
(161.69 0 -0.30587)
(162.29 0 -0.272949)
(162.598 0 -0.21252)
(162.216 0 -0.143698)
(160.613 0 -0.123548)
(158.845 0 -0.223634)
(158.764 0 -0.292233)
(159.209 0 -0.291077)
(159.945 0 -0.2875)
(160.531 0 -0.249791)
(160.579 0 -0.198775)
(160.049 0 -0.161342)
(159.03 0 -0.174249)
(158.58 0 -0.219755)
(158.721 0 -0.237388)
(159.06 0 -0.234692)
(159.328 0 -0.220246)
(159.319 0 -0.199644)
(158.957 0 -0.187196)
(158.425 0 -0.190401)
(158.116 0 -0.200098)
(158.005 0 -0.201204)
(157.928 0 -0.193279)
(157.722 0 -0.182605)
(157.31 0 -0.1765)
(156.875 0 -0.181491)
(156.666 0 -0.187378)
(156.598 0 -0.184575)
(156.534 0 -0.175929)
(156.371 0 -0.16625)
(156.076 0 -0.160932)
(155.753 0 -0.164836)
(155.575 0 -0.172613)
(155.524 0 -0.176896)
(155.51 0 -0.176676)
(155.469 0 -0.174617)
(155.366 0 -0.171149)
(155.21 0 -0.167511)
(155.014 0 -0.163759)
(154.781 0 -0.160513)
(154.52 0 -0.15721)
(154.238 0 -0.15536)
(153.967 0 -0.153404)
(153.712 0 -0.152594)
(153.504 0 -0.151457)
(153.235 0 -0.152594)
)
;

boundaryField
{
    inlet
    {
        type            fixedValue;
        value           uniform (826.5 0 0);
    }
    outlet
    {
        type            zeroGradient;
    }
    bottom
    {
        type            noSlip;
    }
    top
    {
        type            noSlip;
    }
    upstream
    {
        type            symmetryPlane;
    }
    defaultFaces
    {
        type            empty;
    }
}


// ************************************************************************* //
