/*--------------------------------*- C++ -*----------------------------------*\
  =========                 |
  \\      /  F ield         | OpenFOAM: The Open Source CFD Toolbox
   \\    /   O peration     | Website:  https://openfoam.org
    \\  /    A nd           | Version:  13
     \\/     M anipulation  |
\*---------------------------------------------------------------------------*/
FoamFile
{
    format      ascii;
    class       volScalarField;
    location    "0.0006";
    object      Ma;
}
// * * * * * * * * * * * * * * * * * * * * * * * * * * * * * * * * * * * * * //

dimensions      [];

internalField   nonuniform List<scalar> 
16072
(
4.30796
3.48621
2.89102
2.31968
1.80042
1.48172
4.72821
4.19004
3.73267
3.37046
3.0424
2.76197
4.8877
4.61263
4.31507
4.04714
3.80318
3.57853
4.94837
4.79697
4.64097
4.48024
4.31332
4.1528
4.9721
4.87526
4.79192
4.71172
4.62049
4.52355
4.98189
4.9064
4.8532
4.81308
4.77615
4.73139
4.98936
4.93147
4.88421
4.85323
4.84206
4.83003
4.99392
4.94934
4.89642
4.86956
4.86595
4.86924
4.99634
4.96735
4.91143
4.87944
4.87554
4.8808
4.99749
4.98016
4.93083
4.88758
4.88144
4.88342
4.99799
4.98886
4.95288
4.90068
4.88597
4.88401
4.99826
4.99374
4.97147
4.92129
4.89267
4.88517
4.9984
4.99625
4.98427
4.94895
4.90431
4.88627
4.99847
4.99744
4.99164
4.97066
4.92642
4.89066
4.9985
4.99802
4.99541
4.98482
4.95326
4.9069
4.99851
4.99831
4.99712
4.99233
4.97515
4.93541
4.99851
4.99844
4.99791
4.99585
4.98782
4.96694
4.99852
4.99849
4.99828
4.99739
4.9941
4.985
4.99852
4.99851
4.99843
4.99808
4.99677
4.99296
4.99852
4.99851
4.99849
4.99836
4.99785
4.99634
4.99852
4.99852
4.99851
4.99847
4.99829
4.99771
4.99852
4.99852
4.99851
4.9985
4.99845
4.99825
4.99852
4.99852
4.99852
4.99851
4.9985
4.99844
4.99852
4.99852
4.99852
4.99852
4.99851
4.9985
4.99852
4.99852
4.99852
4.99852
4.99852
4.99851
4.99852
4.99852
4.99852
4.99852
4.99852
4.99852
4.99852
4.99852
4.99852
4.99852
4.99852
4.99852
4.99852
4.99852
4.99852
4.99852
4.99852
4.99852
4.99852
4.99852
4.99852
4.99852
4.99852
4.99852
4.99852
4.99852
4.99852
4.99852
4.99852
4.99852
4.99852
4.99852
4.99852
4.99852
4.99852
4.99852
4.99852
4.99852
4.99852
4.99852
4.99852
4.99852
4.99852
4.99852
4.99852
4.99852
4.99852
4.99852
4.99852
4.99852
4.99852
4.99852
4.99852
4.99852
4.99852
4.99852
4.99852
4.99852
4.99852
4.99852
4.99852
4.99852
4.99852
4.99852
4.99852
4.99852
4.99852
4.99852
4.99852
4.99852
4.99852
4.99852
4.99852
4.99852
4.99852
4.99852
4.99852
4.99852
4.99852
4.99852
4.99852
4.99852
4.99852
4.99852
4.99852
4.99852
4.99852
4.99852
4.99852
4.99852
4.99852
4.99852
4.99852
4.99852
4.99852
4.99852
4.99852
4.99852
4.99852
4.99852
4.99852
4.99852
4.99852
4.99852
4.99852
4.99852
4.99852
4.99852
4.99852
4.99852
4.99852
4.99852
4.99852
4.99852
4.99852
4.99852
4.99852
4.99852
4.99852
4.99852
4.99852
4.99852
4.99852
4.99852
4.99852
4.99852
4.99852
4.99852
4.99852
4.99852
4.99852
4.99852
4.99852
4.99852
4.99852
4.99852
4.99852
4.99852
4.99852
4.99852
4.99852
4.99852
4.99852
4.99852
4.99852
4.99852
4.99852
4.99852
4.99852
4.99852
4.99852
4.99852
4.99852
4.99852
4.99852
4.99852
4.99852
4.99852
4.99852
4.99852
4.99852
4.99852
4.99852
4.99852
4.99852
4.99852
4.99852
4.99852
4.99852
4.99852
4.99852
4.99852
4.99852
4.99852
4.99852
4.99852
4.99852
4.99852
4.99852
4.99852
4.99852
4.99852
4.99852
4.99852
4.99852
4.99852
4.99852
4.99852
4.99852
4.99852
4.99852
4.99852
4.99852
4.99852
4.99852
4.99852
4.99852
4.99852
4.99852
4.99852
4.99852
4.99852
4.99852
4.99852
4.99852
4.99852
4.99852
4.99852
4.99852
4.99852
4.99852
4.99852
4.99852
4.99852
4.99852
4.99852
4.99852
4.99852
4.99852
4.99852
4.99852
4.99852
4.99852
4.99852
4.99852
4.99852
4.99852
4.99852
4.99852
4.99852
4.99852
4.99852
4.99852
4.99852
4.99852
4.99852
4.99852
4.99852
4.99852
4.99852
4.99852
4.99852
4.99852
4.99852
4.99852
4.99852
4.99852
4.99852
4.99852
4.99852
4.99852
4.99852
4.99852
4.99852
4.99852
4.99852
4.99852
4.99851
4.99852
4.99852
4.99852
4.99852
4.99852
4.99851
4.99852
4.99852
4.99852
4.99852
4.99852
4.9985
4.99852
4.99852
4.99852
4.99852
4.99852
4.99849
4.99852
4.99852
4.99852
4.99852
4.99852
4.99847
4.99852
4.99852
4.99852
4.99852
4.99852
4.99843
4.99852
4.99852
4.99852
4.99852
4.99851
4.99839
4.99852
4.99852
4.99852
4.99852
4.99851
4.99841
4.99852
4.99852
4.99852
4.99852
4.99851
4.99863
4.99852
4.99852
4.99852
4.99852
4.9985
4.99867
4.99852
4.99852
4.99852
4.99852
4.99848
4.99859
4.99852
4.99852
4.99852
4.99852
4.99847
4.99839
4.99852
4.99852
4.99852
4.99852
4.99846
4.99822
4.99852
4.99852
4.99852
4.99852
4.99844
4.99789
4.99852
4.99852
4.99852
4.99852
4.99844
4.99812
1.30508
1.19285
1.12653
1.0826
1.05892
1.05404
1.05932
1.06449
1.06528
1.06261
1.05847
1.05328
1.0483
1.04291
1.03699
1.03077
1.02122
1.01067
1.00017
0.990241
0.980701
0.971683
0.962591
0.954168
0.945856
0.938092
0.930014
0.922624
0.915514
0.908207
0.901655
0.895938
0.890635
0.885182
0.879656
0.874209
0.868878
0.864019
0.85915
0.85418
0.849888
0.845251
0.84145
0.838009
0.828175
0.810101
0.773779
0.718379
0.671728
0.643209
0.625023
0.613138
0.604551
0.597701
0.591836
0.586545
0.58162
0.576976
0.572565
0.568362
0.564348
0.560501
0.556815
0.553215
0.549734
0.546332
0.543065
0.53986
0.536716
0.533416
0.530028
0.526675
0.523358
0.520092
0.516839
0.513656
0.510481
0.507386
0.504333
0.50135
0.498417
0.495527
0.492671
0.489852
0.487083
0.484342
0.481674
0.479037
0.476474
0.473925
0.471431
0.468928
0.466484
0.464037
0.461662
0.459291
0.456986
0.454662
0.452412
0.450168
0.447999
0.445831
0.443743
0.441625
0.439571
0.437497
0.435505
0.433449
0.431416
0.429179
2.52337
2.33613
2.19614
2.08909
2.00754
1.94802
1.90147
1.86051
1.82193
1.78451
1.74947
1.71706
1.68685
1.65826
1.63106
1.60538
1.58042
1.55611
1.53302
1.51092
1.49001
1.47031
1.45157
1.43358
1.41642
1.39973
1.38399
1.3687
1.35383
1.33976
1.32604
1.31348
1.30178
1.29041
1.27948
1.26891
1.25869
1.24875
1.23909
1.22997
1.22097
1.21205
1.20409
1.19562
1.18577
1.17462
1.1594
1.13967
1.12156
1.10764
1.09749
1.08994
1.08381
1.07838
1.07331
1.0684
1.06354
1.05872
1.05395
1.04924
1.04461
1.04006
1.03559
1.03116
1.0268
1.02249
1.01827
1.01409
1.00991
1.00571
1.00153
0.997399
0.993335
0.989328
0.985347
0.981423
0.977523
0.973684
0.969904
0.966186
0.962531
0.958931
0.95538
0.951875
0.948428
0.945015
0.941668
0.938359
0.935115
0.931902
0.928744
0.925603
0.922522
0.91946
0.91646
0.913475
0.910541
0.907597
0.904706
0.901842
0.899048
0.896276
0.893584
0.890889
0.888247
0.8856
0.883038
0.880405
0.877864
0.874651
3.34788
3.13653
2.95888
2.81119
2.68822
2.58532
2.49715
2.42054
2.3526
2.29079
2.23455
2.18395
2.13746
2.09425
2.05399
2.01671
1.98222
1.94991
1.91925
1.89029
1.86308
1.83753
1.81333
1.79017
1.76805
1.74686
1.72672
1.70724
1.68852
1.67064
1.65322
1.63666
1.62089
1.6059
1.59144
1.57748
1.56413
1.55125
1.53893
1.52682
1.5148
1.50379
1.49316
1.48172
1.47081
1.46145
1.45259
1.44535
1.43998
1.43453
1.42973
1.42536
1.42117
1.41696
1.41265
1.40821
1.40362
1.39888
1.39407
1.38921
1.38435
1.37949
1.37466
1.36984
1.36503
1.36026
1.35554
1.35084
1.34612
1.34144
1.33683
1.3323
1.32785
1.32347
1.31912
1.31483
1.31057
1.30635
1.30221
1.29812
1.2941
1.29015
1.28625
1.28241
1.27863
1.2749
1.27123
1.2676
1.26403
1.26051
1.25703
1.25359
1.25021
1.24687
1.24359
1.24034
1.23713
1.23391
1.23073
1.22759
1.22451
1.22147
1.21851
1.21557
1.21267
1.20979
1.20699
1.20413
1.20141
1.19768
3.96977
3.7809
3.60316
3.44026
3.29411
3.16105
3.03959
2.93075
2.83371
2.74643
2.66802
2.59802
2.53448
2.47619
2.42271
2.37374
2.32903
2.28781
2.24917
2.21307
2.17937
2.1479
2.11828
2.09016
2.06344
2.03794
2.0138
1.99068
1.96855
1.94736
1.92684
1.90713
1.88821
1.87011
1.85277
1.83622
1.82031
1.80506
1.79032
1.77599
1.76194
1.74884
1.73602
1.72254
1.70999
1.69952
1.69041
1.6851
1.68378
1.68283
1.68131
1.67911
1.67633
1.67304
1.66935
1.66531
1.66098
1.65638
1.6516
1.64671
1.64174
1.63673
1.63169
1.62663
1.62156
1.61649
1.61145
1.60642
1.60137
1.59636
1.59144
1.5866
1.58187
1.57721
1.57259
1.56802
1.56349
1.559
1.55458
1.55021
1.54592
1.54169
1.53752
1.53342
1.5294
1.52543
1.52152
1.51766
1.51385
1.51009
1.50637
1.5027
1.4991
1.49556
1.49208
1.48864
1.48523
1.48183
1.47844
1.47511
1.47183
1.4686
1.46545
1.46234
1.45927
1.45622
1.45327
1.45026
1.44744
1.4434
4.40428
4.26754
4.12743
3.98616
3.84797
3.71206
3.57883
3.45091
3.33041
3.21881
3.11683
3.02455
2.94034
2.86327
2.79302
2.72919
2.67112
2.61806
2.56898
2.52352
2.48147
2.44244
2.406
2.37168
2.33927
2.30856
2.2796
2.25208
2.22586
2.2008
2.17671
2.15365
2.13146
2.1102
2.08988
2.07054
2.05198
2.03421
2.01705
2.00053
1.98449
1.9691
1.95414
1.93878
1.92437
1.91177
1.90029
1.89233
1.88966
1.88908
1.88824
1.88662
1.88424
1.88121
1.87764
1.87365
1.86928
1.8646
1.85968
1.8546
1.84941
1.84415
1.83883
1.83347
1.82808
1.82267
1.81728
1.81192
1.80655
1.80122
1.79597
1.79082
1.78577
1.7808
1.77589
1.77102
1.76619
1.7614
1.75669
1.75203
1.74744
1.74291
1.73845
1.73407
1.72978
1.72555
1.72139
1.71727
1.71321
1.70919
1.70523
1.70131
1.69746
1.69369
1.69
1.68636
1.68275
1.67914
1.67555
1.67201
1.66853
1.6651
1.66176
1.65845
1.65521
1.65199
1.64888
1.64571
1.64278
1.63849
4.66552
4.58446
4.49408
4.39483
4.29146
4.18269
4.06808
3.94971
3.82926
3.71001
3.595
3.48608
3.38331
3.28697
3.19776
3.11597
3.04096
2.97225
2.90904
2.85086
2.79739
2.74807
2.70235
2.65963
2.6196
2.58195
2.54661
2.51329
2.48173
2.45169
2.42303
2.39575
2.3696
2.34459
2.3207
2.29798
2.27626
2.25553
2.23557
2.2164
2.19792
2.18007
2.16274
2.14528
2.12875
2.11363
2.09923
2.08733
2.08109
2.07814
2.07586
2.07329
2.07022
2.06662
2.06255
2.05809
2.05328
2.04815
2.04278
2.03725
2.03161
2.02589
2.02011
2.01428
2.00842
2.00254
1.99667
1.99084
1.98504
1.97926
1.97356
1.96796
1.96246
1.95706
1.95172
1.94642
1.94117
1.93598
1.93085
1.92579
1.92079
1.91586
1.91101
1.90624
1.90158
1.89699
1.89248
1.88802
1.88362
1.87925
1.87494
1.87068
1.86651
1.86242
1.85844
1.8545
1.85061
1.84672
1.84286
1.83903
1.83528
1.83158
1.82797
1.8244
1.82091
1.81745
1.81411
1.81073
1.8076
1.80305
4.80369
4.76288
4.71444
4.65582
4.59111
4.51969
4.44036
4.35391
4.25996
4.15982
4.05623
3.95124
3.84602
3.74203
3.64126
3.54535
3.45472
3.36969
3.29033
3.2167
3.14869
3.08586
3.0277
2.97359
2.92317
2.87605
2.83205
2.79081
2.752
2.71528
2.68048
2.64756
2.61621
2.58632
2.55787
2.53083
2.50508
2.48059
2.45711
2.43459
2.41296
2.39216
2.37202
2.35198
2.3329
2.31492
2.29741
2.28151
2.27086
2.26425
2.25919
2.25452
2.24978
2.2448
2.23956
2.23407
2.22832
2.22232
2.21613
2.20983
2.20345
2.19701
2.19054
2.18403
2.1775
2.17098
2.16447
2.158
2.15157
2.14518
2.13886
2.13264
2.12655
2.12055
2.11463
2.10876
2.10296
2.09721
2.09155
2.08595
2.08043
2.07497
2.0696
2.06433
2.05917
2.05411
2.04914
2.04423
2.03938
2.03457
2.02981
2.02511
2.02051
2.01601
2.01163
2.00731
2.00306
1.99881
1.99458
1.99039
1.98628
1.98222
1.97827
1.97436
1.97054
1.96676
1.9631
1.95945
1.95603
1.95115
4.86501
4.85202
4.83058
4.80036
4.76601
4.72551
4.67785
4.62448
4.56431
4.49675
4.42294
4.34361
4.25902
4.16982
4.07772
3.98461
3.89174
3.80024
3.71123
3.6258
3.54474
3.46832
3.3965
3.32909
3.26593
3.20679
3.15151
3.09977
3.05122
3.00551
2.9624
2.92182
2.88341
2.84698
2.81243
2.77968
2.74861
2.71914
2.69103
2.66417
2.63842
2.6138
2.59005
2.5667
2.5444
2.52311
2.50213
2.4823
2.46698
2.45598
2.44723
2.43947
2.43212
2.42492
2.41776
2.41057
2.40329
2.3959
2.38842
2.38092
2.37342
2.36592
2.35843
2.35096
2.3435
2.33607
2.3287
2.32139
2.31414
2.30694
2.29983
2.29283
2.28597
2.27923
2.27258
2.266
2.25949
2.25306
2.24673
2.24048
2.23431
2.22821
2.22221
2.21631
2.21056
2.20491
2.19938
2.19392
2.18853
2.18318
2.17788
2.17265
2.16753
2.16253
2.15767
2.1529
2.1482
2.1435
2.13884
2.13421
2.12967
2.12519
2.12081
2.1165
2.11227
2.10811
2.10408
2.10008
2.09631
2.09103
4.88812
4.8895
4.88439
4.87201
4.85656
4.83679
4.81145
4.78224
4.74803
4.70812
4.66328
4.61355
4.55848
4.49761
4.43133
4.36032
4.28516
4.20655
4.12559
4.04348
3.96155
3.88073
3.80177
3.72527
3.65172
3.58146
3.51472
3.45149
3.39165
3.33508
3.2816
3.2312
3.1836
3.13856
3.09592
3.05559
3.01744
2.98133
2.94704
2.91441
2.88323
2.85354
2.82499
2.79725
2.77073
2.74534
2.72025
2.69614
2.67595
2.66008
2.64692
2.63519
2.62432
2.61401
2.60409
2.59444
2.58492
2.57547
2.56611
2.55686
2.54773
2.53871
2.52978
2.52094
2.51218
2.50352
2.49497
2.48652
2.47818
2.46992
2.46178
2.45378
2.44594
2.43825
2.43067
2.42319
2.41581
2.40853
2.40137
2.39432
2.38736
2.38047
2.37369
2.36704
2.36054
2.35419
2.34797
2.34185
2.33581
2.32981
2.32387
2.318
2.31225
2.30665
2.30121
2.29589
2.29065
2.28544
2.28025
2.27511
2.27005
2.26507
2.2602
2.25541
2.25069
2.24607
2.24158
2.23716
2.23299
2.22722
4.89262
4.90526
4.9059
4.90401
4.89965
4.89155
4.87957
4.86556
4.84769
4.82571
4.80077
4.77291
4.74142
4.70564
4.66543
4.6208
4.57168
4.51806
4.46013
4.39823
4.33288
4.26471
4.19441
4.12285
4.05078
3.97899
3.90813
3.83871
3.77115
3.70585
3.64301
3.58293
3.52558
3.4709
3.41884
3.36937
3.32245
3.27798
3.23576
3.19564
3.15737
3.12102
3.08616
3.05263
3.02055
2.98988
2.95975
2.93044
2.90478
2.88346
2.8651
2.84849
2.83314
2.81877
2.80516
2.79214
2.77953
2.76724
2.75524
2.74354
2.73214
2.72098
2.71005
2.69932
2.68877
2.67841
2.66824
2.65826
2.64845
2.63878
2.62928
2.61996
2.61085
2.60193
2.59316
2.58453
2.57602
2.56766
2.55946
2.55139
2.54344
2.53558
2.52784
2.52024
2.51283
2.5056
2.49854
2.49161
2.48477
2.478
2.47128
2.46464
2.45813
2.45179
2.44564
2.43965
2.43377
2.42793
2.42212
2.41637
2.41069
2.40512
2.39965
2.39428
2.38899
2.38382
2.37878
2.37385
2.3692
2.36283
4.89113
4.90697
4.91371
4.91761
4.91816
4.91631
4.91183
4.90643
4.89763
4.88587
4.8727
4.85821
4.84158
4.82222
4.80001
4.77494
4.74673
4.71522
4.68036
4.642
4.59996
4.5542
4.50482
4.45216
4.39648
4.33821
4.27774
4.21558
4.15229
4.08851
4.0248
3.96177
3.89977
3.83911
3.7801
3.723
3.66804
3.6153
3.56474
3.51635
3.46995
3.42568
3.38315
3.34238
3.30343
3.26619
3.22995
3.19437
3.1621
3.13416
3.10949
3.08696
3.06608
3.04656
3.02818
3.01073
2.99402
2.97791
2.96235
2.94734
2.93284
2.91878
2.90511
2.89179
2.8788
2.86613
2.85376
2.8417
2.82991
2.81835
2.80703
2.79596
2.78517
2.77463
2.76431
2.75417
2.74422
2.73446
2.72491
2.71554
2.70632
2.69722
2.68827
2.67948
2.67093
2.6626
2.65448
2.64654
2.63871
2.63097
2.62329
2.6157
2.60826
2.60102
2.594
2.58718
2.5805
2.5739
2.56734
2.56084
2.55443
2.54813
2.54194
2.53588
2.52989
2.52405
2.51836
2.5128
2.50757
2.50047
4.88908
4.90349
4.91425
4.92319
4.92601
4.92698
4.92645
4.92567
4.92158
4.91519
4.9083
4.90107
4.89271
4.88272
4.87101
4.85771
4.84263
4.82555
4.80645
4.78516
4.76145
4.73504
4.70577
4.67361
4.63853
4.60048
4.55945
4.51548
4.46874
4.41949
4.36802
4.31474
4.26
4.2042
4.14777
4.09121
4.03498
3.97944
3.92481
3.87131
3.81905
3.7683
3.71891
3.67113
3.62517
3.5809
3.53794
3.49557
3.45585
3.42028
3.38827
3.35881
3.33132
3.30551
3.28118
3.25812
3.23614
3.21509
3.19488
3.1755
3.15689
3.13896
3.12164
3.10486
3.0886
3.07282
3.05751
3.04265
3.02819
3.0141
3.00036
2.98697
2.97395
2.96127
2.9489
2.93679
2.92493
2.91334
2.90203
2.89097
2.88011
2.86942
2.85891
2.84861
2.83859
2.82886
2.8194
2.81017
2.8011
2.79214
2.78326
2.77449
2.76587
2.7575
2.74939
2.74154
2.73387
2.72632
2.71882
2.71142
2.70409
2.69691
2.68984
2.68292
2.67609
2.66943
2.66292
2.6566
2.65066
2.64268
4.88824
4.89703
4.91016
4.9229
4.92787
4.93188
4.93295
4.93446
4.93269
4.92936
4.92585
4.92226
4.91801
4.91289
4.90686
4.89996
4.89211
4.88314
4.8731
4.86192
4.84947
4.83543
4.81962
4.80191
4.78226
4.76055
4.73669
4.71054
4.68202
4.65105
4.61759
4.58165
4.54331
4.50268
4.45989
4.41525
4.36904
4.32154
4.27298
4.22364
4.17378
4.12374
4.07365
4.02395
3.97491
3.92663
3.87917
3.83185
3.78612
3.74379
3.70496
3.66875
3.6345
3.60196
3.57103
3.54156
3.51337
3.48634
3.46044
3.43565
3.41189
3.38905
3.36705
3.34581
3.3253
3.30549
3.28633
3.26781
3.24986
3.23244
3.2155
3.19905
3.1831
3.16762
3.15256
3.13787
3.12351
3.10952
3.09589
3.08262
3.06963
3.05689
3.04437
3.03213
3.02022
3.0087
2.9975
2.98662
2.97594
2.96543
2.95501
2.94474
2.93465
2.92485
2.91536
2.9062
2.89727
2.88853
2.87986
2.87131
2.86285
2.85456
2.84639
2.83841
2.83053
2.82285
2.81534
2.80807
2.80125
2.79217
4.89055
4.8938
4.90266
4.91744
4.92652
4.9337
4.93561
4.93857
4.9378
4.93625
4.93473
4.93303
4.93068
4.92787
4.92473
4.92126
4.9172
4.91244
4.90709
4.90126
4.89492
4.8878
4.87966
4.87039
4.86001
4.84844
4.83565
4.82148
4.80586
4.7886
4.7696
4.74879
4.7261
4.70144
4.67481
4.64623
4.61575
4.58338
4.54912
4.51302
4.47516
4.43569
4.39476
4.35267
4.30967
4.26577
4.22138
4.17598
4.13037
4.0864
4.04493
4.00552
3.96751
3.93058
3.89472
3.85998
3.82636
3.79381
3.76231
3.73192
3.70265
3.67444
3.64719
3.62084
3.59534
3.57069
3.54687
3.52388
3.50163
3.48008
3.45917
3.43889
3.41924
3.4002
3.38171
3.36374
3.3462
3.32914
3.31255
3.29644
3.28071
3.26533
3.25024
3.23553
3.22123
3.20738
3.19396
3.18093
3.16817
3.15564
3.14326
3.13107
3.11909
3.10748
3.09624
3.08541
3.07488
3.06459
3.05442
3.0444
3.03449
3.0248
3.01525
3.00593
2.99673
2.98779
2.97902
2.97054
2.96261
2.95219
4.89563
4.89162
4.89619
4.90887
4.92262
4.93264
4.93551
4.93986
4.93999
4.93959
4.93935
4.93859
4.93721
4.93557
4.93392
4.9322
4.93008
4.92749
4.92455
4.92141
4.91813
4.91456
4.91045
4.9057
4.90032
4.89432
4.88768
4.88031
4.87215
4.86309
4.85306
4.84196
4.82968
4.81616
4.80135
4.78523
4.76775
4.74888
4.72854
4.70663
4.68307
4.65782
4.63091
4.60242
4.57236
4.54061
4.50749
4.47258
4.43597
4.39901
4.36297
4.32796
4.29329
4.25857
4.22382
4.18913
4.15458
4.12033
4.08662
4.05351
4.02101
3.98913
3.95792
3.92746
3.89777
3.86887
3.84072
3.81332
3.78665
3.76075
3.73558
3.71114
3.68739
3.66433
3.64189
3.62004
3.59875
3.57807
3.55798
3.53848
3.51947
3.5009
3.48271
3.46497
3.4477
3.43097
3.41476
3.39903
3.38366
3.36859
3.35373
3.33913
3.32481
3.31092
3.29749
3.28455
3.27197
3.2597
3.2476
3.2357
3.22395
3.21246
3.20116
3.19013
3.17927
3.1687
3.15837
3.14834
3.13902
3.12686
4.9058
4.8927
4.89435
4.90207
4.91597
4.92757
4.93318
4.93966
4.94058
4.94096
4.94179
4.94141
4.94056
4.93958
4.93868
4.93783
4.93671
4.93531
4.93369
4.93198
4.93022
4.92837
4.92628
4.92388
4.92112
4.91803
4.91459
4.91078
4.90656
4.90191
4.89674
4.89099
4.88458
4.87747
4.86968
4.86117
4.85189
4.84181
4.83084
4.81888
4.80581
4.79156
4.77614
4.7596
4.74188
4.72266
4.70227
4.68039
4.65657
4.63146
4.60626
4.58162
4.55695
4.53143
4.50486
4.47747
4.44934
4.42045
4.39092
4.36111
4.33124
4.30133
4.27129
4.24117
4.21109
4.18123
4.15176
4.12273
4.09408
4.06583
4.03794
4.01053
3.98364
3.95735
3.93161
3.90644
3.88177
3.85769
3.83417
3.81124
3.78881
3.76686
3.74532
3.72428
3.70377
3.68388
3.66458
3.64582
3.62749
3.6095
3.59178
3.57436
3.5573
3.54073
3.52469
3.5092
3.49415
3.47947
3.46502
3.45081
3.43679
3.42307
3.4096
3.39645
3.38353
3.37096
3.35868
3.34671
3.33564
3.32129
4.92592
4.89444
4.89591
4.89886
4.90731
4.91829
4.92906
4.93741
4.93962
4.94078
4.94284
4.94275
4.94219
4.94175
4.94135
4.94077
4.94004
4.93923
4.9384
4.93754
4.93658
4.93555
4.93446
4.9333
4.93197
4.93043
4.92867
4.9267
4.92452
4.92212
4.91946
4.91649
4.91317
4.90946
4.90537
4.9009
4.89607
4.89084
4.88517
4.87899
4.8722
4.8647
4.85652
4.84767
4.83814
4.82767
4.81631
4.80422
4.79076
4.7759
4.76053
4.74561
4.73123
4.71654
4.70062
4.68325
4.6648
4.64558
4.62548
4.60436
4.58225
4.55949
4.53633
4.51272
4.48854
4.46376
4.43845
4.41281
4.387
4.36119
4.3353
4.30936
4.28332
4.2573
4.23131
4.20546
4.17981
4.15452
4.12957
4.105
4.08069
4.05665
4.03284
4.00937
3.98633
3.96384
3.9419
3.92049
3.89948
3.87879
3.85834
3.83818
3.81837
3.79904
3.78029
3.76214
3.7445
3.72724
3.71027
3.69354
3.67704
3.66085
3.64497
3.62942
3.61417
3.59928
3.58477
3.57053
3.55738
3.54044
4.95214
4.90582
4.90365
4.8994
4.90126
4.90846
4.92161
4.9313
4.93647
4.93914
4.94311
4.94316
4.94273
4.94271
4.94252
4.94212
4.94156
4.9411
4.94075
4.94037
4.93986
4.93927
4.93868
4.93813
4.93755
4.93689
4.93608
4.93511
4.934
4.93278
4.93144
4.92993
4.92823
4.92629
4.9241
4.92171
4.91916
4.91643
4.91351
4.91035
4.90688
4.90305
4.89884
4.89425
4.88931
4.88392
4.87797
4.87157
4.86464
4.85663
4.84784
4.83909
4.83103
4.82371
4.81621
4.80761
4.79755
4.7864
4.7746
4.76235
4.74934
4.73533
4.72047
4.70493
4.68888
4.67236
4.6553
4.63758
4.61904
4.59987
4.58013
4.56007
4.53969
4.51901
4.49791
4.47643
4.45452
4.43238
4.41003
4.38762
4.36511
4.34256
4.31993
4.2973
4.27471
4.25228
4.23004
4.20803
4.18619
4.16447
4.14281
4.12128
4.09995
4.07898
4.05846
4.03846
4.01892
3.9997
3.9807
3.96191
3.94328
3.92491
3.90683
3.88906
3.87157
3.85442
3.83771
3.82123
3.80602
3.78641
4.97568
4.94064
4.91389
4.89806
4.89942
4.90229
4.91185
4.92193
4.93097
4.93603
4.94193
4.94252
4.94244
4.94273
4.94271
4.94246
4.94213
4.94202
4.94192
4.94177
4.94148
4.94112
4.9408
4.94053
4.94027
4.94005
4.93981
4.93946
4.93899
4.93842
4.93779
4.93708
4.93627
4.9353
4.93416
4.93286
4.93148
4.93005
4.92856
4.92694
4.92517
4.92319
4.92102
4.91863
4.91607
4.9133
4.91026
4.90693
4.90338
4.8994
4.89461
4.88951
4.8847
4.88073
4.8776
4.87459
4.87077
4.86572
4.85956
4.85267
4.84548
4.83807
4.83027
4.8217
4.81239
4.80245
4.79213
4.7815
4.77053
4.75912
4.74702
4.73423
4.72085
4.70696
4.69268
4.67803
4.66299
4.64757
4.63171
4.61533
4.59849
4.5812
4.56355
4.54557
4.52734
4.50886
4.49028
4.47155
4.45268
4.43356
4.41421
4.39461
4.37494
4.35525
4.33572
4.31635
4.29722
4.27813
4.25915
4.24012
4.22116
4.20219
4.18342
4.16472
4.14626
4.12792
4.11003
4.09216
4.07567
4.0542
4.9895
4.97037
4.93575
4.90229
4.90142
4.90228
4.90575
4.91248
4.92238
4.9307
4.93845
4.94061
4.94121
4.94212
4.94224
4.94228
4.94245
4.94257
4.94256
4.94237
4.94212
4.94188
4.9417
4.94158
4.94146
4.94143
4.94149
4.94152
4.94146
4.9413
4.94105
4.94075
4.94041
4.94001
4.93949
4.93885
4.93813
4.93738
4.93661
4.93581
4.93493
4.93394
4.93285
4.93166
4.93036
4.92893
4.92736
4.92565
4.9238
4.92177
4.9194
4.91651
4.91356
4.91096
4.90909
4.90827
4.90778
4.90683
4.90492
4.90193
4.89804
4.89382
4.88968
4.88552
4.88105
4.87603
4.87045
4.86434
4.85792
4.85137
4.84471
4.83779
4.83046
4.82261
4.81432
4.80553
4.79633
4.78676
4.77695
4.76684
4.75644
4.74563
4.73446
4.72281
4.71076
4.69822
4.68538
4.67221
4.65882
4.64507
4.631
4.61651
4.60176
4.5867
4.57151
4.55612
4.54068
4.52502
4.50924
4.49318
4.47692
4.4604
4.44383
4.42712
4.41038
4.39359
4.37692
4.36015
4.34433
4.32364
4.99518
4.98679
4.96365
4.93149
4.91203
4.90424
4.90348
4.90599
4.91279
4.92319
4.93192
4.93754
4.93937
4.94108
4.94151
4.9421
4.94275
4.94285
4.9428
4.94259
4.94232
4.94211
4.94203
4.94198
4.94195
4.94199
4.94212
4.94231
4.94248
4.94257
4.94253
4.94245
4.94236
4.94225
4.94209
4.94186
4.94156
4.94122
4.94087
4.94052
4.94012
4.93967
4.93917
4.93865
4.93806
4.93738
4.93659
4.93573
4.9348
4.93376
4.93259
4.93117
4.92943
4.92767
4.92623
4.92545
4.92579
4.92649
4.92722
4.92702
4.926
4.92414
4.92185
4.91938
4.91702
4.91473
4.91224
4.90935
4.90602
4.90243
4.89866
4.89472
4.89065
4.88651
4.88224
4.87773
4.87283
4.86753
4.86191
4.85602
4.84995
4.84371
4.83734
4.83073
4.82386
4.81657
4.80896
4.80104
4.7929
4.78446
4.77576
4.76669
4.75737
4.74771
4.73784
4.72767
4.71736
4.70675
4.69601
4.6849
4.67357
4.66178
4.64986
4.63755
4.62518
4.61245
4.59982
4.58665
4.57446
4.55739
4.99733
4.99413
4.98459
4.96305
4.93327
4.91046
4.90594
4.90649
4.90821
4.91425
4.92293
4.93192
4.93643
4.9394
4.94091
4.94211
4.94267
4.94268
4.94256
4.94261
4.94252
4.94235
4.94227
4.94223
4.94225
4.94229
4.94237
4.94252
4.94271
4.94289
4.94301
4.94308
4.94315
4.94324
4.94329
4.94328
4.94321
4.9431
4.94299
4.94286
4.94273
4.94256
4.94239
4.94223
4.94207
4.94184
4.94152
4.94113
4.9407
4.94022
4.93966
4.93902
4.9382
4.93717
4.93616
4.93521
4.93525
4.93582
4.937
4.93831
4.93958
4.93966
4.93917
4.93815
4.93675
4.9353
4.9339
4.93255
4.93108
4.92956
4.92784
4.92585
4.92358
4.92118
4.91876
4.91634
4.91375
4.91101
4.90808
4.905
4.90174
4.89835
4.89488
4.89131
4.88755
4.88351
4.87924
4.87482
4.87029
4.86562
4.86078
4.85573
4.8505
4.84504
4.83935
4.83341
4.82729
4.82097
4.81454
4.80788
4.80101
4.7938
4.78645
4.7788
4.7711
4.76309
4.75509
4.74667
4.73873
4.72735
4.99813
4.99697
4.99354
4.984
4.96382
4.93417
4.91783
4.91107
4.90775
4.9089
4.91325
4.92175
4.93048
4.93645
4.93973
4.94225
4.94202
4.94196
4.94225
4.94273
4.94277
4.94266
4.94255
4.9425
4.94252
4.94252
4.94254
4.9426
4.94272
4.94288
4.94305
4.94322
4.94341
4.94361
4.94379
4.94391
4.94396
4.94396
4.94396
4.94395
4.94393
4.9439
4.9439
4.94396
4.94404
4.94409
4.94407
4.94397
4.94383
4.94366
4.94345
4.94318
4.94287
4.94243
4.94186
4.94125
4.94078
4.94092
4.94153
4.94268
4.94432
4.94601
4.9472
4.94774
4.94752
4.94699
4.94614
4.94518
4.94425
4.94346
4.94276
4.94205
4.94113
4.94
4.93876
4.93749
4.93602
4.93438
4.93266
4.93094
4.92922
4.9275
4.92575
4.924
4.92211
4.91997
4.91762
4.91517
4.91267
4.91014
4.90753
4.90484
4.90206
4.89919
4.89614
4.89291
4.88955
4.88605
4.88253
4.87888
4.87508
4.87102
4.86687
4.86255
4.85822
4.85375
4.84921
4.8445
4.83951
4.83249
4.9984
4.99802
4.99679
4.9935
4.98487
4.96714
4.94062
4.92166
4.91031
4.91057
4.91157
4.9142
4.92068
4.92874
4.93526
4.94017
4.94048
4.94108
4.9427
4.94306
4.943
4.94289
4.94285
4.94285
4.94278
4.94274
4.9427
4.94274
4.9428
4.9429
4.94301
4.9432
4.94346
4.94374
4.94398
4.94417
4.94428
4.94433
4.94437
4.94441
4.94445
4.94452
4.94461
4.94476
4.94497
4.94517
4.9453
4.94535
4.94536
4.94536
4.94533
4.94528
4.94521
4.94512
4.94494
4.94464
4.94432
4.94408
4.94423
4.94473
4.94572
4.94725
4.94905
4.9508
4.95206
4.95266
4.95264
4.95243
4.95195
4.95142
4.95097
4.95058
4.95015
4.9497
4.94923
4.94881
4.94819
4.94732
4.9463
4.94528
4.94428
4.94329
4.94235
4.94148
4.94055
4.93946
4.93819
4.93689
4.93556
4.93426
4.9329
4.9315
4.93005
4.9286
4.92696
4.92522
4.92335
4.92147
4.91958
4.91775
4.91573
4.91368
4.91136
4.9092
4.9067
4.90422
4.90133
4.89784
4.8934
4.88612
4.99849
4.99837
4.99797
4.99685
4.9938
4.98713
4.971
4.94792
4.92505
4.91799
4.91395
4.91326
4.914
4.91776
4.92489
4.93254
4.93739
4.94068
4.94212
4.94291
4.94282
4.94285
4.94318
4.94329
4.94306
4.94291
4.94291
4.94296
4.94301
4.94307
4.94314
4.94325
4.94345
4.94373
4.94402
4.94424
4.94439
4.94449
4.94456
4.94461
4.94469
4.94479
4.94493
4.94512
4.94536
4.94561
4.94579
4.94589
4.94596
4.94603
4.94612
4.94621
4.94629
4.94638
4.94641
4.94634
4.94622
4.94607
4.94597
4.94611
4.94649
4.94725
4.9485
4.95018
4.95208
4.95381
4.95488
4.95568
4.95591
4.95577
4.95567
4.95562
4.95535
4.95503
4.95474
4.95464
4.95449
4.95411
4.95359
4.95311
4.95266
4.95218
4.95168
4.95124
4.95079
4.95019
4.94943
4.94867
4.94793
4.94727
4.94661
4.94596
4.94526
4.9446
4.94376
4.94285
4.9418
4.94076
4.93975
4.93882
4.93778
4.93671
4.93532
4.93413
4.93206
4.92977
4.92659
4.9215
4.91326
4.89943
4.99851
4.99848
4.99837
4.99801
4.99704
4.99464
4.98917
4.97684
4.95731
4.93639
4.92232
4.91388
4.9144
4.91564
4.91786
4.92212
4.92877
4.93567
4.939
4.94127
4.94137
4.94222
4.9437
4.94355
4.94319
4.94299
4.94314
4.94334
4.94335
4.9433
4.94327
4.94331
4.94341
4.94357
4.94381
4.94407
4.9443
4.94448
4.9446
4.94471
4.94483
4.94494
4.94509
4.94528
4.9455
4.94573
4.9459
4.94601
4.9461
4.9462
4.94633
4.9465
4.94667
4.94683
4.94698
4.94704
4.94703
4.94702
4.94699
4.94703
4.94716
4.94742
4.94792
4.9488
4.95023
4.95205
4.95397
4.95555
4.9568
4.95748
4.95774
4.9581
4.95826
4.95808
4.95793
4.95794
4.95799
4.95778
4.95744
4.95716
4.957
4.95688
4.95672
4.95659
4.95649
4.95629
4.95584
4.95535
4.95489
4.95453
4.95421
4.95392
4.95363
4.95336
4.95298
4.95252
4.95195
4.95137
4.95077
4.95024
4.94953
4.9486
4.9474
4.94571
4.94312
4.93911
4.93259
4.92008
4.89376
4.84521
4.99852
4.99851
4.99848
4.99838
4.99809
4.99732
4.99556
4.99136
4.98335
4.96762
4.94692
4.92724
4.92144
4.91983
4.91687
4.91762
4.91967
4.92433
4.93057
4.93561
4.93844
4.94137
4.94292
4.94302
4.9428
4.94295
4.94348
4.9436
4.94355
4.94341
4.94333
4.94338
4.94346
4.94356
4.94366
4.9438
4.944
4.94423
4.94443
4.94461
4.9448
4.94497
4.94513
4.94529
4.94547
4.94566
4.94583
4.94595
4.94605
4.94617
4.94632
4.94652
4.94673
4.9469
4.94706
4.94718
4.94726
4.94734
4.94742
4.9475
4.94764
4.94777
4.94793
4.9482
4.94875
4.94972
4.95122
4.95305
4.95488
4.95652
4.95765
4.95838
4.95917
4.95953
4.95946
4.95953
4.95981
4.95986
4.95967
4.95947
4.9594
4.9594
4.95937
4.95937
4.95944
4.9595
4.95934
4.95906
4.95879
4.95863
4.95852
4.95844
4.95836
4.95822
4.95806
4.95775
4.95738
4.95697
4.95638
4.95569
4.95473
4.95337
4.95128
4.9478
4.94161
4.92829
4.90467
4.84651
4.71069
4.5739
4.99852
4.99851
4.99851
4.99848
4.99841
4.99819
4.99764
4.99637
4.99369
4.98824
4.97669
4.96034
4.94236
4.93013
4.91824
4.91821
4.919
4.91987
4.92184
4.92538
4.93062
4.93545
4.93876
4.94038
4.94125
4.94243
4.94325
4.94331
4.94325
4.94304
4.94312
4.94335
4.9435
4.94351
4.94351
4.94355
4.94368
4.94388
4.94409
4.94429
4.94452
4.94475
4.94494
4.94509
4.94525
4.94543
4.9456
4.94574
4.94585
4.94599
4.94615
4.94634
4.94655
4.94674
4.9469
4.94705
4.94718
4.94732
4.94749
4.94765
4.94781
4.94795
4.94805
4.94815
4.94833
4.94871
4.94937
4.95034
4.95166
4.95323
4.95499
4.95657
4.95784
4.95908
4.95962
4.95985
4.96025
4.96085
4.96079
4.96066
4.96065
4.96079
4.96083
4.9609
4.96104
4.96118
4.96116
4.96104
4.96088
4.96083
4.96083
4.96087
4.96085
4.96068
4.96051
4.9601
4.95972
4.95922
4.95833
4.95688
4.95464
4.95092
4.94328
4.92914
4.90056
4.82074
4.71606
4.54402
4.34841
4.23236
4.99852
4.99852
4.99852
4.99851
4.99849
4.99844
4.99829
4.99793
4.99711
4.99541
4.99183
4.98536
4.97368
4.95611
4.93982
4.92933
4.92454
4.92058
4.92076
4.92169
4.92357
4.92643
4.93004
4.93374
4.93716
4.93993
4.94124
4.94186
4.94219
4.94252
4.94303
4.94336
4.94332
4.94325
4.94314
4.94319
4.94338
4.94358
4.94373
4.94386
4.94402
4.94423
4.94445
4.94465
4.94483
4.94504
4.94525
4.94543
4.94557
4.94573
4.94591
4.94608
4.94625
4.94642
4.94657
4.94671
4.94687
4.94705
4.94728
4.94754
4.94772
4.94787
4.94801
4.94811
4.94822
4.9484
4.9487
4.94913
4.94971
4.95046
4.9515
4.95287
4.9545
4.95612
4.95769
4.95877
4.95946
4.96036
4.96094
4.96095
4.96103
4.96135
4.96152
4.9616
4.96177
4.96204
4.96205
4.96201
4.96191
4.96187
4.96189
4.96198
4.9618
4.96154
4.96113
4.96052
4.95961
4.95814
4.95539
4.94995
4.94001
4.92113
4.87087
4.79585
4.66755
4.46174
4.33224
4.20687
4.13109
4.06933
4.99852
4.99852
4.99852
4.99852
4.99851
4.9985
4.99846
4.99837
4.99815
4.99766
4.99663
4.99456
4.99087
4.9834
4.97214
4.95738
4.94243
4.93121
4.92505
4.92459
4.9242
4.9237
4.92442
4.92607
4.92939
4.93334
4.93684
4.93891
4.94043
4.9417
4.94253
4.94274
4.94283
4.94281
4.94286
4.94303
4.94329
4.94331
4.94334
4.94339
4.94351
4.94366
4.94381
4.94399
4.94421
4.94448
4.94477
4.94501
4.94519
4.94537
4.94557
4.94577
4.94593
4.94607
4.94621
4.94634
4.94648
4.94665
4.94686
4.9471
4.94733
4.94752
4.94771
4.94791
4.94805
4.94818
4.94836
4.94859
4.94886
4.94919
4.94963
4.95021
4.95113
4.95231
4.9538
4.95541
4.95687
4.9581
4.95935
4.96016
4.96047
4.96092
4.96146
4.96162
4.96183
4.96223
4.96241
4.96236
4.96226
4.9621
4.96204
4.96191
4.96155
4.96081
4.95946
4.95703
4.9526
4.94471
4.92913
4.89215
4.83675
4.73269
4.53794
4.40991
4.27415
4.1745
4.09623
4.03942
4.01221
4.00613
4.99852
4.99852
4.99852
4.99852
4.99852
4.99851
4.99851
4.99848
4.99843
4.99831
4.99803
4.99746
4.99634
4.99425
4.99035
4.98401
4.97318
4.95884
4.94612
4.93598
4.92991
4.92564
4.92558
4.92597
4.92645
4.92741
4.92904
4.93169
4.9347
4.93783
4.93978
4.94084
4.94149
4.94186
4.94245
4.94293
4.94297
4.94295
4.94298
4.9431
4.94329
4.94345
4.94351
4.94355
4.94367
4.94391
4.94417
4.94442
4.94463
4.94483
4.94505
4.9453
4.94551
4.94568
4.94583
4.94601
4.94615
4.94627
4.94638
4.94653
4.94674
4.94696
4.94719
4.94745
4.94769
4.94783
4.94796
4.94811
4.94827
4.94847
4.94873
4.94903
4.9494
4.94988
4.95061
4.95158
4.95292
4.95433
4.95579
4.95722
4.95822
4.95902
4.95983
4.96062
4.96103
4.96155
4.96203
4.96171
4.9616
4.96124
4.96062
4.9595
4.95732
4.95328
4.94576
4.93036
4.89882
4.85246
4.75021
4.57611
4.46033
4.31775
4.20183
4.11768
4.05472
4.02522
4.01309
3.98585
3.97335
3.96822
4.99852
4.99852
4.99852
4.99852
4.99852
4.99852
4.99851
4.99851
4.9985
4.99847
4.99841
4.99826
4.99797
4.99739
4.9963
4.99435
4.99102
4.98517
4.97621
4.96466
4.95155
4.94123
4.93433
4.9304
4.92719
4.92754
4.9276
4.92797
4.92893
4.93072
4.9332
4.93555
4.93756
4.93929
4.94072
4.94181
4.94212
4.9422
4.9425
4.94302
4.94318
4.94318
4.94319
4.94317
4.94319
4.94333
4.94353
4.9437
4.94385
4.94401
4.94423
4.94453
4.94486
4.94513
4.94534
4.94553
4.9457
4.94585
4.94595
4.94604
4.94617
4.94636
4.9466
4.94688
4.94713
4.94728
4.94739
4.94751
4.94764
4.94783
4.94806
4.94831
4.94853
4.94872
4.94897
4.94936
4.95001
4.95087
4.95199
4.953
4.95433
4.95522
4.95635
4.95757
4.95832
4.95914
4.95893
4.95859
4.95757
4.95539
4.95124
4.94297
4.92627
4.89771
4.84999
4.73488
4.58573
4.47566
4.31464
4.20537
4.13067
4.05975
4.03621
4.01476
3.98752
3.97182
3.96768
3.96447
3.9642
3.96128
4.99852
4.99852
4.99852
4.99852
4.99852
4.99852
4.99852
4.99852
4.99851
4.99851
4.99849
4.99846
4.99839
4.99825
4.99798
4.99745
4.9965
4.99488
4.99209
4.98766
4.98076
4.97054
4.9592
4.94964
4.93991
4.93496
4.9321
4.92936
4.92892
4.92929
4.93002
4.93083
4.93183
4.93335
4.93533
4.93731
4.93891
4.94011
4.94111
4.94203
4.9424
4.94256
4.94266
4.9428
4.94291
4.94306
4.94329
4.94343
4.94351
4.94349
4.94352
4.94366
4.94398
4.94436
4.94463
4.94483
4.94505
4.94528
4.94547
4.9456
4.94569
4.94583
4.94606
4.94634
4.94655
4.94666
4.94676
4.94686
4.94698
4.94719
4.94746
4.94773
4.94789
4.94798
4.94805
4.94821
4.94855
4.94902
4.94956
4.95015
4.95062
4.95107
4.95156
4.95228
4.95173
4.95113
4.94913
4.94421
4.9338
4.9147
4.8838
4.81523
4.6877
4.5722
4.45356
4.28139
4.19134
4.11548
4.05479
4.03845
4.0067
3.97897
3.97163
3.97026
3.97116
3.96297
3.9562
3.9547
3.95416
3.95387
4.99852
4.99852
4.99852
4.99852
4.99852
4.99852
4.99852
4.99852
4.99852
4.99852
4.99851
4.99851
4.99849
4.99846
4.9984
4.99827
4.99804
4.9976
4.99686
4.99558
4.99354
4.99026
4.98508
4.97771
4.96885
4.95723
4.94869
4.94168
4.93553
4.93386
4.93306
4.9314
4.93113
4.93135
4.93188
4.93269
4.93373
4.93516
4.93662
4.93807
4.93955
4.94063
4.94134
4.94188
4.94215
4.94244
4.9428
4.94308
4.94318
4.9433
4.94332
4.94337
4.94353
4.94372
4.94388
4.94399
4.94412
4.94436
4.94472
4.945
4.94516
4.94529
4.94548
4.94572
4.94594
4.94609
4.9462
4.94627
4.94637
4.94657
4.94687
4.94717
4.94734
4.9474
4.94739
4.94741
4.94754
4.94781
4.94768
4.94756
4.94713
4.94615
4.9442
4.94008
4.93213
4.91807
4.89405
4.84454
4.74156
4.62545
4.5156
4.35442
4.23252
4.16481
4.08361
4.04886
4.02145
3.98383
3.97193
3.97142
3.97286
3.96514
3.95696
3.95578
3.95572
3.95556
3.95489
3.95414
3.95244
3.95189
4.99852
4.99852
4.99852
4.99852
4.99852
4.99852
4.99852
4.99852
4.99852
4.99852
4.99852
4.99851
4.99851
4.99851
4.99849
4.99847
4.99841
4.99831
4.99812
4.99779
4.99722
4.99629
4.99481
4.99244
4.98896
4.9837
4.97557
4.96699
4.95854
4.949
4.94353
4.9382
4.93486
4.93397
4.93357
4.93292
4.93306
4.93334
4.93348
4.93395
4.93508
4.93658
4.93784
4.93889
4.93983
4.94062
4.94135
4.94194
4.94232
4.94263
4.94278
4.9429
4.94311
4.94339
4.94354
4.94362
4.94365
4.9437
4.94387
4.94417
4.94441
4.94455
4.94468
4.94487
4.94514
4.94546
4.9457
4.94581
4.9459
4.94608
4.94631
4.94657
4.94664
4.94659
4.94652
4.94628
4.94579
4.94491
4.94321
4.93983
4.93366
4.92271
4.90259
4.8603
4.77679
4.6729
4.55691
4.40514
4.25372
4.18359
4.11224
4.05557
4.03269
3.99498
3.97076
3.96747
3.9693
3.96374
3.95562
3.95511
3.95541
3.95493
3.95346
3.94999
3.9477
3.94863
3.94894
3.9489
3.94898
3.94956
4.99852
4.99852
4.99852
4.99852
4.99852
4.99852
4.99852
4.99852
4.99852
4.99852
4.99852
4.99852
4.99852
4.99851
4.99851
4.99851
4.99849
4.99847
4.99843
4.99834
4.99819
4.99794
4.99751
4.99683
4.99571
4.99407
4.99153
4.98752
4.98247
4.97492
4.96526
4.958
4.95032
4.94463
4.94025
4.93635
4.93536
4.9347
4.93391
4.93398
4.93436
4.93474
4.93509
4.93536
4.93593
4.93699
4.9384
4.93976
4.94053
4.94101
4.94137
4.94161
4.94215
4.94273
4.94301
4.94318
4.94322
4.94329
4.94334
4.94354
4.94392
4.9441
4.94416
4.94428
4.94449
4.94478
4.94501
4.94513
4.94518
4.94529
4.94533
4.94524
4.945
4.94445
4.94321
4.94066
4.93596
4.92709
4.90991
4.87579
4.81175
4.72535
4.60524
4.43943
4.28673
4.21058
4.13373
4.06133
4.03779
4.00192
3.97257
3.96767
3.96862
3.96193
3.95131
3.95134
3.95275
3.95139
3.94746
3.94478
3.94433
3.94433
3.9445
3.94403
3.94412
3.94448
3.9447
3.94505
3.94555
3.94622
4.99852
4.99852
4.99852
4.99852
4.99852
4.99852
4.99852
4.99852
4.99852
4.99852
4.99852
4.99852
4.99852
4.99852
4.99852
4.99851
4.99851
4.99851
4.9985
4.99848
4.99844
4.99837
4.99826
4.99806
4.99774
4.99721
4.99642
4.99519
4.9933
4.99066
4.98624
4.98075
4.97431
4.96521
4.95738
4.95095
4.94488
4.9416
4.93816
4.93604
4.93565
4.93533
4.93489
4.9348
4.93492
4.93532
4.9358
4.93658
4.93735
4.93799
4.93863
4.93944
4.94036
4.94116
4.9417
4.94216
4.94251
4.94263
4.94272
4.94295
4.94326
4.94347
4.94354
4.94362
4.94375
4.94403
4.94398
4.94397
4.9438
4.94322
4.94206
4.94001
4.93653
4.92974
4.91614
4.8904
4.8441
4.76897
4.6425
4.47833
4.33714
4.25239
4.15916
4.07374
4.04378
4.00456
3.97312
3.96887
3.96662
3.96122
3.95013
3.94906
3.94833
3.944
3.94142
3.94177
3.94229
3.94216
3.94092
3.94011
3.94002
3.93991
3.93981
3.93988
3.94032
3.9411
3.94178
3.94234
3.94259
3.94286
4.99852
4.99852
4.99852
4.99852
4.99852
4.99852
4.99852
4.99852
4.99852
4.99852
4.99852
4.99852
4.99852
4.99852
4.99852
4.99852
4.99852
4.99851
4.99851
4.99851
4.9985
4.99848
4.99845
4.9984
4.99831
4.99816
4.99791
4.99752
4.99692
4.996
4.99461
4.99257
4.98976
4.98532
4.97934
4.9727
4.96495
4.95691
4.9511
4.94655
4.94173
4.93924
4.93787
4.93647
4.93535
4.93547
4.93557
4.9357
4.93586
4.93608
4.93635
4.93674
4.93733
4.93817
4.93925
4.94021
4.94095
4.94143
4.94176
4.94202
4.94241
4.94261
4.94261
4.9426
4.94242
4.94224
4.94168
4.94039
4.93777
4.93227
4.92079
4.89944
4.86313
4.79676
4.67546
4.52905
4.39873
4.29336
4.17486
4.09268
4.05594
4.00861
3.97646
3.96946
3.97188
3.95794
3.94587
3.94636
3.94573
3.94256
3.93944
3.93986
3.93902
3.93779
3.93682
3.93633
3.93596
3.93592
3.93649
3.93696
3.93707
3.93706
3.93708
3.93719
3.93751
3.93789
3.9381
3.9382
3.93823
3.93842
4.99852
4.99852
4.99852
4.99852
4.99852
4.99852
4.99852
4.99852
4.99852
4.99852
4.99852
4.99852
4.99852
4.99852
4.99852
4.99852
4.99852
4.99852
4.99852
4.99851
4.99851
4.99851
4.9985
4.99849
4.99846
4.99842
4.99835
4.99823
4.99804
4.99775
4.99729
4.9966
4.99557
4.99405
4.99188
4.98866
4.98423
4.97845
4.97144
4.96438
4.95739
4.95156
4.94613
4.94304
4.94061
4.93821
4.93651
4.93636
4.93602
4.93604
4.93618
4.93603
4.9361
4.93636
4.93671
4.9374
4.93806
4.93903
4.9397
4.94012
4.94077
4.94063
4.9404
4.93939
4.93727
4.93298
4.92408
4.90771
4.87999
4.82524
4.71043
4.56961
4.44579
4.32462
4.19389
4.11951
4.06913
4.01461
3.98824
3.98065
3.96734
3.94959
3.94766
3.94652
3.94316
3.93858
3.93819
3.9381
3.93696
3.93584
3.93508
3.93416
3.93382
3.93374
3.93403
3.93402
3.93372
3.93332
3.93306
3.93307
3.9333
3.93342
3.93368
3.93403
3.9344
3.93466
3.9348
3.93489
3.93502
3.93532
4.99852
4.99852
4.99852
4.99852
4.99852
4.99852
4.99852
4.99852
4.99852
4.99852
4.99852
4.99852
4.99852
4.99852
4.99852
4.99852
4.99852
4.99852
4.99852
4.99852
4.99852
4.99851
4.99851
4.99851
4.9985
4.99849
4.99847
4.99844
4.99838
4.99829
4.99814
4.99792
4.99757
4.99704
4.99626
4.99511
4.99346
4.99116
4.98771
4.9832
4.97776
4.97061
4.9635
4.95832
4.95156
4.94765
4.94397
4.94003
4.93816
4.93772
4.9376
4.93666
4.9364
4.93665
4.93673
4.93655
4.93622
4.93628
4.93629
4.93592
4.93497
4.93227
4.9261
4.91417
4.89219
4.84619
4.7434
4.61587
4.49954
4.36567
4.21195
4.13458
4.08198
4.02643
4.0057
3.98549
3.95717
3.94576
3.9446
3.94641
3.94176
3.93624
3.93638
3.93636
3.93544
3.93357
3.9322
3.93189
3.93203
3.93235
3.93194
3.93109
3.93076
3.9304
3.93037
3.93094
3.93104
3.93101
3.931
3.93088
3.93097
3.93112
3.93133
3.93164
3.93201
3.93228
3.93241
3.93249
3.93255
3.93266
4.99852
4.99852
4.99852
4.99852
4.99852
4.99852
4.99852
4.99852
4.99852
4.99852
4.99852
4.99852
4.99852
4.99852
4.99852
4.99852
4.99852
4.99852
4.99852
4.99852
4.99852
4.99852
4.99852
4.99852
4.99851
4.99851
4.9985
4.9985
4.99848
4.99845
4.99841
4.99834
4.99822
4.99805
4.99778
4.99737
4.99678
4.9959
4.99466
4.99289
4.99042
4.9869
4.98208
4.97673
4.97062
4.96363
4.95703
4.95215
4.94742
4.94433
4.94203
4.94011
4.93772
4.93741
4.93689
4.93569
4.93391
4.93122
4.92668
4.91782
4.89866
4.85828
4.77518
4.66593
4.54718
4.39538
4.22913
4.15654
4.10287
4.03456
4.01103
3.98471
3.95404
3.94725
3.95174
3.94825
3.9363
3.93261
3.93243
3.93168
3.92988
3.92858
3.92909
3.92948
3.9305
3.93033
3.92987
3.92938
3.92907
3.92909
3.92892
3.9287
3.92855
3.92838
3.92835
3.92868
3.92923
3.92972
3.92989
3.92987
3.92988
3.92993
3.92998
3.93003
3.93014
3.93028
3.93044
3.93052
3.93061
3.93073
4.99852
4.99852
4.99852
4.99852
4.99852
4.99852
4.99852
4.99852
4.99852
4.99852
4.99852
4.99852
4.99852
4.99852
4.99852
4.99852
4.99852
4.99852
4.99852
4.99852
4.99852
4.99852
4.99852
4.99852
4.99852
4.99852
4.99851
4.99851
4.99851
4.9985
4.99849
4.99846
4.99843
4.99837
4.99828
4.99814
4.99794
4.99762
4.99717
4.99649
4.99555
4.9942
4.99231
4.98956
4.98621
4.98138
4.97553
4.96929
4.96326
4.95673
4.95137
4.94637
4.94082
4.93651
4.93173
4.9236
4.90799
4.87898
4.82361
4.7299
4.58054
4.40762
4.26135
4.18841
4.12311
4.03616
4.00964
3.98431
3.95434
3.94886
3.95189
3.94673
3.93222
3.92931
3.93032
3.9309
3.92973
3.92882
3.92755
3.92638
3.92615
3.92616
3.92632
3.92665
3.92748
3.92863
3.92894
3.92842
3.92794
3.92762
3.92732
3.92705
3.92688
3.92689
3.92713
3.92759
3.92816
3.92864
3.92888
3.92892
3.92896
3.92898
3.92895
3.92886
3.92875
3.92866
3.92862
3.92858
3.92852
3.92854
4.99852
4.99852
4.99852
4.99852
4.99852
4.99852
4.99852
4.99852
4.99852
4.99852
4.99852
4.99852
4.99852
4.99852
4.99852
4.99852
4.99852
4.99852
4.99852
4.99852
4.99852
4.99852
4.99852
4.99852
4.99852
4.99852
4.99852
4.99852
4.99851
4.99851
4.99851
4.9985
4.99849
4.99847
4.99844
4.9984
4.99833
4.99822
4.99807
4.99783
4.99747
4.99692
4.99617
4.99502
4.99346
4.99115
4.98797
4.9835
4.97697
4.97168
4.96514
4.95556
4.94053
4.91456
4.87094
4.78419
4.63093
4.47615
4.33927
4.22993
4.12284
4.03726
4.01792
3.99178
3.96258
3.95913
3.95534
3.9403
3.9278
3.92689
3.92682
3.92709
3.92684
3.92457
3.92417
3.92447
3.92528
3.92556
3.92564
3.92613
3.92634
3.92648
3.92667
3.92686
3.92716
3.92773
3.92754
3.92692
3.92648
3.92614
3.92579
3.92552
3.92529
3.92539
3.92581
3.92634
3.92685
3.92725
3.92742
3.92744
3.92751
3.9274
3.92712
3.9268
3.92653
3.92635
3.92627
3.92635
3.92641
3.92652
4.99852
4.99852
4.99852
4.99852
4.99852
4.99852
4.99852
4.99852
4.99852
4.99852
4.99852
4.99852
4.99852
4.99852
4.99852
4.99852
4.99852
4.99852
4.99852
4.99852
4.99852
4.99852
4.99852
4.99852
4.99852
4.99852
4.99852
4.99852
4.99852
4.99852
4.99851
4.99851
4.99851
4.9985
4.99849
4.99848
4.99845
4.99841
4.99834
4.99822
4.9981
4.9979
4.99758
4.99703
4.99612
4.99456
4.99173
4.98639
4.9766
4.95777
4.92182
4.84855
4.71838
4.5686
4.42485
4.28186
4.15213
4.08621
4.0398
3.99527
3.97634
3.96849
3.9555
3.93851
3.93711
3.9389
3.93885
3.93674
3.92814
3.92438
3.92439
3.92445
3.92306
3.92195
3.92194
3.92283
3.92347
3.92389
3.92376
3.92381
3.92408
3.9245
3.92532
3.92596
3.92637
3.92611
3.92528
3.92481
3.92436
3.92367
3.92326
3.92307
3.92315
3.92351
3.92399
3.92446
3.92493
3.92529
3.92552
3.92563
3.92546
3.92517
3.92494
3.92478
3.92464
3.92447
3.92436
3.92434
3.92433
3.9244
4.99852
4.99852
4.99852
4.99852
4.99852
4.99852
4.99852
4.99852
4.99852
4.99852
4.99852
4.99852
4.99852
4.99852
4.99852
4.99852
4.99852
4.99852
4.99852
4.99852
4.99852
4.99852
4.99852
4.99852
4.99852
4.99852
4.99852
4.99852
4.99852
4.99852
4.99852
4.99852
4.99851
4.99851
4.99851
4.99849
4.99847
4.99843
4.99834
4.99817
4.99782
4.99708
4.99563
4.99272
4.98692
4.97472
4.95013
4.89199
4.79115
4.67224
4.51098
4.3458
4.2111
4.13817
4.07283
4.01936
4.00172
3.98489
3.96345
3.95803
3.95724
3.95679
3.94909
3.93428
3.93238
3.9361
3.93703
3.93478
3.92776
3.92359
3.92318
3.92306
3.92154
3.92143
3.92227
3.92275
3.92341
3.92352
3.92339
3.9227
3.92241
3.92238
3.92277
3.92266
3.92203
3.92136
3.92103
3.92099
3.92097
3.92084
3.92085
3.92109
3.92152
3.9219
3.92221
3.92257
3.92299
3.92323
3.92321
3.92306
3.92284
3.92264
3.92252
3.92248
3.92246
3.92239
3.92231
3.92226
3.92225
3.92235
4.99852
4.99852
4.99852
4.99852
4.99852
4.99852
4.99852
4.99852
4.99852
4.99852
4.99852
4.99852
4.99852
4.99852
4.99852
4.99852
4.99852
4.99852
4.99852
4.99852
4.99852
4.99852
4.99852
4.99852
4.99852
4.99852
4.99852
4.99852
4.99852
4.99852
4.99851
4.99851
4.9985
4.99849
4.99845
4.99836
4.99818
4.99779
4.99694
4.99519
4.99156
4.98341
4.96602
4.92861
4.85417
4.73455
4.56911
4.38358
4.26504
4.18947
4.11095
4.05448
4.02449
3.99378
3.97559
3.97458
3.97454
3.96491
3.95321
3.95284
3.9532
3.95395
3.95101
3.94308
3.93627
3.93479
3.93406
3.93127
3.92897
3.92766
3.92763
3.92744
3.92584
3.92327
3.92297
3.92278
3.92293
3.92302
3.92255
3.92147
3.91989
3.91888
3.91824
3.91767
3.91707
3.91701
3.91718
3.9175
3.91776
3.91814
3.91865
3.91926
3.91978
3.92008
3.92015
3.9203
3.92052
3.92063
3.92059
3.92048
3.9204
3.92041
3.92049
3.92063
3.92076
3.92088
3.92096
3.92097
3.92098
3.92105
4.99852
4.99852
4.99852
4.99852
4.99852
4.99852
4.99852
4.99852
4.99852
4.99852
4.99852
4.99852
4.99852
4.99852
4.99852
4.99852
4.99852
4.99852
4.99852
4.99852
4.99852
4.99852
4.99852
4.99852
4.99852
4.99852
4.99852
4.99852
4.99851
4.99851
4.99849
4.99845
4.99836
4.99816
4.99766
4.99658
4.99437
4.98914
4.97755
4.95266
4.90131
4.79972
4.63406
4.46076
4.32292
4.22065
4.12234
4.0641
4.03173
3.99823
3.98737
3.989
3.98224
3.96518
3.96104
3.9637
3.96431
3.9611
3.95337
3.94962
3.9504
3.95086
3.95077
3.94774
3.94325
3.94113
3.93961
3.93729
3.93546
3.934
3.93287
3.93193
3.93041
3.92775
3.92493
3.92358
3.92338
3.92334
3.92303
3.9223
3.92101
3.91941
3.91793
3.91674
3.91608
3.91591
3.91629
3.91648
3.91662
3.91755
3.91784
3.91799
3.91828
3.91853
3.91852
3.9185
3.91854
3.91849
3.91834
3.91814
3.91803
3.91806
3.91824
3.91855
3.91896
3.91943
3.91983
3.92012
3.92032
3.92049
4.99852
4.99852
4.99852
4.99852
4.99852
4.99852
4.99852
4.99852
4.99852
4.99852
4.99852
4.99852
4.99852
4.99852
4.99852
4.99852
4.99852
4.99852
4.99852
4.99852
4.99852
4.99852
4.99852
4.99852
4.99852
4.99851
4.99851
4.9985
4.99846
4.99838
4.99817
4.99763
4.99637
4.99347
4.98611
4.96895
4.93643
4.85744
4.70921
4.54368
4.38657
4.25622
4.13454
4.07261
4.03999
4.00658
3.99795
3.99137
3.97161
3.95758
3.96039
3.9615
3.96154
3.96008
3.95826
3.95791
3.95762
3.95739
3.95649
3.95491
3.95463
3.95456
3.95409
3.95283
3.95074
3.949
3.9479
3.9467
3.94509
3.94338
3.94186
3.94041
3.93864
3.9365
3.93375
3.93121
3.92989
3.92922
3.92862
3.92789
3.92686
3.92495
3.92239
3.92104
3.92023
3.91933
3.91819
3.91731
3.91733
3.91761
3.91761
3.91754
3.91758
3.91763
3.91759
3.91748
3.9174
3.9173
3.91708
3.91682
3.91668
3.91673
3.91701
3.91746
3.91796
3.91842
3.91883
3.91924
3.91954
3.91976
4.99852
4.99852
4.99852
4.99852
4.99852
4.99852
4.99852
4.99852
4.99852
4.99852
4.99852
4.99852
4.99852
4.99852
4.99852
4.99852
4.99852
4.99852
4.99852
4.99852
4.99852
4.99852
4.99852
4.99851
4.9985
4.99848
4.99841
4.99824
4.99772
4.99641
4.99312
4.98417
4.96222
4.91548
4.79559
4.61581
4.4616
4.29919
4.16856
4.1004
4.04263
4.01098
4.00075
3.98107
3.9588
3.96255
3.96388
3.96053
3.95977
3.95701
3.95519
3.9558
3.95706
3.95706
3.95575
3.95455
3.95433
3.95488
3.95579
3.95665
3.95723
3.95715
3.95666
3.95609
3.95552
3.95449
3.95318
3.95211
3.95106
3.94993
3.94882
3.94763
3.94628
3.94493
3.94338
3.94124
3.93905
3.93757
3.93628
3.93486
3.93336
3.93152
3.92924
3.92696
3.92516
3.92368
3.92235
3.92133
3.92073
3.92043
3.92003
3.91935
3.91865
3.91818
3.91793
3.91769
3.91753
3.9174
3.91737
3.91716
3.91694
3.91687
3.91708
3.91752
3.91791
3.91822
3.91851
3.91887
3.91912
3.91931
4.99852
4.99852
4.99852
4.99852
4.99852
4.99852
4.99852
4.99852
4.99852
4.99852
4.99852
4.99852
4.99852
4.99852
4.99852
4.99852
4.99852
4.99852
4.99852
4.99852
4.99852
4.99851
4.9985
4.99845
4.99833
4.99795
4.99692
4.99394
4.98487
4.96011
4.90395
4.76228
4.56968
4.39532
4.22438
4.13156
4.05553
4.00525
3.99329
3.98724
3.96956
3.97189
3.97405
3.97055
3.96154
3.95386
3.95362
3.95479
3.95619
3.95553
3.95531
3.95608
3.95859
3.95955
3.95931
3.95832
3.95681
3.95581
3.95602
3.95647
3.95666
3.95679
3.95644
3.95595
3.95566
3.95534
3.95475
3.95419
3.95383
3.95349
3.95305
3.95249
3.95169
3.95067
3.94977
3.94876
3.94729
3.94538
3.94379
3.9425
3.94098
3.93907
3.93695
3.93464
3.9324
3.93055
3.9289
3.92762
3.9265
3.92526
3.92398
3.92296
3.92212
3.92112
3.91986
3.91893
3.91856
3.91834
3.91821
3.91801
3.91745
3.91736
3.91738
3.91748
3.91769
3.91792
3.9181
3.91834
3.91852
3.91866
4.99852
4.99852
4.99852
4.99852
4.99852
4.99852
4.99852
4.99852
4.99852
4.99852
4.99852
4.99852
4.99852
4.99852
4.99852
4.99852
4.99852
4.99852
4.99851
4.99851
4.99849
4.99842
4.99822
4.99756
4.99564
4.98898
4.97038
4.91641
4.76726
4.55896
4.37303
4.19816
4.09907
4.02497
4.00431
4.00532
3.9725
3.96159
3.96302
3.96088
3.95785
3.95835
3.96075
3.96705
3.96632
3.96146
3.95811
3.95708
3.95653
3.956
3.95648
3.95725
3.95916
3.96122
3.96134
3.96103
3.96006
3.95869
3.95749
3.95688
3.95667
3.95654
3.95619
3.95575
3.95551
3.9555
3.9556
3.9557
3.95582
3.95591
3.95582
3.95555
3.95503
3.95421
3.95352
3.95308
3.95261
3.95147
3.94976
3.9482
3.94685
3.94539
3.94367
3.94173
3.93979
3.938
3.93617
3.93436
3.93267
3.93114
3.92979
3.9285
3.92654
3.92476
3.92314
3.92177
3.92096
3.92023
3.9197
3.91959
3.9193
3.91863
3.91819
3.91796
3.91782
3.91794
3.91789
3.91745
3.91722
3.9173
4.99852
4.99852
4.99852
4.99852
4.99852
4.99852
4.99852
4.99852
4.99852
4.99852
4.99852
4.99852
4.99852
4.99852
4.99852
4.99852
4.99851
4.99851
4.99848
4.99841
4.99812
4.99714
4.99367
4.98186
4.94741
4.82434
4.62636
4.40057
4.21215
4.09865
4.02605
4.00226
3.97559
3.9611
3.96233
3.96385
3.96316
3.96092
3.95984
3.95791
3.95351
3.95265
3.95338
3.95634
3.96111
3.96093
3.9603
3.95937
3.958
3.95629
3.95639
3.95682
3.95786
3.95968
3.96073
3.96068
3.9603
3.95944
3.95849
3.95759
3.95717
3.95693
3.95658
3.9563
3.95606
3.95605
3.95642
3.95665
3.95695
3.95723
3.95726
3.95712
3.95678
3.95608
3.9556
3.95516
3.9548
3.95452
3.95362
3.95227
3.95105
3.94998
3.94885
3.94756
3.94615
3.94473
3.94321
3.9416
3.9399
3.93806
3.93626
3.93469
3.93248
3.93001
3.92773
3.92629
3.92507
3.92369
3.92203
3.92097
3.92045
3.91973
3.91865
3.91763
3.9172
3.91711
3.91681
3.9164
3.9163
3.91635
4.99852
4.99852
4.99852
4.99852
4.99852
4.99852
4.99852
4.99852
4.99852
4.99852
4.99852
4.99852
4.99852
4.99852
4.99852
4.99851
4.99849
4.99841
4.99808
4.99692
4.99225
4.97414
4.90512
4.73692
4.50041
4.259
4.11107
4.0314
4.01475
3.9875
3.97519
3.97482
3.96933
3.96031
3.95478
3.95583
3.95757
3.96
3.96069
3.95944
3.95599
3.95188
3.95156
3.95214
3.95381
3.95615
3.95782
3.95765
3.95722
3.95601
3.95549
3.95582
3.95609
3.95683
3.95774
3.95813
3.9582
3.95804
3.95783
3.95769
3.95755
3.95734
3.95705
3.95682
3.95663
3.95652
3.95667
3.95692
3.95712
3.95721
3.95722
3.95708
3.95676
3.95631
3.9558
3.95529
3.95496
3.95461
3.95441
3.95406
3.95333
3.95255
3.95183
3.95108
3.95026
3.94939
3.94839
3.94708
3.94552
3.94389
3.94211
3.93999
3.93768
3.93548
3.93321
3.9309
3.9285
3.92663
3.92509
3.92384
3.92288
3.92175
3.92043
3.91916
3.91809
3.91737
3.91695
3.91633
3.91576
3.91553
4.99852
4.99852
4.99852
4.99852
4.99852
4.99852
4.99852
4.99852
4.99852
4.99852
4.99852
4.99852
4.99852
4.99851
4.9985
4.99843
4.99816
4.997
4.99184
4.97083
4.88188
4.66986
4.38307
4.183
4.06205
4.01613
3.97166
3.9651
3.96477
3.96412
3.96103
3.9641
3.97037
3.96778
3.96122
3.95756
3.95833
3.95914
3.96168
3.96081
3.95932
3.95604
3.95279
3.95166
3.95199
3.95321
3.95473
3.95589
3.95612
3.95588
3.95547
3.95559
3.95588
3.95603
3.95611
3.95616
3.95624
3.95651
3.95673
3.95704
3.95729
3.95711
3.95689
3.95682
3.95666
3.95646
3.95642
3.95651
3.95651
3.95631
3.95604
3.95576
3.95547
3.95522
3.95487
3.9545
3.95431
3.95418
3.95375
3.9535
3.95347
3.95319
3.95275
3.95231
3.95183
3.95132
3.95068
3.94981
3.94865
3.94729
3.94583
3.94414
3.94212
3.9399
3.93762
3.9354
3.93305
3.93075
3.92863
3.92715
3.92591
3.92439
3.9227
3.92149
3.92028
3.91866
3.91807
3.91754
3.91673
3.91573
4.99852
4.99852
4.99852
4.99852
4.99852
4.99852
4.99852
4.99852
4.99852
4.99852
4.99852
4.99851
4.99851
4.99846
4.99828
4.99741
4.9934
4.97266
4.87485
4.64743
4.35437
4.15393
4.04953
3.98544
3.9766
3.97309
3.96745
3.95835
3.95643
3.95545
3.95348
3.95443
3.95974
3.9634
3.96221
3.95931
3.95806
3.95801
3.95882
3.95979
3.95905
3.95739
3.95588
3.95402
3.95244
3.95265
3.95332
3.95445
3.95493
3.9552
3.95529
3.9554
3.95561
3.95542
3.95509
3.95492
3.95485
3.95492
3.95519
3.95567
3.95598
3.956
3.95597
3.95588
3.95575
3.95565
3.95553
3.95541
3.95521
3.95491
3.95456
3.9543
3.95415
3.95393
3.95362
3.95332
3.95319
3.95316
3.95289
3.95264
3.95243
3.95247
3.95243
3.95228
3.95203
3.95169
3.95123
3.95061
3.94978
3.94875
3.9476
3.94632
3.94478
3.94298
3.94095
3.9388
3.93649
3.93434
3.93224
3.93045
3.92858
3.92707
3.9257
3.92395
3.92238
3.92077
3.91931
3.91847
3.91777
3.91662
4.99852
4.99852
4.99852
4.99852
4.99852
4.99852
4.99852
4.99852
4.99852
4.99852
4.99851
4.99849
4.9984
4.99788
4.99538
4.98089
4.90876
4.65435
4.32425
4.13703
4.05558
3.99823
3.98432
3.95821
3.96038
3.96591
3.96699
3.96403
3.95981
3.95579
3.95065
3.95026
3.9511
3.95332
3.9566
3.95671
3.956
3.95503
3.95491
3.95528
3.95593
3.9556
3.95544
3.9546
3.95411
3.95345
3.95321
3.95367
3.95427
3.95488
3.95521
3.95549
3.95566
3.95552
3.95468
3.95423
3.95383
3.95347
3.95344
3.95367
3.95399
3.95418
3.95421
3.95418
3.95404
3.9538
3.95366
3.9537
3.95381
3.95378
3.95371
3.95368
3.95359
3.95337
3.953
3.95258
3.95219
3.9519
3.95154
3.95136
3.9513
3.95136
3.9514
3.95139
3.9513
3.9511
3.95077
3.95025
3.94958
3.94879
3.94777
3.94653
3.94518
3.94378
3.94232
3.9408
3.93907
3.9371
3.93496
3.93315
3.93124
3.92937
3.92776
3.92601
3.92422
3.92272
3.92101
3.91961
3.91874
3.91759
4.99852
4.99852
4.99852
4.99852
4.99852
4.99852
4.99852
4.99852
4.99852
4.99851
4.99847
4.99829
4.99719
4.98993
4.94602
4.73415
4.40075
4.16082
4.02885
3.97275
3.9658
3.95894
3.95822
3.95702
3.95274
3.95531
3.95827
3.96185
3.96011
3.95808
3.95367
3.94883
3.94893
3.95005
3.95171
3.95344
3.95326
3.95296
3.95247
3.95189
3.95187
3.95232
3.95287
3.95297
3.95317
3.95305
3.95285
3.95283
3.95317
3.95388
3.95434
3.95463
3.95512
3.95539
3.95506
3.9543
3.9533
3.95247
3.95215
3.95194
3.95196
3.95201
3.952
3.95203
3.95205
3.95204
3.95227
3.95266
3.95316
3.95332
3.95345
3.95347
3.95334
3.95295
3.95238
3.95171
3.951
3.95044
3.95001
3.95003
3.9501
3.9502
3.95034
3.95045
3.95048
3.95036
3.95007
3.9496
3.94899
3.94822
3.9473
3.94623
3.94513
3.94404
3.94289
3.94141
3.93981
3.93827
3.93668
3.93477
3.93283
3.93123
3.9294
3.92763
3.92559
3.92393
3.92228
3.92048
3.9191
3.91803
4.99852
4.99852
4.99852
4.99852
4.99852
4.99852
4.99852
4.99852
4.99851
4.99844
4.99809
4.99593
4.97807
4.85357
4.51787
4.20155
4.02522
4.01477
3.99301
3.95466
3.94218
3.94282
3.94678
3.9496
3.94863
3.94891
3.94983
3.95296
3.9565
3.95565
3.9547
3.95139
3.94816
3.94872
3.94976
3.9506
3.95127
3.95144
3.95094
3.95028
3.94974
3.94964
3.95037
3.95096
3.95132
3.95142
3.95148
3.95172
3.95239
3.95356
3.954
3.95465
3.95532
3.95559
3.95524
3.95433
3.95275
3.9518
3.95136
3.95078
3.95041
3.95037
3.95047
3.95064
3.95092
3.95128
3.95194
3.95273
3.95298
3.95328
3.95335
3.95311
3.95259
3.9519
3.95111
3.95028
3.94943
3.94881
3.94851
3.94869
3.94891
3.94906
3.94923
3.94938
3.94939
3.94928
3.94901
3.94856
3.94794
3.94716
3.94628
3.94532
3.94429
3.9433
3.94233
3.94118
3.93955
3.93776
3.93648
3.93511
3.93313
3.93121
3.92968
3.92806
3.92578
3.92394
3.92234
3.92061
3.91848
3.91741
4.99852
4.99852
4.99852
4.99852
4.99852
4.99852
4.99852
4.9985
4.99842
4.99781
4.9938
4.95785
4.73135
4.32464
4.06639
3.99148
3.95222
3.95429
3.96179
3.95512
3.94289
3.94213
3.94515
3.948
3.94807
3.94772
3.94784
3.94824
3.95043
3.95225
3.95236
3.95162
3.94966
3.9481
3.94834
3.94896
3.94996
3.95077
3.95046
3.94989
3.9492
3.94876
3.9484
3.94883
3.94956
3.95022
3.95084
3.95168
3.95296
3.95383
3.95441
3.95501
3.95522
3.95512
3.95451
3.95358
3.95215
3.95111
3.95058
3.95007
3.94956
3.94944
3.94961
3.94997
3.95061
3.95131
3.95201
3.95245
3.95265
3.95286
3.9525
3.9518
3.95089
3.95001
3.94912
3.94824
3.94743
3.94684
3.94661
3.94684
3.94711
3.94737
3.94759
3.94778
3.94773
3.94759
3.94729
3.94679
3.94612
3.94532
3.94436
3.94325
3.94203
3.94077
3.93967
3.93856
3.93707
3.93529
3.93369
3.93247
3.93109
3.92919
3.92715
3.92565
3.92382
3.92155
3.91928
3.91775
3.9152
3.91428
4.99852
4.99852
4.99852
4.99852
4.99852
4.99852
4.9985
4.99841
4.9977
4.98997
4.92327
4.59702
4.21681
4.00683
3.98039
3.96762
3.94139
3.93969
3.94321
3.95032
3.94847
3.94683
3.94838
3.95007
3.95082
3.95019
3.94914
3.94786
3.94747
3.94826
3.949
3.94946
3.94909
3.94851
3.94876
3.94936
3.95054
3.95131
3.95118
3.95064
3.94945
3.94786
3.9477
3.94757
3.94832
3.94924
3.95028
3.95147
3.95276
3.95351
3.95398
3.95427
3.9542
3.95382
3.953
3.95197
3.95103
3.95017
3.94973
3.94929
3.94904
3.94877
3.94887
3.94927
3.94983
3.95033
3.95084
3.95111
3.95149
3.95128
3.9507
3.94951
3.94838
3.94742
3.94642
3.94548
3.94464
3.94395
3.94353
3.94347
3.94352
3.9436
3.94367
3.94373
3.94356
3.9431
3.94251
3.94178
3.94091
3.93989
3.9387
3.93736
3.93594
3.93449
3.93316
3.93177
3.93014
3.92862
3.927
3.92535
3.92405
3.92251
3.92031
3.91803
3.91626
3.91423
3.91119
3.90923
3.90601
3.90605
4.99852
4.99852
4.99852
4.99852
4.99852
4.9985
4.99841
4.9976
4.98957
4.86712
4.47001
4.13154
3.99958
3.95569
3.96154
3.96295
3.95227
3.94075
3.9404
3.94357
3.94746
3.95013
3.95247
3.95452
3.95537
3.95493
3.95341
3.95049
3.94748
3.94599
3.94611
3.94673
3.9474
3.94814
3.94925
3.95054
3.9514
3.95156
3.95154
3.95106
3.94978
3.94771
3.94721
3.94726
3.9475
3.94835
3.9495
3.95083
3.95193
3.95243
3.95259
3.95254
3.95227
3.95169
3.95082
3.94994
3.94915
3.94853
3.9481
3.94779
3.94747
3.94733
3.9473
3.94749
3.94763
3.94798
3.94839
3.94876
3.94885
3.94834
3.94738
3.94597
3.94438
3.94314
3.94189
3.94076
3.93978
3.93896
3.93827
3.93779
3.93742
3.93711
3.93682
3.93646
3.93582
3.93491
3.93388
3.93279
3.93158
3.93011
3.92852
3.92677
3.92501
3.9232
3.92144
3.91956
3.91757
3.91564
3.91362
3.91166
3.90952
3.90767
3.90558
3.90273
3.89992
3.8977
3.89507
3.89198
3.88729
3.88879
4.99852
4.99852
4.99852
4.99852
4.99851
4.99842
4.99776
4.98818
4.87669
4.39099
4.02723
3.95472
3.94856
3.95039
3.95349
3.95975
3.95683
3.94898
3.94193
3.9422
3.94531
3.94928
3.95336
3.9569
3.95851
3.95793
3.95685
3.95378
3.94903
3.9452
3.94448
3.94497
3.94605
3.94721
3.94872
3.95008
3.95083
3.95089
3.95083
3.95045
3.94944
3.94778
3.94681
3.9467
3.94671
3.94716
3.94802
3.94891
3.94947
3.94934
3.94903
3.94889
3.94867
3.94824
3.94741
3.94663
3.94611
3.94568
3.94536
3.94495
3.94457
3.94433
3.9441
3.94397
3.94395
3.94402
3.94409
3.94408
3.94373
3.94275
3.94128
3.93953
3.9375
3.9357
3.93406
3.9326
3.93131
3.93019
3.9292
3.92829
3.92743
3.92658
3.92566
3.9245
3.92314
3.92166
3.92007
3.91834
3.91645
3.91424
3.91181
3.90923
3.90661
3.90394
3.90122
3.89838
3.89554
3.89259
3.88958
3.88663
3.88357
3.88051
3.8776
3.87406
3.8702
3.86649
3.86311
3.8593
3.85272
3.8577
4.99852
4.99852
4.99852
4.99851
4.99846
4.99792
4.99203
4.85586
4.39294
4.07128
3.94332
3.93223
3.93823
3.94338
3.94609
3.95308
3.95497
3.95132
3.94513
3.94351
3.9447
3.94799
3.95277
3.95644
3.95831
3.95777
3.95687
3.95451
3.95026
3.9455
3.94403
3.94414
3.94501
3.94673
3.94832
3.94902
3.94895
3.94882
3.9487
3.94858
3.94816
3.94726
3.94627
3.9458
3.94561
3.94552
3.94576
3.94607
3.94615
3.94562
3.94492
3.94434
3.94378
3.94319
3.94244
3.94167
3.94125
3.94095
3.94061
3.94015
3.93957
3.93898
3.9384
3.93778
3.93713
3.93641
3.93573
3.93494
3.93398
3.93232
3.9303
3.92808
3.92571
3.92334
3.92112
3.91903
3.91705
3.91512
3.91322
3.91129
3.90937
3.90737
3.90523
3.90292
3.90046
3.89787
3.89515
3.89219
3.88899
3.8855
3.88181
3.87798
3.87409
3.87011
3.86605
3.86181
3.8575
3.853
3.84843
3.84371
3.83905
3.8342
3.82913
3.82384
3.81871
3.81341
3.80796
3.80241
3.79349
3.80484
4.99852
4.99852
4.99851
4.99849
4.99821
4.9943
4.91183
4.37924
4.00931
3.99313
3.95457
3.93277
3.93718
3.94327
3.94528
3.94577
3.94967
3.9492
3.94706
3.94477
3.94579
3.94838
3.9518
3.95516
3.95703
3.95667
3.95557
3.95326
3.94985
3.94573
3.94408
3.94412
3.94469
3.94573
3.94665
3.9465
3.94594
3.94555
3.94558
3.94582
3.94588
3.9456
3.9448
3.94412
3.94331
3.94249
3.94173
3.94127
3.94054
3.93932
3.938
3.93708
3.93646
3.93571
3.93478
3.9339
3.93331
3.93282
3.93217
3.93124
3.93005
3.92866
3.92713
3.9255
3.92378
3.922
3.92027
3.91852
3.91657
3.91417
3.91137
3.90833
3.90513
3.90179
3.89843
3.89508
3.89178
3.88849
3.88515
3.88167
3.87801
3.87418
3.87021
3.86606
3.86176
3.85735
3.85278
3.84798
3.84294
3.83762
3.83206
3.82625
3.82021
3.81396
3.80756
3.80102
3.79435
3.78745
3.78048
3.77333
3.76607
3.75861
3.75112
3.74357
3.73609
3.72855
3.7207
3.71327
3.70114
3.72067
4.99852
4.99852
4.9985
4.99836
4.99692
4.94444
4.48048
4.0898
3.93851
3.94041
3.94497
3.94342
3.94499
3.94661
3.94564
3.94349
3.94436
3.94651
3.94655
3.94609
3.94653
3.94773
3.9501
3.95257
3.95372
3.95299
3.95143
3.94972
3.94742
3.9448
3.94327
3.94324
3.94349
3.94389
3.94397
3.94341
3.94238
3.94149
3.9412
3.94146
3.94224
3.94225
3.94119
3.94015
3.93874
3.93718
3.93563
3.93418
3.9326
3.9309
3.92898
3.92717
3.9257
3.92433
3.92288
3.92139
3.91995
3.91849
3.91681
3.91485
3.91255
3.90993
3.90709
3.90406
3.90087
3.89758
3.89423
3.89085
3.88724
3.88325
3.8789
3.87432
3.86957
3.86463
3.85951
3.85423
3.84887
3.8434
3.83767
3.83164
3.82533
3.81882
3.81211
3.80524
3.79822
3.79113
3.78389
3.77643
3.76868
3.76065
3.7523
3.74367
3.73472
3.72548
3.71594
3.70616
3.69623
3.68608
3.67585
3.66558
3.65532
3.6449
3.63462
3.62452
3.6147
3.60483
3.59483
3.58566
3.57076
3.59825
4.99852
4.99851
4.99846
4.99779
4.98284
4.61938
4.06551
4.01415
3.92589
3.93176
3.93927
3.94674
3.94935
3.9491
3.94684
3.94305
3.94338
3.94472
3.94637
3.9468
3.94675
3.94647
3.94702
3.94731
3.94727
3.94592
3.94464
3.94381
3.94314
3.94224
3.94137
3.9411
3.94075
3.94036
3.93958
3.938
3.93669
3.93574
3.9355
3.93554
3.93563
3.93494
3.93351
3.93184
3.92982
3.92742
3.92508
3.92254
3.91976
3.91687
3.91373
3.91063
3.90777
3.905
3.90214
3.89919
3.89628
3.89334
3.89014
3.8865
3.88243
3.87798
3.87312
3.86789
3.86226
3.85643
3.85046
3.84434
3.83803
3.83152
3.82473
3.81775
3.81057
3.80313
3.79524
3.78692
3.77826
3.76923
3.75974
3.74988
3.73978
3.72951
3.71913
3.70869
3.69829
3.68791
3.67748
3.66689
3.65608
3.645
3.63362
3.62192
3.60986
3.59748
3.58486
3.57205
3.5592
3.54629
3.53351
3.52078
3.50825
3.49588
3.48391
3.47215
3.46082
3.44972
3.43875
3.42861
3.41229
3.44579
4.99851
4.9985
4.99826
4.99438
4.84741
4.16487
3.93252
3.9496
3.93301
3.93338
3.93774
3.94494
3.94941
3.94812
3.94716
3.94399
3.94391
3.94528
3.94749
3.94721
3.94569
3.94384
3.94249
3.94132
3.94021
3.93849
3.93702
3.93698
3.9376
3.93752
3.93737
3.9364
3.93541
3.93428
3.93305
3.93143
3.92933
3.92743
3.92587
3.92435
3.92284
3.92107
3.9189
3.91629
3.91315
3.90948
3.90541
3.90105
3.89639
3.89147
3.88631
3.8811
3.87603
3.87112
3.86627
3.86134
3.8562
3.8507
3.84471
3.83823
3.83118
3.8235
3.81523
3.80646
3.7973
3.78783
3.77816
3.76836
3.7584
3.7483
3.73804
3.72753
3.71671
3.7055
3.69374
3.68143
3.66867
3.65538
3.64167
3.62766
3.61358
3.5995
3.58558
3.57188
3.55849
3.54535
3.53235
3.51932
3.50622
3.49293
3.47943
3.46565
3.45164
3.43734
3.4229
3.40838
3.39403
3.3798
3.3659
3.35225
3.33901
3.32612
3.31386
3.30198
3.29058
3.27944
3.26859
3.25853
3.24252
3.27916
4.99851
4.99844
4.99759
4.9533
4.41019
4.00884
3.9182
3.92539
3.93706
3.93899
3.9413
3.94263
3.9464
3.94632
3.94609
3.94541
3.94548
3.94617
3.94699
3.9458
3.94291
3.94007
3.93764
3.93525
3.933
3.9307
3.92924
3.92936
3.93015
3.92973
3.92869
3.92713
3.92538
3.92342
3.92086
3.91774
3.91409
3.91041
3.90697
3.90367
3.90033
3.8969
3.89297
3.88832
3.883
3.87707
3.87059
3.86357
3.85603
3.84812
3.83996
3.83169
3.82344
3.81529
3.80708
3.79859
3.78959
3.77997
3.76968
3.75874
3.74718
3.73505
3.72239
3.70921
3.69553
3.68146
3.66718
3.65275
3.63835
3.62401
3.6097
3.59531
3.58073
3.5658
3.5504
3.53453
3.51826
3.50159
3.4847
3.46784
3.45123
3.43493
3.41911
3.40383
3.38912
3.37484
3.36088
3.34703
3.33322
3.31933
3.30534
3.29114
3.27678
3.26221
3.2476
3.23302
3.21872
3.20468
3.1911
3.17789
3.16521
3.15301
3.14143
3.13028
3.1196
3.1092
3.09909
3.08961
3.0749
3.1117
4.99849
4.99823
4.99312
4.70979
4.06533
3.99128
3.9145
3.92518
3.93778
3.94296
3.94619
3.94589
3.94548
3.94563
3.94544
3.94596
3.94585
3.94476
3.94341
3.94136
3.93761
3.93342
3.92982
3.92692
3.92432
3.92191
3.91976
3.91832
3.917
3.91503
3.91258
3.90982
3.90658
3.90265
3.89799
3.89266
3.88668
3.8804
3.87414
3.86792
3.86159
3.85509
3.84817
3.84051
3.83196
3.82253
3.81206
3.8006
3.78844
3.77585
3.76315
3.75042
3.73761
3.7247
3.71161
3.69808
3.68394
3.66904
3.65334
3.63699
3.62018
3.60299
3.58548
3.56767
3.54962
3.53142
3.51322
3.49518
3.47746
3.46013
3.44314
3.42634
3.40956
3.39262
3.37541
3.35796
3.34028
3.3224
3.30458
3.2871
3.27015
3.25378
3.23808
3.22306
3.20872
3.19488
3.18142
3.16814
3.15497
3.14177
3.12854
3.11514
3.10161
3.0879
3.07419
3.06057
3.04725
3.03426
3.02174
3.00963
2.99805
2.98698
2.97652
2.96649
2.95689
2.94756
2.93847
2.92988
2.91676
2.95118
4.99845
4.99774
4.95487
4.30572
3.96087
3.96622
3.93126
3.92855
3.93515
3.94131
3.94654
3.94629
3.94544
3.94499
3.94463
3.94408
3.94191
3.93891
3.936
3.93298
3.92877
3.92447
3.91979
3.91505
3.91016
3.90548
3.90105
3.89708
3.89322
3.88925
3.88474
3.8794
3.8732
3.86621
3.85833
3.84952
3.83989
3.82968
3.81913
3.80834
3.79728
3.78593
3.77421
3.76158
3.74776
3.73253
3.71594
3.6983
3.67998
3.66139
3.6429
3.6246
3.60647
3.58841
3.57021
3.55161
3.53238
3.51243
3.49192
3.47113
3.45029
3.4296
3.40916
3.38898
3.36899
3.34918
3.32965
3.3105
3.29191
3.27392
3.25649
3.23947
3.22267
3.20591
3.18904
3.1721
3.15505
3.13792
3.12101
3.10458
3.0888
3.07369
3.05927
3.04554
3.03246
3.01988
3.00766
2.99563
2.98371
2.97178
2.95981
2.94771
2.93548
2.92309
2.91073
2.89846
2.88646
2.8748
2.86358
2.85278
2.84249
2.83267
2.82339
2.81451
2.80601
2.79775
2.78963
2.78191
2.77025
2.79992
4.99829
4.99533
4.73962
4.04936
3.9307
3.94448
3.93648
3.92893
3.93194
3.9369
3.94232
3.94141
3.93958
3.93859
3.93717
3.9347
3.9307
3.92637
3.9224
3.91853
3.91326
3.90664
3.89909
3.89126
3.88316
3.87542
3.86788
3.86034
3.85289
3.84538
3.83692
3.82733
3.81672
3.8048
3.79146
3.77685
3.76115
3.74458
3.72747
3.71018
3.69285
3.67531
3.65707
3.63768
3.61685
3.59462
3.57124
3.54709
3.52281
3.49888
3.47561
3.453
3.43091
3.40917
3.38758
3.3659
3.34399
3.32182
3.29951
3.27738
3.25572
3.23472
3.2144
3.19466
3.17534
3.15634
3.13768
3.11953
3.10201
3.08519
3.06902
3.05334
3.03797
3.02273
3.00743
2.99211
2.97666
2.96113
2.94586
2.93111
2.91702
2.9036
2.89087
2.8788
2.86733
2.8563
2.84556
2.83498
2.82444
2.81388
2.80324
2.79246
2.78154
2.77048
2.75944
2.74849
2.73779
2.72742
2.71747
2.70789
2.6988
2.69014
2.68195
2.67411
2.66659
2.65925
2.65198
2.64501
2.63452
2.65804
4.99801
4.975
4.36122
3.98475
3.91969
3.92583
3.93236
3.92919
3.92774
3.92967
3.93391
3.93162
3.92769
3.92434
3.9206
3.91524
3.9089
3.90245
3.89649
3.89014
3.88222
3.87248
3.86119
3.84925
3.83693
3.82444
3.81184
3.79903
3.7859
3.77225
3.7575
3.74131
3.72325
3.70332
3.68176
3.65888
3.63505
3.61068
3.58612
3.56163
3.53733
3.51302
3.48837
3.4629
3.43641
3.40892
3.38084
3.35283
3.32553
3.29935
3.27447
3.25079
3.22809
3.20613
3.1846
3.16324
3.1419
3.12056
3.09937
3.07857
3.05843
3.03914
3.02071
3.003
2.98577
2.96885
2.95226
2.93615
2.92064
2.90578
2.89152
2.87771
2.86422
2.85085
2.83746
2.82405
2.81045
2.79675
2.78331
2.77038
2.75804
2.74632
2.73523
2.72475
2.7148
2.70521
2.69582
2.6865
2.67717
2.66777
2.65826
2.64859
2.63877
2.62882
2.6189
2.60909
2.59951
2.59028
2.58143
2.57293
2.56488
2.55721
2.54994
2.54297
2.53626
2.52968
2.52308
2.51671
2.5073
2.52447
4.99777
4.84554
4.09758
3.94919
3.91256
3.92249
3.9349
3.93011
3.92314
3.92016
3.91898
3.91361
3.90663
3.9
3.89269
3.88345
3.87272
3.86196
3.85184
3.84146
3.82921
3.81421
3.79705
3.77873
3.7592
3.73891
3.71826
3.69733
3.67604
3.65408
3.63078
3.60526
3.57753
3.5479
3.51694
3.4855
3.45418
3.42322
3.39278
3.3632
3.33463
3.30683
3.27924
3.25144
3.22322
3.19477
3.16654
3.13908
3.1129
3.08827
3.06518
3.04342
3.02273
3.00281
2.98335
2.9641
2.94495
2.92593
2.90715
2.88878
2.87111
2.85429
2.83833
2.82305
2.80819
2.79361
2.7793
2.76539
2.75197
2.7391
2.72674
2.71475
2.70305
2.69142
2.67978
2.66811
2.65617
2.64414
2.63235
2.62105
2.61029
2.60007
2.59039
2.58125
2.57254
2.56411
2.55579
2.54747
2.53909
2.53059
2.52196
2.51316
2.50421
2.49517
2.48618
2.47731
2.46869
2.46044
2.45252
2.44495
2.43777
2.43093
2.4244
2.41816
2.41208
2.40611
2.40005
2.39418
2.38608
2.3994
4.99512
4.55532
3.9873
3.91343
3.90478
3.91485
3.92082
3.91582
3.90579
3.89573
3.88714
3.87791
3.86765
3.857
3.84475
3.83005
3.81333
3.79606
3.77912
3.76088
3.74014
3.7165
3.69009
3.66161
3.63173
3.60092
3.56989
3.53903
3.50827
3.47714
3.44475
3.41074
3.37502
3.33815
3.30122
3.26528
3.23089
3.19809
3.16681
3.13712
3.10898
3.08207
3.05589
3.02998
3.00409
2.9783
2.95298
2.92865
2.9057
2.88431
2.86438
2.84565
2.82783
2.81065
2.79377
2.77703
2.76039
2.74389
2.72766
2.71187
2.69673
2.68237
2.66874
2.65567
2.64293
2.6304
2.6181
2.60611
2.59452
2.58338
2.57266
2.56224
2.55204
2.54188
2.53169
2.52144
2.5109
2.50029
2.48991
2.47999
2.47056
2.46158
2.45306
2.44497
2.43723
2.42968
2.42217
2.41462
2.40696
2.39916
2.39123
2.38312
2.37489
2.36659
2.35837
2.35031
2.34251
2.33508
2.32794
2.32115
2.31469
2.30854
2.30264
2.29697
2.29141
2.28594
2.28032
2.27485
2.2679
2.28307
4.97673
4.25718
3.94733
3.89846
3.8932
3.89301
3.88843
3.87889
3.86476
3.84906
3.83257
3.81602
3.79907
3.7811
3.76069
3.73745
3.71219
3.6853
3.65712
3.62704
3.59438
3.55885
3.52076
3.48101
3.44013
3.39902
3.35888
3.32024
3.28295
3.24639
3.20987
3.17267
3.13489
3.09718
3.06061
3.02626
2.99449
2.96481
2.93681
2.91043
2.88565
2.86218
2.83953
2.81725
2.79506
2.773
2.75141
2.73073
2.71132
2.6933
2.67653
2.66074
2.64565
2.63098
2.61647
2.60202
2.58764
2.57341
2.55945
2.54593
2.53301
2.52077
2.50913
2.49789
2.48687
2.476
2.46531
2.4549
2.44484
2.43516
2.42581
2.4167
2.40777
2.39884
2.38987
2.3808
2.37143
2.36201
2.35283
2.34404
2.3357
2.32774
2.32014
2.31287
2.30585
2.29895
2.29205
2.28508
2.27799
2.27075
2.26337
2.25583
2.24819
2.24053
2.23298
2.22562
2.21851
2.21178
2.20532
2.19918
2.19332
2.18774
2.18235
2.17716
2.17203
2.16697
2.1617
2.15658
2.1503
2.1724
4.89011
4.06584
3.91905
3.88547
3.86573
3.85061
3.83275
3.81512
3.79516
3.77247
3.7465
3.71861
3.69014
3.66011
3.62735
3.5915
3.55257
3.51187
3.47007
3.42659
3.38117
3.33402
3.28608
3.23818
3.19099
3.14536
3.10225
3.06222
3.02508
2.99002
2.95587
2.92194
2.88804
2.85465
2.82275
2.7933
2.76642
2.74145
2.71788
2.69568
2.67484
2.65515
2.63619
2.61754
2.59892
2.58035
2.56215
2.54474
2.52843
2.51332
2.49925
2.48596
2.47315
2.46057
2.44803
2.4355
2.42304
2.41074
2.39871
2.3871
2.37604
2.36554
2.35549
2.34573
2.3361
2.32657
2.31721
2.30811
2.29933
2.29087
2.28268
2.27469
2.26683
2.25894
2.251
2.24294
2.23458
2.22613
2.21798
2.21015
2.20267
2.19553
2.18863
2.18198
2.1755
2.16909
2.16265
2.15613
2.14948
2.14268
2.13577
2.12874
2.12162
2.11452
2.10756
2.10079
2.0943
2.08818
2.08228
2.0767
2.07135
2.06624
2.06127
2.05649
2.05171
2.04699
2.04201
2.03722
2.0313
2.06396
4.68251
4.00019
3.89857
3.84743
3.80518
3.77447
3.75096
3.71856
3.67783
3.63463
3.59214
3.55072
3.50882
3.46495
3.41843
3.36937
3.31801
3.26514
3.21186
3.1589
3.10662
3.05556
3.00615
2.95888
2.9139
2.87176
2.83296
2.7978
2.76587
2.73623
2.70778
2.67964
2.65152
2.62377
2.5973
2.57303
2.55101
2.5305
2.51099
2.49249
2.47511
2.45868
2.44288
2.42729
2.41166
2.39601
2.38064
2.36593
2.35218
2.33948
2.32765
2.3164
2.30546
2.2946
2.28369
2.27276
2.26193
2.25129
2.24091
2.2309
2.22135
2.21227
2.20352
2.19494
2.18646
2.17805
2.16981
2.16182
2.15413
2.14671
2.13951
2.13248
2.12554
2.11856
2.11152
2.10433
2.09685
2.08926
2.08193
2.07494
2.06816
2.06163
2.05526
2.04907
2.04298
2.03694
2.03085
2.0247
2.01842
2.01202
2.00553
1.99893
1.9923
1.98571
1.97928
1.97307
1.96711
1.96151
1.9561
1.951
1.94608
1.94138
1.93678
1.93233
1.92786
1.92342
1.9187
1.9142
1.90869
1.95502
4.46541
3.94875
3.85029
3.76469
3.69383
3.64448
3.59029
3.53138
3.47387
3.41727
3.35933
3.30142
3.2445
3.18824
3.1311
3.07338
3.01557
2.95906
2.90484
2.85315
2.8042
2.75819
2.71524
2.6752
2.63779
2.60302
2.57113
2.54248
2.51678
2.49311
2.47039
2.4478
2.42499
2.40228
2.38059
2.36076
2.34279
2.32592
2.3097
2.29424
2.27969
2.26595
2.25273
2.23965
2.22647
2.21322
2.20018
2.18772
2.1761
2.1654
2.15542
2.14586
2.13646
2.12703
2.11749
2.10797
2.09857
2.08937
2.08042
2.07178
2.0635
2.05557
2.04788
2.04029
2.03276
2.02533
2.01807
2.01106
2.00432
1.99782
1.99149
1.98531
1.97918
1.97301
1.96676
1.96035
1.95366
1.94685
1.94016
1.93379
1.92765
1.92156
1.91557
1.90969
1.90393
1.89818
1.89243
1.88661
1.88068
1.87466
1.86857
1.8624
1.85621
1.85011
1.84419
1.8385
1.83304
1.82789
1.82291
1.81823
1.8137
1.80937
1.80508
1.80092
1.79671
1.79252
1.78805
1.78383
1.77876
1.84343
4.26234
3.84427
3.72772
3.60261
3.4958
3.40972
3.32592
3.24564
3.17293
3.1039
3.03411
2.96616
2.90204
2.84138
2.78304
2.72766
2.67516
2.62594
2.58006
2.53726
2.49742
2.46058
2.42662
2.39515
2.36581
2.33843
2.31319
2.29058
2.27039
2.25181
2.23388
2.21588
2.19748
2.17901
2.16133
2.14523
2.1306
2.11671
2.10318
2.09022
2.07803
2.06654
2.05548
2.0445
2.03338
2.02217
2.01112
2.00059
1.99081
1.98183
1.97344
1.96532
1.95722
1.949
1.94068
1.9324
1.92431
1.91643
1.90877
1.90135
1.89417
1.88722
1.88041
1.87367
1.86699
1.86043
1.85408
1.84796
1.84208
1.8364
1.83087
1.82545
1.82004
1.8146
1.80904
1.80336
1.79733
1.7912
1.78508
1.77908
1.7734
1.76767
1.76197
1.75641
1.75095
1.74555
1.74016
1.73471
1.72917
1.72355
1.71789
1.71218
1.70646
1.70085
1.69546
1.69028
1.6853
1.68059
1.67603
1.67173
1.66758
1.66359
1.6596
1.65571
1.65175
1.64785
1.64362
1.63966
1.63511
1.72486
4.0494
3.65404
3.47772
3.30473
3.15882
3.04962
2.94334
2.84383
2.75754
2.68216
2.61188
2.54777
2.49033
2.43857
2.39186
2.34909
2.30943
2.27286
2.23903
2.20734
2.17771
2.15023
2.12487
2.10135
2.07933
2.05849
2.03906
2.02163
2.00613
1.99182
1.97788
1.96371
1.94908
1.93433
1.92024
1.90743
1.89568
1.88431
1.87305
1.86222
1.85211
1.84261
1.83346
1.82435
1.81507
1.80569
1.79647
1.78773
1.77967
1.77228
1.76531
1.75846
1.75147
1.74429
1.73703
1.7299
1.72301
1.71638
1.70996
1.70368
1.69753
1.69147
1.68547
1.67952
1.67365
1.66795
1.66248
1.65722
1.65218
1.6473
1.64251
1.63781
1.63306
1.6283
1.62333
1.61836
1.61289
1.60719
1.60151
1.59587
1.59042
1.58507
1.5798
1.57474
1.56976
1.56488
1.56001
1.55507
1.55007
1.54495
1.53987
1.53475
1.52965
1.52463
1.51991
1.51533
1.51093
1.50674
1.50265
1.49882
1.49511
1.49151
1.48789
1.48433
1.48069
1.4771
1.47328
1.4695
1.46576
1.58894
3.70377
3.31296
3.06539
2.84808
2.66621
2.51838
2.38522
2.27966
2.20002
2.13497
2.0767
2.02696
1.98554
1.95137
1.92449
1.89998
1.87711
1.85575
1.83552
1.81594
1.79722
1.77966
1.76329
1.74803
1.73354
1.71936
1.70578
1.69354
1.68268
1.67256
1.66251
1.65218
1.64146
1.63067
1.62045
1.61114
1.60235
1.59352
1.58458
1.57601
1.56815
1.56083
1.55379
1.54671
1.53946
1.53213
1.525
1.51832
1.51221
1.50659
1.50119
1.49568
1.48985
1.48377
1.47767
1.47181
1.46629
1.46107
1.45606
1.45113
1.44621
1.44124
1.43626
1.43132
1.4265
1.4219
1.41753
1.41337
1.40937
1.40546
1.4016
1.39778
1.39384
1.38991
1.38565
1.38166
1.37674
1.37151
1.36622
1.36117
1.35619
1.35157
1.34713
1.34284
1.33882
1.3347
1.33071
1.3266
1.32246
1.31816
1.31404
1.30981
1.3057
1.30158
1.29787
1.29422
1.29061
1.28718
1.28379
1.28063
1.27759
1.27454
1.27149
1.26844
1.26538
1.2622
1.2591
1.2554
1.25298
1.4117
3.23373
2.85137
2.52133
2.17913
1.86636
1.6391
1.48322
1.38398
1.32449
1.28259
1.25218
1.23321
1.22236
1.21875
1.22429
1.22992
1.23456
1.2377
1.23883
1.23814
1.2365
1.23448
1.23213
1.22981
1.22708
1.22324
1.2188
1.21471
1.21116
1.20772
1.20397
1.19996
1.19576
1.19161
1.18783
1.18428
1.18032
1.17573
1.17078
1.1662
1.16234
1.15892
1.15562
1.15221
1.14863
1.145
1.14159
1.13853
1.1358
1.1332
1.13049
1.12736
1.12371
1.11979
1.11599
1.11259
1.10961
1.10695
1.10442
1.10186
1.09912
1.09619
1.09318
1.09024
1.08748
1.08498
1.0827
1.08054
1.07846
1.07635
1.07424
1.07207
1.06972
1.06744
1.06461
1.06255
1.05867
1.05474
1.05048
1.04644
1.04269
1.03957
1.03652
1.03356
1.03101
1.02813
1.02555
1.02273
1.01996
1.01699
1.01444
1.01164
1.00909
1.00636
1.00426
1.002
0.999622
0.997331
0.995059
0.992899
0.99092
0.988794
0.98662
0.984373
0.982276
0.979819
0.977862
0.974137
0.974117
1.15078
0.429135
0.42909
0.428978
0.428856
0.428603
0.428409
0.428503
0.426446
0.407094
0.278361
0.0450327
0.138426
0.207192
0.142295
0.00759805
0.113231
0.278004
0.422892
0.540293
0.645509
0.723779
0.797997
0.865886
0.931877
0.974277
1.00666
1.04233
1.07108
1.09223
1.10794
1.12029
1.13073
1.13846
1.14218
1.14359
1.1439
1.1454
1.14509
1.14389
1.14258
1.14026
1.1372
1.13434
1.13211
1.13117
1.13073
1.12998
1.1288
1.12777
1.1271
1.12713
1.12794
1.12692
1.12455
1.12312
1.12156
1.12123
1.12187
1.12329
1.12416
1.1237
1.12257
1.12137
1.12097
1.12185
1.12365
1.12549
1.12611
1.12529
1.1246
1.12554
1.12871
1.13397
1.13988
1.14375
1.14399
1.1419
1.13928
1.13724
1.13241
0.874652
0.874601
0.874492
0.874344
0.874114
0.87384
0.87394
0.872448
0.854507
0.699793
0.209606
0.117535
0.196433
0.123021
0.0416013
0.224491
0.401978
0.548204
0.671345
0.78563
0.873086
0.956224
1.03067
1.10515
1.15756
1.19843
1.24079
1.27615
1.30461
1.32779
1.34682
1.36281
1.3765
1.38629
1.39352
1.39815
1.40246
1.40553
1.40772
1.40917
1.41018
1.41024
1.40917
1.4084
1.40819
1.40822
1.40792
1.40714
1.40656
1.40624
1.40637
1.40711
1.40601
1.40432
1.40307
1.40184
1.40185
1.40248
1.40396
1.40509
1.40506
1.40436
1.40332
1.40267
1.40334
1.40512
1.4072
1.40834
1.40802
1.40782
1.40931
1.41334
1.4201
1.42851
1.43582
1.44
1.44167
1.44273
1.44439
1.44539
1.19769
1.19761
1.1975
1.19734
1.19714
1.19683
1.19689
1.19603
1.18226
1.05025
0.450163
0.0400213
0.145516
0.0647717
0.115885
0.322832
0.509263
0.6594
0.786204
0.905288
0.997555
1.08541
1.16282
1.24125
1.29942
1.34547
1.3916
1.43072
1.46364
1.49163
1.51519
1.53508
1.5529
1.56703
1.5784
1.58667
1.5929
1.59886
1.60347
1.607
1.61073
1.61316
1.61378
1.61435
1.6149
1.61549
1.61574
1.61545
1.61537
1.61549
1.61586
1.61662
1.6156
1.61446
1.61342
1.61253
1.61296
1.6136
1.61511
1.61643
1.61676
1.61643
1.61558
1.61484
1.61532
1.61698
1.61911
1.62055
1.62064
1.62084
1.62268
1.62715
1.63463
1.64437
1.65375
1.66048
1.66471
1.66826
1.67239
1.67735
1.44332
1.44318
1.44301
1.44281
1.4426
1.44226
1.44228
1.44176
1.43165
1.33571
0.730747
0.135414
0.0438248
0.0398646
0.220156
0.430962
0.622098
0.773264
0.900793
1.02037
1.1139
1.20291
1.28009
1.35894
1.41965
1.46821
1.51554
1.55602
1.59107
1.62172
1.648
1.67029
1.69048
1.70717
1.72098
1.73176
1.73919
1.74736
1.75333
1.75858
1.76423
1.76836
1.77035
1.77225
1.77344
1.77467
1.77551
1.77573
1.77622
1.77688
1.77764
1.77859
1.77781
1.77702
1.77623
1.77567
1.77662
1.77732
1.77893
1.78046
1.78111
1.78111
1.7805
1.77978
1.78011
1.78162
1.78371
1.78532
1.78573
1.78626
1.78834
1.793
1.80075
1.8111
1.82162
1.82998
1.83597
1.84124
1.84705
1.85493
1.63827
1.638
1.63773
1.63747
1.6372
1.6368
1.63675
1.63629
1.62883
1.56237
1.02442
0.366509
0.113765
0.172948
0.358059
0.567714
0.75847
0.904909
1.0297
1.14503
1.23709
1.32424
1.39832
1.47499
1.53591
1.58482
1.63107
1.67094
1.7063
1.73787
1.76526
1.78849
1.80954
1.82739
1.84231
1.85433
1.86233
1.87178
1.87838
1.88493
1.89187
1.89718
1.90022
1.9032
1.90493
1.90668
1.90802
1.90866
1.90966
1.91086
1.91204
1.91326
1.91279
1.9122
1.91168
1.91143
1.91292
1.91372
1.9155
1.91727
1.91821
1.91854
1.91819
1.91759
1.91785
1.91925
1.92127
1.92294
1.92357
1.92433
1.92658
1.93131
1.93914
1.94972
1.96083
1.97021
1.97742
1.98391
1.99094
2.00109
1.80264
1.80223
1.80182
1.80144
1.80108
1.80057
1.80044
1.79988
1.79416
1.74769
1.3075
0.65034
0.333696
0.35772
0.543822
0.75015
0.93394
1.06831
1.18755
1.29313
1.3805
1.46161
1.52911
1.601
1.66002
1.70721
1.75017
1.78759
1.82162
1.8526
1.87958
1.9023
1.92297
1.94088
1.95597
1.968
1.97613
1.98584
1.99262
1.99994
2.00775
2.01388
2.01772
2.02144
2.02359
2.02571
2.02738
2.02828
2.02965
2.03126
2.0328
2.03421
2.03407
2.03356
2.03333
2.03342
2.03539
2.03634
2.0383
2.04028
2.0415
2.04216
2.04209
2.04168
2.04193
2.04325
2.04518
2.04683
2.04757
2.04847
2.05082
2.05555
2.06334
2.07391
2.08525
2.09522
2.10327
2.11063
2.1186
2.13061
1.95056
1.94997
1.9494
1.94888
1.94837
1.94773
1.9475
1.9468
1.94212
1.90737
1.56728
0.955375
0.614578
0.597439
0.783514
0.98264
1.15476
1.27266
1.38632
1.47789
1.55708
1.62755
1.68273
1.74613
1.80075
1.84395
1.88119
1.91423
1.94531
1.97416
1.99916
2.01984
2.03886
2.05571
2.07004
2.08074
2.08863
2.09746
2.10397
2.11149
2.11969
2.12627
2.13062
2.13461
2.13702
2.13933
2.14107
2.14197
2.14351
2.14536
2.14709
2.14853
2.14863
2.14807
2.14814
2.14854
2.15091
2.152
2.15413
2.15624
2.1577
2.15867
2.15889
2.1587
2.159
2.16023
2.16205
2.16359
2.16436
2.16531
2.16772
2.17241
2.18007
2.19045
2.20175
2.21195
2.22047
2.2284
2.23709
2.25058
2.09024
2.08948
2.08873
2.08804
2.08735
2.08654
2.0862
2.0853
2.08133
2.05226
1.80937
1.24695
0.930215
0.881066
1.06291
1.25216
1.41427
1.51838
1.63091
1.70669
1.77546
1.83318
1.87038
1.91983
1.96636
2.00261
2.03125
2.05768
2.08403
2.1091
2.1304
2.14735
2.16332
2.17782
2.19027
2.19841
2.20556
2.21218
2.21795
2.22497
2.23304
2.2396
2.24403
2.24775
2.2502
2.25244
2.2539
2.25444
2.25586
2.25772
2.25938
2.26059
2.2607
2.26001
2.26028
2.26094
2.26352
2.26472
2.26695
2.26907
2.27069
2.27191
2.27239
2.27241
2.27278
2.27391
2.27555
2.27689
2.2776
2.27853
2.28096
2.28556
2.293
2.30305
2.31407
2.32418
2.33282
2.34102
2.35014
2.36473
2.22622
2.22526
2.22431
2.22342
2.22251
2.22151
2.22105
2.21991
2.21644
2.19234
2.02981
1.51694
1.23249
1.17821
1.35302
1.53716
1.69811
1.79765
1.91552
1.97588
2.03408
2.081
2.09973
2.13081
2.16531
2.1915
2.2068
2.22401
2.24368
2.26317
2.27884
2.29024
2.30166
2.31224
2.32127
2.32635
2.33162
2.33466
2.33892
2.34489
2.35219
2.35809
2.36192
2.36503
2.36708
2.36883
2.36958
2.36936
2.37027
2.37181
2.37306
2.3737
2.37348
2.3726
2.37283
2.37368
2.37615
2.3774
2.37962
2.38157
2.38321
2.38455
2.3852
2.3854
2.38581
2.38679
2.38816
2.38919
2.38975
2.39056
2.39295
2.39741
2.40459
2.41417
2.42468
2.43436
2.44277
2.45093
2.46016
2.4754
2.36158
2.36041
2.35922
2.3581
2.35695
2.35573
2.35515
2.35366
2.35051
2.33164
2.21498
1.78253
1.49143
1.45973
1.63318
1.8236
1.99494
2.09925
2.22575
2.27063
2.31976
2.35992
2.36402
2.37715
2.39971
2.41439
2.41333
2.41752
2.42849
2.44059
2.4488
2.45293
2.45805
2.46307
2.46707
2.46937
2.47062
2.46905
2.47063
2.4751
2.48087
2.48521
2.48808
2.49012
2.49111
2.49185
2.49142
2.49001
2.48991
2.49067
2.49111
2.49075
2.48982
2.48859
2.48848
2.48939
2.49135
2.49255
2.49452
2.49607
2.49753
2.49881
2.49951
2.49979
2.50017
2.50092
2.50189
2.50248
2.50275
2.50336
2.50562
2.50988
2.5167
2.52568
2.53545
2.5444
2.55226
2.56004
2.56902
2.58434
2.49893
2.4975
2.49605
2.49466
2.49321
2.49175
2.49102
2.48907
2.48599
2.47146
2.36891
2.02796
1.72295
1.71821
1.90309
2.11289
2.30441
2.41137
2.53377
2.56404
2.60957
2.64821
2.64367
2.64102
2.65443
2.65759
2.64507
2.63606
2.63823
2.64144
2.64078
2.63686
2.63389
2.63249
2.6311
2.62875
2.62481
2.61817
2.61596
2.61816
2.62153
2.62392
2.62517
2.62526
2.62462
2.6238
2.62178
2.6188
2.61723
2.61674
2.61587
2.61403
2.61208
2.61015
2.60952
2.61027
2.61126
2.61225
2.61364
2.61455
2.61553
2.61653
2.61712
2.61735
2.61757
2.61795
2.61839
2.61839
2.61821
2.61853
2.62061
2.62463
2.63103
2.6393
2.6481
2.65598
2.66291
2.66996
2.67832
2.69314
2.64077
2.63902
2.63726
2.63555
2.63375
2.63199
2.63112
2.62851
2.62524
2.61289
2.52706
2.22635
1.9445
1.96563
2.17561
2.41636
2.62974
2.72854
2.83159
2.84255
2.87935
2.90906
2.89953
2.88931
2.89929
2.89448
2.87819
2.86027
2.85641
2.85328
2.84516
2.83349
2.82326
2.81579
2.80924
2.80182
2.79278
2.78113
2.77448
2.77338
2.77401
2.77431
2.77342
2.77115
2.76844
2.76561
2.76166
2.75683
2.75331
2.751
2.7484
2.74471
2.74151
2.73846
2.73726
2.73742
2.73737
2.7378
2.73816
2.73812
2.73839
2.73888
2.73916
2.73917
2.73911
2.73903
2.73875
2.73802
2.73731
2.73728
2.73911
2.74285
2.74877
2.75623
2.76386
2.77048
2.77625
2.78227
2.78964
2.80323
2.7898
2.78766
2.78551
2.78341
2.7812
2.77906
2.77804
2.77454
2.77077
2.75822
2.68672
2.40839
2.16733
2.22166
2.46634
2.73525
2.96124
3.02213
3.08996
3.08864
3.10958
3.12781
3.11238
3.09179
3.09765
3.08972
3.07393
3.05602
3.05024
3.0439
3.03341
3.01885
3.0058
2.99488
2.98441
2.97365
2.96142
2.94714
2.9377
2.93344
2.93123
2.92925
2.92636
2.92203
2.91741
2.91273
2.90721
2.90089
2.89582
2.89164
2.88702
2.8813
2.87669
2.87272
2.87076
2.86991
2.86913
2.86847
2.86754
2.86634
2.86564
2.86543
2.86526
2.86493
2.86446
2.86378
2.86286
2.86145
2.86017
2.85988
2.86169
2.86528
2.87093
2.87771
2.88394
2.88899
2.89327
2.898
2.90419
2.91602
2.94922
2.94657
2.94395
2.94135
2.93862
2.93606
2.93489
2.9302
2.92547
2.91028
2.84128
2.59564
2.42203
2.5102
2.78406
3.05013
3.25728
3.30179
3.32902
3.29229
3.2713
3.27679
3.26553
3.24075
3.2298
3.22039
3.20584
3.19081
3.18796
3.18144
3.17145
3.15736
3.14724
3.13833
3.12913
3.11911
3.10793
3.09418
3.08426
3.07944
3.07659
3.07417
3.0709
3.06596
3.06024
3.05421
3.04774
3.04095
3.0349
3.02909
3.02321
3.01623
3.01045
3.00628
3.00379
3.00237
3.00092
2.99928
2.99707
2.99498
2.99348
2.99254
2.99185
2.99124
2.99057
2.98967
2.9881
2.98632
2.98499
2.98478
2.98658
2.99031
2.99597
3.00231
3.00739
3.0114
3.01461
3.01831
3.02305
3.0325
3.12314
3.11984
3.1166
3.11337
3.11002
3.10715
3.10521
3.09928
3.09263
3.07059
2.98868
2.81343
2.74756
2.85363
3.09039
3.29248
3.46202
3.53098
3.53203
3.47759
3.4323
3.39343
3.35963
3.33192
3.30722
3.29206
3.28159
3.26972
3.26334
3.26028
3.25283
3.2424
3.23552
3.22937
3.22202
3.21523
3.20841
3.20004
3.19312
3.18912
3.18675
3.18518
3.18383
3.18115
3.17698
3.17217
3.16695
3.16156
3.15652
3.15062
3.14422
3.137
3.13095
3.12759
3.12582
3.12453
3.12302
3.12099
3.11802
3.11515
3.11301
3.11168
3.11088
3.11029
3.10974
3.1089
3.1079
3.10658
3.10573
3.10665
3.10971
3.11464
3.12152
3.12814
3.13258
3.13586
3.13823
3.14121
3.14529
3.15304
3.31664
3.31249
3.30847
3.30445
3.30038
3.29752
3.29297
3.28629
3.27567
3.23769
3.12904
3.05701
3.11817
3.28338
3.43337
3.53032
3.6226
3.68194
3.68972
3.63532
3.5704
3.48746
3.43033
3.39864
3.36528
3.33414
3.3161
3.31116
3.30353
3.29694
3.28826
3.28318
3.2798
3.27614
3.27092
3.26658
3.26354
3.25885
3.25578
3.25572
3.25607
3.25625
3.25657
3.25589
3.25335
3.25027
3.24757
3.2451
3.24308
3.23895
3.23372
3.22745
3.22218
3.22
3.22011
3.22039
3.21948
3.21845
3.21606
3.21377
3.21159
3.2103
3.20998
3.21046
3.21118
3.2118
3.2119
3.21232
3.21339
3.21569
3.22027
3.22749
3.23647
3.24484
3.25125
3.25621
3.26032
3.26443
3.26847
3.27532
3.53466
3.52957
3.52456
3.51966
3.51493
3.5117
3.50329
3.49582
3.47648
3.4089
3.27923
3.31011
3.46259
3.66794
3.73777
3.80431
3.83269
3.8446
3.83003
3.77996
3.69692
3.57214
3.47709
3.44883
3.40746
3.35572
3.33679
3.33525
3.3289
3.31621
3.30346
3.29799
3.29706
3.29475
3.29066
3.28825
3.28952
3.28981
3.29021
3.29172
3.29252
3.2934
3.29521
3.29663
3.29607
3.29498
3.29445
3.29452
3.29415
3.29113
3.28743
3.28312
3.28098
3.28047
3.28255
3.28524
3.28571
3.28599
3.28402
3.28193
3.28094
3.28058
3.28136
3.28291
3.28513
3.28734
3.28981
3.29234
3.29617
3.30234
3.31109
3.3223
3.3349
3.34617
3.35553
3.36312
3.36974
3.37643
3.38359
3.39395
3.77961
3.77349
3.76756
3.76168
3.75669
3.75052
3.74124
3.729
3.69116
3.56806
3.47605
3.55692
3.71249
3.8694
3.96553
3.99175
3.99038
3.98612
3.96396
3.9228
3.84648
3.7108
3.57502
3.50075
3.43228
3.36538
3.35496
3.35881
3.34158
3.31729
3.30732
3.3062
3.30644
3.30342
3.29793
3.29573
3.29805
3.30273
3.30753
3.30856
3.30881
3.30946
3.31033
3.3125
3.3138
3.31523
3.31688
3.31899
3.32008
3.31883
3.31697
3.31423
3.3145
3.31533
3.31864
3.32256
3.32519
3.32652
3.32531
3.32365
3.32381
3.32376
3.32579
3.32881
3.33257
3.33653
3.34067
3.34558
3.35196
3.36083
3.3731
3.38875
3.40541
3.42097
3.43488
3.44721
3.45943
3.47176
3.48334
3.49892
4.04658
4.03992
4.03298
4.02688
4.02113
4.01169
4.00174
3.97259
3.88315
3.70509
3.70095
3.77152
3.8606
3.96356
4.02653
4.03908
4.04437
4.05477
4.06059
4.05524
4.03053
3.95162
3.79556
3.6167
3.47667
3.39557
3.37811
3.36708
3.33915
3.31505
3.3094
3.3135
3.31169
3.30362
3.29632
3.29708
3.30177
3.3069
3.31275
3.31646
3.31596
3.31664
3.31658
3.31717
3.31834
3.32031
3.32296
3.32612
3.3288
3.33035
3.3304
3.32949
3.33009
3.33231
3.33655
3.34119
3.3456
3.34679
3.34655
3.34581
3.34742
3.34843
3.35109
3.35512
3.36054
3.36613
3.37125
3.37751
3.3867
3.39968
3.41648
3.43653
3.45745
3.47411
3.49066
3.50654
3.5227
3.54045
3.55859
3.58324
4.3162
4.30957
4.30263
4.29723
4.28881
4.27833
4.24985
4.16484
3.99416
3.84865
3.86753
3.90268
3.95866
4.01314
4.03173
4.04196
4.0544
4.06068
4.06464
4.07068
4.07019
4.06216
4.02788
3.90225
3.68158
3.49892
3.4046
3.35343
3.32557
3.31856
3.31777
3.31792
3.30718
3.29181
3.29205
3.29699
3.30377
3.30891
3.31527
3.31705
3.31703
3.31807
3.31859
3.31928
3.32087
3.3221
3.32452
3.32689
3.32903
3.3313
3.33368
3.33615
3.33872
3.34227
3.34701
3.35094
3.35583
3.35674
3.35752
3.35795
3.35895
3.36086
3.36349
3.36826
3.37485
3.38071
3.38602
3.3926
3.40299
3.41877
3.43863
3.46066
3.48348
3.50594
3.52461
3.54485
3.56653
3.58961
3.61314
3.64284
4.55245
4.54648
4.54094
4.53448
4.52219
4.48886
4.40059
4.22494
4.04298
3.94777
3.95765
3.98264
4.00546
4.01443
4.02256
4.03071
4.03894
4.04459
4.05138
4.0563
4.05976
4.06225
4.05971
4.04776
3.98708
3.79518
3.56118
3.4157
3.33807
3.3394
3.32907
3.31805
3.30079
3.28423
3.28833
3.29582
3.29918
3.30331
3.30973
3.31197
3.31316
3.31455
3.31697
3.31885
3.32095
3.32241
3.32543
3.32815
3.33015
3.33215
3.33481
3.33875
3.34283
3.34759
3.35195
3.35533
3.35925
3.36111
3.36272
3.36411
3.36558
3.36803
3.37329
3.38206
3.39108
3.39784
3.40386
3.41157
3.42386
3.44181
3.46257
3.48325
3.50322
3.52257
3.54222
3.56335
3.58532
3.61496
3.64119
3.67978
4.72446
4.71891
4.71242
4.69654
4.65732
4.56893
4.39439
4.17853
4.01998
3.99628
4.00553
4.0103
4.0033
4.00285
4.00411
4.01037
4.02006
4.02524
4.02733
4.02999
4.03363
4.03891
4.04611
4.04897
4.04523
4.0212
3.89742
3.67572
3.48215
3.37598
3.33619
3.30448
3.29414
3.29091
3.29568
3.29387
3.28783
3.29365
3.29938
3.30344
3.30676
3.30923
3.31288
3.3155
3.31835
3.32119
3.32593
3.32764
3.32946
3.33145
3.33472
3.33947
3.34573
3.35006
3.35438
3.35582
3.35829
3.36162
3.3636
3.36629
3.36896
3.37456
3.38425
3.39458
3.40343
3.41112
3.4189
3.42894
3.44294
3.46138
3.48399
3.50527
3.51996
3.53928
3.5582
3.57739
3.59971
3.62589
3.65416
3.69429
4.82814
4.81916
4.79909
4.75606
4.66105
4.46559
4.24183
4.08825
4.01878
4.02029
4.01031
3.99252
3.98697
3.98761
3.99411
4.00093
4.0032
4.00346
4.00367
4.00519
4.00919
4.01596
4.02265
4.02768
4.03246
4.0306
4.02051
3.97442
3.82179
3.57988
3.40755
3.33622
3.3087
3.31207
3.31051
3.29505
3.28542
3.29002
3.29435
3.29676
3.3018
3.30427
3.30839
3.31236
3.31682
3.32177
3.32775
3.32893
3.3304
3.33289
3.33601
3.34201
3.34731
3.35182
3.35347
3.35379
3.35664
3.35914
3.36232
3.3663
3.37274
3.3825
3.39376
3.40342
3.41208
3.42115
3.43133
3.44417
3.46045
3.47899
3.49862
3.51744
3.53331
3.54818
3.56845
3.58927
3.61194
3.64238
3.6703
3.70794
4.87463
4.85139
4.7989
4.67577
4.45568
4.26671
4.09991
4.04691
4.02071
3.99389
3.98486
3.98261
3.9825
3.98338
3.98809
3.98884
3.98617
3.98501
3.98567
3.98841
3.99341
3.99771
4.00032
4.00271
4.00567
4.01135
4.0176
4.01529
4.00136
3.92121
3.71181
3.51187
3.3967
3.35945
3.3312
3.29541
3.29192
3.29627
3.29708
3.29868
3.30181
3.3048
3.3088
3.31314
3.31928
3.32601
3.33
3.33124
3.3333
3.33518
3.33941
3.34455
3.34843
3.3508
3.35057
3.35143
3.35609
3.35818
3.36214
3.36899
3.37914
3.3908
3.40112
3.41085
3.42061
3.4309
3.44291
3.45777
3.47562
3.49494
3.51369
3.52998
3.54528
3.55981
3.57582
3.59719
3.62352
3.649
3.67721
3.72187
4.8661
4.79094
4.60999
4.40886
4.21616
4.10768
4.04255
4.00177
3.98853
3.98359
3.98214
3.98304
3.98286
3.97977
3.9763
3.97447
3.97357
3.97439
3.97668
3.97962
3.98163
3.98268
3.98376
3.98526
3.98803
3.99239
3.99786
4.00382
4.00488
4.00051
3.97427
3.87251
3.6768
3.49853
3.38684
3.33215
3.31698
3.31022
3.30423
3.30448
3.3091
3.31356
3.31233
3.31521
3.32237
3.32821
3.32906
3.33177
3.33426
3.3382
3.34253
3.34493
3.34776
3.34756
3.34788
3.35158
3.3551
3.35834
3.36543
3.3761
3.3873
3.39804
3.40733
3.41644
3.42698
3.43953
3.45502
3.47252
3.49147
3.50994
3.52546
3.53777
3.5509
3.56544
3.58364
3.60731
3.63442
3.66421
3.68841
3.72446
4.69775
4.51623
4.31406
4.16146
4.07498
4.0249
4.00263
3.99493
3.99017
3.98233
3.97505
3.97232
3.96987
3.96811
3.96753
3.96811
3.96935
3.97015
3.9709
3.97151
3.97178
3.97252
3.97366
3.97562
3.97816
3.98038
3.98279
3.986
3.99083
3.99725
3.99672
3.99074
3.9593
3.8378
3.63602
3.49938
3.395
3.3568
3.3068
3.31962
3.32678
3.31889
3.30956
3.31482
3.32269
3.3248
3.32557
3.3296
3.33376
3.33994
3.3427
3.34379
3.34367
3.34317
3.34806
3.35056
3.35492
3.36293
3.37438
3.3862
3.39567
3.40415
3.41148
3.41944
3.43018
3.4456
3.46613
3.48708
3.50725
3.52531
3.53899
3.54933
3.56077
3.57546
3.59468
3.61745
3.64334
3.66936
3.69092
3.72971
4.3647
4.21332
4.12
4.04421
4.01526
4.00144
3.98331
3.97733
3.97286
3.96871
3.96634
3.96514
3.96364
3.96294
3.96359
3.96466
3.96565
3.96596
3.96574
3.96557
3.966
3.96694
3.96831
3.9697
3.97084
3.97208
3.97395
3.97677
3.98067
3.98512
3.98947
3.99427
3.99344
3.98543
3.94734
3.83953
3.66738
3.50174
3.40086
3.35368
3.34567
3.30896
3.30677
3.31731
3.32204
3.31814
3.31947
3.32462
3.33251
3.33637
3.33614
3.33623
3.33841
3.34178
3.34656
3.35221
3.36091
3.37379
3.38562
3.39433
3.40251
3.40953
3.41656
3.42535
3.438
3.4554
3.47646
3.49749
3.51821
3.53405
3.5462
3.55726
3.57118
3.58921
3.61096
3.63443
3.65895
3.68072
3.69957
3.73574
4.13168
4.07679
4.02661
3.99815
3.98011
3.97361
3.97068
3.9675
3.96454
3.96152
3.95958
3.96001
3.95923
3.9595
3.96067
3.96159
3.96191
3.96187
3.9619
3.96216
3.96268
3.96347
3.96448
3.96535
3.96614
3.96733
3.96945
3.97238
3.97542
3.97834
3.98158
3.9855
3.98963
3.99343
3.99223
3.98445
3.95336
3.84405
3.68333
3.52317
3.41707
3.35876
3.34447
3.33195
3.33002
3.3215
3.32215
3.32842
3.33173
3.33082
3.32976
3.33284
3.33653
3.34191
3.3502
3.3611
3.37205
3.38304
3.39255
3.39893
3.40661
3.41284
3.41988
3.43077
3.44669
3.46768
3.49231
3.51451
3.53288
3.54708
3.55941
3.57299
3.59057
3.61083
3.6334
3.65379
3.67369
3.69307
3.71112
3.74526
4.01982
3.9985
3.98697
3.98223
3.97635
3.96464
3.95941
3.95764
3.95664
3.9571
3.95712
3.95713
3.95725
3.95697
3.95739
3.95791
3.95827
3.95859
3.95895
3.95945
3.96007
3.9606
3.96113
3.96189
3.963
3.96457
3.96678
3.96928
3.97187
3.97455
3.97741
3.9805
3.98406
3.98785
3.99095
3.99366
3.99266
3.98566
3.96087
3.88093
3.7275
3.59207
3.48296
3.40493
3.3423
3.32843
3.33918
3.33736
3.33557
3.33272
3.33371
3.3361
3.34073
3.3498
3.36398
3.37373
3.37999
3.38614
3.39381
3.40158
3.41016
3.41932
3.43169
3.45012
3.47386
3.49625
3.51322
3.52784
3.54305
3.55802
3.57436
3.59312
3.61505
3.63782
3.65992
3.67535
3.69044
3.70695
3.72406
3.75885
3.99334
3.97332
3.96328
3.96089
3.95864
3.95665
3.9552
3.95404
3.95354
3.95473
3.95548
3.95556
3.95573
3.95579
3.95594
3.95613
3.9563
3.9565
3.95672
3.95708
3.95762
3.95831
3.95913
3.96002
3.96118
3.96271
3.96453
3.96677
3.96946
3.97224
3.9749
3.97752
3.98034
3.98333
3.98652
3.98948
3.99201
3.99425
3.99378
3.98922
3.97267
3.92784
3.82422
3.67612
3.53945
3.45354
3.40107
3.37072
3.33924
3.33823
3.34499
3.3481
3.35379
3.36172
3.37508
3.37786
3.38214
3.3871
3.39445
3.40381
3.41505
3.43082
3.45415
3.48262
3.508
3.53008
3.544
3.55519
3.56806
3.58394
3.60477
3.62734
3.64995
3.67002
3.68682
3.6993
3.71136
3.72485
3.74192
3.77366
3.96302
3.95932
3.95864
3.95605
3.95238
3.95217
3.95235
3.953
3.95426
3.95461
3.95459
3.9544
3.95435
3.9544
3.95458
3.95487
3.9552
3.95527
3.95527
3.95559
3.95611
3.95683
3.9578
3.95882
3.95991
3.96131
3.96314
3.96547
3.96789
3.97039
3.97278
3.97517
3.97767
3.98027
3.98287
3.98528
3.9878
3.99048
3.99293
3.99475
3.99552
3.99352
3.98588
3.96207
3.90261
3.78904
3.66576
3.52177
3.45561
3.41058
3.3837
3.3767
3.37432
3.37599
3.37278
3.37965
3.38325
3.39082
3.40153
3.41793
3.44217
3.46981
3.49794
3.5248
3.54356
3.55828
3.5714
3.58389
3.59957
3.6189
3.64112
3.66328
3.68312
3.6966
3.71103
3.72095
3.73377
3.74978
3.76829
3.79547
3.95405
3.95203
3.95194
3.95154
3.95172
3.95197
3.95232
3.95266
3.95318
3.95368
3.95379
3.95362
3.95347
3.95334
3.95339
3.95358
3.95382
3.95408
3.95436
3.95469
3.95523
3.95596
3.95687
3.95785
3.95885
3.96014
3.96198
3.9643
3.96673
3.96892
3.97102
3.97315
3.97535
3.9777
3.98019
3.98269
3.98491
3.98712
3.98949
3.99196
3.9939
3.99562
3.99739
3.99657
3.99348
3.9836
3.95885
3.88756
3.78812
3.67206
3.57716
3.49018
3.44271
3.41844
3.38801
3.4006
3.40641
3.41798
3.43637
3.45967
3.48644
3.5127
3.53046
3.54878
3.56576
3.58308
3.59935
3.6152
3.63666
3.65799
3.6768
3.69507
3.71061
3.72299
3.73366
3.74523
3.76059
3.77784
3.79488
3.81645
3.95253
3.95135
3.95145
3.95155
3.95249
3.95296
3.95313
3.95315
3.95273
3.95264
3.95263
3.95254
3.95238
3.95225
3.95217
3.95232
3.95268
3.95309
3.95349
3.95388
3.95436
3.95501
3.95583
3.95678
3.95792
3.95939
3.96114
3.96306
3.96505
3.96698
3.96886
3.97081
3.97284
3.97502
3.97732
3.97973
3.98218
3.9846
3.98693
3.98922
3.9913
3.99329
3.9949
3.99674
3.99869
4.00019
4.00229
4.00082
3.99478
3.97626
3.93162
3.84114
3.72587
3.64098
3.55667
3.5339
3.51136
3.51299
3.52161
3.5232
3.52938
3.54112
3.55263
3.56384
3.58526
3.61059
3.63491
3.65737
3.67334
3.68751
3.69522
3.70617
3.71673
3.72921
3.7479
3.76994
3.79152
3.81007
3.82104
3.83995
3.95152
3.95081
3.95039
3.95071
3.95085
3.95085
3.95102
3.95115
3.95114
3.95103
3.9509
3.95073
3.95057
3.95047
3.9506
3.95099
3.9514
3.95179
3.95213
3.95255
3.95318
3.95395
3.95478
3.95568
3.95674
3.95812
3.95986
3.96181
3.96366
3.96528
3.96683
3.96849
3.97035
3.97235
3.97454
3.97695
3.97943
3.9819
3.98426
3.98652
3.98866
3.99076
3.99308
3.99595
3.99901
4.00289
4.00772
4.01393
4.02042
4.03049
4.03848
4.04826
4.03821
4.01793
3.96
3.88321
3.79567
3.7122
3.66614
3.6237
3.60731
3.59345
3.59714
3.60565
3.61808
3.64251
3.67537
3.6925
3.70225
3.71075
3.72047
3.73744
3.75126
3.768
3.78495
3.79894
3.80964
3.82047
3.83828
3.86445
3.94968
3.94975
3.94999
3.95006
3.94977
3.94936
3.94907
3.94877
3.94857
3.94851
3.94833
3.94811
3.948
3.94802
3.94822
3.94862
3.94913
3.94965
3.95017
3.95077
3.95157
3.95235
3.95307
3.95393
3.95508
3.95659
3.95843
3.9605
3.96239
3.96378
3.96504
3.96638
3.96793
3.96981
3.97208
3.97462
3.97722
3.97976
3.98214
3.9844
3.98675
3.98937
3.99245
3.99609
4.00053
4.0063
4.01471
4.0243
4.03775
4.05607
4.07358
4.09793
4.12581
4.14059
4.16794
4.17913
4.16057
4.11331
4.03312
3.94663
3.83985
3.77849
3.75656
3.73245
3.72218
3.72312
3.71826
3.72085
3.72638
3.74185
3.76543
3.78425
3.80667
3.83169
3.84641
3.85033
3.85597
3.85856
3.86708
3.88567
3.94667
3.9472
3.94732
3.94725
3.9469
3.94641
3.94597
3.94558
3.94521
3.94489
3.94484
3.94492
3.945
3.94511
3.94533
3.94567
3.94616
3.94679
3.94749
3.94825
3.94915
3.95002
3.95085
3.95178
3.95299
3.95461
3.95651
3.95842
3.96011
3.96159
3.96305
3.96456
3.96613
3.96791
3.97001
3.97226
3.97466
3.97722
3.97992
3.98282
3.98604
3.98949
3.99371
3.99923
4.00617
4.01605
4.02918
4.0441
4.06549
4.08905
4.11222
4.14694
4.17522
4.20137
4.24067
4.26746
4.28428
4.31525
4.31407
4.30137
4.25198
4.16583
4.05937
3.95352
3.88223
3.81574
3.79018
3.78992
3.80311
3.81904
3.83246
3.84274
3.85392
3.86839
3.88283
3.89446
3.90011
3.90978
3.91669
3.92794
3.94288
3.94284
3.94263
3.94228
3.94178
3.94145
3.94126
3.94109
3.94105
3.94112
3.94113
3.94113
3.94126
3.94169
3.9423
3.94296
3.94361
3.94422
3.94485
3.94562
3.94665
3.94778
3.94884
3.94996
3.95129
3.95289
3.95456
3.95637
3.95825
3.95996
3.96148
3.96283
3.96412
3.9656
3.96731
3.96947
3.97204
3.97514
3.97871
3.98261
3.9869
3.99195
3.99876
4.00762
4.01931
4.03595
4.05477
4.07745
4.10747
4.13287
4.16342
4.20177
4.22716
4.25819
4.29852
4.3219
4.34788
4.38669
4.40728
4.42138
4.44704
4.43679
4.41528
4.34861
4.24575
4.09964
4.00112
3.9283
3.88988
3.8729
3.87063
3.86832
3.87414
3.87992
3.89254
3.91644
3.93565
3.9483
3.95913
3.97119
3.9383
3.93826
3.93829
3.93828
3.93817
3.93783
3.93757
3.93744
3.93747
3.93745
3.93748
3.93754
3.93788
3.93849
3.93927
3.94002
3.94071
3.94135
3.94198
3.94271
3.94365
3.94472
3.94581
3.94703
3.94848
3.95021
3.95195
3.95357
3.9552
3.95689
3.95865
3.96043
3.96213
3.96368
3.9654
3.9677
3.97083
3.97464
3.97905
3.98432
3.99095
3.99965
4.01117
4.02574
4.0453
4.06867
4.09402
4.12684
4.15799
4.18612
4.22529
4.25764
4.28204
4.3189
4.35429
4.37391
4.40379
4.43946
4.45932
4.48051
4.51441
4.52967
4.54011
4.54566
4.53714
4.49646
4.40855
4.27545
4.13239
4.03169
3.96483
3.94904
3.92964
3.92987
3.92864
3.93586
3.94693
3.95597
3.97123
3.99646
3.93531
3.93532
3.93522
3.93501
3.9348
3.93464
3.93454
3.93434
3.93428
3.93439
3.93448
3.93466
3.93503
3.93557
3.93619
3.93685
3.9376
3.93832
3.93901
3.93976
3.94071
3.94172
3.94265
3.94361
3.94473
3.94618
3.94797
3.9499
3.95176
3.9535
3.95524
3.9571
3.95902
3.96115
3.96365
3.96693
3.97103
3.97609
3.98239
3.9907
4.00216
4.01701
4.0354
4.05907
4.08648
4.11448
4.1491
4.18557
4.2133
4.24852
4.28892
4.31217
4.34016
4.38249
4.40551
4.42584
4.4601
4.48841
4.50564
4.53082
4.56011
4.57693
4.59647
4.61789
4.63279
4.6393
4.63306
4.61007
4.54175
4.40734
4.25447
4.14288
4.03514
3.99492
3.96017
3.9639
3.9716
3.98471
3.99948
4.01654
3.93263
3.93263
3.93254
3.93233
3.93197
3.93175
3.93167
3.93163
3.93158
3.93162
3.93185
3.93223
3.93286
3.9336
3.9343
3.93478
3.93517
3.93567
3.93622
3.93689
3.93774
3.93853
3.93928
3.94022
3.94146
3.94291
3.94458
3.94638
3.94826
3.95004
3.9518
3.95394
3.95623
3.95908
3.96313
3.96802
3.97401
3.98198
3.99261
4.0074
4.02667
4.04868
4.07649
4.10869
4.13841
4.17375
4.21455
4.2439
4.27481
4.31708
4.34568
4.36777
4.40386
4.4381
4.45466
4.47905
4.5153
4.53246
4.55068
4.58033
4.6009
4.61823
4.63645
4.66272
4.67567
4.69116
4.70871
4.71564
4.714
4.69845
4.64509
4.52602
4.37052
4.1976
4.09216
4.03999
4.01636
4.01065
4.00823
4.01546
3.93063
3.93046
3.93024
3.92997
3.92966
3.92937
3.92919
3.92909
3.92912
3.92939
3.92968
3.9302
3.93063
3.9313
3.9321
3.93289
3.93348
3.93375
3.93405
3.93446
3.93505
3.93575
3.93661
3.93759
3.93868
3.93989
3.94135
3.94288
3.94469
3.94681
3.94917
3.95203
3.95611
3.96101
3.96676
3.97423
3.9847
3.99857
4.01693
4.04115
4.0671
4.09763
4.13551
4.16791
4.2015
4.2453
4.27845
4.30502
4.34374
4.38029
4.4001
4.42694
4.46604
4.486
4.50351
4.53484
4.56103
4.57445
4.59701
4.62376
4.63876
4.65614
4.67821
4.6964
4.70905
4.73016
4.74333
4.75707
4.77422
4.777
4.77997
4.76993
4.72715
4.60677
4.44303
4.27505
4.15804
4.08519
4.04345
4.03
3.92833
3.92812
3.92793
3.92769
3.92745
3.92721
3.92703
3.92706
3.92721
3.92739
3.92778
3.92833
3.92904
3.92967
3.93026
3.93085
3.93139
3.93184
3.93224
3.93254
3.93292
3.9335
3.93424
3.9351
3.93611
3.93746
3.93912
3.94106
3.94344
3.94619
3.94946
3.95367
3.95942
3.96721
3.97757
3.99176
4.00957
4.03118
4.06019
4.09155
4.12365
4.16574
4.20375
4.23421
4.27585
4.31636
4.34032
4.37141
4.41332
4.43555
4.45554
4.48933
4.51763
4.53186
4.55412
4.58551
4.60022
4.61571
4.64178
4.6596
4.67482
4.69316
4.71053
4.72717
4.74294
4.75874
4.77053
4.7876
4.79951
4.8101
4.82664
4.83202
4.83118
4.82407
4.78764
4.68395
4.51559
4.32512
4.19415
4.08492
3.92636
3.92618
3.92597
3.9257
3.92547
3.92535
3.92534
3.92546
3.92571
3.92598
3.92629
3.92676
3.92731
3.92789
3.92848
3.92901
3.92948
3.9299
3.93029
3.93064
3.93106
3.93172
3.93247
3.93341
3.93458
3.93607
3.938
3.94057
3.94362
3.94744
3.95269
3.96035
3.97105
3.98467
4.003
4.02627
4.05174
4.08538
4.12442
4.1573
4.19808
4.24378
4.27326
4.30741
4.35366
4.38045
4.4039
4.44189
4.47252
4.48862
4.51317
4.54689
4.56211
4.57753
4.605
4.62589
4.63771
4.65707
4.67928
4.69252
4.7072
4.72496
4.74166
4.75391
4.76738
4.78254
4.79449
4.80791
4.8169
4.83086
4.84401
4.85363
4.86068
4.87231
4.87013
4.85911
4.82378
4.72422
4.5638
4.26749
3.92427
3.92419
3.92402
3.92382
3.92371
3.9237
3.92382
3.92405
3.92436
3.92472
3.92516
3.92569
3.92617
3.92658
3.92699
3.92748
3.92794
3.92833
3.92872
3.92917
3.92968
3.93035
3.93131
3.93249
3.93417
3.93638
3.93917
3.94278
3.94778
3.95472
3.96446
3.97859
3.99642
4.01946
4.05103
4.08256
4.11797
4.16437
4.19975
4.23463
4.28401
4.31815
4.34462
4.38574
4.42262
4.44191
4.46908
4.50661
4.52391
4.54078
4.57052
4.5923
4.60397
4.62318
4.64856
4.66006
4.67376
4.69576
4.70901
4.72126
4.73772
4.75068
4.76294
4.77549
4.78944
4.79964
4.81116
4.82253
4.83114
4.84232
4.85208
4.86292
4.87403
4.88143
4.88591
4.89458
4.89315
4.88196
4.84874
4.64234
3.92228
3.92225
3.9222
3.92217
3.92227
3.92248
3.92277
3.92309
3.92343
3.92378
3.9241
3.92456
3.92509
3.92551
3.92593
3.92635
3.92677
3.92718
3.92764
3.92817
3.9288
3.92963
3.9309
3.93262
3.9349
3.93815
3.9429
3.94999
3.96007
3.9733
3.99245
4.01744
4.04543
4.08385
4.12482
4.15965
4.20628
4.25028
4.27991
4.32126
4.36584
4.38837
4.41731
4.46027
4.48162
4.50039
4.53264
4.55836
4.57105
4.59119
4.61815
4.63049
4.64379
4.66536
4.68056
4.69153
4.70814
4.72341
4.73341
4.74685
4.75929
4.76935
4.78161
4.79213
4.80218
4.81116
4.82215
4.83212
4.841
4.84929
4.85691
4.86555
4.87397
4.88188
4.88961
4.89755
4.90297
4.90604
4.90583
4.87273
3.92103
3.92102
3.92103
3.92109
3.92126
3.92155
3.92195
3.92238
3.92272
3.92329
3.92384
3.92422
3.92463
3.92486
3.92505
3.92535
3.92564
3.92587
3.92625
3.92695
3.92793
3.92946
3.93161
3.93459
3.93902
3.94557
3.95546
3.97039
3.98924
4.01451
4.04926
4.08339
4.1235
4.17457
4.21167
4.25037
4.30254
4.33329
4.36203
4.40758
4.43572
4.45536
4.48824
4.51939
4.53418
4.55524
4.5868
4.60046
4.61372
4.63724
4.65452
4.66463
4.68016
4.69801
4.7079
4.7196
4.73435
4.74388
4.75408
4.76609
4.77509
4.78406
4.7931
4.80204
4.81158
4.81986
4.82779
4.83546
4.84251
4.85034
4.85783
4.86428
4.87065
4.87831
4.8863
4.89379
4.90033
4.90572
4.91323
4.91147
3.9206
3.92071
3.92081
3.92094
3.92117
3.92147
3.92179
3.92215
3.92244
3.92269
3.92287
3.92287
3.92306
3.92331
3.9235
3.92368
3.92402
3.92443
3.92506
3.92611
3.92802
3.93111
3.93557
3.94228
3.95234
3.96619
3.98741
4.01515
4.04671
4.09134
4.13452
4.17379
4.22613
4.27012
4.30244
4.3482
4.38836
4.40988
4.44044
4.48072
4.49678
4.51577
4.54793
4.56652
4.58096
4.60465
4.62592
4.63657
4.65266
4.67377
4.68359
4.69499
4.7114
4.72182
4.73087
4.74273
4.75276
4.76076
4.77008
4.77862
4.7859
4.7933
4.80169
4.81016
4.81658
4.82251
4.8297
4.83682
4.8433
4.84971
4.85601
4.86204
4.86796
4.87423
4.88174
4.88867
4.89511
4.90142
4.90689
4.91338
3.91983
3.91989
3.91997
3.92008
3.92023
3.92044
3.92073
3.92095
3.92109
3.92122
3.92146
3.92161
3.9217
3.9219
3.92212
3.92243
3.92298
3.9238
3.9251
3.92759
3.93211
3.9391
3.9495
3.96556
3.98623
4.01481
4.05451
4.09402
4.14195
4.19513
4.23425
4.27906
4.33004
4.35652
4.39306
4.43845
4.45841
4.47757
4.51129
4.5366
4.54833
4.56823
4.5947
4.60684
4.62184
4.64466
4.65777
4.66934
4.6877
4.70035
4.70941
4.72248
4.73379
4.74125
4.75066
4.75989
4.76682
4.77422
4.78144
4.78819
4.79446
4.79989
4.80593
4.81217
4.81706
4.82232
4.82854
4.83438
4.8402
4.8464
4.8526
4.85843
4.86448
4.87085
4.8774
4.88365
4.88956
4.89586
4.90134
4.90927
3.91924
3.91921
3.91921
3.91928
3.91938
3.91944
3.91946
3.91946
3.9196
3.91981
3.92
3.92007
3.9201
3.92025
3.92068
3.92152
3.9227
3.92496
3.92928
3.93653
3.94801
3.9646
3.98897
4.02078
4.0584
4.10527
4.15932
4.20367
4.25585
4.30059
4.34036
4.38362
4.4115
4.44069
4.47982
4.50337
4.51607
4.53862
4.56934
4.58117
4.59184
4.61436
4.63146
4.64281
4.65968
4.67702
4.68697
4.69983
4.71495
4.72292
4.73251
4.74344
4.7498
4.75642
4.76454
4.77046
4.77568
4.78175
4.78812
4.7936
4.79785
4.80221
4.80801
4.81327
4.81767
4.8222
4.82721
4.83159
4.83623
4.84144
4.84737
4.85349
4.85988
4.86649
4.87323
4.87975
4.886
4.89249
4.8979
4.90575
3.91853
3.91825
3.91799
3.91789
3.91788
3.9179
3.918
3.91821
3.91848
3.91867
3.91876
3.91874
3.91887
3.91925
3.92027
3.92246
3.92678
3.93407
3.94587
3.96434
3.98969
4.02577
4.06965
4.11227
4.17405
4.22402
4.26488
4.32
4.37107
4.39919
4.42408
4.46017
4.49365
4.51713
4.53757
4.5497
4.56765
4.59578
4.61029
4.61685
4.62979
4.65195
4.66367
4.67476
4.69062
4.70197
4.71132
4.7244
4.73282
4.7394
4.74852
4.75474
4.75947
4.76598
4.7715
4.77605
4.78099
4.78602
4.79147
4.79539
4.79885
4.80326
4.80848
4.81278
4.81698
4.82136
4.82512
4.82863
4.8327
4.8374
4.84316
4.84922
4.85542
4.862
4.86906
4.87602
4.88243
4.88896
4.89424
4.90187
3.91709
3.91678
3.91655
3.91641
3.91636
3.91639
3.91648
3.91661
3.91677
3.91691
3.91702
3.91725
3.9179
3.91952
3.92306
3.92962
3.94101
3.95989
3.98652
4.02502
4.07273
4.11912
4.17824
4.23991
4.28083
4.32775
4.38021
4.42994
4.44767
4.46449
4.50383
4.5424
4.55666
4.56512
4.57243
4.59264
4.62077
4.63501
4.63836
4.64416
4.66212
4.67982
4.68682
4.69586
4.70852
4.71616
4.7252
4.73521
4.74084
4.74726
4.75466
4.75913
4.76394
4.76972
4.77416
4.7783
4.7828
4.7874
4.79148
4.79471
4.79809
4.80238
4.80672
4.81017
4.81377
4.81753
4.82135
4.82512
4.82907
4.83351
4.83913
4.84531
4.8516
4.85846
4.86564
4.87268
4.87883
4.88544
4.89046
4.89734
3.91614
3.91594
3.9158
3.91563
3.91553
3.91548
3.91546
3.91536
3.91516
3.91496
3.91511
3.91575
3.91776
3.92263
3.9323
3.95018
3.97704
4.01639
4.06775
4.11873
4.17797
4.24728
4.28959
4.33872
4.38859
4.44256
4.47005
4.48092
4.50355
4.54176
4.57251
4.58503
4.58945
4.59299
4.61207
4.63855
4.65142
4.65534
4.65628
4.66748
4.68713
4.69326
4.6972
4.70609
4.71518
4.72244
4.73072
4.73742
4.74282
4.74948
4.75493
4.75929
4.76452
4.76981
4.77397
4.77795
4.78201
4.78562
4.78853
4.79121
4.79434
4.79795
4.80152
4.80477
4.80839
4.81246
4.81652
4.82043
4.82442
4.82859
4.83393
4.84007
4.84614
4.85286
4.85979
4.86653
4.87253
4.87898
4.88404
4.89047
3.91542
3.91524
3.915
3.91471
3.91446
3.91429
3.91423
3.91411
3.91374
3.91368
3.91446
3.91733
3.92434
3.93929
3.96429
4.00224
4.05585
4.11108
4.17076
4.24658
4.2954
4.34523
4.39268
4.44987
4.48207
4.49441
4.51113
4.5386
4.5681
4.58618
4.59576
4.59761
4.60433
4.6235
4.6454
4.65544
4.65884
4.66101
4.66856
4.68488
4.69264
4.69436
4.69863
4.70752
4.7144
4.72032
4.72631
4.7317
4.73729
4.74305
4.74762
4.75206
4.75728
4.76236
4.76671
4.7706
4.77409
4.77704
4.77939
4.78189
4.78501
4.78858
4.792
4.79518
4.79882
4.8031
4.80756
4.81172
4.8155
4.81894
4.82375
4.83022
4.83641
4.84293
4.84964
4.85619
4.8624
4.86874
4.8739
4.88072
3.91554
3.91533
3.91503
3.9146
3.91411
3.91353
3.91302
3.91247
3.91203
3.91317
3.91712
3.92746
3.94808
3.98177
4.03415
4.0937
4.15688
4.23563
4.29077
4.34169
4.38929
4.44637
4.47959
4.49583
4.50837
4.5267
4.55212
4.57499
4.5851
4.58923
4.59197
4.60277
4.6211
4.63822
4.64649
4.65027
4.65252
4.65852
4.6705
4.67982
4.68207
4.68501
4.69071
4.69781
4.70237
4.70691
4.71247
4.71831
4.7239
4.72912
4.73307
4.73696
4.74138
4.74559
4.7495
4.75339
4.75693
4.75957
4.7616
4.76399
4.76714
4.77088
4.77476
4.7783
4.78197
4.78611
4.79052
4.79482
4.79902
4.80292
4.80742
4.81429
4.82051
4.82683
4.8331
4.8398
4.84654
4.85333
4.85876
4.86561
3.91617
3.91574
3.91531
3.91485
3.91415
3.91295
3.91142
3.90964
3.91055
3.9155
3.92927
3.95542
4.00248
4.06298
4.12739
4.2113
4.2764
4.32405
4.36785
4.42656
4.46392
4.47761
4.48744
4.50776
4.52683
4.54335
4.55638
4.56625
4.571
4.57417
4.58489
4.60171
4.61584
4.62371
4.6271
4.62822
4.63156
4.64066
4.6499
4.65354
4.6564
4.66062
4.66722
4.67311
4.67698
4.68135
4.68693
4.69235
4.6974
4.70174
4.70528
4.70889
4.71202
4.71462
4.71749
4.72095
4.72458
4.72784
4.73055
4.73309
4.73597
4.73974
4.74426
4.7489
4.75336
4.75777
4.76216
4.76644
4.77108
4.7754
4.78103
4.78711
4.79271
4.79886
4.80455
4.81081
4.81776
4.8246
4.82981
4.83673
3.91672
3.91575
3.91486
3.91421
3.91233
3.90971
3.90574
3.90549
3.91098
3.92706
3.96239
4.01826
4.08408
4.16768
4.23782
4.28878
4.33776
4.39239
4.42709
4.43973
4.45202
4.47411
4.49172
4.50253
4.50839
4.52214
4.53423
4.53922
4.54306
4.55033
4.56352
4.5769
4.5842
4.58744
4.58874
4.58946
4.59448
4.60204
4.6074
4.6103
4.61388
4.61917
4.62571
4.6304
4.63394
4.63849
4.64347
4.64715
4.65053
4.6539
4.65756
4.6616
4.66496
4.66739
4.66924
4.67122
4.67376
4.67667
4.68018
4.68386
4.68725
4.69091
4.6954
4.70078
4.70657
4.71239
4.71761
4.72161
4.72596
4.73087
4.73687
4.74305
4.74858
4.75419
4.7596
4.76561
4.77205
4.77849
4.7832
4.78996
3.91676
3.91523
3.91379
3.91142
3.90736
3.90177
3.89827
3.90334
3.92186
3.96358
4.02052
4.10025
4.18115
4.23099
4.27699
4.34052
4.37947
4.38829
4.40234
4.42735
4.43727
4.4435
4.45024
4.46237
4.46962
4.47611
4.48437
4.49029
4.4957
4.50487
4.51668
4.52325
4.52483
4.52545
4.52573
4.52874
4.53459
4.54035
4.54369
4.54625
4.5494
4.55392
4.55847
4.56202
4.56623
4.57163
4.57617
4.579
4.58093
4.583
4.58562
4.5889
4.59229
4.59493
4.59688
4.59786
4.59878
4.60064
4.6036
4.60799
4.61316
4.61875
4.62399
4.6296
4.63593
4.64277
4.6491
4.65419
4.65887
4.66382
4.66933
4.67485
4.68018
4.68532
4.69029
4.69556
4.70104
4.70616
4.71
4.71621
3.91536
3.91293
3.91031
3.90411
3.89529
3.88582
3.88873
3.9073
3.94737
4.01347
4.08788
4.14883
4.20874
4.26497
4.29895
4.31635
4.33575
4.35713
4.36631
4.36818
4.37087
4.38103
4.39097
4.39647
4.39928
4.40665
4.41432
4.41693
4.42122
4.42877
4.43491
4.43716
4.43874
4.43898
4.44028
4.44432
4.44849
4.45166
4.45394
4.45586
4.45851
4.4619
4.46472
4.46733
4.47172
4.47746
4.4819
4.48457
4.48624
4.48674
4.48684
4.48742
4.48894
4.49122
4.49342
4.49504
4.49654
4.49837
4.50069
4.50448
4.51061
4.51766
4.52425
4.5309
4.53791
4.54517
4.55192
4.55762
4.56296
4.56797
4.57247
4.57671
4.58087
4.58489
4.58876
4.59281
4.59647
4.5999
4.60278
4.60828
3.91015
3.90627
3.89847
3.88593
3.86647
3.86227
3.87626
3.91205
3.97735
4.04584
4.09727
4.16671
4.21725
4.22545
4.24165
4.26971
4.27229
4.2692
4.27025
4.28028
4.28583
4.28887
4.29359
4.30093
4.30424
4.30805
4.30865
4.30887
4.31184
4.31843
4.32261
4.32415
4.32458
4.32444
4.32679
4.32961
4.33157
4.33386
4.33552
4.337
4.33975
4.34261
4.34422
4.34586
4.34912
4.35302
4.35636
4.35886
4.36017
4.36049
4.36025
4.35941
4.35854
4.35916
4.36058
4.36178
4.36387
4.36645
4.36945
4.37359
4.38045
4.3878
4.3953
4.40271
4.41006
4.41784
4.42441
4.42968
4.43463
4.43897
4.44242
4.44539
4.44815
4.45065
4.45281
4.45476
4.45638
4.45803
4.45938
4.46433
3.89886
3.89019
3.87294
3.84784
3.82253
3.82863
3.86111
3.91339
3.97892
4.04646
4.08552
4.1143
4.14111
4.15478
4.1572
4.1548
4.15531
4.15701
4.15949
4.16157
4.16273
4.16801
4.17297
4.17262
4.17152
4.17449
4.17485
4.17456
4.17648
4.18183
4.18474
4.1858
4.18452
4.18524
4.18682
4.18786
4.18925
4.19149
4.19279
4.19403
4.1965
4.19853
4.19936
4.2009
4.20309
4.20512
4.2074
4.20938
4.21028
4.21014
4.2099
4.20824
4.2057
4.20491
4.20546
4.20619
4.20831
4.21109
4.21445
4.22014
4.22747
4.23521
4.24286
4.25029
4.2569
4.26375
4.26956
4.274
4.27766
4.28044
4.28217
4.28323
4.2839
4.28414
4.28381
4.28315
4.28258
4.2826
4.28302
4.28695
3.87681
3.85437
3.82275
3.77699
3.76
3.77874
3.82082
3.87275
3.94461
3.97647
3.99131
4.01792
4.02091
4.01628
4.01609
4.01984
4.01529
4.00996
4.01198
4.01889
4.01898
4.0191
4.01945
4.01847
4.01881
4.02048
4.01992
4.01963
4.02186
4.02607
4.02726
4.0266
4.02654
4.02811
4.02968
4.03032
4.03192
4.03313
4.03326
4.03408
4.03635
4.03792
4.03905
4.04091
4.0424
4.04301
4.04427
4.04576
4.04636
4.04558
4.04471
4.04203
4.03807
4.03663
4.03724
4.03819
4.04052
4.04326
4.04702
4.05298
4.05971
4.06723
4.07468
4.08086
4.08673
4.09171
4.09534
4.09815
4.0998
4.1003
4.09984
4.09875
4.09723
4.09518
4.09245
4.08951
4.08736
4.08658
4.08687
4.08966
3.83335
3.79185
3.73608
3.67694
3.67464
3.70527
3.74973
3.79459
3.84795
3.86479
3.86929
3.87108
3.86727
3.86324
3.86219
3.85913
3.85392
3.85343
3.85744
3.85917
3.85749
3.85935
3.85956
3.85712
3.8566
3.85816
3.85789
3.85784
3.85963
3.86269
3.86406
3.86314
3.86429
3.86635
3.86768
3.86886
3.8701
3.87032
3.86952
3.87012
3.87195
3.87316
3.8746
3.87647
3.87745
3.87707
3.87745
3.87833
3.8785
3.8772
3.87552
3.87214
3.86738
3.86558
3.86601
3.86695
3.86891
3.87147
3.87572
3.8811
3.887
3.89335
3.89913
3.90404
3.90784
3.91038
3.91189
3.91207
3.91105
3.90903
3.90632
3.90315
3.89956
3.89534
3.89046
3.88581
3.88283
3.88166
3.88186
3.88324
3.75787
3.68754
3.60326
3.55615
3.56522
3.61011
3.64713
3.68533
3.71984
3.72121
3.72231
3.71833
3.70752
3.69913
3.699
3.70166
3.69743
3.6949
3.69807
3.70064
3.69997
3.70082
3.70009
3.69795
3.69856
3.69926
3.69908
3.6994
3.70163
3.70399
3.70425
3.70402
3.70574
3.708
3.70986
3.71138
3.71208
3.71125
3.70988
3.71018
3.71138
3.71212
3.71338
3.71493
3.71549
3.71447
3.71386
3.71383
3.71313
3.71102
3.70825
3.70417
3.6992
3.69722
3.69743
3.69819
3.69969
3.70201
3.70578
3.71
3.71462
3.71915
3.72295
3.72534
3.72675
3.72682
3.72552
3.72301
3.7195
3.71515
3.7103
3.70518
3.69983
3.69397
3.68767
3.68214
3.67882
3.67729
3.677
3.6768
3.64331
3.53864
3.44536
3.42936
3.45308
3.50557
3.53372
3.56089
3.57417
3.57378
3.5756
3.56641
3.55379
3.54661
3.54824
3.55137
3.54881
3.54763
3.55038
3.55055
3.55002
3.55183
3.55153
3.54971
3.54998
3.5503
3.55032
3.55068
3.55245
3.55419
3.5539
3.55436
3.55621
3.5584
3.56051
3.56163
3.56169
3.56004
3.55809
3.55757
3.55782
3.55807
3.55882
3.55974
3.55949
3.55776
3.55599
3.55467
3.55286
3.54989
3.54613
3.54137
3.53635
3.53407
3.53388
3.53432
3.53538
3.53723
3.53974
3.54231
3.54506
3.54724
3.54844
3.54853
3.54728
3.54462
3.54069
3.5358
3.53017
3.52392
3.51739
3.51075
3.50403
3.49694
3.48968
3.4837
3.47995
3.47765
3.47642
3.47459
3.48919
3.35882
3.29637
3.3033
3.34508
3.39604
3.41478
3.42906
3.4303
3.43004
3.43257
3.42483
3.41162
3.40499
3.40768
3.41237
3.41135
3.40985
3.41165
3.41163
3.41181
3.41337
3.41325
3.41197
3.41198
3.41157
3.4114
3.41162
3.41316
3.41398
3.41352
3.41398
3.41554
3.41728
3.41892
3.41944
3.41868
3.4162
3.41346
3.41171
3.41078
3.41038
3.41058
3.41052
3.40915
3.40648
3.40342
3.40057
3.39755
3.39378
3.38926
3.38395
3.3789
3.37619
3.37539
3.37536
3.37582
3.37672
3.37763
3.37829
3.37879
3.37858
3.37735
3.37489
3.37109
3.36602
3.35996
3.35316
3.34582
3.33804
3.33017
3.32241
3.31473
3.30691
3.29914
3.29287
3.2887
3.28566
3.2836
3.28052
3.3114
3.18326
3.16644
3.19046
3.2426
3.28217
3.29607
3.29823
3.29352
3.29466
3.29794
3.29136
3.2795
3.27494
3.27816
3.28252
3.28248
3.28193
3.28305
3.28238
3.28264
3.28413
3.2842
3.28324
3.28238
3.28146
3.28095
3.28091
3.28168
3.28148
3.2808
3.28076
3.2816
3.28241
3.2831
3.28296
3.28119
3.27772
3.27383
3.27063
3.26843
3.26729
3.26673
3.2656
3.26308
3.25924
3.25479
3.25042
3.24622
3.24175
3.2367
3.23104
3.22596
3.22282
3.22129
3.22058
3.22028
3.21986
3.21906
3.21778
3.216
3.2135
3.21002
3.20532
3.19935
3.19234
3.18461
3.17637
3.16775
3.15894
3.15022
3.1419
3.13381
3.12576
3.11797
3.11173
3.10732
3.10385
3.10129
3.09743
3.12847
3.03467
3.04819
3.08955
3.13975
3.1661
3.1786
3.17197
3.16557
3.16717
3.17077
3.16626
3.15653
3.15325
3.15647
3.16057
3.16118
3.16121
3.16142
3.16045
3.16054
3.16146
3.16142
3.1605
3.15877
3.15701
3.15588
3.15532
3.15505
3.15389
3.1526
3.15172
3.15138
3.15094
3.15059
3.14946
3.14658
3.14204
3.13685
3.13215
3.12876
3.12675
3.12521
3.12304
3.11946
3.1144
3.10863
3.10298
3.09784
3.09283
3.08744
3.08163
3.07636
3.07269
3.07043
3.06898
3.06769
3.06592
3.06345
3.06033
3.05662
3.05225
3.04692
3.04045
3.03285
3.02446
3.0156
3.00652
2.99726
2.98805
2.97912
2.97081
2.96285
2.95507
2.94769
2.94183
2.93753
2.93404
2.93132
2.92719
2.95679
2.90985
2.94426
2.99487
3.03455
3.05104
3.06365
3.05219
3.04521
3.04719
3.05088
3.048
3.04071
3.03839
3.04118
3.04446
3.0454
3.04577
3.04505
3.04331
3.0427
3.04284
3.04234
3.04097
3.03817
3.03541
3.03347
3.03205
3.03053
3.02833
3.02613
3.02418
3.02231
3.02045
3.01897
3.01677
3.01291
3.00728
3.00077
2.9947
2.99023
2.98726
2.98468
2.98153
2.97701
2.97086
2.96386
2.95723
2.9515
2.94624
2.94069
2.93474
2.92914
2.92498
2.92214
2.92
2.91776
2.91476
2.91083
2.90624
2.90111
2.89539
2.88879
2.88119
2.87266
2.86361
2.85432
2.84504
2.83578
2.82676
2.81819
2.81037
2.80298
2.79585
2.78919
2.78399
2.78008
2.77687
2.77426
2.77025
2.80754
2.79925
2.85125
2.90096
2.92818
2.93911
2.95173
2.93858
2.93143
2.93357
2.93714
2.93534
2.93003
2.92799
2.92993
2.93221
2.93304
2.93299
2.93109
2.92835
2.92657
2.92553
2.92419
2.92197
2.91798
2.91408
2.91111
2.90858
2.90575
2.90244
2.89919
2.89603
2.89257
2.88936
2.8867
2.88354
2.87879
2.87211
2.86428
2.85697
2.85164
2.84785
2.84443
2.84051
2.83515
2.82798
2.81993
2.81269
2.80679
2.80158
2.79608
2.79008
2.78435
2.77996
2.77677
2.77409
2.77112
2.76721
2.76225
2.75669
2.75071
2.74423
2.73696
2.72886
2.72007
2.711
2.70187
2.69292
2.68414
2.67575
2.66791
2.66091
2.65433
2.64805
2.64227
2.63785
2.6345
2.63172
2.62937
2.62569
2.67997
2.69758
2.76507
2.80549
2.82184
2.83075
2.84316
2.82974
2.82267
2.82485
2.82812
2.82646
2.82225
2.81981
2.8203
2.82131
2.82143
2.82031
2.81697
2.8129
2.80962
2.80721
2.80474
2.80136
2.79609
2.79104
2.78698
2.78325
2.77912
2.77475
2.77051
2.76614
2.76126
2.75686
2.75318
2.74916
2.74363
2.73583
2.72662
2.71834
2.71247
2.70818
2.70427
2.69987
2.69389
2.6859
2.67729
2.66998
2.66428
2.65938
2.65421
2.6485
2.64296
2.63863
2.63532
2.63235
2.62893
2.62447
2.61893
2.61287
2.60652
2.59978
2.59237
2.58429
2.57573
2.56707
2.5585
2.55023
2.54221
2.53468
2.52776
2.52169
2.51601
2.51063
2.50574
2.50211
2.49935
2.49704
2.49502
2.49175
2.56814
2.60678
2.68039
2.70722
2.71678
2.72551
2.73762
2.72425
2.71707
2.71901
2.72159
2.71913
2.7148
2.7113
2.70953
2.70892
2.70786
2.70516
2.70019
2.69468
2.68979
2.68593
2.68223
2.67763
2.67112
2.66501
2.65997
2.65513
2.64988
2.64463
2.63953
2.63403
2.62799
2.62267
2.6182
2.6135
2.60727
2.59839
2.58803
2.57931
2.57327
2.5688
2.56473
2.56019
2.55402
2.54579
2.53719
2.53024
2.52503
2.52068
2.51614
2.51101
2.50591
2.50184
2.49862
2.49556
2.49196
2.48725
2.48148
2.47528
2.46893
2.46228
2.45508
2.44736
2.43931
2.43131
2.4235
2.41606
2.40893
2.40233
2.39636
2.39121
2.38642
2.38188
2.37783
2.37491
2.37271
2.37083
2.36913
2.36628
2.46759
2.52313
2.59408
2.60747
2.61325
2.62257
2.63411
2.62048
2.61256
2.61359
2.61465
2.6102
2.60466
2.59941
2.5949
2.59245
2.58992
2.58548
2.57891
2.57205
2.56565
2.56045
2.55566
2.55
2.54241
2.5355
2.52977
2.52404
2.51787
2.51192
2.50612
2.49973
2.49284
2.48692
2.48197
2.47686
2.47012
2.46059
2.4497
2.44103
2.43518
2.43087
2.42699
2.42267
2.41677
2.40881
2.40063
2.3943
2.38976
2.38613
2.3824
2.37804
2.37345
2.36971
2.36669
2.36371
2.36012
2.35538
2.34959
2.34348
2.33734
2.33101
2.32424
2.31706
2.30965
2.3024
2.29543
2.28886
2.28262
2.27693
2.27186
2.26755
2.26353
2.25975
2.25642
2.25409
2.25235
2.25087
2.24944
2.24695
2.37275
2.44371
2.5042
2.5071
2.51057
2.52045
2.5307
2.51603
2.50648
2.50556
2.50367
2.49611
2.48868
2.48127
2.47402
2.46988
2.46601
2.45994
2.45204
2.44416
2.43653
2.43027
2.42472
2.41827
2.40994
2.40261
2.39648
2.39013
2.38327
2.37684
2.37066
2.36381
2.35647
2.35031
2.34518
2.33996
2.33314
2.32352
2.31269
2.3044
2.29907
2.29519
2.29178
2.288
2.2827
2.27532
2.26773
2.26214
2.25835
2.25548
2.2526
2.24901
2.2449
2.24148
2.23869
2.23586
2.23237
2.22773
2.22206
2.21617
2.21037
2.20448
2.19823
2.19166
2.18494
2.17846
2.1723
2.16656
2.16116
2.1563
2.152
2.14838
2.14502
2.14186
2.13913
2.13723
2.13586
2.13466
2.13344
2.13121
2.27946
2.36561
2.41115
2.40601
2.40718
2.41682
2.42456
2.40749
2.39526
2.3911
2.3848
2.37352
2.36427
2.35489
2.34538
2.34011
2.33536
2.32801
2.31924
2.31078
2.30229
2.29537
2.28943
2.28253
2.27384
2.26647
2.26027
2.25356
2.24637
2.23988
2.23371
2.22679
2.21938
2.21329
2.20827
2.20325
2.19675
2.18755
2.17714
2.16943
2.16478
2.16152
2.15876
2.15569
2.15115
2.14449
2.13753
2.13266
2.1296
2.12742
2.12527
2.12231
2.11857
2.11541
2.11281
2.11012
2.10676
2.10228
2.09682
2.09123
2.08583
2.08043
2.07474
2.06879
2.06275
2.05699
2.05159
2.0466
2.04194
2.03778
2.03413
2.03108
2.02824
2.0256
2.02331
2.02175
2.02065
2.01964
2.01856
2.01649
2.1875
2.28396
2.31469
2.30279
2.3005
2.30836
2.31169
2.29039
2.27448
2.26612
2.25471
2.24018
2.22999
2.21949
2.20858
2.20286
2.19776
2.18961
2.18044
2.17178
2.1628
2.15559
2.14959
2.14257
2.13388
2.12678
2.12075
2.11401
2.10692
2.10075
2.09488
2.08816
2.08101
2.07528
2.0706
2.06596
2.06006
2.05157
2.04182
2.03475
2.0308
2.02822
2.02614
2.02383
2.02006
2.01414
2.00779
2.00357
2.00114
1.99951
1.99789
1.9954
1.99194
1.98895
1.9865
1.98393
1.98071
1.97642
1.97123
1.966
1.96103
1.95612
1.95099
1.94564
1.94026
1.93518
1.93046
1.92613
1.92211
1.91856
1.91545
1.91287
1.91046
1.90825
1.9063
1.90503
1.90413
1.90326
1.90228
1.90033
2.09682
2.19366
2.21275
2.19434
2.18668
2.19062
2.18686
2.15937
2.13942
2.12709
2.11156
2.09542
2.08563
2.07505
2.06356
2.05786
2.05273
2.04414
2.03493
2.0263
2.01708
2.00989
2.00406
1.99714
1.98875
1.98215
1.97646
1.96989
1.96323
1.95764
1.95221
1.94584
1.93919
1.93404
1.92989
1.92578
1.92059
1.91295
1.9039
1.89745
1.89419
1.89229
1.89086
1.88928
1.88626
1.88101
1.87521
1.87151
1.8696
1.86843
1.86723
1.86509
1.86181
1.85893
1.85662
1.8542
1.85114
1.84708
1.84218
1.83731
1.83278
1.82837
1.82379
1.81901
1.81424
1.80981
1.80572
1.80199
1.79853
1.7955
1.79285
1.79065
1.78861
1.78674
1.78509
1.78405
1.78332
1.78253
1.78162
1.77975
2.005
2.09058
2.10121
2.0754
2.06016
2.05771
2.04373
2.00921
1.98649
1.97239
1.95519
1.93929
1.93078
1.92056
1.90888
1.9033
1.89809
1.88914
1.88006
1.8715
1.86218
1.85516
1.84966
1.84299
1.83509
1.82912
1.82386
1.81757
1.81147
1.80654
1.80162
1.79568
1.78968
1.78527
1.78179
1.77836
1.77402
1.76719
1.75871
1.75285
1.75031
1.74906
1.74827
1.74739
1.74514
1.74046
1.73503
1.73174
1.73028
1.72953
1.72871
1.72682
1.72363
1.72082
1.71863
1.71637
1.7135
1.70967
1.70504
1.70051
1.69641
1.69248
1.68842
1.6842
1.68001
1.67619
1.6727
1.66952
1.66656
1.66397
1.66172
1.65984
1.65811
1.65652
1.65513
1.65429
1.6537
1.65298
1.6521
1.65027
1.90558
1.96957
1.9732
1.93822
1.91287
1.90173
1.87601
1.83638
1.81389
1.80099
1.78429
1.7694
1.76181
1.75138
1.73918
1.73334
1.72757
1.71806
1.70904
1.70043
1.69104
1.68432
1.67923
1.67292
1.66566
1.66043
1.65561
1.64966
1.64419
1.63993
1.63554
1.6301
1.62483
1.62123
1.6185
1.61587
1.61246
1.60641
1.59838
1.59307
1.59123
1.59052
1.5904
1.59013
1.58863
1.58444
1.57923
1.57623
1.57515
1.57479
1.5743
1.57261
1.56944
1.56665
1.56457
1.56247
1.55979
1.55618
1.55181
1.54761
1.54391
1.54044
1.53688
1.53319
1.52959
1.52636
1.52346
1.52079
1.51829
1.51608
1.51414
1.51253
1.51108
1.50974
1.50859
1.5079
1.50742
1.50673
1.50585
1.50404
1.78949
1.82341
1.81766
1.76973
1.73381
1.71375
1.67852
1.63848
1.61886
1.60818
1.59151
1.57596
1.56741
1.55528
1.54194
1.53527
1.52837
1.51811
1.50907
1.50033
1.49101
1.48483
1.48027
1.47447
1.46807
1.46362
1.45924
1.45373
1.449
1.44543
1.44157
1.43673
1.43227
1.42946
1.42745
1.42563
1.42315
1.41793
1.41041
1.40568
1.4044
1.40412
1.40459
1.4048
1.40391
1.40016
1.39518
1.39241
1.3916
1.39151
1.39125
1.38967
1.38654
1.38377
1.38177
1.37981
1.37735
1.374
1.36994
1.36611
1.36284
1.35986
1.35682
1.35368
1.35067
1.34804
1.3457
1.34353
1.34143
1.33953
1.33785
1.33646
1.33524
1.33412
1.33316
1.33258
1.33213
1.33143
1.33053
1.3287
1.63769
1.63844
1.61516
1.55104
1.50876
1.48387
1.44502
1.40932
1.39213
1.37961
1.35807
1.33828
1.32616
1.31092
1.29651
1.28879
1.28063
1.27
1.26118
1.25256
1.24388
1.2386
1.23475
1.22971
1.22439
1.2207
1.21678
1.21195
1.20813
1.20531
1.20208
1.19804
1.19451
1.19243
1.19106
1.18994
1.18828
1.18392
1.17722
1.17321
1.17241
1.17257
1.17343
1.17391
1.17334
1.16998
1.16536
1.16288
1.16224
1.16227
1.16206
1.16051
1.15749
1.15485
1.15297
1.1512
1.14899
1.14601
1.14243
1.13913
1.13642
1.134
1.13155
1.12904
1.12667
1.12463
1.12283
1.1211
1.11935
1.1177
1.11623
1.11501
1.11396
1.11301
1.11217
1.11162
1.11113
1.11035
1.10942
1.10758
1.43828
1.39103
1.33766
1.26193
1.22189
1.19879
1.16374
1.1346
1.11323
1.08586
1.05111
1.02444
1.00713
0.988917
0.974467
0.966017
0.957093
0.947109
0.939107
0.93119
0.924025
0.920152
0.91727
0.913291
0.909272
0.906324
0.90297
0.899191
0.896512
0.894513
0.8921
0.889144
0.886705
0.885417
0.884741
0.884252
0.883134
0.879498
0.873962
0.870941
0.87074
0.871452
0.872589
0.873136
0.872533
0.869435
0.865357
0.863249
0.862779
0.86281
0.862474
0.860858
0.858057
0.855723
0.854116
0.852659
0.850858
0.848425
0.84556
0.843033
0.841067
0.839373
0.837654
0.835884
0.834222
0.832797
0.831494
0.830145
0.82869
0.827249
0.825943
0.824872
0.823948
0.82309
0.822291
0.821681
0.821062
0.82016
0.819205
0.817373
1.16277
1.04492
0.955802
0.880806
0.852775
0.835931
0.812357
0.790421
0.749381
0.677791
0.615351
0.579104
0.555603
0.535548
0.522765
0.514371
0.505764
0.497977
0.491792
0.485598
0.481121
0.479334
0.477885
0.475512
0.473237
0.471269
0.468885
0.466738
0.465563
0.46463
0.46337
0.461928
0.460947
0.460755
0.461015
0.461318
0.460656
0.457773
0.453768
0.452174
0.452869
0.454292
0.455731
0.456329
0.45551
0.452693
0.449386
0.44787
0.447628
0.447657
0.447159
0.445492
0.443136
0.441384
0.440321
0.439453
0.438343
0.436783
0.435011
0.433628
0.432731
0.432037
0.431296
0.430484
0.429711
0.429014
0.428275
0.427361
0.426258
0.425088
0.424022
0.423147
0.422383
0.421633
0.420858
0.420159
0.419389
0.418387
0.417475
0.415807
)
;

boundaryField
{
    inlet
    {
        type            calculated;
        value           uniform 4.99852;
    }
    outlet
    {
        type            calculated;
        value           nonuniform List<scalar> 
82
(
1.13241
1.44539
1.67735
1.85493
2.00109
2.13061
2.25058
2.36473
2.4754
2.58434
2.69314
2.80323
2.91602
3.0325
3.15304
3.27532
3.39395
3.49892
3.58324
3.64284
3.67978
3.69429
3.70794
3.72187
3.72446
3.72971
3.73574
3.74526
3.75885
3.77366
3.79547
3.81645
3.83995
3.86445
3.88567
3.92794
3.97119
3.99646
4.01654
4.01546
4.03
4.08492
4.26749
4.64234
4.87273
4.91147
4.91338
4.90927
4.90575
4.90187
4.89734
4.89047
4.88072
4.86561
4.83673
4.78996
4.71621
4.60828
4.46433
4.28695
4.08966
3.88324
3.6768
3.47459
3.28052
3.09743
2.92719
2.77025
2.62569
2.49175
2.36628
2.24695
2.13121
2.01649
1.90033
1.77975
1.65027
1.50404
1.3287
1.10758
0.817373
0.415807
)
;
    }
    bottom
    {
        type            calculated;
        value           uniform 0;
    }
    top
    {
        type            calculated;
        value           uniform 0;
    }
    upstream
    {
        type            symmetryPlane;
    }
    defaultFaces
    {
        type            empty;
    }
}


// ************************************************************************* //
