/*--------------------------------*- C++ -*----------------------------------*\
  =========                 |
  \\      /  F ield         | OpenFOAM: The Open Source CFD Toolbox
   \\    /   O peration     | Website:  https://openfoam.org
    \\  /    A nd           | Version:  13
     \\/     M anipulation  |
\*---------------------------------------------------------------------------*/
FoamFile
{
    format      ascii;
    class       volScalarField;
    location    "0.0006";
    object      rho;
}
// * * * * * * * * * * * * * * * * * * * * * * * * * * * * * * * * * * * * * //

dimensions      [1 -3 0 0 0 0 0];

internalField   nonuniform List<scalar> 
16072
(
0.178612
0.129969
0.0981916
0.0798681
0.0704718
0.0653033
0.205317
0.177714
0.144798
0.121577
0.106068
0.0953858
0.214168
0.206627
0.185382
0.16259
0.143563
0.12893
0.213508
0.219732
0.210378
0.194097
0.177779
0.163522
0.21096
0.222585
0.221049
0.213074
0.201889
0.190831
0.208559
0.222059
0.225541
0.222412
0.215561
0.207951
0.207042
0.21832
0.225737
0.225667
0.222296
0.217098
0.206186
0.214482
0.225014
0.226744
0.22523
0.221607
0.20577
0.210787
0.221678
0.226701
0.2262
0.224095
0.205558
0.20851
0.217739
0.225966
0.225988
0.225294
0.205472
0.207036
0.213168
0.223284
0.225446
0.225702
0.205433
0.206191
0.210031
0.219163
0.22462
0.225688
0.205414
0.205766
0.207792
0.21403
0.221935
0.22552
0.205405
0.20556
0.206546
0.210138
0.218109
0.224843
0.205402
0.20547
0.205901
0.207729
0.213096
0.221574
0.2054
0.205429
0.205612
0.206417
0.209355
0.216336
0.2054
0.205411
0.205487
0.205825
0.207165
0.210963
0.2054
0.205403
0.205433
0.205568
0.206122
0.207678
0.2054
0.205401
0.205411
0.205464
0.205669
0.206308
0.2054
0.2054
0.205403
0.205422
0.205499
0.205738
0.2054
0.2054
0.205401
0.205407
0.205433
0.205519
0.2054
0.2054
0.2054
0.205402
0.20541
0.205438
0.2054
0.2054
0.2054
0.2054
0.205402
0.205411
0.2054
0.2054
0.2054
0.2054
0.2054
0.205403
0.2054
0.2054
0.2054
0.2054
0.2054
0.2054
0.2054
0.2054
0.2054
0.2054
0.2054
0.2054
0.2054
0.2054
0.2054
0.2054
0.2054
0.2054
0.2054
0.2054
0.2054
0.2054
0.2054
0.2054
0.2054
0.2054
0.2054
0.2054
0.2054
0.2054
0.2054
0.2054
0.2054
0.2054
0.2054
0.2054
0.2054
0.2054
0.2054
0.2054
0.2054
0.2054
0.2054
0.2054
0.2054
0.2054
0.2054
0.2054
0.2054
0.2054
0.2054
0.2054
0.2054
0.2054
0.2054
0.2054
0.2054
0.2054
0.2054
0.2054
0.2054
0.2054
0.2054
0.2054
0.2054
0.2054
0.2054
0.2054
0.2054
0.2054
0.2054
0.2054
0.2054
0.2054
0.2054
0.2054
0.2054
0.2054
0.2054
0.2054
0.2054
0.2054
0.2054
0.2054
0.2054
0.2054
0.2054
0.2054
0.2054
0.2054
0.2054
0.2054
0.2054
0.2054
0.2054
0.2054
0.2054
0.2054
0.2054
0.2054
0.2054
0.2054
0.2054
0.2054
0.2054
0.2054
0.2054
0.2054
0.2054
0.2054
0.2054
0.2054
0.2054
0.2054
0.2054
0.2054
0.2054
0.2054
0.2054
0.2054
0.2054
0.2054
0.2054
0.2054
0.2054
0.2054
0.2054
0.2054
0.2054
0.2054
0.2054
0.2054
0.2054
0.2054
0.2054
0.2054
0.2054
0.2054
0.2054
0.2054
0.2054
0.2054
0.2054
0.2054
0.2054
0.2054
0.2054
0.2054
0.2054
0.2054
0.2054
0.2054
0.2054
0.2054
0.2054
0.2054
0.2054
0.2054
0.2054
0.2054
0.2054
0.2054
0.2054
0.2054
0.2054
0.2054
0.2054
0.2054
0.2054
0.2054
0.2054
0.2054
0.2054
0.2054
0.2054
0.2054
0.2054
0.2054
0.2054
0.2054
0.2054
0.2054
0.2054
0.2054
0.2054
0.2054
0.2054
0.2054
0.2054
0.2054
0.2054
0.2054
0.2054
0.2054
0.2054
0.2054
0.2054
0.2054
0.2054
0.2054
0.2054
0.2054
0.2054
0.2054
0.2054
0.2054
0.2054
0.2054
0.2054
0.2054
0.2054
0.2054
0.2054
0.2054
0.2054
0.2054
0.2054
0.2054
0.2054
0.2054
0.2054
0.2054
0.2054
0.2054
0.2054
0.2054
0.2054
0.2054
0.2054
0.2054
0.2054
0.2054
0.2054
0.2054
0.2054
0.2054
0.2054
0.2054
0.2054
0.2054
0.2054
0.2054
0.2054
0.2054
0.2054
0.2054
0.2054
0.2054
0.2054
0.2054
0.2054
0.2054
0.2054
0.2054
0.2054
0.2054
0.2054
0.2054
0.2054
0.2054
0.2054
0.2054
0.2054
0.2054
0.2054
0.2054
0.2054
0.2054
0.2054
0.2054
0.2054
0.2054
0.2054
0.2054
0.2054
0.205401
0.2054
0.2054
0.2054
0.2054
0.2054
0.205402
0.2054
0.2054
0.2054
0.2054
0.2054
0.205403
0.2054
0.2054
0.2054
0.2054
0.2054
0.205405
0.2054
0.2054
0.2054
0.2054
0.2054
0.205405
0.2054
0.2054
0.2054
0.2054
0.2054
0.205402
0.2054
0.2054
0.2054
0.2054
0.2054
0.205391
0.2054
0.2054
0.2054
0.2054
0.205401
0.205382
0.2054
0.2054
0.2054
0.2054
0.205401
0.205375
0.2054
0.2054
0.2054
0.2054
0.205401
0.20537
0.2054
0.2054
0.2054
0.2054
0.205401
0.205354
0.2054
0.2054
0.2054
0.2054
0.205402
0.205355
0.2054
0.2054
0.2054
0.2054
0.205402
0.205147
0.061748
0.0596035
0.0577863
0.0565331
0.0556517
0.0548584
0.0542729
0.0537914
0.0532911
0.0528146
0.0524398
0.0521365
0.0518526
0.0515821
0.0513412
0.0511346
0.050943
0.0507546
0.0505788
0.0504253
0.0502951
0.0501788
0.0500713
0.0499708
0.0498778
0.049791
0.0497094
0.0496364
0.0495721
0.0495126
0.0494391
0.0492615
0.0490482
0.0488329
0.0486231
0.0484275
0.0482454
0.0480804
0.0479235
0.0477668
0.0476275
0.0474937
0.0473622
0.0472468
0.0471618
0.0471152
0.0471705
0.0472459
0.0472606
0.0472616
0.047254
0.0472355
0.0472084
0.0471769
0.0471438
0.047111
0.0470777
0.0470446
0.0470121
0.0469806
0.04695
0.0469197
0.04689
0.0468595
0.0468302
0.0468021
0.0467759
0.0467523
0.0467297
0.0467106
0.0466916
0.0466748
0.0466579
0.046641
0.0466232
0.0466054
0.0465863
0.0465682
0.04655
0.0465327
0.0465157
0.0464987
0.046482
0.0464658
0.0464509
0.046437
0.0464252
0.046414
0.046404
0.0463937
0.0463835
0.0463725
0.0463618
0.0463509
0.0463406
0.0463301
0.04632
0.0463087
0.0462983
0.0462878
0.046278
0.0462686
0.0462604
0.0462515
0.0462424
0.0462345
0.0462262
0.0462213
0.046212
0.0461985
0.0868507
0.0809665
0.0762525
0.0728435
0.0702792
0.0681042
0.0663592
0.0648638
0.0634311
0.0620981
0.0609497
0.0599539
0.0590355
0.0581818
0.0574097
0.0567186
0.0560823
0.0554833
0.0549294
0.0544306
0.0539836
0.0535784
0.0532039
0.0528545
0.0525292
0.0522274
0.0519486
0.0516893
0.05145
0.0512298
0.0510162
0.0507836
0.0505297
0.0502747
0.0500303
0.0497988
0.0495825
0.04938
0.0491911
0.0490134
0.0488427
0.0486816
0.0485248
0.0483801
0.0482576
0.0481615
0.0481532
0.048173
0.0481507
0.048123
0.0480942
0.0480604
0.0480212
0.0479789
0.0479356
0.0478929
0.0478492
0.0478053
0.0477622
0.0477201
0.047679
0.0476385
0.0475986
0.0475581
0.0475188
0.0474808
0.0474449
0.0474118
0.0473796
0.0473507
0.0473221
0.0472958
0.0472697
0.0472437
0.0472169
0.0471904
0.0471625
0.0471359
0.0471094
0.0470838
0.0470587
0.0470339
0.0470095
0.0469859
0.0469636
0.0469424
0.0469234
0.0469051
0.046888
0.0468708
0.0468539
0.0468364
0.0468195
0.0468023
0.0467859
0.0467692
0.0467529
0.0467355
0.0467192
0.0467028
0.0466874
0.0466724
0.0466587
0.0466445
0.0466302
0.0466171
0.0466037
0.0465936
0.0465793
0.0465594
0.115962
0.106429
0.0985733
0.0926583
0.0880991
0.0842197
0.0810489
0.0783628
0.0759053
0.0736758
0.0717464
0.0700616
0.0685204
0.0670964
0.0658042
0.0646401
0.0635707
0.0625706
0.0616412
0.0607934
0.0600231
0.0593174
0.0586607
0.0580443
0.0574663
0.0569257
0.0564209
0.0559462
0.0555026
0.0550879
0.0546943
0.0543385
0.0539913
0.0536515
0.0533248
0.0530161
0.052726
0.0524504
0.052194
0.0519576
0.0517242
0.0515026
0.0512915
0.0510921
0.0509133
0.050765
0.050685
0.0506091
0.0504993
0.0504064
0.0503354
0.0502714
0.0502082
0.0501441
0.0500801
0.0500162
0.0499505
0.0498841
0.0498182
0.0497535
0.04969
0.0496272
0.0495653
0.0495027
0.0494416
0.0493819
0.0493248
0.0492706
0.0492171
0.0491671
0.0491175
0.0490708
0.0490246
0.0489789
0.0489326
0.0488868
0.0488398
0.0487946
0.0487496
0.0487058
0.048663
0.0486207
0.0485793
0.048539
0.0485005
0.0484632
0.0484283
0.0483942
0.0483616
0.0483291
0.0482973
0.0482653
0.0482344
0.0482033
0.0481733
0.0481429
0.048113
0.0480819
0.0480522
0.0480226
0.0479944
0.0479667
0.0479409
0.0479145
0.0478884
0.0478637
0.0478389
0.0478171
0.0477917
0.0477563
0.149371
0.137604
0.12715
0.118803
0.111955
0.105877
0.100759
0.0963694
0.0924055
0.0888725
0.0858325
0.0831871
0.0807961
0.0786178
0.0766602
0.0749075
0.0733102
0.0718322
0.0704658
0.0692179
0.0680846
0.0670445
0.0660794
0.0651756
0.0643286
0.0635349
0.0627919
0.0620947
0.0614398
0.0608242
0.0602406
0.059713
0.0592222
0.058754
0.0583063
0.0578848
0.0574879
0.0571148
0.0567609
0.0564307
0.0561138
0.0558038
0.0555147
0.0552342
0.0549709
0.054737
0.0545527
0.0543751
0.0542009
0.0540603
0.0539516
0.0538557
0.0537647
0.0536744
0.0535843
0.0534939
0.0534005
0.0533056
0.0532108
0.0531171
0.0530246
0.0529327
0.0528418
0.0527501
0.05266
0.0525715
0.052486
0.0524037
0.0523221
0.0522443
0.0521671
0.0520934
0.0520207
0.0519489
0.0518766
0.0518053
0.0517329
0.0516627
0.051593
0.0515248
0.0514579
0.0513919
0.0513275
0.0512648
0.0512043
0.0511454
0.0510892
0.0510338
0.0509803
0.050927
0.050875
0.0508232
0.0507732
0.0507235
0.0506752
0.0506263
0.0505781
0.0505283
0.0504803
0.0504327
0.0503869
0.0503419
0.0502993
0.0502564
0.0502141
0.0501735
0.0501334
0.0500957
0.0500559
0.0499971
0.178375
0.16755
0.156874
0.147684
0.139684
0.132153
0.125434
0.119369
0.113707
0.108567
0.104069
0.100113
0.0965357
0.0932962
0.0904039
0.0878321
0.0855076
0.0833795
0.0814317
0.0796648
0.0780672
0.0766086
0.0752626
0.0740106
0.0728432
0.071753
0.0707347
0.0697829
0.0688907
0.0680513
0.0672567
0.0665208
0.0658382
0.0651961
0.0645888
0.0640177
0.0634803
0.0629779
0.0625014
0.0620488
0.0616207
0.0612042
0.0608099
0.0604309
0.0600728
0.0597483
0.0594707
0.0591824
0.0589038
0.0586882
0.0585244
0.0583859
0.0582583
0.0581349
0.0580131
0.0578917
0.0577669
0.05764
0.0575128
0.0573867
0.057262
0.0571378
0.0570145
0.0568903
0.0567678
0.0566472
0.0565298
0.0564163
0.056304
0.056196
0.0560886
0.0559856
0.055884
0.0557837
0.0556832
0.0555839
0.0554838
0.0553862
0.0552895
0.0551944
0.0551009
0.0550087
0.0549187
0.0548311
0.0547466
0.054664
0.0545848
0.0545063
0.0544298
0.0543537
0.0542793
0.0542056
0.0541347
0.0540646
0.0539964
0.0539277
0.0538597
0.0537897
0.0537218
0.0536543
0.0535893
0.0535254
0.0534645
0.0534034
0.0533436
0.0532857
0.0532291
0.0531746
0.0531197
0.0530352
0.199181
0.190802
0.182111
0.174379
0.167021
0.15964
0.152751
0.146112
0.139486
0.133146
0.127325
0.121976
0.116997
0.112405
0.108251
0.104528
0.101155
0.098075
0.0952726
0.0927452
0.0904704
0.088408
0.0865197
0.0847779
0.0831667
0.0816733
0.0802882
0.0790008
0.0778001
0.0766758
0.0756163
0.0746226
0.0736941
0.0728244
0.0720074
0.0712412
0.0705235
0.0698506
0.0692165
0.0686153
0.0680393
0.0674912
0.0669671
0.066465
0.0659884
0.0655444
0.0651497
0.064735
0.0643302
0.064009
0.0637605
0.0635544
0.0633697
0.0631966
0.0630303
0.0628673
0.0627023
0.062536
0.06237
0.0622058
0.0620437
0.0618825
0.0617225
0.0615617
0.0614029
0.0612465
0.0610938
0.0609458
0.0607997
0.0606586
0.0605185
0.0603833
0.0602501
0.0601189
0.0599876
0.059858
0.0597277
0.0596005
0.0594746
0.0593506
0.0592283
0.0591075
0.0589897
0.0588751
0.0587647
0.0586568
0.0585529
0.0584498
0.058349
0.0582484
0.0581499
0.0580526
0.057959
0.0578672
0.0577781
0.0576887
0.0576001
0.057509
0.0574202
0.0573319
0.0572466
0.0571627
0.0570826
0.0570024
0.0569241
0.0568483
0.0567746
0.056703
0.0566329
0.0565228
0.21101
0.205507
0.199239
0.193734
0.188254
0.182449
0.176831
0.171156
0.16516
0.159052
0.153063
0.147204
0.141443
0.135868
0.1306
0.125702
0.121144
0.116902
0.112995
0.10944
0.106222
0.1033
0.100631
0.0981803
0.0959272
0.0938532
0.0919423
0.090177
0.0885408
0.087019
0.0855945
0.0842566
0.0830022
0.0818276
0.080728
0.0797003
0.0787412
0.0778429
0.076998
0.0762018
0.0754376
0.0747195
0.0740259
0.0733668
0.0727431
0.0721529
0.0716208
0.0710655
0.0704995
0.0700253
0.06965
0.0693403
0.0690678
0.0688189
0.0685856
0.068362
0.0681404
0.0679202
0.0677026
0.0674888
0.067279
0.0670714
0.0668661
0.0666607
0.0664583
0.0662592
0.0660646
0.0658758
0.0656896
0.0655094
0.0653307
0.0651577
0.0649875
0.0648199
0.0646528
0.0644878
0.0643227
0.0641614
0.0640019
0.0638448
0.0636896
0.0635362
0.0633863
0.0632406
0.0631004
0.0629638
0.0628319
0.0627012
0.0625729
0.0624447
0.0623189
0.0621946
0.0620754
0.0619589
0.0618463
0.0617338
0.0616224
0.0615082
0.0613961
0.0612847
0.061177
0.061071
0.0609693
0.060868
0.0607691
0.0606735
0.0605807
0.0604906
0.0604039
0.0602684
0.217287
0.213118
0.208966
0.205569
0.201841
0.197903
0.194141
0.190148
0.18578
0.181154
0.176343
0.171315
0.166065
0.160689
0.155309
0.15001
0.144814
0.139753
0.134906
0.130348
0.12611
0.122181
0.118538
0.115164
0.112046
0.109171
0.106521
0.104077
0.101819
0.0997286
0.0977831
0.095962
0.0942569
0.0926616
0.0911719
0.0897835
0.0884913
0.0872852
0.0861532
0.0850892
0.0840781
0.0831277
0.0822101
0.0813449
0.0805267
0.0797464
0.0790333
0.0783096
0.0775538
0.0768843
0.0763372
0.0758808
0.0754811
0.0751209
0.0747891
0.0744767
0.0741734
0.0738766
0.0735869
0.0733051
0.0730308
0.0727614
0.0724965
0.0722335
0.0719753
0.0717221
0.0714753
0.0712357
0.071
0.0707716
0.0705457
0.0703266
0.0701115
0.0699001
0.0696899
0.0694826
0.0692758
0.0690741
0.068875
0.068679
0.0684852
0.0682935
0.0681059
0.0679236
0.0677483
0.0675779
0.0674134
0.0672506
0.0670905
0.0669304
0.0667729
0.0666175
0.066468
0.0663228
0.0661828
0.0660439
0.0659065
0.065766
0.0656276
0.0654901
0.0653566
0.0652255
0.0650992
0.0649739
0.0648513
0.064733
0.0646184
0.0645071
0.0644018
0.0642399
0.22049
0.217096
0.21394
0.21181
0.209401
0.206886
0.204603
0.202093
0.199365
0.196475
0.193321
0.189828
0.186006
0.181913
0.177601
0.173094
0.168415
0.163599
0.158735
0.153915
0.149207
0.144646
0.140254
0.136059
0.132082
0.12834
0.124834
0.121561
0.118509
0.115669
0.113019
0.110538
0.108216
0.106043
0.104014
0.102125
0.100367
0.09873
0.097199
0.0957628
0.0944103
0.093134
0.0919143
0.0907693
0.089686
0.0886526
0.0876998
0.08676
0.0857752
0.0848602
0.0840844
0.0834257
0.0828479
0.08233
0.0818573
0.0814174
0.0809967
0.0805906
0.0801987
0.0798213
0.0794571
0.0791025
0.0787565
0.0784156
0.0780828
0.077758
0.0774426
0.0771371
0.0768375
0.0765475
0.0762617
0.0759844
0.0757127
0.0754464
0.0751825
0.0749227
0.0746647
0.0744133
0.0741659
0.0739227
0.0736823
0.0734445
0.0732112
0.0729846
0.0727667
0.0725556
0.0723519
0.072151
0.071953
0.0717553
0.0715603
0.0713677
0.0711822
0.0710026
0.07083
0.0706598
0.0704918
0.0703209
0.0701517
0.0699838
0.0698203
0.0696599
0.0695049
0.0693516
0.0692012
0.0690561
0.0689162
0.0687798
0.0686529
0.068462
0.222621
0.219049
0.216568
0.214896
0.213094
0.211512
0.210209
0.20865
0.207093
0.205545
0.203767
0.201665
0.199286
0.196687
0.19386
0.190767
0.187393
0.183752
0.179895
0.17588
0.171744
0.167517
0.163234
0.158947
0.1547
0.150541
0.146496
0.142593
0.13885
0.135284
0.131895
0.128678
0.125631
0.122754
0.120048
0.117511
0.115141
0.112926
0.110854
0.108909
0.107084
0.105357
0.103722
0.10219
0.100742
0.0993644
0.0980887
0.0968559
0.0955795
0.0943532
0.0932731
0.0923384
0.0915153
0.0907784
0.0901079
0.0894878
0.0889008
0.0883398
0.0878035
0.087291
0.0868004
0.0863267
0.0858679
0.0854194
0.0849842
0.0845621
0.0841537
0.0837597
0.0833749
0.0830032
0.0826387
0.0822853
0.0819399
0.0816025
0.0812694
0.0809425
0.0806191
0.0803046
0.0799962
0.0796938
0.0793954
0.0791002
0.0788104
0.0785287
0.0782578
0.0779962
0.0777441
0.0774963
0.0772522
0.0770089
0.0767682
0.0765306
0.076301
0.0760794
0.0758667
0.0756586
0.0754538
0.0752465
0.0750408
0.0748367
0.0746374
0.0744422
0.0742529
0.0740662
0.0738826
0.0737054
0.0735351
0.0733684
0.0732156
0.0729913
0.224175
0.22071
0.218216
0.216526
0.215046
0.213821
0.212998
0.211921
0.211075
0.210358
0.209456
0.208292
0.206945
0.205482
0.203865
0.202032
0.199963
0.197663
0.195144
0.19242
0.189491
0.186365
0.183053
0.179587
0.175993
0.172306
0.168551
0.16476
0.160964
0.157197
0.153486
0.149844
0.146291
0.142848
0.139535
0.136368
0.133357
0.130503
0.127803
0.125246
0.122831
0.120533
0.118357
0.116311
0.114382
0.112548
0.110844
0.109222
0.107565
0.10593
0.104439
0.103126
0.101966
0.100927
0.0999818
0.0991095
0.0982891
0.0975107
0.0967715
0.0960689
0.0954003
0.0947592
0.0941423
0.0935442
0.0929667
0.0924096
0.0918729
0.091357
0.090856
0.0903735
0.0899028
0.0894471
0.0890032
0.0885711
0.0881462
0.0877308
0.0873217
0.0869247
0.0865369
0.086158
0.0857849
0.0854164
0.0850544
0.0847024
0.0843639
0.084038
0.0837245
0.0834176
0.0831157
0.0828154
0.0825181
0.0822245
0.08194
0.0816657
0.0814029
0.0811475
0.0808971
0.0806452
0.0803949
0.0801468
0.0799039
0.0796663
0.0794353
0.0792079
0.0789842
0.0787675
0.0785601
0.0783563
0.0781716
0.0779071
0.224928
0.222282
0.219747
0.217484
0.216167
0.215063
0.214408
0.213488
0.213017
0.212732
0.212315
0.211701
0.210975
0.210202
0.209351
0.208357
0.207207
0.205908
0.204461
0.202851
0.201064
0.199095
0.196951
0.194642
0.192172
0.189547
0.186771
0.183852
0.180803
0.177646
0.174398
0.17107
0.167684
0.164272
0.160867
0.1575
0.154193
0.150964
0.147824
0.144781
0.141845
0.139005
0.136277
0.133674
0.131202
0.128836
0.126614
0.124517
0.122396
0.120262
0.118247
0.116438
0.114828
0.113379
0.11206
0.110843
0.109701
0.108621
0.107599
0.106633
0.105717
0.104843
0.104005
0.103197
0.102421
0.101677
0.100963
0.100279
0.0996167
0.0989812
0.0983644
0.0977687
0.0971909
0.0966305
0.0960818
0.0955472
0.095023
0.0945154
0.0940217
0.093541
0.0930695
0.0926052
0.0921489
0.0917054
0.0912788
0.0908693
0.0904758
0.0900924
0.089716
0.0893429
0.0889734
0.0886086
0.088254
0.0879125
0.0875856
0.0872699
0.0869617
0.0866538
0.0863476
0.0860445
0.0857474
0.0854569
0.0851743
0.0848962
0.0846226
0.0843568
0.084103
0.0838531
0.0836282
0.0833138
0.225183
0.223601
0.221212
0.218467
0.217103
0.215835
0.215223
0.214349
0.21406
0.213902
0.213676
0.213357
0.213
0.212603
0.212154
0.211629
0.211028
0.210352
0.209583
0.208698
0.207689
0.206557
0.20531
0.203947
0.202466
0.20086
0.199123
0.197247
0.195232
0.193079
0.19079
0.188359
0.185788
0.183097
0.180306
0.177439
0.174515
0.171546
0.16855
0.165539
0.162537
0.159542
0.15658
0.153669
0.150843
0.14808
0.145421
0.142899
0.140359
0.137749
0.13519
0.132821
0.130679
0.128737
0.126955
0.125301
0.123748
0.12228
0.12089
0.119571
0.118321
0.117132
0.115997
0.114907
0.11386
0.112858
0.111898
0.110983
0.110101
0.109257
0.108441
0.107654
0.106893
0.106157
0.105439
0.104743
0.104063
0.103406
0.102769
0.102152
0.101548
0.100956
0.100374
0.0998095
0.0992662
0.0987459
0.0982465
0.0977621
0.0972874
0.0968189
0.096355
0.0958977
0.095452
0.0950232
0.0946127
0.0942187
0.0938355
0.0934553
0.0930773
0.0927038
0.0923375
0.0919798
0.0916314
0.0912891
0.0909524
0.0906243
0.0903116
0.0900034
0.0897267
0.0893487
0.224499
0.22398
0.222412
0.219777
0.218069
0.216385
0.215706
0.214858
0.214669
0.214533
0.214329
0.214142
0.214007
0.213834
0.213596
0.213292
0.212965
0.212633
0.212257
0.211797
0.211238
0.210593
0.209882
0.209112
0.20828
0.207376
0.206392
0.205316
0.20414
0.202855
0.201459
0.199943
0.198305
0.196545
0.194672
0.192692
0.190608
0.188421
0.186137
0.18376
0.181307
0.178778
0.176184
0.173542
0.170882
0.168211
0.165539
0.162949
0.16033
0.157555
0.154694
0.15192
0.149339
0.146963
0.14476
0.142693
0.140723
0.138839
0.137045
0.13534
0.133712
0.132148
0.130646
0.129201
0.127816
0.126493
0.125226
0.124011
0.12284
0.121718
0.120636
0.119598
0.118597
0.11763
0.116688
0.115775
0.114886
0.114028
0.113199
0.112399
0.11162
0.110858
0.110112
0.109386
0.108688
0.108019
0.107377
0.106757
0.106151
0.105555
0.104966
0.104387
0.103822
0.103278
0.102758
0.10226
0.101778
0.101302
0.10083
0.100364
0.0999072
0.0994619
0.0990282
0.098603
0.0981848
0.0977765
0.0973874
0.0970045
0.0966602
0.0961985
0.223425
0.224367
0.223614
0.221316
0.218999
0.216944
0.216241
0.215347
0.215072
0.214905
0.214644
0.214541
0.214513
0.214451
0.214326
0.214144
0.213959
0.213802
0.213631
0.213404
0.213098
0.212719
0.212295
0.211847
0.21138
0.210884
0.210347
0.209757
0.209105
0.208383
0.207593
0.20673
0.205788
0.204765
0.20366
0.202471
0.201197
0.199831
0.198372
0.196815
0.195165
0.19342
0.191581
0.189646
0.187645
0.18558
0.183437
0.181297
0.179125
0.176757
0.174151
0.171447
0.168822
0.166345
0.164002
0.161776
0.159634
0.157549
0.155504
0.153513
0.151593
0.149741
0.147943
0.146185
0.14447
0.142809
0.14121
0.13968
0.138204
0.13678
0.135396
0.134057
0.132761
0.131509
0.130292
0.129115
0.12797
0.126865
0.125797
0.124765
0.12376
0.122779
0.121819
0.120887
0.119989
0.119128
0.118302
0.117504
0.116725
0.115962
0.11521
0.114471
0.11375
0.113056
0.112392
0.111758
0.111144
0.110541
0.109944
0.109357
0.10878
0.10822
0.107674
0.107139
0.106615
0.106102
0.105612
0.105132
0.104699
0.104124
0.222043
0.224365
0.224126
0.222657
0.220145
0.217932
0.21699
0.215849
0.215408
0.215153
0.214801
0.214745
0.214764
0.214759
0.21471
0.214605
0.2145
0.214418
0.214336
0.214225
0.21406
0.21384
0.213582
0.213309
0.213034
0.212755
0.212458
0.212128
0.211759
0.211346
0.210896
0.210412
0.20989
0.209327
0.208717
0.208054
0.207333
0.206551
0.205705
0.204794
0.203815
0.202766
0.201648
0.200447
0.199166
0.197845
0.196425
0.194961
0.193501
0.191914
0.190052
0.187925
0.185704
0.183558
0.181518
0.179541
0.177594
0.175683
0.173809
0.171938
0.170054
0.168171
0.166308
0.164477
0.162678
0.160906
0.15915
0.157419
0.155718
0.154065
0.152456
0.150893
0.149364
0.147866
0.146386
0.144937
0.14352
0.142152
0.140831
0.139553
0.138308
0.137088
0.135886
0.134713
0.133575
0.132482
0.131433
0.130421
0.129435
0.128469
0.127518
0.126583
0.12567
0.124789
0.123944
0.123136
0.122355
0.121589
0.120832
0.120089
0.11936
0.11865
0.117959
0.117284
0.116623
0.115975
0.115356
0.114749
0.114199
0.113475
0.217903
0.223962
0.223821
0.223251
0.221645
0.219538
0.217739
0.21631
0.21575
0.215436
0.214956
0.214853
0.21488
0.214872
0.214834
0.214808
0.214789
0.214757
0.21471
0.214644
0.214556
0.214438
0.214288
0.214115
0.213939
0.213769
0.213598
0.213409
0.213191
0.212942
0.212668
0.212379
0.21208
0.211766
0.211431
0.211067
0.21067
0.210234
0.209758
0.209244
0.20869
0.208097
0.207467
0.206792
0.206051
0.205279
0.204467
0.203573
0.202693
0.201806
0.200751
0.19941
0.197817
0.196145
0.19456
0.193091
0.191651
0.190185
0.188703
0.187242
0.185804
0.184339
0.182808
0.181222
0.179619
0.17803
0.176461
0.174908
0.173338
0.171744
0.170132
0.168534
0.166958
0.165408
0.163867
0.162341
0.160819
0.159315
0.157829
0.156372
0.154938
0.153528
0.152133
0.150763
0.149424
0.148128
0.146873
0.145654
0.144458
0.143283
0.14212
0.140976
0.139852
0.138765
0.137717
0.136714
0.135743
0.134793
0.133853
0.132929
0.13202
0.131134
0.13027
0.129428
0.128599
0.127787
0.127008
0.126246
0.125552
0.124635
0.213334
0.222072
0.222266
0.222823
0.222585
0.221259
0.218856
0.217167
0.216257
0.215822
0.215093
0.21495
0.214951
0.214917
0.214883
0.214903
0.214931
0.214924
0.214893
0.214848
0.214797
0.214738
0.21466
0.21456
0.214446
0.214331
0.214221
0.214108
0.213976
0.21382
0.213645
0.213461
0.213278
0.213096
0.212907
0.212702
0.212474
0.212221
0.211942
0.211642
0.211323
0.210987
0.210631
0.210255
0.209843
0.209405
0.208957
0.208472
0.207941
0.207465
0.206966
0.206298
0.205372
0.204216
0.202979
0.201826
0.200818
0.199884
0.198927
0.197902
0.196862
0.195848
0.194844
0.193805
0.192699
0.191525
0.190308
0.189096
0.187893
0.186692
0.185464
0.184198
0.182887
0.181544
0.18017
0.178793
0.177417
0.176056
0.1747
0.173344
0.171975
0.170592
0.169189
0.167783
0.166388
0.165022
0.163688
0.162384
0.161092
0.159809
0.158526
0.157249
0.15598
0.154739
0.15353
0.152362
0.151226
0.150112
0.149006
0.147912
0.146834
0.145778
0.144746
0.143731
0.142733
0.141749
0.140798
0.139866
0.139013
0.137892
0.209242
0.215677
0.219862
0.222936
0.222976
0.222473
0.220687
0.218765
0.217079
0.216267
0.215245
0.215082
0.215034
0.214958
0.214932
0.21496
0.214991
0.21498
0.214957
0.214921
0.214896
0.214875
0.214843
0.214794
0.214729
0.214653
0.214573
0.214491
0.214402
0.214297
0.21418
0.214057
0.213937
0.213824
0.213714
0.213599
0.213468
0.213314
0.21314
0.212951
0.212754
0.212556
0.212348
0.21213
0.211897
0.211649
0.211392
0.211121
0.210823
0.210513
0.210276
0.21
0.209582
0.208948
0.208102
0.207155
0.206266
0.205535
0.204938
0.204377
0.203769
0.203086
0.202373
0.201684
0.201022
0.20035
0.199635
0.198865
0.198038
0.19718
0.196316
0.195463
0.194612
0.193734
0.192804
0.19182
0.190788
0.189729
0.188662
0.187595
0.186522
0.185433
0.184313
0.183162
0.181989
0.18081
0.179628
0.178448
0.17726
0.176068
0.17486
0.173646
0.17242
0.171208
0.170007
0.168835
0.167674
0.166527
0.165368
0.164215
0.163059
0.161923
0.160792
0.159684
0.158572
0.157479
0.1564
0.155351
0.154364
0.153081
0.20689
0.210185
0.21649
0.222629
0.222779
0.222246
0.221649
0.220401
0.218461
0.217003
0.215717
0.215329
0.215221
0.215059
0.215041
0.21502
0.215
0.214974
0.214954
0.214943
0.214949
0.21495
0.214942
0.21492
0.214888
0.214842
0.214781
0.214708
0.21463
0.214548
0.214465
0.214386
0.214308
0.214233
0.214161
0.21409
0.214011
0.213919
0.213811
0.213689
0.213562
0.213435
0.213305
0.213168
0.213026
0.212879
0.212724
0.212558
0.212382
0.21219
0.21201
0.211895
0.211744
0.211482
0.211046
0.210418
0.209674
0.208929
0.208332
0.207891
0.207559
0.207237
0.20684
0.206372
0.20589
0.205431
0.205003
0.204598
0.204182
0.203711
0.203178
0.202602
0.202024
0.20145
0.200874
0.200289
0.199689
0.199062
0.198399
0.197697
0.196962
0.196201
0.195413
0.194602
0.193776
0.192945
0.192108
0.191258
0.190384
0.189484
0.188555
0.1876
0.186621
0.185632
0.18464
0.183656
0.182674
0.181686
0.180678
0.179658
0.178628
0.177597
0.176563
0.175524
0.174478
0.17342
0.172375
0.171318
0.170343
0.169034
0.205932
0.20735
0.211381
0.217172
0.220399
0.221718
0.222156
0.221741
0.220421
0.218449
0.216859
0.215822
0.215524
0.215232
0.215151
0.215066
0.214958
0.214938
0.214941
0.214959
0.214986
0.215
0.214998
0.214987
0.21497
0.214944
0.214902
0.214841
0.214771
0.214698
0.214632
0.214576
0.214527
0.214479
0.214429
0.214377
0.21432
0.214255
0.21418
0.214097
0.214013
0.213932
0.213848
0.213758
0.213664
0.213569
0.21347
0.213364
0.213248
0.213126
0.212999
0.21289
0.212837
0.212754
0.212591
0.21229
0.211827
0.211228
0.210596
0.210031
0.20964
0.209392
0.20919
0.208985
0.208729
0.208415
0.208082
0.207775
0.207507
0.20725
0.206987
0.206708
0.2064
0.206056
0.205681
0.205291
0.204908
0.204535
0.204167
0.203789
0.20339
0.20296
0.202489
0.201981
0.201449
0.200912
0.200371
0.199828
0.199267
0.19869
0.198087
0.197465
0.196812
0.196146
0.195464
0.194784
0.19409
0.19339
0.192653
0.191902
0.191125
0.190355
0.189558
0.188768
0.187938
0.187112
0.186248
0.185407
0.18455
0.183526
0.205581
0.206107
0.207731
0.211421
0.216935
0.221426
0.222072
0.221835
0.221405
0.220216
0.218597
0.216906
0.21602
0.215504
0.215257
0.215028
0.214945
0.21495
0.214977
0.214987
0.214997
0.215012
0.215013
0.215004
0.214992
0.214981
0.214962
0.214928
0.21488
0.214823
0.214765
0.214711
0.214664
0.214619
0.214575
0.214533
0.214489
0.214441
0.214387
0.21433
0.214275
0.214223
0.214169
0.214108
0.214038
0.213966
0.213894
0.213818
0.213738
0.213651
0.213567
0.21348
0.213413
0.213384
0.213339
0.213238
0.213035
0.212702
0.212228
0.211678
0.211148
0.210735
0.210471
0.210295
0.210182
0.210054
0.209884
0.209677
0.209459
0.209233
0.20902
0.208832
0.208673
0.208519
0.208343
0.208137
0.207919
0.207692
0.207459
0.207223
0.206988
0.206747
0.206488
0.206204
0.205902
0.205599
0.20529
0.204973
0.204638
0.204288
0.203921
0.203542
0.203142
0.20273
0.202309
0.201892
0.201468
0.201038
0.20058
0.200105
0.199607
0.199112
0.198588
0.198066
0.1975
0.196939
0.196336
0.195748
0.195163
0.194435
0.205457
0.205639
0.206206
0.207814
0.21135
0.216602
0.219912
0.220813
0.221338
0.221262
0.220554
0.218989
0.217367
0.21621
0.215588
0.215056
0.215054
0.215135
0.215084
0.215022
0.215002
0.215009
0.215013
0.215004
0.214993
0.214992
0.214988
0.214977
0.214956
0.214924
0.21488
0.214828
0.214776
0.214723
0.214672
0.214627
0.214587
0.214548
0.214508
0.214468
0.214432
0.214399
0.214363
0.214316
0.214257
0.214192
0.214127
0.214064
0.214001
0.213937
0.213874
0.213816
0.213756
0.21371
0.213696
0.213674
0.213614
0.213485
0.213248
0.212893
0.212426
0.211925
0.211493
0.211158
0.210966
0.21084
0.210751
0.210666
0.210573
0.210452
0.210297
0.210119
0.20996
0.209833
0.209721
0.209603
0.209496
0.209396
0.209292
0.209173
0.209037
0.208887
0.208723
0.20854
0.208348
0.208167
0.207994
0.207822
0.207639
0.207444
0.207238
0.207022
0.20679
0.206545
0.206294
0.206046
0.205794
0.20554
0.205264
0.204979
0.204679
0.204391
0.204081
0.203772
0.20343
0.203091
0.202735
0.202372
0.202103
0.201707
0.205416
0.205474
0.205667
0.20622
0.20764
0.210864
0.215439
0.21924
0.221281
0.221235
0.22099
0.220494
0.219306
0.217727
0.216488
0.215591
0.215478
0.215353
0.215111
0.214977
0.214981
0.215002
0.215009
0.215
0.214989
0.214992
0.214996
0.214999
0.214993
0.214982
0.214963
0.214926
0.214875
0.214817
0.214759
0.214708
0.214665
0.214628
0.214595
0.214563
0.214533
0.214504
0.214472
0.21443
0.214376
0.214315
0.214256
0.214202
0.214151
0.214101
0.214052
0.214004
0.213959
0.213914
0.213878
0.213871
0.213859
0.213825
0.213742
0.213584
0.213326
0.212956
0.212515
0.212072
0.211687
0.211426
0.21126
0.211136
0.211083
0.211036
0.210968
0.210875
0.210777
0.210679
0.210584
0.210471
0.210372
0.210302
0.210246
0.210187
0.210124
0.210053
0.209969
0.20986
0.209737
0.209619
0.209513
0.209405
0.209291
0.209167
0.209043
0.208915
0.208784
0.208637
0.208495
0.208355
0.208218
0.208069
0.207912
0.207733
0.20756
0.207379
0.207216
0.207022
0.206854
0.206685
0.206553
0.206446
0.206531
0.206739
0.205404
0.205421
0.205482
0.205658
0.206164
0.207283
0.210054
0.214054
0.218444
0.219702
0.220234
0.220482
0.220432
0.219808
0.218552
0.217149
0.216158
0.21545
0.215133
0.214984
0.215014
0.215087
0.215052
0.215004
0.214996
0.215007
0.215011
0.215004
0.214998
0.214992
0.214985
0.21497
0.214939
0.214893
0.21484
0.214788
0.21474
0.2147
0.214665
0.214634
0.214607
0.214579
0.214546
0.214505
0.214454
0.214399
0.214347
0.214302
0.214261
0.214221
0.214178
0.214133
0.214089
0.214046
0.214001
0.213978
0.213974
0.213967
0.213944
0.213891
0.213788
0.213615
0.213351
0.212999
0.212576
0.21217
0.211866
0.21161
0.211441
0.211372
0.211312
0.211232
0.21118
0.211148
0.211109
0.21104
0.210955
0.210893
0.210845
0.210792
0.210735
0.210681
0.210629
0.210563
0.210487
0.210418
0.210366
0.21031
0.210244
0.210163
0.21008
0.209992
0.209905
0.209802
0.20971
0.209621
0.209546
0.209463
0.209373
0.209269
0.209174
0.209072
0.209005
0.208917
0.208883
0.2089
0.209027
0.209356
0.210184
0.21182
0.205401
0.205405
0.205422
0.205477
0.20563
0.206017
0.206949
0.208995
0.212471
0.21629
0.218828
0.220492
0.220471
0.220265
0.21989
0.21912
0.217853
0.216577
0.215859
0.215381
0.21536
0.215267
0.21509
0.215018
0.215044
0.215056
0.215035
0.214995
0.214977
0.214982
0.214995
0.214994
0.214985
0.214963
0.214924
0.214872
0.214815
0.214764
0.214724
0.21469
0.214662
0.214636
0.214605
0.214567
0.214523
0.214477
0.214435
0.2144
0.214368
0.214337
0.214299
0.214254
0.214207
0.21416
0.214114
0.214076
0.214057
0.214048
0.214039
0.21402
0.213984
0.213921
0.213815
0.213644
0.213382
0.21303
0.21265
0.2123
0.211982
0.211768
0.211653
0.211532
0.211428
0.211397
0.211377
0.211336
0.211271
0.211235
0.211219
0.211194
0.21115
0.211094
0.21104
0.210983
0.210915
0.210852
0.210823
0.210798
0.210767
0.210723
0.210675
0.210619
0.21056
0.210487
0.21042
0.210361
0.210315
0.210264
0.210217
0.210166
0.210131
0.210101
0.210118
0.210181
0.210352
0.210737
0.211521
0.213234
0.217146
0.224786
0.2054
0.205401
0.205405
0.20542
0.205465
0.205585
0.205868
0.206561
0.207916
0.210665
0.2141
0.217788
0.219021
0.219359
0.219767
0.219744
0.219465
0.218642
0.217546
0.216554
0.215924
0.215334
0.215092
0.215072
0.215121
0.215097
0.214999
0.214963
0.214966
0.214984
0.215002
0.214997
0.214986
0.214973
0.214959
0.214935
0.214894
0.214842
0.214795
0.214754
0.214717
0.214685
0.214654
0.214621
0.214587
0.214551
0.214518
0.214491
0.214466
0.21444
0.214408
0.214368
0.214323
0.214279
0.214235
0.214194
0.214161
0.214135
0.214114
0.214094
0.214066
0.214032
0.213993
0.213932
0.213824
0.21365
0.213389
0.213074
0.212742
0.212395
0.212145
0.211966
0.21178
0.211641
0.211598
0.211555
0.211479
0.211422
0.211416
0.211403
0.211372
0.211329
0.211291
0.211252
0.211201
0.211137
0.211103
0.211086
0.211068
0.211041
0.211007
0.21097
0.210927
0.210883
0.210836
0.210806
0.210787
0.210768
0.210763
0.210775
0.210817
0.210911
0.211119
0.211546
0.212393
0.21437
0.218053
0.22713
0.248661
0.279446
0.2054
0.2054
0.205401
0.205405
0.205416
0.205449
0.205534
0.205738
0.206173
0.207093
0.209012
0.211874
0.21511
0.217291
0.219356
0.219722
0.219622
0.219441
0.219104
0.218462
0.217458
0.216522
0.215896
0.215615
0.21541
0.215176
0.21501
0.214986
0.215014
0.215083
0.215075
0.215035
0.214994
0.214988
0.214989
0.214981
0.214956
0.214913
0.214873
0.214837
0.214795
0.214753
0.214716
0.214683
0.214652
0.214619
0.214586
0.214561
0.214539
0.214515
0.214488
0.214456
0.214419
0.214384
0.21435
0.214314
0.21428
0.214245
0.214204
0.214165
0.214131
0.214095
0.214065
0.214037
0.213995
0.213925
0.213814
0.213653
0.213438
0.21317
0.212856
0.212577
0.212336
0.212071
0.211909
0.211832
0.211738
0.211612
0.211564
0.211542
0.211504
0.21146
0.211432
0.211405
0.211366
0.211312
0.211274
0.21126
0.211254
0.211239
0.211216
0.211181
0.211155
0.211136
0.211114
0.211104
0.211111
0.211145
0.211228
0.211387
0.211675
0.212202
0.213362
0.215559
0.220061
0.231857
0.250761
0.283696
0.328242
0.37234
0.2054
0.2054
0.2054
0.205401
0.205403
0.205412
0.205434
0.20549
0.205619
0.205892
0.206485
0.207553
0.20958
0.212542
0.215484
0.217317
0.218228
0.219095
0.219169
0.219037
0.218725
0.218216
0.217553
0.216829
0.216176
0.215696
0.215414
0.215309
0.21525
0.215198
0.215117
0.215049
0.21503
0.215043
0.215062
0.215053
0.215023
0.214979
0.214944
0.214919
0.214889
0.21485
0.214808
0.21477
0.214734
0.214695
0.214656
0.214625
0.214599
0.214573
0.214545
0.214519
0.214493
0.214467
0.214441
0.214413
0.214381
0.214346
0.214302
0.21425
0.214209
0.214171
0.214133
0.214104
0.214077
0.214042
0.213992
0.213926
0.213834
0.21371
0.213534
0.213291
0.213028
0.212745
0.21245
0.212241
0.212104
0.211925
0.21177
0.211719
0.21167
0.211599
0.211554
0.211527
0.211489
0.211428
0.211385
0.211378
0.211384
0.211379
0.21136
0.211327
0.211326
0.211337
0.211363
0.211415
0.211516
0.211722
0.212131
0.212978
0.214531
0.217482
0.224906
0.236935
0.260182
0.298517
0.338537
0.375725
0.396165
0.417856
0.2054
0.2054
0.2054
0.2054
0.2054
0.205402
0.205408
0.205422
0.205456
0.205532
0.205696
0.20603
0.206643
0.207884
0.209765
0.212463
0.215034
0.217064
0.218213
0.218386
0.218451
0.218531
0.218453
0.218222
0.217663
0.216914
0.216295
0.215893
0.215523
0.21523
0.215114
0.215075
0.21509
0.215114
0.215101
0.215072
0.215032
0.215021
0.215018
0.21501
0.214989
0.214963
0.214933
0.214896
0.214851
0.214799
0.214746
0.214702
0.214668
0.214635
0.2146
0.214571
0.21455
0.214529
0.214509
0.214488
0.214461
0.214428
0.21439
0.214345
0.214302
0.214265
0.214225
0.214183
0.21415
0.214121
0.21409
0.214055
0.214013
0.213956
0.21388
0.213777
0.213623
0.213427
0.21318
0.212885
0.212641
0.212426
0.212185
0.212017
0.211939
0.21184
0.211737
0.211689
0.211645
0.211567
0.211502
0.211499
0.211512
0.211518
0.211511
0.211521
0.211564
0.211661
0.211852
0.21221
0.2129
0.214123
0.216509
0.221999
0.230543
0.248145
0.280615
0.315042
0.352642
0.379295
0.406854
0.43323
0.438729
0.439901
0.2054
0.2054
0.2054
0.2054
0.2054
0.2054
0.205401
0.205404
0.205412
0.205432
0.205474
0.205565
0.205741
0.206087
0.20672
0.207788
0.209648
0.211997
0.21436
0.216325
0.217382
0.218136
0.218229
0.218148
0.21803
0.217953
0.217693
0.217225
0.216621
0.216025
0.215697
0.215473
0.215343
0.215242
0.215117
0.215043
0.215042
0.215065
0.21507
0.21506
0.215036
0.215011
0.214992
0.214973
0.214942
0.214898
0.214849
0.214803
0.214764
0.214726
0.214684
0.214641
0.21461
0.214587
0.214563
0.214537
0.214511
0.214486
0.214462
0.214434
0.2144
0.214365
0.214327
0.214282
0.214238
0.214204
0.214177
0.214153
0.214126
0.21409
0.214039
0.213985
0.213924
0.213843
0.213727
0.213563
0.213337
0.213098
0.212855
0.212579
0.21241
0.212261
0.21211
0.211971
0.211894
0.211796
0.211715
0.211711
0.211729
0.211779
0.211868
0.212045
0.212386
0.213028
0.214168
0.216477
0.221145
0.228177
0.244198
0.271942
0.301434
0.337803
0.367722
0.397043
0.423312
0.428472
0.434671
0.442748
0.450013
0.452903
0.2054
0.2054
0.2054
0.2054
0.2054
0.2054
0.2054
0.205401
0.205402
0.205407
0.205417
0.205438
0.205485
0.205575
0.205751
0.206064
0.206613
0.2076
0.209069
0.211111
0.213437
0.215169
0.216445
0.217295
0.217975
0.217993
0.217963
0.217868
0.217681
0.217371
0.216941
0.216514
0.216105
0.215777
0.215495
0.215264
0.215219
0.215198
0.215151
0.21507
0.215031
0.215025
0.215028
0.215028
0.215019
0.214999
0.214973
0.214946
0.214915
0.214877
0.21483
0.214773
0.214717
0.214674
0.214639
0.214601
0.214563
0.214535
0.214522
0.214509
0.21449
0.214462
0.214428
0.214387
0.214345
0.214311
0.214285
0.214263
0.214237
0.214205
0.214159
0.214108
0.214073
0.214044
0.214002
0.213939
0.213838
0.213697
0.213527
0.21334
0.213128
0.212931
0.212751
0.212534
0.21239
0.212269
0.212246
0.212295
0.212452
0.21279
0.213441
0.214673
0.217197
0.221416
0.22847
0.245449
0.269663
0.29736
0.333818
0.363511
0.392677
0.416225
0.422144
0.431041
0.442958
0.451263
0.452591
0.452183
0.451849
0.452595
0.2054
0.2054
0.2054
0.2054
0.2054
0.2054
0.2054
0.2054
0.2054
0.205401
0.205403
0.205408
0.205418
0.20544
0.205483
0.205567
0.205717
0.205979
0.20644
0.20716
0.208346
0.210058
0.211974
0.21385
0.215473
0.216382
0.21693
0.21744
0.217652
0.217606
0.2175
0.217367
0.217194
0.216916
0.216558
0.216193
0.215866
0.215623
0.215438
0.215248
0.21517
0.215159
0.215132
0.215107
0.215095
0.215074
0.215041
0.215015
0.214988
0.214973
0.214962
0.214936
0.214888
0.214828
0.214775
0.214729
0.214679
0.214628
0.214598
0.214586
0.214575
0.214556
0.214524
0.214487
0.214454
0.214428
0.214406
0.214383
0.214356
0.214321
0.214276
0.214223
0.214192
0.214181
0.214166
0.214138
0.214087
0.214017
0.213928
0.213849
0.213751
0.213664
0.213567
0.213446
0.213456
0.213568
0.213889
0.214619
0.216152
0.219019
0.223436
0.233117
0.25164
0.272758
0.302314
0.338112
0.36504
0.396503
0.413104
0.42136
0.433086
0.445812
0.448838
0.448276
0.449276
0.452033
0.455084
0.455834
0.455825
0.455888
0.2054
0.2054
0.2054
0.2054
0.2054
0.2054
0.2054
0.2054
0.2054
0.2054
0.2054
0.205401
0.205403
0.205408
0.205418
0.205437
0.205475
0.205542
0.205662
0.205869
0.206197
0.206743
0.20761
0.208807
0.210465
0.212345
0.21388
0.215161
0.216337
0.216663
0.216822
0.217076
0.217211
0.217195
0.217125
0.217005
0.216831
0.216581
0.216311
0.216032
0.215768
0.215559
0.215389
0.215285
0.215233
0.215179
0.215107
0.215037
0.215018
0.215017
0.215013
0.214997
0.214972
0.214939
0.214912
0.214896
0.214876
0.214837
0.214774
0.214716
0.214684
0.214658
0.214628
0.214591
0.214552
0.214525
0.214511
0.214496
0.214473
0.214438
0.214392
0.214339
0.214306
0.214297
0.214292
0.214282
0.214261
0.214236
0.214238
0.214256
0.214325
0.214471
0.21477
0.215381
0.216534
0.218665
0.222091
0.228831
0.243365
0.261943
0.285316
0.320551
0.350897
0.377807
0.405182
0.415186
0.42532
0.440712
0.448067
0.447748
0.448876
0.452264
0.455756
0.456172
0.4559
0.455634
0.455548
0.455717
0.45592
0.456054
0.2054
0.2054
0.2054
0.2054
0.2054
0.2054
0.2054
0.2054
0.2054
0.2054
0.2054
0.2054
0.2054
0.205401
0.205403
0.205408
0.205416
0.205432
0.205462
0.205514
0.205605
0.205753
0.205994
0.206388
0.206945
0.207878
0.209194
0.210649
0.212301
0.213847
0.214833
0.215818
0.216518
0.216622
0.216735
0.21681
0.216789
0.216808
0.216796
0.216732
0.216565
0.216324
0.216098
0.215893
0.215709
0.215551
0.215406
0.215293
0.215218
0.215165
0.215122
0.215071
0.215009
0.214969
0.214959
0.214971
0.214979
0.214972
0.214945
0.214896
0.214846
0.214811
0.214781
0.214745
0.214695
0.214638
0.214606
0.214587
0.214563
0.214529
0.214491
0.214448
0.214424
0.214425
0.214442
0.214481
0.214557
0.21469
0.214951
0.215458
0.216375
0.218039
0.220931
0.226622
0.238391
0.254379
0.275649
0.30942
0.342626
0.367171
0.396895
0.413002
0.423529
0.438671
0.449428
0.449464
0.449934
0.453169
0.45613
0.456248
0.45581
0.455808
0.455963
0.456593
0.457254
0.457508
0.457537
0.457539
0.457413
0.457183
0.2054
0.2054
0.2054
0.2054
0.2054
0.2054
0.2054
0.2054
0.2054
0.2054
0.2054
0.2054
0.2054
0.2054
0.2054
0.205401
0.205403
0.205407
0.205414
0.205427
0.20545
0.205491
0.205558
0.205668
0.20585
0.206111
0.206546
0.207198
0.208048
0.209389
0.210945
0.212332
0.213677
0.214615
0.215456
0.216244
0.216433
0.216539
0.216667
0.216665
0.216624
0.216577
0.21655
0.216506
0.216395
0.216204
0.21596
0.215728
0.215557
0.215465
0.215414
0.215348
0.215242
0.215127
0.215055
0.215016
0.215008
0.215015
0.215012
0.214986
0.21494
0.214907
0.214883
0.214854
0.214813
0.214761
0.214723
0.2147
0.21468
0.214657
0.214649
0.214659
0.214692
0.214774
0.214967
0.215358
0.216066
0.217415
0.219893
0.224566
0.233718
0.246707
0.266559
0.299706
0.333285
0.359531
0.391025
0.410262
0.420591
0.433777
0.449308
0.45098
0.45108
0.454498
0.457159
0.456928
0.456551
0.457004
0.458138
0.45944
0.45981
0.459738
0.459433
0.459054
0.458905
0.458824
0.458707
0.458516
0.458255
0.457969
0.2054
0.2054
0.2054
0.2054
0.2054
0.2054
0.2054
0.2054
0.2054
0.2054
0.2054
0.2054
0.2054
0.2054
0.2054
0.2054
0.2054
0.205401
0.205403
0.205406
0.205412
0.205422
0.205441
0.205471
0.205523
0.205607
0.205733
0.205938
0.206241
0.206683
0.207422
0.208338
0.209526
0.211009
0.212335
0.21363
0.21465
0.215226
0.215809
0.216265
0.216392
0.216464
0.216552
0.216568
0.21655
0.21649
0.2164
0.216262
0.216132
0.216019
0.215888
0.215727
0.21557
0.215451
0.215346
0.215231
0.215146
0.215125
0.215106
0.215073
0.215026
0.214996
0.214972
0.214943
0.214905
0.21487
0.214859
0.214866
0.2149
0.214991
0.215171
0.215484
0.216016
0.217052
0.219015
0.22264
0.229378
0.240088
0.259217
0.290485
0.321936
0.349008
0.381704
0.403817
0.417062
0.433543
0.449618
0.451122
0.449947
0.451833
0.454768
0.456318
0.457558
0.459625
0.461177
0.461356
0.461223
0.461077
0.460977
0.46078
0.460617
0.460493
0.460326
0.460027
0.459545
0.459128
0.458885
0.458686
0.458572
0.458474
0.2054
0.2054
0.2054
0.2054
0.2054
0.2054
0.2054
0.2054
0.2054
0.2054
0.2054
0.2054
0.2054
0.2054
0.2054
0.2054
0.2054
0.2054
0.2054
0.205401
0.205402
0.205405
0.20541
0.205418
0.205433
0.205457
0.205496
0.205557
0.205656
0.205803
0.206031
0.20637
0.206832
0.207578
0.208593
0.209726
0.211121
0.212514
0.213508
0.214414
0.21521
0.215652
0.215921
0.216166
0.216413
0.216488
0.216474
0.216425
0.216354
0.2163
0.216263
0.216203
0.216113
0.215978
0.2158
0.215625
0.215446
0.215336
0.21527
0.215219
0.215174
0.215156
0.215142
0.215125
0.215126
0.215147
0.215225
0.215415
0.215813
0.216643
0.218299
0.22138
0.226692
0.235889
0.253621
0.280485
0.308257
0.337759
0.373671
0.396564
0.411541
0.431351
0.446807
0.447074
0.447604
0.452209
0.456731
0.458219
0.458761
0.459956
0.460869
0.461262
0.461587
0.461766
0.461877
0.461893
0.461799
0.461468
0.460911
0.460549
0.460403
0.460324
0.460236
0.460077
0.459837
0.459688
0.459618
0.459579
0.459553
0.459531
0.2054
0.2054
0.2054
0.2054
0.2054
0.2054
0.2054
0.2054
0.2054
0.2054
0.2054
0.2054
0.2054
0.2054
0.2054
0.2054
0.2054
0.2054
0.2054
0.2054
0.2054
0.205401
0.205402
0.205404
0.205408
0.205415
0.205426
0.205445
0.205475
0.205522
0.205596
0.205707
0.205874
0.206122
0.206489
0.207017
0.207755
0.208799
0.209984
0.211144
0.212429
0.213691
0.214439
0.21493
0.215351
0.215827
0.216234
0.216324
0.216303
0.216227
0.216202
0.216225
0.216268
0.216271
0.216236
0.216145
0.216013
0.215829
0.215656
0.215547
0.215452
0.215449
0.215502
0.215659
0.215973
0.216605
0.217881
0.220278
0.224326
0.231811
0.247939
0.271645
0.29742
0.329843
0.366076
0.388748
0.40741
0.429127
0.439989
0.443183
0.448126
0.455114
0.458029
0.458758
0.459821
0.461281
0.461859
0.46193
0.461775
0.461418
0.461475
0.461551
0.46147
0.461221
0.460897
0.460701
0.460646
0.460617
0.460574
0.460572
0.460648
0.460641
0.460575
0.460463
0.460339
0.460222
0.460105
0.459968
0.45979
0.459579
0.2054
0.2054
0.2054
0.2054
0.2054
0.2054
0.2054
0.2054
0.2054
0.2054
0.2054
0.2054
0.2054
0.2054
0.2054
0.2054
0.2054
0.2054
0.2054
0.2054
0.2054
0.2054
0.2054
0.205401
0.205402
0.205404
0.205407
0.205412
0.205421
0.205436
0.205459
0.205495
0.205551
0.205636
0.205762
0.205951
0.206225
0.206604
0.207177
0.20797
0.208927
0.210074
0.211343
0.212631
0.21355
0.214105
0.214719
0.215541
0.215993
0.215999
0.216016
0.216116
0.216159
0.216171
0.2162
0.216265
0.216334
0.216319
0.216287
0.216315
0.21645
0.216847
0.217742
0.219507
0.222693
0.228863
0.242899
0.263392
0.286574
0.319371
0.356613
0.38077
0.40287
0.423486
0.433831
0.44224
0.45306
0.456956
0.455889
0.455441
0.45685
0.45914
0.459701
0.459725
0.460116
0.460906
0.461672
0.461757
0.461626
0.461336
0.461059
0.460934
0.460852
0.460776
0.46063
0.460446
0.460417
0.460428
0.460461
0.460444
0.460408
0.460366
0.460295
0.460182
0.460032
0.459878
0.459746
0.459622
0.459496
0.459369
0.2054
0.2054
0.2054
0.2054
0.2054
0.2054
0.2054
0.2054
0.2054
0.2054
0.2054
0.2054
0.2054
0.2054
0.2054
0.2054
0.2054
0.2054
0.2054
0.2054
0.2054
0.2054
0.2054
0.2054
0.2054
0.205401
0.205401
0.205403
0.205406
0.20541
0.205417
0.205428
0.205446
0.205475
0.205518
0.205583
0.205679
0.205821
0.206028
0.206317
0.206726
0.207346
0.208157
0.209075
0.210236
0.211519
0.212506
0.213404
0.21426
0.214826
0.215304
0.215727
0.215955
0.21599
0.216086
0.216286
0.216584
0.217039
0.217739
0.219057
0.221785
0.227115
0.238539
0.255668
0.277063
0.309948
0.347706
0.373123
0.39931
0.421319
0.429766
0.438248
0.450001
0.453023
0.453052
0.455291
0.459703
0.461361
0.461209
0.461168
0.461516
0.462083
0.462082
0.461938
0.461466
0.461338
0.461383
0.461367
0.461276
0.461103
0.460963
0.460796
0.460691
0.460634
0.460543
0.460403
0.460259
0.460153
0.460088
0.460024
0.459949
0.459876
0.459805
0.459716
0.459597
0.459456
0.459312
0.459193
0.459115
0.459065
0.2054
0.2054
0.2054
0.2054
0.2054
0.2054
0.2054
0.2054
0.2054
0.2054
0.2054
0.2054
0.2054
0.2054
0.2054
0.2054
0.2054
0.2054
0.2054
0.2054
0.2054
0.2054
0.2054
0.2054
0.2054
0.2054
0.2054
0.205401
0.205401
0.205402
0.205405
0.205408
0.205414
0.205423
0.205437
0.205459
0.205493
0.205543
0.205616
0.205726
0.205883
0.206101
0.206424
0.206884
0.207458
0.208278
0.209342
0.210396
0.21152
0.21268
0.213656
0.214499
0.215418
0.216144
0.216926
0.218159
0.220408
0.224403
0.232248
0.245895
0.268533
0.303159
0.339504
0.365275
0.3935
0.41906
0.427013
0.435601
0.448465
0.451593
0.451034
0.453165
0.4582
0.461077
0.461461
0.461912
0.462674
0.462829
0.462619
0.461912
0.461751
0.461817
0.462035
0.461983
0.461742
0.461318
0.460946
0.460738
0.460653
0.460609
0.460577
0.460554
0.460517
0.460446
0.46035
0.460217
0.460057
0.459902
0.45978
0.459685
0.45959
0.459509
0.459446
0.459382
0.459309
0.459215
0.459098
0.458995
0.458922
0.458883
0.2054
0.2054
0.2054
0.2054
0.2054
0.2054
0.2054
0.2054
0.2054
0.2054
0.2054
0.2054
0.2054
0.2054
0.2054
0.2054
0.2054
0.2054
0.2054
0.2054
0.2054
0.2054
0.2054
0.2054
0.2054
0.2054
0.2054
0.2054
0.2054
0.2054
0.205401
0.205402
0.205404
0.205407
0.205411
0.205418
0.205429
0.205447
0.205473
0.205511
0.205569
0.205658
0.205783
0.20597
0.206236
0.206615
0.207152
0.207907
0.209048
0.209898
0.21096
0.21247
0.214713
0.218478
0.224702
0.236447
0.258579
0.289194
0.320562
0.351167
0.386516
0.41212
0.42197
0.432924
0.446215
0.449454
0.451653
0.456391
0.461728
0.462919
0.462619
0.461748
0.462074
0.462222
0.462167
0.462232
0.462357
0.462356
0.462245
0.461844
0.461588
0.461501
0.461471
0.461395
0.461212
0.460891
0.460644
0.460532
0.460506
0.460506
0.460498
0.460486
0.460444
0.460347
0.460223
0.460083
0.459922
0.459765
0.45963
0.459529
0.459445
0.45938
0.459309
0.459223
0.45912
0.458999
0.458874
0.458747
0.458629
0.458548
0.2054
0.2054
0.2054
0.2054
0.2054
0.2054
0.2054
0.2054
0.2054
0.2054
0.2054
0.2054
0.2054
0.2054
0.2054
0.2054
0.2054
0.2054
0.2054
0.2054
0.2054
0.2054
0.2054
0.2054
0.2054
0.2054
0.2054
0.2054
0.2054
0.2054
0.2054
0.2054
0.205401
0.205402
0.205403
0.205406
0.20541
0.205417
0.205428
0.205447
0.205466
0.205495
0.205541
0.20562
0.20575
0.205975
0.206376
0.207123
0.208443
0.21115
0.216101
0.225596
0.243871
0.269802
0.299567
0.33618
0.372122
0.39518
0.414083
0.432782
0.444198
0.447489
0.450679
0.455278
0.458703
0.459078
0.458954
0.459872
0.462306
0.463461
0.463333
0.462923
0.462828
0.462702
0.462477
0.462373
0.462341
0.462477
0.462755
0.462735
0.46258
0.462299
0.461899
0.461508
0.461141
0.460879
0.460686
0.460633
0.460713
0.460802
0.460804
0.46074
0.460576
0.460383
0.460223
0.460073
0.459916
0.459774
0.459639
0.459494
0.459364
0.459241
0.459103
0.458958
0.458813
0.458684
0.458567
0.458462
0.458365
0.458293
0.2054
0.2054
0.2054
0.2054
0.2054
0.2054
0.2054
0.2054
0.2054
0.2054
0.2054
0.2054
0.2054
0.2054
0.2054
0.2054
0.2054
0.2054
0.2054
0.2054
0.2054
0.2054
0.2054
0.2054
0.2054
0.2054
0.2054
0.2054
0.2054
0.2054
0.2054
0.2054
0.2054
0.2054
0.205401
0.205403
0.205405
0.205411
0.205422
0.205444
0.205495
0.205597
0.205803
0.206216
0.207026
0.208727
0.211966
0.219195
0.232891
0.251645
0.279731
0.318249
0.35294
0.377113
0.40219
0.422715
0.429682
0.435778
0.443785
0.447887
0.447776
0.447902
0.450168
0.454923
0.458618
0.459274
0.459141
0.459657
0.461083
0.461908
0.462094
0.46236
0.462566
0.462416
0.462179
0.461942
0.461683
0.461616
0.461676
0.461754
0.461744
0.46161
0.461303
0.461114
0.461096
0.461072
0.460991
0.460916
0.460834
0.46075
0.46066
0.460489
0.460247
0.460045
0.4599
0.459757
0.459609
0.459501
0.459429
0.459363
0.459288
0.45919
0.459059
0.458909
0.458752
0.458613
0.458491
0.458398
0.458316
0.458248
0.2054
0.2054
0.2054
0.2054
0.2054
0.2054
0.2054
0.2054
0.2054
0.2054
0.2054
0.2054
0.2054
0.2054
0.2054
0.2054
0.2054
0.2054
0.2054
0.2054
0.2054
0.2054
0.2054
0.2054
0.2054
0.2054
0.2054
0.2054
0.2054
0.2054
0.2054
0.2054
0.205401
0.205404
0.205409
0.205421
0.205445
0.205499
0.205617
0.205862
0.206366
0.207495
0.209783
0.214537
0.224322
0.240584
0.267499
0.30502
0.336279
0.364171
0.392256
0.410789
0.421493
0.431872
0.438437
0.439225
0.440135
0.442982
0.4469
0.448649
0.448479
0.448183
0.448926
0.451083
0.453626
0.455335
0.456628
0.457547
0.457868
0.45782
0.457758
0.457945
0.458592
0.459443
0.459996
0.460028
0.46003
0.460098
0.460259
0.460565
0.461013
0.461129
0.46114
0.4612
0.461231
0.461208
0.461113
0.460959
0.460793
0.460625
0.460443
0.460208
0.459992
0.459926
0.459878
0.459806
0.459708
0.459617
0.459541
0.459466
0.459378
0.45926
0.459104
0.458927
0.458756
0.458605
0.45848
0.458389
0.458317
0.458247
0.2054
0.2054
0.2054
0.2054
0.2054
0.2054
0.2054
0.2054
0.2054
0.2054
0.2054
0.2054
0.2054
0.2054
0.2054
0.2054
0.2054
0.2054
0.2054
0.2054
0.2054
0.2054
0.2054
0.2054
0.2054
0.2054
0.2054
0.2054
0.2054
0.205401
0.205403
0.205408
0.20542
0.205448
0.205514
0.205662
0.205971
0.20669
0.208223
0.211478
0.21812
0.230889
0.25461
0.287552
0.320204
0.352714
0.387168
0.403758
0.414538
0.428467
0.432361
0.431979
0.433887
0.437827
0.440745
0.441112
0.441342
0.442493
0.445252
0.447637
0.448041
0.447942
0.448058
0.448679
0.449451
0.45022
0.451081
0.452056
0.452783
0.453393
0.45394
0.454401
0.455004
0.456021
0.457182
0.457924
0.458348
0.458584
0.458768
0.459078
0.459599
0.460154
0.4603
0.460343
0.46031
0.46024
0.460172
0.460095
0.459923
0.459753
0.459744
0.459745
0.459753
0.459835
0.459893
0.459883
0.459854
0.459821
0.45978
0.459715
0.459618
0.459479
0.459293
0.459073
0.458872
0.458705
0.458573
0.458466
0.458378
0.45829
0.2054
0.2054
0.2054
0.2054
0.2054
0.2054
0.2054
0.2054
0.2054
0.2054
0.2054
0.2054
0.2054
0.2054
0.2054
0.2054
0.2054
0.2054
0.2054
0.2054
0.2054
0.2054
0.2054
0.2054
0.2054
0.2054
0.2054
0.205402
0.205406
0.205418
0.205445
0.205516
0.205689
0.206087
0.207066
0.209326
0.213517
0.223131
0.243079
0.270472
0.302728
0.33993
0.375198
0.394762
0.409857
0.42254
0.425942
0.428666
0.433798
0.440559
0.442891
0.442765
0.442673
0.443111
0.443747
0.443773
0.443588
0.443293
0.44348
0.443933
0.444281
0.444422
0.444531
0.444829
0.445419
0.446008
0.446508
0.447128
0.447938
0.448854
0.449803
0.450652
0.451273
0.451902
0.452734
0.453605
0.454231
0.454701
0.455105
0.455481
0.45594
0.456671
0.457226
0.457501
0.457718
0.457995
0.458368
0.458751
0.458996
0.459183
0.459393
0.459586
0.459769
0.45995
0.460062
0.46009
0.460092
0.46008
0.460048
0.459985
0.459884
0.459738
0.459542
0.459312
0.459126
0.458989
0.458878
0.458768
0.458668
0.458575
0.2054
0.2054
0.2054
0.2054
0.2054
0.2054
0.2054
0.2054
0.2054
0.2054
0.2054
0.2054
0.2054
0.2054
0.2054
0.2054
0.2054
0.2054
0.2054
0.2054
0.2054
0.2054
0.2054
0.2054
0.205401
0.205404
0.205413
0.205436
0.205504
0.205683
0.20613
0.207314
0.210143
0.215922
0.230787
0.256099
0.28653
0.324479
0.360272
0.387589
0.411768
0.424153
0.430201
0.435695
0.441436
0.442924
0.44293
0.44254
0.442631
0.443301
0.443855
0.443658
0.443387
0.443484
0.443919
0.444013
0.443857
0.443386
0.442984
0.442789
0.442643
0.442662
0.442712
0.442753
0.442871
0.44316
0.443576
0.444069
0.444673
0.445352
0.44602
0.446687
0.447319
0.447884
0.448507
0.449273
0.45002
0.450629
0.451193
0.451758
0.452356
0.453087
0.454015
0.454908
0.455589
0.456207
0.456829
0.457456
0.458035
0.458527
0.458883
0.459153
0.459402
0.459638
0.459836
0.459906
0.459893
0.45977
0.459675
0.459654
0.459619
0.459528
0.459349
0.45913
0.458979
0.458891
0.458825
0.458737
0.458654
0.458573
0.2054
0.2054
0.2054
0.2054
0.2054
0.2054
0.2054
0.2054
0.2054
0.2054
0.2054
0.2054
0.2054
0.2054
0.2054
0.2054
0.2054
0.2054
0.2054
0.2054
0.2054
0.2054
0.205402
0.205408
0.205423
0.205472
0.205612
0.206017
0.207213
0.210413
0.217362
0.235334
0.264269
0.301814
0.343681
0.376149
0.40858
0.423556
0.423994
0.427947
0.434179
0.434943
0.434603
0.436111
0.439405
0.443304
0.444163
0.443815
0.44321
0.442919
0.442715
0.442283
0.441594
0.441292
0.441315
0.441505
0.441838
0.442167
0.442419
0.44252
0.4425
0.442457
0.442444
0.44244
0.442453
0.442544
0.442754
0.443049
0.443397
0.443772
0.444119
0.444451
0.44482
0.445157
0.44547
0.445888
0.446509
0.447206
0.447807
0.448377
0.449003
0.449671
0.450436
0.451343
0.452319
0.453278
0.454071
0.454693
0.455289
0.455936
0.456555
0.457078
0.45749
0.457928
0.458439
0.458839
0.458965
0.458964
0.458961
0.459032
0.45914
0.459141
0.459101
0.459019
0.458909
0.45885
0.458813
0.458763
0.458715
0.458654
0.2054
0.2054
0.2054
0.2054
0.2054
0.2054
0.2054
0.2054
0.2054
0.2054
0.2054
0.2054
0.2054
0.2054
0.2054
0.2054
0.2054
0.2054
0.2054
0.205401
0.205403
0.205411
0.205438
0.205524
0.205787
0.20668
0.209112
0.21579
0.234738
0.26597
0.308694
0.352664
0.385339
0.415923
0.41979
0.423232
0.432614
0.438945
0.439623
0.44116
0.442457
0.44198
0.440375
0.437798
0.43826
0.439796
0.441261
0.441827
0.441851
0.441774
0.441699
0.441577
0.441181
0.440658
0.4405
0.44056
0.440807
0.441256
0.441892
0.442299
0.442358
0.442341
0.442309
0.442288
0.442264
0.442228
0.442239
0.442296
0.442387
0.442507
0.442644
0.442804
0.443034
0.44331
0.443465
0.443548
0.443718
0.444124
0.444691
0.445231
0.445786
0.446438
0.4472
0.448028
0.448882
0.449748
0.45065
0.45153
0.45236
0.453155
0.453942
0.454866
0.455687
0.456322
0.45688
0.457414
0.457888
0.458265
0.45832
0.458365
0.4585
0.458694
0.458805
0.458825
0.458773
0.458738
0.458787
0.458881
0.458945
0.458941
0.2054
0.2054
0.2054
0.2054
0.2054
0.2054
0.2054
0.2054
0.2054
0.2054
0.2054
0.2054
0.2054
0.2054
0.2054
0.2054
0.2054
0.205401
0.205403
0.205413
0.20545
0.205582
0.206055
0.207641
0.212015
0.227247
0.25594
0.299805
0.348774
0.389594
0.421928
0.430869
0.438614
0.443498
0.442841
0.441524
0.441867
0.442022
0.441998
0.442479
0.44353
0.444205
0.44407
0.443087
0.441575
0.441118
0.441264
0.441357
0.441586
0.441824
0.441933
0.441897
0.441676
0.441227
0.440829
0.44077
0.440872
0.441177
0.441585
0.441868
0.441912
0.441881
0.441763
0.441687
0.441662
0.441625
0.441604
0.441605
0.441644
0.441752
0.441849
0.44192
0.442021
0.442146
0.442182
0.442166
0.442131
0.442212
0.44252
0.443012
0.443525
0.444034
0.444594
0.445224
0.44589
0.446564
0.447283
0.448047
0.44884
0.449598
0.450271
0.450989
0.451915
0.452969
0.453858
0.454457
0.454936
0.455518
0.456143
0.456603
0.45694
0.457313
0.457763
0.458178
0.458439
0.458546
0.458701
0.458936
0.459089
0.459174
0.2054
0.2054
0.2054
0.2054
0.2054
0.2054
0.2054
0.2054
0.2054
0.2054
0.2054
0.2054
0.2054
0.2054
0.2054
0.2054
0.205403
0.205413
0.205454
0.205613
0.20625
0.208664
0.217399
0.239084
0.28176
0.333171
0.38083
0.414244
0.418175
0.427028
0.432266
0.433291
0.436068
0.440653
0.443461
0.443118
0.442721
0.442078
0.441647
0.441887
0.4427
0.44382
0.444098
0.443945
0.443487
0.442827
0.44215
0.441917
0.442019
0.442281
0.442482
0.442552
0.44251
0.442327
0.442034
0.441816
0.441697
0.441712
0.441698
0.441605
0.441422
0.441179
0.440993
0.440963
0.440987
0.441022
0.441057
0.44115
0.441362
0.44161
0.441755
0.441815
0.441851
0.441874
0.441885
0.441816
0.441653
0.441536
0.441539
0.441676
0.44198
0.44236
0.442741
0.443131
0.443543
0.443981
0.444467
0.445029
0.445677
0.446391
0.447211
0.448058
0.448911
0.449774
0.450713
0.451672
0.452556
0.453285
0.453951
0.454634
0.455286
0.455939
0.45659
0.457183
0.457751
0.458041
0.458241
0.458547
0.458854
0.459115
0.2054
0.2054
0.2054
0.2054
0.2054
0.2054
0.2054
0.2054
0.2054
0.2054
0.2054
0.2054
0.2054
0.2054
0.205402
0.20541
0.205444
0.205602
0.206306
0.209114
0.220343
0.250598
0.303597
0.36206
0.401332
0.419866
0.437692
0.443312
0.442851
0.44204
0.440074
0.436522
0.435711
0.436737
0.439168
0.441254
0.441883
0.44172
0.441232
0.441047
0.441263
0.441973
0.442818
0.443361
0.443312
0.442966
0.442512
0.442102
0.442011
0.44212
0.442295
0.442381
0.442407
0.442367
0.44229
0.442183
0.442028
0.441787
0.441561
0.441264
0.440897
0.440561
0.440425
0.440433
0.440506
0.440659
0.440854
0.441099
0.441424
0.44176
0.441898
0.441927
0.441941
0.441934
0.441881
0.441746
0.441548
0.441355
0.441232
0.441204
0.441256
0.441423
0.441663
0.441923
0.442188
0.442464
0.442775
0.443163
0.443652
0.444178
0.444741
0.445406
0.446186
0.446998
0.447836
0.448728
0.449728
0.450722
0.45151
0.452167
0.452762
0.453495
0.454295
0.454938
0.455593
0.456321
0.456714
0.457033
0.457434
0.457984
0.2054
0.2054
0.2054
0.2054
0.2054
0.2054
0.2054
0.2054
0.2054
0.2054
0.2054
0.2054
0.205401
0.205406
0.205429
0.205544
0.206103
0.208856
0.221212
0.254813
0.313282
0.382016
0.41629
0.435274
0.43691
0.434562
0.437493
0.443178
0.444004
0.44383
0.443776
0.442841
0.440966
0.439721
0.440243
0.441354
0.442006
0.442051
0.441732
0.441253
0.440958
0.440921
0.441131
0.441492
0.441933
0.44205
0.441899
0.441698
0.441686
0.441742
0.44188
0.441979
0.442054
0.442177
0.442161
0.442083
0.441898
0.441616
0.441294
0.440936
0.440589
0.440395
0.440386
0.440431
0.440543
0.440713
0.440965
0.441289
0.441669
0.441917
0.441983
0.441986
0.441972
0.441923
0.4418
0.441593
0.441355
0.441192
0.441126
0.441035
0.44098
0.441003
0.441077
0.441199
0.441355
0.441542
0.441762
0.442022
0.442347
0.442747
0.443169
0.443601
0.444117
0.444767
0.44555
0.446383
0.44726
0.448173
0.449111
0.450007
0.450782
0.451499
0.452274
0.453128
0.453847
0.454699
0.455396
0.45576
0.456084
0.456643
0.2054
0.2054
0.2054
0.2054
0.2054
0.2054
0.2054
0.2054
0.2054
0.2054
0.2054
0.205402
0.205413
0.205478
0.205828
0.2078
0.2171
0.253679
0.316848
0.378076
0.408339
0.421817
0.426371
0.434833
0.438198
0.436887
0.436994
0.438627
0.440668
0.442086
0.443328
0.443941
0.443857
0.443374
0.442592
0.44239
0.442566
0.442696
0.442616
0.442228
0.441554
0.441129
0.440596
0.440413
0.44051
0.440758
0.440984
0.441081
0.441168
0.441278
0.441356
0.441371
0.441397
0.441552
0.441671
0.441651
0.441515
0.441271
0.441036
0.440802
0.440585
0.440499
0.440506
0.440573
0.440726
0.440964
0.441236
0.44154
0.441856
0.441929
0.441908
0.441864
0.441779
0.441649
0.44147
0.441259
0.441038
0.440943
0.440927
0.440865
0.440861
0.440878
0.440914
0.44097
0.441058
0.441184
0.441357
0.441585
0.441844
0.442123
0.442454
0.44283
0.443227
0.443652
0.444136
0.444684
0.445345
0.446086
0.44691
0.447702
0.448546
0.449332
0.450009
0.450859
0.451657
0.45241
0.453258
0.453951
0.454304
0.454865
0.2054
0.2054
0.2054
0.2054
0.2054
0.2054
0.2054
0.2054
0.2054
0.2054
0.205405
0.205427
0.205576
0.206589
0.212357
0.241909
0.303324
0.37174
0.420222
0.441999
0.443724
0.440626
0.43421
0.435977
0.440191
0.4415
0.440632
0.439976
0.439839
0.440046
0.44121
0.443001
0.443985
0.443972
0.443688
0.443237
0.44299
0.442949
0.442916
0.442797
0.442339
0.441465
0.440669
0.440319
0.440237
0.440297
0.440462
0.440689
0.440923
0.441131
0.441194
0.441148
0.441037
0.440921
0.440953
0.440964
0.440927
0.440803
0.440742
0.440698
0.44062
0.440607
0.440635
0.440716
0.440868
0.44109
0.441309
0.441568
0.441706
0.441689
0.441612
0.441483
0.441311
0.44115
0.441003
0.440877
0.440738
0.440673
0.44064
0.440606
0.440628
0.440656
0.440684
0.440727
0.440799
0.440904
0.44105
0.441241
0.441464
0.441712
0.441996
0.442323
0.442649
0.442957
0.443299
0.443701
0.444101
0.44451
0.445045
0.445709
0.446416
0.447099
0.447846
0.448681
0.449514
0.450217
0.450915
0.451769
0.45225
0.452878
0.2054
0.2054
0.2054
0.2054
0.2054
0.2054
0.2054
0.2054
0.205401
0.205408
0.205451
0.205758
0.208232
0.224801
0.279829
0.35107
0.413463
0.42091
0.427235
0.442252
0.446134
0.445404
0.443003
0.442119
0.442968
0.443764
0.443601
0.442194
0.440269
0.439918
0.440118
0.441163
0.44269
0.443462
0.4436
0.443376
0.443098
0.442927
0.442872
0.442754
0.442522
0.442022
0.441073
0.440424
0.440296
0.440264
0.440302
0.440402
0.44052
0.440591
0.440546
0.440414
0.440213
0.440046
0.440015
0.440146
0.440314
0.440348
0.440376
0.440453
0.440512
0.440549
0.440585
0.440653
0.440756
0.440895
0.441026
0.441108
0.441101
0.441016
0.440924
0.440841
0.44077
0.440701
0.44064
0.440585
0.44052
0.440407
0.440233
0.440154
0.440125
0.440115
0.440119
0.440149
0.440205
0.440288
0.440408
0.440557
0.440742
0.440965
0.44119
0.441422
0.441647
0.441833
0.442055
0.442406
0.442857
0.44319
0.44347
0.443891
0.444545
0.44512
0.445642
0.446246
0.447094
0.44785
0.448368
0.449092
0.449733
0.450518
0.2054
0.2054
0.2054
0.2054
0.2054
0.2054
0.2054
0.205401
0.20541
0.205487
0.206068
0.211016
0.242896
0.318283
0.397183
0.431339
0.446184
0.444216
0.435787
0.437938
0.442666
0.444089
0.443163
0.442661
0.442894
0.443535
0.443675
0.443357
0.441928
0.440459
0.440285
0.440511
0.441317
0.442353
0.442879
0.442796
0.442474
0.442041
0.441938
0.441927
0.44191
0.441679
0.441441
0.440862
0.440485
0.44025
0.440068
0.439908
0.439778
0.439726
0.43966
0.439566
0.439511
0.439495
0.439466
0.439573
0.439811
0.439938
0.439983
0.440029
0.440101
0.440132
0.440148
0.440166
0.440192
0.440186
0.440203
0.440264
0.440224
0.440188
0.440222
0.440257
0.440292
0.440298
0.440284
0.440248
0.440196
0.44007
0.439826
0.439614
0.439478
0.439391
0.439332
0.439289
0.439284
0.439304
0.439365
0.439463
0.439587
0.439725
0.439886
0.440067
0.440285
0.44051
0.440714
0.440938
0.441278
0.441704
0.442018
0.442245
0.442612
0.443234
0.443744
0.444099
0.444675
0.445488
0.446039
0.446506
0.447016
0.447952
0.2054
0.2054
0.2054
0.2054
0.2054
0.2054
0.205401
0.205412
0.205501
0.206615
0.215795
0.268253
0.360368
0.425877
0.436242
0.438942
0.446888
0.446628
0.44409
0.440406
0.440812
0.441695
0.442173
0.442116
0.442318
0.442622
0.442886
0.442874
0.442454
0.441445
0.440605
0.440611
0.44085
0.441269
0.441437
0.441251
0.440836
0.440486
0.440476
0.440614
0.441001
0.441242
0.441199
0.441095
0.440649
0.440196
0.439942
0.439705
0.439522
0.439462
0.439425
0.439397
0.439437
0.439468
0.439451
0.439385
0.439454
0.43952
0.43952
0.439479
0.439499
0.439523
0.439537
0.439543
0.439547
0.439552
0.439551
0.439524
0.439474
0.4395
0.439563
0.439637
0.439678
0.439677
0.439656
0.439619
0.439569
0.439476
0.439279
0.439069
0.438911
0.438789
0.438683
0.438559
0.438517
0.438529
0.438554
0.438598
0.438658
0.438723
0.438808
0.438919
0.439049
0.439198
0.439342
0.439499
0.439622
0.439776
0.440018
0.44022
0.440342
0.440632
0.441201
0.441619
0.441931
0.442426
0.443157
0.443575
0.443837
0.444811
0.2054
0.2054
0.2054
0.2054
0.2054
0.205401
0.205412
0.205516
0.206699
0.223552
0.291044
0.374517
0.415223
0.437592
0.437629
0.437448
0.44035
0.444167
0.444127
0.442792
0.440968
0.440679
0.440661
0.440539
0.440407
0.440459
0.440773
0.441399
0.441825
0.441834
0.441416
0.44094
0.44093
0.440776
0.440414
0.439944
0.439716
0.439701
0.439751
0.439918
0.440297
0.440857
0.440906
0.440821
0.440584
0.440254
0.439982
0.439729
0.439557
0.439522
0.439522
0.43954
0.439601
0.439616
0.439563
0.439419
0.439261
0.439171
0.43907
0.439013
0.438983
0.438999
0.439019
0.439031
0.439
0.438931
0.438839
0.438721
0.43868
0.43871
0.438742
0.4388
0.438856
0.438852
0.438825
0.438779
0.438697
0.438555
0.43834
0.438126
0.437942
0.437784
0.437615
0.437461
0.437366
0.437341
0.4373
0.437238
0.43717
0.437126
0.437092
0.437079
0.437092
0.437116
0.437099
0.437077
0.437078
0.437036
0.436994
0.437067
0.437175
0.437194
0.437348
0.437789
0.438035
0.438093
0.438434
0.438924
0.439187
0.440405
0.2054
0.2054
0.2054
0.2054
0.2054
0.20541
0.205491
0.206888
0.222619
0.312269
0.413558
0.442806
0.441172
0.442393
0.440478
0.437704
0.438395
0.440684
0.443236
0.443288
0.442224
0.441095
0.440248
0.439432
0.438812
0.438543
0.438728
0.439456
0.440739
0.441739
0.4418
0.441516
0.441048
0.440668
0.440222
0.439864
0.439706
0.439718
0.439776
0.439902
0.440081
0.440474
0.44059
0.440543
0.440415
0.440246
0.44012
0.440007
0.439969
0.440019
0.440064
0.44005
0.439974
0.439817
0.439657
0.439386
0.439025
0.438749
0.438549
0.438446
0.438381
0.438345
0.438293
0.438201
0.438051
0.437866
0.437709
0.437535
0.43749
0.437545
0.437594
0.437632
0.437668
0.437654
0.437593
0.437472
0.437286
0.437012
0.43666
0.436297
0.435958
0.435641
0.435331
0.435095
0.434885
0.434671
0.434442
0.434207
0.433981
0.433802
0.433663
0.433559
0.433458
0.433356
0.433226
0.433086
0.432899
0.432719
0.432551
0.43236
0.432159
0.431977
0.431846
0.431882
0.431891
0.43185
0.431809
0.432024
0.432121
0.433594
0.2054
0.2054
0.2054
0.2054
0.205405
0.205468
0.20635
0.225532
0.315484
0.38641
0.436597
0.448079
0.446269
0.444661
0.443418
0.440262
0.438569
0.439701
0.44168
0.442643
0.442436
0.44149
0.439931
0.438873
0.438104
0.437856
0.438032
0.438612
0.439783
0.441337
0.441779
0.441726
0.441356
0.440685
0.440227
0.440144
0.440228
0.440318
0.440307
0.440247
0.440149
0.440161
0.440158
0.440161
0.440178
0.440223
0.44022
0.440237
0.440268
0.440297
0.440288
0.44021
0.440071
0.43986
0.439497
0.439008
0.438475
0.438018
0.437686
0.437426
0.437239
0.437067
0.436875
0.436665
0.436456
0.436263
0.436092
0.435931
0.435794
0.435764
0.435735
0.435665
0.435524
0.435334
0.435111
0.434847
0.434529
0.434156
0.433739
0.433306
0.432851
0.432392
0.431939
0.431492
0.431051
0.430615
0.430173
0.42976
0.429379
0.429042
0.428722
0.428405
0.428059
0.427673
0.42723
0.426782
0.426286
0.425803
0.425313
0.424842
0.424278
0.423735
0.423351
0.423061
0.422654
0.422228
0.421958
0.421872
0.421466
0.423256
0.2054
0.2054
0.2054
0.205403
0.205433
0.20602
0.218079
0.308881
0.42197
0.422765
0.434022
0.44579
0.445294
0.443623
0.443078
0.4426
0.440753
0.44025
0.440911
0.441869
0.441643
0.440884
0.439912
0.438864
0.438112
0.437885
0.438094
0.438664
0.439593
0.440863
0.441454
0.441424
0.4412
0.440859
0.440683
0.440796
0.440947
0.440907
0.440707
0.440358
0.440072
0.439731
0.439562
0.439618
0.439762
0.439978
0.44016
0.440231
0.440274
0.440288
0.440248
0.440053
0.439691
0.439232
0.438676
0.438006
0.437288
0.436656
0.43616
0.435773
0.435443
0.435151
0.434877
0.434599
0.434321
0.434045
0.433734
0.433406
0.433068
0.432755
0.432468
0.432183
0.431856
0.431491
0.431092
0.430658
0.430162
0.429587
0.428952
0.428288
0.427604
0.426897
0.426155
0.425413
0.424668
0.423927
0.423186
0.422467
0.421764
0.421094
0.420438
0.419792
0.419123
0.418417
0.417629
0.416768
0.415839
0.414917
0.413941
0.412968
0.411976
0.411029
0.410109
0.409278
0.408444
0.407656
0.406998
0.406485
0.40556
0.408156
0.2054
0.2054
0.205401
0.205417
0.205621
0.213414
0.29189
0.403454
0.448552
0.447564
0.441937
0.442402
0.441814
0.441407
0.442409
0.443009
0.442532
0.441336
0.441041
0.441232
0.440971
0.440652
0.440106
0.43938
0.438878
0.43904
0.439249
0.439536
0.440007
0.440623
0.441122
0.441113
0.441041
0.440858
0.440792
0.440918
0.440957
0.440913
0.440717
0.44024
0.439538
0.438751
0.438577
0.438633
0.438784
0.439014
0.43923
0.439228
0.439122
0.438916
0.438644
0.438279
0.437789
0.437181
0.43647
0.435684
0.434901
0.434211
0.433633
0.433087
0.432563
0.432055
0.43154
0.431015
0.43048
0.42994
0.429384
0.428788
0.42818
0.427601
0.427042
0.426482
0.425884
0.425233
0.424521
0.423747
0.422874
0.42191
0.42089
0.419837
0.41873
0.417565
0.416373
0.415193
0.414026
0.412869
0.411721
0.41061
0.409531
0.408484
0.407435
0.40637
0.405241
0.40404
0.402768
0.401445
0.400056
0.398673
0.397263
0.395828
0.394361
0.393003
0.39171
0.390459
0.389198
0.388104
0.387141
0.386276
0.384842
0.388926
0.2054
0.2054
0.205406
0.205485
0.207805
0.264373
0.392177
0.416687
0.448254
0.448604
0.445589
0.442169
0.440539
0.440407
0.441213
0.442877
0.442639
0.44195
0.441097
0.440712
0.440565
0.440736
0.440745
0.440753
0.440862
0.44108
0.440959
0.440682
0.440376
0.440439
0.440534
0.440576
0.440601
0.440668
0.440709
0.440783
0.440655
0.440335
0.439746
0.438947
0.438124
0.437342
0.436969
0.436874
0.436904
0.436954
0.436872
0.436679
0.436379
0.435926
0.435382
0.434753
0.43407
0.433369
0.43264
0.431858
0.430996
0.430082
0.429171
0.428291
0.427398
0.426473
0.425547
0.424641
0.423777
0.422911
0.422006
0.421083
0.420124
0.41914
0.418157
0.41715
0.41607
0.414913
0.413709
0.412446
0.411092
0.409672
0.408209
0.406677
0.405054
0.403366
0.401662
0.399981
0.398327
0.396703
0.395119
0.393582
0.392087
0.390613
0.389133
0.38762
0.386041
0.384376
0.382626
0.380807
0.378958
0.37711
0.375263
0.373442
0.371666
0.369982
0.36839
0.366914
0.365515
0.364265
0.363104
0.362102
0.360497
0.366491
0.2054
0.205402
0.205427
0.206031
0.228877
0.356538
0.445817
0.43232
0.44135
0.447085
0.446394
0.443723
0.440931
0.440846
0.440928
0.442203
0.442132
0.441387
0.440194
0.440015
0.440552
0.441201
0.44164
0.4419
0.442123
0.442101
0.44184
0.441244
0.440417
0.439722
0.439407
0.439515
0.439596
0.439627
0.439396
0.438973
0.438525
0.437963
0.437283
0.436552
0.435769
0.434971
0.43428
0.433819
0.433548
0.433289
0.432987
0.43255
0.431945
0.431184
0.430316
0.429391
0.428451
0.427499
0.426497
0.425411
0.424224
0.422966
0.421656
0.420277
0.41886
0.417462
0.416096
0.414743
0.413367
0.411948
0.410471
0.408928
0.407366
0.405799
0.40423
0.402655
0.401041
0.399348
0.397583
0.395721
0.393768
0.391766
0.38973
0.387625
0.385463
0.383273
0.381116
0.379013
0.376978
0.374998
0.373092
0.371244
0.36945
0.367678
0.365906
0.364095
0.362222
0.360274
0.358275
0.356218
0.354161
0.352136
0.350171
0.348258
0.346444
0.344745
0.343152
0.341654
0.340273
0.339057
0.337908
0.336888
0.335296
0.343003
0.205401
0.205408
0.205517
0.212452
0.313647
0.423343
0.453108
0.447346
0.443676
0.444756
0.445151
0.444655
0.442224
0.441108
0.440682
0.440856
0.44065
0.439909
0.43936
0.439603
0.440434
0.441223
0.441695
0.441966
0.442215
0.44214
0.441645
0.440656
0.43929
0.438002
0.437653
0.437589
0.437449
0.437161
0.43675
0.436178
0.435473
0.434644
0.433715
0.432714
0.431655
0.430566
0.42958
0.42882
0.428185
0.427525
0.426715
0.425731
0.424576
0.423266
0.421862
0.420426
0.419012
0.417622
0.416225
0.414766
0.413187
0.411452
0.409553
0.407531
0.405429
0.403296
0.401177
0.399077
0.397015
0.394938
0.392824
0.390695
0.388564
0.386443
0.384343
0.38223
0.380067
0.37783
0.375536
0.373156
0.370733
0.36831
0.365882
0.363419
0.360952
0.358521
0.356181
0.353939
0.351799
0.349742
0.347776
0.345876
0.344037
0.34222
0.340406
0.338556
0.336653
0.334683
0.332673
0.330628
0.328623
0.326667
0.3248
0.323005
0.321329
0.319759
0.318329
0.317004
0.315802
0.314717
0.313691
0.312788
0.311369
0.320273
0.205402
0.205429
0.20625
0.253586
0.402321
0.426025
0.452085
0.44849
0.444383
0.442954
0.442296
0.442256
0.441683
0.440273
0.439499
0.438607
0.438439
0.438642
0.438893
0.43935
0.440081
0.44071
0.441073
0.441004
0.44069
0.440043
0.439094
0.437933
0.436627
0.43541
0.434726
0.434242
0.433755
0.433177
0.432416
0.43143
0.430264
0.428976
0.427631
0.426269
0.424866
0.423421
0.421966
0.420575
0.419226
0.417787
0.416239
0.414568
0.412726
0.410755
0.408673
0.406555
0.40451
0.402561
0.400625
0.398601
0.396379
0.393913
0.391243
0.388418
0.38552
0.382654
0.379898
0.377252
0.374668
0.372099
0.369525
0.366941
0.36439
0.361877
0.359398
0.356937
0.354468
0.351975
0.349466
0.346923
0.344401
0.34193
0.339489
0.337048
0.334643
0.33231
0.33009
0.327974
0.325964
0.324038
0.322206
0.320436
0.318726
0.317035
0.315344
0.313619
0.31185
0.310024
0.308174
0.306303
0.304488
0.302731
0.30108
0.29951
0.298068
0.296722
0.295507
0.29438
0.293375
0.292458
0.291588
0.290815
0.289587
0.299082
0.205406
0.205493
0.212351
0.337087
0.43966
0.433816
0.444817
0.448377
0.445659
0.442861
0.440911
0.440067
0.439332
0.438046
0.43693
0.435979
0.436494
0.437383
0.438072
0.438195
0.438205
0.43803
0.437792
0.4374
0.436915
0.436155
0.435099
0.433766
0.432284
0.430783
0.429503
0.428521
0.427585
0.426417
0.424957
0.423232
0.421306
0.419293
0.417324
0.41544
0.413582
0.411649
0.409541
0.407363
0.405111
0.402783
0.400334
0.397719
0.394974
0.392173
0.389345
0.386533
0.383807
0.381163
0.378549
0.375864
0.373027
0.369992
0.36676
0.363401
0.360047
0.356817
0.353764
0.350863
0.348075
0.345336
0.342618
0.339935
0.337316
0.334771
0.332296
0.329867
0.327459
0.325064
0.322676
0.320282
0.317939
0.315664
0.313431
0.311222
0.309078
0.307028
0.30509
0.303246
0.301494
0.299818
0.298221
0.296675
0.295177
0.293691
0.292202
0.290681
0.289125
0.287522
0.285904
0.284278
0.28272
0.281217
0.279819
0.278496
0.277292
0.276174
0.275185
0.274264
0.27345
0.272693
0.27198
0.271344
0.270274
0.279789
0.205422
0.205893
0.252809
0.395189
0.450152
0.443316
0.445827
0.448052
0.445985
0.443079
0.440275
0.438824
0.437958
0.436635
0.435314
0.434443
0.434804
0.435387
0.435511
0.434996
0.434269
0.433576
0.432966
0.432253
0.431357
0.430065
0.428492
0.426771
0.424893
0.422895
0.421031
0.419268
0.417322
0.415138
0.412715
0.410054
0.407244
0.404451
0.401778
0.399169
0.396499
0.393673
0.390698
0.387593
0.384385
0.381023
0.377525
0.373966
0.370373
0.366839
0.363374
0.360031
0.356889
0.353944
0.35109
0.34821
0.345191
0.341978
0.338619
0.335207
0.331856
0.328673
0.325722
0.322983
0.320391
0.317872
0.31539
0.312946
0.310568
0.308264
0.306027
0.303842
0.301689
0.299568
0.297466
0.295381
0.293368
0.291425
0.289522
0.287653
0.285848
0.284128
0.282508
0.280967
0.279499
0.278089
0.27674
0.275429
0.274152
0.272878
0.271595
0.27028
0.268936
0.267554
0.266166
0.26478
0.263465
0.262201
0.261038
0.259942
0.258956
0.258042
0.257245
0.256499
0.255844
0.255219
0.254635
0.254106
0.253148
0.262098
0.205446
0.209211
0.330467
0.416957
0.453535
0.451915
0.448253
0.446677
0.444942
0.442397
0.438906
0.437306
0.43651
0.435205
0.433703
0.432804
0.432462
0.43219
0.431423
0.430172
0.428623
0.426955
0.425416
0.423816
0.421931
0.419763
0.41745
0.41505
0.412617
0.410073
0.407385
0.40446
0.401339
0.397954
0.394301
0.390465
0.38657
0.38274
0.379067
0.375558
0.37212
0.368616
0.364902
0.361011
0.356987
0.35293
0.348917
0.344974
0.341146
0.337495
0.333998
0.330664
0.327558
0.324672
0.321926
0.319196
0.31638
0.313431
0.310378
0.307304
0.304327
0.301548
0.299004
0.296658
0.294445
0.292289
0.290158
0.288059
0.286019
0.284044
0.282132
0.280268
0.278439
0.276648
0.274879
0.273136
0.271469
0.269863
0.268285
0.266739
0.265256
0.263844
0.262514
0.261246
0.260032
0.258858
0.257727
0.256616
0.255528
0.254434
0.253329
0.252193
0.251034
0.249846
0.24866
0.247487
0.246387
0.245334
0.244373
0.243469
0.242664
0.241921
0.241282
0.240678
0.240148
0.23963
0.239151
0.238701
0.237861
0.245705
0.205499
0.232447
0.380625
0.435281
0.455545
0.451092
0.443152
0.440967
0.440265
0.43841
0.435409
0.433909
0.43266
0.430957
0.42921
0.427938
0.427056
0.425926
0.424094
0.42145
0.418387
0.415444
0.412665
0.409799
0.406789
0.403617
0.400401
0.397199
0.393928
0.390389
0.386497
0.382344
0.377865
0.373104
0.368209
0.363279
0.358453
0.353906
0.349723
0.345823
0.342044
0.338232
0.33431
0.330292
0.326243
0.322227
0.318318
0.314586
0.311052
0.307742
0.304617
0.301677
0.298968
0.296486
0.294147
0.291837
0.28946
0.286968
0.284395
0.281813
0.279322
0.277006
0.274896
0.272961
0.271139
0.269365
0.267612
0.26588
0.264189
0.262546
0.260949
0.25939
0.25786
0.256361
0.254885
0.253441
0.252078
0.250767
0.24948
0.248218
0.247012
0.245861
0.244771
0.243723
0.242712
0.241726
0.240766
0.239816
0.238879
0.237931
0.236969
0.235982
0.234977
0.233952
0.23294
0.231949
0.231032
0.230156
0.229365
0.228621
0.227964
0.22736
0.226845
0.226353
0.22592
0.225486
0.22509
0.224691
0.224005
0.230667
0.205946
0.28939
0.430741
0.453803
0.455929
0.448846
0.44168
0.438285
0.436178
0.434116
0.431491
0.428884
0.426064
0.423074
0.42048
0.418341
0.416334
0.413816
0.410369
0.406253
0.401813
0.397386
0.393127
0.388942
0.384514
0.379994
0.375611
0.371381
0.367162
0.36268
0.357891
0.352667
0.347172
0.341582
0.336088
0.330855
0.325991
0.321551
0.317523
0.313818
0.310292
0.306808
0.303259
0.299653
0.296047
0.292529
0.289181
0.286035
0.2831
0.280376
0.277811
0.275396
0.273178
0.271155
0.269256
0.267382
0.265448
0.263415
0.261313
0.259205
0.257178
0.2553
0.253591
0.252019
0.250533
0.249083
0.247646
0.246221
0.244823
0.243459
0.242128
0.240825
0.239546
0.238292
0.237058
0.235861
0.234743
0.233667
0.232622
0.231599
0.230617
0.229675
0.228776
0.227899
0.227045
0.226203
0.225378
0.224555
0.223739
0.222911
0.222069
0.221209
0.220338
0.219454
0.21859
0.217757
0.216995
0.216271
0.215621
0.215009
0.214471
0.213981
0.213563
0.21316
0.212803
0.212437
0.212105
0.211745
0.211185
0.217127
0.209059
0.345651
0.449669
0.455538
0.453526
0.446975
0.441717
0.437058
0.432168
0.427348
0.423365
0.419288
0.414842
0.410476
0.406815
0.403492
0.399695
0.395239
0.390004
0.384122
0.377952
0.371861
0.365909
0.36001
0.354082
0.348357
0.343063
0.338177
0.333522
0.328806
0.323787
0.318503
0.313074
0.307694
0.302598
0.297895
0.293619
0.289797
0.286408
0.283339
0.280437
0.277568
0.274649
0.271691
0.268749
0.265892
0.263189
0.26067
0.258333
0.256166
0.254118
0.252182
0.250398
0.248772
0.247247
0.245745
0.244192
0.242555
0.240857
0.239155
0.237521
0.236004
0.234618
0.233335
0.232114
0.230919
0.229735
0.22856
0.227405
0.226272
0.225161
0.22407
0.222996
0.221943
0.220906
0.219911
0.218989
0.218106
0.217252
0.216429
0.215627
0.214849
0.214098
0.213358
0.212627
0.211903
0.211186
0.210468
0.209753
0.209027
0.208292
0.207542
0.206789
0.206031
0.205301
0.204604
0.203975
0.203377
0.202846
0.202344
0.201906
0.201505
0.201165
0.200833
0.200537
0.200226
0.199946
0.199626
0.199112
0.204806
0.224328
0.381342
0.451257
0.45035
0.448025
0.443255
0.437459
0.428912
0.419115
0.410488
0.404017
0.398232
0.392457
0.387147
0.382506
0.377986
0.373033
0.366979
0.359756
0.352051
0.344462
0.337318
0.330483
0.323953
0.317589
0.311734
0.306641
0.302165
0.297993
0.293785
0.289411
0.284818
0.28016
0.275631
0.271423
0.267629
0.264255
0.261279
0.25865
0.256264
0.253994
0.251737
0.249423
0.247064
0.244712
0.242435
0.240293
0.238305
0.236468
0.234761
0.233136
0.231588
0.230155
0.228846
0.227622
0.226418
0.225175
0.223861
0.222495
0.221125
0.219806
0.218578
0.217447
0.216392
0.215382
0.214391
0.213411
0.212439
0.211482
0.210539
0.209611
0.208697
0.207794
0.206908
0.206036
0.205208
0.204445
0.203732
0.203028
0.202353
0.201701
0.201052
0.200419
0.19979
0.199164
0.198537
0.197914
0.197286
0.19666
0.196026
0.195385
0.194737
0.19409
0.193448
0.192838
0.192263
0.191748
0.191259
0.190826
0.190415
0.190061
0.189734
0.189455
0.18918
0.188933
0.18867
0.188431
0.188153
0.187649
0.193267
0.272817
0.420689
0.444643
0.442719
0.439022
0.429259
0.415084
0.40259
0.393104
0.385641
0.378326
0.370289
0.362404
0.35555
0.349506
0.343426
0.336792
0.329487
0.321607
0.313579
0.305924
0.298899
0.292416
0.286446
0.280845
0.275857
0.271668
0.2681
0.264859
0.26163
0.258219
0.254609
0.250935
0.247379
0.244116
0.241201
0.238613
0.236331
0.234316
0.232485
0.230732
0.228971
0.227148
0.225278
0.223413
0.221612
0.219926
0.218367
0.216928
0.215585
0.214292
0.213048
0.211888
0.210825
0.209834
0.208865
0.20787
0.20682
0.205726
0.204624
0.20356
0.202561
0.201634
0.200762
0.199924
0.199104
0.198295
0.197493
0.196704
0.195922
0.195148
0.194383
0.193625
0.192881
0.19215
0.191462
0.190836
0.190261
0.189693
0.189123
0.188585
0.188048
0.187516
0.186982
0.186448
0.185908
0.185368
0.184824
0.184281
0.183731
0.183179
0.182627
0.18208
0.181544
0.181041
0.180573
0.180159
0.179766
0.179416
0.17908
0.178795
0.178528
0.178301
0.178075
0.177867
0.177649
0.177445
0.177207
0.176735
0.182224
0.322243
0.439763
0.436736
0.426975
0.414707
0.397629
0.383004
0.370223
0.358493
0.348567
0.339833
0.331191
0.322669
0.314991
0.308263
0.301846
0.295326
0.288433
0.281229
0.274158
0.26765
0.261895
0.256669
0.251936
0.247552
0.243749
0.240691
0.238169
0.23587
0.233515
0.230969
0.228217
0.22539
0.222656
0.220161
0.217942
0.215973
0.214236
0.212702
0.211303
0.209955
0.208588
0.207157
0.205681
0.204207
0.202791
0.201473
0.200258
0.199139
0.198086
0.197059
0.196057
0.195116
0.194253
0.193454
0.19268
0.191893
0.191063
0.190196
0.189318
0.188462
0.187653
0.186896
0.186181
0.185495
0.184825
0.184168
0.183517
0.182875
0.182235
0.181597
0.180965
0.180336
0.179718
0.179112
0.178551
0.178047
0.177571
0.177127
0.176662
0.1762
0.175761
0.175329
0.174886
0.174434
0.173976
0.173513
0.173046
0.172583
0.172111
0.171644
0.171184
0.170734
0.170292
0.169888
0.169511
0.169184
0.168872
0.168593
0.168323
0.168092
0.167876
0.167694
0.167509
0.167338
0.167158
0.166991
0.166789
0.166384
0.171553
0.363246
0.441814
0.419201
0.394492
0.372798
0.354146
0.338871
0.32445
0.311365
0.301086
0.292732
0.284827
0.277231
0.270638
0.26507
0.25996
0.254826
0.249489
0.24399
0.238634
0.233758
0.229478
0.225621
0.22215
0.218944
0.216183
0.214018
0.212268
0.210668
0.208982
0.207096
0.205011
0.202849
0.200763
0.198875
0.197198
0.1957
0.194374
0.193207
0.192147
0.191123
0.190075
0.188967
0.187818
0.186672
0.185579
0.18457
0.183644
0.182789
0.181977
0.18117
0.180371
0.179617
0.178928
0.178299
0.1777
0.177096
0.176459
0.175789
0.175103
0.174429
0.173786
0.173184
0.172616
0.172075
0.171551
0.171039
0.170531
0.170027
0.169521
0.169013
0.168507
0.168002
0.167508
0.167024
0.166586
0.166207
0.165821
0.165465
0.165121
0.164748
0.164397
0.164056
0.163697
0.163326
0.162942
0.162553
0.162158
0.16177
0.161372
0.160985
0.160609
0.160249
0.159895
0.159577
0.159284
0.159029
0.158784
0.158564
0.158349
0.158167
0.157996
0.157854
0.157704
0.157571
0.15742
0.157294
0.157131
0.156801
0.161392
0.372173
0.411513
0.37962
0.345522
0.320332
0.297656
0.280881
0.26896
0.260023
0.252915
0.246547
0.240316
0.23441
0.22953
0.225706
0.222259
0.218801
0.215164
0.211345
0.207572
0.204117
0.201095
0.198358
0.195889
0.193597
0.191645
0.190181
0.189044
0.188001
0.186852
0.185516
0.183998
0.182409
0.180879
0.179501
0.178276
0.177174
0.176203
0.175363
0.174614
0.173893
0.173147
0.172346
0.171508
0.170673
0.169885
0.169165
0.168509
0.1679
0.167312
0.166714
0.166113
0.165549
0.165046
0.164604
0.164196
0.163784
0.163343
0.162864
0.162363
0.161863
0.161386
0.160944
0.160535
0.160153
0.159788
0.159433
0.159079
0.158722
0.158358
0.157988
0.157619
0.157249
0.156892
0.156545
0.156244
0.155995
0.155732
0.155473
0.155243
0.155002
0.154745
0.154478
0.15419
0.153891
0.153568
0.153243
0.152912
0.152587
0.152259
0.151945
0.15164
0.151353
0.151076
0.150831
0.150609
0.150411
0.150218
0.150045
0.149877
0.149738
0.149606
0.149495
0.149379
0.149281
0.149162
0.149073
0.148942
0.148701
0.15177
0.367426
0.356595
0.315282
0.280094
0.255072
0.237744
0.226658
0.218666
0.212356
0.207393
0.203526
0.199958
0.19648
0.193675
0.191657
0.18984
0.187873
0.185632
0.183137
0.180601
0.178271
0.17625
0.174427
0.172796
0.171281
0.170023
0.169158
0.16855
0.168003
0.167349
0.166526
0.16554
0.164486
0.16347
0.162561
0.161751
0.161022
0.160399
0.159892
0.159464
0.159056
0.158622
0.158138
0.157621
0.157108
0.156631
0.156205
0.155818
0.155455
0.155094
0.154712
0.154325
0.153977
0.153696
0.153479
0.153297
0.153106
0.152876
0.152597
0.152283
0.15196
0.151655
0.151385
0.151151
0.150946
0.150757
0.150574
0.150384
0.150186
0.149975
0.149756
0.149537
0.149319
0.149116
0.148925
0.14878
0.148671
0.148575
0.148468
0.148352
0.148231
0.148062
0.147853
0.147617
0.147361
0.147083
0.146801
0.146517
0.146238
0.145962
0.145701
0.145452
0.145217
0.144991
0.144796
0.14462
0.144462
0.144305
0.144165
0.144031
0.143923
0.143822
0.143735
0.143646
0.143574
0.143488
0.143425
0.143324
0.143143
0.144258
0.332704
0.282039
0.233995
0.201897
0.187448
0.177898
0.172027
0.168785
0.166782
0.165279
0.164151
0.162899
0.161439
0.16037
0.159885
0.159513
0.158976
0.158139
0.156991
0.155722
0.154554
0.153594
0.152752
0.152035
0.151379
0.150919
0.150777
0.150827
0.1509
0.150858
0.150655
0.150295
0.149859
0.149421
0.149028
0.148676
0.148371
0.148155
0.148042
0.147987
0.147938
0.147857
0.147726
0.147563
0.147399
0.147256
0.147137
0.147029
0.14692
0.146795
0.14664
0.146483
0.146374
0.146342
0.146378
0.146447
0.146497
0.146488
0.146409
0.146271
0.146111
0.145963
0.145851
0.145779
0.14574
0.145716
0.145692
0.145654
0.1456
0.145528
0.145446
0.145362
0.145282
0.145217
0.145168
0.145159
0.14519
0.145243
0.145281
0.145275
0.145246
0.145123
0.144938
0.144729
0.144486
0.144229
0.143967
0.143703
0.143447
0.143193
0.142955
0.142732
0.14252
0.142315
0.142145
0.141983
0.141845
0.141701
0.141577
0.141461
0.141366
0.141278
0.141204
0.141129
0.141066
0.141
0.14095
0.140863
0.140732
0.139636
0.0461864
0.0461777
0.0461711
0.0461666
0.0461523
0.0461561
0.0461404
0.0461175
0.0463779
0.0488549
0.0611584
0.0746092
0.0878152
0.108612
0.129264
0.152197
0.174984
0.196267
0.22199
0.238766
0.261595
0.280377
0.294161
0.303822
0.31625
0.328696
0.334791
0.339948
0.345347
0.349811
0.352799
0.353886
0.354214
0.354723
0.355114
0.354793
0.353521
0.351775
0.350927
0.350816
0.351211
0.351764
0.351925
0.351631
0.351034
0.350337
0.349658
0.349069
0.348288
0.347158
0.345665
0.343821
0.342319
0.34238
0.342779
0.343503
0.343823
0.3436
0.342796
0.341483
0.340189
0.339242
0.338373
0.337364
0.335949
0.333688
0.330547
0.326697
0.322621
0.318684
0.314647
0.309846
0.303569
0.29558
0.286209
0.276134
0.265624
0.254839
0.244688
0.227539
0.0465474
0.0465388
0.0465321
0.0465275
0.0465129
0.0465164
0.0465013
0.046473
0.0466939
0.0489241
0.0602381
0.0721323
0.0846555
0.105182
0.126356
0.150188
0.173848
0.195674
0.221784
0.239236
0.262815
0.282415
0.296924
0.307326
0.320418
0.333401
0.339909
0.345429
0.351182
0.355964
0.359189
0.360432
0.36088
0.361466
0.361882
0.361563
0.360262
0.35845
0.357612
0.357536
0.357918
0.358475
0.358601
0.35827
0.357633
0.356891
0.356165
0.35554
0.354724
0.353558
0.352025
0.350141
0.348596
0.348644
0.349036
0.349759
0.350069
0.349844
0.349037
0.347709
0.346394
0.345424
0.344527
0.343481
0.342041
0.339755
0.336577
0.332673
0.328519
0.324506
0.320407
0.315555
0.309229
0.301179
0.291714
0.281512
0.270846
0.259903
0.249602
0.232189
0.0477451
0.0477374
0.0477307
0.0477258
0.0477104
0.0477135
0.0476989
0.0476613
0.0478198
0.0496016
0.0599342
0.0706111
0.0826677
0.103083
0.12481
0.149237
0.173538
0.195944
0.223133
0.242077
0.267356
0.288521
0.304283
0.315988
0.330371
0.344382
0.351571
0.357704
0.36413
0.369549
0.37325
0.374792
0.375504
0.376303
0.376831
0.376566
0.375181
0.373232
0.372455
0.37249
0.372952
0.373581
0.373709
0.373308
0.372607
0.371764
0.370931
0.370225
0.369333
0.368078
0.366437
0.364432
0.36278
0.362827
0.363225
0.363972
0.364267
0.364029
0.363194
0.361815
0.360451
0.359445
0.3585
0.357376
0.355862
0.353498
0.350202
0.346147
0.341803
0.337609
0.333349
0.32835
0.321864
0.313622
0.303909
0.29341
0.2824
0.271109
0.260482
0.242482
0.0499878
0.0499812
0.0499748
0.0499697
0.0499528
0.0499556
0.0499403
0.0498924
0.050008
0.0514438
0.0601989
0.0700917
0.0816614
0.10199
0.124174
0.149011
0.174264
0.198254
0.227202
0.24794
0.275434
0.298608
0.315826
0.328968
0.344896
0.360161
0.368137
0.374924
0.382102
0.388311
0.392661
0.394656
0.395762
0.396876
0.397611
0.397456
0.396011
0.393921
0.393276
0.393487
0.394116
0.394881
0.395064
0.394644
0.393898
0.392959
0.391999
0.391201
0.390232
0.388878
0.387099
0.384917
0.383122
0.383168
0.383595
0.384404
0.384696
0.384435
0.383549
0.382091
0.380665
0.379616
0.378617
0.377391
0.375733
0.373219
0.369715
0.365417
0.360805
0.356359
0.35185
0.346594
0.339808
0.331211
0.321082
0.310132
0.298626
0.286838
0.275751
0.256927
0.0530262
0.0530199
0.0530132
0.0530074
0.0529883
0.0529904
0.0529725
0.0529128
0.0530135
0.0543601
0.0616488
0.0701821
0.0814021
0.101711
0.124267
0.150138
0.177654
0.203653
0.23523
0.258037
0.287923
0.313058
0.331526
0.345904
0.363209
0.379593
0.388213
0.395486
0.403236
0.410122
0.415087
0.417549
0.419045
0.420447
0.421388
0.421334
0.419831
0.417615
0.417125
0.417516
0.418368
0.419274
0.41954
0.41917
0.418404
0.417416
0.41634
0.41546
0.414433
0.413005
0.411105
0.40875
0.406805
0.406834
0.407304
0.408203
0.408525
0.408239
0.407293
0.405753
0.404268
0.403179
0.402134
0.40081
0.398963
0.396242
0.392458
0.387845
0.382921
0.378182
0.373367
0.367771
0.36057
0.351478
0.340793
0.329278
0.317183
0.304805
0.293185
0.273411
0.0565108
0.0565023
0.0564935
0.0564857
0.0564636
0.0564634
0.0564406
0.0563662
0.0564698
0.0578903
0.0646696
0.0711224
0.0817989
0.102298
0.12584
0.154182
0.185237
0.214086
0.248769
0.273463
0.305742
0.332535
0.35178
0.367101
0.385444
0.40259
0.411594
0.419103
0.427117
0.434396
0.439783
0.442592
0.444378
0.445946
0.446991
0.446956
0.445355
0.443011
0.442609
0.443114
0.444138
0.445138
0.445439
0.445125
0.444353
0.44334
0.442153
0.441202
0.440137
0.438655
0.436676
0.434199
0.432094
0.432114
0.432615
0.4336
0.433976
0.433667
0.432661
0.431052
0.429525
0.428407
0.427327
0.425917
0.423868
0.420892
0.416791
0.411818
0.40656
0.401502
0.396345
0.390345
0.382638
0.37294
0.361594
0.349428
0.336681
0.323655
0.311463
0.290673
0.0602498
0.0602362
0.060223
0.0602111
0.0601847
0.06018
0.0601494
0.0600613
0.0601614
0.0616192
0.0690762
0.0741478
0.0834379
0.104804
0.130879
0.163308
0.199251
0.231218
0.269847
0.29644
0.331176
0.359218
0.378405
0.394175
0.413021
0.430358
0.439395
0.446839
0.454719
0.461985
0.467475
0.470406
0.472294
0.473836
0.474797
0.474642
0.472804
0.47025
0.469838
0.470335
0.471396
0.472385
0.472615
0.472285
0.471504
0.470432
0.469125
0.468085
0.466966
0.465421
0.463389
0.460848
0.458565
0.458586
0.459088
0.460129
0.460558
0.460221
0.459149
0.457481
0.455937
0.454796
0.453686
0.452202
0.449961
0.446695
0.442247
0.436878
0.431263
0.425854
0.420317
0.413852
0.405559
0.395157
0.383062
0.370171
0.35672
0.342998
0.330194
0.30833
0.0642114
0.0641901
0.0641703
0.064152
0.0641199
0.0641081
0.0640658
0.063964
0.0640523
0.0653651
0.0739333
0.0798063
0.0881588
0.111652
0.141511
0.178971
0.220582
0.256524
0.300276
0.329047
0.36647
0.395608
0.414054
0.429679
0.448122
0.464732
0.473252
0.480313
0.487591
0.494314
0.499468
0.502216
0.503966
0.505214
0.505817
0.505339
0.503041
0.500142
0.499566
0.499886
0.500797
0.501573
0.501585
0.501103
0.500236
0.499021
0.497557
0.496368
0.495138
0.493495
0.491414
0.488858
0.486397
0.486385
0.486847
0.487889
0.488341
0.487957
0.486797
0.485079
0.483541
0.482375
0.481228
0.479668
0.477242
0.473662
0.468829
0.463036
0.457037
0.451235
0.445269
0.438271
0.429307
0.418107
0.405178
0.391488
0.377272
0.362808
0.349346
0.326346
0.0684212
0.0683895
0.0683608
0.0683336
0.0682942
0.0682728
0.0682138
0.0680953
0.068171
0.0693064
0.0788654
0.0874231
0.0971696
0.124227
0.158151
0.200507
0.248463
0.290061
0.340963
0.372766
0.413045
0.442885
0.460601
0.476229
0.493417
0.508241
0.515464
0.521576
0.527559
0.533051
0.537351
0.539572
0.54087
0.541497
0.541461
0.540276
0.53728
0.53386
0.532908
0.532836
0.533354
0.533634
0.533263
0.532409
0.531303
0.529856
0.528163
0.52673
0.525288
0.52347
0.521312
0.518765
0.516159
0.515991
0.516371
0.517326
0.517747
0.517277
0.515975
0.514211
0.512695
0.511483
0.510277
0.508621
0.506004
0.502092
0.496826
0.490571
0.484144
0.477899
0.471425
0.463803
0.454058
0.441952
0.428105
0.413549
0.398517
0.383264
0.369089
0.34487
0.072936
0.0728913
0.072851
0.072812
0.0727636
0.0727298
0.0726467
0.0725096
0.0725755
0.0735854
0.0830765
0.0959682
0.110661
0.142227
0.179629
0.226037
0.280995
0.330216
0.388732
0.425157
0.469103
0.499887
0.5188
0.535365
0.550125
0.56176
0.567546
0.572565
0.576591
0.579923
0.582611
0.584026
0.584641
0.584255
0.58305
0.580794
0.57677
0.572697
0.570959
0.570446
0.570212
0.569651
0.568582
0.567059
0.565483
0.563679
0.561634
0.559835
0.558088
0.556011
0.553728
0.551201
0.548543
0.547969
0.54824
0.54899
0.54929
0.548661
0.547151
0.545365
0.543858
0.542567
0.541258
0.539465
0.536623
0.532336
0.526596
0.519844
0.512924
0.506172
0.499096
0.490738
0.480089
0.46696
0.452099
0.436588
0.420667
0.404568
0.389631
0.36411
0.0778349
0.0777741
0.0777191
0.0776649
0.0776054
0.077555
0.077437
0.0772826
0.0773458
0.0782691
0.0863603
0.105883
0.127835
0.164537
0.204927
0.254561
0.316353
0.376009
0.443318
0.484956
0.530758
0.55866
0.58057
0.602102
0.615845
0.623618
0.629611
0.633089
0.634442
0.634958
0.635718
0.636241
0.635876
0.634244
0.631535
0.627806
0.622673
0.61777
0.614896
0.613533
0.612157
0.61051
0.608392
0.605971
0.603731
0.601408
0.598842
0.596538
0.594288
0.591788
0.589339
0.586875
0.584228
0.583037
0.583111
0.583479
0.583569
0.582649
0.580839
0.579038
0.577515
0.576101
0.574632
0.572637
0.56951
0.564817
0.558538
0.551225
0.54376
0.536416
0.528585
0.519331
0.507585
0.493287
0.47733
0.460828
0.443995
0.427012
0.411243
0.384296
0.0832218
0.0831411
0.083067
0.0829935
0.08292
0.082846
0.082678
0.0825141
0.0825877
0.0834922
0.0907985
0.116427
0.148615
0.191902
0.234835
0.285709
0.352164
0.419519
0.48838
0.540077
0.591475
0.617819
0.644227
0.670445
0.681624
0.685859
0.693309
0.699446
0.698337
0.695233
0.693997
0.694525
0.693553
0.690314
0.68552
0.6802
0.673974
0.668383
0.664715
0.662055
0.659205
0.655921
0.65224
0.648692
0.645571
0.642589
0.639458
0.636618
0.633939
0.631103
0.628488
0.626151
0.623507
0.621739
0.621333
0.621166
0.620807
0.619433
0.61737
0.615548
0.613942
0.612361
0.610675
0.608398
0.604889
0.599689
0.592899
0.58503
0.576917
0.568874
0.560203
0.549887
0.536895
0.521312
0.504142
0.486525
0.468667
0.450723
0.434107
0.405666
0.089233
0.0891275
0.0890284
0.0889306
0.0888376
0.0887282
0.0884936
0.0883387
0.0884451
0.0894886
0.0968874
0.129027
0.173881
0.225556
0.271413
0.320877
0.382984
0.460439
0.528301
0.587007
0.63863
0.659287
0.690439
0.729525
0.737207
0.740425
0.74952
0.757929
0.756456
0.751652
0.749902
0.750258
0.749151
0.745555
0.740347
0.734361
0.728107
0.721987
0.717075
0.713181
0.709129
0.704466
0.699337
0.694642
0.690475
0.686634
0.682782
0.679285
0.67586
0.672614
0.670157
0.668266
0.66578
0.663544
0.662291
0.661545
0.660472
0.65856
0.65626
0.6545
0.652875
0.651123
0.649134
0.646494
0.642577
0.636958
0.629557
0.621098
0.612415
0.603576
0.593793
0.582151
0.567609
0.550618
0.53225
0.513677
0.494926
0.47606
0.45848
0.428376
0.0960535
0.0959171
0.0957847
0.0956559
0.0955339
0.0953671
0.0950613
0.0949419
0.0951255
0.0966398
0.105494
0.143184
0.205326
0.267197
0.314483
0.35845
0.405075
0.472627
0.538844
0.612711
0.676232
0.69645
0.723398
0.764339
0.776066
0.780372
0.791203
0.801677
0.797462
0.792417
0.794038
0.796233
0.795225
0.791238
0.785451
0.779947
0.7747
0.770235
0.765766
0.76064
0.754971
0.748685
0.742372
0.736985
0.732446
0.728603
0.724932
0.721207
0.717903
0.71517
0.712953
0.711555
0.709426
0.706899
0.704886
0.703073
0.701244
0.698781
0.696485
0.694661
0.692898
0.690986
0.688771
0.685748
0.681357
0.675203
0.667611
0.658787
0.649396
0.639797
0.629061
0.616001
0.599953
0.581586
0.5619
0.542226
0.522367
0.502507
0.484141
0.452543
0.103942
0.103765
0.103589
0.103421
0.10325
0.102992
0.102643
0.102577
0.102952
0.105617
0.118445
0.16099
0.235831
0.311744
0.366689
0.407634
0.437667
0.483242
0.535572
0.608217
0.671573
0.707349
0.745973
0.782793
0.795089
0.806264
0.815468
0.824169
0.822641
0.818108
0.819965
0.82215
0.821562
0.818907
0.815993
0.812419
0.808534
0.804667
0.800716
0.796371
0.791219
0.785071
0.778338
0.772184
0.767005
0.762769
0.759139
0.755637
0.752516
0.750804
0.749905
0.749589
0.748247
0.74571
0.743003
0.740442
0.73778
0.735238
0.733383
0.732189
0.730655
0.728725
0.726283
0.723118
0.718657
0.712633
0.704706
0.695827
0.686278
0.675723
0.663277
0.648598
0.630807
0.611247
0.590943
0.570978
0.550796
0.530366
0.511034
0.477821
0.113242
0.113014
0.11278
0.112557
0.112311
0.111897
0.111604
0.111602
0.112496
0.117996
0.139153
0.190255
0.26009
0.329832
0.385908
0.430053
0.460422
0.491083
0.526669
0.584181
0.646301
0.700905
0.745485
0.779763
0.793123
0.815005
0.828676
0.829006
0.829956
0.834433
0.837453
0.836177
0.834284
0.832165
0.831453
0.829952
0.827757
0.826164
0.82283
0.817615
0.812114
0.806674
0.80139
0.796486
0.792388
0.789032
0.785775
0.782542
0.779198
0.778287
0.778471
0.77943
0.779255
0.777477
0.774505
0.771156
0.768129
0.765785
0.764324
0.763276
0.762148
0.760592
0.758233
0.754803
0.750142
0.744054
0.736891
0.728354
0.718715
0.707913
0.694997
0.678963
0.659903
0.639424
0.618664
0.598357
0.577668
0.556717
0.537229
0.503542
0.124345
0.124044
0.123747
0.12344
0.123074
0.122491
0.122316
0.122576
0.125037
0.137441
0.17412
0.234717
0.291477
0.332805
0.377973
0.419209
0.452635
0.481249
0.502894
0.537456
0.590331
0.666748
0.731821
0.761859
0.78145
0.814603
0.827227
0.826741
0.828238
0.836306
0.843716
0.842813
0.840245
0.838835
0.839717
0.838488
0.835414
0.832241
0.829133
0.825266
0.821831
0.818131
0.813916
0.809788
0.80647
0.803737
0.801152
0.798306
0.796631
0.797104
0.798329
0.799773
0.799251
0.797744
0.794656
0.790395
0.787042
0.785823
0.785661
0.785536
0.784663
0.783176
0.781038
0.777938
0.773566
0.768217
0.761736
0.754307
0.744719
0.732457
0.717671
0.700096
0.679882
0.659799
0.640283
0.621231
0.601771
0.581608
0.561851
0.527704
0.137517
0.137149
0.136757
0.136352
0.135786
0.135251
0.135256
0.13664
0.143745
0.169977
0.22939
0.288753
0.332776
0.355885
0.375561
0.390042
0.410652
0.427344
0.447518
0.473789
0.514433
0.589869
0.668374
0.717409
0.762762
0.806474
0.815414
0.810708
0.820093
0.83577
0.843275
0.842245
0.838791
0.83865
0.840854
0.840268
0.83833
0.834507
0.829565
0.827562
0.825901
0.824526
0.822685
0.820022
0.817093
0.813919
0.810946
0.808039
0.806492
0.806908
0.808187
0.80974
0.809656
0.808457
0.805332
0.801176
0.79752
0.796812
0.797142
0.79775
0.79775
0.797108
0.795067
0.791633
0.787252
0.782443
0.777167
0.770454
0.761613
0.74974
0.734159
0.715179
0.694263
0.674423
0.655782
0.637696
0.618827
0.599334
0.580421
0.548351
0.152646
0.152157
0.151716
0.151106
0.150512
0.150366
0.151295
0.156205
0.175934
0.226162
0.292328
0.34165
0.37638
0.384833
0.388026
0.397815
0.405299
0.409122
0.4125
0.417929
0.428956
0.459321
0.52749
0.622799
0.720173
0.7801
0.781231
0.789724
0.808721
0.829198
0.837129
0.833505
0.832253
0.836448
0.840906
0.840124
0.837927
0.834945
0.830587
0.8265
0.826156
0.825978
0.826255
0.826347
0.825386
0.823705
0.82126
0.81857
0.816308
0.814712
0.814827
0.815734
0.815943
0.814357
0.81132
0.807315
0.804155
0.803798
0.804248
0.805105
0.805092
0.804216
0.801905
0.798103
0.793243
0.788533
0.784112
0.778367
0.769527
0.756681
0.73986
0.719967
0.69908
0.68098
0.663775
0.647277
0.630285
0.6121
0.593803
0.563253
0.168544
0.168029
0.167523
0.16692
0.166826
0.167693
0.171761
0.187716
0.230728
0.297834
0.353861
0.38721
0.400833
0.403407
0.409218
0.413255
0.414108
0.415314
0.415717
0.414337
0.414954
0.418145
0.430173
0.475851
0.572501
0.690031
0.74075
0.777788
0.814188
0.823882
0.822693
0.819385
0.826433
0.836559
0.837754
0.835651
0.833041
0.830435
0.827567
0.82595
0.82635
0.826764
0.827361
0.827854
0.828188
0.827715
0.826621
0.825512
0.824423
0.822685
0.820781
0.818849
0.816587
0.814159
0.811313
0.808907
0.806857
0.806842
0.807494
0.808378
0.808966
0.807644
0.805367
0.80175
0.797085
0.793189
0.789487
0.784538
0.776203
0.763006
0.745571
0.725462
0.705432
0.683849
0.666888
0.650864
0.63461
0.617951
0.600591
0.5732
0.182943
0.182613
0.182157
0.182305
0.183394
0.187281
0.201841
0.241258
0.304425
0.370872
0.397602
0.409113
0.416451
0.423927
0.426609
0.426749
0.426036
0.42463
0.422164
0.419787
0.419152
0.41883
0.419364
0.422771
0.442459
0.513971
0.641639
0.7538
0.801486
0.805477
0.797615
0.805736
0.819256
0.833766
0.83288
0.828194
0.82784
0.826798
0.826013
0.825843
0.826616
0.827246
0.827342
0.827615
0.828115
0.827704
0.826592
0.825609
0.824937
0.823935
0.822281
0.819474
0.816413
0.812709
0.810488
0.809466
0.808706
0.808924
0.809012
0.809093
0.808899
0.807735
0.804286
0.798101
0.791596
0.78713
0.78321
0.777923
0.769045
0.755169
0.737414
0.718918
0.702365
0.688289
0.67386
0.658766
0.643379
0.621338
0.602819
0.576744
0.19411
0.194056
0.194437
0.195806
0.20037
0.215476
0.252198
0.315891
0.385641
0.410912
0.417572
0.424857
0.435094
0.438612
0.439175
0.437934
0.434519
0.43234
0.431699
0.431174
0.429919
0.427746
0.424237
0.422384
0.42343
0.43098
0.472012
0.569447
0.67589
0.750483
0.779072
0.80461
0.823901
0.830327
0.823584
0.821217
0.825637
0.826253
0.82618
0.827651
0.82861
0.82771
0.826745
0.826433
0.826343
0.8254
0.824301
0.824127
0.824146
0.823595
0.822097
0.819113
0.814654
0.811301
0.810252
0.810619
0.811283
0.811563
0.810851
0.809738
0.808634
0.805479
0.799393
0.792014
0.785564
0.780735
0.775959
0.769434
0.760078
0.747298
0.73121
0.715238
0.701836
0.686336
0.671491
0.657412
0.641975
0.627021
0.61061
0.585622
0.201915
0.202605
0.204619
0.21076
0.227242
0.26707
0.332294
0.39399
0.416424
0.42439
0.433331
0.443825
0.447764
0.447695
0.445761
0.442706
0.44142
0.441317
0.44145
0.440892
0.439059
0.435809
0.432071
0.429775
0.427754
0.428299
0.431169
0.44607
0.505321
0.620746
0.737441
0.791775
0.818284
0.812642
0.80134
0.811402
0.821337
0.824749
0.82633
0.828326
0.828604
0.827609
0.826104
0.824745
0.823077
0.820639
0.819315
0.819465
0.819889
0.81995
0.818564
0.815186
0.811975
0.810816
0.810973
0.812528
0.81399
0.813755
0.812688
0.810834
0.806847
0.800416
0.793219
0.786359
0.780069
0.774062
0.767384
0.758806
0.747771
0.734958
0.721639
0.708704
0.696524
0.685011
0.670988
0.658554
0.644133
0.625045
0.6067
0.582612
0.207914
0.211047
0.2193
0.240496
0.288548
0.353535
0.396775
0.418232
0.431644
0.443586
0.449501
0.45149
0.451374
0.450245
0.447959
0.447563
0.448387
0.44904
0.448594
0.447089
0.444315
0.441622
0.440398
0.439284
0.437879
0.43558
0.432546
0.432957
0.437282
0.463539
0.545921
0.64928
0.740339
0.764814
0.785169
0.819824
0.825898
0.823232
0.824487
0.826408
0.82693
0.825333
0.822825
0.820309
0.816803
0.814037
0.813491
0.81416
0.814565
0.814188
0.812688
0.810644
0.810109
0.810377
0.812365
0.81403
0.814432
0.813988
0.812346
0.808184
0.801321
0.793226
0.786055
0.77936
0.772789
0.765914
0.757618
0.747444
0.735756
0.724004
0.7132
0.703676
0.693749
0.683628
0.673057
0.65748
0.63958
0.622836
0.606219
0.582894
0.216873
0.229113
0.262095
0.315016
0.367364
0.405531
0.428816
0.444174
0.450204
0.451474
0.450801
0.449974
0.450298
0.451348
0.45258
0.453457
0.45349
0.452875
0.451223
0.449038
0.447735
0.447164
0.446595
0.445756
0.444355
0.442111
0.439631
0.437077
0.436802
0.438217
0.44698
0.48377
0.566772
0.679282
0.763067
0.811897
0.818984
0.811268
0.815203
0.82031
0.818505
0.81474
0.815896
0.814703
0.810958
0.809218
0.809874
0.810818
0.810157
0.809262
0.808568
0.808691
0.809106
0.8116
0.813981
0.813993
0.814239
0.812875
0.808447
0.801051
0.792951
0.78644
0.781401
0.77613
0.769289
0.760093
0.748322
0.734756
0.720864
0.7104
0.703348
0.697602
0.690433
0.681863
0.670149
0.655541
0.638758
0.620945
0.60541
0.582842
0.2493
0.291772
0.339279
0.3864
0.424226
0.442267
0.445155
0.445937
0.4471
0.449129
0.45206
0.454031
0.45472
0.4551
0.455208
0.45494
0.454153
0.452977
0.451852
0.45132
0.451036
0.450626
0.449962
0.44881
0.447274
0.446182
0.445213
0.444001
0.442383
0.440123
0.440255
0.442317
0.453155
0.496686
0.581436
0.678595
0.743382
0.7678
0.797293
0.803802
0.798418
0.802964
0.811146
0.81069
0.808385
0.808318
0.810144
0.811048
0.809574
0.807279
0.80696
0.807839
0.811163
0.81391
0.813872
0.813527
0.811996
0.80731
0.799437
0.790824
0.783241
0.779129
0.776555
0.772889
0.766296
0.755611
0.741914
0.727841
0.714488
0.703963
0.696876
0.691387
0.684836
0.675941
0.664191
0.650167
0.63454
0.619363
0.607011
0.584406
0.324726
0.373696
0.415624
0.431541
0.4361
0.440209
0.446896
0.45204
0.453571
0.454079
0.454926
0.455821
0.45597
0.455798
0.455357
0.454762
0.45401
0.453452
0.453273
0.453068
0.452721
0.452062
0.451057
0.450233
0.449682
0.449158
0.448463
0.447508
0.446182
0.444712
0.443252
0.442107
0.442508
0.445429
0.458739
0.497697
0.580693
0.682311
0.761224
0.779601
0.786242
0.803476
0.818976
0.815899
0.815194
0.817237
0.817497
0.815146
0.81119
0.809966
0.810963
0.813266
0.815589
0.814789
0.813501
0.81118
0.805951
0.797118
0.788942
0.782474
0.778956
0.776377
0.773558
0.769208
0.761949
0.750933
0.736115
0.720371
0.707211
0.698107
0.691821
0.685707
0.677602
0.666812
0.653846
0.639525
0.625249
0.612427
0.601528
0.58047
0.402744
0.416993
0.431844
0.445605
0.452358
0.452959
0.453621
0.454474
0.454828
0.455473
0.45617
0.456416
0.456367
0.456109
0.455543
0.454938
0.454614
0.454439
0.454204
0.453803
0.453164
0.452512
0.452
0.451593
0.451197
0.450678
0.449872
0.44884
0.447957
0.447218
0.446355
0.445299
0.444047
0.443173
0.443619
0.446492
0.457204
0.495274
0.563898
0.652272
0.736003
0.789815
0.80998
0.811696
0.815015
0.821474
0.821509
0.817155
0.816224
0.817531
0.818326
0.818349
0.816891
0.81454
0.810045
0.802672
0.794539
0.786957
0.780411
0.776252
0.774403
0.772853
0.769998
0.764417
0.755231
0.742338
0.726841
0.711806
0.699317
0.690254
0.683026
0.674943
0.664659
0.652533
0.638964
0.627473
0.617085
0.606242
0.59549
0.574668
0.440585
0.447813
0.448487
0.449204
0.450488
0.452994
0.455227
0.456204
0.456212
0.456213
0.456328
0.456294
0.456285
0.456227
0.456067
0.455834
0.455556
0.4552
0.45473
0.454178
0.453643
0.453279
0.45302
0.452675
0.452145
0.451352
0.450544
0.449866
0.449229
0.448561
0.447811
0.446978
0.445945
0.444912
0.444049
0.443532
0.443899
0.446354
0.454911
0.482278
0.541044
0.615529
0.68608
0.741536
0.789245
0.812701
0.815329
0.813294
0.815358
0.818888
0.818811
0.817584
0.815073
0.807902
0.796235
0.789881
0.786
0.783349
0.779579
0.775469
0.771297
0.766465
0.759135
0.74761
0.732724
0.718649
0.70987
0.701707
0.69263
0.683249
0.672906
0.660564
0.645775
0.630661
0.619263
0.612375
0.605607
0.597249
0.588187
0.569677
0.442612
0.447544
0.452552
0.455064
0.455713
0.456004
0.45605
0.456185
0.456452
0.456532
0.456524
0.456467
0.456365
0.456281
0.45618
0.456011
0.455812
0.455549
0.455154
0.454734
0.454341
0.453942
0.453452
0.45289
0.452287
0.451769
0.451278
0.450693
0.449972
0.449186
0.44843
0.447728
0.446983
0.446221
0.445374
0.444594
0.443948
0.443342
0.443535
0.445103
0.45077
0.466337
0.505518
0.572683
0.644393
0.699082
0.743839
0.771159
0.79912
0.811529
0.811673
0.808583
0.800176
0.787466
0.77966
0.779629
0.779606
0.779199
0.777365
0.773301
0.766868
0.756119
0.738972
0.716966
0.698401
0.688011
0.683256
0.678739
0.67247
0.663234
0.650402
0.636508
0.622521
0.610633
0.602698
0.596223
0.590115
0.583582
0.576078
0.560556
0.453418
0.45381
0.454241
0.455147
0.456547
0.45692
0.456912
0.45673
0.456477
0.4564
0.456449
0.456553
0.456548
0.456503
0.4564
0.456218
0.455911
0.455544
0.455175
0.454849
0.454611
0.454281
0.453794
0.453242
0.452699
0.452094
0.451452
0.450812
0.450227
0.449569
0.448898
0.448218
0.447511
0.446819
0.446202
0.445606
0.444894
0.444105
0.44341
0.44281
0.442738
0.443415
0.446048
0.453963
0.474428
0.517831
0.584186
0.658225
0.711399
0.737517
0.761185
0.771497
0.77483
0.77648
0.78
0.780635
0.779771
0.77694
0.771759
0.761416
0.742855
0.720937
0.701064
0.682116
0.670423
0.664908
0.659826
0.653638
0.644614
0.632926
0.618661
0.604691
0.591832
0.58604
0.584137
0.580973
0.576083
0.568881
0.560612
0.547938
0.454574
0.456094
0.456807
0.456947
0.45688
0.456906
0.456926
0.456899
0.456816
0.456701
0.456609
0.456565
0.456516
0.456451
0.456321
0.456115
0.455815
0.455493
0.455257
0.455005
0.45464
0.454168
0.453634
0.453122
0.452694
0.45226
0.451689
0.450979
0.450169
0.449412
0.448723
0.44805
0.447371
0.446726
0.446154
0.445601
0.445093
0.444535
0.443873
0.443188
0.442629
0.442012
0.441646
0.441847
0.442877
0.446307
0.454519
0.47785
0.516771
0.572654
0.636535
0.691152
0.729869
0.761114
0.774935
0.773705
0.769482
0.759549
0.742842
0.719123
0.692299
0.671428
0.661047
0.652723
0.644239
0.639774
0.635902
0.628327
0.618103
0.606406
0.598273
0.589854
0.582134
0.576148
0.570898
0.564612
0.555975
0.545872
0.542274
0.535075
0.456368
0.456711
0.456746
0.456671
0.456468
0.456436
0.456463
0.456563
0.45676
0.456827
0.456803
0.456741
0.456656
0.456504
0.456287
0.455992
0.455644
0.455332
0.455075
0.454811
0.454472
0.454029
0.453539
0.453069
0.452577
0.452038
0.451438
0.450771
0.450056
0.449332
0.448636
0.447951
0.447279
0.446668
0.44614
0.445625
0.445083
0.444508
0.443928
0.443333
0.442728
0.442113
0.441597
0.441
0.440409
0.439769
0.439282
0.439754
0.441918
0.447771
0.461876
0.493678
0.537475
0.590364
0.633098
0.658971
0.677749
0.682296
0.681373
0.676002
0.668509
0.662134
0.656338
0.649284
0.639986
0.628308
0.614586
0.59967
0.586368
0.579253
0.579226
0.577531
0.574991
0.570517
0.56282
0.552607
0.543052
0.534492
0.528654
0.519573
0.456289
0.456753
0.457115
0.457209
0.457221
0.457198
0.457136
0.457055
0.456959
0.456801
0.45661
0.456456
0.456331
0.45619
0.455979
0.455684
0.455377
0.45513
0.454907
0.454628
0.454238
0.453758
0.453272
0.452822
0.452355
0.451835
0.451244
0.450579
0.449861
0.449138
0.44846
0.447831
0.447238
0.446684
0.446132
0.445584
0.445032
0.444456
0.443867
0.443264
0.442627
0.441979
0.441238
0.44036
0.439332
0.43799
0.436185
0.434036
0.4313
0.427622
0.424931
0.421107
0.421068
0.427088
0.444802
0.472647
0.510744
0.552029
0.587428
0.616525
0.634138
0.64692
0.645575
0.639619
0.629908
0.615731
0.598541
0.586408
0.576787
0.569162
0.560463
0.556853
0.552765
0.546683
0.539975
0.534906
0.531589
0.527265
0.519958
0.50808
0.45718
0.457178
0.457112
0.457095
0.457148
0.457164
0.457148
0.457089
0.456953
0.456729
0.456506
0.456338
0.456178
0.45599
0.455756
0.455478
0.45519
0.454914
0.454624
0.454266
0.453833
0.453398
0.45299
0.452585
0.45213
0.451601
0.45099
0.450295
0.449563
0.448872
0.44826
0.447734
0.447226
0.446676
0.446063
0.445426
0.444793
0.444166
0.443546
0.442919
0.44222
0.441432
0.440457
0.439234
0.437669
0.435499
0.432386
0.428656
0.423202
0.416379
0.409511
0.399644
0.390737
0.38375
0.375452
0.370195
0.373719
0.384815
0.405249
0.440557
0.483747
0.520306
0.542181
0.557695
0.565609
0.564925
0.566776
0.568047
0.565657
0.55881
0.547282
0.534986
0.522109
0.509624
0.50646
0.506157
0.507218
0.505989
0.502825
0.495989
0.457696
0.457422
0.457257
0.45724
0.457286
0.457307
0.457296
0.457241
0.457103
0.456862
0.456599
0.456376
0.456165
0.455939
0.455685
0.455401
0.455094
0.454771
0.454428
0.454024
0.453591
0.453218
0.452876
0.4525
0.452041
0.451484
0.450844
0.450151
0.449463
0.4488
0.448175
0.447628
0.447116
0.446561
0.445949
0.445323
0.444677
0.444003
0.443284
0.442472
0.441508
0.440351
0.438828
0.436822
0.434192
0.430331
0.425411
0.419418
0.410958
0.402496
0.393374
0.381118
0.371906
0.362193
0.350408
0.342458
0.33605
0.328263
0.326036
0.329072
0.340752
0.363314
0.397032
0.437167
0.484614
0.506491
0.519347
0.527539
0.526592
0.520746
0.516286
0.512926
0.508351
0.502035
0.496821
0.490799
0.485632
0.47812
0.476571
0.475313
0.45842
0.458367
0.45835
0.458371
0.458426
0.458437
0.458378
0.458185
0.457851
0.457493
0.45717
0.456798
0.456407
0.456051
0.455725
0.455408
0.455086
0.454753
0.454401
0.453987
0.453544
0.453171
0.452865
0.452523
0.452063
0.451474
0.450817
0.450121
0.449461
0.448843
0.448205
0.44761
0.447091
0.446556
0.445976
0.445344
0.444642
0.443817
0.442846
0.441672
0.440231
0.438358
0.435781
0.43244
0.427797
0.42147
0.41444
0.405219
0.394449
0.385446
0.373904
0.361658
0.353398
0.343048
0.331719
0.324937
0.316878
0.307358
0.301966
0.298127
0.291829
0.291902
0.296922
0.310581
0.336012
0.376703
0.417478
0.450469
0.477849
0.490774
0.496819
0.501795
0.502193
0.500003
0.49292
0.482128
0.473168
0.467148
0.462987
0.458762
0.459499
0.459416
0.459283
0.459079
0.458765
0.458491
0.458356
0.458194
0.45794
0.45764
0.45741
0.457244
0.457002
0.456638
0.456234
0.455888
0.45558
0.455275
0.454944
0.454543
0.454076
0.453602
0.453165
0.452749
0.452303
0.451754
0.451146
0.450515
0.449901
0.44929
0.448637
0.447936
0.447267
0.446666
0.446038
0.445292
0.444401
0.443314
0.441929
0.440132
0.437726
0.43441
0.430074
0.424358
0.416619
0.408138
0.398407
0.385979
0.375836
0.365962
0.352515
0.342881
0.335262
0.3239
0.314707
0.308982
0.300798
0.292563
0.287633
0.282145
0.274787
0.271099
0.267764
0.266647
0.268584
0.276477
0.293733
0.324793
0.364843
0.410843
0.439469
0.453831
0.467247
0.471118
0.470377
0.467849
0.465558
0.462929
0.457951
0.449613
0.459395
0.459213
0.459069
0.458952
0.458788
0.458573
0.458417
0.458379
0.458277
0.458045
0.457782
0.457475
0.45713
0.456809
0.456512
0.45622
0.455912
0.455588
0.455242
0.454854
0.45443
0.454022
0.453645
0.45328
0.452899
0.452429
0.451822
0.451093
0.450342
0.449642
0.448988
0.448307
0.447567
0.446768
0.445982
0.445027
0.443721
0.441941
0.439623
0.436537
0.432247
0.426739
0.419769
0.410484
0.400489
0.390282
0.377296
0.365399
0.35642
0.344519
0.332399
0.325489
0.317096
0.305594
0.299539
0.294067
0.285529
0.279345
0.275143
0.269039
0.263395
0.259294
0.255468
0.25072
0.248155
0.246907
0.247718
0.25202
0.264367
0.289515
0.329627
0.373021
0.407251
0.427931
0.448476
0.453778
0.451485
0.447271
0.443434
0.439258
0.459207
0.459044
0.458935
0.458907
0.458899
0.45883
0.458681
0.458422
0.458123
0.457859
0.457643
0.457472
0.457267
0.457037
0.456804
0.456589
0.456379
0.456108
0.455768
0.455333
0.454861
0.454478
0.454131
0.453717
0.453239
0.452774
0.452267
0.451676
0.451037
0.450377
0.449688
0.448875
0.448175
0.447294
0.445915
0.444043
0.441647
0.438599
0.434646
0.429067
0.421972
0.413707
0.402883
0.391198
0.380731
0.368024
0.354645
0.345681
0.335905
0.323139
0.315109
0.30874
0.298711
0.290201
0.285857
0.279658
0.271639
0.267778
0.263518
0.257224
0.253353
0.249718
0.245534
0.240992
0.238674
0.235368
0.233033
0.231716
0.231909
0.235245
0.244134
0.264641
0.301942
0.343529
0.382733
0.414258
0.426225
0.432254
0.43578
0.434592
0.459002
0.458942
0.458867
0.458766
0.458656
0.458531
0.458362
0.458174
0.457997
0.45782
0.457632
0.457472
0.457382
0.45723
0.457
0.456705
0.456354
0.45602
0.455699
0.455339
0.454946
0.454576
0.454234
0.453912
0.453548
0.45314
0.452681
0.452218
0.451699
0.451068
0.450319
0.449367
0.447877
0.445891
0.443495
0.440456
0.436412
0.43125
0.424162
0.415017
0.40545
0.393735
0.38017
0.36938
0.357876
0.343741
0.334013
0.325983
0.314588
0.304853
0.299318
0.291997
0.282325
0.277344
0.273008
0.265782
0.26042
0.257319
0.252383
0.247504
0.244324
0.240867
0.236777
0.233622
0.230992
0.227552
0.225633
0.223078
0.221197
0.220304
0.220354
0.222753
0.22955
0.248838
0.281771
0.323952
0.367583
0.393539
0.411472
0.422422
0.45881
0.458711
0.458602
0.458499
0.458393
0.458278
0.458133
0.457982
0.457906
0.457845
0.457729
0.457548
0.457303
0.457077
0.456849
0.456592
0.456326
0.456041
0.455741
0.455464
0.455171
0.454856
0.454556
0.45426
0.45393
0.4535
0.452989
0.452382
0.451607
0.450685
0.449515
0.447926
0.4457
0.442688
0.438628
0.432994
0.426123
0.417559
0.406209
0.395014
0.383312
0.368423
0.356369
0.346481
0.333307
0.321902
0.314913
0.305994
0.295256
0.289468
0.284189
0.27577
0.269209
0.265718
0.260543
0.253973
0.250907
0.247591
0.242627
0.239277
0.236391
0.232978
0.229379
0.226953
0.224355
0.221817
0.2199
0.217295
0.215693
0.213944
0.212367
0.211477
0.211815
0.213638
0.219776
0.235861
0.266512
0.309429
0.351321
0.392722
0.458434
0.458336
0.458273
0.458218
0.458145
0.458059
0.457983
0.457895
0.457763
0.457598
0.457425
0.457271
0.457115
0.456934
0.456729
0.456516
0.456309
0.456088
0.45584
0.455541
0.455186
0.454857
0.454574
0.454266
0.453965
0.453613
0.453108
0.452323
0.451261
0.449822
0.447779
0.444751
0.440558
0.435162
0.427715
0.418711
0.408849
0.395716
0.382174
0.370849
0.356596
0.342495
0.333543
0.323083
0.31037
0.303042
0.296542
0.286871
0.279689
0.27547
0.26935
0.261965
0.258381
0.254783
0.248795
0.244776
0.242356
0.238373
0.234624
0.232102
0.229184
0.226191
0.223512
0.221426
0.218976
0.216852
0.214962
0.213376
0.212302
0.210386
0.208762
0.207616
0.206616
0.206013
0.206592
0.208693
0.21443
0.229278
0.25783
0.321111
0.458224
0.458169
0.458127
0.458081
0.458014
0.457916
0.457801
0.457673
0.457523
0.457375
0.457214
0.457059
0.456938
0.456816
0.45667
0.4565
0.456328
0.456146
0.455919
0.455624
0.455268
0.454925
0.454648
0.454358
0.45387
0.453136
0.452117
0.450723
0.448745
0.446008
0.442105
0.4365
0.429558
0.420325
0.408282
0.396677
0.383204
0.367382
0.35589
0.344105
0.329179
0.319602
0.311804
0.300349
0.291151
0.286034
0.279135
0.270826
0.26653
0.262349
0.255832
0.251325
0.248577
0.244254
0.239441
0.237101
0.234283
0.230359
0.228174
0.225886
0.223126
0.220913
0.218779
0.216482
0.214527
0.213288
0.211723
0.21013
0.208871
0.207715
0.206847
0.205685
0.204164
0.203605
0.203166
0.202854
0.203307
0.205318
0.21067
0.239859
0.458179
0.458107
0.45804
0.45797
0.457881
0.457764
0.457633
0.457507
0.457368
0.457263
0.457164
0.457033
0.456912
0.456795
0.456665
0.456529
0.456391
0.456236
0.456035
0.455784
0.455487
0.455145
0.454692
0.454049
0.453177
0.451929
0.450088
0.447264
0.443261
0.437884
0.42998
0.420284
0.40932
0.394515
0.380314
0.36792
0.352087
0.338868
0.329418
0.316854
0.305515
0.299115
0.290951
0.280593
0.275323
0.270728
0.263425
0.257976
0.254858
0.25025
0.244961
0.242324
0.239437
0.235067
0.232248
0.230077
0.226919
0.224464
0.222671
0.22037
0.218395
0.216607
0.214939
0.213435
0.211943
0.210493
0.209137
0.208243
0.207344
0.206429
0.205545
0.204565
0.203555
0.202919
0.202212
0.201589
0.201121
0.20109
0.201603
0.207017
0.458167
0.458081
0.458009
0.457933
0.457841
0.457729
0.4576
0.457478
0.457353
0.457228
0.457169
0.457097
0.457035
0.456979
0.456898
0.456779
0.456666
0.456542
0.456355
0.45606
0.455706
0.455154
0.454329
0.453116
0.451266
0.448537
0.444366
0.438269
0.430703
0.420126
0.406668
0.394083
0.378648
0.361386
0.349543
0.3368
0.321917
0.312838
0.304132
0.292715
0.285893
0.280516
0.272158
0.265322
0.261736
0.256872
0.250676
0.247523
0.244483
0.239684
0.236508
0.234373
0.231096
0.227954
0.226177
0.223957
0.221495
0.219895
0.218075
0.216309
0.215047
0.213707
0.212359
0.210908
0.209622
0.208599
0.207635
0.206973
0.206308
0.205553
0.204786
0.20421
0.203688
0.203042
0.202284
0.201672
0.201125
0.200688
0.200301
0.200914
0.458206
0.458124
0.458058
0.457987
0.457895
0.457808
0.457726
0.457628
0.457559
0.457526
0.45751
0.457468
0.457382
0.457282
0.457163
0.457052
0.456929
0.456771
0.45653
0.45615
0.455424
0.454214
0.452374
0.449503
0.445239
0.439255
0.430389
0.419485
0.406355
0.38947
0.374901
0.360223
0.341816
0.329674
0.32032
0.306878
0.296017
0.289897
0.281929
0.273777
0.269391
0.264105
0.25689
0.253157
0.250136
0.245223
0.240983
0.238557
0.23516
0.231562
0.229708
0.227398
0.224312
0.222581
0.221077
0.219118
0.217483
0.216083
0.214716
0.213664
0.212668
0.211605
0.210479
0.209315
0.208562
0.207862
0.206948
0.206106
0.205389
0.204788
0.204271
0.20386
0.203517
0.203102
0.202509
0.201949
0.201411
0.200966
0.200659
0.200257
0.458499
0.458436
0.45838
0.45832
0.458251
0.458173
0.458108
0.458043
0.457969
0.457867
0.457729
0.457648
0.45755
0.457427
0.457312
0.457131
0.456873
0.456553
0.456048
0.455054
0.453188
0.450273
0.445725
0.438769
0.430172
0.418172
0.40229
0.386995
0.370245
0.353219
0.338799
0.322718
0.311066
0.303663
0.293024
0.280382
0.275398
0.271296
0.264532
0.259127
0.255427
0.250074
0.245602
0.24349
0.240587
0.23604
0.233236
0.230897
0.227772
0.225862
0.224203
0.221606
0.219735
0.218669
0.217314
0.215959
0.214875
0.213718
0.212685
0.211806
0.210925
0.210153
0.209358
0.208587
0.208013
0.20734
0.206537
0.205866
0.20531
0.204802
0.204305
0.203899
0.203564
0.203186
0.202755
0.202318
0.201888
0.201442
0.201039
0.200464
0.458527
0.458507
0.458498
0.458466
0.458421
0.45841
0.458398
0.458364
0.458292
0.458183
0.458027
0.457794
0.457617
0.457443
0.457225
0.456953
0.456532
0.455629
0.453775
0.450572
0.445659
0.438091
0.427467
0.415051
0.399117
0.378864
0.363116
0.348507
0.330379
0.315029
0.304253
0.295476
0.288169
0.279062
0.267532
0.262812
0.260795
0.256887
0.250594
0.246941
0.243862
0.239805
0.237519
0.235644
0.232263
0.228715
0.226869
0.224665
0.22258
0.221285
0.219468
0.217563
0.216649
0.215704
0.214637
0.213713
0.212848
0.21199
0.211051
0.210291
0.209703
0.209068
0.208334
0.20773
0.207221
0.206641
0.206157
0.205741
0.205295
0.204796
0.204339
0.203997
0.203661
0.203305
0.20294
0.202562
0.202147
0.20167
0.201261
0.200677
0.458685
0.458774
0.458859
0.458873
0.45886
0.458813
0.458714
0.458553
0.458369
0.458174
0.458004
0.457917
0.457806
0.457609
0.457129
0.456136
0.454194
0.450872
0.44569
0.437459
0.425761
0.411546
0.394372
0.374076
0.354032
0.34057
0.326862
0.307465
0.293267
0.288584
0.283203
0.275072
0.265517
0.257634
0.254315
0.252764
0.249993
0.244276
0.239939
0.238312
0.236037
0.233092
0.231198
0.228923
0.225569
0.223838
0.222542
0.220693
0.21928
0.217928
0.216141
0.215222
0.214585
0.213665
0.212799
0.212075
0.211374
0.210686
0.209934
0.209344
0.208833
0.208145
0.207489
0.207071
0.206653
0.20622
0.205893
0.205566
0.205145
0.204627
0.204191
0.20388
0.203605
0.203325
0.203011
0.202662
0.202279
0.201801
0.201395
0.200857
0.459046
0.45917
0.459198
0.45919
0.459152
0.45906
0.458909
0.458715
0.458461
0.458156
0.45792
0.45768
0.457269
0.456427
0.454735
0.451625
0.446554
0.438205
0.425653
0.410339
0.391883
0.370198
0.348977
0.334384
0.320986
0.305649
0.287938
0.279711
0.277227
0.273484
0.264331
0.253307
0.249747
0.248838
0.247476
0.244294
0.238817
0.23452
0.233663
0.232701
0.230209
0.22746
0.225672
0.223428
0.221578
0.220692
0.21947
0.217891
0.216679
0.215313
0.214176
0.213569
0.212854
0.211941
0.211261
0.210713
0.21017
0.209594
0.20904
0.20854
0.208028
0.207393
0.206896
0.206566
0.206219
0.205864
0.205533
0.205181
0.204785
0.20429
0.203795
0.203467
0.203202
0.202928
0.202654
0.202365
0.202069
0.201648
0.201274
0.20082
0.459264
0.459291
0.459284
0.459265
0.459216
0.459115
0.458954
0.458754
0.458475
0.45814
0.45782
0.457312
0.456189
0.45374
0.449225
0.44123
0.428412
0.412097
0.392362
0.369394
0.346236
0.330682
0.317108
0.302264
0.284621
0.275118
0.272111
0.269639
0.2646
0.254603
0.245693
0.243679
0.244043
0.243391
0.240223
0.234278
0.229846
0.229354
0.229144
0.227608
0.224429
0.222507
0.221251
0.219794
0.218907
0.218136
0.216989
0.215804
0.214778
0.213723
0.212994
0.212349
0.21146
0.210556
0.209969
0.209486
0.20901
0.208531
0.208075
0.207612
0.207114
0.206597
0.206215
0.205896
0.205527
0.205109
0.204715
0.204344
0.203952
0.203467
0.203006
0.202781
0.202601
0.202404
0.202221
0.202029
0.201817
0.201504
0.201175
0.20071
0.459116
0.459096
0.459065
0.459016
0.458919
0.458741
0.45846
0.458133
0.457821
0.457437
0.456703
0.454966
0.45134
0.444347
0.432211
0.415712
0.395048
0.370726
0.346252
0.329373
0.314717
0.299797
0.282183
0.271775
0.267793
0.265291
0.261918
0.255056
0.245744
0.240655
0.239973
0.23986
0.238791
0.235573
0.230303
0.226473
0.225679
0.225344
0.224267
0.221851
0.219695
0.218879
0.218015
0.217069
0.216481
0.215844
0.21495
0.214065
0.213236
0.212472
0.211847
0.211141
0.210193
0.2093
0.208649
0.208139
0.207692
0.207259
0.206855
0.206416
0.205897
0.205393
0.205064
0.204792
0.204466
0.20405
0.203583
0.203131
0.202773
0.202424
0.202059
0.201887
0.20177
0.201652
0.20155
0.201424
0.201249
0.201006
0.200713
0.200162
0.457982
0.457938
0.457862
0.457754
0.457578
0.457368
0.457103
0.456779
0.456265
0.455178
0.452712
0.44745
0.437153
0.421652
0.401029
0.375216
0.348896
0.330338
0.314154
0.298227
0.280412
0.270242
0.264885
0.260994
0.257778
0.25312
0.246193
0.239668
0.237019
0.236664
0.236045
0.234126
0.230603
0.226236
0.223439
0.222862
0.222531
0.221581
0.219709
0.217542
0.216659
0.216192
0.215455
0.214719
0.214191
0.213551
0.212665
0.211843
0.211117
0.210467
0.209884
0.209192
0.208334
0.207603
0.206992
0.206399
0.205805
0.205283
0.204894
0.204518
0.20405
0.203554
0.203221
0.202987
0.202746
0.202447
0.202066
0.201605
0.201184
0.200857
0.200539
0.200347
0.200252
0.200202
0.200121
0.199997
0.199807
0.19953
0.199193
0.198626
0.456617
0.456523
0.456351
0.456095
0.455805
0.455577
0.45533
0.454812
0.453452
0.450101
0.442498
0.429279
0.40972
0.38333
0.355402
0.333802
0.314689
0.296979
0.279784
0.268924
0.261676
0.257185
0.253411
0.24904
0.244172
0.23897
0.234296
0.232816
0.232636
0.231889
0.22977
0.226166
0.222043
0.219804
0.219461
0.219389
0.218845
0.21759
0.215857
0.214427
0.213853
0.213313
0.212532
0.211798
0.211152
0.210352
0.209514
0.208887
0.208296
0.207745
0.207133
0.206319
0.205603
0.205201
0.204777
0.204212
0.203467
0.202626
0.202036
0.20169
0.201361
0.200985
0.200638
0.200359
0.200112
0.199874
0.199635
0.199336
0.198934
0.198531
0.198272
0.198134
0.198071
0.198051
0.198008
0.197894
0.197697
0.1974
0.197036
0.196426
0.454787
0.454648
0.454412
0.453961
0.453784
0.453669
0.453247
0.451691
0.447207
0.437402
0.420768
0.395463
0.365413
0.340259
0.317905
0.297067
0.279073
0.267649
0.259109
0.25304
0.248921
0.24535
0.241266
0.237462
0.233663
0.230191
0.228175
0.227193
0.22636
0.224812
0.221867
0.218037
0.215676
0.215165
0.215144
0.214938
0.214243
0.213002
0.211517
0.210579
0.210024
0.209346
0.208484
0.207704
0.206935
0.206002
0.20539
0.205059
0.204717
0.204283
0.203575
0.202463
0.20151
0.201065
0.200764
0.200408
0.199843
0.199011
0.198175
0.197634
0.197313
0.197115
0.196963
0.196768
0.196489
0.196136
0.195952
0.195849
0.195674
0.195374
0.195032
0.194842
0.194726
0.19464
0.194543
0.194399
0.194178
0.193836
0.193429
0.192756
0.452749
0.452528
0.452046
0.451548
0.451578
0.451261
0.449438
0.443809
0.431751
0.409985
0.380241
0.351057
0.323305
0.299449
0.280693
0.266513
0.256049
0.249135
0.243897
0.239806
0.236575
0.234342
0.231677
0.228346
0.225295
0.223029
0.221282
0.220081
0.218724
0.216472
0.213062
0.210508
0.210018
0.210067
0.210086
0.209648
0.2086
0.207004
0.205771
0.205285
0.204866
0.204295
0.203596
0.202835
0.201873
0.200722
0.20005
0.199731
0.199474
0.199137
0.198514
0.19746
0.196364
0.195577
0.195054
0.19471
0.194387
0.193929
0.193278
0.192574
0.192005
0.191757
0.191685
0.191626
0.191508
0.19127
0.191055
0.190924
0.190798
0.190621
0.190375
0.190124
0.189906
0.189705
0.189522
0.189303
0.18901
0.18862
0.18819
0.187476
0.450295
0.449805
0.448738
0.448708
0.448426
0.446343
0.439704
0.424999
0.399386
0.366743
0.334958
0.306178
0.282571
0.266947
0.255246
0.24592
0.240125
0.235552
0.231784
0.229714
0.227363
0.224063
0.220675
0.218338
0.216492
0.214377
0.212526
0.211301
0.20976
0.207259
0.204633
0.203594
0.203402
0.203383
0.203108
0.202335
0.201035
0.199509
0.19886
0.198549
0.198154
0.197625
0.196993
0.196237
0.195267
0.194164
0.193263
0.192597
0.19209
0.191676
0.191226
0.190644
0.189937
0.189078
0.188133
0.187365
0.186865
0.186486
0.186118
0.185664
0.185171
0.184982
0.184906
0.184848
0.184769
0.18466
0.184549
0.184414
0.184232
0.18402
0.183797
0.183558
0.183301
0.183029
0.182741
0.182397
0.181989
0.181511
0.181045
0.180293
0.447615
0.446399
0.445425
0.445225
0.443337
0.43615
0.418704
0.390398
0.354307
0.317599
0.290773
0.268656
0.252562
0.24351
0.236407
0.229896
0.226333
0.224853
0.222288
0.218311
0.214773
0.212178
0.209604
0.207606
0.205903
0.204138
0.203002
0.201905
0.20011
0.197387
0.195673
0.195341
0.195293
0.195067
0.194443
0.193418
0.191964
0.190976
0.19067
0.190321
0.189751
0.18903
0.188299
0.187604
0.186911
0.186218
0.185485
0.184633
0.183677
0.182808
0.18217
0.18168
0.181204
0.180579
0.179688
0.17873
0.178069
0.17763
0.177263
0.176916
0.176722
0.176653
0.176618
0.176599
0.176519
0.176383
0.176264
0.176139
0.175953
0.175695
0.175383
0.175033
0.174645
0.174233
0.173804
0.173318
0.172774
0.172213
0.171726
0.170952
0.443627
0.441451
0.440718
0.438612
0.430842
0.411704
0.379729
0.342771
0.30448
0.2756
0.256575
0.241265
0.232216
0.225613
0.220452
0.217664
0.215001
0.211675
0.207965
0.204752
0.202115
0.199478
0.197112
0.196065
0.194983
0.193356
0.191853
0.190492
0.188504
0.186308
0.185651
0.185608
0.185485
0.185014
0.184197
0.183035
0.181754
0.181242
0.180961
0.180518
0.179847
0.179006
0.178122
0.177442
0.176971
0.17655
0.176031
0.175241
0.174075
0.172825
0.171986
0.171439
0.170949
0.17039
0.169649
0.168784
0.168152
0.167763
0.16739
0.167089
0.166983
0.166936
0.16694
0.166978
0.166921
0.166767
0.166545
0.16629
0.166009
0.16568
0.165294
0.164858
0.164377
0.163865
0.163318
0.162716
0.162079
0.161485
0.161005
0.1603
0.437585
0.435473
0.432864
0.42496
0.405768
0.371282
0.331048
0.294915
0.261904
0.243519
0.230643
0.218696
0.213337
0.210921
0.207056
0.202494
0.199537
0.197371
0.194298
0.190765
0.188263
0.186488
0.185313
0.184229
0.182743
0.180997
0.179706
0.178363
0.176362
0.175166
0.175099
0.175132
0.174845
0.174113
0.172968
0.171596
0.170863
0.170683
0.170467
0.170061
0.169401
0.168442
0.167349
0.166621
0.166238
0.165941
0.165566
0.164911
0.16376
0.162363
0.161395
0.160778
0.160264
0.159729
0.159051
0.158238
0.15762
0.157215
0.156905
0.156768
0.156709
0.156679
0.156668
0.156625
0.156494
0.156248
0.155929
0.155569
0.155164
0.154709
0.154213
0.153684
0.153116
0.152499
0.151826
0.151117
0.150431
0.14986
0.149406
0.148777
0.429138
0.425558
0.418077
0.398945
0.365677
0.321078
0.283692
0.252951
0.230135
0.218096
0.207768
0.200613
0.197389
0.194339
0.190807
0.187824
0.185334
0.182656
0.179465
0.177126
0.175468
0.173676
0.172468
0.171625
0.170373
0.168783
0.167565
0.166364
0.164903
0.164366
0.164317
0.164197
0.163722
0.162816
0.161489
0.160356
0.160015
0.159886
0.159697
0.159368
0.158792
0.157839
0.156679
0.155894
0.155511
0.15525
0.154931
0.154359
0.153311
0.151924
0.150794
0.150052
0.149521
0.149038
0.148461
0.147787
0.147248
0.146805
0.146533
0.146425
0.146367
0.146323
0.146249
0.146109
0.145846
0.145461
0.145024
0.144554
0.144036
0.143467
0.142866
0.142245
0.141607
0.140931
0.140211
0.139475
0.138839
0.138378
0.137973
0.137446
0.417168
0.410113
0.392993
0.361343
0.318553
0.273823
0.24461
0.220148
0.20573
0.19878
0.191017
0.18478
0.182304
0.180217
0.177157
0.173916
0.17162
0.169543
0.166966
0.164789
0.163111
0.161739
0.160944
0.160093
0.158762
0.157381
0.156445
0.15541
0.154304
0.154047
0.154037
0.153843
0.153281
0.152219
0.150816
0.149996
0.149744
0.149598
0.149421
0.149132
0.148607
0.147727
0.146659
0.145834
0.145356
0.145047
0.144715
0.144167
0.143221
0.141962
0.140782
0.139934
0.13937
0.138907
0.138394
0.137841
0.137365
0.13693
0.136666
0.13653
0.136418
0.13629
0.136106
0.135829
0.135439
0.13495
0.134402
0.133811
0.133184
0.132529
0.131868
0.131207
0.130541
0.129836
0.129097
0.128388
0.127843
0.127457
0.127076
0.126605
0.399787
0.386251
0.357563
0.318142
0.272405
0.235538
0.213809
0.195573
0.187902
0.18302
0.176711
0.172157
0.169637
0.167159
0.164173
0.161682
0.159843
0.157807
0.155461
0.153852
0.152428
0.15117
0.150392
0.149601
0.148377
0.147191
0.146397
0.145544
0.144795
0.144648
0.144559
0.144272
0.143624
0.142476
0.141231
0.140605
0.140295
0.140087
0.139889
0.139602
0.139091
0.138285
0.137369
0.136571
0.135983
0.135572
0.135177
0.134607
0.133726
0.132591
0.131443
0.130542
0.129947
0.129492
0.12903
0.128565
0.128122
0.1277
0.127414
0.127214
0.127023
0.126785
0.126479
0.126077
0.12557
0.124974
0.124335
0.123669
0.122977
0.122265
0.121565
0.120885
0.120218
0.119525
0.118813
0.118174
0.11772
0.117376
0.117026
0.116581
0.377517
0.355826
0.319296
0.277308
0.233255
0.206898
0.19092
0.177816
0.173594
0.170086
0.165001
0.161016
0.158494
0.156066
0.153174
0.150938
0.149416
0.14771
0.1458
0.144317
0.142902
0.141865
0.141208
0.140393
0.139183
0.138211
0.137574
0.136847
0.136254
0.136089
0.135924
0.135574
0.134856
0.133709
0.132705
0.132153
0.131757
0.13144
0.131164
0.130827
0.130296
0.129564
0.128795
0.128065
0.127406
0.126866
0.12637
0.125751
0.124906
0.123877
0.122811
0.121916
0.121295
0.120832
0.120412
0.120006
0.119584
0.119168
0.118826
0.118527
0.118224
0.117877
0.117463
0.11696
0.116361
0.115694
0.115
0.114288
0.113561
0.11283
0.112128
0.111463
0.110818
0.11016
0.109497
0.108942
0.108553
0.108226
0.1079
0.107467
0.351538
0.322777
0.282378
0.24089
0.202781
0.185839
0.173756
0.164425
0.161824
0.158938
0.154634
0.151258
0.148807
0.14626
0.143409
0.141592
0.140336
0.138772
0.137128
0.135854
0.134555
0.133625
0.132991
0.132177
0.131042
0.130213
0.129638
0.128988
0.128481
0.128267
0.128021
0.127593
0.12682
0.125768
0.124974
0.124431
0.123945
0.123508
0.123123
0.122698
0.122132
0.121474
0.120823
0.120165
0.119482
0.118827
0.118215
0.117538
0.116719
0.115788
0.114829
0.113983
0.113348
0.112868
0.112465
0.112085
0.111668
0.111238
0.110838
0.11045
0.110046
0.109609
0.109109
0.108526
0.107868
0.107165
0.10645
0.105726
0.104993
0.104268
0.103587
0.102959
0.10236
0.10176
0.10117
0.1007
0.100362
0.100057
0.0997593
0.0993399
0.324419
0.291363
0.249371
0.210017
0.180685
0.17002
0.160618
0.153765
0.151779
0.149285
0.145512
0.142429
0.140112
0.137623
0.134911
0.133349
0.132239
0.130839
0.129442
0.12826
0.127028
0.126217
0.125608
0.12477
0.123684
0.122961
0.122421
0.121803
0.121311
0.121021
0.120695
0.120184
0.119366
0.118453
0.117807
0.117265
0.116712
0.116164
0.11565
0.115112
0.114507
0.113919
0.113364
0.112775
0.112093
0.111352
0.110633
0.109905
0.109115
0.108277
0.107431
0.106651
0.106011
0.105515
0.105117
0.104745
0.104327
0.103874
0.103412
0.102947
0.102469
0.101966
0.101409
0.100785
0.100104
0.0993981
0.0986904
0.0979836
0.0972768
0.0965903
0.0959578
0.0953886
0.0948527
0.0943251
0.093819
0.0934304
0.0931389
0.0928606
0.0925908
0.092194
0.298521
0.262366
0.22049
0.185061
0.164801
0.157742
0.150041
0.144673
0.143005
0.140764
0.137356
0.134501
0.13228
0.129835
0.127317
0.125992
0.124968
0.123651
0.122404
0.121305
0.120153
0.119405
0.11879
0.117936
0.116907
0.116235
0.115691
0.115072
0.114565
0.114203
0.113798
0.113202
0.112364
0.111589
0.111031
0.110495
0.109899
0.109262
0.108623
0.107973
0.107345
0.106818
0.106341
0.105813
0.105146
0.104349
0.103544
0.102782
0.102036
0.101294
0.100557
0.099842
0.099202
0.0986941
0.0982968
0.0979241
0.0975047
0.0970305
0.0965211
0.0960034
0.0954848
0.0949498
0.0943707
0.0937394
0.0930701
0.0923938
0.0917238
0.0910614
0.0904059
0.0897795
0.0892138
0.0887161
0.0882525
0.0878033
0.0873825
0.0870667
0.0868189
0.0865711
0.0863297
0.0859624
0.275022
0.235523
0.195743
0.165966
0.152934
0.147817
0.141163
0.136605
0.135134
0.133111
0.130002
0.127338
0.125183
0.122782
0.120461
0.119283
0.118293
0.117042
0.115896
0.114827
0.113727
0.113018
0.112387
0.111508
0.11052
0.109873
0.109313
0.108675
0.108133
0.107706
0.107228
0.10656
0.105726
0.105053
0.104556
0.104043
0.103428
0.102722
0.101965
0.101221
0.100596
0.100126
0.0997145
0.0992422
0.098597
0.0977659
0.0969026
0.0961339
0.0954478
0.094804
0.094166
0.0935119
0.092885
0.0923775
0.0919845
0.091615
0.0911983
0.0907136
0.0901785
0.0896377
0.0891078
0.0885713
0.0880012
0.0873932
0.0867641
0.0861408
0.0855295
0.0849293
0.0843401
0.0837857
0.0832944
0.0828713
0.0824804
0.0821066
0.0817644
0.0815108
0.0813022
0.0810835
0.0808684
0.0805332
0.253539
0.210857
0.175316
0.151667
0.143478
0.139365
0.133412
0.129392
0.128026
0.126131
0.12324
0.120771
0.118689
0.116298
0.11413
0.113039
0.112047
0.110826
0.109733
0.108673
0.10761
0.106911
0.106254
0.105355
0.104403
0.103764
0.10318
0.102517
0.101942
0.101462
0.100924
0.100206
0.099397
0.0987971
0.0983505
0.0978708
0.0972498
0.0964872
0.0956326
0.0948233
0.0942278
0.0938169
0.0934659
0.0930471
0.0924305
0.091591
0.0907066
0.0899593
0.0893449
0.088797
0.0882509
0.0876605
0.0870617
0.0865678
0.0861848
0.0858247
0.0854182
0.084937
0.084399
0.0838602
0.0833432
0.0828287
0.0822901
0.0817257
0.0811531
0.080595
0.080052
0.079521
0.0790028
0.0785219
0.0781035
0.0777505
0.0774263
0.0771197
0.0768446
0.076641
0.0764654
0.0762725
0.0760805
0.0757763
0.233291
0.188975
0.159
0.140738
0.135428
0.13186
0.126468
0.122885
0.121569
0.119712
0.116936
0.114603
0.112596
0.110214
0.108156
0.10709
0.106068
0.104862
0.103797
0.102729
0.101691
0.100993
0.100314
0.0994004
0.0984808
0.0978487
0.0972464
0.0965668
0.0959673
0.0954523
0.0948705
0.0941267
0.0933548
0.0928117
0.0924116
0.0919699
0.0913574
0.0905497
0.089632
0.0887989
0.0882516
0.0878992
0.0876045
0.0872399
0.0866665
0.0858499
0.0849813
0.0842777
0.0837396
0.0832819
0.0828213
0.0822959
0.081734
0.0812622
0.0808951
0.0805505
0.0801611
0.0796949
0.0791705
0.0786513
0.0781627
0.0776846
0.0771906
0.0766799
0.0761699
0.0756796
0.0752057
0.0747431
0.0742935
0.0738815
0.0735292
0.0732375
0.0729711
0.0727212
0.0725009
0.0723357
0.0721863
0.0720152
0.0718427
0.0715659
0.214059
0.170145
0.146045
0.131961
0.128257
0.125032
0.120118
0.116892
0.115583
0.113698
0.110953
0.108692
0.10673
0.104351
0.102374
0.101304
0.100243
0.0990432
0.0979946
0.0969229
0.0959119
0.095215
0.0945228
0.0936133
0.0927318
0.0921116
0.0915038
0.0908219
0.0902132
0.0896777
0.0890705
0.0883252
0.0876007
0.0871091
0.086755
0.0863544
0.0857665
0.0849405
0.083999
0.0831845
0.082694
0.0824012
0.0821607
0.0818526
0.0813367
0.0805668
0.0797383
0.0790903
0.0786266
0.078251
0.077868
0.0774032
0.0768799
0.0764338
0.0760858
0.0757605
0.0753931
0.0749496
0.0744491
0.0739593
0.0735077
0.0730731
0.072629
0.0721746
0.0717266
0.0713011
0.0708919
0.0704924
0.0701052
0.0697546
0.0694591
0.0692185
0.0689999
0.0687962
0.068619
0.0684816
0.0683514
0.0681986
0.0680421
0.067788
0.195637
0.154274
0.135661
0.124576
0.121732
0.11872
0.11418
0.111224
0.109869
0.107904
0.105132
0.102904
0.100959
0.0985793
0.0966691
0.0955953
0.0945068
0.0933229
0.0922947
0.0912355
0.0902594
0.0895741
0.0888866
0.0879991
0.0871665
0.086571
0.0859732
0.0853037
0.084701
0.0841599
0.0835494
0.0828269
0.0821598
0.0817196
0.0814113
0.0810566
0.0805118
0.0797024
0.078766
0.0780012
0.0775681
0.0773358
0.0771481
0.0768974
0.0764463
0.0757344
0.0749576
0.0743686
0.0739725
0.0736677
0.0733511
0.0729387
0.0724514
0.0720305
0.0717023
0.0713972
0.0710542
0.0706377
0.0701669
0.0697117
0.0693005
0.0689115
0.0685178
0.0681179
0.0677279
0.0673615
0.0670104
0.066667
0.0663346
0.0660365
0.065788
0.0655882
0.0654079
0.0652411
0.0650956
0.0649771
0.0648612
0.0647224
0.0645783
0.064342
0.177975
0.141203
0.127115
0.118103
0.115679
0.11277
0.108477
0.105696
0.104242
0.102161
0.0993263
0.0971208
0.0951887
0.0928228
0.0909923
0.0899383
0.0888498
0.0876993
0.0867076
0.0856844
0.0847553
0.0840963
0.0834297
0.0825838
0.0818136
0.0812548
0.0806803
0.0800372
0.0794577
0.0789301
0.078338
0.0776576
0.0770551
0.0766684
0.0764047
0.0760999
0.0756125
0.0748474
0.0739356
0.0732348
0.0728574
0.0726813
0.0725426
0.0723466
0.0719603
0.07131
0.070588
0.0700556
0.0697175
0.06947
0.0692058
0.068836
0.0683805
0.0679831
0.0676732
0.0673877
0.0670693
0.0666819
0.0662442
0.0658261
0.0654561
0.0651118
0.0647663
0.0644175
0.0640803
0.0637666
0.0634664
0.0631716
0.0628861
0.0626319
0.0624216
0.0622538
0.0621039
0.0619662
0.0618422
0.0617376
0.0616324
0.0615033
0.0613689
0.0611471
0.16139
0.130688
0.119839
0.112211
0.109904
0.107004
0.102838
0.100125
0.0985351
0.0963253
0.0934414
0.0912837
0.0893908
0.0870874
0.0853696
0.0843645
0.0833062
0.0822107
0.0812753
0.0803081
0.0794376
0.0788186
0.0781867
0.0773987
0.0767014
0.0761875
0.0756457
0.0750419
0.0745027
0.0740058
0.0734471
0.0728204
0.072285
0.0719529
0.0717309
0.071477
0.071054
0.0703493
0.0694774
0.0688422
0.0685177
0.0683867
0.0682916
0.0681434
0.0678163
0.0672277
0.0665595
0.0660788
0.0657881
0.0655843
0.0653595
0.0650241
0.0645967
0.0642214
0.0639287
0.0636619
0.0633679
0.0630111
0.0626085
0.0622287
0.0618991
0.0615975
0.0612972
0.0609953
0.0607056
0.0604386
0.0601826
0.0599296
0.0596839
0.0594662
0.0592869
0.0591444
0.059019
0.0589032
0.0587939
0.0587006
0.0586032
0.0584813
0.0583548
0.0581456
0.1462
0.122056
0.113341
0.106618
0.104197
0.101227
0.0970814
0.0943629
0.0926482
0.0903437
0.0874847
0.0854336
0.0836263
0.0814469
0.0798769
0.0789412
0.077934
0.0769113
0.0760482
0.0751504
0.0743464
0.0737761
0.0731885
0.0724703
0.0718508
0.0713852
0.0708814
0.0703258
0.0698377
0.0693815
0.0688647
0.0682973
0.0678283
0.0675482
0.0673643
0.0671589
0.0668016
0.0661629
0.065343
0.0647698
0.0644933
0.0643954
0.0643391
0.0642292
0.0639536
0.0634239
0.0628071
0.0623729
0.0621202
0.0619488
0.0617542
0.0614478
0.0610462
0.0606926
0.0604173
0.0601695
0.0599006
0.0595755
0.059209
0.0588673
0.0585768
0.0583154
0.0580569
0.0577978
0.0575507
0.0573247
0.0571073
0.0568902
0.0566783
0.0564909
0.0563365
0.056214
0.0561084
0.0560078
0.0559101
0.0558254
0.0557336
0.0556172
0.0554975
0.0553
0.132877
0.114702
0.107254
0.101036
0.0983641
0.0952533
0.0910655
0.088356
0.0865786
0.084276
0.0815717
0.0797001
0.0780221
0.0760167
0.0746125
0.0737511
0.0728042
0.0718656
0.0710833
0.0702611
0.0695283
0.0690106
0.0684732
0.0678316
0.0672888
0.0668708
0.0664074
0.0659052
0.0654717
0.0650599
0.0645901
0.0640841
0.0636776
0.0634439
0.0632935
0.0631311
0.0628374
0.0622655
0.0615048
0.0609889
0.0607567
0.0606857
0.0606576
0.0605767
0.0603461
0.0598707
0.0593021
0.0589098
0.058688
0.0585404
0.0583695
0.0580886
0.057712
0.0573808
0.0571242
0.0568965
0.0566533
0.0563606
0.0560304
0.0557265
0.0554735
0.0552496
0.0550295
0.0548091
0.0546
0.0544095
0.0542252
0.0540388
0.0538554
0.0536926
0.0535579
0.053451
0.0533604
0.0532702
0.0531819
0.0531028
0.0530149
0.0529031
0.0527893
0.052603
0.121197
0.107991
0.101217
0.0951838
0.0922684
0.088999
0.0848308
0.0822697
0.0805718
0.0784085
0.075954
0.0742814
0.0727455
0.0709375
0.0696966
0.0689034
0.0680191
0.0671705
0.0664699
0.0657257
0.0650675
0.0646046
0.0641213
0.0635593
0.0630879
0.0627134
0.0622915
0.0618457
0.0614664
0.0610994
0.0606796
0.0602354
0.0598861
0.0596917
0.0595694
0.0594414
0.0592028
0.0586952
0.0579985
0.0575367
0.0573484
0.0572987
0.0572864
0.0572256
0.0570317
0.0566036
0.0560821
0.0557276
0.0555324
0.0554015
0.0552479
0.0549894
0.0546386
0.0543317
0.054096
0.0538897
0.0536729
0.0534128
0.0531195
0.0528531
0.0526362
0.0524472
0.0522623
0.0520767
0.0519007
0.0517402
0.0515833
0.0514222
0.0512619
0.0511183
0.0509989
0.0509037
0.0508232
0.0507405
0.0506584
0.0505823
0.0504966
0.0503886
0.05028
0.0501053
0.111714
0.101732
0.0950185
0.0890556
0.0860457
0.0827497
0.0787982
0.0765116
0.0749645
0.0730406
0.0709098
0.0694389
0.0680459
0.066442
0.065354
0.064626
0.0638126
0.0630622
0.062443
0.0617804
0.0612004
0.0607944
0.0603673
0.0598827
0.0594738
0.0591371
0.0587576
0.0583696
0.0580419
0.0577181
0.0573489
0.0569644
0.0566658
0.0565039
0.0564047
0.0563025
0.0561045
0.055652
0.0550226
0.0546121
0.0544662
0.0544311
0.0544306
0.0543805
0.0542109
0.0538217
0.0533462
0.0530251
0.0528528
0.0527337
0.0525912
0.0523523
0.0520277
0.0517466
0.0515347
0.0513518
0.0511617
0.050934
0.0506774
0.0504478
0.0502652
0.0501082
0.0499546
0.0497992
0.0496508
0.049514
0.0493779
0.0492354
0.0490925
0.0489628
0.0488544
0.0487674
0.048693
0.0486149
0.0485357
0.0484599
0.0483749
0.0482701
0.0481658
0.0480028
0.103423
0.0956091
0.0887598
0.0832082
0.0803771
0.0772375
0.0736697
0.0717648
0.0704536
0.0687985
0.0669226
0.065614
0.0643568
0.0629458
0.0619977
0.0613377
0.060605
0.0599547
0.0594119
0.0588272
0.058321
0.0579679
0.0575922
0.0571728
0.0568129
0.0565072
0.0561672
0.0558307
0.0555458
0.0552585
0.0549331
0.0545985
0.0543417
0.0542079
0.0541301
0.0540494
0.0538767
0.0534586
0.0528838
0.0525184
0.0524074
0.0523866
0.0523987
0.0523578
0.0522006
0.0518369
0.051397
0.0511032
0.050949
0.0508402
0.0507057
0.0504815
0.050179
0.049921
0.0497326
0.049573
0.0494076
0.049208
0.0489826
0.0487843
0.0486306
0.0485001
0.0483714
0.0482392
0.0481112
0.0479909
0.0478685
0.0477378
0.047606
0.0474854
0.0473841
0.0473022
0.0472313
0.0471552
0.0470763
0.0469996
0.0469143
0.0468117
0.0467106
0.0465578
0.0972869
0.090171
0.0837572
0.0789483
0.0763896
0.0734255
0.0702146
0.0685685
0.0674215
0.0660254
0.064407
0.0632624
0.0621283
0.0608665
0.0600195
0.0594169
0.0587539
0.0581804
0.0576947
0.0571672
0.0567128
0.0563971
0.0560578
0.0556812
0.0553529
0.0550697
0.0547596
0.0544581
0.054201
0.0539381
0.0536417
0.0533386
0.0531094
0.0529969
0.0529375
0.0528745
0.0527171
0.0523159
0.051769
0.0514315
0.0513437
0.0513351
0.0513593
0.0513284
0.0511795
0.0508285
0.0504067
0.0501291
0.0499857
0.0498854
0.0497582
0.0495428
0.0492539
0.049011
0.0488391
0.0486968
0.0485494
0.0483685
0.0481629
0.0479842
0.047849
0.0477354
0.0476223
0.047504
0.0473877
0.0472766
0.0471613
0.0470366
0.0469103
0.0467943
0.0466966
0.0466174
0.0465482
0.0464726
0.0463932
0.0463153
0.0462296
0.0461281
0.0460285
0.0458823
0.0910579
0.0862714
0.0812689
0.0769774
0.0746039
0.0717362
0.0687032
0.0672485
0.0662472
0.0649815
0.0634476
0.0623822
0.06131
0.0601136
0.0593107
0.0587377
0.0581092
0.0575705
0.0571113
0.0566086
0.0561755
0.0558764
0.0555534
0.0551944
0.0548798
0.054608
0.0543117
0.0540246
0.053779
0.0535262
0.0532408
0.0529494
0.0527317
0.0526303
0.0525812
0.0525295
0.0523804
0.0519839
0.0514409
0.0511118
0.0510353
0.0510322
0.0510649
0.0510413
0.0508982
0.0505505
0.0501315
0.0498589
0.04972
0.0496245
0.049502
0.0492905
0.0490058
0.0487683
0.0486032
0.0484689
0.0483297
0.0481566
0.0479582
0.0477868
0.0476588
0.047552
0.047445
0.0473318
0.0472199
0.0471121
0.0469991
0.0468763
0.0467517
0.0466369
0.0465404
0.0464621
0.0463935
0.046318
0.046238
0.0461596
0.0460737
0.0459724
0.0458732
0.0457294
)
;

boundaryField
{
    inlet
    {
        type            calculated;
        value           uniform 0.2054;
    }
    outlet
    {
        type            calculated;
        value           nonuniform List<scalar> 
82
(
0.227539
0.232189
0.242482
0.256927
0.273411
0.290673
0.30833
0.326346
0.34487
0.36411
0.384296
0.405666
0.428376
0.452543
0.477821
0.503542
0.527704
0.548351
0.563253
0.5732
0.576744
0.585622
0.582612
0.582894
0.582842
0.584406
0.58047
0.574668
0.569677
0.560556
0.547938
0.535075
0.519573
0.50808
0.495989
0.475313
0.458762
0.449613
0.439258
0.434592
0.422422
0.392722
0.321111
0.239859
0.207017
0.200914
0.200257
0.200464
0.200677
0.200857
0.20082
0.20071
0.200162
0.198626
0.196426
0.192756
0.187476
0.180293
0.170952
0.1603
0.148777
0.137446
0.126605
0.116581
0.107467
0.0993399
0.092194
0.0859624
0.0805332
0.0757763
0.0715659
0.067788
0.064342
0.0611471
0.0581456
0.0553
0.052603
0.0501053
0.0480028
0.0465578
0.0458823
0.0457294
)
;
    }
    bottom
    {
        type            calculated;
        value           nonuniform List<scalar> 
196
(
0.0523365
0.0540771
0.053726
0.0530559
0.0522735
0.0515049
0.0507323
0.0504734
0.0500392
0.0498164
0.0497385
0.0496045
0.0495915
0.0496295
0.049606
0.0495647
0.0495746
0.0496107
0.0496284
0.0496259
0.049623
0.0496286
0.0496271
0.0496094
0.0495836
0.0495651
0.0495547
0.0495464
0.0495348
0.0495223
0.0495096
0.049497
0.0494815
0.0494711
0.0494661
0.0494624
0.0494591
0.0494484
0.0494357
0.0494184
0.0493959
0.0493777
0.0493631
0.0493596
0.0493547
0.0493377
0.0493351
0.0493286
0.0493201
0.0493272
0.049342
0.0493679
0.0494217
0.0493799
0.0492121
0.0490622
0.0489477
0.0488595
0.0487887
0.0487319
0.0486867
0.0486514
0.0486215
0.0485961
0.0485745
0.048556
0.0485405
0.0485267
0.0485146
0.048502
0.048491
0.0484813
0.0484741
0.04847
0.0484667
0.0484661
0.0484639
0.0484634
0.048462
0.04846
0.0484562
0.0484518
0.0484449
0.0484389
0.048432
0.0484254
0.0484186
0.0484108
0.0484026
0.0483945
0.0483875
0.0483815
0.0483781
0.048375
0.048373
0.0483699
0.0483664
0.048361
0.0483557
0.0483497
0.0483447
0.0483393
0.0483345
0.0483275
0.0483214
0.0483143
0.048308
0.0483016
0.0482966
0.0482904
0.0482835
0.0482779
0.0482718
0.04827
0.0482624
0.0482503
0.0482412
0.0482336
0.0482262
0.0482208
0.0482022
0.0482068
0.0481864
0.0481574
0.04845
0.0515429
0.068486
0.0852993
0.102818
0.133671
0.163396
0.194374
0.222551
0.245678
0.274239
0.288053
0.311304
0.327566
0.336039
0.339654
0.349612
0.359264
0.361061
0.361973
0.363968
0.36567
0.366303
0.365236
0.36405
0.363697
0.36357
0.362523
0.360183
0.357206
0.355545
0.355192
0.355831
0.35681
0.357296
0.357224
0.356785
0.356201
0.355497
0.354857
0.35397
0.352701
0.351024
0.348922
0.347316
0.347467
0.34807
0.34904
0.349427
0.349143
0.348155
0.346689
0.345457
0.344737
0.344223
0.34356
0.34224
0.339901
0.336526
0.332359
0.328035
0.323921
0.319719
0.314701
0.308055
0.299514
0.28951
0.278882
0.267836
0.256566
0.246009
0.228357
)
;
    }
    top
    {
        type            calculated;
        value           nonuniform List<scalar> 
190
(
0.144552
0.155769
0.152411
0.14842
0.148398
0.146575
0.145052
0.14452
0.144634
0.144967
0.145376
0.145398
0.14505
0.145009
0.145451
0.145978
0.146325
0.14634
0.145992
0.14546
0.144954
0.14459
0.144294
0.144087
0.143909
0.143898
0.144162
0.144577
0.144989
0.145271
0.145382
0.145331
0.145193
0.145028
0.144874
0.144734
0.144625
0.144597
0.14466
0.144771
0.144878
0.144948
0.144965
0.14495
0.144931
0.144922
0.144927
0.144929
0.144919
0.144887
0.144822
0.144754
0.144738
0.144802
0.144937
0.145102
0.145244
0.145319
0.14531
0.145234
0.145129
0.145034
0.144974
0.144955
0.144971
0.145002
0.145031
0.145044
0.145037
0.145011
0.144974
0.144934
0.1449
0.144881
0.144877
0.144914
0.145007
0.145101
0.145192
0.145232
0.145267
0.145267
0.145246
0.145232
0.145171
0.145146
0.145111
0.145094
0.145102
0.145112
0.145139
0.145179
0.145212
0.145235
0.14527
0.145289
0.145342
0.145373
0.145421
0.145464
0.145537
0.145618
0.145731
0.145845
0.14598
0.146118
0.146274
0.146371
0.146475
0.146
0.0887065
0.0856355
0.0812738
0.0774826
0.0756016
0.0732228
0.0705571
0.0695557
0.0689572
0.0676422
0.0658631
0.0646793
0.0635537
0.0622428
0.0613916
0.0608731
0.0602981
0.0598081
0.0594013
0.0589105
0.0584876
0.0582502
0.0579894
0.057666
0.0573867
0.0571642
0.056906
0.0566462
0.056434
0.0562123
0.0559438
0.0556578
0.0554619
0.0554287
0.0554784
0.0555281
0.0554403
0.0550034
0.0543311
0.0539351
0.0538951
0.0539731
0.0541089
0.0541702
0.0540677
0.053674
0.0531543
0.0528298
0.0526948
0.0526319
0.0525372
0.0523204
0.0519982
0.0517362
0.0515794
0.0514728
0.0513603
0.0511973
0.0509921
0.0508169
0.0506987
0.0506075
0.0505113
0.0504006
0.0502862
0.0501737
0.0500517
0.0499128
0.0497661
0.0496276
0.0495108
0.049418
0.0493373
0.0492461
0.049147
0.0490517
0.0489492
0.048828
0.0487127
0.0485412
)
;
    }
    upstream
    {
        type            symmetryPlane;
    }
    defaultFaces
    {
        type            empty;
    }
}


// ************************************************************************* //
