/*--------------------------------*- C++ -*----------------------------------*\
  =========                 |
  \\      /  F ield         | OpenFOAM: The Open Source CFD Toolbox
   \\    /   O peration     | Website:  https://openfoam.org
    \\  /    A nd           | Version:  13
     \\/     M anipulation  |
\*---------------------------------------------------------------------------*/
FoamFile
{
    format      ascii;
    class       volScalarField;
    location    "0.0014";
    object      alphat;
}
// * * * * * * * * * * * * * * * * * * * * * * * * * * * * * * * * * * * * * //

dimensions      [1 -1 -1 0 0 0 0];

internalField   nonuniform List<scalar> 
16072
(
0.000112907
9.2852e-05
6.97928e-05
5.75483e-05
5.34129e-05
5.62922e-05
0.000161049
0.000165079
0.000135202
0.000121914
0.000138899
0.000165349
5.99245e-05
0.000109526
0.000111921
0.000102903
0.00010196
0.000114264
8.12475e-05
6.76634e-05
8.61166e-05
8.57633e-05
8.40251e-05
8.38199e-05
0.000147943
9.97261e-05
8.19208e-05
7.53721e-05
7.37536e-05
7.09954e-05
0.000178594
0.000121722
0.000219623
0.000110993
8.53335e-05
7.43373e-05
0.000281793
0.000131524
0.000173449
0.000385321
0.000186653
0.000133119
0.000600721
0.000108659
0.000261494
0.000814306
0.000639029
0.000402329
0.00112422
0.000171766
0.000152297
0.00043141
0.00176964
0.000533015
0.00256322
0.000247021
0.00011586
0.00034936
0.00273212
0.00150995
0.00327664
0.000431724
0.000166906
0.000207217
0.000843478
0.00300267
0.00327524
0.000896249
0.000195911
0.00014849
0.000481691
0.00197778
0.00327481
0.00180274
0.000373475
0.000168354
0.000221469
0.000682984
0.00327427
0.00327821
0.000687306
0.000234667
0.000152033
0.000396757
0.00327385
0.00327573
0.00158658
0.000394038
0.000197394
0.000259825
0.00327363
0.00327451
0.00327879
0.000895837
0.000266854
0.000181282
0.00327401
0.00327345
0.00327567
0.00199507
0.000563993
0.000230826
0.0032741
0.00327333
0.00327408
0.00327709
0.00122607
0.000500308
0.00327373
0.0032738
0.00327307
0.0032746
0.00327904
0.00107744
0.00327406
0.00327324
0.00327356
0.00327278
0.00327512
0.00285479
0.00327393
0.00327349
0.00327316
0.00327298
0.003273
0.00327511
0.00327376
0.00327365
0.00327302
0.00327297
0.0032725
0.00327307
0.00327403
0.00327332
0.00327334
0.00327256
0.00327272
0.00327201
0.00327374
0.00327368
0.00327297
0.00327299
0.00327221
0.00327237
0.00327399
0.00327338
0.00327328
0.00327262
0.00327258
0.00327188
0.00327377
0.00327361
0.00327304
0.00327289
0.00327231
0.00327217
0.00327375
0.00327366
0.003273
0.00327295
0.00327224
0.00327224
0.003274
0.00327338
0.00327327
0.00327265
0.00327255
0.00327191
0.00327404
0.00327334
0.00327332
0.00327259
0.0032726
0.00327185
0.00327381
0.00327358
0.00327307
0.00327285
0.00327234
0.00327213
0.00327368
0.00327371
0.00327294
0.00327299
0.0032722
0.00327227
0.00327365
0.00327375
0.00327291
0.00327303
0.00327217
0.00327231
0.00327368
0.00327373
0.00327295
0.00327303
0.00327223
0.00327232
0.00327382
0.00327362
0.00327315
0.00327294
0.00327247
0.00327227
0.00327403
0.00327346
0.00327342
0.00327283
0.00327281
0.00327221
0.00327403
0.00327352
0.00327347
0.00327296
0.00327292
0.00327239
0.00327385
0.00327376
0.00327333
0.00327325
0.00327281
0.00327275
0.0032739
0.00327375
0.00327342
0.00327327
0.00327295
0.0032728
0.00327399
0.00327368
0.00327355
0.00327323
0.0032731
0.00327278
0.00327394
0.00327375
0.00327352
0.00327333
0.00327309
0.00327291
0.00327392
0.00327379
0.00327351
0.00327338
0.0032731
0.00327297
0.00327394
0.00327378
0.00327354
0.00327338
0.00327314
0.00327297
0.00327396
0.00327376
0.00327355
0.00327334
0.00327313
0.00327292
0.00327397
0.00327373
0.00327355
0.00327329
0.00327311
0.00327285
0.00327394
0.00327375
0.00327349
0.00327329
0.00327303
0.00327282
0.00327393
0.00327373
0.00327346
0.00327325
0.00327297
0.00327274
0.00327391
0.00327373
0.00327341
0.00327321
0.00327287
0.00327266
0.00327392
0.00327369
0.00327337
0.00327312
0.00327278
0.00327251
0.00327397
0.00327359
0.00327338
0.00327297
0.00327273
0.0032723
0.00327393
0.00327359
0.0032733
0.00327292
0.0032726
0.00327221
0.00327386
0.00327363
0.00327318
0.00327292
0.00327246
0.0032722
0.00327384
0.00327362
0.00327313
0.0032729
0.0032724
0.00327217
0.00327386
0.00327357
0.00327313
0.00327284
0.00327241
0.00327211
0.0032739
0.00327351
0.00327317
0.00327278
0.00327245
0.00327204
0.00327393
0.00327347
0.00327319
0.00327275
0.00327246
0.00327201
0.00327394
0.00327345
0.00327321
0.00327272
0.00327248
0.00327199
0.00327397
0.00327342
0.00327323
0.00327269
0.0032725
0.00327196
0.00327397
0.00327341
0.00327324
0.00327268
0.00327251
0.00327195
0.00327397
0.00327341
0.00327324
0.00327268
0.00327251
0.00327195
0.00327397
0.00327342
0.00327324
0.00327268
0.00327251
0.00327195
0.00327396
0.00327342
0.00327323
0.00327269
0.0032725
0.00327196
0.00327395
0.00327343
0.00327322
0.0032727
0.00327249
0.00327197
0.00327394
0.00327344
0.00327321
0.00327271
0.00327248
0.00327199
0.00327394
0.00327344
0.00327321
0.00327271
0.00327248
0.00327199
0.00327394
0.00327344
0.00327322
0.0032727
0.00327248
0.00327199
0.00327395
0.00327342
0.00327323
0.00327268
0.00327251
0.00327196
0.00327394
0.00327343
0.00327323
0.00327268
0.00327252
0.00327193
0.00327391
0.00327346
0.00327319
0.00327273
0.00327247
0.003272
0.00327387
0.0032735
0.00327316
0.00327275
0.00327242
0.0032721
0.0032738
0.00327357
0.00327311
0.00327278
0.00327247
0.00327198
0.00327372
0.0032737
0.00327295
0.00327299
0.00327225
0.00327205
0.0032737
0.00327373
0.00327288
0.00327317
0.00327178
0.003273
0.00327375
0.00327363
0.00327304
0.00327285
0.00327215
0.00327488
0.00327375
0.0032736
0.00327307
0.00327283
0.00327228
0.00327934
0.0032737
0.00327364
0.00327305
0.00327282
0.00327234
0.0032871
0.00327359
0.00327378
0.00327293
0.00327287
0.00327232
0.000874655
0.00327346
0.00327396
0.00327267
0.00327333
0.00327184
0.000368876
0.00327336
0.0032741
0.00327249
0.00327384
0.00327043
0.00016613
0.0032733
0.00327416
0.00327248
0.00327395
0.00326717
0.000148671
0.00327327
0.00327418
0.00327248
0.00327396
0.00325669
0.00011341
0.00327325
0.00327418
0.00327249
0.00327391
0.00322671
8.88513e-05
0.00327324
0.00327418
0.00327249
0.00327385
0.0031757
8.39054e-05
5.87562e-05
5.98017e-05
6.62786e-05
6.81471e-05
6.40788e-05
6.52485e-05
6.67913e-05
6.86534e-05
6.50063e-05
6.55535e-05
6.65258e-05
6.85185e-05
6.95926e-05
6.50888e-05
6.70679e-05
6.74784e-05
6.77385e-05
7.08738e-05
7.34606e-05
7.54025e-05
7.63381e-05
7.76013e-05
7.76616e-05
7.35249e-05
7.94271e-05
7.5453e-05
7.75127e-05
8.34643e-05
8.07183e-05
8.09421e-05
8.17403e-05
8.5027e-05
8.21407e-05
8.5198e-05
8.36134e-05
8.72836e-05
8.63826e-05
7.77122e-05
8.36701e-05
8.86607e-05
8.77019e-05
9.06441e-05
9.09206e-05
9.02199e-05
8.63012e-05
7.70162e-05
5.37084e-05
2.6039e-05
1.22835e-05
7.64036e-06
5.88362e-06
5.0446e-06
4.52118e-06
4.1372e-06
3.82475e-06
3.56251e-06
3.33269e-06
3.13207e-06
2.95067e-06
2.78915e-06
2.6409e-06
2.50726e-06
2.38278e-06
2.26948e-06
2.1632e-06
2.06558e-06
1.97337e-06
1.88808e-06
1.80813e-06
1.72899e-06
1.64967e-06
1.57562e-06
1.50467e-06
1.43901e-06
1.37621e-06
1.31822e-06
1.26255e-06
1.21103e-06
1.16126e-06
1.11507e-06
1.07031e-06
1.02876e-06
9.88534e-07
9.51288e-07
9.15161e-07
8.81569e-07
8.48883e-07
8.18349e-07
7.88553e-07
7.60578e-07
7.33352e-07
7.07783e-07
6.8301e-07
6.59828e-07
6.37426e-07
6.16347e-07
5.95929e-07
5.76554e-07
5.57858e-07
5.39922e-07
5.22768e-07
5.06158e-07
4.90499e-07
4.7507e-07
4.60917e-07
4.46435e-07
4.33743e-07
4.19892e-07
4.09029e-07
3.93364e-07
0.000200213
0.000212675
0.000219422
0.000220168
0.000221022
0.000222755
0.000224512
0.000224989
0.000223311
0.000221459
0.000219748
0.000217881
0.0002162
0.000214755
0.00021358
0.000211812
0.000207167
0.000203155
0.000199565
0.000196172
0.000193057
0.00019016
0.000187002
0.000183824
0.00018191
0.000178933
0.000176767
0.000175399
0.000172995
0.000170897
0.000169037
0.000167322
0.000164636
0.000162899
0.000160483
0.000159
0.000156724
0.000155146
0.000153152
0.00015172
0.000149531
0.000149109
0.000147835
0.000146064
0.000141436
0.000132094
0.000113358
8.93477e-05
7.64815e-05
7.07e-05
6.66867e-05
6.43205e-05
6.26155e-05
6.12255e-05
5.99753e-05
5.88428e-05
5.77674e-05
5.67743e-05
5.58106e-05
5.49096e-05
5.40267e-05
5.31956e-05
5.23712e-05
5.1589e-05
5.08105e-05
5.0067e-05
4.93252e-05
4.86119e-05
4.79217e-05
4.71011e-05
4.62117e-05
4.53659e-05
4.45045e-05
4.3691e-05
4.28622e-05
4.20852e-05
4.12919e-05
4.05497e-05
3.97885e-05
3.90769e-05
3.83464e-05
3.76635e-05
3.69647e-05
3.63131e-05
3.56443e-05
3.50182e-05
3.43769e-05
3.37744e-05
3.31576e-05
3.25744e-05
3.19811e-05
3.14189e-05
3.08518e-05
3.03148e-05
2.9777e-05
2.92632e-05
2.8751e-05
2.8256e-05
2.77667e-05
2.72868e-05
2.68188e-05
2.63534e-05
2.59092e-05
2.54562e-05
2.50412e-05
2.45945e-05
2.42122e-05
2.37614e-05
2.34311e-05
2.28593e-05
0.000150283
0.000194024
0.000231572
0.00026423
0.000291093
0.000322246
0.00034766
0.000358949
0.000360254
0.000357415
0.000353436
0.000348511
0.000343561
0.000338522
0.000333285
0.000328238
0.000322463
0.000316611
0.000311169
0.000306154
0.000301471
0.00029716
0.000292755
0.000288747
0.000284796
0.000281104
0.000277517
0.000274188
0.000271161
0.00026802
0.000265131
0.000262039
0.000258902
0.000255733
0.000252455
0.000249341
0.000246267
0.000243549
0.00024071
0.000237942
0.000235264
0.000232943
0.000230778
0.00022849
0.000224597
0.000217783
0.000204957
0.000181774
0.000160929
0.000149002
0.000141689
0.000136919
0.000133393
0.000130566
0.000128096
0.000125915
0.00012388
0.000122031
0.000120261
0.000118626
0.00011704
0.000115563
0.000114113
0.000112746
0.000111395
0.000110109
0.000108834
0.000107615
0.000106408
0.000105226
0.000103982
0.000102796
0.000101577
0.000100429
9.9253e-05
9.81539e-05
9.70238e-05
9.59677e-05
9.4878e-05
9.38608e-05
9.28121e-05
9.18329e-05
9.08266e-05
8.98889e-05
8.89234e-05
8.80137e-05
8.70789e-05
8.61941e-05
8.52899e-05
8.44287e-05
8.35576e-05
8.27227e-05
8.1886e-05
8.10835e-05
8.02843e-05
7.95087e-05
7.87419e-05
7.79853e-05
7.72493e-05
7.6509e-05
7.58043e-05
7.50793e-05
7.44096e-05
7.36949e-05
7.30698e-05
7.23529e-05
7.17822e-05
7.10462e-05
7.05436e-05
6.96859e-05
9.16888e-05
0.000113837
0.000145409
0.000184641
0.00022061
0.000261012
0.000304098
0.000344079
0.000375533
0.000399137
0.000416544
0.000427755
0.000433964
0.000436543
0.000436374
0.000434916
0.000431738
0.000427542
0.000422823
0.000418262
0.000413622
0.00040928
0.000404631
0.000400107
0.000395521
0.000391149
0.00038683
0.00038271
0.000378879
0.000374955
0.00037127
0.000367597
0.000363915
0.000360187
0.000356345
0.000352549
0.000348787
0.000345264
0.00034177
0.000338432
0.000335112
0.000332106
0.000329265
0.000326566
0.000322521
0.000317107
0.000307301
0.000290752
0.000275672
0.00025865
0.000246479
0.000237822
0.000231192
0.00022586
0.000221246
0.000217226
0.000213528
0.000210197
0.00020705
0.000204166
0.0002014
0.000198846
0.000196369
0.00019405
0.00019178
0.000189634
0.000187524
0.000185506
0.000183485
0.000181561
0.000179589
0.00017771
0.000175792
0.000173982
0.000172138
0.000170411
0.000168646
0.000166989
0.000165289
0.000163692
0.000162059
0.000160526
0.000158967
0.000157508
0.000156022
0.000154611
0.000153173
0.000151794
0.000150399
0.000149055
0.000147713
0.000146412
0.000145123
0.000143874
0.000142643
0.000141434
0.000140251
0.000139069
0.000137929
0.000136771
0.000135677
0.000134543
0.0001335
0.000132385
0.000131403
0.000130293
0.000129381
0.000128264
0.000127404
0.000126138
7.03665e-05
7.44497e-05
8.24883e-05
0.000104944
0.00012836
0.000158259
0.000199057
0.000246559
0.000293609
0.000335497
0.00037508
0.000409731
0.000439188
0.000463435
0.000482139
0.000496387
0.000505929
0.00051169
0.00051402
0.000515146
0.00051464
0.000513607
0.000511524
0.000508902
0.000505726
0.000502376
0.00049882
0.000495199
0.000491677
0.000487933
0.000484228
0.000480604
0.000476954
0.00047325
0.000469363
0.000465435
0.000461415
0.000457605
0.000453768
0.000450166
0.000446445
0.000443118
0.000439704
0.00043695
0.000432897
0.000428003
0.000419777
0.000406935
0.000391501
0.00037904
0.000368606
0.000360012
0.000352433
0.000345857
0.000339832
0.000334499
0.000329484
0.000324978
0.000320667
0.000316761
0.000312961
0.000309491
0.000306078
0.000302942
0.000299827
0.000296927
0.000294038
0.000291027
0.00028789
0.000284916
0.000281941
0.000279102
0.00027624
0.000273523
0.000270781
0.0002682
0.000265585
0.000263114
0.000260597
0.000258212
0.000255794
0.000253512
0.000251203
0.000249021
0.000246829
0.000244729
0.000242608
0.00024055
0.000238484
0.000236469
0.000234481
0.000232531
0.000230626
0.000228758
0.000226939
0.000225136
0.000223386
0.000221623
0.000219926
0.000218196
0.000216558
0.000214869
0.000213299
0.000211647
0.000210142
0.000208531
0.000207092
0.000205509
0.00020413
0.000202243
6.88658e-05
6.53857e-05
6.40481e-05
6.87918e-05
7.59668e-05
8.5243e-05
0.000105953
0.000134179
0.000170799
0.000214248
0.000261753
0.000311237
0.000355737
0.000397668
0.00043645
0.000471713
0.000502521
0.000528511
0.000548487
0.000564405
0.000576192
0.000585369
0.000591699
0.00059604
0.00059845
0.000599599
0.000599798
0.000599281
0.000598339
0.000596797
0.000594813
0.00059272
0.000590395
0.000587909
0.000585008
0.000581934
0.000578521
0.000575243
0.000571755
0.000568509
0.000564992
0.000561781
0.000558302
0.000555774
0.00055204
0.000547997
0.000540431
0.000530785
0.000516978
0.000503806
0.000492495
0.000482633
0.000473841
0.000465921
0.000458423
0.000451699
0.000445276
0.000439468
0.000433857
0.000428768
0.000423785
0.000419244
0.000414751
0.000410649
0.000406551
0.000402761
0.000398958
0.000395461
0.000391903
0.000388592
0.000385203
0.000382047
0.000378801
0.000375793
0.000372673
0.000369831
0.000366851
0.000364124
0.000361221
0.000358553
0.00035574
0.000353164
0.000350473
0.000348014
0.000345455
0.000343094
0.00034062
0.000338286
0.000335865
0.000333542
0.0003312
0.00032893
0.000326674
0.000324497
0.000322346
0.000320228
0.000318165
0.000316077
0.000314073
0.000312001
0.000310062
0.000308012
0.000306159
0.000304109
0.0003024
0.000300293
0.000298783
0.000296544
0.000295302
0.000292591
9.98569e-05
8.45214e-05
7.40448e-05
6.82434e-05
6.64926e-05
6.49926e-05
6.76036e-05
7.73664e-05
8.8614e-05
0.00010904
0.000138043
0.000175548
0.000217251
0.000263886
0.000312926
0.00036366
0.000410579
0.000454247
0.000493603
0.000529002
0.000560113
0.000587562
0.000610874
0.000630094
0.000645473
0.000657451
0.000667042
0.000674451
0.000680238
0.000684541
0.00068744
0.000689576
0.000690929
0.000691789
0.000691792
0.000691342
0.000690107
0.000688781
0.000686918
0.000685148
0.000682901
0.000680778
0.000678178
0.000676493
0.000673745
0.000670827
0.000665669
0.000656907
0.000647016
0.000634198
0.00062279
0.000612621
0.000603317
0.00059465
0.000586464
0.000578907
0.000571532
0.00056481
0.000558211
0.000552187
0.000546221
0.000540772
0.000535319
0.000530357
0.000525354
0.000520736
0.000516071
0.000511768
0.0005074
0.000503386
0.000499207
0.000495399
0.000491406
0.000487776
0.000483954
0.000480528
0.000476895
0.000473601
0.000470055
0.00046682
0.000463371
0.000460238
0.000456947
0.000453954
0.00045084
0.000447972
0.000444968
0.000442123
0.000439178
0.000436321
0.000433467
0.000430664
0.000427918
0.000425224
0.00042262
0.000419984
0.000417508
0.000414882
0.000412493
0.000409857
0.000407567
0.00040493
0.000402763
0.000400101
0.000398126
0.000395376
0.000393623
0.000390801
0.000389215
0.000385847
0.000222579
0.000172821
0.00013874
0.00010859
9.57297e-05
8.67191e-05
7.71005e-05
7.38538e-05
7.19508e-05
7.33337e-05
7.95105e-05
9.45004e-05
0.000112134
0.00013644
0.000167807
0.000208662
0.000254816
0.000305235
0.000355581
0.000406651
0.000453777
0.000498073
0.00053948
0.00057697
0.000610541
0.000640155
0.000666125
0.000688658
0.000708029
0.000724352
0.000737818
0.000749092
0.000758296
0.00076617
0.000772409
0.000777601
0.000781242
0.000784236
0.000786142
0.000787791
0.00078858
0.000789201
0.000789067
0.00078935
0.000788869
0.000787636
0.000785951
0.000780162
0.000772258
0.000762898
0.000752075
0.000742617
0.00073368
0.000725239
0.000717076
0.000709454
0.000701933
0.000695008
0.000688055
0.00068166
0.00067523
0.00066932
0.000663311
0.000657857
0.000652276
0.000647135
0.000641814
0.000636987
0.000631995
0.000627463
0.000622659
0.00061834
0.000613738
0.000609603
0.000605195
0.000601284
0.000597099
0.000593327
0.000589225
0.000585494
0.000581482
0.000577843
0.000574012
0.000570529
0.000566914
0.000563581
0.000560101
0.000556781
0.000553359
0.00054999
0.000546666
0.000543339
0.000540139
0.00053693
0.000533909
0.000530752
0.000527901
0.000524728
0.000521991
0.000518778
0.000516165
0.000512933
0.000510468
0.000507198
0.000504945
0.000501601
0.000499525
0.000496194
0.000494222
0.000490101
0.000510895
0.000449604
0.000350625
0.00023892
0.000197702
0.000173182
0.000144241
0.000122983
0.00010945
9.94597e-05
8.92734e-05
8.52119e-05
8.4685e-05
8.90641e-05
9.56979e-05
0.000111185
0.000132766
0.00016133
0.000194521
0.000234337
0.000279677
0.00032922
0.000381405
0.000433354
0.000483096
0.000529057
0.000571846
0.000611329
0.000647642
0.000680893
0.00071072
0.000737476
0.000761018
0.000781759
0.000799842
0.000815853
0.000829062
0.000840609
0.000850102
0.000858528
0.000865379
0.000871419
0.000876298
0.00088062
0.000884313
0.000886581
0.000889147
0.000888469
0.000884889
0.000878242
0.000870701
0.000863422
0.00085591
0.000848687
0.000841606
0.000834942
0.000828168
0.000821894
0.0008155
0.000809574
0.000803483
0.000797813
0.000791962
0.000786651
0.000781101
0.000775909
0.000770517
0.000765647
0.000760462
0.000755805
0.000750766
0.00074627
0.000741391
0.000737042
0.000732343
0.000728202
0.000723723
0.000719702
0.000715274
0.000711242
0.000706869
0.000702888
0.000698693
0.000694861
0.000690904
0.000687238
0.000683433
0.000679758
0.000676
0.000672221
0.000668549
0.000664783
0.000661237
0.000657585
0.000654245
0.000650636
0.000647499
0.000643844
0.000640831
0.000637109
0.000634225
0.000630477
0.000627738
0.000623964
0.000621413
0.000617605
0.000615167
0.000611431
0.000609075
0.000604206
0.000426252
0.000633271
0.000929044
0.000613829
0.000492161
0.000429716
0.0003503
0.000277556
0.000238069
0.000207281
0.000178031
0.000150049
0.000130455
0.000118633
0.000107885
0.000101503
0.000101562
0.000106995
0.000116093
0.000129421
0.000149099
0.000175168
0.000208577
0.000247772
0.00029166
0.000339459
0.000389479
0.000440908
0.000491439
0.000540938
0.000586784
0.000629747
0.000669403
0.00070619
0.000739805
0.00077104
0.000799038
0.000824682
0.000847352
0.00086813
0.000886275
0.000902117
0.000915558
0.000926678
0.000936871
0.000946317
0.000954856
0.000965629
0.000968106
0.00096795
0.000965153
0.000961522
0.000957745
0.000953404
0.000949039
0.000944641
0.000939875
0.0009354
0.000930732
0.000926332
0.000921632
0.00091713
0.000912532
0.000908142
0.000903512
0.000899184
0.000894499
0.000890274
0.000885617
0.000881467
0.000876835
0.00087272
0.000868134
0.000864071
0.000859595
0.000855677
0.000851368
0.000847503
0.000843169
0.000839195
0.00083483
0.000830823
0.00082659
0.00082269
0.000818686
0.000814946
0.000811091
0.000807306
0.000803466
0.000799499
0.000795702
0.000791697
0.000788001
0.000784088
0.0007806
0.000776712
0.000773442
0.000769479
0.000766313
0.00076226
0.000759192
0.000755117
0.000752158
0.000748084
0.000745258
0.000741192
0.000738408
0.000734439
0.000731736
0.000726272
0.000723008
0.00048638
0.000637341
0.00142316
0.00113337
0.00101402
0.00084256
0.000658015
0.000561906
0.000493067
0.000428066
0.000353058
0.000293918
0.000252407
0.000220968
0.000189821
0.000164102
0.000146919
0.000134098
0.000125415
0.000121667
0.000124139
0.000132
0.000145608
0.000162761
0.000185873
0.000213825
0.000248147
0.00028726
0.00033172
0.000379253
0.000429568
0.000480374
0.000531133
0.000579849
0.00062665
0.000670141
0.000710792
0.000748512
0.000783945
0.000816685
0.000847358
0.00087575
0.00090158
0.000920035
0.000937917
0.000953261
0.000970526
0.000988536
0.00100379
0.00101445
0.00101856
0.00102144
0.00102301
0.0010237
0.00102378
0.00102311
0.00102222
0.00102095
0.0010195
0.00101777
0.00101582
0.00101372
0.00101141
0.001009
0.00100656
0.0010038
0.00100115
0.000998065
0.000995309
0.000992028
0.000989096
0.000985644
0.000982604
0.000979128
0.000976118
0.000972689
0.000969606
0.000966013
0.000962662
0.000958884
0.000955356
0.0009516
0.000948089
0.000944505
0.00094112
0.000937649
0.000934158
0.000930638
0.000926861
0.000923297
0.000919404
0.000915868
0.00091202
0.000908653
0.000904807
0.000901636
0.000897688
0.000894562
0.000890497
0.000887393
0.000883313
0.000880243
0.000876191
0.000873179
0.000869162
0.000866118
0.000862189
0.00085923
0.000853501
0.00129019
0.000616562
0.000521025
0.00139195
0.00137779
0.00185358
0.00160809
0.00133068
0.00116012
0.00105992
0.000941496
0.000800321
0.000663526
0.000580582
0.000509729
0.0004508
0.000377065
0.000317647
0.000272492
0.000239273
0.000208197
0.000185061
0.000165681
0.000155542
0.000147829
0.000147012
0.000149483
0.000158602
0.000171608
0.000190375
0.000212817
0.000241067
0.000274013
0.000312405
0.000354798
0.000400842
0.000448854
0.000498168
0.000547448
0.000596369
0.000643487
0.000689149
0.000732301
0.000772859
0.000810437
0.000846398
0.000879524
0.000910654
0.000939656
0.000962987
0.000983106
0.00100077
0.00101724
0.0010303
0.00104106
0.00104971
0.00105676
0.00106252
0.00106752
0.00107159
0.00107515
0.00107794
0.00108035
0.00108206
0.00108348
0.00108449
0.00108526
0.00108549
0.00108554
0.00108536
0.00108477
0.00108411
0.001083
0.001082
0.00108062
0.00107948
0.00107794
0.00107652
0.00107459
0.00107268
0.00107032
0.00106802
0.00106549
0.00106304
0.00106056
0.00105817
0.00105571
0.00105312
0.0010505
0.0010475
0.00104468
0.00104145
0.00103852
0.00103526
0.00103241
0.00102911
0.00102638
0.00102295
0.00102016
0.00101658
0.00101368
0.00101007
0.00100709
0.00100353
0.00100051
0.000996984
0.000993841
0.000990372
0.000987312
0.000981907
0.00312751
0.000788832
0.000545694
0.0010184
0.000891626
0.00175663
0.00204308
0.00210036
0.00190168
0.00179721
0.00165111
0.0014724
0.00126864
0.00114598
0.00104308
0.000948434
0.00081613
0.000700331
0.000613002
0.000546363
0.000473755
0.000406615
0.000345748
0.00030169
0.000264138
0.000237111
0.000210426
0.00019313
0.000179463
0.000174235
0.000171323
0.000174495
0.000181372
0.000194148
0.000210889
0.000232716
0.000258015
0.000287766
0.000321122
0.00035913
0.000400434
0.000445698
0.000493012
0.000541552
0.000590361
0.000639136
0.000686288
0.000731587
0.000775199
0.000814439
0.000849496
0.000880383
0.000909963
0.000937053
0.000962307
0.000984705
0.00100511
0.00102326
0.00103989
0.00105421
0.00106738
0.00107872
0.00108922
0.00109801
0.00110619
0.0011132
0.0011199
0.00112546
0.0011307
0.00113501
0.0011392
0.00114237
0.00114548
0.0011479
0.00115023
0.00115227
0.00115404
0.00115552
0.00115658
0.00115727
0.00115752
0.0011575
0.00115724
0.00115683
0.00115638
0.00115589
0.0011553
0.00115449
0.00115357
0.00115219
0.00115084
0.00114909
0.0011474
0.00114549
0.00114369
0.00114169
0.00113988
0.0011377
0.00113566
0.00113327
0.00113095
0.0011285
0.00112594
0.0011235
0.00112076
0.00111837
0.00111535
0.00111298
0.00111005
0.00110594
0.00147188
0.00229642
0.000670033
0.000674586
0.00071834
0.00149335
0.00179612
0.0026434
0.00250215
0.00242209
0.00231307
0.00214617
0.00195409
0.0018106
0.00172274
0.00159183
0.0014463
0.00128964
0.00118294
0.00108394
0.00098315
0.000852502
0.000751875
0.000658572
0.000584643
0.000513188
0.000437818
0.00038036
0.000330724
0.000296807
0.000267627
0.000245518
0.000224508
0.00021104
0.000201811
0.000198551
0.000199162
0.000203983
0.000212521
0.00022527
0.000242185
0.000263282
0.000288847
0.000317638
0.000351121
0.000387871
0.000428246
0.000470238
0.000516161
0.000561477
0.000606896
0.000649558
0.000691922
0.000731972
0.000771365
0.000806901
0.000841085
0.000872291
0.000902763
0.000930364
0.000957003
0.000980887
0.00100394
0.0010241
0.00104371
0.00106103
0.00107791
0.00109251
0.00110668
0.00111878
0.00112979
0.00113865
0.00114798
0.00115548
0.00116374
0.00117042
0.0011778
0.00118356
0.0011898
0.00119437
0.00119933
0.00120279
0.00120663
0.00120927
0.00121258
0.00121515
0.00121823
0.00122061
0.00122308
0.00122487
0.00122646
0.00122764
0.0012284
0.00122921
0.00122932
0.00123018
0.00122997
0.00123079
0.00123001
0.00123074
0.00122925
0.00122924
0.00122758
0.00122717
0.00122511
0.00122472
0.00122222
0.00122175
0.00121931
0.00121757
0.000772962
0.00291949
0.00151219
0.00057289
0.000777593
0.00134661
0.00173431
0.00289014
0.00282426
0.00277556
0.00272552
0.00261929
0.0024977
0.00238225
0.0023192
0.00220529
0.002086
0.00192512
0.00183643
0.00172239
0.00163616
0.00147257
0.00136317
0.00122469
0.00114545
0.00102971
0.000941705
0.000823717
0.000729793
0.000629394
0.000546217
0.000475649
0.000420294
0.000372722
0.00033865
0.000307842
0.00028986
0.000263457
0.000249593
0.000234504
0.00022861
0.0002231
0.000226339
0.00022895
0.000238788
0.000249907
0.000267356
0.000285221
0.000309819
0.000334729
0.00036436
0.000394082
0.000428076
0.000462439
0.00050053
0.000537724
0.000576928
0.000615009
0.000654709
0.000692506
0.000730711
0.000766815
0.000802831
0.000834927
0.000867028
0.000896211
0.00092568
0.000952009
0.000978271
0.00100139
0.0010246
0.00104477
0.00106498
0.00108257
0.00110064
0.00111606
0.00112967
0.00114112
0.00115346
0.00116347
0.00117404
0.00118258
0.00119146
0.00119881
0.00120672
0.00121382
0.00122128
0.00122816
0.00123473
0.00124088
0.00124617
0.00125146
0.00125548
0.00126015
0.00126313
0.00126774
0.00127019
0.00127469
0.00127639
0.00128075
0.00128144
0.00128568
0.00128531
0.0012897
0.00128822
0.00129263
0.00129035
0.00129493
0.00129208
0.00129475
0.000358097
0.00112147
0.00319612
0.000804776
0.00072041
0.000800942
0.0014114
0.0026065
0.00244958
0.0029258
0.00290735
0.00286197
0.00280526
0.00274047
0.00270494
0.0026358
0.00256224
0.00244444
0.00238368
0.00229036
0.00222422
0.00208593
0.001986
0.00185513
0.00178676
0.00168282
0.00159831
0.00146082
0.00133722
0.00120345
0.00110382
0.00101888
0.000934359
0.000813475
0.000713338
0.000624016
0.000553278
0.000488727
0.000440398
0.000394812
0.000364703
0.000334131
0.000320945
0.000294194
0.00028112
0.000262916
0.000259128
0.000250266
0.000253733
0.000253199
0.000261655
0.000267692
0.000281151
0.000292818
0.000311623
0.000328661
0.000351295
0.000373088
0.000400716
0.000427137
0.000458335
0.000488795
0.000523697
0.000556396
0.000592418
0.00062665
0.000663817
0.000698362
0.000734579
0.000767723
0.00080211
0.000832973
0.000864604
0.000892574
0.000921443
0.000947655
0.000974611
0.000998943
0.00102366
0.00104571
0.00106753
0.00108708
0.00110603
0.00112324
0.00113792
0.00114952
0.00116116
0.00117273
0.00118361
0.00119489
0.00120454
0.00121507
0.00122326
0.00123306
0.00123975
0.00124919
0.001255
0.00126423
0.00126908
0.00127816
0.00128172
0.00129061
0.00129272
0.00130172
0.00130237
0.00131124
0.00131084
0.00132
0.00131862
0.00132715
0.000253427
0.000397315
0.00319943
0.00193274
0.000887074
0.000612164
0.00111484
0.00144111
0.00201983
0.00296736
0.00297528
0.00295904
0.00293674
0.00291059
0.00289563
0.00286457
0.00282938
0.00276566
0.00273138
0.00267769
0.00263699
0.0025497
0.00247288
0.00238028
0.00231869
0.00226569
0.00218562
0.00208704
0.00196612
0.0018612
0.00174382
0.00167577
0.00158366
0.0014881
0.00134694
0.00124228
0.00112572
0.0010455
0.000941957
0.000835451
0.000743953
0.000661078
0.000595464
0.000534272
0.0004881
0.000440775
0.000411144
0.000378026
0.000360058
0.000336639
0.000323062
0.000299965
0.00029417
0.000278478
0.000279954
0.000272468
0.000278083
0.000277034
0.000287478
0.000291715
0.000304983
0.000314771
0.00033315
0.000347226
0.000367884
0.00038603
0.0004111
0.000434103
0.000462435
0.00048865
0.000519347
0.000547742
0.000579389
0.000608895
0.000641547
0.000672827
0.000706542
0.000738619
0.000771993
0.000803326
0.00083466
0.000864072
0.000892568
0.000919634
0.000945767
0.0009712
0.00099532
0.00101969
0.00104178
0.00106509
0.00108475
0.00110653
0.00112375
0.00114395
0.00115686
0.00117111
0.00117991
0.00119396
0.0012017
0.00121585
0.00122221
0.00123629
0.00124099
0.00125529
0.00125831
0.00127251
0.00127436
0.00128867
0.00128984
0.00130407
0.000193554
0.000307112
0.00231914
0.00320762
0.00300965
0.000743348
0.000838666
0.000814377
0.00220258
0.0023779
0.00301068
0.00300269
0.00299225
0.00298371
0.00297794
0.00296581
0.00295106
0.00292439
0.00290749
0.00288679
0.00286607
0.00282434
0.0027732
0.00272477
0.00268225
0.00265542
0.00260496
0.00255071
0.0024548
0.00238521
0.00229166
0.00224431
0.00216814
0.00211392
0.00200057
0.00192039
0.00179071
0.00172056
0.00159203
0.00152209
0.00139605
0.00132573
0.00119969
0.00112226
0.00100955
0.000917551
0.000822999
0.000740005
0.000668377
0.000596518
0.000554311
0.000516579
0.000487966
0.000450406
0.000425029
0.000393448
0.000373816
0.000350151
0.000338565
0.000320635
0.000316701
0.000303287
0.000304468
0.000297185
0.000302102
0.000299789
0.000307631
0.000310501
0.000321555
0.000329332
0.000343746
0.000355788
0.000372223
0.000386728
0.00040517
0.000423658
0.000445642
0.00046837
0.000493627
0.000519647
0.000546323
0.000574122
0.000600865
0.000629338
0.000656401
0.000686158
0.000713768
0.000744977
0.000772444
0.000804443
0.000830747
0.000862194
0.000886615
0.000916703
0.000938687
0.000967416
0.000987566
0.00101522
0.00103335
0.00106036
0.00107614
0.00110226
0.00111562
0.00114098
0.00115198
0.00117662
0.00118213
0.00120175
0.00120438
0.00122411
0.000319685
0.000322897
0.000394406
0.000579125
0.0029268
0.00140383
0.000932593
0.000712979
0.00133075
0.00141259
0.00307261
0.00305933
0.00304709
0.00303904
0.00303366
0.00302528
0.00301648
0.00300505
0.00299666
0.00298987
0.00297965
0.00296238
0.00293444
0.00291157
0.00288888
0.00287497
0.00284984
0.00282387
0.00276843
0.00272592
0.00266666
0.00263672
0.00258616
0.00255472
0.0024873
0.00244
0.00234579
0.00229485
0.00219903
0.00214803
0.00204813
0.00199137
0.00187789
0.00180932
0.00167982
0.00161033
0.00148144
0.00141485
0.00129339
0.00122901
0.00111544
0.0010425
0.000949649
0.000878545
0.000783187
0.000720192
0.000681835
0.000639908
0.000588327
0.000547333
0.000516811
0.00048598
0.000455794
0.000433268
0.000408369
0.000393037
0.000373182
0.000361935
0.000346791
0.000341153
0.000330649
0.000330438
0.000324768
0.000328078
0.00032497
0.000331749
0.000332097
0.000342021
0.000346499
0.000360305
0.000367262
0.000384472
0.000393087
0.000411854
0.000422631
0.000443898
0.000457229
0.000481634
0.000496867
0.000524613
0.000541587
0.00057156
0.000589854
0.000620983
0.000639673
0.000671619
0.000691079
0.00072404
0.000743512
0.000777717
0.000796572
0.000831138
0.000848728
0.00088321
0.000899167
0.000933141
0.000947505
0.000980703
0.000993919
0.00102669
0.000719477
0.000330448
0.000216269
0.00045615
0.00216835
0.00219162
0.00222432
0.00099824
0.000802932
0.0010203
0.00199206
0.00211099
0.0030815
0.00307704
0.00307157
0.00306487
0.00305915
0.00305308
0.00304835
0.00304496
0.00303979
0.00303189
0.00301834
0.00300737
0.00299645
0.00298936
0.00297781
0.00296537
0.00293888
0.00291604
0.00288401
0.00286694
0.00283887
0.00282116
0.00278604
0.00276031
0.00270805
0.00267636
0.00261638
0.00258379
0.00252163
0.0024853
0.00241335
0.00236983
0.0022832
0.0022339
0.00213559
0.0020823
0.00197679
0.00191745
0.00180236
0.00174145
0.00162306
0.00156046
0.00144061
0.00126429
0.00114111
0.00113161
0.00109493
0.00104803
0.000956469
0.000918507
0.00083698
0.000805833
0.000736818
0.000702711
0.000649557
0.000611976
0.000576808
0.00055468
0.000512809
0.000495284
0.000461367
0.000450369
0.00042352
0.000416422
0.000393544
0.000390182
0.000370722
0.000371428
0.000356103
0.000360891
0.00034939
0.000357674
0.000349066
0.000360021
0.000353851
0.000367773
0.000363946
0.000381037
0.0003793
0.000399384
0.000399559
0.000421978
0.000424076
0.000448321
0.000452126
0.000478353
0.000484005
0.000512354
0.000519849
0.000550021
0.000559247
0.000590399
0.000601258
0.000632886
0.000645293
0.000677143
0.000691094
0.000722408
0.00197406
0.000621703
0.000310212
0.000419438
0.000610072
0.0010135
0.00332631
0.00305293
0.000878796
0.00100947
0.0010893
0.00188657
0.00313901
0.0031323
0.00312515
0.00311937
0.00311421
0.00310699
0.00309967
0.0030954
0.00309022
0.0030855
0.00307739
0.00307097
0.00306387
0.00305915
0.00305197
0.00304473
0.00303077
0.00301847
0.00300214
0.00299259
0.0029782
0.00296852
0.00295126
0.0029378
0.00291205
0.00289441
0.00286167
0.00284269
0.00280813
0.00278757
0.00274848
0.00272393
0.00267594
0.00264676
0.00258932
0.00255603
0.00249105
0.00245448
0.00238155
0.00234077
0.00225874
0.00221305
0.002119
0.00206588
0.00180997
0.0014321
0.00148133
0.0016796
0.00162587
0.00157183
0.00147821
0.00141881
0.00133643
0.00126996
0.0011954
0.00112976
0.00106514
0.00100104
0.000945178
0.000886589
0.000840183
0.000791283
0.000755019
0.000712417
0.000679572
0.000641845
0.000610748
0.000576881
0.000550136
0.00052261
0.000500883
0.00048097
0.00046339
0.000448386
0.000433588
0.000422367
0.000410407
0.000403226
0.000393567
0.000390633
0.000383023
0.000383819
0.00037854
0.000382497
0.000379062
0.00038542
0.000383952
0.000392616
0.000393026
0.000404096
0.000406331
0.000419363
0.000423372
0.000438089
0.000443841
0.000460093
0.000467485
0.000484907
0.00327613
0.0016508
0.000556186
0.000337326
0.000258944
0.000583673
0.0017346
0.00272054
0.00160781
0.00137016
0.000839808
0.00136717
0.00144434
0.00280562
0.00315253
0.00314827
0.00314558
0.00314003
0.00313342
0.00312902
0.00312514
0.00312221
0.00311805
0.00311466
0.00311031
0.00310684
0.00310123
0.00309569
0.00308664
0.0030792
0.00307034
0.00306435
0.00305665
0.00305085
0.00304207
0.00303466
0.00302197
0.00301231
0.00299521
0.0029846
0.0029664
0.00295526
0.00293519
0.00292193
0.00289775
0.00288206
0.00285234
0.00283419
0.00279945
0.00277924
0.00274015
0.00271639
0.0026731
0.00264313
0.00259697
0.0025551
0.00250517
0.0023513
0.00178437
0.0015954
0.00181283
0.00220818
0.00215996
0.00208011
0.00203438
0.00194699
0.00189838
0.00180533
0.00175533
0.00166126
0.00161234
0.00151965
0.00147155
0.00138222
0.00133824
0.0012567
0.00121549
0.00113872
0.00109884
0.00102468
0.000987515
0.000920355
0.000888722
0.000832133
0.000805369
0.000757083
0.000733423
0.000690505
0.000669169
0.000630816
0.000611919
0.000578605
0.000562478
0.000534558
0.000521255
0.000498669
0.000487871
0.00046982
0.000461113
0.000446955
0.000440137
0.000429647
0.000424642
0.0004176
0.000414236
0.000410298
0.00040843
0.000407305
0.000406802
0.000407334
0.00327321
0.00327704
0.00152056
0.000569851
0.000377994
0.000407044
0.000758494
0.00130609
0.00335332
0.00335206
0.00164848
0.00105299
0.000947182
0.00128102
0.00320781
0.00319857
0.00319042
0.00318274
0.00317746
0.00317427
0.00317068
0.00316732
0.00316278
0.00315883
0.00315381
0.00314951
0.00314422
0.00313954
0.00313346
0.00312833
0.00312252
0.00311803
0.00311266
0.00310819
0.00310213
0.00309678
0.00308864
0.00308249
0.00307248
0.00306619
0.00305622
0.00304965
0.0030396
0.00303169
0.00302055
0.00301007
0.00299711
0.00298333
0.00296985
0.00295321
0.00293998
0.00292006
0.0029058
0.00288231
0.00286715
0.00283859
0.0028204
0.00278499
0.0027625
0.00220346
0.00176723
0.00179388
0.00215127
0.00256592
0.00253715
0.00248414
0.0024551
0.00239471
0.0023615
0.00229391
0.00225741
0.0021832
0.0021429
0.00206326
0.00202251
0.00194231
0.00190146
0.00182049
0.00177824
0.00169405
0.00164995
0.001563
0.00151878
0.0014342
0.0013932
0.00131559
0.00127796
0.00120638
0.00117094
0.00110344
0.00107005
0.00100734
0.000977226
0.000921118
0.00089438
0.000844694
0.000820948
0.000776824
0.000755528
0.000716048
0.000696987
0.00066202
0.000645307
0.000614985
0.000600523
0.000574573
0.000562226
0.00054031
0.000530112
0.000509918
0.00327169
0.00327326
0.00327726
0.00153262
0.000712259
0.000341738
0.000378693
0.000443897
0.0014457
0.00288884
0.00336528
0.00168711
0.00137143
0.00104841
0.00145654
0.00165779
0.00321767
0.00320706
0.00320341
0.00320203
0.00319981
0.00319679
0.00319379
0.003191
0.00318695
0.00318275
0.00317835
0.00317485
0.00317112
0.00316789
0.00316396
0.00316014
0.00315549
0.00315082
0.00314533
0.0031399
0.00313402
0.00312872
0.00312353
0.00311841
0.00311401
0.00310879
0.00310418
0.00309783
0.00309264
0.00308469
0.00307833
0.00306861
0.00306179
0.00305164
0.00304482
0.00303403
0.00302648
0.00301433
0.00300631
0.00299234
0.00298365
0.00296683
0.00295549
0.00293405
0.00285955
0.00214683
0.00193059
0.00196365
0.00244457
0.0027958
0.00277852
0.00274592
0.00272776
0.00269235
0.00267235
0.00263106
0.002608
0.00256238
0.00253798
0.00248864
0.00246253
0.00240961
0.00238118
0.00232215
0.0022896
0.0022221
0.0021857
0.00211224
0.00207472
0.0020002
0.00196279
0.00188873
0.00185114
0.00177652
0.0017384
0.00166279
0.00162383
0.00154725
0.00150884
0.00143468
0.00139835
0.00132855
0.00129433
0.00122864
0.00119651
0.00113517
0.0011056
0.00104952
0.00102284
0.000972617
0.000948466
0.000902427
0.000880719
0.000677307
0.00327197
0.00327137
0.00327293
0.00327657
0.00172684
0.000830214
0.000428709
0.000427107
0.000548083
0.00110845
0.00287713
0.00339416
0.00338571
0.00200033
0.00124481
0.00114401
0.00181282
0.00327195
0.00326441
0.00325698
0.00324825
0.00324132
0.00323651
0.0032323
0.00322833
0.00322435
0.00322123
0.0032174
0.00321392
0.00321001
0.00320636
0.00320194
0.00319781
0.00319295
0.00318844
0.00318323
0.0031785
0.00317343
0.00316939
0.00316476
0.00316108
0.0031567
0.00315306
0.00314822
0.00314422
0.00313817
0.00313322
0.00312617
0.00312095
0.00311422
0.00310955
0.00310307
0.0030983
0.00309137
0.00308644
0.00307886
0.00307366
0.00306534
0.00305932
0.00304864
0.00304066
0.00302684
0.00297395
0.00223507
0.00226416
0.00218171
0.00280443
0.00293445
0.00292252
0.00290491
0.00289447
0.00287436
0.00286248
0.00284016
0.00282741
0.00280249
0.00278803
0.00276042
0.00274482
0.00271352
0.00269541
0.00265845
0.00263859
0.00259768
0.00257616
0.00253181
0.00250869
0.00246135
0.00243646
0.00238527
0.002358
0.00230189
0.00227157
0.00220942
0.00217672
0.00211081
0.00207719
0.00200987
0.00197574
0.00190755
0.00187328
0.00180524
0.00177162
0.00170473
0.0016709
0.00160325
0.0013604
0.000819917
0.000371896
0.000190763
0.00327155
0.00327153
0.00327111
0.00327236
0.00327536
0.00216789
0.000992765
0.000584077
0.000377585
0.000513411
0.000607705
0.00194596
0.00340704
0.00340191
0.00241658
0.00172551
0.00120407
0.00137874
0.00168718
0.00280268
0.0032756
0.0032692
0.00326662
0.00326371
0.00326026
0.00325742
0.00325531
0.00325344
0.00325125
0.00324796
0.00324251
0.00323746
0.00323311
0.00322891
0.00322497
0.00322106
0.0032174
0.00321372
0.0032103
0.00320573
0.00320154
0.00319666
0.00319298
0.00318859
0.0031854
0.00318099
0.00317735
0.0031722
0.00316803
0.003163
0.00315927
0.00315428
0.00315033
0.00314493
0.00314082
0.00313545
0.00313139
0.00312592
0.00312188
0.00311562
0.00311088
0.00310327
0.00309687
0.00308776
0.00305072
0.00257501
0.00231306
0.0027352
0.00303235
0.00302011
0.00301264
0.00300231
0.00299497
0.00298321
0.0029764
0.00296432
0.00295663
0.0029431
0.00293515
0.00292025
0.00291083
0.00289255
0.00288201
0.00286244
0.00285152
0.00282965
0.00281746
0.0027936
0.00278059
0.00275406
0.00273941
0.00270933
0.00269301
0.00265923
0.00264111
0.00260366
0.00258398
0.00254338
0.00252213
0.0024788
0.00245498
0.00241137
0.0023865
0.0023351
0.00159779
0.000838496
0.000368986
0.000191976
8.06353e-05
4.7914e-05
0.00327144
0.00327152
0.00327069
0.00327112
0.00327111
0.00327407
0.00298675
0.00138343
0.000717721
0.000503884
0.000464391
0.000683423
0.000917388
0.00225207
0.00342736
0.00341989
0.00326833
0.0019922
0.00141821
0.00178698
0.00268862
0.00332246
0.00331559
0.00330879
0.00330188
0.00329808
0.00329552
0.00329255
0.00328915
0.00328569
0.00328176
0.00327763
0.00327357
0.00326965
0.00326618
0.00326303
0.00325999
0.0032566
0.00325281
0.00324799
0.0032431
0.00323783
0.00323318
0.00322861
0.00322503
0.00322141
0.00321818
0.00321438
0.00321089
0.00320726
0.00320412
0.00319964
0.00319568
0.00319049
0.00318627
0.00318129
0.00317767
0.00317303
0.0031696
0.00316522
0.00316204
0.00315727
0.00315342
0.00314824
0.00314295
0.00313591
0.00300681
0.0025908
0.00273043
0.00276651
0.00308835
0.00308001
0.00307385
0.00306522
0.00305968
0.00305309
0.00304855
0.00304094
0.00303654
0.00302928
0.00302423
0.00301487
0.00300898
0.00299937
0.00299387
0.00298335
0.00297688
0.00296511
0.00295833
0.00294551
0.00293792
0.00292345
0.00291518
0.00289901
0.00288982
0.00287167
0.00286184
0.00284191
0.00283092
0.00281266
0.0027965
0.00277838
0.00146643
0.000696598
0.000342987
0.00017722
7.37954e-05
5.4133e-05
3.52489e-05
3.3791e-05
0.00327183
0.00327102
0.00327112
0.00327021
0.00327073
0.00327028
0.00327254
0.00327648
0.00196281
0.000966377
0.000719993
0.000470384
0.000554784
0.000696255
0.00137502
0.00171449
0.00343861
0.00343299
0.00246435
0.00170819
0.00175577
0.00166073
0.00187714
0.0031506
0.00333361
0.00333119
0.00332766
0.00332214
0.00331706
0.00331397
0.003312
0.00331004
0.00330772
0.00330464
0.00330172
0.00329829
0.00329502
0.00329095
0.00328699
0.00328233
0.00327824
0.00327404
0.00327081
0.00326732
0.00326438
0.0032609
0.00325766
0.00325371
0.00325004
0.0032462
0.00324289
0.00323876
0.00323514
0.0032306
0.00322663
0.00322235
0.00321909
0.00321528
0.00321202
0.00320836
0.00320564
0.00320193
0.00319874
0.00319517
0.00319142
0.00318672
0.00318145
0.00317467
0.00316733
0.00300277
0.00275442
0.00281569
0.00313431
0.00312692
0.00311986
0.00311381
0.0031101
0.00310478
0.00310078
0.00309572
0.00309216
0.00308628
0.00308189
0.0030766
0.00307348
0.00306812
0.00306427
0.00305794
0.00305377
0.00304725
0.00304282
0.00303548
0.00303093
0.00302322
0.00301842
0.00301005
0.00300512
0.0029968
0.00299233
0.00218801
0.00110131
0.000536692
0.000301401
0.000124568
7.4484e-05
5.1049e-05
3.50472e-05
4.42717e-05
5.41263e-05
6.62728e-05
0.00327189
0.00327102
0.00327106
0.00327023
0.00327031
0.00326969
0.00327014
0.00327059
0.0032736
0.003069
0.0017472
0.000798481
0.000720831
0.000569699
0.000594962
0.00092189
0.00140241
0.00344891
0.00345107
0.00345172
0.00344608
0.00298083
0.00215914
0.0024768
0.00266085
0.00292732
0.00335802
0.00335346
0.00335198
0.00335026
0.00334715
0.00334199
0.00333685
0.0033333
0.00333072
0.0033286
0.00332689
0.00332508
0.00332283
0.00332003
0.00331661
0.00331256
0.00330781
0.00330334
0.00329949
0.00329584
0.00329243
0.00328899
0.00328579
0.00328292
0.00328053
0.00327775
0.00327441
0.00327017
0.00326561
0.00326133
0.00325775
0.00325422
0.00325089
0.0032476
0.00324485
0.00324205
0.00323938
0.00323667
0.00323387
0.00323066
0.00322656
0.00322192
0.00321637
0.0032106
0.00320399
0.00319612
0.00286274
0.00316227
0.00317365
0.00316604
0.00316098
0.00315673
0.00315202
0.00314753
0.00314337
0.0031392
0.00313433
0.00313071
0.00312754
0.00312474
0.00312101
0.00311764
0.00311375
0.00311073
0.00310669
0.00310359
0.00309952
0.00309722
0.00309339
0.00309182
0.00268542
0.00141701
0.000721173
0.000413506
0.000182866
0.000105459
7.15105e-05
4.08123e-05
4.6283e-05
4.7926e-05
5.33551e-05
7.71673e-05
0.000139756
0.000247562
0.00327157
0.00327137
0.00327071
0.0032706
0.00326986
0.0032699
0.00326917
0.00326958
0.00326937
0.00327124
0.00327438
0.00275187
0.00140935
0.000933159
0.000615828
0.000693861
0.000724114
0.000855435
0.00142897
0.0020298
0.00345591
0.00345265
0.00345059
0.00344494
0.00301961
0.00248649
0.00286811
0.00338809
0.00337934
0.00337432
0.00336978
0.00336499
0.00336282
0.00336163
0.00336084
0.0033592
0.00335615
0.00335246
0.00334951
0.00334708
0.00334469
0.00334204
0.00333895
0.00333601
0.00333333
0.00333054
0.00332733
0.00332381
0.00332039
0.00331707
0.00331405
0.00331096
0.0033077
0.00330424
0.00330025
0.00329679
0.00329377
0.003291
0.00328795
0.00328508
0.00328209
0.00327933
0.00327646
0.00327381
0.00327097
0.00326816
0.00326468
0.00326118
0.00325704
0.00325319
0.0032489
0.00324444
0.00323905
0.00323292
0.00322582
0.00321852
0.00317489
0.00320502
0.00319997
0.00319382
0.00318896
0.00318433
0.00318001
0.0031751
0.00317253
0.00316958
0.00316714
0.00316347
0.00316124
0.00315819
0.00315629
0.00315391
0.00315297
0.00290016
0.00159413
0.00084228
0.000483104
0.000225017
0.000132393
9.04522e-05
4.87403e-05
5.0006e-05
4.86627e-05
4.98177e-05
7.17029e-05
0.000103248
0.000189983
0.000215263
0.00029829
0.00109274
0.00327141
0.00327152
0.00327057
0.00327072
0.00326975
0.00326995
0.00326897
0.00326926
0.00326843
0.00326906
0.00326898
0.00327119
0.0032747
0.0027418
0.00151403
0.000905485
0.000772965
0.000633431
0.000821433
0.00102881
0.00132293
0.00255735
0.00346518
0.00346381
0.00345876
0.00345291
0.00344484
0.00343471
0.00299787
0.00312206
0.00340447
0.00339525
0.00338998
0.00338588
0.00338324
0.00338082
0.00337825
0.00337585
0.00337388
0.00337256
0.00337095
0.00336883
0.00336567
0.00336269
0.00335973
0.00335725
0.00335462
0.00335219
0.00334953
0.00334699
0.0033443
0.00334191
0.00333905
0.0033361
0.00333236
0.00332899
0.00332604
0.00332351
0.00332069
0.00331819
0.00331543
0.00331307
0.00331048
0.00330828
0.00330558
0.00330298
0.00329968
0.00329661
0.00329265
0.00328938
0.00328618
0.00328331
0.00327964
0.00327611
0.00327087
0.00326597
0.00325983
0.00325356
0.00324695
0.0032416
0.00323489
0.00322919
0.00322405
0.0032189
0.00321487
0.00321163
0.0032086
0.00320616
0.00320363
0.00320247
0.00316015
0.00166623
0.000886317
0.000494845
0.0002388
0.000153761
9.48743e-05
5.47381e-05
5.70904e-05
5.00099e-05
5.01014e-05
7.36832e-05
9.4772e-05
0.000152982
0.000188684
0.000279278
0.000725913
0.0009864
0.00111595
0.00131786
0.00327138
0.00327155
0.00327055
0.00327074
0.00326974
0.00326995
0.00326895
0.00326918
0.00326823
0.00326854
0.00326776
0.00326846
0.00326845
0.00327072
0.00327398
0.00274393
0.00173145
0.00119697
0.000773199
0.000787866
0.000723331
0.000862853
0.00136425
0.00168836
0.00252283
0.00346764
0.00346333
0.00346052
0.00345632
0.003449
0.00343925
0.00343086
0.00342273
0.00341508
0.00340823
0.00340343
0.00339864
0.00339461
0.00339126
0.00338906
0.00338754
0.00338677
0.00338546
0.00338371
0.0033817
0.00338022
0.00337847
0.0033768
0.00337417
0.0033715
0.0033684
0.0033657
0.00336298
0.00336065
0.00335779
0.00335519
0.00335294
0.00335125
0.00334895
0.00334664
0.00334382
0.00334132
0.00333856
0.00333648
0.00333397
0.00333155
0.00332858
0.00332591
0.00332257
0.00331994
0.00331777
0.00331601
0.00331379
0.00331148
0.00330814
0.00330466
0.00330058
0.00329629
0.00329129
0.0032861
0.00328002
0.0032733
0.00326761
0.00326198
0.00325746
0.00325358
0.00325223
0.00325253
0.00166812
0.000847123
0.000459889
0.000243641
0.000157474
8.56837e-05
6.11352e-05
6.39778e-05
5.05762e-05
5.53844e-05
7.90328e-05
9.16385e-05
0.000145256
0.000198423
0.000293224
0.000612246
0.000895831
0.00073464
0.000987094
0.00283626
0.00288511
0.00293659
0.00327146
0.00327155
0.00327065
0.00327073
0.00326984
0.00326993
0.00326906
0.00326913
0.00326832
0.00326837
0.00326763
0.00326775
0.00326723
0.00326765
0.00326793
0.0032696
0.00327266
0.00327789
0.00202376
0.00131944
0.00110991
0.00083191
0.000841304
0.000954527
0.000964419
0.00135318
0.00241637
0.00287016
0.00346929
0.00346702
0.00346577
0.00346289
0.00345818
0.00345063
0.00343926
0.00342956
0.00342266
0.0034182
0.00341486
0.00341233
0.00340975
0.00340739
0.0034041
0.00340096
0.00339823
0.00339642
0.00339507
0.00339346
0.00339128
0.00338959
0.00338801
0.00338656
0.00338497
0.0033831
0.00338073
0.00337778
0.00337529
0.00337318
0.00337102
0.00336866
0.00336632
0.00336385
0.00336155
0.00335976
0.00335798
0.00335586
0.00335381
0.00335136
0.0033487
0.00334593
0.00334416
0.0033425
0.00334098
0.00333885
0.00333633
0.00333338
0.0033307
0.00332828
0.00332568
0.00332294
0.00331948
0.00331587
0.00331165
0.00330788
0.00287654
0.00137937
0.000789087
0.000389225
0.000212687
0.000136541
7.62686e-05
6.84229e-05
6.69514e-05
5.44393e-05
6.39845e-05
8.47787e-05
9.85018e-05
0.000171078
0.000232968
0.000336784
0.000691553
0.00070835
0.000710852
0.00126556
0.00294328
0.00296074
0.002998
0.0030287
0.00306345
0.00308076
0.00327176
0.00327147
0.003271
0.00327064
0.00327025
0.0032698
0.00326951
0.00326898
0.00326878
0.00326815
0.00326809
0.00326736
0.00326746
0.00326671
0.00326707
0.00326655
0.00326756
0.00326805
0.00327094
0.00327495
0.00284862
0.00185162
0.00116718
0.00109755
0.000999817
0.000868004
0.00102963
0.00129224
0.00176146
0.00193893
0.00254158
0.00347258
0.0034713
0.00346876
0.0034666
0.00346434
0.00345919
0.00345215
0.00344404
0.00343633
0.00343052
0.00342605
0.00342192
0.00341858
0.00341768
0.00341638
0.0034148
0.00341324
0.00341066
0.00340725
0.00340437
0.00340231
0.00340103
0.00340004
0.00339832
0.0033958
0.0033937
0.00339201
0.00339037
0.00338871
0.0033867
0.0033842
0.00338178
0.00338049
0.00337891
0.00337715
0.003375
0.00337272
0.00337009
0.00336763
0.00336556
0.00336427
0.00336274
0.00336153
0.00335944
0.00335755
0.00335513
0.00335379
0.00335229
0.0033526
0.00335392
0.00180137
0.000991325
0.000515758
0.000275522
0.000170691
9.78332e-05
7.73623e-05
7.46397e-05
5.87963e-05
6.2539e-05
8.10359e-05
9.25797e-05
0.000124448
0.000221485
0.000268847
0.000472677
0.0010032
0.00073717
0.000891123
0.00181797
0.00261328
0.00308864
0.00312035
0.00314487
0.00315247
0.00315222
0.00316621
0.00321315
0.00324008
0.00327219
0.00327144
0.0032715
0.00327067
0.0032708
0.0032699
0.00327009
0.00326914
0.00326936
0.0032684
0.00326861
0.00326768
0.00326786
0.00326699
0.00326718
0.00326641
0.00326667
0.00326626
0.00326688
0.00326731
0.00326926
0.00327219
0.00327703
0.00225684
0.00182531
0.00127612
0.00100333
0.00103262
0.000993013
0.00118958
0.00140812
0.00148767
0.00247562
0.00347254
0.00347815
0.00347515
0.00347317
0.00346937
0.0034672
0.00346476
0.00346132
0.00345653
0.00344949
0.00344208
0.00343562
0.0034318
0.00343002
0.00342835
0.00342588
0.00342311
0.00342052
0.00341907
0.00341759
0.00341633
0.00341427
0.00341185
0.00340921
0.00340739
0.00340603
0.00340529
0.00340385
0.00340203
0.00339901
0.00339734
0.00339553
0.00339435
0.00339244
0.00339086
0.00338869
0.0033868
0.00338475
0.0033837
0.00338212
0.00338094
0.00337973
0.00337974
0.00338053
0.00216231
0.00115244
0.000627555
0.000356589
0.000198071
0.000117765
9.08337e-05
7.11761e-05
5.99099e-05
6.69294e-05
8.05568e-05
8.77182e-05
0.000110402
0.000192348
0.000269367
0.000339238
0.000906748
0.00127405
0.000930017
0.00154216
0.00196008
0.0024791
0.00320951
0.00324323
0.00326068
0.00327262
0.00328432
0.00330515
0.00334071
0.00337879
0.00338188
0.00340377
0.0034077
0.00327236
0.00327174
0.00327164
0.0032711
0.00327089
0.00327046
0.00327014
0.00326982
0.00326939
0.00326917
0.00326862
0.00326853
0.00326786
0.00326788
0.00326713
0.00326726
0.00326642
0.00326674
0.0032659
0.0032665
0.00326595
0.0032672
0.00326759
0.00327038
0.00327374
0.00327941
0.00242434
0.00161082
0.00117165
0.00114661
0.00114553
0.00102096
0.00105806
0.00134355
0.00218364
0.00346984
0.00306248
0.00330277
0.00347365
0.00347219
0.00347166
0.00347109
0.00347007
0.0034676
0.0034619
0.00345548
0.00345065
0.003447
0.00344307
0.00343875
0.00343415
0.00343168
0.00343086
0.00343006
0.0034283
0.00342596
0.00342288
0.00342063
0.00341903
0.00341835
0.00341785
0.00341661
0.00341442
0.0034121
0.00341032
0.00340865
0.00340721
0.00340564
0.00340369
0.0034021
0.0034015
0.00340073
0.00340137
0.00294104
0.0015241
0.000809185
0.000461133
0.000256519
0.000132309
0.000100148
7.85347e-05
6.0404e-05
6.91571e-05
7.5411e-05
8.05365e-05
0.000110659
0.000179814
0.000251159
0.000317494
0.000649534
0.000931508
0.00109439
0.00204634
0.0020406
0.00207945
0.00335789
0.00340762
0.00342331
0.00342212
0.00342279
0.00343596
0.00345989
0.00352015
0.00356092
0.00357628
0.0035755
0.00358411
0.00358907
0.00361543
0.00363423
0.00327227
0.00327221
0.00327163
0.00327163
0.00327099
0.00327102
0.00327035
0.00327039
0.0032697
0.00326976
0.00326906
0.0032691
0.00326842
0.00326842
0.0032678
0.00326773
0.00326719
0.00326704
0.00326664
0.00326642
0.0032662
0.00326606
0.00326621
0.0032664
0.00326736
0.00326861
0.00327157
0.0032755
0.00328168
0.00200891
0.00145544
0.00142986
0.00115289
0.00101565
0.00107198
0.00118714
0.00160451
0.00214504
0.0019069
0.00288411
0.00347098
0.00347606
0.00347984
0.00347703
0.00347454
0.00347042
0.00346863
0.00346729
0.00346461
0.00345952
0.00345272
0.0034468
0.00344341
0.00344233
0.00344121
0.0034386
0.00343507
0.00343215
0.0034302
0.00342888
0.0034287
0.00342786
0.00342622
0.00342381
0.00342226
0.00342086
0.00342009
0.00342006
0.00342051
0.00342169
0.00192358
0.00109168
0.000573831
0.00031741
0.000165437
0.00010688
9.36276e-05
6.45359e-05
6.31529e-05
7.52131e-05
8.00862e-05
0.000105807
0.000166923
0.000232223
0.00033794
0.00063404
0.000703923
0.000978945
0.00235225
0.00259054
0.00233064
0.00277232
0.00350404
0.00354153
0.00356109
0.00357666
0.00360199
0.00363559
0.00368697
0.00372912
0.00375
0.00375512
0.00374933
0.00374843
0.00376925
0.00378971
0.00380914
0.00382084
0.00383615
0.0038398
0.00327245
0.00327224
0.0032719
0.00327164
0.00327136
0.00327104
0.00327082
0.00327043
0.00327028
0.00326981
0.00326974
0.00326919
0.00326918
0.00326857
0.00326861
0.00326796
0.00326803
0.00326733
0.00326746
0.00326672
0.0032669
0.00326618
0.00326645
0.00326585
0.0032663
0.00326607
0.00326702
0.00326767
0.0032699
0.00327289
0.00327743
0.00262163
0.00196878
0.00168059
0.00125224
0.00102297
0.00111386
0.00143482
0.00137454
0.00123453
0.00181462
0.00292334
0.00302084
0.0034774
0.00347532
0.00347604
0.00347503
0.00347463
0.0034747
0.00347345
0.00347034
0.00346524
0.00346064
0.00345753
0.00345566
0.0034527
0.00344826
0.00344411
0.00344074
0.00343948
0.00343908
0.00343845
0.00343755
0.00343606
0.00343463
0.00343495
0.00268566
0.00142157
0.000689725
0.000367248
0.000223326
0.000124892
9.90197e-05
7.68102e-05
6.0205e-05
7.08778e-05
8.32909e-05
0.000100846
0.000152658
0.000236799
0.000317263
0.000605357
0.000668328
0.000924313
0.00218605
0.00255943
0.00237361
0.00283379
0.00369852
0.00370856
0.00371157
0.0037236
0.00374713
0.00377779
0.003809
0.00383346
0.00385216
0.00386488
0.00386793
0.00387025
0.0038732
0.00387699
0.0038793
0.00388362
0.00388869
0.00389372
0.00389497
0.00389422
0.00389099
0.0038881
0.00327265
0.00327226
0.00327213
0.00327172
0.0032716
0.00327119
0.00327106
0.00327066
0.00327051
0.00327013
0.00326996
0.00326961
0.00326939
0.00326909
0.00326882
0.00326858
0.00326822
0.00326807
0.00326763
0.00326756
0.00326702
0.00326707
0.00326644
0.00326662
0.00326593
0.00326632
0.00326571
0.00326643
0.00326614
0.00326756
0.00326823
0.00327112
0.00327435
0.00327972
0.00263297
0.00223671
0.00137164
0.00111699
0.00136153
0.00128813
0.00115123
0.00131884
0.00162084
0.00217928
0.00270294
0.00270785
0.00347533
0.00347632
0.00347792
0.00347886
0.00347846
0.00347612
0.00347247
0.0034705
0.0034702
0.00346922
0.00346598
0.00346029
0.00345485
0.00345193
0.00345093
0.00345133
0.00345251
0.00188928
0.000959072
0.000503768
0.000278363
0.00014683
0.000104419
8.52602e-05
6.30705e-05
6.65234e-05
8.211e-05
9.82121e-05
0.000144032
0.000234224
0.000306402
0.000508182
0.000774365
0.000828152
0.00158539
0.0024281
0.00243096
0.00328672
0.0038214
0.00382547
0.00383723
0.00386573
0.00389559
0.0039158
0.00392287
0.0039246
0.00391659
0.00391084
0.003908
0.00390637
0.00390688
0.00390752
0.00390678
0.00390505
0.00390067
0.00389786
0.00389474
0.00389453
0.00389245
0.00389115
0.00388791
0.00388532
0.00387985
0.00387636
0.00327265
0.00327244
0.00327213
0.00327196
0.00327162
0.00327148
0.0032711
0.003271
0.00327058
0.00327051
0.00327006
0.00327002
0.00326954
0.00326952
0.00326902
0.00326902
0.00326849
0.00326851
0.00326798
0.00326799
0.00326746
0.00326746
0.00326697
0.00326693
0.00326651
0.00326642
0.00326612
0.00326603
0.00326594
0.00326594
0.00326627
0.00326665
0.00326781
0.00326918
0.00327218
0.00327588
0.00328144
0.00238916
0.00173573
0.00160369
0.00121598
0.001157
0.00127928
0.00118227
0.00136381
0.00198254
0.00195877
0.00232882
0.0034745
0.00348051
0.00348064
0.00347926
0.00347703
0.00347693
0.00347888
0.00347981
0.00347957
0.00347718
0.00347433
0.00284466
0.00141816
0.000679955
0.000326729
0.000187558
0.000125707
8.39978e-05
7.18643e-05
7.09804e-05
7.54137e-05
9.90169e-05
0.000138353
0.000211637
0.000306026
0.000432544
0.000815505
0.000900791
0.00109986
0.00216161
0.00269747
0.00302831
0.00388836
0.00393191
0.00395188
0.00394941
0.00395021
0.00395403
0.00395397
0.00395092
0.00394711
0.00394124
0.00393338
0.00392379
0.00391417
0.00390789
0.00390589
0.00390518
0.00390497
0.00390486
0.00390387
0.0039
0.00389046
0.00388074
0.00387105
0.00386314
0.00385438
0.00384731
0.0038379
0.00382991
0.00381502
0.00381169
0.00327267
0.00327252
0.00327219
0.00327204
0.00327172
0.00327156
0.00327126
0.00327108
0.00327079
0.00327061
0.00327033
0.00327013
0.00326987
0.00326964
0.00326942
0.00326915
0.00326896
0.00326865
0.00326852
0.00326814
0.00326807
0.00326763
0.00326762
0.00326712
0.00326716
0.00326661
0.00326672
0.00326616
0.00326632
0.0032658
0.00326607
0.00326571
0.0032662
0.00326623
0.0032672
0.00326814
0.00327029
0.00327335
0.00327751
0.00324434
0.00217279
0.00182601
0.00155573
0.00118469
0.00112015
0.00135187
0.00137658
0.00135865
0.00151899
0.00260478
0.00315011
0.00347267
0.00347858
0.00348544
0.00348894
0.00262022
0.00156137
0.000815492
0.000436154
0.000244954
0.000139129
0.000102287
7.64689e-05
7.21891e-05
7.50386e-05
9.29778e-05
0.000137921
0.000197074
0.000285167
0.000391946
0.000740937
0.00106238
0.00116699
0.00179184
0.00221345
0.0028283
0.00399528
0.00397547
0.00394406
0.00393042
0.00392939
0.00395094
0.0039616
0.00396404
0.00395822
0.00394715
0.00392382
0.00390639
0.0038967
0.00388969
0.00388074
0.0038726
0.00386508
0.00385409
0.00384128
0.00382937
0.00381933
0.00381296
0.00380782
0.00379908
0.0037855
0.003771
0.00375511
0.00374226
0.00372906
0.00372006
0.0037082
0.00370073
0.0036853
0.00368502
0.00327271
0.00327251
0.00327225
0.00327204
0.00327178
0.00327157
0.00327133
0.0032711
0.00327088
0.00327064
0.00327043
0.00327018
0.00326999
0.00326972
0.00326955
0.00326927
0.0032691
0.00326882
0.00326865
0.00326838
0.0032682
0.00326794
0.00326774
0.00326751
0.00326728
0.0032671
0.00326679
0.00326671
0.00326632
0.00326634
0.00326589
0.00326604
0.0032656
0.00326593
0.0032656
0.00326628
0.00326632
0.00326767
0.00326862
0.00327136
0.00327448
0.00327923
0.00287729
0.0024056
0.00173132
0.00128209
0.0012708
0.00136285
0.00115228
0.00118674
0.00123829
0.00113918
0.00103967
0.000863897
0.000529549
0.000283103
0.000164219
0.00011129
8.07906e-05
7.33562e-05
7.93045e-05
8.80859e-05
0.000120425
0.000176268
0.000249886
0.00040742
0.000614615
0.000859908
0.0015852
0.00201212
0.00199996
0.00276253
0.00384764
0.00385311
0.00385253
0.00386101
0.00387339
0.00387865
0.00387509
0.00387191
0.00386134
0.00385101
0.00383672
0.00382083
0.00380138
0.00377367
0.00375278
0.00373979
0.00373241
0.00372887
0.0037237
0.00371767
0.00370611
0.00369343
0.0036817
0.00367309
0.00366357
0.00365701
0.00365047
0.00364564
0.00363667
0.00362718
0.00361318
0.00360263
0.00358944
0.00358162
0.0035715
0.00356645
0.00355495
0.00355348
0.00327269
0.00327245
0.00327223
0.00327198
0.00327177
0.00327151
0.00327131
0.00327105
0.00327086
0.0032706
0.00327041
0.00327015
0.00326995
0.0032697
0.00326951
0.00326926
0.00326905
0.00326883
0.0032686
0.00326841
0.00326814
0.00326798
0.00326768
0.00326756
0.00326723
0.00326713
0.00326679
0.0032667
0.00326636
0.00326628
0.00326595
0.00326587
0.00326558
0.00326553
0.00326531
0.00326533
0.00326531
0.00326548
0.00326584
0.00326646
0.0032676
0.0032693
0.00327219
0.003276
0.00328189
0.00253511
0.00171955
0.00130084
0.00103244
0.00073905
0.000530855
0.000304778
0.00017384
0.000129353
8.58514e-05
7.02709e-05
7.94843e-05
8.17642e-05
0.000102275
0.000146973
0.000225512
0.00031614
0.000506728
0.000846275
0.00143112
0.00198263
0.00192215
0.00297165
0.00376945
0.0037781
0.00376279
0.00375141
0.00375192
0.00375964
0.00376573
0.00376966
0.00377035
0.003763
0.00374949
0.00372167
0.00369041
0.00367043
0.00365768
0.00365099
0.0036475
0.00364323
0.00363595
0.00363156
0.00362554
0.00362041
0.00361383
0.00360685
0.00359811
0.00359198
0.00358286
0.00357483
0.00356415
0.00355705
0.00354815
0.00354139
0.00353358
0.00352902
0.00352103
0.00351532
0.00350629
0.00350108
0.00349293
0.00348845
0.00347937
0.00347826
0.00327266
0.00327236
0.00327216
0.00327188
0.00327168
0.00327141
0.0032712
0.00327095
0.00327074
0.00327051
0.00327028
0.00327007
0.00326981
0.00326964
0.00326936
0.00326921
0.0032689
0.00326878
0.00326846
0.00326836
0.00326801
0.00326792
0.00326757
0.0032675
0.00326714
0.00326706
0.0032667
0.00326663
0.00326628
0.0032662
0.00326585
0.00326578
0.00326544
0.00326537
0.00326506
0.00326502
0.00326477
0.00326481
0.00326472
0.0032649
0.00326493
0.00326556
0.00326627
0.00326837
0.00315788
0.00169519
0.000865544
0.000460688
0.000246488
0.000143454
0.000105006
6.81771e-05
6.95086e-05
7.55718e-05
8.59774e-05
0.000120826
0.000185207
0.000253671
0.000411065
0.000704472
0.000919344
0.00157616
0.00281993
0.00236491
0.00321076
0.00368321
0.00367093
0.00366111
0.00365473
0.00366988
0.00368208
0.00368447
0.00368221
0.00367166
0.00365694
0.00364474
0.00363297
0.0036207
0.00360797
0.00360264
0.00359782
0.00359368
0.00358447
0.00357369
0.00355944
0.00354945
0.00353976
0.00353407
0.00352584
0.00352052
0.00351353
0.00350869
0.00350092
0.00349611
0.00348838
0.00348315
0.00347392
0.00346828
0.00346167
0.00345851
0.00345165
0.00344754
0.0034393
0.00343274
0.0034213
0.00341345
0.0034005
0.00339336
0.00338028
0.00337907
0.00327254
0.00327233
0.003272
0.00327183
0.00327147
0.00327134
0.00327096
0.00327085
0.00327046
0.00327038
0.00326998
0.00326992
0.00326951
0.00326946
0.00326906
0.00326901
0.00326862
0.00326856
0.00326819
0.00326812
0.00326777
0.00326768
0.00326735
0.00326725
0.00326694
0.00326681
0.00326653
0.00326638
0.00326612
0.00326594
0.00326572
0.0032655
0.00326533
0.00326507
0.00326496
0.00326466
0.00326468
0.00326438
0.00326474
0.00326483
0.00326642
0.00317229
0.00149189
0.000740864
0.000387533
0.000181453
0.000117521
8.52599e-05
6.41856e-05
7.22324e-05
8.20946e-05
0.000100613
0.000146913
0.000223197
0.000340036
0.000583503
0.00068378
0.00114017
0.00237929
0.00218376
0.00274587
0.00351711
0.0035117
0.0035278
0.00357575
0.00361714
0.00360848
0.00358964
0.00357198
0.00356104
0.00356166
0.00356174
0.00355987
0.00355832
0.00355533
0.00355004
0.00353901
0.00352183
0.00350724
0.00349651
0.00349031
0.00348905
0.00348625
0.00348066
0.00347466
0.00346719
0.00345415
0.00344394
0.00343361
0.00342557
0.00341469
0.00340576
0.00339861
0.00339435
0.00338632
0.00337836
0.00336574
0.00335543
0.00334413
0.00333826
0.00332894
0.00332178
0.00331173
0.00330577
0.00329573
0.00328991
0.00327853
0.0032722
0.00325845
0.00325785
0.00327243
0.00327221
0.00327188
0.00327167
0.00327135
0.00327113
0.00327083
0.0032706
0.00327032
0.00327007
0.00326982
0.00326956
0.00326934
0.00326905
0.00326886
0.00326856
0.0032684
0.00326808
0.00326795
0.00326761
0.0032675
0.00326716
0.00326706
0.00326672
0.00326662
0.00326629
0.00326619
0.00326588
0.00326576
0.00326549
0.00326533
0.00326511
0.00326493
0.00326483
0.00326468
0.00326493
0.00326511
0.00326675
0.00236482
0.00109328
0.000527597
0.000259326
0.000147572
9.58578e-05
7.04664e-05
6.83198e-05
7.71206e-05
8.63995e-05
0.000114694
0.000178819
0.000264362
0.000429523
0.000614149
0.000792233
0.0015573
0.00252141
0.00337365
0.0033753
0.00338883
0.00343364
0.00346314
0.00346705
0.00346173
0.00344761
0.00344174
0.00344335
0.00344553
0.00343854
0.00342778
0.00342079
0.00341581
0.00340489
0.00338833
0.00338122
0.00337841
0.00337831
0.00338032
0.00338093
0.00337974
0.00337603
0.00336828
0.00336133
0.00335133
0.00334172
0.00332742
0.00331435
0.00330268
0.00329473
0.0032842
0.00327436
0.00326164
0.00325231
0.00324457
0.00324039
0.00323537
0.00323287
0.00322758
0.00322175
0.00321086
0.00320201
0.00318932
0.00317723
0.00316407
0.00315484
0.00314468
0.00313824
0.00313045
0.00312568
0.00311698
0.00311978
0.00327228
0.00327208
0.00327168
0.00327149
0.0032711
0.00327092
0.00327054
0.00327037
0.00326999
0.00326983
0.00326946
0.00326931
0.00326894
0.00326879
0.00326842
0.00326829
0.00326792
0.0032678
0.00326742
0.00326732
0.00326693
0.00326685
0.00326645
0.0032664
0.00326598
0.00326595
0.00326552
0.00326551
0.00326509
0.00326511
0.00326474
0.00326487
0.0032648
0.00326551
0.00326706
0.00185638
0.000847043
0.000396126
0.00019934
0.000107138
8.09974e-05
7.16316e-05
6.67964e-05
8.01248e-05
0.000105653
0.000152341
0.00023179
0.000331884
0.000654775
0.000768166
0.000928919
0.00259121
0.00322046
0.00326968
0.00328476
0.00326206
0.00326118
0.00326606
0.00326087
0.00326061
0.00326117
0.00325474
0.00323317
0.00321799
0.00321118
0.00321261
0.00321888
0.00322388
0.00322574
0.00321812
0.00320755
0.00320231
0.0032022
0.00320523
0.00321058
0.00321834
0.00322615
0.00323314
0.00323748
0.00323527
0.00322267
0.00320964
0.00319639
0.00318081
0.00316549
0.00315329
0.00314529
0.0031404
0.00313601
0.00312842
0.0031168
0.00310824
0.00309979
0.00309643
0.00309126
0.00308677
0.00307884
0.00307165
0.00306108
0.00305311
0.00304344
0.003036
0.0030262
0.0030206
0.00301425
0.00301118
0.00300616
0.00300326
0.00299476
0.00299579
0.00327213
0.00327186
0.0032715
0.0032712
0.00327088
0.00327057
0.00327028
0.00326995
0.00326971
0.00326936
0.00326915
0.00326879
0.00326861
0.00326824
0.00326808
0.00326772
0.00326756
0.00326721
0.00326706
0.00326671
0.00326657
0.00326621
0.0032661
0.00326573
0.00326564
0.00326526
0.00326519
0.00326486
0.00326489
0.00326479
0.00326558
0.00326733
0.00154611
0.000638638
0.000294159
0.000153611
8.97528e-05
8.10278e-05
6.84585e-05
7.21447e-05
9.74828e-05
0.00012682
0.000172481
0.000265692
0.00046537
0.000635437
0.00086282
0.00165875
0.00256466
0.00315383
0.00312982
0.00310996
0.00310634
0.00311195
0.00311435
0.00310887
0.00309443
0.00308877
0.0030875
0.00308371
0.00308203
0.00308147
0.00307757
0.00306598
0.0030558
0.00305128
0.00304849
0.00304782
0.00305068
0.00305372
0.00305299
0.00304475
0.00303902
0.00303706
0.00303822
0.00304125
0.00304325
0.00303997
0.00303344
0.00302848
0.00302415
0.00301862
0.00301198
0.00300656
0.0030005
0.00299279
0.00298385
0.00297666
0.0029695
0.00296368
0.00295683
0.00295297
0.00294976
0.00295064
0.00295031
0.00295068
0.00294671
0.00294351
0.00293681
0.00293224
0.00292494
0.00291903
0.00290971
0.00290275
0.00289454
0.0028898
0.00288363
0.00288174
0.00287608
0.00288054
0.00327204
0.00327158
0.00327133
0.00327089
0.00327063
0.00327022
0.00326996
0.00326958
0.00326931
0.00326899
0.00326867
0.00326841
0.00326806
0.00326785
0.00326748
0.00326731
0.00326691
0.0032668
0.00326637
0.00326629
0.00326586
0.0032658
0.00326538
0.00326532
0.00326497
0.00326493
0.00326484
0.00326547
0.00326717
0.00148689
0.000571045
0.000250508
0.000114543
8.13664e-05
7.38212e-05
6.28067e-05
7.51974e-05
9.88698e-05
0.000139739
0.000209063
0.000347664
0.000507823
0.000952391
0.00123132
0.00140912
0.00301629
0.00299713
0.00298787
0.0029853
0.00300565
0.00300855
0.00300702
0.0030067
0.00300498
0.0029958
0.00298058
0.00296253
0.00294889
0.00293705
0.00292085
0.00290489
0.00288996
0.00287838
0.00287148
0.00286863
0.00286727
0.00286529
0.00286009
0.00285213
0.00284554
0.00284162
0.00284181
0.00284544
0.00285031
0.00285611
0.00286299
0.0028692
0.00287391
0.00287212
0.00286151
0.00285536
0.00285468
0.00285473
0.00285339
0.00285339
0.00285475
0.0028577
0.00286129
0.00286245
0.00286003
0.0028527
0.00284727
0.00283893
0.00283485
0.00282841
0.00282523
0.00281811
0.00281355
0.00280531
0.0028008
0.00279383
0.00279017
0.00278316
0.00277973
0.00277365
0.00277147
0.00276609
0.00276431
0.00275754
0.00276162
0.00327187
0.00327148
0.00327109
0.00327075
0.00327032
0.00327007
0.00326958
0.00326941
0.00326889
0.00326875
0.00326823
0.00326813
0.0032676
0.00326752
0.00326701
0.00326693
0.00326645
0.00326636
0.00326591
0.0032658
0.00326541
0.0032653
0.00326494
0.00326507
0.00326503
0.00326656
0.00170913
0.000598874
0.000217606
0.000115075
7.56216e-05
6.21266e-05
6.76313e-05
8.27363e-05
0.00011115
0.000164608
0.000282036
0.000411973
0.000692801
0.00125642
0.0012036
0.00225149
0.00290598
0.00289812
0.00290099
0.00289601
0.00288483
0.00287264
0.00285514
0.00283694
0.00282306
0.00281028
0.00280304
0.00279827
0.00279593
0.00279381
0.00279228
0.00279199
0.00279347
0.002794
0.00278875
0.00277898
0.00276926
0.00275912
0.00275002
0.00274409
0.00274072
0.00273727
0.0027319
0.00272683
0.00272508
0.00272424
0.0027228
0.00271901
0.00271407
0.00270927
0.00270447
0.00270043
0.00269853
0.00269741
0.00269758
0.00270001
0.00270521
0.00271023
0.00271354
0.00271494
0.00271619
0.00271811
0.00271551
0.00270962
0.00270528
0.00270461
0.00270396
0.00270265
0.00269983
0.0026996
0.00269904
0.00269953
0.00269793
0.00269832
0.00269669
0.00269555
0.00269161
0.00268919
0.00268467
0.00268235
0.00267808
0.00267595
0.00267027
0.00267456
0.0032717
0.00327145
0.00327089
0.00327069
0.00327012
0.00326995
0.00326938
0.00326921
0.00326868
0.00326849
0.00326804
0.00326779
0.00326742
0.00326711
0.00326683
0.00326647
0.00326626
0.00326587
0.0032657
0.00326533
0.00326526
0.00326504
0.0032658
0.00266507
0.000848474
0.000282077
0.00012492
7.59578e-05
5.48268e-05
6.2151e-05
7.60142e-05
0.000100251
0.000154106
0.000263078
0.000386616
0.000929251
0.00139769
0.0021652
0.00278575
0.00277475
0.00278268
0.0028054
0.00282339
0.0028285
0.00282011
0.0028042
0.00278389
0.00276992
0.00276265
0.00275711
0.00275157
0.00274245
0.00272598
0.00271268
0.00270283
0.00269529
0.00268926
0.00268374
0.00267687
0.00266745
0.00265636
0.00264645
0.00263938
0.00263357
0.00262607
0.00261761
0.00260887
0.00259972
0.00259077
0.00258341
0.00258033
0.00258319
0.00258769
0.00259011
0.00258925
0.00258574
0.00258124
0.00257731
0.00257496
0.00257444
0.00257556
0.00257829
0.00258259
0.00258762
0.00259371
0.002601
0.0026054
0.00260765
0.00260926
0.00261022
0.00260845
0.0026042
0.00260056
0.0025991
0.00259615
0.00259426
0.00259266
0.00259322
0.00259274
0.00259245
0.00259052
0.00259063
0.00258866
0.0025877
0.00258445
0.00258264
0.00257897
0.00257667
0.00256797
0.00257185
0.00327163
0.0032714
0.00327085
0.00327059
0.0032701
0.0032698
0.00326938
0.00326902
0.00326868
0.00326825
0.00326802
0.00326751
0.00326736
0.00326682
0.00326671
0.00326616
0.00326613
0.00326551
0.00326569
0.00326514
0.00326655
0.00171298
0.000508102
0.000166955
8.1475e-05
5.04836e-05
5.62739e-05
6.20061e-05
8.83755e-05
0.000155721
0.000273761
0.000478134
0.000733336
0.00106483
0.00229762
0.00267649
0.00270206
0.00273729
0.00275079
0.00277028
0.00275748
0.00273414
0.00271337
0.00268568
0.0026623
0.00264877
0.00264093
0.00263644
0.00263711
0.00263753
0.00263499
0.0026254
0.00261037
0.00259556
0.00258427
0.00257723
0.0025732
0.00257226
0.00257725
0.00258059
0.00257925
0.00257587
0.00257108
0.00256533
0.0025582
0.00254885
0.0025369
0.0025263
0.00251701
0.00250836
0.00250023
0.00249212
0.00248364
0.00247642
0.00247272
0.00246933
0.00246596
0.00246261
0.00246055
0.00246047
0.00246259
0.00246528
0.00246818
0.00247163
0.00247528
0.00247808
0.00247942
0.00247817
0.00247608
0.00247537
0.00247689
0.00247908
0.00247831
0.00247744
0.00247889
0.0024828
0.0024865
0.00249121
0.00249481
0.0024963
0.00249515
0.00249496
0.00249409
0.00249426
0.00249239
0.0024906
0.00248555
0.00248333
0.0024755
0.00248241
0.00327164
0.00327129
0.00327087
0.00327046
0.00327012
0.00326964
0.00326938
0.00326886
0.00326866
0.00326811
0.00326797
0.0032674
0.0032673
0.00326669
0.00326669
0.00326599
0.00326615
0.00326561
0.00326698
0.00138373
0.000359311
0.000114374
6.5192e-05
4.92031e-05
5.57989e-05
8.39258e-05
0.000130428
0.000203242
0.000464619
0.000645248
0.00132789
0.00262897
0.00262272
0.00262084
0.00260845
0.00258472
0.00257314
0.00257525
0.00258439
0.00258192
0.00257433
0.00257249
0.0025714
0.00257116
0.00256683
0.00255773
0.00255294
0.0025562
0.00256126
0.00256478
0.00256513
0.00256136
0.00255131
0.0025369
0.00251925
0.00250488
0.00249459
0.00249394
0.00249448
0.00249236
0.00248818
0.00248348
0.00247875
0.00247365
0.00246427
0.00244736
0.00242897
0.00241307
0.00240053
0.00239103
0.00238438
0.00237898
0.00237439
0.00237327
0.0023795
0.00238599
0.00239058
0.00239263
0.00239223
0.00239016
0.00238776
0.00238669
0.002387
0.0023872
0.00238615
0.00238558
0.00238527
0.00238425
0.00238187
0.00237821
0.00237563
0.00237534
0.00237724
0.00238034
0.00238439
0.00238846
0.00239123
0.00239342
0.00239488
0.00239698
0.00239692
0.00239672
0.00239444
0.00239065
0.00238536
0.00238163
0.00237536
0.00237233
0.00236343
0.00237185
0.00327169
0.00327121
0.0032709
0.00327038
0.00327013
0.00326958
0.00326937
0.00326882
0.00326863
0.00326804
0.00326795
0.00326727
0.00326727
0.00326654
0.00326663
0.003266
0.00326734
0.00138658
0.000315975
9.9415e-05
5.36238e-05
4.10543e-05
5.79695e-05
7.89685e-05
0.000123288
0.000304101
0.000517814
0.00189409
0.00254425
0.0018802
0.00255766
0.00258228
0.00258003
0.00258772
0.00260041
0.0025923
0.00257237
0.00255841
0.0025337
0.00250624
0.00248532
0.0024697
0.00246373
0.00247068
0.00247488
0.00247201
0.0024648
0.0024577
0.00245274
0.00244611
0.0024382
0.0024325
0.00242646
0.00241615
0.0024059
0.00240344
0.00241333
0.00242178
0.00242579
0.0024259
0.00242336
0.00241943
0.00241425
0.00240565
0.00238665
0.00236738
0.00235025
0.00233592
0.00232392
0.00231425
0.00230568
0.00229846
0.00229521
0.00230155
0.00230918
0.00231431
0.00231658
0.00231656
0.00231491
0.00231261
0.00230992
0.00230767
0.00230494
0.00229952
0.00229335
0.00228814
0.00228359
0.00227925
0.00227481
0.00227085
0.00226847
0.00226738
0.00226945
0.00227504
0.00227966
0.00228275
0.00228579
0.00228931
0.00229214
0.00229467
0.00229544
0.00229596
0.00229256
0.00228864
0.00228352
0.00227979
0.00227301
0.00227052
0.00226293
0.00227289
0.00327172
0.00327119
0.00327091
0.00327035
0.00327014
0.00326954
0.00326937
0.00326874
0.00326864
0.00326795
0.00326794
0.00326719
0.0032673
0.00326661
0.00326748
0.00174852
0.000350658
9.92751e-05
4.72523e-05
4.47491e-05
6.18126e-05
9.35516e-05
0.000177055
0.000362934
0.000633312
0.000795266
0.00143649
0.00211245
0.00249318
0.00246575
0.00246216
0.00246543
0.00247029
0.00247677
0.00247496
0.00245895
0.00243454
0.00241377
0.00239182
0.00237299
0.00236514
0.00237625
0.00239568
0.0024117
0.00242115
0.00242216
0.00241631
0.0024091
0.00240272
0.00239067
0.00237953
0.002372
0.00236414
0.00235476
0.00234748
0.00235144
0.00235644
0.00235585
0.00235084
0.00234386
0.00233687
0.0023313
0.00232154
0.00230139
0.00228005
0.0022623
0.00224706
0.00223481
0.00222464
0.00221643
0.00220969
0.00220679
0.00221318
0.00222495
0.0022339
0.00224053
0.00224405
0.00224537
0.00224423
0.00224191
0.00223825
0.00223374
0.00222626
0.00221657
0.00220723
0.00219875
0.00219093
0.00218449
0.00217849
0.0021727
0.00216796
0.00216489
0.00216406
0.00216562
0.00216914
0.00217196
0.0021738
0.00217531
0.00217711
0.00217927
0.00218031
0.00218014
0.00217658
0.00217336
0.00216814
0.00216513
0.00215845
0.0021567
0.00214908
0.00216042
0.00327174
0.00327115
0.00327094
0.00327031
0.00327016
0.0032695
0.00326938
0.00326871
0.00326865
0.00326791
0.00326799
0.00326724
0.00326758
0.00283141
0.000522468
0.000108113
6.0124e-05
4.0579e-05
5.15963e-05
7.85294e-05
0.000162356
0.000553342
0.00080063
0.00240317
0.00113865
0.00184424
0.00232603
0.00235992
0.00240302
0.00243811
0.00245806
0.00245794
0.00245153
0.00243621
0.00240009
0.00237683
0.00236412
0.00235601
0.00234254
0.00232347
0.00232346
0.00233931
0.00235055
0.00235581
0.00235474
0.00235047
0.00234511
0.00233708
0.00232398
0.00231048
0.00229837
0.00228863
0.00228034
0.00227404
0.0022696
0.00227155
0.0022721
0.00227016
0.00226555
0.0022597
0.00225368
0.00224784
0.00223611
0.00221809
0.00220205
0.00218868
0.00217707
0.00216758
0.00215937
0.00215121
0.0021447
0.00214164
0.00214643
0.00215212
0.00215473
0.002155
0.0021528
0.00214997
0.00214603
0.00214274
0.00213657
0.00212614
0.00211147
0.00209797
0.00208467
0.00207298
0.00206238
0.00205378
0.00204675
0.00204123
0.00203712
0.00203435
0.00203398
0.00203733
0.00204161
0.00204491
0.00204818
0.00205034
0.00205197
0.00205308
0.00205425
0.00205418
0.00205215
0.00204892
0.0020433
0.00204068
0.00203337
0.00203143
0.00202386
0.00203991
0.00327177
0.00327112
0.00327096
0.0032703
0.00327015
0.0032695
0.00326936
0.00326873
0.00326857
0.00326807
0.00326776
0.00326836
0.00119903
0.000173513
5.41025e-05
3.41357e-05
4.07886e-05
6.93213e-05
0.000159972
0.0003181
0.000482921
0.00100571
0.00143358
0.00243112
0.00243204
0.00243383
0.00241773
0.00240816
0.00240071
0.00239639
0.00238604
0.00236865
0.00234279
0.00231546
0.00229713
0.00228512
0.0022784
0.00227102
0.00226031
0.00225363
0.00226083
0.00228279
0.00229789
0.00230411
0.00230413
0.00229997
0.00229331
0.00228223
0.00226192
0.00223881
0.00221992
0.00220567
0.00219455
0.0021848
0.00217431
0.00216437
0.00215855
0.00215607
0.00215265
0.00214807
0.00214256
0.00213685
0.00212859
0.00211594
0.00210388
0.00209371
0.002084
0.00207573
0.00206868
0.00206121
0.00205529
0.00205168
0.00205283
0.00205347
0.0020521
0.00204899
0.0020444
0.00203986
0.00203413
0.00202742
0.00201468
0.00199974
0.00198402
0.00196962
0.00195547
0.00194328
0.00193262
0.00192419
0.00191736
0.00191205
0.00190801
0.00190562
0.00190671
0.00191097
0.00191493
0.00191735
0.00191904
0.00192081
0.00192212
0.00192236
0.00192145
0.00191964
0.00191488
0.00191059
0.0019044
0.00190139
0.00189355
0.00189076
0.00188152
0.00189931
0.00327178
0.00327112
0.00327095
0.00327031
0.00327013
0.00326953
0.00326931
0.00326879
0.00326852
0.00326828
0.00326944
0.000531985
8.96777e-05
3.66372e-05
4.42181e-05
6.62574e-05
0.000112428
0.000335576
0.00101807
0.00119634
0.00140254
0.00226231
0.00225742
0.00227229
0.00227962
0.00228013
0.00229207
0.00230088
0.00230846
0.0023099
0.00230661
0.00229977
0.00228195
0.00225238
0.00223033
0.00221432
0.0022027
0.00219637
0.00219106
0.00218468
0.00219003
0.00220768
0.00221798
0.0022196
0.00221625
0.00221007
0.00220186
0.00218382
0.0021485
0.00211485
0.00208832
0.00206762
0.00205282
0.00204159
0.00203208
0.00202427
0.00202119
0.0020264
0.00203153
0.00203448
0.00203526
0.00203353
0.00202989
0.00202499
0.00201984
0.00201376
0.0020059
0.00199796
0.00199031
0.00198193
0.00197412
0.00196603
0.00195822
0.00195002
0.00194216
0.00193438
0.00192673
0.00191673
0.00190331
0.00188858
0.00187323
0.0018589
0.00184433
0.00183108
0.00181813
0.00180701
0.00179734
0.00179027
0.00178441
0.00178007
0.00177652
0.00177553
0.00177814
0.00178151
0.00178415
0.00178549
0.00178531
0.00178491
0.00178446
0.00178324
0.0017794
0.0017763
0.00176977
0.00176474
0.00175614
0.00175231
0.00174377
0.00174018
0.00172822
0.0017515
0.00327178
0.00327113
0.00327095
0.00327032
0.00327013
0.00326952
0.00326934
0.00326873
0.00326886
0.00267234
0.000319578
4.54948e-05
3.59554e-05
3.66812e-05
8.2005e-05
0.000273601
0.00124415
0.00228719
0.00233317
0.0023714
0.00238007
0.0023317
0.0022779
0.0022189
0.00219979
0.0021972
0.00218669
0.00220866
0.00223186
0.00223219
0.00222392
0.00220727
0.00216897
0.00212452
0.00209399
0.00207421
0.00205985
0.0020494
0.00204451
0.00204574
0.00206361
0.00208161
0.00209194
0.00209409
0.00209175
0.00208651
0.00207777
0.00205755
0.00202395
0.00199222
0.00196642
0.00194624
0.00193236
0.00192163
0.00191373
0.00190704
0.00190443
0.00191137
0.00192219
0.00193009
0.00193544
0.00193734
0.00193642
0.00193273
0.00192798
0.00192223
0.00191609
0.00190908
0.00190151
0.00189154
0.0018796
0.00186663
0.00185379
0.00184047
0.00182679
0.00181143
0.00179524
0.00177823
0.00176174
0.00174582
0.00173106
0.00171727
0.00170423
0.00169225
0.00168104
0.00167092
0.00166257
0.00165629
0.00165101
0.00164716
0.00164378
0.00164273
0.00164221
0.00164108
0.00163947
0.00163766
0.00163399
0.00163012
0.00162375
0.00161871
0.00161022
0.00160331
0.00159409
0.00158826
0.00157874
0.00157289
0.0015637
0.00156013
0.00154656
0.00157094
0.00327177
0.00327113
0.00327093
0.00327034
0.00327009
0.00326959
0.00326924
0.00326926
0.0018864
0.00019478
3.7554e-05
3.45619e-05
5.95299e-05
0.000132061
0.000220381
0.000467575
0.0011688
0.00227624
0.00231515
0.00230205
0.00224054
0.00213075
0.00205891
0.00202821
0.00201486
0.00200744
0.00200945
0.0020453
0.00209011
0.00210925
0.00211269
0.00210773
0.0020986
0.00207191
0.00203526
0.00200891
0.00199199
0.00197971
0.00197245
0.00197552
0.00199144
0.00199824
0.00199803
0.0019925
0.00198625
0.00197459
0.00195055
0.00191679
0.00188741
0.00186209
0.00184256
0.00182784
0.00181805
0.00180957
0.00180392
0.00179859
0.00179639
0.00180106
0.00181056
0.00181842
0.00182461
0.00182797
0.00182921
0.00182755
0.00182425
0.00181857
0.00181228
0.00180464
0.00179683
0.00178653
0.00177223
0.00175034
0.00172677
0.00170301
0.00167947
0.00165724
0.00163625
0.00161709
0.00159966
0.00158428
0.00157
0.0015572
0.00154526
0.00153455
0.00152428
0.00151498
0.00150666
0.00150007
0.00149401
0.0014892
0.00148408
0.00148014
0.00147528
0.00147173
0.0014652
0.00146015
0.00145107
0.00144507
0.00143391
0.0014275
0.0014159
0.00141022
0.00139963
0.00139427
0.00138492
0.001379
0.00136846
0.00136256
0.00134722
0.00138379
0.00327177
0.00327115
0.00327091
0.00327036
0.00327009
0.00326956
0.00326968
0.00194787
0.000149206
3.18501e-05
3.10408e-05
5.56848e-05
0.000145538
0.000664664
0.000950702
0.00199563
0.00210222
0.00213955
0.00214287
0.00213699
0.00209038
0.00202397
0.00198106
0.00194978
0.001932
0.00192046
0.00191978
0.00194888
0.00199653
0.00201861
0.00202329
0.00201875
0.00201327
0.00199486
0.00195719
0.00192798
0.00190784
0.00189427
0.00188601
0.00188518
0.0018904
0.00189108
0.001889
0.00188187
0.00186815
0.00184226
0.00181691
0.00179506
0.00177704
0.00176092
0.0017484
0.00173885
0.00173224
0.00172531
0.00171881
0.00171111
0.00170412
0.00169722
0.00169141
0.00168824
0.00168881
0.00168785
0.00168643
0.00168288
0.00167768
0.00167042
0.00166279
0.00165388
0.00164425
0.0016309
0.00160971
0.00157997
0.00154866
0.00152044
0.00149293
0.00147014
0.00144836
0.00143081
0.00141397
0.00140078
0.00138768
0.00137725
0.00136617
0.00135717
0.001347
0.00133881
0.00133017
0.00132392
0.00131614
0.00131081
0.0013031
0.00129857
0.00128861
0.00128328
0.00127063
0.00126327
0.00124718
0.00123887
0.00122207
0.00121457
0.00119901
0.00119209
0.00117724
0.00117028
0.00115574
0.00114905
0.00113364
0.00112546
0.00110337
0.0011524
0.00327175
0.00327118
0.00327088
0.00327042
0.00327001
0.00326998
0.00206276
0.000157512
2.85683e-05
3.12283e-05
7.45614e-05
0.000168397
0.000419901
0.00112094
0.00213895
0.00212116
0.00210347
0.00207772
0.00205251
0.00201517
0.001957
0.00190816
0.001873
0.00185335
0.00184094
0.00183326
0.00183286
0.00185284
0.00187693
0.00188969
0.00189308
0.00188916
0.00188624
0.00187757
0.00185648
0.00183592
0.00181843
0.00180392
0.00179421
0.00178672
0.00178171
0.0017755
0.0017625
0.0017376
0.001713
0.00169054
0.00167136
0.00165556
0.00164232
0.00163001
0.00162083
0.00161355
0.00160786
0.0016009
0.00159172
0.0015778
0.00156451
0.00155195
0.00154129
0.00153188
0.00152443
0.00151685
0.00151078
0.00150477
0.00149764
0.00148883
0.00148004
0.00146928
0.00145599
0.00143663
0.00140569
0.00137672
0.0013453
0.00132044
0.00129436
0.00127617
0.00125691
0.0012441
0.00122923
0.00122017
0.00120783
0.00119987
0.00118812
0.0011803
0.00116806
0.00115958
0.00114617
0.00113831
0.00112293
0.00111431
0.00109702
0.00108763
0.00106848
0.00105831
0.00103775
0.00102728
0.00100661
0.000996845
0.000978164
0.000969767
0.000953179
0.00094549
0.000930223
0.000922642
0.000907341
0.000899494
0.000883347
0.000874786
0.000854833
0.000897841
0.00327173
0.00327121
0.00327088
0.0032704
0.00327022
0.00327198
0.000169032
2.66135e-05
2.99431e-05
8.42339e-05
0.000465458
0.000539909
0.00177467
0.00182126
0.00190848
0.00196987
0.00198132
0.00196941
0.00194003
0.00187529
0.00182838
0.00181293
0.00181368
0.00181175
0.00180816
0.0018045
0.00180929
0.00181416
0.00181425
0.00180733
0.00179978
0.00179066
0.00177802
0.0017547
0.00173293
0.00171214
0.00169606
0.00168045
0.00166847
0.00165744
0.00164497
0.00162123
0.00159018
0.00156181
0.00153876
0.00151916
0.00150259
0.00148901
0.00147732
0.00146723
0.00145853
0.00145008
0.0014419
0.00143036
0.00141401
0.00139659
0.0013803
0.00136511
0.00135183
0.00134031
0.00133008
0.00132088
0.00131184
0.00130313
0.00129412
0.00128419
0.00127322
0.00126095
0.0012418
0.00122329
0.00119478
0.00117527
0.00114813
0.00113155
0.00110814
0.00109575
0.00107603
0.00106637
0.00104868
0.00104001
0.00102301
0.00101444
0.000997426
0.000988228
0.000969661
0.000958974
0.000937824
0.000926085
0.000903629
0.000891451
0.000868224
0.000856043
0.000833491
0.000822564
0.00080292
0.000793925
0.000778661
0.000771969
0.000760788
0.000755594
0.000747003
0.000743081
0.000736799
0.000733735
0.000729218
0.000726821
0.00072361
0.000722085
0.000723044
0.000720965
0.00327173
0.00327118
0.00327095
0.00327026
0.00327147
0.000293663
2.80526e-05
2.7565e-05
6.16962e-05
0.000234206
0.00101675
0.00174343
0.00173399
0.00182225
0.00188041
0.00188297
0.00186024
0.00177897
0.00170968
0.0016856
0.00167924
0.00168264
0.00171837
0.0017469
0.00175948
0.00175743
0.00174566
0.00173047
0.00171899
0.00170696
0.00169352
0.00166975
0.00164236
0.00161466
0.00159036
0.00156903
0.00155243
0.0015383
0.00152445
0.00150726
0.00148271
0.00144851
0.00141371
0.00138137
0.00135486
0.00133328
0.00131515
0.00130073
0.00128806
0.00127713
0.00126416
0.00125039
0.00123333
0.00121554
0.00119609
0.00117897
0.00116307
0.00114995
0.00113845
0.00113001
0.00112201
0.00111616
0.00110933
0.00110338
0.00109469
0.0010858
0.00107181
0.00105944
0.0010361
0.00102059
0.000993216
0.000977477
0.000949096
0.000935027
0.000911305
0.000899907
0.000879556
0.000869156
0.00085041
0.000840573
0.000822604
0.000812632
0.000793729
0.000782588
0.000761986
0.000750355
0.000730466
0.000720073
0.000703955
0.000694974
0.000682736
0.000674267
0.000669476
0.000663682
0.000665651
0.000663422
0.000669579
0.000670744
0.000679646
0.000682654
0.000693702
0.000699053
0.000713076
0.000720275
0.00073822
0.000747944
0.000770969
0.000783446
0.000821928
0.000754026
0.00327173
0.00327118
0.00327093
0.00327094
0.000623747
3.85589e-05
2.36202e-05
7.77893e-05
0.000245287
0.000685891
0.00142515
0.00176373
0.00174481
0.00177324
0.00179306
0.00179149
0.00177654
0.00170393
0.00161697
0.00157605
0.00156189
0.00155481
0.00156559
0.00158391
0.0015865
0.00157746
0.00156321
0.00154454
0.00152819
0.00150998
0.00148798
0.00145981
0.0014308
0.00140214
0.00137626
0.00135527
0.00133997
0.00132563
0.00130919
0.00128662
0.00126052
0.00123326
0.00120615
0.00118074
0.00115942
0.00114161
0.00112674
0.00111465
0.00110178
0.00108845
0.00107192
0.00105794
0.00104127
0.00102669
0.00101088
0.000997374
0.000983671
0.000972847
0.000961638
0.000954048
0.000943612
0.000937242
0.000925564
0.000917639
0.000902458
0.000891739
0.000871447
0.000856609
0.000830259
0.000813139
0.000788322
0.000767494
0.000746971
0.000727941
0.000713852
0.00069767
0.000688842
0.000674407
0.000669335
0.000656889
0.000654582
0.000643174
0.000641223
0.000629434
0.000632064
0.000620878
0.000630819
0.000622975
0.00064036
0.000635553
0.000661222
0.000660444
0.000693983
0.000697148
0.000735017
0.000741334
0.000780404
0.000789026
0.000828592
0.000839225
0.000880617
0.0008948
0.000940009
0.000958538
0.00100954
0.00103337
0.0010903
0.00111915
0.00119879
0.00108413
0.00327175
0.00327114
0.0032711
0.00235708
6.97969e-05
2.11678e-05
4.13186e-05
0.00020877
0.000585185
0.00182309
0.0017306
0.00168606
0.00166608
0.00165207
0.00166443
0.00165493
0.00163316
0.00155818
0.00146624
0.00141427
0.00138461
0.00136682
0.00135498
0.00134504
0.00133099
0.00130971
0.00129099
0.00127428
0.00126188
0.0012476
0.00123253
0.00121199
0.00118971
0.0011669
0.00114891
0.00113293
0.00112037
0.00110647
0.00109145
0.00107338
0.00105404
0.00103506
0.00101751
0.00100185
0.000989606
0.000978627
0.000969638
0.00096059
0.000950125
0.000939299
0.000925154
0.000914605
0.000899021
0.000884031
0.000866641
0.000848364
0.000830447
0.000813429
0.000800861
0.000785337
0.000775235
0.000759741
0.00074818
0.000729652
0.000715654
0.000693648
0.000679223
0.000654762
0.000643606
0.000622005
0.000615374
0.000594527
0.000596445
0.000580099
0.000589977
0.000578254
0.000593788
0.000585324
0.000605199
0.000599982
0.000624085
0.000621228
0.000650866
0.000651573
0.000690338
0.000695508
0.00074238
0.000754034
0.000805353
0.000826489
0.000882075
0.000910175
0.000968012
0.000998341
0.00105558
0.00108476
0.00114054
0.00116741
0.00122204
0.00124882
0.00130617
0.00133345
0.00139674
0.00142688
0.0014961
0.00152782
0.00159891
0.00163141
0.00171955
0.00158
0.00327182
0.00327097
0.00327209
0.000233396
2.05771e-05
3.16835e-05
0.000112069
0.000367096
0.00175197
0.00165284
0.0015765
0.00152512
0.00148016
0.00142571
0.00136979
0.00131171
0.00125685
0.00121585
0.00119201
0.00117891
0.00117067
0.00115938
0.00114754
0.00112858
0.00110141
0.00107537
0.00105482
0.0010382
0.00102691
0.00101672
0.00100929
0.0010007
0.00099204
0.00098222
0.000973864
0.000964695
0.000956656
0.00094856
0.000940843
0.000932022
0.000919313
0.000906288
0.000893067
0.000880058
0.00086916
0.000857654
0.000848685
0.000836911
0.000823834
0.000808749
0.000793003
0.000777104
0.000758346
0.000734122
0.000712357
0.000682689
0.000664411
0.000638498
0.000628643
0.000607631
0.00060277
0.00058372
0.000581415
0.000562323
0.000564412
0.000546755
0.000554904
0.000541366
0.000556656
0.000549116
0.000569848
0.000574501
0.000599594
0.000612183
0.0006416
0.000659286
0.000692981
0.000714727
0.000751839
0.000776846
0.00081885
0.000849239
0.000901579
0.000938995
0.000999236
0.00104237
0.00110585
0.00115072
0.00121566
0.00126332
0.00132827
0.00137554
0.00143743
0.0014795
0.00153561
0.00157138
0.00162291
0.00165366
0.00170242
0.00173156
0.00178174
0.00180969
0.00186177
0.00187884
0.0019288
0.00194528
0.00199728
0.00201436
0.00210262
0.00182769
0.00327177
0.0032714
0.00130892
3.84211e-05
2.0383e-05
9.8656e-05
0.0013091
0.0012292
0.00123259
0.00110999
0.00105495
0.00104342
0.00104769
0.00104967
0.00104085
0.00102931
0.00101381
0.00100049
0.000992327
0.000986564
0.000985882
0.000983886
0.000978492
0.000970168
0.000961217
0.000951578
0.000940973
0.000931037
0.000922793
0.000915203
0.00090988
0.000904415
0.000899274
0.000891939
0.00088361
0.000874561
0.000866767
0.000857444
0.00084855
0.000837641
0.000821139
0.000800803
0.000781702
0.000760732
0.000746583
0.000728899
0.000716058
0.000693522
0.000674822
0.000646827
0.000628718
0.000599746
0.000583499
0.000554703
0.000541777
0.000521831
0.000516775
0.000506944
0.000507728
0.000505142
0.000510715
0.000513273
0.000526223
0.000536214
0.000558556
0.0005776
0.000608939
0.000636886
0.000674733
0.00070791
0.000753762
0.000795584
0.000845557
0.000891238
0.000942314
0.000988561
0.00104051
0.00108687
0.00113984
0.00118725
0.00124307
0.00129362
0.00135499
0.00140727
0.00147056
0.00152118
0.00158131
0.00162702
0.00168324
0.00172593
0.00177818
0.00181683
0.00185825
0.00187434
0.00190059
0.00191332
0.00193884
0.00195033
0.00197605
0.0019891
0.00201878
0.00203305
0.0020687
0.00208491
0.00212748
0.00214302
0.00218599
0.00219834
0.00225774
0.00202565
0.00327158
0.00327267
0.000155571
1.66024e-05
5.10138e-05
0.000371179
0.00055041
0.000922982
0.000956192
0.000950161
0.000944083
0.000953025
0.000968045
0.000974849
0.000968754
0.000958367
0.000948192
0.000940105
0.000934814
0.000931081
0.00092809
0.000922739
0.000915993
0.000908249
0.000899259
0.000889579
0.000879537
0.000868944
0.000859805
0.000851959
0.000846337
0.00083943
0.000828189
0.000814277
0.00079876
0.000782161
0.000767629
0.000750672
0.000732506
0.000707576
0.000678211
0.00064334
0.000618467
0.000589605
0.000571394
0.000551056
0.000535294
0.000515279
0.000501969
0.000484732
0.000476254
0.000465497
0.000466583
0.000468085
0.000480931
0.00049577
0.000518647
0.000540334
0.000566005
0.000592337
0.000623642
0.000657625
0.000699393
0.000745209
0.000799448
0.000855404
0.000917302
0.000977413
0.00104032
0.00109961
0.00116316
0.00122173
0.00128188
0.00133631
0.0013903
0.00143907
0.00148879
0.00153348
0.00158119
0.00162474
0.00167267
0.00171491
0.00175586
0.00179101
0.00183154
0.00186316
0.00189886
0.00192445
0.00195606
0.00197774
0.00200494
0.00202142
0.00204272
0.00205469
0.00207413
0.00208399
0.00210351
0.00211293
0.00213265
0.00214337
0.00216641
0.00217799
0.00220532
0.00221742
0.00224868
0.00225889
0.00229015
0.00229706
0.002323
0.00216271
0.00327188
0.00151699
3.44263e-05
2.02725e-05
0.000119622
0.000501906
0.00120957
0.00110889
0.00104759
0.00100583
0.000983725
0.000969393
0.000962555
0.000955333
0.000943788
0.000927468
0.00091326
0.00090396
0.000898401
0.000891648
0.000882274
0.000872713
0.000861826
0.000851794
0.000838615
0.000821078
0.000805478
0.000787584
0.000770617
0.000757707
0.000747146
0.000730849
0.000705808
0.000679679
0.000653552
0.000625816
0.000600523
0.000572319
0.000545284
0.000511102
0.000486245
0.00046065
0.000446999
0.000435388
0.000430227
0.000426318
0.000425691
0.00042997
0.000440721
0.000455366
0.000478793
0.000507371
0.000546145
0.00059084
0.000643382
0.000697634
0.00075506
0.000809384
0.000864192
0.000918197
0.000974706
0.00103259
0.00109479
0.00115848
0.00122529
0.0012903
0.00135518
0.00141454
0.00147213
0.0015241
0.00157634
0.00162307
0.00166543
0.00169332
0.00172026
0.00174555
0.00177195
0.00179577
0.0018229
0.00185015
0.00188098
0.00191047
0.00194361
0.00197234
0.00200351
0.00202732
0.0020527
0.00207061
0.00209206
0.00210638
0.00212378
0.00213335
0.00214586
0.0021523
0.00216409
0.00216966
0.00218213
0.00218762
0.0022005
0.00220699
0.00222203
0.00222837
0.0022464
0.00225295
0.00227365
0.00227761
0.00229763
0.00229903
0.00229489
0.00230721
0.00327271
0.000236858
1.445e-05
6.34518e-05
0.000369583
0.000857974
0.000884965
0.000874301
0.000871626
0.00087652
0.000876786
0.00086967
0.000855975
0.000846041
0.000835464
0.000827725
0.000820349
0.000813318
0.000810257
0.000804087
0.000794367
0.000783739
0.000769755
0.00075885
0.000741607
0.000712766
0.000684577
0.000653353
0.000627494
0.000604725
0.000583212
0.000551529
0.000520041
0.000486161
0.000459745
0.000436454
0.000418365
0.000400351
0.000387377
0.000378282
0.000381044
0.000391134
0.000410323
0.000432809
0.000458703
0.000486059
0.000517519
0.00055632
0.000603003
0.000657565
0.000721258
0.000790445
0.000865661
0.000942288
0.00101893
0.00109101
0.00115963
0.001221
0.00127865
0.00133246
0.0013849
0.00143603
0.00148833
0.00154011
0.00159244
0.00163553
0.0016737
0.00170697
0.00173811
0.00176435
0.00179069
0.00181359
0.00183693
0.00185731
0.00187744
0.00189678
0.0019164
0.00193435
0.00195517
0.00197584
0.00199849
0.00201959
0.00204234
0.00206105
0.00208044
0.00209398
0.00210787
0.00211669
0.00212786
0.00213442
0.00214288
0.0021462
0.00215138
0.00215286
0.00215793
0.00215919
0.00216518
0.00216665
0.00217327
0.00217549
0.0021834
0.00218493
0.00219477
0.00219595
0.00220736
0.00220614
0.00221756
0.00221548
0.00219085
0.00241081
0.00327526
4.25466e-05
1.69942e-05
0.000165657
0.00101397
0.000958507
0.000924365
0.000889398
0.000872286
0.000868296
0.000859309
0.000841712
0.000820471
0.0007995
0.000784228
0.000770733
0.000758538
0.000742992
0.000730624
0.00071376
0.000690717
0.000669377
0.00064656
0.00062761
0.000596168
0.000551839
0.000505093
0.000466465
0.00043947
0.000413799
0.000389067
0.000367116
0.000353392
0.000344162
0.00034225
0.000345436
0.000354732
0.000369974
0.000395295
0.000431486
0.000479891
0.000535486
0.000595784
0.00065659
0.000717119
0.000776538
0.000837282
0.00090195
0.000970145
0.00104128
0.00111489
0.00118734
0.00125893
0.00132666
0.00138984
0.00144661
0.00149856
0.00154337
0.00157972
0.00160949
0.0016391
0.0016679
0.00169778
0.00172759
0.0017582
0.00178667
0.00181388
0.00183631
0.00185672
0.0018728
0.0018886
0.0019017
0.00191514
0.00192625
0.00193786
0.00194921
0.00196058
0.001971
0.00198403
0.00199658
0.00201018
0.00202202
0.00203283
0.00203761
0.00204346
0.00204607
0.00205024
0.00205169
0.00205519
0.00205625
0.0020585
0.00205833
0.00205914
0.00205779
0.00205771
0.00205605
0.00205601
0.00205434
0.00205474
0.00205302
0.00205377
0.00205208
0.00205344
0.00205213
0.00205489
0.00205377
0.00205803
0.00205777
0.00203428
0.00225222
0.000647492
1.61703e-05
5.71358e-05
0.00025618
0.000674873
0.00073134
0.000767144
0.000619446
0.000784964
0.000784404
0.000775913
0.000757274
0.000734233
0.000707087
0.000688777
0.000669358
0.00064484
0.000611633
0.000583254
0.000545398
0.000509907
0.000476064
0.00045205
0.000415822
0.000373839
0.000350402
0.000323417
0.00030843
0.000302326
0.000296315
0.000296829
0.000309718
0.000336354
0.000368892
0.00040837
0.000452948
0.00050538
0.000566507
0.000636893
0.000714447
0.000796526
0.000877088
0.000954138
0.00102444
0.00108911
0.00114843
0.0012048
0.00126068
0.00131546
0.00136944
0.00142287
0.00147331
0.00152124
0.00156491
0.00159794
0.00162676
0.00165336
0.0016766
0.00169917
0.00171926
0.00173915
0.00175769
0.00177654
0.00179476
0.00181321
0.00182786
0.00184055
0.00184938
0.00185776
0.00186299
0.001868
0.00187134
0.00187491
0.00187645
0.00187969
0.00188148
0.00188427
0.00188633
0.00188967
0.0018911
0.00189325
0.00189323
0.00189459
0.00189385
0.00189401
0.00189207
0.0018915
0.00188925
0.00188861
0.00188637
0.00188486
0.00188183
0.00187926
0.0018754
0.00187218
0.00186828
0.00186523
0.00186153
0.00185894
0.0018553
0.001853
0.00184956
0.00184767
0.00184488
0.00184434
0.00184213
0.00184335
0.00184205
0.0018489
0.00203898
0.000155373
1.51401e-05
0.000109708
0.000300396
0.000954142
0.000804521
0.000440043
0.000400373
0.000495511
0.000572724
0.000639445
0.000640693
0.000605087
0.00056021
0.000531006
0.000495532
0.000453343
0.000411241
0.000371666
0.000333661
0.000305501
0.000287135
0.000272485
0.000253973
0.000246318
0.000251307
0.000269428
0.000295566
0.000326342
0.000361358
0.000407775
0.000467447
0.000538117
0.000611946
0.000687774
0.000763204
0.000840069
0.000916839
0.000992643
0.00106737
0.00113868
0.00120404
0.00126239
0.00131328
0.00135853
0.00139823
0.00143397
0.00146758
0.0014978
0.00152604
0.00155255
0.00157655
0.00159881
0.00161877
0.0016365
0.00165117
0.00166384
0.00167328
0.00168182
0.00168838
0.00169566
0.00170232
0.00170965
0.00171613
0.00172255
0.00172729
0.00173126
0.00173234
0.00173334
0.00173202
0.0017306
0.00172837
0.00172643
0.00172316
0.00172202
0.00171954
0.00171818
0.00171644
0.00171563
0.00171313
0.00171114
0.00170741
0.00170487
0.00170091
0.00169771
0.00169321
0.00168994
0.00168564
0.00168265
0.00167856
0.00167494
0.00167036
0.00166599
0.00166079
0.00165593
0.00165083
0.00164618
0.00164137
0.00163717
0.00163251
0.00162854
0.00162424
0.00162059
0.00161717
0.00161476
0.00161217
0.00161155
0.00160976
0.00161674
0.00180076
3.84096e-05
1.88575e-05
9.54795e-05
0.000399956
0.000840869
0.000732845
0.000646235
0.000590904
0.000534398
0.000491632
0.000439698
0.000400809
0.000369792
0.000333165
0.000305167
0.000277305
0.000247569
0.000225175
0.000207458
0.000201954
0.000203137
0.000211085
0.000222032
0.00024425
0.000285952
0.000344166
0.000413319
0.000485087
0.000558075
0.000632128
0.000710646
0.000788635
0.000867164
0.000941275
0.0010096
0.00107298
0.0011328
0.001189
0.00124185
0.0012904
0.00133359
0.00137005
0.00140006
0.0014244
0.00144514
0.00146243
0.00147738
0.00149047
0.00150135
0.00151058
0.00151909
0.0015269
0.00153442
0.00154121
0.00154704
0.00155128
0.00155455
0.00155587
0.0015569
0.00155663
0.00155723
0.00155756
0.00155861
0.00155906
0.0015595
0.00155881
0.00155759
0.00155424
0.00155092
0.00154594
0.00154088
0.00153558
0.00153052
0.00152465
0.00152108
0.00151612
0.00151252
0.00150862
0.0015053
0.00150055
0.00149622
0.00149064
0.00148613
0.00148066
0.00147577
0.00147016
0.00146559
0.00146041
0.00145635
0.00145149
0.001447
0.00144187
0.00143683
0.00143123
0.0014258
0.00142031
0.00141507
0.00140987
0.00140507
0.00140007
0.00139543
0.00139089
0.00138655
0.00138304
0.00137978
0.00137722
0.00137558
0.00137369
0.0013778
0.00153421
1.86366e-05
4.63545e-05
0.000178095
0.000510398
0.000527903
0.000469862
0.000401988
0.000350261
0.000306545
0.000273573
0.000237543
0.000213167
0.000192886
0.000180003
0.000168467
0.000161647
0.000160997
0.00017104
0.000192911
0.000226719
0.000266143
0.000314237
0.000371685
0.000443848
0.000528072
0.000618455
0.000707451
0.000788337
0.000861881
0.000929066
0.00099177
0.00105109
0.0011052
0.00115203
0.00119157
0.00122525
0.00125464
0.00128045
0.00130373
0.00132416
0.00134162
0.0013552
0.00136548
0.00137333
0.00137976
0.00138462
0.00138807
0.00138997
0.00139011
0.00138889
0.00138737
0.00138594
0.00138497
0.00138415
0.00138316
0.00138147
0.00137939
0.0013762
0.00137295
0.0013689
0.00136572
0.00136253
0.00136004
0.00135718
0.00135436
0.0013508
0.00134682
0.00134133
0.00133584
0.00132923
0.00132254
0.00131591
0.00130951
0.00130264
0.00129803
0.00129195
0.00128746
0.00128265
0.00127811
0.00127241
0.00126706
0.00126095
0.00125579
0.00125
0.00124461
0.00123888
0.00123403
0.00122884
0.00122464
0.00121982
0.00121529
0.00121034
0.00120537
0.00119998
0.00119468
0.00118935
0.00118422
0.00117913
0.00117438
0.00116949
0.00116488
0.00116048
0.00115619
0.00115286
0.00114943
0.00114709
0.00114497
0.00114321
0.00114514
0.00125154
1.22796e-05
0.000109997
0.00045507
0.000545506
0.000369632
0.000278685
0.000225455
0.000191142
0.000166704
0.000148761
0.000137242
0.000132005
0.000135328
0.000147897
0.000161154
0.000186376
0.000225014
0.000282017
0.000349452
0.000421631
0.000497426
0.000574345
0.000650364
0.00072848
0.000805533
0.000878398
0.000943121
0.000997221
0.00104117
0.00107734
0.00110794
0.00113418
0.00115585
0.00117222
0.0011842
0.0011933
0.00120124
0.00120842
0.0012152
0.00122088
0.00122497
0.00122693
0.00122721
0.00122631
0.00122489
0.00122289
0.00122005
0.00121596
0.00121046
0.00120397
0.00119743
0.00119139
0.00118615
0.00118149
0.00117709
0.00117251
0.00116786
0.00116264
0.00115742
0.00115177
0.0011469
0.0011422
0.00113811
0.00113387
0.00112969
0.00112502
0.00112001
0.00111394
0.0011078
0.00110095
0.00109404
0.00108732
0.00108081
0.00107408
0.00106939
0.00106325
0.00105874
0.001054
0.00104907
0.00104344
0.00103808
0.00103238
0.00102741
0.00102206
0.00101699
0.00101183
0.0010074
0.0010028
0.000999007
0.000994725
0.000990649
0.000986261
0.000981778
0.00097693
0.000972148
0.000967312
0.000962656
0.000958002
0.000953673
0.000949198
0.000945015
0.000941018
0.000937198
0.000934154
0.000930976
0.000928826
0.00092663
0.00092507
0.000925647
0.000988537
1.80174e-05
7.3742e-05
0.000375627
0.000207442
0.000158878
0.000134038
0.000121669
0.000115334
0.000115334
0.000122806
0.000143183
0.000165867
0.000199749
0.000242992
0.000297016
0.000362516
0.000436112
0.00051686
0.000593887
0.000666692
0.000734042
0.000796402
0.000853369
0.000903647
0.000946021
0.000978633
0.00100138
0.0010158
0.0010251
0.00103234
0.00103901
0.00104491
0.00104914
0.00105038
0.00104975
0.00104755
0.00104519
0.00104342
0.00104209
0.00104052
0.00103814
0.0010345
0.00103006
0.00102515
0.00102014
0.00101502
0.00100946
0.00100293
0.000995347
0.000987089
0.000978967
0.000971486
0.000964876
0.000958969
0.000953486
0.000948077
0.000942761
0.000937197
0.000931632
0.000925866
0.000920772
0.000915949
0.000911639
0.000907306
0.000903022
0.000898417
0.000893509
0.000887878
0.000882117
0.000875925
0.000869713
0.000863716
0.000857929
0.000852102
0.000847894
0.000842464
0.00083851
0.000834393
0.000829735
0.000824791
0.000820133
0.000815481
0.000811305
0.000806808
0.000802551
0.000798324
0.00079466
0.0007909
0.000787759
0.000784184
0.000780735
0.000777023
0.000773193
0.000769028
0.000764922
0.000760747
0.000756728
0.000752698
0.000748957
0.000745084
0.000741507
0.000738061
0.000734847
0.000732131
0.000729454
0.000727346
0.000725391
0.000723961
0.000723731
0.000756724
2.46393e-05
0.000133137
0.000127584
0.000112589
0.000106646
0.000107541
0.000114979
0.000136901
0.00017033
0.000212042
0.000259564
0.00031064
0.000367333
0.000432965
0.000506452
0.000577021
0.000641889
0.000700841
0.000752579
0.000793281
0.000823555
0.000846385
0.000863517
0.000874868
0.000881264
0.000883037
0.000881497
0.000877379
0.000872442
0.000868249
0.000865267
0.000862504
0.00085918
0.000854425
0.000848496
0.000842039
0.000835941
0.000830855
0.000826547
0.000822366
0.000817773
0.000812337
0.000806539
0.000800669
0.000794845
0.00078913
0.000783247
0.000776679
0.000769358
0.000761611
0.000754062
0.000747131
0.000740981
0.000735469
0.000730367
0.000725419
0.000720605
0.000715736
0.000710848
0.000705917
0.000701526
0.000697447
0.000693744
0.000690081
0.000686437
0.000682561
0.000678426
0.000673828
0.000669051
0.000664036
0.000659042
0.000654225
0.00064961
0.000645094
0.000641619
0.000637411
0.000634326
0.000630959
0.000627156
0.000623261
0.000619739
0.000616379
0.000613028
0.00060955
0.000606306
0.000603181
0.00060023
0.000597472
0.000594827
0.000592055
0.000589157
0.000586105
0.00058291
0.000579551
0.00057621
0.000572787
0.00056948
0.000566209
0.000563099
0.000559959
0.000556997
0.000554124
0.000551476
0.000549067
0.000546919
0.000544714
0.000543448
0.000541007
0.000541418
0.000557839
1.77388e-05
0.000110326
0.000125829
0.000125991
0.000131996
0.000151591
0.000190292
0.000252844
0.000310863
0.000363794
0.000415052
0.000464571
0.000516189
0.000573861
0.000630271
0.000658633
0.000674184
0.000682033
0.000684527
0.000683122
0.000681207
0.000679917
0.000678509
0.000675187
0.00067003
0.00066289
0.000654797
0.000645803
0.000636946
0.000628865
0.000621718
0.000615294
0.000609063
0.000602654
0.000595881
0.000588968
0.000582226
0.000576051
0.000570412
0.000565041
0.000559704
0.000553958
0.000548194
0.000542728
0.000537442
0.000532482
0.000527813
0.000522835
0.000517393
0.000511598
0.000505771
0.000500253
0.000495267
0.00049078
0.000486651
0.000482717
0.000478903
0.000475106
0.000471174
0.000467177
0.000463467
0.000460037
0.000456838
0.00045374
0.00045066
0.000447479
0.000444164
0.000440717
0.000437146
0.000433551
0.000430049
0.000426666
0.000423467
0.000420477
0.000417781
0.000415172
0.000412607
0.000410152
0.000407366
0.000404627
0.00040243
0.000400594
0.00039927
0.000397892
0.000396279
0.000394732
0.000393203
0.000391715
0.000390321
0.000388789
0.000387199
0.000385445
0.000383614
0.000381702
0.000379784
0.000377765
0.00037589
0.000374094
0.000372377
0.000370555
0.000368798
0.000367299
0.000365887
0.000364616
0.000363448
0.000362045
0.000361346
0.000359572
0.000361721
0.00038647
4.44479e-05
0.000182859
0.000187263
0.000179767
0.000195671
0.000229692
0.000282892
0.000308056
0.000327198
0.00034143
0.000354383
0.000365054
0.000375125
0.000382631
0.000389555
0.000393841
0.000395028
0.000393544
0.000390433
0.00038619
0.000382393
0.000379586
0.00037702
0.000373724
0.000369872
0.000365302
0.000360311
0.000355174
0.000350354
0.000346018
0.000342334
0.000339159
0.00033621
0.000333192
0.000329968
0.000326652
0.000323503
0.00032074
0.000318342
0.00031608
0.000313707
0.000311114
0.000308515
0.000306028
0.000303682
0.00030153
0.000299398
0.000297047
0.000294423
0.000291638
0.000288901
0.000286387
0.000284158
0.000282168
0.000280327
0.000278548
0.000276806
0.000275055
0.000273261
0.000271489
0.000269912
0.000268479
0.000267186
0.000265959
0.000264711
0.00026337
0.000261912
0.000260311
0.000258617
0.000256883
0.000255186
0.000253539
0.000251995
0.000250595
0.00024931
0.000248152
0.000247323
0.00024679
0.000246146
0.000245489
0.000245
0.000244865
0.000244588
0.000243781
0.000243328
0.000242686
0.000242148
0.000241454
0.000240946
0.000240155
0.000239629
0.000238701
0.000238196
0.000237308
0.000236485
0.000235696
0.000234897
0.000234173
0.000233653
0.000232493
0.000232106
0.000231341
0.000230905
0.000230681
0.000229474
0.000227916
0.000227686
0.000225564
0.00022628
0.000229828
0.000139344
0.000136534
0.000113622
9.38418e-05
7.81273e-05
6.63792e-05
5.90835e-05
5.4795e-05
5.23119e-05
5.09272e-05
5.03452e-05
5.01381e-05
5.0103e-05
5.00336e-05
5.01106e-05
5.01535e-05
5.00582e-05
4.9776e-05
4.9396e-05
4.8981e-05
4.86537e-05
4.84295e-05
4.82023e-05
4.79053e-05
4.75387e-05
4.71047e-05
4.66412e-05
4.61915e-05
4.57843e-05
4.5425e-05
4.50965e-05
4.47833e-05
4.44781e-05
4.41677e-05
4.38454e-05
4.35222e-05
4.32185e-05
4.29448e-05
4.26991e-05
4.2464e-05
4.22229e-05
4.19706e-05
4.17139e-05
4.14529e-05
4.11926e-05
4.09387e-05
4.06822e-05
4.04113e-05
4.01234e-05
3.98279e-05
3.95412e-05
3.92773e-05
3.90391e-05
3.88227e-05
3.86208e-05
3.84274e-05
3.82386e-05
3.80501e-05
3.786e-05
3.76696e-05
3.74829e-05
3.73042e-05
3.71345e-05
3.69711e-05
3.68115e-05
3.66507e-05
3.64842e-05
3.63088e-05
3.61245e-05
3.5934e-05
3.5741e-05
3.55497e-05
3.53654e-05
3.51918e-05
3.50311e-05
3.48727e-05
3.4958e-05
3.54632e-05
3.69843e-05
3.74845e-05
3.64816e-05
3.73297e-05
3.77468e-05
3.64284e-05
3.71077e-05
3.9495e-05
3.91746e-05
3.82479e-05
3.83876e-05
3.75715e-05
3.8117e-05
3.75817e-05
4.05501e-05
3.83752e-05
4.17782e-05
4.0308e-05
3.96932e-05
3.96634e-05
4.18042e-05
3.91717e-05
4.12664e-05
4.01642e-05
4.04128e-05
4.27272e-05
4.13946e-05
4.0331e-05
4.43881e-05
4.07574e-05
4.41031e-05
3.54875e-05
3.88407e-07
3.7795e-07
3.21195e-07
2.02365e-07
1.78007e-07
2.09151e-07
3.5192e-07
5.72503e-07
7.06967e-07
4.03238e-07
2.2507e-06
6.29142e-06
1.35757e-05
2.59524e-05
4.21982e-05
7.59369e-05
7.17372e-05
8.01795e-05
8.36697e-05
7.50296e-05
6.90641e-05
6.72154e-05
6.32945e-05
6.37661e-05
6.2698e-05
6.081e-05
5.95184e-05
5.94696e-05
5.97881e-05
5.90464e-05
5.88939e-05
5.90757e-05
5.94139e-05
5.94558e-05
5.93483e-05
5.94187e-05
5.96356e-05
5.99257e-05
6.00891e-05
6.00082e-05
6.00391e-05
6.0133e-05
6.02845e-05
6.03773e-05
6.03483e-05
6.02527e-05
6.02043e-05
6.0195e-05
6.02064e-05
6.01769e-05
6.0089e-05
5.99962e-05
5.99517e-05
5.99486e-05
5.99719e-05
5.99291e-05
5.98675e-05
5.97337e-05
5.95456e-05
5.9368e-05
5.93041e-05
5.92399e-05
5.91815e-05
5.90945e-05
5.89128e-05
5.85487e-05
5.79881e-05
5.72183e-05
5.63287e-05
5.54466e-05
5.45931e-05
5.37839e-05
5.29754e-05
5.21167e-05
5.11191e-05
4.99502e-05
4.85597e-05
4.7038e-05
4.54082e-05
4.30439e-05
2.2699e-05
2.19488e-05
1.83187e-05
1.29794e-05
1.4248e-05
1.79373e-05
2.71913e-05
3.93721e-05
4.6072e-05
2.38099e-05
7.61154e-05
0.000135398
0.000208389
0.000303627
0.000395664
0.000507946
0.000557504
0.000614278
0.000667733
0.000714835
0.000736117
0.000773932
0.00076622
0.000793472
0.000799246
0.000778764
0.000750722
0.000736403
0.000730603
0.000701473
0.000677375
0.000661374
0.000650945
0.00063627
0.000616274
0.000601797
0.000592804
0.000589023
0.000583298
0.00057332
0.000565197
0.000560254
0.000557665
0.00055628
0.000552361
0.000546914
0.000542459
0.00053988
0.000537716
0.000534466
0.000530257
0.00052557
0.000522312
0.000520377
0.000519837
0.000518304
0.00051685
0.000513548
0.000509178
0.000504661
0.000502118
0.00050134
0.000501083
0.00050023
0.000497934
0.000492723
0.000482915
0.000469022
0.000453038
0.00043857
0.000426186
0.00041631
0.000407513
0.000398139
0.000386378
0.000372007
0.00035401
0.000334958
0.00031522
0.000290402
6.93655e-05
6.85621e-05
6.40986e-05
6.08421e-05
7.29641e-05
0.000105243
0.000147387
0.000193082
0.000215443
0.000142448
0.000291146
0.00043123
0.000590235
0.000777702
0.000948078
0.00112846
0.00125397
0.0013775
0.00149128
0.00158199
0.00161748
0.00169189
0.00167319
0.00172401
0.00173237
0.0016881
0.00162515
0.00158529
0.00156394
0.00149309
0.00143139
0.00138614
0.00135149
0.0013082
0.00125408
0.00121086
0.00117896
0.00115762
0.00113404
0.00110281
0.00107558
0.00105133
0.00102667
0.00100799
0.00098889
0.000966986
0.000948003
0.000932322
0.000920675
0.000910317
0.000898978
0.000887479
0.000878276
0.000871623
0.000867723
0.000862541
0.000858335
0.00085091
0.000842068
0.000832595
0.000826129
0.000822733
0.000820688
0.000818111
0.000813587
0.00080477
0.000788295
0.000764772
0.000737035
0.000710667
0.000688096
0.000669351
0.000653094
0.000636508
0.000616931
0.000593357
0.000562978
0.000531973
0.000496972
0.000457205
0.000125626
0.000123771
0.000114181
0.000100935
0.000118779
0.000190233
0.000283468
0.000381677
0.00043625
0.000327498
0.000562508
0.000777095
0.00101297
0.00127434
0.00150924
0.00175075
0.00194671
0.00213164
0.00230504
0.00244026
0.00250714
0.0026246
0.00261376
0.0026985
0.00271992
0.00266541
0.00258264
0.00252997
0.0025007
0.00239526
0.00230204
0.0022324
0.00217685
0.00210579
0.00201665
0.00194408
0.00188787
0.00184673
0.00180145
0.00174453
0.00169402
0.00165419
0.00162415
0.00159884
0.00156694
0.00153195
0.00150165
0.00147658
0.00145866
0.00144037
0.00142121
0.00140134
0.00138703
0.0013767
0.00137031
0.00136173
0.00134959
0.00133448
0.00131798
0.0013018
0.00129342
0.00128873
0.00128431
0.00127729
0.00126779
0.00124972
0.00121874
0.00117675
0.00113107
0.00108994
0.00105612
0.0010282
0.00100126
0.000973334
0.000938762
0.000898132
0.000846326
0.000794942
0.000740417
0.000677157
0.000201564
0.000198608
0.000182152
0.000144145
0.000153898
0.000217525
0.000371115
0.000534107
0.000645509
0.000532398
0.000835244
0.00111212
0.00140714
0.00171799
0.00199986
0.00228673
0.00253924
0.0027766
0.00301139
0.00318568
0.0033034
0.00347194
0.00348843
0.00361786
0.00366117
0.00361071
0.00352547
0.00347674
0.00345153
0.00332559
0.00321336
0.00313028
0.00306303
0.00297218
0.00285559
0.00275968
0.00268477
0.00262812
0.00256372
0.00248285
0.00241031
0.00235164
0.00230586
0.00226526
0.00221581
0.00216159
0.00211419
0.00207399
0.00204348
0.00201268
0.00198076
0.00194834
0.00192387
0.0019048
0.00189122
0.0018748
0.00185389
0.00182926
0.00180296
0.00177783
0.0017632
0.00175371
0.00174433
0.00173407
0.00171742
0.00168919
0.00164521
0.00158627
0.00152251
0.00146458
0.00141573
0.00137517
0.0013351
0.00129504
0.0012446
0.00118799
0.00111555
0.00104497
0.000968389
0.000881236
0.000292512
0.000291483
0.000270952
0.000207149
0.000192245
0.000243338
0.000378813
0.000632822
0.000812412
0.000732923
0.00108259
0.0014073
0.00173961
0.00207437
0.00238409
0.00269643
0.0029909
0.00327498
0.00356338
0.00377429
0.00395996
0.00417592
0.00423535
0.00441599
0.00448756
0.00445384
0.00438094
0.00434967
0.00433908
0.00420921
0.00409214
0.00400708
0.00393783
0.00383789
0.00370532
0.0035954
0.00350998
0.00344515
0.00336842
0.0032697
0.00318065
0.00310799
0.00305034
0.00299806
0.00293347
0.00286213
0.00279922
0.00274502
0.00270255
0.00265985
0.00261494
0.00256984
0.00253484
0.00250669
0.00248521
0.00246005
0.00242965
0.00239401
0.0023566
0.00232117
0.00229909
0.00228406
0.00226873
0.0022524
0.00222806
0.00218855
0.00212928
0.00205082
0.00196665
0.00188945
0.00182343
0.00176855
0.00171346
0.00165873
0.00158983
0.00151405
0.00141794
0.00132476
0.00122411
0.00110692
0.000385865
0.000386798
0.000373508
0.00027866
0.000255047
0.00027547
0.000384186
0.000623161
0.000923428
0.000912061
0.00128795
0.00164693
0.00199796
0.0023367
0.00265308
0.00297497
0.00330602
0.0036348
0.00396336
0.00419989
0.00445544
0.00470938
0.0048218
0.00505159
0.0051545
0.00514693
0.00509909
0.00509444
0.00510633
0.00498931
0.00488089
0.00480366
0.00474025
0.00464168
0.00450566
0.0043917
0.00430428
0.00423822
0.00415729
0.004049
0.00395099
0.00387102
0.00380724
0.00374842
0.00367451
0.00359107
0.00351695
0.00345238
0.00340097
0.00334924
0.0032936
0.00323812
0.00319437
0.00315862
0.00313049
0.00309782
0.00305793
0.00301191
0.00296392
0.00291841
0.00288903
0.00286793
0.00284702
0.00282413
0.00279181
0.00274045
0.00266461
0.00256545
0.00245968
0.00236103
0.00227728
0.00220628
0.00213442
0.00206378
0.00197459
0.00187724
0.00175536
0.0016357
0.00151092
0.00135756
0.000490298
0.000491568
0.000477628
0.000355765
0.000332003
0.000324818
0.000397921
0.000596857
0.000929595
0.00103569
0.00144003
0.00182141
0.00217186
0.00249168
0.00268809
0.00290147
0.00318672
0.0034993
0.00385414
0.00414814
0.00456661
0.00486782
0.00520425
0.00549172
0.00565532
0.00568069
0.00566392
0.0056889
0.00572612
0.00563323
0.00554308
0.00547992
0.00542713
0.00533789
0.00520938
0.00510038
0.00501845
0.00495662
0.00487898
0.00476963
0.00467062
0.0045904
0.00452618
0.00446615
0.0043898
0.00430094
0.00422151
0.00415174
0.00409582
0.00403931
0.00397708
0.00391541
0.00386638
0.00382597
0.00379369
0.00375604
0.00370903
0.00365493
0.00359742
0.0035453
0.00350968
0.00348341
0.00345793
0.00342978
0.0033899
0.00332669
0.00323528
0.00311689
0.00298853
0.00286889
0.0027674
0.00268023
0.00259122
0.0025027
0.00239295
0.00227331
0.00212434
0.00197556
0.0018276
0.00163351
0.000604608
0.000606103
0.000578078
0.000459716
0.000401617
0.00040047
0.000420621
0.000574619
0.000878879
0.00105166
0.00152527
0.00191166
0.00215122
0.00229429
0.00244912
0.00266683
0.00299325
0.0033161
0.00369084
0.00396163
0.00442765
0.00472022
0.00511669
0.00540633
0.00570514
0.00603874
0.00605838
0.00611185
0.00617246
0.00611377
0.00605
0.0060054
0.00596571
0.00589164
0.00578002
0.0056838
0.00561352
0.00555923
0.00549076
0.00538807
0.00529536
0.00522115
0.00516147
0.00510519
0.00503301
0.00494606
0.00486775
0.00479863
0.00474308
0.00468661
0.00462304
0.00456043
0.0045107
0.0044695
0.00443643
0.00439714
0.00434675
0.00428802
0.00422517
0.00416917
0.00413043
0.00410119
0.00407326
0.0040415
0.00399599
0.00392373
0.00381886
0.00368333
0.00353538
0.00339747
0.00327913
0.00317632
0.00307118
0.00296611
0.00283577
0.00269241
0.00251783
0.00233918
0.00216954
0.00193255
0.000726828
0.000728491
0.000688298
0.000601479
0.000422617
0.000496116
0.00049541
0.00057582
0.0008202
0.00103974
0.00140822
0.00177138
0.00195898
0.00204881
0.00223551
0.00249842
0.00287057
0.00316767
0.00355497
0.00377806
0.00426611
0.00452422
0.00494364
0.00519318
0.00548725
0.00585769
0.00617476
0.00633162
0.00641059
0.00639497
0.00636537
0.00634422
0.00632003
0.00626708
0.00618126
0.00610547
0.00605225
0.00600787
0.00595397
0.00586556
0.00578601
0.00572341
0.00567217
0.00562406
0.00556148
0.00548424
0.00541332
0.00535085
0.00530029
0.00524837
0.00518951
0.00513147
0.00508609
0.00504839
0.00501801
0.00498108
0.00493161
0.0048724
0.00480969
0.00475376
0.00471578
0.00468674
0.00465929
0.00462631
0.00457825
0.00450044
0.00438712
0.00423891
0.0040774
0.00392448
0.00379266
0.00367607
0.00355779
0.00343679
0.00329016
0.0031234
0.00292546
0.0027185
0.00252956
0.00224891
0.00085406
0.00085595
0.000808672
0.000742695
0.000444747
0.000611465
0.000581076
0.000621511
0.000785552
0.00100499
0.00129647
0.00161928
0.0017626
0.00187215
0.00209394
0.00237765
0.00278035
0.00303754
0.0034204
0.00357101
0.00407147
0.00427102
0.00470709
0.00489192
0.00513669
0.00546535
0.00584805
0.00604387
0.006098
0.00638879
0.00642709
0.00643876
0.00643604
0.00641327
0.00636484
0.00632016
0.00629075
0.00625949
0.00622614
0.0061612
0.00610215
0.00605678
0.00601765
0.00598146
0.00593403
0.00587445
0.00581718
0.00576756
0.00572617
0.0056835
0.00563518
0.0055871
0.00555169
0.00552158
0.00549712
0.00546688
0.00542279
0.00536768
0.0053112
0.00526034
0.0052267
0.00520198
0.00517837
0.00514714
0.00510029
0.00502166
0.00490639
0.00475307
0.00458557
0.0044234
0.00428334
0.00415628
0.00402973
0.00389509
0.00373705
0.00354932
0.00333568
0.00310005
0.00289583
0.00257596
0.000982281
0.000984422
0.00093624
0.000804159
0.000531504
0.000671844
0.000692641
0.000714727
0.000799553
0.00095983
0.00122671
0.00149899
0.00162486
0.00174626
0.0020161
0.00224896
0.00267133
0.00289446
0.0032482
0.00330802
0.00380244
0.00391853
0.004357
0.00447244
0.00464338
0.00491352
0.00530013
0.00544571
0.00548977
0.00579722
0.00608449
0.00616834
0.00620741
0.00623465
0.00624343
0.00624906
0.00625574
0.00624574
0.00624367
0.00621556
0.00618831
0.0061686
0.00614679
0.00612799
0.00610238
0.00606972
0.00603348
0.00600379
0.00597691
0.00594761
0.00591628
0.00588433
0.00586379
0.00584607
0.00583141
0.00581128
0.00577755
0.00573198
0.00568806
0.00564799
0.00562212
0.00560572
0.00558954
0.00556381
0.0055223
0.00544869
0.00533943
0.00519073
0.00502715
0.00486357
0.00472204
0.00458931
0.00446082
0.00431689
0.00415404
0.00395016
0.00372847
0.00346879
0.00325393
0.00290415
0.00110608
0.001102
0.00106447
0.000904698
0.000649479
0.000611117
0.000841028
0.000813922
0.000910633
0.000952926
0.00123744
0.00144285
0.00154039
0.00168582
0.00192933
0.00211791
0.00251179
0.00269983
0.00300866
0.00297104
0.00341666
0.00341576
0.00383932
0.00387555
0.00391657
0.00414644
0.00432596
0.00452907
0.00471082
0.00492831
0.0051149
0.00529369
0.00542297
0.00552915
0.00563498
0.00573285
0.00580263
0.00583853
0.00588755
0.00592131
0.00594498
0.0059685
0.00597641
0.0059839
0.00599259
0.00599961
0.00599842
0.00599669
0.00599339
0.00598505
0.00597851
0.00597114
0.00597038
0.00597082
0.00597154
0.00596589
0.00594785
0.00591885
0.00589419
0.00587146
0.00585754
0.00585295
0.00584808
0.00583222
0.00580055
0.00573861
0.00564474
0.00551249
0.00536491
0.00521048
0.00507554
0.00494375
0.00482072
0.00467424
0.00451419
0.00430249
0.00408125
0.0038075
0.00358681
0.00321914
0.00121761
0.00119357
0.00118249
0.00102868
0.000825532
0.000561438
0.00101822
0.000949409
0.00103293
0.0010843
0.00134977
0.00145178
0.00157006
0.00163771
0.00182803
0.0019774
0.00226536
0.00234952
0.00253596
0.00247193
0.00281598
0.00265681
0.00272747
0.00265661
0.00262293
0.00271025
0.00281622
0.00290088
0.0030249
0.00325589
0.0035148
0.00372048
0.0038911
0.00408437
0.00431095
0.00453907
0.00470127
0.00483198
0.00495856
0.00508474
0.00519643
0.00529161
0.00535265
0.00540847
0.00547185
0.00554236
0.00559756
0.00564125
0.00567494
0.00570259
0.00573518
0.00576376
0.00579282
0.00581969
0.00584405
0.00586139
0.00586825
0.00586617
0.00586926
0.00587227
0.00587659
0.00588839
0.0058995
0.00589953
0.00588446
0.00584361
0.00577655
0.00567482
0.00555759
0.00542582
0.00530621
0.00518401
0.00507352
0.00493449
0.00478582
0.00458006
0.00436685
0.00409745
0.00387396
0.00350406
0.00130599
0.00126679
0.00127082
0.00116033
0.00087638
0.000578449
0.000944262
0.0011
0.00114722
0.00137071
0.00157379
0.00160339
0.0017011
0.00164615
0.00171289
0.00173728
0.001922
0.00194798
0.00213635
0.00200211
0.00214231
0.00201145
0.00204191
0.0019367
0.00186699
0.00187214
0.00189937
0.00190448
0.00191099
0.00195467
0.00204456
0.00215347
0.00224734
0.00238376
0.00257308
0.00282359
0.00302875
0.00319643
0.00338512
0.00359866
0.00378744
0.00396205
0.00410303
0.0042335
0.00437398
0.00453058
0.00466649
0.00477948
0.00487062
0.00495649
0.00504596
0.0051267
0.00520344
0.00527353
0.00533607
0.00539058
0.00543673
0.00547761
0.00552157
0.0055628
0.00559585
0.00563257
0.005667
0.00569148
0.00570155
0.00569683
0.00567017
0.00561643
0.00555
0.00546294
0.00536772
0.00526816
0.00517866
0.00506053
0.00493099
0.00475002
0.00455496
0.00431174
0.00409301
0.00374006
0.00133457
0.00132042
0.0013033
0.001257
0.00100116
0.000667575
0.000656312
0.00126091
0.00122808
0.00149348
0.00185846
0.00194214
0.00193977
0.00181303
0.00173108
0.00151178
0.00128489
0.00120348
0.00125274
0.00121294
0.00118904
0.00128837
0.00141727
0.00142865
0.00150323
0.00153272
0.00156987
0.00156437
0.00155166
0.00154081
0.00154626
0.0015247
0.00151382
0.00153182
0.0015532
0.00162879
0.0017114
0.00179327
0.00188969
0.00203362
0.00217494
0.00233215
0.00247172
0.00261909
0.00278465
0.00298518
0.00317244
0.00334118
0.0034883
0.0036352
0.00379028
0.00393705
0.00407176
0.00419563
0.00431049
0.00441853
0.00452043
0.00462037
0.00471843
0.00481269
0.00488974
0.00496419
0.00503345
0.00509873
0.00515267
0.00520079
0.00524227
0.00526966
0.00527112
0.00524011
0.00519051
0.00513375
0.00507472
0.00500008
0.00490156
0.0047727
0.00460992
0.00441754
0.00421552
0.00390423
0.00130819
0.00132388
0.00128283
0.00127098
0.00110381
0.000775999
0.000476949
0.00100621
0.00134611
0.00197368
0.00230446
0.00252371
0.00231077
0.00219281
0.00211492
0.00179961
0.00108099
0.000604979
0.000469094
0.000393372
0.000360293
0.000391113
0.00041999
0.000583684
0.000794594
0.000796173
0.00122286
0.00168403
0.00168397
0.00169316
0.0017076
0.00168046
0.00163972
0.0016199
0.00160991
0.00157525
0.0015291
0.0014882
0.0014628
0.00146959
0.00146729
0.00149134
0.00152224
0.00155858
0.00160816
0.00170871
0.00181848
0.00192679
0.00202858
0.00214754
0.00228627
0.00242616
0.00257377
0.00271464
0.00285421
0.00299607
0.00313384
0.0032755
0.00341628
0.00355997
0.00368414
0.00380573
0.00391576
0.00402856
0.00413279
0.00425037
0.00437676
0.00451021
0.00460768
0.00466815
0.00468336
0.00469425
0.00469198
0.00467557
0.00463589
0.00457978
0.00448178
0.00436103
0.00420054
0.00396597
0.00122579
0.00124879
0.00122552
0.00119389
0.00115929
0.000874559
0.000549217
0.000542731
0.00114815
0.00223145
0.00292522
0.00290823
0.00282043
0.00269606
0.00205185
0.00145032
0.00108051
0.000737388
0.00033524
0.000205919
0.000176343
0.000205056
0.000269447
0.000598822
0.000648166
0.000525559
0.000865229
0.00112877
0.00169086
0.00177943
0.00192299
0.00192093
0.00192323
0.00193586
0.00195482
0.00195794
0.00192805
0.00189237
0.0018579
0.00183728
0.00180234
0.0017596
0.00171098
0.00167441
0.00163075
0.0016046
0.00158099
0.00157146
0.00155224
0.0015626
0.00158265
0.00161633
0.00165129
0.00170541
0.00175994
0.00184147
0.00191432
0.00200876
0.00210226
0.00222214
0.00232408
0.0024411
0.0025454
0.00267599
0.00279425
0.00294749
0.00311282
0.00332484
0.00350115
0.00365352
0.00375307
0.00385096
0.00392578
0.00401245
0.00405776
0.00411263
0.00409455
0.00410408
0.0040021
0.00387357
0.00103838
0.0010523
0.00106281
0.00107441
0.00108565
0.000975265
0.000618061
0.000347511
0.000483337
0.00173565
0.00378487
0.00288749
0.0022651
0.00181099
0.00136183
0.00102031
0.00079271
0.000764706
0.000758741
0.000229393
0.000159562
0.000131532
0.000148269
0.000198754
0.000249755
0.000516467
0.00103134
0.00140064
0.00154099
0.00147285
0.00201426
0.00202447
0.00205551
0.00210636
0.00213591
0.00214893
0.00214249
0.00214087
0.00214118
0.00214685
0.00214505
0.00213493
0.00211982
0.00209874
0.00208486
0.00206277
0.00202364
0.00198979
0.00194987
0.00191377
0.00186887
0.00184226
0.00179479
0.00177107
0.00172275
0.00171066
0.00168138
0.00169878
0.00168304
0.00171444
0.00170971
0.00175008
0.00175416
0.00181119
0.00184361
0.00192894
0.00201605
0.00218453
0.00232772
0.00249295
0.00259184
0.0027329
0.00283198
0.00298994
0.00310684
0.00329548
0.00337952
0.00354796
0.00353483
0.00356849
0.000739489
0.00075018
0.000768869
0.000776975
0.000800396
0.00082395
0.000535171
0.000284725
0.000273479
0.00068224
0.00208112
0.00208514
0.00166301
0.00115912
0.000636755
0.000382531
0.000260052
0.000227702
0.000538888
0.000738663
0.000666146
0.000200182
0.000125277
0.000106957
0.000147814
0.000284521
0.000432467
0.000555219
0.00085558
0.00185338
0.00214872
0.00217641
0.00221291
0.00228674
0.00231295
0.00232279
0.00231955
0.002329
0.00234938
0.0023558
0.00235908
0.0023571
0.00235307
0.00235243
0.00235173
0.00234473
0.00233437
0.00232314
0.00230759
0.00229509
0.00228183
0.00226482
0.00224844
0.00221483
0.00218353
0.00213669
0.00210796
0.00208221
0.00205744
0.00202657
0.00198685
0.0019515
0.00190383
0.00186279
0.00180602
0.00179289
0.0017446
0.00178778
0.0017629
0.00186437
0.00185033
0.00194792
0.00195242
0.00210576
0.00214382
0.00237
0.00244167
0.00270737
0.00277115
0.00296906
0.000494613
0.000498392
0.000509477
0.000515321
0.000532873
0.000523616
0.000349798
0.000194098
0.00022933
0.000195789
0.000260323
0.000390054
0.000644944
0.00124214
0.000592838
0.000304374
0.000203374
0.000175496
0.000173311
0.000182842
0.000303997
0.000860533
0.000690816
0.00022602
0.000158986
0.000145564
0.000167367
0.000284857
0.000685064
0.00161364
0.00228821
0.00202333
0.00153339
0.00250875
0.00252345
0.00252347
0.00253428
0.00256366
0.00259214
0.0025983
0.00259426
0.00258466
0.00258154
0.00259225
0.00259571
0.00259027
0.0025792
0.00257358
0.0025705
0.00257113
0.00256614
0.00255747
0.00254464
0.00252658
0.00250057
0.00248149
0.00246675
0.00246008
0.00244865
0.00243427
0.00241241
0.00237515
0.00232383
0.00225794
0.00219387
0.00211523
0.00204966
0.00198429
0.00190025
0.00186149
0.00178644
0.00176968
0.00169022
0.00170027
0.00166167
0.00177547
0.00178736
0.0019704
0.00201962
0.00223804
0.000410431
0.000405895
0.000413337
0.000414401
0.000299847
0.000137216
0.000101074
0.000118294
0.000232654
0.000303511
0.00011902
0.000110472
0.000131491
0.000206266
0.000405924
0.00115522
0.000736696
0.000320403
0.000201777
0.000212517
0.000200878
0.000227938
0.000320406
0.000717748
0.000544754
0.000196675
0.000138718
0.000167704
0.000228275
0.000388501
0.00066696
0.000891992
0.0022473
0.00268196
0.0026844
0.00269858
0.00272675
0.00278314
0.00281157
0.00281776
0.00280296
0.00279774
0.00280412
0.00282402
0.00282786
0.00282393
0.00281209
0.00280661
0.00281005
0.00281882
0.00281572
0.00280718
0.00279527
0.00277643
0.00275591
0.00274078
0.0027347
0.00273309
0.00272869
0.00272026
0.0027023
0.0026798
0.002638
0.00257699
0.00250946
0.00245053
0.00239684
0.00232543
0.0022646
0.00216183
0.00207767
0.00195667
0.00150122
0.0014529
0.00157032
0.00159381
0.00157422
0.00160049
0.00162087
0.00172129
0.000507568
0.000475787
0.000260027
0.000106547
5.18216e-05
4.5663e-05
7.45395e-05
0.000183909
0.000360155
0.000700549
0.000365727
0.000229629
0.000141114
0.000135835
0.000155884
0.000234772
0.000424742
0.00102807
0.00250636
0.00062702
0.00035946
0.0002751
0.000252221
0.000288053
0.000397375
0.00108738
0.000510736
0.00020643
0.00013646
0.000161776
0.000246799
0.000573071
0.00269583
0.00276831
0.00282251
0.00287293
0.00242402
0.00303173
0.00304784
0.00304257
0.00302881
0.00304523
0.00307993
0.00310696
0.00311516
0.00310823
0.00309451
0.00308785
0.0030934
0.00309889
0.00309418
0.00308911
0.00307363
0.00305402
0.00303729
0.00302901
0.00302281
0.00301939
0.0030126
0.0030067
0.00298679
0.00295144
0.00289092
0.00283219
0.00277242
0.00272397
0.00267215
0.00262816
0.00257147
0.00249279
0.00183343
0.00139168
0.00124673
0.00157455
0.00147145
0.00172445
0.00165191
0.00157117
0.00153633
0.00151157
0.000330283
0.000134521
5.67532e-05
3.4896e-05
4.31564e-05
5.95053e-05
0.000130121
0.000250036
0.000316265
0.000734985
0.00189165
0.00212095
0.000463785
0.000228605
0.000156334
0.000162907
0.000174828
0.000224218
0.000320443
0.000552401
0.00149222
0.00227359
0.000730922
0.000473643
0.000395859
0.000425552
0.000575637
0.002205
0.000467048
0.000216133
0.000170703
0.000235517
0.000347905
0.000553593
0.000948092
0.00109473
0.00261209
0.00341483
0.00340665
0.00340174
0.0034184
0.00345799
0.0034753
0.00347929
0.00346597
0.0034531
0.00344784
0.00345844
0.00345954
0.00345951
0.00344781
0.00343046
0.00340116
0.00338437
0.00337159
0.00337026
0.0033617
0.00335467
0.00334238
0.00332483
0.00328174
0.00323294
0.00317213
0.00311657
0.00305985
0.00301094
0.00295785
0.00290416
0.00283276
0.00243205
0.00183846
0.00163855
0.0014875
0.00175795
0.00207292
0.00200172
0.00190665
0.001779
0.00169675
0.00156425
7.17017e-05
4.07516e-05
3.87754e-05
3.66446e-05
6.26494e-05
0.000135455
0.000177399
0.000598828
0.00199807
0.00215757
0.00219596
0.00237684
0.00244525
0.00166744
0.00063127
0.000306256
0.000203314
0.000180893
0.000177114
0.000213518
0.000278368
0.000403315
0.000669817
0.00169246
0.00289365
0.000946991
0.000712244
0.000779335
0.00117827
0.00206127
0.000374678
0.000193425
0.000167952
0.000239535
0.000379988
0.000999557
0.00308503
0.00336035
0.00339365
0.00344384
0.00328523
0.00359605
0.0036177
0.00361088
0.00360416
0.00361165
0.00364287
0.00366772
0.00367729
0.00367961
0.00366584
0.00364395
0.00362417
0.00362269
0.00362715
0.00363571
0.00363071
0.0036275
0.00360673
0.00356859
0.00350852
0.00345043
0.00340272
0.00335915
0.00330532
0.0032559
0.00319696
0.00313626
0.00265873
0.00201412
0.00157399
0.00143278
0.00148923
0.00155869
0.00183146
0.00215346
0.00210973
0.0020007
0.0019079
0.00174824
3.80928e-05
3.18958e-05
4.90841e-05
9.36137e-05
0.000137839
0.00047559
0.00177209
0.00206493
0.00233005
0.00206265
0.00246693
0.00252389
0.00256771
0.00260147
0.00261965
0.00265087
0.00144695
0.000625684
0.000355887
0.000250214
0.000219928
0.000224309
0.000252974
0.000313855
0.000418354
0.000645998
0.00127261
0.00315825
0.00277331
0.00319236
0.00328289
0.000856829
0.000326387
0.000249197
0.000236918
0.000351042
0.000548675
0.00077681
0.0010474
0.00148598
0.00281072
0.00406939
0.00404758
0.00401544
0.00403254
0.00406275
0.00409236
0.00409175
0.00407511
0.00405427
0.00401848
0.00400399
0.00399142
0.00399819
0.00399558
0.00398619
0.0039683
0.00394731
0.00389852
0.0038387
0.00377156
0.00372025
0.00367132
0.00363242
0.00357491
0.00352165
0.00344643
0.00267838
0.00215548
0.00206527
0.00202301
0.00195938
0.00185051
0.00177427
0.00206079
0.00206572
0.00234974
0.00224809
0.0021629
0.00176455
5.27162e-05
7.76271e-05
0.000101839
0.000399841
0.000823437
0.0008138
0.00116909
0.00185882
0.00247595
0.00252028
0.00257561
0.00262715
0.00265715
0.00268117
0.00270413
0.00272809
0.00275693
0.00279908
0.00285322
0.00129768
0.000641012
0.00039609
0.000298063
0.000264462
0.000258605
0.000284047
0.000340257
0.000428988
0.000601079
0.000948684
0.00133672
0.00166617
0.00109696
0.000505945
0.000293462
0.00021591
0.000229918
0.000329585
0.00062131
0.00138579
0.00384928
0.00380997
0.00386577
0.00391502
0.00399117
0.00408465
0.00410528
0.00410531
0.00407936
0.00404773
0.00403271
0.00404213
0.00407506
0.0040984
0.00409653
0.00409411
0.00406473
0.00402776
0.00370676
0.00374513
0.00384419
0.00382119
0.00378246
0.00376176
0.0037017
0.00364864
0.00248697
0.00186812
0.00158781
0.00163731
0.00180446
0.00230268
0.00276789
0.00274409
0.00269999
0.00251794
0.00233828
0.00230842
0.0019633
0.00144573
0.000100171
0.000264554
0.000391977
0.000492384
0.000805341
0.00197308
0.00258149
0.00261193
0.00262531
0.00263686
0.0026694
0.00271742
0.00275976
0.0027962
0.00282102
0.00284653
0.00287848
0.0029187
0.00296155
0.00300398
0.00303425
0.00307416
0.00163584
0.000869504
0.00055094
0.000395109
0.000336192
0.000317184
0.000325257
0.000363502
0.000424357
0.000501165
0.000590582
0.000634193
0.000541988
0.000386688
0.000259711
0.000256748
0.000309836
0.00042656
0.000681617
0.000876255
0.00120472
0.0016136
0.00268514
0.00444058
0.00443306
0.00438684
0.00432228
0.00431091
0.00431454
0.00434056
0.00436012
0.00436234
0.0043409
0.00431242
0.00424102
0.00416576
0.00409251
0.00405423
0.00401235
0.00398185
0.0039359
0.00389685
0.0038247
0.00260137
0.00210109
0.00215449
0.0021142
0.002388
0.00238242
0.00259297
0.00303601
0.00297287
0.00287733
0.00260531
0.00211776
0.00187048
0.00185666
0.00161811
0.000275939
0.000378102
0.00220042
0.00257787
0.0026338
0.00267026
0.00269156
0.00271086
0.00274366
0.00278747
0.00282672
0.00284893
0.00287143
0.00289944
0.0029408
0.00297641
0.00300822
0.00304046
0.00307322
0.00310278
0.00313343
0.0031601
0.00318183
0.00321023
0.00324377
0.002468
0.00129912
0.000804462
0.000560172
0.000445116
0.000399443
0.00038022
0.000393875
0.000404444
0.000415337
0.000398283
0.000351365
0.000267107
0.000205916
0.000205275
0.000240231
0.00037726
0.000755668
0.00127309
0.00402849
0.00403815
0.00317602
0.00396252
0.00399413
0.00404608
0.00413353
0.00417021
0.00418241
0.00418445
0.00414574
0.00381265
0.00399274
0.00397688
0.00392515
0.00393553
0.00392129
0.00391584
0.00386644
0.00327773
0.00227702
0.00183951
0.001602
0.00181818
0.00215978
0.00312492
0.00315166
0.00311911
0.00307826
0.00302773
0.00286813
0.00214022
0.00183998
0.00155568
0.00157698
0.00184286
0.00140511
0.00255006
0.00205029
0.00234051
0.00272445
0.00277752
0.00284103
0.0028814
0.00289643
0.00289847
0.00291797
0.00296966
0.00301757
0.00304637
0.00305855
0.00308044
0.00311384
0.00315155
0.00318675
0.00322136
0.00324891
0.00327003
0.00329474
0.00332426
0.00336186
0.00340134
0.00343308
0.00347282
0.0035155
0.00234595
0.00138356
0.000945609
0.000686069
0.000576744
0.000502859
0.000471149
0.000420323
0.000372883
0.000294643
0.000247299
0.000192676
0.000212844
0.000249579
0.000378481
0.00056705
0.000833024
0.00134901
0.00153827
0.00220343
0.00362195
0.0044595
0.00447171
0.00445026
0.00438308
0.00427694
0.00419669
0.00414955
0.00412369
0.00408622
0.0040562
0.0040104
0.0039611
0.00298905
0.00249873
0.00227418
0.00276779
0.0028077
0.0027741
0.00281712
0.00293494
0.00315508
0.00311269
0.00308241
0.00303155
0.00286362
0.00247469
0.0021545
0.00192622
0.00171723
0.00184563
0.00158124
0.00278808
0.0028149
0.00286699
0.00290999
0.00293649
0.0029517
0.00296974
0.00300273
0.00304713
0.00308561
0.00310412
0.00311514
0.00314309
0.0031897
0.00322713
0.00325078
0.00327044
0.00329969
0.00333949
0.0033795
0.00341437
0.00344318
0.00347214
0.00350983
0.0035525
0.00359585
0.00363321
0.00366769
0.00369719
0.00372161
0.00374346
0.00376067
0.00297427
0.00200426
0.00141745
0.00110627
0.000859761
0.000692281
0.000515905
0.000344956
0.000250486
0.000164623
0.000173173
0.000177946
0.000261582
0.000420379
0.000776707
0.00194462
0.00341689
0.00409622
0.00407594
0.00309972
0.00393632
0.00389326
0.00390886
0.00392342
0.00395268
0.00394698
0.00392138
0.00322603
0.00238758
0.00185953
0.00193872
0.00214294
0.0030957
0.00325351
0.00322221
0.00320733
0.00317233
0.00313648
0.00307886
0.00273491
0.00246679
0.00229986
0.00215604
0.00215726
0.00240602
0.00254462
0.00251581
0.00297609
0.00299635
0.00300575
0.00300988
0.0030155
0.00304082
0.00309568
0.00313844
0.003158
0.00316378
0.00318365
0.00322651
0.00327461
0.00330587
0.00331979
0.00334118
0.00338598
0.00342936
0.0034631
0.00348602
0.00351857
0.00356223
0.00360925
0.00364823
0.00368141
0.00370871
0.0037281
0.00374404
0.00375579
0.00376332
0.00376908
0.0037738
0.00377492
0.00377519
0.00377427
0.00377118
0.0037671
0.00376431
0.00345826
0.0024295
0.00169871
0.00104766
0.000612476
0.00035194
0.000227728
0.00020136
0.000197816
0.000265363
0.000360111
0.00059599
0.00102213
0.00145503
0.00273715
0.00335804
0.00428551
0.00428142
0.00425531
0.00421173
0.0041346
0.00312365
0.00261331
0.00273365
0.00306608
0.00329477
0.00342193
0.00335681
0.00329592
0.00323577
0.00319169
0.00314055
0.00308859
0.00301678
0.00285116
0.00288933
0.00284468
0.0027834
0.00273449
0.00267703
0.00262905
0.00253841
0.00309891
0.00311331
0.00313721
0.00317109
0.0032015
0.00321903
0.00322701
0.0032406
0.00328032
0.0033366
0.00337773
0.0033953
0.00340326
0.00342501
0.00347976
0.00353055
0.00356113
0.00359173
0.00363004
0.00367045
0.00369961
0.00372192
0.00374092
0.00375486
0.0037667
0.00377457
0.00377786
0.00377954
0.00377994
0.00377831
0.00377701
0.00377577
0.00377291
0.00376866
0.00376381
0.00375649
0.00374503
0.00373852
0.00372714
0.00371963
0.00370648
0.00369622
0.00367991
0.00264031
0.00128665
0.000626975
0.00030113
0.00022421
0.000171924
0.000205078
0.000252974
0.000398906
0.000651627
0.00121706
0.00299232
0.00405716
0.00292621
0.00197178
0.00173203
0.00196962
0.00267814
0.0033872
0.00334956
0.0033462
0.00334752
0.00332605
0.00328845
0.00322522
0.00289424
0.00264504
0.00257656
0.00269853
0.00284902
0.00279438
0.00275882
0.0027175
0.00268674
0.00264835
0.00261462
0.00253723
0.00327012
0.00329029
0.00330204
0.00331526
0.00334209
0.00338492
0.00343568
0.0034721
0.00349489
0.0035098
0.00353499
0.00358269
0.003633
0.00366095
0.00368025
0.00370883
0.00373564
0.00375462
0.00376723
0.00377568
0.00377972
0.00378272
0.00378548
0.00378628
0.00378658
0.00378668
0.0037828
0.00377849
0.00377445
0.00376742
0.00376287
0.00375614
0.00375078
0.00373979
0.00372947
0.00371659
0.00369523
0.00368163
0.00366147
0.00364529
0.0036199
0.00359907
0.00356845
0.00353867
0.0035016
0.00347313
0.00343465
0.00157784
0.000695076
0.000377989
0.00024139
0.00023475
0.000248901
0.000343507
0.000505056
0.000855838
0.00167824
0.00223343
0.00370681
0.00366021
0.0036084
0.0035609
0.00349563
0.00343325
0.00336899
0.00330944
0.00323716
0.00316072
0.00308587
0.00301218
0.00296125
0.00290169
0.00284875
0.00279018
0.00274366
0.00270009
0.00267391
0.00263349
0.00259509
0.00251607
0.00343244
0.0034716
0.00351436
0.00355702
0.00359413
0.00362008
0.00363983
0.00367456
0.00371045
0.00373607
0.00375594
0.00377056
0.0037824
0.00379178
0.0037957
0.00379823
0.00380031
0.00379884
0.0037975
0.00379566
0.00379117
0.00378848
0.00378623
0.00378189
0.00377652
0.00377284
0.0037638
0.00375489
0.00374395
0.00373227
0.00372028
0.00370694
0.00369326
0.00367073
0.00365365
0.00363116
0.00360646
0.0035813
0.00355625
0.00352661
0.00349837
0.00346537
0.00343347
0.00339161
0.00335135
0.00330984
0.00262616
0.00209764
0.00160825
0.00161464
0.0013082
0.000753099
0.000355697
0.000246099
0.000213864
0.000238021
0.000321744
0.000511843
0.000873617
0.00172846
0.0034968
0.00349371
0.00231403
0.00201956
0.00196632
0.00218848
0.0027493
0.00298559
0.00294709
0.00290892
0.00290224
0.00288145
0.00285071
0.00279963
0.00275334
0.00269385
0.00264862
0.00259487
0.00257241
0.00250064
0.00367228
0.00369835
0.0037284
0.00375531
0.00377491
0.00378933
0.00380071
0.00381078
0.00381827
0.00382362
0.00382786
0.00382734
0.00382411
0.00381972
0.00381275
0.00380713
0.00380371
0.00379762
0.00379311
0.00378849
0.00378123
0.00377216
0.00376324
0.00374891
0.00373526
0.00372411
0.00370686
0.00369112
0.00367399
0.00365592
0.00363346
0.00361276
0.00358966
0.00356089
0.00353754
0.00351079
0.00347979
0.00344957
0.00342169
0.00338998
0.00335698
0.0033195
0.00328723
0.00323689
0.00298804
0.00222482
0.00159259
0.00126833
0.00103972
0.00087093
0.000782646
0.000763763
0.000852898
0.000944867
0.000638906
0.000390409
0.000243508
0.000269186
0.000300213
0.000503244
0.000837871
0.00224765
0.00318335
0.00318448
0.00313706
0.00309335
0.00305913
0.00301901
0.00296654
0.00291942
0.00287573
0.00284111
0.00280784
0.00276997
0.00272163
0.00267625
0.00263877
0.00257959
0.00254131
0.00247759
0.00385049
0.00385551
0.00385499
0.00384927
0.00384436
0.00384203
0.00384019
0.00383877
0.00383702
0.00383412
0.00383117
0.00382465
0.00381661
0.0038084
0.00379843
0.00378981
0.00378364
0.00377427
0.00376234
0.00374909
0.00373243
0.00371226
0.00369083
0.00366575
0.00364256
0.00362286
0.00360029
0.00357928
0.00355906
0.00353499
0.00350848
0.00348667
0.00346117
0.00343262
0.00340618
0.00338197
0.0033497
0.00332317
0.00329412
0.00326664
0.0032237
0.00318753
0.00314512
0.00244389
0.00184153
0.00133219
0.00119117
0.000900389
0.000870292
0.000771311
0.000748322
0.000723502
0.000715875
0.000689509
0.000826719
0.000945637
0.000945622
0.000528984
0.000283802
0.000248187
0.000267402
0.000380829
0.000659541
0.0012747
0.00293392
0.00306924
0.00305148
0.00303378
0.00300331
0.00293593
0.00286191
0.00278561
0.00274335
0.00270908
0.00269106
0.00265967
0.00263982
0.0025926
0.00254787
0.00247086
0.00388161
0.00387331
0.00386558
0.00385759
0.00385275
0.00384757
0.00384179
0.00383603
0.00382934
0.00381891
0.00380735
0.00379265
0.00378015
0.00376731
0.00375275
0.00373713
0.00372058
0.003699
0.00367803
0.00365437
0.00362581
0.00359558
0.00356735
0.00353741
0.00351237
0.00349129
0.00346964
0.00344742
0.00342981
0.00340849
0.00338629
0.00336665
0.00334721
0.00331888
0.00329593
0.00327372
0.00324542
0.00321461
0.0031898
0.0031513
0.00310474
0.00285918
0.00209059
0.001565
0.00123984
0.001051
0.000959202
0.000787691
0.000859651
0.000785763
0.0007361
0.000818906
0.000752767
0.000839648
0.000779129
0.000861877
0.000881048
0.00110961
0.00125812
0.000692924
0.000441781
0.000251579
0.000305859
0.000437887
0.000826032
0.00156169
0.0028757
0.00287511
0.00288177
0.00286767
0.00283668
0.00278359
0.00273328
0.00269993
0.00266138
0.0026387
0.00261991
0.00258691
0.00255589
0.00248796
0.00386647
0.00385599
0.00384475
0.00383177
0.00382073
0.00380729
0.00379344
0.00377926
0.00376206
0.00374325
0.00372494
0.00370488
0.00368607
0.00366727
0.0036448
0.00362275
0.00360036
0.00357345
0.00354721
0.00352199
0.00349344
0.00346681
0.0034427
0.0034173
0.00339505
0.00337808
0.00335857
0.00333911
0.00332566
0.00330869
0.00328917
0.00327281
0.00325556
0.00322799
0.00320454
0.00318331
0.00314826
0.00311133
0.00307445
0.00302439
0.00223054
0.00183826
0.00138301
0.00114875
0.00100571
0.000979197
0.000826346
0.000866762
0.00089451
0.000804912
0.000843305
0.000951768
0.000874412
0.000924217
0.000908741
0.00113057
0.000916303
0.00110978
0.0011673
0.00147022
0.00148231
0.000916329
0.000471609
0.00028332
0.000297603
0.000462235
0.000825615
0.0014185
0.00285573
0.00287687
0.00285444
0.00282191
0.00277241
0.00272533
0.00268125
0.00263655
0.0025976
0.00257838
0.00256456
0.0025142
0.00379367
0.00377715
0.00376066
0.00374238
0.00372381
0.0037033
0.00368407
0.00366438
0.0036408
0.00361824
0.00359774
0.00357555
0.00355501
0.00353494
0.00351274
0.00349215
0.00347312
0.00344894
0.00342794
0.0034103
0.00339028
0.00337066
0.00335482
0.00333196
0.0033126
0.00329625
0.00327925
0.0032595
0.00324683
0.00323019
0.00320884
0.00319
0.00317126
0.00313808
0.00310948
0.00307591
0.00302858
0.00297316
0.00269785
0.00196523
0.00152995
0.00138934
0.00106913
0.00100451
0.0010075
0.000938686
0.00084993
0.00103719
0.000928908
0.000900057
0.00106367
0.00105571
0.000982724
0.00109897
0.00118657
0.00117067
0.00113525
0.00134846
0.00132898
0.00134908
0.00139228
0.00137368
0.00136436
0.00109447
0.0004309
0.000345902
0.000320824
0.000516602
0.0010506
0.00221117
0.00285433
0.002857
0.00279655
0.00272831
0.00269414
0.00265629
0.00261445
0.00257002
0.00256258
0.00254144
0.00366688
0.00364605
0.0036229
0.00359973
0.00357753
0.00355528
0.00353482
0.00351611
0.00349838
0.00348363
0.00346956
0.00345484
0.00344127
0.00342776
0.00340986
0.00339488
0.00338067
0.00336183
0.0033457
0.00333191
0.00331192
0.00329361
0.0032762
0.0032532
0.00323224
0.00321449
0.00319311
0.00317014
0.00315339
0.00313188
0.00310535
0.00307893
0.0030501
0.00300391
0.0029606
0.00291082
0.00284852
0.00234453
0.00174466
0.00141284
0.0012705
0.00114537
0.00097091
0.00108821
0.00103856
0.000958224
0.00102205
0.00121537
0.000991535
0.00113171
0.0012485
0.00118198
0.00120013
0.00138689
0.00134882
0.00134845
0.00141117
0.00138514
0.0013605
0.00133539
0.00131424
0.00129325
0.0012762
0.00125531
0.00125756
0.00112806
0.000424392
0.000366378
0.000377188
0.000585873
0.00127171
0.00279793
0.0028478
0.00284855
0.00278068
0.00270329
0.00265208
0.00260529
0.00258512
0.00255126
0.00353711
0.00352155
0.00350549
0.00348838
0.00347221
0.00345541
0.00343967
0.00342507
0.00341019
0.00339857
0.00338753
0.00337335
0.00336171
0.00334863
0.00333128
0.00331581
0.00329894
0.00327686
0.00325694
0.00323734
0.00321186
0.0031874
0.00316407
0.0031345
0.00310713
0.0030848
0.00305918
0.00303185
0.00301055
0.00298486
0.00295029
0.002918
0.00288371
0.00282953
0.00277871
0.00234499
0.00172818
0.00151642
0.00117169
0.00109516
0.00105694
0.000966929
0.000950457
0.00110566
0.000957978
0.00100762
0.00117006
0.00115724
0.00106949
0.00122595
0.00138747
0.00122351
0.00138963
0.0013743
0.00134648
0.00131993
0.00129726
0.00127462
0.00125167
0.00123066
0.00121355
0.00119626
0.00117842
0.00116038
0.00114553
0.00113559
0.00114101
0.000894647
0.000373496
0.000325036
0.000442432
0.000742713
0.00156505
0.00285371
0.0028728
0.0028454
0.00276984
0.00268158
0.00264614
0.00258845
0.00346277
0.00344579
0.00342762
0.00340853
0.00339126
0.0033743
0.00335842
0.00334375
0.00332788
0.00331484
0.00330105
0.00328346
0.00326661
0.00324641
0.00322184
0.00319903
0.00317548
0.00314753
0.00312363
0.00309919
0.00307005
0.00304341
0.0030199
0.00299115
0.0029647
0.00294462
0.00291994
0.00289062
0.00286889
0.00283972
0.00279685
0.00275744
0.00271435
0.00216769
0.00164392
0.00125109
0.00106698
0.00100495
0.000840366
0.000870265
0.0009054
0.00080616
0.000915602
0.000978347
0.000902924
0.000979494
0.00115575
0.0010227
0.00111395
0.00119228
0.00132313
0.00110751
0.00126422
0.00124059
0.00121826
0.00119752
0.00117925
0.00115849
0.00114067
0.00112426
0.00110855
0.00109355
0.00107901
0.00106762
0.00105285
0.00104336
0.00103153
0.00103214
0.00104183
0.000638847
0.000297026
0.000275521
0.000490995
0.000888786
0.00199373
0.0028077
0.00283759
0.00285472
0.00282899
0.00271094
0.00336116
0.00334364
0.00332533
0.00330642
0.00328818
0.00326976
0.00324953
0.00322987
0.0032082
0.00318948
0.0031693
0.00314773
0.00312841
0.00310674
0.00308251
0.00305919
0.0030345
0.0030075
0.00298323
0.00296088
0.00293314
0.00290977
0.00289058
0.00286449
0.00284068
0.00282376
0.00279781
0.00276362
0.002738
0.00270033
0.00264487
0.00200191
0.00135442
0.0011725
0.000963633
0.000771891
0.000820626
0.000758486
0.000697938
0.000790651
0.000815362
0.000722763
0.000952924
0.000893418
0.000867983
0.000979545
0.00119356
0.000981166
0.00111957
0.00121643
0.0011914
0.00114839
0.00114406
0.00112477
0.00110656
0.00109195
0.00107585
0.00106133
0.00104641
0.00103288
0.00102102
0.00100932
0.000997461
0.000988253
0.000977956
0.000969123
0.000962877
0.000955019
0.000953024
0.000956197
0.00090361
0.000428872
0.000257663
0.000267755
0.000544572
0.00105899
0.00258962
0.00271056
0.00274022
0.00277673
0.00323733
0.00321656
0.00319625
0.00317566
0.00315527
0.0031353
0.00311291
0.00309279
0.00307084
0.00305331
0.00303414
0.00301464
0.00299687
0.00297552
0.00295143
0.00292962
0.00290682
0.0028834
0.00286336
0.00284452
0.00282042
0.00280111
0.0027838
0.00275682
0.00273195
0.00271191
0.00267785
0.00263348
0.00245833
0.00158293
0.00134702
0.000986571
0.000761764
0.000761558
0.000643094
0.00060793
0.000731696
0.000609353
0.000651781
0.000798593
0.000732467
0.000737031
0.000970106
0.000821567
0.000878745
0.00111167
0.00112187
0.000944767
0.0011115
0.00109088
0.00106964
0.00105327
0.00103577
0.00102058
0.00100575
0.000992595
0.000981657
0.000969556
0.000957838
0.000948526
0.000939059
0.000928661
0.000921142
0.000914318
0.000907606
0.000900975
0.00089564
0.000890798
0.00088803
0.000882737
0.00088365
0.000890153
0.000533788
0.000329818
0.000232032
0.000302802
0.000650182
0.00118523
0.00245503
0.00261467
0.00310317
0.00308569
0.00306797
0.00304989
0.00303058
0.00301306
0.00299246
0.00297457
0.00295441
0.00293702
0.00291421
0.00289232
0.002873
0.00285104
0.00282881
0.00281096
0.00279045
0.00277213
0.00275465
0.0027362
0.00271478
0.0026967
0.00267582
0.00264256
0.00261155
0.0025803
0.00205587
0.00152229
0.000999313
0.000832682
0.000780691
0.000540439
0.000550388
0.000618993
0.000515032
0.000572405
0.000634465
0.000541611
0.000708932
0.000801086
0.000660225
0.000810632
0.000967364
0.000812018
0.000979122
0.0010528
0.000995873
0.00101495
0.00099714
0.00098097
0.000964648
0.000951871
0.000939816
0.00092738
0.000915837
0.000906064
0.000897029
0.000888253
0.000881601
0.000873185
0.000865052
0.000858522
0.000853636
0.00084727
0.000843356
0.000838864
0.000836141
0.000832613
0.000829186
0.000824731
0.000822383
0.000821498
0.00082389
0.000834814
0.000347144
0.00024888
0.000248731
0.000387482
0.00076004
0.00228333
0.00297802
0.00295945
0.00294099
0.00292463
0.00290794
0.00289271
0.00287525
0.00285789
0.00283949
0.00282266
0.0028015
0.00278117
0.00276272
0.00274142
0.00272051
0.00270364
0.00268366
0.00266721
0.00264977
0.00262831
0.00260594
0.00258501
0.00255304
0.00246341
0.0019092
0.0011706
0.000828762
0.000725862
0.000573295
0.000529495
0.00044822
0.000409416
0.000578837
0.000509696
0.000447766
0.000586734
0.00060135
0.000572783
0.000783017
0.000735741
0.000671212
0.000950588
0.000969107
0.000846344
0.00095049
0.000933208
0.000919149
0.000908703
0.000896265
0.000881353
0.000868674
0.000860226
0.000851773
0.000843742
0.000834766
0.000826822
0.000820196
0.000815156
0.000809977
0.000803173
0.00079838
0.000793603
0.00078844
0.000784618
0.000781712
0.000779523
0.000776557
0.000774475
0.000771004
0.000768168
0.000766367
0.000763253
0.000761992
0.000761453
0.000765389
0.000586781
0.000238416
0.000227525
0.000268687
0.000714855
0.0028667
0.00285285
0.00283627
0.00282085
0.00280408
0.00278511
0.00276567
0.00274455
0.00272407
0.00270419
0.00268382
0.0026647
0.0026475
0.00263088
0.00261294
0.00259802
0.00258017
0.00256059
0.00253839
0.0025099
0.00247869
0.00208501
0.00138831
0.00111447
0.000676591
0.000490652
0.00056231
0.000464845
0.00035945
0.00037612
0.000401948
0.000473555
0.000516245
0.000395236
0.000481935
0.000716135
0.00059874
0.000634092
0.000820929
0.000707745
0.000776982
0.000893163
0.000874466
0.00085572
0.000838336
0.000827746
0.000818888
0.000810787
0.000799489
0.000787732
0.000781568
0.000776463
0.000770213
0.000764032
0.000758363
0.000753006
0.000747276
0.000744041
0.000738839
0.000735046
0.00073064
0.000726767
0.000721612
0.000719465
0.000716944
0.000715307
0.000713831
0.000712509
0.000710148
0.000708178
0.00070499
0.000703044
0.000699894
0.000699403
0.000697274
0.000698931
0.000706406
0.00032559
0.000188791
0.000290377
0.00274834
0.00273446
0.00271699
0.0027011
0.0026855
0.00266553
0.00264774
0.0026305
0.00261308
0.00259633
0.00257915
0.00256265
0.00254598
0.00252994
0.00251034
0.00249093
0.00247226
0.00244456
0.0024115
0.00180179
0.00113989
0.000890883
0.000583616
0.000396782
0.000372867
0.000456922
0.00034995
0.00026852
0.000323699
0.00050999
0.000465958
0.000427129
0.000401518
0.000449296
0.00072587
0.000776551
0.000554445
0.000711741
0.000817961
0.000721262
0.000794323
0.000780852
0.000763998
0.000748717
0.000739722
0.000731858
0.000725117
0.000716163
0.000708241
0.000703121
0.000699679
0.000694865
0.000690792
0.000687878
0.000683416
0.000679232
0.000675386
0.000672103
0.000668319
0.000664935
0.000661857
0.000658186
0.000654245
0.000652416
0.000650377
0.000649318
0.000647817
0.000646892
0.000644579
0.000643031
0.000640328
0.000638894
0.000637048
0.000634989
0.000633629
0.000631966
0.000631494
0.000634757
0.000482886
0.0001966
0.00265913
0.00264504
0.00262701
0.00260838
0.00258987
0.00256615
0.0025436
0.0025272
0.00250709
0.00249003
0.00247389
0.00245603
0.00244116
0.00242168
0.0023995
0.00237352
0.00233868
0.00167283
0.000948953
0.000733892
0.000503704
0.000317329
0.000290516
0.00036488
0.000325323
0.000258856
0.000230127
0.000337835
0.000763111
0.000463592
0.000324243
0.00041217
0.000526195
0.000792843
0.0007679
0.000629789
0.000613107
0.000718312
0.000711483
0.000700392
0.000691908
0.000680579
0.000668463
0.000661447
0.000655666
0.000647683
0.00063948
0.000633587
0.000629584
0.000625998
0.000623175
0.000618552
0.00061627
0.000613339
0.000610901
0.000607785
0.00060505
0.000601467
0.000598994
0.000596206
0.000594546
0.000591127
0.000588637
0.000586503
0.000585862
0.000584658
0.000584334
0.000582791
0.000581696
0.000579693
0.000578945
0.000577068
0.000576124
0.000573893
0.000572728
0.000570458
0.000569091
0.000567768
0.000570044
0.000389269
0.00255236
0.00253334
0.00251433
0.00249228
0.00247283
0.00245049
0.00242886
0.00241693
0.00240103
0.00238235
0.00236927
0.00235043
0.00232826
0.00230523
0.00226674
0.00160988
0.000846428
0.000629398
0.000437258
0.000267804
0.000236564
0.000293788
0.000287435
0.000236999
0.000204428
0.000243445
0.000556972
0.00072251
0.000392572
0.000292
0.000388399
0.00070815
0.000694836
0.000663706
0.00064854
0.00060478
0.000639949
0.000634509
0.000623226
0.000614504
0.000607417
0.000601442
0.000596584
0.000591548
0.000584137
0.000576386
0.00057243
0.000568907
0.000565683
0.000562376
0.000559515
0.000556119
0.000554466
0.000552049
0.000549746
0.000546698
0.000544372
0.000542145
0.000540478
0.000538497
0.00053735
0.000535187
0.000533617
0.000532202
0.000531728
0.00053081
0.000530496
0.000529162
0.000528194
0.000526656
0.000526011
0.000524865
0.000523865
0.000522298
0.000521009
0.000519194
0.000517703
0.000515601
0.000514482
0.000517407
0.0024629
0.00244148
0.00242318
0.00240067
0.00237765
0.00235445
0.0023317
0.00231576
0.0022989
0.00227112
0.00224916
0.00222491
0.00218238
0.00176584
0.000845647
0.00057407
0.000406996
0.000234271
0.000199316
0.000250716
0.000247152
0.000212245
0.000188089
0.000204884
0.000399947
0.000756447
0.000467788
0.000308014
0.000310024
0.000489113
0.000628869
0.000611508
0.000584912
0.00057478
0.000571422
0.000570404
0.00056718
0.000558967
0.000548407
0.00054332
0.000540179
0.000537468
0.000534815
0.000531327
0.000524629
0.000520121
0.000517666
0.000514501
0.000511688
0.000508721
0.000505849
0.000503156
0.000501657
0.000499358
0.000497378
0.000494469
0.000492073
0.000489969
0.000488742
0.000487446
0.000486942
0.000485533
0.000484319
0.000482718
0.000482069
0.000480927
0.000480374
0.000478821
0.000477922
0.000476386
0.000476123
0.000475026
0.00047468
0.000473058
0.000472228
0.000470031
0.000468733
0.000466126
0.00046469
0.000462653
0.00234942
0.00232504
0.00230423
0.00228365
0.0022572
0.00223237
0.00221229
0.00219284
0.00216996
0.00213165
0.00209183
0.00204795
0.000988521
0.000592957
0.00040566
0.000220104
0.000180656
0.00022034
0.000212366
0.000189675
0.00017562
0.000190272
0.000318162
0.000577997
0.000491778
0.000340362
0.000299751
0.000404803
0.000567492
0.000559437
0.000538318
0.000521746
0.000514218
0.000511424
0.000509263
0.000506121
0.000499787
0.000491099
0.000485407
0.000483686
0.000482396
0.000480314
0.000478548
0.000474367
0.000470032
0.000468105
0.00046596
0.000462562
0.000460164
0.000457409
0.000454372
0.000451724
0.000449975
0.000447929
0.000446228
0.000444053
0.000442278
0.00044071
0.00043957
0.000438345
0.000437737
0.000436767
0.00043607
0.000434772
0.000433678
0.000432196
0.000431429
0.000430198
0.000429431
0.000428069
0.000427636
0.000426511
0.000426317
0.000425121
0.00042439
0.000422339
0.000421074
0.000418713
0.000417193
0.000413881
0.0022503
0.00222345
0.00220021
0.00217803
0.00214267
0.00211206
0.00208085
0.00205295
0.0020031
0.00194265
0.00153521
0.000723325
0.000456263
0.000228133
0.000173807
0.000203485
0.000183961
0.000169892
0.000166692
0.000182835
0.000293343
0.00044468
0.000454722
0.000413613
0.000344313
0.000393353
0.000509295
0.000504592
0.000490973
0.000476493
0.000466303
0.000459919
0.000457241
0.000454964
0.000450532
0.000444913
0.000437777
0.000433742
0.000433239
0.000432788
0.000431266
0.000429449
0.000426838
0.000424372
0.000422148
0.000420511
0.000418043
0.000415021
0.00041243
0.000409991
0.000407506
0.000405691
0.000404161
0.000402561
0.000401032
0.000399719
0.000398854
0.000398177
0.000397218
0.00039598
0.000394848
0.0003942
0.000393785
0.000393162
0.000392191
0.000390961
0.000389885
0.000389188
0.00038832
0.000387534
0.000386748
0.000386572
0.00038598
0.00038538
0.000384512
0.000383394
0.00038244
0.000380946
0.000379541
0.000377054
0.00213451
0.0020985
0.00207423
0.00203983
0.00199702
0.00195106
0.00190712
0.00184962
0.00179144
0.00112013
0.000586842
0.000270986
0.000178617
0.000193487
0.000167173
0.000153223
0.000165907
0.000188047
0.000255267
0.000374322
0.00043709
0.000415635
0.000426039
0.00046619
0.000462642
0.000458029
0.000447818
0.000438915
0.000429004
0.000420014
0.000417175
0.00041497
0.000411693
0.000408504
0.000404179
0.000398084
0.000395151
0.000394889
0.000395043
0.000394626
0.000393095
0.000391333
0.000389792
0.000388415
0.000387179
0.000385597
0.000383474
0.000381409
0.000379663
0.000377996
0.00037716
0.000376742
0.000376251
0.000375136
0.000373397
0.000372462
0.000372336
0.000372402
0.00037238
0.000371974
0.000371153
0.000370338
0.000369986
0.000369914
0.000369841
0.000369549
0.000368943
0.000368341
0.000368032
0.000367967
0.000367973
0.000368233
0.000368344
0.000368215
0.000368257
0.000368706
0.000368155
0.000367361
0.000366556
0.000365807
0.00200332
0.00196059
0.00192903
0.00187802
0.00181749
0.0017539
0.00170617
0.0016349
0.000992184
0.000386674
0.000207359
0.000199112
0.000163644
0.000151422
0.000176362
0.00020141
0.000268712
0.000379831
0.000452307
0.000453108
0.000444503
0.0004397
0.000436233
0.000432229
0.000425976
0.000421567
0.000416095
0.000408072
0.000399897
0.000395333
0.000393968
0.00039355
0.00039228
0.000389466
0.000385223
0.000381976
0.000381443
0.000381833
0.000382614
0.000382175
0.000380659
0.000379182
0.000378502
0.00037854
0.000378733
0.000379008
0.000378644
0.000377329
0.000376082
0.00037565
0.000375946
0.000376441
0.000376812
0.000376654
0.000376061
0.000375408
0.000375378
0.000375867
0.000376667
0.000377303
0.000378192
0.000379259
0.000379373
0.000379736
0.00038047
0.000381454
0.000382336
0.000383087
0.000383394
0.000383695
0.000384139
0.000385339
0.000386885
0.000389972
0.00039118
0.000393238
0.000393663
0.000395599
0.000396077
0.000398191
0.00185671
0.00180053
0.00175079
0.00168991
0.00161546
0.00155886
0.00144487
0.000819504
0.000304003
0.000226936
0.00019015
0.0001639
0.00019231
0.000234906
0.000283678
0.000407978
0.000466292
0.000455701
0.000446929
0.00044008
0.000434817
0.000431863
0.0004318
0.000430731
0.000427586
0.000424303
0.000417599
0.000408427
0.000404843
0.000405679
0.000408111
0.00040848
0.000406994
0.000403668
0.000400036
0.000399312
0.000399908
0.000402021
0.000403052
0.000402561
0.000401024
0.000400202
0.000401307
0.000403146
0.000405734
0.00040842
0.000410234
0.000410277
0.000409504
0.000409482
0.000410179
0.000411595
0.00041332
0.000414997
0.000416563
0.000417754
0.000418071
0.000418289
0.000419217
0.000422355
0.00042592
0.000429896
0.000432162
0.000434213
0.000435543
0.000438187
0.000440325
0.000443202
0.000445119
0.000447675
0.000449767
0.000453721
0.000457681
0.000464085
0.000467312
0.000472726
0.000475097
0.000480172
0.000482311
0.000489192
0.00168868
0.00161874
0.00157048
0.00149778
0.00137023
0.001273
0.000720076
0.000349995
0.000250479
0.000208308
0.000239567
0.000273104
0.000338274
0.000513058
0.00049025
0.000483804
0.000478718
0.000468287
0.00046108
0.000459563
0.000462839
0.000465814
0.000465154
0.000460035
0.000455919
0.000455375
0.000451615
0.000446996
0.000447643
0.000452059
0.00045632
0.000457564
0.00045533
0.000451292
0.000449273
0.000450052
0.000453115
0.000456931
0.000459172
0.000459474
0.000459341
0.000459974
0.000462787
0.000466779
0.000472162
0.000477712
0.000481363
0.000483275
0.000484719
0.000486531
0.000488192
0.000490398
0.000492936
0.000496987
0.000500862
0.000504372
0.000506854
0.000509323
0.000512403
0.000518503
0.00052385
0.000530796
0.000535638
0.000541292
0.000544555
0.00054979
0.00055328
0.000559158
0.000563145
0.000569528
0.000574269
0.00058265
0.000589299
0.000599921
0.000605419
0.00061514
0.000619392
0.000629021
0.000633248
0.000645965
0.00150325
0.00142497
0.00134675
0.00122125
0.00109781
0.000829728
0.000412113
0.00031965
0.000289358
0.000330578
0.000413208
0.000528452
0.000548917
0.00054338
0.000532784
0.000522286
0.000516542
0.000523834
0.00052896
0.000526808
0.000523086
0.000526802
0.00053057
0.000527518
0.000523616
0.000523562
0.000525491
0.00052777
0.000533327
0.000539146
0.000542199
0.000541611
0.00053976
0.000537418
0.000538797
0.000542221
0.000548158
0.000553914
0.000558343
0.00056021
0.000561538
0.000565371
0.000571297
0.000577524
0.000584482
0.000591103
0.000596673
0.00060143
0.000605983
0.00061053
0.00061443
0.000617107
0.000619887
0.000624759
0.000630695
0.000637235
0.000642692
0.00064893
0.000654612
0.000662666
0.000669997
0.000679044
0.00068572
0.000693186
0.00069796
0.00070528
0.00071067
0.00071911
0.000725152
0.000734128
0.00074102
0.000752598
0.000761718
0.000775022
0.000782529
0.000794714
0.00080075
0.000813578
0.000819837
0.000836305
0.00129636
0.00117084
0.00104708
0.000961599
0.000893969
0.000561919
0.000447446
0.000469093
0.000469902
0.000629989
0.000655128
0.000629947
0.000622111
0.000616748
0.000606252
0.000603344
0.000619897
0.000628431
0.000624471
0.000619547
0.000625244
0.000633929
0.000635229
0.000631843
0.000632593
0.000640024
0.00064488
0.000649857
0.000655549
0.000660937
0.000665009
0.000665992
0.000663466
0.000664468
0.000669188
0.000675301
0.000682603
0.000688543
0.000692916
0.000696082
0.000700688
0.000708116
0.000715736
0.000722765
0.000729504
0.000734704
0.000739679
0.000745468
0.000751576
0.000757325
0.000762794
0.000766458
0.000769209
0.000773102
0.000779338
0.000787295
0.000793918
0.000801215
0.000807133
0.000815418
0.000822998
0.000832698
0.000839711
0.000847539
0.000852592
0.000860529
0.000866469
0.000876428
0.000883349
0.000894391
0.000901712
0.000915372
0.000924432
0.000940036
0.000947376
0.000961653
0.000967756
0.000982488
0.000988628
0.00100681
0.00103681
0.000917547
0.000840813
0.000869787
0.000885964
0.000656597
0.000640385
0.000728302
0.000782245
0.000763606
0.000749884
0.000734354
0.000729743
0.000737123
0.000739323
0.000740683
0.000748407
0.000758468
0.000761359
0.000761112
0.000760777
0.000767538
0.000774287
0.000777096
0.000777681
0.000779554
0.000786194
0.000793174
0.0007988
0.000803027
0.000805612
0.000803151
0.000801226
0.000805074
0.000810802
0.00081663
0.000821941
0.000825953
0.000827587
0.000830039
0.000835362
0.000842607
0.000850604
0.000856933
0.000860847
0.000861366
0.000863794
0.000869505
0.000876101
0.000881895
0.000885868
0.000888514
0.000890777
0.000893769
0.000898884
0.000906573
0.000913276
0.000920788
0.000925895
0.000934055
0.000940981
0.000951169
0.000957934
0.000966727
0.000971933
0.000980853
0.000986795
0.000998442
0.00100536
0.0010187
0.00102515
0.001042
0.00104998
0.00106647
0.00107239
0.00108727
0.00109291
0.00110753
0.00111277
0.00112052
0.000802779
0.000774847
0.000800611
0.000986773
0.00104124
0.000776954
0.000844768
0.00092442
0.000918736
0.000901242
0.000888211
0.000884297
0.0008962
0.000900624
0.000898384
0.000897303
0.000906296
0.000911518
0.000912719
0.000906953
0.000901143
0.000902825
0.000906052
0.000906047
0.000904541
0.000906968
0.000911789
0.000913808
0.000915055
0.000915582
0.000910955
0.000905293
0.00090701
0.000911187
0.000915244
0.000918217
0.000919918
0.000919203
0.000916995
0.000917952
0.000922555
0.000928492
0.000935448
0.000940826
0.000943374
0.000940996
0.00094076
0.000945574
0.000951154
0.000955539
0.000959905
0.000963457
0.0009662
0.000968456
0.000972783
0.000981444
0.000987825
0.000997025
0.00100188
0.001012
0.00101839
0.00103041
0.00103643
0.00104776
0.00105218
0.00106341
0.00106853
0.00108222
0.00108791
0.00110248
0.00110653
0.00112
0.00111963
0.00112929
0.00112518
0.00113258
0.00112856
0.0011386
0.0011375
0.00115005
0.000741201
0.000840407
0.00105679
0.00130565
0.00104757
0.000811492
0.000960883
0.00113927
0.00109231
0.00105986
0.00104196
0.00104309
0.00104233
0.0010362
0.00103258
0.00102812
0.00101999
0.00101241
0.00100836
0.000999878
0.000989135
0.000982753
0.000980414
0.000977998
0.000975536
0.000975136
0.000973681
0.000971846
0.000970383
0.000964879
0.000955938
0.000953553
0.000955873
0.000959184
0.000961787
0.000963019
0.00096226
0.000958638
0.000954633
0.00095437
0.000957843
0.000963359
0.000970118
0.000975221
0.000977395
0.000974582
0.000973684
0.000977638
0.000983357
0.000989433
0.000995538
0.00100065
0.00100364
0.00100811
0.00101265
0.00102392
0.00102984
0.00104194
0.00104664
0.00105978
0.0010653
0.00107867
0.00108373
0.00109522
0.0010926
0.0010979
0.00109259
0.00109994
0.00109821
0.00111122
0.00111258
0.00112687
0.00112556
0.00113608
0.0011326
0.00114332
0.00114145
0.0011558
0.00115665
0.00117298
0.000913296
0.00122543
0.00154557
0.00134384
0.000991504
0.000873396
0.00120532
0.00123942
0.00120242
0.00116942
0.00113937
0.00112589
0.00111288
0.00109937
0.00108731
0.00107282
0.00105958
0.00104803
0.00103445
0.00102041
0.0010112
0.00100254
0.000993363
0.000989672
0.000987154
0.000984778
0.000979639
0.000976041
0.00097215
0.000963858
0.000956489
0.000955494
0.000957851
0.000960618
0.000962557
0.000963135
0.000961516
0.000957646
0.000954473
0.000954153
0.000956683
0.000963419
0.000970982
0.000976733
0.000979241
0.00097877
0.000979415
0.000983855
0.000991145
0.00100038
0.00100652
0.00101513
0.00101816
0.00102718
0.00103197
0.00104453
0.00104966
0.0010634
0.00106775
0.00107755
0.00107221
0.00107552
0.00107004
0.0010773
0.0010755
0.00108398
0.00108073
0.00109046
0.0010898
0.00110441
0.00110682
0.00112227
0.00112184
0.00113434
0.00113314
0.00114734
0.00114807
0.00116528
0.00116808
0.00118788
0.00138486
0.00183024
0.00167696
0.00127737
0.000950434
0.00103222
0.00132895
0.00125514
0.00121867
0.00118756
0.00115631
0.00113522
0.00111511
0.00109139
0.00107092
0.00105703
0.0010438
0.00102706
0.00100928
0.000997399
0.000989443
0.000976528
0.000964963
0.000963494
0.000961003
0.000955876
0.000949565
0.000945735
0.00094085
0.000932502
0.000927683
0.000928094
0.000930928
0.000933749
0.000935773
0.000936722
0.000935909
0.000933868
0.000932827
0.000932963
0.000937544
0.000946325
0.00095469
0.000961844
0.000965093
0.000967735
0.000971047
0.000979886
0.000986195
0.000997736
0.00100295
0.00101431
0.00101815
0.00102899
0.00103197
0.0010337
0.00102696
0.00103302
0.00103366
0.00104217
0.0010391
0.001044
0.00104115
0.00105068
0.0010518
0.00106274
0.00106275
0.0010741
0.00107607
0.00109168
0.00109601
0.00111222
0.00111382
0.00112798
0.00112977
0.00114645
0.00114974
0.00116877
0.00117333
0.00119503
0.00196671
0.00226536
0.00153376
0.00119114
0.000982687
0.00129485
0.00127055
0.00120739
0.00117378
0.00114614
0.00111779
0.00109588
0.00107224
0.00104172
0.00101975
0.00100762
0.000994804
0.000975326
0.000957071
0.000948193
0.000940564
0.000925261
0.000914624
0.000914557
0.000911638
0.000905422
0.000899601
0.000896308
0.000891734
0.000885479
0.00088383
0.000885645
0.000888996
0.00089232
0.000895751
0.000898198
0.000899387
0.000899631
0.000900419
0.00090556
0.000912761
0.000922769
0.000930352
0.000939495
0.000942933
0.000949888
0.000954942
0.000965572
0.000968465
0.000963424
0.000961056
0.000970701
0.000978161
0.000989216
0.000987376
0.00098716
0.000982686
0.000989639
0.00099303
0.00100301
0.00100368
0.00101074
0.00101165
0.00102292
0.00102738
0.00103989
0.00104316
0.00105543
0.00105987
0.00107571
0.00108214
0.0010986
0.00110258
0.00111772
0.00112214
0.00113974
0.00114496
0.00116397
0.00116967
0.00119156
0.00234167
0.00225135
0.00131076
0.00114485
0.00114439
0.00127703
0.00119873
0.00114196
0.00110951
0.0010838
0.00105828
0.00103491
0.00100649
0.000973181
0.000952665
0.000941694
0.000928035
0.000907746
0.000890751
0.000884404
0.000876917
0.000861634
0.000852479
0.000853384
0.000850803
0.000845049
0.000840758
0.00083872
0.000835657
0.000832537
0.000834738
0.000838132
0.000841363
0.000847114
0.000852201
0.000856072
0.000858148
0.000862979
0.000868414
0.000877743
0.000884316
0.000893558
0.000892133
0.000884375
0.000887146
0.000904907
0.000915938
0.000920288
0.00091186
0.000908583
0.00090845
0.000918583
0.000927486
0.000938893
0.000939996
0.000941851
0.000940786
0.000949089
0.000955231
0.000966554
0.000970704
0.000979575
0.000983785
0.000996108
0.00100313
0.00101621
0.00102172
0.00103406
0.00104025
0.00105554
0.00106331
0.00107903
0.00108468
0.00109952
0.00110548
0.00112215
0.00112814
0.00114536
0.00115122
0.00117107
0.0024991
0.00201808
0.00114987
0.00117577
0.00125475
0.0011831
0.00111717
0.00106341
0.00102984
0.00100614
0.000982638
0.00095747
0.000926342
0.000893334
0.00087471
0.000864201
0.000850743
0.000831824
0.000817029
0.000812228
0.000805914
0.000793159
0.000785952
0.000787347
0.000785805
0.000782397
0.00078043
0.000780169
0.000779485
0.000780478
0.00078418
0.000789542
0.000796224
0.000803177
0.000807891
0.000813457
0.000818281
0.000826924
0.000834905
0.000843809
0.000849555
0.00084199
0.000824542
0.000820844
0.000827727
0.000844366
0.000855801
0.000862818
0.000859181
0.00085839
0.000860726
0.000871395
0.000881475
0.000893282
0.00089717
0.000901011
0.00090284
0.000912143
0.000920284
0.000932344
0.000938873
0.000948581
0.000954757
0.000967032
0.00097526
0.000987739
0.000994091
0.00100536
0.00101202
0.0010257
0.00103364
0.00104757
0.00105374
0.00106705
0.00107335
0.00108779
0.00109357
0.00110801
0.00111338
0.00113013
0.00244392
0.00164516
0.00108653
0.00127131
0.00113133
0.00108255
0.00102503
0.000971725
0.000937816
0.000916736
0.000895027
0.00086954
0.000838281
0.000807451
0.000790963
0.000781359
0.000769466
0.000753433
0.000741375
0.000738166
0.000733492
0.000725247
0.000720543
0.000722875
0.000722571
0.000721974
0.000722168
0.000724276
0.000726364
0.000730138
0.000735846
0.000744822
0.000752294
0.0007587
0.000758545
0.000749467
0.000753822
0.00076772
0.00078161
0.000792938
0.000791128
0.000779146
0.000766287
0.000766072
0.00077549
0.000791021
0.000803063
0.000812326
0.000812882
0.000814167
0.000818238
0.000828979
0.000839586
0.000851382
0.000857073
0.000861999
0.000865465
0.000874826
0.000883682
0.000895353
0.000902722
0.000912007
0.000918658
0.000929762
0.000937806
0.000948667
0.000954674
0.000964175
0.00097038
0.000981908
0.00098922
0.00100095
0.00100686
0.00101815
0.00102405
0.0010359
0.00104095
0.00105254
0.00105718
0.00107075
0.00223062
0.00129563
0.00112558
0.00110804
0.00101541
0.000977347
0.000925718
0.000873267
0.000841293
0.000822302
0.00080126
0.00077674
0.000747894
0.000720917
0.000706716
0.000698545
0.000689497
0.000677733
0.000668649
0.000667669
0.00066422
0.000660958
0.000658747
0.000661042
0.000664409
0.00066581
0.000667419
0.000672098
0.000676675
0.000682833
0.000690548
0.000699706
0.000706078
0.000702519
0.000690455
0.000686778
0.000693663
0.000706518
0.000719288
0.000730722
0.000732415
0.000725089
0.000716651
0.000718956
0.000729714
0.0007443
0.000756442
0.000766671
0.000769726
0.000772071
0.000776828
0.000786931
0.00079714
0.000808082
0.00081421
0.000819033
0.000822825
0.000831324
0.000839743
0.000850126
0.000857145
0.000865202
0.000871342
0.000880743
0.00088784
0.000896749
0.000901866
0.000909503
0.000914849
0.000924249
0.000930601
0.000940179
0.000945404
0.000954567
0.000959626
0.000968913
0.000973017
0.000981949
0.000985744
0.000996302
0.00195019
0.00108759
0.00115194
0.000966379
0.000901967
0.000869906
0.000823146
0.000772523
0.000743861
0.000726493
0.000706311
0.000684312
0.000659788
0.000637795
0.000626393
0.000620309
0.00061417
0.000607524
0.000602332
0.000601097
0.000601535
0.000601217
0.00060074
0.00060475
0.000610868
0.000612701
0.000616073
0.000622424
0.000625673
0.000631393
0.000637125
0.000642921
0.000645083
0.000640897
0.000633267
0.000633407
0.000641198
0.000653001
0.000664808
0.000676058
0.000680681
0.000676771
0.000671098
0.000674803
0.000685718
0.000699216
0.000710678
0.000720445
0.000724188
0.000726552
0.000731116
0.000740005
0.000749066
0.000758524
0.000764131
0.00076814
0.000771477
0.000778648
0.000785991
0.000794709
0.000800789
0.000807354
0.000812539
0.000820144
0.000826012
0.000833006
0.000837053
0.000842917
0.000847217
0.0008546
0.000859779
0.000867249
0.000871492
0.000878529
0.000882487
0.000889375
0.000892442
0.000899024
0.000901917
0.000909712
0.00165424
0.000992335
0.000976685
0.0008372
0.000790212
0.000762342
0.000719531
0.000672568
0.000648033
0.000632246
0.000614621
0.000596751
0.000577946
0.000561148
0.000553349
0.000548596
0.00054666
0.000542981
0.00054013
0.000540927
0.000546479
0.000545783
0.000546338
0.00055255
0.000558933
0.00056122
0.000561841
0.000563259
0.000567076
0.000572997
0.000578938
0.000585302
0.000588999
0.000587227
0.00058308
0.000585328
0.000593042
0.000603615
0.000614382
0.000624841
0.000630938
0.000628752
0.000624166
0.00062823
0.000638346
0.000650393
0.000660694
0.000669113
0.000672335
0.000674106
0.000678047
0.000685485
0.000693057
0.000700774
0.000705388
0.00070834
0.000710856
0.000716473
0.000722395
0.000729301
0.000734174
0.000739209
0.000743255
0.000749087
0.000753632
0.00075884
0.000761778
0.000765986
0.000769147
0.000774628
0.000778443
0.000783828
0.000786885
0.000791866
0.000794585
0.000799329
0.000801374
0.000805951
0.000807948
0.000813235
0.00137278
0.000979466
0.000827832
0.000718927
0.000680702
0.000655883
0.000616633
0.00057665
0.000556501
0.000542953
0.000529837
0.000517918
0.000504133
0.000492792
0.000487018
0.000486371
0.000486558
0.000484249
0.000482973
0.000486974
0.000493461
0.000492578
0.000494212
0.000500881
0.000506735
0.000507131
0.000506528
0.000509557
0.000514277
0.000520023
0.000525937
0.000532392
0.00053685
0.000536516
0.000534256
0.000537172
0.000544205
0.000553507
0.000562966
0.000572231
0.000578346
0.000576713
0.000572201
0.000575829
0.000584555
0.000594598
0.000603623
0.000610412
0.00061258
0.000613507
0.000616612
0.000622481
0.000628432
0.000634234
0.000637587
0.000639463
0.000641009
0.000644956
0.000649251
0.000654294
0.000657876
0.00066148
0.000664375
0.000668534
0.00067175
0.000675327
0.000677188
0.00067989
0.000681888
0.000685587
0.000687382
0.000690268
0.000691663
0.000694459
0.00069562
0.0006984
0.000699321
0.000702215
0.000703225
0.000705838
0.00112111
0.000825216
0.000693305
0.000607673
0.000575186
0.000553132
0.000517777
0.000487877
0.000473572
0.00046294
0.000454112
0.000448091
0.000439193
0.000431652
0.000428875
0.000430824
0.000431411
0.000430121
0.000429858
0.000435174
0.000440531
0.000439729
0.000441797
0.000447833
0.000452506
0.000453278
0.000454112
0.000457886
0.000462559
0.000467709
0.000473201
0.000479129
0.000483396
0.000483568
0.000481955
0.000484598
0.000490572
0.000498821
0.000506446
0.00051443
0.00051946
0.000517764
0.000513175
0.000515831
0.000522593
0.000530223
0.000537734
0.00054281
0.000543942
0.000544051
0.00054617
0.000550411
0.000554711
0.000557941
0.000559482
0.000560453
0.00056117
0.000563205
0.000565409
0.000568259
0.000570336
0.000572667
0.000574474
0.000576941
0.00057862
0.000580498
0.000581166
0.00058241
0.000583039
0.000584801
0.000585865
0.000587711
0.000588572
0.000590275
0.0005909
0.000592591
0.000593083
0.000594904
0.000595505
0.000597001
0.000898194
0.000665195
0.000569848
0.000502798
0.000475457
0.000456673
0.000427674
0.000409443
0.000400227
0.000391136
0.000389869
0.000388202
0.000382902
0.000377785
0.000376179
0.00037835
0.000379197
0.000377998
0.000377999
0.000382771
0.000386211
0.000385421
0.000387343
0.000392132
0.000395241
0.000396364
0.000399245
0.000403093
0.000406974
0.000411239
0.00041599
0.000420945
0.000423937
0.000424432
0.000422888
0.000424727
0.000429557
0.00043645
0.000442085
0.000447207
0.000449597
0.000448088
0.000445683
0.00044644
0.000450149
0.00045499
0.000459121
0.000462124
0.000462784
0.000462777
0.00046375
0.000466073
0.000468371
0.000470487
0.000471373
0.000471603
0.000471662
0.000472783
0.000474211
0.000476108
0.000477453
0.000478886
0.00048
0.000481569
0.000482618
0.000483689
0.000483884
0.000484404
0.000484606
0.000485606
0.000486242
0.000487318
0.000487783
0.000488682
0.000488937
0.000489834
0.000490029
0.000491073
0.000491388
0.000492134
0.000704743
0.000529324
0.000457958
0.00040524
0.000384058
0.000370763
0.000348986
0.000340263
0.000336332
0.000334015
0.00033662
0.000336977
0.000332705
0.000327949
0.000325741
0.000326507
0.000326728
0.000325075
0.000324829
0.000328151
0.000329537
0.000328677
0.000330156
0.000333498
0.000335158
0.000335716
0.000337643
0.000340448
0.000343132
0.000346497
0.000350325
0.000353857
0.00035588
0.000355778
0.000354934
0.000355755
0.000358695
0.000363262
0.00036793
0.000371645
0.000373165
0.000371183
0.000368178
0.000368284
0.000370976
0.000374649
0.000377707
0.000379718
0.000379785
0.000379189
0.000379557
0.000381015
0.000382546
0.000383908
0.000384297
0.000383994
0.000383623
0.000384108
0.000384965
0.000386139
0.000386925
0.000387694
0.000388302
0.000389221
0.000389819
0.000390331
0.000390243
0.000390301
0.000390263
0.000390753
0.000391091
0.000391621
0.000391807
0.000392148
0.000392169
0.000392523
0.000392528
0.000393042
0.000393167
0.000393444
0.000537567
0.000411233
0.00035746
0.000316431
0.00030498
0.000295189
0.000283025
0.000283988
0.000287335
0.000291093
0.000291627
0.000289329
0.000283288
0.000277443
0.000274198
0.000272896
0.000271703
0.000269686
0.000269075
0.000270796
0.000270128
0.000267516
0.000268238
0.000270323
0.00027097
0.000270246
0.0002711
0.00027283
0.000274426
0.000276536
0.000279248
0.000281842
0.000283215
0.000282403
0.000280621
0.000280957
0.000283803
0.000286558
0.000289969
0.000292877
0.000294839
0.000292563
0.000288785
0.000288845
0.000290924
0.000293293
0.000295452
0.000297343
0.000297107
0.000295926
0.000295887
0.00029683
0.00029792
0.000298851
0.000298966
0.000298248
0.000297576
0.000297646
0.000298162
0.000298837
0.000299221
0.000299466
0.00029968
0.000300159
0.00030052
0.00030075
0.000300599
0.000300429
0.00030035
0.000300573
0.000300778
0.000300984
0.000300995
0.000300959
0.000300807
0.000300739
0.000300611
0.000300703
0.00030074
0.000300759
0.000392613
0.000310822
0.000268833
0.000241551
0.000236027
0.00023331
0.000234997
0.000245225
0.000253178
0.000251
0.000244294
0.000238262
0.000229929
0.000222681
0.000216154
0.000211381
0.000207788
0.00020434
0.00020249
0.00020215
0.000200708
0.000199163
0.000199734
0.000200752
0.000200631
0.000199971
0.000200377
0.000201205
0.000201973
0.000203273
0.000204913
0.000206304
0.000206861
0.00020598
0.000204416
0.000204389
0.000205869
0.000207318
0.000209545
0.000211132
0.000212007
0.000210306
0.000207385
0.000207211
0.000208268
0.000209701
0.000211003
0.000211861
0.000211593
0.000210592
0.000210351
0.000210725
0.000211215
0.000211594
0.00021148
0.000210759
0.000210121
0.000209985
0.000210151
0.000210405
0.00021052
0.000210515
0.000210529
0.00021069
0.000210811
0.00021082
0.000210602
0.00021037
0.000210213
0.000210218
0.000210229
0.000210193
0.000210045
0.000209864
0.000209631
0.000209464
0.000209287
0.000209237
0.000209212
0.000209048
0.000272718
0.000222785
0.000193476
0.000177474
0.000183022
0.000192713
0.000203411
0.000213495
0.000213324
0.000202585
0.000188338
0.000172949
0.000160975
0.000152591
0.000147763
0.000144373
0.000141643
0.000139487
0.000138317
0.000137763
0.000136678
0.000135907
0.000136222
0.000136458
0.000136
0.000135495
0.000135585
0.000135845
0.000136179
0.000136918
0.000137737
0.00013824
0.000138213
0.000137393
0.00013615
0.00013592
0.000136481
0.000137287
0.000138412
0.000139129
0.000139204
0.000137817
0.000135969
0.00013577
0.000136239
0.000137064
0.000137739
0.000137998
0.000137647
0.000136909
0.000136652
0.00013673
0.000136865
0.000136902
0.000136634
0.000136055
0.000135548
0.000135369
0.000135365
0.000135412
0.000135376
0.000135281
0.000135213
0.00013522
0.000135191
0.000135092
0.000134867
0.000134639
0.000134467
0.000134377
0.000134281
0.000134148
0.000133959
0.000133759
0.000133549
0.000133387
0.000133232
0.000133143
0.000133091
0.000132864
0.000170958
0.000148422
0.000132487
0.000133685
0.000149032
0.000162206
0.000169614
0.000171722
0.000163464
0.000141242
0.000118171
0.000105636
9.75499e-05
9.26469e-05
9.00541e-05
8.8231e-05
8.66126e-05
8.5382e-05
8.4707e-05
8.41519e-05
8.34016e-05
8.29012e-05
8.2869e-05
8.26474e-05
8.2113e-05
8.16354e-05
8.14814e-05
8.14259e-05
8.15317e-05
8.1846e-05
8.21047e-05
8.212e-05
8.17124e-05
8.08495e-05
7.99215e-05
7.96447e-05
7.98799e-05
8.03341e-05
8.08491e-05
8.10614e-05
8.06912e-05
7.95372e-05
7.83909e-05
7.82108e-05
7.84769e-05
7.89394e-05
7.92522e-05
7.92331e-05
7.881e-05
7.82826e-05
7.80593e-05
7.8039e-05
7.80354e-05
7.79287e-05
7.76248e-05
7.71724e-05
7.67952e-05
7.66329e-05
7.65811e-05
7.65456e-05
7.6455e-05
7.63352e-05
7.62436e-05
7.61899e-05
7.61057e-05
7.59682e-05
7.5763e-05
7.55607e-05
7.54012e-05
7.52864e-05
7.51671e-05
7.50259e-05
7.48618e-05
7.46944e-05
7.45342e-05
7.44007e-05
7.4279e-05
7.41861e-05
7.41299e-05
7.39084e-05
0.000102193
9.61368e-05
9.96247e-05
0.000108445
0.000119614
0.000125007
0.000127155
0.000122169
0.000103517
6.92549e-05
5.40817e-05
4.80929e-05
4.42672e-05
4.20362e-05
4.08728e-05
3.98883e-05
3.87923e-05
3.78117e-05
3.72429e-05
3.66516e-05
3.58295e-05
3.50914e-05
3.47739e-05
3.43177e-05
3.36417e-05
3.30457e-05
3.26574e-05
3.23789e-05
3.22098e-05
3.21996e-05
3.22123e-05
3.20267e-05
3.15251e-05
3.07005e-05
2.98282e-05
2.93471e-05
2.93948e-05
2.95918e-05
2.98946e-05
3.00593e-05
2.96991e-05
2.87616e-05
2.78553e-05
2.75579e-05
2.76548e-05
2.78613e-05
2.80528e-05
2.80107e-05
2.76201e-05
2.71948e-05
2.69451e-05
2.68635e-05
2.68302e-05
2.67377e-05
2.64946e-05
2.61528e-05
2.58567e-05
2.56844e-05
2.561e-05
2.55531e-05
2.5458e-05
2.53321e-05
2.52225e-05
2.51444e-05
2.50559e-05
2.49278e-05
2.4759e-05
2.45883e-05
2.44408e-05
2.43276e-05
2.42253e-05
2.41141e-05
2.39972e-05
2.3874e-05
2.37549e-05
2.36425e-05
2.35363e-05
2.34425e-05
2.33822e-05
2.31997e-05
6.41165e-05
6.86966e-05
6.85443e-05
8.0962e-05
8.88683e-05
8.27868e-05
8.74243e-05
8.03462e-05
5.35491e-05
1.72778e-05
5.52369e-06
2.84665e-06
2.03499e-06
1.69105e-06
1.51948e-06
1.39505e-06
1.27975e-06
1.18503e-06
1.12348e-06
1.06633e-06
1.00278e-06
9.55559e-07
9.32907e-07
9.04346e-07
8.65092e-07
8.312e-07
8.10296e-07
7.96161e-07
7.87752e-07
7.8663e-07
7.84751e-07
7.73336e-07
7.49464e-07
7.09143e-07
6.68983e-07
6.55002e-07
6.61004e-07
6.73789e-07
6.8766e-07
6.8964e-07
6.70968e-07
6.27343e-07
5.86757e-07
5.7879e-07
5.85618e-07
5.96593e-07
6.02596e-07
5.97411e-07
5.8105e-07
5.63468e-07
5.55833e-07
5.54759e-07
5.54036e-07
5.49331e-07
5.38741e-07
5.24907e-07
5.13608e-07
5.0841e-07
5.06131e-07
5.03636e-07
4.99445e-07
4.94584e-07
4.90903e-07
4.88251e-07
4.84928e-07
4.80078e-07
4.73941e-07
4.67896e-07
4.63217e-07
4.59671e-07
4.56349e-07
4.52583e-07
4.48478e-07
4.44118e-07
4.39894e-07
4.35957e-07
4.32363e-07
4.29261e-07
4.27126e-07
4.21012e-07
)
;

boundaryField
{
    inlet
    {
        type            zeroGradient;
    }
    outlet
    {
        type            zeroGradient;
    }
    bottom
    {
        type            compressible::alphatWallFunction;
        Prt             0.85;
        value           nonuniform List<scalar> 
196
(
5.63732e-07
2.00691e-06
1.51584e-06
7.82981e-07
1.01835e-08
1.17034e-08
0
0
3.65453e-07
3.85198e-07
0
0
2.2694e-08
2.62733e-07
0
0
0
8.51691e-08
1.57611e-07
0
0
0
0
0
6.41545e-08
1.71447e-07
1.60942e-07
1.86648e-07
7.53918e-08
0
3.33026e-08
0
0
1.09328e-07
0
0
0
0
0
0
0
0
0
0
0
0
0
0
0
0
0
0
0
0
0
0
0
0
0
0
0
0
0
0
0
0
0
0
0
0
0
0
0
0
0
0
0
0
0
0
0
0
0
0
0
0
0
0
0
0
0
0
0
0
0
0
0
0
0
0
0
0
0
0
0
0
0
0
0
0
0
0
0
0
0
0
0
0
0
0
0
0
0
0
0
0
0
0
0
0
0
0
8.39632e-07
2.94303e-06
4.98306e-06
6.7722e-06
7.96485e-06
9.69762e-06
1.03484e-05
1.18879e-05
1.28473e-05
1.33801e-05
1.37342e-05
1.43127e-05
1.49201e-05
1.50285e-05
1.52148e-05
1.54931e-05
1.57972e-05
1.59485e-05
1.59582e-05
1.60269e-05
1.6172e-05
1.63502e-05
1.64348e-05
1.63932e-05
1.63729e-05
1.64037e-05
1.6493e-05
1.65487e-05
1.65271e-05
1.64429e-05
1.63793e-05
1.63507e-05
1.63498e-05
1.63264e-05
1.62634e-05
1.61978e-05
1.61567e-05
1.61525e-05
1.61632e-05
1.614e-05
1.60899e-05
1.59966e-05
1.58641e-05
1.57585e-05
1.57125e-05
1.56879e-05
1.56721e-05
1.56231e-05
1.55121e-05
1.52881e-05
1.49246e-05
1.44178e-05
1.38359e-05
1.32537e-05
1.27265e-05
1.22309e-05
1.17316e-05
1.11962e-05
1.05651e-05
9.8151e-06
8.91473e-06
7.92501e-06
6.89293e-06
5.42112e-06
)
;
    }
    top
    {
        type            compressible::alphatWallFunction;
        Prt             0.85;
        value           nonuniform List<scalar> 
190
(
1.96937e-05
2.37607e-05
2.27982e-05
2.06491e-05
1.78268e-05
1.47716e-05
1.22737e-05
1.05084e-05
9.34761e-06
8.62942e-06
8.27783e-06
8.11866e-06
8.03819e-06
7.95474e-06
7.94133e-06
7.94785e-06
7.92908e-06
7.82952e-06
7.67576e-06
7.49973e-06
7.37202e-06
7.30472e-06
7.24562e-06
7.14749e-06
7.00336e-06
6.814e-06
6.59603e-06
6.37527e-06
6.17265e-06
5.99536e-06
5.83637e-06
5.68692e-06
5.54111e-06
5.39033e-06
5.22946e-06
5.06467e-06
4.90684e-06
4.7628e-06
4.63184e-06
4.5054e-06
4.3744e-06
4.23634e-06
4.09376e-06
3.94706e-06
3.7994e-06
3.65392e-06
3.50644e-06
3.35109e-06
3.1865e-06
3.01761e-06
2.85337e-06
2.70117e-06
2.56263e-06
2.43581e-06
2.31704e-06
2.20327e-06
2.09244e-06
1.9816e-06
1.86894e-06
1.7549e-06
1.64204e-06
1.5326e-06
1.42788e-06
1.32709e-06
1.22923e-06
1.13175e-06
1.03162e-06
9.25941e-07
8.14827e-07
6.99587e-07
5.82342e-07
4.65682e-07
3.52395e-07
2.44681e-07
1.44584e-07
4.76484e-08
1.01756e-08
7.41359e-08
3.77787e-07
4.3201e-07
1.31443e-07
2.76357e-07
3.26874e-07
0
9.56723e-08
5.95436e-07
4.81938e-07
2.30016e-07
2.19447e-07
0
6.70853e-08
0
5.06149e-07
0
6.66122e-07
3.01723e-07
1.20288e-07
6.69177e-08
4.78103e-07
0
2.80888e-07
7.15365e-09
2.3827e-08
4.71239e-07
1.62468e-07
0
7.11012e-07
0
6.01159e-07
0
2.01018e-08
1.98093e-08
0
0
6.93066e-08
0
0
0
0
0
0
0
0
0
0
0
0
0
0
0
0
0
0
0
0
0
0
0
0
0
0
0
0
0
0
0
0
0
0
0
0
0
0
0
0
0
0
0
0
0
0
0
0
0
0
0
0
0
0
0
0
0
0
0
0
0
0
0
0
0
0
0
0
0
0
0
0
0
0
0
)
;
    }
    upstream
    {
        type            symmetryPlane;
    }
    defaultFaces
    {
        type            empty;
    }
}


// ************************************************************************* //
