/*--------------------------------*- C++ -*----------------------------------*\
  =========                 |
  \\      /  F ield         | OpenFOAM: The Open Source CFD Toolbox
   \\    /   O peration     | Website:  https://openfoam.org
    \\  /    A nd           | Version:  13
     \\/     M anipulation  |
\*---------------------------------------------------------------------------*/
FoamFile
{
    format      ascii;
    class       volScalarField;
    location    "0.0014";
    object      k;
}
// * * * * * * * * * * * * * * * * * * * * * * * * * * * * * * * * * * * * * //

dimensions      [0 2 -2 0 0 0 0];

internalField   nonuniform List<scalar> 
16072
(
11642.5
12894
12385.5
11613.2
10791.2
10997.2
1712.12
2699.42
2703.97
2814.95
3831.69
6154.95
134.993
645.704
814.657
843.962
977.341
1355.64
31.099
104.691
251.783
307.993
336.781
381.318
26.2129
35.2507
67.2554
107.334
135.579
148.079
25.946
27.5709
32.6896
43.1224
57.4523
65.3423
25.8563
26.849
27.9744
30.1573
34.1763
36.2757
25.7677
26.6804
27.3254
28.0395
29.0701
29.5602
25.7016
26.2106
27.1931
27.8028
28.0647
28.116
25.6619
26.032
26.8724
27.7681
27.8575
27.8095
25.6375
25.8561
26.3885
27.5283
27.811
27.7777
25.6235
25.7395
26.1461
27.0408
27.7088
27.7593
25.6156
25.6679
25.9115
26.4149
27.4514
27.7898
25.6076
25.6282
25.7539
26.1354
26.9645
27.7058
25.6038
25.6075
25.6603
25.8788
26.3661
27.3191
25.6069
25.5939
25.6123
25.7129
26.037
26.7173
25.6103
25.587
25.5889
25.6266
25.7796
26.1431
25.6076
25.5916
25.575
25.5842
25.6405
25.8356
25.6069
25.592
25.5728
25.5643
25.5797
25.6636
25.6089
25.5887
25.5762
25.5548
25.5528
25.5776
25.6065
25.5925
25.5713
25.56
25.5383
25.5406
25.6081
25.5899
25.5743
25.5554
25.5416
25.5236
25.6078
25.5905
25.5735
25.5563
25.5394
25.5232
25.6075
25.5909
25.5731
25.5567
25.5389
25.5229
25.6077
25.5906
25.5735
25.5563
25.5392
25.5222
25.6081
25.5901
25.574
25.5557
25.5399
25.5214
25.6068
25.5916
25.5724
25.5576
25.5379
25.5236
25.6078
25.5905
25.5735
25.5563
25.5392
25.5222
25.6089
25.5893
25.5747
25.555
25.5405
25.5208
25.6086
25.5896
25.5743
25.5554
25.5401
25.5212
25.6078
25.5905
25.5734
25.5564
25.5391
25.5222
25.6075
25.5909
25.5731
25.5567
25.5388
25.5226
25.6076
25.5907
25.5732
25.5566
25.539
25.5224
25.6083
25.59
25.574
25.5557
25.5398
25.5215
25.6085
25.5898
25.5742
25.5555
25.54
25.5213
25.608
25.5903
25.5737
25.5561
25.5395
25.5219
25.6075
25.5909
25.5731
25.5566
25.5389
25.5225
25.6075
25.5908
25.5732
25.5566
25.539
25.5224
25.6078
25.5906
25.5735
25.5563
25.5392
25.5221
25.6078
25.5906
25.5735
25.5563
25.5393
25.5221
25.6077
25.5907
25.5734
25.5564
25.5391
25.5222
25.6076
25.5907
25.5733
25.5564
25.5391
25.5223
25.6077
25.5906
25.5734
25.5564
25.5392
25.5222
25.6078
25.5906
25.5735
25.5563
25.5393
25.5221
25.6078
25.5906
25.5735
25.5563
25.5392
25.5221
25.6077
25.5906
25.5734
25.5564
25.5392
25.5222
25.6076
25.5907
25.5733
25.5564
25.5391
25.5223
25.6076
25.5907
25.5733
25.5565
25.5391
25.5223
25.6076
25.5907
25.5733
25.5565
25.5391
25.5223
25.6076
25.5907
25.5733
25.5565
25.5391
25.5223
25.6076
25.5907
25.5733
25.5564
25.5391
25.5223
25.6076
25.5907
25.5733
25.5565
25.5391
25.5223
25.6076
25.5907
25.5733
25.5565
25.5391
25.5223
25.6076
25.5907
25.5733
25.5565
25.5391
25.5223
25.6077
25.5907
25.5734
25.5564
25.5391
25.5222
25.6079
25.5905
25.5736
25.5562
25.5394
25.522
25.6082
25.5901
25.574
25.5558
25.5398
25.5216
25.6085
25.5898
25.5742
25.5555
25.54
25.5213
25.6086
25.5897
25.5743
25.5554
25.5401
25.5212
25.6086
25.5897
25.5743
25.5554
25.5402
25.5212
25.6085
25.5897
25.5743
25.5554
25.5401
25.5212
25.6085
25.5898
25.5742
25.5555
25.54
25.5213
25.6083
25.5899
25.5741
25.5557
25.5399
25.5215
25.6083
25.59
25.574
25.5557
25.5398
25.5216
25.6082
25.59
25.574
25.5557
25.5398
25.5216
25.6082
25.59
25.574
25.5557
25.5398
25.5216
25.6081
25.5901
25.574
25.5556
25.54
25.5214
25.6078
25.5904
25.5737
25.5559
25.5396
25.5216
25.6074
25.5908
25.5733
25.5565
25.5388
25.523
25.607
25.5912
25.5729
25.5567
25.539
25.5226
25.6064
25.5919
25.5723
25.5573
25.5389
25.5207
25.6058
25.5927
25.5712
25.5591
25.5354
25.5256
25.6054
25.5931
25.5708
25.5593
25.5324
25.5503
25.6052
25.5933
25.5707
25.5592
25.532
25.6231
25.6051
25.5934
25.5707
25.5592
25.5325
25.8059
25.6051
25.5934
25.5707
25.5592
25.5333
26.3254
25.6051
25.5934
25.5706
25.5592
25.5346
27.852
25.605
25.5934
25.5706
25.5592
25.5349
28.0399
25.605
25.5934
25.5706
25.5592
25.5349
28.4248
25.605
25.5934
25.5706
25.5592
25.5343
28.3903
25.605
25.5934
25.5706
25.5592
25.5333
28.5056
25.605
25.5934
25.5706
25.5592
25.5317
28.285
12386.9
12391.6
12337.7
12656.5
13100.1
13449.4
12734.1
13243.8
13917.3
14147.8
14458.6
13628.9
13888.7
14329.4
14802
14926.6
14980.7
15649.7
14742.9
15093.6
15254.4
15474.7
15466.3
16077.7
15766.8
16442.8
16860.6
16462.7
17486.3
17511.7
17661.6
18405.1
17865.5
18585.2
18321.5
19174.1
19053.6
18264.7
18576.2
19722.8
19578.3
20279.3
20412.3
20315.2
19414.9
17239.6
12135.5
5947.02
2846.37
1795.68
1401.76
1217.83
1105.83
1025.06
959.827
905.277
857.382
815.571
777.6
743.753
712.512
684.321
657.893
633.786
610.999
590.008
570.027
551.448
533.934
516.128
497.828
480.614
463.936
448.436
433.451
419.556
406.063
393.529
381.275
369.868
358.682
348.264
338.062
328.586
319.276
310.581
302.012
293.974
286.037
278.552
271.189
264.236
257.438
251.041
244.806
238.902
233.132
227.612
222.256
217.063
212.086
207.196
202.597
197.971
193.774
189.336
185.556
181.185
178
172.597
8902.43
10530.7
11505.3
11985.2
12245.7
12316.9
12269.3
12165.8
12008.4
11886.3
11790.3
11681.5
11592.2
11525.5
11485.3
11444.4
11359.8
11299.5
11239
11201.2
11180.1
11156.1
11111.5
11103.1
11086.3
11079.3
11071.4
11073
11082.1
11067.8
11065.7
11053.6
10994.4
10984.1
10939.5
10947
10905.7
10936.6
10897
10890.9
10843.2
10930.9
10946.3
10922.4
10674.7
10036.8
8606.16
6783.52
5863.39
5519.17
5333.98
5229.45
5154.25
5091.67
5032.8
4977.94
4923.93
4873.31
4822.65
4774.58
4726.1
4680.02
4633.21
4588.46
4543.07
4499.42
4455.08
4411.87
4369.82
4322.11
4269.14
4218.57
4166.03
4116.48
4064.98
4016.81
3966.62
3919.82
3870.88
3825.35
3777.68
3733.35
3687.14
3644.26
3599.4
3557.48
3513.74
3472.68
3429.92
3389.45
3347.74
3308.09
3267.71
3229.35
3190.62
3153.42
3116.12
3079.71
3043.68
3007.82
2973.04
2937.71
2904.44
2869.41
2838.19
2802.82
2774.23
2737.24
2714.01
2663.13
2324.85
3567.58
4686.24
5652.03
6405.19
7061.87
7584.15
7892.15
8031.73
8113.65
8187.61
8231.62
8266.22
8300.86
8337.15
8379.82
8400.41
8414.1
8437.59
8467.91
8501.8
8537.35
8562.51
8596.63
8627.01
8661.73
8693.49
8727.32
8767.81
8797.15
8832.07
8836.81
8825.21
8808.99
8785.45
8768.34
8749.14
8741.61
8727.05
8710.74
8697.48
8695.03
8687.11
8684.65
8619.3
8422.71
7964.11
7224.19
6713.99
6452.11
6300.07
6205.23
6136.35
6081.98
6033.79
5991.78
5952.08
5916.93
5882.67
5851.47
5820.16
5791.38
5762.13
5734.78
5706.89
5680.62
5653.69
5627.85
5601.89
5576.65
5548.33
5521.86
5493.22
5466.95
5438.62
5412.89
5384.97
5359.62
5332.11
5307.22
5280.29
5255.92
5229.73
5206.09
5180.69
5157.31
5132.31
5109.08
5084.45
5061.19
5037.01
5013.89
4990.35
4967.8
4945.14
4923.09
4901.3
4879.36
4858.34
4836.36
4816.17
4794.1
4775.02
4752.63
4735.15
4711.68
4696.54
4670.83
4659.46
4626.41
524.871
848.738
1308.85
1892.03
2456.93
3047.31
3659.79
4200.42
4612.22
4935.1
5208.93
5426.87
5600.33
5745.18
5870.89
5989.26
6085.44
6163.4
6235.49
6308.75
6379.62
6451.46
6513.53
6576.25
6635.28
6696.42
6754.54
6812.46
6873.12
6927.18
6984.96
7030.51
7061.68
7082.65
7096.3
7108.62
7119.23
7131.96
7143.68
7155.06
7166.3
7180.86
7189.69
7213.76
7206.71
7149.19
6982.58
6637.61
6329
6111.88
5964.67
5865.19
5792.55
5737.4
5691.53
5654.26
5621.19
5594.04
5569.22
5548.31
5528.19
5511.08
5494.19
5479.34
5464.43
5451.28
5437.96
5425.84
5413.18
5402.09
5389.11
5377.6
5364.3
5352.83
5339.65
5328.46
5315.38
5304.14
5291.04
5279.84
5266.93
5255.88
5243.47
5232.94
5221.18
5210.83
5199.32
5188.87
5177.47
5166.72
5155.48
5144.53
5133.52
5122.75
5112.17
5101.56
5091.54
5080.83
5071.27
5060.32
5051.25
5040.01
5031.7
5020.12
5012.85
5000.41
4994.66
4980.85
4976.29
4961.62
169.195
216.39
296.822
467.122
673.238
937.548
1300.76
1725.24
2145.57
2529.83
2887.66
3202.17
3473.54
3711.87
3923.09
4116.01
4282.86
4423.38
4543.1
4655.38
4758.2
4857.47
4946.12
5029.84
5107.72
5184.41
5257.52
5327.77
5398.47
5464.03
5529.75
5593.54
5650.66
5699.01
5740.45
5777.52
5811.27
5844.66
5876.54
5907.87
5937.72
5968.59
5994.75
6038.39
6062.29
6054.28
5998.27
5844.1
5637.25
5463.22
5330.62
5234.6
5162.25
5107.23
5062.28
5026.85
4996.5
4972.75
4952.2
4936.22
4921.66
4910.53
4900.14
4892.2
4884.59
4878.96
4873.65
4869.16
4863.84
4859.98
4855.18
4851.46
4846.57
4843.03
4838.33
4835.16
4830.6
4827.31
4822.6
4819.15
4814.46
4811.06
4806.52
4803.17
4799.11
4795.93
4792.11
4788.81
4785.05
4781.4
4777.72
4773.74
4770.11
4766.15
4762.68
4758.75
4755.65
4751.63
4748.78
4744.52
4741.9
4737.39
4735.19
4730.54
4728.69
4723.95
4722.54
4717.59
4716.36
4712.72
75.7375
84.5686
95.8908
125.103
165.611
220.105
325.007
479.935
689.495
946.665
1236.84
1536.73
1820.41
2088.62
2340.49
2576.96
2792.75
2985.27
3153.55
3307.81
3447.34
3577.83
3695.54
3803.84
3903.02
3996.99
4085.5
4168.74
4249.79
4326.02
4399.05
4471.67
4541.99
4607.33
4666.99
4722.07
4772.6
4821.57
4867.87
4913.22
4956.79
4998.47
5038.17
5091.08
5131.92
5154.92
5146.75
5094.59
4979.65
4850.17
4737.76
4649.28
4579.94
4525.94
4481.49
4446.4
4416.59
4393.41
4373.87
4359.08
4346.16
4336.83
4328.63
4322.99
4318.03
4315.14
4312.94
4311.95
4310.61
4310.49
4310.15
4310.46
4310.32
4311.03
4311.17
4312.46
4312.83
4314.18
4314.36
4315.38
4315.52
4316.48
4316.7
4317.7
4318.29
4319.48
4320.33
4321.43
4322.35
4323.05
4324.02
4324.34
4325.25
4325.49
4326.39
4326.62
4327.74
4327.95
4329.14
4329.2
4330.33
4330.26
4331.46
4331.37
4332.77
4332.63
4334.27
4334.16
4335.15
4337.89
41.7471
45.178
47.4606
53.714
60.9455
68.658
85.5069
117.644
162.109
237.506
350.345
501.754
680.314
884.8
1105.44
1334.72
1557.96
1769.29
1963.84
2145.08
2312.57
2470.13
2616.13
2751.31
2875.63
2991.32
3099.24
3199.67
3295.04
3385.04
3469.43
3551.21
3630.65
3707.38
3779.73
3848.33
3911.93
3973.19
4030.9
4087.15
4141.06
4192.02
4241.82
4299.34
4349.57
4391.26
4418.61
4412.54
4373.5
4295.68
4213.75
4142.52
4083.33
4035.24
3994.96
3962.55
3934.86
3913.16
3895.05
3881.38
3869.74
3861.53
3854.61
3850.18
3846.64
3845.13
3844.62
3845.17
3845.95
3847.94
3849.68
3852.45
3854.65
3857.93
3860.65
3864.59
3867.79
3871.8
3874.88
3878.58
3881.53
3885.09
3888.12
3891.62
3895.02
3898.7
3902.42
3906.05
3909.85
3913.08
3916.91
3919.72
3923.43
3926.07
3929.74
3932.24
3936.18
3938.56
3942.62
3944.74
3948.75
3950.59
3954.59
3956.4
3960.46
3962.31
3966.23
3968.97
3971.23
3977.33
31.1291
32.3653
32.9702
34.6683
36.4456
37.6034
39.9155
45.4594
52.1848
64.1587
85.3906
123.104
173.852
246.339
344.9
474.8
627.974
798.78
975.114
1153.96
1327.52
1495.05
1655.4
1806.78
1948.64
2082.09
2207.76
2326.1
2438.42
2544.77
2644.39
2739.04
2829.07
2916.26
2999.47
3079.55
3154.67
3226.82
3294.83
3360.89
3423.67
3483.63
3542.02
3603.25
3660.31
3712.81
3761.49
3792.48
3789.75
3767.19
3721.23
3674.92
3632.82
3596.4
3564.84
3538.66
3515.96
3497.98
3483.08
3471.88
3462.57
3456.18
3451.04
3448.12
3446.14
3446.02
3446.68
3448.75
3451.08
3454.59
3457.93
3462.33
3466.29
3471.26
3475.9
3481.6
3486.89
3492.76
3498.01
3503.57
3508.65
3513.99
3519.1
3524.31
3529.77
3535.17
3540.98
3546.4
3552.33
3557.36
3563.27
3567.86
3573.61
3577.94
3583.6
3587.76
3593.69
3597.69
3603.74
3607.49
3613.4
3616.86
3622.59
3626.09
3631.59
3635.49
3640.3
3645.58
3648.63
3656.35
28.4057
28.8529
28.9461
29.255
29.7197
29.9167
30.2195
31.084
32.0317
33.8883
36.6241
42.7686
51.5958
65.8462
86.2215
120.832
170.478
238.652
323.772
428.305
549.958
685.035
829.206
975.587
1119.7
1259.02
1392.71
1520.7
1643.36
1760.92
1872.57
1979.31
2080.78
2178.74
2272.71
2363.71
2449.89
2532.68
2611.09
2686.96
2758.84
2827.95
2895.08
2961.31
3024.89
3085.57
3145.94
3199.12
3230.11
3236.83
3229.79
3212.98
3192.58
3172.65
3154.34
3138.25
3123.77
3112.24
3102.91
3096.19
3090.88
3087.69
3085.53
3085.12
3085.52
3087.07
3089.78
3093.68
3097.75
3102.86
3107.94
3113.86
3119.56
3126
3132.42
3139.62
3146.77
3154.23
3161.4
3168.55
3175.52
3182.34
3189.26
3195.87
3203.07
3209.88
3217.45
3224.35
3232.05
3238.59
3246.22
3252.3
3259.71
3265.47
3272.7
3278.3
3285.74
3291.22
3298.72
3304.03
3311.25
3316.35
3323.16
3328.45
3334.66
3340.64
3345.83
3353.26
3357
3365.68
27.7981
27.8406
27.8412
27.8434
27.885
27.897
27.917
27.9906
28.0864
28.3261
28.6479
29.421
30.5291
32.9129
35.7995
41.3187
51.0671
65.9544
86.6176
115.104
155.08
208.591
278.246
362.667
459.693
567.305
681.798
800.758
920.582
1039.95
1155.83
1268.28
1376.09
1480.39
1580.77
1678.52
1772.33
1863.28
1950.55
2035.4
2116.42
2194.66
2270.6
2343.35
2413.88
2482.89
2550.79
2617.68
2670.68
2704.67
2724.92
2735.3
2739.61
2739.45
2738.27
2735.74
2732.66
2730.46
2729.33
2729.41
2730.08
2731.8
2734.36
2737.62
2741.61
2746.35
2751.91
2758.25
2764.81
2772.01
2779.34
2787.1
2794.86
2802.98
2811.37
2820.15
2829.24
2838.31
2847.46
2856.19
2865.06
2873.36
2882.04
2890.04
2898.88
2907.04
2916.23
2924.55
2933.87
2941.86
2951.03
2958.56
2967.41
2974.56
2983.11
2990.14
2998.79
3005.78
3014.39
3021.33
3029.49
3036.33
3043.85
3051.01
3057.64
3065.61
3071.11
3080.36
3084.76
3094.24
27.6781
27.6109
27.4832
27.4605
27.4197
27.3842
27.3479
27.3057
27.2734
27.2736
27.2789
27.3074
27.3871
27.6174
28.0316
28.7271
30.1505
32.8798
36.5124
41.4482
49.0344
60.8158
78.1019
102.432
133.686
174.663
225.51
288.129
361.32
445.156
536.423
633.941
733.97
835.383
935.711
1034.9
1131.39
1225.48
1316.66
1405.71
1491.59
1575.42
1657.2
1736.13
1811.89
1887.29
1960.22
2033.64
2100.85
2155.62
2199.68
2234
2261.61
2282.75
2299.94
2313.51
2324.8
2334.74
2344.44
2353.47
2362.54
2371.27
2380.36
2388.99
2398.1
2407.31
2417.12
2426.96
2437.05
2447.17
2457.57
2467.82
2478.28
2488.58
2499.39
2510.15
2521.51
2532.45
2543.81
2554.37
2565.33
2575.34
2585.93
2595.49
2606.05
2615.7
2626.53
2636.35
2647.27
2656.82
2667.48
2676.57
2686.78
2695.45
2705.2
2713.76
2723.46
2732.07
2741.6
2750.29
2759.21
2767.9
2775.98
2785.06
2792.06
2801.92
2807.8
2818.67
2823.76
2834.39
27.7003
27.5987
27.4261
27.3754
27.2951
27.2451
27.2125
27.1479
27.0994
27.079
27.0511
26.9878
26.9145
26.9074
26.9268
26.9963
27.1619
27.5811
28.0787
29.0078
30.0422
32.2039
35.2053
40.3254
46.5199
55.7468
67.8026
85.0143
107.289
136.674
172.707
217.536
270.64
332.655
402.115
478.264
558.937
642.916
728.431
814.905
900.364
985.506
1069.07
1150.66
1229.35
1307.8
1383.77
1458.91
1532.41
1597.89
1656.42
1707.54
1753.71
1793.87
1829.67
1860.5
1887.98
1912.19
1934.86
1955.04
1974.55
1992.39
2010.05
2026.02
2042.11
2057.32
2072.97
2087.65
2102.56
2116.73
2131.27
2144.99
2159.04
2172.33
2186.32
2199.7
2213.88
2227.23
2241.24
2254.07
2267.5
2279.63
2292.44
2303.93
2316.47
2327.91
2340.53
2352.11
2364.73
2376.06
2388.29
2399.16
2410.78
2421.18
2432.14
2442.44
2453.17
2463.58
2474
2484.56
2494.22
2504.85
2513.53
2524.54
2532.04
2543.72
2550.14
2562.58
2568.39
2581.02
27.7249
27.6359
27.4707
27.3808
27.2684
27.2045
27.1764
27.1098
27.0597
27.0403
27.0153
26.958
26.889
26.8497
26.8332
26.8078
26.7885
26.8051
26.8523
26.9777
27.1345
27.509
27.9603
29.0098
29.9735
31.961
34.0239
37.6245
42.1219
48.9466
57.2411
68.7132
83.4231
103.021
127.461
157.938
193.969
236.438
284.843
340.012
400.488
466.918
537.119
609.941
684.12
759.899
835.306
909.629
984.45
1054.34
1119.58
1178.75
1234.81
1286.31
1334.94
1378.8
1419.75
1456.79
1492.45
1524.75
1556.13
1584.82
1612.93
1638.12
1663.01
1685.79
1708.79
1729.8
1751.01
1770.53
1790.58
1808.98
1827.84
1845.19
1863.34
1880.27
1898.06
1914.56
1931.87
1947.66
1964.11
1978.98
1994.49
2008.49
2023.4
2037.1
2051.82
2065.55
2080.1
2093.6
2107.59
2120.6
2133.79
2146.27
2158.58
2170.9
2182.78
2195.19
2206.61
2219.2
2229.73
2242.41
2251.86
2264.86
2273.08
2286.61
2293.75
2307.84
2314.44
2329.78
27.6954
27.6436
27.5565
27.4316
27.3072
27.2166
27.1801
27.107
27.0554
27.0366
27.0166
26.9701
26.9143
26.8771
26.8575
26.8242
26.7716
26.735
26.7121
26.7035
26.7085
26.7345
26.7941
26.9684
27.1552
27.5851
27.9429
28.7312
29.436
30.9576
32.4397
34.9566
37.8794
42.3848
47.9849
55.6681
65.1048
77.1013
91.7958
110.221
132.696
159.994
192.448
229.602
272.428
320.191
372.946
428.475
489.366
551.118
613.654
673.294
732.29
788.268
843.246
894.073
943.148
988.446
1033.27
1074.68
1115.36
1152.81
1189.73
1223.09
1256.22
1286.73
1317.62
1345.82
1374.33
1400.41
1427.13
1451.36
1476.12
1498.54
1521.88
1543.17
1565.51
1586.02
1607.51
1627.04
1647.31
1665.66
1684.55
1701.71
1719.59
1736.18
1753.55
1770.04
1787
1803.25
1819.41
1835.09
1850.21
1865.25
1879.21
1893.98
1907.26
1922.06
1934.73
1949.68
1961.36
1976.28
1986.82
2001.94
2011.18
2026.68
2034.8
2050.67
2058.21
2076.42
27.6346
27.6467
27.5954
27.4754
27.3609
27.2451
27.1936
27.1175
27.0644
27.0379
27.0228
26.9857
26.9422
26.9098
26.8905
26.859
26.8045
26.7625
26.7305
26.7048
26.6795
26.6396
26.6223
26.6295
26.6544
26.7294
26.798
26.9504
27.0817
27.3469
27.7494
28.1481
28.866
29.6383
31.0921
32.4796
34.8636
37.1552
40.9292
44.892
50.7405
57.3888
66.8434
77.2284
91.1546
107.145
127.422
149.629
177.358
207.518
242.511
278.944
319.328
360.627
405.286
449.399
495.283
539.957
586.229
630.459
675.31
717.664
760.248
799.178
838.174
874.484
911.635
945.768
980.355
1011.93
1044.2
1073.46
1103.36
1130.51
1158.75
1184.67
1211.71
1236.46
1262.35
1285.98
1310.41
1332.72
1355.43
1376.3
1397.62
1417.77
1438.32
1458.25
1478.09
1497.66
1516.42
1535.33
1552.8
1570.9
1586.9
1604.58
1619.68
1637.29
1651.63
1669.35
1682.56
1700.17
1712.11
1729.82
1740.34
1758.25
1767.59
1785.68
1794.35
1815
27.4594
27.6632
27.6153
27.5035
27.4062
27.2711
27.2147
27.1364
27.0771
27.04
27.025
26.9912
26.9547
26.9279
26.9124
26.8815
26.838
26.8008
26.7741
26.7477
26.7151
26.6649
26.6291
26.603
26.5912
26.5916
26.5871
26.5902
26.5993
26.6239
26.6944
26.7728
26.9571
27.1165
27.4849
27.7585
28.359
28.7819
29.7148
30.4139
31.9495
33.117
35.7082
37.5967
41.534
44.8284
50.7363
55.9469
64.3992
72.6082
84.1986
96.0692
111.494
127.252
147.014
166.952
190.569
214.618
242.944
271.406
303.616
335.823
371.403
405.567
442.227
477.511
515.17
550.667
587.615
621.983
657.59
690.323
723.894
754.598
786.434
815.979
846.731
875.202
904.722
931.979
959.798
985.534
1011.34
1035.45
1059.63
1082.76
1105.84
1128.73
1151.02
1173.76
1194.98
1217.12
1236.97
1258.28
1276.49
1297.36
1314.62
1335.37
1351.75
1372.6
1387.71
1408.38
1422.05
1442.72
1454.83
1475.5
1486.32
1507.03
1517.03
1539.77
26.957
27.6562
27.6169
27.5255
27.4559
27.3162
27.2373
27.1526
27.0964
27.0482
27.024
26.9904
26.9537
26.935
26.9227
26.8964
26.86
26.827
26.8038
26.7843
26.7557
26.7141
26.673
26.6361
26.6137
26.6003
26.5763
26.548
26.5142
26.4852
26.4825
26.4877
26.5154
26.5501
26.6328
26.6928
26.829
26.9284
27.1586
27.3209
27.6968
27.9609
28.5769
28.9968
29.95
30.6182
32.1228
33.1577
35.4496
37.0369
40.5069
42.7849
47.6533
50.9269
57.4708
62.3369
70.3902
77.183
87.6981
96.9982
109.862
122.307
138.815
154.29
173.356
191.984
214.775
237.053
262.82
287.75
315.772
342.553
371.691
399.392
429.395
458.239
488.984
518.357
549.05
578.154
607.778
635.855
663.738
690.382
716.688
742.368
767.437
792.824
816.964
842.264
865.281
890.001
911.631
935.503
955.409
978.623
997.315
1020.28
1037.99
1061.14
1077.6
1100.68
1115.7
1138.86
1152.33
1175.55
1187.75
1211.13
1222.54
1247.69
26.3409
27.3782
27.4774
27.4921
27.4604
27.3791
27.2895
27.1868
27.1201
27.0651
27.0315
26.9971
26.9574
26.9438
26.9325
26.9067
26.8734
26.8423
26.8211
26.8044
26.7826
26.7495
26.714
26.6783
26.6544
26.6339
26.606
26.5714
26.5295
26.4902
26.4667
26.4489
26.4438
26.4402
26.4412
26.4438
26.4536
26.4691
26.51
26.5461
26.6324
26.6972
26.8481
26.9561
27.2039
27.3711
27.7547
28.0052
28.5756
28.9492
29.8074
30.3447
31.5669
32.3115
33.9938
35.0364
37.3352
38.757
41.8977
43.8285
48.0232
50.6315
56.189
60.0154
66.81
72.0469
80.4916
87.7769
98.1397
107.669
120.225
132.099
146.456
160.183
176.444
192.834
211.721
230.988
252.335
273.999
296.765
319.882
343.072
366.814
390.268
414.813
438.602
464.176
488.064
514.41
537.832
564.099
586.531
612.19
633.112
658.158
677.975
702.762
721.553
746.529
764.078
788.941
805.023
829.91
844.405
869.32
882.538
907.465
919.711
946.491
25.9621
26.6413
27.1474
27.5293
27.5091
27.4608
27.3641
27.2413
27.1512
27.0817
27.0452
26.9979
26.9611
26.9522
26.9382
26.908
26.8765
26.8481
26.8296
26.8141
26.7964
26.7696
26.7392
26.7073
26.684
26.6628
26.6396
26.6079
26.5707
26.5309
26.5003
26.4757
26.4578
26.4434
26.4253
26.4049
26.3871
26.3706
26.3604
26.3581
26.3615
26.3697
26.3925
26.4144
26.4678
26.5084
26.6029
26.6682
26.8157
26.9189
27.1574
27.3068
27.6398
27.8276
28.2465
28.4943
29.0589
29.4126
30.2194
30.7043
31.7983
32.4441
33.8556
34.8379
36.529
38.1096
40.1927
42.3904
44.942
48.0143
51.2168
55.3695
59.369
64.4376
69.1179
75.5259
81.5005
89.5327
97.2272
107.266
116.319
128.263
138.379
151.616
162.988
177.962
190.884
208.056
222.397
241.908
257.531
278.716
295.238
317.433
334.146
357.066
374.148
397.949
415.067
439.958
456.745
482.156
498.119
523.875
538.727
564.628
578.434
604.45
617.365
645.345
25.7051
26.0391
26.7605
27.4529
27.445
27.4201
27.3561
27.2984
27.1761
27.1055
27.046
27.0037
26.9659
26.9482
26.9266
26.8931
26.8665
26.8426
26.8274
26.8133
26.7978
26.7756
26.7491
26.7218
26.7004
26.6809
26.6607
26.634
26.6021
26.5689
26.541
26.5164
26.4956
26.4728
26.4477
26.4201
26.3955
26.3718
26.3527
26.3341
26.3204
26.3037
26.2937
26.2811
26.279
26.2802
26.2879
26.2986
26.326
26.3494
26.4064
26.4502
26.5477
26.5967
26.7035
26.7576
26.8768
26.9707
27.1318
27.3401
27.5369
27.8575
28.0927
28.5204
28.7944
29.3792
29.7487
30.5362
31.0133
32.0437
32.6587
33.9997
34.7913
36.4992
37.4875
39.6362
40.9077
43.6889
45.3522
48.983
51.0813
55.6013
58.1135
63.4629
66.4292
72.776
76.3626
84.0707
88.4369
97.7836
102.991
114.007
120.003
132.547
139.251
153.196
160.665
176.191
184.53
201.823
211.011
229.891
239.742
259.85
270.216
291.285
302.105
324.055
335.234
358.755
25.5831
25.7469
26.1081
26.8405
27.1537
27.3691
27.366
27.3271
27.2324
27.1536
27.0521
27.0039
26.9594
26.9294
26.8986
26.8705
26.8507
26.8322
26.818
26.8045
26.7895
26.7699
26.7463
26.7228
26.7037
26.6861
26.6681
26.6456
26.6184
26.5894
26.5646
26.5414
26.5214
26.4987
26.475
26.448
26.4233
26.3975
26.3755
26.3529
26.3338
26.3114
26.2926
26.2712
26.2549
26.2373
26.2265
26.2126
26.2071
26.2005
26.2014
26.2063
26.2234
26.2344
26.2552
26.2614
26.2729
26.279
26.293
26.3341
26.3724
26.4638
26.5247
26.6603
26.7365
26.9064
27.006
27.2281
27.361
27.6589
27.8323
28.2171
28.4332
28.9121
29.1827
29.7827
30.1268
30.8973
31.346
32.3549
32.9292
34.2039
34.9043
36.4463
37.2869
39.1431
40.1739
42.4701
43.7667
46.6536
48.2656
51.8185
53.7585
57.9957
60.2731
65.2199
67.8795
73.6581
76.794
83.5969
87.2784
95.1926
99.4185
108.428
113.198
123.308
128.655
139.935
145.873
158.662
25.5313
25.5861
25.7566
26.1009
26.796
27.2839
27.3384
27.3195
27.2764
27.2162
27.1082
27.0174
26.9574
26.9201
26.877
26.8529
26.8368
26.8178
26.8005
26.7842
26.768
26.7502
26.7305
26.7114
26.6951
26.6805
26.665
26.6449
26.621
26.5955
26.572
26.5497
26.5298
26.5084
26.4871
26.4636
26.4418
26.4196
26.3993
26.3787
26.3588
26.3375
26.315
26.2911
26.2699
26.2487
26.2305
26.2129
26.1968
26.1817
26.1678
26.1541
26.1448
26.1395
26.1352
26.1281
26.1128
26.1011
26.0777
26.063
26.0479
26.0504
26.0588
26.0847
26.1062
26.1547
26.1806
26.2378
26.2705
26.3447
26.3926
26.5014
26.5684
26.7171
26.8028
26.9895
27.0938
27.3222
27.4542
27.7471
27.915
28.2827
28.4854
28.9279
29.1703
29.7011
29.9964
30.6501
31.0215
31.8473
32.3128
33.3399
33.9056
35.1456
35.8181
37.2888
38.0872
39.8391
40.8001
42.9126
44.0694
46.597
47.9644
50.9364
52.533
55.9954
57.8558
61.8836
64.0368
68.9344
25.5087
25.5195
25.5764
25.7442
26.0777
26.69
27.0863
27.2157
27.2384
27.2187
27.1711
27.0604
26.9755
26.9091
26.8588
26.8297
26.8115
26.7902
26.775
26.7594
26.7411
26.721
26.7021
26.687
26.6744
26.662
26.6489
26.6331
26.6128
26.5904
26.5678
26.5466
26.5266
26.5065
26.4858
26.4649
26.4447
26.4262
26.4077
26.3899
26.371
26.3526
26.3321
26.3119
26.2912
26.272
26.2519
26.232
26.2119
26.1941
26.1757
26.1592
26.1413
26.1287
26.1146
26.1038
26.0872
26.0705
26.0448
26.024
25.9917
25.9688
25.9423
25.9305
25.9213
25.9225
25.9257
25.9334
25.9364
25.945
25.9519
25.9707
25.9851
26.0198
26.0442
26.0994
26.132
26.2029
26.2432
26.332
26.3823
26.4918
26.5529
26.6857
26.7599
26.9215
27.0129
27.214
27.3295
27.5839
27.7271
28.0392
28.2095
28.5786
28.7774
29.2091
29.4439
29.9577
30.2416
30.8657
31.2091
31.9604
32.3681
33.2574
33.7373
34.7845
35.3496
36.5854
37.2503
38.8706
25.5047
25.4917
25.5026
25.5553
25.7022
26.045
26.555
27.013
27.181
27.1847
27.1634
27.1192
27.0427
26.9432
26.868
26.8262
26.7955
26.7652
26.7513
26.7365
26.7156
26.6925
26.6706
26.6541
26.6413
26.6312
26.6195
26.6062
26.5893
26.5716
26.5518
26.5331
26.5138
26.4952
26.476
26.4576
26.4385
26.4217
26.4042
26.3877
26.3696
26.3529
26.3341
26.317
26.299
26.2824
26.2643
26.2461
26.2261
26.2088
26.1897
26.1737
26.1541
26.1381
26.1208
26.1059
26.0912
26.0762
26.0565
26.0335
26.0088
25.9814
25.9476
25.9183
25.8958
25.8767
25.8619
25.8493
25.8388
25.8341
25.8283
25.8234
25.8164
25.8148
25.8152
25.8192
25.8238
25.8356
25.8444
25.8656
25.8786
25.9071
25.9228
25.9579
25.978
26.0227
26.0488
26.1076
26.143
26.222
26.2676
26.3669
26.4216
26.5394
26.6027
26.7387
26.8127
26.974
27.0634
27.2592
27.367
27.6013
27.728
28.0028
28.1508
28.47
28.6479
29.0364
29.2727
29.8544
25.5041
25.4864
25.4725
25.4812
25.525
25.6461
25.9232
26.3785
26.804
27.0305
27.0794
27.0751
27.058
27.0211
26.9384
26.8568
26.7828
26.7425
26.7123
26.6951
26.6791
26.6636
26.6503
26.6372
26.62
26.6028
26.5866
26.5718
26.5562
26.5424
26.527
26.5122
26.4947
26.4769
26.4571
26.4395
26.4209
26.4052
26.3889
26.3737
26.3567
26.342
26.3256
26.3108
26.2951
26.2802
26.2635
26.2463
26.2272
26.2099
26.1923
26.1765
26.1592
26.1435
26.1267
26.1109
26.0952
26.0829
26.0664
26.0501
26.031
26.0072
25.9804
25.9518
25.92
25.891
25.864
25.8454
25.8244
25.8102
25.7978
25.7872
25.7745
25.7661
25.7567
25.7499
25.739
25.7324
25.7252
25.7226
25.7187
25.7169
25.717
25.7192
25.7215
25.7279
25.732
25.7426
25.75
25.7682
25.7797
25.8057
25.8205
25.853
25.8707
25.9094
25.931
25.9792
26.0069
26.0682
26.1024
26.177
26.218
26.3054
26.3588
26.4738
26.5538
26.7198
26.8749
27.209
25.5048
25.4838
25.4686
25.4517
25.4569
25.4887
25.5798
25.7837
26.1827
26.5706
26.8995
27.0033
27.0304
27.0151
26.9766
26.9284
26.8337
26.7495
26.7047
26.6847
26.6559
26.6387
26.627
26.6094
26.5872
26.5645
26.5459
26.5307
26.5175
26.5081
26.4982
26.4881
26.4738
26.4573
26.4376
26.4188
26.3994
26.3831
26.3673
26.3526
26.3362
26.3212
26.3051
26.2914
26.2775
26.2644
26.2495
26.2339
26.2167
26.2012
26.1854
26.1708
26.1547
26.1399
26.1234
26.1082
26.0924
26.0797
26.0648
26.0513
26.0367
26.0201
25.9991
25.9784
25.9535
25.9296
25.8956
25.8656
25.8408
25.8182
25.7975
25.7842
25.7685
25.7548
25.7433
25.7348
25.7219
25.7107
25.699
25.6898
25.6785
25.6678
25.6575
25.6519
25.6453
25.6405
25.6333
25.6297
25.626
25.6249
25.6233
25.6234
25.6236
25.625
25.6259
25.629
25.6315
25.6388
25.6447
25.6593
25.6693
25.6913
25.708
25.7431
25.7807
25.8496
25.9617
26.2147
26.6179
27.4852
25.5021
25.4868
25.4634
25.4509
25.4301
25.4315
25.4512
25.5128
25.6527
25.932
26.3666
26.6393
26.8936
26.9347
26.922
26.8985
26.8756
26.8281
26.7529
26.6914
26.6477
26.6211
26.5998
26.5826
26.5578
26.5462
26.5343
26.5165
26.4979
26.4838
26.4728
26.4619
26.4463
26.4282
26.4089
26.392
26.3753
26.3604
26.3449
26.3301
26.3139
26.299
26.2833
26.2692
26.2548
26.2413
26.226
26.211
26.1946
26.1806
26.1671
26.1544
26.1406
26.127
26.1112
26.0969
26.0819
26.0687
26.0541
26.0419
26.0306
26.0172
26.0018
25.9874
25.9681
25.9486
25.9262
25.8976
25.8687
25.8435
25.815
25.7933
25.7765
25.7596
25.7426
25.7313
25.7201
25.7069
25.6945
25.6842
25.6728
25.6601
25.648
25.6386
25.6304
25.6221
25.612
25.6026
25.5938
25.5859
25.578
25.5711
25.5646
25.5584
25.5514
25.5442
25.5389
25.5338
25.5334
25.535
25.5406
25.5542
25.5823
25.6365
25.7458
25.9836
26.365
27.2
28.6231
32.0006
25.5038
25.4842
25.466
25.4458
25.4302
25.4121
25.4046
25.4136
25.4498
25.5395
25.7178
26.0349
26.4414
26.6935
26.7845
26.8706
26.8674
26.8391
26.8036
26.7483
26.6768
26.6276
26.5865
26.5576
26.5367
26.5171
26.5002
26.4803
26.4608
26.45
26.4417
26.4337
26.4212
26.4063
26.3891
26.3724
26.3556
26.3403
26.3244
26.3088
26.2925
26.2775
26.2626
26.2486
26.2337
26.2186
26.2018
26.1857
26.169
26.1555
26.1433
26.1326
26.121
26.109
26.0941
26.08
26.0654
26.052
26.0366
26.0235
26.0123
26.0012
25.9897
25.9802
25.9669
25.9526
25.9346
25.9144
25.8886
25.8657
25.8387
25.8119
25.7883
25.7713
25.7496
25.7312
25.7187
25.708
25.6941
25.6814
25.6696
25.6582
25.6449
25.6359
25.6272
25.6198
25.6089
25.599
25.5872
25.5785
25.5676
25.5595
25.5505
25.5441
25.5348
25.5282
25.5201
25.5199
25.5235
25.5366
25.5663
25.6278
25.7625
25.9962
26.4509
27.4238
28.8503
31.6865
35.4275
38.0765
25.5054
25.4826
25.4673
25.4443
25.43
25.4079
25.3958
25.3784
25.3801
25.3974
25.4468
25.5667
25.7587
26.0648
26.3691
26.6366
26.7723
26.7744
26.77
26.7555
26.7262
26.6815
26.623
26.5635
26.5257
26.5071
26.4782
26.4512
26.4413
26.429
26.4082
26.386
26.3693
26.3595
26.3509
26.341
26.3296
26.3173
26.3028
26.2868
26.2692
26.2526
26.2362
26.2224
26.2085
26.1948
26.1792
26.1645
26.1487
26.1356
26.123
26.1121
26.1001
26.0881
26.0726
26.059
26.045
26.0325
26.0175
26.0048
25.9925
25.9822
25.9706
25.9618
25.9516
25.9423
25.9282
25.9135
25.8933
25.8746
25.8514
25.831
25.8033
25.7814
25.761
25.7396
25.7191
25.7074
25.6951
25.6791
25.6639
25.6546
25.6411
25.6307
25.6214
25.6147
25.6043
25.5937
25.5819
25.5723
25.5621
25.5532
25.5455
25.5413
25.5366
25.5379
25.5449
25.5638
25.6054
25.6929
25.8695
26.1875
26.8546
27.8323
29.9924
32.837
34.8927
39.0782
42.7622
43.7695
25.5049
25.4834
25.4663
25.4454
25.4284
25.4087
25.3918
25.3741
25.3599
25.3489
25.3535
25.3759
25.4325
25.5467
25.7851
26.0201
26.3086
26.5233
26.6649
26.716
26.7029
26.6813
26.6594
26.6154
26.5686
26.5211
26.4764
26.44
26.4131
26.3994
26.3881
26.3634
26.3405
26.3285
26.3223
26.3118
26.2949
26.2794
26.2664
26.2559
26.2442
26.2316
26.2153
26.1996
26.1842
26.1709
26.1558
26.1418
26.1263
26.1126
26.0986
26.0876
26.0757
26.0655
26.051
26.039
26.0255
26.0143
25.9991
25.9863
25.9727
25.9621
25.9503
25.9421
25.9312
25.923
25.91
25.899
25.8829
25.8699
25.8517
25.8346
25.8154
25.7951
25.7703
25.7533
25.7297
25.7094
25.6948
25.6806
25.6629
25.6464
25.6363
25.6223
25.6122
25.6029
25.5953
25.5833
25.5734
25.5627
25.555
25.5486
25.5496
25.5565
25.5741
25.6113
25.6865
25.8479
26.0967
26.6281
27.4019
28.6599
31.58
33.8915
36.8755
40.2883
42.2826
44.667
46.343
46.819
25.5038
25.4846
25.4652
25.4466
25.4272
25.4096
25.3904
25.3735
25.3553
25.3402
25.3254
25.3182
25.3239
25.3473
25.4051
25.5132
25.6855
25.9804
26.1914
26.4088
26.5334
26.6015
26.6172
26.6053
26.5723
26.5475
26.518
26.4831
26.433
26.3945
26.3668
26.3402
26.3163
26.2925
26.2819
26.2774
26.2674
26.2468
26.2273
26.2162
26.2058
26.1959
26.1825
26.1692
26.1542
26.1427
26.13
26.1189
26.1049
26.0917
26.076
26.0636
26.0503
26.0405
26.0258
26.0136
25.9998
25.9894
25.9754
25.9642
25.9511
25.9413
25.9285
25.9203
25.9077
25.8983
25.8846
25.8748
25.8591
25.8491
25.8363
25.8264
25.811
25.7994
25.778
25.7626
25.7425
25.7236
25.6973
25.6849
25.6628
25.6458
25.6289
25.6171
25.6028
25.592
25.5816
25.5766
25.567
25.566
25.5712
25.5869
25.6227
25.7
25.8461
26.098
26.5893
27.2146
28.4283
30.8726
32.6375
35.8405
39.8924
41.4135
43.5184
45.5188
46.4779
47.0095
47.5137
47.8242
25.5034
25.4849
25.4649
25.4468
25.4271
25.4096
25.3902
25.3732
25.3544
25.338
25.3204
25.306
25.2919
25.2851
25.2899
25.3103
25.3565
25.4579
25.621
25.795
26.0653
26.2743
26.3978
26.4836
26.5098
26.5035
26.4972
26.4875
26.4684
26.437
26.3882
26.3443
26.3175
26.289
26.2564
26.2401
26.2297
26.2148
26.1935
26.1789
26.1707
26.1635
26.1482
26.1304
26.1128
26.1019
26.0913
26.0839
26.0738
26.0643
26.0495
26.036
26.0213
26.0105
25.9973
25.9855
25.9724
25.9619
25.9487
25.9372
25.9246
25.9151
25.9028
25.8949
25.8828
25.8715
25.8587
25.8472
25.8329
25.8223
25.8118
25.8031
25.7937
25.7842
25.7712
25.758
25.7433
25.7279
25.7093
25.6911
25.671
25.6508
25.6323
25.6151
25.6031
25.5886
25.5884
25.5937
25.6108
25.6499
25.7329
25.8778
26.1723
26.6495
27.2669
28.6141
30.6109
32.7425
35.914
39.0329
40.5078
43.0743
45.713
46.4251
46.828
47.4978
47.9056
47.9732
47.946
47.9476
25.5036
25.4847
25.4651
25.4465
25.4274
25.4092
25.3907
25.3725
25.3548
25.3369
25.3199
25.3026
25.2868
25.2711
25.2592
25.2496
25.2524
25.2667
25.3047
25.3703
25.485
25.6814
25.863
26.0498
26.2581
26.3405
26.3939
26.4337
26.4288
26.4142
26.3875
26.3622
26.3401
26.3167
26.2757
26.2385
26.2132
26.1955
26.1729
26.151
26.1336
26.1253
26.1137
26.0977
26.0798
26.0677
26.0599
26.0518
26.0382
26.0238
26.0099
25.9984
25.9875
25.9762
25.965
25.9512
25.9385
25.9266
25.915
25.9032
25.8928
25.882
25.8713
25.8625
25.8525
25.8395
25.8283
25.8151
25.8038
25.7921
25.7849
25.7763
25.7699
25.76
25.7497
25.7376
25.7258
25.7151
25.7031
25.6901
25.6767
25.6627
25.6478
25.6382
25.6436
25.6616
25.7047
25.7971
25.9864
26.3409
26.8505
27.5275
28.9392
31.37
32.999
36.1928
39.5621
41.4058
44.1243
45.8749
46.1486
46.8288
47.7513
48.0916
48.0744
48.0548
48.0769
48.1245
48.145
48.1297
25.5046
25.4835
25.4662
25.4453
25.4286
25.4078
25.392
25.3712
25.3561
25.3354
25.3209
25.3005
25.2869
25.2667
25.2546
25.2359
25.2267
25.213
25.2133
25.2207
25.2428
25.29
25.3908
25.4833
25.6547
25.8715
26.0282
26.1468
26.2395
26.3269
26.3504
26.3375
26.3179
26.3049
26.2958
26.2832
26.2555
26.2182
26.1814
26.1505
26.1255
26.1064
26.0905
26.0734
26.057
26.0388
26.026
26.0197
26.0114
25.9962
25.9785
25.963
25.9514
25.9408
25.9298
25.9156
25.9033
25.8924
25.8816
25.8715
25.8609
25.8495
25.8374
25.8297
25.8198
25.8095
25.7976
25.7864
25.7743
25.764
25.754
25.7471
25.7376
25.7313
25.7198
25.7116
25.7008
25.694
25.6855
25.6858
25.6919
25.7092
25.7473
25.8198
25.9675
26.2521
26.6445
27.1717
28.1998
30.258
31.7879
34.3163
38.6609
40.7099
41.6563
44.1154
45.8594
46.8113
47.8909
48.3503
48.2996
48.2038
48.1967
48.2317
48.2976
48.2818
48.1801
48.1046
48.0801
48.0691
25.5049
25.4834
25.4663
25.4453
25.4286
25.408
25.3918
25.3715
25.3557
25.336
25.3203
25.3013
25.2857
25.2675
25.252
25.2349
25.2199
25.2047
25.1914
25.1804
25.1736
25.1762
25.1882
25.2192
25.2656
25.3611
25.5132
25.6245
25.7845
25.9665
26.1214
26.1916
26.2096
26.2367
26.2609
26.2587
26.2495
26.2289
26.2038
26.1763
26.1564
26.1364
26.1062
26.0774
26.0516
26.0298
26.0124
25.9991
25.9861
25.9741
25.9574
25.9414
25.9255
25.9157
25.905
25.8934
25.8779
25.865
25.8523
25.8452
25.8354
25.8267
25.8105
25.801
25.7881
25.7796
25.7665
25.7573
25.7455
25.7377
25.727
25.722
25.7118
25.7046
25.6966
25.6957
25.6998
25.7134
25.745
25.808
25.9209
26.1749
26.5041
26.9856
28.053
29.4261
30.895
34.1107
37.0413
38.3298
40.134
43.9051
46.7043
47.265
47.3375
47.8513
48.2552
48.4566
48.5181
48.4892
48.4637
48.4384
48.4266
48.4102
48.394
48.3597
48.263
48.0799
47.9922
47.964
25.5042
25.4843
25.4654
25.4464
25.4275
25.4093
25.3904
25.3731
25.3541
25.3377
25.3186
25.303
25.2839
25.2691
25.2501
25.2361
25.217
25.2042
25.1856
25.1741
25.1571
25.1488
25.1364
25.1357
25.1404
25.1565
25.1883
25.2584
25.344
25.4533
25.6141
25.7921
25.9293
26.0184
26.08
26.1403
26.1948
26.203
26.191
26.1602
26.1444
26.1388
26.1341
26.1231
26.0938
26.0514
26.0209
26.0021
25.9845
25.9677
25.9476
25.9308
25.9134
25.9004
25.8888
25.8793
25.8644
25.8496
25.8338
25.8226
25.8157
25.8077
25.796
25.7827
25.7706
25.7585
25.7488
25.7392
25.7285
25.7196
25.7135
25.7056
25.7066
25.7154
25.7384
25.7882
25.8783
26.0976
26.3559
26.8952
27.7046
28.6524
30.7617
33.1354
35.0264
37.7346
41.3139
44.1315
45.2441
45.6316
46.4568
48.0669
48.762
48.9748
48.9494
48.7548
48.5895
48.5159
48.5064
48.5173
48.5646
48.587
48.5859
48.5364
48.3728
48.2233
48.1044
48.0187
47.971
47.9512
25.5035
25.485
25.4648
25.4469
25.4271
25.4097
25.3901
25.3733
25.3541
25.3377
25.3188
25.3028
25.2844
25.2686
25.2509
25.2351
25.2181
25.2023
25.1864
25.1706
25.1558
25.1405
25.1278
25.1141
25.1051
25.097
25.0982
25.1059
25.125
25.1697
25.2335
25.309
25.4686
25.6083
25.7126
25.847
25.9676
26.0642
26.1101
26.1081
26.0986
26.1001
26.1132
26.1119
26.1015
26.0747
26.048
26.0275
26.0117
25.9891
25.96
25.9344
25.9147
25.8972
25.8858
25.873
25.8572
25.8407
25.8264
25.8116
25.8035
25.7949
25.7868
25.7721
25.7607
25.7469
25.7369
25.7308
25.7317
25.7382
25.7544
25.7883
25.8578
26.012
26.2566
26.7213
27.2837
28.3922
30.0838
31.8784
34.6973
37.6689
40.3342
42.6274
43.6668
45.1265
47.3342
48.7619
49.023
49.073
49.0663
49.0198
48.9009
48.7389
48.6809
48.6864
48.7452
48.7828
48.7698
48.6855
48.5518
48.4466
48.351
48.2644
48.1951
48.1382
48.0863
48.0574
48.0496
48.0408
25.5036
25.4848
25.4651
25.4466
25.4275
25.4092
25.3907
25.3726
25.3548
25.3368
25.3198
25.3018
25.2854
25.2676
25.2518
25.2342
25.219
25.2015
25.1869
25.1696
25.1556
25.1387
25.1255
25.1094
25.0972
25.0829
25.0733
25.0633
25.0597
25.0625
25.0729
25.0999
25.1444
25.1999
25.3165
25.4501
25.542
25.6654
25.8334
25.9515
25.9724
25.999
26.0592
26.0702
26.068
26.0595
26.0409
26.0236
26.0148
26.007
25.991
25.9622
25.9361
25.9132
25.8977
25.8813
25.8626
25.8434
25.8254
25.8108
25.7987
25.7883
25.7828
25.7755
25.7634
25.763
25.7705
25.7951
25.857
25.9727
26.2155
26.5612
27.037
28.0143
29.6425
31.0575
34.0515
37.0005
38.3896
41.4343
44.2229
45.6182
47.2811
48.2328
48.2723
48.3676
48.7867
49.3471
49.5731
49.5499
49.4182
49.127
48.9354
48.847
48.8258
48.8178
48.8025
48.7562
48.6245
48.4984
48.3966
48.3201
48.2472
48.2012
48.1598
48.1259
48.0711
48.0279
47.9818
47.9525
25.5039
25.4844
25.4654
25.4462
25.4277
25.4089
25.3909
25.3724
25.3549
25.3368
25.3197
25.3019
25.2852
25.2679
25.2514
25.2348
25.2183
25.2023
25.1859
25.1707
25.1541
25.1399
25.1232
25.1099
25.0932
25.0811
25.0651
25.0546
25.0404
25.0333
25.0235
25.0238
25.0283
25.0423
25.0698
25.1125
25.2065
25.2841
25.392
25.5502
25.6606
25.7568
25.8667
25.9322
25.9793
26.0084
26.007
25.9987
25.9979
25.9971
25.9923
25.976
25.9491
25.9309
25.9194
25.9099
25.8962
25.8685
25.841
25.8196
25.8039
25.8022
25.8079
25.8266
25.8677
25.9537
26.1286
26.4361
26.9714
27.8123
28.8541
30.5815
33.1114
35.6321
37.756
41.1512
44.2357
45.1437
45.8138
47.3719
48.3069
48.8775
49.3169
49.3554
49.3113
49.1529
49.022
49.0397
49.2283
49.4251
49.4672
49.4083
49.1578
48.8963
48.7144
48.6094
48.5654
48.5432
48.5093
48.4378
48.3082
48.1895
48.0738
48.0075
47.9445
47.9097
47.8741
47.8566
47.8201
47.8025
25.5039
25.4844
25.4654
25.4463
25.4276
25.4091
25.3907
25.3727
25.3546
25.3372
25.3193
25.3024
25.2847
25.2684
25.2509
25.2352
25.2179
25.2027
25.1856
25.1709
25.1541
25.1397
25.1233
25.1093
25.0934
25.0795
25.0645
25.051
25.0371
25.0242
25.0123
25.0013
24.9933
24.9874
24.9887
24.9954
25.0116
25.0475
25.0916
25.1738
25.2833
25.3852
25.4948
25.6336
25.7397
25.8189
25.8848
25.9248
25.9472
25.9652
25.9681
25.9631
25.9458
25.9304
25.9226
25.9185
25.9124
25.8986
25.8817
25.8844
25.9037
25.9624
26.0979
26.3825
26.8226
27.3699
28.491
30.2542
32.0829
35.0909
37.9101
40.1354
42.3036
43.8894
45.356
47.8601
49.221
49.3749
49.2793
49.1245
49.0523
49.1403
49.3076
49.389
49.4115
49.4035
49.343
49.1999
49.0967
49.05
49.0162
48.9466
48.8275
48.6905
48.5736
48.4976
48.4571
48.4381
48.4198
48.3762
48.2623
48.1363
48.0031
47.9071
47.8087
47.7406
47.6709
47.6268
47.5684
47.5478
25.5038
25.4846
25.4652
25.4465
25.4275
25.4093
25.3906
25.3729
25.3545
25.3372
25.3193
25.3024
25.2848
25.2683
25.2512
25.2349
25.2183
25.2022
25.1862
25.1702
25.1548
25.1389
25.1242
25.1082
25.0942
25.0783
25.065
25.0491
25.0366
25.0211
25.0094
24.9947
24.9843
24.9715
24.9636
24.9549
24.9529
24.9554
24.9641
24.984
25.0295
25.0766
25.1369
25.2695
25.3969
25.4613
25.5813
25.7147
25.7994
25.8362
25.8745
25.9089
25.9296
25.9365
25.9401
25.9496
25.9746
26.0302
26.1303
26.3553
26.6507
27.2055
28.3577
29.4746
31.5341
34.4544
36.8707
38.9927
41.4945
44.1266
46.215
47.8443
48.6696
48.7376
48.7181
49.0937
49.6297
49.8056
49.786
49.6444
49.4448
49.4122
49.4316
49.4762
49.4693
49.3821
49.1235
48.9261
48.8296
48.7906
48.7766
48.7592
48.7174
48.6011
48.4372
48.2947
48.1885
48.1304
48.0999
48.0662
47.9932
47.8867
47.7547
47.634
47.5262
47.4578
47.4038
47.3774
47.3379
47.3332
25.5038
25.4846
25.4652
25.4465
25.4275
25.4092
25.3907
25.3727
25.3547
25.3371
25.3195
25.3022
25.2851
25.268
25.2515
25.2347
25.2186
25.202
25.1864
25.1701
25.1549
25.1389
25.1241
25.1085
25.0939
25.0788
25.0642
25.0498
25.0352
25.0217
25.0071
24.9943
24.9801
24.9685
24.9548
24.945
24.9331
24.9266
24.919
24.9193
24.9236
24.9351
24.9578
24.9938
25.0649
25.1571
25.2195
25.3338
25.4937
25.5895
25.654
25.7864
25.8659
25.9172
26.0274
26.2178
26.531
27.1194
27.7998
28.9321
31.024
33.3266
35.4894
39.0002
41.939
43.3959
45.1872
46.987
47.5815
48.4916
49.6445
50.0728
50.04
49.7425
49.4912
49.4297
49.5643
49.8978
49.9815
49.952
49.7161
49.3767
49.1748
49.0663
48.9929
48.9055
48.7847
48.6759
48.5946
48.5504
48.4886
48.4161
48.3123
48.2183
48.116
48.0429
47.9599
47.9108
47.8529
47.8179
47.7462
47.681
47.5649
47.4755
47.3505
47.2734
47.174
47.13
47.043
47.0165
25.5038
25.4845
25.4653
25.4463
25.4276
25.409
25.3908
25.3726
25.3548
25.3369
25.3196
25.3021
25.2852
25.268
25.2515
25.2347
25.2185
25.2021
25.1863
25.1703
25.1547
25.1392
25.1238
25.1088
25.0936
25.0791
25.064
25.0499
25.0351
25.0215
25.007
24.9937
24.9796
24.9668
24.9532
24.941
24.9284
24.9172
24.9062
24.8974
24.8901
24.8864
24.8882
24.8952
24.9131
24.9433
24.9905
25.0512
25.1758
25.2527
25.398
25.608
25.9721
26.5379
27.1322
28.2778
30.2951
31.9329
34.7821
38.4552
40.82
42.1745
43.7581
46.4936
48.4874
48.9934
49.4502
49.6499
49.6362
49.5911
49.6547
49.8462
50.0217
50.0943
50.0856
49.9696
49.7778
49.6422
49.53
49.3985
49.2359
49.0962
48.9739
48.9072
48.8327
48.744
48.627
48.5488
48.485
48.4442
48.3709
48.2832
48.1431
48.015
47.8691
47.7626
47.6432
47.576
47.497
47.4569
47.3818
47.3373
47.2417
47.1752
47.0629
47.0028
46.902
46.8516
46.7424
46.714
25.5039
25.4844
25.4654
25.4463
25.4277
25.409
25.3908
25.3726
25.3548
25.337
25.3195
25.3022
25.285
25.2682
25.2513
25.2349
25.2183
25.2024
25.186
25.1706
25.1544
25.1395
25.1235
25.109
25.0934
25.0793
25.0638
25.0501
25.035
25.0216
25.0067
24.9938
24.9791
24.9667
24.9522
24.9403
24.9264
24.9151
24.902
24.8917
24.8794
24.8716
24.8633
24.8645
24.8742
24.9003
24.9601
25.0732
25.3229
25.7153
26.2372
27.3096
28.8672
30.357
33.549
36.497
39.0454
41.2184
43.5407
46.2002
48.142
48.2601
48.2823
48.8421
49.8612
49.9661
49.9484
49.9525
50.0137
50.2432
50.3562
50.3521
50.2889
50.0394
49.7473
49.5625
49.422
49.309
49.1909
49.1239
49.0409
48.9737
48.8511
48.7301
48.5834
48.4945
48.3846
48.314
48.2046
48.1221
47.9835
47.8609
47.6974
47.5796
47.4329
47.3338
47.1942
47.109
47.0064
46.9595
46.8716
46.8245
46.7278
46.6709
46.5498
46.4743
46.3271
46.2537
46.0951
46.0584
25.5039
25.4845
25.4653
25.4464
25.4276
25.4091
25.3907
25.3727
25.3546
25.3371
25.3193
25.3023
25.2849
25.2683
25.2511
25.235
25.2182
25.2024
25.1859
25.1706
25.1544
25.1394
25.1236
25.109
25.0934
25.0791
25.0639
25.0499
25.0351
25.0214
25.007
24.9934
24.9795
24.966
24.9527
24.9394
24.9271
24.9139
24.9039
24.8934
24.8906
24.8972
24.9199
24.9765
25.1013
25.3709
25.7857
26.5818
27.6922
28.9747
31.9462
34.6986
36.555
40.6335
43.2943
44.6857
46.3356
46.91
47.8091
49.211
49.6631
49.5332
49.3983
49.4458
49.7481
50.1219
50.1634
50.1338
49.9509
49.6858
49.539
49.4462
49.3905
49.3708
49.3515
49.2986
49.138
48.8353
48.5698
48.3816
48.2751
48.2397
48.2334
48.2323
48.2149
48.1479
47.9868
47.852
47.7088
47.5975
47.4471
47.3058
47.1277
46.98
46.7977
46.6448
46.4602
46.3302
46.1854
46.1128
46.0053
45.9484
45.8465
45.7922
45.6831
45.6231
45.5007
45.4328
45.2806
45.2435
25.5038
25.4846
25.4652
25.4465
25.4275
25.4092
25.3906
25.3728
25.3545
25.3372
25.3193
25.3024
25.2848
25.2683
25.2511
25.235
25.2182
25.2024
25.1859
25.1706
25.1544
25.1394
25.1236
25.1089
25.0934
25.0791
25.0639
25.05
25.035
25.0215
25.0068
24.9937
24.9792
24.9671
24.9527
24.9435
24.9308
24.931
24.9419
24.9765
25.0598
25.245
25.592
26.2198
27.0041
28.4156
31.0898
33.0942
35.3724
39.3196
42.5876
43.5047
44.7126
47.0884
48.2854
48.5469
48.4984
48.4013
48.5434
49.1117
49.4601
49.4885
49.3985
49.1224
48.9061
48.8062
48.7818
48.8001
48.8412
48.8507
48.8166
48.639
48.3363
48.1097
47.9701
47.9046
47.8829
47.8724
47.8424
47.7628
47.6292
47.5146
47.3734
47.2597
47.1268
47.0377
46.9397
46.8604
46.718
46.5716
46.3793
46.2215
46.0574
45.9551
45.8563
45.8071
45.7325
45.6666
45.5375
45.4256
45.2694
45.1411
44.9926
44.8954
44.7855
44.7279
44.6493
44.6101
44.5146
44.5147
25.5037
25.4847
25.4651
25.4466
25.4274
25.4093
25.3906
25.3729
25.3545
25.3372
25.3193
25.3024
25.2848
25.2683
25.2511
25.235
25.2182
25.2024
25.1859
25.1705
25.1544
25.1393
25.1236
25.1088
25.0935
25.079
25.064
25.0498
25.0352
25.0214
25.0075
24.9942
24.983
24.9722
24.9745
24.9914
25.0404
25.1588
25.441
25.9189
26.5691
27.9532
29.8244
31.7963
34.5982
38.4269
41.3574
42.5772
44.1808
47.1072
47.9859
47.7717
47.6188
47.7967
48.2938
48.5456
48.5554
48.4034
48.0243
47.8388
47.8019
47.7907
47.7693
47.7172
47.6686
47.635
47.6022
47.5596
47.5101
47.4088
47.2924
47.2126
47.1746
47.1579
47.1481
47.1416
47.1412
47.1415
47.1279
47.0561
46.8728
46.705
46.5794
46.4795
46.3866
46.306
46.248
46.2097
46.1584
46.0468
45.8623
45.7156
45.5627
45.4578
45.335
45.2365
45.101
44.9881
44.8369
44.7219
44.5833
44.486
44.3668
44.2997
44.211
44.1646
44.083
44.0354
43.9113
43.8773
25.5037
25.4847
25.4651
25.4466
25.4274
25.4093
25.3905
25.3729
25.3545
25.3372
25.3193
25.3024
25.2848
25.2683
25.2511
25.2349
25.2182
25.2023
25.186
25.1704
25.1545
25.1393
25.1236
25.1088
25.0935
25.079
25.0641
25.0502
25.036
25.0241
25.0135
25.018
25.0415
25.1098
25.2789
25.657
26.1595
27.201
29.0274
30.6184
33.7436
37.6039
39.5304
41.7139
45.0355
46.8872
47.2555
47.4307
48.0788
48.3333
48.2744
48.0888
47.9689
47.9452
47.8783
47.7013
47.477
47.3745
47.3385
47.319
47.2999
47.2637
47.1696
46.9569
46.7681
46.6769
46.6671
46.6809
46.6949
46.6834
46.6038
46.3855
46.1888
46.0634
45.9909
45.9542
45.9233
45.883
45.8406
45.8004
45.7355
45.6388
45.5252
45.4299
45.3344
45.2466
45.1416
45.0411
44.9258
44.8252
44.7039
44.6163
44.5281
44.4818
44.4245
44.3826
44.288
44.2025
44.0731
43.9701
43.8305
43.7132
43.5561
43.4315
43.2903
43.1997
43.0951
43.0508
42.9527
42.9661
25.5037
25.4847
25.4651
25.4465
25.4274
25.4093
25.3906
25.3728
25.3545
25.3371
25.3193
25.3023
25.2849
25.2681
25.2512
25.2348
25.2183
25.2022
25.1861
25.1702
25.1546
25.139
25.1239
25.1084
25.0941
25.079
25.0668
25.0547
25.0589
25.0836
25.1648
25.3846
25.8506
26.5159
27.8457
30.1373
31.8696
35.4706
39.4109
41.1182
44.344
46.3221
46.5381
47.168
47.9848
47.9708
47.741
47.717
47.8454
48.0693
48.0809
48.0382
47.9252
47.687
47.3356
47.0192
46.7768
46.6112
46.459
46.2693
46.0536
45.8484
45.6947
45.6095
45.5757
45.5517
45.5052
45.3981
45.2265
45.0376
44.8826
44.7952
44.7648
44.7624
44.7714
44.791
44.7963
44.7837
44.693
44.4707
44.3156
44.2397
44.2071
44.1865
44.1707
44.1596
44.155
44.1515
44.1319
44.0706
43.9306
43.8137
43.6538
43.5491
43.4155
43.3214
43.1781
43.0669
42.9103
42.8035
42.6707
42.5911
42.4786
42.4151
42.3174
42.2691
42.1788
42.1319
42.0141
42.016
25.5037
25.4846
25.4651
25.4465
25.4274
25.4092
25.3906
25.3728
25.3545
25.3371
25.3193
25.3023
25.2848
25.2682
25.251
25.235
25.218
25.2025
25.1856
25.1708
25.1539
25.14
25.1228
25.1113
25.095
25.096
25.1165
25.1965
25.4274
25.8974
26.6839
28.4849
30.4897
32.8212
38.0885
40.8388
42.0521
45.215
46.1047
46.55
47.4822
47.6422
47.4653
47.3575
47.3641
47.3843
47.3814
47.3511
47.1814
46.9002
46.7005
46.5019
46.2968
46.1026
45.9325
45.7762
45.642
45.5419
45.4827
45.4291
45.3129
45.1399
44.9682
44.8066
44.6709
44.5851
44.5382
44.4808
44.3754
44.2238
44.0597
43.915
43.7892
43.663
43.538
43.423
43.329
43.2544
43.1896
43.1194
43.0575
43.0194
43.0028
42.9825
42.9471
42.8964
42.8506
42.8187
42.766
42.6866
42.6171
42.5852
42.5447
42.493
42.4151
42.3652
42.2849
42.2063
42.0943
42.0202
41.9277
41.8599
41.7606
41.6937
41.6007
41.5494
41.4743
41.4375
41.3452
41.3609
25.5037
25.4846
25.4651
25.4465
25.4274
25.4092
25.3905
25.3728
25.3544
25.3372
25.3191
25.3024
25.2846
25.2684
25.2509
25.235
25.2179
25.2025
25.1857
25.1707
25.1546
25.1411
25.1301
25.1409
25.1937
25.3749
25.7902
26.7044
28.3093
30.186
34.5569
38.1015
39.6626
43.3295
46.4766
46.9394
47.6128
47.6673
47.4851
47.35
47.196
47.1566
47.1569
47.1238
46.9657
46.7273
46.528
46.3792
46.2849
46.2245
46.1482
45.9634
45.6338
45.3397
45.1116
44.9326
44.7813
44.6318
44.4537
44.2435
44.0318
43.8629
43.7513
43.6792
43.6152
43.5382
43.4361
43.3044
43.1551
43.0135
42.9107
42.8502
42.8096
42.7578
42.6735
42.5571
42.4225
42.2839
42.1524
42.0362
41.9471
41.8983
41.8885
41.8915
41.9058
41.9446
41.9625
41.9624
41.9562
41.9396
41.8872
41.7943
41.7012
41.627
41.5254
41.4375
41.3446
41.2765
41.1819
41.1035
41.007
40.951
40.8794
40.8411
40.7782
40.7451
40.6816
40.6448
40.5383
40.5487
25.5037
25.4846
25.4651
25.4465
25.4274
25.4093
25.3905
25.3728
25.3544
25.3372
25.3192
25.3023
25.2847
25.2681
25.2512
25.2344
25.2189
25.201
25.1882
25.1692
25.1671
25.1874
25.2825
25.5885
26.3031
27.5533
30.3784
33.5865
36.0035
40.8813
45.045
45.6235
46.0049
46.2591
46.3729
46.8967
47.5402
47.6441
47.578
47.3051
46.7183
46.2427
45.9407
45.7666
45.6619
45.5479
45.4219
45.2976
45.1705
45.0398
44.929
44.7955
44.6158
44.4151
44.2451
44.1133
44.0001
43.8817
43.7422
43.5753
43.4051
43.2672
43.1636
43.0819
42.9971
42.91
42.8213
42.7235
42.6143
42.4882
42.349
42.1972
42.0359
41.8721
41.7149
41.5647
41.4236
41.2893
41.1749
41.0833
41.0229
40.9845
40.9654
40.9552
40.9496
40.9395
40.9181
40.8707
40.8209
40.7872
40.7672
40.7405
40.6757
40.6075
40.5592
40.5197
40.4643
40.4281
40.385
40.3359
40.2622
40.2131
40.1621
40.1374
40.0908
40.0613
40.0038
39.9723
39.8873
39.9132
25.5037
25.4846
25.4651
25.4465
25.4274
25.4092
25.3905
25.3727
25.3546
25.3369
25.3195
25.3018
25.2854
25.267
25.2528
25.2325
25.2214
25.2001
25.2007
25.2281
25.3731
25.799
26.7844
29.0273
31.2672
35.9939
41.0309
42.4462
43.6996
46.7148
47.4704
47.3544
46.8778
46.414
46.18
46.1316
46.1814
46.2667
46.2618
46.1086
45.7123
45.4081
45.2084
45.0981
44.9855
44.7952
44.5964
44.4663
44.3978
44.368
44.3468
44.316
44.2547
44.0995
43.8323
43.5694
43.3041
43.0529
42.8326
42.6525
42.5086
42.4099
42.3447
42.2976
42.2281
42.136
42.0185
41.8865
41.7552
41.6301
41.5201
41.4185
41.3156
41.2058
41.0862
40.9597
40.8297
40.6991
40.5767
40.4697
40.3845
40.3293
40.2986
40.2813
40.271
40.2605
40.2421
40.2039
40.1385
40.0449
39.9519
39.8797
39.8248
39.759
39.6949
39.6599
39.6257
39.5971
39.5649
39.5466
39.5068
39.4725
39.4261
39.4
39.3491
39.3158
39.2453
39.2002
39.0893
39.1153
25.5037
25.4846
25.4652
25.4464
25.4275
25.409
25.3908
25.3723
25.3552
25.3359
25.3207
25.3003
25.2871
25.2655
25.2544
25.2318
25.2317
25.2589
25.4214
25.9375
27.1674
29.4491
33.8004
37.4803
40.9016
45.1584
46.8271
46.7157
46.4564
46.4941
46.7065
46.7071
46.6368
46.5257
46.2979
46.0449
45.8946
45.8295
45.7177
45.459
45.1544
44.842
44.5569
44.3143
44.1169
43.9413
43.7808
43.651
43.5747
43.5431
43.5218
43.4838
43.4023
43.2194
42.9953
42.7771
42.5717
42.3869
42.2195
42.0881
41.9958
41.9308
41.8735
41.8344
41.7736
41.6944
41.5736
41.4301
41.2716
41.1149
40.9592
40.8103
40.6649
40.5307
40.3985
40.273
40.1547
40.0503
39.9602
39.887
39.821
39.7639
39.7085
39.6482
39.581
39.5097
39.4316
39.348
39.2609
39.1755
39.1001
39.0306
38.9854
38.9576
38.9279
38.896
38.878
38.8714
38.8572
38.8401
38.801
38.7721
38.7187
38.6869
38.6336
38.5935
38.5105
38.4681
38.3729
38.4077
25.5038
25.4845
25.4653
25.4461
25.428
25.4083
25.3918
25.3711
25.3564
25.335
25.3215
25.2999
25.2875
25.2664
25.2593
25.2795
25.4204
25.9437
27.2505
29.8025
34.8495
37.9593
43.2267
44.2996
45.2458
46.5802
47.0075
46.8807
46.236
45.6366
45.4533
45.4049
45.4085
45.4441
45.4422
45.4178
45.3602
45.2516
44.994
44.6577
44.3822
44.1587
43.9716
43.8169
43.6759
43.5301
43.3904
43.2809
43.2075
43.1446
43.0731
42.9749
42.8159
42.616
42.3939
42.1766
41.9657
41.775
41.6061
41.4686
41.358
41.2926
41.2373
41.1894
41.105
40.9967
40.8539
40.7018
40.5464
40.4005
40.2648
40.1434
40.0276
39.9274
39.8258
39.7376
39.6499
39.5746
39.4981
39.432
39.3572
39.2844
39.2058
39.1288
39.0423
38.9504
38.847
38.7467
38.6427
38.5372
38.4411
38.3582
38.2964
38.2484
38.2186
38.1929
38.1629
38.1335
38.1026
38.0758
38.0373
38.0007
37.9453
37.9083
37.8485
37.8076
37.7226
37.6794
37.5848
37.6158
25.504
25.484
25.4659
25.4454
25.4288
25.4077
25.3922
25.371
25.3563
25.3354
25.3207
25.3019
25.2859
25.2955
25.3916
25.824
27.0841
30.0755
33.3602
39.1617
44.3921
45.4476
46.6332
46.5403
46.4709
46.1786
45.7733
45.493
45.3201
45.1965
45.1493
45.0716
45.0068
45.0044
45.0201
45.0089
44.9651
44.8693
44.6422
44.2151
43.8248
43.5341
43.3398
43.1954
43.0649
42.9593
42.8822
42.793
42.6632
42.5156
42.3445
42.1791
42.0094
41.8581
41.6941
41.536
41.3749
41.2295
41.0971
40.9906
40.8997
40.8303
40.7468
40.6605
40.5561
40.4435
40.3137
40.1787
40.041
39.895
39.7577
39.6232
39.4928
39.3716
39.2542
39.1533
39.0566
38.9815
38.9013
38.8417
38.7612
38.6895
38.5926
38.496
38.3769
38.2565
38.1236
37.9979
37.8787
37.7718
37.6803
37.604
37.5468
37.5021
37.4649
37.4312
37.4115
37.3852
37.3582
37.3204
37.2828
37.2325
37.1788
37.1208
37.0474
36.9991
36.8996
36.8502
36.7456
36.8135
25.5045
25.4834
25.4662
25.4451
25.4287
25.4078
25.3918
25.3717
25.355
25.3376
25.3183
25.3104
25.3488
25.6474
26.6831
28.9542
34.27
38.3447
42.7538
44.566
45.289
46.2967
46.8989
46.8305
46.6043
46.0953
45.4379
45.0378
44.8282
44.7427
44.6755
44.5961
44.4654
44.3095
44.2415
44.2058
44.1346
43.9656
43.7222
43.4889
43.2822
43.1009
42.9463
42.8048
42.6891
42.5877
42.4895
42.3677
42.2324
42.0701
41.9026
41.744
41.583
41.4121
41.217
41.0177
40.8261
40.6623
40.5217
40.4007
40.2922
40.1904
40.0789
39.9701
39.857
39.7486
39.6274
39.505
39.385
39.2537
39.1348
39.0135
38.8972
38.7832
38.6733
38.5721
38.4752
38.3928
38.3022
38.2272
38.1324
38.0463
37.9315
37.8172
37.6768
37.5381
37.392
37.2572
37.1298
37.0164
36.9175
36.8338
36.7673
36.7156
36.6766
36.6384
36.608
36.5838
36.5564
36.5195
36.4717
36.4106
36.3402
36.2651
36.1843
36.1236
36.0113
35.9537
35.8245
35.8868
25.5048
25.4833
25.4663
25.4451
25.4286
25.4078
25.3919
25.3712
25.3566
25.3349
25.3373
25.4408
26.0542
27.8621
32.2868
36.0926
41.7808
44.3117
45.5251
45.4604
45.4465
45.4894
45.679
45.8501
45.8112
45.6421
45.2039
44.785
44.581
44.4535
44.3668
44.2719
44.1388
43.9896
43.8808
43.777
43.6482
43.4811
43.2899
43.0606
42.8404
42.6311
42.4512
42.2935
42.1708
42.0542
41.937
41.791
41.6279
41.444
41.2647
41.0805
40.9059
40.7317
40.5595
40.3931
40.2387
40.0938
39.9608
39.8354
39.7231
39.611
39.4975
39.3816
39.2662
39.1573
39.0408
38.9169
38.7936
38.6549
38.5253
38.3889
38.26
38.1302
38.0131
37.8983
37.7959
37.6957
37.5928
37.4912
37.3755
37.2626
37.1217
36.9805
36.8158
36.6598
36.5015
36.3701
36.2449
36.1435
36.0499
35.9783
35.919
35.873
35.8362
35.8008
35.7605
35.7153
35.6748
35.6274
35.5688
35.5053
35.4283
35.346
35.2387
35.1729
35.0519
34.9895
34.835
34.9436
25.5049
25.4833
25.4662
25.4452
25.4284
25.4081
25.3914
25.3723
25.355
25.366
25.5685
26.5777
29.6226
33.5689
41.4661
45.0535
45.2517
45.6716
46.2313
46.2731
46.1613
45.8062
45.6526
45.6353
45.6145
45.4616
45.0511
44.6494
44.3149
44.0326
43.8491
43.6747
43.5243
43.3995
43.3094
43.186
42.9999
42.7705
42.5717
42.3601
42.1551
41.9676
41.8232
41.7006
41.6113
41.5127
41.395
41.2303
41.0479
40.8359
40.6322
40.4302
40.2573
40.0858
39.933
39.7781
39.6352
39.4905
39.3574
39.2249
39.1051
38.9775
38.8536
38.7204
38.5944
38.4646
38.339
38.2051
38.0787
37.9395
37.8108
37.6764
37.5507
37.423
37.3102
37.1923
37.0842
36.9663
36.8501
36.7223
36.5886
36.4409
36.2812
36.1152
35.9445
35.777
35.6233
35.4938
35.3741
35.2801
35.1891
35.1195
35.0555
35.0011
34.9471
34.8955
34.8368
34.7636
34.6924
34.6095
34.5336
34.4315
34.3517
34.2596
34.1662
34.0761
33.9797
33.9292
33.8081
33.8041
25.5049
25.4834
25.4662
25.4454
25.4283
25.4083
25.3913
25.3735
25.3951
25.7067
27.2214
30.6646
38.2408
40.7973
44.5498
46.9136
46.8427
46.3678
45.9624
45.6815
45.4796
45.332
45.1771
45.1167
44.9868
44.7367
44.4444
44.1356
43.8442
43.5584
43.3535
43.1944
43.0664
42.9555
42.819
42.62
42.3981
42.1502
41.9346
41.7348
41.5671
41.3986
41.2716
41.1473
41.0393
40.8983
40.7327
40.5251
40.3091
40.0756
39.8686
39.6783
39.5334
39.3861
39.2681
39.1351
39.0088
38.8696
38.7394
38.6009
38.4726
38.3359
38.2111
38.0763
37.9501
37.808
37.6744
37.5224
37.3807
37.2229
37.0763
36.9197
36.7763
36.6323
36.5019
36.3715
36.2474
36.1145
35.9812
35.8343
35.6792
35.5057
35.3327
35.1515
34.9801
34.8072
34.6569
34.518
34.4016
34.2987
34.208
34.1307
34.0677
34.0152
33.964
33.9084
33.8584
33.8061
33.7598
33.714
33.6746
33.633
33.6055
33.5612
33.542
33.499
33.4773
33.4323
33.4274
33.377
25.5049
25.4836
25.4659
25.4458
25.4279
25.409
25.3918
25.4164
25.8279
27.7259
33.6254
37.5744
45.2384
45.5548
45.4482
45.4314
45.3508
45.1117
45.0705
45.1213
45.0813
44.9745
44.8578
44.6467
44.4004
44.1291
43.9014
43.6414
43.3396
43.0034
42.7495
42.5591
42.4421
42.3404
42.1796
41.9441
41.6866
41.4235
41.2092
41.0284
40.9227
40.8574
40.805
40.7128
40.6009
40.4226
40.2009
39.9448
39.6909
39.4368
39.2282
39.0524
38.9309
38.8063
38.6989
38.5614
38.4188
38.2546
38.0938
37.9244
37.7745
37.6196
37.485
37.3419
37.2012
37.0417
36.8872
36.7115
36.5445
36.3578
36.1847
35.9985
35.8348
35.6683
35.5211
35.3755
35.233
35.0797
34.9285
34.7613
34.5976
34.4181
34.2498
34.0755
33.9211
33.7691
33.6586
33.5614
33.4964
33.4436
33.4311
33.429
33.4346
33.4459
33.4664
33.4741
33.4926
33.5016
33.5259
33.5422
33.5846
33.6055
33.6607
33.6931
33.7734
33.8278
33.9616
34.03
34.2757
33.8149
25.5048
25.4838
25.4658
25.446
25.428
25.4093
25.4297
25.8609
27.9756
32.7522
39.8129
44.2987
46.4626
46.2517
45.5687
45.0729
44.8047
44.6037
44.4972
44.4075
44.3035
44.1773
44.0239
43.8597
43.6705
43.4625
43.2299
42.9742
42.7107
42.4549
42.2679
42.1013
41.9949
41.8698
41.7093
41.4739
41.2044
40.9292
40.7198
40.5539
40.4638
40.3943
40.3305
40.2243
40.0867
39.8831
39.6338
39.3492
39.0673
38.7955
38.5808
38.4017
38.2736
38.1358
38.0123
37.8567
37.6951
37.5118
37.3305
37.1426
36.9766
36.8032
36.6449
36.4776
36.3151
36.1281
35.9481
35.7428
35.5379
35.3138
35.1023
34.8861
34.711
34.5428
34.4021
34.2846
34.189
34.0923
34.009
33.925
33.8341
33.7279
33.632
33.5346
33.4499
33.3693
33.3286
33.3173
33.3239
33.347
33.4268
33.4945
33.6631
33.7666
34.0009
34.1306
34.4216
34.5793
34.9306
35.1174
35.5285
35.7506
36.2486
36.5194
37.121
37.4484
38.187
38.5957
39.8168
37.7445
25.5045
25.4842
25.4652
25.4471
25.4258
25.4373
25.8088
27.9891
32.4159
42.0807
44.9348
45.5748
45.6923
45.5897
45.0651
44.6269
44.4259
44.3501
44.3101
44.2403
44.0487
43.8385
43.7088
43.5686
43.4054
43.1807
42.9213
42.6302
42.3641
42.112
41.9286
41.7445
41.5922
41.4105
41.2134
40.9579
40.706
40.4277
40.2022
40.0159
39.8917
39.7727
39.6605
39.5162
39.3496
39.1238
38.8651
38.5899
38.3234
38.0741
37.8595
37.6612
37.4987
37.3147
37.1437
36.9458
36.7522
36.5326
36.3306
36.1272
35.9416
35.7558
35.5732
35.3867
35.2094
35.0074
34.8251
34.6385
34.4653
34.2967
34.1757
34.0665
33.9981
33.9301
33.8996
33.8774
33.8807
33.8837
33.8963
33.9003
33.9102
33.9173
33.9524
33.9878
34.0945
34.1803
34.4052
34.5667
34.9594
35.2179
35.8231
36.1951
37.0361
37.515
38.568
39.1349
40.3691
41.0154
42.4149
43.1449
44.7288
45.5758
47.4368
48.4554
50.6987
51.932
54.6703
56.1807
60.5253
52.797
25.5044
25.484
25.4662
25.4442
25.4404
25.6941
27.6832
33.536
39.3659
44.881
46.3837
46.2479
45.7535
45.1064
44.6426
44.437
44.3414
44.281
44.2401
44.1775
44.0035
43.662
43.4442
43.2616
43.0686
42.8082
42.5078
42.1886
41.9428
41.7175
41.5479
41.3702
41.2078
40.9983
40.7769
40.5068
40.2362
39.9583
39.7038
39.4584
39.2682
39.0698
38.8885
38.6727
38.4486
38.175
37.8907
37.6089
37.3517
37.1031
36.8694
36.6304
36.4169
36.1654
35.9286
35.6871
35.4776
35.2583
35.0968
34.9458
34.8344
34.7309
34.6592
34.578
34.5081
34.4009
34.3235
34.2384
34.1558
34.0966
34.0965
34.1154
34.2
34.2881
34.5167
34.676
35.0503
35.2667
35.7457
36.0001
36.5558
36.858
37.5369
37.9369
38.8587
39.421
40.7078
41.4848
43.2482
44.3037
46.6845
48.0691
51.1379
52.8295
56.4993
58.4314
62.5707
64.7021
69.2449
71.6069
76.6652
79.3821
85.2623
88.5108
95.5438
99.4517
107.929
112.573
125.443
102.469
25.5044
25.4841
25.4658
25.4496
25.5588
27.1418
31.7488
42.6118
44.9162
46.2503
46.4645
46.1251
45.3965
44.6819
44.2989
44.1319
44.0585
43.9831
43.8855
43.8134
43.6964
43.3913
43.1102
42.8562
42.6325
42.3641
42.0705
41.7378
41.4825
41.2282
41.0282
40.8055
40.6029
40.3454
40.0673
39.7628
39.4788
39.1675
38.8875
38.6151
38.3898
38.1562
37.9372
37.657
37.3973
37.0783
36.7786
36.4808
36.2258
35.968
35.7435
35.5226
35.3516
35.1516
35.0167
34.8722
34.7787
34.6678
34.6214
34.5728
34.5725
34.5829
34.6295
34.6722
34.789
34.8725
35.0798
35.2223
35.5663
35.8002
36.3604
36.7361
37.6177
38.1667
39.4102
40.1249
41.7057
42.5679
44.4522
45.4679
47.6881
48.9271
51.7011
53.3424
57.0599
59.2655
64.1814
67.0416
73.3219
76.9838
84.9494
89.4713
99.078
104.227
114.919
120.423
131.699
137.399
149.119
155.207
167.842
174.625
188.853
196.664
213.015
221.879
240.346
250.057
275.773
229.187
25.5043
25.4845
25.4646
25.4962
26.4246
31.5292
37.2891
44.8868
45.5222
45.6202
46.0307
45.9861
45.7001
44.9792
44.5148
44.2188
44.0471
43.9049
43.7756
43.592
43.2718
42.8861
42.5761
42.302
42.0368
41.7013
41.3937
41.0389
40.7639
40.4657
40.245
39.9786
39.7271
39.3963
39.0775
38.7226
38.4083
38.0665
37.7863
37.5215
37.2975
37.0664
36.8687
36.6404
36.4474
36.2073
36.0152
35.8051
35.631
35.4642
35.3351
35.2049
35.1353
35.0457
35.04
35.0559
35.1495
35.2546
35.5298
35.7214
36.1706
36.4539
37.1102
37.5308
38.5025
39.109
40.4839
41.3162
43.1762
44.3009
46.8244
48.4166
51.9113
53.9842
58.4089
60.9097
66.202
69.1348
75.3024
78.7484
86.0215
90.2979
99.5351
105.131
117.132
124.175
138.74
147.394
163.814
174.759
192.922
205.607
224.711
237.776
256.882
269.325
288.146
299.684
318.248
329.649
349.137
360.484
381.947
393.851
417.271
429.395
453.867
466.09
498.487
430.267
25.5048
25.4824
25.4762
25.8514
29.1006
36.2557
43.9633
47.1036
46.6118
45.8528
45.5895
45.5378
45.291
44.8577
44.481
44.1636
43.9023
43.643
43.3578
43.0143
42.6523
42.2309
41.8858
41.5638
41.2684
40.9001
40.5475
40.1634
39.85
39.5302
39.2821
39.0108
38.7291
38.3857
38.056
37.699
37.3914
37.1025
36.8741
36.7074
36.6002
36.4983
36.4271
36.3187
36.2299
36.1
36.0303
35.9484
35.9593
36.0018
36.1375
36.2722
36.6265
36.9026
37.5616
38.0484
39.1511
39.8567
41.3593
42.2491
44.134
45.3104
47.884
49.5936
53.3493
55.7959
61.035
64.4484
71.2727
75.7203
84.2228
91.0337
101.068
109.591
120.893
130.533
143.09
153.798
167.537
179.314
194.837
208.619
227.72
244.117
266.28
284.77
308.425
327.505
351.835
371.621
396.147
415.763
439.431
457.276
479.196
494.863
515.436
529.319
549.045
562.403
582.717
595.601
617.757
630.733
654.834
667.359
692.47
704.867
740.418
656.629
25.5048
25.4836
25.553
27.2527
32.3769
44.2063
45.5684
46.8445
46.6326
46.3552
45.7843
45.3104
44.957
44.5708
44.1625
43.7807
43.4657
43.137
42.785
42.3979
41.9943
41.5729
41.2182
40.8856
40.575
40.2122
39.8297
39.4204
39.0886
38.7966
38.6116
38.4162
38.2249
37.9677
37.6716
37.3561
37.1067
36.8844
36.7213
36.6558
36.6686
36.7288
36.941
37.1209
37.4428
37.6506
38.0675
38.3782
39.085
39.6291
40.8366
41.7222
43.6858
45.1188
48.0576
50.6992
54.7228
58.317
62.8843
67.2739
72.7649
78.3959
85.9499
93.9684
104.643
115.764
129.77
144.042
160.747
177.147
196.842
216.106
237.519
258.009
279.638
299.924
321.491
341.471
363.124
383.352
406.039
427.638
452.716
475.584
502.242
525.384
551.733
573.618
599.091
620.147
644.67
664.527
687.398
704.979
726.024
741.423
761.292
775.054
794.213
807.59
827.362
840.366
862.087
875.183
899.146
911.721
936.873
949.26
988.229
892.745
25.5024
25.4987
26.0516
30.5858
44.5045
49.368
48.8569
47.7535
47.0987
46.4515
45.7746
45.1185
44.5709
44.133
43.6797
43.2791
42.9709
42.6608
42.3501
41.9878
41.537
41.0921
40.705
40.3991
40.0908
39.7512
39.416
39.059
38.7942
38.5747
38.4604
38.3509
38.2394
38.1024
37.9399
37.7805
37.7636
37.78
37.8749
38.0914
38.6727
39.2612
40.5725
41.5829
43.0808
44.3082
45.8836
47.6032
50.3547
53.3156
57.6451
62.3372
69.1058
76.7384
86.7587
97.7271
110.59
123.503
137.484
151.941
167.978
185.266
205.239
227.097
252.016
278.145
306.552
334.86
364.161
392.421
422.111
450.157
478.557
504.742
530.26
553.764
577.264
598.909
621.481
642.905
666.094
688.51
713.645
737.022
763.303
786.514
812.086
833.664
858.014
878.315
901.41
920.046
941.232
958.03
977.914
992.919
1011.89
1025.46
1043.81
1056.99
1075.81
1088.54
1109.13
1121.79
1144.5
1156.5
1180.52
1192.38
1234.06
1126.31
25.5028
25.5779
27.5484
32.9061
44.333
47.049
46.7409
46.1409
45.911
45.6609
45.3525
44.7749
44.1859
43.7613
43.3081
42.9632
42.704
42.4144
42.1447
41.7792
41.2992
40.8862
40.4979
40.2459
39.9582
39.6803
39.4308
39.1583
38.9914
38.9593
38.9839
39.0792
39.3596
39.611
40.0815
40.4279
41.1434
41.7277
42.8916
44.1559
46.7071
49.5938
53.8092
58.2548
63.3061
68.4827
74.4768
82.1234
92.0778
104.215
119.676
137.798
159.844
184.691
212.68
241.686
271.849
300.936
330.068
358.614
387.778
417.234
448.223
479.906
513.114
546.141
579.706
611.783
643.538
673.303
703.401
731.324
759.002
784.12
808.173
830.351
852.229
872.485
893.596
913.942
935.775
957.125
980.979
1003.48
1028.32
1050.45
1074.26
1094.54
1116.89
1135.74
1156.63
1173.73
1192.63
1207.78
1225.33
1238.92
1255.83
1268.28
1284.8
1296.99
1314.07
1325.96
1344.85
1356.82
1378.06
1389.44
1412.3
1423.59
1467.89
1380.22
25.5113
25.9982
30.982
45.003
48.4581
48.3932
47.648
46.6812
46.1798
45.8598
45.4012
44.7055
44.009
43.5659
43.1553
42.8612
42.6275
42.319
42.032
41.6817
41.2269
40.8738
40.5719
40.4886
40.3573
40.3569
40.4024
40.5192
40.8212
41.1481
41.6327
42.3688
43.8869
45.4572
47.5231
49.8175
52.8851
56.3881
61.3557
68.0667
77.9102
90.2032
105.235
121.674
139.413
158.052
178.835
203.302
232.147
265.412
303.312
344.115
387.611
431.71
475.624
517.232
556.889
593.002
627.248
659.177
690.398
720.866
751.996
783.283
815.659
847.597
879.822
910.265
940.279
968.063
995.859
1021.3
1046.26
1068.76
1090.32
1110.16
1129.54
1147.5
1166.4
1184.63
1204.09
1223.1
1244.17
1264.09
1285.84
1305.26
1325.86
1343.59
1362.92
1379.54
1397.69
1412.9
1429.44
1443.05
1458.49
1470.93
1486.02
1497.64
1512.66
1524.2
1539.92
1551.4
1569.04
1580.82
1601.09
1612.28
1634.55
1645.46
1692
1622.48
25.5521
27.0517
32.7809
45.5796
46.757
47.1027
46.7455
46.1867
45.7711
45.6255
45.3586
44.827
44.2317
43.7057
43.2622
42.9413
42.771
42.5464
42.3263
42.0905
41.7609
41.6497
41.6901
41.8465
42.1995
42.9387
43.9069
45.2571
47.2521
48.9131
50.9535
54.45
60.1989
67.2472
76.0848
86.5812
99.6642
115.816
136.933
163.991
197.47
235.21
275.561
316.332
356.811
396.521
436.998
479.709
524.895
572.123
621.013
669.715
718.203
765.026
809.491
850.323
888.285
922.224
954.096
983.229
1011.68
1039.21
1067.25
1095.39
1124.52
1153.18
1182.3
1209.6
1236.56
1261.04
1285.11
1306.81
1327.79
1346.02
1363.5
1379.46
1394.98
1409.54
1425.36
1440.64
1457.11
1473.2
1491.26
1508.55
1527.48
1544.58
1562.68
1578.53
1595.71
1610.85
1627.13
1641.16
1656.09
1668.8
1682.79
1694.62
1708.45
1719.7
1733.67
1745
1759.84
1771.41
1788.27
1800.4
1820.1
1831.56
1853.45
1864.17
1912.18
1844.33
25.7387
29.4772
40.8733
48.9421
48.429
47.7022
47.1547
46.515
46.0145
45.94
45.7399
45.3032
44.7626
44.1825
43.7459
43.4823
43.4294
43.3595
43.3781
43.4562
43.6426
44.054
44.9966
45.9494
47.7807
51.0739
55.9339
62.5323
70.598
79.0086
90.116
106.769
130.347
158.529
191.669
229.074
271.999
320.505
374.838
433.784
495.177
555.27
612.246
664.904
713.776
759.252
803.428
847.993
893.287
939.219
985.671
1031.28
1075.99
1118.58
1158.3
1194.15
1226.91
1255.59
1282.46
1306.73
1330.61
1353.59
1377.19
1400.8
1425.39
1449.51
1474.03
1496.72
1519.26
1539.34
1558.92
1576.47
1593.4
1607.7
1621.83
1634.62
1647.1
1659.1
1672.61
1685.57
1699.67
1713.35
1729.12
1744.61
1761.73
1777.45
1794.08
1808.97
1824.99
1839.45
1854.72
1868.17
1882.11
1894.31
1907.37
1918.9
1931.92
1943.09
1956.38
1967.81
1982.16
1994.13
2010.62
2023.37
2042.76
2054.63
2076.18
2086.75
2134.96
2053.3
26.2671
32.4575
48.9186
49.2041
48.1129
47.2164
47.0573
46.9473
46.5678
46.4266
46.2161
45.9342
45.6205
45.2823
44.9771
44.9437
45.0324
45.4153
46.2129
47.7016
49.9054
53.0684
56.9256
61.6447
71.3323
87.5351
111.01
140.027
173.349
211.076
256.725
311.912
375.194
441.707
510.058
578.434
647.157
715.343
782.95
849.617
913.915
973.51
1027.56
1076.07
1120.43
1161.24
1200.49
1239.7
1279.1
1318.69
1358.37
1397.08
1434.65
1469.92
1502.58
1531.55
1557.54
1579.78
1600.55
1618.99
1637.62
1655.75
1674.89
1694.24
1714.64
1734.91
1755.6
1774.46
1793.24
1809.6
1825.46
1839.7
1853.46
1864.8
1876.66
1887.26
1897.72
1908.18
1920.24
1931.69
1944.18
1956.28
1970.61
1985.03
2001.11
2016.19
2032.16
2046.8
2062.42
2076.79
2091.62
2104.91
2118.28
2130.21
2142.58
2153.94
2166.32
2177.46
2190.21
2201.8
2215.74
2228.21
2244.34
2257.81
2276.76
2289.09
2310.09
2320.49
2367.36
2248.85
27.2754
33.7196
44.9133
45.908
45.8668
46.3131
47.2147
47.6713
47.6995
47.4178
47.1201
47.1015
47.2144
47.5456
47.9691
48.7696
50.3385
53.724
58.9867
68.8269
81.3287
97.5356
117.716
148.153
195.749
260.965
339.593
423.353
508.31
592.383
676.021
758.633
839.651
916.956
990.643
1060.87
1128.41
1192.85
1254.81
1314.18
1369.96
1420.01
1464.08
1502.83
1537.96
1570.18
1601.27
1632.25
1663.42
1694.64
1726.03
1756.89
1787.02
1815.27
1841.03
1863.5
1883.45
1900.3
1916.17
1930.19
1944.94
1959.56
1975.49
1991.76
2009.05
2026.22
2043.63
2059.19
2074.67
2087.88
2100.65
2112.28
2123.54
2132.66
2143.04
2152
2161.22
2170.73
2181.76
2192.04
2203.29
2214.34
2228.04
2242.25
2258.11
2273.25
2289.15
2304
2319.63
2334.17
2348.8
2362.01
2374.91
2386.55
2398.27
2409.36
2421.11
2432.11
2444.32
2455.98
2469.47
2482.35
2498.02
2512.1
2530.31
2542.97
2563.14
2573.13
2618.83
2445.54
29.2226
41.5223
49.0453
48.6482
48.4189
49.3511
50.8594
51.376
51.3372
51.1574
51.2582
51.8472
53.6222
58.0534
62.7394
70.289
83.0849
106.029
141.534
191.571
250.693
320.569
402.761
502.851
618.383
742.697
867.032
982.212
1085.37
1177.02
1259.14
1334.92
1405.34
1470.57
1531.94
1590.08
1645.43
1697.62
1747.11
1793.63
1836.23
1872.91
1904.29
1931.72
1956.92
1980.68
2004.35
2028.41
2052.88
2077.48
2102.3
2126.84
2150.86
2173.25
2193.34
2210.45
2225.39
2237.8
2249.65
2260.2
2272.05
2284.23
2297.96
2312.06
2326.97
2341.58
2356.09
2368.69
2381.19
2391.67
2401.89
2411.46
2420.86
2428.4
2437.97
2445.76
2454.44
2463.48
2473.83
2483.43
2494.08
2504.99
2519.17
2534.13
2550.41
2566
2582.02
2597.1
2612.71
2627.23
2641.48
2654.32
2666.52
2677.57
2688.44
2698.98
2709.97
2720.56
2732.15
2743.58
2756.5
2769.48
2784.49
2798.77
2815.78
2828.43
2847.26
2856.51
2900.87
2653.53
33.0059
49.4597
52.588
53.5584
54.8415
56.8629
58.2444
59.1325
60.687
63.8353
70.6752
79.5579
96.4101
124.334
158.318
209.665
284.35
392.399
523.153
665.438
807.983
945.404
1077.16
1208.44
1339.12
1466.54
1585.07
1688.75
1775.94
1848.87
1910.85
1965.89
2015.74
2061.15
2103.93
2144.63
2183.79
2221.39
2257.34
2290.96
2321.15
2345.96
2366.65
2384.99
2402.49
2419.96
2438.24
2457.27
2476.75
2496.3
2515.93
2535.27
2554.1
2571.46
2586.71
2599.31
2610.09
2618.93
2627.57
2635.54
2645.48
2656.3
2668.88
2681.74
2695
2707.53
2719.46
2729.35
2739.06
2747.12
2755.21
2763.14
2771.13
2777.67
2786.87
2793.96
2802.65
2811.75
2821.79
2831.76
2843.14
2855.53
2871.4
2887.72
2904.51
2920.26
2935.94
2950.74
2965.69
2979.52
2992.74
3004.51
3015.44
3025.31
3034.87
3044.36
3054.25
3064
3074.72
3085.38
3097.4
3109.87
3123.77
3137.53
3152.62
3164.58
3181.23
3189.41
3231.2
2884.8
35.6161
49.1256
58.1268
65.6334
70.2068
73.2665
78.6097
88.7779
107.994
141.925
197.763
262.945
355.936
476.841
630.879
812.152
1009.99
1221.82
1425.22
1611.27
1771.64
1906.51
2024.04
2131.77
2233.55
2328.81
2413.86
2483.09
2536.38
2577.72
2612.06
2643.15
2672.47
2699.76
2726.53
2752.58
2778.23
2803.77
2828.44
2851.11
2870.49
2884.81
2896.39
2907.58
2919.36
2932.38
2946.86
2962.12
2977.64
2993.02
3008.22
3022.98
3037.09
3049.79
3060.61
3069.19
3076.44
3082.48
3088.74
3095.13
3104.29
3114.97
3127.51
3140.14
3152.49
3163.41
3173.03
3180.4
3187.36
3193.1
3199.2
3205.61
3212.38
3218.18
3227.01
3233.7
3242.8
3252.64
3263.37
3275.29
3289.66
3305.62
3323.91
3341.02
3357.23
3371.92
3385.89
3399.23
3412.23
3424.19
3435.27
3444.73
3453.48
3461.28
3468.68
3476.33
3484.46
3492.66
3501.96
3510.92
3521.26
3532.18
3544.02
3555.99
3568.13
3578.1
3591.35
3598.02
3634.35
3154.69
35.208
52.0062
92.9158
121.945
135.708
152.079
188.747
276.673
420.824
613.608
832.039
1061.12
1311.34
1585.75
1887.34
2159.5
2392.1
2597.39
2773.5
2915.51
3020.85
3097.04
3157.67
3211.07
3261.62
3307.74
3347.08
3373.77
3389.91
3400.65
3411.38
3424.05
3438.03
3451.79
3465.52
3479.34
3493.82
3509.36
3524.48
3537.47
3547
3551.54
3554.84
3560.06
3567.1
3576.22
3587.19
3598.51
3609.59
3620.25
3630.53
3640.18
3649.07
3656.59
3662.57
3666.94
3670.69
3674.32
3678.75
3684.29
3693.45
3704.76
3717.75
3730.47
3742.06
3751.28
3758.35
3762.95
3766.6
3769.43
3772.92
3777.02
3781.74
3786.18
3793.37
3799.18
3809.01
3819.91
3833.1
3848.59
3868.3
3888.52
3907.9
3923.58
3936.54
3947.82
3957.76
3967.68
3976.83
3985.27
3992.75
3998.26
4003.51
4008.18
4012.14
4016.82
4022.11
4027.81
4034.68
4040.43
4047.55
4055.35
4063.5
4071.78
4079.16
4085.36
4093.6
4097.74
4124.03
3481.35
37.8035
185.053
330.162
379.24
428.017
543.103
814.158
1275.71
1770.23
2246.06
2672.11
3041.9
3386.11
3716.88
4020.25
4211.58
4326.99
4402.99
4445.53
4458.82
4456.03
4448.66
4445.57
4446.53
4450.05
4448.84
4441.42
4422.75
4399.77
4380.52
4369.63
4366.74
4367.2
4368.28
4368.72
4369.55
4372.23
4377.36
4382.33
4384.5
4383.28
4377.13
4370.68
4368.41
4368.6
4370.46
4374.57
4378.05
4380.5
4382.18
4383.39
4383.96
4383.96
4383.04
4381.22
4378.85
4376.98
4376.53
4377.49
4380.46
4387.37
4396.8
4407.1
4416.6
4424.12
4428.59
4430.14
4429.58
4427.16
4424.21
4421.99
4420.35
4419.5
4419.33
4420.42
4422.67
4431.24
4443.2
4457.96
4476.03
4499.85
4520.88
4537.08
4547.61
4554.58
4559.54
4563.47
4568
4571.88
4575.52
4578.79
4579.05
4580.3
4581.69
4581.21
4582.15
4583.92
4586.87
4590.88
4591.49
4593.89
4597.13
4600.25
4603.87
4604.11
4605.05
4606.58
4607.55
4619.67
3874.76
172.274
1253.58
1457.92
1527.49
1735.21
2388.98
3581.74
4393.8
5027.88
5498.29
5860.69
6103
6256.19
6307.23
6297.14
6261.04
6205.34
6133.24
6040.23
5931.98
5832.73
5757.44
5702.05
5656.24
5612.95
5559.83
5495.89
5426.71
5364.42
5315.96
5283.72
5262.77
5245.48
5226.96
5206.5
5187.18
5172.86
5163.31
5154.86
5143.62
5127.58
5107.62
5088.65
5073.31
5060.14
5048.16
5036.2
5022.7
5007.45
4991.3
4975.26
4959.65
4944.57
4929.95
4915.93
4902.73
4891.28
4882.17
4875.61
4871.77
4871.3
4871.84
4872.41
4871.94
4869.17
4863.65
4855.73
4845.63
4834.12
4822.05
4810.4
4798.95
4788.21
4778.67
4769.96
4763.27
4771.24
4789.29
4808.59
4827.46
4847.05
4868.22
4879.7
4881.14
4883.41
4886.53
4887.78
4887.37
4889.34
4892.25
4892.81
4892.11
4897.17
4900.32
4897.68
4898.99
4899.79
4902.81
4912.32
4906.36
4910.45
4907.09
4908.98
4917.19
4906.48
4904.27
4903.84
4900.49
4891.13
4258.8
7318.59
8655.17
8348.1
7445.43
6232.16
5216.51
4598.9
4235.8
4033.14
3926.4
3878.69
3852.27
3853.89
3878.57
3937.01
3989.53
4021.76
4037.3
4046.35
4053.44
4059.41
4062.95
4062.63
4057.94
4051.1
4043.09
4035.76
4028.8
4021.16
4011.07
3997.7
3982.93
3969.71
3958.95
3950.38
3942.35
3933.29
3922.65
3911.74
3901.43
3891.45
3881.21
3870.58
3858.42
3845.61
3834.64
3826.03
3818.83
3811.89
3804.24
3795.47
3786.21
3777.16
3768.78
3761.4
3755.11
3749.67
3744.49
3738.76
3731.81
3723.71
3715.19
3707.14
3699.91
3693.7
3688.31
3683.35
3678.38
3673.06
3667.16
3660.7
3653.83
3646.85
3640.21
3634.51
3628.53
3643.5
3697.98
3849.31
3904.1
3814.95
3903.23
3959.46
4233.46
3932.74
4175.83
4162.77
4085.85
4112.51
4465.69
4120.13
4499.97
4389.34
4630.96
4544.81
4413.44
4364.28
4375.81
4605.99
4835.01
4590.6
4489.1
4524.05
4773.6
4649.11
5066.06
4981.63
5136.67
4975.3
5281.34
170.776
163.804
128.468
61.4743
35.6901
31.7114
45.1729
66.3829
71.7026
40.3844
207.848
496.954
902.897
1391.16
1824.25
2643.73
2538.79
2649.14
2756.99
2823.69
2825.71
2853.64
2835.45
2826.89
2835.79
2863.15
2868.62
2856.16
2848.69
2862.87
2871.74
2869.57
2867.64
2877.75
2896.17
2903.32
2899.5
2889.52
2886.39
2895.02
2900.66
2897.98
2888.39
2874.63
2871.23
2870.8
2868.37
2862.66
2853.5
2845.68
2842.15
2837.54
2829.88
2819.95
2808.15
2800.49
2800.19
2800.72
2802.65
2804.53
2798.87
2789.03
2782.24
2778.49
2780.74
2791.14
2812.04
2839.91
2865.77
2884.09
2890.36
2892.86
2898.88
2911.63
2935.58
2970.93
3016.26
3066.2
3102.43
3164.99
2651.57
2587.88
2209.81
1242.39
731.275
620.43
761.737
960.321
968.042
562.585
1637.4
2655.11
3799.93
4936.13
5713.64
6614.67
6992.49
7148.14
7209.7
7143.76
6899.52
6698.91
6316.32
6101.7
5827.47
5482.67
5131.03
4874.02
4673.31
4428.58
4223.48
4067.51
3949.05
3835.58
3723.74
3639.92
3579.55
3544.62
3502.52
3459.54
3429.42
3412.57
3404.36
3399.05
3384.97
3370.72
3361.72
3360.12
3361.42
3358.85
3353.29
3344.72
3341.68
3343.11
3344.98
3345.28
3341.99
3333.28
3323.72
3317.29
3319.86
3325.37
3329.28
3328.16
3322.62
3309.6
3286.1
3258.98
3236.68
3232.08
3238.19
3252.95
3268.26
3278.85
3280.31
3278.4
3269.87
3273.36
3269.66
3315.12
4624.87
4640.63
4638.88
4229.56
2950.06
2215.73
2168.64
2349.89
2248.71
1597.49
3194.94
4601.74
6172.7
7624.2
8623.85
9506.56
10027.6
10195
10216.3
10016.4
9595.59
9208.03
8604.1
8217.56
7750.93
7197.3
6649.14
6228.82
5889.24
5500.58
5168.41
4904.71
4692.5
4489.98
4291.52
4131.32
4005.75
3917.56
3829.04
3737.47
3662.34
3605.1
3560.21
3527.15
3486.83
3446.48
3413.75
3389.02
3374.44
3357.35
3342.08
3322.48
3310.01
3303.97
3300.68
3297.28
3288.7
3275.04
3261.02
3245.51
3243.61
3245.66
3248.8
3247.62
3241.43
3226.24
3195.87
3156.59
3117.55
3093.06
3085.02
3088.19
3095.86
3099.73
3095
3083.2
3056.1
3042.68
3010.01
3033.2
4963.13
4997.91
5188.9
5700.87
5340.47
4247.03
3699.49
3688.79
3450.09
2602.82
4483.72
6214.92
8121.48
9816.88
10998.6
11879.8
12442.6
12577.7
12535.2
12170
11602
11034.8
10251.9
9711.43
9084.77
8372.55
7682.63
7135.27
6683.49
6192.8
5769.5
5424.21
5137.79
4867.17
4605.27
4386.06
4206.62
4069.28
3939.82
3808.51
3694.87
3602.02
3526.43
3467.51
3405.11
3343.46
3290.6
3246.07
3214.58
3182.27
3154.85
3123.73
3100.89
3084.35
3072.73
3062.28
3046.65
3027.88
3009.6
2986.83
2978.28
2975.41
2974.05
2970.67
2963.02
2946.87
2915.53
2872.26
2825.04
2787.8
2765.2
2756.82
2753.74
2749.96
2737.94
2719.66
2681.33
2657.14
2604.21
2607.07
4713.72
4747.55
4957.99
5717.44
6874.39
6303.2
5384.99
5083.54
4682.21
3608.64
5664.54
7687.57
9876.04
11779.2
13117.3
14024.5
14584.8
14646.4
14498.7
13919.6
13216.6
12476.2
11543.1
10862
10097.1
9258.05
8462.31
7815.88
7273.98
6709.72
6221.09
5816.15
5473.59
5152.43
4845.74
4583.72
4364.61
4188.39
4026.37
3865.22
3722.64
3601.61
3499.5
3415.93
3333.61
3253.28
3182.41
3120.24
3071.74
3025.12
2984.25
2941.86
2907.98
2879.84
2858.19
2837.77
2815.12
2790.36
2767.09
2738.77
2722.75
2713
2705.18
2697.84
2687.46
2670.01
2639.68
2597.21
2547.97
2504.3
2470.62
2450.81
2436.29
2425.33
2405.19
2383.81
2340.15
2311.24
2248.82
2231.07
4339.56
4368.73
4531.27
5296.79
7110.38
8040.67
7195.41
6589.83
6007.42
4659.95
6808.89
9101.03
11542.7
13633.2
15107.7
16037.4
16548.4
16484.7
16173.1
15339.7
14517.3
13606.4
12548.4
11735.8
10852.4
9912.61
9041.64
8321.39
7709.8
7095.76
6563.11
6117.19
5734.18
5376.93
5040.02
4748.21
4501.61
4296.74
4110.51
3927.82
3764.62
3623.25
3501.48
3398.59
3300.51
3205.83
3120.92
3045.16
2982.64
2924.73
2872
2820.3
2777.04
2739
2708.33
2678.54
2649.11
2618.38
2590.05
2557.68
2535.31
2519.31
2505.34
2493.23
2479.45
2460.06
2430.13
2389.2
2340.43
2294.24
2254.13
2226.11
2202.4
2184.48
2157.78
2133.01
2086.54
2054.87
1990.21
1954.13
3979.19
4003.36
4128.4
4710.95
6578.27
8947.25
8967.04
8244.85
7462.12
5791.75
7962.26
10502.7
13173.9
15424.7
16999.1
17895.3
18279.8
18021.9
17490.2
16359.2
15433
14351.9
13211.4
12277.9
11305.6
10297.2
9388.77
8624.81
7969.3
7333.66
6779.83
6312.17
5904.79
5526.29
5173.12
4863.23
4599.95
4375.82
4173.7
3976.95
3800.13
3645.03
3509.89
3392.96
3283.64
3178.8
3083.65
2998.13
2924.94
2858.79
2796.7
2737.84
2687.35
2641.55
2603.48
2566.28
2530.68
2494.66
2461.69
2426.36
2399.07
2377.84
2358.95
2342.35
2325.07
2303.48
2273.3
2233.74
2186.34
2139.74
2096.76
2063.68
2033.63
2009.94
1978.34
1949.95
1902.37
1867.31
1805.66
1754.88
3658.81
3678.2
3777.97
4207.51
5509.04
8548.7
10378
10019.2
9077.02
7056.06
9161.87
11917.2
14775.9
17127.2
18728.8
19459.1
19577.1
18973.1
18188.9
16794.1
15802.6
14585
13425.6
12408.8
11393
10359.5
9456.2
8684.66
8018.74
7391.68
6841.12
6372.25
5958.3
5575.23
5220.74
4905.16
4636.21
4402.49
4193.56
3990.45
3806.92
3644.44
3501.42
3375.49
3259.68
3148.75
3047.06
2955.31
2874.79
2803.23
2734.52
2670.74
2615.19
2563.74
2519.97
2477.49
2436.87
2396.61
2359.76
2322.31
2291.45
2266
2243.38
2223.18
2202.81
2179.16
2148.62
2110.36
2064.64
2018.8
1975.21
1939.51
1905.87
1877.82
1843.16
1811.43
1764.17
1725.28
1668.95
1607.81
3368.77
3384.2
3464.79
3767.7
4701.3
7286.89
10412.2
11584
10849.4
8541.44
10433.5
13343.7
16317.9
18641.8
20021.4
20308.9
20116.8
19105.9
18093.8
16418.6
15404.8
14071.6
12989.6
11939.9
10953.3
9980.71
9147.65
8419.99
7791.16
7214.48
6699.3
6255.01
5856.3
5489.59
5152.27
4846.04
4584.27
4351.48
4146.14
3945.58
3763.05
3600.08
3454.99
3325.69
3208.6
3096.11
2992.08
2897.75
2813.5
2739.28
2667.04
2600.85
2542.49
2487.65
2440.06
2394.39
2350.38
2307.18
2267.68
2228.86
2195.62
2167.11
2141.9
2119.15
2096.46
2071.39
2040.83
2003.98
1960.34
1916.02
1873.26
1836.66
1801.75
1770.97
1735.15
1700.69
1655.05
1612.76
1562.14
1494.78
3097.97
3110.14
3171.01
3380.57
4089.97
5729.32
9468.96
12397.1
12516.7
10329.3
11807.7
14751.3
17678.4
19566.8
20451.1
20138.9
19430.5
17818.7
16649.5
14794
13875.7
12505.6
11647.2
10656.9
9804.29
9004.04
8349.47
7741.31
7210.71
6733.96
6293.53
5905.66
5549.83
5225.94
4928.71
4650.86
4412.07
4192.96
4003.89
3817.12
3645.15
3490.14
3349.59
3223.69
3110.93
3002.64
2901.46
2808.81
2724.97
2650.95
2579.07
2513.27
2454.82
2399.15
2349.91
2303.2
2257.86
2213.43
2172.92
2133.76
2099.25
2069.08
2042.49
2018.25
1994.36
1968.83
1939.1
1904.17
1863.23
1821.04
1780.22
1743.97
1709.75
1677.73
1642.67
1606.57
1563.68
1519.19
1473.88
1403.78
2838.4
2847.85
2889.74
3045.39
3597.81
4679.25
7264.91
11685.1
13744.5
12168.9
13310.6
16037
18398.6
19579.8
19454.2
18198.1
16938.2
14885.8
13704.3
11829.8
11111.6
9827.32
9297.56
8477.08
7864.34
7342.88
6968.76
6562.06
6186.62
5882
5563.38
5270
4990.36
4739.3
4507.99
4282.02
4084.85
3894.58
3735.98
3576.99
3427.3
3290.56
3162.49
3048.19
2945.98
2849.32
2757.35
2671.85
2593.25
2522.69
2456.14
2393.93
2338.85
2285.27
2237.02
2191.76
2147.52
2104.12
2064.71
2026.68
1992.22
1962.08
1935.44
1910.94
1887.21
1862.56
1834.89
1802.87
1765.6
1726.32
1688.44
1653.62
1621.69
1589.92
1557.36
1521.14
1482.09
1437.13
1396.54
1326.67
2584.52
2591.93
2619.71
2741.91
3125.34
3902.48
5503.3
9411.27
13568.8
13549.5
14618.1
16729.3
18129.3
17896.9
16823.5
14426.6
12964.3
10932.8
9879.24
8188.87
7681.1
6631.53
6378.41
5818.02
5464.02
5215.96
5100.81
4905.12
4706.37
4607.34
4466.09
4309.59
4142.47
3991.56
3850.26
3703.03
3566.9
3423.25
3309.86
3195.22
3081.81
2975.08
2869.36
2775.6
2692.21
2615.54
2540.29
2468.46
2400.86
2338.74
2282.71
2228.29
2180.4
2132.57
2088.62
2047.58
2007.54
1968.09
1932.36
1897.56
1864.95
1836.75
1811.67
1788.53
1766.57
1744.46
1720.51
1692.92
1660.7
1625.51
1591.66
1559.4
1531.16
1501.25
1472.71
1438.22
1404
1360.76
1324.56
1257.54
2332.3
2338.44
2356.79
2440.45
2686.15
3373.02
4337.03
6568.76
11891.2
13704.4
15216.9
16377.3
16232.1
14783.6
12719.8
10083.4
8686.27
7012.62
6139.84
4786.98
4443.88
3704.57
3607.75
3305.15
3152.03
3107.71
3112.03
3082.33
3052.27
3081.86
3084.81
3069.29
3024.68
2979.93
2942.1
2894.41
2833.84
2755.78
2701.55
2646.53
2583.22
2518.23
2447.05
2382.69
2328.16
2280.08
2229.91
2179.03
2129.34
2082.52
2041.84
2000.91
1964
1926.4
1890.91
1857.5
1825.25
1793.4
1764.43
1735.72
1707.49
1683.31
1661.8
1642.07
1623.81
1606.27
1588.2
1567.13
1541.86
1512.52
1484.04
1455.77
1432.48
1406.18
1383.01
1352.5
1324.07
1285.06
1253.31
1191.6
2078.12
2083.25
2095.57
2144.33
2309.83
2948.36
3557.95
4816.44
8327.74
12574.3
14305
14292.3
13300.9
10682.2
8488.5
6318.46
5126.9
3897.17
3137.74
2317.62
2099.58
1664.39
1604.9
1433.53
1373.5
1376.62
1409.99
1422.76
1461.4
1559.53
1656.6
1722.78
1760.06
1807.16
1863.8
1912.22
1927.74
1926.41
1930.65
1934.5
1928.62
1913.4
1885.54
1859.01
1840.71
1828.38
1811.02
1788.6
1763.23
1738.5
1718.34
1696.37
1674.78
1652.03
1629.48
1607.93
1587.4
1567.27
1548.62
1529.5
1508.9
1491.23
1475.72
1461.91
1449.69
1439.22
1429.53
1417.56
1401.71
1380.87
1359.41
1337.02
1319.98
1299.41
1282.86
1258.83
1237.19
1205.28
1178.52
1124.71
1817.48
1821.86
1830.74
1857.85
1967.48
2291.98
3004.25
3739.84
5520.52
9755.36
11656.7
11203.6
9710.27
6960.68
5149.83
3671.07
2760.93
1954.16
1472.91
1052.97
898.6
680.164
636.991
544.002
513.813
500.218
507.321
509.246
522.459
557.648
607.237
662.322
708.876
765.699
838.674
919.671
985.427
1034.18
1085.08
1138
1176.86
1206.92
1224.44
1238.97
1257.53
1280.66
1295.84
1303.42
1304.55
1305.72
1308.57
1308.22
1306.23
1301.82
1295.85
1289.85
1284.85
1280.35
1275.37
1269
1259.34
1250.98
1243.8
1238.39
1234.73
1234.66
1235.86
1235.7
1232.66
1224.07
1211.12
1197.13
1187.49
1174.99
1166.35
1151.85
1138.43
1116.64
1095.73
1052.97
1545.1
1548.73
1555.95
1571.81
1628.66
1810.13
2465.97
2970.37
3971.64
6643.58
8354.49
7846.82
6415.84
4420.23
3116.82
2123.11
1416.28
938.474
660.774
465.936
372.068
280.906
258.298
217.479
206.112
194.073
193.048
190.191
192.184
197.966
207.125
218.788
231.598
249.137
269.082
301.51
336.926
372.136
409.296
454.755
496.353
539.719
576.178
612.807
651.917
697.154
735.774
767.478
792.312
816.395
840.838
862.053
879.261
893.013
904.588
915.235
926.079
936.734
945.897
953.553
956.773
959.649
962.619
967.791
974.804
986.323
1001.64
1017.45
1028.22
1032.65
1031.68
1029.36
1028.71
1027.48
1027.43
1025.86
1022.33
1014.15
1000.45
972.262
1255.35
1260.08
1267.31
1277.48
1304.41
1401.18
1694.6
2321.51
2992.49
4733.54
5739.28
5299.42
4188.31
2846.82
1920.24
1160.43
687.317
426.246
286.644
206.089
163.557
134.288
125.8
113.734
110.595
107.767
107.861
107.59
107.793
108.417
109.924
111.781
113.445
116.954
119.538
124.785
131
138.49
146.522
158.043
168.435
182.897
198.138
214.348
232.539
259.338
287.448
314.483
339.272
366.003
394.651
422.519
449.416
474.497
498.064
521.021
543.422
565.409
585.737
605.293
620.604
635.05
648.078
663.693
680.999
704.454
732.078
762.758
788.006
807.284
818.584
829.513
839.73
850.365
862.937
875.516
885.332
891.482
888.161
879.095
954.437
961.718
968.277
976.552
990.472
1031.72
1164.58
1576.43
2126.62
3563.28
3914.23
3548.88
2703.74
1783.8
1057
577.052
327.037
197.854
133.722
103.11
89.2144
83.8944
83.486
82.2593
83.1072
85.3952
87.0705
88.4845
89.0321
90.4268
90.4348
90.3232
90.431
90.8023
91.1799
91.893
92.572
93.3166
94.2399
95.9987
97.1346
99.2169
101.758
104.999
107.687
113.229
119.813
127.09
133.404
142.312
152.241
163.336
174.851
188.178
202.026
218.728
234.589
252.444
269.749
289.546
306.723
325.215
342.111
363.353
384.999
414.261
446.937
486.051
520.857
552.915
576.245
599.65
621.354
646.611
670.539
699.477
721.643
749.639
755.823
767.334
653.733
662.99
670.568
678.942
689.499
707.901
763.397
933.369
1316.87
2332.67
2277.5
1940.47
1308.89
795.778
464.167
269.323
161.692
105.799
79.2308
67.9267
64.3641
65.2683
68.2056
71.0188
76.9047
80.4685
81.7569
83.7112
84.734
86.8582
86.9391
86.6292
86.7344
87.171
86.994
86.7215
86.282
85.979
85.6554
85.4607
85.2258
84.9969
84.9133
84.9691
85.1715
85.6936
86.2708
87.3371
88.0687
89.5859
90.7401
93.0443
94.5714
97.8126
100.156
105.11
108.541
115.012
119.255
127.219
132.658
141.785
148.487
160.757
172.536
191.513
213.141
244.342
274.165
306.443
331.342
361.113
386.659
422.658
455.403
500.67
533.224
581.355
598.774
634.561
369.068
375.758
386.897
392.997
405.128
415.565
438.459
493.15
625.411
808.614
786.691
644.893
466.436
304.478
195.607
128.696
90.4961
71.0776
61.9942
57.8878
56.273
56.8052
58.7641
62.7965
71.1837
75.515
78.8928
82.2647
85.6397
86.6263
86.325
86.2921
86.6221
87.2597
86.9855
86.4907
85.8686
85.4334
85.142
84.5749
83.9171
83.2815
82.6993
82.2498
81.6966
81.2604
80.7715
80.3973
80.0016
79.7335
79.468
79.3423
79.31
79.3576
79.4912
79.8804
80.3243
81.3457
81.9926
83.3796
84.2377
86.0764
87.4869
90.5615
93.5986
100.26
106.369
119.785
129.764
149.589
160.894
183.304
198.563
231.02
254.656
302.472
333.058
391.448
417.065
473.478
164.813
168.001
174.708
178.386
185.942
192.129
208.833
208.248
195.902
157.687
154.164
143.515
130.317
104.949
86.5118
72.9656
64.8126
60.0753
57.5161
55.8563
54.8774
54.5467
54.8322
56.1485
59.2838
63.518
69.8884
77.5647
81.3897
83.0104
83.1106
83.772
85.6883
85.888
85.6827
85.3675
85.0186
84.982
84.7885
84.3397
83.6307
82.9413
82.3428
82.0148
81.4645
80.8677
80.166
79.5872
78.9811
78.4931
77.8709
77.3785
76.8096
76.2944
75.7207
75.2834
74.8926
74.7018
74.3967
74.2643
74.0225
73.8698
73.5411
73.5852
73.8562
74.7238
75.9848
79.0781
81.6679
87.4945
91.4395
99.9155
106.26
120.826
133.347
161.14
181.001
223.643
246.799
303.576
70.9853
72.0791
74.3825
76.1484
79.1996
82.2004
88.723
85.3253
75.575
62.9061
59.9923
60.6582
62.3923
62.0756
61.2871
60.4783
60.0181
59.0228
58.3761
56.9996
55.8048
54.813
54.3702
54.5022
55.1723
56.9621
60.4255
66.1231
72.1634
78.1398
80.5885
83.8596
85.3578
85.2502
84.8229
84.6243
84.7679
85.078
84.8595
84.3203
83.5024
82.8469
82.3918
82.1137
81.577
80.9711
80.286
79.6615
79.1235
78.6283
77.9888
77.3971
76.7608
76.1203
75.4427
74.843
74.3258
73.8303
73.3443
72.8752
72.3543
71.8839
71.2435
70.5606
69.7894
69.3067
68.9766
69.0342
69.2221
69.7692
70.4753
72.2052
74.0758
78.2483
82.6816
93.0085
102.067
122.753
136.012
172.924
39.407
39.9336
40.6985
41.784
44.775
48.3027
53.4036
52.6883
51.294
49.451
48.5644
49.072
50.7031
52.511
55.7502
59.0544
60.1522
60.0064
59.5077
58.7751
58.1515
57.2962
56.5251
55.7726
54.9106
54.9692
55.5559
57.3787
61.6515
66.5011
74.1276
80.471
80.623
80.9732
81.0637
81.5667
82.9722
82.9615
82.7458
82.3264
81.6251
81.4199
81.359
81.1676
80.7578
80.248
79.6937
79.2236
78.8532
78.4093
77.8337
77.3072
76.6651
76.063
75.4918
75.0366
74.5403
74.0531
73.503
73.0517
72.4694
71.8394
71.0147
70.3003
69.4507
68.7518
67.989
67.5491
66.945
66.5228
66.0574
65.605
65.0628
65.2933
66.1452
68.6001
71.5485
78.7275
84.0598
101.186
30.0825
30.5514
31.6529
34.1535
37.9756
43.6376
46.1842
46.3662
46.8094
46.8042
46.7728
46.7564
47.0721
47.9176
49.6951
51.7177
53.8554
56.336
58.2155
58.9668
58.7877
58.2826
57.5893
56.8582
56.2244
55.3961
54.7961
54.8901
55.633
57.878
61.8476
68.8002
73.1542
77.399
78.9349
81.7605
82.9083
82.7189
82.4165
81.7981
81.8105
81.8605
81.7086
81.3607
80.8036
80.3302
79.9405
79.7383
79.3525
78.8968
78.2918
77.6853
76.9626
76.4599
75.9793
75.6724
75.17
74.7068
74.1219
73.5918
72.8547
72.2581
71.3783
70.6619
69.8129
69.1082
68.2938
67.6215
66.7931
66.0728
65.114
64.1733
62.9254
62.3763
61.5818
61.5947
61.9172
63.1999
64.5945
70.3458
27.8021
29.0722
31.5747
36.1097
41.3721
43.5588
44.5674
44.9471
45.6961
46.2748
46.634
46.747
46.812
46.9506
47.2215
47.7518
48.7735
50.271
51.8104
54.2489
55.9176
57.1084
57.5125
57.3762
57.0198
56.3392
55.7257
55.0233
54.6639
54.8117
55.808
58.632
63.048
69.6742
75.6885
79.9848
80.2221
80.0553
80.0597
80.4043
81.4599
81.4496
81.2343
80.75
80.3226
80.0951
80.0633
79.9276
79.5785
79.1437
78.4974
77.905
77.292
76.9356
76.5874
76.3295
75.8112
75.3933
74.7159
74.078
73.288
72.7135
72.037
71.3698
70.5565
69.8365
69.0207
68.3281
67.3751
66.5953
65.3668
64.4771
63.0601
62.2592
61.2109
60.5738
59.7471
59.4816
58.9775
59.9201
29.2132
32.6879
36.9088
40.671
44.3421
45.5037
45.7211
46.0634
46.5438
46.9383
47.1002
47.1018
47.078
47.0433
46.962
46.9383
46.9972
47.2294
47.7719
48.8783
50.0657
51.6069
52.9706
54.4468
55.5206
56.0775
55.983
55.6082
55.1231
54.5346
54.5477
54.9939
56.4972
59.9627
64.55
70.8789
75.1868
77.3953
79.5158
81.4854
82.382
82.2485
81.8506
81.2883
81.3052
81.4608
81.4305
81.2393
80.7973
80.2723
79.4977
78.9802
78.4506
78.2493
77.8756
77.5411
77.0211
76.5345
75.7148
75.0407
74.1723
73.4813
72.8171
72.2277
71.4092
70.7141
69.7897
69.1273
68.0018
67.1899
65.8849
64.9499
63.53
62.6726
61.459
60.8581
59.7691
59.3206
58.3142
57.8987
35.3865
37.7076
41.9556
44.8238
46.27
46.8742
47.0314
46.9975
46.8658
46.8826
47.045
47.1924
47.2178
47.2032
47.141
46.9672
46.8322
46.7885
46.8123
46.9197
47.1663
47.6718
48.3877
49.411
50.4014
51.8168
52.916
53.849
54.453
54.5679
54.5531
54.5763
54.7323
55.3972
57.1206
61.1699
65.7352
73.0894
77.955
80.7006
80.949
80.9684
80.9409
81.0992
81.6856
82.2613
82.1525
81.8296
81.2492
80.6151
80.0197
79.6406
79.5227
79.3245
78.8685
78.5249
77.7801
77.286
76.3127
75.8008
74.9318
74.4638
73.7301
73.2801
72.3526
71.7387
70.6244
69.8301
68.534
67.814
66.5961
65.9649
64.7113
63.9064
62.4873
61.7425
60.4258
59.8254
58.5761
57.4326
41.4565
43.5773
45.21
46.6508
47.3049
47.4032
47.3965
47.3509
47.3393
47.3146
47.2991
47.307
47.2956
47.2618
47.1825
47.0351
46.8766
46.7775
46.7291
46.6899
46.6369
46.6467
46.7094
46.8727
47.2113
47.796
48.5001
49.3724
50.1417
51.2616
51.942
52.8028
53.2526
53.6985
54.1763
55.0994
57.0705
61.1438
65.9811
71.999
75.0848
77.5695
79.5387
81.6569
82.865
82.9802
82.7561
82.2071
81.5011
81.1415
80.8812
80.8188
80.6368
80.3501
79.7531
79.278
78.3984
77.6803
76.8029
76.1672
75.4942
74.9197
74.2085
73.6061
72.7739
72.0712
70.9251
69.9818
68.6268
67.8272
66.7356
66.2379
65.2608
64.6629
63.6611
62.8405
61.6451
60.7028
59.7297
57.9584
45.062
46.0783
46.8288
47.2659
47.5276
47.7797
47.867
47.8412
47.7005
47.4571
47.3318
47.2967
47.273
47.2495
47.1981
47.0725
46.9268
46.8308
46.7605
46.6873
46.6097
46.5388
46.4844
46.433
46.4326
46.4663
46.5574
46.7516
47.0756
47.6266
48.1627
48.9594
49.5999
50.4535
50.9705
51.8401
52.6059
54.3113
56.3683
61.1952
65.0131
73.3334
77.2026
80.915
81.7812
81.595
81.4304
80.906
80.7883
80.9468
81.4019
81.3086
80.9881
80.5814
79.7413
79.119
78.2936
77.6996
76.8258
76.4409
75.8592
75.3577
74.5374
73.8717
72.8629
71.9631
70.8282
70.0626
68.9165
68.2154
67.2829
66.6916
65.8991
65.1031
64.1681
63.3896
62.4217
61.2346
60.4378
58.8119
46.9584
47.2097
47.6015
47.8502
47.9153
47.9101
47.8917
47.8402
47.7126
47.5386
47.4046
47.3329
47.2937
47.2629
47.1975
47.0875
46.9668
46.8731
46.7939
46.7247
46.6368
46.5461
46.4736
46.4066
46.3588
46.3122
46.238
46.19
46.1979
46.2437
46.3568
46.5842
46.8878
47.2384
47.618
48.0182
48.3933
48.9195
49.6649
51.249
53.2778
57.9281
61.3971
68.1784
71.5973
75.535
76.9509
78.6969
80.229
81.4079
81.6537
81.4857
81.0391
80.1165
79.1099
78.3185
77.7297
77.2355
76.6789
76.1445
75.5307
74.8897
74.1773
73.2424
72.0846
71.136
70.1105
69.4912
68.7348
68.1953
67.5815
66.985
66.3501
65.5479
64.8579
63.6811
62.7353
61.5559
60.7527
59.2697
47.8981
47.8615
47.7851
47.7845
47.8573
47.8987
47.8983
47.8776
47.7666
47.5801
47.4272
47.3191
47.2561
47.2269
47.1832
47.1037
47.0073
46.9197
46.8422
46.7624
46.6677
46.5854
46.5208
46.448
46.3763
46.3095
46.2192
46.1475
46.0941
46.0483
46.0262
46.0284
46.0365
46.0545
46.0887
46.1324
46.1952
46.3105
46.5389
46.8973
47.5122
48.8693
50.5911
54.3089
57.6589
64.6231
69.4554
76.9893
79.1518
80.6737
80.4959
80.0645
79.7774
79.3574
78.6766
78.2475
77.9589
77.5734
77.1563
76.2624
75.7669
74.8574
73.9471
73.0927
72.0074
71.2716
70.3313
69.7133
69.0593
68.3313
67.6719
66.9582
66.4252
65.5847
65.0107
64.1429
63.4348
62.2804
61.5175
59.9686
48.0067
48.0224
48.0072
47.9468
47.8724
47.832
47.8101
47.7837
47.7217
47.5848
47.4419
47.3223
47.2473
47.2148
47.1648
47.1033
47.0286
46.9483
46.8727
46.7964
46.7029
46.6173
46.5507
46.4747
46.4033
46.3307
46.229
46.1465
46.0826
46.0181
45.9775
45.9518
45.9003
45.8281
45.7461
45.6358
45.5129
45.4456
45.4242
45.4385
45.4859
45.6135
45.9116
46.5963
47.8635
50.6452
53.4655
59.6488
62.9477
69.8234
71.946
74.9181
75.6804
76.7193
76.8917
76.7618
76.4556
76.0116
75.4045
74.74
73.5836
72.7547
71.8192
71.4188
70.7932
70.5466
70.0219
69.4688
68.9448
68.2844
67.58
66.7094
66.0814
65.2567
64.7026
63.9451
63.4517
62.6782
62.0813
60.8744
48.0586
47.997
47.9503
47.8947
47.8427
47.8197
47.7853
47.7281
47.6506
47.5528
47.4447
47.3319
47.252
47.2139
47.1579
47.0976
47.0283
46.9545
46.8812
46.8084
46.7163
46.6303
46.5634
46.4814
46.4037
46.32
46.21
46.1101
46.0307
45.9541
45.9032
45.8701
45.8183
45.7281
45.6304
45.503
45.3264
45.2309
45.0914
45.0101
44.8999
44.8243
44.727
44.6722
44.732
45.0015
45.6905
47.3065
49.2954
53.4003
57.6037
63.336
67.9282
73.6024
76.3528
76.2562
76.0298
75.8062
75.3134
74.7874
73.8622
73.3741
72.3865
71.9176
71.3487
70.7134
70.1167
69.2552
68.8709
68.18
67.7196
66.9952
66.1847
65.4846
64.7721
63.976
63.3494
62.5676
61.8779
60.8856
48.0473
48.0083
47.9535
47.8799
47.7976
47.7162
47.662
47.6369
47.6062
47.5301
47.437
47.3334
47.2473
47.1945
47.1195
47.0572
47.0018
46.9278
46.8566
46.7925
46.6986
46.6165
46.5444
46.4486
46.3506
46.267
46.1336
46.0126
45.9175
45.8077
45.738
45.6641
45.6111
45.4974
45.395
45.2808
45.0844
44.9713
44.8384
44.7302
44.6144
44.4912
44.3574
44.1505
43.9422
43.7394
43.4348
43.4402
43.6219
44.2021
45.3323
47.9206
50.4747
55.4455
59.4822
65.3953
67.3391
69.3661
70.3269
70.4541
70.5749
70.8341
70.7828
70.65
70.2994
69.9204
69.346
68.6804
67.7929
67.162
66.9629
66.5737
66.2152
65.5724
64.9977
64.2664
63.6745
62.8214
62.2154
61.0798
47.944
47.9322
47.9288
47.9037
47.8187
47.7131
47.6268
47.5821
47.5321
47.4561
47.395
47.3144
47.235
47.1581
47.0461
46.9503
46.882
46.7999
46.7395
46.6943
46.6124
46.5428
46.4718
46.3585
46.2342
46.1373
45.9765
45.8464
45.7257
45.6025
45.4882
45.398
45.3196
45.1877
45.0741
44.9768
44.781
44.649
44.5257
44.3641
44.2277
44.0217
43.8896
43.5886
43.3863
43.126
42.8089
42.5373
42.1438
41.7894
41.3358
41.4142
41.9435
43.0726
45.4674
48.6788
52.8116
59.068
63.0756
67.8716
69.2084
69.4426
70.096
70.2848
70.1545
69.7528
69.5257
69.2296
68.4286
67.6742
67.353
66.7598
66.1137
65.0949
64.6504
63.9161
63.5217
62.7611
62.1974
61.0249
47.9504
47.9451
47.9245
47.8582
47.7622
47.6716
47.5956
47.5381
47.4733
47.4003
47.3411
47.2431
47.1296
47.0237
46.907
46.8059
46.7446
46.6701
46.6201
46.5806
46.5101
46.4208
46.3386
46.1918
46.0522
45.9482
45.7752
45.6324
45.4898
45.3515
45.1914
45.0908
44.9928
44.825
44.7036
44.6071
44.3957
44.2487
44.0879
43.9305
43.6925
43.4687
43.2906
42.9569
42.6845
42.4324
42.0717
41.6378
41.2406
40.7845
40.3335
39.76
39.5121
39.2244
39.4076
40.1217
41.6179
45.1085
48.2296
54.0644
60.8785
63.8455
66.6906
67.1205
67.4597
67.5586
67.9053
68.1929
68.1307
67.9283
67.342
67.0727
66.8088
66.1456
65.0575
64.0746
63.5746
62.9586
62.458
61.2182
48.0175
47.9767
47.9088
47.7937
47.6923
47.5992
47.5094
47.4377
47.3548
47.2634
47.189
47.08
46.9551
46.8421
46.7216
46.6247
46.5698
46.5014
46.4513
46.4159
46.3454
46.2312
46.1275
45.9594
45.8027
45.6836
45.5089
45.3311
45.2106
45.0399
44.8647
44.7453
44.6208
44.4127
44.2701
44.1611
43.9282
43.7529
43.5633
43.3873
43.0466
42.8052
42.5547
42.2531
41.8402
41.6197
41.1352
40.7906
40.2119
39.9516
39.4136
38.8588
38.6567
38.3243
38.1026
38.0318
38.2059
38.8167
40.086
42.6864
47.1745
51.6209
58.9038
63.5107
66.9954
67.3444
66.9773
67.0677
67.8244
67.9675
67.7686
67.2654
66.7388
66.4269
66.0042
65.2022
64.6944
63.9779
63.4538
61.8981
47.8928
47.8235
47.7526
47.6544
47.5793
47.4861
47.3888
47.305
47.2073
47.0942
46.9955
46.8635
46.7524
46.665
46.5605
46.465
46.4125
46.3196
46.2513
46.1907
46.063
45.9188
45.7949
45.6116
45.4442
45.316
45.1445
44.9534
44.842
44.6889
44.4889
44.3555
44.2255
43.9675
43.7803
43.6338
43.3802
43.1045
42.9392
42.6575
42.3234
41.9894
41.7947
41.3795
40.9756
40.6858
40.3934
39.7937
39.399
39.2348
38.8555
38.4371
38.3335
38.1358
37.9841
37.7751
37.7363
37.7551
37.9254
38.4746
39.7148
42.0532
46.6162
52.3335
58.6053
66.1998
66.7872
66.4996
66.0741
65.8306
65.9246
65.8841
65.6129
65.6096
65.6183
65.4615
65.1645
64.4545
63.9594
62.8169
47.7373
47.6638
47.5769
47.4654
47.3769
47.2676
47.156
47.0554
46.9382
46.8191
46.7397
46.631
46.5396
46.4557
46.3397
46.2308
46.1677
46.0392
45.9339
45.8377
45.6807
45.5145
45.3922
45.1993
45.013
44.8895
44.7124
44.5073
44.399
44.2366
44.0247
43.8544
43.7028
43.3931
43.1436
42.9788
42.6484
42.3241
42.1064
41.834
41.4668
41.1416
40.9577
40.5314
40.1088
39.9239
39.7205
39.1983
39.0195
38.945
38.6749
38.4056
38.3607
38.2671
38.1373
38.044
38.0739
38.0199
38.0257
38.0697
38.2742
38.8193
40.0602
42.5108
46.8413
54.6311
60.9704
67.4332
68.5454
67.6335
66.7865
66.1753
65.6474
65.4405
65.294
64.935
64.316
63.8077
63.5078
62.7811
47.4737
47.4118
47.338
47.2442
47.1601
47.0487
46.936
46.8343
46.7008
46.5735
46.4823
46.3543
46.2551
46.1703
46.0433
45.9254
45.8351
45.6646
45.5209
45.4049
45.2285
45.0465
44.9324
44.7113
44.5147
44.3642
44.192
43.9571
43.831
43.6638
43.4125
43.2122
43.0449
42.6745
42.3881
42.1536
41.7957
41.3903
41.2113
40.9694
40.5628
40.3165
40.1906
39.8033
39.5189
39.4649
39.3425
38.9864
38.9684
38.9264
38.6902
38.6456
38.6363
38.5484
38.4949
38.5205
38.5122
38.4509
38.4295
38.4463
38.4339
38.3355
38.4276
38.9227
40.1851
43.2011
47.4256
57.6117
63.4443
70.3259
70.8452
69.7538
68.4232
67.0287
66.105
65.3056
64.2239
63.3318
63.1383
62.7334
47.2868
47.2089
47.0996
46.9644
46.8357
46.6815
46.5355
46.4272
46.3077
46.2151
46.1343
46.013
45.8982
45.7897
45.6192
45.4685
45.3479
45.155
44.9937
44.8642
44.6571
44.4555
44.3178
44.0889
43.8745
43.7343
43.54
43.2841
43.1475
42.9532
42.6594
42.4088
42.2048
41.7497
41.4068
41.1505
40.7922
40.453
40.3358
40.1103
39.7745
39.7
39.6139
39.2766
39.2392
39.2503
39.1201
38.9509
39.0059
38.9392
38.7596
38.7678
38.7426
38.639
38.6373
38.6509
38.5686
38.5323
38.4358
38.4216
38.2254
38.1295
37.9982
37.7693
37.839
38.3798
39.7991
43.292
48.2295
60.1178
67.2513
73.283
74.0307
72.7166
70.0042
67.4866
65.6398
64.1905
63.71
63.074
46.9297
46.8453
46.7433
46.618
46.5002
46.3536
46.2044
46.072
45.9139
45.7819
45.66
45.4893
45.3525
45.2165
45.0276
44.8633
44.7138
44.4915
44.3099
44.1608
43.9361
43.7187
43.5758
43.32
43.08
42.9306
42.719
42.429
42.267
42.0519
41.6841
41.3969
41.1902
40.719
40.4152
40.2573
39.9343
39.6334
39.5441
39.2639
38.9842
38.9652
38.8479
38.628
38.6796
38.6477
38.4306
38.4266
38.4317
38.3094
38.0597
38.0744
37.9942
37.918
37.7361
37.7259
37.5795
37.5137
37.2306
37.1845
37.0143
36.9413
36.7403
36.3866
36.2099
35.9752
36.0762
36.8094
38.5683
42.7817
48.8304
62.3805
71.1145
75.7486
75.8272
74.4888
71.0616
67.8886
66.8261
64.9886
46.5798
46.4302
46.2623
46.0786
45.9124
45.7345
45.5674
45.4295
45.2625
45.1301
45.0008
44.8231
44.667
44.4958
44.2644
44.0672
43.8905
43.6475
43.4649
43.3111
43.07
42.8635
42.7217
42.4828
42.2479
42.1247
41.9094
41.5956
41.4177
41.1646
40.7366
40.42
40.2275
39.7856
39.5152
39.3558
38.927
38.6481
38.542
38.1759
37.9175
37.908
37.7382
37.6166
37.6226
37.5543
37.2992
37.2946
37.2274
36.9829
36.7561
36.7731
36.5691
36.383
36.226
36.2129
36.0166
35.7556
35.6698
35.5609
35.3279
35.1579
34.9697
34.8406
34.6117
34.3231
33.9804
33.9479
34.1717
35.1808
37.4909
42.7628
50.0785
65.2038
73.657
75.1337
75.0379
74.5414
73.4358
69.4616
45.8901
45.7245
45.5548
45.3803
45.2127
45.029
44.8296
44.6533
44.4437
44.2826
44.1244
43.933
43.7819
43.6166
43.4109
43.2414
43.0661
42.8389
42.6547
42.5074
42.2605
42.0677
41.9381
41.6904
41.4526
41.3177
41.0674
40.689
40.4808
40.1895
39.722
39.4792
39.2525
38.7114
38.4727
38.2575
37.6384
37.4631
37.3423
36.9597
36.842
36.8143
36.5375
36.4854
36.4678
36.3278
36.0894
36.0842
35.9886
35.6629
35.598
35.5232
35.1142
34.9255
34.8979
34.789
34.5085
34.3952
34.3376
34.0743
33.9155
33.8013
33.556
33.4288
33.1296
32.9262
32.7913
32.5364
32.3409
32.3773
32.8407
34.2148
37.3616
43.5038
53.2666
66.9967
73.1442
73.7837
73.837
73.4136
45.0703
44.8981
44.7283
44.5565
44.3825
44.2048
44.0086
43.85
43.6431
43.5026
43.3355
43.1501
42.9948
42.8105
42.5961
42.4334
42.2531
42.0469
41.8832
41.735
41.4933
41.3138
41.1758
40.8921
40.6315
40.4701
40.1394
39.7045
39.5103
39.1537
38.61
38.3952
37.9764
37.3108
37.1358
36.7956
36.2449
36.1971
36.0303
35.6168
35.5816
35.5161
35.2678
35.2816
35.2394
34.9758
34.8826
34.8443
34.5787
34.279
34.2695
34.1016
33.7417
33.6495
33.5378
33.237
33.111
33.0358
32.7949
32.5899
32.5063
32.2957
32.0945
31.963
31.7593
31.6275
31.4245
31.2067
31.0955
30.9033
30.873
31.0001
31.7257
33.5204
37.6603
45.7244
55.829
68.0086
71.4392
72.6159
44.3945
44.2593
44.1102
43.9548
43.7672
43.5843
43.3758
43.1972
42.9699
42.8011
42.5771
42.3577
42.18
41.9763
41.7654
41.6106
41.4034
41.2109
41.0377
40.8533
40.6046
40.4252
40.246
39.8977
39.6061
39.4226
39.0098
38.6031
38.3729
37.7939
37.3069
37.0876
36.3916
35.8352
35.7129
35.3153
34.965
34.9141
34.6277
34.4215
34.4124
34.2789
34.0908
34.0928
33.9938
33.7121
33.6843
33.5731
33.1524
33.065
32.9745
32.5951
32.391
32.29
32.0231
31.8233
31.7464
31.5738
31.4367
31.2937
31.1333
30.9172
30.8213
30.6316
30.5074
30.3341
30.2531
30.0983
29.98
29.7819
29.6775
29.5725
29.598
29.8615
30.9301
33.3865
39.09
47.586
59.996
68.8067
43.6967
43.4967
43.2889
43.1113
42.9169
42.7411
42.5611
42.3775
42.1594
41.9783
41.7453
41.5038
41.2879
41.0402
40.7873
40.5998
40.3666
40.1844
40.0311
39.8241
39.5859
39.4327
39.2081
38.8544
38.5724
38.3674
37.8437
37.3822
36.9923
36.2173
35.94
35.427
34.6328
34.5424
34.4279
33.9112
33.7007
33.6599
33.459
33.3406
33.2311
32.9281
32.8861
32.8554
32.5837
32.3312
32.2971
32.1522
31.9441
31.8408
31.5032
31.2342
31.1901
31.0642
30.763
30.6057
30.4805
30.3208
30.2137
30.06
29.9345
29.7888
29.6255
29.4654
29.3465
29.2519
29.1328
29.0216
28.8982
28.7429
28.6599
28.51
28.447
28.3561
28.4183
28.9045
30.4366
34.1729
39.9438
56.0564
42.8301
42.6931
42.5196
42.3601
42.1648
41.9364
41.7217
41.4614
41.1921
40.9419
40.6884
40.4405
40.2299
40.0353
39.8264
39.6663
39.4752
39.2849
39.1136
38.875
38.611
38.4563
38.1718
37.7284
37.4632
36.9728
36.0942
35.774
35.4099
34.5065
33.938
33.68
33.594
33.3991
32.7513
32.4247
32.5319
32.524
32.2321
32.0259
31.9226
31.7532
31.7463
31.579
31.0965
30.9778
30.9409
30.7886
30.6278
30.3893
30.1651
30.0998
29.997
29.7359
29.5654
29.4427
29.2745
29.1733
29.029
28.9342
28.7919
28.6737
28.4795
28.3504
28.2044
28.1318
28.0233
27.9623
27.8293
27.7371
27.5766
27.4948
27.3415
27.2741
27.1419
27.1122
27.2786
28.1677
30.8509
40.6092
41.863
41.7129
41.5185
41.347
41.1725
40.9478
40.7674
40.5666
40.3385
40.1387
39.9282
39.7033
39.4961
39.3069
39.0924
38.891
38.7183
38.4947
38.2573
38.0506
37.7089
37.2748
36.9428
36.4781
35.4961
34.667
34.5091
34.1684
33.0061
32.2872
32.3073
32.3162
32.1025
31.4978
31.2362
31.3158
31.3537
31.1448
30.7672
30.7518
30.7009
30.5548
30.4418
30.0682
29.7859
29.7486
29.6618
29.3993
29.2562
29.0811
28.9778
28.8863
28.7101
28.6116
28.4651
28.2973
28.1438
28.0163
27.8935
27.7894
27.6713
27.5469
27.3884
27.2772
27.1559
27.0833
26.9766
26.8927
26.7832
26.692
26.5581
26.464
26.3367
26.2268
26.1036
26.01
25.8869
25.9324
26.6614
29.9296
41.2057
41.0774
40.895
40.7007
40.5093
40.2531
40.0053
39.8062
39.5301
39.3296
39.1476
38.9126
38.7525
38.5626
38.3478
38.1483
37.8439
37.5747
37.2878
36.6767
36.1132
35.726
34.8454
33.6469
33.308
33.092
32.4375
31.3681
31.0444
31.2444
31.2847
30.8909
30.2726
30.224
30.3358
30.3679
30.174
29.6517
29.6009
29.6501
29.5912
29.4034
29.1404
28.8414
28.7521
28.6514
28.3519
28.1781
28.1088
27.965
27.9025
27.7841
27.6986
27.5959
27.499
27.3478
27.2318
27.0619
26.9484
26.8098
26.7261
26.5832
26.4858
26.3571
26.2917
26.1801
26.1187
25.9936
25.9257
25.7989
25.7296
25.5869
25.5014
25.3426
25.2584
25.0919
25.0136
24.8595
24.9405
25.6526
40.3619
40.1748
39.9855
39.7552
39.5836
39.3781
39.1512
39.0159
38.8155
38.6011
38.4777
38.2601
37.9938
37.8333
37.5059
37.1269
36.866
36.297
35.5861
35.1321
34.2191
33.0067
32.552
32.2404
31.6142
30.7532
30.2524
30.3388
30.5595
30.5279
30.0054
29.4563
29.5637
29.732
29.7122
29.5096
29.0743
28.9428
28.9734
28.9377
28.6854
28.4825
28.346
28.2086
28.0566
27.7867
27.6176
27.5512
27.45
27.3203
27.2497
27.1361
27.0746
26.9928
26.9089
26.7775
26.6663
26.5136
26.4046
26.2662
26.1765
26.0505
25.9744
25.873
25.8171
25.721
25.6603
25.5494
25.477
25.3597
25.2802
25.1527
25.0546
24.9156
24.821
24.6767
24.5905
24.4447
24.3707
24.3665
39.7429
39.5405
39.3761
39.1504
38.9409
38.7337
38.481
38.2834
38.0884
37.8243
37.6281
37.4327
37.0476
36.7659
36.4067
35.7962
35.1054
34.4589
33.3849
32.3031
31.7324
31.3761
31.0943
30.538
29.897
29.8724
30.1383
30.243
30.1081
29.4305
29.2116
29.4344
29.6252
29.5707
29.1437
28.7578
28.7198
28.7971
28.7526
28.4261
28.133
28.0958
28.0743
28.0154
27.7975
27.59
27.5139
27.4187
27.3041
27.1896
27.1092
27.0066
26.9533
26.8572
26.7721
26.6405
26.5267
26.375
26.2633
26.122
26.0301
25.9154
25.8479
25.7433
25.6876
25.5929
25.5408
25.432
25.3637
25.2349
25.1643
25.028
24.9506
24.8033
24.7243
24.574
24.4998
24.3474
24.2851
24.1383
38.9179
38.694
38.4785
38.2974
38.069
37.8758
37.6809
37.4586
37.294
36.9667
36.6988
36.3388
35.8399
35.3582
34.6129
33.8053
33.098
32.3786
31.7646
31.4059
31.1919
30.7971
30.1282
30.0662
30.3451
30.5455
30.4857
29.9327
29.5543
29.6898
30.038
30.0204
29.7438
29.2842
29.104
29.1228
29.1899
29.09
28.6787
28.4314
28.4091
28.4058
28.3562
28.1625
27.9855
27.9074
27.8466
27.7206
27.629
27.5478
27.4563
27.3445
27.2682
27.1681
27.084
26.9705
26.8559
26.7133
26.5926
26.4542
26.3566
26.2656
26.2148
26.1309
26.067
25.9799
25.9332
25.8543
25.7942
25.6774
25.5961
25.4631
25.393
25.2733
25.203
25.0808
25.0202
24.9009
24.8369
24.6763
38.2223
38.0096
37.7443
37.5825
37.293
37.0838
36.801
36.5544
36.1987
35.7431
35.2309
34.9421
34.5136
33.8963
33.4999
32.6807
32.2479
32.1998
32.0422
31.4826
30.7947
30.7944
31.1974
31.5152
31.4783
31.0035
30.577
30.6202
31.0198
31.1526
30.983
30.5027
30.2897
30.2672
30.3183
30.3262
30.115
29.7545
29.6381
29.6309
29.639
29.5922
29.4236
29.3238
29.2589
29.2169
29.1695
29.0736
29.001
28.9585
28.8786
28.7969
28.7273
28.6454
28.556
28.465
28.3679
28.2614
28.1537
28.0443
27.9591
27.9207
27.9079
27.8917
27.8619
27.8221
27.7861
27.7618
27.7153
27.662
27.5734
27.506
27.4351
27.3838
27.3374
27.2867
27.2635
27.2258
27.1912
27.1017
37.4343
37.1496
36.9168
36.6227
36.3757
35.9782
35.6517
35.2543
34.928
34.7704
34.5964
34.4441
34.2212
33.557
33.1788
33.2526
33.2359
32.9232
32.5708
32.6724
33.2978
33.7238
33.7346
33.5077
33.3502
33.422
33.8258
34.1108
34.0852
33.7926
33.6509
33.6483
33.7236
33.7785
33.767
33.5545
33.324
33.2808
33.3106
33.3852
33.3973
33.3486
33.2969
33.2984
33.3302
33.3806
33.4235
33.4243
33.4192
33.4202
33.4278
33.4275
33.416
33.3667
33.2667
33.185
33.1317
33.0962
33.0763
33.0623
33.0564
33.0645
33.1372
33.2614
33.3507
33.4116
33.451
33.4801
33.5054
33.5234
33.5303
33.5385
33.5503
33.5723
33.62
33.7257
33.805
33.9058
33.9335
34.0094
36.5434
36.2362
35.9425
35.5316
35.1034
34.7353
34.657
34.6545
34.6473
34.682
34.8946
35.0204
35.1513
35.6286
36.1659
36.3389
36.4955
37.0667
38.2694
39.1629
39.4043
39.3026
39.3333
39.8317
40.7789
41.419
41.6812
41.6819
41.59
41.6737
42.0449
42.3427
42.5121
42.5744
42.4913
42.2942
42.264
42.3457
42.5925
42.7532
42.8073
42.822
42.909
43.166
43.4473
43.7708
44.0503
44.1747
44.2559
44.3647
44.4707
44.5507
44.6088
44.6299
44.6099
44.5715
44.5707
44.6203
44.7153
44.8083
44.9883
45.307
45.6331
45.9352
46.1903
46.4236
46.6243
46.8085
46.94
47.0386
47.1017
47.2388
47.4488
47.8864
48.1298
48.5292
48.7795
49.1958
49.3688
49.8053
35.6016
35.1788
34.6858
34.3267
34.3286
34.3702
34.5627
35.276
35.9151
37.0997
38.8168
41.1394
42.8483
43.8503
45.1743
47.1606
49.6352
51.0486
51.327
51.5505
52.3628
54.4014
56.0393
56.6775
57.0329
57.9359
59.1343
59.4146
59.4761
59.7435
60.5123
61.2845
61.7044
61.7326
61.4625
61.3247
61.408
61.8394
62.2995
62.5429
62.626
62.748
63.1612
63.8126
64.5757
65.3683
65.9614
66.2225
66.332
66.4645
66.6389
66.8622
67.0882
67.2506
67.3904
67.5309
67.5861
67.6667
67.8654
68.4114
69.054
69.8754
70.4908
71.0909
71.506
72.0514
72.4593
72.9493
73.2229
73.5902
73.8525
74.4814
75.1223
76.2091
76.7993
77.797
78.3458
79.3112
79.7515
80.9335
34.4851
34.0013
33.9553
34.0466
34.3502
35.0466
36.9118
41.2874
43.7312
48.8664
54.8662
57.297
62.2178
66.8971
69.3968
71.8067
74.3599
75.4367
76.8551
79.5535
82.1675
84.2913
86.1518
87.2835
88.7049
90.6779
91.6306
91.7963
92.2746
93.7687
95.2818
96.0944
96.2735
95.9597
95.57
95.6201
96.1354
96.974
97.6366
97.9708
98.1285
98.4946
99.3867
100.534
101.922
103.289
104.246
104.729
104.937
105.214
105.405
105.686
105.96
106.465
106.873
107.261
107.5
107.922
108.492
109.718
110.795
112.25
113.256
114.437
115.098
116.07
116.652
117.652
118.214
119.234
119.894
121.396
122.62
124.677
125.753
127.677
128.706
130.654
131.573
134.021
33.6311
33.6742
33.9452
34.9444
37.2949
40.9363
49.794
62.3775
69.876
79.8319
92.3039
98.0604
104.476
111.434
113.957
115.233
118.675
124.645
128.084
129.345
131.568
136.12
140.051
141.451
141.956
143.458
145.759
146.954
148.375
150.051
151.315
151.831
151.677
150.927
150.765
151.047
152.068
153.219
154.019
154.342
154.643
155.517
156.821
158.385
160.288
162.086
163.269
163.903
164.282
164.652
164.888
165.018
165.175
165.71
166.344
167.181
167.703
168.726
169.691
171.439
172.908
174.907
176.196
177.764
178.563
179.981
180.84
182.454
183.358
185.095
186.217
188.785
190.65
193.892
195.615
198.78
200.459
203.697
205.266
209.582
33.5623
34.283
36.2817
42.0136
52.4323
64.5351
91.9371
115.034
130.274
146.57
161.032
168.308
175.093
180.221
182.697
187.523
196.469
201.305
202.886
205.059
210.346
215.543
218.32
219.071
220.157
223.482
225.29
226.251
227.979
229.749
230.683
230.649
229.34
228.326
228.234
228.651
229.69
230.618
231.145
231.294
231.676
232.933
234.282
235.765
237.463
238.86
239.688
240.157
240.384
240.463
240.467
240.33
240.116
240.179
240.659
241.757
242.416
243.694
244.734
246.771
248.415
250.805
252.236
254.166
255.117
256.986
258.127
260.55
261.991
264.906
266.728
270.827
273.595
278.755
281.39
286.48
289.122
294.486
297.122
304.345
35.4009
39.2966
47.9166
70.1722
102.591
135.538
184.77
218.868
231.647
251.188
265.103
268.323
273.58
284.657
289.907
292.205
297.839
305.647
309.315
310.404
312.191
317.304
321.235
321.623
321.665
322.331
323.703
324.677
325.684
326.325
326.238
324.217
321.272
319.914
319.299
319.056
319.011
318.932
318.207
317.574
317.653
318.391
319.439
320.38
321.088
321.135
320.954
320.98
320.964
320.692
319.779
318.915
318.345
318.241
318.542
319.841
320.82
322.638
323.914
326.661
328.796
332.142
334.039
336.947
338.48
341.615
343.619
347.936
350.554
355.942
359.25
366.488
370.859
378.868
382.903
390.79
394.874
403.164
407.281
418.68
44.4694
59.2388
88.8823
153.497
224.948
280.465
332.252
365.503
371.422
382.075
393.265
399.462
409.058
414.115
415.106
417.541
424.727
428.115
428.302
427.859
427.835
429.039
429.258
428.099
427.164
426.924
426.272
425.108
424.498
423.37
419.676
414.517
411.699
409.856
408.115
406.356
404.568
402.455
400.167
398.938
398.756
398.958
399.559
400.103
400.262
399.32
398.119
397.84
397.442
396.6
395.833
395.37
395.201
395.385
396.233
398.993
400.899
404.628
406.972
411.906
415.205
420.858
423.912
429.417
432.357
438.428
442.131
450.018
454.606
463.991
469.544
481.076
487.332
498.814
504.567
516.023
521.992
534.244
540.415
557.619
75.8831
123.315
209.595
333.372
424.487
470.712
511.342
525.941
525.127
528.142
534.823
536.197
540.149
544.286
543.749
541.623
540.927
540.504
539.356
535.263
531.259
530.052
527.97
523.413
521.096
519.652
516.101
512.816
510.625
506.281
499.379
494.175
490.918
488.264
485.643
482.914
479.908
476.432
473.32
471.869
471.728
472.233
473.288
474.096
474.215
472.866
471.499
471.478
471.803
472.373
473.128
474.131
475.013
477.41
480.137
486.352
490.133
497.743
502.336
511.343
516.66
526.152
531.194
540.608
545.584
555.803
561.771
574.248
581.268
595.55
603.857
620.083
628.665
644.725
652.916
669.391
678.049
695.773
704.668
729.129
166.132
289.542
441.311
577.434
643.786
658.869
672.465
672.404
665.998
664.792
663.817
660.741
660.052
658.624
653.372
646.763
643.583
640.119
632.639
624.423
620.419
617.506
610.457
604.062
601.566
598.417
591.819
587.144
583.422
576.594
568.473
563.059
559.768
557.022
554.245
551.289
547.892
544.296
541.729
540.999
541.542
543.974
546.713
548.85
549.654
549.366
549.298
550.872
553.738
557.836
560.458
565.155
568.519
576.154
582.064
593.246
600.368
613.11
620.932
634.39
642.221
656.049
663.547
677.372
684.912
700.21
709.392
727.302
737.7
757.685
769.484
791.126
802.587
823.772
834.715
856.716
868.212
891.591
903.138
934.594
359.117
555.226
710.011
802.866
815.058
806.913
804.239
796.849
781.206
778.766
774.943
766.577
762.765
756.611
743.777
734.136
729.529
723.31
711.672
701.267
696.528
690.776
680.716
674.246
671.32
665.915
657.653
652.163
647.253
639.191
631.228
626.433
623.953
622.109
620.3
618.383
616.086
613.984
613.301
614.104
617.873
624.15
629.618
634.527
637.031
639.391
642.137
649.071
654.707
664.087
670.139
680.799
688.244
701.923
711.902
727.898
739.257
756.811
768.281
786.05
797.48
815.979
827.162
846.063
857.594
878.395
891.847
914.998
929.471
954.685
970.16
996.767
1011.16
1036.96
1050.73
1077.72
1091.74
1119.93
1133.62
1170.66
618.342
825.983
937.168
962.365
950.88
926.224
921.607
906.77
884.027
878.703
871.372
860.916
853.862
839.898
822.284
811.742
805.699
795.138
780.175
769.589
764.23
755.395
743.833
737.662
734.524
728.035
719.175
713.651
708.718
701.19
694.912
691.813
691.342
691.836
693.092
694.159
694.863
695.58
697.558
704.037
712.89
723.959
732.719
742.507
748.051
756.297
763.039
775.459
785.381
800.23
811.436
827.762
840.341
859.062
873.721
894.813
911.062
933.655
949.908
972.633
988.705
1012.03
1027.7
1051.41
1067.42
1092.97
1110.65
1138.15
1156.36
1185.58
1204.22
1234.37
1251.21
1280.33
1296.36
1326.78
1342.58
1373.71
1388.6
1428.62
881.99
1067.76
1108.02
1102.26
1071.53
1037.32
1031
1009.3
978.925
970.411
960.11
945.952
933.227
913.66
893.272
881.174
872.712
859.459
842.941
832.166
826.247
816.404
804.946
799.348
796.786
791.478
783.821
779.508
776.198
771.266
769.068
769.4
771.695
777.793
784.207
790.051
794.366
801.529
810.066
823.345
836.649
853.391
867.174
882.376
892.74
906.623
918.379
935.795
951.025
971.58
988.359
1010.01
1028.31
1052.82
1073.33
1099.77
1121.25
1148.62
1169.61
1196.74
1217.28
1244.7
1264.47
1291.92
1311.69
1340.55
1361.38
1391.52
1412.22
1443.46
1463.91
1495.43
1513.49
1543.76
1560.78
1592.1
1608.31
1639.71
1654.43
1693.87
1146.99
1265.12
1256.29
1233.39
1174.22
1139.56
1131.32
1103.05
1065.58
1053.7
1040.31
1021.87
1003.42
979.365
957.168
944.032
934.341
920.118
903.506
893.309
888.601
880.517
871.151
867.122
866.58
865.494
861.628
860.357
860.853
861.533
863.508
869.533
879.515
892.484
904.587
917.808
929.452
944.514
959.488
978.65
997.181
1019.11
1038.84
1059.63
1074.93
1093.87
1111.37
1134.9
1156.4
1182.68
1205.31
1232.48
1256.6
1286.35
1311.97
1342.72
1368.48
1399.34
1423.94
1454.05
1477.81
1507.66
1530.06
1559.33
1581.13
1611.04
1633.01
1663.24
1684.34
1714.97
1735.27
1765.65
1783.3
1812.39
1828.91
1858.76
1874.08
1903.58
1917.11
1953.49
1386.16
1421.46
1394.43
1344.97
1264.49
1234.24
1223.23
1186.78
1143.37
1128.9
1112.61
1089.86
1066.89
1040.14
1017.51
1004.67
996.02
983.683
969.491
961.509
959.828
957.492
953.205
953.219
956.276
961.433
964.078
968.463
974.969
982.61
991.967
1007.2
1024.75
1045.5
1065.05
1086.11
1105.53
1127.79
1149.11
1173.85
1198.01
1226.2
1251.89
1277.66
1298.27
1322.79
1346.39
1375.54
1402.55
1433.62
1461.19
1492.73
1521.33
1554.59
1583.49
1616.43
1644.31
1676.32
1702.36
1733.07
1757.8
1787.61
1810.42
1839.07
1860.72
1889.27
1910.25
1938.33
1957.96
1986.05
2004.75
2032.47
2048.64
2075.22
2090.33
2117.48
2131.26
2157.89
2169.85
2202.2
1575.93
1567.64
1517.3
1435.12
1352.01
1322.96
1307.98
1262.11
1214.26
1197.98
1179.32
1153.73
1128.71
1102.06
1081.37
1071.64
1067.53
1061.04
1052.61
1050.5
1053.27
1060.15
1063.11
1068.3
1080.82
1093.3
1102.79
1116.25
1131.11
1147.25
1164.88
1188.31
1214.02
1242.38
1269.87
1298.61
1325.08
1353.44
1380.92
1411.91
1442.5
1476.18
1506.69
1536.56
1561.98
1591.14
1619.53
1652.49
1683.05
1716.73
1747.06
1780.62
1811.19
1845.22
1874.66
1906.9
1934.11
1964.62
1989.7
2018.76
2042.37
2070.13
2091.53
2117.9
2137.9
2163.7
2182.45
2207.3
2224.54
2249.4
2265.92
2290.47
2304.71
2328.22
2341.5
2365.4
2377.39
2400.76
2411
2438.98
1742.54
1709.98
1619.41
1522.67
1436.99
1407.5
1387.63
1331.33
1280.87
1264.06
1245.51
1220.79
1197.97
1176.23
1161.53
1159.28
1162.64
1167.35
1168.74
1172.18
1185.83
1203.66
1212.48
1227.46
1251.23
1271.9
1289.49
1311.96
1335.5
1359.96
1385.35
1416.11
1449.6
1486.45
1521.9
1557.07
1589.78
1623.69
1656.71
1692.56
1727.35
1764.02
1796.89
1828.62
1856.96
1888.54
1919.34
1953.49
1984.74
2018.06
2048.38
2081.29
2111.22
2143.56
2171.21
2200.53
2225.03
2252.33
2274.97
2301.17
2322.51
2347.25
2366.31
2389.67
2407.32
2429.83
2445.83
2467.06
2481.57
2502.97
2517.12
2538.28
2550.4
2570.59
2581.85
2602.34
2612.47
2632.49
2641.01
2664.66
1900.34
1839.32
1710.24
1608.7
1520.16
1489.1
1463.42
1397.96
1348.22
1333.47
1321.3
1304.87
1291.21
1280.32
1278.25
1283.21
1302.1
1319.71
1328.18
1341.93
1374.36
1399.39
1414.14
1440.16
1474.06
1503.05
1528.1
1558.15
1589.53
1621.36
1654.09
1692.36
1733.71
1777.33
1818.3
1857.64
1894.62
1932.04
1968.1
2005.92
2041.83
2078.2
2110.29
2141
2169.73
2201.22
2232.15
2265.25
2294.75
2325.3
2353.36
2383.75
2411.34
2440.57
2465.12
2490.42
2511.15
2534.44
2553.95
2576.72
2595.22
2616.51
2632.78
2652.77
2667.76
2686.77
2699.88
2717.44
2729.22
2747.22
2758.95
2776.69
2786.65
2803.47
2812.68
2829.8
2838.15
2854.91
2861.8
2881.35
2057.58
1950.72
1807.25
1696.06
1602.15
1569.15
1538.07
1470.27
1428.14
1421.29
1425.38
1428.99
1433.51
1438.43
1446.65
1468
1505.87
1532.54
1547.17
1575.05
1621.95
1652.75
1674.13
1709.1
1751.58
1787.36
1818.68
1855.42
1893.72
1931.97
1970.71
2014.48
2060.77
2107.56
2150.33
2190.69
2228.93
2267.07
2302.98
2339.68
2374.02
2407.35
2436.03
2463.59
2490.6
2520
2549.33
2580.13
2606.43
2632.67
2657.01
2683.69
2707.91
2733.19
2753.94
2774.68
2791.2
2810.17
2826.24
2845.36
2860.81
2878.49
2891.82
2908.35
2920.58
2936.11
2946.4
2960.44
2969.63
2984.37
2993.81
3008.22
3016.06
3029.61
3036.85
3050.78
3057.48
3071.12
3076.52
3092.27
2224.73
2042.13
1901.22
1783.39
1685.79
1652.44
1620.6
1565.91
1546.16
1554.75
1591.23
1625.56
1652.99
1673.36
1694.17
1732.86
1781.62
1814.61
1834.58
1875.15
1930.78
1966.09
1992.8
2034.34
2082.77
2123.78
2159.97
2201.17
2244.02
2286.36
2328.46
2374.61
2422.16
2468.2
2508.91
2547.22
2583.68
2619.83
2652.8
2685.77
2716.81
2745.41
2769.06
2792.25
2816.14
2842.21
2868.29
2895.89
2918.3
2939.4
2959.11
2981.28
3001.49
3022.33
3038.94
3055
3067.31
3081.98
3094.6
3110.05
3122.42
3136.53
3146.92
3160.01
3169.5
3181.62
3189.25
3199.99
3206.82
3218.45
3225.89
3237.22
3243.18
3253.66
3259.19
3270.14
3275.36
3286.08
3290.14
3302.47
2386.22
2134.24
1995.88
1874.58
1778.52
1750.43
1735.07
1722.5
1732.65
1778.6
1873.5
1935.19
1978.53
2008.13
2035.09
2080.15
2134.22
2170.03
2193.53
2242.39
2302.16
2340
2370.11
2415.69
2467.31
2510.61
2548.74
2591.76
2636.31
2679.71
2722.01
2767.25
2812.46
2854.4
2890.03
2923.66
2955.73
2987.49
3015.67
3042.62
3068.86
3091.85
3109.67
3127.9
3148.02
3170.46
3191.92
3215.25
3233.35
3249.05
3263.8
3280.95
3296.68
3313.05
3325.53
3336.81
3345.09
3355.81
3365.33
3377.36
3386.74
3397.33
3404.87
3414.66
3421.56
3430.43
3435.63
3443.31
3448.1
3456.9
3462.35
3470.54
3474.58
3481.95
3485.81
3493.81
3497.58
3505.46
3508.2
3517.1
2548.81
2239.56
2097.93
1979.59
1900.54
1897.46
1930.22
1985.94
2052.32
2184.7
2314.6
2384.95
2423.98
2448.91
2471.57
2513.24
2566.19
2601.6
2626.61
2679.35
2739.29
2776.98
2808.42
2855.43
2907.32
2949.03
2985.2
3027.21
3070.7
3112
3151.32
3192.39
3231.96
3266.57
3294.78
3321.69
3347.41
3373.19
3395.58
3415.68
3435.93
3451.84
3462.35
3476.17
3493.08
3512.23
3529.27
3547.26
3560.24
3570.26
3580.19
3592.41
3603.59
3615.1
3623.1
3629.4
3633.73
3640.5
3646.88
3655.34
3661.62
3668.65
3673.3
3679.71
3683.88
3689.4
3692.16
3696.69
3699.45
3705.29
3708.63
3713.57
3715.61
3719.8
3722
3726.99
3729.27
3734.31
3735.71
3741.01
2715.26
2364.78
2223.84
2128.29
2107.43
2147.97
2300.87
2468.79
2629.24
2818.9
2934.74
2976.28
2983.68
2990.62
3003.04
3032.45
3079.4
3111.82
3136.49
3188.99
3244.81
3278.62
3309.14
3354.68
3402.99
3438.91
3470.65
3509.38
3549.17
3585.37
3618.79
3652.43
3682.79
3706.35
3724.02
3743.04
3762.7
3782.09
3797.45
3809.96
3822.59
3829.93
3831.93
3840.96
3855
3870.1
3882.61
3894.33
3901.28
3905.05
3910.12
3917.4
3923.78
3929.96
3933.01
3933.83
3934.06
3936.62
3939.93
3944.64
3947.64
3950.9
3952.51
3955.44
3956.72
3958.69
3958.8
3959.85
3960.48
3963.06
3964.15
3965.78
3965.64
3966.6
3966.95
3968.89
3969.45
3971.55
3971.53
3972.88
2888.08
2557.47
2424.73
2410.98
2466.91
2646.82
3025.86
3327.79
3551.34
3691.99
3702.06
3676.53
3629.91
3610.64
3610.75
3623.08
3657.42
3682.76
3703.84
3749.95
3796.11
3823.65
3851.24
3891
3929.99
3956.4
3981.22
4013.72
4046.61
4075.66
4100.64
4122.71
4139.52
4148.2
4152.02
4160.8
4174.32
4187.66
4196.34
4200.36
4201.96
4198.44
4189.84
4192.71
4203.5
4214.89
4222.86
4226.93
4226.49
4222.97
4222.62
4224.8
4226.3
4226.45
4224.03
4218.54
4213.66
4212.37
4212.2
4212.8
4212.34
4211.52
4209.88
4209.17
4207.29
4205.34
4201.87
4199.4
4196.95
4196.18
4194.48
4192.72
4189.77
4187.9
4185.64
4184.84
4182.96
4182.27
4180.57
4177.3
3094.04
2840.58
2828.74
2936.09
3207.98
3697.95
4283.66
4655.16
4778.59
4699.61
4518.26
4354.81
4244.47
4187.96
4174.58
4179.55
4196.94
4210.97
4227.3
4262.4
4289.87
4302.08
4322.81
4349.65
4370.53
4380.86
4394.96
4416.16
4437.63
4457.47
4473.3
4482.1
4481.88
4471.01
4454.33
4449.07
4455.33
4464.27
4469.65
4469.82
4460.94
4438.12
4414.89
4410.34
4416.55
4425.37
4430.49
4428.83
4418.46
4405.22
4398.27
4395.79
4393.07
4387.92
4378.56
4366.18
4354.98
4349.02
4345.28
4342.26
4337.61
4332.51
4327.24
4323.08
4317.7
4311.77
4304.17
4297.42
4291.32
4286.98
4282.02
4276.96
4271.07
4266.08
4260.84
4256.82
4252.01
4248.23
4244.6
4236.14
3422.38
3414.81
3635.48
4119.64
4764.5
5512.3
6142.91
6346.01
6149.22
5468.02
4924.19
4645.93
4483.5
4401.48
4374.49
4366.64
4358.39
4348.59
4350.53
4360.15
4356.97
4344.87
4348.88
4353.26
4348.08
4334.82
4331.48
4334.22
4339.75
4346.39
4349.69
4344.51
4323.17
4285.92
4247.68
4228.76
4229.87
4235.3
4240.97
4239.58
4218.86
4174.56
4132.88
4119.65
4122.74
4130.2
4134.09
4127.53
4105.59
4082.51
4068.86
4062.56
4056.59
4046.89
4031.08
4011.23
3993.49
3982.78
3975.89
3969.59
3961.1
3951.83
3943.15
3936.04
3927.79
3918.26
3906.71
3895.71
3885.96
3878.29
3870.41
3862.36
3853.76
3845.59
3837.29
3829.85
3822.1
3815.22
3809.89
3796.45
4565.29
4968.64
5941.58
6838.98
7623.12
8395.67
8895.14
8676.46
7452.77
5067.9
4047.56
3684.26
3495.74
3397.16
3354.72
3319.29
3268.16
3216.49
3189.61
3160.67
3110.24
3062.92
3045.25
3019.75
2976.23
2935.21
2909.32
2891.13
2877.3
2871.37
2865.26
2845.03
2803.96
2744.13
2682.93
2649.52
2648.02
2654.05
2666.46
2667.81
2637.53
2573.24
2513.2
2491.77
2493.62
2502.69
2509.28
2500.04
2469.83
2439.13
2420.23
2412.04
2405.98
2395.01
2374.89
2349.84
2327.64
2313.77
2305.74
2298.36
2288.29
2276.72
2266.46
2258.38
2249.36
2238.05
2224.45
2211.01
2199.19
2189.73
2180.8
2171.47
2161.78
2151.86
2141.98
2132.54
2123.31
2114.92
2109.11
2093.44
11487.5
12404
14133.5
16217.6
15573.3
16849
17938.8
16611.9
11408.4
3831.31
1276.89
681.688
505.907
434.347
399.51
374.389
350.431
330.534
317.825
305.764
291.898
281.975
277.611
271.494
262.432
254.676
250.012
246.915
245.077
244.82
244.163
240.965
234.755
224.933
215.175
211.697
212.997
215.846
218.78
218.638
213.611
203.045
193.218
191.096
192.63
195.177
196.35
194.71
190.448
186.039
184.006
183.61
183.224
181.756
178.843
175.274
172.291
170.838
170.097
169.271
168
166.599
165.513
164.693
163.683
162.298
160.617
158.97
157.674
156.67
155.704
154.624
153.455
152.227
151.026
149.904
148.861
147.951
147.328
145.535
)
;

boundaryField
{
    inlet
    {
        type            turbulentIntensityKineticEnergyInlet;
        intensity       0.005;
        value           uniform 25.6163;
    }
    outlet
    {
        type            inletOutlet;
        inletValue      uniform 0;
        value           nonuniform List<scalar> 
82
(
3164.99
3315.12
3033.2
2607.07
2231.07
1954.13
1754.88
1607.81
1494.78
1403.78
1326.67
1257.54
1191.6
1124.71
1052.97
972.262
879.095
767.334
634.561
473.478
303.576
172.924
101.186
70.3458
59.9201
57.8987
57.4326
57.9584
58.8119
59.2697
59.9686
60.8744
60.8856
61.0798
61.0249
61.2182
61.8981
62.8169
62.7811
62.7334
63.074
64.9886
69.4616
73.4136
72.6159
68.8067
56.0564
40.6092
29.9296
25.6526
24.3665
24.1383
24.6763
27.1017
34.0094
49.8053
80.9335
134.021
209.582
304.345
418.68
557.619
729.129
934.594
1170.66
1428.62
1693.87
1953.49
2202.2
2438.98
2664.66
2881.35
3092.27
3302.47
3517.1
3741.01
3972.88
4177.3
4236.14
3796.45
2093.44
145.535
)
;
    }
    bottom
    {
        type            kqRWallFunction;
        value           nonuniform List<scalar> 
196
(
11642.5
12894
12385.5
11613.2
10791.2
10997.2
12386.9
12391.6
12337.7
12656.5
13100.1
13449.4
12734.1
13243.8
13917.3
14147.8
14458.6
13628.9
13888.7
14329.4
14802
14926.6
14980.7
15649.7
14742.9
15093.6
15254.4
15474.7
15466.3
16077.7
15766.8
16442.8
16860.6
16462.7
17486.3
17511.7
17661.6
18405.1
17865.5
18585.2
18321.5
19174.1
19053.6
18264.7
18576.2
19722.8
19578.3
20279.3
20412.3
20315.2
19414.9
17239.6
12135.5
5947.02
2846.37
1795.68
1401.76
1217.83
1105.83
1025.06
959.827
905.277
857.382
815.571
777.6
743.753
712.512
684.321
657.893
633.786
610.999
590.008
570.027
551.448
533.934
516.128
497.828
480.614
463.936
448.436
433.451
419.556
406.063
393.529
381.275
369.868
358.682
348.264
338.062
328.586
319.276
310.581
302.012
293.974
286.037
278.552
271.189
264.236
257.438
251.041
244.806
238.902
233.132
227.612
222.256
217.063
212.086
207.196
202.597
197.971
193.774
189.336
185.556
181.185
178
172.597
170.776
163.804
128.468
61.4743
35.6901
31.7114
45.1729
66.3829
71.7026
40.3844
207.848
496.954
902.897
1391.16
1824.25
2643.73
2538.79
2649.14
2756.99
2823.69
2825.71
2853.64
2835.45
2826.89
2835.79
2863.15
2868.62
2856.16
2848.69
2862.87
2871.74
2869.57
2867.64
2877.75
2896.17
2903.32
2899.5
2889.52
2886.39
2895.02
2900.66
2897.98
2888.39
2874.63
2871.23
2870.8
2868.37
2862.66
2853.5
2845.68
2842.15
2837.54
2829.88
2819.95
2808.15
2800.49
2800.19
2800.72
2802.65
2804.53
2798.87
2789.03
2782.24
2778.49
2780.74
2791.14
2812.04
2839.91
2865.77
2884.09
2890.36
2892.86
2898.88
2911.63
2935.58
2970.93
3016.26
3066.2
3102.43
3164.99
)
;
    }
    top
    {
        type            kqRWallFunction;
        value           nonuniform List<scalar> 
190
(
7318.59
8655.17
8348.1
7445.43
6232.16
5216.51
4598.9
4235.8
4033.14
3926.4
3878.69
3852.27
3853.89
3878.57
3937.01
3989.53
4021.76
4037.3
4046.35
4053.44
4059.41
4062.95
4062.63
4057.94
4051.1
4043.09
4035.76
4028.8
4021.16
4011.07
3997.7
3982.93
3969.71
3958.95
3950.38
3942.35
3933.29
3922.65
3911.74
3901.43
3891.45
3881.21
3870.58
3858.42
3845.61
3834.64
3826.03
3818.83
3811.89
3804.24
3795.47
3786.21
3777.16
3768.78
3761.4
3755.11
3749.67
3744.49
3738.76
3731.81
3723.71
3715.19
3707.14
3699.91
3693.7
3688.31
3683.35
3678.38
3673.06
3667.16
3660.7
3653.83
3646.85
3640.21
3634.51
3628.53
3643.5
3697.98
3849.31
3904.1
3814.95
3903.23
3959.46
4233.46
3932.74
4175.83
4162.77
4085.85
4112.51
4465.69
4120.13
4499.97
4389.34
4630.96
4544.81
4413.44
4364.28
4375.81
4605.99
4835.01
4590.6
4489.1
4524.05
4773.6
4649.11
5066.06
4981.63
5136.67
4975.3
5281.34
11487.5
12404
14133.5
16217.6
15573.3
16849
17938.8
16611.9
11408.4
3831.31
1276.89
681.688
505.907
434.347
399.51
374.389
350.431
330.534
317.825
305.764
291.898
281.975
277.611
271.494
262.432
254.676
250.012
246.915
245.077
244.82
244.163
240.965
234.755
224.933
215.175
211.697
212.997
215.846
218.78
218.638
213.611
203.045
193.218
191.096
192.63
195.177
196.35
194.71
190.448
186.039
184.006
183.61
183.224
181.756
178.843
175.274
172.291
170.838
170.097
169.271
168
166.599
165.513
164.693
163.683
162.298
160.617
158.97
157.674
156.67
155.704
154.624
153.455
152.227
151.026
149.904
148.861
147.951
147.328
145.535
)
;
    }
    upstream
    {
        type            symmetryPlane;
    }
    defaultFaces
    {
        type            empty;
    }
}


// ************************************************************************* //
