/*--------------------------------*- C++ -*----------------------------------*\
  =========                 |
  \\      /  F ield         | OpenFOAM: The Open Source CFD Toolbox
   \\    /   O peration     | Website:  https://openfoam.org
    \\  /    A nd           | Version:  13
     \\/     M anipulation  |
\*---------------------------------------------------------------------------*/
FoamFile
{
    format      ascii;
    class       volScalarField;
    location    "0.0014";
    object      nut;
}
// * * * * * * * * * * * * * * * * * * * * * * * * * * * * * * * * * * * * * //

dimensions      [0 2 -1 0 0 0 0];

internalField   nonuniform List<scalar> 
16072
(
0.000626948
0.000714581
0.000710702
0.000713765
0.000740347
0.00083242
0.000783533
0.000928924
0.000933715
0.00100173
0.001308
0.0017337
0.000279937
0.000530062
0.000603734
0.000632982
0.000710059
0.000886837
0.000378594
0.000307939
0.000409335
0.000441871
0.000472577
0.0005129
0.000710242
0.000448046
0.000370596
0.000353747
0.000365289
0.000372208
0.000854233
0.000548171
0.000973729
0.000499022
0.000395905
0.000357539
0.00136146
0.000602423
0.000768355
0.00170801
0.000839464
0.00061325
0.0029134
0.000506617
0.0011622
0.00359099
0.00283363
0.00181709
0.0054635
0.000814873
0.000687075
0.00190298
0.0078153
0.00237898
0.0124696
0.00118469
0.000532153
0.0015457
0.0120834
0.00670627
0.0159469
0.00208527
0.000782983
0.000927945
0.00374191
0.0133017
0.0159431
0.00434676
0.000932732
0.000677546
0.00214458
0.00876078
0.0159425
0.00876107
0.0017974
0.000786519
0.000997896
0.00302863
0.0159405
0.0159477
0.00332758
0.00111672
0.000697051
0.00176466
0.0159388
0.0159426
0.00770553
0.00189686
0.000926323
0.00117263
0.0159378
0.0159399
0.0159465
0.0043399
0.00127467
0.000837942
0.0159397
0.0159361
0.015941
0.00969302
0.00272243
0.00109415
0.0159401
0.0159361
0.0159374
0.0159416
0.00594828
0.00240908
0.0159384
0.0159386
0.0159342
0.0159376
0.0159433
0.00522242
0.0159399
0.015936
0.0159372
0.015932
0.0159375
0.0138758
0.0159393
0.0159372
0.0159355
0.0159342
0.0159322
0.0159358
0.0159385
0.0159379
0.0159349
0.0159345
0.0159316
0.0159321
0.0159398
0.0159363
0.0159365
0.0159326
0.0159332
0.0159291
0.0159384
0.0159381
0.0159347
0.0159347
0.0159309
0.0159315
0.0159396
0.0159366
0.0159362
0.0159329
0.0159328
0.0159293
0.0159386
0.0159378
0.015935
0.0159342
0.0159314
0.0159307
0.0159384
0.015938
0.0159348
0.0159345
0.0159311
0.0159311
0.0159396
0.0159367
0.0159361
0.0159331
0.0159326
0.0159295
0.0159398
0.0159364
0.0159363
0.0159328
0.0159329
0.0159292
0.0159387
0.0159376
0.0159352
0.0159341
0.0159316
0.0159305
0.0159381
0.0159383
0.0159345
0.0159348
0.0159309
0.0159312
0.0159379
0.0159384
0.0159344
0.0159349
0.0159308
0.0159314
0.0159381
0.0159383
0.0159346
0.0159349
0.0159311
0.0159315
0.0159388
0.0159378
0.0159355
0.0159345
0.0159322
0.0159312
0.0159398
0.015937
0.0159368
0.015934
0.0159339
0.0159309
0.0159398
0.0159373
0.0159371
0.0159346
0.0159344
0.0159318
0.0159389
0.0159385
0.0159364
0.015936
0.0159339
0.0159336
0.0159392
0.0159384
0.0159368
0.0159361
0.0159345
0.0159338
0.0159396
0.0159381
0.0159374
0.0159359
0.0159353
0.0159337
0.0159394
0.0159385
0.0159373
0.0159364
0.0159352
0.0159343
0.0159393
0.0159386
0.0159373
0.0159366
0.0159353
0.0159347
0.0159394
0.0159386
0.0159374
0.0159366
0.0159355
0.0159346
0.0159395
0.0159385
0.0159375
0.0159364
0.0159354
0.0159344
0.0159395
0.0159383
0.0159375
0.0159362
0.0159353
0.0159341
0.0159394
0.0159384
0.0159372
0.0159362
0.0159349
0.0159339
0.0159393
0.0159384
0.015937
0.015936
0.0159346
0.0159335
0.0159392
0.0159383
0.0159368
0.0159358
0.0159341
0.0159331
0.0159393
0.0159382
0.0159366
0.0159354
0.0159337
0.0159324
0.0159395
0.0159377
0.0159367
0.0159347
0.0159335
0.0159314
0.0159393
0.0159376
0.0159363
0.0159344
0.0159329
0.0159309
0.015939
0.0159378
0.0159357
0.0159344
0.0159322
0.0159309
0.0159389
0.0159378
0.0159354
0.0159343
0.0159319
0.0159308
0.015939
0.0159376
0.0159354
0.015934
0.0159319
0.0159305
0.0159392
0.0159373
0.0159356
0.0159337
0.0159321
0.0159301
0.0159393
0.0159371
0.0159357
0.0159336
0.0159322
0.01593
0.0159394
0.015937
0.0159358
0.0159334
0.0159323
0.0159299
0.0159395
0.0159368
0.0159359
0.0159333
0.0159324
0.0159297
0.0159395
0.0159368
0.015936
0.0159333
0.0159324
0.0159297
0.0159395
0.0159368
0.015936
0.0159332
0.0159324
0.0159297
0.0159395
0.0159368
0.015936
0.0159332
0.0159324
0.0159297
0.0159395
0.0159368
0.0159359
0.0159333
0.0159324
0.0159297
0.0159394
0.0159369
0.0159359
0.0159333
0.0159323
0.0159298
0.0159394
0.0159369
0.0159358
0.0159334
0.0159323
0.0159299
0.0159394
0.0159369
0.0159358
0.0159334
0.0159323
0.0159299
0.0159394
0.0159369
0.0159359
0.0159334
0.0159323
0.0159299
0.0159394
0.0159369
0.0159359
0.0159333
0.0159324
0.0159297
0.0159394
0.0159369
0.0159359
0.0159332
0.0159325
0.0159296
0.0159392
0.0159371
0.0159357
0.0159335
0.0159322
0.0159299
0.015939
0.0159372
0.0159356
0.0159336
0.015932
0.0159304
0.0159387
0.0159376
0.0159353
0.0159337
0.0159322
0.0159297
0.0159383
0.0159382
0.0159345
0.0159348
0.0159311
0.01593
0.0159382
0.0159384
0.0159342
0.0159356
0.0159289
0.0159345
0.0159384
0.0159379
0.015935
0.0159341
0.0159306
0.0159435
0.0159385
0.0159377
0.0159351
0.015934
0.0159313
0.0159652
0.0159382
0.0159379
0.015935
0.0159339
0.0159315
0.0160032
0.0159377
0.0159386
0.0159344
0.0159342
0.0159314
0.00426403
0.015937
0.0159395
0.0159332
0.0159364
0.0159291
0.00179614
0.0159366
0.0159401
0.0159323
0.0159389
0.0159222
0.000808086
0.0159363
0.0159404
0.0159323
0.0159394
0.0159063
0.000723094
0.0159361
0.0159405
0.0159323
0.0159395
0.0158552
0.000551872
0.015936
0.0159405
0.0159323
0.0159392
0.0157093
0.00043257
0.015936
0.0159406
0.0159323
0.0159389
0.0154609
0.000409018
0.0010061
0.00105998
0.00109138
0.0011462
0.00120411
0.00123977
0.00116916
0.00121078
0.0012694
0.00128936
0.00131757
0.00124255
0.00126649
0.00130707
0.00135118
0.00136411
0.00137297
0.00143909
0.00136011
0.00139688
0.00141611
0.00144068
0.00144401
0.00150488
0.00147943
0.00154644
0.00158938
0.00155507
0.00165479
0.00166034
0.00167698
0.00174769
0.00169546
0.00176242
0.00173623
0.00181584
0.00180332
0.00172714
0.00175532
0.00186234
0.00184724
0.00191126
0.00192099
0.00190935
0.00182953
0.00163465
0.0011387
0.000551181
0.00025994
0.000161667
0.000124508
0.000106787
9.5759e-05
8.76849e-05
8.11231e-05
7.56164e-05
7.07895e-05
6.65736e-05
6.27612e-05
5.93639e-05
5.62449e-05
5.34315e-05
5.08107e-05
4.84233e-05
4.61831e-05
4.41238e-05
4.21786e-05
4.03768e-05
3.86869e-05
3.70105e-05
3.53294e-05
3.37581e-05
3.22525e-05
3.08579e-05
2.95237e-05
2.82899e-05
2.71054e-05
2.60079e-05
2.49477e-05
2.3963e-05
2.30092e-05
2.21226e-05
2.12646e-05
2.04689e-05
1.96972e-05
1.89785e-05
1.82794e-05
1.76257e-05
1.69882e-05
1.63891e-05
1.58064e-05
1.52585e-05
1.4728e-05
1.42306e-05
1.37502e-05
1.32974e-05
1.28592e-05
1.24428e-05
1.20414e-05
1.1656e-05
1.12877e-05
1.09307e-05
1.05943e-05
1.02625e-05
9.95813e-06
9.64648e-06
9.37332e-06
9.07496e-06
8.84074e-06
8.50173e-06
0.00230218
0.00263359
0.00287134
0.00302137
0.00315024
0.00326945
0.00338047
0.00347101
0.00352161
0.00356423
0.00360589
0.00363425
0.00366224
0.00368951
0.00371993
0.00374015
0.00369962
0.00366794
0.00362064
0.00359093
0.00356291
0.0035358
0.0035014
0.00348092
0.00344929
0.00342939
0.00340716
0.00337888
0.00336704
0.00334006
0.0033171
0.00330018
0.00326038
0.00324319
0.00320851
0.00319546
0.00316241
0.00313881
0.00311118
0.00309707
0.00306241
0.00306435
0.00304752
0.00301871
0.00293036
0.00274254
0.00235427
0.0018549
0.00158857
0.00146922
0.00138658
0.00133822
0.00130376
0.00127593
0.00125107
0.00122859
0.00120726
0.00118757
0.00116846
0.00115058
0.00113305
0.00111653
0.00110015
0.00108457
0.00106905
0.00105421
0.0010394
0.00102511
0.00101127
0.000994608
0.000976481
0.000959208
0.000941601
0.000924946
0.000907957
0.000891991
0.000875665
0.000860356
0.00084465
0.000829945
0.000814848
0.000800713
0.000786242
0.000772715
0.000758819
0.000745775
0.000732414
0.000719836
0.000706972
0.000694787
0.000682405
0.000670642
0.000658786
0.000647521
0.000636247
0.000625441
0.000614681
0.000604254
0.000593969
0.000583859
0.00057402
0.000564209
0.00055486
0.000545298
0.000536546
0.000527102
0.000519028
0.000509476
0.000502482
0.000490278
0.00129367
0.00182865
0.00234372
0.00284973
0.00331039
0.00382407
0.00428722
0.00458407
0.00474643
0.00484675
0.00492473
0.00497705
0.00501589
0.00504412
0.00506331
0.00507852
0.00507411
0.0050608
0.00504685
0.00503426
0.00502141
0.0050092
0.00499041
0.0049748
0.0049564
0.00493934
0.00492054
0.00490259
0.00488744
0.00486718
0.00484932
0.00482416
0.00479604
0.00476664
0.00473334
0.00470225
0.00466947
0.00464183
0.00461081
0.0045797
0.00454818
0.00452315
0.00449936
0.00447137
0.00441051
0.00428954
0.00404397
0.00359199
0.00318705
0.00295612
0.00281486
0.00272336
0.0026565
0.00260353
0.00255768
0.00251744
0.00248006
0.0024462
0.0024139
0.00238411
0.00235525
0.00232839
0.00230205
0.00227718
0.00225259
0.0022292
0.00220599
0.00218371
0.00216165
0.00213991
0.00211688
0.00209487
0.00207218
0.0020508
0.0020288
0.0020082
0.00198693
0.001967
0.0019464
0.00192714
0.00190725
0.00188865
0.0018695
0.0018516
0.00183312
0.00181564
0.00179766
0.0017806
0.00176318
0.00174654
0.00172974
0.00171356
0.00169737
0.00168174
0.00166619
0.00165101
0.00163604
0.00162118
0.00160679
0.00159225
0.00157847
0.0015642
0.00155109
0.00153698
0.00152471
0.0015105
0.0014993
0.00148462
0.00147472
0.00145751
0.000612804
0.000829716
0.00114083
0.00155342
0.00197444
0.00246345
0.0030162
0.00357332
0.00406398
0.00448651
0.00485151
0.00514564
0.00537368
0.00555128
0.00569
0.00580628
0.00589116
0.00595293
0.00599932
0.00604064
0.00607368
0.00610407
0.00612336
0.00613932
0.00614947
0.00615814
0.0061627
0.00616568
0.00616906
0.006167
0.00616558
0.00615822
0.00614633
0.00613066
0.00611051
0.00608886
0.0060656
0.00604384
0.00602037
0.00599744
0.00597232
0.00595083
0.00593051
0.00591126
0.00586582
0.00579256
0.00563334
0.00534756
0.00508651
0.00478458
0.00456844
0.0044155
0.00429959
0.00420753
0.00412879
0.00406082
0.00399869
0.00394315
0.00389099
0.00384345
0.003798
0.00375622
0.00371582
0.00367804
0.0036411
0.00360623
0.00357201
0.00353922
0.00350623
0.00347477
0.00344235
0.0034114
0.00337966
0.0033497
0.00331901
0.00329022
0.00326063
0.00323279
0.0032041
0.00317716
0.00314949
0.00312349
0.00309697
0.00307206
0.00304661
0.00302234
0.00299755
0.00297372
0.00294962
0.00292634
0.00290311
0.00288045
0.00285806
0.00283614
0.00281459
0.00279324
0.00277243
0.00275145
0.00273137
0.00271077
0.0026915
0.00267126
0.00265286
0.00263288
0.00261549
0.0025955
0.00257935
0.00255909
0.00254372
0.00252087
0.00039383
0.00044563
0.000524572
0.0007103
0.000920984
0.0011966
0.00158595
0.00206739
0.00258227
0.00308705
0.0036033
0.00409619
0.0045523
0.00496611
0.00533054
0.00565124
0.00591865
0.00613811
0.0063113
0.00646419
0.00659052
0.0067035
0.00679639
0.00687656
0.00694395
0.00700353
0.00705463
0.00709914
0.00713998
0.00717306
0.00720281
0.0072277
0.00724634
0.00725929
0.0072658
0.00726835
0.00726662
0.00726493
0.00725967
0.00725491
0.00724516
0.00723958
0.00722996
0.00722906
0.00720467
0.00716256
0.0070588
0.00687647
0.00664697
0.00645866
0.00629817
0.00616543
0.00604878
0.00594864
0.00585777
0.00577825
0.00570398
0.00563804
0.00557543
0.00551943
0.00546512
0.00541609
0.00536795
0.00532416
0.00528054
0.00524033
0.00520025
0.00515748
0.00511224
0.00506937
0.00502638
0.00498529
0.00494368
0.00490418
0.00486411
0.00482637
0.00478788
0.00475144
0.00471412
0.00467874
0.00464271
0.00460865
0.00457403
0.00454118
0.00450807
0.00447618
0.00444393
0.00441249
0.00438099
0.0043501
0.00431971
0.00428962
0.00426034
0.00423125
0.00420304
0.00417474
0.00414743
0.00411959
0.00409304
0.00406565
0.00403999
0.00401313
0.00398845
0.00396204
0.00393825
0.0039124
0.00388957
0.00386403
0.00384185
0.00381171
0.000345288
0.000343523
0.000350953
0.000394396
0.000455858
0.000533463
0.000693116
0.000919081
0.00122441
0.00160746
0.00205547
0.00255395
0.00304247
0.00353676
0.00402949
0.00451216
0.00496921
0.00538999
0.00575625
0.00608351
0.006367
0.00662023
0.00683868
0.00703115
0.00719723
0.00734377
0.00747368
0.00758905
0.00769406
0.00778686
0.00786987
0.00794638
0.00801393
0.00807355
0.00812311
0.00816618
0.00820096
0.00823385
0.00825992
0.00828544
0.00830362
0.00832366
0.00833608
0.00836024
0.00836402
0.00835974
0.00829549
0.00820003
0.00803698
0.007871
0.00772389
0.0075931
0.00747644
0.00737187
0.00727308
0.00718546
0.00710199
0.00702756
0.00695608
0.00689238
0.00683009
0.0067743
0.0067191
0.0066695
0.00661969
0.00657434
0.00652872
0.00648738
0.00644472
0.00640541
0.00636465
0.00632709
0.0062879
0.00625202
0.00621412
0.00618011
0.00614365
0.00611074
0.0060748
0.00604219
0.00600707
0.00597528
0.00594138
0.00591067
0.00587813
0.00584831
0.00581659
0.00578684
0.00575575
0.00572588
0.00569571
0.00566619
0.00563686
0.00560822
0.00557992
0.00555165
0.00552432
0.0054962
0.0054696
0.0054415
0.00541573
0.00538765
0.00536295
0.00533451
0.00531185
0.0052821
0.00526253
0.00523019
0.00521465
0.00517615
0.000472803
0.000412096
0.000370943
0.000352337
0.000353766
0.000355964
0.000382094
0.00045236
0.00053659
0.00068501
0.000901818
0.00119366
0.00153699
0.00194181
0.00239478
0.00289259
0.00338998
0.00388641
0.00436781
0.00483218
0.00527145
0.00568689
0.00607013
0.00641824
0.00673031
0.00700763
0.0072583
0.00748264
0.00768626
0.00787027
0.00803536
0.00818813
0.00832708
0.00845506
0.00856827
0.00867177
0.00876183
0.00884668
0.00892055
0.00899141
0.0090524
0.0091114
0.00916028
0.00921876
0.0092601
0.00929615
0.0092946
0.00924459
0.00917858
0.0090569
0.00894136
0.00883379
0.00873386
0.00863993
0.00855094
0.00846906
0.00838848
0.00831614
0.00824505
0.00818157
0.00811842
0.00806207
0.00800534
0.00795495
0.00790347
0.00785704
0.00780976
0.00776709
0.00772299
0.00768331
0.00764085
0.0076032
0.00756251
0.00752656
0.00748738
0.00745344
0.00741606
0.0073831
0.00734611
0.00731319
0.00727677
0.00724442
0.0072093
0.00717789
0.00714433
0.00711382
0.00708116
0.00705052
0.00701842
0.00698722
0.00695605
0.00692493
0.00689458
0.0068642
0.00683506
0.00680469
0.00677687
0.00674614
0.00671933
0.00668809
0.00666246
0.00663066
0.00660644
0.0065737
0.00655197
0.00651731
0.0064987
0.00646249
0.00644569
0.00640396
0.00102421
0.000811428
0.000662864
0.0005289
0.000474571
0.00043769
0.000397171
0.000388472
0.000387207
0.000404687
0.000450872
0.000551924
0.000675573
0.000848974
0.00108001
0.00139079
0.00175987
0.00218431
0.00263534
0.00311877
0.00359722
0.00407573
0.00455072
0.00501033
0.00545038
0.00586617
0.00625652
0.00661996
0.00695702
0.00726674
0.00754943
0.00781011
0.00804805
0.00826957
0.008471
0.00865842
0.00882603
0.00898318
0.00912432
0.00925856
0.00937949
0.0094941
0.00959682
0.00970167
0.00979432
0.00987541
0.00994476
0.00996366
0.00995906
0.0099231
0.00985159
0.00978514
0.00971843
0.00965318
0.00958811
0.00952693
0.00946471
0.00940832
0.0093504
0.00929867
0.00924553
0.00919831
0.00914911
0.00910621
0.00906081
0.0090205
0.00897739
0.00894015
0.00890002
0.00886514
0.008826
0.00879264
0.0087549
0.00872278
0.00868636
0.00865599
0.00862135
0.00859172
0.00855712
0.00852697
0.00849249
0.00846234
0.00842896
0.00839939
0.0083675
0.00833869
0.0083077
0.00827845
0.00824788
0.00821747
0.00818769
0.00815692
0.00812783
0.00809747
0.00806963
0.00803881
0.00801255
0.00798076
0.0079557
0.00792287
0.00789916
0.00786528
0.00784301
0.00780778
0.00778789
0.00775089
0.00773305
0.0076958
0.00767829
0.00763394
0.00231571
0.00206978
0.00163707
0.00113064
0.000944009
0.000836031
0.000705575
0.000608635
0.00054854
0.000506135
0.000462111
0.000449091
0.000455301
0.000489575
0.000538796
0.000642302
0.000788341
0.000986147
0.00122532
0.00152221
0.001874
0.00227555
0.002719
0.00318518
0.00365849
0.00412409
0.00458319
0.00503145
0.00546742
0.00588942
0.00629186
0.00667518
0.00703525
0.0073733
0.00768898
0.00798672
0.00825807
0.00851277
0.0087455
0.0089653
0.00916679
0.00935637
0.00953237
0.00969972
0.00985792
0.00999905
0.0101386
0.0102419
0.0103181
0.01035
0.0103547
0.0103479
0.0103291
0.010307
0.0102815
0.0102564
0.0102264
0.0101993
0.0101688
0.0101421
0.0101119
0.0100854
0.0100555
0.0100307
0.0100017
0.00997598
0.00994713
0.00992379
0.0098956
0.00987282
0.00984438
0.00982175
0.00979355
0.00977105
0.00974335
0.00972178
0.00969529
0.00967381
0.00964668
0.00962377
0.00959592
0.00957206
0.00954469
0.00952069
0.00949439
0.00947075
0.0094451
0.00942055
0.00939506
0.00936858
0.00934352
0.00931603
0.0092913
0.00926368
0.00924
0.00921133
0.00918923
0.00915898
0.009138
0.00910624
0.00908642
0.00905332
0.00903451
0.00900001
0.0089828
0.00894696
0.00893047
0.00889519
0.00887821
0.00883346
0.00191476
0.00289417
0.00428814
0.00286358
0.00230712
0.00202803
0.00166896
0.00133046
0.00114813
0.00100805
0.000874403
0.000744581
0.000654534
0.00060295
0.000556573
0.000532183
0.00054193
0.000582186
0.00064527
0.000735788
0.000868042
0.00104545
0.00127751
0.00155881
0.00188578
0.00225591
0.00265999
0.00309355
0.00354091
0.00400045
0.00445129
0.00489665
0.00533062
0.005754
0.00616215
0.00655985
0.0069379
0.00730165
0.0076435
0.00797139
0.00827705
0.00856182
0.00882562
0.00906628
0.00929729
0.00952182
0.00973463
0.00997134
0.0101309
0.0102599
0.0103473
0.0104111
0.0104632
0.0105009
0.0105322
0.0105575
0.0105741
0.0105898
0.0106007
0.0106119
0.0106177
0.0106236
0.0106269
0.0106305
0.0106298
0.0106308
0.0106267
0.0106267
0.0106206
0.0106189
0.0106104
0.0106066
0.0105964
0.010591
0.0105798
0.0105739
0.0105627
0.0105557
0.0105427
0.0105329
0.0105179
0.0105058
0.0104901
0.0104767
0.0104611
0.0104473
0.0104319
0.0104165
0.0104007
0.0103824
0.0103664
0.0103462
0.0103298
0.0103088
0.0102928
0.0102701
0.0102553
0.0102304
0.0102162
0.0101895
0.0101758
0.0101476
0.010134
0.0101045
0.0100914
0.0100609
0.0100472
0.0100174
0.0100027
0.00996136
0.00322643
0.00220144
0.00291988
0.00658488
0.0052642
0.00473325
0.00396458
0.00310561
0.00265829
0.00234275
0.00204541
0.00169634
0.00141999
0.00122757
0.00108375
0.000939915
0.000820838
0.000743167
0.000687064
0.000651731
0.000642002
0.000665955
0.000720921
0.000810773
0.000925004
0.0010791
0.00126908
0.00150665
0.00178521
0.00211102
0.00247206
0.00286812
0.00328492
0.0037188
0.0041553
0.00459427
0.00502398
0.00544572
0.0058565
0.00625943
0.0066491
0.00702945
0.00739786
0.00774948
0.0080411
0.00833167
0.00860007
0.00888758
0.00919256
0.00947732
0.00971312
0.00987489
0.0100151
0.0101343
0.0102387
0.0103312
0.0104113
0.0104845
0.0105508
0.0106122
0.0106683
0.0107198
0.0107679
0.0108112
0.0108516
0.0108897
0.0109232
0.0109564
0.0109836
0.0110125
0.0110345
0.0110587
0.0110761
0.0110964
0.0111108
0.0111288
0.0111413
0.0111564
0.0111655
0.0111761
0.0111813
0.0111877
0.0111905
0.011194
0.0111956
0.0111975
0.0111981
0.0111975
0.011197
0.0111925
0.0111906
0.0111833
0.0111798
0.0111706
0.0111665
0.0111548
0.0111511
0.0111366
0.0111325
0.0111159
0.0111112
0.0110929
0.0110871
0.0110676
0.0110608
0.0110405
0.0110318
0.011012
0.0110018
0.0109691
0.00573448
0.00276948
0.00237726
0.00639884
0.00635323
0.00860336
0.00751632
0.00623196
0.00543907
0.00497988
0.00443737
0.00378376
0.00314492
0.00276032
0.002434
0.00216434
0.0018208
0.0015428
0.00133226
0.00117919
0.00103537
0.000929478
0.000841126
0.000799076
0.00076933
0.00077575
0.000800531
0.000862848
0.000949398
0.00107208
0.00122089
0.00140981
0.00163459
0.00190191
0.00220527
0.00254446
0.0029104
0.00329954
0.0037033
0.00411927
0.00453662
0.00495725
0.00537261
0.00578005
0.00617514
0.00656823
0.00694671
0.0073152
0.00767942
0.00800881
0.0083138
0.00859306
0.0088566
0.00908535
0.0092899
0.00947159
0.00963518
0.00978334
0.00992197
0.0100494
0.0101701
0.0102814
0.0103876
0.0104846
0.0105771
0.0106634
0.0107463
0.0108223
0.0108955
0.0109645
0.0110283
0.0110895
0.0111451
0.0111999
0.0112499
0.0113003
0.0113458
0.0113913
0.0114313
0.0114702
0.0115041
0.0115366
0.0115657
0.0115933
0.0116192
0.0116438
0.0116672
0.0116881
0.0117091
0.0117251
0.0117432
0.0117552
0.0117701
0.011779
0.0117917
0.0117972
0.0118088
0.0118111
0.011821
0.0118206
0.0118283
0.0118262
0.0118312
0.0118277
0.0118301
0.0118257
0.011825
0.0118205
0.0118176
0.0118011
0.0138897
0.00352402
0.00247574
0.00464142
0.00410804
0.00812712
0.00948528
0.00979417
0.00887776
0.00840094
0.00772979
0.00690497
0.00595646
0.0053878
0.00491474
0.00448292
0.00386966
0.0033299
0.00292376
0.00261668
0.0022808
0.00196882
0.00168423
0.00147911
0.0013044
0.00118046
0.00105691
0.000979308
0.000919387
0.000902646
0.00089833
0.000926737
0.000976421
0.00106034
0.00116939
0.0013112
0.00147821
0.00167737
0.00190522
0.00216953
0.00246362
0.00279333
0.00314803
0.00352318
0.00391262
0.0043154
0.00471961
0.00512095
0.00552476
0.00591369
0.00628365
0.00662695
0.00696149
0.00727725
0.00757963
0.00785988
0.0081241
0.00836957
0.00860274
0.00881677
0.00902117
0.00920952
0.00939031
0.00955517
0.00971397
0.00986132
0.0100055
0.0101385
0.010268
0.0103877
0.0105055
0.0106126
0.0107184
0.010816
0.0109119
0.0110032
0.0110914
0.0111756
0.0112557
0.0113314
0.0114026
0.0114694
0.0115328
0.0115924
0.01165
0.0117047
0.011758
0.0118079
0.0118572
0.0119011
0.0119456
0.0119843
0.0120233
0.0120577
0.0120923
0.0121224
0.012154
0.0121802
0.0122084
0.0122316
0.0122557
0.0122766
0.0122962
0.0123154
0.0123307
0.0123486
0.012359
0.0123764
0.012384
0.0123939
0.00655687
0.0102435
0.00301655
0.00305627
0.00331429
0.0069018
0.00831907
0.0122914
0.0116579
0.0112925
0.0107915
0.0100221
0.00913144
0.00846679
0.00806511
0.00746495
0.00679342
0.00606548
0.0055714
0.00511593
0.00465441
0.00404911
0.0035826
0.00314843
0.00280582
0.00247404
0.00212114
0.00185257
0.00162022
0.00146334
0.00132874
0.00122807
0.00113215
0.00107359
0.00103641
0.00103011
0.00104465
0.00108248
0.00114171
0.00122589
0.00133573
0.00147254
0.0016392
0.00182989
0.00205425
0.00230556
0.00258724
0.00288664
0.00322053
0.0035646
0.00392332
0.00427483
0.00463193
0.00497952
0.00532829
0.0056556
0.00597832
0.00628385
0.00658799
0.00687455
0.00715743
0.0074228
0.0076848
0.00792622
0.0081646
0.00838593
0.00860532
0.00880761
0.00900757
0.00919088
0.00936552
0.00952173
0.00968188
0.00982566
0.0099758
0.0101114
0.010253
0.0103799
0.0105117
0.0106281
0.0107484
0.010854
0.0109624
0.0110575
0.0111576
0.0112487
0.0113441
0.011432
0.0115217
0.0116045
0.011686
0.0117622
0.0118343
0.0119045
0.0119672
0.0120345
0.0120912
0.0121563
0.0122064
0.0122701
0.0123122
0.0123673
0.0124057
0.0124548
0.0124868
0.0125342
0.0125596
0.0126055
0.0126273
0.0126726
0.00345943
0.0130047
0.00676429
0.00258418
0.00357348
0.00620158
0.00801879
0.013404
0.0131383
0.0129255
0.0126935
0.0122037
0.0116415
0.0111099
0.0108229
0.0102994
0.00975055
0.00900349
0.00859424
0.00806953
0.00767826
0.00692477
0.00642128
0.00577864
0.00541573
0.00488092
0.00447689
0.00392813
0.00349142
0.00302083
0.0026316
0.00230104
0.00204227
0.00181983
0.00166237
0.00152002
0.00144045
0.00131819
0.00125807
0.00119151
0.00117141
0.0011534
0.00118133
0.00120714
0.00127238
0.00134654
0.00145764
0.00157363
0.00173021
0.00189427
0.00209238
0.00229824
0.00253503
0.00277936
0.00305179
0.00332439
0.00361498
0.0039044
0.00421076
0.00451134
0.00482055
0.00512136
0.00542715
0.00571149
0.00600079
0.00627412
0.00655349
0.0068139
0.00707724
0.00732062
0.00756773
0.00779437
0.00802355
0.0082341
0.00844966
0.00864545
0.00882825
0.00899459
0.00916955
0.00932671
0.00948954
0.00963564
0.00978463
0.0099195
0.0100584
0.0101888
0.0103222
0.0104505
0.0105774
0.0107007
0.0108178
0.0109339
0.0110392
0.0111483
0.0112419
0.0113477
0.011434
0.0115376
0.0116166
0.0117189
0.0117884
0.0118887
0.0119467
0.012047
0.0120924
0.0121914
0.0122272
0.0123274
0.0123535
0.0124483
0.00161276
0.00499807
0.0142607
0.00361256
0.00327274
0.00366465
0.00651392
0.0120488
0.0113916
0.0136161
0.0135264
0.0133174
0.0130612
0.0127646
0.0126016
0.0122834
0.0119459
0.011399
0.0111188
0.0106893
0.0103901
0.00975641
0.00929833
0.00869344
0.0083823
0.00790564
0.00752228
0.00688818
0.00631707
0.00569519
0.00523302
0.00484055
0.00445058
0.00388523
0.00341692
0.00299865
0.00266809
0.00236584
0.00214078
0.00192779
0.00178936
0.00164781
0.0015915
0.00146764
0.00141148
0.00132891
0.00131941
0.00128396
0.00131168
0.00131977
0.00137696
0.00142437
0.00151369
0.00159494
0.00171665
0.00183077
0.00197852
0.00212401
0.00230583
0.00248457
0.0026955
0.00290682
0.00314938
0.00338306
0.00364138
0.00389365
0.0041699
0.00443526
0.00471657
0.00498272
0.00526143
0.00552094
0.00578979
0.00603791
0.0062961
0.00653928
0.00679085
0.00702669
0.0072685
0.00749402
0.00772089
0.00793313
0.00814297
0.00834061
0.0085204
0.00867651
0.00883358
0.00899036
0.00914357
0.00930063
0.00944684
0.00959982
0.00973533
0.00988258
0.010005
0.010148
0.0102619
0.010403
0.0105092
0.01065
0.0107459
0.0108853
0.010968
0.0111076
0.0111762
0.0113139
0.011372
0.0115121
0.0115583
0.0117063
0.00116307
0.00177401
0.0142947
0.00865291
0.00400009
0.00278843
0.00513259
0.00664023
0.00941169
0.0137643
0.013831
0.0137618
0.0136714
0.0135503
0.0134793
0.0133354
0.0131744
0.0128792
0.0127209
0.0124732
0.0122889
0.0118903
0.0115392
0.0111136
0.0108322
0.0105934
0.0102309
0.00978093
0.0092247
0.00874217
0.00819892
0.00788747
0.00746437
0.00702672
0.00637095
0.00588556
0.00534237
0.00497162
0.00448969
0.00399243
0.00356477
0.00317679
0.00287021
0.0025837
0.002369
0.0021475
0.00201122
0.00185743
0.0017769
0.00166847
0.00160952
0.00150433
0.00148698
0.00141957
0.00143886
0.00141124
0.00145123
0.00145682
0.00152364
0.00155826
0.00164175
0.00170783
0.00182266
0.00191624
0.00204816
0.00216804
0.00232911
0.00248129
0.00266737
0.00284498
0.00305261
0.00325034
0.00347097
0.00368205
0.0039158
0.00414486
0.00439319
0.00463556
0.00489084
0.00513746
0.00538842
0.0056303
0.00586963
0.00610182
0.00633054
0.00655633
0.00677589
0.00699942
0.00721068
0.00743289
0.00763295
0.00784948
0.00803613
0.00824467
0.00840199
0.0085684
0.00869603
0.00886208
0.00898303
0.00915197
0.0092641
0.0094342
0.00953388
0.00970626
0.00979243
0.00996432
0.0100408
0.0102145
0.0102832
0.0104715
0.000907257
0.00138299
0.0104339
0.0143944
0.01353
0.00336413
0.00383026
0.003741
0.0102346
0.010988
0.0139817
0.0139595
0.0139268
0.0138863
0.0138568
0.0138003
0.013733
0.01361
0.0135317
0.0134357
0.0133413
0.013151
0.0129173
0.0126964
0.0125035
0.0123857
0.0121586
0.0119148
0.0114749
0.0111573
0.0107262
0.0105117
0.010163
0.00991785
0.00939632
0.00902872
0.00842694
0.0081063
0.00751049
0.00719124
0.00660635
0.00628417
0.00569698
0.00533829
0.00481138
0.00438287
0.00393977
0.0035507
0.00321509
0.00287592
0.00267883
0.0025044
0.00237608
0.00220548
0.00209404
0.00194955
0.00186176
0.00175207
0.00170229
0.00162042
0.00160907
0.00154902
0.00156304
0.00153368
0.00156781
0.0015652
0.0016163
0.00164183
0.00171119
0.00176389
0.00185336
0.0019316
0.00203553
0.00213063
0.00224914
0.00236956
0.00251147
0.00265966
0.00282494
0.00299755
0.00317721
0.00336651
0.00355281
0.00375198
0.0039456
0.00415781
0.0043599
0.00458682
0.00479426
0.00503322
0.00524045
0.00548307
0.00568451
0.00592451
0.00611493
0.00635071
0.00653278
0.00676596
0.00693857
0.00717256
0.00733361
0.00756601
0.00771332
0.00794395
0.00807688
0.00830536
0.00840142
0.00859687
0.00867132
0.00888372
0.00152785
0.00149729
0.00179387
0.00259711
0.0131288
0.00631023
0.00421539
0.00326443
0.00610772
0.00654297
0.0142504
0.0142132
0.0141754
0.0141361
0.0141112
0.0140748
0.0140352
0.013982
0.0139422
0.0139103
0.0138631
0.0137844
0.0136566
0.0135531
0.0134514
0.0133919
0.0132806
0.0131657
0.0129138
0.0127207
0.0124491
0.0123153
0.0120854
0.0119453
0.0116374
0.0114229
0.0109888
0.0107577
0.0103165
0.0100866
0.00962691
0.00936965
0.00884503
0.00853084
0.00792888
0.00761011
0.00701003
0.0067036
0.00613623
0.005839
0.00530519
0.00496492
0.00453159
0.00420448
0.00376324
0.00347653
0.00330595
0.00311388
0.00287136
0.00267846
0.00253672
0.00239366
0.00225284
0.0021486
0.00203154
0.00196166
0.00186918
0.0018199
0.00175105
0.00173013
0.00168416
0.00169038
0.00166876
0.00169353
0.00168555
0.00172941
0.00174047
0.00180225
0.00183614
0.00192041
0.00196905
0.00207377
0.00213335
0.00224904
0.0023225
0.00245487
0.00254497
0.00269841
0.00280241
0.0029791
0.00309701
0.00329132
0.00342098
0.00362702
0.00376289
0.00397839
0.00412257
0.00434924
0.00449778
0.00473779
0.00488748
0.00513553
0.00528163
0.00553438
0.0056739
0.00592831
0.00606122
0.00631595
0.00644288
0.00671108
0.00347764
0.00157209
0.00099923
0.00204849
0.00974744
0.00986446
0.0100153
0.00454201
0.0036652
0.00471411
0.00923603
0.00981173
0.0143266
0.014306
0.0142842
0.01426
0.0142342
0.0142055
0.0141823
0.0141652
0.0141402
0.0141033
0.014041
0.0139912
0.0139425
0.0139128
0.0138631
0.0138099
0.0136917
0.0135896
0.0134442
0.0133692
0.0132434
0.0131663
0.0130079
0.0128928
0.0126539
0.0125112
0.0122368
0.0120914
0.0118079
0.0116455
0.0113159
0.0111192
0.01072
0.010496
0.0100417
0.0097989
0.00930949
0.00903747
0.00850191
0.00821907
0.00766584
0.00737931
0.00682659
0.00600892
0.00544386
0.00541767
0.00525663
0.00504227
0.00460925
0.00443358
0.00404776
0.00390553
0.00357906
0.00342114
0.00316859
0.00299093
0.00282503
0.0027229
0.00252389
0.00244442
0.00228344
0.00223532
0.00210806
0.00207876
0.0019704
0.0019597
0.00186828
0.00187859
0.00180801
0.00183959
0.00178812
0.00183806
0.00180127
0.00186563
0.00184156
0.00192243
0.00191123
0.00201053
0.00201135
0.00212869
0.00214079
0.00227295
0.00229658
0.00244104
0.00247524
0.00263321
0.00267933
0.00285235
0.002911
0.00309794
0.00316867
0.00336493
0.00344743
0.00365041
0.00374467
0.00395335
0.0040589
0.00427483
0.0095857
0.00299845
0.00146763
0.00193068
0.00276725
0.00457342
0.0149698
0.0137725
0.00398725
0.00462644
0.00501934
0.00877443
0.0145705
0.0145515
0.0145328
0.0145134
0.0144902
0.0144564
0.0144215
0.0144002
0.0143747
0.0143516
0.0143138
0.0142842
0.0142518
0.0142312
0.0142002
0.0141701
0.0141097
0.0140565
0.013984
0.0139431
0.0138799
0.0138389
0.0137629
0.0137043
0.0135882
0.0135099
0.0133616
0.013278
0.0131217
0.0130313
0.0128543
0.0127452
0.0125262
0.0123952
0.012132
0.011982
0.0116832
0.0115174
0.0111812
0.0109957
0.0106133
0.0104027
0.00996821
0.00973213
0.00854873
0.00678183
0.00703562
0.00800048
0.00775707
0.00750924
0.00706849
0.00679014
0.00640342
0.00609389
0.0057449
0.00543756
0.00513351
0.00483034
0.0045662
0.00428871
0.00407
0.00383923
0.00366981
0.00346939
0.00331554
0.00313731
0.00299095
0.00283052
0.00270491
0.00257515
0.00247361
0.00238104
0.00229979
0.00223119
0.00216338
0.00211311
0.00205915
0.00202907
0.00198657
0.00197807
0.0019459
0.00195652
0.00193628
0.00196345
0.00195289
0.00199294
0.00199302
0.00204595
0.00205646
0.00212305
0.00214385
0.00222193
0.00225297
0.00234145
0.00238299
0.00248157
0.00253305
0.00264311
0.0159359
0.00801065
0.00267681
0.00159574
0.00119333
0.00263799
0.00781135
0.012297
0.00726673
0.00621536
0.00383971
0.00629423
0.00669333
0.0129553
0.0146552
0.0146419
0.0146294
0.0146067
0.0145783
0.0145577
0.0145381
0.014523
0.0145033
0.0144875
0.0144673
0.0144516
0.0144264
0.0144024
0.0143631
0.014332
0.0142943
0.0142699
0.0142376
0.0142142
0.014177
0.0141459
0.0140899
0.0140479
0.0139715
0.0139255
0.0138441
0.013796
0.0137066
0.0136491
0.0135404
0.0134714
0.013337
0.013257
0.0130988
0.0130085
0.0128298
0.0127238
0.0125251
0.0123868
0.0121732
0.0119825
0.0117594
0.0110577
0.00840534
0.00753965
0.00858622
0.0104809
0.0102655
0.00989246
0.00968056
0.00927001
0.00904499
0.00861006
0.00838065
0.00793991
0.0077131
0.00727585
0.00705077
0.0066274
0.00642173
0.00603608
0.00584423
0.00548138
0.00529559
0.00494446
0.00477101
0.00445205
0.00430417
0.00403506
0.00391043
0.00368117
0.00357143
0.00336779
0.00326914
0.00308729
0.00300029
0.00284238
0.00276847
0.00263632
0.00257593
0.00246947
0.0024211
0.00233668
0.00229857
0.00223338
0.00220472
0.00215774
0.00213816
0.00210836
0.00209713
0.00208318
0.00207965
0.00208043
0.00208375
0.00209535
0.0159314
0.0159359
0.00737569
0.00274119
0.00178871
0.00187994
0.00344733
0.00590876
0.0151664
0.0151504
0.00748043
0.00480219
0.00436752
0.00591077
0.0148863
0.0148554
0.0148286
0.0148058
0.0147841
0.0147685
0.0147502
0.0147342
0.0147132
0.0146945
0.0146703
0.0146503
0.0146257
0.0146043
0.0145771
0.0145551
0.014531
0.0145137
0.0144927
0.0144759
0.0144515
0.01443
0.0143946
0.0143679
0.0143235
0.0142967
0.0142527
0.0142248
0.014181
0.0141474
0.0140987
0.0140532
0.0139965
0.0139363
0.0138772
0.0138028
0.0137441
0.0136546
0.013592
0.013485
0.0134157
0.0132837
0.0132023
0.0130445
0.0129537
0.0103536
0.00832002
0.00846381
0.0101776
0.0121524
0.0120296
0.0117828
0.0116488
0.0113678
0.0112154
0.0109001
0.0107333
0.0103885
0.0102041
0.00983075
0.0096417
0.00926431
0.00907388
0.00869182
0.00849466
0.00809813
0.00789321
0.00748334
0.00727694
0.00687683
0.00668528
0.006318
0.00614226
0.00580332
0.00563791
0.00531826
0.0051626
0.00486537
0.00472501
0.00445886
0.00433445
0.00409866
0.00398827
0.00377882
0.00368005
0.00349273
0.00340454
0.00323859
0.00316146
0.00301753
0.00295124
0.00282841
0.00277217
0.00266891
0.00262197
0.00252716
0.0159271
0.0159302
0.0159348
0.00743012
0.00343182
0.00161982
0.00175767
0.00202322
0.00655462
0.0131098
0.0152182
0.00764073
0.00625498
0.0048212
0.00673591
0.00767563
0.0149391
0.0149164
0.014902
0.0148931
0.0148836
0.0148716
0.0148583
0.014845
0.0148255
0.0148053
0.0147848
0.0147682
0.0147509
0.0147365
0.0147198
0.0147049
0.0146871
0.0146695
0.0146478
0.0146261
0.0146016
0.0145786
0.0145561
0.014534
0.0145155
0.0144934
0.0144745
0.0144473
0.0144254
0.0143909
0.0143644
0.0143229
0.0142949
0.0142507
0.0142217
0.014174
0.014142
0.0140882
0.0140529
0.013989
0.0139493
0.0138728
0.013825
0.013735
0.0134061
0.0100723
0.00908729
0.0092571
0.011557
0.0132241
0.0131516
0.0130064
0.0129241
0.0127578
0.0126655
0.0124744
0.0123707
0.0121601
0.0120501
0.011822
0.0117032
0.0114557
0.0113237
0.0110469
0.0108965
0.0105801
0.0104106
0.0100646
0.00988992
0.00953943
0.00936575
0.00901742
0.00884287
0.00849188
0.00831473
0.00795831
0.00777645
0.00741458
0.00723509
0.00688431
0.00671438
0.0063841
0.00622424
0.00591366
0.0057635
0.00547315
0.0053345
0.00506856
0.00494342
0.00470437
0.00459022
0.00436947
0.00426271
0.00327355
0.0159294
0.0159252
0.0159281
0.015932
0.00837655
0.0040054
0.00204078
0.00199571
0.00251472
0.00503434
0.0130312
0.0154009
0.0153623
0.00910214
0.00569214
0.00526819
0.00834635
0.0151748
0.0151557
0.0151336
0.0151037
0.015078
0.0150554
0.0150336
0.0150148
0.0149977
0.0149839
0.0149662
0.0149501
0.0149323
0.014916
0.0148967
0.0148796
0.01486
0.0148425
0.0148219
0.0148032
0.014782
0.0147651
0.0147457
0.0147309
0.0147126
0.0146977
0.0146769
0.0146598
0.0146335
0.0146131
0.0145838
0.0145635
0.0145353
0.0145163
0.0144885
0.0144691
0.0144397
0.014419
0.0143855
0.0143624
0.014324
0.0142973
0.0142509
0.0142208
0.0141682
0.01394
0.0104848
0.0106479
0.0102962
0.0132048
0.0138671
0.0138226
0.0137437
0.0136971
0.0136055
0.0135523
0.0134497
0.0133926
0.0132788
0.0132148
0.0130883
0.0130177
0.0128731
0.0127915
0.0126207
0.012529
0.012337
0.012237
0.0120293
0.0119226
0.0117011
0.0115865
0.0113477
0.0112226
0.0109606
0.0108204
0.0105289
0.0103771
0.0100672
0.00991072
0.00959368
0.00943482
0.00911373
0.00895398
0.00863287
0.00847461
0.00815794
0.00799691
0.00767237
0.00650676
0.00391484
0.00176966
0.000899609
0.0159277
0.0159272
0.0159238
0.0159256
0.0159286
0.0105281
0.00479077
0.00280067
0.00177527
0.00237262
0.00277347
0.00883013
0.0154568
0.0154371
0.0109582
0.00788217
0.00553016
0.00636181
0.00780125
0.0130114
0.0152302
0.0152007
0.0151841
0.0151722
0.0151604
0.0151515
0.0151418
0.0151326
0.0151227
0.0151084
0.0150837
0.0150603
0.0150401
0.0150216
0.0150056
0.0149908
0.0149775
0.0149637
0.0149506
0.0149322
0.0149158
0.0148957
0.0148805
0.0148614
0.0148476
0.0148284
0.0148137
0.0147933
0.0147778
0.0147575
0.0147425
0.0147215
0.0147057
0.0146836
0.0146673
0.0146441
0.014627
0.0146026
0.0145845
0.0145568
0.0145377
0.0145073
0.0144849
0.0144537
0.0142832
0.0121047
0.0108742
0.0128565
0.014304
0.0142627
0.0142351
0.0141922
0.0141633
0.0141126
0.0140829
0.0140283
0.0139948
0.0139332
0.0138974
0.0138291
0.0137879
0.0137063
0.0136596
0.0135687
0.0135184
0.013417
0.0133614
0.0132505
0.013191
0.013068
0.0130017
0.0128625
0.0127882
0.0126314
0.0125484
0.0123743
0.0122837
0.0120942
0.0119961
0.0117928
0.0116814
0.0114744
0.0113557
0.0111073
0.0075906
0.0039798
0.00174375
0.000899538
0.000372939
0.00021199
0.0159272
0.0159275
0.0159231
0.015924
0.0159205
0.0159258
0.0145088
0.00669506
0.00345344
0.00239226
0.00216701
0.00314644
0.00418868
0.0101474
0.0156038
0.0155774
0.0149158
0.00912583
0.00651922
0.00822565
0.0124677
0.0154124
0.0153919
0.0153754
0.0153552
0.0153375
0.0153214
0.0153075
0.0152943
0.0152814
0.0152639
0.015244
0.0152246
0.0152068
0.015192
0.0151795
0.0151683
0.0151562
0.0151424
0.0151238
0.0151048
0.0150834
0.015064
0.0150443
0.0150287
0.0150131
0.0150002
0.0149859
0.0149736
0.0149593
0.0149465
0.0149276
0.0149115
0.0148904
0.014874
0.014853
0.014838
0.0148182
0.0148038
0.0147846
0.0147714
0.0147518
0.0147371
0.0147172
0.0146994
0.0146773
0.0141176
0.0121445
0.0128289
0.0130601
0.0145596
0.014532
0.0145136
0.0144845
0.0144644
0.0144356
0.0144173
0.014385
0.014365
0.0143315
0.0143097
0.0142692
0.0142444
0.0142005
0.0141754
0.0141269
0.0140983
0.0140447
0.0140143
0.0139557
0.0139222
0.013856
0.013819
0.0137445
0.013703
0.0136194
0.0135743
0.0134816
0.0134299
0.013343
0.0132637
0.0131711
0.00694366
0.00329648
0.00161052
0.000829791
0.000337784
0.000238982
0.000144398
0.000119921
0.0159291
0.0159251
0.0159255
0.0159208
0.0159225
0.0159177
0.0159221
0.015926
0.00953081
0.00465689
0.00345237
0.00222089
0.00257558
0.00319376
0.00629405
0.00783831
0.0156591
0.0156439
0.0113053
0.00782252
0.00806769
0.00767743
0.0086903
0.0145754
0.0154901
0.0154768
0.0154607
0.0154413
0.015425
0.0154119
0.0154022
0.0153915
0.0153807
0.0153668
0.0153539
0.0153389
0.0153253
0.0153091
0.0152943
0.0152767
0.0152621
0.0152463
0.0152338
0.0152195
0.0152076
0.0151933
0.0151806
0.0151655
0.0151523
0.0151368
0.0151228
0.0151049
0.0150901
0.015072
0.015057
0.0150395
0.0150259
0.0150099
0.0149969
0.0149817
0.0149705
0.0149549
0.0149419
0.0149267
0.0149114
0.0148934
0.0148762
0.0148567
0.0148388
0.0140817
0.0129645
0.0132341
0.0147628
0.0147452
0.0147273
0.0147058
0.0146926
0.0146732
0.014658
0.0146355
0.0146208
0.0145971
0.0145805
0.0145561
0.0145411
0.014516
0.014499
0.0144709
0.0144528
0.0144236
0.0144044
0.0143717
0.0143515
0.0143158
0.0142937
0.0142546
0.0142308
0.0141896
0.0141637
0.0103532
0.00520881
0.00252535
0.00141382
0.000579803
0.000336602
0.000223611
0.000138823
0.000155287
0.000167475
0.000184087
0.0159294
0.0159251
0.0159253
0.0159212
0.0159214
0.0159177
0.0159182
0.0159161
0.0159208
0.0149002
0.00846374
0.00384605
0.00343501
0.00268711
0.00276288
0.00423317
0.00640924
0.0157606
0.0157773
0.0157752
0.0157559
0.0136863
0.0099379
0.0114436
0.0123295
0.0136579
0.0155937
0.0155897
0.0155866
0.0155793
0.0155645
0.0155416
0.0155193
0.0155026
0.0154904
0.0154805
0.015472
0.0154637
0.0154544
0.015444
0.0154319
0.0154174
0.015399
0.0153806
0.0153649
0.0153504
0.0153375
0.0153248
0.0153135
0.0153027
0.0152929
0.0152814
0.0152679
0.0152513
0.0152342
0.0152167
0.0152012
0.0151859
0.0151722
0.0151591
0.0151482
0.0151368
0.015126
0.0151141
0.0151017
0.0150881
0.0150721
0.0150559
0.0150382
0.0150218
0.0150041
0.0149879
0.0134248
0.0148218
0.0149395
0.0149228
0.0149084
0.0148958
0.0148817
0.0148668
0.014851
0.0148357
0.0148191
0.0148042
0.0147887
0.0147753
0.014759
0.0147453
0.0147281
0.0147147
0.0146965
0.0146835
0.0146641
0.0146523
0.0146319
0.0146203
0.0126916
0.0066928
0.00339521
0.001942
0.000855181
0.00048205
0.000321966
0.000171594
0.000176893
0.000164238
0.000160257
0.000206245
0.000340331
0.000594458
0.0159278
0.0159268
0.0159236
0.0159231
0.0159195
0.0159195
0.0159155
0.0159164
0.0159128
0.0159159
0.0159186
0.0133679
0.00681268
0.00449442
0.00293203
0.00326145
0.00336886
0.00395301
0.00656123
0.00927743
0.0157931
0.0157868
0.015792
0.01579
0.0138746
0.0114606
0.0132495
0.0157021
0.0156788
0.0156671
0.0156596
0.0156472
0.0156387
0.015633
0.0156293
0.0156222
0.0156088
0.0155917
0.0155776
0.0155666
0.0155566
0.0155464
0.0155351
0.0155243
0.0155142
0.0155042
0.0154928
0.0154799
0.0154672
0.0154545
0.0154422
0.0154294
0.0154165
0.0154037
0.0153898
0.0153768
0.0153635
0.0153513
0.0153385
0.0153273
0.0153159
0.0153052
0.0152937
0.0152824
0.0152699
0.0152578
0.0152435
0.0152304
0.0152157
0.0152025
0.015188
0.0151743
0.0151602
0.0151468
0.0151314
0.0151185
0.0149409
0.0150886
0.0150761
0.0150607
0.0150467
0.0150308
0.0150184
0.0150028
0.0149915
0.0149781
0.0149683
0.0149541
0.0149445
0.0149306
0.0149212
0.0149087
0.0149011
0.0137013
0.00752199
0.00396477
0.00227069
0.00105291
0.000607848
0.000411401
0.000210796
0.000200869
0.000178378
0.000159115
0.000203521
0.000266041
0.000470977
0.000522154
0.000672817
0.00236616
0.015927
0.0159276
0.015923
0.0159237
0.0159189
0.0159199
0.0159151
0.0159162
0.0159116
0.0159131
0.0159094
0.0159133
0.0159163
0.0132924
0.00733513
0.00435338
0.00368961
0.00298553
0.0038262
0.00475978
0.00608436
0.0117314
0.0158673
0.0158609
0.0158455
0.0158347
0.0158224
0.0158083
0.0138339
0.0144178
0.0157752
0.0157599
0.0157444
0.0157279
0.0157194
0.0157155
0.0157099
0.0156996
0.0156902
0.0156839
0.0156773
0.0156688
0.0156551
0.0156426
0.0156304
0.0156206
0.0156109
0.0156028
0.0155937
0.015585
0.0155748
0.0155657
0.0155546
0.015544
0.0155314
0.0155198
0.0155072
0.0154959
0.0154839
0.0154743
0.0154643
0.0154564
0.0154468
0.0154382
0.0154268
0.0154162
0.0154026
0.0153912
0.0153768
0.0153647
0.0153517
0.0153406
0.015327
0.0153167
0.0153022
0.0152919
0.015279
0.015267
0.0152513
0.0152426
0.0152267
0.0152138
0.0151997
0.0151877
0.0151743
0.0151622
0.0151499
0.0151414
0.0151295
0.0151218
0.0149083
0.00786236
0.00417136
0.00232755
0.00111421
0.000707111
0.000433054
0.000238141
0.000234236
0.000188986
0.000165685
0.000218616
0.00025487
0.00038904
0.000462056
0.000636265
0.00164613
0.00222363
0.00253425
0.00296294
0.0159269
0.0159277
0.0159229
0.0159238
0.0159189
0.0159199
0.015915
0.0159161
0.0159113
0.0159125
0.015908
0.0159097
0.0159061
0.01591
0.0159127
0.0133261
0.0083637
0.00577979
0.00369665
0.00373171
0.00339201
0.00400074
0.00629484
0.00778923
0.0115216
0.0159277
0.0158993
0.0158864
0.015875
0.0158594
0.0158441
0.0158404
0.0158374
0.0158278
0.0158108
0.0158008
0.015792
0.0157791
0.0157643
0.0157552
0.0157511
0.0157504
0.0157462
0.015739
0.0157302
0.0157242
0.0157177
0.0157121
0.0157015
0.0156906
0.0156782
0.0156679
0.0156576
0.0156496
0.0156406
0.0156332
0.0156249
0.015618
0.0156086
0.0155999
0.0155897
0.0155816
0.0155718
0.015564
0.015554
0.0155444
0.0155327
0.0155229
0.0155114
0.0155029
0.0154938
0.0154859
0.0154767
0.0154683
0.0154572
0.0154474
0.015436
0.0154245
0.015412
0.0154
0.0153869
0.0153731
0.0153613
0.0153498
0.0153394
0.0153279
0.0153214
0.0153196
0.00786702
0.00397859
0.00215599
0.00113245
0.000725573
0.000388977
0.000264483
0.000263828
0.00019027
0.000183869
0.000237869
0.000251537
0.000374722
0.000488569
0.000672544
0.0013941
0.00206094
0.00168041
0.00217866
0.00585696
0.0063336
0.00644942
0.0159273
0.0159277
0.0159233
0.0159237
0.0159194
0.0159198
0.0159156
0.0159159
0.015912
0.0159121
0.0159084
0.0159086
0.0159052
0.0159056
0.0159036
0.0159054
0.0159084
0.015914
0.00981754
0.00635847
0.00533135
0.00396428
0.00396423
0.00446915
0.0044802
0.00623372
0.0111263
0.0132146
0.0159533
0.01595
0.0159469
0.0159369
0.0159244
0.0159109
0.0158874
0.015867
0.0158554
0.0158537
0.0158519
0.0158466
0.0158391
0.0158341
0.0158261
0.0158143
0.0158018
0.0157937
0.0157888
0.0157841
0.0157771
0.0157718
0.0157658
0.0157599
0.0157535
0.0157465
0.0157387
0.0157296
0.0157212
0.0157131
0.0157046
0.0156957
0.0156878
0.0156802
0.0156727
0.0156661
0.0156592
0.0156509
0.0156433
0.0156344
0.0156259
0.0156173
0.0156105
0.015603
0.0155964
0.015588
0.0155793
0.0155699
0.0155618
0.0155539
0.0155457
0.0155371
0.0155275
0.0155179
0.0155071
0.0154996
0.013499
0.0064461
0.00368464
0.00181692
0.000982541
0.000626296
0.00034046
0.00029223
0.000271943
0.000198632
0.000208902
0.000251747
0.000267432
0.000438913
0.000566814
0.000776552
0.00159619
0.0016545
0.00158588
0.00274116
0.0064935
0.00653647
0.00661095
0.00665962
0.00670877
0.00673755
0.0159288
0.0159273
0.0159251
0.0159233
0.0159214
0.0159192
0.0159178
0.0159152
0.0159143
0.0159112
0.0159108
0.0159072
0.0159075
0.0159035
0.0159045
0.0159005
0.0159025
0.0158996
0.0159046
0.0159079
0.0137961
0.00897172
0.00561981
0.00524347
0.00476213
0.00408987
0.00480815
0.00600122
0.00816804
0.00899011
0.0116476
0.0159868
0.0159863
0.0159801
0.0159737
0.0159665
0.0159524
0.0159387
0.0159269
0.0159159
0.0159042
0.0158937
0.0158853
0.0158791
0.0158784
0.0158739
0.0158683
0.0158644
0.0158583
0.0158481
0.015837
0.0158277
0.015822
0.0158189
0.0158145
0.0158072
0.0158001
0.0157935
0.0157868
0.0157805
0.0157737
0.0157665
0.0157593
0.0157546
0.0157479
0.0157405
0.015732
0.0157235
0.0157146
0.0157076
0.0157009
0.0156959
0.0156897
0.0156856
0.015678
0.0156722
0.0156635
0.0156578
0.0156499
0.0156481
0.0156476
0.00839386
0.00461438
0.00239828
0.00127131
0.000782084
0.000440715
0.000336681
0.00031143
0.000225428
0.000216012
0.000256003
0.000263337
0.000328882
0.000559132
0.000636723
0.00107936
0.00233316
0.00168483
0.00196682
0.00396452
0.00571338
0.00683167
0.00687609
0.00689315
0.00689673
0.00689535
0.00692246
0.0070218
0.00708159
0.0159309
0.0159272
0.0159275
0.0159234
0.0159241
0.0159197
0.0159206
0.015916
0.0159171
0.0159124
0.0159134
0.0159089
0.0159097
0.0159054
0.0159061
0.0159021
0.0159027
0.0158995
0.0159002
0.0158983
0.0159007
0.0159034
0.0159083
0.0109304
0.0088061
0.00615123
0.00479336
0.00489999
0.00467786
0.00556025
0.00656605
0.00689394
0.0113865
0.0160357
0.0160308
0.0160133
0.0160067
0.0159972
0.015996
0.0159913
0.0159853
0.0159769
0.0159607
0.0159447
0.0159319
0.0159272
0.0159249
0.0159211
0.0159146
0.0159084
0.0159009
0.0158953
0.0158894
0.0158859
0.0158808
0.0158745
0.0158654
0.0158581
0.0158518
0.0158485
0.0158431
0.0158385
0.0158303
0.0158258
0.0158185
0.0158136
0.0158058
0.0158002
0.0157927
0.0157877
0.0157807
0.0157768
0.0157702
0.0157652
0.0157589
0.0157571
0.0157569
0.0100788
0.00536529
0.0029113
0.00164712
0.000909745
0.000532058
0.000400521
0.000301493
0.000235085
0.000240774
0.00026492
0.000257472
0.000297224
0.000491098
0.000656853
0.000789234
0.00205493
0.0029478
0.00206715
0.00338142
0.00432877
0.00539657
0.00706827
0.00711538
0.00713035
0.00714367
0.00715946
0.00719815
0.00727538
0.00736964
0.00739378
0.00744797
0.00745758
0.0159317
0.0159287
0.0159282
0.0159256
0.0159245
0.0159224
0.0159209
0.0159193
0.0159172
0.0159162
0.0159135
0.015913
0.0159098
0.0159099
0.0159061
0.0159067
0.0159025
0.0159037
0.0158991
0.015901
0.0158966
0.0158995
0.0158962
0.0159013
0.0159039
0.0159101
0.0117328
0.00778986
0.00562639
0.00546291
0.00544306
0.00481688
0.00495064
0.00623531
0.0100867
0.016065
0.014293
0.0152021
0.0160258
0.0160209
0.0160195
0.0160172
0.0160147
0.0160095
0.0159965
0.0159856
0.0159815
0.0159779
0.0159697
0.01596
0.0159488
0.0159422
0.0159403
0.0159388
0.0159343
0.0159293
0.015921
0.0159129
0.0159055
0.015902
0.0159005
0.0158978
0.0158927
0.015886
0.015879
0.0158717
0.0158657
0.0158599
0.0158534
0.015849
0.0158468
0.0158426
0.0158426
0.0137097
0.00708889
0.00375455
0.00213064
0.00118281
0.00060153
0.000444687
0.000338897
0.000243564
0.000256818
0.00025577
0.000242907
0.000305388
0.000465336
0.000614509
0.000746591
0.00149391
0.00212961
0.00241882
0.0045261
0.0045457
0.00458143
0.00736899
0.00745222
0.00746373
0.00745279
0.00744437
0.00745842
0.00750388
0.0076356
0.00773885
0.00778787
0.00779626
0.00782334
0.00783853
0.00789613
0.00793698
0.0159312
0.015931
0.0159281
0.0159281
0.015925
0.0159252
0.0159219
0.0159221
0.0159187
0.015919
0.0159156
0.0159158
0.0159125
0.0159125
0.0159095
0.0159091
0.0159065
0.0159056
0.0159036
0.0159023
0.0159008
0.0158992
0.0158985
0.0158971
0.0158978
0.0158975
0.0159017
0.0159055
0.0159126
0.00973817
0.00700321
0.00685229
0.00551474
0.00481493
0.00504601
0.00555434
0.00745618
0.0100148
0.0088678
0.0131985
0.0160588
0.0160646
0.0160634
0.0160491
0.0160403
0.0160266
0.0160241
0.016026
0.0160242
0.0160145
0.0159988
0.0159853
0.0159787
0.0159783
0.0159782
0.0159736
0.015966
0.0159569
0.0159493
0.0159433
0.0159431
0.0159413
0.0159382
0.0159307
0.0159245
0.0159179
0.0159133
0.0159121
0.0159126
0.0159143
0.00892535
0.00506623
0.00265834
0.00146438
0.000757116
0.000478172
0.000409642
0.000268007
0.000240045
0.000262264
0.000250629
0.00030064
0.000439374
0.000570335
0.000801154
0.00148699
0.00160945
0.00214283
0.00515029
0.00575867
0.00520267
0.00607245
0.00767662
0.00773651
0.00776711
0.0077855
0.00781723
0.00787256
0.00797851
0.00807078
0.00811851
0.00813749
0.00813997
0.00815304
0.00820511
0.00825164
0.00829319
0.00831439
0.00834168
0.00834842
0.0159321
0.0159311
0.0159295
0.0159282
0.0159268
0.0159252
0.0159242
0.0159223
0.0159216
0.0159193
0.0159189
0.0159163
0.0159162
0.0159132
0.0159134
0.0159102
0.0159106
0.0159072
0.0159078
0.0159041
0.0159049
0.0159012
0.0159021
0.0158986
0.0158996
0.0158966
0.0158982
0.0158966
0.0158999
0.0159031
0.0159079
0.0127141
0.00949498
0.00809664
0.00602048
0.00487461
0.00525575
0.00675838
0.00647391
0.00576197
0.00838837
0.0135641
0.0139824
0.0160852
0.0160706
0.0160629
0.0160532
0.0160515
0.0160546
0.0160542
0.0160472
0.016032
0.0160196
0.0160141
0.0160149
0.0160121
0.0160042
0.0159939
0.0159849
0.0159808
0.0159802
0.0159791
0.0159785
0.0159748
0.0159679
0.0159667
0.0124728
0.00660303
0.00319987
0.00169101
0.00102298
0.00056423
0.000436636
0.000326684
0.000235461
0.000254034
0.000271951
0.000294478
0.000411616
0.000594648
0.000759216
0.00142089
0.00153371
0.0020256
0.00479895
0.00570286
0.00528355
0.00616894
0.00803934
0.00805127
0.00806065
0.00809041
0.00813586
0.00819441
0.00825565
0.00830703
0.00834831
0.00837918
0.00839045
0.00839748
0.00840501
0.00841554
0.00842638
0.00844004
0.00845062
0.0084576
0.00845552
0.00845359
0.00844841
0.00844665
0.0159331
0.0159312
0.0159306
0.0159286
0.015928
0.015926
0.0159253
0.0159234
0.0159227
0.0159208
0.01592
0.0159183
0.0159172
0.0159158
0.0159144
0.0159133
0.0159115
0.0159108
0.0159086
0.0159083
0.0159056
0.0159058
0.0159026
0.0159034
0.0158997
0.0159011
0.0158972
0.0158993
0.0158956
0.0158988
0.0158964
0.0159019
0.0159047
0.015911
0.0127104
0.0108236
0.00662521
0.00533521
0.00645777
0.00612426
0.00542563
0.00617716
0.00755148
0.0101283
0.0126119
0.0125291
0.0160748
0.0160784
0.0160848
0.0160852
0.0160819
0.016072
0.0160565
0.0160495
0.0160512
0.0160525
0.0160483
0.016036
0.0160227
0.0160146
0.0160145
0.0160161
0.0160178
0.0087623
0.00444063
0.00232328
0.0012796
0.000667383
0.000463475
0.000367218
0.0002547
0.000246643
0.000278046
0.000295249
0.000396795
0.000604039
0.00073708
0.00118713
0.00179665
0.00184929
0.00346461
0.00537374
0.00538634
0.00717185
0.00835696
0.00834214
0.00834644
0.00838421
0.00843639
0.00848144
0.00850147
0.00851212
0.00849605
0.00848142
0.00847722
0.00847867
0.00848327
0.00848757
0.00848794
0.00848422
0.0084736
0.00846612
0.00845732
0.00845457
0.00845012
0.00844863
0.00844396
0.0084409
0.00843289
0.00843064
0.0159331
0.0159321
0.0159306
0.0159297
0.0159281
0.0159274
0.0159255
0.015925
0.015923
0.0159227
0.0159205
0.0159203
0.0159179
0.0159179
0.0159154
0.0159154
0.0159129
0.0159129
0.0159103
0.0159104
0.0159078
0.0159078
0.0159054
0.0159051
0.015903
0.0159024
0.0159008
0.0158999
0.0158988
0.0158976
0.0158975
0.0158965
0.0158978
0.015898
0.0159027
0.0159064
0.0159135
0.0115938
0.00836495
0.0077097
0.00582709
0.00549474
0.00606129
0.00557428
0.00637332
0.00925391
0.00914843
0.010779
0.0161114
0.0161123
0.0161005
0.0160958
0.0160863
0.0160833
0.0160881
0.0160903
0.0160895
0.0160816
0.0160702
0.0131346
0.00655732
0.00314189
0.00150143
0.00085273
0.000564542
0.000366449
0.00029763
0.000272008
0.000259399
0.000305037
0.000391585
0.000558319
0.000752642
0.001023
0.00188484
0.00202763
0.00240733
0.00474048
0.00595507
0.00666346
0.00852178
0.00855512
0.00857939
0.00856978
0.00855979
0.00855653
0.00855042
0.00854274
0.00853718
0.00853235
0.008527
0.00851564
0.00849779
0.00848502
0.00848215
0.00848075
0.00848014
0.00847937
0.00847643
0.00846823
0.00844815
0.00842748
0.00840781
0.00839236
0.00837503
0.00836198
0.0083448
0.00833106
0.0083017
0.00829707
0.0159332
0.0159325
0.0159309
0.0159301
0.0159286
0.0159278
0.0159263
0.0159255
0.0159241
0.0159231
0.0159218
0.0159208
0.0159196
0.0159184
0.0159174
0.015916
0.0159151
0.0159136
0.015913
0.0159112
0.0159108
0.0159086
0.0159086
0.0159061
0.0159063
0.0159036
0.0159041
0.0159012
0.0159018
0.015899
0.0158997
0.0158971
0.015898
0.0158961
0.0158975
0.015897
0.0159001
0.015904
0.0159085
0.0157427
0.0105099
0.00878776
0.00748721
0.00567545
0.00531419
0.00638083
0.00649867
0.00637769
0.00706744
0.0120616
0.0146594
0.0161091
0.0161144
0.0161198
0.0161257
0.0120957
0.00721355
0.00376261
0.00200129
0.00111874
0.000627649
0.000451102
0.000322252
0.000283626
0.00026834
0.000298405
0.000400943
0.00052391
0.000715716
0.000944373
0.00170853
0.00238658
0.00258391
0.00397205
0.004904
0.00621811
0.0087547
0.00865485
0.0085736
0.00853413
0.00850895
0.00853573
0.00855708
0.00856672
0.00856173
0.00854188
0.00849721
0.00846532
0.00844919
0.00843886
0.00842373
0.00840956
0.00839443
0.00836906
0.00833678
0.00830997
0.00829085
0.00827963
0.00827006
0.00825268
0.00822473
0.00819524
0.00816351
0.00813896
0.00811322
0.00809565
0.00807145
0.00805659
0.00802407
0.00802361
0.0159334
0.0159324
0.0159311
0.0159301
0.0159289
0.0159278
0.0159267
0.0159256
0.0159245
0.0159233
0.0159223
0.0159211
0.0159201
0.0159188
0.015918
0.0159166
0.0159158
0.0159145
0.0159136
0.0159123
0.0159114
0.0159102
0.0159092
0.0159081
0.0159069
0.015906
0.0159045
0.0159041
0.0159022
0.0159021
0.0158998
0.0159002
0.0158977
0.0158986
0.0158959
0.0158975
0.0158951
0.0158978
0.0158967
0.0159016
0.0159049
0.0159106
0.0139195
0.0116182
0.00837233
0.00615383
0.00605007
0.00648669
0.00545428
0.00557489
0.00580088
0.00531351
0.00481466
0.00399494
0.00244393
0.00129922
0.000744889
0.000495861
0.000347244
0.000297171
0.000296097
0.000293152
0.000357299
0.000481424
0.000638966
0.000990538
0.00142377
0.00191892
0.0035324
0.00453609
0.00449415
0.00609365
0.00845166
0.00842706
0.00840101
0.00838836
0.00837594
0.0083643
0.00835376
0.00834864
0.008333
0.0083183
0.00829814
0.0082793
0.00825037
0.00819512
0.00815046
0.00812164
0.00810429
0.00809591
0.00808524
0.00807097
0.00804322
0.00801345
0.00798731
0.00797005
0.0079539
0.00794462
0.0079337
0.0079257
0.00790852
0.00788998
0.00786152
0.00784063
0.00781399
0.0077982
0.00777673
0.00776588
0.00774123
0.00773885
0.0159333
0.0159321
0.015931
0.0159298
0.0159288
0.0159276
0.0159266
0.0159253
0.0159244
0.0159231
0.0159222
0.0159209
0.01592
0.0159187
0.0159178
0.0159166
0.0159156
0.0159145
0.0159134
0.0159124
0.0159111
0.0159104
0.0159089
0.0159083
0.0159067
0.0159062
0.0159045
0.0159041
0.0159024
0.015902
0.0159003
0.0158999
0.0158984
0.0158979
0.0158965
0.015896
0.015895
0.0158946
0.0158943
0.0158943
0.0158953
0.0158967
0.015901
0.0159049
0.0159132
0.0122817
0.00830773
0.00624735
0.00493796
0.0035217
0.00251685
0.00143671
0.000808176
0.000591482
0.000382085
0.000294486
0.000308428
0.000284847
0.000316735
0.000415367
0.000588182
0.000774182
0.00119352
0.00192661
0.00320652
0.00445009
0.0042741
0.00647928
0.00823061
0.00821166
0.00817198
0.0081439
0.00812896
0.00812232
0.00812129
0.00812328
0.00812261
0.00810799
0.00808516
0.00803972
0.0079881
0.0079555
0.00793432
0.00792518
0.00792099
0.00791299
0.0078958
0.00788201
0.0078657
0.00785442
0.00784136
0.00782774
0.00781012
0.0077977
0.00777925
0.00776458
0.00774598
0.00773463
0.00771807
0.0077055
0.00768994
0.00768077
0.00766404
0.00765191
0.00763262
0.00762197
0.0076052
0.00759688
0.00757866
0.00757794
0.0159331
0.0159317
0.0159307
0.0159293
0.0159283
0.0159271
0.015926
0.0159248
0.0159238
0.0159227
0.0159215
0.0159205
0.0159193
0.0159184
0.0159171
0.0159163
0.0159149
0.0159143
0.0159127
0.0159122
0.0159105
0.0159101
0.0159084
0.015908
0.0159063
0.0159059
0.0159041
0.0159038
0.0159021
0.0159017
0.0158999
0.0158996
0.0158979
0.0158975
0.0158958
0.0158954
0.0158939
0.0158936
0.0158923
0.0158922
0.0158909
0.0158917
0.0158915
0.0158957
0.0153447
0.00823487
0.0041962
0.00222255
0.00118268
0.000678524
0.00048693
0.000300635
0.000283873
0.000282003
0.000284145
0.0003578
0.000497791
0.000635346
0.000989687
0.0016414
0.00208211
0.0035222
0.00634986
0.00525826
0.00697278
0.00802157
0.00799482
0.00797259
0.00794565
0.00794981
0.00795428
0.00795274
0.00794655
0.00792234
0.0078858
0.00785813
0.00783577
0.00781861
0.00780344
0.00780039
0.0077941
0.00778665
0.00776734
0.00774673
0.00771748
0.00769483
0.00767268
0.00766006
0.00764315
0.00763322
0.0076209
0.00761439
0.00760003
0.00759129
0.00757656
0.00756843
0.00755344
0.00754622
0.00753368
0.00752771
0.00751378
0.00750585
0.00748853
0.00747473
0.00745018
0.00743372
0.00740659
0.0073924
0.00736517
0.00736384
0.0159325
0.0159315
0.0159299
0.0159291
0.0159274
0.0159267
0.0159249
0.0159243
0.0159224
0.015922
0.0159201
0.0159198
0.0159178
0.0159176
0.0159156
0.0159154
0.0159135
0.0159132
0.0159114
0.0159111
0.0159093
0.0159089
0.0159073
0.0159068
0.0159053
0.0159047
0.0159033
0.0159025
0.0159013
0.0159004
0.0158993
0.0158983
0.0158974
0.0158961
0.0158955
0.015894
0.0158938
0.015892
0.0158928
0.0158911
0.0158949
0.0154304
0.00725118
0.00358835
0.0018735
0.000870482
0.000553309
0.000390725
0.000276439
0.000287227
0.000293601
0.00031542
0.000417583
0.000582834
0.000843803
0.00140459
0.0015957
0.0025932
0.00540152
0.00490431
0.0060309
0.0077701
0.00775524
0.00776849
0.00781643
0.00787131
0.00785531
0.00781478
0.00776972
0.00772578
0.00770421
0.00769478
0.0076902
0.00768889
0.00768742
0.00768238
0.00766515
0.007634
0.00760516
0.00758188
0.00756677
0.0075603
0.00755331
0.00754314
0.00753338
0.00751808
0.00749062
0.00746916
0.00744692
0.00743007
0.00740832
0.00739185
0.00737839
0.00737072
0.00735553
0.00734169
0.00731878
0.00730114
0.00727891
0.00726725
0.00724867
0.00723488
0.0072135
0.00720081
0.00717908
0.00716645
0.00714218
0.00712934
0.00710039
0.00710012
0.015932
0.0159309
0.0159294
0.0159283
0.0159267
0.0159257
0.0159242
0.0159231
0.0159217
0.0159205
0.0159193
0.015918
0.015917
0.0159156
0.0159147
0.0159132
0.0159124
0.0159108
0.0159102
0.0159086
0.015908
0.0159064
0.0159059
0.0159042
0.0159037
0.0159021
0.0159016
0.0159001
0.0158995
0.0158982
0.0158974
0.0158963
0.0158954
0.0158947
0.0158936
0.0158939
0.0158928
0.0158966
0.0115096
0.00530995
0.00255537
0.00124954
0.000703121
0.000447562
0.000314871
0.000282658
0.000287648
0.000285358
0.000343308
0.00049169
0.000667117
0.00104876
0.00146635
0.00183171
0.00354075
0.00571881
0.00758335
0.00757296
0.00759263
0.00765955
0.00766975
0.00765941
0.00764491
0.00760686
0.00758088
0.0075672
0.00755999
0.00753919
0.00750688
0.0074836
0.00746813
0.0074398
0.0073971
0.00737526
0.00736322
0.00735592
0.00735201
0.00734478
0.00733429
0.00732031
0.00729994
0.00728283
0.00726117
0.00724238
0.00721618
0.00719311
0.00717105
0.00715507
0.00713245
0.00711027
0.00708173
0.00706126
0.00704482
0.00703756
0.00702918
0.007026
0.00701651
0.007007
0.00698755
0.00697009
0.00694411
0.0069196
0.00689181
0.00687211
0.00685031
0.00683631
0.00681934
0.00680943
0.00679126
0.00679837
0.0159313
0.0159303
0.0159284
0.0159274
0.0159255
0.0159247
0.0159228
0.015922
0.0159202
0.0159194
0.0159176
0.0159168
0.015915
0.0159143
0.0159125
0.0159119
0.01591
0.0159095
0.0159076
0.0159072
0.0159052
0.0159049
0.0159029
0.0159026
0.0159006
0.0159005
0.0158984
0.0158983
0.0158963
0.0158963
0.0158943
0.0158945
0.0158933
0.0158946
0.0158972
0.00902517
0.00411147
0.00191602
0.000958459
0.000506359
0.000370293
0.000309364
0.000260976
0.000279773
0.000331482
0.000431677
0.000601901
0.000823935
0.00158644
0.00181341
0.00214528
0.00591518
0.00742028
0.00745355
0.00746718
0.00739433
0.00736403
0.00734468
0.00731968
0.00731618
0.00731072
0.00728782
0.00723128
0.00719152
0.00717008
0.00716019
0.00715431
0.00714799
0.00713812
0.00710968
0.00707416
0.0070519
0.00704237
0.00703961
0.00704034
0.00704423
0.0070456
0.00704497
0.00703939
0.00702514
0.00699609
0.00696818
0.00694206
0.00691275
0.0068853
0.00686211
0.00684546
0.00683467
0.00682384
0.00680559
0.00677797
0.00675674
0.00673737
0.00672968
0.00671856
0.00671013
0.00669486
0.0066814
0.00666104
0.00664475
0.0066242
0.00660924
0.00658978
0.00657868
0.00656532
0.00655869
0.00654689
0.00654058
0.00652304
0.00652644
0.0159306
0.0159292
0.0159275
0.015926
0.0159245
0.0159229
0.0159216
0.01592
0.0159188
0.0159171
0.0159161
0.0159143
0.0159134
0.0159116
0.0159108
0.0159091
0.0159083
0.0159066
0.0159059
0.0159041
0.0159035
0.0159017
0.0159012
0.0158994
0.0158989
0.0158971
0.0158967
0.015895
0.0158948
0.0158934
0.0158952
0.0158982
0.00751573
0.00309944
0.0014197
0.00073554
0.000419389
0.00036353
0.000282793
0.000263953
0.000318566
0.000371792
0.00046544
0.000672241
0.00111508
0.00149835
0.00200792
0.00381967
0.00586072
0.00712953
0.00707245
0.00702895
0.00700963
0.00700802
0.00701284
0.00700891
0.00698532
0.00697055
0.00696137
0.00694725
0.00693879
0.00693296
0.00692097
0.00689168
0.00686371
0.00684621
0.00682887
0.00681234
0.00680484
0.00680094
0.00678973
0.00676112
0.006737
0.00672015
0.00670961
0.00670357
0.00669605
0.0066799
0.00665842
0.00664037
0.0066235
0.00660656
0.00658922
0.00657432
0.00655773
0.00653672
0.00651191
0.00649048
0.00646967
0.0064534
0.00643566
0.00642367
0.00641404
0.00641519
0.00641453
0.00641633
0.00640915
0.00640299
0.00638901
0.00637926
0.00636307
0.0063507
0.00633204
0.00631883
0.00630218
0.00629279
0.00627995
0.00627564
0.00626236
0.00627147
0.0159301
0.0159279
0.0159266
0.0159245
0.0159233
0.0159213
0.01592
0.0159182
0.0159168
0.0159152
0.0159137
0.0159124
0.0159108
0.0159097
0.0159079
0.0159071
0.0159052
0.0159046
0.0159025
0.0159021
0.0159
0.0158997
0.0158977
0.0158974
0.0158956
0.0158951
0.015894
0.0158953
0.0158983
0.00722692
0.00277075
0.00120922
0.00054554
0.000375278
0.000322292
0.000246189
0.000260993
0.00030462
0.000386938
0.000539623
0.000840768
0.00119082
0.00223077
0.00288119
0.00322589
0.00689761
0.00685786
0.00682575
0.00678999
0.00679294
0.00678959
0.00678451
0.0067747
0.00676109
0.00674123
0.00671381
0.00668603
0.00666294
0.00663639
0.00659735
0.00655771
0.00652021
0.00649012
0.00647094
0.00646116
0.00645524
0.00644801
0.00643304
0.00641096
0.00639122
0.00637654
0.00636949
0.00636865
0.00636936
0.00637051
0.00637272
0.00637255
0.00637059
0.00635849
0.00632876
0.00630726
0.0062956
0.00628534
0.00627278
0.00626367
0.00625736
0.00625347
0.00625111
0.00624798
0.00623942
0.00622009
0.00620484
0.0061847
0.00617481
0.00616011
0.00615306
0.00613774
0.00612783
0.00610959
0.00609884
0.00608206
0.00607372
0.00605928
0.00605298
0.00604037
0.00603595
0.00602432
0.00602026
0.00600501
0.00601318
0.0159293
0.0159274
0.0159255
0.0159239
0.0159217
0.0159205
0.0159181
0.0159173
0.0159148
0.0159141
0.0159116
0.0159111
0.0159085
0.0159081
0.0159056
0.0159052
0.0159029
0.0159025
0.0159003
0.0158998
0.0158978
0.0158972
0.0158954
0.0158956
0.0158941
0.0158977
0.00831331
0.0029094
0.00104977
0.000547266
0.000348301
0.0002646
0.000255855
0.000274671
0.000321399
0.000436732
0.000707184
0.000980592
0.00163102
0.00296681
0.00279388
0.0050912
0.00661001
0.00656599
0.00654863
0.00653276
0.00650981
0.00648965
0.00646103
0.00641849
0.00639035
0.00636631
0.00634938
0.00633595
0.00632593
0.00631983
0.00631747
0.00631797
0.00632043
0.00631872
0.00630455
0.00628067
0.0062561
0.00623113
0.00621003
0.00619688
0.00619018
0.00618249
0.00616963
0.00615552
0.00614635
0.00613655
0.00612445
0.00610848
0.006091
0.00607362
0.00605492
0.00603629
0.00602197
0.00600991
0.00600091
0.00599615
0.00599634
0.00599639
0.00599333
0.00598713
0.00598076
0.005975
0.00596218
0.00594507
0.00593125
0.00592379
0.00591688
0.00590962
0.0058993
0.00589438
0.00588906
0.00588739
0.00588139
0.00587912
0.0058728
0.0058691
0.00586047
0.00585555
0.00584611
0.00584134
0.00583204
0.00582724
0.0058142
0.00582267
0.0159284
0.0159273
0.0159245
0.0159235
0.0159208
0.0159199
0.0159172
0.0159164
0.0159138
0.0159128
0.0159106
0.0159094
0.0159076
0.0159061
0.0159048
0.015903
0.015902
0.0159001
0.0158992
0.0158974
0.0158968
0.0158952
0.0158969
0.0129701
0.00412359
0.0013651
0.000596606
0.000352238
0.000233455
0.000235224
0.000248712
0.000284749
0.000398109
0.000638132
0.0009075
0.00213746
0.0031956
0.00485371
0.00628194
0.00627468
0.00629647
0.00633461
0.00636566
0.00637539
0.00635561
0.00631923
0.00627437
0.00624447
0.00623163
0.0062258
0.00622341
0.00621527
0.00618646
0.006158
0.00613432
0.00611355
0.00609497
0.00607806
0.00605859
0.00603382
0.00600723
0.00598483
0.00596925
0.00595732
0.00594246
0.00592512
0.00590605
0.00588531
0.0058642
0.00584519
0.00583382
0.00583447
0.00583935
0.00584064
0.00583526
0.00582392
0.00581004
0.00579694
0.00578656
0.0057791
0.00577419
0.00577199
0.00577202
0.00577244
0.00577394
0.00577781
0.00577723
0.00577336
0.00576731
0.00575916
0.00574705
0.00573017
0.00571485
0.00570406
0.00569033
0.00567902
0.00566801
0.00566265
0.00565712
0.00565408
0.00564762
0.00564565
0.00564055
0.00563871
0.00563171
0.00562747
0.00561845
0.00561219
0.00559206
0.00559898
0.0159281
0.015927
0.0159243
0.0159231
0.0159207
0.0159192
0.0159171
0.0159154
0.0159138
0.0159117
0.0159105
0.0159081
0.0159073
0.0159047
0.0159042
0.0159015
0.0159013
0.0158982
0.0158989
0.0158955
0.0158995
0.00833186
0.00246624
0.000803596
0.000384302
0.000222543
0.000220461
0.000204724
0.000252098
0.000399554
0.000662428
0.0011388
0.00171623
0.00244332
0.00523278
0.00614948
0.00616322
0.00617151
0.00618558
0.00623531
0.00621788
0.00616624
0.00611924
0.00606094
0.00601297
0.00598606
0.00596898
0.00595697
0.00595543
0.00595673
0.00595389
0.00594099
0.00591724
0.00588956
0.00586439
0.00584646
0.00583282
0.00582443
0.00582927
0.00583427
0.00583129
0.00582451
0.00581545
0.00580511
0.00579256
0.00577416
0.00574843
0.00572513
0.00570402
0.0056833
0.00566247
0.00564136
0.00562034
0.00560261
0.00559293
0.00558379
0.00557418
0.00556419
0.00555644
0.00555203
0.00555131
0.00555088
0.00554972
0.00554823
0.00554664
0.00554303
0.00553595
0.00552467
0.00551205
0.00550128
0.00549392
0.00548851
0.00547983
0.00547162
0.00546786
0.00546933
0.00547131
0.00547517
0.00547682
0.00547651
0.00547104
0.00546671
0.00546035
0.00545687
0.00544955
0.0054424
0.00542701
0.00541721
0.00539564
0.00540603
0.0159282
0.0159265
0.0159244
0.0159224
0.0159208
0.0159185
0.0159172
0.0159146
0.0159137
0.015911
0.0159103
0.0159075
0.0159071
0.0159041
0.0159041
0.0159006
0.0159012
0.0158978
0.0159014
0.00672869
0.00174379
0.000548107
0.000301861
0.000205606
0.000196875
0.000251829
0.000342505
0.000501145
0.0011053
0.00147724
0.00297054
0.00594473
0.00592586
0.00592078
0.00590683
0.00589473
0.00586998
0.00585499
0.00584704
0.00583475
0.00581835
0.0058166
0.00581829
0.00582382
0.00582083
0.00580351
0.0057922
0.00579649
0.00580084
0.00580035
0.0057971
0.00578901
0.00576911
0.00574126
0.00570493
0.00567234
0.00564729
0.0056422
0.00564039
0.00563479
0.00562557
0.00561595
0.00560747
0.00559958
0.00558268
0.0055477
0.00550785
0.00547304
0.00544483
0.00542266
0.00540607
0.00539281
0.00538187
0.00537857
0.00539174
0.00540568
0.0054149
0.00541804
0.00541522
0.00540793
0.00539898
0.00539185
0.0053871
0.00538162
0.00537222
0.00536281
0.00535362
0.00534331
0.005331
0.00531665
0.00530364
0.00529419
0.00528839
0.00528644
0.0052883
0.00528987
0.00528886
0.00528708
0.00528406
0.00528214
0.00527698
0.0052717
0.00526143
0.00524757
0.00523134
0.00521887
0.00519994
0.00518719
0.0051618
0.00517346
0.0159284
0.0159261
0.0159246
0.015922
0.0159208
0.0159181
0.0159171
0.0159144
0.0159135
0.0159107
0.0159102
0.0159069
0.0159069
0.0159033
0.0159036
0.0158999
0.0159037
0.00673976
0.0015325
0.000474935
0.000244626
0.000162773
0.000191521
0.000221473
0.000308793
0.000707921
0.0011733
0.00429636
0.00578853
0.00431481
0.00577714
0.00582641
0.00581955
0.00582701
0.00585486
0.00584764
0.0058284
0.00580427
0.00574697
0.00568478
0.00563758
0.00560194
0.00558721
0.00560326
0.00561469
0.00561069
0.00559484
0.00557789
0.0055641
0.00554394
0.00551834
0.00550163
0.00548819
0.00546536
0.00544232
0.00543606
0.00545802
0.00547719
0.00548589
0.00548647
0.00548152
0.00547395
0.00546444
0.00544842
0.00540887
0.0053672
0.0053299
0.00529844
0.00527154
0.00524925
0.0052294
0.00521268
0.00520458
0.00521783
0.00523465
0.00524554
0.00524969
0.00524831
0.00524302
0.00523606
0.00522791
0.00522005
0.00521032
0.00519422
0.0051756
0.00515842
0.0051423
0.00512707
0.0051126
0.0050994
0.0050888
0.00508008
0.00507711
0.00508131
0.00508406
0.00508437
0.0050842
0.00508421
0.00508309
0.00508135
0.00507624
0.00507093
0.00505743
0.00504198
0.00502436
0.00501073
0.00499063
0.00497879
0.0049551
0.00496966
0.0159285
0.015926
0.0159246
0.0159219
0.0159209
0.015918
0.0159171
0.0159141
0.0159136
0.0159102
0.0159101
0.0159065
0.015907
0.0159032
0.0159056
0.00850402
0.0017012
0.00047515
0.000214462
0.000175357
0.000196014
0.000254545
0.000428894
0.000857472
0.00149179
0.00183972
0.00324225
0.00477361
0.0056682
0.00561021
0.00559079
0.00558843
0.00558911
0.00559003
0.00557784
0.00554299
0.00549325
0.00545745
0.00542031
0.00538148
0.00536344
0.00538668
0.00542874
0.00546393
0.00548625
0.00549045
0.00547955
0.00546552
0.00545053
0.00542241
0.00539413
0.00537212
0.00535032
0.00532699
0.00530952
0.00531748
0.00532917
0.00532876
0.00531903
0.00530519
0.00529113
0.00528011
0.00526
0.00521635
0.00516862
0.00512896
0.005095
0.0050676
0.005045
0.00502644
0.005011
0.00500393
0.00501734
0.00504384
0.00506398
0.00507866
0.00508595
0.00508791
0.00508387
0.00507704
0.00506728
0.00505562
0.00503678
0.00501178
0.00498729
0.00496497
0.00494424
0.00492637
0.00490994
0.00489467
0.00488154
0.00487083
0.00486355
0.00486073
0.00486168
0.00486078
0.0048579
0.00485478
0.00485105
0.00484752
0.0048416
0.00483351
0.00481789
0.00480346
0.00478448
0.00477075
0.00475001
0.00473949
0.00471563
0.00473261
0.0159286
0.0159258
0.0159248
0.0159217
0.0159209
0.0159178
0.0159172
0.0159139
0.0159136
0.01591
0.0159103
0.0159066
0.0159073
0.013782
0.00253718
0.000519444
0.000277153
0.000160867
0.000164297
0.000207913
0.00038183
0.00127727
0.00180328
0.00539635
0.00257962
0.00420066
0.00530816
0.00536711
0.00546495
0.00554181
0.00557898
0.00557601
0.00556098
0.00552263
0.00543118
0.00536649
0.00533683
0.00532108
0.00529605
0.00525758
0.00525779
0.00529342
0.00531771
0.00532762
0.00532515
0.0053167
0.00530748
0.00529429
0.00526973
0.00524107
0.0052132
0.00518946
0.00516804
0.00515112
0.00514001
0.00514489
0.00514744
0.00514452
0.00513625
0.0051258
0.0051143
0.00510196
0.00507568
0.00503359
0.00499478
0.00496266
0.00493583
0.00491412
0.00489589
0.00487835
0.00486381
0.00485649
0.0048668
0.00487992
0.00488595
0.00488638
0.00488092
0.0048739
0.00486414
0.00485575
0.00484087
0.00481643
0.00478181
0.00474933
0.00471737
0.00468917
0.00466351
0.00464227
0.00462436
0.00460968
0.00459804
0.00458901
0.00458435
0.00458722
0.00459232
0.00459461
0.00459471
0.00459201
0.00458879
0.00458407
0.004579
0.00457137
0.0045594
0.00454471
0.00452505
0.0045125
0.00449046
0.00448033
0.00445777
0.00448449
0.0159288
0.0159256
0.0159249
0.0159216
0.0159209
0.0159178
0.0159171
0.015914
0.0159132
0.0159107
0.0159089
0.0159099
0.00583463
0.00084001
0.000253682
0.0001411
0.000132275
0.000185463
0.000383987
0.000748876
0.00112025
0.00230912
0.00320849
0.00543957
0.00544892
0.00548087
0.00547952
0.00546216
0.00544254
0.00542649
0.00540205
0.00536653
0.00531403
0.00525851
0.0052153
0.00518101
0.00515668
0.00513445
0.00510817
0.00509133
0.0051064
0.00515642
0.00519201
0.00520895
0.00521251
0.00520562
0.00519317
0.00517106
0.00512729
0.00507735
0.00503677
0.00500546
0.00498055
0.00495876
0.0049358
0.00491474
0.00490287
0.00489869
0.00489251
0.00488339
0.00487139
0.0048581
0.00483843
0.00480785
0.00477668
0.00475014
0.0047268
0.00470763
0.004692
0.00467654
0.00466409
0.00465611
0.00465899
0.0046609
0.00465806
0.00465108
0.00464065
0.00463039
0.0046173
0.00460163
0.00457185
0.00453637
0.00449925
0.00446543
0.00443268
0.00440447
0.00437947
0.00435909
0.00434204
0.00432821
0.00431684
0.00430862
0.00430737
0.0043127
0.00431669
0.0043172
0.00431546
0.00431276
0.00430891
0.00430343
0.00429528
0.00428485
0.00426855
0.00425255
0.00423224
0.00421863
0.00419574
0.00418496
0.00416
0.0041914
0.0159288
0.0159256
0.0159248
0.0159217
0.0159208
0.0159179
0.0159168
0.0159143
0.0159129
0.0159112
0.0159134
0.00258421
0.000430455
0.000161277
0.000156073
0.00018782
0.000280455
0.000787325
0.0022809
0.00272328
0.00323178
0.00518728
0.00514354
0.00512925
0.00512575
0.00513448
0.00517076
0.00520048
0.00521974
0.00522335
0.00521701
0.00520358
0.00517092
0.00511349
0.00506749
0.00502973
0.00499858
0.00497515
0.00495497
0.00493834
0.00494994
0.0049915
0.00501792
0.0050253
0.00502013
0.00500718
0.00498923
0.00495037
0.00487356
0.00479958
0.00474162
0.00469723
0.00466573
0.00464173
0.0046217
0.00460475
0.00459768
0.00460923
0.00462112
0.00462771
0.00462907
0.00462443
0.00461533
0.00460309
0.0045892
0.0045726
0.0045533
0.00453505
0.0045183
0.00450113
0.00448525
0.00446812
0.00445171
0.00443411
0.00441677
0.0043995
0.00438225
0.00435942
0.00432821
0.00429353
0.00425704
0.00422282
0.00418858
0.00415808
0.00412872
0.0041039
0.00408156
0.00406452
0.00404983
0.00403858
0.00402896
0.00402455
0.00402765
0.00403187
0.00403358
0.00403197
0.00402776
0.00402243
0.00401578
0.00400737
0.00399308
0.0039806
0.00395987
0.00394339
0.00391975
0.00390549
0.0038808
0.00386901
0.00383967
0.00388483
0.0159288
0.0159257
0.0159248
0.0159217
0.0159208
0.0159179
0.015917
0.0159139
0.0159138
0.0130063
0.00154983
0.00021423
0.000147753
0.000113798
0.000201851
0.000620498
0.00279435
0.00516385
0.005241
0.00531144
0.00535167
0.00529755
0.00518587
0.00504424
0.00498053
0.00495789
0.00493462
0.00498686
0.0050447
0.0050491
0.00503159
0.00499665
0.00491406
0.00482009
0.00475649
0.00471213
0.00467902
0.00465193
0.00463372
0.00463083
0.00466998
0.0047122
0.00473798
0.00474559
0.00474144
0.00472965
0.00470969
0.0046653
0.00459133
0.00452207
0.0044663
0.00442354
0.00439427
0.00437136
0.00435419
0.00433892
0.00433239
0.00434689
0.00437097
0.00438822
0.00439979
0.00440355
0.00440157
0.00439332
0.00438224
0.00436857
0.00435447
0.00433876
0.00432239
0.00430141
0.00427605
0.00424794
0.00422011
0.00419122
0.00416079
0.00412607
0.00408917
0.00405002
0.00401134
0.00397377
0.00393886
0.00390646
0.00387641
0.00384906
0.00382397
0.00380182
0.00378267
0.00376761
0.00375453
0.00374474
0.00373588
0.00373189
0.00372892
0.00372419
0.00371816
0.00371129
0.00370028
0.00368836
0.00367077
0.00365529
0.00363191
0.00361226
0.00358611
0.00356747
0.00354154
0.00352488
0.00349957
0.00348657
0.00345389
0.00350265
0.0159288
0.0159257
0.0159247
0.0159218
0.0159206
0.0159182
0.0159164
0.0159157
0.00918856
0.000943563
0.00017374
0.000128248
0.00016294
0.000329988
0.000524467
0.00105187
0.00262782
0.00512022
0.00519954
0.00516772
0.00504221
0.00480992
0.00467517
0.00461065
0.00457827
0.004553
0.00454841
0.00462659
0.00473234
0.00478038
0.00478952
0.0047778
0.00475646
0.00469829
0.00461927
0.00456283
0.00452555
0.00449726
0.00447831
0.00448013
0.00451345
0.00453053
0.0045312
0.00451988
0.00450609
0.00448007
0.00442608
0.00434876
0.00428257
0.00422689
0.00418526
0.00415432
0.00413371
0.00411601
0.00410305
0.00409014
0.00408352
0.004092
0.0041122
0.00412921
0.00414343
0.00415165
0.00415579
0.00415344
0.00414722
0.00413554
0.00412231
0.00410581
0.00408911
0.00406713
0.00403654
0.00398833
0.00393596
0.00388327
0.00383058
0.00378021
0.00373226
0.00368824
0.00364754
0.00361141
0.00357852
0.00354909
0.0035218
0.00349749
0.00347461
0.00345423
0.00343539
0.00342
0.00340572
0.00339434
0.00338211
0.00337214
0.00335957
0.0033497
0.00333321
0.00332029
0.00329814
0.00328261
0.00325516
0.0032381
0.00320933
0.00319352
0.00316708
0.00315168
0.00312626
0.00311097
0.003085
0.00306852
0.00303181
0.00310783
0.0159288
0.0159258
0.0159246
0.015922
0.0159206
0.015918
0.0159177
0.00947534
0.000722305
0.000144144
0.000106172
0.00014555
0.000329389
0.00150646
0.00217667
0.00453934
0.00475051
0.0048393
0.00484976
0.0048318
0.00471863
0.00457361
0.00448558
0.00442858
0.0043908
0.00436393
0.00435871
0.00442145
0.00453308
0.00458812
0.00459945
0.0045867
0.00456919
0.00452203
0.00443833
0.00437646
0.00433387
0.00430304
0.00428286
0.00427866
0.00428879
0.00428656
0.00427994
0.00426433
0.00423437
0.0041771
0.00412119
0.00407209
0.00403186
0.00399733
0.00397159
0.00395153
0.00393784
0.00392267
0.00390745
0.00388879
0.00387121
0.00385399
0.00383957
0.00383191
0.00383374
0.0038327
0.0038309
0.00382484
0.0038156
0.00380164
0.00378635
0.00376786
0.00374772
0.00371912
0.00367304
0.00360671
0.00353659
0.00347363
0.0034121
0.00336079
0.00331136
0.00327117
0.00323243
0.00320187
0.00317167
0.00314764
0.00312227
0.00310197
0.00307938
0.0030616
0.00304268
0.00302908
0.00301191
0.00300026
0.00298276
0.00297224
0.00294902
0.00293584
0.00290622
0.00288911
0.00285225
0.00283295
0.00279351
0.00277509
0.0027382
0.00272094
0.00268578
0.00266888
0.00263399
0.00261682
0.00258065
0.00256128
0.00250999
0.00261426
0.0159287
0.0159259
0.0159245
0.0159222
0.0159202
0.0159193
0.0100366
0.000762162
0.000127261
0.000102378
0.000187139
0.00040467
0.00094362
0.00251878
0.00482044
0.00481112
0.00477773
0.0047308
0.0046831
0.00459784
0.00445327
0.00432623
0.00424501
0.00420239
0.00417941
0.00416321
0.00416376
0.00421081
0.00427018
0.00430166
0.0043095
0.00429844
0.0042854
0.00425837
0.0042072
0.00416204
0.00412711
0.00409676
0.00407401
0.00405489
0.00404115
0.00402429
0.00399453
0.00393845
0.00388321
0.00383345
0.0037917
0.00375694
0.00372858
0.00370289
0.00368331
0.00366711
0.00365474
0.00363925
0.0036183
0.00358573
0.00355403
0.00352408
0.00349871
0.00347725
0.00346096
0.0034455
0.00343431
0.00342398
0.00341125
0.00339424
0.00337676
0.00335456
0.00332666
0.00328495
0.00321644
0.0031517
0.00308132
0.00302589
0.00296737
0.00292662
0.0028832
0.00285421
0.00282036
0.00279979
0.00277171
0.00275368
0.00272708
0.00270991
0.00268313
0.00266532
0.00263636
0.00262012
0.00258646
0.00256798
0.00252926
0.00250846
0.0024651
0.00244237
0.00239581
0.00237243
0.00232545
0.00230357
0.00226085
0.0022415
0.00220331
0.0021856
0.00215032
0.00213296
0.00209792
0.00207972
0.00204261
0.0020232
0.00197742
0.00206979
0.0159286
0.0159261
0.0159245
0.0159221
0.0159208
0.0159251
0.000818855
0.000119764
9.68386e-05
0.00020681
0.0010452
0.00124656
0.00403792
0.00410469
0.00430698
0.00445927
0.0045
0.00448548
0.00443176
0.00428647
0.00417411
0.00412414
0.00411181
0.00410308
0.00409722
0.00409396
0.00411013
0.0041251
0.00412922
0.0041149
0.00409687
0.00407381
0.00404102
0.003983
0.00392906
0.00388245
0.00384609
0.00381365
0.00378715
0.00376094
0.00373133
0.00367617
0.00360637
0.00354286
0.00349208
0.00345014
0.0034154
0.00338585
0.00336026
0.00333774
0.00331811
0.00329905
0.00328061
0.00325467
0.00321725
0.00317688
0.00313907
0.00310431
0.00307419
0.00304871
0.00302697
0.00300826
0.00299037
0.00297361
0.00295647
0.00293693
0.00291446
0.00288874
0.00284737
0.00280724
0.00274395
0.00270121
0.00264082
0.00260465
0.00255254
0.00252567
0.00248145
0.00246035
0.00242071
0.00240191
0.00236378
0.00234507
0.00230691
0.00228714
0.00224621
0.00222389
0.0021775
0.00215288
0.00210327
0.00207735
0.00202552
0.00199901
0.00194805
0.00192403
0.00187968
0.0018604
0.00182644
0.00181261
0.00178814
0.00177767
0.00175928
0.00175139
0.00173811
0.00173213
0.00172275
0.00171839
0.0017128
0.00171089
0.00171559
0.00170347
0.0159286
0.0159259
0.0159248
0.0159212
0.0159248
0.00142573
0.000127822
9.09393e-05
0.000153286
0.000534733
0.00227957
0.0038828
0.0039061
0.00411671
0.00425559
0.00426479
0.00421904
0.00404549
0.00389759
0.00384741
0.00383106
0.00382926
0.00389551
0.00395179
0.00398126
0.00398235
0.00396457
0.00393551
0.00391
0.00388137
0.00384927
0.00379423
0.00372985
0.0036652
0.00360755
0.00355855
0.00352133
0.00348938
0.00345893
0.00342135
0.00336654
0.00329019
0.00321321
0.00314178
0.00308372
0.00303753
0.00299877
0.00296617
0.00293653
0.00291134
0.00288233
0.0028514
0.00281287
0.00277311
0.00272979
0.00269163
0.00265598
0.00262645
0.00260077
0.00258248
0.00256557
0.00255411
0.00254089
0.0025301
0.00251328
0.00249595
0.00246686
0.00244133
0.00239054
0.00235755
0.00229723
0.00226379
0.00220095
0.00217125
0.00211885
0.00209481
0.00204952
0.00202734
0.00198564
0.00196462
0.00192438
0.00190278
0.00186048
0.0018366
0.00179092
0.00176658
0.00172308
0.00170205
0.00166747
0.00164976
0.00162404
0.00160703
0.00159872
0.00158796
0.00159584
0.00159365
0.00161171
0.00161765
0.00164239
0.00165265
0.0016826
0.00169867
0.0017362
0.00175708
0.00180434
0.00183127
0.00189142
0.00192561
0.00202638
0.00184749
0.0159286
0.0159259
0.0159246
0.0159235
0.003034
0.000181746
8.09588e-05
0.000190188
0.000573014
0.00155756
0.00318384
0.00391999
0.00391661
0.00400994
0.0040614
0.00405763
0.0040225
0.00386473
0.00367327
0.00358668
0.00355423
0.00353287
0.00354661
0.00358273
0.0035892
0.0035719
0.00354591
0.00350806
0.00346887
0.00342534
0.00337565
0.00331273
0.00324809
0.00318325
0.00312556
0.00307675
0.00304193
0.00301005
0.0029746
0.00292618
0.00286883
0.00280854
0.00274899
0.00269323
0.0026469
0.00260843
0.00257625
0.00254937
0.00252026
0.00249048
0.00245391
0.00242312
0.00238607
0.00235383
0.00231908
0.00228931
0.00225898
0.00223536
0.00221108
0.00219544
0.00217358
0.00216141
0.0021373
0.00212217
0.00209048
0.00206913
0.00202565
0.00199486
0.0019371
0.00190073
0.00184644
0.00180133
0.0017568
0.00171549
0.00168561
0.00165053
0.00163268
0.00160138
0.00159228
0.00156539
0.00156258
0.00153816
0.00153654
0.0015117
0.00152186
0.00149912
0.00152774
0.00151366
0.00156112
0.00155466
0.00162291
0.00162649
0.00171483
0.00172834
0.00182829
0.00184992
0.00195374
0.00198148
0.00208751
0.00212078
0.00223206
0.00227453
0.00239644
0.00245088
0.00258901
0.00265815
0.00281376
0.00289658
0.00311737
0.00278985
0.0159287
0.0159257
0.0159251
0.0114756
0.000335183
8.08871e-05
0.000107904
0.000462737
0.00130971
0.0041406
0.00389354
0.00377203
0.00374124
0.00373456
0.00377007
0.00374863
0.00369891
0.00352969
0.00332176
0.00320626
0.00314319
0.00310099
0.00307016
0.00304386
0.00301389
0.00296943
0.00292839
0.00288943
0.00285798
0.00282512
0.00279191
0.00274791
0.00270127
0.00265337
0.00261365
0.00257683
0.00254844
0.00251779
0.00248542
0.00244709
0.00240542
0.00236441
0.00232692
0.00229369
0.00226819
0.00224525
0.00222677
0.00220835
0.00218635
0.00216314
0.00213232
0.00210989
0.00207584
0.0020432
0.00200522
0.00196519
0.001926
0.00188885
0.0018622
0.00182883
0.00180836
0.00177563
0.0017522
0.00171257
0.0016835
0.00163558
0.00160554
0.00155171
0.0015294
0.00148241
0.00147119
0.0014259
0.00143516
0.00140039
0.00142892
0.0014049
0.00144711
0.00143081
0.00148388
0.00147539
0.00153925
0.00153694
0.00161545
0.00162294
0.00172604
0.00174631
0.00187238
0.00191077
0.00205053
0.00211462
0.00226785
0.00235163
0.00251327
0.00260447
0.00276652
0.00285572
0.00301569
0.00309977
0.00325818
0.00334298
0.00351057
0.00359785
0.00378343
0.00388002
0.00408413
0.00418696
0.0044
0.00450656
0.00477918
0.00432077
0.015929
0.0159248
0.0159283
0.00113219
8.85296e-05
8.79109e-05
0.000267016
0.000807885
0.00386868
0.00372721
0.00357361
0.00343892
0.00333817
0.00322675
0.00311026
0.00298006
0.00285687
0.00276169
0.00270607
0.00267521
0.00265194
0.00262576
0.00259948
0.00255797
0.00249937
0.00244141
0.00239414
0.00235459
0.00232618
0.00230332
0.00228822
0.0022729
0.00225867
0.00224117
0.0022229
0.00220242
0.00218468
0.00216736
0.00215182
0.00213467
0.00210925
0.00208322
0.00205683
0.00203062
0.00200883
0.00198513
0.00196698
0.00194223
0.00191435
0.00188189
0.0018481
0.00181411
0.0017736
0.00172052
0.0016734
0.00160743
0.00156791
0.0015102
0.00149057
0.00144453
0.00143695
0.00139546
0.00139393
0.00135216
0.00136141
0.00132338
0.00134822
0.0013208
0.00136425
0.00135204
0.00140968
0.00142837
0.00149828
0.00153741
0.00161901
0.00167126
0.00176449
0.00182779
0.00193082
0.00200325
0.00212028
0.00220827
0.00235516
0.00246505
0.00263719
0.00276682
0.00295295
0.0030917
0.0032862
0.00343609
0.00363478
0.00378707
0.00398095
0.00412103
0.0043007
0.00442389
0.00459171
0.00470121
0.00486227
0.00496804
0.00513485
0.0052386
0.00541309
0.00548704
0.00565803
0.00573151
0.00591111
0.00598552
0.00628869
0.00534605
0.0159287
0.0159264
0.00636775
0.000181935
6.53991e-05
0.000229861
0.00307097
0.00272459
0.00274225
0.00250816
0.00240285
0.00237687
0.00237996
0.00238702
0.00237085
0.00234671
0.00231322
0.00228108
0.00225908
0.00224127
0.00223545
0.00223097
0.00222016
0.00220334
0.00218577
0.00216395
0.002139
0.00211459
0.00209629
0.00208083
0.00207201
0.00206429
0.00205746
0.00204513
0.00202864
0.00200952
0.00199284
0.00197343
0.00195622
0.00193579
0.00190286
0.00186064
0.00182077
0.00177608
0.00174698
0.001709
0.00168243
0.00163336
0.00159349
0.00153179
0.0014934
0.00142917
0.00139506
0.00133078
0.00130432
0.00126095
0.0012535
0.00123456
0.00124147
0.0012403
0.0012593
0.00127097
0.00130871
0.00133959
0.00140214
0.00145741
0.00154501
0.00162559
0.00173309
0.00183007
0.00196147
0.00208432
0.00223005
0.00236597
0.00251722
0.00265644
0.00281201
0.00295343
0.00311367
0.00326004
0.00343129
0.00359035
0.00378232
0.00395219
0.00415655
0.00432881
0.0045311
0.00469442
0.00488965
0.00504723
0.00523412
0.00538252
0.00554039
0.00562194
0.00573284
0.00580228
0.00590969
0.00597409
0.00608161
0.00615062
0.00627115
0.00634449
0.0064848
0.00656494
0.00672876
0.00680831
0.00697622
0.00704393
0.00728036
0.00635385
0.0159277
0.0159309
0.00075412
6.55807e-05
0.000131531
0.000820114
0.00125616
0.00208293
0.00214104
0.0021428
0.00215151
0.00217663
0.00220853
0.00222201
0.00220903
0.00218749
0.00216643
0.00214656
0.00213068
0.00211618
0.00210635
0.00209548
0.00208278
0.00206881
0.00205224
0.00203151
0.00200883
0.00198516
0.00196552
0.00195011
0.00194119
0.0019302
0.00191032
0.0018842
0.00185241
0.00181711
0.00178609
0.00175012
0.00171225
0.00165927
0.00159592
0.00151935
0.00146585
0.00140255
0.00136382
0.00132005
0.00128716
0.00124411
0.00121751
0.00118127
0.00116641
0.00114581
0.00115441
0.00116446
0.00120334
0.00124799
0.00131373
0.00137733
0.00145178
0.00152867
0.00161916
0.00171747
0.00183729
0.00196939
0.00212608
0.00229031
0.00247389
0.00265639
0.00285
0.00303687
0.00323848
0.00342905
0.00362618
0.0038087
0.00399053
0.00415786
0.00432861
0.00448506
0.00465091
0.00480606
0.00497634
0.00513199
0.00528728
0.00542829
0.00558891
0.00572552
0.00587666
0.00599753
0.00613736
0.00624647
0.00637319
0.00646629
0.00657405
0.00665116
0.00675103
0.00681866
0.00691658
0.00698092
0.00707837
0.00714644
0.00725532
0.00732667
0.00745091
0.00752448
0.00766296
0.00773037
0.00786995
0.00792286
0.00805942
0.00726978
0.0159288
0.00737526
0.000162505
6.09479e-05
0.000279234
0.00110981
0.00267843
0.00248938
0.00235191
0.00226876
0.00223799
0.00221246
0.00219462
0.00217505
0.00214928
0.00211504
0.00208691
0.00206623
0.00205123
0.00203117
0.0020085
0.00198869
0.00196845
0.00195119
0.00192636
0.00188905
0.00185521
0.00181615
0.00178027
0.0017549
0.0017361
0.00170468
0.00165266
0.00159758
0.0015413
0.0014807
0.00142532
0.00136306
0.00130406
0.00122825
0.00117497
0.00111963
0.00109277
0.00107058
0.00106383
0.0010598
0.00106391
0.0010808
0.00111502
0.00116037
0.00122931
0.00131287
0.0014246
0.00155388
0.0017063
0.00186586
0.00203642
0.00220095
0.00236876
0.00253614
0.00271205
0.00289354
0.00308943
0.00329262
0.00350855
0.00372379
0.00394352
0.00415194
0.00435908
0.00455263
0.00474933
0.00493129
0.0051009
0.00522572
0.00534615
0.00546031
0.00557706
0.00568482
0.00580278
0.00592234
0.00605536
0.00618663
0.00633258
0.00646738
0.0066133
0.0067376
0.00686812
0.00697371
0.00709051
0.0071828
0.00728531
0.00736095
0.00744561
0.00750829
0.00758788
0.00764446
0.00772384
0.00777796
0.00785728
0.00791429
0.0080014
0.00805786
0.0081558
0.00821274
0.00832058
0.00836767
0.00847279
0.00850584
0.00853574
0.0082949
0.0159316
0.0011524
5.63585e-05
0.000158628
0.000839501
0.00189695
0.0019513
0.00195052
0.00195074
0.00196841
0.00198127
0.00197409
0.00194769
0.00192589
0.00190284
0.00188836
0.00187831
0.00186714
0.00186136
0.0018465
0.00182479
0.0018034
0.00177612
0.00175638
0.00172228
0.00166074
0.00159962
0.00153163
0.00147627
0.0014285
0.00138422
0.00131554
0.00124691
0.00117225
0.00111486
0.00106428
0.00102574
0.000987291
0.000961513
0.000945609
0.00095986
0.000993343
0.00105081
0.00111763
0.00119401
0.00127528
0.0013687
0.0014839
0.00162345
0.00178789
0.00198119
0.00219369
0.00242721
0.00266927
0.00291583
0.00315314
0.00338353
0.0035953
0.00379811
0.00399105
0.0041811
0.00436862
0.00456159
0.00475568
0.00495503
0.00512959
0.00529303
0.00544476
0.00559234
0.00572558
0.00585954
0.005982
0.0061049
0.00621653
0.00632501
0.00642924
0.00653274
0.00662905
0.00673498
0.00684173
0.00695725
0.00706976
0.0071905
0.00729972
0.00741377
0.00750884
0.00760521
0.00768246
0.00776679
0.00783346
0.00790653
0.00796057
0.00802023
0.0080652
0.00812177
0.00816278
0.00822008
0.0082596
0.00831752
0.00835907
0.00842175
0.00846039
0.00853004
0.00856663
0.0086418
0.0086677
0.00874134
0.0087582
0.00870256
0.00925317
0.0159421
0.000203596
5.25889e-05
0.000379814
0.00226966
0.00210394
0.0020375
0.00198048
0.00195186
0.00194627
0.00193487
0.00190745
0.00186665
0.00182309
0.00179409
0.0017714
0.00175213
0.00172238
0.00169748
0.00166052
0.00160987
0.00156424
0.00151625
0.00147808
0.00141172
0.00131419
0.00120983
0.00112369
0.00106527
0.00100989
0.000956207
0.00090855
0.00088125
0.000865335
0.000867891
0.000883682
0.000915492
0.000963314
0.00103865
0.00114479
0.00128676
0.00145205
0.00163395
0.00182064
0.00200924
0.00219712
0.00239219
0.00260352
0.00283134
0.00307443
0.00333077
0.00358876
0.0038488
0.00410095
0.00434202
0.00456502
0.00477397
0.00496108
0.00512125
0.00525985
0.00539721
0.0055316
0.00567016
0.00581026
0.00595571
0.00609735
0.00623855
0.00636665
0.00648962
0.00659787
0.00670446
0.0068002
0.00689508
0.00697918
0.00706205
0.00714195
0.00721981
0.00729233
0.00737444
0.00745624
0.00754363
0.00762653
0.00770768
0.0077679
0.00783381
0.00788826
0.00794794
0.00799566
0.00804952
0.00809273
0.00813996
0.00817751
0.00821791
0.00824901
0.00828359
0.00831067
0.00834285
0.00836772
0.00839982
0.00842374
0.00845679
0.00848034
0.00851496
0.00853899
0.00857804
0.00860095
0.00864376
0.00866436
0.00860083
0.00922298
0.00315052
6.97795e-05
0.000149926
0.000579974
0.00149726
0.00161983
0.00170548
0.00133335
0.00176557
0.0017622
0.00175036
0.00172309
0.00168575
0.00163478
0.00159977
0.0015617
0.00151169
0.00144036
0.00138016
0.00129665
0.00121799
0.00114253
0.00109062
0.00101002
0.000914589
0.000864983
0.000806092
0.000776414
0.000768948
0.000761436
0.000770197
0.000811363
0.000890414
0.000987994
0.00110735
0.00124356
0.00140419
0.00159244
0.00181161
0.0020576
0.00232388
0.00259251
0.00285616
0.00310336
0.00333607
0.00355502
0.00376858
0.00398644
0.00420779
0.00443309
0.00466142
0.00488304
0.00509817
0.00529994
0.0054657
0.00561577
0.00575674
0.00588488
0.00600986
0.00612507
0.00623829
0.00634584
0.00645453
0.00656205
0.00667246
0.00677172
0.00686638
0.00694909
0.0070312
0.00710113
0.00716888
0.00722824
0.00728594
0.00733275
0.00738296
0.00742524
0.00746916
0.0075084
0.00755274
0.00759075
0.00763308
0.00766835
0.00771055
0.00774584
0.00778586
0.00781754
0.00785361
0.00788099
0.0079132
0.00793766
0.00796459
0.00798507
0.00800675
0.00802245
0.00803961
0.0080529
0.00806854
0.00808078
0.00809678
0.00810862
0.00812526
0.00813741
0.00815482
0.00816853
0.00819012
0.00820408
0.00822997
0.00824247
0.00829961
0.00889284
0.000755204
5.26098e-05
0.000263263
0.000666387
0.0021164
0.00191222
0.00102386
0.000931347
0.00115997
0.00132676
0.00147205
0.00148547
0.001414
0.0013187
0.00125916
0.00118415
0.00109178
0.000998763
0.000910686
0.000824443
0.000760267
0.000719538
0.00068827
0.000647417
0.000634825
0.000656379
0.00071423
0.000795544
0.00089159
0.00100122
0.00114482
0.00132914
0.0015507
0.00178867
0.00204004
0.00229703
0.00256416
0.00283637
0.0031112
0.00338905
0.00366281
0.00392306
0.00416398
0.00438181
0.00458109
0.00476233
0.00493284
0.00510102
0.00526336
0.00542356
0.00557983
0.0057272
0.00586716
0.00599667
0.00611559
0.00622048
0.00631525
0.00639592
0.0064717
0.0065382
0.00660568
0.00666946
0.0067355
0.00679887
0.0068634
0.00692323
0.00698217
0.00703124
0.00708049
0.00711966
0.00715678
0.00718853
0.0072189
0.00724069
0.00726837
0.00728831
0.00731088
0.00733042
0.00735408
0.00737178
0.00739304
0.00740828
0.0074298
0.00744628
0.00746659
0.00748099
0.00749914
0.00751097
0.00752691
0.007537
0.00754882
0.00755638
0.00756433
0.00756834
0.00757287
0.00757559
0.00757928
0.00758175
0.0075861
0.00758872
0.00759347
0.00759713
0.00760225
0.00760857
0.00761742
0.007625
0.00763815
0.0076446
0.00769669
0.00833968
0.000183887
5.4701e-05
0.000214792
0.000885553
0.00189563
0.00170001
0.00153402
0.00138403
0.00125325
0.00115447
0.00103819
0.000953783
0.000888787
0.000810794
0.000752333
0.000691699
0.000624204
0.000574234
0.000535826
0.000528787
0.000538631
0.000566288
0.000602682
0.000671564
0.000798102
0.000977792
0.00119771
0.00143376
0.00168002
0.00193461
0.00220773
0.00248487
0.00277111
0.00305247
0.00332394
0.00358559
0.00383899
0.00408211
0.00431618
0.00453906
0.00474711
0.00493352
0.00509688
0.00523818
0.00536434
0.00547689
0.00558234
0.00568466
0.00578334
0.00587897
0.0059724
0.0060613
0.00614619
0.00622449
0.00629535
0.00635643
0.00641064
0.00645492
0.00649653
0.00653122
0.0065679
0.0066022
0.00663916
0.00667398
0.00670975
0.00674208
0.0067736
0.00679718
0.00682104
0.0068369
0.00685088
0.00686187
0.00687169
0.00687505
0.00688613
0.00688919
0.00689625
0.00690137
0.00690932
0.00691195
0.00691766
0.00691895
0.00692598
0.00692931
0.00693539
0.00693738
0.00694257
0.00694326
0.00694773
0.00694773
0.00694924
0.00694796
0.00694667
0.00694265
0.00693878
0.00693407
0.00692984
0.00692524
0.00692183
0.00691778
0.00691459
0.00691214
0.00690922
0.00691031
0.00691035
0.00691344
0.00691723
0.00691921
0.00695444
0.00752975
8.29412e-05
0.000119858
0.00039096
0.00111025
0.00120978
0.00105567
0.000951851
0.000837235
0.000738811
0.000665064
0.000585215
0.00053367
0.000490652
0.000465248
0.000442308
0.000430521
0.00043503
0.000470143
0.000540518
0.000648111
0.000774439
0.00092845
0.00111435
0.00135205
0.00163835
0.00195937
0.00229113
0.00260751
0.00290547
0.00318437
0.0034491
0.00370417
0.00394605
0.00416878
0.00437177
0.00455667
0.00472555
0.00487908
0.00502151
0.00515311
0.00527411
0.0053799
0.00547105
0.00555016
0.00562101
0.00568447
0.0057435
0.00579951
0.00585216
0.00590149
0.00594904
0.00599421
0.00603758
0.00607725
0.00611222
0.00614073
0.00616489
0.00618247
0.00619869
0.00621015
0.00622421
0.00623718
0.00625292
0.00626726
0.00628237
0.00629498
0.00630662
0.00631205
0.00631749
0.00631698
0.00631482
0.00631139
0.00630706
0.0062981
0.00629785
0.00628915
0.00628595
0.00628144
0.00627825
0.00627074
0.006266
0.00625863
0.00625627
0.00625114
0.00624769
0.00624167
0.00623842
0.00623213
0.00622949
0.00622336
0.00621864
0.00621204
0.00620514
0.00619616
0.00618722
0.00617775
0.0061687
0.00615939
0.00615125
0.00614269
0.00613467
0.006128
0.00612045
0.00611767
0.00611214
0.00611179
0.00610898
0.00610777
0.00612994
0.00650552
4.50901e-05
0.000260224
0.00101366
0.0012235
0.000859065
0.000661676
0.000547527
0.000477058
0.000426199
0.000387835
0.00036456
0.0003569
0.000372765
0.00041631
0.000463963
0.000547854
0.000675004
0.000864918
0.001097
0.00135493
0.00163091
0.00191459
0.002202
0.00250819
0.00282534
0.00314365
0.00344651
0.00371699
0.00394885
0.00414655
0.00431811
0.00447072
0.00460682
0.00472584
0.00483139
0.00492631
0.00501405
0.00509449
0.00516989
0.00523926
0.00530162
0.00535385
0.00539695
0.00543246
0.00546347
0.00549096
0.00551605
0.00553842
0.00555773
0.00557418
0.00558951
0.00560399
0.00561813
0.00563062
0.00564054
0.0056466
0.00565021
0.00564988
0.00564889
0.005645
0.00564399
0.00564301
0.00564469
0.00564568
0.00564724
0.00564693
0.00564541
0.00563915
0.00563251
0.00562172
0.00560969
0.00559742
0.00558465
0.00556878
0.00556166
0.00554597
0.00553708
0.00552711
0.00551681
0.00550361
0.00549302
0.00548148
0.0054738
0.00546395
0.00545506
0.00544487
0.00543714
0.00542743
0.00542115
0.00541198
0.005404
0.00539461
0.00538466
0.00537292
0.00536122
0.00534903
0.00533732
0.00532525
0.00531453
0.0053032
0.00529263
0.00528327
0.00527348
0.00526766
0.00525916
0.00525556
0.00524861
0.00524518
0.00525729
0.00544617
5.62676e-05
0.000167839
0.000855239
0.000487547
0.000383828
0.000334311
0.00031531
0.000310297
0.00032138
0.000353315
0.000423779
0.000503088
0.000620729
0.000775191
0.0009723
0.00121463
0.0014936
0.00181149
0.00213198
0.00245041
0.00275161
0.00303184
0.00329373
0.00353871
0.00376456
0.00396375
0.00413036
0.00426183
0.00436486
0.00445004
0.00452537
0.00459356
0.00465467
0.00470513
0.00475022
0.00478847
0.00482303
0.00485577
0.00488686
0.00491484
0.00493827
0.00495468
0.00496563
0.00497246
0.00497707
0.00498058
0.00498312
0.00498347
0.0049813
0.00497702
0.00497228
0.0049677
0.00496367
0.00495926
0.00495375
0.00494623
0.00493761
0.00492698
0.00491606
0.0049037
0.0048942
0.00488555
0.00487923
0.00487273
0.00486656
0.00485889
0.00484987
0.00483734
0.00482407
0.00480813
0.00479145
0.00477503
0.00475854
0.00474031
0.00472965
0.00471128
0.0047004
0.00468809
0.00467425
0.00465901
0.00464646
0.0046343
0.00462462
0.00461303
0.00460202
0.00459056
0.00458117
0.00457037
0.0045626
0.0045522
0.00454272
0.00453203
0.00452058
0.00450755
0.00449465
0.0044812
0.00446827
0.00445503
0.00444311
0.00443053
0.00441889
0.00440814
0.00439749
0.00438927
0.00437961
0.00437268
0.00436396
0.00435853
0.00436262
0.00442503
6.7941e-05
0.000299465
0.00030495
0.000284979
0.000283262
0.000298302
0.000333604
0.000415268
0.000541778
0.00070465
0.000892528
0.00109607
0.00132758
0.0016043
0.00192336
0.00224075
0.00254474
0.00283856
0.00311376
0.00334915
0.00353399
0.00367652
0.0037918
0.00388734
0.00396844
0.00403548
0.00409037
0.00412998
0.0041578
0.00418006
0.00420109
0.00421967
0.00423523
0.00424562
0.00425241
0.00425657
0.00425989
0.0042643
0.00426924
0.00427297
0.00427382
0.00426941
0.00426192
0.00425274
0.00424254
0.00423255
0.0042227
0.00421125
0.00419785
0.00418305
0.00416823
0.00415413
0.00414102
0.00412821
0.00411513
0.0041012
0.00408697
0.00407211
0.00405711
0.00404172
0.00402895
0.00401747
0.00400776
0.00399811
0.00398849
0.00397761
0.00396541
0.00395084
0.00393528
0.00391818
0.00390082
0.00388382
0.00386711
0.00384985
0.0038377
0.00382048
0.00380972
0.00379695
0.00378253
0.00376823
0.00375666
0.00374626
0.00373537
0.00372375
0.0037131
0.00370272
0.00369249
0.00368297
0.00367375
0.00366383
0.00365329
0.0036421
0.00362993
0.00361721
0.00360443
0.00359096
0.00357805
0.00356514
0.00355297
0.00354058
0.00352856
0.00351719
0.00350615
0.00349611
0.00348634
0.00347566
0.00346875
0.00345478
0.00346004
0.0034646
4.76386e-05
0.00027021
0.000333754
0.000362735
0.000404316
0.000492349
0.000656788
0.000920836
0.00118777
0.00144704
0.0017013
0.00194759
0.00220875
0.00250848
0.00281225
0.00299224
0.00311313
0.00320254
0.00326864
0.00331448
0.00334739
0.00337168
0.00339172
0.00340566
0.00341539
0.00341941
0.00341991
0.0034126
0.00339975
0.00338409
0.00336809
0.00335324
0.00333906
0.00332506
0.00331055
0.00329527
0.00327897
0.00326279
0.00324694
0.00323111
0.00321487
0.00319584
0.00317598
0.00315704
0.00313834
0.00312129
0.00310672
0.00309186
0.00307577
0.00305819
0.00303953
0.0030207
0.00300265
0.0029854
0.00296867
0.00295212
0.00293576
0.00291943
0.00290237
0.00288485
0.00286874
0.00285394
0.00284018
0.00282684
0.0028135
0.00279957
0.00278498
0.00276985
0.00275414
0.00273828
0.00272283
0.00270773
0.00269319
0.00267925
0.00266646
0.00265377
0.00264129
0.00262953
0.00261583
0.00260303
0.00259397
0.00258739
0.00258393
0.00258055
0.00257543
0.00257023
0.00256491
0.00255959
0.00255462
0.00254895
0.00254293
0.00253617
0.00252865
0.00252138
0.00251334
0.00250517
0.00249764
0.00249053
0.00248356
0.00247616
0.00246835
0.00246239
0.00245622
0.00245051
0.00244455
0.0024368
0.00243182
0.0024208
0.0024355
0.0025507
0.000120216
0.000518153
0.000601852
0.000639125
0.000747136
0.000932144
0.00121021
0.00138068
0.00152766
0.00164924
0.00175496
0.00183792
0.00191419
0.00197958
0.00204344
0.00209207
0.00212265
0.00214091
0.00215064
0.00215269
0.00215091
0.0021478
0.00214407
0.00213835
0.00213236
0.00212471
0.00211558
0.00210421
0.00209158
0.00207813
0.00206562
0.00205463
0.0020448
0.00203528
0.00202553
0.00201542
0.00200534
0.00199592
0.00198723
0.00197867
0.00196928
0.00195848
0.00194747
0.00193683
0.00192672
0.00191781
0.0019096
0.00190099
0.0018916
0.00188152
0.00187121
0.00186113
0.00185156
0.00184237
0.00183335
0.00182432
0.00181535
0.00180636
0.00179719
0.00178815
0.00178012
0.00177275
0.00176602
0.00175961
0.00175301
0.00174591
0.00173827
0.00173003
0.00172143
0.0017127
0.00170418
0.00169583
0.00168782
0.00168036
0.00167324
0.00166668
0.00166212
0.00165966
0.00165662
0.00165373
0.00165176
0.00165295
0.00165375
0.00165224
0.00165071
0.00164977
0.00164842
0.00164579
0.00164452
0.00164285
0.0016402
0.00163795
0.00163634
0.0016343
0.0016308
0.0016277
0.00162476
0.00162242
0.00162201
0.00161769
0.00161585
0.00161244
0.001611
0.0016116
0.0016027
0.00159928
0.00158996
0.00158258
0.00158
0.00160233
0.000415717
0.000496686
0.000491412
0.000457286
0.00040519
0.000359658
0.000332938
0.000318627
0.00031193
0.000309544
0.000309559
0.000309928
0.000311029
0.000312511
0.000315175
0.000317237
0.000318036
0.000317917
0.00031741
0.000316699
0.000315795
0.000314633
0.000313182
0.00031158
0.000309992
0.000308425
0.00030696
0.00030555
0.0003041
0.000302512
0.000300743
0.000298884
0.000297077
0.000295376
0.000293795
0.000292278
0.000290766
0.000289215
0.000287658
0.000286115
0.000284579
0.000283034
0.000281494
0.00027992
0.000278335
0.000276828
0.000275417
0.000274072
0.000272761
0.00027145
0.000270115
0.000268766
0.000267417
0.000266079
0.000264763
0.000263476
0.000262215
0.000260974
0.000259741
0.000258498
0.000257239
0.000255987
0.00025476
0.000253561
0.000252391
0.000251243
0.000250111
0.000248995
0.000247886
0.000246778
0.000245667
0.000244556
0.000243453
0.000242369
0.000241312
0.000240229
0.000240633
0.00024369
0.000253203
0.000256368
0.000250067
0.000255281
0.000258272
0.000275367
0.000255122
0.00027017
0.000268609
0.000262984
0.000264005
0.000285978
0.000263222
0.000286759
0.000279083
0.000293764
0.000287586
0.000278631
0.000274874
0.000274951
0.000288747
0.000302319
0.000286387
0.000279376
0.000280904
0.000295699
0.000287293
0.000312379
0.000306426
0.000315474
0.000304335
0.000280249
8.38609e-06
8.1031e-06
6.62779e-06
3.68561e-06
2.66433e-06
2.70782e-06
4.18268e-06
6.46513e-06
7.51995e-06
4.26408e-06
2.31409e-05
6.07972e-05
0.000121862
0.000211706
0.000312038
0.000508121
0.000438078
0.000447538
0.00042923
0.000355939
0.000307084
0.000277125
0.000249267
0.000235079
0.000220687
0.000208004
0.000198413
0.00019212
0.000187151
0.000182507
0.000179466
0.000176977
0.000174934
0.000173223
0.000172219
0.000171392
0.000170514
0.000169557
0.000168778
0.000168319
0.00016812
0.000167792
0.000167316
0.000166666
0.000166285
0.000166094
0.000165942
0.00016573
0.000165403
0.000165083
0.000164903
0.000164725
0.0001645
0.000164213
0.000163857
0.000163566
0.000163526
0.000163512
0.000163567
0.000163649
0.000163599
0.000163345
0.000163161
0.000163057
0.000163104
0.000163348
0.000163955
0.000164862
0.000165858
0.000166794
0.000167414
0.000167925
0.000168527
0.000169316
0.000170451
0.000171999
0.000173979
0.000176353
0.000178259
0.00018218
0.000486426
0.000467486
0.000377011
0.000237724
0.000218668
0.000240979
0.000335954
0.000461691
0.000508456
0.000260995
0.000808023
0.0013505
0.0019289
0.00254803
0.002998
0.00346339
0.00345434
0.00346436
0.00344715
0.003404
0.00327923
0.00319285
0.0030137
0.00291736
0.0028009
0.00264773
0.0024839
0.00235872
0.00226559
0.00214598
0.0020415
0.00195843
0.00189349
0.00183045
0.00176497
0.00171262
0.00167191
0.00164369
0.00161555
0.00158531
0.00155985
0.00154061
0.00152531
0.00151332
0.00149992
0.00148572
0.0014734
0.00146473
0.00145575
0.00144488
0.00143405
0.00142206
0.00141239
0.00140487
0.00139993
0.00139439
0.00139158
0.00138566
0.00137862
0.00137113
0.00136532
0.00136266
0.00136189
0.00136075
0.00135907
0.00135514
0.00134579
0.0013317
0.00131422
0.00129957
0.0012873
0.00128028
0.0012769
0.00127395
0.00126872
0.00126118
0.00124835
0.00123556
0.0012172
0.0012075
0.00144995
0.00142667
0.0012986
0.00111219
0.00113407
0.00144905
0.00187089
0.00232506
0.0024415
0.0015982
0.00316882
0.00439817
0.00557861
0.00664904
0.00729609
0.00778994
0.00783638
0.00780793
0.00771956
0.00754041
0.00719766
0.00695301
0.00653288
0.00627433
0.00599256
0.00564973
0.00528118
0.00497837
0.00474738
0.00446447
0.00421151
0.00400327
0.00383077
0.00366377
0.00349335
0.00334923
0.00323015
0.00313701
0.00304909
0.00295887
0.00287904
0.00280301
0.00272209
0.00265794
0.00260253
0.00254557
0.00249494
0.00245066
0.00241481
0.00238416
0.00235532
0.00232625
0.00230078
0.00227972
0.00226403
0.00224838
0.0022392
0.0022246
0.00220906
0.00219159
0.00217637
0.00216673
0.00216149
0.00215673
0.00215212
0.00214503
0.00212869
0.00210352
0.00207053
0.00203866
0.00201164
0.00199215
0.00198037
0.00197077
0.00195987
0.00194556
0.0019192
0.00189594
0.00185335
0.00183327
0.0025096
0.00246427
0.00222783
0.00181847
0.00185016
0.0026543
0.0036631
0.00468182
0.00503464
0.00374436
0.00622588
0.00804852
0.00971173
0.0110334
0.0117331
0.0121777
0.0122212
0.0121099
0.011939
0.0115952
0.0110784
0.0106756
0.0100655
0.00965394
0.00922157
0.00871816
0.00818352
0.00773148
0.00737428
0.00694646
0.00656136
0.0062392
0.00596493
0.00569526
0.00541924
0.00518316
0.0049821
0.00481753
0.00466028
0.00450079
0.00435757
0.00423594
0.00413407
0.00404612
0.00395671
0.00386859
0.00379018
0.00372142
0.00366756
0.00361572
0.00356854
0.0035198
0.00348154
0.00344987
0.00342548
0.00340077
0.00337312
0.00334241
0.00331234
0.0032822
0.00326363
0.00325072
0.00324
0.00322554
0.00321268
0.0031912
0.00315284
0.00310028
0.00304269
0.00299299
0.00295444
0.00292756
0.00290411
0.00288226
0.00285182
0.00281538
0.00275726
0.00270608
0.00263615
0.00258882
0.00379777
0.00373147
0.00336392
0.00250078
0.00237949
0.00304704
0.00484794
0.00663762
0.00754908
0.00618566
0.00936001
0.0116508
0.0136301
0.0150049
0.0156483
0.0159786
0.015972
0.015761
0.0155204
0.0149964
0.0143987
0.0138762
0.0131549
0.012635
0.0120873
0.0114735
0.010835
0.0102894
0.00984345
0.00931597
0.00883956
0.00843758
0.00808859
0.00774031
0.00738296
0.00707416
0.00680796
0.00658408
0.00636619
0.00614519
0.00594448
0.00577027
0.00562101
0.00548807
0.00535466
0.00522249
0.00510396
0.00499799
0.00491142
0.00482831
0.00475208
0.00467489
0.00461244
0.00455834
0.00451429
0.00447027
0.00442363
0.00437385
0.00432541
0.00427797
0.00424561
0.00422102
0.00419888
0.00417843
0.00415295
0.00411638
0.00406196
0.00398854
0.00390825
0.00383667
0.00377671
0.00373269
0.0036908
0.00365451
0.0036026
0.00354781
0.00346162
0.00338677
0.0032812
0.00320286
0.00517346
0.00514209
0.0046998
0.00339829
0.00289357
0.00339704
0.00497176
0.00793274
0.0095935
0.008612
0.0122451
0.0148749
0.0169751
0.0182192
0.0187269
0.0188822
0.0187825
0.0184637
0.0181506
0.017466
0.0168859
0.0162689
0.0155252
0.0149532
0.0143372
0.01367
0.0129927
0.0124109
0.0119214
0.011351
0.0108327
0.0103914
0.0100013
0.00960857
0.00920521
0.00885293
0.00854676
0.0082855
0.00802736
0.00776368
0.00752217
0.00730971
0.00712441
0.0069571
0.00678798
0.00661983
0.0064677
0.00632951
0.00621348
0.0061023
0.00599847
0.0058945
0.0058086
0.00573249
0.00566815
0.00560382
0.00553803
0.00546764
0.0053997
0.00533346
0.00528563
0.00524828
0.00521323
0.00518086
0.0051432
0.0050916
0.00501937
0.00492372
0.00482012
0.0047253
0.0046424
0.00458015
0.00451837
0.00446431
0.00438851
0.0043115
0.00419489
0.00409238
0.00395189
0.00382997
0.00640284
0.0064045
0.00608784
0.00429056
0.00363781
0.0037925
0.00503768
0.00784583
0.0109772
0.0108093
0.0146725
0.0175247
0.0195853
0.0205852
0.0208712
0.0207926
0.0205873
0.0201806
0.0197555
0.0189102
0.0183974
0.0177056
0.0170181
0.0164387
0.0158059
0.0151408
0.014491
0.0139278
0.0134421
0.0128895
0.0123798
0.0119394
0.0115416
0.0111411
0.0107304
0.0103668
0.0100485
0.00977316
0.00949976
0.00921757
0.00895685
0.00872515
0.00852038
0.00833372
0.00814491
0.00795529
0.00778227
0.00762277
0.00748635
0.00735567
0.00723142
0.0071079
0.00700424
0.00691103
0.00683058
0.00674997
0.00666683
0.00657917
0.00649471
0.00641187
0.00635019
0.00629987
0.00625363
0.00620946
0.00616065
0.00609523
0.00600583
0.00588976
0.00576487
0.00564634
0.00554329
0.00546183
0.00537937
0.00530805
0.0052084
0.00510796
0.00496174
0.00482698
0.00465847
0.00448285
0.00763558
0.00764277
0.00732973
0.00514233
0.00441495
0.00429673
0.00517108
0.00751192
0.0110892
0.0123578
0.0164863
0.0194633
0.0213333
0.0219637
0.02108
0.0200813
0.0194708
0.0188798
0.0185299
0.0179041
0.0179963
0.0174126
0.0174546
0.0169649
0.0164586
0.0158505
0.0152778
0.0147751
0.014334
0.013846
0.0133858
0.0129796
0.0126035
0.0122277
0.0118445
0.0114999
0.0111964
0.0109289
0.0106648
0.0103888
0.0101314
0.00990068
0.00969376
0.00950383
0.00931374
0.00912021
0.00894221
0.00877571
0.00863133
0.00849292
0.00835927
0.00822725
0.00811515
0.00801309
0.00792376
0.00783392
0.00774022
0.00764218
0.00754498
0.00745457
0.00738256
0.00732255
0.00726826
0.00721649
0.00715911
0.00708221
0.00698084
0.00685127
0.00670686
0.00656988
0.00645046
0.00635318
0.00625269
0.00616281
0.00604317
0.00592241
0.00574912
0.0055813
0.00539357
0.00516033
0.00883839
0.00885042
0.00835347
0.00625181
0.0049882
0.00494455
0.00531672
0.00718126
0.010484
0.0126037
0.0175038
0.0204615
0.0211225
0.0201257
0.0189761
0.0180289
0.0176299
0.0170495
0.0167713
0.0160518
0.0163107
0.0157422
0.0160052
0.0155848
0.0155165
0.015759
0.0153176
0.0149105
0.0145473
0.0141658
0.0137908
0.0134483
0.0131198
0.012797
0.0124717
0.012173
0.0119082
0.0116673
0.011434
0.0111866
0.0109531
0.010742
0.0105493
0.010372
0.0101982
0.0100188
0.00985237
0.00969436
0.00955551
0.00942229
0.00929223
0.00916458
0.00905531
0.00895454
0.00886561
0.00877527
0.00868046
0.00858097
0.00848088
0.00838978
0.00831505
0.00825135
0.0081945
0.00814017
0.00807991
0.00799942
0.0078928
0.00775657
0.00760199
0.00745574
0.00732514
0.00721642
0.00710352
0.0070017
0.00686599
0.00672572
0.00653429
0.00633727
0.00613924
0.00585152
0.00997002
0.00998605
0.00935871
0.00775622
0.00492357
0.00559715
0.00589514
0.00704844
0.00973384
0.012483
0.016153
0.0189309
0.0191292
0.0177148
0.0168463
0.016148
0.0158987
0.0151093
0.0148635
0.013991
0.0143141
0.0137152
0.014085
0.0136661
0.0136674
0.0140414
0.0144018
0.0143064
0.0140482
0.0138078
0.0135482
0.0132968
0.0130411
0.0127979
0.0125565
0.0123277
0.0121228
0.0119256
0.0117429
0.0115444
0.0113535
0.0111787
0.0110147
0.0108647
0.010722
0.0105741
0.0104347
0.0103001
0.0101796
0.010064
0.00995104
0.00984051
0.00974583
0.00965707
0.00957806
0.00949721
0.00941146
0.00932034
0.00922884
0.00914592
0.00907699
0.00901737
0.00896524
0.00891481
0.00885926
0.00878372
0.00868332
0.00855058
0.00839955
0.00825263
0.00812054
0.0080071
0.00789107
0.00778152
0.00764306
0.00748784
0.00728755
0.00707013
0.00687139
0.00653516
0.0109818
0.0110014
0.0103331
0.00914049
0.0048837
0.0062992
0.00631528
0.00722583
0.00917025
0.012045
0.0148102
0.0171743
0.0169403
0.0156858
0.0149765
0.0142623
0.0140323
0.0130266
0.0127749
0.0117532
0.0121169
0.0114768
0.0119297
0.0115003
0.0114907
0.0118094
0.012364
0.012445
0.0122419
0.0126755
0.0126089
0.0124797
0.0123245
0.0121878
0.0120545
0.0119193
0.0117941
0.0116571
0.0115432
0.0114132
0.011282
0.0111585
0.0110362
0.0109267
0.0108273
0.0107271
0.0106285
0.010531
0.0104405
0.0103536
0.0102707
0.0101887
0.0101198
0.0100532
0.00999309
0.00993175
0.00986488
0.00979208
0.00972057
0.00965524
0.00960065
0.00955373
0.00951414
0.00947497
0.00943277
0.00937209
0.00929048
0.00917532
0.00904195
0.00890615
0.00878446
0.0086751
0.008568
0.00845795
0.0083296
0.00816781
0.00797897
0.00774342
0.00755544
0.00718903
0.0118174
0.0118406
0.0112199
0.00939202
0.00551467
0.00640136
0.00676914
0.00758604
0.00894078
0.0113484
0.0138367
0.0155672
0.0150815
0.0138048
0.0132602
0.0121072
0.0119035
0.0108555
0.0105826
0.00947853
0.00984916
0.00918225
0.00965898
0.00924848
0.00919873
0.00943424
0.0100056
0.0100665
0.00996076
0.0104307
0.010858
0.0109154
0.0109008
0.0109018
0.0109038
0.0108913
0.0108679
0.0108111
0.0107858
0.0107456
0.0106921
0.010636
0.0105688
0.010512
0.0104686
0.0104307
0.0103865
0.0103379
0.0102887
0.0102408
0.0101996
0.0101564
0.010123
0.0100875
0.0100552
0.010022
0.00998351
0.00993866
0.00989735
0.00985863
0.00982611
0.00980021
0.00978064
0.00976045
0.00974016
0.00970489
0.00965481
0.0095724
0.00947218
0.0093609
0.00926253
0.00916772
0.00908291
0.00898278
0.00887891
0.00872232
0.00856168
0.00832055
0.00815372
0.00778448
0.0124144
0.0123693
0.0119265
0.00996072
0.00649648
0.00543038
0.00737081
0.00765439
0.00937562
0.0108277
0.0134758
0.0143092
0.0133884
0.0121547
0.0112997
0.0099533
0.00967008
0.00874133
0.00848368
0.00740187
0.0077053
0.00702087
0.00747648
0.00709138
0.00691976
0.00709678
0.00726936
0.00746034
0.00765859
0.00795292
0.00821728
0.00847187
0.00865411
0.0088188
0.00898911
0.00914113
0.0092483
0.00930471
0.00939393
0.00947052
0.00951801
0.00955096
0.00955732
0.00956783
0.00959597
0.00963593
0.00966159
0.00967446
0.00967904
0.00968152
0.00969266
0.00969847
0.00970889
0.00971372
0.00971819
0.00972102
0.00972014
0.00971288
0.00971043
0.00970687
0.00970348
0.00970559
0.0097129
0.00971923
0.0097287
0.00972923
0.00972311
0.00968827
0.0096366
0.00956441
0.00950196
0.0094335
0.00938369
0.0093068
0.00924157
0.00910698
0.00898947
0.00876425
0.00862633
0.00828328
0.0126983
0.0124552
0.0123313
0.0106126
0.00803475
0.00467176
0.00805893
0.00787825
0.00942264
0.0112936
0.0136379
0.0132027
0.0122563
0.0103997
0.00930179
0.00802581
0.00754446
0.00661778
0.00625137
0.00542964
0.00561226
0.00488105
0.00472095
0.00434318
0.00417242
0.00417428
0.00424505
0.00430057
0.00445383
0.00475828
0.00508837
0.00537703
0.00562961
0.00592209
0.00625069
0.00658785
0.00683812
0.00705031
0.0072682
0.00747745
0.00765729
0.00780825
0.00791118
0.00801046
0.00812958
0.00826725
0.00838313
0.00847569
0.00854956
0.00861817
0.00869514
0.00876176
0.0088254
0.00888162
0.00893354
0.00898218
0.00902881
0.0090699
0.00911449
0.0091552
0.00918838
0.00922496
0.00926553
0.00930616
0.00935279
0.00939971
0.00944904
0.00947549
0.00948696
0.00947037
0.00945451
0.00942543
0.00942076
0.00938322
0.00936787
0.00927841
0.00921315
0.00903928
0.00893087
0.0086454
0.0125865
0.012229
0.0122645
0.0111384
0.00813064
0.00465338
0.00684441
0.00808858
0.00907949
0.0123366
0.0139747
0.0126409
0.011354
0.00894127
0.00751708
0.00615299
0.0056543
0.00492453
0.0047753
0.00404879
0.00393313
0.00344202
0.00328175
0.00295464
0.00277877
0.00268005
0.00263835
0.00259733
0.0025909
0.00262224
0.00272046
0.00286231
0.00299532
0.00318288
0.00342154
0.00375236
0.00403923
0.0042885
0.00456853
0.00486995
0.00513759
0.00538884
0.00559965
0.00580088
0.00601872
0.00626184
0.00647998
0.00666677
0.00682253
0.0069742
0.00712805
0.00726621
0.00739845
0.00752002
0.00763209
0.00773972
0.00784649
0.00794939
0.00805086
0.00814664
0.0082265
0.00830608
0.00838704
0.00847145
0.00856371
0.00867185
0.00878587
0.00888538
0.00897709
0.00903811
0.00907482
0.00910007
0.00914688
0.00916763
0.00921017
0.00919346
0.00918908
0.00910007
0.00902854
0.00883288
0.011803
0.0117129
0.0115598
0.0111307
0.00870586
0.00532564
0.00437581
0.00828209
0.00845793
0.0110445
0.0136071
0.0124094
0.0105065
0.00822507
0.00657483
0.00484153
0.00349843
0.00283363
0.00262054
0.00231774
0.0020636
0.00209039
0.00214781
0.00207207
0.0021299
0.00209352
0.00207163
0.00203033
0.00200667
0.00196692
0.00193699
0.00191174
0.0019055
0.00192477
0.00193779
0.00202643
0.00213479
0.00225201
0.00238658
0.0025687
0.00274939
0.00295681
0.00314912
0.00335315
0.00357847
0.00385017
0.00410886
0.00434769
0.00456243
0.00477842
0.00500113
0.0052127
0.00541064
0.00559721
0.00577538
0.0059495
0.00612194
0.00629284
0.00645678
0.00661588
0.00675196
0.00688395
0.00701329
0.00715232
0.0073012
0.00747668
0.00767543
0.00787706
0.00805495
0.00819519
0.00830408
0.00840531
0.00851007
0.0086126
0.00871628
0.00880524
0.00887398
0.00890139
0.00887801
0.00880554
0.0105338
0.0106994
0.0103797
0.0102884
0.00887039
0.00598342
0.0031495
0.00587586
0.00807547
0.0116131
0.0128431
0.0121076
0.00969996
0.00814421
0.00697846
0.0053132
0.00286012
0.00142843
0.000990047
0.00075534
0.000627614
0.000634906
0.000631036
0.000842058
0.00111039
0.00106228
0.00157554
0.00211498
0.00210885
0.00209698
0.00208492
0.00204244
0.00199886
0.00196591
0.00192775
0.00188107
0.00183118
0.00179299
0.00176567
0.00176998
0.00176472
0.00179626
0.00184143
0.00189589
0.00196131
0.00208806
0.00222903
0.00237183
0.00250957
0.00266941
0.00285
0.00303254
0.00322751
0.00341773
0.00361075
0.00381105
0.00400883
0.00420978
0.00440747
0.00461186
0.00479521
0.00497794
0.00515159
0.00534393
0.00554638
0.00579242
0.00607377
0.00638146
0.00665646
0.00689587
0.0070821
0.00727108
0.00745182
0.00764697
0.00784509
0.00804893
0.00822018
0.0083729
0.00842778
0.0085213
0.00892327
0.00912016
0.00898429
0.00876515
0.0084992
0.00629216
0.00363782
0.00294348
0.00580876
0.0100481
0.0114265
0.00987555
0.0088867
0.00801553
0.00575522
0.0038605
0.00273807
0.00176109
0.000735633
0.000411972
0.000319878
0.000341443
0.000409742
0.000868671
0.000907594
0.000700121
0.00111546
0.0014222
0.0021018
0.00216329
0.00230957
0.00230824
0.00230618
0.00230309
0.00230065
0.00229565
0.00226496
0.00223233
0.00218907
0.00215506
0.00210859
0.00206149
0.00201142
0.00197601
0.00192679
0.0018956
0.00186957
0.0018634
0.00184829
0.00186686
0.00189332
0.00193632
0.00198232
0.0020541
0.00212966
0.00224023
0.0023401
0.00246415
0.00258562
0.00274133
0.00287965
0.00304154
0.00319182
0.00338388
0.00357503
0.0038291
0.00411119
0.00446863
0.00479699
0.00511645
0.00537868
0.00566228
0.00592754
0.0062398
0.00653105
0.00688165
0.00715339
0.00750156
0.0076342
0.0079073
0.00680997
0.00692132
0.00702088
0.00712746
0.00720386
0.00642275
0.00389941
0.00186815
0.00204082
0.00534489
0.0100701
0.00709872
0.00558952
0.00444585
0.00328149
0.00244503
0.00187153
0.00177887
0.00174026
0.000505554
0.000329581
0.000246839
0.000249777
0.000308662
0.000357525
0.000696871
0.0013483
0.00177611
0.00191215
0.00178682
0.00242145
0.00243423
0.00245452
0.00247554
0.00249152
0.00250214
0.00250096
0.0024983
0.00249099
0.00248903
0.00248166
0.00247182
0.0024604
0.00244136
0.00242575
0.00239827
0.00235295
0.00231601
0.0022753
0.00223747
0.0021847
0.00215446
0.00210212
0.00208093
0.00203399
0.00202948
0.0020004
0.00202357
0.00200683
0.00204798
0.00204913
0.00210848
0.00212882
0.00221969
0.00228772
0.00242761
0.00257159
0.00282383
0.0030558
0.00333366
0.00354384
0.00382906
0.00408027
0.00445418
0.00479538
0.0052783
0.00563599
0.00617901
0.00641331
0.00691569
0.00439135
0.00446663
0.00459512
0.00466587
0.004803
0.00490465
0.00306147
0.00141663
0.000985652
0.00169599
0.00409786
0.00387967
0.00314505
0.00224969
0.00128153
0.000801401
0.000555865
0.000500329
0.00117411
0.00160901
0.00141962
0.000420114
0.000247745
0.000189156
0.000228027
0.000410017
0.000592529
0.00072422
0.00107294
0.00226213
0.00261279
0.00263338
0.00264553
0.00268007
0.00269741
0.00270878
0.00270758
0.00270931
0.0027134
0.00271529
0.00271531
0.00271634
0.00271221
0.00271103
0.00271078
0.00270309
0.00269165
0.00268083
0.00266592
0.00265238
0.00263652
0.00261648
0.00259949
0.00256653
0.0025401
0.0024962
0.0024668
0.00243574
0.00240588
0.0023716
0.00233158
0.00230198
0.00226285
0.00223716
0.00219629
0.00220796
0.00217167
0.00224959
0.00224701
0.00241487
0.00244689
0.002644
0.00272234
0.00302536
0.00318917
0.00366001
0.00391659
0.00451401
0.00479007
0.00546163
0.0027032
0.0027304
0.0027975
0.00283049
0.00290927
0.00278359
0.00173346
0.000793744
0.000707999
0.000483857
0.000519225
0.000709473
0.00109799
0.00206831
0.00100515
0.00053424
0.000371478
0.000333952
0.000343382
0.00037591
0.000638138
0.00179991
0.00143076
0.000456256
0.000298046
0.000245823
0.00025075
0.000389631
0.000884928
0.00203001
0.00284923
0.00248807
0.00183083
0.00294561
0.00296043
0.00296758
0.0029699
0.0029792
0.00298649
0.00299046
0.00298616
0.00297895
0.00297397
0.00297649
0.00297764
0.00297293
0.00296402
0.00295819
0.00295306
0.00294962
0.00294376
0.00293442
0.00292263
0.00290954
0.0028901
0.00287664
0.00286075
0.00285038
0.00283455
0.0028197
0.00280063
0.00277411
0.00274112
0.0026971
0.00265376
0.00258397
0.00252272
0.00246023
0.00237785
0.00236
0.00230924
0.00234297
0.0023103
0.00240424
0.002424
0.00267135
0.00277876
0.00317415
0.00335704
0.00393299
0.0021134
0.00209208
0.00212564
0.00211498
0.00149155
0.00064138
0.000398603
0.000371774
0.000605204
0.000743436
0.00026298
0.000214754
0.000228864
0.000345148
0.000674614
0.00191511
0.00122896
0.000543452
0.000354062
0.000388903
0.000384556
0.000450742
0.000648982
0.00144944
0.00109606
0.0003837
0.000248827
0.000268006
0.000327399
0.00051516
0.000852674
0.00109678
0.0027007
0.00318625
0.00320533
0.00320932
0.00321527
0.00323245
0.00324129
0.0032483
0.00324179
0.00323564
0.00323343
0.00324096
0.00324384
0.00324097
0.00323239
0.00322558
0.00322314
0.00322393
0.00321998
0.00321256
0.00320371
0.00319105
0.00317665
0.00316663
0.00315887
0.00315448
0.00314725
0.00313995
0.0031283
0.00311618
0.00309582
0.00306411
0.00302199
0.0029774
0.0029318
0.00286494
0.00281377
0.00271927
0.00266415
0.00257156
0.00201789
0.00201775
0.00226423
0.00237009
0.00240453
0.00250979
0.00260825
0.00291157
0.00251328
0.00234763
0.00126749
0.000506748
0.000228934
0.000169568
0.000223698
0.000478483
0.000849611
0.0016276
0.000831154
0.000511267
0.000295976
0.000262882
0.000277866
0.000396298
0.000708252
0.00171763
0.00421176
0.00106714
0.000625383
0.0004939
0.000470975
0.000555443
0.000783987
0.00213907
0.000997397
0.000389247
0.000234143
0.000243855
0.000334984
0.000713114
0.00334254
0.00338891
0.00343955
0.00346195
0.00285002
0.00352829
0.0035382
0.00354098
0.00352953
0.00353681
0.00355057
0.0035673
0.00357683
0.00357529
0.00356366
0.00355144
0.00354515
0.00354226
0.00353709
0.0035342
0.00352661
0.00351688
0.00350172
0.00349219
0.00348249
0.00347666
0.00346936
0.00346547
0.00345342
0.00344227
0.00341601
0.00339055
0.00334959
0.00331329
0.00326917
0.00322845
0.00318007
0.00311711
0.00233267
0.00181295
0.00168588
0.00219986
0.00211978
0.00255224
0.00250278
0.00243309
0.00242688
0.00248846
0.00158758
0.000637239
0.000260144
0.000143574
0.00015064
0.000172692
0.000319725
0.000593415
0.000723493
0.00164917
0.00417023
0.00474647
0.00102255
0.000496032
0.000326308
0.00032129
0.000324589
0.000398095
0.000553558
0.000944207
0.00255452
0.00392005
0.00127316
0.000841254
0.000723498
0.000800547
0.00110582
0.00422617
0.000883454
0.000391303
0.000278125
0.000337562
0.000463757
0.00070287
0.00117309
0.00131303
0.00307719
0.00401222
0.00401302
0.00400269
0.00400477
0.00400935
0.0040097
0.00400831
0.00399888
0.00398827
0.00397661
0.0039711
0.003962
0.00395537
0.00394344
0.00393295
0.0039153
0.00390259
0.00388546
0.00387633
0.00386456
0.00385822
0.00384741
0.00383904
0.00381841
0.00380348
0.00377154
0.00374143
0.00370052
0.00366276
0.00361771
0.0035773
0.003526
0.00307193
0.00237028
0.0021661
0.00202763
0.00245527
0.00296732
0.00293036
0.00285174
0.00271205
0.00264524
0.0025338
0.000331823
0.000176316
0.000150222
0.000118004
0.000166837
0.000331989
0.000418852
0.00133249
0.0045093
0.00481518
0.00489121
0.00523845
0.00537892
0.00370449
0.00138786
0.000666545
0.000434562
0.000373824
0.000347612
0.00039722
0.000499898
0.000710516
0.0011755
0.00297605
0.00510906
0.00168949
0.00129147
0.00143876
0.00220257
0.00383789
0.00068566
0.000335537
0.00026003
0.0003315
0.000486152
0.00120706
0.00370004
0.00404712
0.00407694
0.0040989
0.00383944
0.0041691
0.00418618
0.00418612
0.00418498
0.00418538
0.00419457
0.00420327
0.00421133
0.00421341
0.0042062
0.0041981
0.00418517
0.0041808
0.00417494
0.00417529
0.00417046
0.0041708
0.00416079
0.0041478
0.00412388
0.00410481
0.00408135
0.00405556
0.00401728
0.00398224
0.00393797
0.00389749
0.00334479
0.00257676
0.00205863
0.00192203
0.00205245
0.00220467
0.00264668
0.00317603
0.00316449
0.00305528
0.00296319
0.00280672
0.000155598
0.000110344
0.000141428
0.000243406
0.000331835
0.0010452
0.0042181
0.00455178
0.00515679
0.00465745
0.00545396
0.00556376
0.00564481
0.00571409
0.00575494
0.00582113
0.0031643
0.00136643
0.000771429
0.00053199
0.000452243
0.000442804
0.000480361
0.000578753
0.000758127
0.00116084
0.00228881
0.00569784
0.00502765
0.00584559
0.00601123
0.00155787
0.000579709
0.000416435
0.000355238
0.000477211
0.00070201
0.000966397
0.00127485
0.00175658
0.00329014
0.00473612
0.00472441
0.0047019
0.00470055
0.00469908
0.00469564
0.00468817
0.0046708
0.00465782
0.00463991
0.00463155
0.00461368
0.00460633
0.00459037
0.00457793
0.00456007
0.00455023
0.00452963
0.0045158
0.00448555
0.00446167
0.00443111
0.00440643
0.00436258
0.00432949
0.00427939
0.00336988
0.00276004
0.00269678
0.00269818
0.00267032
0.00257804
0.00252699
0.00299198
0.00306
0.00352265
0.00343696
0.00334095
0.00279809
0.00016031
0.000212429
0.000252068
0.000898899
0.001885
0.00186211
0.00259809
0.00413581
0.00549807
0.00557175
0.00566561
0.00576186
0.00582511
0.00587825
0.00593183
0.00599126
0.00605775
0.00614942
0.00626397
0.00284752
0.00139855
0.000856822
0.000635472
0.000550635
0.000521374
0.000552939
0.000643745
0.0007978
0.00110506
0.00174316
0.00245453
0.00305392
0.00199887
0.000909154
0.000510861
0.000350715
0.000336182
0.000434068
0.00076867
0.00165119
0.00456055
0.00453023
0.00460332
0.00463047
0.00466523
0.00470313
0.00471125
0.00470923
0.00469883
0.00468974
0.00468714
0.00469004
0.00470311
0.00470892
0.00470501
0.00470467
0.00468619
0.00468274
0.00436446
0.00447009
0.00463453
0.00463091
0.00459831
0.00458871
0.00454199
0.00452139
0.00312972
0.002399
0.00208783
0.00220086
0.00247516
0.00321146
0.00391444
0.00394051
0.00394005
0.00373537
0.00352946
0.00352681
0.00305215
0.00232621
0.000246138
0.000617148
0.000906847
0.0011287
0.00180169
0.00427388
0.00568409
0.00574055
0.00577123
0.00579709
0.00585962
0.00595299
0.00604459
0.00612564
0.00618292
0.00624462
0.00632272
0.0064127
0.00650507
0.00659519
0.00665809
0.00674041
0.00357762
0.00189738
0.00119655
0.000849639
0.000710183
0.000654023
0.000652326
0.000710085
0.000812968
0.000946352
0.00110534
0.00117721
0.000993633
0.000694167
0.00044691
0.000408504
0.000447765
0.000566547
0.000863829
0.00107999
0.00145578
0.00189642
0.00311142
0.00511783
0.00510696
0.00508278
0.00505018
0.00503222
0.00502126
0.0050201
0.00501567
0.00501269
0.00499159
0.00497952
0.00494565
0.00492596
0.00489678
0.00488483
0.00486461
0.00485416
0.00482244
0.004803
0.0047592
0.00328703
0.00271287
0.00284521
0.00285726
0.00328925
0.00333519
0.00368051
0.00435357
0.00430991
0.00422682
0.00388427
0.0032134
0.0029001
0.00293165
0.00263589
0.000653941
0.00085638
0.00440755
0.0056822
0.00580532
0.00587599
0.00590728
0.00594396
0.00601616
0.00611383
0.00619719
0.00624206
0.00629054
0.00635115
0.00644301
0.00652566
0.0065989
0.00667072
0.00674303
0.00680811
0.00687568
0.0069343
0.00698182
0.00704338
0.00711426
0.00540979
0.00284138
0.00175293
0.00121318
0.000954259
0.000843065
0.000786546
0.000797649
0.000802789
0.00081094
0.000765423
0.000662337
0.000488792
0.000356854
0.000327527
0.000346476
0.000492988
0.000929702
0.00151124
0.00470504
0.00471933
0.00374252
0.00471722
0.00473628
0.00475775
0.00479277
0.00480637
0.00481362
0.00482212
0.0048065
0.00448112
0.00476056
0.00479739
0.00478027
0.00479876
0.00479073
0.00480301
0.004777
0.00409784
0.0028998
0.00239683
0.00214413
0.00249212
0.00302195
0.00444455
0.00451805
0.00449858
0.00446568
0.00442824
0.00424221
0.00321779
0.00282216
0.00244497
0.00253376
0.00305876
0.00315364
0.00587693
0.00465866
0.00522322
0.00599295
0.006085
0.00621724
0.00630749
0.00634647
0.00635382
0.00639355
0.00650125
0.00660571
0.0066707
0.00669921
0.00674903
0.006823
0.00690608
0.00698369
0.00706035
0.00712208
0.00717018
0.00722666
0.00729403
0.00737648
0.00746392
0.00753374
0.0076199
0.00771022
0.00513722
0.00302492
0.00206082
0.00148752
0.0012407
0.0010703
0.000990973
0.000872241
0.000762123
0.000590143
0.000480654
0.000352868
0.000356123
0.000374631
0.000517474
0.000736017
0.00103653
0.00165696
0.00185426
0.00260457
0.00422085
0.00516985
0.00516671
0.00515593
0.00513014
0.00509317
0.00506479
0.00503605
0.00502038
0.00499518
0.0049822
0.00495489
0.00493917
0.00378346
0.00323036
0.0030165
0.00375345
0.00387955
0.00389854
0.00401524
0.00424086
0.00460235
0.00457559
0.00455943
0.00452119
0.00431871
0.00379104
0.00336901
0.00308192
0.00280916
0.00311776
0.00350441
0.0061358
0.00618139
0.00629046
0.00638193
0.00643852
0.00646497
0.00650009
0.00657139
0.00666989
0.00675755
0.00679977
0.00682275
0.00688204
0.0069841
0.00706783
0.00712076
0.00716383
0.00722756
0.00731506
0.00740401
0.00748236
0.00754758
0.00761274
0.00769751
0.00779334
0.00789089
0.00797585
0.00805339
0.00811793
0.00817079
0.00821672
0.00824998
0.0065164
0.00438406
0.00309308
0.00240745
0.00186328
0.00149201
0.0011032
0.000728272
0.000517089
0.000323175
0.000313705
0.000287532
0.000376018
0.000552977
0.000949492
0.00232326
0.00400393
0.00481175
0.00481592
0.00371648
0.00479952
0.00481164
0.00482998
0.00484102
0.0048615
0.00486191
0.00486008
0.00405222
0.00306348
0.0024559
0.00263378
0.00298828
0.00441364
0.00468613
0.00467504
0.00466786
0.00464445
0.00463148
0.00460053
0.0041398
0.00378337
0.00357945
0.00341013
0.00347251
0.00394149
0.0042379
0.00430131
0.0065405
0.00658639
0.00659852
0.00659569
0.00660002
0.00664979
0.00676924
0.00686569
0.00691276
0.00692728
0.00697082
0.00706462
0.00717054
0.00724011
0.00727078
0.00731638
0.00741415
0.00751052
0.00758514
0.00763501
0.00770575
0.0078012
0.00790538
0.007993
0.00806846
0.00813176
0.0081781
0.00821678
0.00824542
0.00826453
0.00827947
0.00829105
0.00829361
0.00829358
0.00828995
0.00828065
0.00826808
0.00825689
0.00758078
0.00531821
0.0037109
0.00228115
0.00132575
0.000752851
0.000474084
0.000396005
0.00035152
0.000418533
0.000516964
0.000788067
0.00131749
0.0018304
0.00342574
0.00418409
0.00530932
0.00530234
0.0052801
0.00525019
0.00521055
0.00402309
0.00346638
0.00373077
0.00427119
0.00466281
0.0049011
0.00487001
0.00483228
0.00479493
0.00476335
0.00472733
0.00470215
0.00466175
0.00447863
0.0046032
0.00459056
0.00454625
0.00452745
0.00449226
0.00446598
0.00440801
0.00677797
0.00681433
0.00687098
0.00694514
0.00700875
0.00704289
0.00705926
0.0070879
0.00717232
0.00729741
0.00739259
0.00743762
0.00745755
0.0075042
0.00762205
0.00773488
0.00780229
0.00786699
0.00794994
0.00803904
0.00810424
0.0081547
0.00819823
0.00823089
0.00825937
0.00827985
0.00829057
0.00829753
0.00830132
0.00829996
0.008299
0.00829786
0.00829275
0.00828367
0.00827316
0.00825814
0.00823338
0.0082185
0.00819208
0.0081739
0.00814368
0.00811978
0.00808169
0.00579275
0.00281805
0.00136697
0.000647919
0.000469098
0.000337274
0.000365956
0.000403049
0.000575152
0.00087854
0.00156546
0.00375113
0.00509329
0.00371316
0.00255865
0.00232516
0.00274739
0.00384613
0.00495438
0.00494183
0.00494202
0.00493313
0.00491321
0.00488971
0.00485168
0.00442566
0.00412245
0.00410037
0.00438113
0.0046933
0.00466148
0.00463696
0.00459544
0.00456573
0.00452984
0.00451188
0.00446418
0.00714881
0.00719591
0.00722418
0.00725234
0.00730825
0.00740049
0.00751234
0.00759523
0.0076483
0.00768289
0.00773866
0.00784581
0.00796005
0.00802447
0.00806763
0.00813004
0.0081887
0.00823009
0.00825769
0.00827629
0.00828544
0.00829286
0.00830049
0.00830412
0.00830675
0.00830953
0.00830406
0.0082977
0.00829183
0.00827868
0.00827044
0.00825712
0.00824648
0.00822287
0.00820056
0.00817402
0.00812914
0.00809971
0.00805564
0.0080205
0.00796656
0.00792443
0.0078636
0.00780616
0.00773551
0.00768592
0.00761812
0.0035084
0.00154504
0.000835145
0.000520641
0.000480491
0.000466121
0.00058368
0.000790936
0.00126163
0.00243749
0.00321858
0.00536507
0.00532484
0.00528322
0.00525425
0.00520955
0.00517632
0.00513214
0.00510213
0.00506319
0.00502345
0.00497831
0.00493532
0.00491733
0.00488008
0.00484863
0.00480095
0.00476308
0.00471939
0.004688
0.00463545
0.00459958
0.00453328
0.00751067
0.00759256
0.00768232
0.00777595
0.00785887
0.00791918
0.00796589
0.00804261
0.00812149
0.00817784
0.00822263
0.00825734
0.00828635
0.0083102
0.00832207
0.00832983
0.00833592
0.00833329
0.00833041
0.00832648
0.00831678
0.00831133
0.00830747
0.00829958
0.00828966
0.00828404
0.00826723
0.00825073
0.00822941
0.00820588
0.00818106
0.00815329
0.00812458
0.0080757
0.00803887
0.00799097
0.00793866
0.00788487
0.00783185
0.00776946
0.00771222
0.00764707
0.00758914
0.0075135
0.00744953
0.00739187
0.0059077
0.00476257
0.0036942
0.0037646
0.00309656
0.0018128
0.000855079
0.000580451
0.000479044
0.000488764
0.000596566
0.000865026
0.00139337
0.00263194
0.00522368
0.00523602
0.00350969
0.00312122
0.00312982
0.00359615
0.00462672
0.00510318
0.00506818
0.00502777
0.00500878
0.00497134
0.00493807
0.00489051
0.00486575
0.00481307
0.00478579
0.00473483
0.00471765
0.00464264
0.00801808
0.00807545
0.00814232
0.00820405
0.00825189
0.00828917
0.00831794
0.00834116
0.00835764
0.00836848
0.00837723
0.0083775
0.00837474
0.00837127
0.00836019
0.00834975
0.00834366
0.00833115
0.00832141
0.00831136
0.00829562
0.00827635
0.00825867
0.00823063
0.00820373
0.00818141
0.00814517
0.00811211
0.00807654
0.00803893
0.00799108
0.00794712
0.00789794
0.00783589
0.00778612
0.00772992
0.00766494
0.00760189
0.00754529
0.00748207
0.00741878
0.00734982
0.00729988
0.00721896
0.00670304
0.00503716
0.00364905
0.00295131
0.00246754
0.00211629
0.00195026
0.00195307
0.0022387
0.00253198
0.00174004
0.0010585
0.000637892
0.000658849
0.000658045
0.000985631
0.00149603
0.0038638
0.00534702
0.00535407
0.00532539
0.00529261
0.00526784
0.00523941
0.0052062
0.00518702
0.00514509
0.00511809
0.0050912
0.00504583
0.00498388
0.00493874
0.00492011
0.0048754
0.00484289
0.00476199
0.00837278
0.00838982
0.00840002
0.00840125
0.00840149
0.00840051
0.00839721
0.00839409
0.0083904
0.00838495
0.00838032
0.00836918
0.00835691
0.00834507
0.00832599
0.00830791
0.00829483
0.00827488
0.00824934
0.00822053
0.00818466
0.00814263
0.00809978
0.00804894
0.00800072
0.00795927
0.00791121
0.00786622
0.00782317
0.00777163
0.00771444
0.00766807
0.00761399
0.00755309
0.00749745
0.00744824
0.0073824
0.00733046
0.00727565
0.00722826
0.00715196
0.00709906
0.00704487
0.0055197
0.00420925
0.003088
0.00281364
0.00217993
0.0021553
0.00196698
0.00196263
0.00195162
0.00198855
0.00196487
0.0024217
0.00282544
0.0028811
0.00160607
0.00084314
0.000692813
0.0006694
0.000839983
0.00129304
0.00232267
0.00524984
0.00535523
0.00532429
0.00531909
0.00533186
0.00530585
0.00528618
0.00524771
0.00520502
0.00516578
0.00513177
0.00507535
0.00505199
0.00500126
0.00496648
0.00486956
0.0084404
0.00843152
0.00842381
0.00841356
0.0084053
0.00839453
0.00838209
0.0083703
0.00835762
0.00833881
0.00832033
0.0082945
0.0082698
0.0082427
0.00821139
0.00817803
0.00814331
0.0080979
0.00805402
0.00800563
0.00794752
0.00788556
0.00782813
0.00776559
0.00771118
0.00766503
0.00761774
0.00756904
0.0075311
0.00748573
0.00743866
0.00739779
0.00735842
0.00730008
0.00725457
0.00721231
0.00715855
0.00710216
0.00706452
0.00700457
0.00693816
0.00643598
0.00475927
0.00361656
0.00291704
0.00252565
0.00237132
0.00200059
0.00223971
0.00211873
0.00204044
0.00233087
0.00220637
0.00252662
0.00240843
0.002722
0.0028593
0.00365404
0.00421728
0.0023132
0.00145461
0.00077741
0.000845201
0.00105146
0.00176443
0.00302966
0.00543553
0.00541871
0.00540812
0.00539609
0.0053959
0.00537899
0.0053477
0.00532463
0.00527502
0.0052202
0.00518233
0.00512295
0.00508521
0.00500268
0.00841545
0.0083979
0.00837611
0.00834772
0.00832244
0.00829267
0.00826398
0.00823716
0.00820588
0.00817228
0.00813783
0.0080966
0.00805673
0.00801702
0.00796929
0.00792239
0.00787559
0.00781985
0.00776581
0.00771301
0.00765189
0.00759484
0.00754428
0.0074902
0.00744172
0.00740497
0.00736327
0.00732183
0.00729387
0.00725856
0.00721783
0.00718486
0.00715194
0.00709755
0.00705336
0.00701725
0.00695577
0.00689752
0.00684992
0.00678734
0.00505748
0.0042211
0.00324145
0.00275101
0.00246621
0.00247413
0.00215735
0.00231879
0.00247425
0.00230047
0.00246775
0.00286281
0.00270965
0.0029351
0.00294678
0.00375748
0.00312094
0.00384025
0.00413022
0.00527229
0.00538538
0.00331261
0.00167265
0.00094606
0.000874905
0.00116387
0.00185228
0.00293579
0.00560141
0.00555092
0.0055074
0.00547376
0.00544073
0.0054231
0.00540112
0.00536853
0.00532147
0.00527741
0.0052484
0.00516298
0.00826083
0.00822547
0.00818881
0.0081492
0.00811032
0.00806862
0.00802995
0.00799124
0.00794486
0.00789876
0.00785539
0.00780745
0.00776319
0.00772069
0.00767377
0.00763001
0.00759048
0.00754118
0.00749804
0.00746016
0.00741626
0.00737329
0.00733965
0.00729161
0.0072508
0.0072163
0.00718021
0.00713722
0.00710951
0.00707403
0.00702944
0.00699265
0.00695691
0.00689173
0.0068396
0.00678674
0.00671584
0.00664055
0.00608521
0.00450019
0.00355693
0.00330551
0.00261843
0.00252119
0.00260682
0.00251909
0.00234745
0.00294037
0.00273434
0.00271823
0.00328857
0.00336531
0.00321141
0.0036614
0.00404572
0.00409016
0.0040325
0.00487155
0.00489614
0.00505278
0.00528896
0.00527881
0.00528624
0.0042234
0.00161643
0.00121815
0.000988216
0.0013294
0.00238993
0.00476287
0.00582098
0.00576021
0.00565871
0.00555522
0.00550374
0.00546428
0.00541807
0.00537082
0.00535659
0.00531073
0.00798405
0.00793988
0.00789177
0.00784329
0.007797
0.0077513
0.00770999
0.00767235
0.00763635
0.00760705
0.00757828
0.00754682
0.00751759
0.00748915
0.00745148
0.00741951
0.00738969
0.00735056
0.00731692
0.00728718
0.00724346
0.00720341
0.00716584
0.00711484
0.00706758
0.00702857
0.0069821
0.00693178
0.00689545
0.00685026
0.00679614
0.0067448
0.00669489
0.00661402
0.00654883
0.0064839
0.0064076
0.00533664
0.00404795
0.00334478
0.00308191
0.00287199
0.00251039
0.00289169
0.00286776
0.00273557
0.00298927
0.00366997
0.00309657
0.00360693
0.00408416
0.00397495
0.00411435
0.00485278
0.00482419
0.00490989
0.00522403
0.00521365
0.00519639
0.00518662
0.00516626
0.00515444
0.00514115
0.00512167
0.00512782
0.00456772
0.00165797
0.00132172
0.00117785
0.00153019
0.00285069
0.00601394
0.00603636
0.00596729
0.00579941
0.00564704
0.00555433
0.00547205
0.00544306
0.0053919
0.0077046
0.00767223
0.00763941
0.00760479
0.00757234
0.00753825
0.0075063
0.00747678
0.00744547
0.00742025
0.00739732
0.00736807
0.00734357
0.00731648
0.00728004
0.00724678
0.00721068
0.00716334
0.00712
0.00707777
0.00702238
0.00696845
0.00691737
0.00685328
0.00679434
0.00674689
0.00669264
0.00663463
0.00659117
0.00654095
0.00647487
0.00641902
0.00636962
0.00628826
0.00622976
0.00532857
0.00398811
0.00357622
0.00284387
0.00273061
0.00272319
0.00258633
0.00261741
0.00314551
0.00283015
0.00305364
0.00363941
0.00372248
0.00352843
0.00412291
0.00477977
0.00432839
0.00499392
0.00503259
0.00501074
0.00500445
0.00498642
0.00497443
0.00494323
0.00493582
0.00491883
0.00491065
0.00488962
0.00485779
0.00484193
0.00482759
0.00483663
0.00374294
0.00149427
0.00116616
0.00134566
0.00191061
0.00348677
0.00609373
0.00611384
0.00608722
0.00594263
0.00575291
0.00568555
0.00556207
0.00754622
0.00751126
0.00747386
0.00743411
0.00739762
0.00736158
0.00732831
0.00729865
0.00726679
0.00724015
0.00721084
0.00717278
0.00713631
0.00709304
0.00704039
0.00699092
0.00693977
0.0068784
0.00682522
0.00677204
0.00670899
0.00665132
0.0066012
0.00653992
0.00648362
0.00644188
0.0063913
0.00633184
0.00629274
0.00624425
0.00617436
0.00612235
0.00608252
0.00491143
0.00379528
0.00295491
0.00258099
0.00251185
0.0021772
0.00232344
0.00250829
0.00231875
0.00270218
0.00298717
0.00284652
0.00315715
0.0038223
0.00348719
0.00386942
0.00421626
0.00477714
0.0041055
0.00474673
0.00472617
0.00471104
0.00470835
0.00468884
0.00466043
0.00465067
0.00463863
0.00461507
0.00459888
0.00458079
0.00456966
0.00455051
0.00452883
0.0045047
0.0045095
0.00452801
0.00272236
0.00119063
0.000953773
0.00141473
0.0022138
0.00447641
0.00601269
0.00603908
0.00608978
0.00609346
0.00588544
0.00732613
0.00728938
0.00725107
0.00721098
0.00717194
0.00713297
0.00709124
0.007051
0.00700608
0.00696697
0.00692343
0.00687629
0.00683423
0.00678722
0.00673408
0.00668327
0.00662975
0.00657063
0.0065173
0.00646887
0.00640916
0.00635907
0.00631888
0.00626414
0.00621458
0.00618223
0.0061345
0.00607372
0.00604042
0.00599468
0.00592249
0.00454488
0.00312692
0.00275897
0.0023409
0.00193514
0.00212
0.00204518
0.00194889
0.00227467
0.00244121
0.00223369
0.00301161
0.0029254
0.00291181
0.00334528
0.00418126
0.00353261
0.00407773
0.00451095
0.00450191
0.00441338
0.00445617
0.00443875
0.00443597
0.00442752
0.00440343
0.00439256
0.00438585
0.00436041
0.00434657
0.00433644
0.00431453
0.00430412
0.00428187
0.00426666
0.00426182
0.00424455
0.00423496
0.00423893
0.0039647
0.00182176
0.00100531
0.000874853
0.00148898
0.0025576
0.00575982
0.00584401
0.00588642
0.00597563
0.00705639
0.00701204
0.00696862
0.00692446
0.00688099
0.00683941
0.00679303
0.00675102
0.00670505
0.00666889
0.00662767
0.00658503
0.00654612
0.00649906
0.00644631
0.00639899
0.00634938
0.00629829
0.00625443
0.00621388
0.0061624
0.00612174
0.00608674
0.00603203
0.00598423
0.00595319
0.00590148
0.00583658
0.00551175
0.00358456
0.00309619
0.00233698
0.00185141
0.00190837
0.00168209
0.00164496
0.00205258
0.00178729
0.0019625
0.0024801
0.00236797
0.0024348
0.00328131
0.00286835
0.00311244
0.00400797
0.00416341
0.00355897
0.00423838
0.0042134
0.00421152
0.00419823
0.00416974
0.00416244
0.00415438
0.00413324
0.00412466
0.00411835
0.00409807
0.00408167
0.00407492
0.0040563
0.00404082
0.00403076
0.00401712
0.00400751
0.0039969
0.00398343
0.00397856
0.00396465
0.00396653
0.00397688
0.00234184
0.00138216
0.000863648
0.000918033
0.00165128
0.00277718
0.00550834
0.00569758
0.00676302
0.00672539
0.00668691
0.00664784
0.00660672
0.00657063
0.00652766
0.00648953
0.00644604
0.00640908
0.00636139
0.00631425
0.00627198
0.00622401
0.0061756
0.0061376
0.00609351
0.0060541
0.00601662
0.00597721
0.00593181
0.00589526
0.0058563
0.00579564
0.00574728
0.00571208
0.00458835
0.00344775
0.00230817
0.00195949
0.00190591
0.0013731
0.00143828
0.00168826
0.00147341
0.00168737
0.00194214
0.00171796
0.00229485
0.00269264
0.00228891
0.00284512
0.00347968
0.00299362
0.00364443
0.00399477
0.00386976
0.00397692
0.00394422
0.00393764
0.00393179
0.00390704
0.00389374
0.00388795
0.00387205
0.0038596
0.00385456
0.00384227
0.00383132
0.00381737
0.00380453
0.00378742
0.0037797
0.00376522
0.00375881
0.00374859
0.00374633
0.00373747
0.00373215
0.003719
0.00371272
0.00370708
0.00370941
0.00372905
0.00150956
0.00100468
0.000858721
0.00107904
0.00185079
0.00517238
0.00648834
0.00644831
0.00640822
0.00637283
0.00633678
0.00630381
0.00626617
0.00622925
0.0061904
0.00615478
0.00611046
0.00606757
0.00602762
0.00598166
0.00593664
0.00590139
0.00585948
0.00582435
0.00578803
0.00574466
0.00570215
0.00566785
0.00561875
0.00543982
0.00425817
0.00266277
0.00191188
0.00171614
0.00140744
0.00135002
0.00119549
0.00113073
0.00165441
0.00154638
0.00140311
0.00187705
0.00199527
0.00195328
0.00273089
0.00265628
0.00245695
0.0035188
0.00368306
0.00326938
0.00371887
0.00369371
0.00369052
0.00368157
0.0036662
0.00365861
0.00363612
0.00362121
0.00362005
0.00361514
0.00359781
0.00358857
0.00358069
0.0035711
0.00356234
0.00354875
0.00353855
0.00352478
0.00351238
0.00350323
0.00349671
0.00349352
0.00348716
0.00348388
0.00347501
0.00346615
0.00346179
0.00345237
0.00344809
0.00344297
0.00344767
0.00261066
0.00101278
0.000863846
0.000837633
0.00178846
0.00624106
0.00621122
0.00617578
0.00614279
0.00610701
0.00606619
0.00602421
0.0059788
0.00593536
0.00589307
0.00584945
0.00580887
0.00577205
0.00573639
0.00569805
0.00566743
0.00563181
0.00559404
0.00555338
0.00550356
0.00545526
0.00462653
0.00309528
0.00253154
0.00157915
0.00116929
0.00137783
0.00121015
0.000977542
0.00105819
0.00117556
0.00144412
0.00165559
0.00131709
0.00161865
0.0024647
0.00215294
0.00231648
0.00305686
0.00269365
0.0029714
0.00347375
0.00346278
0.00344466
0.00340209
0.00339277
0.00339051
0.00338051
0.0033676
0.00335311
0.00334151
0.00333867
0.0033351
0.00332337
0.00331469
0.00330859
0.00329591
0.00329126
0.00327865
0.00327135
0.00325863
0.0032478
0.00323122
0.00322544
0.00321803
0.00321566
0.00321225
0.00320961
0.00320196
0.0031964
0.00318598
0.00318259
0.00317026
0.00316979
0.00315886
0.00316051
0.00317284
0.00142716
0.000769267
0.000918863
0.00598284
0.00595223
0.005914
0.00587872
0.00584396
0.00580002
0.00576095
0.00572344
0.00568595
0.00565053
0.00561398
0.005579
0.00554395
0.00551092
0.00547074
0.00543171
0.00539784
0.00534974
0.00529817
0.00399566
0.00254328
0.00202396
0.00136858
0.000958079
0.000927278
0.00119409
0.000976198
0.000785651
0.000963502
0.00157285
0.00153765
0.00146227
0.00140274
0.0015816
0.00259349
0.00291033
0.00213093
0.00273424
0.00318802
0.00285384
0.00317674
0.00315713
0.00314299
0.00311026
0.00309186
0.003089
0.00308245
0.0030623
0.00305518
0.00304766
0.00304228
0.00303796
0.00303095
0.00302619
0.00301756
0.0030078
0.00299836
0.00299094
0.00298115
0.00297229
0.00296359
0.0029525
0.00293937
0.00293353
0.00292702
0.00292543
0.00292056
0.00291831
0.00291014
0.00290602
0.00289693
0.00289324
0.00288713
0.00288004
0.00287647
0.00287059
0.00286662
0.00287092
0.0021561
0.000787521
0.00578768
0.00575527
0.00571466
0.00567285
0.00563192
0.00558014
0.00553046
0.00549457
0.00545097
0.00541408
0.00537999
0.0053426
0.0053123
0.00527303
0.00523017
0.00518461
0.00512902
0.00370447
0.00211809
0.00166447
0.00118577
0.000773237
0.000732131
0.000963206
0.000920614
0.000777173
0.000714661
0.00105354
0.00251185
0.00165427
0.00118105
0.0014919
0.00191635
0.00297611
0.00295478
0.00251117
0.0024269
0.00287103
0.0028719
0.00286902
0.00286026
0.00284262
0.00282339
0.00280886
0.00280348
0.00279552
0.00277367
0.00276289
0.00276072
0.00275048
0.00274584
0.00273774
0.00273268
0.00272469
0.0027197
0.0027095
0.00270165
0.00269008
0.00268324
0.0026745
0.00267026
0.00265889
0.0026513
0.00264327
0.00264199
0.00263841
0.00263861
0.00263337
0.00263068
0.00262365
0.00262224
0.0026158
0.00261464
0.00260732
0.00260543
0.00259755
0.00259379
0.00258718
0.00259264
0.00172388
0.00555484
0.00551144
0.00546835
0.00541888
0.00537572
0.00532698
0.0052793
0.00525302
0.00521899
0.00517872
0.00515141
0.00511276
0.00506827
0.00502704
0.00496024
0.00355427
0.00188419
0.00142239
0.00102821
0.00065455
0.000601335
0.000782333
0.000823655
0.000723241
0.000651537
0.00078311
0.00180979
0.00258858
0.00148069
0.00110299
0.00144417
0.00268024
0.00268472
0.002648
0.00262463
0.00245642
0.00260798
0.00260531
0.00260217
0.00259708
0.00257955
0.00257072
0.00256626
0.00255736
0.00254545
0.00252838
0.00251965
0.0025152
0.00250682
0.0024958
0.00249005
0.00248145
0.00247664
0.00246926
0.00246185
0.00245082
0.00244409
0.00243708
0.00243192
0.00242502
0.00242175
0.00241474
0.00241032
0.00240537
0.00240442
0.00240174
0.00240179
0.00239738
0.00239481
0.0023899
0.00238897
0.00238618
0.00238438
0.00238068
0.00237799
0.00237259
0.00236794
0.00236052
0.00235506
0.0023544
0.00536075
0.0053119
0.00526998
0.00521978
0.00516889
0.00511802
0.00506813
0.0050331
0.00499716
0.00493794
0.00489199
0.00484578
0.00476616
0.00388594
0.00187837
0.00129183
0.000952974
0.000572349
0.000507811
0.000670169
0.000713857
0.000653635
0.000609564
0.000673608
0.00131788
0.00266474
0.00178582
0.00119663
0.00118622
0.00184099
0.00243887
0.00242718
0.0023917
0.00238327
0.00237108
0.00236687
0.00236608
0.00236714
0.0023645
0.00235132
0.00234152
0.00234102
0.00234046
0.00233666
0.0023227
0.00230966
0.00230392
0.00229543
0.00228543
0.00227515
0.002268
0.00225919
0.00225409
0.00224576
0.0022387
0.00222822
0.00222106
0.00221393
0.0022099
0.00220505
0.00220374
0.00219918
0.00219639
0.00219153
0.00219021
0.00218637
0.00218543
0.00218026
0.00217824
0.00217324
0.00217386
0.00217066
0.00217125
0.00216648
0.00216569
0.00215829
0.00215419
0.00214391
0.00213916
0.00212783
0.0051229
0.00506792
0.00502034
0.00497394
0.00491513
0.00485971
0.00481536
0.00477297
0.00472421
0.00464384
0.00456434
0.00448738
0.00218892
0.00132617
0.000941057
0.0005331
0.000457
0.000587567
0.000613163
0.000584951
0.000573343
0.000633329
0.00107307
0.00205482
0.00188034
0.00134132
0.0011759
0.00156577
0.00223075
0.00222585
0.00219602
0.00218112
0.00216837
0.00215795
0.00215189
0.00215008
0.00214999
0.00214612
0.00213376
0.00212806
0.00212796
0.00212806
0.00212602
0.00211528
0.0021047
0.00209896
0.00209226
0.00208015
0.00207185
0.00206263
0.00205343
0.00204399
0.00203771
0.00203012
0.00202393
0.0020161
0.00201039
0.00200523
0.00200184
0.00199754
0.00199547
0.0019919
0.0019903
0.00198692
0.00198506
0.00198089
0.00197883
0.00197422
0.00197194
0.0019674
0.00196741
0.00196435
0.00196542
0.00196173
0.00196053
0.00195349
0.00194946
0.00194018
0.00193496
0.00192207
0.00491644
0.00485489
0.00480196
0.00475257
0.00467552
0.00460822
0.00453963
0.00447963
0.00437495
0.00425278
0.00339125
0.00160652
0.00104392
0.000544168
0.000432674
0.000536598
0.000526694
0.000521422
0.000544017
0.000612254
0.00100318
0.00160238
0.00173176
0.00163527
0.00138079
0.00155869
0.00203822
0.0020318
0.00200803
0.00199324
0.00198446
0.00196753
0.0019598
0.00195622
0.00195059
0.00194884
0.00194065
0.00193119
0.0019293
0.00192945
0.00192947
0.0019274
0.00191971
0.00191398
0.0019097
0.00190543
0.00189746
0.00188733
0.00187831
0.00187037
0.00186208
0.00185525
0.00184987
0.00184448
0.00183891
0.00183387
0.00183063
0.00182859
0.00182615
0.00182325
0.00182042
0.00181869
0.00181777
0.00181636
0.00181438
0.00181214
0.00181016
0.00180863
0.00180568
0.00180295
0.00180049
0.00180142
0.00180103
0.00180028
0.0017981
0.00179477
0.00179268
0.00178759
0.00178283
0.00177431
0.00467219
0.00459138
0.004538
0.00446392
0.00437155
0.00427011
0.00417403
0.00405068
0.00393493
0.00247119
0.00132027
0.000633097
0.000434412
0.00049952
0.000470221
0.000464965
0.000536271
0.000631901
0.000889379
0.00135842
0.0016747
0.00165137
0.00171487
0.00189081
0.00189046
0.00188077
0.00185325
0.00184199
0.00183775
0.00182544
0.00181812
0.00181132
0.00180301
0.00180125
0.00180003
0.0017923
0.00178584
0.00178487
0.0017856
0.00178669
0.00178605
0.00178362
0.00178087
0.0017799
0.0017784
0.00177416
0.00176832
0.00176332
0.00175788
0.00175232
0.00174877
0.00174681
0.00174544
0.00174287
0.00173842
0.00173641
0.0017363
0.00173675
0.00173737
0.00173779
0.00173792
0.001738
0.00173867
0.00173954
0.00174043
0.00174127
0.00174181
0.00174232
0.00174309
0.00174394
0.00174464
0.00174668
0.0017488
0.00175044
0.00175286
0.00175727
0.00175728
0.00175653
0.00175572
0.00175663
0.00440371
0.00430899
0.00424061
0.00413084
0.0039977
0.00385696
0.00375355
0.00361096
0.00220828
0.000887242
0.000491506
0.000499404
0.000448034
0.000448506
0.000561184
0.000675547
0.00094324
0.00139933
0.00175226
0.00179542
0.00180269
0.00180577
0.00180662
0.00180585
0.00179446
0.00179048
0.00178836
0.00178512
0.00177842
0.00176859
0.0017643
0.00176592
0.00176756
0.0017675
0.0017643
0.00175848
0.00175781
0.00175969
0.00176485
0.00176802
0.00176907
0.00176928
0.00177089
0.00177455
0.00177675
0.00177955
0.00178149
0.00178089
0.00177995
0.00178042
0.00178201
0.00178395
0.00178593
0.00178713
0.0017885
0.00178999
0.00179279
0.00179587
0.00179967
0.00180298
0.00180903
0.00181874
0.00182552
0.00183208
0.00183806
0.00184432
0.00185051
0.00185725
0.0018625
0.00186677
0.00187063
0.00187745
0.0018862
0.0019035
0.00191265
0.00192625
0.00193188
0.00194505
0.00195108
0.00196775
0.00409774
0.00397392
0.00386715
0.00373653
0.00356977
0.00344691
0.00320812
0.00184998
0.000704009
0.000549558
0.000499633
0.000470198
0.000597017
0.0007797
0.00100067
0.00151518
0.00181061
0.00182848
0.00183541
0.00183851
0.00183933
0.00184163
0.00185261
0.00185948
0.00186392
0.00187422
0.00187502
0.00186832
0.00186747
0.0018719
0.00188365
0.00189025
0.00189381
0.00189348
0.00188944
0.00188985
0.00189292
0.00190339
0.00191211
0.00191726
0.00191968
0.00192343
0.00193369
0.00194541
0.00195833
0.00197203
0.00198389
0.00199078
0.00199512
0.00200147
0.00200812
0.00201563
0.00202368
0.00203175
0.0020406
0.00204991
0.00205672
0.00206274
0.00207035
0.00208722
0.00210648
0.00212947
0.00214691
0.00216531
0.0021788
0.00219616
0.00220954
0.00222651
0.00223929
0.00225581
0.00226965
0.00229228
0.002315
0.00235082
0.00237169
0.00240476
0.00242275
0.00245457
0.00247063
0.00251445
0.00374705
0.00359438
0.00349398
0.00333441
0.00305188
0.00284545
0.0016375
0.000820074
0.000627399
0.000568749
0.00071667
0.000892088
0.00118439
0.00191684
0.00191937
0.00196233
0.00199093
0.00198198
0.00197921
0.00200442
0.00203766
0.00206139
0.00207593
0.00208155
0.00209461
0.00211822
0.00213128
0.00213421
0.00214091
0.0021613
0.00218452
0.00219888
0.00220344
0.00220433
0.00220572
0.00221177
0.00222605
0.00224615
0.00226184
0.00227168
0.00228145
0.00229351
0.00231536
0.0023419
0.00237308
0.00240411
0.00242669
0.00244159
0.00245433
0.00246948
0.00248477
0.00250221
0.00251838
0.00253986
0.00256012
0.00257949
0.00259626
0.00261644
0.00264042
0.00267798
0.00271054
0.00275165
0.00278345
0.00282157
0.00284791
0.00288303
0.00290738
0.00294354
0.0029697
0.00300815
0.0030377
0.00308652
0.00312727
0.00319059
0.0032279
0.00328858
0.00332058
0.00338199
0.00341324
0.00349529
0.00335561
0.00318867
0.00301959
0.00274097
0.0024761
0.00190243
0.000981214
0.000820769
0.00082148
0.00103632
0.00142099
0.0019704
0.00216077
0.00223193
0.00225918
0.00225352
0.00226295
0.00233426
0.00238234
0.00239492
0.0024094
0.00245956
0.00251114
0.00253444
0.00254554
0.00257041
0.00260962
0.00263249
0.00266085
0.00269328
0.00271902
0.00273529
0.00275226
0.00276005
0.00277156
0.00278869
0.00281925
0.00285294
0.00288406
0.00290597
0.00292488
0.00295452
0.00299597
0.0030397
0.00308702
0.00313179
0.00317
0.00320063
0.00322756
0.00325482
0.00328209
0.00330804
0.00333473
0.00336663
0.00340102
0.0034384
0.00347168
0.00351315
0.00355516
0.00360993
0.00365957
0.00371894
0.00376686
0.00382093
0.00386033
0.00391159
0.00395001
0.00400495
0.00404712
0.00410611
0.00415308
0.00422609
0.00428672
0.00437334
0.00442935
0.00451283
0.00456073
0.0046471
0.00469493
0.00480978
0.00292094
0.00265037
0.0023717
0.0021915
0.00207996
0.00136969
0.00117794
0.00137559
0.00155065
0.00226806
0.00255633
0.00261599
0.00267071
0.00271521
0.00273776
0.00277936
0.00288155
0.00294779
0.00297258
0.00300297
0.00307876
0.00315643
0.00320349
0.00323605
0.00327072
0.0033306
0.00338137
0.00342172
0.00346097
0.00350202
0.00354361
0.00357757
0.00359286
0.00360813
0.00363542
0.00366963
0.00371415
0.00375688
0.00379701
0.00383214
0.00386917
0.00391918
0.00397193
0.00402439
0.00408093
0.00413392
0.00418047
0.00421948
0.00425502
0.00428846
0.0043237
0.00435672
0.00438992
0.00442401
0.0044654
0.00451592
0.00456074
0.00461436
0.00466565
0.00473146
0.00479029
0.00486032
0.00491607
0.00497917
0.00502675
0.00508882
0.00513623
0.00520673
0.00526002
0.00533895
0.00539622
0.0054921
0.0055621
0.00567387
0.00573756
0.0058439
0.00590003
0.00600856
0.00606204
0.00620094
0.00236762
0.00210632
0.0019417
0.00204495
0.00219503
0.00177773
0.00193444
0.00249222
0.00298241
0.00313893
0.00327598
0.00331987
0.00338332
0.00351354
0.00358222
0.00362762
0.00371621
0.0038281
0.00390319
0.00395978
0.00401471
0.00410107
0.00419459
0.00425825
0.00429084
0.00433048
0.0043973
0.00445299
0.00449934
0.00454488
0.00459301
0.00461934
0.0046267
0.0046503
0.00468324
0.00472162
0.00476451
0.00480783
0.00484513
0.00488093
0.00492372
0.00497452
0.00503082
0.0050823
0.00513231
0.00517607
0.00521746
0.00525713
0.00529644
0.00533132
0.0053589
0.00538707
0.00542248
0.0054604
0.00550361
0.00555952
0.00561125
0.00567315
0.00572692
0.00580178
0.00586572
0.00594734
0.00600742
0.00608214
0.00613552
0.00621121
0.00626589
0.00635626
0.00641748
0.00652125
0.00658174
0.00671033
0.00678409
0.00691537
0.00697892
0.00710019
0.0071597
0.00727784
0.00733269
0.00742
0.0018703
0.00182154
0.00191687
0.0024759
0.00286744
0.00243049
0.00297856
0.00369829
0.00399919
0.00413234
0.0042757
0.00438544
0.00451461
0.00461633
0.00469164
0.00475805
0.00486448
0.00495497
0.00504083
0.00510177
0.00513591
0.00519357
0.00527778
0.00533359
0.00535461
0.00539706
0.00545466
0.00549197
0.0055255
0.00556301
0.00558231
0.00557881
0.00559472
0.00561943
0.00564534
0.00567145
0.00569919
0.00572482
0.00575003
0.00578292
0.00582534
0.00587006
0.00592044
0.00596663
0.00601245
0.00604931
0.00608151
0.00611926
0.00615493
0.00618281
0.00621409
0.00624941
0.00629051
0.00633063
0.00637808
0.00644991
0.0065078
0.00658901
0.00664791
0.00674416
0.00681206
0.00691453
0.00697603
0.0070748
0.00712769
0.00722601
0.00728179
0.00739657
0.00745829
0.0075829
0.00763615
0.00775662
0.00778285
0.00788029
0.00788103
0.0079608
0.00795863
0.00805523
0.00807091
0.00820355
0.0017772
0.00205465
0.00269713
0.00363133
0.00332504
0.00296916
0.00394627
0.00520584
0.00529588
0.00535648
0.00546764
0.00557831
0.00566987
0.00575109
0.00581857
0.00586265
0.00589648
0.00594392
0.00601651
0.00605765
0.00605861
0.00608137
0.00614011
0.00616784
0.00618007
0.00621098
0.00623751
0.00625604
0.00627974
0.00628995
0.00628088
0.00628128
0.00629554
0.00631413
0.00633334
0.00635204
0.00637032
0.00638561
0.00640432
0.00643454
0.00647465
0.00651887
0.00657054
0.0066172
0.0066627
0.00669619
0.00672701
0.00676584
0.00680688
0.00684974
0.00689637
0.00694591
0.00699138
0.00705163
0.0071099
0.00721189
0.00727604
0.00738779
0.00745222
0.00757847
0.00764641
0.00776695
0.0078265
0.00793323
0.00793982
0.00800519
0.00799281
0.00807304
0.00808798
0.00821364
0.00825497
0.00839453
0.00841882
0.00853226
0.00853871
0.00865059
0.00866596
0.008805
0.0088401
0.00901846
0.00228562
0.00318375
0.00434323
0.00424177
0.00368261
0.00370616
0.00567098
0.00634671
0.00639174
0.006408
0.00643972
0.00648638
0.00651607
0.0065555
0.00659165
0.00659103
0.0065928
0.00660954
0.00662674
0.00663443
0.00663939
0.0066441
0.00665417
0.00667028
0.0066822
0.00669997
0.0067017
0.00671152
0.00672426
0.00671837
0.00670499
0.00670686
0.00672193
0.00674025
0.00675923
0.00677726
0.00679365
0.00680991
0.00683382
0.00686814
0.00690836
0.00696639
0.00702876
0.00708446
0.00713444
0.00717767
0.00721801
0.00726773
0.0073286
0.0074013
0.00745419
0.00753495
0.00758447
0.00768421
0.00775342
0.00787859
0.00794609
0.00808139
0.00814899
0.0082585
0.00824947
0.00830237
0.00828498
0.00836664
0.0083802
0.00847647
0.00848251
0.00859158
0.00861994
0.00877095
0.00882666
0.00898844
0.00902372
0.00916274
0.00918915
0.00933897
0.00937864
0.0095542
0.00961049
0.00983621
0.00367675
0.00517262
0.00528513
0.00463933
0.00411639
0.00498698
0.00702256
0.00704373
0.00700442
0.00700313
0.00699576
0.00698619
0.006986
0.00697874
0.00695839
0.00694955
0.0069458
0.00692883
0.00691095
0.00691654
0.00692534
0.00690325
0.00688705
0.0069106
0.00692202
0.00692192
0.00691511
0.00692278
0.00692923
0.00691975
0.00691272
0.00692097
0.00694157
0.00696636
0.00699227
0.00701847
0.00704478
0.00707377
0.00711052
0.00715021
0.00721268
0.00729639
0.00737202
0.00744478
0.00750318
0.00756432
0.0076205
0.00771123
0.00777571
0.00787727
0.00793073
0.00804092
0.00810084
0.00822353
0.00828696
0.0083414
0.00832115
0.00840414
0.00844513
0.00855131
0.00855978
0.00863029
0.00863433
0.00874145
0.00878148
0.00890731
0.0089443
0.00907817
0.0091338
0.00930659
0.00938464
0.00956615
0.00962226
0.00978612
0.00984063
0.0100239
0.0100903
0.0102965
0.0103743
0.0106367
0.00561646
0.0070654
0.00546132
0.00498853
0.00487679
0.00697298
0.00736368
0.00731518
0.00723923
0.00722323
0.0072052
0.00718609
0.00716196
0.00710411
0.00706828
0.00706648
0.00705543
0.00700505
0.00697015
0.00698731
0.00699417
0.00694806
0.0069265
0.00695899
0.00696809
0.0069592
0.00695375
0.0069644
0.00697219
0.00697084
0.00697953
0.00699885
0.00703022
0.0070673
0.00711227
0.00715768
0.00720355
0.00724824
0.00729528
0.0073741
0.0074666
0.00757269
0.00765201
0.00774947
0.00781202
0.00790424
0.00797212
0.00808551
0.00813691
0.00811067
0.00810631
0.0082095
0.00830334
0.00843792
0.0084692
0.00851265
0.00851379
0.00861149
0.00867843
0.00880336
0.00884507
0.0089404
0.00897921
0.00911016
0.00918366
0.0093336
0.00940454
0.0095583
0.00964171
0.00982951
0.00993203
0.0101283
0.0102095
0.0103931
0.0104752
0.0106798
0.0107691
0.01099
0.0110838
0.0113661
0.00725483
0.00779418
0.00528098
0.00551023
0.00634594
0.00753131
0.00750182
0.00739546
0.00729501
0.00726715
0.00724302
0.00720426
0.0071432
0.00705593
0.00701707
0.00701335
0.00698686
0.0069187
0.00687791
0.00690167
0.00690515
0.00685335
0.00683355
0.00687227
0.00688472
0.00687957
0.0068846
0.00690367
0.00692125
0.00693743
0.0069736
0.00701094
0.00704965
0.00711584
0.0071846
0.00725138
0.00730846
0.00738817
0.00747026
0.0075871
0.00768244
0.00779485
0.0078145
0.00776862
0.00781952
0.00800235
0.00812646
0.00819683
0.00815419
0.00814982
0.00817085
0.0082877
0.00840062
0.00854628
0.00860681
0.00867433
0.00870913
0.00882643
0.00892224
0.00906637
0.00914277
0.00926188
0.00933488
0.00948493
0.00958772
0.0097534
0.00985087
0.0100158
0.0101212
0.010315
0.0104355
0.0106353
0.0107357
0.0109262
0.0110271
0.0112343
0.0113357
0.0115517
0.0116512
0.0119271
0.00842271
0.00775942
0.00523722
0.00642978
0.00759994
0.00751581
0.00746831
0.00731953
0.00718734
0.00714958
0.00711872
0.00705827
0.00696625
0.00686328
0.0068242
0.0068158
0.00678129
0.00671041
0.0066725
0.00669989
0.00670817
0.0066696
0.00665857
0.00670245
0.0067248
0.00673934
0.00676322
0.006797
0.00683269
0.00687841
0.00692817
0.00698858
0.00706684
0.00715576
0.00723202
0.00732323
0.00740782
0.00752036
0.00762383
0.00773972
0.00783319
0.00781413
0.00768291
0.00767522
0.00776612
0.00794396
0.00807424
0.00817296
0.00817775
0.00820365
0.00825447
0.00838592
0.00851691
0.00867416
0.0087645
0.00885618
0.00892211
0.00905616
0.00917585
0.00933421
0.00943759
0.00957195
0.00966869
0.00982688
0.00994688
0.0101154
0.010226
0.0103886
0.0105027
0.0106886
0.0108144
0.0110038
0.0111118
0.0112942
0.0114013
0.0115947
0.0116966
0.0118926
0.011989
0.0122407
0.00894394
0.00704017
0.00557398
0.00771929
0.00737928
0.00733273
0.00726997
0.0070812
0.00692498
0.0068851
0.00684779
0.00677107
0.00666195
0.00655708
0.00652061
0.00651103
0.00648121
0.00642355
0.00639581
0.00642928
0.00644783
0.00644288
0.00644913
0.00650336
0.0065381
0.00657981
0.00662269
0.00667877
0.00673888
0.00680716
0.00687815
0.00697995
0.00707664
0.00717163
0.00721972
0.00717361
0.00724952
0.00741122
0.00757113
0.0077155
0.00774754
0.00768281
0.00759669
0.00762646
0.00774609
0.00791943
0.00805988
0.00818552
0.00823552
0.00828903
0.00836384
0.00850499
0.00864809
0.00881221
0.00892391
0.00903093
0.00911661
0.00925728
0.00938853
0.00954897
0.00966455
0.00980029
0.00990567
0.0100583
0.0101803
0.0103381
0.0104476
0.0105965
0.0107077
0.0108758
0.0109965
0.011167
0.0112728
0.0114381
0.011542
0.011713
0.0118079
0.0119778
0.012066
0.0122858
0.00885722
0.00618277
0.00645082
0.00734696
0.00705995
0.00701659
0.00693566
0.00671575
0.00655471
0.00651345
0.00646446
0.00637978
0.00627014
0.00617678
0.00614775
0.00614417
0.00613246
0.00610349
0.00609189
0.00614098
0.00616814
0.00620524
0.00623243
0.00628857
0.00636086
0.00642427
0.00648206
0.00656456
0.00664914
0.00674056
0.00683627
0.00694937
0.00704466
0.00705699
0.00698506
0.00699207
0.00709614
0.00725156
0.00740248
0.00754913
0.00761608
0.00759852
0.00756018
0.00762069
0.00775866
0.0079293
0.00807612
0.00821708
0.00829701
0.0083677
0.00845547
0.00859733
0.00874184
0.00890211
0.00902047
0.00912888
0.00921975
0.00935509
0.00948443
0.00963497
0.00974889
0.00987476
0.00997658
0.0101145
0.0102281
0.0103673
0.0104673
0.0105974
0.0106986
0.010845
0.0109547
0.011103
0.0112
0.0113435
0.0114375
0.0115819
0.0116649
0.0118063
0.0118829
0.0120673
0.00841423
0.00578031
0.0072918
0.00689166
0.00664429
0.00659552
0.00649673
0.00625373
0.00610118
0.00605979
0.00600369
0.00592479
0.00583235
0.00576286
0.00574896
0.00575973
0.00577016
0.00578233
0.0058003
0.00584414
0.00590724
0.00597248
0.00601528
0.00609034
0.00619578
0.00626628
0.00634349
0.00644634
0.00651609
0.00660543
0.00668763
0.00677399
0.00683512
0.00684183
0.00681502
0.00686409
0.00698069
0.00712879
0.00727268
0.00741897
0.00751722
0.00753734
0.0075312
0.00761163
0.00775556
0.00792115
0.00806578
0.00820614
0.00829624
0.008371
0.00846042
0.00859379
0.00872903
0.00887543
0.00898795
0.00908726
0.00917263
0.00929441
0.00941248
0.00954586
0.00964942
0.00975942
0.00985047
0.00996926
0.0100686
0.0101861
0.010272
0.0103808
0.0104678
0.0105904
0.0106845
0.0108077
0.0108911
0.0110093
0.0110885
0.0112046
0.0112728
0.0113855
0.0114484
0.0115959
0.00777616
0.00584899
0.0067315
0.00635695
0.00614434
0.0060902
0.00597268
0.00572221
0.00558903
0.00555026
0.00550434
0.00544858
0.00539099
0.00535191
0.00536414
0.00538422
0.00543334
0.00547068
0.00550653
0.00556766
0.0056857
0.00574676
0.00579889
0.0059003
0.00601465
0.00609186
0.00614142
0.00619245
0.00626992
0.0063641
0.00645253
0.00654972
0.00663155
0.00666688
0.00667803
0.00675255
0.0068708
0.00700828
0.00714397
0.00728304
0.00739735
0.00743814
0.00744468
0.00753246
0.00767069
0.00782494
0.00796051
0.00808804
0.00817254
0.00824133
0.00832485
0.00844361
0.00856266
0.00868888
0.00878762
0.00887217
0.00894547
0.00904811
0.00914841
0.00925997
0.00934787
0.00943878
0.00951478
0.00961179
0.00969353
0.00978797
0.00985724
0.00994334
0.0100132
0.0101107
0.0101853
0.010281
0.0103466
0.0104377
0.0104987
0.0105865
0.0106386
0.0107241
0.0107722
0.010883
0.0070576
0.00636031
0.00613943
0.00577474
0.00557408
0.00551365
0.00538077
0.0051539
0.00504847
0.00502056
0.00500598
0.00499535
0.00497208
0.00497206
0.00499766
0.00505632
0.00512821
0.0051762
0.00522344
0.00531724
0.00545073
0.00550719
0.00556982
0.00568034
0.00579361
0.00585083
0.0058845
0.00595436
0.00604348
0.00613838
0.0062301
0.0063324
0.00642591
0.00647892
0.00651113
0.00659361
0.00670552
0.00683028
0.00695308
0.00707946
0.00719228
0.00723902
0.00724424
0.00732751
0.00745135
0.00758482
0.00770794
0.00781645
0.00788615
0.00794269
0.00801515
0.00811467
0.00821308
0.00831398
0.00839324
0.00846024
0.00851761
0.00859703
0.00867483
0.00876138
0.0088306
0.00890139
0.00896046
0.00903458
0.00909686
0.00916779
0.00921928
0.00928254
0.00933359
0.00940538
0.00945002
0.00951008
0.00955008
0.00960978
0.00964663
0.00970587
0.0097392
0.00979947
0.00983075
0.00989965
0.00633119
0.00584505
0.00548269
0.00514272
0.00495411
0.00489153
0.00475272
0.0045866
0.00452715
0.00452048
0.00453913
0.00457953
0.00459489
0.00462214
0.00467201
0.00475817
0.00483351
0.00488898
0.00494285
0.00505209
0.00517575
0.00522898
0.00529497
0.00540148
0.00550363
0.00556334
0.00561206
0.00569171
0.0057815
0.00587104
0.00596023
0.0060589
0.00615104
0.00620883
0.00624637
0.00632305
0.0064222
0.00653527
0.00663667
0.00674825
0.00684433
0.0068862
0.00688617
0.00695514
0.00705523
0.00715992
0.00726528
0.00735099
0.0074032
0.00744508
0.00750218
0.00757896
0.00765398
0.00771814
0.00776793
0.00781718
0.00785896
0.00790973
0.00795662
0.00801122
0.00805694
0.00810769
0.00814927
0.00819826
0.0082366
0.00828097
0.00831152
0.00835073
0.00837877
0.00842066
0.00845147
0.0084941
0.00852298
0.00856452
0.00859031
0.00863149
0.008655
0.0086972
0.00871922
0.00876647
0.00558696
0.00508621
0.0047742
0.004474
0.00430862
0.00425334
0.00413839
0.00406162
0.00404731
0.00404902
0.00414066
0.00422102
0.00426554
0.00430824
0.00436437
0.00445138
0.00452729
0.00457861
0.00463055
0.00473386
0.00483421
0.00488139
0.004943
0.00503596
0.00511879
0.00517868
0.00525175
0.00533242
0.00541241
0.00549074
0.00557151
0.00565869
0.00573275
0.00579023
0.00582342
0.00588505
0.00596784
0.00606493
0.00614031
0.00621433
0.00627019
0.00630519
0.00632956
0.00636999
0.00642881
0.0064958
0.00655578
0.00661032
0.00664971
0.00668459
0.00672221
0.0067698
0.0068143
0.00685906
0.00689421
0.00692687
0.00695369
0.00698761
0.00702046
0.00705904
0.00709126
0.00712623
0.00715494
0.00718864
0.00721496
0.00724437
0.00726373
0.00728838
0.00730621
0.00733395
0.00735526
0.00738373
0.00740343
0.00743024
0.00744722
0.00747385
0.00748945
0.00751726
0.00753196
0.00756269
0.00483256
0.00433059
0.00405195
0.00379125
0.00366958
0.00364927
0.00357426
0.00357973
0.00361668
0.00368545
0.00381694
0.00391423
0.00396039
0.00399522
0.00403592
0.00410188
0.00416502
0.00420313
0.00424586
0.00432987
0.00439999
0.00443818
0.00449023
0.00456421
0.00462519
0.00467221
0.00472922
0.00479425
0.00485589
0.00492095
0.00498875
0.00505569
0.00511219
0.00515313
0.0051884
0.00523083
0.00528431
0.00534947
0.00541206
0.00546623
0.00550514
0.00552356
0.00553036
0.00555511
0.00559891
0.00565004
0.00569516
0.00573307
0.00575768
0.00577738
0.00580138
0.00583345
0.00586417
0.00589456
0.00591723
0.00593578
0.00595053
0.00597116
0.00599275
0.00601822
0.00603923
0.00606135
0.00607968
0.00610131
0.00611819
0.00613604
0.00614706
0.00616082
0.00617136
0.00618845
0.00620235
0.00621972
0.0062321
0.00624748
0.00625774
0.00627315
0.00628264
0.00629953
0.00630864
0.00632726
0.00404996
0.00357793
0.00333885
0.00312076
0.00308527
0.00308713
0.00308804
0.00318989
0.0033053
0.0034414
0.00354507
0.00360141
0.00361204
0.00361768
0.00363429
0.0036665
0.00370273
0.00372578
0.0037562
0.00381542
0.00384996
0.00385339
0.0038894
0.00394375
0.00398517
0.00400663
0.00404291
0.00408923
0.0041319
0.00417648
0.00422678
0.00427785
0.00431954
0.00434114
0.00435175
0.00437881
0.00442944
0.00446947
0.00451424
0.00455634
0.00459828
0.00460226
0.00458525
0.00460194
0.00463708
0.00466962
0.00470132
0.0047357
0.00474996
0.00475337
0.00476591
0.00478751
0.00480932
0.00483034
0.00484422
0.00485017
0.00485462
0.00486499
0.00487888
0.00489451
0.0049067
0.00491782
0.00492737
0.00493998
0.00495085
0.00496144
0.0049679
0.0049744
0.00498105
0.00499129
0.0050006
0.00501031
0.00501718
0.00502377
0.00502841
0.00503428
0.00503879
0.00504633
0.00505178
0.00506198
0.00323805
0.00287096
0.00265888
0.00252623
0.00254451
0.00261063
0.00275046
0.00295775
0.00312809
0.00318766
0.00318795
0.00318065
0.0031416
0.0031083
0.00306469
0.00303717
0.0030265
0.0030152
0.00301744
0.00303979
0.00305095
0.0030572
0.00308493
0.00311908
0.00314099
0.00315384
0.00317739
0.00320538
0.00323075
0.00325976
0.00329171
0.00332158
0.00334442
0.0033542
0.00335635
0.00337089
0.00339854
0.00341839
0.00344738
0.00347042
0.0034912
0.00349153
0.00347473
0.00348232
0.00350047
0.00351947
0.00353841
0.0035548
0.00356218
0.00356096
0.0035656
0.00357563
0.00358606
0.0035958
0.00360162
0.00360135
0.00360091
0.00360454
0.00361057
0.00361748
0.00362295
0.00362735
0.00363128
0.00363684
0.00364181
0.00364622
0.00364824
0.00365035
0.00365273
0.00365698
0.00366084
0.00366418
0.00366591
0.00366744
0.00366804
0.00366964
0.00367074
0.00367358
0.00367609
0.00367941
0.00243668
0.00218357
0.00203676
0.00198302
0.00211506
0.00231782
0.00256219
0.00276789
0.00283104
0.00275979
0.00263144
0.00246857
0.002349
0.00227176
0.0022326
0.00220954
0.00219585
0.00218858
0.00219043
0.00220059
0.00220488
0.00221187
0.00222965
0.00224614
0.00225422
0.00226073
0.00227341
0.00228732
0.00230093
0.00231799
0.00233484
0.00234773
0.0023555
0.00235677
0.00235338
0.00235871
0.0023694
0.00237977
0.00239357
0.00240337
0.00240858
0.00240269
0.00239129
0.00239416
0.00240169
0.00241235
0.00242156
0.00242705
0.00242802
0.00242475
0.00242534
0.00242857
0.00243182
0.00243418
0.002434
0.00243114
0.0024285
0.00242871
0.00243025
0.00243232
0.00243353
0.00243434
0.00243514
0.00243669
0.00243772
0.00243834
0.00243771
0.00243722
0.00243709
0.00243782
0.00243815
0.00243804
0.00243712
0.00243624
0.00243513
0.00243478
0.00243431
0.00243475
0.00243543
0.00243479
0.00164604
0.00154628
0.00149183
0.0015997
0.00184073
0.00208963
0.00228414
0.00237271
0.00230726
0.00204156
0.00174847
0.0015948
0.00150358
0.00145465
0.00143335
0.0014213
0.0014119
0.0014071
0.00140795
0.00140998
0.00140971
0.00141239
0.00141923
0.00142294
0.00142257
0.00142265
0.00142628
0.00143053
0.00143646
0.00144411
0.00145001
0.00145252
0.00144983
0.00144304
0.00143653
0.00143643
0.00144049
0.00144604
0.00145179
0.00145394
0.00144988
0.00143938
0.0014303
0.00143026
0.001434
0.00143994
0.00144377
0.0014439
0.00144007
0.0014357
0.00143421
0.00143455
0.00143471
0.00143354
0.00143041
0.00142614
0.00142259
0.00142126
0.00142095
0.00142077
0.00141994
0.00141894
0.00141819
0.00141782
0.00141697
0.00141565
0.00141362
0.00141174
0.00141027
0.0014093
0.00140809
0.0014066
0.0014048
0.00140308
0.00140143
0.00140021
0.00139906
0.00139829
0.001398
0.00139556
0.00102698
0.0010463
0.00119327
0.00137199
0.00152061
0.00169321
0.00179526
0.00176534
0.00152649
0.00104243
0.000831007
0.000752804
0.000706386
0.000682181
0.000671622
0.000662803
0.000651685
0.000641571
0.000636878
0.000631521
0.000622362
0.00061391
0.000611219
0.000606258
0.000597747
0.000590335
0.000585703
0.000582521
0.000580769
0.00058113
0.000581772
0.000579355
0.000572061
0.000560437
0.0005481
0.000540683
0.000540996
0.000543469
0.000547563
0.000550044
0.000544863
0.000531571
0.000518811
0.000513968
0.000515161
0.000517912
0.000520714
0.000520248
0.000514441
0.000508267
0.000504352
0.0005029
0.000502248
0.000500774
0.000497111
0.000492063
0.000487577
0.000484781
0.000483491
0.000482528
0.000480991
0.000478989
0.000477175
0.000475851
0.000474384
0.000472353
0.000469723
0.000467073
0.000464714
0.000462893
0.000461238
0.000459462
0.000457619
0.000455693
0.000453817
0.000452041
0.000450327
0.000448798
0.000447854
0.000444863
0.000632627
0.000720294
0.000868269
0.00106258
0.00102082
0.00115402
0.00125965
0.00118197
0.000803075
0.000264725
8.6274e-05
4.52193e-05
3.2918e-05
2.77782e-05
2.52512e-05
2.34367e-05
2.17316e-05
2.03154e-05
1.94062e-05
1.85579e-05
1.7588e-05
1.68664e-05
1.65386e-05
1.61139e-05
1.55024e-05
1.49698e-05
1.46446e-05
1.44289e-05
1.43031e-05
1.42944e-05
1.42728e-05
1.40916e-05
1.37056e-05
1.30538e-05
1.2385e-05
1.21379e-05
1.22311e-05
1.24381e-05
1.26651e-05
1.2698e-05
1.23961e-05
1.16891e-05
1.10061e-05
1.08546e-05
1.09639e-05
1.11454e-05
1.12458e-05
1.11599e-05
1.08885e-05
1.0593e-05
1.04584e-05
1.04378e-05
1.04239e-05
1.03428e-05
1.0163e-05
9.93034e-06
9.73541e-06
9.64328e-06
9.60168e-06
9.55681e-06
9.48277e-06
9.39733e-06
9.33146e-06
9.28367e-06
9.22462e-06
9.14015e-06
9.03431e-06
8.92954e-06
8.84781e-06
8.78578e-06
8.72755e-06
8.66192e-06
8.59045e-06
8.51464e-06
8.44072e-06
8.37164e-06
8.30801e-06
8.25282e-06
8.21542e-06
8.10691e-06
)
;

boundaryField
{
    inlet
    {
        type            calculated;
        value           nonuniform List<scalar> 
82
(
1.37815e-06
0.00015524
0.000227117
0.000312915
0.00070462
0.000854488
0.00140982
0.0031537
0.00622947
0.0156693
0.01594
0.01594
0.01594
0.01594
0.01594
0.01594
0.01594
0.01594
0.01594
0.01594
0.01594
0.01594
0.01594
0.01594
0.01594
0.01594
0.01594
0.01594
0.01594
0.01594
0.01594
0.01594
0.01594
0.01594
0.01594
0.01594
0.01594
0.01594
0.01594
0.01594
0.01594
0.01594
0.01594
0.01594
0.01594
0.01594
0.01594
0.01594
0.01594
0.01594
0.01594
0.01594
0.01594
0.01594
0.01594
0.01594
0.01594
0.01594
0.01594
0.01594
0.01594
0.01594
0.01594
0.01594
0.01594
0.01594
0.01594
0.01594
0.01594
0.01594
0.01594
0.01594
0.01594
0.01594
0.01594
0.01594
0.01594
0.01594
0.01594
0.01594
0.01594
0.01594
)
;
    }
    outlet
    {
        type            calculated;
        value           nonuniform List<scalar> 
82
(
0.00018218
0.0012075
0.00183326
0.00258882
0.00320286
0.00382997
0.00448285
0.00516033
0.00585152
0.00653516
0.00718903
0.00778448
0.00828328
0.0086454
0.00883288
0.00880554
0.0085213
0.0079073
0.00691569
0.00546163
0.00393299
0.00291157
0.00248846
0.0025338
0.00280672
0.00280405
0.00233751
0.00266922
0.00308472
0.00312369
0.00430131
0.00440801
0.00446418
0.00453328
0.00464264
0.00476199
0.00486956
0.00500268
0.00516298
0.00531073
0.0053919
0.00556207
0.00588544
0.00597563
0.00569758
0.00517238
0.00196347
0.00099376
0.00081464
0.00175832
0.0023544
0.00212783
0.00192207
0.00177431
0.00175663
0.00196775
0.00251445
0.00349529
0.00480978
0.00620094
0.00741886
0.00820477
0.00901767
0.00983573
0.0106357
0.0113653
0.0119263
0.0122401
0.0122854
0.012067
0.0115958
0.0108829
0.00989965
0.00876647
0.00756269
0.00632726
0.00506197
0.00367941
0.00243479
0.00139556
0.000444863
8.10691e-06
)
;
    }
    bottom
    {
        type            nutkWallFunction;
        Cmu             0.09;
        kappa           0.41;
        E               9.8;
        value           nonuniform List<scalar> 
196
(
8.02866e-06
3.15777e-05
2.39697e-05
1.12362e-05
0
0
7.63067e-06
3.05168e-06
0
0
1.30361e-06
3.12638e-06
0
0
2.10646e-06
2.64446e-06
3.81032e-06
0
0
0
0
0
0
2.23565e-06
0
0
0
0
0
0
0
0
0
0
0
0
0
0
0
0
0
0
0
0
0
0
0
0
0
0
0
0
0
0
0
0
0
0
0
0
0
0
0
0
0
0
0
0
0
0
0
0
0
0
0
0
0
0
0
0
0
0
0
0
0
0
0
0
0
0
0
0
0
0
0
0
0
0
0
0
0
0
0
0
0
0
0
0
0
0
0
0
0
0
0
0
0
0
0
0
0
0
0
0
0
0
0
0
0
0
0
0
3.41573e-06
1.09431e-05
1.70896e-05
2.1682e-05
2.42383e-05
2.76368e-05
2.86533e-05
3.10166e-05
3.24148e-05
3.32903e-05
3.37876e-05
3.44432e-05
3.5131e-05
3.53476e-05
3.56187e-05
3.59219e-05
3.62489e-05
3.64805e-05
3.66088e-05
3.67297e-05
3.68639e-05
3.69917e-05
3.70615e-05
3.7072e-05
3.70856e-05
3.71013e-05
3.71353e-05
3.71059e-05
3.70623e-05
3.69703e-05
3.68866e-05
3.68189e-05
3.67589e-05
3.66838e-05
3.6594e-05
3.6494e-05
3.64004e-05
3.63321e-05
3.62676e-05
3.61934e-05
3.61381e-05
3.60411e-05
3.59092e-05
3.58051e-05
3.5718e-05
3.56282e-05
3.55675e-05
3.54896e-05
3.53809e-05
3.5195e-05
3.49073e-05
3.44737e-05
3.39029e-05
3.32487e-05
3.25645e-05
3.18742e-05
3.11692e-05
3.04116e-05
2.95132e-05
2.83971e-05
2.69388e-05
2.5151e-05
2.29967e-05
1.95118e-05
)
;
    }
    top
    {
        type            nutkWallFunction;
        Cmu             0.09;
        kappa           0.41;
        E               9.8;
        value           nonuniform List<scalar> 
190
(
0.000114744
0.000133591
0.000128251
0.000115569
9.86178e-05
8.20018e-05
6.94153e-05
6.05866e-05
5.46717e-05
5.09029e-05
4.8904e-05
4.78039e-05
4.71888e-05
4.66971e-05
4.6681e-05
4.67103e-05
4.65253e-05
4.59306e-05
4.50881e-05
4.41428e-05
4.33846e-05
4.2862e-05
4.23566e-05
4.16763e-05
4.08034e-05
3.97434e-05
3.85691e-05
3.73825e-05
3.62663e-05
3.5246e-05
3.42914e-05
3.33747e-05
3.24831e-05
3.15828e-05
3.06492e-05
2.97022e-05
2.87845e-05
2.79263e-05
2.71302e-05
2.63607e-05
2.55745e-05
2.47568e-05
2.39185e-05
2.30577e-05
2.21917e-05
2.13425e-05
2.04911e-05
1.96055e-05
1.86738e-05
1.77164e-05
1.67768e-05
1.58954e-05
1.50843e-05
1.43359e-05
1.36323e-05
1.29581e-05
1.23018e-05
1.16473e-05
1.09834e-05
1.03112e-05
9.64466e-06
8.99668e-06
8.37564e-06
7.77798e-06
7.19862e-06
6.6237e-06
6.03604e-06
5.41881e-06
4.77124e-06
4.09965e-06
3.41542e-06
2.73304e-06
2.06886e-06
1.43609e-06
8.47471e-07
2.78301e-07
2.40999e-08
3.20182e-07
1.91567e-06
2.18875e-06
5.38812e-07
1.24076e-06
1.50056e-06
4.44502e-06
2.24429e-07
2.80721e-06
2.19412e-06
8.02471e-07
6.88225e-07
4.43584e-06
0
3.86413e-06
2.10059e-06
4.34026e-06
2.86789e-06
8.77939e-07
0
0
1.61523e-06
3.63522e-06
5.68827e-07
0
0
1.37266e-06
0
3.73088e-06
2.6009e-06
3.85345e-06
1.96658e-06
4.21429e-06
0
0
0
0
0
0
0
0
0
0
0
0
0
0
0
0
0
0
0
0
0
0
0
0
0
0
0
0
0
0
0
0
0
0
0
0
0
0
0
0
0
0
0
0
0
0
0
0
0
0
0
0
0
0
0
0
0
0
0
0
0
0
0
0
0
0
0
0
0
0
0
0
0
0
0
0
0
0
0
0
)
;
    }
    upstream
    {
        type            symmetryPlane;
    }
    defaultFaces
    {
        type            empty;
    }
}


// ************************************************************************* //
