/*--------------------------------*- C++ -*----------------------------------*\
  =========                 |
  \\      /  F ield         | OpenFOAM: The Open Source CFD Toolbox
   \\    /   O peration     | Website:  https://openfoam.org
    \\  /    A nd           | Version:  13
     \\/     M anipulation  |
\*---------------------------------------------------------------------------*/
FoamFile
{
    format      ascii;
    class       volScalarField;
    location    "0.0014";
    object      rho;
}
// * * * * * * * * * * * * * * * * * * * * * * * * * * * * * * * * * * * * * //

dimensions      [1 -3 0 0 0 0 0];

internalField   nonuniform List<scalar> 
16072
(
0.178614
0.129965
0.0981944
0.07986
0.0704875
0.0652622
0.205315
0.177714
0.144801
0.121565
0.106085
0.0953205
0.214168
0.206627
0.185382
0.162586
0.143587
0.128841
0.213508
0.21973
0.210381
0.194093
0.1778
0.163424
0.21096
0.222583
0.221053
0.21307
0.201901
0.190748
0.208559
0.222057
0.225548
0.222407
0.21556
0.207914
0.207042
0.21832
0.225741
0.225665
0.222286
0.217092
0.206186
0.214483
0.225014
0.226741
0.225222
0.221627
0.20577
0.210789
0.221669
0.226698
0.226199
0.224131
0.205558
0.208511
0.217724
0.225976
0.225995
0.225313
0.205472
0.207036
0.213163
0.223323
0.225437
0.225699
0.205433
0.206191
0.210036
0.219174
0.224593
0.225685
0.205414
0.205766
0.207794
0.214031
0.221935
0.225521
0.205405
0.20556
0.206547
0.210137
0.218117
0.224843
0.205402
0.20547
0.205901
0.207728
0.213094
0.221566
0.2054
0.205429
0.205612
0.206417
0.209354
0.21634
0.2054
0.205411
0.205487
0.205825
0.207164
0.210964
0.2054
0.205403
0.205433
0.205568
0.206122
0.207678
0.2054
0.205401
0.205411
0.205464
0.205669
0.206308
0.2054
0.2054
0.205403
0.205422
0.205498
0.205738
0.2054
0.2054
0.205401
0.205407
0.205433
0.205519
0.2054
0.2054
0.2054
0.205402
0.20541
0.205438
0.2054
0.2054
0.2054
0.2054
0.205402
0.205411
0.2054
0.2054
0.2054
0.2054
0.2054
0.205403
0.2054
0.2054
0.2054
0.2054
0.2054
0.2054
0.2054
0.2054
0.2054
0.2054
0.2054
0.2054
0.2054
0.2054
0.2054
0.2054
0.2054
0.2054
0.2054
0.2054
0.2054
0.2054
0.2054
0.2054
0.2054
0.2054
0.2054
0.2054
0.2054
0.2054
0.2054
0.2054
0.2054
0.2054
0.2054
0.2054
0.2054
0.2054
0.2054
0.2054
0.2054
0.2054
0.2054
0.2054
0.2054
0.2054
0.2054
0.2054
0.2054
0.2054
0.2054
0.2054
0.2054
0.2054
0.2054
0.2054
0.2054
0.2054
0.2054
0.2054
0.2054
0.2054
0.2054
0.2054
0.2054
0.2054
0.2054
0.2054
0.2054
0.2054
0.2054
0.2054
0.2054
0.2054
0.2054
0.2054
0.2054
0.2054
0.2054
0.2054
0.2054
0.2054
0.2054
0.2054
0.2054
0.2054
0.2054
0.2054
0.2054
0.2054
0.2054
0.2054
0.2054
0.2054
0.2054
0.2054
0.2054
0.2054
0.2054
0.2054
0.2054
0.2054
0.2054
0.2054
0.2054
0.2054
0.2054
0.2054
0.2054
0.2054
0.2054
0.2054
0.2054
0.2054
0.2054
0.2054
0.2054
0.2054
0.2054
0.2054
0.2054
0.2054
0.2054
0.2054
0.2054
0.2054
0.2054
0.2054
0.2054
0.2054
0.2054
0.2054
0.2054
0.2054
0.2054
0.2054
0.2054
0.2054
0.2054
0.2054
0.2054
0.2054
0.2054
0.2054
0.2054
0.2054
0.2054
0.2054
0.2054
0.2054
0.2054
0.2054
0.2054
0.2054
0.2054
0.2054
0.2054
0.2054
0.2054
0.2054
0.2054
0.2054
0.2054
0.2054
0.2054
0.2054
0.2054
0.2054
0.2054
0.2054
0.2054
0.2054
0.2054
0.2054
0.2054
0.2054
0.2054
0.2054
0.2054
0.2054
0.2054
0.2054
0.2054
0.2054
0.2054
0.2054
0.2054
0.2054
0.2054
0.2054
0.2054
0.2054
0.2054
0.2054
0.2054
0.2054
0.2054
0.2054
0.2054
0.2054
0.2054
0.2054
0.2054
0.2054
0.2054
0.2054
0.2054
0.2054
0.2054
0.2054
0.2054
0.2054
0.2054
0.2054
0.2054
0.2054
0.2054
0.2054
0.2054
0.2054
0.2054
0.2054
0.2054
0.2054
0.2054
0.2054
0.2054
0.2054
0.2054
0.2054
0.2054
0.2054
0.2054
0.2054
0.2054
0.2054
0.2054
0.2054
0.2054
0.2054
0.2054
0.2054
0.2054
0.2054
0.2054
0.2054
0.2054
0.2054
0.2054
0.2054
0.2054
0.2054
0.2054
0.2054
0.2054
0.2054
0.2054
0.2054
0.2054
0.2054
0.2054
0.2054
0.2054
0.2054
0.2054
0.2054
0.2054
0.2054
0.2054
0.2054
0.2054
0.2054
0.2054
0.2054
0.2054
0.205401
0.2054
0.2054
0.2054
0.2054
0.2054
0.205402
0.2054
0.2054
0.2054
0.2054
0.2054
0.205403
0.2054
0.2054
0.2054
0.2054
0.2054
0.205405
0.2054
0.2054
0.2054
0.2054
0.2054
0.205405
0.2054
0.2054
0.2054
0.2054
0.2054
0.205402
0.2054
0.2054
0.2054
0.2054
0.2054
0.205391
0.2054
0.2054
0.2054
0.2054
0.205401
0.205382
0.2054
0.2054
0.2054
0.2054
0.205401
0.205376
0.2054
0.2054
0.2054
0.2054
0.205401
0.20537
0.2054
0.2054
0.2054
0.2054
0.205401
0.205354
0.2054
0.2054
0.2054
0.2054
0.205402
0.205355
0.2054
0.2054
0.2054
0.2054
0.205402
0.205145
0.0618489
0.0594589
0.0578966
0.0565528
0.0555637
0.0548967
0.0542906
0.0537469
0.0532896
0.0528637
0.0524593
0.0521135
0.051832
0.0515831
0.0513471
0.0511305
0.0509357
0.0507553
0.0505877
0.0504332
0.0503
0.0501839
0.0500765
0.0499719
0.0498706
0.0497753
0.0496918
0.0496172
0.0495522
0.0494923
0.0494201
0.0492461
0.049039
0.0488322
0.0486329
0.0484428
0.0482579
0.0480848
0.0479287
0.0477753
0.0476276
0.0474919
0.0473646
0.0472524
0.0471676
0.0471198
0.0471704
0.047241
0.0472539
0.0472588
0.047254
0.0472393
0.0472143
0.0471831
0.0471479
0.047113
0.0470787
0.0470465
0.0470142
0.0469838
0.0469536
0.0469249
0.0468954
0.0468679
0.04684
0.0468137
0.0467865
0.0467619
0.0467377
0.0467163
0.0466943
0.0466743
0.0466533
0.0466341
0.0466141
0.0465969
0.0465792
0.0465641
0.0465476
0.046533
0.0465168
0.0465025
0.0464871
0.0464742
0.0464607
0.04645
0.0464385
0.0464289
0.0464175
0.0464074
0.0463957
0.046386
0.0463747
0.0463664
0.0463569
0.0463502
0.046342
0.0463361
0.0463282
0.0463217
0.0463132
0.0463066
0.0462985
0.0462921
0.0462856
0.0462797
0.0462743
0.0462695
0.0462666
0.0462689
0.0869995
0.0807564
0.0764117
0.0728811
0.0701626
0.0681455
0.0663894
0.0648127
0.0634282
0.062153
0.0609694
0.0599251
0.0590149
0.0581912
0.0574211
0.0567107
0.0560672
0.0554811
0.0549409
0.0544445
0.0539921
0.0535821
0.0532062
0.0528531
0.0525215
0.0522129
0.0519285
0.0516695
0.0514307
0.0512096
0.0509964
0.0507671
0.0505204
0.0502756
0.0500388
0.0498116
0.0495968
0.0493916
0.0491961
0.0490165
0.0488435
0.0486805
0.0485259
0.0483849
0.048264
0.0481661
0.0481531
0.0481687
0.0481446
0.0481205
0.0480944
0.0480643
0.048027
0.0479849
0.0479394
0.0478945
0.0478499
0.0478072
0.0477642
0.0477233
0.0476826
0.0476436
0.0476039
0.0475664
0.0475286
0.0474925
0.0474556
0.0474214
0.0473876
0.0473565
0.0473248
0.0472953
0.0472649
0.0472365
0.0472074
0.0471814
0.047155
0.0471314
0.0471066
0.0470838
0.0470596
0.0470375
0.0470143
0.046994
0.046973
0.0469551
0.0469362
0.0469194
0.0469009
0.0468839
0.0468653
0.046849
0.0468311
0.0468165
0.0468007
0.0467878
0.0467735
0.0467615
0.0467477
0.0467353
0.0467211
0.0467087
0.0466951
0.0466832
0.0466713
0.0466598
0.0466492
0.046639
0.046631
0.0466254
0.116167
0.106134
0.0987892
0.0927078
0.0879413
0.0842708
0.0810888
0.0782998
0.0759019
0.0737446
0.0717688
0.0700221
0.068493
0.0671111
0.0658241
0.0646329
0.0635502
0.0625643
0.061654
0.0608122
0.0600352
0.0593214
0.0586614
0.0580416
0.057458
0.0569106
0.0563998
0.0559252
0.0554818
0.0550665
0.054673
0.0543205
0.0539807
0.0536513
0.0533339
0.0530288
0.0527395
0.0524658
0.0522019
0.0519566
0.0517223
0.051502
0.0512937
0.0510988
0.0509211
0.0507698
0.0506849
0.0506056
0.050494
0.0504045
0.050336
0.0502757
0.050214
0.0501499
0.050083
0.050017
0.0499505
0.0498858
0.0498202
0.0497567
0.0496934
0.0496323
0.0495705
0.0495112
0.0494518
0.0493943
0.0493359
0.0492806
0.0492255
0.0491733
0.0491205
0.0490703
0.0490193
0.0489709
0.048922
0.0488766
0.048831
0.0487888
0.0487454
0.0487047
0.0486627
0.0486234
0.0485832
0.0485465
0.048509
0.0484751
0.04844
0.0484073
0.0483729
0.0483405
0.0483065
0.0482754
0.0482428
0.0482139
0.0481841
0.0481574
0.0481295
0.0481039
0.0480767
0.048051
0.0480238
0.0479987
0.0479724
0.0479479
0.0479237
0.0478998
0.0478773
0.0478548
0.0478352
0.0478117
0.14962
0.137226
0.127443
0.118851
0.111744
0.105957
0.100818
0.0962903
0.0924056
0.0889632
0.0858576
0.0831298
0.080758
0.0786385
0.0766911
0.074904
0.0732855
0.0718208
0.0704787
0.0692412
0.0681006
0.0670502
0.0660799
0.0651716
0.0643184
0.0635176
0.0627698
0.0620708
0.0614161
0.0608001
0.0602163
0.0596919
0.0592082
0.0587516
0.0583164
0.0579007
0.0575022
0.0571271
0.056769
0.0564288
0.0561092
0.0558073
0.0555196
0.0552434
0.054981
0.0547426
0.0545523
0.0543722
0.054196
0.0540588
0.0539525
0.0538608
0.0537708
0.0536799
0.0535862
0.0534933
0.0533994
0.0533069
0.0532127
0.0531204
0.0530279
0.0529378
0.0528469
0.052759
0.052671
0.0525851
0.0524982
0.0524146
0.0523313
0.0522512
0.0521704
0.052093
0.0520148
0.0519398
0.0518644
0.0517931
0.0517219
0.0516548
0.0515865
0.0515217
0.0514556
0.0513931
0.0513299
0.051271
0.0512115
0.051156
0.0510992
0.0510452
0.0509892
0.0509357
0.0508809
0.0508295
0.0507769
0.0507286
0.0506797
0.0506343
0.0505878
0.0505438
0.0504982
0.0504546
0.0504095
0.0503668
0.0503232
0.0502814
0.0502403
0.0501995
0.0501604
0.0501211
0.0500858
0.0500376
0.178651
0.167117
0.157226
0.147704
0.139408
0.132265
0.125503
0.119261
0.113704
0.108677
0.104092
0.100028
0.0964784
0.0933208
0.0904481
0.0878361
0.08548
0.083363
0.0814449
0.0796923
0.0780877
0.0766173
0.0752639
0.0740055
0.0728301
0.071732
0.0707082
0.0697545
0.0688623
0.0680229
0.0672275
0.0664946
0.0658198
0.0651923
0.0645988
0.0640358
0.0634978
0.0629884
0.0625053
0.0620495
0.0616192
0.0612068
0.0608161
0.0604421
0.0600844
0.0597548
0.0594699
0.0591791
0.0588986
0.0586868
0.0585258
0.058392
0.0582651
0.0581404
0.0580139
0.0578893
0.057764
0.0576403
0.0575143
0.05739
0.0572652
0.0571429
0.0570194
0.0568996
0.0567796
0.0566621
0.0565431
0.0564281
0.0563138
0.0562034
0.0560924
0.0559852
0.0558774
0.0557734
0.0556692
0.0555697
0.0554704
0.0553757
0.0552801
0.0551885
0.055096
0.0550078
0.0549193
0.0548361
0.0547524
0.0546735
0.0545931
0.0545157
0.0544362
0.0543596
0.0542816
0.0542079
0.0541332
0.0540637
0.0539939
0.0539281
0.0538613
0.0537973
0.0537317
0.0536682
0.0536036
0.0535417
0.0534792
0.0534187
0.0533593
0.0533
0.0532431
0.0531851
0.0531333
0.0530583
0.199423
0.190367
0.182528
0.174333
0.166727
0.159798
0.152827
0.145997
0.139503
0.133278
0.127339
0.121868
0.116929
0.112441
0.108313
0.104541
0.101126
0.0980544
0.0952863
0.0927768
0.0904966
0.0884207
0.086522
0.0847714
0.0831503
0.0816475
0.0802549
0.0789665
0.0777661
0.0766415
0.0755809
0.0745898
0.073671
0.072819
0.0720177
0.0712615
0.070543
0.0698631
0.0692202
0.0686153
0.0680414
0.067492
0.0669736
0.0664771
0.0660011
0.0655521
0.0651486
0.0647304
0.0643241
0.0640074
0.0637626
0.063562
0.0633777
0.0632025
0.0630301
0.0628629
0.0626973
0.0625349
0.0623709
0.0622089
0.0620467
0.0618874
0.0617271
0.0615711
0.0614155
0.0612627
0.0611083
0.0609585
0.0608099
0.0606663
0.0605223
0.0603828
0.0602429
0.0601075
0.059972
0.059842
0.0597122
0.0595877
0.0594623
0.0593416
0.0592203
0.0591043
0.0589884
0.0588789
0.0587694
0.0586654
0.0585599
0.0584576
0.058353
0.0582516
0.058149
0.0580513
0.0579531
0.0578609
0.0577689
0.0576815
0.0575933
0.0575082
0.0574216
0.0573373
0.0572522
0.0571701
0.0570879
0.0570078
0.0569294
0.056851
0.0567755
0.0566986
0.0566294
0.0565268
0.211202
0.205091
0.199689
0.193609
0.187974
0.182623
0.176863
0.171029
0.165183
0.15917
0.153051
0.14707
0.141361
0.135904
0.130668
0.125717
0.121114
0.116881
0.113011
0.109476
0.106254
0.103318
0.100635
0.098172
0.0959056
0.0938197
0.0919008
0.0901356
0.0885004
0.0869779
0.0855516
0.0842164
0.0829736
0.0818194
0.0807388
0.0797233
0.0787629
0.0778575
0.0770038
0.0762002
0.0754385
0.0747173
0.0740341
0.0733815
0.0727578
0.0721623
0.0716196
0.071059
0.0704916
0.070023
0.0696527
0.0693497
0.0690778
0.0688258
0.0685848
0.0683556
0.068133
0.0679174
0.0677025
0.0674916
0.0672817
0.067076
0.0668702
0.06667
0.0664714
0.0662766
0.0660804
0.0658893
0.0657001
0.065517
0.0653341
0.0651567
0.0649794
0.0648075
0.0646359
0.0644705
0.0643057
0.0641466
0.063987
0.0638328
0.0636783
0.0635302
0.063383
0.0632433
0.0631045
0.0629719
0.0628381
0.0627078
0.062575
0.0624456
0.0623152
0.0621905
0.0620657
0.061948
0.061831
0.0617196
0.0616076
0.0614991
0.061389
0.0612816
0.0611736
0.0610694
0.0609652
0.0608639
0.0607644
0.0606656
0.0605694
0.0604721
0.0603838
0.0602512
0.217386
0.21279
0.209435
0.205338
0.201651
0.198143
0.194157
0.190069
0.185837
0.181238
0.176305
0.171201
0.166014
0.160736
0.155373
0.15002
0.144786
0.13974
0.134931
0.130391
0.126148
0.122204
0.118546
0.115155
0.112018
0.109127
0.10647
0.104028
0.101772
0.0996803
0.0977316
0.095913
0.0942211
0.0926493
0.0911827
0.0898088
0.0885157
0.0873005
0.086159
0.0850877
0.0840749
0.0831253
0.0822212
0.0813619
0.0805438
0.0797581
0.0790323
0.0783006
0.077543
0.0768806
0.0763404
0.0758923
0.0754936
0.0751295
0.0747881
0.0744684
0.0741633
0.0738717
0.0735857
0.0733073
0.073033
0.0727655
0.0725001
0.0722426
0.0719888
0.0717407
0.0714924
0.0712502
0.0710106
0.0707788
0.0705485
0.0703249
0.0701023
0.0698865
0.0696719
0.0694644
0.069258
0.069058
0.0688579
0.0686639
0.0684703
0.0682842
0.0681001
0.0679249
0.0677517
0.067586
0.0674193
0.0672565
0.0670911
0.0669294
0.0667668
0.0666108
0.0664554
0.0663082
0.0661626
0.0660235
0.0658842
0.065749
0.0656121
0.0654785
0.0653443
0.0652149
0.0650858
0.0649606
0.0648372
0.0647153
0.0645962
0.0644759
0.0643662
0.0642001
0.220472
0.2169
0.214315
0.211492
0.209284
0.207114
0.204507
0.20206
0.199478
0.196504
0.19322
0.189726
0.185995
0.181964
0.177634
0.173079
0.168384
0.163593
0.158763
0.153957
0.149245
0.144674
0.140268
0.13605
0.132047
0.128285
0.124772
0.121503
0.118455
0.115613
0.112959
0.11048
0.108172
0.106026
0.104024
0.102151
0.100394
0.0987471
0.0972046
0.0957612
0.0944037
0.0931363
0.0919282
0.0907881
0.0897062
0.0886672
0.087699
0.0867482
0.0857604
0.0848539
0.0840877
0.0834396
0.0828635
0.082341
0.0818567
0.0814073
0.0809837
0.0805834
0.0801961
0.0798228
0.0794588
0.079106
0.0787592
0.0784243
0.0780966
0.0777779
0.0774613
0.0771528
0.0768486
0.0765543
0.0762635
0.0759815
0.0757021
0.0754314
0.0751633
0.074904
0.0746466
0.0743968
0.0741472
0.0739048
0.0736636
0.0734314
0.0732024
0.0729843
0.0727695
0.072564
0.0723582
0.0721568
0.0719527
0.0717527
0.0715521
0.0713591
0.0711673
0.0709852
0.0708056
0.0706341
0.0704627
0.0702963
0.0701281
0.0699639
0.0697991
0.0696404
0.0694823
0.0693293
0.0691782
0.0690297
0.0688841
0.0687373
0.0686033
0.0683997
0.222524
0.21909
0.216741
0.21461
0.213139
0.211778
0.210004
0.208668
0.207274
0.205563
0.203641
0.20158
0.199306
0.196734
0.193858
0.190724
0.187364
0.183765
0.179938
0.175924
0.171777
0.167544
0.163251
0.15894
0.154663
0.150479
0.146425
0.142527
0.138789
0.135219
0.131824
0.128608
0.125577
0.12273
0.120056
0.11754
0.115171
0.112945
0.110859
0.108906
0.107076
0.105364
0.103738
0.102213
0.100768
0.0993828
0.0980878
0.0968402
0.0955595
0.0943432
0.093276
0.0923549
0.0915347
0.0907926
0.0901083
0.0894761
0.0888849
0.0883301
0.0877992
0.0872918
0.0868016
0.0863296
0.0858697
0.0854277
0.0849984
0.0845833
0.0841745
0.083777
0.0833868
0.0830098
0.0826394
0.0822809
0.0819275
0.0815856
0.0812488
0.0809233
0.0806014
0.0802885
0.0799768
0.0796736
0.0793727
0.0790827
0.0787976
0.0785259
0.0782596
0.0780049
0.0777511
0.0775026
0.0772514
0.0770051
0.0767581
0.0765203
0.0762843
0.07606
0.0758392
0.0756285
0.0754186
0.0752149
0.0750092
0.0748086
0.0746073
0.0744137
0.0742209
0.0740348
0.073851
0.0736709
0.0734941
0.0733162
0.0731537
0.0729089
0.224079
0.220948
0.218055
0.216373
0.215113
0.214081
0.212669
0.211983
0.211284
0.21034
0.209309
0.208242
0.207022
0.205553
0.20385
0.201972
0.19993
0.197679
0.195188
0.192463
0.189523
0.18639
0.183068
0.179581
0.175962
0.172256
0.168494
0.164703
0.16091
0.157138
0.153417
0.149774
0.146237
0.142824
0.139544
0.136398
0.133389
0.130524
0.12781
0.125243
0.122827
0.120544
0.118378
0.116341
0.114416
0.112571
0.110843
0.109201
0.107538
0.105916
0.104442
0.103146
0.10199
0.100945
0.0999836
0.0990961
0.0982697
0.0974981
0.0967653
0.0960689
0.0954008
0.0947612
0.094143
0.0935519
0.0929814
0.0924325
0.0918961
0.0913765
0.0908691
0.0903801
0.0899024
0.0894409
0.0889883
0.0885516
0.0881237
0.0877109
0.0873046
0.08691
0.0865178
0.0861361
0.0857582
0.0853938
0.0850366
0.0846963
0.0843641
0.084047
0.0837325
0.083425
0.083115
0.0828108
0.0825063
0.0822126
0.0819217
0.0816449
0.081373
0.0811139
0.0808565
0.080607
0.0803556
0.0801105
0.0798648
0.0796286
0.0793937
0.0791673
0.0789437
0.0787253
0.0785109
0.0782956
0.0780989
0.0778092
0.224878
0.222529
0.219313
0.217642
0.216222
0.215328
0.214063
0.213629
0.2132
0.212688
0.212185
0.211659
0.211042
0.210263
0.209329
0.208293
0.207172
0.205922
0.204499
0.202886
0.201088
0.199114
0.196966
0.194645
0.192159
0.18952
0.186735
0.183808
0.18075
0.177579
0.17432
0.170998
0.167634
0.164255
0.160883
0.157534
0.154226
0.150985
0.14783
0.144778
0.141844
0.139017
0.136302
0.133712
0.131241
0.128861
0.12661
0.124489
0.122361
0.120242
0.118249
0.116462
0.114857
0.113402
0.112063
0.110828
0.109678
0.108605
0.107591
0.106632
0.105717
0.104844
0.104004
0.103204
0.102437
0.101702
0.100989
0.100301
0.0996318
0.0989884
0.098363
0.0977604
0.097173
0.0966076
0.0960566
0.0955263
0.0950068
0.0945029
0.0940039
0.0935182
0.0930389
0.0925767
0.0921249
0.0916947
0.0912766
0.0908781
0.0904849
0.0901013
0.0897158
0.0893377
0.0889599
0.088595
0.0882343
0.0878907
0.087554
0.0872335
0.0869163
0.0866093
0.0863006
0.086
0.085699
0.0854096
0.0851222
0.0848457
0.0845727
0.0843068
0.0840459
0.0837846
0.083546
0.0832048
0.225169
0.223768
0.220821
0.218899
0.216921
0.216001
0.214897
0.214518
0.214133
0.213808
0.2136
0.213363
0.213055
0.212634
0.212132
0.211586
0.211003
0.210359
0.209612
0.20873
0.207713
0.206573
0.205322
0.203956
0.20247
0.200854
0.199107
0.197221
0.195193
0.193024
0.190724
0.188299
0.185752
0.183092
0.180331
0.177478
0.174549
0.171566
0.168557
0.16554
0.16254
0.159555
0.156608
0.15371
0.150884
0.148103
0.145413
0.142863
0.140315
0.137722
0.135191
0.132848
0.130713
0.128764
0.126959
0.125283
0.12372
0.12226
0.120879
0.119569
0.118319
0.117131
0.115993
0.114913
0.113877
0.112886
0.111928
0.111009
0.110119
0.109265
0.108439
0.107643
0.106871
0.10613
0.105411
0.104721
0.104048
0.103397
0.102754
0.102129
0.101514
0.100921
0.100343
0.0997929
0.0992605
0.098754
0.0982568
0.0977727
0.0972883
0.0968136
0.09634
0.0958825
0.0954311
0.0950008
0.09458
0.0941803
0.0937858
0.0934049
0.0930227
0.0926512
0.0922795
0.0919224
0.0915681
0.0912279
0.090892
0.0905663
0.0902462
0.0899275
0.0896361
0.0892323
0.224486
0.224033
0.222266
0.220106
0.217599
0.216563
0.215498
0.215105
0.21459
0.214416
0.214342
0.214233
0.21405
0.21379
0.213525
0.213266
0.212978
0.212649
0.212265
0.211801
0.211249
0.210614
0.209912
0.209146
0.208313
0.207401
0.206406
0.205313
0.204118
0.202818
0.201417
0.199914
0.198301
0.196568
0.194715
0.192742
0.190652
0.18845
0.186152
0.183767
0.181314
0.178791
0.17621
0.173581
0.170918
0.168228
0.165523
0.162905
0.160275
0.157518
0.15469
0.151949
0.149379
0.146994
0.144767
0.142674
0.140691
0.138816
0.137032
0.135335
0.133707
0.132144
0.130639
0.129204
0.127834
0.126525
0.12526
0.124041
0.122861
0.121727
0.120633
0.119585
0.118572
0.117599
0.116657
0.115752
0.114873
0.114022
0.113188
0.112377
0.111582
0.110817
0.110072
0.109363
0.108678
0.108026
0.107389
0.10677
0.106154
0.105551
0.104951
0.104371
0.1038
0.103256
0.102725
0.102221
0.101725
0.101247
0.100768
0.100304
0.0998395
0.0993944
0.0989529
0.0985305
0.098113
0.0977102
0.0973135
0.0969218
0.0965615
0.0960793
0.223421
0.224371
0.223592
0.221403
0.21866
0.217251
0.216108
0.215627
0.214946
0.214706
0.214713
0.214684
0.214582
0.21439
0.214245
0.214128
0.213995
0.213833
0.213636
0.213392
0.213091
0.212735
0.212336
0.211904
0.211434
0.210922
0.210365
0.209754
0.209084
0.208349
0.207556
0.206706
0.205791
0.204794
0.203703
0.202518
0.201236
0.199856
0.198382
0.196816
0.195163
0.193421
0.191594
0.189669
0.187667
0.185583
0.183416
0.181251
0.179069
0.176715
0.174142
0.171471
0.168859
0.166376
0.164008
0.161753
0.159598
0.157519
0.155486
0.153504
0.151582
0.149727
0.147929
0.146185
0.144486
0.142842
0.141249
0.139715
0.138227
0.13679
0.135391
0.134042
0.132733
0.131476
0.130259
0.129092
0.12796
0.126865
0.12579
0.124745
0.123719
0.12273
0.12177
0.120856
0.119974
0.119134
0.118315
0.117521
0.116732
0.115961
0.115196
0.114456
0.113729
0.113036
0.11236
0.111719
0.111088
0.110481
0.109876
0.109289
0.108704
0.108143
0.107587
0.107056
0.106532
0.106028
0.105531
0.105045
0.104592
0.10401
0.22205
0.224371
0.224122
0.222645
0.220182
0.218071
0.216758
0.21615
0.21531
0.21487
0.214937
0.214925
0.214793
0.214675
0.214631
0.214583
0.21452
0.214448
0.214359
0.214236
0.214068
0.213859
0.213624
0.213374
0.213105
0.21281
0.212484
0.21213
0.211746
0.211332
0.210887
0.210414
0.20991
0.209362
0.20876
0.208099
0.207375
0.206584
0.205724
0.204802
0.203815
0.202766
0.201653
0.200458
0.199175
0.197839
0.196398
0.194915
0.193441
0.191861
0.190029
0.187935
0.185735
0.183583
0.181524
0.179523
0.177559
0.175655
0.173786
0.171919
0.170037
0.168151
0.166285
0.164469
0.162693
0.16094
0.159189
0.157454
0.155742
0.154076
0.152451
0.150877
0.149336
0.147831
0.146353
0.144917
0.143516
0.142161
0.140832
0.139537
0.138264
0.137032
0.135828
0.134674
0.133556
0.132488
0.131448
0.130442
0.129446
0.128472
0.127506
0.126571
0.125651
0.124772
0.123915
0.123098
0.122297
0.121525
0.120758
0.120015
0.119274
0.118565
0.117863
0.117193
0.116531
0.115897
0.11527
0.114662
0.114084
0.113369
0.217898
0.223967
0.223819
0.223251
0.221789
0.219314
0.217661
0.216663
0.215645
0.215078
0.215116
0.215024
0.214814
0.214792
0.214813
0.214809
0.214781
0.214741
0.214704
0.214656
0.21458
0.214469
0.214329
0.214175
0.214009
0.213831
0.213636
0.21342
0.213185
0.212933
0.212668
0.212394
0.212109
0.211805
0.211473
0.21111
0.210709
0.210266
0.209777
0.209249
0.208683
0.208085
0.207456
0.206784
0.206043
0.205259
0.204431
0.203524
0.202638
0.201752
0.200714
0.199403
0.197836
0.196167
0.194564
0.193075
0.191622
0.190158
0.188675
0.187216
0.185772
0.184303
0.182776
0.181207
0.179624
0.178057
0.1765
0.174945
0.173362
0.171754
0.17013
0.168521
0.166933
0.165377
0.16384
0.162328
0.160823
0.159331
0.157838
0.156361
0.154896
0.153469
0.152069
0.150719
0.149402
0.148135
0.146893
0.145682
0.144476
0.143292
0.142112
0.140967
0.139837
0.138752
0.137691
0.136679
0.135685
0.134727
0.133774
0.13285
0.131928
0.131043
0.130166
0.129328
0.1285
0.127707
0.12692
0.126161
0.125431
0.124534
0.213336
0.222063
0.222276
0.222837
0.222632
0.221007
0.219093
0.21733
0.216186
0.215433
0.215329
0.215101
0.214856
0.214867
0.214907
0.21491
0.214895
0.214873
0.214858
0.214848
0.214826
0.214781
0.214707
0.214608
0.214492
0.214368
0.21424
0.214107
0.213964
0.213808
0.213642
0.213472
0.213301
0.213126
0.21294
0.212735
0.212505
0.212244
0.211953
0.21164
0.211308
0.210963
0.210606
0.210234
0.209823
0.209375
0.208912
0.208419
0.207889
0.207417
0.206925
0.206271
0.205366
0.20422
0.202978
0.201813
0.200783
0.199855
0.19889
0.197864
0.196821
0.195797
0.19479
0.193771
0.192691
0.191536
0.190329
0.189118
0.18791
0.186702
0.185465
0.184192
0.182872
0.181523
0.180154
0.178795
0.177439
0.176091
0.174725
0.173346
0.171943
0.170539
0.169131
0.167744
0.166372
0.165035
0.163715
0.162417
0.161115
0.159822
0.158522
0.157243
0.15597
0.154732
0.15351
0.152334
0.151173
0.150049
0.148927
0.147835
0.146741
0.145685
0.144635
0.143629
0.142628
0.14167
0.140708
0.13979
0.138892
0.137791
0.209241
0.21565
0.219878
0.222955
0.222987
0.222394
0.220972
0.218639
0.217191
0.215902
0.215614
0.215245
0.214958
0.214986
0.214981
0.214945
0.214925
0.214924
0.214929
0.214933
0.214934
0.214919
0.214884
0.214827
0.214751
0.214665
0.214578
0.214493
0.214406
0.214309
0.214202
0.214087
0.213969
0.213853
0.213737
0.213619
0.213487
0.213331
0.213149
0.21295
0.212741
0.212529
0.212316
0.212099
0.211867
0.21161
0.21134
0.211063
0.210774
0.210472
0.21024
0.209972
0.209562
0.208937
0.208098
0.207149
0.206245
0.205509
0.204897
0.204338
0.203722
0.203029
0.202321
0.201648
0.201003
0.200353
0.199656
0.198887
0.198052
0.19719
0.196327
0.195474
0.194613
0.193731
0.192804
0.191831
0.190812
0.189767
0.188696
0.18761
0.186505
0.185395
0.184269
0.183136
0.181985
0.180832
0.179663
0.17849
0.177294
0.176092
0.174868
0.17365
0.172421
0.171212
0.170001
0.16882
0.167636
0.166477
0.165305
0.16415
0.16298
0.16184
0.160694
0.159587
0.158476
0.157406
0.156325
0.155275
0.154266
0.152983
0.206887
0.21019
0.216448
0.222673
0.222739
0.222123
0.221646
0.220341
0.218553
0.216703
0.216072
0.215422
0.215088
0.215088
0.215033
0.214928
0.214918
0.214923
0.214938
0.214958
0.214974
0.214982
0.214971
0.214947
0.214908
0.214858
0.214797
0.214729
0.21466
0.214591
0.214518
0.214437
0.214351
0.214263
0.214178
0.214099
0.214019
0.213925
0.213813
0.213686
0.213548
0.213408
0.213269
0.213131
0.21299
0.212839
0.212676
0.212506
0.212339
0.212162
0.211987
0.211873
0.211725
0.211466
0.211034
0.210409
0.209664
0.20891
0.208298
0.20785
0.207506
0.207164
0.206771
0.206325
0.205861
0.205413
0.205002
0.204606
0.20419
0.203722
0.203195
0.202624
0.202041
0.201461
0.200889
0.200315
0.199727
0.199108
0.19844
0.19772
0.196961
0.196181
0.19539
0.194594
0.193791
0.19298
0.192154
0.191307
0.190426
0.189516
0.188574
0.187615
0.186637
0.185652
0.184656
0.183665
0.182664
0.181665
0.180646
0.179623
0.178579
0.177542
0.176492
0.175457
0.174408
0.173376
0.172325
0.171285
0.170267
0.168991
0.205931
0.207351
0.211348
0.217332
0.220322
0.221626
0.222198
0.221782
0.220285
0.21838
0.21698
0.215843
0.215434
0.215253
0.215038
0.214928
0.21492
0.214924
0.214934
0.214955
0.214976
0.214994
0.214995
0.214991
0.214979
0.214957
0.214922
0.214871
0.214807
0.214743
0.214685
0.214626
0.214564
0.2145
0.214434
0.214371
0.214312
0.214248
0.214175
0.214092
0.214004
0.213911
0.213816
0.213721
0.213629
0.213534
0.213432
0.213323
0.213216
0.213109
0.212992
0.212878
0.21282
0.212738
0.212577
0.212277
0.211819
0.211211
0.21058
0.209999
0.209596
0.20932
0.209125
0.208938
0.208696
0.208396
0.20808
0.207773
0.207499
0.207253
0.207009
0.206738
0.206432
0.206086
0.205713
0.205326
0.204953
0.204587
0.204219
0.203825
0.203404
0.202954
0.202484
0.20199
0.201479
0.200954
0.200422
0.199877
0.199313
0.198726
0.198114
0.197484
0.196836
0.196174
0.195494
0.194809
0.194106
0.193393
0.192652
0.1919
0.191118
0.190336
0.189533
0.188738
0.187917
0.187102
0.186254
0.185405
0.184555
0.183462
0.205581
0.206104
0.20775
0.211412
0.217003
0.221301
0.222144
0.22188
0.221269
0.220258
0.218562
0.217144
0.216067
0.215576
0.215112
0.215017
0.215017
0.214976
0.214939
0.21494
0.214961
0.214983
0.214989
0.214989
0.214987
0.214982
0.214969
0.214945
0.214904
0.21485
0.214795
0.21474
0.214685
0.21463
0.214575
0.214525
0.21448
0.214434
0.214382
0.214327
0.214271
0.21421
0.214143
0.214075
0.214007
0.21394
0.213868
0.21379
0.213718
0.213648
0.213576
0.213487
0.213417
0.213382
0.213337
0.213236
0.213037
0.2127
0.21223
0.211662
0.211121
0.210686
0.210409
0.210266
0.210144
0.210026
0.209881
0.20968
0.209456
0.209239
0.209048
0.20887
0.20871
0.208551
0.208379
0.20818
0.207967
0.207739
0.207506
0.207255
0.207
0.206741
0.206488
0.206221
0.205945
0.205651
0.205348
0.205026
0.20469
0.20433
0.203958
0.203569
0.203178
0.202769
0.202356
0.201932
0.201506
0.201062
0.200609
0.200126
0.199635
0.19912
0.198602
0.198069
0.197525
0.196957
0.196393
0.195778
0.195225
0.194394
0.205457
0.205638
0.206211
0.207811
0.21138
0.216455
0.220189
0.220822
0.221102
0.221249
0.22059
0.219157
0.217279
0.216171
0.215488
0.215316
0.215154
0.214967
0.214924
0.214934
0.214957
0.214963
0.214961
0.214968
0.214979
0.214981
0.214981
0.214975
0.214959
0.21493
0.214886
0.214832
0.214771
0.214713
0.214657
0.214607
0.214571
0.214542
0.214508
0.21447
0.214431
0.214389
0.214341
0.214292
0.214242
0.214191
0.214134
0.214069
0.214009
0.213957
0.213907
0.213851
0.213786
0.213741
0.213716
0.21369
0.213629
0.213499
0.213262
0.212897
0.212414
0.211903
0.211453
0.211142
0.210907
0.210826
0.210759
0.210659
0.210561
0.210453
0.210323
0.21016
0.210007
0.209874
0.20976
0.209644
0.209542
0.209442
0.209334
0.209199
0.209045
0.208878
0.208721
0.208557
0.208395
0.20822
0.208049
0.207869
0.207685
0.207481
0.207272
0.207047
0.206825
0.206585
0.206345
0.206089
0.205839
0.205571
0.205303
0.205012
0.204724
0.204418
0.204118
0.203804
0.203481
0.203142
0.202809
0.202444
0.202179
0.201761
0.205416
0.205474
0.205667
0.206222
0.207621
0.210908
0.215536
0.219199
0.22099
0.221302
0.221134
0.220603
0.219374
0.217718
0.216581
0.215799
0.215387
0.215002
0.214965
0.214999
0.214986
0.214958
0.214949
0.214954
0.214966
0.214976
0.214975
0.21498
0.214978
0.214969
0.214944
0.214902
0.214846
0.214787
0.214732
0.214679
0.214637
0.214611
0.214586
0.214558
0.214528
0.214495
0.214458
0.214421
0.214388
0.214351
0.214304
0.214246
0.214187
0.214139
0.214098
0.214055
0.214005
0.213961
0.213927
0.213906
0.213893
0.21386
0.213779
0.21362
0.21335
0.212972
0.212523
0.212068
0.211679
0.211417
0.211268
0.211122
0.211061
0.211037
0.210996
0.210919
0.210823
0.210718
0.210617
0.210504
0.21041
0.210337
0.21028
0.21021
0.210127
0.210035
0.209956
0.209871
0.209782
0.209673
0.209565
0.209447
0.209332
0.2092
0.209075
0.20894
0.208818
0.20868
0.208548
0.208399
0.208261
0.208101
0.207949
0.207765
0.207603
0.207409
0.207256
0.207063
0.206909
0.206745
0.206626
0.206528
0.206608
0.206829
0.205404
0.205421
0.205482
0.20566
0.206151
0.207332
0.210005
0.214115
0.217765
0.220224
0.220505
0.220395
0.220394
0.219871
0.218682
0.217111
0.216282
0.215614
0.21539
0.215217
0.215065
0.214971
0.214975
0.215007
0.21501
0.214989
0.214979
0.214977
0.214976
0.214971
0.214961
0.214943
0.214913
0.214869
0.214818
0.214766
0.214717
0.214682
0.214654
0.214622
0.214587
0.214556
0.214527
0.214501
0.214479
0.214452
0.214414
0.21436
0.2143
0.214252
0.214212
0.214173
0.214131
0.214087
0.214053
0.214025
0.214008
0.214
0.213979
0.213927
0.213819
0.213637
0.213375
0.213012
0.212615
0.212187
0.211865
0.211612
0.211431
0.211363
0.211321
0.211266
0.211218
0.211169
0.211116
0.211048
0.210976
0.210905
0.210851
0.21079
0.210722
0.210645
0.210602
0.210564
0.210524
0.21047
0.210413
0.210348
0.21028
0.210196
0.21011
0.210016
0.209935
0.209846
0.209764
0.209672
0.209591
0.2095
0.209409
0.209306
0.209213
0.209114
0.209051
0.208965
0.208942
0.208961
0.20909
0.209415
0.210235
0.211803
0.205401
0.205405
0.205422
0.205477
0.205627
0.206026
0.206941
0.2089
0.212539
0.216403
0.218915
0.219944
0.220428
0.220374
0.220054
0.219182
0.217867
0.216721
0.216
0.215451
0.21508
0.215071
0.215134
0.21511
0.21505
0.214988
0.214986
0.214993
0.21499
0.214979
0.214971
0.214969
0.214967
0.214952
0.214917
0.214868
0.214815
0.214766
0.214726
0.214686
0.214641
0.214604
0.214575
0.214555
0.21454
0.214521
0.214487
0.214436
0.214378
0.214332
0.214297
0.214263
0.214224
0.214179
0.214138
0.21411
0.214083
0.214066
0.214054
0.214032
0.213988
0.213912
0.2138
0.213631
0.213389
0.213058
0.212662
0.21231
0.211992
0.211749
0.211634
0.211546
0.211461
0.211386
0.211347
0.211311
0.211267
0.211228
0.211201
0.211166
0.211116
0.21104
0.210989
0.210959
0.210936
0.210901
0.210864
0.210828
0.210793
0.210746
0.210696
0.210638
0.210586
0.210527
0.210474
0.210409
0.210359
0.210297
0.210246
0.210198
0.210162
0.210147
0.210166
0.210232
0.210401
0.210764
0.211573
0.213147
0.217004
0.224814
0.2054
0.205401
0.205405
0.20542
0.205465
0.205583
0.205877
0.206524
0.207977
0.210645
0.214359
0.217
0.219274
0.219804
0.219652
0.219542
0.219334
0.218713
0.217607
0.216624
0.215864
0.215571
0.215411
0.2152
0.215035
0.215034
0.215092
0.215094
0.215057
0.215013
0.215003
0.215013
0.215019
0.215012
0.214992
0.214961
0.21492
0.214868
0.214814
0.214761
0.214707
0.214663
0.214631
0.214608
0.214591
0.214572
0.214541
0.214492
0.214436
0.214398
0.214371
0.214345
0.21431
0.214266
0.214219
0.214185
0.214159
0.21413
0.214108
0.214089
0.214064
0.214026
0.213977
0.213915
0.213815
0.213656
0.213405
0.213084
0.212746
0.212388
0.212119
0.211947
0.211791
0.211621
0.211532
0.211496
0.211451
0.211397
0.211384
0.211372
0.211342
0.211286
0.21124
0.211215
0.211202
0.211182
0.211152
0.21112
0.211093
0.211061
0.211024
0.210987
0.210954
0.210922
0.210891
0.210852
0.210829
0.210801
0.210789
0.210799
0.210842
0.210941
0.211148
0.211583
0.212424
0.214136
0.218294
0.226087
0.245378
0.280617
0.2054
0.2054
0.205401
0.205405
0.205416
0.205449
0.205535
0.205731
0.206187
0.207129
0.208852
0.21186
0.215422
0.217804
0.218498
0.219414
0.219591
0.219447
0.219031
0.218274
0.217433
0.216577
0.215908
0.215426
0.215208
0.215238
0.215235
0.215147
0.215044
0.215027
0.215034
0.215056
0.215055
0.21505
0.21504
0.215028
0.215005
0.214968
0.214917
0.214859
0.214797
0.214743
0.214707
0.214679
0.214654
0.214627
0.214593
0.214546
0.214492
0.214458
0.214438
0.214419
0.214389
0.214345
0.214295
0.21426
0.214236
0.21421
0.214178
0.214152
0.21413
0.214105
0.214078
0.214057
0.214026
0.213968
0.213862
0.213687
0.213449
0.213165
0.212845
0.212548
0.21231
0.212064
0.211843
0.21174
0.211677
0.211595
0.211542
0.211521
0.21149
0.211432
0.211372
0.21136
0.211364
0.211362
0.211344
0.211316
0.211292
0.211268
0.211242
0.211212
0.211192
0.211181
0.211171
0.211164
0.211169
0.211198
0.211266
0.211408
0.211686
0.212219
0.213221
0.215597
0.220028
0.229333
0.252135
0.283724
0.324194
0.362354
0.2054
0.2054
0.2054
0.205401
0.205403
0.205412
0.205434
0.20549
0.205618
0.205904
0.206447
0.207645
0.209574
0.212488
0.215181
0.21764
0.218883
0.218825
0.21873
0.218806
0.218721
0.218266
0.217433
0.216624
0.216038
0.215679
0.215341
0.215103
0.215053
0.215045
0.215051
0.215039
0.215016
0.215016
0.215019
0.215017
0.215024
0.215023
0.215008
0.214971
0.214919
0.21486
0.214809
0.214775
0.214743
0.214706
0.214665
0.214619
0.214568
0.214531
0.214512
0.214493
0.214465
0.21442
0.214362
0.214327
0.21431
0.214292
0.214266
0.214233
0.214205
0.214183
0.214159
0.214149
0.21414
0.21412
0.214076
0.213998
0.213881
0.213731
0.213541
0.213293
0.213007
0.212724
0.212434
0.212161
0.212025
0.21192
0.211805
0.211715
0.211662
0.211598
0.211506
0.211474
0.211481
0.211483
0.211466
0.211432
0.211416
0.211403
0.211389
0.211366
0.211366
0.21138
0.211414
0.211473
0.211578
0.21178
0.212172
0.212906
0.214532
0.217477
0.22309
0.237926
0.260168
0.293459
0.333397
0.373103
0.408726
0.417562
0.2054
0.2054
0.2054
0.2054
0.2054
0.205402
0.205408
0.205422
0.205456
0.205533
0.205694
0.206028
0.206669
0.207819
0.209922
0.212443
0.215083
0.216746
0.218201
0.218875
0.218824
0.218702
0.218496
0.218169
0.217653
0.216956
0.216276
0.215777
0.215538
0.215375
0.21519
0.215054
0.215031
0.215032
0.215033
0.215027
0.215018
0.215018
0.215022
0.215017
0.215001
0.214972
0.214929
0.214889
0.214856
0.214815
0.214767
0.214719
0.214672
0.214634
0.214611
0.214588
0.214556
0.21451
0.214445
0.2144
0.214389
0.214379
0.21436
0.214329
0.214292
0.214261
0.214236
0.21422
0.214211
0.214197
0.21417
0.214124
0.214059
0.213991
0.213913
0.213811
0.213654
0.213439
0.213186
0.212886
0.212609
0.212413
0.212254
0.212065
0.211938
0.211854
0.211742
0.211634
0.211622
0.211614
0.21159
0.211546
0.211532
0.211524
0.21153
0.211548
0.211593
0.211693
0.211878
0.212221
0.212858
0.214184
0.21649
0.220723
0.231464
0.247658
0.274207
0.313177
0.351595
0.387339
0.402115
0.418771
0.437926
0.447942
0.2054
0.2054
0.2054
0.2054
0.2054
0.2054
0.205401
0.205404
0.205412
0.205432
0.205474
0.205563
0.205746
0.206082
0.206714
0.207846
0.209557
0.212048
0.21433
0.216361
0.21729
0.217885
0.218385
0.218387
0.218281
0.218059
0.217718
0.217272
0.216725
0.216229
0.215812
0.215437
0.215315
0.215279
0.215226
0.215124
0.215039
0.215028
0.21503
0.215032
0.21502
0.215003
0.21499
0.21497
0.214949
0.214925
0.214889
0.214845
0.214799
0.214757
0.214725
0.214697
0.214666
0.214623
0.214557
0.2145
0.214485
0.214477
0.214461
0.214432
0.214391
0.214348
0.214314
0.214292
0.214274
0.214255
0.214229
0.214189
0.214132
0.214087
0.214059
0.214028
0.213977
0.213891
0.213752
0.213575
0.213354
0.213111
0.212896
0.212667
0.21245
0.212254
0.212112
0.211941
0.211864
0.211819
0.211789
0.211748
0.211747
0.211778
0.211868
0.212046
0.212382
0.213018
0.214259
0.21631
0.220367
0.229577
0.242675
0.266214
0.301922
0.335844
0.372538
0.392232
0.412019
0.433973
0.443328
0.444619
0.445809
0.448509
0.2054
0.2054
0.2054
0.2054
0.2054
0.2054
0.2054
0.205401
0.205402
0.205407
0.205417
0.205438
0.205484
0.205577
0.205747
0.206073
0.206616
0.207545
0.209128
0.211119
0.213408
0.215208
0.216539
0.217433
0.217646
0.217717
0.217832
0.217829
0.217721
0.217475
0.217066
0.216585
0.216115
0.215766
0.215565
0.215395
0.215214
0.215135
0.215125
0.215106
0.215065
0.215024
0.215002
0.214989
0.214981
0.214969
0.214946
0.214917
0.214896
0.214875
0.214848
0.214816
0.214782
0.214743
0.214684
0.214619
0.21459
0.214576
0.214558
0.214529
0.214488
0.214439
0.214398
0.214371
0.214349
0.214325
0.214296
0.214258
0.214202
0.21415
0.214135
0.21413
0.214115
0.214082
0.214018
0.21393
0.213824
0.213705
0.213553
0.213383
0.21317
0.212924
0.212716
0.21251
0.21236
0.212264
0.212266
0.212312
0.212461
0.2128
0.213461
0.21469
0.216842
0.22149
0.23005
0.242405
0.267242
0.300246
0.331745
0.364938
0.386416
0.408341
0.432963
0.438336
0.43937
0.443674
0.450117
0.454593
0.455191
0.455116
0.2054
0.2054
0.2054
0.2054
0.2054
0.2054
0.2054
0.2054
0.2054
0.205401
0.205403
0.205408
0.205418
0.20544
0.205484
0.205565
0.205719
0.205975
0.206434
0.207179
0.208317
0.210046
0.211991
0.213895
0.215554
0.21635
0.216997
0.217469
0.217465
0.217366
0.217331
0.217288
0.217163
0.216875
0.216481
0.216146
0.215866
0.215606
0.21542
0.215335
0.215274
0.215193
0.215095
0.215059
0.215055
0.215049
0.21503
0.214992
0.214948
0.214914
0.214895
0.214884
0.214871
0.214847
0.214804
0.214741
0.214697
0.214674
0.214652
0.214623
0.214582
0.214528
0.214484
0.21446
0.214442
0.21442
0.214393
0.214358
0.214306
0.214245
0.214224
0.214221
0.214214
0.214194
0.214152
0.214091
0.214031
0.213984
0.213929
0.213871
0.213781
0.213681
0.213558
0.213418
0.213422
0.213543
0.213865
0.214593
0.216049
0.218748
0.224254
0.232551
0.247253
0.275001
0.30536
0.337232
0.367977
0.388064
0.412484
0.431822
0.43399
0.43868
0.447143
0.45305
0.453265
0.452913
0.453431
0.454765
0.456634
0.457252
0.2054
0.2054
0.2054
0.2054
0.2054
0.2054
0.2054
0.2054
0.2054
0.2054
0.2054
0.205401
0.205403
0.205408
0.205418
0.205437
0.205474
0.205543
0.205661
0.205869
0.206199
0.206735
0.207626
0.208834
0.210458
0.212346
0.213879
0.215196
0.215976
0.21666
0.217187
0.217213
0.217141
0.217067
0.217018
0.216976
0.216846
0.216589
0.21624
0.215906
0.2157
0.215561
0.215415
0.215287
0.215239
0.21522
0.215196
0.21515
0.215072
0.214997
0.214964
0.21496
0.214955
0.214933
0.214886
0.214827
0.21479
0.214773
0.214759
0.21474
0.214705
0.214645
0.214589
0.214571
0.214563
0.214552
0.214532
0.214502
0.214457
0.214395
0.214355
0.21434
0.214327
0.214306
0.214277
0.214236
0.214201
0.214193
0.214206
0.214249
0.214341
0.214508
0.214803
0.215365
0.216466
0.21847
0.222268
0.22854
0.24006
0.261835
0.28874
0.316487
0.352582
0.376698
0.396531
0.423219
0.432792
0.437362
0.445652
0.452767
0.452532
0.451492
0.452018
0.453814
0.456317
0.457211
0.457272
0.457314
0.457418
0.457449
0.2054
0.2054
0.2054
0.2054
0.2054
0.2054
0.2054
0.2054
0.2054
0.2054
0.2054
0.2054
0.2054
0.205401
0.205403
0.205408
0.205416
0.205432
0.205462
0.205514
0.205605
0.205753
0.205995
0.20639
0.20695
0.207875
0.209176
0.210636
0.212221
0.213782
0.215178
0.2158
0.216142
0.216546
0.216972
0.217018
0.216984
0.216874
0.216752
0.216664
0.216531
0.216346
0.216126
0.215879
0.215645
0.215466
0.215386
0.215333
0.215266
0.215176
0.215115
0.2151
0.215086
0.215053
0.214994
0.214928
0.214884
0.214867
0.214867
0.214864
0.214847
0.214794
0.214715
0.21467
0.214656
0.214647
0.214633
0.214609
0.214573
0.214522
0.214486
0.214472
0.214463
0.214455
0.214465
0.21449
0.214542
0.214663
0.214923
0.215413
0.216319
0.218043
0.221117
0.226268
0.236783
0.254835
0.27704
0.30473
0.341952
0.370857
0.389605
0.412433
0.427345
0.434621
0.444955
0.455225
0.456287
0.454842
0.453511
0.453998
0.455847
0.457364
0.458188
0.458786
0.459109
0.459036
0.458436
0.457416
0.457041
0.45698
0.2054
0.2054
0.2054
0.2054
0.2054
0.2054
0.2054
0.2054
0.2054
0.2054
0.2054
0.2054
0.2054
0.2054
0.2054
0.205401
0.205403
0.205407
0.205414
0.205427
0.20545
0.205491
0.205559
0.205668
0.205846
0.206122
0.206529
0.207168
0.208137
0.209354
0.210795
0.21244
0.213811
0.214681
0.215422
0.215987
0.216353
0.216623
0.216756
0.216727
0.216714
0.216709
0.216678
0.216596
0.216419
0.21616
0.215913
0.215735
0.2156
0.215462
0.215325
0.215257
0.21523
0.215201
0.215152
0.215073
0.214993
0.21496
0.214959
0.214962
0.21495
0.21491
0.214842
0.214787
0.21477
0.214763
0.214753
0.214733
0.214698
0.214657
0.214648
0.214657
0.214697
0.214804
0.215022
0.215415
0.216107
0.217464
0.220166
0.224425
0.232443
0.247889
0.268381
0.296044
0.332004
0.361379
0.385327
0.410907
0.42406
0.431655
0.441342
0.453106
0.45609
0.45564
0.454679
0.455423
0.457272
0.458784
0.459358
0.459918
0.46076
0.460988
0.46073
0.460046
0.459283
0.458716
0.458223
0.457933
0.457863
0.457849
0.2054
0.2054
0.2054
0.2054
0.2054
0.2054
0.2054
0.2054
0.2054
0.2054
0.2054
0.2054
0.2054
0.2054
0.2054
0.2054
0.2054
0.205401
0.205403
0.205406
0.205412
0.205422
0.205441
0.205472
0.205523
0.205605
0.205736
0.205935
0.206232
0.206705
0.207387
0.208318
0.209624
0.211082
0.212359
0.213502
0.214555
0.215535
0.215929
0.216029
0.216137
0.216377
0.216634
0.216652
0.216616
0.216543
0.216459
0.216352
0.21621
0.216026
0.215814
0.215625
0.215498
0.215436
0.215368
0.215268
0.21515
0.21509
0.21507
0.215066
0.215056
0.215029
0.21497
0.214919
0.214906
0.214908
0.21492
0.214934
0.214955
0.215006
0.215128
0.215383
0.215913
0.216979
0.219112
0.222697
0.228438
0.241647
0.262373
0.286943
0.320065
0.351236
0.379367
0.408589
0.419457
0.428088
0.4405
0.453351
0.455788
0.455264
0.454266
0.454683
0.456415
0.457804
0.458563
0.459467
0.46078
0.46172
0.461963
0.462006
0.461937
0.461547
0.460713
0.459799
0.459333
0.459232
0.459286
0.459529
0.459868
0.459937
0.2054
0.2054
0.2054
0.2054
0.2054
0.2054
0.2054
0.2054
0.2054
0.2054
0.2054
0.2054
0.2054
0.2054
0.2054
0.2054
0.2054
0.2054
0.2054
0.205401
0.205402
0.205405
0.20541
0.205418
0.205433
0.205457
0.205495
0.205558
0.205656
0.205802
0.206025
0.206373
0.206864
0.20756
0.208551
0.209824
0.211059
0.21224
0.213594
0.214718
0.215076
0.215482
0.216042
0.216191
0.216257
0.216404
0.216472
0.216465
0.216427
0.216356
0.216261
0.216148
0.216026
0.215902
0.215776
0.215631
0.215462
0.21534
0.215251
0.215224
0.215206
0.215182
0.215135
0.215094
0.215097
0.215133
0.215238
0.215464
0.215927
0.216795
0.218331
0.221235
0.226078
0.23631
0.255719
0.277994
0.306859
0.342623
0.37001
0.398984
0.417004
0.426614
0.439275
0.453099
0.45494
0.453915
0.454515
0.45712
0.460118
0.46072
0.460576
0.460274
0.460559
0.460974
0.461327
0.46143
0.461396
0.461243
0.46102
0.460902
0.460828
0.460689
0.46036
0.460117
0.460145
0.460371
0.460646
0.460666
0.460564
0.460319
0.2054
0.2054
0.2054
0.2054
0.2054
0.2054
0.2054
0.2054
0.2054
0.2054
0.2054
0.2054
0.2054
0.2054
0.2054
0.2054
0.2054
0.2054
0.2054
0.2054
0.2054
0.205401
0.205402
0.205404
0.205408
0.205415
0.205426
0.205445
0.205475
0.205522
0.205596
0.205707
0.205874
0.206129
0.206482
0.206976
0.207763
0.208773
0.209854
0.21121
0.212522
0.213496
0.214385
0.214943
0.215387
0.215924
0.216198
0.216207
0.216221
0.216275
0.216297
0.216289
0.216269
0.216236
0.216193
0.216115
0.215973
0.215785
0.215624
0.215549
0.215485
0.215491
0.215542
0.215681
0.215985
0.216603
0.217814
0.220246
0.224649
0.232914
0.248092
0.26888
0.295457
0.33255
0.361781
0.388381
0.416518
0.426416
0.435157
0.448517
0.455082
0.455275
0.454821
0.455518
0.457368
0.458689
0.45976
0.461042
0.461656
0.461646
0.461417
0.461076
0.461066
0.461138
0.461011
0.460722
0.460524
0.460371
0.460272
0.460284
0.460347
0.460418
0.460517
0.460635
0.460629
0.460556
0.460428
0.46029
0.460082
0.459795
0.2054
0.2054
0.2054
0.2054
0.2054
0.2054
0.2054
0.2054
0.2054
0.2054
0.2054
0.2054
0.2054
0.2054
0.2054
0.2054
0.2054
0.2054
0.2054
0.2054
0.2054
0.2054
0.2054
0.205401
0.205402
0.205404
0.205407
0.205412
0.205421
0.205436
0.205459
0.205495
0.205551
0.205634
0.205763
0.205947
0.206205
0.206614
0.207171
0.207899
0.208986
0.210168
0.211269
0.212408
0.213442
0.214396
0.215048
0.215372
0.215651
0.21602
0.216184
0.216162
0.216151
0.21618
0.216235
0.216266
0.216264
0.216224
0.216199
0.216228
0.216375
0.216791
0.21774
0.219526
0.222816
0.229474
0.241222
0.26113
0.290701
0.324455
0.352714
0.379229
0.406938
0.422716
0.433658
0.449163
0.455773
0.455082
0.453192
0.453618
0.456242
0.459519
0.460593
0.460877
0.46149
0.462109
0.462444
0.462483
0.462339
0.461909
0.461284
0.460793
0.460635
0.460558
0.460468
0.460454
0.460458
0.460487
0.460537
0.460548
0.460538
0.460505
0.46042
0.460321
0.460222
0.460092
0.459916
0.45972
0.459555
0.45941
0.2054
0.2054
0.2054
0.2054
0.2054
0.2054
0.2054
0.2054
0.2054
0.2054
0.2054
0.2054
0.2054
0.2054
0.2054
0.2054
0.2054
0.2054
0.2054
0.2054
0.2054
0.2054
0.2054
0.2054
0.2054
0.205401
0.205401
0.205403
0.205406
0.20541
0.205417
0.205428
0.205447
0.205474
0.205517
0.205582
0.205678
0.20582
0.206022
0.206314
0.20675
0.207325
0.208074
0.209129
0.210322
0.211384
0.212489
0.213624
0.214337
0.214812
0.215243
0.215574
0.215869
0.216219
0.216358
0.216427
0.216564
0.216894
0.217587
0.218942
0.221614
0.226721
0.237467
0.254642
0.279786
0.311101
0.343597
0.376581
0.398995
0.414945
0.431977
0.449285
0.454272
0.452229
0.450163
0.452061
0.456326
0.459569
0.460109
0.460634
0.461771
0.46278
0.46289
0.462682
0.462301
0.462125
0.461843
0.461469
0.461173
0.460908
0.460681
0.460484
0.460426
0.46054
0.46078
0.460817
0.460651
0.460491
0.46041
0.460348
0.460278
0.460169
0.460006
0.459806
0.459626
0.459505
0.459419
0.45934
0.459274
0.459266
0.2054
0.2054
0.2054
0.2054
0.2054
0.2054
0.2054
0.2054
0.2054
0.2054
0.2054
0.2054
0.2054
0.2054
0.2054
0.2054
0.2054
0.2054
0.2054
0.2054
0.2054
0.2054
0.2054
0.2054
0.2054
0.2054
0.2054
0.205401
0.205401
0.205402
0.205405
0.205408
0.205414
0.205423
0.205437
0.205459
0.205492
0.205542
0.205616
0.205725
0.205879
0.206104
0.206417
0.206845
0.207475
0.208322
0.209277
0.210384
0.21165
0.21269
0.213607
0.214527
0.21551
0.216026
0.216767
0.218065
0.220327
0.22446
0.23274
0.246461
0.267886
0.300711
0.336878
0.366246
0.390975
0.411051
0.43278
0.447572
0.44857
0.446664
0.44725
0.451239
0.455297
0.457285
0.458583
0.460249
0.462414
0.46368
0.463835
0.463749
0.463368
0.462942
0.462349
0.461479
0.460805
0.460546
0.460471
0.460474
0.460523
0.460555
0.460528
0.460611
0.460799
0.46092
0.460947
0.460853
0.460584
0.460288
0.460095
0.459956
0.459841
0.459733
0.459622
0.4595
0.459372
0.459293
0.459254
0.459244
0.459226
0.45918
0.2054
0.2054
0.2054
0.2054
0.2054
0.2054
0.2054
0.2054
0.2054
0.2054
0.2054
0.2054
0.2054
0.2054
0.2054
0.2054
0.2054
0.2054
0.2054
0.2054
0.2054
0.2054
0.2054
0.2054
0.2054
0.2054
0.2054
0.2054
0.2054
0.2054
0.205401
0.205402
0.205404
0.205407
0.205411
0.205418
0.205429
0.205447
0.205472
0.205512
0.205571
0.205658
0.205785
0.205974
0.206236
0.206616
0.207169
0.207909
0.209037
0.209928
0.210996
0.21255
0.214834
0.218372
0.225248
0.238154
0.257546
0.287586
0.322984
0.353537
0.383774
0.408932
0.423775
0.43784
0.447061
0.448807
0.451313
0.455034
0.45798
0.460103
0.4605
0.46063
0.461523
0.462835
0.463643
0.463998
0.464148
0.464099
0.463767
0.462994
0.462047
0.461391
0.46099
0.460654
0.460447
0.460394
0.46048
0.460725
0.460923
0.460923
0.460856
0.460777
0.460691
0.460647
0.460572
0.460409
0.460131
0.459882
0.459724
0.459591
0.459501
0.459458
0.459427
0.459411
0.459389
0.459343
0.459281
0.459194
0.459098
0.459002
0.2054
0.2054
0.2054
0.2054
0.2054
0.2054
0.2054
0.2054
0.2054
0.2054
0.2054
0.2054
0.2054
0.2054
0.2054
0.2054
0.2054
0.2054
0.2054
0.2054
0.2054
0.2054
0.2054
0.2054
0.2054
0.2054
0.2054
0.2054
0.2054
0.2054
0.2054
0.2054
0.205401
0.205402
0.205403
0.205406
0.20541
0.205417
0.205428
0.205441
0.205459
0.205488
0.205535
0.205614
0.205745
0.205973
0.206377
0.207088
0.208391
0.211128
0.215925
0.22701
0.244259
0.268316
0.302648
0.337382
0.372573
0.399869
0.414065
0.429499
0.442178
0.443932
0.446662
0.452338
0.457692
0.459212
0.459198
0.459246
0.459974
0.461581
0.462873
0.463266
0.46336
0.463503
0.463776
0.463841
0.463651
0.463091
0.462339
0.461822
0.461583
0.461509
0.461486
0.461333
0.461245
0.461294
0.461352
0.461363
0.461307
0.461203
0.46102
0.460785
0.460637
0.460534
0.460409
0.460212
0.459902
0.459589
0.459474
0.459421
0.459363
0.459304
0.459276
0.459257
0.459241
0.459205
0.459136
0.459048
0.458962
0.458879
0.2054
0.2054
0.2054
0.2054
0.2054
0.2054
0.2054
0.2054
0.2054
0.2054
0.2054
0.2054
0.2054
0.2054
0.2054
0.2054
0.2054
0.2054
0.2054
0.2054
0.2054
0.2054
0.2054
0.2054
0.2054
0.2054
0.2054
0.2054
0.2054
0.2054
0.2054
0.2054
0.2054
0.2054
0.205401
0.205403
0.205405
0.205411
0.205422
0.20545
0.205501
0.205602
0.205806
0.206207
0.207007
0.20875
0.212018
0.218715
0.232051
0.250728
0.279983
0.319238
0.351825
0.383293
0.402278
0.416278
0.429486
0.435905
0.441302
0.448393
0.452467
0.452722
0.452816
0.454087
0.457334
0.459482
0.459419
0.459398
0.459823
0.460979
0.462313
0.46286
0.462881
0.462752
0.462456
0.462084
0.461726
0.461366
0.461188
0.461172
0.461251
0.461466
0.461536
0.461413
0.46122
0.461194
0.461155
0.461103
0.461087
0.461048
0.460933
0.460737
0.460589
0.460498
0.460367
0.460162
0.459885
0.459584
0.459426
0.459349
0.459244
0.459135
0.459099
0.459079
0.459072
0.459071
0.459042
0.458983
0.458918
0.458852
0.2054
0.2054
0.2054
0.2054
0.2054
0.2054
0.2054
0.2054
0.2054
0.2054
0.2054
0.2054
0.2054
0.2054
0.2054
0.2054
0.2054
0.2054
0.2054
0.2054
0.2054
0.2054
0.2054
0.2054
0.2054
0.2054
0.2054
0.2054
0.2054
0.2054
0.2054
0.2054
0.205401
0.205404
0.205409
0.205421
0.205446
0.205499
0.205619
0.205877
0.206405
0.207516
0.2098
0.214451
0.223761
0.241189
0.268343
0.303203
0.333666
0.36368
0.396857
0.408902
0.420336
0.431394
0.436826
0.440773
0.444907
0.445678
0.446234
0.448179
0.451528
0.452655
0.452854
0.45328
0.454025
0.455032
0.455748
0.456122
0.456636
0.457103
0.457381
0.45772
0.458097
0.458445
0.458802
0.459234
0.459748
0.4603
0.460802
0.461193
0.461417
0.461547
0.461546
0.461421
0.461127
0.460779
0.460559
0.460477
0.46047
0.46053
0.460588
0.460583
0.460539
0.460411
0.46024
0.460094
0.459973
0.459781
0.459513
0.459403
0.45931
0.459192
0.459127
0.45909
0.45906
0.45905
0.459046
0.459011
0.458953
0.458883
0.2054
0.2054
0.2054
0.2054
0.2054
0.2054
0.2054
0.2054
0.2054
0.2054
0.2054
0.2054
0.2054
0.2054
0.2054
0.2054
0.2054
0.2054
0.2054
0.2054
0.2054
0.2054
0.2054
0.2054
0.2054
0.2054
0.2054
0.2054
0.2054
0.205401
0.205403
0.205408
0.20542
0.205447
0.205512
0.205659
0.20598
0.206679
0.208257
0.211791
0.218395
0.231645
0.255956
0.286022
0.318617
0.352891
0.38592
0.402344
0.412954
0.426609
0.430686
0.43109
0.433922
0.43854
0.439957
0.441227
0.442863
0.444734
0.445478
0.44565
0.446064
0.446666
0.447188
0.447505
0.447861
0.448662
0.449901
0.450997
0.451901
0.452685
0.453451
0.454109
0.454686
0.455285
0.455984
0.456834
0.457856
0.458893
0.45989
0.460545
0.460677
0.46064
0.460471
0.460169
0.459771
0.459528
0.459459
0.459458
0.459553
0.459699
0.459862
0.460032
0.460078
0.460092
0.460088
0.460005
0.459878
0.459737
0.45956
0.459487
0.459451
0.459365
0.459231
0.459142
0.459102
0.459095
0.459155
0.459158
0.459101
0.459026
0.2054
0.2054
0.2054
0.2054
0.2054
0.2054
0.2054
0.2054
0.2054
0.2054
0.2054
0.2054
0.2054
0.2054
0.2054
0.2054
0.2054
0.2054
0.2054
0.2054
0.2054
0.2054
0.2054
0.2054
0.2054
0.2054
0.2054
0.205402
0.205406
0.205417
0.205444
0.205516
0.205687
0.206092
0.20703
0.209168
0.21383
0.222609
0.242497
0.273014
0.305833
0.341424
0.371396
0.394882
0.417681
0.425309
0.428404
0.432279
0.438817
0.442479
0.442589
0.442478
0.443125
0.444011
0.444027
0.443549
0.442985
0.443096
0.443501
0.443855
0.444141
0.444436
0.444668
0.444899
0.445212
0.445679
0.446418
0.447383
0.448285
0.44899
0.449664
0.45037
0.451113
0.451938
0.452807
0.453662
0.45448
0.455116
0.455599
0.456084
0.45659
0.456924
0.457116
0.457323
0.457564
0.457873
0.458242
0.458641
0.459004
0.459257
0.459452
0.459697
0.459864
0.459902
0.459898
0.459834
0.459748
0.459699
0.459662
0.459651
0.459678
0.459648
0.459532
0.459389
0.459294
0.459221
0.459169
0.459181
0.459245
0.459289
0.2054
0.2054
0.2054
0.2054
0.2054
0.2054
0.2054
0.2054
0.2054
0.2054
0.2054
0.2054
0.2054
0.2054
0.2054
0.2054
0.2054
0.2054
0.2054
0.2054
0.2054
0.2054
0.2054
0.2054
0.205401
0.205404
0.205413
0.205437
0.205504
0.205671
0.206117
0.207271
0.210214
0.216233
0.229327
0.255347
0.287747
0.324582
0.361513
0.387258
0.41378
0.426116
0.426143
0.429376
0.435414
0.437315
0.437069
0.437785
0.439638
0.442432
0.44308
0.443195
0.443792
0.444431
0.444397
0.443955
0.443102
0.442582
0.442597
0.442775
0.443015
0.443262
0.443514
0.443739
0.443956
0.444151
0.444353
0.444606
0.444901
0.445234
0.445631
0.446139
0.446759
0.447474
0.448298
0.449227
0.450215
0.451105
0.451737
0.452195
0.45273
0.453441
0.454201
0.45489
0.45554
0.456207
0.456958
0.457701
0.458127
0.458396
0.458653
0.458903
0.459041
0.459106
0.45915
0.45916
0.45915
0.459153
0.459177
0.459245
0.459362
0.459387
0.459324
0.459232
0.459183
0.459155
0.45915
0.459164
0.459203
0.459257
0.2054
0.2054
0.2054
0.2054
0.2054
0.2054
0.2054
0.2054
0.2054
0.2054
0.2054
0.2054
0.2054
0.2054
0.2054
0.2054
0.2054
0.2054
0.2054
0.2054
0.2054
0.2054
0.205402
0.205408
0.205424
0.205473
0.205615
0.206033
0.207238
0.210067
0.217156
0.234797
0.264144
0.301431
0.345958
0.376867
0.399025
0.420861
0.422965
0.424843
0.430784
0.437462
0.439704
0.441399
0.442987
0.443303
0.44315
0.442644
0.441942
0.442028
0.441796
0.441449
0.441469
0.441646
0.441966
0.442047
0.441959
0.44187
0.441933
0.442153
0.442343
0.442481
0.442668
0.442815
0.442841
0.442807
0.442736
0.442736
0.442797
0.442977
0.443353
0.443929
0.444581
0.445132
0.445601
0.446088
0.446683
0.447384
0.448125
0.448834
0.449528
0.450277
0.451122
0.451961
0.452754
0.453463
0.454152
0.45492
0.455488
0.455805
0.456119
0.456567
0.45699
0.457335
0.457652
0.457986
0.458293
0.458509
0.458706
0.458949
0.459169
0.45927
0.459276
0.45925
0.459219
0.459195
0.459196
0.459211
0.459265
0.459335
0.2054
0.2054
0.2054
0.2054
0.2054
0.2054
0.2054
0.2054
0.2054
0.2054
0.2054
0.2054
0.2054
0.2054
0.2054
0.2054
0.2054
0.2054
0.2054
0.205401
0.205403
0.205411
0.205437
0.205524
0.205802
0.206676
0.209097
0.216126
0.234866
0.263982
0.305891
0.352477
0.387013
0.412738
0.425505
0.432978
0.440603
0.443631
0.44349
0.442214
0.441858
0.442777
0.44346
0.443627
0.443746
0.443794
0.443737
0.443583
0.443311
0.442827
0.442102
0.441252
0.440663
0.440534
0.440623
0.44088
0.44123
0.44155
0.441843
0.442105
0.442217
0.442204
0.442162
0.442074
0.441929
0.441797
0.441747
0.44175
0.441812
0.441979
0.442285
0.442696
0.4431
0.443433
0.443713
0.443989
0.444281
0.444603
0.444989
0.445466
0.446034
0.446671
0.447412
0.44825
0.449183
0.450148
0.450968
0.451667
0.452427
0.45324
0.453911
0.454507
0.455076
0.455677
0.45626
0.456831
0.457423
0.457944
0.458304
0.458501
0.458679
0.458855
0.458921
0.458904
0.458902
0.45893
0.459016
0.459127
0.459242
0.459369
0.2054
0.2054
0.2054
0.2054
0.2054
0.2054
0.2054
0.2054
0.2054
0.2054
0.2054
0.2054
0.2054
0.2054
0.2054
0.2054
0.2054
0.205401
0.205403
0.205413
0.205449
0.20558
0.206023
0.207576
0.21242
0.226681
0.255223
0.3031
0.34998
0.389242
0.413345
0.419909
0.42848
0.434233
0.434703
0.435233
0.438391
0.443508
0.444629
0.444197
0.443509
0.443455
0.443471
0.443207
0.442808
0.442507
0.44245
0.442572
0.442773
0.44275
0.44255
0.441918
0.44117
0.440732
0.440687
0.440821
0.441151
0.441606
0.442065
0.442281
0.442291
0.442235
0.442105
0.441906
0.44164
0.441451
0.441349
0.441286
0.441286
0.441374
0.441562
0.44178
0.441922
0.442012
0.442104
0.442228
0.44239
0.442581
0.442821
0.443149
0.443582
0.444101
0.44472
0.445463
0.446252
0.447058
0.447885
0.448587
0.449231
0.449974
0.450843
0.451686
0.452275
0.45278
0.453341
0.453919
0.454428
0.454969
0.455496
0.455807
0.456061
0.456389
0.456756
0.457079
0.457356
0.457644
0.458018
0.458441
0.458814
0.459209
0.2054
0.2054
0.2054
0.2054
0.2054
0.2054
0.2054
0.2054
0.2054
0.2054
0.2054
0.2054
0.2054
0.2054
0.2054
0.2054
0.205403
0.205413
0.205452
0.205606
0.206238
0.208622
0.215919
0.239493
0.283218
0.33284
0.381202
0.405164
0.420837
0.438738
0.44295
0.442285
0.442579
0.44264
0.441589
0.438486
0.438397
0.439858
0.442001
0.442538
0.442433
0.442237
0.441916
0.441463
0.44097
0.440726
0.440737
0.440956
0.441501
0.442147
0.442456
0.442442
0.442246
0.441906
0.441631
0.441627
0.441736
0.441982
0.442233
0.442307
0.442292
0.442213
0.442034
0.441756
0.441444
0.441223
0.441067
0.440952
0.440916
0.440951
0.441061
0.441142
0.441174
0.441199
0.441243
0.441322
0.441435
0.441575
0.441749
0.44197
0.442259
0.442637
0.443082
0.44358
0.444168
0.444838
0.445548
0.446224
0.446817
0.447339
0.447943
0.448679
0.449521
0.450248
0.450857
0.451499
0.452115
0.452687
0.45322
0.453787
0.454224
0.454646
0.455122
0.455616
0.456009
0.456388
0.456845
0.457387
0.457899
0.458489
0.2054
0.2054
0.2054
0.2054
0.2054
0.2054
0.2054
0.2054
0.2054
0.2054
0.2054
0.2054
0.2054
0.2054
0.205402
0.20541
0.205445
0.205594
0.206271
0.209015
0.21958
0.252042
0.302583
0.357006
0.398816
0.429468
0.441354
0.441132
0.439416
0.440651
0.443376
0.443192
0.443331
0.444017
0.444078
0.443288
0.441339
0.44082
0.440961
0.440948
0.4409
0.440893
0.440918
0.440877
0.440753
0.440586
0.44056
0.44062
0.440822
0.441258
0.441858
0.442149
0.442134
0.442116
0.442087
0.442077
0.442079
0.442095
0.442147
0.442137
0.442084
0.44198
0.441808
0.441566
0.441332
0.441152
0.441014
0.440914
0.440875
0.440897
0.440928
0.440943
0.440963
0.441001
0.44106
0.441141
0.441244
0.441371
0.441512
0.441664
0.44184
0.442074
0.442389
0.442739
0.443136
0.443598
0.444101
0.444573
0.444962
0.445333
0.445787
0.446329
0.446971
0.44769
0.448369
0.448956
0.449571
0.450264
0.450923
0.451582
0.452194
0.452784
0.45335
0.453963
0.454531
0.455027
0.455497
0.456082
0.456712
0.457372
0.2054
0.2054
0.2054
0.2054
0.2054
0.2054
0.2054
0.2054
0.2054
0.2054
0.2054
0.2054
0.205401
0.205406
0.20543
0.205547
0.206122
0.208758
0.22023
0.25493
0.315492
0.367351
0.413035
0.422673
0.425428
0.433069
0.441934
0.442369
0.439967
0.439579
0.440423
0.441174
0.441981
0.443066
0.443726
0.443675
0.443239
0.442325
0.441325
0.440996
0.440957
0.441026
0.441189
0.441296
0.441253
0.441135
0.440967
0.44078
0.44084
0.440936
0.441166
0.441566
0.4419
0.442074
0.442121
0.442138
0.442134
0.442085
0.441969
0.441812
0.441656
0.441528
0.441406
0.441295
0.441221
0.441154
0.441087
0.441039
0.440987
0.440974
0.440975
0.440978
0.440993
0.441015
0.441046
0.441094
0.441173
0.44128
0.441419
0.441564
0.441699
0.441838
0.442037
0.442313
0.442607
0.442882
0.443151
0.443444
0.443705
0.443902
0.444118
0.444456
0.44494
0.445499
0.44614
0.446813
0.447463
0.448064
0.448782
0.449555
0.450329
0.451069
0.451811
0.452503
0.453203
0.45388
0.454448
0.455087
0.455763
0.45652
0.2054
0.2054
0.2054
0.2054
0.2054
0.2054
0.2054
0.2054
0.2054
0.2054
0.2054
0.205402
0.205414
0.205485
0.205853
0.207946
0.216841
0.252805
0.314422
0.377957
0.425073
0.434263
0.444967
0.445435
0.441993
0.436503
0.438204
0.439552
0.439542
0.439819
0.440535
0.44079
0.440856
0.441245
0.442058
0.442974
0.443005
0.442781
0.442367
0.441952
0.441814
0.441835
0.441957
0.442152
0.442176
0.442083
0.441844
0.441447
0.441043
0.440877
0.440907
0.441039
0.441258
0.441477
0.44153
0.441461
0.441363
0.44125
0.441072
0.440835
0.440649
0.440588
0.440621
0.440734
0.440936
0.44108
0.441109
0.441116
0.441076
0.440987
0.440953
0.440947
0.440944
0.440941
0.44095
0.440982
0.441037
0.441096
0.44117
0.441261
0.441368
0.441492
0.441625
0.4418
0.441968
0.442122
0.442272
0.442428
0.442609
0.442811
0.443028
0.443287
0.443635
0.444057
0.444508
0.445017
0.445731
0.446473
0.447148
0.447854
0.448614
0.449358
0.45012
0.450877
0.451587
0.45227
0.452856
0.453443
0.454027
0.454897
0.2054
0.2054
0.2054
0.2054
0.2054
0.2054
0.2054
0.2054
0.2054
0.2054
0.205405
0.20543
0.205587
0.206769
0.213072
0.24223
0.308268
0.373162
0.416132
0.425104
0.429951
0.436335
0.44567
0.4469
0.446256
0.443962
0.441195
0.440875
0.44109
0.44161
0.441713
0.441427
0.440946
0.440399
0.440519
0.4411
0.441861
0.442345
0.442512
0.442625
0.442617
0.442578
0.442491
0.442282
0.442007
0.441811
0.441599
0.441379
0.441239
0.441007
0.440784
0.440673
0.440633
0.440601
0.440528
0.440378
0.44022
0.440092
0.439958
0.439853
0.439811
0.43985
0.439962
0.440159
0.440495
0.440808
0.440919
0.440947
0.440907
0.440764
0.440659
0.440608
0.440555
0.440523
0.44051
0.440513
0.440517
0.440515
0.44053
0.440597
0.440732
0.440892
0.441035
0.441145
0.441202
0.441246
0.441317
0.441431
0.441579
0.441753
0.44197
0.442241
0.44258
0.443017
0.443536
0.444058
0.444636
0.44533
0.446045
0.446678
0.447328
0.448015
0.448632
0.449318
0.450006
0.450754
0.451341
0.451833
0.452315
0.453166
0.2054
0.2054
0.2054
0.2054
0.2054
0.2054
0.2054
0.2054
0.205401
0.205408
0.205451
0.205797
0.208439
0.227273
0.283307
0.352818
0.400777
0.423102
0.441091
0.441417
0.435986
0.436252
0.438962
0.443024
0.444733
0.444003
0.443151
0.44235
0.442202
0.442197
0.442119
0.441962
0.441365
0.440545
0.440166
0.440273
0.440679
0.441473
0.442194
0.44236
0.442305
0.44216
0.441925
0.441636
0.44145
0.441369
0.441335
0.441237
0.441007
0.44075
0.440503
0.440222
0.439996
0.439837
0.43968
0.439589
0.439547
0.439539
0.439538
0.439567
0.439624
0.439709
0.439801
0.439914
0.440128
0.440415
0.440556
0.440574
0.440513
0.44033
0.440145
0.440022
0.439886
0.439782
0.439726
0.43968
0.439671
0.439706
0.439798
0.439929
0.440096
0.440266
0.440382
0.440418
0.440404
0.440344
0.440368
0.440459
0.440597
0.44074
0.440898
0.441101
0.441379
0.441761
0.44224
0.442763
0.443191
0.443681
0.444317
0.44496
0.445609
0.446241
0.446948
0.447548
0.448049
0.448711
0.449361
0.449805
0.450126
0.450882
0.2054
0.2054
0.2054
0.2054
0.2054
0.2054
0.2054
0.205401
0.20541
0.205482
0.206053
0.212354
0.243316
0.322335
0.406329
0.439516
0.442293
0.442803
0.44507
0.446287
0.444672
0.44019
0.439478
0.44003
0.44171
0.443198
0.443096
0.442678
0.442309
0.442071
0.441995
0.441816
0.441578
0.440909
0.440329
0.440239
0.440266
0.440571
0.441225
0.441694
0.441725
0.441626
0.441443
0.441227
0.441143
0.441148
0.441194
0.441147
0.440958
0.440669
0.440358
0.440017
0.439763
0.439598
0.439511
0.439504
0.439522
0.439572
0.43964
0.439734
0.439814
0.439893
0.439902
0.439902
0.439942
0.440007
0.440026
0.440007
0.439933
0.43978
0.439605
0.439463
0.439316
0.439167
0.439098
0.439081
0.439089
0.439138
0.439259
0.439398
0.439538
0.439644
0.43968
0.439681
0.439625
0.439511
0.439514
0.439587
0.4397
0.439814
0.439938
0.440098
0.440316
0.440575
0.440863
0.441199
0.441537
0.441926
0.44232
0.442825
0.443358
0.443863
0.444527
0.445224
0.445795
0.446246
0.446842
0.447492
0.447808
0.44853
0.2054
0.2054
0.2054
0.2054
0.2054
0.2054
0.205401
0.205412
0.205509
0.206466
0.216063
0.269281
0.36543
0.399829
0.420328
0.444569
0.445148
0.444241
0.445186
0.445478
0.444724
0.443309
0.440542
0.439954
0.440116
0.440933
0.441716
0.441775
0.441464
0.441136
0.44108
0.441147
0.441238
0.441152
0.440722
0.440349
0.440204
0.440227
0.440442
0.440854
0.441115
0.440995
0.440922
0.440816
0.440791
0.440794
0.44084
0.440914
0.44084
0.440625
0.440308
0.440014
0.439819
0.439641
0.439647
0.439725
0.439865
0.44002
0.440164
0.440259
0.440253
0.440206
0.440082
0.439948
0.439828
0.439709
0.439604
0.439514
0.439408
0.439274
0.439119
0.438975
0.438829
0.438664
0.438545
0.438501
0.438495
0.438521
0.438618
0.438733
0.438762
0.438782
0.438783
0.438762
0.438686
0.438569
0.438539
0.43857
0.438619
0.438662
0.43873
0.438855
0.439053
0.439293
0.439522
0.43972
0.439936
0.4402
0.4405
0.440844
0.441181
0.441588
0.441928
0.442386
0.442991
0.443278
0.443593
0.444057
0.444389
0.44529
0.2054
0.2054
0.2054
0.2054
0.2054
0.205401
0.205412
0.205504
0.206792
0.221201
0.292641
0.382732
0.441946
0.442009
0.434925
0.439329
0.442264
0.442027
0.441828
0.442339
0.443297
0.442731
0.441755
0.440327
0.440041
0.440091
0.440382
0.440483
0.440203
0.439844
0.439855
0.440114
0.440622
0.441278
0.441101
0.440613
0.440262
0.440239
0.440359
0.44053
0.440716
0.441122
0.44133
0.441294
0.441242
0.441127
0.440951
0.440885
0.440797
0.440552
0.440236
0.440033
0.439879
0.439816
0.439869
0.440002
0.440189
0.440358
0.440482
0.44048
0.440414
0.440285
0.440128
0.43991
0.439627
0.439344
0.43911
0.43891
0.438716
0.438542
0.438384
0.438232
0.438061
0.437862
0.437671
0.437546
0.437471
0.437461
0.437469
0.437504
0.437526
0.437543
0.43754
0.437498
0.437398
0.437256
0.437121
0.437018
0.436919
0.436833
0.436814
0.436839
0.436912
0.437064
0.437186
0.437232
0.437254
0.437299
0.437453
0.437648
0.437855
0.438089
0.438293
0.438465
0.438756
0.439087
0.439289
0.439429
0.439633
0.440855
0.2054
0.2054
0.2054
0.2054
0.2054
0.205409
0.205498
0.206614
0.224566
0.304779
0.398013
0.416464
0.44402
0.445727
0.443547
0.440856
0.440288
0.43926
0.438378
0.438495
0.439709
0.441265
0.441332
0.441069
0.440502
0.440358
0.440132
0.439833
0.439395
0.4392
0.439236
0.439476
0.440143
0.440958
0.441332
0.441149
0.440625
0.440334
0.440395
0.440613
0.440864
0.441176
0.441268
0.441261
0.441192
0.441041
0.44082
0.440674
0.440466
0.440186
0.440016
0.439963
0.439891
0.439859
0.439906
0.440031
0.440209
0.440372
0.440502
0.440494
0.4404
0.440167
0.439811
0.439391
0.438953
0.438568
0.438244
0.437956
0.437678
0.437425
0.437206
0.436993
0.436758
0.436524
0.436309
0.436141
0.436
0.435919
0.435858
0.435814
0.435766
0.435722
0.435656
0.435529
0.435312
0.435032
0.434718
0.434412
0.434126
0.433898
0.433711
0.433567
0.433437
0.433308
0.433156
0.433007
0.432856
0.432719
0.432614
0.432597
0.432557
0.432543
0.432544
0.432517
0.432467
0.432494
0.432476
0.432407
0.432348
0.43384
0.2054
0.2054
0.2054
0.2054
0.205405
0.205461
0.206462
0.22211
0.309388
0.406975
0.442796
0.434156
0.439473
0.443439
0.442678
0.441494
0.440199
0.439021
0.437858
0.43772
0.43815
0.439612
0.441083
0.44154
0.441295
0.440731
0.440122
0.439719
0.439333
0.439204
0.439297
0.439562
0.440048
0.440631
0.441119
0.441032
0.441
0.440643
0.440553
0.440694
0.440876
0.441116
0.441037
0.440902
0.440675
0.440323
0.439931
0.439748
0.439608
0.439545
0.439514
0.439486
0.43947
0.439457
0.439517
0.439614
0.439708
0.439725
0.439691
0.439568
0.439331
0.438995
0.438598
0.438142
0.437643
0.437188
0.436817
0.436495
0.436183
0.435873
0.435555
0.435223
0.434874
0.43453
0.434196
0.433892
0.433644
0.433425
0.433199
0.432979
0.432764
0.432561
0.432341
0.432061
0.431676
0.431208
0.43069
0.430166
0.429643
0.429148
0.428675
0.428268
0.42789
0.427546
0.427162
0.426744
0.426293
0.425845
0.425412
0.424998
0.424558
0.424236
0.423874
0.423577
0.423282
0.422971
0.422498
0.422082
0.421484
0.423284
0.2054
0.2054
0.2054
0.205403
0.205433
0.205922
0.219415
0.302749
0.402332
0.439675
0.451417
0.449099
0.443727
0.442088
0.441671
0.441466
0.441033
0.440153
0.438803
0.438111
0.438315
0.439268
0.440859
0.441871
0.441819
0.441237
0.44028
0.439675
0.439611
0.43976
0.439961
0.440135
0.440392
0.440598
0.440883
0.440927
0.440847
0.440824
0.440706
0.440547
0.440511
0.44037
0.440084
0.439767
0.439405
0.43895
0.438557
0.438507
0.438604
0.438648
0.438568
0.438514
0.438472
0.438353
0.438182
0.438017
0.437891
0.437799
0.437674
0.437491
0.43724
0.436907
0.436492
0.436009
0.435487
0.43497
0.434464
0.433971
0.433476
0.432967
0.432439
0.431878
0.431287
0.430687
0.430105
0.429585
0.429123
0.428682
0.428232
0.427807
0.427421
0.427044
0.426615
0.426109
0.425498
0.424781
0.423966
0.423095
0.422193
0.421304
0.420435
0.419601
0.418764
0.417931
0.417086
0.416252
0.415407
0.414599
0.413803
0.413058
0.412283
0.411537
0.410725
0.409941
0.40915
0.408436
0.407606
0.406838
0.405572
0.408106
0.2054
0.2054
0.205401
0.205417
0.205643
0.212
0.291893
0.409153
0.426809
0.439418
0.45129
0.449952
0.445358
0.441951
0.441375
0.441459
0.441721
0.441336
0.440441
0.439462
0.439402
0.44004
0.441201
0.441901
0.441887
0.441533
0.440768
0.44023
0.440489
0.44079
0.440794
0.440692
0.440542
0.440513
0.440347
0.440478
0.440462
0.440364
0.440116
0.439729
0.439449
0.439187
0.43884
0.438466
0.438058
0.437667
0.437339
0.43721
0.437169
0.437069
0.436853
0.436643
0.436444
0.436228
0.435942
0.435691
0.435452
0.435185
0.434867
0.434488
0.434042
0.433537
0.432966
0.43233
0.431647
0.43094
0.430211
0.429446
0.428656
0.42785
0.427011
0.426128
0.42522
0.424335
0.423472
0.422649
0.421861
0.421081
0.420307
0.419576
0.418872
0.41815
0.417341
0.416419
0.415369
0.414204
0.412929
0.411583
0.410194
0.408796
0.407389
0.406001
0.404633
0.4033
0.40199
0.400714
0.399457
0.398225
0.396985
0.395777
0.394593
0.393461
0.392289
0.391127
0.389923
0.388732
0.387428
0.386297
0.384467
0.388506
0.2054
0.2054
0.205406
0.205483
0.208061
0.261795
0.38345
0.454316
0.446398
0.440671
0.444812
0.44708
0.445341
0.442158
0.441302
0.441326
0.441517
0.441852
0.441671
0.441189
0.440508
0.440723
0.441274
0.44182
0.44157
0.441034
0.440809
0.440948
0.441444
0.441523
0.441405
0.441036
0.440426
0.439785
0.43958
0.439647
0.439607
0.43945
0.43915
0.438673
0.438243
0.437813
0.437316
0.436802
0.436297
0.435853
0.435428
0.434971
0.434576
0.434256
0.433894
0.433512
0.433139
0.432717
0.432258
0.43175
0.431203
0.43063
0.430015
0.429342
0.428598
0.427785
0.426921
0.426015
0.425076
0.424105
0.423084
0.422004
0.420852
0.419626
0.418328
0.416974
0.415598
0.414218
0.412859
0.411564
0.410314
0.409075
0.407863
0.406679
0.405493
0.404258
0.402939
0.401513
0.399955
0.398264
0.396464
0.394595
0.392687
0.39077
0.388853
0.386955
0.38509
0.383279
0.381548
0.379876
0.378252
0.376682
0.375145
0.373632
0.372136
0.370662
0.369191
0.367732
0.366288
0.364854
0.36332
0.361938
0.359743
0.365627
0.2054
0.205402
0.205426
0.20598
0.232728
0.360513
0.418952
0.455005
0.45277
0.44337
0.441055
0.443391
0.443353
0.441831
0.440472
0.440288
0.440055
0.440297
0.440452
0.440589
0.441349
0.441459
0.441397
0.441265
0.440773
0.440565
0.440648
0.440952
0.441443
0.441365
0.441015
0.440208
0.439162
0.438232
0.438095
0.43801
0.437884
0.437643
0.437216
0.436625
0.435897
0.435074
0.434224
0.433404
0.432672
0.43202
0.431444
0.430899
0.430357
0.429768
0.429091
0.428384
0.427615
0.426747
0.425779
0.424786
0.423788
0.422765
0.421689
0.420562
0.419403
0.418239
0.417062
0.415853
0.414568
0.413157
0.411594
0.409877
0.408056
0.406163
0.404209
0.402196
0.400172
0.398199
0.396315
0.394527
0.392795
0.391109
0.389484
0.387892
0.38629
0.384611
0.38282
0.380901
0.378859
0.376693
0.374443
0.372151
0.369867
0.367599
0.365368
0.363168
0.361042
0.359001
0.357071
0.355231
0.353486
0.351803
0.350176
0.348578
0.347022
0.345462
0.343914
0.342363
0.340836
0.339331
0.337791
0.336437
0.334284
0.341877
0.205401
0.205408
0.205517
0.21135
0.311497
0.427936
0.429291
0.44477
0.449769
0.442792
0.439053
0.438958
0.44009
0.439696
0.439031
0.438657
0.438364
0.438662
0.439303
0.440195
0.440962
0.440968
0.440711
0.440313
0.439775
0.439778
0.439954
0.440313
0.440202
0.439802
0.439085
0.438079
0.437046
0.436117
0.435574
0.435215
0.43494
0.434488
0.433757
0.432726
0.431585
0.430454
0.429368
0.42833
0.427339
0.426452
0.425575
0.424598
0.42351
0.422296
0.42102
0.419686
0.418314
0.416904
0.415423
0.413868
0.412263
0.410626
0.408963
0.407279
0.405575
0.403853
0.402096
0.40026
0.398327
0.396274
0.394083
0.391752
0.389313
0.386801
0.384248
0.381682
0.379162
0.37672
0.374399
0.372207
0.370107
0.368088
0.366163
0.364258
0.362325
0.360319
0.358234
0.356044
0.353753
0.351369
0.348957
0.346557
0.344211
0.341924
0.339698
0.337523
0.33544
0.33345
0.331585
0.32981
0.328133
0.326517
0.324963
0.323426
0.321931
0.320435
0.318982
0.317529
0.316114
0.3147
0.31328
0.312028
0.310081
0.318855
0.205402
0.205429
0.206236
0.253652
0.387275
0.452421
0.44025
0.442922
0.446642
0.443452
0.438783
0.437761
0.438238
0.438712
0.438592
0.438166
0.437739
0.438009
0.43879
0.440009
0.4406
0.44034
0.439788
0.439023
0.438207
0.43793
0.437876
0.437743
0.437435
0.436833
0.43593
0.434848
0.433532
0.432167
0.431211
0.430431
0.429761
0.42891
0.427817
0.426525
0.425073
0.423527
0.421949
0.420385
0.418908
0.417398
0.415846
0.414154
0.412299
0.410365
0.408347
0.406286
0.404171
0.401949
0.399605
0.397192
0.394765
0.392347
0.38995
0.387583
0.385259
0.382968
0.380688
0.378374
0.375971
0.373427
0.370736
0.367906
0.365
0.362063
0.359149
0.356284
0.353515
0.350886
0.348444
0.346162
0.344
0.341964
0.340025
0.338099
0.336147
0.334131
0.332051
0.32989
0.32766
0.325371
0.323087
0.320848
0.318691
0.316606
0.314591
0.312629
0.310756
0.308961
0.307274
0.305671
0.304162
0.302706
0.301314
0.299934
0.298598
0.297253
0.295956
0.294655
0.293406
0.292165
0.290948
0.289882
0.288214
0.297567
0.205406
0.205493
0.212871
0.331803
0.428053
0.457204
0.451418
0.445463
0.445515
0.443357
0.43951
0.438128
0.438561
0.439228
0.439144
0.438584
0.437651
0.437503
0.437991
0.439004
0.43928
0.438837
0.437809
0.436557
0.435386
0.434724
0.43423
0.433702
0.432854
0.431688
0.430276
0.428728
0.427108
0.425466
0.424021
0.42262
0.421303
0.419878
0.418219
0.41622
0.413918
0.411467
0.409025
0.406654
0.404393
0.402285
0.400143
0.397821
0.39525
0.392412
0.389444
0.386391
0.383265
0.380115
0.376959
0.373831
0.370775
0.367801
0.364918
0.362142
0.35948
0.35691
0.354384
0.351826
0.349196
0.34646
0.34361
0.340667
0.3377
0.334763
0.331901
0.32914
0.326524
0.324074
0.32182
0.319723
0.317757
0.315919
0.314164
0.312407
0.310621
0.308781
0.30689
0.304932
0.302919
0.300872
0.298855
0.296902
0.295039
0.29325
0.291522
0.289838
0.288231
0.286686
0.285234
0.283849
0.282543
0.281279
0.280073
0.278868
0.277704
0.276534
0.275417
0.274294
0.273228
0.272163
0.271145
0.27026
0.268846
0.278206
0.205422
0.205875
0.257067
0.396494
0.439415
0.457227
0.453605
0.448323
0.446835
0.445267
0.442526
0.440579
0.439536
0.439352
0.439102
0.438333
0.436743
0.435565
0.435266
0.435455
0.435308
0.434583
0.433374
0.432042
0.430665
0.429324
0.428056
0.426636
0.425016
0.423223
0.421271
0.419267
0.417121
0.414762
0.412375
0.41007
0.407872
0.405548
0.402944
0.400041
0.396898
0.393629
0.390364
0.387205
0.384196
0.381222
0.378185
0.374941
0.371431
0.367743
0.363978
0.360232
0.356545
0.352919
0.349381
0.345974
0.342732
0.339645
0.336705
0.333914
0.33127
0.32874
0.32628
0.323836
0.321358
0.31881
0.316184
0.313495
0.310804
0.308162
0.305615
0.303191
0.300914
0.298794
0.296854
0.295048
0.293374
0.291814
0.290308
0.288789
0.287241
0.285646
0.28401
0.282324
0.280599
0.278856
0.277152
0.275515
0.273963
0.272473
0.27103
0.269616
0.268261
0.266952
0.265717
0.264535
0.263417
0.262332
0.261296
0.260256
0.259255
0.258245
0.257287
0.256319
0.255413
0.254507
0.253667
0.252942
0.251739
0.260516
0.205447
0.209058
0.319886
0.440434
0.446749
0.455427
0.453591
0.448988
0.446827
0.446069
0.444085
0.441308
0.439638
0.438586
0.437109
0.435066
0.432899
0.431348
0.430388
0.429849
0.42905
0.427881
0.426344
0.424562
0.422411
0.420085
0.417636
0.415126
0.412487
0.409734
0.406916
0.404064
0.400988
0.397705
0.394353
0.390945
0.387542
0.384097
0.380537
0.376769
0.372763
0.36862
0.364527
0.360609
0.356945
0.353502
0.350063
0.34646
0.342639
0.338654
0.33467
0.330788
0.327033
0.323448
0.320055
0.316874
0.313907
0.311118
0.308486
0.306017
0.303707
0.301524
0.299415
0.297316
0.295188
0.292999
0.290737
0.28842
0.286111
0.283861
0.281707
0.279669
0.277771
0.276019
0.274423
0.272939
0.27157
0.270291
0.269041
0.267768
0.266464
0.265115
0.26373
0.2623
0.26084
0.259372
0.257951
0.256595
0.255314
0.254084
0.252889
0.251711
0.250574
0.249468
0.248418
0.247408
0.246449
0.245516
0.244623
0.243722
0.242857
0.241981
0.241154
0.240319
0.239545
0.238774
0.238085
0.237489
0.23651
0.244176
0.205501
0.231868
0.377852
0.456612
0.450309
0.451403
0.449675
0.445897
0.444513
0.445048
0.443239
0.439466
0.435568
0.432504
0.430478
0.428553
0.426571
0.424606
0.422568
0.420634
0.418641
0.416573
0.414343
0.411789
0.408789
0.405211
0.401256
0.397197
0.393181
0.389259
0.385433
0.381617
0.377628
0.373329
0.368811
0.364299
0.359948
0.35573
0.351483
0.347107
0.342643
0.338231
0.334019
0.330098
0.326485
0.323081
0.319722
0.316254
0.312619
0.308892
0.305212
0.301684
0.298353
0.29524
0.292347
0.289676
0.287211
0.28491
0.282741
0.280701
0.278791
0.276982
0.275232
0.273491
0.271728
0.269915
0.268044
0.266126
0.264213
0.262351
0.260573
0.258896
0.257339
0.255908
0.254606
0.253398
0.25228
0.251232
0.250197
0.24913
0.248029
0.246883
0.245706
0.24449
0.243254
0.242021
0.240839
0.239718
0.238662
0.237648
0.236657
0.235673
0.234716
0.233778
0.232879
0.23201
0.231182
0.230372
0.229596
0.22881
0.228056
0.227292
0.226573
0.225847
0.225184
0.22453
0.223972
0.223474
0.222753
0.229269
0.205947
0.288004
0.437035
0.45843
0.450633
0.441356
0.438744
0.436046
0.435091
0.435758
0.434339
0.431287
0.427917
0.424704
0.421514
0.418405
0.41525
0.411693
0.408096
0.404686
0.401738
0.398924
0.3959
0.392352
0.387947
0.382713
0.377095
0.371493
0.366098
0.360999
0.356196
0.351618
0.346947
0.342104
0.337155
0.33228
0.327625
0.323221
0.319008
0.314889
0.310822
0.306874
0.303151
0.299712
0.296566
0.293624
0.290716
0.287711
0.28457
0.281363
0.278226
0.275254
0.272482
0.269929
0.267585
0.265439
0.263467
0.261625
0.259884
0.258243
0.256704
0.255244
0.253826
0.252409
0.250969
0.249484
0.247949
0.246373
0.244802
0.243274
0.241815
0.240438
0.23916
0.237989
0.236924
0.235936
0.235021
0.234153
0.233287
0.232386
0.231449
0.230467
0.229457
0.228416
0.227367
0.22633
0.225347
0.22442
0.223549
0.222709
0.221883
0.221057
0.22025
0.219448
0.218675
0.217924
0.217202
0.216497
0.215818
0.215128
0.214468
0.213798
0.213171
0.212542
0.211977
0.211424
0.21098
0.210567
0.210051
0.215911
0.209114
0.342414
0.448963
0.456761
0.443603
0.431191
0.428799
0.427184
0.426478
0.426008
0.423663
0.420243
0.41605
0.410778
0.405418
0.400831
0.396624
0.392151
0.387157
0.38187
0.377122
0.372837
0.368538
0.363679
0.358103
0.351784
0.344982
0.338319
0.332216
0.32677
0.321893
0.317356
0.312906
0.30836
0.303743
0.299253
0.295073
0.291256
0.287695
0.284258
0.280903
0.27769
0.27469
0.271934
0.269411
0.267033
0.264665
0.262199
0.259602
0.256943
0.254345
0.251898
0.249643
0.247595
0.245738
0.244048
0.242498
0.241042
0.239657
0.238342
0.237101
0.235915
0.234758
0.233598
0.232417
0.231201
0.229945
0.228657
0.227371
0.226119
0.22492
0.223787
0.222734
0.221769
0.220892
0.220075
0.219326
0.218595
0.217863
0.217091
0.216285
0.215437
0.214566
0.213674
0.212783
0.211913
0.211097
0.210332
0.209614
0.208917
0.208226
0.207529
0.206845
0.206159
0.205491
0.204839
0.204208
0.203592
0.202997
0.202391
0.201813
0.201225
0.20068
0.200138
0.199663
0.199202
0.198856
0.198527
0.198113
0.203772
0.224621
0.385081
0.449821
0.449359
0.436325
0.426308
0.422753
0.418747
0.415121
0.411561
0.406093
0.399517
0.393093
0.386798
0.38089
0.375537
0.370133
0.363818
0.356882
0.349884
0.343808
0.33859
0.333601
0.328237
0.322224
0.315549
0.308719
0.302313
0.296643
0.291764
0.287545
0.283753
0.280073
0.276347
0.272563
0.268891
0.265497
0.262428
0.259617
0.256952
0.254372
0.251902
0.24959
0.247452
0.245478
0.243594
0.241689
0.239678
0.237543
0.235347
0.233206
0.231207
0.229385
0.227753
0.226291
0.224968
0.223752
0.222601
0.221494
0.220432
0.219423
0.218452
0.217502
0.216547
0.215576
0.214579
0.213553
0.212501
0.21145
0.210424
0.209437
0.208501
0.20763
0.206832
0.206107
0.205427
0.204814
0.204195
0.203573
0.202908
0.202206
0.201468
0.200717
0.199958
0.199206
0.198482
0.197808
0.197176
0.196585
0.196007
0.195429
0.194842
0.194261
0.193673
0.193097
0.192531
0.191981
0.191443
0.190923
0.190392
0.189887
0.189376
0.188906
0.188445
0.188052
0.187679
0.187419
0.187168
0.186806
0.192407
0.271937
0.431327
0.44642
0.439946
0.429328
0.420863
0.412024
0.400966
0.391327
0.383688
0.376537
0.369816
0.362852
0.355265
0.347552
0.340362
0.333386
0.32605
0.318573
0.311257
0.305085
0.300041
0.295373
0.290425
0.28507
0.279376
0.273617
0.268276
0.263666
0.259822
0.256584
0.253694
0.250903
0.248048
0.245107
0.242228
0.239571
0.237198
0.23505
0.233023
0.231058
0.229174
0.227402
0.225752
0.224212
0.222722
0.221194
0.219559
0.217805
0.215993
0.214229
0.212594
0.211125
0.209829
0.208682
0.207649
0.206696
0.205785
0.204897
0.204035
0.203207
0.202408
0.201623
0.200835
0.200038
0.199223
0.19839
0.197535
0.19668
0.19584
0.195029
0.194256
0.193536
0.192876
0.192278
0.191716
0.191205
0.190692
0.190154
0.189587
0.188976
0.188334
0.187689
0.187049
0.186426
0.185828
0.185278
0.184762
0.184277
0.1838
0.183319
0.182827
0.182335
0.181833
0.181338
0.180847
0.180371
0.179905
0.179452
0.178991
0.178556
0.178115
0.177719
0.177336
0.177017
0.176726
0.176543
0.176361
0.176066
0.181538
0.319793
0.444414
0.438515
0.424665
0.413285
0.400695
0.385849
0.371674
0.35884
0.34744
0.337685
0.329535
0.321658
0.313458
0.305576
0.298549
0.292028
0.285324
0.278566
0.272106
0.266805
0.262707
0.259101
0.255356
0.25128
0.246878
0.242433
0.238347
0.234858
0.231992
0.229604
0.227479
0.225402
0.223247
0.220991
0.218764
0.216706
0.214879
0.213243
0.211712
0.21023
0.208804
0.207453
0.206182
0.204984
0.20381
0.202587
0.201261
0.199825
0.198334
0.196887
0.19556
0.194386
0.193368
0.192478
0.191678
0.190937
0.19022
0.18951
0.188811
0.188135
0.18748
0.186838
0.186197
0.185552
0.184898
0.184231
0.183546
0.182858
0.182178
0.181516
0.180884
0.180295
0.179757
0.179271
0.178818
0.178386
0.177976
0.177507
0.177025
0.1765
0.175959
0.175426
0.174893
0.174388
0.173902
0.173459
0.173046
0.172653
0.172264
0.171866
0.171454
0.171044
0.170616
0.170193
0.169773
0.169364
0.168962
0.168572
0.168176
0.167807
0.167434
0.167106
0.166799
0.166555
0.166335
0.166219
0.166098
0.16589
0.171039
0.362712
0.444728
0.418393
0.395192
0.376736
0.360776
0.344766
0.329223
0.314098
0.300768
0.290769
0.283393
0.276679
0.269902
0.263364
0.257546
0.252255
0.2469
0.241695
0.236869
0.233049
0.230221
0.227734
0.225052
0.222062
0.218813
0.215504
0.212447
0.209843
0.207724
0.205974
0.204411
0.202873
0.201253
0.199535
0.19782
0.196233
0.194838
0.193606
0.192462
0.191354
0.190282
0.189258
0.188288
0.187367
0.186457
0.185497
0.18444
0.183283
0.182077
0.18091
0.179854
0.178937
0.178158
0.177485
0.176882
0.17632
0.175768
0.175213
0.174659
0.174121
0.173601
0.173097
0.172598
0.172101
0.171597
0.171084
0.170553
0.170015
0.169478
0.168953
0.168451
0.167986
0.167564
0.167187
0.166839
0.166496
0.166169
0.1658
0.165394
0.164965
0.164525
0.164112
0.163693
0.163286
0.162902
0.162551
0.162222
0.16191
0.161595
0.16127
0.16093
0.160589
0.160228
0.15987
0.159516
0.159169
0.158824
0.158493
0.15816
0.157853
0.157549
0.157287
0.157046
0.156876
0.156721
0.156665
0.156594
0.156474
0.161039
0.372796
0.407394
0.376962
0.347827
0.326979
0.308153
0.289884
0.274434
0.261541
0.251322
0.243931
0.238522
0.233689
0.228788
0.224128
0.220106
0.216555
0.212963
0.209423
0.206104
0.203502
0.201651
0.200043
0.19825
0.196177
0.193859
0.191466
0.189244
0.187354
0.185832
0.184592
0.183494
0.182407
0.181247
0.179994
0.17873
0.177561
0.17655
0.175677
0.174877
0.174102
0.173345
0.172614
0.171918
0.171258
0.170603
0.169898
0.169104
0.168219
0.16729
0.166399
0.165609
0.164942
0.164392
0.163928
0.163514
0.163125
0.162737
0.16234
0.16194
0.161555
0.161191
0.160845
0.160509
0.160177
0.159838
0.159487
0.159114
0.158726
0.158332
0.157944
0.157575
0.157237
0.156937
0.156679
0.156444
0.156211
0.155972
0.155736
0.155443
0.155144
0.154822
0.154512
0.154198
0.153874
0.15357
0.153296
0.153034
0.152789
0.152534
0.152269
0.151991
0.151704
0.151401
0.1511
0.1508
0.150506
0.150214
0.149938
0.149665
0.149413
0.149171
0.148971
0.148788
0.148675
0.148581
0.148574
0.148544
0.148505
0.151555
0.36962
0.351656
0.310915
0.281694
0.262302
0.246432
0.233735
0.223155
0.214248
0.207058
0.20195
0.198642
0.195988
0.193295
0.190635
0.188246
0.186091
0.183812
0.181537
0.179395
0.177779
0.17673
0.17584
0.17477
0.173456
0.171931
0.170314
0.168794
0.16751
0.166509
0.165734
0.165075
0.164425
0.16371
0.162904
0.162075
0.161319
0.160697
0.160194
0.159746
0.159306
0.158863
0.158427
0.158013
0.157625
0.157234
0.156792
0.156264
0.155652
0.155004
0.154394
0.153878
0.153469
0.153155
0.152903
0.152685
0.15248
0.15227
0.152048
0.151826
0.151623
0.151446
0.15129
0.151145
0.151002
0.150849
0.150674
0.150468
0.150236
0.14999
0.149743
0.149509
0.149303
0.149131
0.148997
0.148887
0.148785
0.148674
0.148576
0.148445
0.148303
0.148119
0.147888
0.147629
0.147367
0.147118
0.146898
0.146686
0.146483
0.146271
0.146045
0.14581
0.145562
0.145298
0.14504
0.14478
0.144524
0.144274
0.144038
0.143812
0.143607
0.143406
0.143254
0.143119
0.143049
0.142997
0.143021
0.14302
0.143034
0.144141
0.335229
0.275009
0.231276
0.205171
0.192755
0.184507
0.177433
0.171976
0.167719
0.164536
0.162644
0.161779
0.161092
0.160106
0.158997
0.158098
0.1574
0.15657
0.155625
0.154664
0.15407
0.153925
0.153912
0.153749
0.153354
0.152727
0.151946
0.151176
0.150558
0.150161
0.149951
0.149836
0.14972
0.149531
0.149238
0.148907
0.148636
0.148487
0.148436
0.148414
0.148367
0.148286
0.148185
0.148086
0.147994
0.147883
0.14771
0.147446
0.1471
0.146723
0.146387
0.14614
0.145987
0.145907
0.14587
0.145849
0.14583
0.145801
0.145761
0.145725
0.145713
0.145727
0.145763
0.145808
0.145851
0.145878
0.145872
0.145821
0.14573
0.145613
0.145486
0.145365
0.145267
0.1452
0.14517
0.145165
0.145182
0.145202
0.145238
0.14526
0.145244
0.14517
0.14498
0.144736
0.144499
0.144279
0.144079
0.143891
0.143707
0.143515
0.143306
0.143092
0.142861
0.142613
0.142377
0.142133
0.141896
0.141664
0.141446
0.141242
0.141058
0.140875
0.140744
0.140633
0.140584
0.140548
0.140584
0.140603
0.140649
0.139562
0.0463159
0.0466426
0.0484609
0.0549055
0.066813
0.0772405
0.0841404
0.0885516
0.094006
0.0946624
0.0972563
0.103434
0.111262
0.122358
0.134986
0.14935
0.163752
0.179172
0.19491
0.210804
0.224935
0.242584
0.253931
0.271258
0.284068
0.29235
0.299975
0.309537
0.319465
0.323542
0.328173
0.333812
0.339638
0.343237
0.344616
0.346689
0.349746
0.353427
0.356025
0.356513
0.35712
0.358379
0.360303
0.362264
0.362922
0.362763
0.362804
0.36321
0.363998
0.364525
0.364391
0.36422
0.364449
0.365066
0.366002
0.366391
0.366104
0.365316
0.364045
0.362775
0.362496
0.362667
0.362717
0.362417
0.361199
0.358429
0.353683
0.347067
0.33962
0.332425
0.326096
0.320286
0.314343
0.307807
0.299905
0.29041
0.279113
0.266727
0.254731
0.236272
0.046665
0.0469507
0.0485884
0.054598
0.0651595
0.0744351
0.0809381
0.0852756
0.0906033
0.0913747
0.0941807
0.100228
0.107964
0.11904
0.131834
0.146569
0.161367
0.177315
0.19368
0.209996
0.224507
0.242443
0.254261
0.272006
0.2853
0.294114
0.302235
0.31219
0.322482
0.326912
0.331837
0.337722
0.343783
0.347612
0.349189
0.351414
0.354588
0.358366
0.361058
0.361643
0.362333
0.36365
0.365606
0.367586
0.368265
0.36812
0.368173
0.368587
0.369373
0.369901
0.369761
0.369586
0.369806
0.370409
0.371332
0.371707
0.371416
0.370622
0.369342
0.368064
0.367765
0.367911
0.367932
0.367613
0.366378
0.363595
0.358835
0.352201
0.34472
0.337474
0.331071
0.325172
0.319141
0.312522
0.304542
0.294969
0.283585
0.271099
0.258973
0.240499
0.04784
0.0480575
0.0493592
0.0547049
0.0643392
0.0726298
0.0787799
0.0830446
0.0882381
0.0890857
0.091866
0.0980261
0.105751
0.116875
0.129833
0.144776
0.159992
0.176428
0.193165
0.209801
0.224747
0.243378
0.256136
0.274796
0.289032
0.29878
0.307725
0.31842
0.329439
0.334477
0.339911
0.346268
0.352802
0.357075
0.359019
0.361558
0.36501
0.369033
0.371935
0.372712
0.373583
0.375067
0.377162
0.379241
0.37998
0.379876
0.379973
0.380434
0.381259
0.381816
0.381679
0.381507
0.381729
0.382338
0.383267
0.38363
0.383325
0.382506
0.381191
0.379906
0.379589
0.379712
0.379686
0.37933
0.378039
0.375179
0.370321
0.36357
0.355966
0.348596
0.342058
0.335994
0.329783
0.322973
0.314781
0.304982
0.293342
0.280588
0.26815
0.249393
0.0500581
0.050226
0.0512516
0.0555055
0.0642
0.0716705
0.0773856
0.0815238
0.0866499
0.08745
0.090346
0.0965353
0.104264
0.115428
0.128542
0.143693
0.159265
0.176035
0.193065
0.210455
0.226324
0.245889
0.259692
0.279547
0.294903
0.305716
0.315592
0.327217
0.339117
0.344854
0.350881
0.357818
0.364945
0.369758
0.372152
0.375101
0.378952
0.38335
0.386561
0.387603
0.388745
0.390507
0.39287
0.395153
0.396026
0.396006
0.396201
0.39678
0.397716
0.398361
0.398259
0.398131
0.398393
0.399059
0.400037
0.400422
0.40011
0.399263
0.3979
0.396624
0.396313
0.396444
0.396391
0.395994
0.39462
0.391615
0.386556
0.379565
0.371734
0.364167
0.357469
0.351215
0.344773
0.337695
0.329179
0.31901
0.306948
0.293764
0.280874
0.261572
0.0530743
0.0532251
0.0541482
0.0576396
0.0646771
0.0713902
0.0765537
0.0804675
0.0855087
0.0860772
0.0892353
0.0954437
0.103209
0.114444
0.127734
0.143052
0.15896
0.176183
0.194037
0.212429
0.229431
0.250236
0.265198
0.28636
0.302854
0.314687
0.325379
0.337886
0.350649
0.35701
0.36355
0.371005
0.378688
0.384001
0.386804
0.39013
0.39438
0.399177
0.402717
0.404029
0.405462
0.407538
0.410221
0.412762
0.413815
0.413908
0.414232
0.414968
0.416065
0.416847
0.416818
0.416767
0.417102
0.417871
0.418942
0.419396
0.419097
0.418232
0.416831
0.415578
0.415299
0.415472
0.415427
0.415004
0.413541
0.410359
0.405031
0.39771
0.389565
0.381733
0.374858
0.368412
0.361735
0.354365
0.345472
0.334852
0.322267
0.308551
0.295137
0.275143
0.0565408
0.0566856
0.0576513
0.0609562
0.066439
0.0716331
0.0761941
0.0797747
0.0846832
0.085108
0.0884103
0.094603
0.102462
0.113823
0.127262
0.142758
0.159222
0.177388
0.19634
0.216093
0.234512
0.256699
0.27282
0.295343
0.312973
0.325798
0.337186
0.350463
0.363982
0.37085
0.377782
0.385625
0.393738
0.399435
0.402544
0.406144
0.410698
0.415817
0.419624
0.421151
0.422829
0.425182
0.428156
0.430936
0.432164
0.432364
0.432806
0.433689
0.434949
0.435876
0.435933
0.435972
0.436392
0.437277
0.438455
0.439002
0.438729
0.437857
0.436433
0.43521
0.434969
0.435203
0.435187
0.434753
0.433205
0.429838
0.424216
0.416522
0.408011
0.399859
0.392777
0.386132
0.379217
0.371551
0.362269
0.351168
0.338021
0.323721
0.309758
0.289018
0.0602647
0.0603947
0.0613528
0.0649466
0.0701097
0.0726362
0.0762639
0.0794259
0.0841224
0.084377
0.0877818
0.0939753
0.102003
0.113495
0.127088
0.143047
0.16057
0.180132
0.200639
0.222094
0.24217
0.265988
0.283346
0.307319
0.326099
0.339927
0.351877
0.365771
0.379881
0.387101
0.394279
0.402345
0.410716
0.416636
0.419911
0.423645
0.428363
0.43367
0.437628
0.439268
0.441107
0.443658
0.446842
0.449792
0.451149
0.451412
0.451924
0.452906
0.45429
0.455328
0.455457
0.455566
0.45606
0.457041
0.458309
0.458943
0.458689
0.457803
0.456362
0.455158
0.45495
0.455238
0.455259
0.454811
0.45317
0.449609
0.443675
0.435584
0.42667
0.418154
0.410817
0.403942
0.396776
0.388799
0.379114
0.367516
0.353784
0.338874
0.324345
0.302836
0.0642123
0.0643181
0.0651629
0.0691826
0.0751988
0.0755968
0.0769527
0.0794563
0.0838267
0.0837934
0.0873495
0.0935823
0.101803
0.113439
0.127493
0.144484
0.163716
0.185368
0.207972
0.231657
0.253762
0.279576
0.298196
0.323713
0.343611
0.358385
0.370723
0.385032
0.399483
0.406857
0.414111
0.422203
0.430614
0.436549
0.439821
0.443521
0.448229
0.453542
0.45749
0.459112
0.461001
0.463643
0.466921
0.469935
0.471332
0.471588
0.472092
0.473097
0.474531
0.47561
0.47577
0.475906
0.476437
0.477466
0.478779
0.479463
0.479201
0.478268
0.4768
0.475587
0.475401
0.475713
0.475759
0.47527
0.47351
0.469728
0.463456
0.454942
0.445598
0.436675
0.429024
0.42187
0.414412
0.406093
0.395975
0.383852
0.369512
0.353969
0.338855
0.316554
0.068407
0.068483
0.069202
0.0735315
0.0805134
0.0809924
0.0791142
0.0800184
0.0838283
0.0834431
0.0871445
0.0934388
0.101849
0.113983
0.12906
0.147916
0.16981
0.194516
0.22006
0.246773
0.27144
0.299841
0.319725
0.346905
0.367782
0.383175
0.395509
0.409904
0.424304
0.431584
0.438698
0.44656
0.454723
0.460399
0.463454
0.466919
0.471403
0.476487
0.480219
0.481657
0.483457
0.486053
0.489276
0.492211
0.493523
0.493678
0.494072
0.494996
0.496373
0.497398
0.497519
0.497615
0.498124
0.499134
0.500415
0.501089
0.500764
0.499724
0.498203
0.496934
0.496743
0.497035
0.497073
0.496489
0.494561
0.490506
0.483846
0.474873
0.465065
0.455688
0.447654
0.440149
0.432341
0.423622
0.413015
0.40032
0.385333
0.369124
0.353397
0.330268
0.0729013
0.0729508
0.0735457
0.0775464
0.0858369
0.0886368
0.0840377
0.0816964
0.0842636
0.0832916
0.0871798
0.0935791
0.102427
0.115665
0.132704
0.154708
0.180546
0.209665
0.2392
0.270016
0.29799
0.329826
0.351005
0.380027
0.401614
0.417133
0.428687
0.442577
0.456326
0.463124
0.469816
0.477127
0.484644
0.489706
0.49227
0.495256
0.499239
0.503782
0.507033
0.50809
0.509624
0.511999
0.514972
0.517649
0.5187
0.518649
0.518785
0.5195
0.520681
0.521504
0.521507
0.521463
0.52187
0.522768
0.523915
0.524485
0.524015
0.522784
0.521162
0.519769
0.519534
0.519749
0.519708
0.518948
0.516778
0.512365
0.505241
0.495754
0.485438
0.475546
0.467046
0.459099
0.450857
0.441654
0.430474
0.417133
0.401439
0.384514
0.368138
0.344129
0.0777702
0.0778037
0.0782598
0.0812528
0.0910683
0.0970684
0.0920123
0.0860135
0.0856635
0.0834354
0.087534
0.0942905
0.10407
0.119371
0.139826
0.166684
0.198083
0.233219
0.267845
0.303852
0.335961
0.372049
0.394541
0.425425
0.447194
0.462728
0.472888
0.485744
0.498206
0.503972
0.509691
0.515937
0.522242
0.526221
0.527994
0.530227
0.533368
0.536968
0.539382
0.53984
0.540882
0.542801
0.545278
0.547427
0.548059
0.547624
0.547318
0.547678
0.548462
0.548948
0.548668
0.548359
0.548591
0.54924
0.5501
0.550455
0.549723
0.548181
0.546393
0.544819
0.544415
0.544501
0.544284
0.543237
0.540701
0.535814
0.528115
0.518036
0.507152
0.496673
0.487605
0.479102
0.470317
0.460516
0.448643
0.434552
0.418066
0.400356
0.383287
0.358323
0.0831214
0.0831394
0.0834444
0.0856217
0.0963779
0.10495
0.102325
0.0942178
0.0894269
0.0845787
0.0886492
0.0962938
0.107755
0.126515
0.152062
0.185729
0.224298
0.266701
0.307166
0.349093
0.386025
0.426611
0.451005
0.483684
0.505004
0.520721
0.529578
0.541063
0.551259
0.555705
0.560312
0.565089
0.569491
0.571922
0.572581
0.57373
0.57559
0.577711
0.578886
0.578444
0.578784
0.579989
0.581619
0.582965
0.582921
0.581904
0.580893
0.580758
0.580925
0.580784
0.580058
0.579373
0.57925
0.579537
0.57995
0.579864
0.578729
0.576755
0.574715
0.572903
0.572167
0.572004
0.571493
0.570039
0.566964
0.561441
0.553038
0.54227
0.530737
0.51957
0.509802
0.500591
0.491114
0.480565
0.46785
0.452882
0.435491
0.416903
0.399083
0.373074
0.0890962
0.0890925
0.0892528
0.0908256
0.0999717
0.112536
0.114105
0.106336
0.0971278
0.0880064
0.0918199
0.100831
0.115059
0.138715
0.170779
0.212742
0.25955
0.30889
0.355024
0.401642
0.443417
0.486356
0.513412
0.546675
0.566299
0.584342
0.595104
0.607053
0.615023
0.619588
0.622383
0.624803
0.626711
0.627043
0.62686
0.627091
0.627385
0.627473
0.626753
0.625263
0.624625
0.624934
0.625351
0.625436
0.624485
0.622615
0.620848
0.61985
0.619222
0.618204
0.616813
0.615678
0.614935
0.61468
0.614479
0.613725
0.611934
0.609406
0.607011
0.604886
0.603662
0.603053
0.602098
0.600073
0.596233
0.589834
0.580554
0.568996
0.556733
0.544788
0.534162
0.52406
0.513725
0.502228
0.488459
0.47244
0.454011
0.434445
0.415809
0.388637
0.0958872
0.0958294
0.0958931
0.0969289
0.102743
0.120178
0.126348
0.120513
0.109626
0.0960028
0.0989655
0.109953
0.128091
0.157471
0.196555
0.24633
0.300048
0.354726
0.405807
0.455528
0.501721
0.544263
0.577615
0.611549
0.628782
0.649396
0.663399
0.674445
0.679035
0.684094
0.690601
0.691927
0.691335
0.689845
0.68967
0.688894
0.687463
0.68535
0.682252
0.680056
0.678669
0.677735
0.676637
0.675205
0.673069
0.670375
0.667708
0.665584
0.663783
0.661709
0.659592
0.657833
0.656377
0.65525
0.654176
0.652577
0.649978
0.646807
0.643972
0.64143
0.639578
0.638317
0.63672
0.633941
0.629168
0.621681
0.611342
0.598904
0.585825
0.57294
0.561243
0.550001
0.538536
0.525872
0.510868
0.493625
0.473987
0.453305
0.433784
0.405316
0.103761
0.10359
0.103617
0.104172
0.107786
0.124306
0.137962
0.135999
0.126354
0.111093
0.112613
0.126829
0.149788
0.184082
0.227895
0.282309
0.339701
0.394626
0.446441
0.493984
0.543898
0.583294
0.622128
0.655227
0.672108
0.698508
0.719818
0.733228
0.737514
0.745348
0.751466
0.752347
0.750482
0.749286
0.752023
0.752267
0.749735
0.745364
0.741034
0.739064
0.737291
0.735295
0.732803
0.729854
0.726712
0.723474
0.720118
0.716918
0.713922
0.710709
0.707912
0.705559
0.703313
0.701255
0.699162
0.696503
0.692927
0.689107
0.685872
0.682857
0.680238
0.678132
0.675689
0.671847
0.665781
0.656936
0.645377
0.632104
0.618251
0.604455
0.591509
0.578913
0.566157
0.551985
0.535374
0.516671
0.4957
0.473826
0.453352
0.423433
0.11307
0.112732
0.112742
0.112931
0.114996
0.125348
0.150003
0.152219
0.145179
0.135225
0.136574
0.156486
0.184592
0.220412
0.263343
0.312298
0.367057
0.42336
0.47721
0.523438
0.576671
0.616632
0.66
0.689479
0.705793
0.732114
0.757773
0.770373
0.773189
0.783407
0.798357
0.797578
0.794424
0.796058
0.801596
0.803553
0.80156
0.796333
0.791882
0.791861
0.791163
0.788792
0.785011
0.781179
0.778128
0.775243
0.772056
0.768517
0.764617
0.760793
0.757908
0.755294
0.752546
0.74958
0.74635
0.742699
0.738462
0.734303
0.73083
0.727484
0.724218
0.721133
0.717705
0.712882
0.705733
0.695601
0.682995
0.668994
0.654413
0.639438
0.625078
0.610777
0.596312
0.580535
0.562331
0.542022
0.519489
0.496291
0.474839
0.443393
0.124189
0.123731
0.123588
0.123536
0.124437
0.129688
0.151437
0.171209
0.166701
0.169984
0.179429
0.208421
0.238204
0.269202
0.303029
0.338757
0.378272
0.423853
0.473428
0.521099
0.574784
0.616565
0.667112
0.6949
0.717585
0.750922
0.778515
0.796205
0.798495
0.807435
0.819063
0.822828
0.820239
0.823848
0.835093
0.837437
0.835064
0.830017
0.828393
0.830349
0.831524
0.830175
0.826649
0.822226
0.819911
0.818116
0.815707
0.812412
0.808421
0.80454
0.802233
0.800064
0.797432
0.794238
0.790432
0.786173
0.781824
0.778183
0.7752
0.771972
0.768324
0.764527
0.760107
0.753861
0.745143
0.733779
0.720592
0.706766
0.692238
0.676996
0.66133
0.645613
0.62963
0.611406
0.590911
0.568981
0.545221
0.520865
0.498429
0.465429
0.137368
0.136923
0.136407
0.136208
0.136398
0.138987
0.15096
0.184392
0.197759
0.222101
0.255927
0.294451
0.317259
0.336277
0.356561
0.37578
0.394688
0.42093
0.456039
0.500411
0.552169
0.601169
0.658086
0.688972
0.71511
0.750499
0.776688
0.795075
0.80573
0.822306
0.832638
0.832191
0.833923
0.8405
0.84964
0.852853
0.851271
0.847705
0.848705
0.852538
0.854775
0.853547
0.850538
0.847329
0.846408
0.846478
0.84562
0.843379
0.839884
0.837
0.835915
0.834778
0.833014
0.830205
0.826302
0.821988
0.818172
0.815359
0.813171
0.810671
0.807109
0.802597
0.797469
0.790807
0.781626
0.76977
0.757127
0.744018
0.729899
0.714152
0.697834
0.68013
0.662278
0.643009
0.621279
0.597608
0.572397
0.547111
0.52425
0.489886
0.152478
0.152034
0.151377
0.150739
0.150697
0.151815
0.158495
0.186088
0.236821
0.324902
0.375878
0.406766
0.4051
0.407272
0.414991
0.417394
0.423611
0.430054
0.437972
0.45409
0.484494
0.533193
0.593617
0.643648
0.698843
0.740069
0.762389
0.785382
0.804437
0.822438
0.83192
0.831656
0.83741
0.850836
0.857235
0.858797
0.856642
0.856939
0.859575
0.862543
0.864365
0.863673
0.861531
0.859605
0.859429
0.860165
0.860116
0.859135
0.856925
0.855348
0.855455
0.85513
0.853844
0.851112
0.847018
0.842897
0.840487
0.83951
0.838674
0.837158
0.834369
0.830018
0.823986
0.815928
0.805899
0.794641
0.783924
0.773523
0.761746
0.747928
0.731491
0.71378
0.694041
0.671207
0.647842
0.624321
0.599634
0.574215
0.551191
0.516017
0.168397
0.167946
0.167321
0.166519
0.166636
0.167987
0.174972
0.200766
0.277477
0.402429
0.508403
0.53743
0.52867
0.515276
0.497136
0.477454
0.467282
0.455648
0.45928
0.463235
0.465424
0.47551
0.505421
0.565265
0.647754
0.693775
0.729313
0.765877
0.796927
0.818403
0.822453
0.826525
0.838336
0.853219
0.857435
0.857458
0.856683
0.85963
0.865846
0.867596
0.868774
0.867711
0.867543
0.867648
0.867506
0.867439
0.867266
0.866555
0.865575
0.865288
0.86547
0.865607
0.864965
0.862999
0.859655
0.855971
0.854479
0.854774
0.855113
0.854491
0.852124
0.847713
0.841336
0.83266
0.822273
0.812003
0.803383
0.794718
0.784524
0.772067
0.756261
0.736791
0.717224
0.695979
0.672151
0.647495
0.623418
0.599796
0.578549
0.54365
0.182971
0.182534
0.182114
0.182055
0.183163
0.187922
0.201115
0.244884
0.324581
0.404798
0.501954
0.549891
0.587169
0.600409
0.589032
0.570152
0.547314
0.524715
0.504393
0.486698
0.476543
0.478535
0.482905
0.495374
0.532822
0.592304
0.66756
0.730913
0.773791
0.798966
0.803123
0.814639
0.838545
0.851664
0.852369
0.850316
0.853304
0.860497
0.867943
0.868846
0.868769
0.867645
0.868012
0.870854
0.8717
0.871285
0.870167
0.869963
0.870419
0.871648
0.87171
0.871553
0.870678
0.868394
0.865225
0.862613
0.862253
0.86305
0.863832
0.86328
0.861353
0.856171
0.847751
0.837168
0.826702
0.818584
0.812513
0.806599
0.799169
0.788724
0.773527
0.755299
0.731643
0.707202
0.685489
0.664595
0.643198
0.620787
0.601634
0.569077
0.19422
0.194009
0.194431
0.195955
0.200315
0.214517
0.25444
0.31686
0.383058
0.408831
0.453344
0.514827
0.574875
0.597524
0.600809
0.603305
0.599925
0.589857
0.569849
0.546175
0.522204
0.505392
0.493401
0.493852
0.498325
0.512709
0.557473
0.625558
0.697102
0.753326
0.782419
0.812573
0.835274
0.841549
0.837455
0.840918
0.848113
0.861001
0.867368
0.867424
0.864643
0.864671
0.867198
0.8713
0.871732
0.871323
0.869985
0.870105
0.871815
0.874321
0.874448
0.873823
0.872527
0.870093
0.867562
0.865513
0.865709
0.866402
0.866995
0.866319
0.863793
0.859932
0.852101
0.841019
0.830414
0.823056
0.81754
0.811705
0.804837
0.794979
0.779819
0.760835
0.743976
0.720047
0.693521
0.672463
0.65468
0.637702
0.62145
0.591214
0.201963
0.202681
0.204657
0.210488
0.227123
0.268125
0.333033
0.382318
0.424546
0.436546
0.438903
0.448737
0.476673
0.516561
0.560503
0.592336
0.600421
0.599079
0.595116
0.587822
0.575386
0.557242
0.535469
0.518391
0.50654
0.507392
0.512782
0.530784
0.583003
0.662879
0.736475
0.80264
0.806514
0.816705
0.82053
0.829853
0.849691
0.859303
0.861426
0.859271
0.858158
0.860976
0.867372
0.870868
0.870867
0.869365
0.868402
0.869519
0.872607
0.874843
0.874771
0.87404
0.871536
0.868397
0.86739
0.867376
0.868007
0.868464
0.868317
0.867584
0.864831
0.857371
0.846265
0.83532
0.827704
0.82215
0.817387
0.814067
0.808627
0.799701
0.785981
0.767621
0.739582
0.71582
0.694194
0.675658
0.660026
0.645743
0.633041
0.607435
0.207971
0.211003
0.219085
0.241686
0.286126
0.346405
0.406955
0.428476
0.434813
0.437662
0.442273
0.4469
0.452883
0.461376
0.479506
0.507023
0.538785
0.563306
0.578682
0.58435
0.583237
0.580181
0.574019
0.563097
0.547196
0.531568
0.520557
0.521886
0.528859
0.553122
0.613885
0.697831
0.750057
0.787501
0.80797
0.833845
0.848238
0.851052
0.848857
0.849855
0.853583
0.862481
0.866714
0.868003
0.866723
0.865816
0.867045
0.870927
0.873196
0.874645
0.874315
0.872235
0.868685
0.867224
0.867766
0.869456
0.869867
0.869467
0.868709
0.866027
0.859413
0.849948
0.841045
0.832985
0.826882
0.822057
0.817612
0.811834
0.803396
0.791663
0.775597
0.756424
0.733602
0.716071
0.698718
0.683086
0.66858
0.655943
0.641417
0.617337
0.216823
0.229582
0.259007
0.312015
0.374246
0.410869
0.423266
0.433849
0.442844
0.447875
0.451877
0.453686
0.454596
0.45493
0.456114
0.459308
0.467386
0.48385
0.509496
0.537302
0.556728
0.56776
0.570308
0.569111
0.566131
0.560635
0.551611
0.541766
0.534889
0.537091
0.546138
0.576988
0.646008
0.722586
0.781279
0.827808
0.833227
0.830332
0.832392
0.840176
0.855964
0.862557
0.864207
0.862598
0.861219
0.862931
0.868468
0.872567
0.873175
0.873308
0.871537
0.868014
0.865967
0.866518
0.868799
0.870757
0.870549
0.869705
0.866819
0.860344
0.850765
0.840546
0.833688
0.82827
0.822786
0.817623
0.811847
0.8047
0.794796
0.781552
0.764458
0.745385
0.725514
0.707015
0.69211
0.678228
0.66667
0.654819
0.643852
0.62285
0.245906
0.289795
0.345
0.384967
0.415043
0.436644
0.447216
0.451164
0.45182
0.451554
0.452237
0.453603
0.454901
0.455316
0.455277
0.455402
0.455957
0.457592
0.46153
0.470601
0.486335
0.506574
0.526727
0.542375
0.551814
0.556261
0.555756
0.554281
0.551044
0.546131
0.546143
0.549529
0.5625
0.59858
0.667215
0.73557
0.781709
0.804289
0.822016
0.845923
0.85546
0.859224
0.856745
0.853997
0.857879
0.864595
0.871535
0.872803
0.872487
0.87041
0.866046
0.864497
0.865143
0.868003
0.870457
0.87076
0.870227
0.867477
0.860636
0.850032
0.840805
0.833804
0.828518
0.824353
0.819468
0.813428
0.805373
0.794757
0.78089
0.765686
0.749685
0.733667
0.717801
0.702061
0.688975
0.675263
0.667021
0.654083
0.647383
0.630364
0.327571
0.367556
0.403844
0.433153
0.447771
0.450665
0.450085
0.449658
0.45046
0.452356
0.454476
0.455888
0.456167
0.456147
0.455893
0.455373
0.455068
0.455116
0.455467
0.456487
0.458515
0.46212
0.468842
0.480297
0.49602
0.513652
0.528515
0.537749
0.54407
0.544402
0.544774
0.545489
0.548404
0.5561
0.574483
0.61555
0.684136
0.759262
0.808561
0.838519
0.844025
0.842078
0.839728
0.845455
0.855485
0.868511
0.871408
0.871813
0.868199
0.863113
0.860378
0.861849
0.866459
0.870355
0.870688
0.870236
0.867393
0.860114
0.849268
0.837743
0.829434
0.825144
0.82259
0.81981
0.815029
0.806991
0.794642
0.778684
0.760441
0.743835
0.728896
0.716851
0.706989
0.696131
0.685257
0.674409
0.662617
0.654394
0.643264
0.621586
0.404663
0.429318
0.436531
0.439134
0.443511
0.449993
0.454175
0.455129
0.455086
0.454976
0.455526
0.456376
0.456489
0.456465
0.456311
0.455865
0.455248
0.455105
0.455219
0.455456
0.455753
0.456122
0.456766
0.458015
0.460411
0.465115
0.473415
0.484965
0.498617
0.51194
0.521961
0.52954
0.534211
0.538682
0.545543
0.557108
0.581216
0.62831
0.691776
0.753071
0.78861
0.810953
0.827421
0.851176
0.863341
0.867695
0.868075
0.86312
0.855897
0.856681
0.859264
0.864643
0.869303
0.870264
0.869653
0.866046
0.857535
0.845669
0.835732
0.829931
0.824776
0.820296
0.816181
0.81137
0.803679
0.791505
0.774585
0.757258
0.739989
0.725992
0.714339
0.704474
0.697365
0.689766
0.680786
0.670813
0.659123
0.645513
0.633656
0.613765
0.427165
0.438875
0.449913
0.453368
0.453538
0.454477
0.455735
0.456132
0.455991
0.455864
0.456135
0.456496
0.45653
0.456505
0.456367
0.456081
0.455851
0.455775
0.455752
0.45574
0.455731
0.455748
0.455758
0.455795
0.455959
0.456402
0.457312
0.458903
0.461632
0.466408
0.473738
0.483374
0.493814
0.503765
0.512188
0.520387
0.530479
0.546508
0.576853
0.626861
0.693243
0.765266
0.812863
0.842855
0.856202
0.855662
0.848631
0.840037
0.843327
0.850434
0.862465
0.867646
0.868876
0.867769
0.862535
0.850918
0.838638
0.828964
0.821104
0.820098
0.818506
0.815293
0.809406
0.79981
0.785323
0.76753
0.747223
0.729728
0.714832
0.703309
0.697568
0.693349
0.689317
0.683742
0.676005
0.665143
0.652019
0.636246
0.622368
0.602744
0.449423
0.44963
0.450183
0.452223
0.45467
0.456188
0.456787
0.456796
0.456538
0.456317
0.456365
0.456644
0.456741
0.45673
0.456634
0.456438
0.456328
0.456286
0.456264
0.456244
0.456205
0.456107
0.455944
0.455751
0.455739
0.455707
0.455714
0.455772
0.45597
0.45644
0.457336
0.458827
0.461247
0.464875
0.46973
0.475459
0.481886
0.489236
0.499295
0.514391
0.546073
0.597801
0.666252
0.731442
0.770533
0.803677
0.814406
0.829682
0.845912
0.858517
0.862601
0.86549
0.863138
0.85439
0.839746
0.828604
0.823967
0.821385
0.81802
0.814129
0.80937
0.801977
0.789904
0.77354
0.753855
0.737403
0.723752
0.711644
0.701642
0.692132
0.685538
0.680282
0.676055
0.670525
0.662714
0.652394
0.639674
0.625354
0.611508
0.59228
0.452218
0.45461
0.455302
0.455662
0.455903
0.456141
0.45665
0.456891
0.456852
0.456741
0.456604
0.456591
0.45664
0.456651
0.456617
0.456577
0.456572
0.456563
0.456522
0.456461
0.456399
0.456327
0.456234
0.456117
0.455966
0.455826
0.455697
0.455542
0.455436
0.455441
0.455476
0.455586
0.455838
0.456308
0.457048
0.45811
0.45954
0.461481
0.464041
0.467696
0.47368
0.484407
0.509397
0.551937
0.61896
0.69562
0.760111
0.817943
0.837502
0.853129
0.851315
0.846372
0.834065
0.820109
0.809123
0.809278
0.810444
0.813054
0.811815
0.806858
0.79597
0.779211
0.757093
0.736028
0.716967
0.701369
0.694293
0.689233
0.687112
0.683036
0.67721
0.669245
0.660616
0.651782
0.642512
0.632274
0.620927
0.609903
0.600174
0.584898
0.454978
0.455028
0.455712
0.456552
0.45703
0.457139
0.457141
0.457064
0.456921
0.456809
0.456685
0.456598
0.4566
0.456639
0.456665
0.456656
0.456612
0.456571
0.456596
0.456623
0.456616
0.456586
0.456523
0.456422
0.456267
0.456075
0.455862
0.455653
0.455499
0.455355
0.455225
0.455161
0.455158
0.455192
0.455285
0.455432
0.455628
0.455903
0.456311
0.456901
0.457772
0.459208
0.461893
0.467371
0.48032
0.50846
0.562726
0.634038
0.696595
0.756049
0.775564
0.795046
0.798666
0.80242
0.807129
0.807442
0.805932
0.802223
0.793516
0.776535
0.753863
0.732728
0.717873
0.706527
0.698199
0.689295
0.682076
0.674844
0.670048
0.664346
0.656845
0.647134
0.636662
0.627571
0.619691
0.61225
0.603984
0.59593
0.588698
0.575868
0.45724
0.456888
0.456541
0.456545
0.456818
0.457178
0.457253
0.457245
0.457198
0.457095
0.456899
0.456608
0.456451
0.456405
0.456398
0.456407
0.456458
0.456574
0.45659
0.456567
0.456502
0.456408
0.456299
0.456181
0.456038
0.455867
0.455678
0.455496
0.455338
0.455214
0.455106
0.45502
0.454962
0.454949
0.454943
0.454896
0.454866
0.454892
0.454967
0.455054
0.455132
0.455208
0.455343
0.45564
0.456482
0.458688
0.464696
0.478057
0.509668
0.560287
0.627668
0.693569
0.741567
0.777433
0.798161
0.79658
0.788099
0.77064
0.744942
0.716976
0.696367
0.683665
0.677788
0.677093
0.67859
0.676963
0.672537
0.664775
0.654105
0.641728
0.628662
0.61609
0.607038
0.599443
0.594965
0.591356
0.588466
0.584641
0.579494
0.568361
0.457423
0.457308
0.457184
0.457193
0.457276
0.45729
0.45726
0.457166
0.457047
0.456939
0.456797
0.456555
0.456377
0.456284
0.456225
0.456188
0.456186
0.456206
0.456215
0.456216
0.456199
0.456144
0.456052
0.455946
0.455831
0.455695
0.455535
0.455362
0.455201
0.455074
0.454972
0.454886
0.454828
0.454805
0.454778
0.454695
0.454574
0.454534
0.454522
0.454491
0.454385
0.454167
0.453796
0.453319
0.452654
0.451879
0.450849
0.4497
0.449922
0.452673
0.463701
0.488514
0.534112
0.5884
0.638512
0.678385
0.688841
0.694105
0.690932
0.687399
0.682976
0.677707
0.671001
0.663255
0.656454
0.648636
0.639356
0.629199
0.619886
0.610316
0.602189
0.5946
0.587541
0.581188
0.576024
0.572119
0.570374
0.568127
0.564214
0.55503
0.456997
0.457168
0.457381
0.457391
0.457358
0.457199
0.456966
0.456865
0.456853
0.456854
0.456788
0.456639
0.456465
0.456289
0.456114
0.455985
0.455904
0.455873
0.455865
0.455863
0.455852
0.455818
0.455759
0.455672
0.455562
0.455429
0.455268
0.455096
0.454945
0.454826
0.454735
0.45465
0.454583
0.454544
0.454495
0.454413
0.454296
0.454197
0.454077
0.453906
0.453612
0.453154
0.452415
0.451407
0.449857
0.447762
0.444617
0.440487
0.435097
0.429039
0.422524
0.415434
0.416169
0.423877
0.446325
0.487263
0.539122
0.591776
0.626937
0.657436
0.66943
0.667256
0.660183
0.646775
0.628386
0.608647
0.594333
0.58504
0.581518
0.578563
0.579416
0.579606
0.577306
0.572479
0.565877
0.559706
0.553432
0.548035
0.545246
0.538629
0.458008
0.457993
0.457895
0.457733
0.457453
0.457138
0.456922
0.456856
0.456855
0.4569
0.456933
0.456863
0.456628
0.456296
0.456069
0.455958
0.455882
0.455838
0.455824
0.455824
0.455819
0.455778
0.455675
0.455489
0.455303
0.455185
0.455097
0.455005
0.454887
0.454774
0.454686
0.454592
0.454512
0.454437
0.454331
0.454186
0.454001
0.453778
0.453485
0.453086
0.452503
0.451636
0.450316
0.448397
0.445583
0.441744
0.436457
0.429615
0.421346
0.411678
0.40126
0.390754
0.381294
0.373203
0.367067
0.369042
0.38154
0.408567
0.456477
0.510313
0.559963
0.58132
0.5953
0.594784
0.589108
0.584473
0.580722
0.576228
0.569802
0.562823
0.558933
0.555095
0.551499
0.548999
0.546092
0.54187
0.536306
0.529105
0.524766
0.520304
0.459877
0.459549
0.458938
0.458195
0.457587
0.457358
0.457316
0.45731
0.457304
0.457254
0.457158
0.456995
0.456703
0.45637
0.456221
0.456163
0.456136
0.45611
0.45608
0.456069
0.456039
0.455915
0.455684
0.455444
0.455273
0.455162
0.455075
0.454998
0.454923
0.454856
0.454786
0.454689
0.454586
0.454474
0.454305
0.454068
0.453755
0.453335
0.452754
0.451943
0.450763
0.449001
0.446444
0.442776
0.437806
0.431183
0.423366
0.413369
0.403409
0.392372
0.381217
0.370699
0.360284
0.350465
0.341583
0.334672
0.328315
0.32916
0.336854
0.35777
0.399847
0.4532
0.510391
0.548091
0.560171
0.573147
0.573139
0.570344
0.563255
0.553319
0.541379
0.530823
0.527051
0.524432
0.524403
0.524012
0.522479
0.518376
0.513028
0.507447
0.459896
0.459391
0.458894
0.458497
0.458367
0.458339
0.458328
0.458281
0.45818
0.457964
0.457598
0.457251
0.457096
0.457046
0.457015
0.456967
0.45689
0.456791
0.456673
0.456489
0.456246
0.455991
0.455728
0.455536
0.455483
0.455468
0.455457
0.45544
0.455396
0.455322
0.455215
0.455069
0.454885
0.454647
0.454318
0.453912
0.453382
0.452621
0.451522
0.449916
0.447512
0.444117
0.439383
0.432987
0.425059
0.415796
0.405223
0.393619
0.383261
0.37169
0.3605
0.351212
0.341262
0.33233
0.323576
0.316356
0.308413
0.303396
0.298262
0.299309
0.303974
0.323739
0.361395
0.416823
0.468043
0.516292
0.529089
0.530609
0.532845
0.531422
0.525698
0.517491
0.511113
0.50707
0.504556
0.505483
0.505534
0.504973
0.50262
0.497325
0.459455
0.45917
0.459028
0.459032
0.459094
0.459121
0.459029
0.4588
0.458455
0.458036
0.457726
0.45758
0.457503
0.45743
0.457356
0.457276
0.457159
0.456987
0.456783
0.456649
0.456574
0.456486
0.45635
0.456252
0.456215
0.456181
0.456123
0.45603
0.455928
0.455825
0.455689
0.455493
0.455201
0.454816
0.454313
0.453645
0.452633
0.451077
0.44883
0.445621
0.440971
0.435136
0.427166
0.417649
0.407336
0.396164
0.383488
0.372889
0.362114
0.350418
0.340954
0.332492
0.323134
0.314986
0.307709
0.301304
0.29386
0.288447
0.283072
0.278972
0.27525
0.276574
0.281781
0.299941
0.339674
0.397258
0.445906
0.484533
0.509886
0.518269
0.518266
0.51554
0.509571
0.502521
0.496415
0.491136
0.488157
0.488569
0.488631
0.486969
0.459244
0.459202
0.459244
0.459232
0.459142
0.458968
0.458776
0.458543
0.458261
0.458073
0.457996
0.457966
0.457926
0.457854
0.457764
0.457684
0.457569
0.457363
0.457181
0.457143
0.457159
0.457151
0.457096
0.456982
0.456864
0.456775
0.456712
0.456681
0.456666
0.45662
0.456478
0.456168
0.455842
0.455363
0.454618
0.453233
0.450989
0.447728
0.443262
0.437132
0.429426
0.420484
0.408993
0.397694
0.386323
0.373631
0.361495
0.35215
0.340922
0.330598
0.32285
0.314545
0.306089
0.299494
0.293374
0.286948
0.281132
0.276456
0.271721
0.267015
0.263239
0.260227
0.2581
0.259424
0.266449
0.283824
0.325045
0.388319
0.43904
0.465549
0.490352
0.495956
0.494179
0.491118
0.489476
0.48614
0.482584
0.478518
0.478388
0.478536
0.459276
0.45922
0.459093
0.458975
0.45885
0.45868
0.458472
0.458275
0.458104
0.457923
0.457811
0.457774
0.457749
0.457696
0.457614
0.457556
0.457489
0.457366
0.457249
0.457234
0.457245
0.457231
0.45721
0.457261
0.457332
0.457339
0.45733
0.457318
0.457286
0.457181
0.45692
0.456467
0.455586
0.454202
0.452073
0.448945
0.444582
0.439006
0.431412
0.422065
0.411712
0.399633
0.386431
0.375362
0.363083
0.350565
0.340713
0.33175
0.320868
0.312752
0.305897
0.298028
0.291153
0.28565
0.280103
0.274537
0.270131
0.265682
0.261816
0.257465
0.254399
0.250903
0.248231
0.245098
0.245241
0.247273
0.255891
0.276816
0.320894
0.382972
0.44481
0.465204
0.471823
0.477391
0.479512
0.478727
0.477472
0.476089
0.47491
0.473145
0.459099
0.459006
0.458881
0.45872
0.45855
0.458393
0.458242
0.458097
0.458018
0.457997
0.457929
0.457822
0.457758
0.457678
0.45759
0.45755
0.457513
0.457459
0.457432
0.457401
0.457392
0.45741
0.457425
0.457394
0.457308
0.457205
0.457095
0.456953
0.456722
0.456328
0.455646
0.454553
0.452719
0.449997
0.446017
0.440412
0.432923
0.424038
0.412407
0.400388
0.388194
0.374433
0.362159
0.351626
0.339354
0.32909
0.321038
0.311946
0.30304
0.296469
0.290615
0.283239
0.27787
0.273086
0.268707
0.263742
0.260159
0.25624
0.25321
0.249328
0.246705
0.2436
0.241022
0.238877
0.236585
0.235229
0.23591
0.238992
0.250244
0.278141
0.328918
0.389655
0.448009
0.468333
0.469885
0.467489
0.466246
0.466094
0.465324
0.465297
0.458891
0.458774
0.458643
0.458524
0.458442
0.458376
0.458277
0.458124
0.45794
0.457814
0.457774
0.457757
0.457737
0.4577
0.457637
0.457604
0.457596
0.457613
0.457661
0.457657
0.457621
0.457563
0.457482
0.457382
0.457247
0.457086
0.456867
0.456507
0.455873
0.454784
0.452991
0.450356
0.446257
0.440857
0.433557
0.42378
0.412715
0.400541
0.38629
0.373721
0.361562
0.347972
0.337871
0.32807
0.317612
0.309342
0.302524
0.294057
0.28738
0.282082
0.276951
0.270237
0.266356
0.262495
0.258574
0.254325
0.251522
0.248581
0.245258
0.242374
0.240204
0.237788
0.235548
0.233629
0.231382
0.230393
0.228991
0.22888
0.230084
0.234559
0.250156
0.288279
0.346503
0.402153
0.443985
0.466922
0.469828
0.468719
0.464307
0.46079
0.458795
0.4587
0.458602
0.458528
0.458475
0.4584
0.458244
0.458071
0.457909
0.457786
0.45776
0.457756
0.457745
0.457737
0.457756
0.457747
0.457729
0.457739
0.457746
0.457728
0.457669
0.457573
0.457454
0.4573
0.457082
0.456735
0.456098
0.455006
0.453249
0.450479
0.446596
0.44119
0.433318
0.424233
0.412703
0.398709
0.386202
0.372001
0.357893
0.346775
0.335168
0.323201
0.315521
0.306611
0.298026
0.291732
0.285955
0.278587
0.273636
0.269672
0.264631
0.259641
0.256766
0.253381
0.249433
0.246624
0.244325
0.241604
0.238584
0.236892
0.234897
0.232753
0.231189
0.229611
0.228404
0.227135
0.225931
0.225005
0.225039
0.225575
0.228062
0.235145
0.256965
0.305843
0.364994
0.414266
0.449708
0.463847
0.465499
0.464652
0.458789
0.458726
0.458668
0.458619
0.458547
0.45842
0.458255
0.458123
0.457981
0.457825
0.457789
0.457788
0.4578
0.45785
0.457859
0.457834
0.457827
0.457818
0.45781
0.457777
0.457693
0.457554
0.45736
0.457053
0.456508
0.455521
0.453791
0.451196
0.447214
0.441317
0.43407
0.423667
0.41103
0.398644
0.383288
0.368482
0.356582
0.342197
0.330852
0.321635
0.310604
0.301672
0.2956
0.287666
0.281234
0.276635
0.271151
0.265422
0.262272
0.258887
0.253961
0.250904
0.248399
0.245173
0.242093
0.24015
0.237981
0.235417
0.233743
0.232381
0.230445
0.228955
0.227959
0.226836
0.225935
0.224823
0.224086
0.223626
0.223205
0.222653
0.222776
0.22383
0.227807
0.238106
0.269466
0.329835
0.393593
0.425998
0.445586
0.458907
0.458826
0.458799
0.458791
0.458774
0.458703
0.458561
0.458428
0.458365
0.458328
0.458264
0.458129
0.458072
0.458079
0.458091
0.458065
0.457988
0.457939
0.457885
0.457832
0.457774
0.457663
0.457422
0.456931
0.455985
0.45438
0.451719
0.447602
0.441912
0.43341
0.423052
0.410963
0.394756
0.380829
0.366892
0.350251
0.338284
0.327636
0.315312
0.307049
0.298756
0.289123
0.283539
0.278562
0.271838
0.267219
0.263543
0.258696
0.25522
0.25282
0.249108
0.245339
0.243646
0.241353
0.238518
0.23653
0.234746
0.232709
0.231181
0.230104
0.228745
0.227382
0.226681
0.22585
0.225027
0.224368
0.223777
0.223185
0.222773
0.222177
0.221766
0.221504
0.221601
0.222107
0.223867
0.229964
0.247061
0.290383
0.35946
0.410197
0.441359
0.458984
0.458958
0.45894
0.458915
0.458888
0.458871
0.458847
0.458779
0.458682
0.458609
0.458485
0.458368
0.458349
0.458322
0.458258
0.45813
0.457998
0.457925
0.457797
0.457521
0.45699
0.456067
0.454398
0.451671
0.4477
0.441274
0.432664
0.421981
0.40748
0.3927
0.376366
0.360544
0.348073
0.332304
0.318996
0.311497
0.302252
0.292332
0.286037
0.278886
0.272564
0.268966
0.264354
0.258778
0.255635
0.252638
0.249037
0.246819
0.244453
0.240899
0.238919
0.237534
0.235271
0.233388
0.232027
0.2304
0.229057
0.228262
0.227375
0.226332
0.22563
0.225159
0.224479
0.22397
0.223552
0.223129
0.222686
0.222301
0.221875
0.221619
0.221379
0.221082
0.220989
0.221164
0.222004
0.225106
0.234822
0.263306
0.321452
0.400002
0.459303
0.45929
0.459247
0.459201
0.45916
0.459129
0.459109
0.459064
0.458968
0.458887
0.458825
0.458727
0.458663
0.458622
0.458551
0.458387
0.45813
0.457724
0.457091
0.456058
0.454349
0.451471
0.447002
0.440645
0.43087
0.418133
0.404798
0.38728
0.368733
0.354808
0.340544
0.326934
0.314121
0.301534
0.295336
0.289508
0.279859
0.272854
0.268924
0.263907
0.260015
0.257089
0.25253
0.248478
0.246445
0.243949
0.241498
0.239838
0.237411
0.234925
0.233884
0.232546
0.230931
0.229902
0.228784
0.227592
0.226728
0.226066
0.225353
0.224697
0.224226
0.223786
0.223333
0.223059
0.222786
0.222438
0.222215
0.221989
0.221787
0.221558
0.221281
0.220906
0.22077
0.220647
0.220738
0.221146
0.222642
0.228302
0.245325
0.316026
0.459361
0.459403
0.459424
0.459468
0.459545
0.459587
0.459598
0.459598
0.459558
0.459474
0.459405
0.459325
0.459218
0.459065
0.458863
0.458566
0.45799
0.456954
0.455154
0.451986
0.446971
0.43964
0.428869
0.414422
0.398741
0.382277
0.36246
0.342918
0.332592
0.321264
0.305589
0.294203
0.28714
0.281795
0.276896
0.269733
0.261686
0.258902
0.256538
0.252769
0.250037
0.247334
0.243105
0.240772
0.239236
0.236903
0.235236
0.233875
0.231809
0.230698
0.22997
0.228719
0.227905
0.227303
0.226483
0.225828
0.225254
0.224717
0.224187
0.223717
0.223338
0.222938
0.222588
0.2224
0.222194
0.221951
0.221808
0.221665
0.221495
0.221277
0.221038
0.220821
0.220652
0.220478
0.220278
0.220153
0.220291
0.221098
0.223987
0.24962
0.459446
0.459586
0.459715
0.459813
0.459884
0.459915
0.459933
0.459942
0.459935
0.459895
0.459811
0.459676
0.459494
0.459243
0.458762
0.457789
0.455957
0.452641
0.44715
0.439208
0.427564
0.411274
0.393879
0.376221
0.356808
0.335844
0.321861
0.313523
0.303424
0.286752
0.276484
0.274707
0.271687
0.266303
0.259955
0.253944
0.251418
0.250157
0.247684
0.244098
0.241904
0.239454
0.236773
0.23548
0.233862
0.231694
0.230579
0.229312
0.228041
0.227593
0.226947
0.225932
0.225517
0.225103
0.224623
0.224324
0.223966
0.223596
0.22324
0.222925
0.222662
0.222331
0.222026
0.221884
0.221743
0.221587
0.221448
0.221307
0.221119
0.220946
0.220778
0.220605
0.220342
0.220107
0.219819
0.219614
0.219407
0.219454
0.219871
0.225726
0.459515
0.45967
0.459826
0.459951
0.460018
0.46004
0.460048
0.460048
0.460032
0.459976
0.459864
0.459685
0.459319
0.458543
0.456993
0.45397
0.448568
0.440339
0.427879
0.410308
0.39095
0.372012
0.352219
0.330491
0.314917
0.30669
0.298479
0.286128
0.27156
0.266032
0.26553
0.264082
0.25872
0.250773
0.247097
0.245985
0.245323
0.243497
0.239481
0.236601
0.235497
0.233946
0.232463
0.231315
0.229512
0.227979
0.227184
0.226185
0.225666
0.225335
0.224705
0.224113
0.223879
0.223574
0.223317
0.223079
0.222734
0.22246
0.222247
0.22206
0.221887
0.221638
0.22139
0.221252
0.221139
0.221002
0.220868
0.220722
0.220554
0.220362
0.220175
0.219953
0.219702
0.219386
0.219094
0.218829
0.218632
0.218431
0.218462
0.219765
0.459453
0.459631
0.459814
0.459944
0.460011
0.460042
0.460046
0.46004
0.46001
0.459919
0.459682
0.459108
0.457855
0.455259
0.45023
0.442092
0.429499
0.411038
0.39019
0.370324
0.349482
0.327092
0.310206
0.301547
0.294009
0.283808
0.269631
0.261314
0.260127
0.259801
0.257759
0.252
0.244595
0.241174
0.240997
0.24096
0.239663
0.236096
0.231923
0.231096
0.230681
0.22956
0.228486
0.227386
0.225909
0.225206
0.224692
0.224152
0.223907
0.223609
0.223047
0.22272
0.222558
0.222363
0.222184
0.221925
0.221556
0.221314
0.22116
0.221055
0.220958
0.220778
0.220506
0.220263
0.220096
0.219959
0.219803
0.219613
0.219403
0.219198
0.219012
0.218829
0.218613
0.218348
0.218048
0.217782
0.217596
0.217425
0.217237
0.217436
0.458636
0.458787
0.458963
0.459131
0.459248
0.45933
0.459345
0.459343
0.459286
0.459014
0.458216
0.456307
0.452194
0.444939
0.433097
0.414798
0.39296
0.371652
0.349451
0.326031
0.307986
0.298344
0.289991
0.280655
0.268103
0.258441
0.25544
0.255059
0.254298
0.251303
0.245233
0.239207
0.237183
0.236974
0.236621
0.235354
0.232418
0.228833
0.227499
0.227269
0.226664
0.225679
0.225082
0.224288
0.223335
0.223018
0.222725
0.222387
0.222117
0.221776
0.221291
0.221011
0.22083
0.220649
0.220484
0.220262
0.219997
0.21978
0.219582
0.219438
0.21936
0.219266
0.219092
0.218813
0.218467
0.218179
0.218018
0.217904
0.217767
0.217574
0.217351
0.217116
0.216899
0.216701
0.216465
0.216201
0.216002
0.215819
0.215617
0.215341
0.457732
0.457983
0.458158
0.458289
0.458298
0.458297
0.458291
0.458219
0.457869
0.456784
0.454009
0.448378
0.438341
0.421382
0.399331
0.376421
0.352171
0.327135
0.307745
0.29687
0.287449
0.277114
0.265978
0.257383
0.251872
0.250189
0.249794
0.248331
0.244563
0.239047
0.235012
0.233757
0.233281
0.232547
0.230947
0.228266
0.225614
0.224585
0.224531
0.224277
0.223491
0.222808
0.22236
0.221724
0.221049
0.220695
0.220338
0.21992
0.219593
0.219219
0.218859
0.218682
0.218488
0.218259
0.218089
0.217969
0.217873
0.217746
0.217514
0.217183
0.216896
0.216742
0.216622
0.216451
0.216155
0.215742
0.215383
0.21518
0.215053
0.214944
0.214792
0.214584
0.214304
0.214063
0.213843
0.213617
0.213335
0.213115
0.212896
0.212514
0.456885
0.457036
0.457032
0.456964
0.45685
0.456855
0.456842
0.456555
0.455302
0.45182
0.444454
0.430271
0.40909
0.385016
0.35826
0.330491
0.310065
0.296385
0.284505
0.273964
0.263262
0.254947
0.249946
0.246449
0.244661
0.243578
0.241706
0.238276
0.233438
0.230116
0.229426
0.229121
0.228315
0.226763
0.224527
0.222141
0.221265
0.221224
0.221212
0.220854
0.22008
0.219408
0.218871
0.218218
0.217709
0.217352
0.216871
0.216316
0.215994
0.215723
0.215677
0.215675
0.215565
0.215256
0.214801
0.214499
0.214435
0.214417
0.214329
0.214047
0.213561
0.213081
0.212792
0.212645
0.212494
0.212227
0.211815
0.211407
0.211136
0.210996
0.210914
0.210813
0.210624
0.210354
0.210081
0.209813
0.209512
0.209148
0.208785
0.208248
0.45496
0.454961
0.454848
0.454665
0.45466
0.45473
0.454421
0.452842
0.448445
0.438287
0.420345
0.396636
0.367806
0.337973
0.314527
0.297343
0.283378
0.270414
0.260105
0.252331
0.246542
0.243445
0.241412
0.239349
0.237407
0.235446
0.232671
0.22861
0.224882
0.223574
0.22327
0.222834
0.221918
0.220347
0.218385
0.217231
0.216998
0.216968
0.216772
0.21615
0.215176
0.214317
0.213724
0.213304
0.213154
0.212976
0.212552
0.211893
0.211299
0.210992
0.210968
0.211016
0.210994
0.210768
0.210276
0.209732
0.209387
0.20929
0.209297
0.209263
0.209045
0.208519
0.207812
0.207267
0.206991
0.206824
0.206609
0.206267
0.205856
0.20555
0.205359
0.205245
0.2051
0.204858
0.204515
0.204149
0.203774
0.203391
0.203008
0.202364
0.453154
0.453052
0.452667
0.452429
0.452513
0.452214
0.450418
0.444831
0.43194
0.410853
0.382379
0.349285
0.321703
0.300762
0.282752
0.267959
0.257504
0.249177
0.2435
0.239359
0.236424
0.234478
0.233045
0.231624
0.229384
0.226379
0.222759
0.218646
0.216793
0.216686
0.216623
0.21609
0.214924
0.213225
0.211766
0.21131
0.211258
0.21118
0.210779
0.209975
0.208917
0.208069
0.207503
0.20721
0.207158
0.207086
0.20678
0.206105
0.205267
0.2046
0.204265
0.204204
0.204247
0.204261
0.204145
0.203805
0.203288
0.2028
0.202488
0.202328
0.202169
0.201863
0.201286
0.200531
0.1999
0.199526
0.199286
0.199064
0.198786
0.198465
0.198174
0.197927
0.197686
0.197403
0.19703
0.196578
0.1961
0.19563
0.195224
0.194557
0.450732
0.450278
0.449428
0.449411
0.449153
0.447129
0.440323
0.42547
0.40022
0.36644
0.334111
0.30628
0.284453
0.267822
0.255388
0.246431
0.240483
0.236392
0.232986
0.229202
0.227068
0.225943
0.224083
0.221023
0.217635
0.214958
0.211925
0.209469
0.209086
0.209104
0.208859
0.208101
0.20669
0.204787
0.20372
0.2035
0.203516
0.203407
0.203012
0.202281
0.201356
0.200554
0.199845
0.199274
0.19892
0.198677
0.198365
0.197949
0.197516
0.197035
0.196488
0.195997
0.195741
0.195678
0.195648
0.195546
0.19524
0.194673
0.194053
0.193598
0.193244
0.192884
0.192427
0.191838
0.191214
0.190704
0.190308
0.189968
0.189639
0.189336
0.189052
0.188763
0.188424
0.188019
0.187553
0.187054
0.186534
0.185997
0.185532
0.184816
0.448091
0.446761
0.445988
0.445786
0.443823
0.436286
0.418924
0.389884
0.352722
0.318522
0.290616
0.268111
0.253941
0.243395
0.235934
0.231932
0.228192
0.2243
0.222041
0.220021
0.21709
0.21409
0.211244
0.208174
0.205733
0.20366
0.201355
0.200469
0.200408
0.20016
0.199417
0.19804
0.196154
0.19477
0.194437
0.194439
0.194402
0.194134
0.193595
0.192801
0.192007
0.19134
0.19066
0.189959
0.189299
0.188719
0.188222
0.18792
0.187768
0.187593
0.187226
0.186569
0.185907
0.185578
0.185447
0.185336
0.18513
0.184715
0.184121
0.183553
0.183064
0.182578
0.182033
0.181419
0.180807
0.180311
0.179921
0.179561
0.179183
0.178794
0.17843
0.178074
0.17768
0.177208
0.176665
0.176103
0.175578
0.175077
0.174627
0.173883
0.443951
0.441694
0.4409
0.438727
0.430703
0.411055
0.379108
0.341328
0.303461
0.27663
0.256202
0.240825
0.232959
0.227235
0.221525
0.217016
0.215037
0.213218
0.210144
0.206318
0.202974
0.200788
0.198312
0.195268
0.193419
0.192118
0.190696
0.189909
0.1894
0.18872
0.187667
0.186181
0.184738
0.184194
0.184094
0.184013
0.183765
0.183263
0.182491
0.181652
0.181096
0.180657
0.18018
0.179574
0.178737
0.177713
0.176935
0.17668
0.176645
0.176609
0.176434
0.175945
0.17524
0.174765
0.174527
0.174337
0.174076
0.173633
0.172987
0.172328
0.171793
0.171316
0.170805
0.170219
0.169615
0.169107
0.168702
0.168328
0.167939
0.167525
0.167102
0.166663
0.166193
0.165673
0.165116
0.164559
0.164028
0.16352
0.163091
0.16237
0.437922
0.435697
0.432928
0.424744
0.404749
0.369948
0.330139
0.292708
0.262444
0.243136
0.228936
0.221281
0.215659
0.209782
0.206471
0.204218
0.201323
0.19809
0.195074
0.192233
0.189493
0.187073
0.184552
0.182496
0.18127
0.180002
0.178762
0.178106
0.17753
0.176682
0.175396
0.173932
0.173215
0.17314
0.173131
0.172949
0.172501
0.171782
0.170817
0.170057
0.169654
0.169361
0.169059
0.168597
0.167724
0.166413
0.165559
0.165396
0.165416
0.165428
0.165327
0.16495
0.164288
0.163692
0.163328
0.163059
0.162754
0.162304
0.16167
0.160985
0.16041
0.159925
0.159456
0.158948
0.158415
0.157922
0.15749
0.157081
0.156661
0.156215
0.155755
0.155274
0.154765
0.154215
0.153661
0.153135
0.152651
0.152184
0.151758
0.151017
0.429252
0.425433
0.417621
0.398021
0.363732
0.31983
0.282685
0.250974
0.229908
0.218071
0.207735
0.20163
0.198506
0.195137
0.19154
0.188606
0.186261
0.183931
0.181044
0.17779
0.175477
0.173794
0.171629
0.169881
0.168933
0.16803
0.167138
0.166381
0.1656
0.164578
0.163231
0.162304
0.162129
0.162151
0.162123
0.1619
0.161412
0.160571
0.159481
0.158727
0.158356
0.158156
0.157985
0.157669
0.156895
0.155569
0.154693
0.154524
0.154541
0.154558
0.154482
0.154178
0.153608
0.152989
0.15252
0.152154
0.151785
0.151313
0.150702
0.150049
0.14949
0.149018
0.148569
0.148101
0.147624
0.147169
0.146742
0.146314
0.145866
0.145389
0.144896
0.144383
0.143855
0.143309
0.142777
0.142278
0.14181
0.141353
0.140939
0.140188
0.417021
0.409447
0.391518
0.359342
0.31587
0.273095
0.242701
0.218917
0.20638
0.197906
0.190581
0.186983
0.183826
0.180186
0.177474
0.17539
0.172988
0.1703
0.167559
0.165076
0.163275
0.161587
0.159643
0.15856
0.157846
0.156985
0.156096
0.155339
0.154526
0.153422
0.152225
0.151818
0.151833
0.151907
0.151857
0.151606
0.151059
0.150136
0.149065
0.148312
0.147925
0.147759
0.14763
0.147367
0.146692
0.145562
0.144748
0.1445
0.144467
0.144453
0.144362
0.144074
0.143565
0.142965
0.142425
0.141968
0.141532
0.141032
0.140441
0.139835
0.139317
0.138879
0.138471
0.138049
0.137607
0.137157
0.136708
0.136252
0.135778
0.135278
0.134765
0.134234
0.133697
0.133158
0.132649
0.132172
0.131719
0.131267
0.130841
0.130063
0.399374
0.385154
0.355796
0.316
0.270216
0.235
0.212041
0.195254
0.188184
0.182543
0.176946
0.173587
0.170797
0.167684
0.164961
0.162779
0.160717
0.158548
0.156095
0.153802
0.152303
0.150889
0.149273
0.148359
0.147719
0.146977
0.146178
0.145425
0.14458
0.143489
0.142668
0.142466
0.14249
0.142513
0.142402
0.142113
0.14154
0.140637
0.139672
0.138921
0.138471
0.138271
0.138129
0.137865
0.13726
0.136377
0.135705
0.135371
0.135242
0.135166
0.135032
0.134732
0.134252
0.133671
0.133094
0.132574
0.132092
0.131581
0.131024
0.130469
0.129982
0.129557
0.12916
0.128757
0.128334
0.127884
0.127412
0.126925
0.126424
0.125908
0.125387
0.124854
0.124326
0.123805
0.123319
0.122859
0.122414
0.121965
0.121541
0.120764
0.376529
0.353915
0.317168
0.274854
0.231811
0.206312
0.18922
0.178199
0.173997
0.169586
0.165305
0.162497
0.159625
0.156394
0.153904
0.152094
0.150275
0.148236
0.146032
0.14419
0.142871
0.141475
0.140098
0.139404
0.138826
0.138096
0.13732
0.136612
0.13579
0.134777
0.134207
0.134095
0.134101
0.134029
0.133825
0.133467
0.132861
0.132027
0.131196
0.130481
0.129962
0.12968
0.12949
0.129198
0.128635
0.127948
0.127435
0.12707
0.12683
0.126665
0.126468
0.126147
0.125687
0.125126
0.124527
0.123957
0.123431
0.122909
0.122379
0.121866
0.121401
0.120981
0.120587
0.12019
0.119769
0.119312
0.118823
0.118319
0.117809
0.117294
0.116782
0.116266
0.115759
0.115268
0.11481
0.114373
0.113946
0.113511
0.113099
0.112347
0.350098
0.320659
0.280511
0.238582
0.202237
0.185233
0.172505
0.165094
0.162157
0.158673
0.155136
0.1525
0.149727
0.146652
0.144262
0.142573
0.141001
0.139252
0.137296
0.135678
0.134481
0.133192
0.13203
0.1314
0.130827
0.130112
0.129373
0.1287
0.127909
0.127037
0.126634
0.126538
0.126447
0.126252
0.125939
0.125489
0.124861
0.124131
0.123434
0.122787
0.122226
0.121845
0.121578
0.121238
0.120713
0.120183
0.119786
0.119423
0.119096
0.118829
0.118556
0.118206
0.117756
0.117211
0.1166
0.115994
0.115437
0.114914
0.11441
0.113929
0.11348
0.113063
0.112669
0.112279
0.111866
0.111413
0.110925
0.110423
0.109924
0.109432
0.10895
0.108469
0.108
0.107548
0.107125
0.10672
0.10632
0.105912
0.105528
0.104833
0.322736
0.289262
0.247751
0.207904
0.180727
0.169505
0.159775
0.15448
0.152099
0.149122
0.146101
0.143656
0.140924
0.137938
0.135745
0.134251
0.132835
0.131228
0.129491
0.128117
0.127001
0.12575
0.124732
0.124159
0.123578
0.122843
0.122126
0.121493
0.120747
0.120011
0.119697
0.119548
0.119344
0.119034
0.118611
0.118064
0.117429
0.116811
0.116243
0.115676
0.115104
0.114629
0.114264
0.113865
0.113378
0.112979
0.112661
0.112295
0.11189
0.111526
0.111182
0.110808
0.110369
0.109841
0.109228
0.108604
0.108035
0.107523
0.10705
0.106603
0.106176
0.105772
0.10539
0.105017
0.104623
0.10419
0.103722
0.103245
0.102778
0.102328
0.101891
0.101458
0.101037
0.100633
0.100252
0.0998856
0.0995212
0.0991509
0.0988061
0.0981843
0.296682
0.260475
0.219117
0.183356
0.16511
0.157369
0.149578
0.145373
0.143279
0.1407
0.138019
0.135662
0.133005
0.130172
0.128154
0.126775
0.125466
0.123987
0.122429
0.121206
0.120143
0.118945
0.118024
0.117458
0.116852
0.116098
0.115399
0.114788
0.114086
0.113471
0.11319
0.112969
0.11266
0.112241
0.111712
0.111085
0.110464
0.109955
0.109506
0.109021
0.108455
0.107891
0.107416
0.106955
0.106514
0.106215
0.10595
0.105579
0.105112
0.10467
0.104275
0.10389
0.103469
0.102967
0.102373
0.101758
0.101201
0.100717
0.100285
0.0998793
0.0994851
0.0991058
0.0987491
0.0984041
0.0980434
0.0976462
0.0972152
0.0967784
0.0963581
0.0959596
0.0955775
0.0952002
0.0948328
0.094479
0.0941433
0.0938184
0.0934949
0.0931675
0.0928665
0.0923247
0.273228
0.233989
0.194556
0.164751
0.153285
0.147576
0.14099
0.137332
0.135416
0.133111
0.130682
0.128434
0.125863
0.12315
0.121279
0.119989
0.118732
0.117317
0.1159
0.114795
0.113758
0.112581
0.111718
0.11115
0.110514
0.109734
0.109045
0.10845
0.107793
0.107264
0.10698
0.106698
0.106307
0.105793
0.105168
0.104485
0.103902
0.103489
0.103146
0.102735
0.102175
0.101533
0.100952
0.100447
0.100061
0.099832
0.0996033
0.0992402
0.0987406
0.0982518
0.0978331
0.0974543
0.0970627
0.0966015
0.0960484
0.0954658
0.0949409
0.0944982
0.0941156
0.0937595
0.0934073
0.0930636
0.0927419
0.0924351
0.0921167
0.0917644
0.09138
0.0909924
0.0906248
0.090282
0.089956
0.089634
0.0893191
0.0890143
0.0887231
0.0884401
0.0881579
0.087874
0.0876165
0.0871526
0.251834
0.209724
0.174227
0.150894
0.143787
0.139237
0.133477
0.130141
0.128336
0.126207
0.123928
0.121765
0.119309
0.116721
0.114936
0.113677
0.112437
0.111061
0.109749
0.108714
0.107681
0.106523
0.105696
0.105115
0.104447
0.103649
0.10297
0.102385
0.101772
0.101302
0.101007
0.100684
0.100232
0.0996376
0.098927
0.0982142
0.0976865
0.0973588
0.0971033
0.0967609
0.09621
0.0955195
0.0948576
0.0943371
0.0940116
0.0938315
0.0936378
0.0932982
0.0927981
0.0922933
0.0918758
0.0915209
0.0911711
0.090764
0.090267
0.0897322
0.0892525
0.0888604
0.0885323
0.088229
0.0879235
0.087621
0.0873397
0.0870753
0.0868024
0.086498
0.0861629
0.085826
0.0855111
0.0852219
0.0849486
0.0846777
0.0844112
0.0841514
0.0839016
0.0836576
0.0834144
0.0831716
0.0829545
0.0825618
0.231755
0.188238
0.157967
0.140303
0.135707
0.131843
0.126715
0.123637
0.121902
0.119847
0.117628
0.115513
0.113152
0.11068
0.108945
0.107688
0.106434
0.105073
0.103841
0.102856
0.101816
0.100673
0.099875
0.0992866
0.0985941
0.0977889
0.0971235
0.0965547
0.0959859
0.0955539
0.0952494
0.0949033
0.0944082
0.0937475
0.092979
0.0922661
0.0918072
0.0915526
0.091368
0.0910948
0.0905736
0.089865
0.0891602
0.088647
0.0883847
0.0882458
0.0880901
0.0877882
0.0873118
0.0868148
0.0864187
0.0861008
0.0858011
0.0854549
0.0850209
0.0845408
0.0841118
0.0837732
0.0834994
0.0832477
0.082989
0.0827285
0.0824881
0.0822659
0.0820373
0.0817791
0.0814913
0.0812022
0.080936
0.0806948
0.0804683
0.0802426
0.0800188
0.0797985
0.0795854
0.0793764
0.0791682
0.0789623
0.078781
0.0784505
0.212716
0.169719
0.145098
0.131775
0.128545
0.125125
0.120495
0.117633
0.115927
0.113874
0.111644
0.109533
0.107231
0.104858
0.103153
0.10188
0.100604
0.0992576
0.0980927
0.0971438
0.0961022
0.0949877
0.0942206
0.0936348
0.0929327
0.0921359
0.0914919
0.0909446
0.0904173
0.0900144
0.0897084
0.0893548
0.0888388
0.0881394
0.0873521
0.0866708
0.0862828
0.0860961
0.0859716
0.0857683
0.0853023
0.0845963
0.0838813
0.0833941
0.0831943
0.0830954
0.0829801
0.0827246
0.0822852
0.0818128
0.0814503
0.0811767
0.0809299
0.0806449
0.0802735
0.0798484
0.0794699
0.0791826
0.0789591
0.0787549
0.0785396
0.0783185
0.0781165
0.0779332
0.077745
0.0775288
0.0772836
0.0770372
0.0768134
0.0766136
0.0764271
0.0762397
0.076052
0.0758655
0.0756838
0.0755048
0.0753271
0.0751533
0.0750026
0.074725
0.194501
0.154065
0.134856
0.124575
0.122053
0.11891
0.114644
0.111955
0.110221
0.108111
0.105818
0.103685
0.101412
0.099121
0.0974501
0.0961688
0.0948836
0.0935633
0.0924651
0.0915572
0.0905308
0.0894598
0.0887346
0.0881656
0.0874705
0.086698
0.0860836
0.0855641
0.0850775
0.0847032
0.0844083
0.0840658
0.0835575
0.0828547
0.0820805
0.0814579
0.0811347
0.0810147
0.0809455
0.0808095
0.0804156
0.0797255
0.0790196
0.0785757
0.07843
0.0783729
0.0782976
0.078091
0.0776938
0.0772553
0.0769316
0.0767044
0.0765085
0.0762799
0.0759665
0.0755926
0.0752605
0.0750191
0.0748394
0.0746764
0.0744996
0.0743138
0.0741458
0.0739966
0.0738436
0.0736639
0.0734557
0.0732459
0.0730577
0.0728923
0.0727384
0.0725823
0.0724244
0.0722657
0.07211
0.0719564
0.0718046
0.071658
0.071533
0.0712993
0.17707
0.141148
0.126484
0.118233
0.116036
0.113036
0.108998
0.106416
0.104601
0.102395
0.10001
0.0978493
0.0956043
0.0934008
0.0917885
0.090526
0.0892595
0.0879891
0.0869658
0.0861091
0.0851189
0.0841104
0.0834398
0.0828983
0.0822268
0.0814941
0.0809197
0.0804375
0.0799945
0.0796548
0.0793851
0.0790707
0.0785955
0.0779201
0.0771796
0.0766304
0.0763676
0.0763089
0.0762923
0.0762175
0.0758994
0.0752363
0.0745502
0.0741591
0.0740541
0.0740395
0.0740008
0.0738404
0.0734871
0.0730859
0.0728014
0.0726184
0.0724677
0.072288
0.0720257
0.0716977
0.0714067
0.071204
0.0710603
0.0709318
0.0707879
0.0706327
0.0704939
0.0703735
0.0702501
0.0701012
0.0699243
0.0697449
0.0695858
0.0694481
0.0693205
0.06919
0.0690566
0.0689208
0.0687867
0.0686545
0.0685247
0.0684014
0.0682977
0.0681004
0.160744
0.130745
0.119387
0.112429
0.110295
0.107322
0.103404
0.100835
0.0989004
0.096579
0.0941233
0.091971
0.0897869
0.0877021
0.0861856
0.0849776
0.0837634
0.082568
0.0816303
0.080834
0.0798992
0.0789698
0.0783632
0.0778571
0.0772219
0.0765435
0.0760211
0.075585
0.0751884
0.07489
0.0746566
0.074383
0.0739574
0.0733306
0.0726378
0.0721624
0.0719604
0.0719492
0.0719841
0.0719592
0.0717089
0.0710867
0.0704272
0.0700876
0.0700125
0.0700356
0.0700269
0.0699078
0.0695987
0.0692347
0.0689876
0.068843
0.0687304
0.0685918
0.0683735
0.068086
0.0678308
0.0676601
0.0675458
0.0674455
0.0673295
0.0672006
0.0670864
0.0669902
0.0668914
0.0667684
0.0666179
0.0664638
0.0663284
0.0662132
0.0661073
0.0659983
0.0658855
0.0657691
0.0656535
0.0655397
0.0654291
0.0653257
0.0652401
0.0650739
0.145809
0.122196
0.113056
0.106901
0.104612
0.101572
0.0976776
0.0950667
0.0930192
0.0906168
0.0881617
0.0860904
0.0840242
0.0820978
0.0807075
0.0795824
0.0784484
0.0773485
0.0765023
0.0757704
0.074905
0.0740661
0.0735271
0.0730611
0.0724717
0.0718581
0.0713946
0.0710075
0.0706583
0.0704058
0.0702155
0.0699888
0.0696215
0.0690557
0.0684201
0.0680131
0.0678671
0.0678912
0.0679715
0.0679842
0.067791
0.067222
0.0665894
0.0662987
0.0662496
0.0662997
0.0663142
0.0662314
0.065966
0.0656379
0.0654252
0.0653126
0.065231
0.0651272
0.0649467
0.0646948
0.0644708
0.0643272
0.0642371
0.0641605
0.0640684
0.063962
0.0638688
0.0637929
0.0637149
0.0636139
0.0634859
0.0633534
0.0632381
0.0631417
0.0630545
0.0629638
0.0628687
0.0627689
0.0626694
0.0625719
0.062478
0.0623919
0.0623217
0.0621823
0.132706
0.114899
0.107118
0.101382
0.0987983
0.0956155
0.091673
0.0890428
0.0869565
0.0845759
0.0822423
0.0803362
0.0784404
0.0766997
0.075448
0.0744185
0.0733798
0.0723867
0.0716312
0.0709641
0.0701777
0.0694335
0.0689609
0.0685369
0.0680009
0.0674572
0.0670524
0.0667132
0.066411
0.0662056
0.0660596
0.0658798
0.0655736
0.0650757
0.0645012
0.0641568
0.0640562
0.0641077
0.0642223
0.064262
0.0641186
0.0636059
0.0630006
0.0627587
0.0627335
0.0628003
0.0628354
0.0627819
0.0625581
0.0622642
0.0620837
0.0619974
0.0619414
0.0618661
0.0617177
0.0614972
0.0613006
0.0611805
0.0611109
0.061054
0.0609821
0.060895
0.0608197
0.0607609
0.0607005
0.0606183
0.06051
0.0603962
0.0602987
0.0602186
0.0601473
0.0600722
0.0599923
0.0599068
0.0598216
0.0597383
0.0596595
0.0595883
0.0595313
0.0594153
0.121212
0.108228
0.101202
0.0955777
0.0927177
0.0893798
0.0854354
0.0829255
0.0809574
0.0787464
0.0766192
0.0749069
0.0731976
0.0716467
0.0705296
0.0695938
0.0686545
0.0677713
0.067101
0.0664973
0.0657975
0.0651495
0.0647396
0.0643582
0.0638812
0.0634093
0.06306
0.0627661
0.0625112
0.0623511
0.0622454
0.0621076
0.0618592
0.0614295
0.0609173
0.0606289
0.0605666
0.0606372
0.060771
0.0608302
0.0607243
0.0602624
0.0596986
0.0594988
0.059495
0.0595716
0.0596274
0.0595934
0.0594061
0.0591454
0.0589949
0.0589306
0.0588952
0.0588417
0.0587195
0.0585265
0.0583544
0.0582552
0.0582029
0.0581621
0.0581072
0.0580365
0.0579767
0.0579321
0.0578861
0.0578196
0.0577282
0.0576311
0.0575493
0.0574834
0.0574255
0.0573635
0.0572965
0.0572234
0.0571509
0.0570805
0.0570151
0.0569571
0.0569113
0.0568157
0.111868
0.101996
0.0950952
0.0894716
0.0864969
0.083135
0.0793917
0.0771357
0.0753651
0.0734209
0.0715714
0.0700627
0.0685391
0.0671707
0.066182
0.0653401
0.0645052
0.0637329
0.0631435
0.0626047
0.0619985
0.0614445
0.0610913
0.0607511
0.0603365
0.0599347
0.059636
0.0593858
0.0591782
0.0590599
0.0589872
0.0588828
0.0586831
0.0583139
0.0578631
0.0576207
0.0575938
0.0576783
0.0578153
0.0578861
0.0577985
0.057381
0.0568722
0.0567057
0.0567224
0.0568062
0.0568758
0.0568555
0.0566966
0.0564676
0.0563429
0.0562977
0.0562778
0.0562398
0.0561371
0.0559674
0.055817
0.0557363
0.0556986
0.0556708
0.0556296
0.0555729
0.0555261
0.0554931
0.0554583
0.0554039
0.0553263
0.0552433
0.0551749
0.0551208
0.055074
0.0550225
0.0549661
0.0549038
0.0548427
0.0547841
0.0547308
0.0546841
0.0546477
0.0545692
0.103685
0.0958746
0.0889015
0.0836363
0.080816
0.0776077
0.0742505
0.0723542
0.0708644
0.0692213
0.0675892
0.0662445
0.06489
0.0636893
0.062824
0.0620778
0.0613471
0.0606784
0.0601638
0.0596893
0.0591704
0.0586944
0.058387
0.0580828
0.0577247
0.0573813
0.0571246
0.0569135
0.0567491
0.0566664
0.0566193
0.0565394
0.0563743
0.0560454
0.0556441
0.055437
0.0554415
0.0555385
0.0556772
0.0557529
0.0556695
0.0552816
0.0548174
0.0546784
0.0547155
0.0548087
0.0548867
0.0548753
0.0547339
0.0545298
0.0544246
0.0543953
0.0543878
0.0543608
0.0542709
0.0541173
0.053984
0.0539177
0.0538925
0.053875
0.0538441
0.053798
0.0537614
0.0537372
0.0537104
0.0536643
0.0535963
0.0535235
0.053465
0.0534199
0.0533813
0.0533378
0.0532896
0.0532362
0.0531846
0.0531357
0.0530922
0.0530545
0.0530253
0.0529598
0.0976043
0.0904184
0.083928
0.0793718
0.0768162
0.0738075
0.0707879
0.0691365
0.0678383
0.0664679
0.0650736
0.0638984
0.0626892
0.0616188
0.0608479
0.0601787
0.0595284
0.0589347
0.0584756
0.058051
0.0575923
0.0571637
0.0568853
0.056607
0.0562883
0.0559819
0.0557529
0.0555698
0.0554357
0.0553774
0.0553483
0.0552858
0.0551412
0.0548324
0.0544573
0.0542715
0.0542987
0.0544055
0.0545495
0.0546302
0.0545473
0.0541745
0.0537311
0.0536057
0.0536604
0.0537631
0.0538483
0.0538424
0.0537095
0.0535188
0.0534252
0.0534065
0.0534079
0.0533886
0.0533057
0.0531608
0.0530374
0.0529797
0.0529629
0.0529526
0.0529282
0.0528885
0.0528581
0.0528393
0.0528175
0.052776
0.052713
0.0526459
0.0525928
0.0525532
0.0525198
0.0524813
0.0524385
0.0523907
0.0523454
0.0523026
0.0522651
0.0522331
0.0522084
0.0521507
0.0913884
0.0865126
0.0814169
0.0773913
0.0750224
0.0721374
0.0692721
0.0678036
0.0666623
0.0654314
0.0641152
0.0630201
0.0618803
0.0608694
0.0601413
0.059509
0.0588956
0.0583346
0.0579014
0.0575004
0.0570658
0.0566542
0.0563881
0.056122
0.0558198
0.0555276
0.0553102
0.0551394
0.0550183
0.0549716
0.0549516
0.0548981
0.0547627
0.0544591
0.0540885
0.0539105
0.0539476
0.05406
0.0542103
0.054297
0.0542161
0.0538459
0.0534037
0.0532818
0.053345
0.0534535
0.0535438
0.0535418
0.0534111
0.0532235
0.0531336
0.0531196
0.0531254
0.0531102
0.0530302
0.0528879
0.0527673
0.0527128
0.0526996
0.0526926
0.052671
0.0526337
0.0526055
0.0525889
0.0525692
0.0525294
0.0524681
0.0524027
0.0523515
0.0523139
0.0522825
0.0522462
0.0522056
0.0521602
0.0521172
0.0520768
0.0520416
0.0520117
0.0519888
0.0519341
)
;

boundaryField
{
    inlet
    {
        type            calculated;
        value           uniform 0.2054;
    }
    outlet
    {
        type            calculated;
        value           nonuniform List<scalar> 
82
(
0.236272
0.240499
0.249393
0.261572
0.275143
0.289018
0.302836
0.316554
0.330268
0.344129
0.358323
0.373074
0.388637
0.405316
0.423433
0.443393
0.465429
0.489886
0.516017
0.54365
0.569077
0.591214
0.607435
0.617337
0.62285
0.630364
0.621586
0.613765
0.602744
0.59228
0.584898
0.575868
0.568361
0.55503
0.538629
0.520304
0.507447
0.497325
0.486969
0.478536
0.473145
0.465297
0.46079
0.464652
0.458907
0.441359
0.400002
0.316026
0.24962
0.225726
0.219765
0.217436
0.215341
0.212514
0.208248
0.202364
0.194557
0.184816
0.173883
0.16237
0.151017
0.140188
0.130063
0.120764
0.112347
0.104833
0.0981843
0.0923247
0.0871526
0.0825618
0.0784505
0.074725
0.0712993
0.0681004
0.0650739
0.0621823
0.0594153
0.0568157
0.0545692
0.0529598
0.0521507
0.0519341
)
;
    }
    bottom
    {
        type            calculated;
        value           nonuniform List<scalar> 
196
(
0.0523564
0.0540734
0.0537281
0.0530404
0.0522707
0.0514652
0.0508185
0.0503487
0.0501314
0.0498306
0.0496595
0.049643
0.0496031
0.0495845
0.0496067
0.0496154
0.049596
0.0495892
0.0496049
0.0496226
0.0496282
0.0496276
0.0496236
0.0496101
0.0495914
0.049571
0.0495592
0.0495522
0.0495413
0.0495247
0.0495031
0.0494807
0.0494642
0.0494525
0.0494457
0.0494417
0.0494362
0.0494275
0.0494193
0.0494119
0.049403
0.0493943
0.0493777
0.0493648
0.0493604
0.0493473
0.0493313
0.0493235
0.0493194
0.0493301
0.0493487
0.0493755
0.0494229
0.0493757
0.0492065
0.0490607
0.0489492
0.0488668
0.0487987
0.0487428
0.0486948
0.0486564
0.0486245
0.0485997
0.0485781
0.0485613
0.0485464
0.0485347
0.0485225
0.0485132
0.0485039
0.0484968
0.0484884
0.0484831
0.0484775
0.0484741
0.0484682
0.0484639
0.0484571
0.048452
0.048445
0.048441
0.0484355
0.0484328
0.0484274
0.048424
0.0484174
0.0484129
0.0484059
0.0484022
0.0483969
0.0483956
0.0483923
0.0483915
0.0483874
0.048385
0.0483791
0.0483757
0.0483692
0.0483665
0.0483618
0.0483606
0.0483573
0.0483566
0.0483528
0.0483506
0.0483455
0.0483424
0.0483373
0.048334
0.0483307
0.0483274
0.0483252
0.0483228
0.0483229
0.0483273
0.0483799
0.0487371
0.0508284
0.0590675
0.0735481
0.0841271
0.091224
0.0959518
0.103327
0.104027
0.10969
0.120531
0.132973
0.14993
0.168522
0.189357
0.209011
0.229016
0.247983
0.265739
0.279553
0.298461
0.307069
0.32589
0.336765
0.341541
0.345489
0.353218
0.361045
0.361479
0.363163
0.366644
0.370429
0.371612
0.370557
0.370931
0.372924
0.375715
0.376937
0.375866
0.375248
0.375791
0.377501
0.379083
0.379057
0.378063
0.377445
0.377468
0.378061
0.378297
0.377764
0.37727
0.377277
0.377889
0.378815
0.379049
0.37846
0.37728
0.37552
0.374095
0.373907
0.374266
0.374529
0.374181
0.372667
0.369228
0.363422
0.355499
0.346898
0.338837
0.332194
0.326169
0.319925
0.312924
0.304276
0.29379
0.281293
0.267848
0.254795
0.236178
)
;
    }
    top
    {
        type            calculated;
        value           nonuniform List<scalar> 
190
(
0.145771
0.151593
0.151224
0.151441
0.153175
0.152845
0.150312
0.147721
0.145606
0.144248
0.143963
0.144442
0.144862
0.144815
0.144568
0.144571
0.144802
0.144847
0.144673
0.144384
0.144403
0.144836
0.145386
0.145769
0.145894
0.145745
0.14539
0.144996
0.144717
0.144633
0.144716
0.144878
0.145026
0.145087
0.145032
0.144932
0.144889
0.144962
0.145122
0.145296
0.145426
0.145502
0.145544
0.145576
0.145604
0.145603
0.145533
0.145369
0.145121
0.144842
0.144606
0.144458
0.144399
0.144407
0.144448
0.1445
0.14455
0.144588
0.144615
0.144647
0.144703
0.144785
0.144888
0.144999
0.145107
0.145194
0.145247
0.145247
0.145203
0.145128
0.145038
0.144952
0.144886
0.144851
0.144853
0.144882
0.14494
0.14501
0.145103
0.145181
0.145205
0.14526
0.145297
0.145302
0.145347
0.145383
0.14543
0.145475
0.14552
0.145543
0.145553
0.14553
0.145506
0.145441
0.14539
0.145334
0.145285
0.145247
0.145239
0.145221
0.145261
0.145283
0.145369
0.145477
0.145623
0.145768
0.146013
0.146186
0.146435
0.145882
0.0890152
0.0858835
0.0813829
0.0778449
0.0759777
0.0735539
0.0710756
0.0701005
0.0693529
0.0680738
0.0665669
0.0653537
0.0641056
0.0630086
0.0622711
0.0616745
0.0610972
0.0605538
0.0601568
0.0597963
0.0593632
0.0589311
0.0586941
0.0584754
0.0581989
0.0579106
0.0577095
0.0575727
0.0574991
0.0575245
0.0575921
0.0576154
0.0575196
0.0571763
0.0567068
0.0564886
0.056575
0.0567731
0.0570338
0.057219
0.0571732
0.056718
0.0561197
0.0559621
0.0560753
0.0562599
0.0564277
0.0564681
0.0563279
0.0560981
0.0559973
0.0560073
0.0560505
0.0560636
0.0559866
0.0558185
0.0556704
0.0556126
0.0556139
0.0556241
0.0556108
0.0555729
0.0555457
0.0555361
0.0555236
0.0554845
0.0554161
0.0553408
0.055285
0.0552492
0.0552235
0.0551912
0.0551528
0.0551069
0.055063
0.0550213
0.0549853
0.0549562
0.0549386
0.0548806
)
;
    }
    upstream
    {
        type            symmetryPlane;
    }
    defaultFaces
    {
        type            empty;
    }
}


// ************************************************************************* //
